launch_index,start,end,duration_ns,duration_ms,kernel_name,gridX,blockX,registersPerThread,localMemoryPerThread,localMemoryTotal,sharedMemoryExecuted
1,891349936,891932461,582525,0.582525,"funcionTransicion(Celula*, int, curandStateXORWOW*)",1024,1024,55,0,88670208,8192
2,892756809,893343718,586909,0.586909,"funcionTransicion(Celula*, int, curandStateXORWOW*)",1024,1024,55,0,88670208,8192
3,894163650,894764351,600701,0.600701,"funcionTransicion(Celula*, int, curandStateXORWOW*)",1024,1024,55,0,88670208,8192
4,895582139,896168951,586812,0.586812,"funcionTransicion(Celula*, int, curandStateXORWOW*)",1024,1024,55,0,88670208,8192
5,896989043,897589232,600189,0.600189,"funcionTransicion(Celula*, int, curandStateXORWOW*)",1024,1024,55,0,88670208,8192
6,898405772,898992617,586845,0.586845,"funcionTransicion(Celula*, int, curandStateXORWOW*)",1024,1024,55,0,88670208,8192
7,899809029,900398594,589565,0.589565,"funcionTransicion(Celula*, int, curandStateXORWOW*)",1024,1024,55,0,88670208,8192
8,901211966,901797050,585084,0.585084,"funcionTransicion(Celula*, int, curandStateXORWOW*)",1024,1024,55,0,88670208,8192
9,902619958,903240499,620541,0.620541,"funcionTransicion(Celula*, int, curandStateXORWOW*)",1024,1024,55,0,88670208,8192
10,904062511,904714379,651868,0.651868,"funcionTransicion(Celula*, int, curandStateXORWOW*)",1024,1024,55,0,88670208,8192
11,905530119,906282244,752125,0.752125,"funcionTransicion(Celula*, int, curandStateXORWOW*)",1024,1024,55,0,88670208,8192
12,907102175,907800092,697917,0.697917,"funcionTransicion(Celula*, int, curandStateXORWOW*)",1024,1024,55,0,88670208,8192
13,908623351,909235188,611837,0.611837,"funcionTransicion(Celula*, int, curandStateXORWOW*)",1024,1024,55,0,88670208,8192
14,910054960,910678125,623165,0.623165,"funcionTransicion(Celula*, int, curandStateXORWOW*)",1024,1024,55,0,88670208,8192
15,911501577,912100070,598493,0.598493,"funcionTransicion(Celula*, int, curandStateXORWOW*)",1024,1024,55,0,88670208,8192
16,912914817,913543102,628285,0.628285,"funcionTransicion(Celula*, int, curandStateXORWOW*)",1024,1024,55,0,88670208,8192
17,914361818,914964343,602525,0.602525,"funcionTransicion(Celula*, int, curandStateXORWOW*)",1024,1024,55,0,88670208,8192
18,915784563,916380272,595709,0.595709,"funcionTransicion(Celula*, int, curandStateXORWOW*)",1024,1024,55,0,88670208,8192
19,917195467,917794473,599006,0.599006,"funcionTransicion(Celula*, int, curandStateXORWOW*)",1024,1024,55,0,88670208,8192
20,918611972,919262881,650909,0.650909,"funcionTransicion(Celula*, int, curandStateXORWOW*)",1024,1024,55,0,88670208,8192
21,920087709,920674266,586557,0.586557,"funcionTransicion(Celula*, int, curandStateXORWOW*)",1024,1024,55,0,88670208,8192
22,921487477,922292401,804924,0.804924,"funcionTransicion(Celula*, int, curandStateXORWOW*)",1024,1024,55,0,88670208,8192
23,923112269,923954088,841819,0.841819,"funcionTransicion(Celula*, int, curandStateXORWOW*)",1024,1024,55,0,88670208,8192
24,924780388,925431041,650653,0.650653,"funcionTransicion(Celula*, int, curandStateXORWOW*)",1024,1024,55,0,88670208,8192
25,1000249793,1000857598,607805,0.607805,"funcionTransicion(Celula*, int, curandStateXORWOW*)",1024,1024,55,0,88670208,8192
26,1001683673,1002392534,708861,0.708861,"funcionTransicion(Celula*, int, curandStateXORWOW*)",1024,1024,55,0,88670208,8192
27,1003207634,1003944686,737052,0.737052,"funcionTransicion(Celula*, int, curandStateXORWOW*)",1024,1024,55,0,88670208,8192
28,1004761802,1005382406,620604,0.620604,"funcionTransicion(Celula*, int, curandStateXORWOW*)",1024,1024,55,0,88670208,8192
29,1006196803,1006888543,691740,0.69174,"funcionTransicion(Celula*, int, curandStateXORWOW*)",1024,1024,55,0,88670208,8192
30,1007708922,1008487510,778588,0.778588,"funcionTransicion(Celula*, int, curandStateXORWOW*)",1024,1024,55,0,88670208,8192
31,1009307922,1010025999,718077,0.718077,"funcionTransicion(Celula*, int, curandStateXORWOW*)",1024,1024,55,0,88670208,8192
32,1010846506,1011626823,780317,0.780317,"funcionTransicion(Celula*, int, curandStateXORWOW*)",1024,1024,55,0,88670208,8192
33,1012442978,1013235550,792572,0.792572,"funcionTransicion(Celula*, int, curandStateXORWOW*)",1024,1024,55,0,88670208,8192
34,1014054170,1014761270,707100,0.7071,"funcionTransicion(Celula*, int, curandStateXORWOW*)",1024,1024,55,0,88670208,8192
35,1015580242,1016257519,677277,0.677277,"funcionTransicion(Celula*, int, curandStateXORWOW*)",1024,1024,55,0,88670208,8192
36,1017073834,1017754983,681149,0.681149,"funcionTransicion(Celula*, int, curandStateXORWOW*)",1024,1024,55,0,88670208,8192
37,1018571619,1019229184,657565,0.657565,"funcionTransicion(Celula*, int, curandStateXORWOW*)",1024,1024,55,0,88670208,8192
38,1020046811,1020665176,618365,0.618365,"funcionTransicion(Celula*, int, curandStateXORWOW*)",1024,1024,55,0,88670208,8192
39,1021491316,1022122833,631517,0.631517,"funcionTransicion(Celula*, int, curandStateXORWOW*)",1024,1024,55,0,88670208,8192
40,1022932588,1023531561,598973,0.598973,"funcionTransicion(Celula*, int, curandStateXORWOW*)",1024,1024,55,0,88670208,8192
41,1024342821,1024928002,585181,0.585181,"funcionTransicion(Celula*, int, curandStateXORWOW*)",1024,1024,55,0,88670208,8192
42,1025734078,1026533690,799612,0.799612,"funcionTransicion(Celula*, int, curandStateXORWOW*)",1024,1024,55,0,88670208,8192
43,1027346678,1028027346,680668,0.680668,"funcionTransicion(Celula*, int, curandStateXORWOW*)",1024,1024,55,0,88670208,8192
44,1028838766,1029487467,648701,0.648701,"funcionTransicion(Celula*, int, curandStateXORWOW*)",1024,1024,55,0,88670208,8192
45,1030298758,1030919427,620669,0.620669,"funcionTransicion(Celula*, int, curandStateXORWOW*)",1024,1024,55,0,88670208,8192
46,1031729439,1032388636,659197,0.659197,"funcionTransicion(Celula*, int, curandStateXORWOW*)",1024,1024,55,0,88670208,8192
47,1033203351,1033889844,686493,0.686493,"funcionTransicion(Celula*, int, curandStateXORWOW*)",1024,1024,55,0,88670208,8192
48,1034707856,1035393580,685724,0.685724,"funcionTransicion(Celula*, int, curandStateXORWOW*)",1024,1024,55,0,88670208,8192
49,1036236232,1036955557,719325,0.719325,"funcionTransicion(Celula*, int, curandStateXORWOW*)",1024,1024,55,0,88670208,8192
50,1037769440,1038381373,611933,0.611933,"funcionTransicion(Celula*, int, curandStateXORWOW*)",1024,1024,55,0,88670208,8192
51,1039191897,1039828566,636669,0.636669,"funcionTransicion(Celula*, int, curandStateXORWOW*)",1024,1024,55,0,88670208,8192
52,1040637425,1041646764,1009339,1.009339,"funcionTransicion(Celula*, int, curandStateXORWOW*)",1024,1024,55,0,88670208,8192
53,1042457320,1043112037,654717,0.654717,"funcionTransicion(Celula*, int, curandStateXORWOW*)",1024,1024,55,0,88670208,8192
54,1043921761,1044591421,669660,0.66966,"funcionTransicion(Celula*, int, curandStateXORWOW*)",1024,1024,55,0,88670208,8192
55,1045405433,1046069110,663677,0.663677,"funcionTransicion(Celula*, int, curandStateXORWOW*)",1024,1024,55,0,88670208,8192
56,1046876337,1047479406,603069,0.603069,"funcionTransicion(Celula*, int, curandStateXORWOW*)",1024,1024,55,0,88670208,8192
57,1048283402,1048874119,590717,0.590717,"funcionTransicion(Celula*, int, curandStateXORWOW*)",1024,1024,55,0,88670208,8192
58,1049682563,1050292352,609789,0.609789,"funcionTransicion(Celula*, int, curandStateXORWOW*)",1024,1024,55,0,88670208,8192
59,1051111835,1051751992,640157,0.640157,"funcionTransicion(Celula*, int, curandStateXORWOW*)",1024,1024,55,0,88670208,8192
60,1052558356,1053281073,722717,0.722717,"funcionTransicion(Celula*, int, curandStateXORWOW*)",1024,1024,55,0,88670208,8192
61,1054093484,1054825288,731804,0.731804,"funcionTransicion(Celula*, int, curandStateXORWOW*)",1024,1024,55,0,88670208,8192
62,1055635972,1056343713,707741,0.707741,"funcionTransicion(Celula*, int, curandStateXORWOW*)",1024,1024,55,0,88670208,8192
63,1057157117,1057741401,584284,0.584284,"funcionTransicion(Celula*, int, curandStateXORWOW*)",1024,1024,55,0,88670208,8192
64,1058553174,1059154291,601117,0.601117,"funcionTransicion(Celula*, int, curandStateXORWOW*)",1024,1024,55,0,88670208,8192
65,1059966222,1060555339,589117,0.589117,"funcionTransicion(Celula*, int, curandStateXORWOW*)",1024,1024,55,0,88670208,8192
66,1061363623,1061965188,601565,0.601565,"funcionTransicion(Celula*, int, curandStateXORWOW*)",1024,1024,55,0,88670208,8192
67,1062770144,1063353437,583293,0.583293,"funcionTransicion(Celula*, int, curandStateXORWOW*)",1024,1024,55,0,88670208,8192
68,1064168729,1064765685,596956,0.596956,"funcionTransicion(Celula*, int, curandStateXORWOW*)",1024,1024,55,0,88670208,8192
69,1065570289,1066167758,597469,0.597469,"funcionTransicion(Celula*, int, curandStateXORWOW*)",1024,1024,55,0,88670208,8192
70,1066981930,1067575623,593693,0.593693,"funcionTransicion(Celula*, int, curandStateXORWOW*)",1024,1024,55,0,88670208,8192
71,1068382531,1069080671,698140,0.69814,"funcionTransicion(Celula*, int, curandStateXORWOW*)",1024,1024,55,0,88670208,8192
72,1069889659,1070651863,762204,0.762204,"funcionTransicion(Celula*, int, curandStateXORWOW*)",1024,1024,55,0,88670208,8192
73,1071478835,1072189135,710300,0.7103,"funcionTransicion(Celula*, int, curandStateXORWOW*)",1024,1024,55,0,88670208,8192
74,1073005931,1073616456,610525,0.610525,"funcionTransicion(Celula*, int, curandStateXORWOW*)",1024,1024,55,0,88670208,8192
75,1074428292,1075047649,619357,0.619357,"funcionTransicion(Celula*, int, curandStateXORWOW*)",1024,1024,55,0,88670208,8192
76,1075854556,1076498553,643997,0.643997,"funcionTransicion(Celula*, int, curandStateXORWOW*)",1024,1024,55,0,88670208,8192
77,1077309749,1078096177,786428,0.786428,"funcionTransicion(Celula*, int, curandStateXORWOW*)",1024,1024,55,0,88670208,8192
78,1078911437,1079614377,702940,0.70294,"funcionTransicion(Celula*, int, curandStateXORWOW*)",1024,1024,55,0,88670208,8192
79,1080428485,1081178785,750300,0.7503,"funcionTransicion(Celula*, int, curandStateXORWOW*)",1024,1024,55,0,88670208,8192
80,1081997117,1082615738,618621,0.618621,"funcionTransicion(Celula*, int, curandStateXORWOW*)",1024,1024,55,0,88670208,8192
81,1083428950,1084037330,608380,0.60838,"funcionTransicion(Celula*, int, curandStateXORWOW*)",1024,1024,55,0,88670208,8192
82,1084840974,1085539691,698717,0.698717,"funcionTransicion(Celula*, int, curandStateXORWOW*)",1024,1024,55,0,88670208,8192
83,1086349575,1087104355,754780,0.75478,"funcionTransicion(Celula*, int, curandStateXORWOW*)",1024,1024,55,0,88670208,8192
84,1087916831,1088546267,629436,0.629436,"funcionTransicion(Celula*, int, curandStateXORWOW*)",1024,1024,55,0,88670208,8192
85,1089361303,1090008020,646717,0.646717,"funcionTransicion(Celula*, int, curandStateXORWOW*)",1024,1024,55,0,88670208,8192
86,1090823280,1091495980,672700,0.6727,"funcionTransicion(Celula*, int, curandStateXORWOW*)",1024,1024,55,0,88670208,8192
87,1092305416,1093085252,779836,0.779836,"funcionTransicion(Celula*, int, curandStateXORWOW*)",1024,1024,55,0,88670208,8192
88,1093909728,1094621084,711356,0.711356,"funcionTransicion(Celula*, int, curandStateXORWOW*)",1024,1024,55,0,88670208,8192
89,1095438712,1096197684,758972,0.758972,"funcionTransicion(Celula*, int, curandStateXORWOW*)",1024,1024,55,0,88670208,8192
90,1097010480,1097709676,699196,0.699196,"funcionTransicion(Celula*, int, curandStateXORWOW*)",1024,1024,55,0,88670208,8192
91,1098524296,1099255365,731069,0.731069,"funcionTransicion(Celula*, int, curandStateXORWOW*)",1024,1024,55,0,88670208,8192
92,1100070720,1101109179,1038459,1.038459,"funcionTransicion(Celula*, int, curandStateXORWOW*)",1024,1024,55,0,88670208,8192
93,1101917111,1102777202,860091,0.860091,"funcionTransicion(Celula*, int, curandStateXORWOW*)",1024,1024,55,0,88670208,8192
94,1103587534,1104331882,744348,0.744348,"funcionTransicion(Celula*, int, curandStateXORWOW*)",1024,1024,55,0,88670208,8192
95,1105141958,1105878274,736316,0.736316,"funcionTransicion(Celula*, int, curandStateXORWOW*)",1024,1024,55,0,88670208,8192
96,1106690622,1107342331,651709,0.651709,"funcionTransicion(Celula*, int, curandStateXORWOW*)",1024,1024,55,0,88670208,8192
97,1108166135,1108917203,751068,0.751068,"funcionTransicion(Celula*, int, curandStateXORWOW*)",1024,1024,55,0,88670208,8192
98,1109732367,1110536107,803740,0.80374,"funcionTransicion(Celula*, int, curandStateXORWOW*)",1024,1024,55,0,88670208,8192
99,1111347878,1112494401,1146523,1.146523,"funcionTransicion(Celula*, int, curandStateXORWOW*)",1024,1024,55,0,88670208,8192
100,1113310012,1113992953,682941,0.682941,"funcionTransicion(Celula*, int, curandStateXORWOW*)",1024,1024,55,0,88670208,8192
101,1114803797,1115603408,799611,0.799611,"funcionTransicion(Celula*, int, curandStateXORWOW*)",1024,1024,55,0,88670208,8192
102,1116417932,1117421127,1003195,1.003195,"funcionTransicion(Celula*, int, curandStateXORWOW*)",1024,1024,55,0,88670208,8192
103,1118238147,1118924287,686140,0.68614,"funcionTransicion(Celula*, int, curandStateXORWOW*)",1024,1024,55,0,88670208,8192
104,1119737147,1120424600,687453,0.687453,"funcionTransicion(Celula*, int, curandStateXORWOW*)",1024,1024,55,0,88670208,8192
105,1121233428,1121913040,679612,0.679612,"funcionTransicion(Celula*, int, curandStateXORWOW*)",1024,1024,55,0,88670208,8192
106,1122726604,1123748423,1021819,1.021819,"funcionTransicion(Celula*, int, curandStateXORWOW*)",1024,1024,55,0,88670208,8192
107,1124556866,1125319934,763068,0.763068,"funcionTransicion(Celula*, int, curandStateXORWOW*)",1024,1024,55,0,88670208,8192
108,1126125658,1126928790,803132,0.803132,"funcionTransicion(Celula*, int, curandStateXORWOW*)",1024,1024,55,0,88670208,8192
109,1127745842,1128457454,711612,0.711612,"funcionTransicion(Celula*, int, curandStateXORWOW*)",1024,1024,55,0,88670208,8192
110,1129270762,1129939655,668893,0.668893,"funcionTransicion(Celula*, int, curandStateXORWOW*)",1024,1024,55,0,88670208,8192
111,1130747939,1131835293,1087354,1.087354,"funcionTransicion(Celula*, int, curandStateXORWOW*)",1024,1024,55,0,88670208,8192
112,1132648889,1133402165,753276,0.753276,"funcionTransicion(Celula*, int, curandStateXORWOW*)",1024,1024,55,0,88670208,8192
113,1134222545,1135159116,936571,0.936571,"funcionTransicion(Celula*, int, curandStateXORWOW*)",1024,1024,55,0,88670208,8192
114,1135973512,1136727364,753852,0.753852,"funcionTransicion(Celula*, int, curandStateXORWOW*)",1024,1024,55,0,88670208,8192
115,1137536736,1138585979,1049243,1.049243,"funcionTransicion(Celula*, int, curandStateXORWOW*)",1024,1024,55,0,88670208,8192
116,1139401078,1140204562,803484,0.803484,"funcionTransicion(Celula*, int, curandStateXORWOW*)",1024,1024,55,0,88670208,8192
117,1141018254,1141857674,839420,0.83942,"funcionTransicion(Celula*, int, curandStateXORWOW*)",1024,1024,55,0,88670208,8192
118,1142678725,1143643488,964763,0.964763,"funcionTransicion(Celula*, int, curandStateXORWOW*)",1024,1024,55,0,88670208,8192
119,1144444188,1145485975,1041787,1.041787,"funcionTransicion(Celula*, int, curandStateXORWOW*)",1024,1024,55,0,88670208,8192
120,1146299507,1147106831,807324,0.807324,"funcionTransicion(Celula*, int, curandStateXORWOW*)",1024,1024,55,0,88670208,8192
121,1222961513,1223778917,817404,0.817404,"funcionTransicion(Celula*, int, curandStateXORWOW*)",1024,1024,55,0,88670208,8192
122,1224590369,1225390428,800059,0.800059,"funcionTransicion(Celula*, int, curandStateXORWOW*)",1024,1024,55,0,88670208,8192
123,1226200888,1226919253,718365,0.718365,"funcionTransicion(Celula*, int, curandStateXORWOW*)",1024,1024,55,0,88670208,8192
124,1227738000,1228679532,941532,0.941532,"funcionTransicion(Celula*, int, curandStateXORWOW*)",1024,1024,55,0,88670208,8192
125,1229488040,1230437283,949243,0.949243,"funcionTransicion(Celula*, int, curandStateXORWOW*)",1024,1024,55,0,88670208,8192
126,1231243679,1232277593,1033914,1.033914,"funcionTransicion(Celula*, int, curandStateXORWOW*)",1024,1024,55,0,88670208,8192
127,1233086261,1233815953,729692,0.729692,"funcionTransicion(Celula*, int, curandStateXORWOW*)",1024,1024,55,0,88670208,8192
128,1234624013,1235516809,892796,0.892796,"funcionTransicion(Celula*, int, curandStateXORWOW*)",1024,1024,55,0,88670208,8192
129,1236324613,1237040545,715932,0.715932,"funcionTransicion(Celula*, int, curandStateXORWOW*)",1024,1024,55,0,88670208,8192
130,1237853372,1238770264,916892,0.916892,"funcionTransicion(Celula*, int, curandStateXORWOW*)",1024,1024,55,0,88670208,8192
131,1239579060,1240376143,797083,0.797083,"funcionTransicion(Celula*, int, curandStateXORWOW*)",1024,1024,55,0,88670208,8192
132,1241188140,1242144839,956699,0.956699,"funcionTransicion(Celula*, int, curandStateXORWOW*)",1024,1024,55,0,88670208,8192
133,1242955330,1243730367,775037,0.775037,"funcionTransicion(Celula*, int, curandStateXORWOW*)",1024,1024,55,0,88670208,8192
134,1244544218,1245298902,754684,0.754684,"funcionTransicion(Celula*, int, curandStateXORWOW*)",1024,1024,55,0,88670208,8192
135,1246104754,1247051885,947131,0.947131,"funcionTransicion(Celula*, int, curandStateXORWOW*)",1024,1024,55,0,88670208,8192
136,1247873481,1248566790,693309,0.693309,"funcionTransicion(Celula*, int, curandStateXORWOW*)",1024,1024,55,0,88670208,8192
137,1249373954,1250262525,888571,0.888571,"funcionTransicion(Celula*, int, curandStateXORWOW*)",1024,1024,55,0,88670208,8192
138,1251069913,1251994580,924667,0.924667,"funcionTransicion(Celula*, int, curandStateXORWOW*)",1024,1024,55,0,88670208,8192
139,1252801808,1253660715,858907,0.858907,"funcionTransicion(Celula*, int, curandStateXORWOW*)",1024,1024,55,0,88670208,8192
140,1254471943,1255188452,716509,0.716509,"funcionTransicion(Celula*, int, curandStateXORWOW*)",1024,1024,55,0,88670208,8192
141,1255996511,1256943386,946875,0.946875,"funcionTransicion(Celula*, int, curandStateXORWOW*)",1024,1024,55,0,88670208,8192
142,1257753174,1258484531,731357,0.731357,"funcionTransicion(Celula*, int, curandStateXORWOW*)",1024,1024,55,0,88670208,8192
143,1259296751,1260272937,976186,0.976186,"funcionTransicion(Celula*, int, curandStateXORWOW*)",1024,1024,55,0,88670208,8192
144,1261084549,1261951521,866972,0.866972,"funcionTransicion(Celula*, int, curandStateXORWOW*)",1024,1024,55,0,88670208,8192
145,1262792477,1263735800,943323,0.943323,"funcionTransicion(Celula*, int, curandStateXORWOW*)",1024,1024,55,0,88670208,8192
146,1264543316,1265487151,943835,0.943835,"funcionTransicion(Celula*, int, curandStateXORWOW*)",1024,1024,55,0,88670208,8192
147,1266297034,1267229670,932636,0.932636,"funcionTransicion(Celula*, int, curandStateXORWOW*)",1024,1024,55,0,88670208,8192
148,1268042849,1268842301,799452,0.799452,"funcionTransicion(Celula*, int, curandStateXORWOW*)",1024,1024,55,0,88670208,8192
149,1269651385,1270574389,923004,0.923004,"funcionTransicion(Celula*, int, curandStateXORWOW*)",1024,1024,55,0,88670208,8192
150,1271390224,1272612778,1222554,1.222554,"funcionTransicion(Celula*, int, curandStateXORWOW*)",1024,1024,55,0,88670208,8192
151,1273423942,1274595808,1171866,1.171866,"funcionTransicion(Celula*, int, curandStateXORWOW*)",1024,1024,55,0,88670208,8192
152,1275406812,1276103736,696924,0.696924,"funcionTransicion(Celula*, int, curandStateXORWOW*)",1024,1024,55,0,88670208,8192
153,1276914260,1278105038,1190778,1.190778,"funcionTransicion(Celula*, int, curandStateXORWOW*)",1024,1024,55,0,88670208,8192
154,1278913738,1279659654,745916,0.745916,"funcionTransicion(Celula*, int, curandStateXORWOW*)",1024,1024,55,0,88670208,8192
155,1280468930,1281548444,1079514,1.079514,"funcionTransicion(Celula*, int, curandStateXORWOW*)",1024,1024,55,0,88670208,8192
156,1282363192,1283135892,772700,0.7727,"funcionTransicion(Celula*, int, curandStateXORWOW*)",1024,1024,55,0,88670208,8192
157,1283952464,1284658444,705980,0.70598,"funcionTransicion(Celula*, int, curandStateXORWOW*)",1024,1024,55,0,88670208,8192
158,1285465608,1286337124,871516,0.871516,"funcionTransicion(Celula*, int, curandStateXORWOW*)",1024,1024,55,0,88670208,8192
159,1287143807,1287815036,671229,0.671229,"funcionTransicion(Celula*, int, curandStateXORWOW*)",1024,1024,55,0,88670208,8192
160,1288626808,1289581875,955067,0.955067,"funcionTransicion(Celula*, int, curandStateXORWOW*)",1024,1024,55,0,88670208,8192
161,1290403055,1291234826,831771,0.831771,"funcionTransicion(Celula*, int, curandStateXORWOW*)",1024,1024,55,0,88670208,8192
162,1292049862,1293211745,1161883,1.161883,"funcionTransicion(Celula*, int, curandStateXORWOW*)",1024,1024,55,0,88670208,8192
163,1294016412,1294715577,699165,0.699165,"funcionTransicion(Celula*, int, curandStateXORWOW*)",1024,1024,55,0,88670208,8192
164,1295530484,1296199473,668989,0.668989,"funcionTransicion(Celula*, int, curandStateXORWOW*)",1024,1024,55,0,88670208,8192
165,1297016493,1298003752,987259,0.987259,"funcionTransicion(Celula*, int, curandStateXORWOW*)",1024,1024,55,0,88670208,8192
166,1298815843,1299609247,793404,0.793404,"funcionTransicion(Celula*, int, curandStateXORWOW*)",1024,1024,55,0,88670208,8192
167,1300413595,1301217847,804252,0.804252,"funcionTransicion(Celula*, int, curandStateXORWOW*)",1024,1024,55,0,88670208,8192
168,1302027379,1302910831,883452,0.883452,"funcionTransicion(Celula*, int, curandStateXORWOW*)",1024,1024,55,0,88670208,8192
169,1303743434,1304659654,916220,0.91622,"funcionTransicion(Celula*, int, curandStateXORWOW*)",1024,1024,55,0,88670208,8192
170,1305468385,1306512540,1044155,1.044155,"funcionTransicion(Celula*, int, curandStateXORWOW*)",1024,1024,55,0,88670208,8192
171,1307320216,1308547409,1227193,1.227193,"funcionTransicion(Celula*, int, curandStateXORWOW*)",1024,1024,55,0,88670208,8192
172,1309361646,1310309609,947963,0.947963,"funcionTransicion(Celula*, int, curandStateXORWOW*)",1024,1024,55,0,88670208,8192
173,1311116324,1311992352,876028,0.876028,"funcionTransicion(Celula*, int, curandStateXORWOW*)",1024,1024,55,0,88670208,8192
174,1312805148,1313901206,1096058,1.096058,"funcionTransicion(Celula*, int, curandStateXORWOW*)",1024,1024,55,0,88670208,8192
175,1314718098,1315647565,929467,0.929467,"funcionTransicion(Celula*, int, curandStateXORWOW*)",1024,1024,55,0,88670208,8192
176,1316462153,1317203301,741148,0.741148,"funcionTransicion(Celula*, int, curandStateXORWOW*)",1024,1024,55,0,88670208,8192
177,1318015009,1319173467,1158458,1.158458,"funcionTransicion(Celula*, int, curandStateXORWOW*)",1024,1024,55,0,88670208,8192
178,1319991735,1320905266,913531,0.913531,"funcionTransicion(Celula*, int, curandStateXORWOW*)",1024,1024,55,0,88670208,8192
179,1321717806,1322654569,936763,0.936763,"funcionTransicion(Celula*, int, curandStateXORWOW*)",1024,1024,55,0,88670208,8192
180,1323465285,1324404256,938971,0.938971,"funcionTransicion(Celula*, int, curandStateXORWOW*)",1024,1024,55,0,88670208,8192
181,1325211740,1326018968,807228,0.807228,"funcionTransicion(Celula*, int, curandStateXORWOW*)",1024,1024,55,0,88670208,8192
182,1326829492,1327891790,1062298,1.062298,"funcionTransicion(Celula*, int, curandStateXORWOW*)",1024,1024,55,0,88670208,8192
183,1328707562,1329628773,921211,0.921211,"funcionTransicion(Celula*, int, curandStateXORWOW*)",1024,1024,55,0,88670208,8192
184,1330441441,1331398172,956731,0.956731,"funcionTransicion(Celula*, int, curandStateXORWOW*)",1024,1024,55,0,88670208,8192
185,1332210680,1333253779,1043099,1.043099,"funcionTransicion(Celula*, int, curandStateXORWOW*)",1024,1024,55,0,88670208,8192
186,1334062702,1335060586,997884,0.997884,"funcionTransicion(Celula*, int, curandStateXORWOW*)",1024,1024,55,0,88670208,8192
187,1335871653,1336709825,838172,0.838172,"funcionTransicion(Celula*, int, curandStateXORWOW*)",1024,1024,55,0,88670208,8192
188,1337514909,1338324921,810012,0.810012,"funcionTransicion(Celula*, int, curandStateXORWOW*)",1024,1024,55,0,88670208,8192
189,1339132852,1340178351,1045499,1.045499,"funcionTransicion(Celula*, int, curandStateXORWOW*)",1024,1024,55,0,88670208,8192
190,1340993867,1342043365,1049498,1.049498,"funcionTransicion(Celula*, int, curandStateXORWOW*)",1024,1024,55,0,88670208,8192
191,1342851298,1343730141,878843,0.878843,"funcionTransicion(Celula*, int, curandStateXORWOW*)",1024,1024,55,0,88670208,8192
192,1344540025,1345432916,892891,0.892891,"funcionTransicion(Celula*, int, curandStateXORWOW*)",1024,1024,55,0,88670208,8192
193,1346276496,1347075788,799292,0.799292,"funcionTransicion(Celula*, int, curandStateXORWOW*)",1024,1024,55,0,88670208,8192
194,1347885736,1348597732,711996,0.711996,"funcionTransicion(Celula*, int, curandStateXORWOW*)",1024,1024,55,0,88670208,8192
195,1349410528,1350123772,713244,0.713244,"funcionTransicion(Celula*, int, curandStateXORWOW*)",1024,1024,55,0,88670208,8192
196,1350940792,1351765940,825148,0.825148,"funcionTransicion(Celula*, int, curandStateXORWOW*)",1024,1024,55,0,88670208,8192
197,1352584847,1353362603,777756,0.777756,"funcionTransicion(Celula*, int, curandStateXORWOW*)",1024,1024,55,0,88670208,8192
198,1354176295,1354875588,699293,0.699293,"funcionTransicion(Celula*, int, curandStateXORWOW*)",1024,1024,55,0,88670208,8192
199,1355683648,1356382620,698972,0.698972,"funcionTransicion(Celula*, int, curandStateXORWOW*)",1024,1024,55,0,88670208,8192
200,1357193016,1357842868,649852,0.649852,"funcionTransicion(Celula*, int, curandStateXORWOW*)",1024,1024,55,0,88670208,8192
201,1358655312,1359297773,642461,0.642461,"funcionTransicion(Celula*, int, curandStateXORWOW*)",1024,1024,55,0,88670208,8192
202,1360109385,1361300515,1191130,1.19113,"funcionTransicion(Celula*, int, curandStateXORWOW*)",1024,1024,55,0,88670208,8192
203,1362117439,1362835771,718332,0.718332,"funcionTransicion(Celula*, int, curandStateXORWOW*)",1024,1024,55,0,88670208,8192
204,1363649975,1364571122,921147,0.921147,"funcionTransicion(Celula*, int, curandStateXORWOW*)",1024,1024,55,0,88670208,8192
205,1365384942,1366307657,922715,0.922715,"funcionTransicion(Celula*, int, curandStateXORWOW*)",1024,1024,55,0,88670208,8192
206,1367126917,1367987168,860251,0.860251,"funcionTransicion(Celula*, int, curandStateXORWOW*)",1024,1024,55,0,88670208,8192
207,1368805852,1369545880,740028,0.740028,"funcionTransicion(Celula*, int, curandStateXORWOW*)",1024,1024,55,0,88670208,8192
208,1370358580,1371214448,855868,0.855868,"funcionTransicion(Celula*, int, curandStateXORWOW*)",1024,1024,55,0,88670208,8192
209,1372030347,1372872775,842428,0.842428,"funcionTransicion(Celula*, int, curandStateXORWOW*)",1024,1024,55,0,88670208,8192
210,1373691139,1374588382,897243,0.897243,"funcionTransicion(Celula*, int, curandStateXORWOW*)",1024,1024,55,0,88670208,8192
211,1375396698,1376346070,949372,0.949372,"funcionTransicion(Celula*, int, curandStateXORWOW*)",1024,1024,55,0,88670208,8192
212,1377158769,1378182956,1024187,1.024187,"funcionTransicion(Celula*, int, curandStateXORWOW*)",1024,1024,55,0,88670208,8192
213,1378988744,1379685988,697244,0.697244,"funcionTransicion(Celula*, int, curandStateXORWOW*)",1024,1024,55,0,88670208,8192
214,1380497184,1381419964,922780,0.92278,"funcionTransicion(Celula*, int, curandStateXORWOW*)",1024,1024,55,0,88670208,8192
215,1382237975,1383132467,894492,0.894492,"funcionTransicion(Celula*, int, curandStateXORWOW*)",1024,1024,55,0,88670208,8192
216,1383944366,1385059817,1115451,1.115451,"funcionTransicion(Celula*, int, curandStateXORWOW*)",1024,1024,55,0,88670208,8192
217,1385899525,1386964703,1065178,1.065178,"funcionTransicion(Celula*, int, curandStateXORWOW*)",1024,1024,55,0,88670208,8192
218,1387774747,1388862069,1087322,1.087322,"funcionTransicion(Celula*, int, curandStateXORWOW*)",1024,1024,55,0,88670208,8192
219,1389674577,1390476717,802140,0.80214,"funcionTransicion(Celula*, int, curandStateXORWOW*)",1024,1024,55,0,88670208,8192
220,1391288937,1392130212,841275,0.841275,"funcionTransicion(Celula*, int, curandStateXORWOW*)",1024,1024,55,0,88670208,8192
221,1392940512,1394029754,1089242,1.089242,"funcionTransicion(Celula*, int, curandStateXORWOW*)",1024,1024,55,0,88670208,8192
222,1394841750,1395633074,791324,0.791324,"funcionTransicion(Celula*, int, curandStateXORWOW*)",1024,1024,55,0,88670208,8192
223,1396444718,1397554952,1110234,1.110234,"funcionTransicion(Celula*, int, curandStateXORWOW*)",1024,1024,55,0,88670208,8192
224,1398358244,1399293664,935420,0.93542,"funcionTransicion(Celula*, int, curandStateXORWOW*)",1024,1024,55,0,88670208,8192
225,1400111035,1401204342,1093307,1.093307,"funcionTransicion(Celula*, int, curandStateXORWOW*)",1024,1024,55,0,88670208,8192
226,1402018353,1403019532,1001179,1.001179,"funcionTransicion(Celula*, int, curandStateXORWOW*)",1024,1024,55,0,88670208,8192
227,1403831496,1404918915,1087419,1.087419,"funcionTransicion(Celula*, int, curandStateXORWOW*)",1024,1024,55,0,88670208,8192
228,1405731934,1406540186,808252,0.808252,"funcionTransicion(Celula*, int, curandStateXORWOW*)",1024,1024,55,0,88670208,8192
229,1407349782,1408221681,871899,0.871899,"funcionTransicion(Celula*, int, curandStateXORWOW*)",1024,1024,55,0,88670208,8192
230,1409032718,1409854921,822203,0.822203,"funcionTransicion(Celula*, int, curandStateXORWOW*)",1024,1024,55,0,88670208,8192
231,1410657253,1411493089,835836,0.835836,"funcionTransicion(Celula*, int, curandStateXORWOW*)",1024,1024,55,0,88670208,8192
232,1412306940,1413394647,1087707,1.087707,"funcionTransicion(Celula*, int, curandStateXORWOW*)",1024,1024,55,0,88670208,8192
233,1414202803,1415088494,885691,0.885691,"funcionTransicion(Celula*, int, curandStateXORWOW*)",1024,1024,55,0,88670208,8192
234,1415901386,1416937637,1036251,1.036251,"funcionTransicion(Celula*, int, curandStateXORWOW*)",1024,1024,55,0,88670208,8192
235,1417747809,1418510973,763164,0.763164,"funcionTransicion(Celula*, int, curandStateXORWOW*)",1024,1024,55,0,88670208,8192
236,1419325273,1420071157,745884,0.745884,"funcionTransicion(Celula*, int, curandStateXORWOW*)",1024,1024,55,0,88670208,8192
237,1420880945,1421828364,947419,0.947419,"funcionTransicion(Celula*, int, curandStateXORWOW*)",1024,1024,55,0,88670208,8192
238,1422626568,1423571075,944507,0.944507,"funcionTransicion(Celula*, int, curandStateXORWOW*)",1024,1024,55,0,88670208,8192
239,1424383231,1425521017,1137786,1.137786,"funcionTransicion(Celula*, int, curandStateXORWOW*)",1024,1024,55,0,88670208,8192
240,1426340021,1427167089,827068,0.827068,"funcionTransicion(Celula*, int, curandStateXORWOW*)",1024,1024,55,0,88670208,8192
241,1504965793,1505892668,926875,0.926875,"funcionTransicion(Celula*, int, curandStateXORWOW*)",1024,1024,55,0,88670208,8192
242,1506700408,1507698515,998107,0.998107,"funcionTransicion(Celula*, int, curandStateXORWOW*)",1024,1024,55,0,88670208,8192
243,1508510511,1509300650,790139,0.790139,"funcionTransicion(Celula*, int, curandStateXORWOW*)",1024,1024,55,0,88670208,8192
244,1510115910,1510910690,794780,0.79478,"funcionTransicion(Celula*, int, curandStateXORWOW*)",1024,1024,55,0,88670208,8192
245,1511721438,1512575098,853660,0.85366,"funcionTransicion(Celula*, int, curandStateXORWOW*)",1024,1024,55,0,88670208,8192
246,1513385109,1514252753,867644,0.867644,"funcionTransicion(Celula*, int, curandStateXORWOW*)",1024,1024,55,0,88670208,8192
247,1515056205,1515859625,803420,0.80342,"funcionTransicion(Celula*, int, curandStateXORWOW*)",1024,1024,55,0,88670208,8192
248,1516667365,1517638048,970683,0.970683,"funcionTransicion(Celula*, int, curandStateXORWOW*)",1024,1024,55,0,88670208,8192
249,1518450812,1519556150,1105338,1.105338,"funcionTransicion(Celula*, int, curandStateXORWOW*)",1024,1024,55,0,88670208,8192
250,1520370866,1521206157,835291,0.835291,"funcionTransicion(Celula*, int, curandStateXORWOW*)",1024,1024,55,0,88670208,8192
251,1522010473,1522831717,821244,0.821244,"funcionTransicion(Celula*, int, curandStateXORWOW*)",1024,1024,55,0,88670208,8192
252,1523638369,1524426557,788188,0.788188,"funcionTransicion(Celula*, int, curandStateXORWOW*)",1024,1024,55,0,88670208,8192
253,1525237817,1526290515,1052698,1.052698,"funcionTransicion(Celula*, int, curandStateXORWOW*)",1024,1024,55,0,88670208,8192
254,1527104239,1527808492,704253,0.704253,"funcionTransicion(Celula*, int, curandStateXORWOW*)",1024,1024,55,0,88670208,8192
255,1528624455,1529680482,1056027,1.056027,"funcionTransicion(Celula*, int, curandStateXORWOW*)",1024,1024,55,0,88670208,8192
256,1530491165,1531239674,748509,0.748509,"funcionTransicion(Celula*, int, curandStateXORWOW*)",1024,1024,55,0,88670208,8192
257,1532049590,1532743858,694268,0.694268,"funcionTransicion(Celula*, int, curandStateXORWOW*)",1024,1024,55,0,88670208,8192
258,1533556782,1534323978,767196,0.767196,"funcionTransicion(Celula*, int, curandStateXORWOW*)",1024,1024,55,0,88670208,8192
259,1535144710,1536011425,866715,0.866715,"funcionTransicion(Celula*, int, curandStateXORWOW*)",1024,1024,55,0,88670208,8192
260,1536826333,1537529753,703420,0.70342,"funcionTransicion(Celula*, int, curandStateXORWOW*)",1024,1024,55,0,88670208,8192
261,1538341717,1539102321,760604,0.760604,"funcionTransicion(Celula*, int, curandStateXORWOW*)",1024,1024,55,0,88670208,8192
262,1539919629,1540596874,677245,0.677245,"funcionTransicion(Celula*, int, curandStateXORWOW*)",1024,1024,55,0,88670208,8192
263,1541414278,1542142146,727868,0.727868,"funcionTransicion(Celula*, int, curandStateXORWOW*)",1024,1024,55,0,88670208,8192
264,1542950206,1543595195,644989,0.644989,"funcionTransicion(Celula*, int, curandStateXORWOW*)",1024,1024,55,0,88670208,8192
265,1544433878,1545397457,963579,0.963579,"funcionTransicion(Celula*, int, curandStateXORWOW*)",1024,1024,55,0,88670208,8192
266,1546212685,1546960937,748252,0.748252,"funcionTransicion(Celula*, int, curandStateXORWOW*)",1024,1024,55,0,88670208,8192
267,1547775557,1548487297,711740,0.71174,"funcionTransicion(Celula*, int, curandStateXORWOW*)",1024,1024,55,0,88670208,8192
268,1549298045,1550058425,760380,0.76038,"funcionTransicion(Celula*, int, curandStateXORWOW*)",1024,1024,55,0,88670208,8192
269,1550868565,1551885968,1017403,1.017403,"funcionTransicion(Celula*, int, curandStateXORWOW*)",1024,1024,55,0,88670208,8192
270,1552703628,1553439240,735612,0.735612,"funcionTransicion(Celula*, int, curandStateXORWOW*)",1024,1024,55,0,88670208,8192
271,1554255556,1555272255,1016699,1.016699,"funcionTransicion(Celula*, int, curandStateXORWOW*)",1024,1024,55,0,88670208,8192
272,1556081178,1556901846,820668,0.820668,"funcionTransicion(Celula*, int, curandStateXORWOW*)",1024,1024,55,0,88670208,8192
273,1557719922,1558678349,958427,0.958427,"funcionTransicion(Celula*, int, curandStateXORWOW*)",1024,1024,55,0,88670208,8192
274,1559498249,1560422820,924571,0.924571,"funcionTransicion(Celula*, int, curandStateXORWOW*)",1024,1024,55,0,88670208,8192
275,1561238816,1561967932,729116,0.729116,"funcionTransicion(Celula*, int, curandStateXORWOW*)",1024,1024,55,0,88670208,8192
276,1562774616,1563569876,795260,0.79526,"funcionTransicion(Celula*, int, curandStateXORWOW*)",1024,1024,55,0,88670208,8192
277,1564379152,1565274027,894875,0.894875,"funcionTransicion(Celula*, int, curandStateXORWOW*)",1024,1024,55,0,88670208,8192
278,1566091431,1567063138,971707,0.971707,"funcionTransicion(Celula*, int, curandStateXORWOW*)",1024,1024,55,0,88670208,8192
279,1567880734,1568717049,836315,0.836315,"funcionTransicion(Celula*, int, curandStateXORWOW*)",1024,1024,55,0,88670208,8192
280,1569530805,1570422832,892027,0.892027,"funcionTransicion(Celula*, int, curandStateXORWOW*)",1024,1024,55,0,88670208,8192
281,1571240396,1572361959,1121563,1.121563,"funcionTransicion(Celula*, int, curandStateXORWOW*)",1024,1024,55,0,88670208,8192
282,1573170786,1574305757,1134971,1.134971,"funcionTransicion(Celula*, int, curandStateXORWOW*)",1024,1024,55,0,88670208,8192
283,1575112633,1576200723,1088090,1.08809,"funcionTransicion(Celula*, int, curandStateXORWOW*)",1024,1024,55,0,88670208,8192
284,1577012207,1577736747,724540,0.72454,"funcionTransicion(Celula*, int, curandStateXORWOW*)",1024,1024,55,0,88670208,8192
285,1578550151,1579260099,709948,0.709948,"funcionTransicion(Celula*, int, curandStateXORWOW*)",1024,1024,55,0,88670208,8192
286,1580075807,1580819611,743804,0.743804,"funcionTransicion(Celula*, int, curandStateXORWOW*)",1024,1024,55,0,88670208,8192
287,1581627575,1582349139,721564,0.721564,"funcionTransicion(Celula*, int, curandStateXORWOW*)",1024,1024,55,0,88670208,8192
288,1583157359,1583984939,827580,0.82758,"funcionTransicion(Celula*, int, curandStateXORWOW*)",1024,1024,55,0,88670208,8192
289,1584811431,1585662723,851292,0.851292,"funcionTransicion(Celula*, int, curandStateXORWOW*)",1024,1024,55,0,88670208,8192
290,1586477054,1587191675,714621,0.714621,"funcionTransicion(Celula*, int, curandStateXORWOW*)",1024,1024,55,0,88670208,8192
291,1588006614,1588758898,752284,0.752284,"funcionTransicion(Celula*, int, curandStateXORWOW*)",1024,1024,55,0,88670208,8192
292,1589577454,1590480106,902652,0.902652,"funcionTransicion(Celula*, int, curandStateXORWOW*)",1024,1024,55,0,88670208,8192
293,1591286918,1592169825,882907,0.882907,"funcionTransicion(Celula*, int, curandStateXORWOW*)",1024,1024,55,0,88670208,8192
294,1592984445,1593936760,952315,0.952315,"funcionTransicion(Celula*, int, curandStateXORWOW*)",1024,1024,55,0,88670208,8192
295,1594753076,1595693007,939931,0.939931,"funcionTransicion(Celula*, int, curandStateXORWOW*)",1024,1024,55,0,88670208,8192
296,1596506410,1597421094,914684,0.914684,"funcionTransicion(Celula*, int, curandStateXORWOW*)",1024,1024,55,0,88670208,8192
297,1598235906,1598908286,672380,0.67238,"funcionTransicion(Celula*, int, curandStateXORWOW*)",1024,1024,55,0,88670208,8192
298,1599717722,1600452342,734620,0.73462,"funcionTransicion(Celula*, int, curandStateXORWOW*)",1024,1024,55,0,88670208,8192
299,1601261746,1602033166,771420,0.77142,"funcionTransicion(Celula*, int, curandStateXORWOW*)",1024,1024,55,0,88670208,8192
300,1602847114,1603899397,1052283,1.052283,"funcionTransicion(Celula*, int, curandStateXORWOW*)",1024,1024,55,0,88670208,8192
301,1604708641,1605379485,670844,0.670844,"funcionTransicion(Celula*, int, curandStateXORWOW*)",1024,1024,55,0,88670208,8192
302,1606191225,1607243540,1052315,1.052315,"funcionTransicion(Celula*, int, curandStateXORWOW*)",1024,1024,55,0,88670208,8192
303,1608056559,1608985227,928668,0.928668,"funcionTransicion(Celula*, int, curandStateXORWOW*)",1024,1024,55,0,88670208,8192
304,1609798854,1610506979,708125,0.708125,"funcionTransicion(Celula*, int, curandStateXORWOW*)",1024,1024,55,0,88670208,8192
305,1611319327,1612040539,721212,0.721212,"funcionTransicion(Celula*, int, curandStateXORWOW*)",1024,1024,55,0,88670208,8192
306,1612853175,1613813298,960123,0.960123,"funcionTransicion(Celula*, int, curandStateXORWOW*)",1024,1024,55,0,88670208,8192
307,1614629262,1615344586,715324,0.715324,"funcionTransicion(Celula*, int, curandStateXORWOW*)",1024,1024,55,0,88670208,8192
308,1616146694,1616938082,791388,0.791388,"funcionTransicion(Celula*, int, curandStateXORWOW*)",1024,1024,55,0,88670208,8192
309,1617745438,1618958391,1212953,1.212953,"funcionTransicion(Celula*, int, curandStateXORWOW*)",1024,1024,55,0,88670208,8192
310,1619774611,1620847374,1072763,1.072763,"funcionTransicion(Celula*, int, curandStateXORWOW*)",1024,1024,55,0,88670208,8192
311,1621657097,1622582629,925532,0.925532,"funcionTransicion(Celula*, int, curandStateXORWOW*)",1024,1024,55,0,88670208,8192
312,1623394273,1624362716,968443,0.968443,"funcionTransicion(Celula*, int, curandStateXORWOW*)",1024,1024,55,0,88670208,8192
313,1625195575,1626093715,898140,0.89814,"funcionTransicion(Celula*, int, curandStateXORWOW*)",1024,1024,55,0,88670208,8192
314,1626910127,1627824394,914267,0.914267,"funcionTransicion(Celula*, int, curandStateXORWOW*)",1024,1024,55,0,88670208,8192
315,1628642246,1629380770,738524,0.738524,"funcionTransicion(Celula*, int, curandStateXORWOW*)",1024,1024,55,0,88670208,8192
316,1630193342,1630908250,714908,0.714908,"funcionTransicion(Celula*, int, curandStateXORWOW*)",1024,1024,55,0,88670208,8192
317,1631718358,1632641393,923035,0.923035,"funcionTransicion(Celula*, int, curandStateXORWOW*)",1024,1024,55,0,88670208,8192
318,1633459021,1634183401,724380,0.72438,"funcionTransicion(Celula*, int, curandStateXORWOW*)",1024,1024,55,0,88670208,8192
319,1634995013,1635681825,686812,0.686812,"funcionTransicion(Celula*, int, curandStateXORWOW*)",1024,1024,55,0,88670208,8192
320,1636488286,1637224186,735900,0.7359,"funcionTransicion(Celula*, int, curandStateXORWOW*)",1024,1024,55,0,88670208,8192
321,1638036469,1638758802,722333,0.722333,"funcionTransicion(Celula*, int, curandStateXORWOW*)",1024,1024,55,0,88670208,8192
322,1639568077,1640472297,904220,0.90422,"funcionTransicion(Celula*, int, curandStateXORWOW*)",1024,1024,55,0,88670208,8192
323,1641288100,1642410815,1122715,1.122715,"funcionTransicion(Celula*, int, curandStateXORWOW*)",1024,1024,55,0,88670208,8192
324,1643225563,1644081047,855484,0.855484,"funcionTransicion(Celula*, int, curandStateXORWOW*)",1024,1024,55,0,88670208,8192
325,1644900754,1645630574,729820,0.72982,"funcionTransicion(Celula*, int, curandStateXORWOW*)",1024,1024,55,0,88670208,8192
326,1646438474,1647381542,943068,0.943068,"funcionTransicion(Celula*, int, curandStateXORWOW*)",1024,1024,55,0,88670208,8192
327,1648188993,1649004701,815708,0.815708,"funcionTransicion(Celula*, int, curandStateXORWOW*)",1024,1024,55,0,88670208,8192
328,1649812633,1650591701,779068,0.779068,"funcionTransicion(Celula*, int, curandStateXORWOW*)",1024,1024,55,0,88670208,8192
329,1651395345,1652364748,969403,0.969403,"funcionTransicion(Celula*, int, curandStateXORWOW*)",1024,1024,55,0,88670208,8192
330,1653178856,1654273346,1094490,1.09449,"funcionTransicion(Celula*, int, curandStateXORWOW*)",1024,1024,55,0,88670208,8192
331,1655086142,1656085081,998939,0.998939,"funcionTransicion(Celula*, int, curandStateXORWOW*)",1024,1024,55,0,88670208,8192
332,1656902133,1657595377,693244,0.693244,"funcionTransicion(Celula*, int, curandStateXORWOW*)",1024,1024,55,0,88670208,8192
333,1658402157,1659448871,1046714,1.046714,"funcionTransicion(Celula*, int, curandStateXORWOW*)",1024,1024,55,0,88670208,8192
334,1660253475,1661083455,829980,0.82998,"funcionTransicion(Celula*, int, curandStateXORWOW*)",1024,1024,55,0,88670208,8192
335,1661891739,1662796566,904827,0.904827,"funcionTransicion(Celula*, int, curandStateXORWOW*)",1024,1024,55,0,88670208,8192
336,1663603858,1664422094,818236,0.818236,"funcionTransicion(Celula*, int, curandStateXORWOW*)",1024,1024,55,0,88670208,8192
337,1665255337,1666493059,1237722,1.237722,"funcionTransicion(Celula*, int, curandStateXORWOW*)",1024,1024,55,0,88670208,8192
338,1667300863,1668224186,923323,0.923323,"funcionTransicion(Celula*, int, curandStateXORWOW*)",1024,1024,55,0,88670208,8192
339,1669039926,1669915186,875260,0.87526,"funcionTransicion(Celula*, int, curandStateXORWOW*)",1024,1024,55,0,88670208,8192
340,1670729902,1671640201,910299,0.910299,"funcionTransicion(Celula*, int, curandStateXORWOW*)",1024,1024,55,0,88670208,8192
341,1672452516,1673516767,1064251,1.064251,"funcionTransicion(Celula*, int, curandStateXORWOW*)",1024,1024,55,0,88670208,8192
342,1674326523,1675381845,1055322,1.055322,"funcionTransicion(Celula*, int, curandStateXORWOW*)",1024,1024,55,0,88670208,8192
343,1676192625,1677272524,1079899,1.079899,"funcionTransicion(Celula*, int, curandStateXORWOW*)",1024,1024,55,0,88670208,8192
344,1678082376,1679115427,1033051,1.033051,"funcionTransicion(Celula*, int, curandStateXORWOW*)",1024,1024,55,0,88670208,8192
345,1679932510,1681083416,1150906,1.150906,"funcionTransicion(Celula*, int, curandStateXORWOW*)",1024,1024,55,0,88670208,8192
346,1681892692,1682861455,968763,0.968763,"funcionTransicion(Celula*, int, curandStateXORWOW*)",1024,1024,55,0,88670208,8192
347,1683680171,1684750949,1070778,1.070778,"funcionTransicion(Celula*, int, curandStateXORWOW*)",1024,1024,55,0,88670208,8192
348,1685553889,1686813435,1259546,1.259546,"funcionTransicion(Celula*, int, curandStateXORWOW*)",1024,1024,55,0,88670208,8192
349,1687626519,1688693617,1067098,1.067098,"funcionTransicion(Celula*, int, curandStateXORWOW*)",1024,1024,55,0,88670208,8192
350,1689509581,1690594887,1085306,1.085306,"funcionTransicion(Celula*, int, curandStateXORWOW*)",1024,1024,55,0,88670208,8192
351,1691413891,1692228159,814268,0.814268,"funcionTransicion(Celula*, int, curandStateXORWOW*)",1024,1024,55,0,88670208,8192
352,1693045691,1693966486,920795,0.920795,"funcionTransicion(Celula*, int, curandStateXORWOW*)",1024,1024,55,0,88670208,8192
353,1694782002,1695741357,959355,0.959355,"funcionTransicion(Celula*, int, curandStateXORWOW*)",1024,1024,55,0,88670208,8192
354,1696549705,1697403941,854236,0.854236,"funcionTransicion(Celula*, int, curandStateXORWOW*)",1024,1024,55,0,88670208,8192
355,1698217504,1699093148,875644,0.875644,"funcionTransicion(Celula*, int, curandStateXORWOW*)",1024,1024,55,0,88670208,8192
356,1699895928,1700970322,1074394,1.074394,"funcionTransicion(Celula*, int, curandStateXORWOW*)",1024,1024,55,0,88670208,8192
357,1701782222,1702868488,1086266,1.086266,"funcionTransicion(Celula*, int, curandStateXORWOW*)",1024,1024,55,0,88670208,8192
358,1703677956,1704660127,982171,0.982171,"funcionTransicion(Celula*, int, curandStateXORWOW*)",1024,1024,55,0,88670208,8192
359,1705466555,1706642837,1176282,1.176282,"funcionTransicion(Celula*, int, curandStateXORWOW*)",1024,1024,55,0,88670208,8192
360,1707454321,1708544587,1090266,1.090266,"funcionTransicion(Celula*, int, curandStateXORWOW*)",1024,1024,55,0,88670208,8192
361,1784636164,1785701087,1064923,1.064923,"funcionTransicion(Celula*, int, curandStateXORWOW*)",1024,1024,55,0,88670208,8192
362,1786507323,1787573590,1066267,1.066267,"funcionTransicion(Celula*, int, curandStateXORWOW*)",1024,1024,55,0,88670208,8192
363,1788378897,1789560043,1181146,1.181146,"funcionTransicion(Celula*, int, curandStateXORWOW*)",1024,1024,55,0,88670208,8192
364,1790373383,1791504033,1130650,1.13065,"funcionTransicion(Celula*, int, curandStateXORWOW*)",1024,1024,55,0,88670208,8192
365,1792319357,1793486199,1166842,1.166842,"funcionTransicion(Celula*, int, curandStateXORWOW*)",1024,1024,55,0,88670208,8192
366,1794304243,1795423341,1119098,1.119098,"funcionTransicion(Celula*, int, curandStateXORWOW*)",1024,1024,55,0,88670208,8192
367,1796236553,1797345763,1109210,1.10921,"funcionTransicion(Celula*, int, curandStateXORWOW*)",1024,1024,55,0,88670208,8192
368,1798152959,1799223130,1070171,1.070171,"funcionTransicion(Celula*, int, curandStateXORWOW*)",1024,1024,55,0,88670208,8192
369,1800034838,1801154992,1120154,1.120154,"funcionTransicion(Celula*, int, curandStateXORWOW*)",1024,1024,55,0,88670208,8192
370,1801964652,1803025478,1060826,1.060826,"funcionTransicion(Celula*, int, curandStateXORWOW*)",1024,1024,55,0,88670208,8192
371,1803825346,1804968892,1143546,1.143546,"funcionTransicion(Celula*, int, curandStateXORWOW*)",1024,1024,55,0,88670208,8192
372,1805784344,1806853266,1068922,1.068922,"funcionTransicion(Celula*, int, curandStateXORWOW*)",1024,1024,55,0,88670208,8192
373,1807665198,1808922312,1257114,1.257114,"funcionTransicion(Celula*, int, curandStateXORWOW*)",1024,1024,55,0,88670208,8192
374,1809740260,1810816670,1076410,1.07641,"funcionTransicion(Celula*, int, curandStateXORWOW*)",1024,1024,55,0,88670208,8192
375,1811633658,1812625077,991419,0.991419,"funcionTransicion(Celula*, int, curandStateXORWOW*)",1024,1024,55,0,88670208,8192
376,1813441873,1814504843,1062970,1.06297,"funcionTransicion(Celula*, int, curandStateXORWOW*)",1024,1024,55,0,88670208,8192
377,1815320199,1816568417,1248218,1.248218,"funcionTransicion(Celula*, int, curandStateXORWOW*)",1024,1024,55,0,88670208,8192
378,1817381276,1818364215,982939,0.982939,"funcionTransicion(Celula*, int, curandStateXORWOW*)",1024,1024,55,0,88670208,8192
379,1819167091,1820195694,1028603,1.028603,"funcionTransicion(Celula*, int, curandStateXORWOW*)",1024,1024,55,0,88670208,8192
380,1821009610,1822169540,1159930,1.15993,"funcionTransicion(Celula*, int, curandStateXORWOW*)",1024,1024,55,0,88670208,8192
381,1822981663,1824125466,1143803,1.143803,"funcionTransicion(Celula*, int, curandStateXORWOW*)",1024,1024,55,0,88670208,8192
382,1824944757,1825692946,748189,0.748189,"funcionTransicion(Celula*, int, curandStateXORWOW*)",1024,1024,55,0,88670208,8192
383,1826504942,1827524456,1019514,1.019514,"funcionTransicion(Celula*, int, curandStateXORWOW*)",1024,1024,55,0,88670208,8192
384,1828332836,1829348927,1016091,1.016091,"funcionTransicion(Celula*, int, curandStateXORWOW*)",1024,1024,55,0,88670208,8192
385,1830193211,1830940151,746940,0.74694,"funcionTransicion(Celula*, int, curandStateXORWOW*)",1024,1024,55,0,88670208,8192
386,1831746611,1832639438,892827,0.892827,"funcionTransicion(Celula*, int, curandStateXORWOW*)",1024,1024,55,0,88670208,8192
387,1833451658,1834637988,1186330,1.18633,"funcionTransicion(Celula*, int, curandStateXORWOW*)",1024,1024,55,0,88670208,8192
388,1835452096,1836573082,1120986,1.120986,"funcionTransicion(Celula*, int, curandStateXORWOW*)",1024,1024,55,0,88670208,8192
389,1837383734,1838167569,783835,0.783835,"funcionTransicion(Celula*, int, curandStateXORWOW*)",1024,1024,55,0,88670208,8192
390,1838974349,1839681514,707165,0.707165,"funcionTransicion(Celula*, int, curandStateXORWOW*)",1024,1024,55,0,88670208,8192
391,1840492518,1841229186,736668,0.736668,"funcionTransicion(Celula*, int, curandStateXORWOW*)",1024,1024,55,0,88670208,8192
392,1842048414,1843015641,967227,0.967227,"funcionTransicion(Celula*, int, curandStateXORWOW*)",1024,1024,55,0,88670208,8192
393,1843827925,1844670896,842971,0.842971,"funcionTransicion(Celula*, int, curandStateXORWOW*)",1024,1024,55,0,88670208,8192
394,1845490924,1846369927,879003,0.879003,"funcionTransicion(Celula*, int, curandStateXORWOW*)",1024,1024,55,0,88670208,8192
395,1847183651,1848252286,1068635,1.068635,"funcionTransicion(Celula*, int, curandStateXORWOW*)",1024,1024,55,0,88670208,8192
396,1849060985,1850211220,1150235,1.150235,"funcionTransicion(Celula*, int, curandStateXORWOW*)",1024,1024,55,0,88670208,8192
397,1851018159,1851933355,915196,0.915196,"funcionTransicion(Celula*, int, curandStateXORWOW*)",1024,1024,55,0,88670208,8192
398,1852741671,1853830657,1088986,1.088986,"funcionTransicion(Celula*, int, curandStateXORWOW*)",1024,1024,55,0,88670208,8192
399,1854643773,1855584376,940603,0.940603,"funcionTransicion(Celula*, int, curandStateXORWOW*)",1024,1024,55,0,88670208,8192
400,1856396372,1857419151,1022779,1.022779,"funcionTransicion(Celula*, int, curandStateXORWOW*)",1024,1024,55,0,88670208,8192
401,1858235691,1859178246,942555,0.942555,"funcionTransicion(Celula*, int, curandStateXORWOW*)",1024,1024,55,0,88670208,8192
402,1859993570,1861056796,1063226,1.063226,"funcionTransicion(Celula*, int, curandStateXORWOW*)",1024,1024,55,0,88670208,8192
403,1861867736,1862925586,1057850,1.05785,"funcionTransicion(Celula*, int, curandStateXORWOW*)",1024,1024,55,0,88670208,8192
404,1863744270,1864811529,1067259,1.067259,"funcionTransicion(Celula*, int, curandStateXORWOW*)",1024,1024,55,0,88670208,8192
405,1865618885,1866683391,1064506,1.064506,"funcionTransicion(Celula*, int, curandStateXORWOW*)",1024,1024,55,0,88670208,8192
406,1867493947,1868454518,960571,0.960571,"funcionTransicion(Celula*, int, curandStateXORWOW*)",1024,1024,55,0,88670208,8192
407,1869267506,1870326413,1058907,1.058907,"funcionTransicion(Celula*, int, curandStateXORWOW*)",1024,1024,55,0,88670208,8192
408,1871141864,1872016452,874588,0.874588,"funcionTransicion(Celula*, int, curandStateXORWOW*)",1024,1024,55,0,88670208,8192
409,1872859391,1873656507,797116,0.797116,"funcionTransicion(Celula*, int, curandStateXORWOW*)",1024,1024,55,0,88670208,8192
410,1874458967,1875516338,1057371,1.057371,"funcionTransicion(Celula*, int, curandStateXORWOW*)",1024,1024,55,0,88670208,8192
411,1876331502,1877410664,1079162,1.079162,"funcionTransicion(Celula*, int, curandStateXORWOW*)",1024,1024,55,0,88670208,8192
412,1878217252,1879265278,1048026,1.048026,"funcionTransicion(Celula*, int, curandStateXORWOW*)",1024,1024,55,0,88670208,8192
413,1880077114,1881338036,1260922,1.260922,"funcionTransicion(Celula*, int, curandStateXORWOW*)",1024,1024,55,0,88670208,8192
414,1882147152,1883198122,1050970,1.05097,"funcionTransicion(Celula*, int, curandStateXORWOW*)",1024,1024,55,0,88670208,8192
415,1884009254,1885094944,1085690,1.08569,"funcionTransicion(Celula*, int, curandStateXORWOW*)",1024,1024,55,0,88670208,8192
416,1885911997,1887035287,1123290,1.12329,"funcionTransicion(Celula*, int, curandStateXORWOW*)",1024,1024,55,0,88670208,8192
417,1887845938,1888880653,1034715,1.034715,"funcionTransicion(Celula*, int, curandStateXORWOW*)",1024,1024,55,0,88670208,8192
418,1889692521,1890580452,887931,0.887931,"funcionTransicion(Celula*, int, curandStateXORWOW*)",1024,1024,55,0,88670208,8192
419,1891393184,1892161692,768508,0.768508,"funcionTransicion(Celula*, int, curandStateXORWOW*)",1024,1024,55,0,88670208,8192
420,1892974936,1893734100,759164,0.759164,"funcionTransicion(Celula*, int, curandStateXORWOW*)",1024,1024,55,0,88670208,8192
421,1894549520,1895623370,1073850,1.07385,"funcionTransicion(Celula*, int, curandStateXORWOW*)",1024,1024,55,0,88670208,8192
422,1896442438,1897472577,1030139,1.030139,"funcionTransicion(Celula*, int, curandStateXORWOW*)",1024,1024,55,0,88670208,8192
423,1898281789,1899107257,825468,0.825468,"funcionTransicion(Celula*, int, curandStateXORWOW*)",1024,1024,55,0,88670208,8192
424,1899913140,1900858512,945372,0.945372,"funcionTransicion(Celula*, int, curandStateXORWOW*)",1024,1024,55,0,88670208,8192
425,1901675403,1902467655,792252,0.792252,"funcionTransicion(Celula*, int, curandStateXORWOW*)",1024,1024,55,0,88670208,8192
426,1903285667,1904332030,1046363,1.046363,"funcionTransicion(Celula*, int, curandStateXORWOW*)",1024,1024,55,0,88670208,8192
427,1905145913,1906092757,946844,0.946844,"funcionTransicion(Celula*, int, curandStateXORWOW*)",1024,1024,55,0,88670208,8192
428,1906903057,1907938795,1035738,1.035738,"funcionTransicion(Celula*, int, curandStateXORWOW*)",1024,1024,55,0,88670208,8192
429,1908751431,1909586243,834812,0.834812,"funcionTransicion(Celula*, int, curandStateXORWOW*)",1024,1024,55,0,88670208,8192
430,1910397278,1911323578,926300,0.9263,"funcionTransicion(Celula*, int, curandStateXORWOW*)",1024,1024,55,0,88670208,8192
431,1912131446,1913195248,1063802,1.063802,"funcionTransicion(Celula*, int, curandStateXORWOW*)",1024,1024,55,0,88670208,8192
432,1914007788,1914799336,791548,0.791548,"funcionTransicion(Celula*, int, curandStateXORWOW*)",1024,1024,55,0,88670208,8192
433,1915642244,1916486815,844571,0.844571,"funcionTransicion(Celula*, int, curandStateXORWOW*)",1024,1024,55,0,88670208,8192
434,1917294683,1918367862,1073179,1.073179,"funcionTransicion(Celula*, int, curandStateXORWOW*)",1024,1024,55,0,88670208,8192
435,1919176658,1920121357,944699,0.944699,"funcionTransicion(Celula*, int, curandStateXORWOW*)",1024,1024,55,0,88670208,8192
436,1920931432,1921743332,811900,0.8119,"funcionTransicion(Celula*, int, curandStateXORWOW*)",1024,1024,55,0,88670208,8192
437,1922551776,1923371260,819484,0.819484,"funcionTransicion(Celula*, int, curandStateXORWOW*)",1024,1024,55,0,88670208,8192
438,1924181144,1925120243,939099,0.939099,"funcionTransicion(Celula*, int, curandStateXORWOW*)",1024,1024,55,0,88670208,8192
439,1925931791,1926985961,1054170,1.05417,"funcionTransicion(Celula*, int, curandStateXORWOW*)",1024,1024,55,0,88670208,8192
440,1927796101,1928813856,1017755,1.017755,"funcionTransicion(Celula*, int, curandStateXORWOW*)",1024,1024,55,0,88670208,8192
441,1929618684,1930681494,1062810,1.06281,"funcionTransicion(Celula*, int, curandStateXORWOW*)",1024,1024,55,0,88670208,8192
442,1931497778,1932458637,960859,0.960859,"funcionTransicion(Celula*, int, curandStateXORWOW*)",1024,1024,55,0,88670208,8192
443,1933269801,1934015045,745244,0.745244,"funcionTransicion(Celula*, int, curandStateXORWOW*)",1024,1024,55,0,88670208,8192
444,1934827617,1935950012,1122395,1.122395,"funcionTransicion(Celula*, int, curandStateXORWOW*)",1024,1024,55,0,88670208,8192
445,1936755415,1937702738,947323,0.947323,"funcionTransicion(Celula*, int, curandStateXORWOW*)",1024,1024,55,0,88670208,8192
446,1938509742,1939646536,1136794,1.136794,"funcionTransicion(Celula*, int, curandStateXORWOW*)",1024,1024,55,0,88670208,8192
447,1940457316,1941318368,861052,0.861052,"funcionTransicion(Celula*, int, curandStateXORWOW*)",1024,1024,55,0,88670208,8192
448,1942132860,1943102135,969275,0.969275,"funcionTransicion(Celula*, int, curandStateXORWOW*)",1024,1024,55,0,88670208,8192
449,1943915635,1944659534,743899,0.743899,"funcionTransicion(Celula*, int, curandStateXORWOW*)",1024,1024,55,0,88670208,8192
450,1945479402,1946210951,731549,0.731549,"funcionTransicion(Celula*, int, curandStateXORWOW*)",1024,1024,55,0,88670208,8192
451,1947030274,1947869278,839004,0.839004,"funcionTransicion(Celula*, int, curandStateXORWOW*)",1024,1024,55,0,88670208,8192
452,1948686362,1949745268,1058906,1.058906,"funcionTransicion(Celula*, int, curandStateXORWOW*)",1024,1024,55,0,88670208,8192
453,1950550416,1951447468,897052,0.897052,"funcionTransicion(Celula*, int, curandStateXORWOW*)",1024,1024,55,0,88670208,8192
454,1952259624,1953412386,1152762,1.152762,"funcionTransicion(Celula*, int, curandStateXORWOW*)",1024,1024,55,0,88670208,8192
455,1954219389,1955086905,867516,0.867516,"funcionTransicion(Celula*, int, curandStateXORWOW*)",1024,1024,55,0,88670208,8192
456,1955900725,1956669169,768444,0.768444,"funcionTransicion(Celula*, int, curandStateXORWOW*)",1024,1024,55,0,88670208,8192
457,1957498669,1958541128,1042459,1.042459,"funcionTransicion(Celula*, int, curandStateXORWOW*)",1024,1024,55,0,88670208,8192
458,1959354083,1960332350,978267,0.978267,"funcionTransicion(Celula*, int, curandStateXORWOW*)",1024,1024,55,0,88670208,8192
459,1961141210,1961912342,771132,0.771132,"funcionTransicion(Celula*, int, curandStateXORWOW*)",1024,1024,55,0,88670208,8192
460,1962722034,1963493422,771388,0.771388,"funcionTransicion(Celula*, int, curandStateXORWOW*)",1024,1024,55,0,88670208,8192
461,1964310154,1965297893,987739,0.987739,"funcionTransicion(Celula*, int, curandStateXORWOW*)",1024,1024,55,0,88670208,8192
462,1966111680,1967128123,1016443,1.016443,"funcionTransicion(Celula*, int, curandStateXORWOW*)",1024,1024,55,0,88670208,8192
463,1967947543,1968764435,816892,0.816892,"funcionTransicion(Celula*, int, curandStateXORWOW*)",1024,1024,55,0,88670208,8192
464,1969574511,1970332139,757628,0.757628,"funcionTransicion(Celula*, int, curandStateXORWOW*)",1024,1024,55,0,88670208,8192
465,1971149031,1971872707,723676,0.723676,"funcionTransicion(Celula*, int, curandStateXORWOW*)",1024,1024,55,0,88670208,8192
466,1972688351,1973521883,833532,0.833532,"funcionTransicion(Celula*, int, curandStateXORWOW*)",1024,1024,55,0,88670208,8192
467,1974342070,1975278193,936123,0.936123,"funcionTransicion(Celula*, int, curandStateXORWOW*)",1024,1024,55,0,88670208,8192
468,1976094029,1977016809,922780,0.92278,"funcionTransicion(Celula*, int, curandStateXORWOW*)",1024,1024,55,0,88670208,8192
469,1977830148,1978780928,950780,0.95078,"funcionTransicion(Celula*, int, curandStateXORWOW*)",1024,1024,55,0,88670208,8192
470,1979588699,1980696598,1107899,1.107899,"funcionTransicion(Celula*, int, curandStateXORWOW*)",1024,1024,55,0,88670208,8192
471,1981505713,1982465996,960283,0.960283,"funcionTransicion(Celula*, int, curandStateXORWOW*)",1024,1024,55,0,88670208,8192
472,1983281224,1984032613,751389,0.751389,"funcionTransicion(Celula*, int, curandStateXORWOW*)",1024,1024,55,0,88670208,8192
473,1984846048,1985616668,770620,0.77062,"funcionTransicion(Celula*, int, curandStateXORWOW*)",1024,1024,55,0,88670208,8192
474,1986426424,1987222100,795676,0.795676,"funcionTransicion(Celula*, int, curandStateXORWOW*)",1024,1024,55,0,88670208,8192
475,1988030288,1988831692,801404,0.801404,"funcionTransicion(Celula*, int, curandStateXORWOW*)",1024,1024,55,0,88670208,8192
476,1989643208,1990467075,823867,0.823867,"funcionTransicion(Celula*, int, curandStateXORWOW*)",1024,1024,55,0,88670208,8192
477,1991281055,1992359194,1078139,1.078139,"funcionTransicion(Celula*, int, curandStateXORWOW*)",1024,1024,55,0,88670208,8192
478,1993177621,1994011633,834012,0.834012,"funcionTransicion(Celula*, int, curandStateXORWOW*)",1024,1024,55,0,88670208,8192
479,1994825549,1995614313,788764,0.788764,"funcionTransicion(Celula*, int, curandStateXORWOW*)",1024,1024,55,0,88670208,8192
480,1996432421,1997341664,909243,0.909243,"funcionTransicion(Celula*, int, curandStateXORWOW*)",1024,1024,55,0,88670208,8192
481,2073762584,2074593748,831164,0.831164,"funcionTransicion(Celula*, int, curandStateXORWOW*)",1024,1024,55,0,88670208,8192
482,2075405167,2076351211,946044,0.946044,"funcionTransicion(Celula*, int, curandStateXORWOW*)",1024,1024,55,0,88670208,8192
483,2077166502,2078286976,1120474,1.120474,"funcionTransicion(Celula*, int, curandStateXORWOW*)",1024,1024,55,0,88670208,8192
484,2079098684,2080053591,954907,0.954907,"funcionTransicion(Celula*, int, curandStateXORWOW*)",1024,1024,55,0,88670208,8192
485,2080866483,2081919758,1053275,1.053275,"funcionTransicion(Celula*, int, curandStateXORWOW*)",1024,1024,55,0,88670208,8192
486,2082730506,2083787204,1056698,1.056698,"funcionTransicion(Celula*, int, curandStateXORWOW*)",1024,1024,55,0,88670208,8192
487,2084593824,2085640826,1047002,1.047002,"funcionTransicion(Celula*, int, curandStateXORWOW*)",1024,1024,55,0,88670208,8192
488,2086457239,2087555185,1097946,1.097946,"funcionTransicion(Celula*, int, curandStateXORWOW*)",1024,1024,55,0,88670208,8192
489,2088375053,2089456423,1081370,1.08137,"funcionTransicion(Celula*, int, curandStateXORWOW*)",1024,1024,55,0,88670208,8192
490,2090269315,2091343806,1074491,1.074491,"funcionTransicion(Celula*, int, curandStateXORWOW*)",1024,1024,55,0,88670208,8192
491,2092145081,2093183860,1038779,1.038779,"funcionTransicion(Celula*, int, curandStateXORWOW*)",1024,1024,55,0,88670208,8192
492,2093986800,2095121610,1134810,1.13481,"funcionTransicion(Celula*, int, curandStateXORWOW*)",1024,1024,55,0,88670208,8192
493,2095926822,2097036960,1110138,1.110138,"funcionTransicion(Celula*, int, curandStateXORWOW*)",1024,1024,55,0,88670208,8192
494,2097851260,2099045846,1194586,1.194586,"funcionTransicion(Celula*, int, curandStateXORWOW*)",1024,1024,55,0,88670208,8192
495,2099861713,2100985260,1123547,1.123547,"funcionTransicion(Celula*, int, curandStateXORWOW*)",1024,1024,55,0,88670208,8192
496,2101804264,2103007970,1203706,1.203706,"funcionTransicion(Celula*, int, curandStateXORWOW*)",1024,1024,55,0,88670208,8192
497,2103819261,2104913144,1093883,1.093883,"funcionTransicion(Celula*, int, curandStateXORWOW*)",1024,1024,55,0,88670208,8192
498,2105721811,2106698414,976603,0.976603,"funcionTransicion(Celula*, int, curandStateXORWOW*)",1024,1024,55,0,88670208,8192
499,2107504330,2108466502,962172,0.962172,"funcionTransicion(Celula*, int, curandStateXORWOW*)",1024,1024,55,0,88670208,8192
500,2109274945,2110347292,1072347,1.072347,"funcionTransicion(Celula*, int, curandStateXORWOW*)",1024,1024,55,0,88670208,8192
501,2111164055,2112365585,1201530,1.20153,"funcionTransicion(Celula*, int, curandStateXORWOW*)",1024,1024,55,0,88670208,8192
502,2113181293,2114369639,1188346,1.188346,"funcionTransicion(Celula*, int, curandStateXORWOW*)",1024,1024,55,0,88670208,8192
503,2115184099,2116358749,1174650,1.17465,"funcionTransicion(Celula*, int, curandStateXORWOW*)",1024,1024,55,0,88670208,8192
504,2117174905,2118225811,1050906,1.050906,"funcionTransicion(Celula*, int, curandStateXORWOW*)",1024,1024,55,0,88670208,8192
505,2119069615,2120103882,1034267,1.034267,"funcionTransicion(Celula*, int, curandStateXORWOW*)",1024,1024,55,0,88670208,8192
506,2120921125,2121984320,1063195,1.063195,"funcionTransicion(Celula*, int, curandStateXORWOW*)",1024,1024,55,0,88670208,8192
507,2122794524,2123850006,1055482,1.055482,"funcionTransicion(Celula*, int, curandStateXORWOW*)",1024,1024,55,0,88670208,8192
508,2124671986,2125947340,1275354,1.275354,"funcionTransicion(Celula*, int, curandStateXORWOW*)",1024,1024,55,0,88670208,8192
509,2126763848,2127839650,1075802,1.075802,"funcionTransicion(Celula*, int, curandStateXORWOW*)",1024,1024,55,0,88670208,8192
510,2128650014,2129655961,1005947,1.005947,"funcionTransicion(Celula*, int, curandStateXORWOW*)",1024,1024,55,0,88670208,8192
511,2130466485,2131661646,1195161,1.195161,"funcionTransicion(Celula*, int, curandStateXORWOW*)",1024,1024,55,0,88670208,8192
512,2132476010,2133508197,1032187,1.032187,"funcionTransicion(Celula*, int, curandStateXORWOW*)",1024,1024,55,0,88670208,8192
513,2134324129,2135411963,1087834,1.087834,"funcionTransicion(Celula*, int, curandStateXORWOW*)",1024,1024,55,0,88670208,8192
514,2136219863,2137327185,1107322,1.107322,"funcionTransicion(Celula*, int, curandStateXORWOW*)",1024,1024,55,0,88670208,8192
515,2138138285,2139284871,1146586,1.146586,"funcionTransicion(Celula*, int, curandStateXORWOW*)",1024,1024,55,0,88670208,8192
516,2140092995,2141208253,1115258,1.115258,"funcionTransicion(Celula*, int, curandStateXORWOW*)",1024,1024,55,0,88670208,8192
517,2142025529,2143039732,1014203,1.014203,"funcionTransicion(Celula*, int, curandStateXORWOW*)",1024,1024,55,0,88670208,8192
518,2143854992,2145030346,1175354,1.175354,"funcionTransicion(Celula*, int, curandStateXORWOW*)",1024,1024,55,0,88670208,8192
519,2145844453,2146993343,1148890,1.14889,"funcionTransicion(Celula*, int, curandStateXORWOW*)",1024,1024,55,0,88670208,8192
520,2147803836,2148853910,1050074,1.050074,"funcionTransicion(Celula*, int, curandStateXORWOW*)",1024,1024,55,0,88670208,8192
521,2149669554,2150488078,818524,0.818524,"funcionTransicion(Celula*, int, curandStateXORWOW*)",1024,1024,55,0,88670208,8192
522,2151288265,2152286628,998363,0.998363,"funcionTransicion(Celula*, int, curandStateXORWOW*)",1024,1024,55,0,88670208,8192
523,2153102528,2154207131,1104603,1.104603,"funcionTransicion(Celula*, int, curandStateXORWOW*)",1024,1024,55,0,88670208,8192
524,2155019350,2156061521,1042171,1.042171,"funcionTransicion(Celula*, int, curandStateXORWOW*)",1024,1024,55,0,88670208,8192
525,2156863917,2158019687,1155770,1.15577,"funcionTransicion(Celula*, int, curandStateXORWOW*)",1024,1024,55,0,88670208,8192
526,2158832547,2159777150,944603,0.944603,"funcionTransicion(Celula*, int, curandStateXORWOW*)",1024,1024,55,0,88670208,8192
527,2160593914,2161682292,1088378,1.088378,"funcionTransicion(Celula*, int, curandStateXORWOW*)",1024,1024,55,0,88670208,8192
528,2162495664,2163592842,1097178,1.097178,"funcionTransicion(Celula*, int, curandStateXORWOW*)",1024,1024,55,0,88670208,8192
529,2164424006,2165492129,1068123,1.068123,"funcionTransicion(Celula*, int, curandStateXORWOW*)",1024,1024,55,0,88670208,8192
530,2166312060,2167291287,979227,0.979227,"funcionTransicion(Celula*, int, curandStateXORWOW*)",1024,1024,55,0,88670208,8192
531,2168101267,2169368589,1267322,1.267322,"funcionTransicion(Celula*, int, curandStateXORWOW*)",1024,1024,55,0,88670208,8192
532,2170182057,2171472802,1290745,1.290745,"funcionTransicion(Celula*, int, curandStateXORWOW*)",1024,1024,55,0,88670208,8192
533,2172284958,2173338616,1053658,1.053658,"funcionTransicion(Celula*, int, curandStateXORWOW*)",1024,1024,55,0,88670208,8192
534,2174152436,2175348398,1195962,1.195962,"funcionTransicion(Celula*, int, curandStateXORWOW*)",1024,1024,55,0,88670208,8192
535,2176163978,2177097317,933339,0.933339,"funcionTransicion(Celula*, int, curandStateXORWOW*)",1024,1024,55,0,88670208,8192
536,2177909249,2178945212,1035963,1.035963,"funcionTransicion(Celula*, int, curandStateXORWOW*)",1024,1024,55,0,88670208,8192
537,2179754743,2180893937,1139194,1.139194,"funcionTransicion(Celula*, int, curandStateXORWOW*)",1024,1024,55,0,88670208,8192
538,2181707629,2182767400,1059771,1.059771,"funcionTransicion(Celula*, int, curandStateXORWOW*)",1024,1024,55,0,88670208,8192
539,2183582276,2184751198,1168922,1.168922,"funcionTransicion(Celula*, int, curandStateXORWOW*)",1024,1024,55,0,88670208,8192
540,2185557434,2186827187,1269753,1.269753,"funcionTransicion(Celula*, int, curandStateXORWOW*)",1024,1024,55,0,88670208,8192
541,2187635503,2188797161,1161658,1.161658,"funcionTransicion(Celula*, int, curandStateXORWOW*)",1024,1024,55,0,88670208,8192
542,2189608901,2190685759,1076858,1.076858,"funcionTransicion(Celula*, int, curandStateXORWOW*)",1024,1024,55,0,88670208,8192
543,2191496347,2192425046,928699,0.928699,"funcionTransicion(Celula*, int, curandStateXORWOW*)",1024,1024,55,0,88670208,8192
544,2193241138,2194280493,1039355,1.039355,"funcionTransicion(Celula*, int, curandStateXORWOW*)",1024,1024,55,0,88670208,8192
545,2195098504,2196237763,1139259,1.139259,"funcionTransicion(Celula*, int, curandStateXORWOW*)",1024,1024,55,0,88670208,8192
546,2197049118,2197992633,943515,0.943515,"funcionTransicion(Celula*, int, curandStateXORWOW*)",1024,1024,55,0,88670208,8192
547,2198803317,2199742353,939036,0.939036,"funcionTransicion(Celula*, int, curandStateXORWOW*)",1024,1024,55,0,88670208,8192
548,2200558893,2201593543,1034650,1.03465,"funcionTransicion(Celula*, int, curandStateXORWOW*)",1024,1024,55,0,88670208,8192
549,2202405379,2203449502,1044123,1.044123,"funcionTransicion(Celula*, int, curandStateXORWOW*)",1024,1024,55,0,88670208,8192
550,2204264697,2205426707,1162010,1.16201,"funcionTransicion(Celula*, int, curandStateXORWOW*)",1024,1024,55,0,88670208,8192
551,2206238223,2207315914,1077691,1.077691,"funcionTransicion(Celula*, int, curandStateXORWOW*)",1024,1024,55,0,88670208,8192
552,2208123270,2209197664,1074394,1.074394,"funcionTransicion(Celula*, int, curandStateXORWOW*)",1024,1024,55,0,88670208,8192
553,2210032636,2210967991,935355,0.935355,"funcionTransicion(Celula*, int, curandStateXORWOW*)",1024,1024,55,0,88670208,8192
554,2211782195,2212553807,771612,0.771612,"funcionTransicion(Celula*, int, curandStateXORWOW*)",1024,1024,55,0,88670208,8192
555,2213368715,2214235718,867003,0.867003,"funcionTransicion(Celula*, int, curandStateXORWOW*)",1024,1024,55,0,88670208,8192
556,2215050434,2215991677,941243,0.941243,"funcionTransicion(Celula*, int, curandStateXORWOW*)",1024,1024,55,0,88670208,8192
557,2216800409,2217839668,1039259,1.039259,"funcionTransicion(Celula*, int, curandStateXORWOW*)",1024,1024,55,0,88670208,8192
558,2218650928,2219768074,1117146,1.117146,"funcionTransicion(Celula*, int, curandStateXORWOW*)",1024,1024,55,0,88670208,8192
559,2220586662,2221733216,1146554,1.146554,"funcionTransicion(Celula*, int, curandStateXORWOW*)",1024,1024,55,0,88670208,8192
560,2222546236,2223699158,1152922,1.152922,"funcionTransicion(Celula*, int, curandStateXORWOW*)",1024,1024,55,0,88670208,8192
561,2224506642,2225619660,1113018,1.113018,"funcionTransicion(Celula*, int, curandStateXORWOW*)",1024,1024,55,0,88670208,8192
562,2226435496,2227381603,946107,0.946107,"funcionTransicion(Celula*, int, curandStateXORWOW*)",1024,1024,55,0,88670208,8192
563,2228198463,2229275417,1076954,1.076954,"funcionTransicion(Celula*, int, curandStateXORWOW*)",1024,1024,55,0,88670208,8192
564,2230092533,2231160207,1067674,1.067674,"funcionTransicion(Celula*, int, curandStateXORWOW*)",1024,1024,55,0,88670208,8192
565,2231969259,2233037510,1068251,1.068251,"funcionTransicion(Celula*, int, curandStateXORWOW*)",1024,1024,55,0,88670208,8192
566,2233850370,2234886940,1036570,1.03657,"funcionTransicion(Celula*, int, curandStateXORWOW*)",1024,1024,55,0,88670208,8192
567,2235695384,2236701427,1006043,1.006043,"funcionTransicion(Celula*, int, curandStateXORWOW*)",1024,1024,55,0,88670208,8192
568,2237520047,2238369834,849787,0.849787,"funcionTransicion(Celula*, int, curandStateXORWOW*)",1024,1024,55,0,88670208,8192
569,2239191462,2240277761,1086299,1.086299,"funcionTransicion(Celula*, int, curandStateXORWOW*)",1024,1024,55,0,88670208,8192
570,2241092189,2242128343,1036154,1.036154,"funcionTransicion(Celula*, int, curandStateXORWOW*)",1024,1024,55,0,88670208,8192
571,2242937363,2243902926,965563,0.965563,"funcionTransicion(Celula*, int, curandStateXORWOW*)",1024,1024,55,0,88670208,8192
572,2244707690,2245609669,901979,0.901979,"funcionTransicion(Celula*, int, curandStateXORWOW*)",1024,1024,55,0,88670208,8192
573,2246424193,2247654779,1230586,1.230586,"funcionTransicion(Celula*, int, curandStateXORWOW*)",1024,1024,55,0,88670208,8192
574,2248464694,2249276146,811452,0.811452,"funcionTransicion(Celula*, int, curandStateXORWOW*)",1024,1024,55,0,88670208,8192
575,2250092430,2251144521,1052091,1.052091,"funcionTransicion(Celula*, int, curandStateXORWOW*)",1024,1024,55,0,88670208,8192
576,2251960005,2253165950,1205945,1.205945,"funcionTransicion(Celula*, int, curandStateXORWOW*)",1024,1024,55,0,88670208,8192
577,2253999386,2254953781,954395,0.954395,"funcionTransicion(Celula*, int, curandStateXORWOW*)",1024,1024,55,0,88670208,8192
578,2255770545,2256690540,919995,0.919995,"funcionTransicion(Celula*, int, curandStateXORWOW*)",1024,1024,55,0,88670208,8192
579,2257510056,2258627362,1117306,1.117306,"funcionTransicion(Celula*, int, curandStateXORWOW*)",1024,1024,55,0,88670208,8192
580,2259442206,2260585080,1142874,1.142874,"funcionTransicion(Celula*, int, curandStateXORWOW*)",1024,1024,55,0,88670208,8192
581,2261399508,2262412559,1013051,1.013051,"funcionTransicion(Celula*, int, curandStateXORWOW*)",1024,1024,55,0,88670208,8192
582,2263225514,2264073286,847772,0.847772,"funcionTransicion(Celula*, int, curandStateXORWOW*)",1024,1024,55,0,88670208,8192
583,2264882722,2265996348,1113626,1.113626,"funcionTransicion(Celula*, int, curandStateXORWOW*)",1024,1024,55,0,88670208,8192
584,2266803352,2268009362,1206010,1.20601,"funcionTransicion(Celula*, int, curandStateXORWOW*)",1024,1024,55,0,88670208,8192
585,2268827598,2269806697,979099,0.979099,"funcionTransicion(Celula*, int, curandStateXORWOW*)",1024,1024,55,0,88670208,8192
586,2270615013,2271556544,941531,0.941531,"funcionTransicion(Celula*, int, curandStateXORWOW*)",1024,1024,55,0,88670208,8192
587,2272374172,2273483030,1108858,1.108858,"funcionTransicion(Celula*, int, curandStateXORWOW*)",1024,1024,55,0,88670208,8192
588,2274293938,2275258189,964251,0.964251,"funcionTransicion(Celula*, int, curandStateXORWOW*)",1024,1024,55,0,88670208,8192
589,2276067721,2277046404,978683,0.978683,"funcionTransicion(Celula*, int, curandStateXORWOW*)",1024,1024,55,0,88670208,8192
590,2277862463,2279036793,1174330,1.17433,"funcionTransicion(Celula*, int, curandStateXORWOW*)",1024,1024,55,0,88670208,8192
591,2279850261,2280794992,944731,0.944731,"funcionTransicion(Celula*, int, curandStateXORWOW*)",1024,1024,55,0,88670208,8192
592,2281612012,2282534631,922619,0.922619,"funcionTransicion(Celula*, int, curandStateXORWOW*)",1024,1024,55,0,88670208,8192
593,2283347715,2284266911,919196,0.919196,"funcionTransicion(Celula*, int, curandStateXORWOW*)",1024,1024,55,0,88670208,8192
594,2285078971,2286014101,935130,0.93513,"funcionTransicion(Celula*, int, curandStateXORWOW*)",1024,1024,55,0,88670208,8192
595,2286824081,2287873388,1049307,1.049307,"funcionTransicion(Celula*, int, curandStateXORWOW*)",1024,1024,55,0,88670208,8192
596,2288685416,2289610563,925147,0.925147,"funcionTransicion(Celula*, int, curandStateXORWOW*)",1024,1024,55,0,88670208,8192
597,2290423775,2291302490,878715,0.878715,"funcionTransicion(Celula*, int, curandStateXORWOW*)",1024,1024,55,0,88670208,8192
598,2292110966,2293008402,897436,0.897436,"funcionTransicion(Celula*, int, curandStateXORWOW*)",1024,1024,55,0,88670208,8192
599,2293815757,2294673961,858204,0.858204,"funcionTransicion(Celula*, int, curandStateXORWOW*)",1024,1024,55,0,88670208,8192
600,2295477829,2296325697,847868,0.847868,"funcionTransicion(Celula*, int, curandStateXORWOW*)",1024,1024,55,0,88670208,8192
601,2372564185,2373466101,901916,0.901916,"funcionTransicion(Celula*, int, curandStateXORWOW*)",1024,1024,55,0,88670208,8192
602,2374281136,2375152620,871484,0.871484,"funcionTransicion(Celula*, int, curandStateXORWOW*)",1024,1024,55,0,88670208,8192
603,2375971463,2377163969,1192506,1.192506,"funcionTransicion(Celula*, int, curandStateXORWOW*)",1024,1024,55,0,88670208,8192
604,2377974973,2378777817,802844,0.802844,"funcionTransicion(Celula*, int, curandStateXORWOW*)",1024,1024,55,0,88670208,8192
605,2379589525,2380712367,1122842,1.122842,"funcionTransicion(Celula*, int, curandStateXORWOW*)",1024,1024,55,0,88670208,8192
606,2381525803,2382697957,1172154,1.172154,"funcionTransicion(Celula*, int, curandStateXORWOW*)",1024,1024,55,0,88670208,8192
607,2383522497,2384364892,842395,0.842395,"funcionTransicion(Celula*, int, curandStateXORWOW*)",1024,1024,55,0,88670208,8192
608,2385172825,2386202099,1029274,1.029274,"funcionTransicion(Celula*, int, curandStateXORWOW*)",1024,1024,55,0,88670208,8192
609,2387021263,2388086569,1065306,1.065306,"funcionTransicion(Celula*, int, curandStateXORWOW*)",1024,1024,55,0,88670208,8192
610,2388903077,2389985439,1082362,1.082362,"funcionTransicion(Celula*, int, curandStateXORWOW*)",1024,1024,55,0,88670208,8192
611,2390795452,2391972533,1177081,1.177081,"funcionTransicion(Celula*, int, curandStateXORWOW*)",1024,1024,55,0,88670208,8192
612,2392778769,2393918379,1139610,1.13961,"funcionTransicion(Celula*, int, curandStateXORWOW*)",1024,1024,55,0,88670208,8192
613,2394726567,2395928705,1202138,1.202138,"funcionTransicion(Celula*, int, curandStateXORWOW*)",1024,1024,55,0,88670208,8192
614,2396738717,2397765656,1026939,1.026939,"funcionTransicion(Celula*, int, curandStateXORWOW*)",1024,1024,55,0,88670208,8192
615,2398578132,2399583374,1005242,1.005242,"funcionTransicion(Celula*, int, curandStateXORWOW*)",1024,1024,55,0,88670208,8192
616,2400408106,2401484197,1076091,1.076091,"funcionTransicion(Celula*, int, curandStateXORWOW*)",1024,1024,55,0,88670208,8192
617,2402294912,2403520922,1226010,1.22601,"funcionTransicion(Celula*, int, curandStateXORWOW*)",1024,1024,55,0,88670208,8192
618,2404341014,2405463824,1122810,1.12281,"funcionTransicion(Celula*, int, curandStateXORWOW*)",1024,1024,55,0,88670208,8192
619,2406277484,2407280519,1003035,1.003035,"funcionTransicion(Celula*, int, curandStateXORWOW*)",1024,1024,55,0,88670208,8192
620,2408089539,2409197565,1108026,1.108026,"funcionTransicion(Celula*, int, curandStateXORWOW*)",1024,1024,55,0,88670208,8192
621,2410009433,2411135411,1125978,1.125978,"funcionTransicion(Celula*, int, curandStateXORWOW*)",1024,1024,55,0,88670208,8192
622,2411945615,2412911402,965787,0.965787,"funcionTransicion(Celula*, int, curandStateXORWOW*)",1024,1024,55,0,88670208,8192
623,2413721446,2414961087,1239641,1.239641,"funcionTransicion(Celula*, int, curandStateXORWOW*)",1024,1024,55,0,88670208,8192
624,2415772891,2416918421,1145530,1.14553,"funcionTransicion(Celula*, int, curandStateXORWOW*)",1024,1024,55,0,88670208,8192
625,2417772113,2418995627,1223514,1.223514,"funcionTransicion(Celula*, int, curandStateXORWOW*)",1024,1024,55,0,88670208,8192
626,2419805958,2420810017,1004059,1.004059,"funcionTransicion(Celula*, int, curandStateXORWOW*)",1024,1024,55,0,88670208,8192
627,2421626653,2422761687,1135034,1.135034,"funcionTransicion(Celula*, int, curandStateXORWOW*)",1024,1024,55,0,88670208,8192
628,2423579059,2424626542,1047483,1.047483,"funcionTransicion(Celula*, int, curandStateXORWOW*)",1024,1024,55,0,88670208,8192
629,2425439498,2426461829,1022331,1.022331,"funcionTransicion(Celula*, int, curandStateXORWOW*)",1024,1024,55,0,88670208,8192
630,2427286944,2428471706,1184762,1.184762,"funcionTransicion(Celula*, int, curandStateXORWOW*)",1024,1024,55,0,88670208,8192
631,2429286550,2430441584,1155034,1.155034,"funcionTransicion(Celula*, int, curandStateXORWOW*)",1024,1024,55,0,88670208,8192
632,2431248076,2432538949,1290873,1.290873,"funcionTransicion(Celula*, int, curandStateXORWOW*)",1024,1024,55,0,88670208,8192
633,2433346561,2434629370,1282809,1.282809,"funcionTransicion(Celula*, int, curandStateXORWOW*)",1024,1024,55,0,88670208,8192
634,2435446998,2436606864,1159866,1.159866,"funcionTransicion(Celula*, int, curandStateXORWOW*)",1024,1024,55,0,88670208,8192
635,2437414412,2438553318,1138906,1.138906,"funcionTransicion(Celula*, int, curandStateXORWOW*)",1024,1024,55,0,88670208,8192
636,2439365378,2440454749,1089371,1.089371,"funcionTransicion(Celula*, int, curandStateXORWOW*)",1024,1024,55,0,88670208,8192
637,2441269432,2442482386,1212954,1.212954,"funcionTransicion(Celula*, int, curandStateXORWOW*)",1024,1024,55,0,88670208,8192
638,2443300622,2444532520,1231898,1.231898,"funcionTransicion(Celula*, int, curandStateXORWOW*)",1024,1024,55,0,88670208,8192
639,2445342211,2446443006,1100795,1.100795,"funcionTransicion(Celula*, int, curandStateXORWOW*)",1024,1024,55,0,88670208,8192
640,2447254009,2448288660,1034651,1.034651,"funcionTransicion(Celula*, int, curandStateXORWOW*)",1024,1024,55,0,88670208,8192
641,2449101648,2450354377,1252729,1.252729,"funcionTransicion(Celula*, int, curandStateXORWOW*)",1024,1024,55,0,88670208,8192
642,2451165637,2452236160,1070523,1.070523,"funcionTransicion(Celula*, int, curandStateXORWOW*)",1024,1024,55,0,88670208,8192
643,2453047484,2454224374,1176890,1.17689,"funcionTransicion(Celula*, int, curandStateXORWOW*)",1024,1024,55,0,88670208,8192
644,2455044658,2456171244,1126586,1.126586,"funcionTransicion(Celula*, int, curandStateXORWOW*)",1024,1024,55,0,88670208,8192
645,2456982728,2458278273,1295545,1.295545,"funcionTransicion(Celula*, int, curandStateXORWOW*)",1024,1024,55,0,88670208,8192
646,2459089693,2460166199,1076506,1.076506,"funcionTransicion(Celula*, int, curandStateXORWOW*)",1024,1024,55,0,88670208,8192
647,2460976531,2462126957,1150426,1.150426,"funcionTransicion(Celula*, int, curandStateXORWOW*)",1024,1024,55,0,88670208,8192
648,2462945865,2463992164,1046299,1.046299,"funcionTransicion(Celula*, int, curandStateXORWOW*)",1024,1024,55,0,88670208,8192
649,2464821887,2466091641,1269754,1.269754,"funcionTransicion(Celula*, int, curandStateXORWOW*)",1024,1024,55,0,88670208,8192
650,2466904820,2468105742,1200922,1.200922,"funcionTransicion(Celula*, int, curandStateXORWOW*)",1024,1024,55,0,88670208,8192
651,2468922634,2470236484,1313850,1.31385,"funcionTransicion(Celula*, int, curandStateXORWOW*)",1024,1024,55,0,88670208,8192
652,2471052959,2472201049,1148090,1.14809,"funcionTransicion(Celula*, int, curandStateXORWOW*)",1024,1024,55,0,88670208,8192
653,2473021429,2474263375,1241946,1.241946,"funcionTransicion(Celula*, int, curandStateXORWOW*)",1024,1024,55,0,88670208,8192
654,2475074314,2476327844,1253530,1.25353,"funcionTransicion(Celula*, int, curandStateXORWOW*)",1024,1024,55,0,88670208,8192
655,2477139584,2478295962,1156378,1.156378,"funcionTransicion(Celula*, int, curandStateXORWOW*)",1024,1024,55,0,88670208,8192
656,2479111318,2480185904,1074586,1.074586,"funcionTransicion(Celula*, int, curandStateXORWOW*)",1024,1024,55,0,88670208,8192
657,2481002252,2482160550,1158298,1.158298,"funcionTransicion(Celula*, int, curandStateXORWOW*)",1024,1024,55,0,88670208,8192
658,2482971074,2484156252,1185178,1.185178,"funcionTransicion(Celula*, int, curandStateXORWOW*)",1024,1024,55,0,88670208,8192
659,2484970136,2486071666,1101530,1.10153,"funcionTransicion(Celula*, int, curandStateXORWOW*)",1024,1024,55,0,88670208,8192
660,2486882606,2487963753,1081147,1.081147,"funcionTransicion(Celula*, int, curandStateXORWOW*)",1024,1024,55,0,88670208,8192
661,2488781252,2489950206,1168954,1.168954,"funcionTransicion(Celula*, int, curandStateXORWOW*)",1024,1024,55,0,88670208,8192
662,2490762458,2491990708,1228250,1.22825,"funcionTransicion(Celula*, int, curandStateXORWOW*)",1024,1024,55,0,88670208,8192
663,2492804847,2493765546,960699,0.960699,"funcionTransicion(Celula*, int, curandStateXORWOW*)",1024,1024,55,0,88670208,8192
664,2494578663,2495793376,1214713,1.214713,"funcionTransicion(Celula*, int, curandStateXORWOW*)",1024,1024,55,0,88670208,8192
665,2496603836,2497798806,1194970,1.19497,"funcionTransicion(Celula*, int, curandStateXORWOW*)",1024,1024,55,0,88670208,8192
666,2498618994,2499790956,1171962,1.171962,"funcionTransicion(Celula*, int, curandStateXORWOW*)",1024,1024,55,0,88670208,8192
667,2500593543,2501717474,1123931,1.123931,"funcionTransicion(Celula*, int, curandStateXORWOW*)",1024,1024,55,0,88670208,8192
668,2502531997,2503707320,1175323,1.175323,"funcionTransicion(Celula*, int, curandStateXORWOW*)",1024,1024,55,0,88670208,8192
669,2504523571,2505685166,1161595,1.161595,"funcionTransicion(Celula*, int, curandStateXORWOW*)",1024,1024,55,0,88670208,8192
670,2506507177,2507699299,1192122,1.192122,"funcionTransicion(Celula*, int, curandStateXORWOW*)",1024,1024,55,0,88670208,8192
671,2508511839,2509655353,1143514,1.143514,"funcionTransicion(Celula*, int, curandStateXORWOW*)",1024,1024,55,0,88670208,8192
672,2510462229,2511675823,1213594,1.213594,"funcionTransicion(Celula*, int, curandStateXORWOW*)",1024,1024,55,0,88670208,8192
673,2512510026,2513665796,1155770,1.15577,"funcionTransicion(Celula*, int, curandStateXORWOW*)",1024,1024,55,0,88670208,8192
674,2514480192,2515542523,1062331,1.062331,"funcionTransicion(Celula*, int, curandStateXORWOW*)",1024,1024,55,0,88670208,8192
675,2516359702,2517416561,1056859,1.056859,"funcionTransicion(Celula*, int, curandStateXORWOW*)",1024,1024,55,0,88670208,8192
676,2518231853,2519230760,998907,0.998907,"funcionTransicion(Celula*, int, curandStateXORWOW*)",1024,1024,55,0,88670208,8192
677,2520041732,2521103774,1062042,1.062042,"funcionTransicion(Celula*, int, curandStateXORWOW*)",1024,1024,55,0,88670208,8192
678,2521917562,2522907733,990171,0.990171,"funcionTransicion(Celula*, int, curandStateXORWOW*)",1024,1024,55,0,88670208,8192
679,2523719921,2524838059,1118138,1.118138,"funcionTransicion(Celula*, int, curandStateXORWOW*)",1024,1024,55,0,88670208,8192
680,2525651943,2526692738,1040795,1.040795,"funcionTransicion(Celula*, int, curandStateXORWOW*)",1024,1024,55,0,88670208,8192
681,2527497149,2528426937,929788,0.929788,"funcionTransicion(Celula*, int, curandStateXORWOW*)",1024,1024,55,0,88670208,8192
682,2529236437,2530317967,1081530,1.08153,"funcionTransicion(Celula*, int, curandStateXORWOW*)",1024,1024,55,0,88670208,8192
683,2531124747,2532244741,1119994,1.119994,"funcionTransicion(Celula*, int, curandStateXORWOW*)",1024,1024,55,0,88670208,8192
684,2533057025,2534172347,1115322,1.115322,"funcionTransicion(Celula*, int, curandStateXORWOW*)",1024,1024,55,0,88670208,8192
685,2534986039,2536145937,1159898,1.159898,"funcionTransicion(Celula*, int, curandStateXORWOW*)",1024,1024,55,0,88670208,8192
686,2536955949,2538110823,1154874,1.154874,"funcionTransicion(Celula*, int, curandStateXORWOW*)",1024,1024,55,0,88670208,8192
687,2538915011,2539995421,1080410,1.08041,"funcionTransicion(Celula*, int, curandStateXORWOW*)",1024,1024,55,0,88670208,8192
688,2540806297,2542070323,1264026,1.264026,"funcionTransicion(Celula*, int, curandStateXORWOW*)",1024,1024,55,0,88670208,8192
689,2542880942,2544110408,1229466,1.229466,"funcionTransicion(Celula*, int, curandStateXORWOW*)",1024,1024,55,0,88670208,8192
690,2544920740,2546167837,1247097,1.247097,"funcionTransicion(Celula*, int, curandStateXORWOW*)",1024,1024,55,0,88670208,8192
691,2546977977,2548270931,1292954,1.292954,"funcionTransicion(Celula*, int, curandStateXORWOW*)",1024,1024,55,0,88670208,8192
692,2549084431,2550229257,1144826,1.144826,"funcionTransicion(Celula*, int, curandStateXORWOW*)",1024,1024,55,0,88670208,8192
693,2551042884,2552330846,1287962,1.287962,"funcionTransicion(Celula*, int, curandStateXORWOW*)",1024,1024,55,0,88670208,8192
694,2553151930,2554337140,1185210,1.18521,"funcionTransicion(Celula*, int, curandStateXORWOW*)",1024,1024,55,0,88670208,8192
695,2555143279,2556259722,1116443,1.116443,"funcionTransicion(Celula*, int, curandStateXORWOW*)",1024,1024,55,0,88670208,8192
696,2557074053,2558242815,1168762,1.168762,"funcionTransicion(Celula*, int, curandStateXORWOW*)",1024,1024,55,0,88670208,8192
697,2559104283,2560350261,1245978,1.245978,"funcionTransicion(Celula*, int, curandStateXORWOW*)",1024,1024,55,0,88670208,8192
698,2561164081,2562380778,1216697,1.216697,"funcionTransicion(Celula*, int, curandStateXORWOW*)",1024,1024,55,0,88670208,8192
699,2563194406,2564380064,1185658,1.185658,"funcionTransicion(Celula*, int, curandStateXORWOW*)",1024,1024,55,0,88670208,8192
700,2565195292,2566353462,1158170,1.15817,"funcionTransicion(Celula*, int, curandStateXORWOW*)",1024,1024,55,0,88670208,8192
701,2567172114,2568268556,1096442,1.096442,"funcionTransicion(Celula*, int, curandStateXORWOW*)",1024,1024,55,0,88670208,8192
702,2569079848,2570217250,1137402,1.137402,"funcionTransicion(Celula*, int, curandStateXORWOW*)",1024,1024,55,0,88670208,8192
703,2571024510,2572172472,1147962,1.147962,"funcionTransicion(Celula*, int, curandStateXORWOW*)",1024,1024,55,0,88670208,8192
704,2572991188,2574158990,1167802,1.167802,"funcionTransicion(Celula*, int, curandStateXORWOW*)",1024,1024,55,0,88670208,8192
705,2574977226,2576085668,1108442,1.108442,"funcionTransicion(Celula*, int, curandStateXORWOW*)",1024,1024,55,0,88670208,8192
706,2576898048,2578037242,1139194,1.139194,"funcionTransicion(Celula*, int, curandStateXORWOW*)",1024,1024,55,0,88670208,8192
707,2578850870,2579896048,1045178,1.045178,"funcionTransicion(Celula*, int, curandStateXORWOW*)",1024,1024,55,0,88670208,8192
708,2580708940,2581909990,1201050,1.20105,"funcionTransicion(Celula*, int, curandStateXORWOW*)",1024,1024,55,0,88670208,8192
709,2582721410,2583906940,1185530,1.18553,"funcionTransicion(Celula*, int, curandStateXORWOW*)",1024,1024,55,0,88670208,8192
710,2584717368,2585823730,1106362,1.106362,"funcionTransicion(Celula*, int, curandStateXORWOW*)",1024,1024,55,0,88670208,8192
711,2586634254,2587650601,1016347,1.016347,"funcionTransicion(Celula*, int, curandStateXORWOW*)",1024,1024,55,0,88670208,8192
712,2588455780,2589632638,1176858,1.176858,"funcionTransicion(Celula*, int, curandStateXORWOW*)",1024,1024,55,0,88670208,8192
713,2590444186,2591602644,1158458,1.158458,"funcionTransicion(Celula*, int, curandStateXORWOW*)",1024,1024,55,0,88670208,8192
714,2592415472,2593627370,1211898,1.211898,"funcionTransicion(Celula*, int, curandStateXORWOW*)",1024,1024,55,0,88670208,8192
715,2594435366,2595717215,1281849,1.281849,"funcionTransicion(Celula*, int, curandStateXORWOW*)",1024,1024,55,0,88670208,8192
716,2596534811,2597668949,1134138,1.134138,"funcionTransicion(Celula*, int, curandStateXORWOW*)",1024,1024,55,0,88670208,8192
717,2598486769,2599692619,1205850,1.20585,"funcionTransicion(Celula*, int, curandStateXORWOW*)",1024,1024,55,0,88670208,8192
718,2600509255,2601675937,1166682,1.166682,"funcionTransicion(Celula*, int, curandStateXORWOW*)",1024,1024,55,0,88670208,8192
719,2602492060,2603787733,1295673,1.295673,"funcionTransicion(Celula*, int, curandStateXORWOW*)",1024,1024,55,0,88670208,8192
720,2604600817,2605792331,1191514,1.191514,"funcionTransicion(Celula*, int, curandStateXORWOW*)",1024,1024,55,0,88670208,8192
721,2684880757,2686116047,1235290,1.23529,"funcionTransicion(Celula*, int, curandStateXORWOW*)",1024,1024,55,0,88670208,8192
722,2686921035,2688052773,1131738,1.131738,"funcionTransicion(Celula*, int, curandStateXORWOW*)",1024,1024,55,0,88670208,8192
723,2688867745,2690100282,1232537,1.232537,"funcionTransicion(Celula*, int, curandStateXORWOW*)",1024,1024,55,0,88670208,8192
724,2690918998,2692062992,1143994,1.143994,"funcionTransicion(Celula*, int, curandStateXORWOW*)",1024,1024,55,0,88670208,8192
725,2692873932,2694021926,1147994,1.147994,"funcionTransicion(Celula*, int, curandStateXORWOW*)",1024,1024,55,0,88670208,8192
726,2694834978,2696014236,1179258,1.179258,"funcionTransicion(Celula*, int, curandStateXORWOW*)",1024,1024,55,0,88670208,8192
727,2696829656,2697986194,1156538,1.156538,"funcionTransicion(Celula*, int, curandStateXORWOW*)",1024,1024,55,0,88670208,8192
728,2698802574,2699939272,1136698,1.136698,"funcionTransicion(Celula*, int, curandStateXORWOW*)",1024,1024,55,0,88670208,8192
729,2700753763,2702013885,1260122,1.260122,"funcionTransicion(Celula*, int, curandStateXORWOW*)",1024,1024,55,0,88670208,8192
730,2702822649,2703894707,1072058,1.072058,"funcionTransicion(Celula*, int, curandStateXORWOW*)",1024,1024,55,0,88670208,8192
731,2704705327,2706021672,1316345,1.316345,"funcionTransicion(Celula*, int, curandStateXORWOW*)",1024,1024,55,0,88670208,8192
732,2706831908,2708154878,1322970,1.32297,"funcionTransicion(Celula*, int, curandStateXORWOW*)",1024,1024,55,0,88670208,8192
733,2708968153,2710264691,1296538,1.296538,"funcionTransicion(Celula*, int, curandStateXORWOW*)",1024,1024,55,0,88670208,8192
734,2711080975,2712225673,1144698,1.144698,"funcionTransicion(Celula*, int, curandStateXORWOW*)",1024,1024,55,0,88670208,8192
735,2713037285,2714331646,1294361,1.294361,"funcionTransicion(Celula*, int, curandStateXORWOW*)",1024,1024,55,0,88670208,8192
736,2715145178,2716226356,1081178,1.081178,"funcionTransicion(Celula*, int, curandStateXORWOW*)",1024,1024,55,0,88670208,8192
737,2717039408,2718271210,1231802,1.231802,"funcionTransicion(Celula*, int, curandStateXORWOW*)",1024,1024,55,0,88670208,8192
738,2719087685,2720216832,1129147,1.129147,"funcionTransicion(Celula*, int, curandStateXORWOW*)",1024,1024,55,0,88670208,8192
739,2721033083,2722227605,1194522,1.194522,"funcionTransicion(Celula*, int, curandStateXORWOW*)",1024,1024,55,0,88670208,8192
740,2723041617,2724204715,1163098,1.163098,"funcionTransicion(Celula*, int, curandStateXORWOW*)",1024,1024,55,0,88670208,8192
741,2725023079,2726277665,1254586,1.254586,"funcionTransicion(Celula*, int, curandStateXORWOW*)",1024,1024,55,0,88670208,8192
742,2727100092,2728449046,1348954,1.348954,"funcionTransicion(Celula*, int, curandStateXORWOW*)",1024,1024,55,0,88670208,8192
743,2729253937,2730532875,1278938,1.278938,"funcionTransicion(Celula*, int, curandStateXORWOW*)",1024,1024,55,0,88670208,8192
744,2731350599,2732672096,1321497,1.321497,"funcionTransicion(Celula*, int, curandStateXORWOW*)",1024,1024,55,0,88670208,8192
745,2733518203,2734716213,1198010,1.19801,"funcionTransicion(Celula*, int, curandStateXORWOW*)",1024,1024,55,0,88670208,8192
746,2735523473,2736850410,1326937,1.326937,"funcionTransicion(Celula*, int, curandStateXORWOW*)",1024,1024,55,0,88670208,8192
747,2737657862,2738948800,1290938,1.290938,"funcionTransicion(Celula*, int, curandStateXORWOW*)",1024,1024,55,0,88670208,8192
748,2739762715,2741086996,1324281,1.324281,"funcionTransicion(Celula*, int, curandStateXORWOW*)",1024,1024,55,0,88670208,8192
749,2741897776,2743267401,1369625,1.369625,"funcionTransicion(Celula*, int, curandStateXORWOW*)",1024,1024,55,0,88670208,8192
750,2744078853,2745462110,1383257,1.383257,"funcionTransicion(Celula*, int, curandStateXORWOW*)",1024,1024,55,0,88670208,8192
751,2746276378,2747521716,1245338,1.245338,"funcionTransicion(Celula*, int, curandStateXORWOW*)",1024,1024,55,0,88670208,8192
752,2748334223,2749700936,1366713,1.366713,"funcionTransicion(Celula*, int, curandStateXORWOW*)",1024,1024,55,0,88670208,8192
753,2750513156,2751778750,1265594,1.265594,"funcionTransicion(Celula*, int, curandStateXORWOW*)",1024,1024,55,0,88670208,8192
754,2752587130,2753958291,1371161,1.371161,"funcionTransicion(Celula*, int, curandStateXORWOW*)",1024,1024,55,0,88670208,8192
755,2754775566,2756121927,1346361,1.346361,"funcionTransicion(Celula*, int, curandStateXORWOW*)",1024,1024,55,0,88670208,8192
756,2756940835,2758327068,1386233,1.386233,"funcionTransicion(Celula*, int, curandStateXORWOW*)",1024,1024,55,0,88670208,8192
757,2759145656,2760576304,1430648,1.430648,"funcionTransicion(Celula*, int, curandStateXORWOW*)",1024,1024,55,0,88670208,8192
758,2761396460,2762731653,1335193,1.335193,"funcionTransicion(Celula*, int, curandStateXORWOW*)",1024,1024,55,0,88670208,8192
759,2763542625,2764855994,1313369,1.313369,"funcionTransicion(Celula*, int, curandStateXORWOW*)",1024,1024,55,0,88670208,8192
760,2765665622,2766924880,1259258,1.259258,"funcionTransicion(Celula*, int, curandStateXORWOW*)",1024,1024,55,0,88670208,8192
761,2767742060,2768985029,1242969,1.242969,"funcionTransicion(Celula*, int, curandStateXORWOW*)",1024,1024,55,0,88670208,8192
762,2769793377,2771133882,1340505,1.340505,"funcionTransicion(Celula*, int, curandStateXORWOW*)",1024,1024,55,0,88670208,8192
763,2771948950,2773304655,1355705,1.355705,"funcionTransicion(Celula*, int, curandStateXORWOW*)",1024,1024,55,0,88670208,8192
764,2774123403,2775384517,1261114,1.261114,"funcionTransicion(Celula*, int, curandStateXORWOW*)",1024,1024,55,0,88670208,8192
765,2776203520,2777595673,1392153,1.392153,"funcionTransicion(Celula*, int, curandStateXORWOW*)",1024,1024,55,0,88670208,8192
766,2778410997,2779705614,1294617,1.294617,"funcionTransicion(Celula*, int, curandStateXORWOW*)",1024,1024,55,0,88670208,8192
767,2780513578,2781772483,1258905,1.258905,"funcionTransicion(Celula*, int, curandStateXORWOW*)",1024,1024,55,0,88670208,8192
768,2782587167,2783878873,1291706,1.291706,"funcionTransicion(Celula*, int, curandStateXORWOW*)",1024,1024,55,0,88670208,8192
769,2784707508,2785995502,1287994,1.287994,"funcionTransicion(Celula*, int, curandStateXORWOW*)",1024,1024,55,0,88670208,8192
770,2786817897,2788204963,1387066,1.387066,"funcionTransicion(Celula*, int, curandStateXORWOW*)",1024,1024,55,0,88670208,8192
771,2789015742,2790362295,1346553,1.346553,"funcionTransicion(Celula*, int, curandStateXORWOW*)",1024,1024,55,0,88670208,8192
772,2791184563,2792456365,1271802,1.271802,"funcionTransicion(Celula*, int, curandStateXORWOW*)",1024,1024,55,0,88670208,8192
773,2793274152,2794534722,1260570,1.26057,"funcionTransicion(Celula*, int, curandStateXORWOW*)",1024,1024,55,0,88670208,8192
774,2795353406,2796688407,1335001,1.335001,"funcionTransicion(Celula*, int, curandStateXORWOW*)",1024,1024,55,0,88670208,8192
775,2797501363,2798751692,1250329,1.250329,"funcionTransicion(Celula*, int, curandStateXORWOW*)",1024,1024,55,0,88670208,8192
776,2799564840,2800779938,1215098,1.215098,"funcionTransicion(Celula*, int, curandStateXORWOW*)",1024,1024,55,0,88670208,8192
777,2801591870,2802878551,1286681,1.286681,"funcionTransicion(Celula*, int, curandStateXORWOW*)",1024,1024,55,0,88670208,8192
778,2803697587,2804935565,1237978,1.237978,"funcionTransicion(Celula*, int, curandStateXORWOW*)",1024,1024,55,0,88670208,8192
779,2805751305,2807034338,1283033,1.283033,"funcionTransicion(Celula*, int, curandStateXORWOW*)",1024,1024,55,0,88670208,8192
780,2807843102,2809104695,1261593,1.261593,"funcionTransicion(Celula*, int, curandStateXORWOW*)",1024,1024,55,0,88670208,8192
781,2809907155,2811109293,1202138,1.202138,"funcionTransicion(Celula*, int, curandStateXORWOW*)",1024,1024,55,0,88670208,8192
782,2811926857,2813255010,1328153,1.328153,"funcionTransicion(Celula*, int, curandStateXORWOW*)",1024,1024,55,0,88670208,8192
783,2814061278,2815361143,1299865,1.299865,"funcionTransicion(Celula*, int, curandStateXORWOW*)",1024,1024,55,0,88670208,8192
784,2816178483,2817333005,1154522,1.154522,"funcionTransicion(Celula*, int, curandStateXORWOW*)",1024,1024,55,0,88670208,8192
785,2818144009,2819418370,1274361,1.274361,"funcionTransicion(Celula*, int, curandStateXORWOW*)",1024,1024,55,0,88670208,8192
786,2820228158,2821460440,1232282,1.232282,"funcionTransicion(Celula*, int, curandStateXORWOW*)",1024,1024,55,0,88670208,8192
787,2822275059,2823603981,1328922,1.328922,"funcionTransicion(Celula*, int, curandStateXORWOW*)",1024,1024,55,0,88670208,8192
788,2824424008,2825665122,1241114,1.241114,"funcionTransicion(Celula*, int, curandStateXORWOW*)",1024,1024,55,0,88670208,8192
789,2826486494,2827679448,1192954,1.192954,"funcionTransicion(Celula*, int, curandStateXORWOW*)",1024,1024,55,0,88670208,8192
790,2828490900,2829676462,1185562,1.185562,"funcionTransicion(Celula*, int, curandStateXORWOW*)",1024,1024,55,0,88670208,8192
791,2830492937,2831644356,1151419,1.151419,"funcionTransicion(Celula*, int, curandStateXORWOW*)",1024,1024,55,0,88670208,8192
792,2832461279,2833768281,1307002,1.307002,"funcionTransicion(Celula*, int, curandStateXORWOW*)",1024,1024,55,0,88670208,8192
793,2834604244,2835832558,1228314,1.228314,"funcionTransicion(Celula*, int, curandStateXORWOW*)",1024,1024,55,0,88670208,8192
794,2836644362,2837883651,1239289,1.239289,"funcionTransicion(Celula*, int, curandStateXORWOW*)",1024,1024,55,0,88670208,8192
795,2838694239,2839784281,1090042,1.090042,"funcionTransicion(Celula*, int, curandStateXORWOW*)",1024,1024,55,0,88670208,8192
796,2840596598,2841789679,1193081,1.193081,"funcionTransicion(Celula*, int, curandStateXORWOW*)",1024,1024,55,0,88670208,8192
797,2842605419,2843743621,1138202,1.138202,"funcionTransicion(Celula*, int, curandStateXORWOW*)",1024,1024,55,0,88670208,8192
798,2844554273,2845778747,1224474,1.224474,"funcionTransicion(Celula*, int, curandStateXORWOW*)",1024,1024,55,0,88670208,8192
799,2846604247,2847714641,1110394,1.110394,"funcionTransicion(Celula*, int, curandStateXORWOW*)",1024,1024,55,0,88670208,8192
800,2848529389,2849745415,1216026,1.216026,"funcionTransicion(Celula*, int, curandStateXORWOW*)",1024,1024,55,0,88670208,8192
801,2850554818,2851644925,1090107,1.090107,"funcionTransicion(Celula*, int, curandStateXORWOW*)",1024,1024,55,0,88670208,8192
802,2852461944,2853776306,1314362,1.314362,"funcionTransicion(Celula*, int, curandStateXORWOW*)",1024,1024,55,0,88670208,8192
803,2854593325,2855814183,1220858,1.220858,"funcionTransicion(Celula*, int, curandStateXORWOW*)",1024,1024,55,0,88670208,8192
804,2856628387,2857789469,1161082,1.161082,"funcionTransicion(Celula*, int, curandStateXORWOW*)",1024,1024,55,0,88670208,8192
805,2858604249,2859820979,1216730,1.21673,"funcionTransicion(Celula*, int, curandStateXORWOW*)",1024,1024,55,0,88670208,8192
806,2860635374,2861837993,1202619,1.202619,"funcionTransicion(Celula*, int, curandStateXORWOW*)",1024,1024,55,0,88670208,8192
807,2862652452,2863857118,1204666,1.204666,"funcionTransicion(Celula*, int, curandStateXORWOW*)",1024,1024,55,0,88670208,8192
808,2864670170,2865894932,1224762,1.224762,"funcionTransicion(Celula*, int, curandStateXORWOW*)",1024,1024,55,0,88670208,8192
809,2866706607,2867922345,1215738,1.215738,"funcionTransicion(Celula*, int, curandStateXORWOW*)",1024,1024,55,0,88670208,8192
810,2868738149,2869945119,1206970,1.20697,"funcionTransicion(Celula*, int, curandStateXORWOW*)",1024,1024,55,0,88670208,8192
811,2870760026,2871981620,1221594,1.221594,"funcionTransicion(Celula*, int, curandStateXORWOW*)",1024,1024,55,0,88670208,8192
812,2872800080,2874056650,1256570,1.25657,"funcionTransicion(Celula*, int, curandStateXORWOW*)",1024,1024,55,0,88670208,8192
813,2874876869,2876088703,1211834,1.211834,"funcionTransicion(Celula*, int, curandStateXORWOW*)",1024,1024,55,0,88670208,8192
814,2876904507,2878228564,1324057,1.324057,"funcionTransicion(Celula*, int, curandStateXORWOW*)",1024,1024,55,0,88670208,8192
815,2879047024,2880332841,1285817,1.285817,"funcionTransicion(Celula*, int, curandStateXORWOW*)",1024,1024,55,0,88670208,8192
816,2881147781,2882491518,1343737,1.343737,"funcionTransicion(Celula*, int, curandStateXORWOW*)",1024,1024,55,0,88670208,8192
817,2883347098,2884507188,1160090,1.16009,"funcionTransicion(Celula*, int, curandStateXORWOW*)",1024,1024,55,0,88670208,8192
818,2885321264,2886537354,1216090,1.21609,"funcionTransicion(Celula*, int, curandStateXORWOW*)",1024,1024,55,0,88670208,8192
819,2887344965,2888649150,1304185,1.304185,"funcionTransicion(Celula*, int, curandStateXORWOW*)",1024,1024,55,0,88670208,8192
820,2889464123,2890777492,1313369,1.313369,"funcionTransicion(Celula*, int, curandStateXORWOW*)",1024,1024,55,0,88670208,8192
821,2891593519,2892899209,1305690,1.30569,"funcionTransicion(Celula*, int, curandStateXORWOW*)",1024,1024,55,0,88670208,8192
822,2893719941,2894915358,1195417,1.195417,"funcionTransicion(Celula*, int, curandStateXORWOW*)",1024,1024,55,0,88670208,8192
823,2895728602,2896982068,1253466,1.253466,"funcionTransicion(Celula*, int, curandStateXORWOW*)",1024,1024,55,0,88670208,8192
824,2897789328,2899027113,1237785,1.237785,"funcionTransicion(Celula*, int, curandStateXORWOW*)",1024,1024,55,0,88670208,8192
825,2899835941,2901068191,1232250,1.23225,"funcionTransicion(Celula*, int, curandStateXORWOW*)",1024,1024,55,0,88670208,8192
826,2901877435,2903083028,1205593,1.205593,"funcionTransicion(Celula*, int, curandStateXORWOW*)",1024,1024,55,0,88670208,8192
827,2903893168,2905295753,1402585,1.402585,"funcionTransicion(Celula*, int, curandStateXORWOW*)",1024,1024,55,0,88670208,8192
828,2906108485,2907407550,1299065,1.299065,"funcionTransicion(Celula*, int, curandStateXORWOW*)",1024,1024,55,0,88670208,8192
829,2908223322,2909556947,1333625,1.333625,"funcionTransicion(Celula*, int, curandStateXORWOW*)",1024,1024,55,0,88670208,8192
830,2910377807,2911590089,1212282,1.212282,"funcionTransicion(Celula*, int, curandStateXORWOW*)",1024,1024,55,0,88670208,8192
831,2912403493,2913612031,1208538,1.208538,"funcionTransicion(Celula*, int, curandStateXORWOW*)",1024,1024,55,0,88670208,8192
832,2914437466,2915684628,1247162,1.247162,"funcionTransicion(Celula*, int, curandStateXORWOW*)",1024,1024,55,0,88670208,8192
833,2916506735,2917832585,1325850,1.32585,"funcionTransicion(Celula*, int, curandStateXORWOW*)",1024,1024,55,0,88670208,8192
834,2918651653,2919865695,1214042,1.214042,"funcionTransicion(Celula*, int, curandStateXORWOW*)",1024,1024,55,0,88670208,8192
835,2920678554,2921951700,1273146,1.273146,"funcionTransicion(Celula*, int, curandStateXORWOW*)",1024,1024,55,0,88670208,8192
836,2922759408,2924001961,1242553,1.242553,"funcionTransicion(Celula*, int, curandStateXORWOW*)",1024,1024,55,0,88670208,8192
837,2924813317,2926050815,1237498,1.237498,"funcionTransicion(Celula*, int, curandStateXORWOW*)",1024,1024,55,0,88670208,8192
838,2926865690,2928128692,1263002,1.263002,"funcionTransicion(Celula*, int, curandStateXORWOW*)",1024,1024,55,0,88670208,8192
839,2928945776,2930353480,1407704,1.407704,"funcionTransicion(Celula*, int, curandStateXORWOW*)",1024,1024,55,0,88670208,8192
840,2931172164,2932518205,1346041,1.346041,"funcionTransicion(Celula*, int, curandStateXORWOW*)",1024,1024,55,0,88670208,8192
841,3009998608,3011260361,1261753,1.261753,"funcionTransicion(Celula*, int, curandStateXORWOW*)",1024,1024,55,0,88670208,8192
842,3012079493,3013358590,1279097,1.279097,"funcionTransicion(Celula*, int, curandStateXORWOW*)",1024,1024,55,0,88670208,8192
843,3014172122,3015450899,1278777,1.278777,"funcionTransicion(Celula*, int, curandStateXORWOW*)",1024,1024,55,0,88670208,8192
844,3016261135,3017494761,1233626,1.233626,"funcionTransicion(Celula*, int, curandStateXORWOW*)",1024,1024,55,0,88670208,8192
845,3018311429,3019561823,1250394,1.250394,"funcionTransicion(Celula*, int, curandStateXORWOW*)",1024,1024,55,0,88670208,8192
846,3020381626,3021595060,1213434,1.213434,"funcionTransicion(Celula*, int, curandStateXORWOW*)",1024,1024,55,0,88670208,8192
847,3022413904,3023728265,1314361,1.314361,"funcionTransicion(Celula*, int, curandStateXORWOW*)",1024,1024,55,0,88670208,8192
848,3024537829,3025772862,1235033,1.235033,"funcionTransicion(Celula*, int, curandStateXORWOW*)",1024,1024,55,0,88670208,8192
849,3026580634,3027968691,1388057,1.388057,"funcionTransicion(Celula*, int, curandStateXORWOW*)",1024,1024,55,0,88670208,8192
850,3028789167,3030177672,1388505,1.388505,"funcionTransicion(Celula*, int, curandStateXORWOW*)",1024,1024,55,0,88670208,8192
851,3030993123,3032316029,1322906,1.322906,"funcionTransicion(Celula*, int, curandStateXORWOW*)",1024,1024,55,0,88670208,8192
852,3033139128,3034396530,1257402,1.257402,"funcionTransicion(Celula*, int, curandStateXORWOW*)",1024,1024,55,0,88670208,8192
853,3035218542,3036586407,1367865,1.367865,"funcionTransicion(Celula*, int, curandStateXORWOW*)",1024,1024,55,0,88670208,8192
854,3037409858,3038754364,1344506,1.344506,"funcionTransicion(Celula*, int, curandStateXORWOW*)",1024,1024,55,0,88670208,8192
855,3039577048,3040830641,1253593,1.253593,"funcionTransicion(Celula*, int, curandStateXORWOW*)",1024,1024,55,0,88670208,8192
856,3041650189,3042880967,1230778,1.230778,"funcionTransicion(Celula*, int, curandStateXORWOW*)",1024,1024,55,0,88670208,8192
857,3043701314,3044908732,1207418,1.207418,"funcionTransicion(Celula*, int, curandStateXORWOW*)",1024,1024,55,0,88670208,8192
858,3045729944,3047003057,1273113,1.273113,"funcionTransicion(Celula*, int, curandStateXORWOW*)",1024,1024,55,0,88670208,8192
859,3047810573,3049194150,1383577,1.383577,"funcionTransicion(Celula*, int, curandStateXORWOW*)",1024,1024,55,0,88670208,8192
860,3050014946,3051343419,1328473,1.328473,"funcionTransicion(Celula*, int, curandStateXORWOW*)",1024,1024,55,0,88670208,8192
861,3052158327,3053431888,1273561,1.273561,"funcionTransicion(Celula*, int, curandStateXORWOW*)",1024,1024,55,0,88670208,8192
862,3054244588,3055615493,1370905,1.370905,"funcionTransicion(Celula*, int, curandStateXORWOW*)",1024,1024,55,0,88670208,8192
863,3056426721,3057797082,1370361,1.370361,"funcionTransicion(Celula*, int, curandStateXORWOW*)",1024,1024,55,0,88670208,8192
864,3058613014,3059905839,1292825,1.292825,"funcionTransicion(Celula*, int, curandStateXORWOW*)",1024,1024,55,0,88670208,8192
865,3060748715,3062077412,1328697,1.328697,"funcionTransicion(Celula*, int, curandStateXORWOW*)",1024,1024,55,0,88670208,8192
866,3062896480,3064201497,1305017,1.305017,"funcionTransicion(Celula*, int, curandStateXORWOW*)",1024,1024,55,0,88670208,8192
867,3065013621,3066431118,1417497,1.417497,"funcionTransicion(Celula*, int, curandStateXORWOW*)",1024,1024,55,0,88670208,8192
868,3067253769,3068556707,1302938,1.302938,"funcionTransicion(Celula*, int, curandStateXORWOW*)",1024,1024,55,0,88670208,8192
869,3069370718,3070686776,1316058,1.316058,"funcionTransicion(Celula*, int, curandStateXORWOW*)",1024,1024,55,0,88670208,8192
870,3071500148,3072813773,1313625,1.313625,"funcionTransicion(Celula*, int, curandStateXORWOW*)",1024,1024,55,0,88670208,8192
871,3073628041,3074933282,1305241,1.305241,"funcionTransicion(Celula*, int, curandStateXORWOW*)",1024,1024,55,0,88670208,8192
872,3075743774,3077140887,1397113,1.397113,"funcionTransicion(Celula*, int, curandStateXORWOW*)",1024,1024,55,0,88670208,8192
873,3077958450,3079380171,1421721,1.421721,"funcionTransicion(Celula*, int, curandStateXORWOW*)",1024,1024,55,0,88670208,8192
874,3080197575,3081584832,1387257,1.387257,"funcionTransicion(Celula*, int, curandStateXORWOW*)",1024,1024,55,0,88670208,8192
875,3082399419,3083769173,1369754,1.369754,"funcionTransicion(Celula*, int, curandStateXORWOW*)",1024,1024,55,0,88670208,8192
876,3084581648,3086015049,1433401,1.433401,"funcionTransicion(Celula*, int, curandStateXORWOW*)",1024,1024,55,0,88670208,8192
877,3086829893,3088193502,1363609,1.363609,"funcionTransicion(Celula*, int, curandStateXORWOW*)",1024,1024,55,0,88670208,8192
878,3089009594,3090445106,1435512,1.435512,"funcionTransicion(Celula*, int, curandStateXORWOW*)",1024,1024,55,0,88670208,8192
879,3091256174,3092572167,1315993,1.315993,"funcionTransicion(Celula*, int, curandStateXORWOW*)",1024,1024,55,0,88670208,8192
880,3093384803,3094727100,1342297,1.342297,"funcionTransicion(Celula*, int, curandStateXORWOW*)",1024,1024,55,0,88670208,8192
881,3095549816,3096935633,1385817,1.385817,"funcionTransicion(Celula*, int, curandStateXORWOW*)",1024,1024,55,0,88670208,8192
882,3097753581,3099257797,1504216,1.504216,"funcionTransicion(Celula*, int, curandStateXORWOW*)",1024,1024,55,0,88670208,8192
883,3100078177,3101486202,1408025,1.408025,"funcionTransicion(Celula*, int, curandStateXORWOW*)",1024,1024,55,0,88670208,8192
884,3102316693,3103776366,1459673,1.459673,"funcionTransicion(Celula*, int, curandStateXORWOW*)",1024,1024,55,0,88670208,8192
885,3104588586,3105990243,1401657,1.401657,"funcionTransicion(Celula*, int, curandStateXORWOW*)",1024,1024,55,0,88670208,8192
886,3106797822,3108040696,1242874,1.242874,"funcionTransicion(Celula*, int, curandStateXORWOW*)",1024,1024,55,0,88670208,8192
887,3108856596,3110245293,1388697,1.388697,"funcionTransicion(Celula*, int, curandStateXORWOW*)",1024,1024,55,0,88670208,8192
888,3111052680,3112476897,1424217,1.424217,"funcionTransicion(Celula*, int, curandStateXORWOW*)",1024,1024,55,0,88670208,8192
889,3113305597,3114678166,1372569,1.372569,"funcionTransicion(Celula*, int, curandStateXORWOW*)",1024,1024,55,0,88670208,8192
890,3115486354,3116794859,1308505,1.308505,"funcionTransicion(Celula*, int, curandStateXORWOW*)",1024,1024,55,0,88670208,8192
891,3117609735,3118906912,1297177,1.297177,"funcionTransicion(Celula*, int, curandStateXORWOW*)",1024,1024,55,0,88670208,8192
892,3119724348,3121002805,1278457,1.278457,"funcionTransicion(Celula*, int, curandStateXORWOW*)",1024,1024,55,0,88670208,8192
893,3121822545,3123122315,1299770,1.29977,"funcionTransicion(Celula*, int, curandStateXORWOW*)",1024,1024,55,0,88670208,8192
894,3123939846,3125180128,1240282,1.240282,"funcionTransicion(Celula*, int, curandStateXORWOW*)",1024,1024,55,0,88670208,8192
895,3125995420,3127384916,1389496,1.389496,"funcionTransicion(Celula*, int, curandStateXORWOW*)",1024,1024,55,0,88670208,8192
896,3128193264,3129594953,1401689,1.401689,"funcionTransicion(Celula*, int, curandStateXORWOW*)",1024,1024,55,0,88670208,8192
897,3130408741,3131751326,1342585,1.342585,"funcionTransicion(Celula*, int, curandStateXORWOW*)",1024,1024,55,0,88670208,8192
898,3132570810,3133939059,1368249,1.368249,"funcionTransicion(Celula*, int, curandStateXORWOW*)",1024,1024,55,0,88670208,8192
899,3134753039,3136080200,1327161,1.327161,"funcionTransicion(Celula*, int, curandStateXORWOW*)",1024,1024,55,0,88670208,8192
900,3136897796,3138351868,1454072,1.454072,"funcionTransicion(Celula*, int, curandStateXORWOW*)",1024,1024,55,0,88670208,8192
901,3139166072,3140532049,1365977,1.365977,"funcionTransicion(Celula*, int, curandStateXORWOW*)",1024,1024,55,0,88670208,8192
902,3141341773,3142724294,1382521,1.382521,"funcionTransicion(Celula*, int, curandStateXORWOW*)",1024,1024,55,0,88670208,8192
903,3143548514,3144899707,1351193,1.351193,"funcionTransicion(Celula*, int, curandStateXORWOW*)",1024,1024,55,0,88670208,8192
904,3145725270,3147071056,1345786,1.345786,"funcionTransicion(Celula*, int, curandStateXORWOW*)",1024,1024,55,0,88670208,8192
905,3147896267,3149285572,1389305,1.389305,"funcionTransicion(Celula*, int, curandStateXORWOW*)",1024,1024,55,0,88670208,8192
906,3150100672,3151390937,1290265,1.290265,"funcionTransicion(Celula*, int, curandStateXORWOW*)",1024,1024,55,0,88670208,8192
907,3152205013,3153594222,1389209,1.389209,"funcionTransicion(Celula*, int, curandStateXORWOW*)",1024,1024,55,0,88670208,8192
908,3154412746,3155785987,1373241,1.373241,"funcionTransicion(Celula*, int, curandStateXORWOW*)",1024,1024,55,0,88670208,8192
909,3156599422,3158027031,1427609,1.427609,"funcionTransicion(Celula*, int, curandStateXORWOW*)",1024,1024,55,0,88670208,8192
910,3158838387,3160156300,1317913,1.317913,"funcionTransicion(Celula*, int, curandStateXORWOW*)",1024,1024,55,0,88670208,8192
911,3160977160,3162514400,1537240,1.53724,"funcionTransicion(Celula*, int, curandStateXORWOW*)",1024,1024,55,0,88670208,8192
912,3163336028,3164714549,1378521,1.378521,"funcionTransicion(Celula*, int, curandStateXORWOW*)",1024,1024,55,0,88670208,8192
913,3165549937,3166876874,1326937,1.326937,"funcionTransicion(Celula*, int, curandStateXORWOW*)",1024,1024,55,0,88670208,8192
914,3167691174,3169027327,1336153,1.336153,"funcionTransicion(Celula*, int, curandStateXORWOW*)",1024,1024,55,0,88670208,8192
915,3169845050,3171231123,1386073,1.386073,"funcionTransicion(Celula*, int, curandStateXORWOW*)",1024,1024,55,0,88670208,8192
916,3172045551,3173373096,1327545,1.327545,"funcionTransicion(Celula*, int, curandStateXORWOW*)",1024,1024,55,0,88670208,8192
917,3174184868,3175713244,1528376,1.528376,"funcionTransicion(Celula*, int, curandStateXORWOW*)",1024,1024,55,0,88670208,8192
918,3176525048,3177971409,1446361,1.446361,"funcionTransicion(Celula*, int, curandStateXORWOW*)",1024,1024,55,0,88670208,8192
919,3178785069,3180208933,1423864,1.423864,"funcionTransicion(Celula*, int, curandStateXORWOW*)",1024,1024,55,0,88670208,8192
920,3181019585,3182350138,1330553,1.330553,"funcionTransicion(Celula*, int, curandStateXORWOW*)",1024,1024,55,0,88670208,8192
921,3183168694,3184475472,1306778,1.306778,"funcionTransicion(Celula*, int, curandStateXORWOW*)",1024,1024,55,0,88670208,8192
922,3185287659,3186649828,1362169,1.362169,"funcionTransicion(Celula*, int, curandStateXORWOW*)",1024,1024,55,0,88670208,8192
923,3187463168,3188801529,1338361,1.338361,"funcionTransicion(Celula*, int, curandStateXORWOW*)",1024,1024,55,0,88670208,8192
924,3189620853,3191043214,1422361,1.422361,"funcionTransicion(Celula*, int, curandStateXORWOW*)",1024,1024,55,0,88670208,8192
925,3191870633,3193325122,1454489,1.454489,"funcionTransicion(Celula*, int, curandStateXORWOW*)",1024,1024,55,0,88670208,8192
926,3194146910,3195618614,1471704,1.471704,"funcionTransicion(Celula*, int, curandStateXORWOW*)",1024,1024,55,0,88670208,8192
927,3196432626,3197729324,1296698,1.296698,"funcionTransicion(Celula*, int, curandStateXORWOW*)",1024,1024,55,0,88670208,8192
928,3198551783,3199932960,1381177,1.381177,"funcionTransicion(Celula*, int, curandStateXORWOW*)",1024,1024,55,0,88670208,8192
929,3200744764,3202141109,1396345,1.396345,"funcionTransicion(Celula*, int, curandStateXORWOW*)",1024,1024,55,0,88670208,8192
930,3202953809,3204346730,1392921,1.392921,"funcionTransicion(Celula*, int, curandStateXORWOW*)",1024,1024,55,0,88670208,8192
931,3205159141,3206568830,1409689,1.409689,"funcionTransicion(Celula*, int, curandStateXORWOW*)",1024,1024,55,0,88670208,8192
932,3207384314,3208755859,1371545,1.371545,"funcionTransicion(Celula*, int, curandStateXORWOW*)",1024,1024,55,0,88670208,8192
933,3209571246,3211020455,1449209,1.449209,"funcionTransicion(Celula*, int, curandStateXORWOW*)",1024,1024,55,0,88670208,8192
934,3211839075,3213241436,1402361,1.402361,"funcionTransicion(Celula*, int, curandStateXORWOW*)",1024,1024,55,0,88670208,8192
935,3214054583,3215501104,1446521,1.446521,"funcionTransicion(Celula*, int, curandStateXORWOW*)",1024,1024,55,0,88670208,8192
936,3216321900,3217637989,1316089,1.316089,"funcionTransicion(Celula*, int, curandStateXORWOW*)",1024,1024,55,0,88670208,8192
937,3218475361,3219789658,1314297,1.314297,"funcionTransicion(Celula*, int, curandStateXORWOW*)",1024,1024,55,0,88670208,8192
938,3220602710,3222016910,1414200,1.4142,"funcionTransicion(Celula*, int, curandStateXORWOW*)",1024,1024,55,0,88670208,8192
939,3222833067,3224274755,1441688,1.441688,"funcionTransicion(Celula*, int, curandStateXORWOW*)",1024,1024,55,0,88670208,8192
940,3225098015,3226527255,1429240,1.42924,"funcionTransicion(Celula*, int, curandStateXORWOW*)",1024,1024,55,0,88670208,8192
941,3227343635,3228692108,1348473,1.348473,"funcionTransicion(Celula*, int, curandStateXORWOW*)",1024,1024,55,0,88670208,8192
942,3229509800,3230884001,1374201,1.374201,"funcionTransicion(Celula*, int, curandStateXORWOW*)",1024,1024,55,0,88670208,8192
943,3231704637,3233063318,1358681,1.358681,"funcionTransicion(Celula*, int, curandStateXORWOW*)",1024,1024,55,0,88670208,8192
944,3233887602,3235230923,1343321,1.343321,"funcionTransicion(Celula*, int, curandStateXORWOW*)",1024,1024,55,0,88670208,8192
945,3236042439,3237283296,1240857,1.240857,"funcionTransicion(Celula*, int, curandStateXORWOW*)",1024,1024,55,0,88670208,8192
946,3238098780,3239483541,1384761,1.384761,"funcionTransicion(Celula*, int, curandStateXORWOW*)",1024,1024,55,0,88670208,8192
947,3240303825,3241548330,1244505,1.244505,"funcionTransicion(Celula*, int, curandStateXORWOW*)",1024,1024,55,0,88670208,8192
948,3242362982,3243674463,1311481,1.311481,"funcionTransicion(Celula*, int, curandStateXORWOW*)",1024,1024,55,0,88670208,8192
949,3244491995,3245852756,1360761,1.360761,"funcionTransicion(Celula*, int, curandStateXORWOW*)",1024,1024,55,0,88670208,8192
950,3246663088,3248144841,1481753,1.481753,"funcionTransicion(Celula*, int, curandStateXORWOW*)",1024,1024,55,0,88670208,8192
951,3248961924,3250310589,1348665,1.348665,"funcionTransicion(Celula*, int, curandStateXORWOW*)",1024,1024,55,0,88670208,8192
952,3251128153,3252510610,1382457,1.382457,"funcionTransicion(Celula*, int, curandStateXORWOW*)",1024,1024,55,0,88670208,8192
953,3253326062,3254677351,1351289,1.351289,"funcionTransicion(Celula*, int, curandStateXORWOW*)",1024,1024,55,0,88670208,8192
954,3255495267,3256937307,1442040,1.44204,"funcionTransicion(Celula*, int, curandStateXORWOW*)",1024,1024,55,0,88670208,8192
955,3257755895,3259065424,1309529,1.309529,"funcionTransicion(Celula*, int, curandStateXORWOW*)",1024,1024,55,0,88670208,8192
956,3259880396,3261222501,1342105,1.342105,"funcionTransicion(Celula*, int, curandStateXORWOW*)",1024,1024,55,0,88670208,8192
957,3262037153,3263379034,1341881,1.341881,"funcionTransicion(Celula*, int, curandStateXORWOW*)",1024,1024,55,0,88670208,8192
958,3264196182,3265570703,1374521,1.374521,"funcionTransicion(Celula*, int, curandStateXORWOW*)",1024,1024,55,0,88670208,8192
959,3266393995,3267752132,1358137,1.358137,"funcionTransicion(Celula*, int, curandStateXORWOW*)",1024,1024,55,0,88670208,8192
960,3268563776,3269857849,1294073,1.294073,"funcionTransicion(Celula*, int, curandStateXORWOW*)",1024,1024,55,0,88670208,8192
961,3348425702,3349842878,1417176,1.417176,"funcionTransicion(Celula*, int, curandStateXORWOW*)",1024,1024,55,0,88670208,8192
962,3350665498,3352201266,1535768,1.535768,"funcionTransicion(Celula*, int, curandStateXORWOW*)",1024,1024,55,0,88670208,8192
963,3353022958,3354337383,1314425,1.314425,"funcionTransicion(Celula*, int, curandStateXORWOW*)",1024,1024,55,0,88670208,8192
964,3355152003,3356478460,1326457,1.326457,"funcionTransicion(Celula*, int, curandStateXORWOW*)",1024,1024,55,0,88670208,8192
965,3357293880,3358640305,1346425,1.346425,"funcionTransicion(Celula*, int, curandStateXORWOW*)",1024,1024,55,0,88670208,8192
966,3359457261,3360908325,1451064,1.451064,"funcionTransicion(Celula*, int, curandStateXORWOW*)",1024,1024,55,0,88670208,8192
967,3361717953,3363298297,1580344,1.580344,"funcionTransicion(Celula*, int, curandStateXORWOW*)",1024,1024,55,0,88670208,8192
968,3364114613,3365608781,1494168,1.494168,"funcionTransicion(Celula*, int, curandStateXORWOW*)",1024,1024,55,0,88670208,8192
969,3366426345,3367833410,1407065,1.407065,"funcionTransicion(Celula*, int, curandStateXORWOW*)",1024,1024,55,0,88670208,8192
970,3368655133,3370064790,1409657,1.409657,"funcionTransicion(Celula*, int, curandStateXORWOW*)",1024,1024,55,0,88670208,8192
971,3370883826,3372512841,1629015,1.629015,"funcionTransicion(Celula*, int, curandStateXORWOW*)",1024,1024,55,0,88670208,8192
972,3373320678,3374713022,1392344,1.392344,"funcionTransicion(Celula*, int, curandStateXORWOW*)",1024,1024,55,0,88670208,8192
973,3375534554,3376934387,1399833,1.399833,"funcionTransicion(Celula*, int, curandStateXORWOW*)",1024,1024,55,0,88670208,8192
974,3377751855,3379101832,1349977,1.349977,"funcionTransicion(Celula*, int, curandStateXORWOW*)",1024,1024,55,0,88670208,8192
975,3379921668,3381340828,1419160,1.41916,"funcionTransicion(Celula*, int, curandStateXORWOW*)",1024,1024,55,0,88670208,8192
976,3382149336,3383461586,1312250,1.31225,"funcionTransicion(Celula*, int, curandStateXORWOW*)",1024,1024,55,0,88670208,8192
977,3384281421,3385773798,1492377,1.492377,"funcionTransicion(Celula*, int, curandStateXORWOW*)",1024,1024,55,0,88670208,8192
978,3386593089,3388050138,1457049,1.457049,"funcionTransicion(Celula*, int, curandStateXORWOW*)",1024,1024,55,0,88670208,8192
979,3388866070,3390287150,1421080,1.42108,"funcionTransicion(Celula*, int, curandStateXORWOW*)",1024,1024,55,0,88670208,8192
980,3391109194,3392431268,1322074,1.322074,"funcionTransicion(Celula*, int, curandStateXORWOW*)",1024,1024,55,0,88670208,8192
981,3393254271,3394638296,1384025,1.384025,"funcionTransicion(Celula*, int, curandStateXORWOW*)",1024,1024,55,0,88670208,8192
982,3395459508,3396854573,1395065,1.395065,"funcionTransicion(Celula*, int, curandStateXORWOW*)",1024,1024,55,0,88670208,8192
983,3397671048,3399068353,1397305,1.397305,"funcionTransicion(Celula*, int, curandStateXORWOW*)",1024,1024,55,0,88670208,8192
984,3399882269,3401305814,1423545,1.423545,"funcionTransicion(Celula*, int, curandStateXORWOW*)",1024,1024,55,0,88670208,8192
985,3402148209,3403558026,1409817,1.409817,"funcionTransicion(Celula*, int, curandStateXORWOW*)",1024,1024,55,0,88670208,8192
986,3404380966,3405774111,1393145,1.393145,"funcionTransicion(Celula*, int, curandStateXORWOW*)",1024,1024,55,0,88670208,8192
987,3406592251,3407973492,1381241,1.381241,"funcionTransicion(Celula*, int, curandStateXORWOW*)",1024,1024,55,0,88670208,8192
988,3408796720,3410127337,1330617,1.330617,"funcionTransicion(Celula*, int, curandStateXORWOW*)",1024,1024,55,0,88670208,8192
989,3410939012,3412548380,1609368,1.609368,"funcionTransicion(Celula*, int, curandStateXORWOW*)",1024,1024,55,0,88670208,8192
990,3413366360,3414836593,1470233,1.470233,"funcionTransicion(Celula*, int, curandStateXORWOW*)",1024,1024,55,0,88670208,8192
991,3415657580,3417151524,1493944,1.493944,"funcionTransicion(Celula*, int, curandStateXORWOW*)",1024,1024,55,0,88670208,8192
992,3417971904,3419526584,1554680,1.55468,"funcionTransicion(Celula*, int, curandStateXORWOW*)",1024,1024,55,0,88670208,8192
993,3420337012,3421724333,1387321,1.387321,"funcionTransicion(Celula*, int, curandStateXORWOW*)",1024,1024,55,0,88670208,8192
994,3422543369,3424113408,1570039,1.570039,"funcionTransicion(Celula*, int, curandStateXORWOW*)",1024,1024,55,0,88670208,8192
995,3424932828,3426395061,1462233,1.462233,"funcionTransicion(Celula*, int, curandStateXORWOW*)",1024,1024,55,0,88670208,8192
996,3427210801,3428631818,1421017,1.421017,"funcionTransicion(Celula*, int, curandStateXORWOW*)",1024,1024,55,0,88670208,8192
997,3429447077,3430846206,1399129,1.399129,"funcionTransicion(Celula*, int, curandStateXORWOW*)",1024,1024,55,0,88670208,8192
998,3431665882,3433019827,1353945,1.353945,"funcionTransicion(Celula*, int, curandStateXORWOW*)",1024,1024,55,0,88670208,8192
999,3433833071,3435205416,1372345,1.372345,"funcionTransicion(Celula*, int, curandStateXORWOW*)",1024,1024,55,0,88670208,8192
1000,3436023332,3437385949,1362617,1.362617,"funcionTransicion(Celula*, int, curandStateXORWOW*)",1024,1024,55,0,88670208,8192
1001,3438204313,3439538705,1334392,1.334392,"funcionTransicion(Celula*, int, curandStateXORWOW*)",1024,1024,55,0,88670208,8192
1002,3440349998,3441799526,1449528,1.449528,"funcionTransicion(Celula*, int, curandStateXORWOW*)",1024,1024,55,0,88670208,8192
1003,3442616930,3443934427,1317497,1.317497,"funcionTransicion(Celula*, int, curandStateXORWOW*)",1024,1024,55,0,88670208,8192
1004,3444756150,3446300719,1544569,1.544569,"funcionTransicion(Celula*, int, curandStateXORWOW*)",1024,1024,55,0,88670208,8192
1005,3447113163,3448475236,1362073,1.362073,"funcionTransicion(Celula*, int, curandStateXORWOW*)",1024,1024,55,0,88670208,8192
1006,3449296415,3450733656,1437241,1.437241,"funcionTransicion(Celula*, int, curandStateXORWOW*)",1024,1024,55,0,88670208,8192
1007,3451552500,3453034060,1481560,1.48156,"funcionTransicion(Celula*, int, curandStateXORWOW*)",1024,1024,55,0,88670208,8192
1008,3453851016,3455266849,1415833,1.415833,"funcionTransicion(Celula*, int, curandStateXORWOW*)",1024,1024,55,0,88670208,8192
1009,3456101917,3457501653,1399736,1.399736,"funcionTransicion(Celula*, int, curandStateXORWOW*)",1024,1024,55,0,88670208,8192
1010,3458325521,3459664074,1338553,1.338553,"funcionTransicion(Celula*, int, curandStateXORWOW*)",1024,1024,55,0,88670208,8192
1011,3460487462,3461861823,1374361,1.374361,"funcionTransicion(Celula*, int, curandStateXORWOW*)",1024,1024,55,0,88670208,8192
1012,3462680123,3464169139,1489016,1.489016,"funcionTransicion(Celula*, int, curandStateXORWOW*)",1024,1024,55,0,88670208,8192
1013,3464992911,3466389256,1396345,1.396345,"funcionTransicion(Celula*, int, curandStateXORWOW*)",1024,1024,55,0,88670208,8192
1014,3467201155,3468555548,1354393,1.354393,"funcionTransicion(Celula*, int, curandStateXORWOW*)",1024,1024,55,0,88670208,8192
1015,3469377528,3470677937,1300409,1.300409,"funcionTransicion(Celula*, int, curandStateXORWOW*)",1024,1024,55,0,88670208,8192
1016,3471492334,3472799687,1307353,1.307353,"funcionTransicion(Celula*, int, curandStateXORWOW*)",1024,1024,55,0,88670208,8192
1017,3473616322,3475059867,1443545,1.443545,"funcionTransicion(Celula*, int, curandStateXORWOW*)",1024,1024,55,0,88670208,8192
1018,3475880503,3477290640,1410137,1.410137,"funcionTransicion(Celula*, int, curandStateXORWOW*)",1024,1024,55,0,88670208,8192
1019,3478114795,3479615556,1500761,1.500761,"funcionTransicion(Celula*, int, curandStateXORWOW*)",1024,1024,55,0,88670208,8192
1020,3480430367,3481885528,1455161,1.455161,"funcionTransicion(Celula*, int, curandStateXORWOW*)",1024,1024,55,0,88670208,8192
1021,3482697940,3484113037,1415097,1.415097,"funcionTransicion(Celula*, int, curandStateXORWOW*)",1024,1024,55,0,88670208,8192
1022,3484929224,3486474752,1545528,1.545528,"funcionTransicion(Celula*, int, curandStateXORWOW*)",1024,1024,55,0,88670208,8192
1023,3487292604,3488815861,1523257,1.523257,"funcionTransicion(Celula*, int, curandStateXORWOW*)",1024,1024,55,0,88670208,8192
1024,3489629584,3491043369,1413785,1.413785,"funcionTransicion(Celula*, int, curandStateXORWOW*)",1024,1024,55,0,88670208,8192
1025,3491857477,3493333053,1475576,1.475576,"funcionTransicion(Celula*, int, curandStateXORWOW*)",1024,1024,55,0,88670208,8192
1026,3494156889,3495709009,1552120,1.55212,"funcionTransicion(Celula*, int, curandStateXORWOW*)",1024,1024,55,0,88670208,8192
1027,3496531373,3497984645,1453272,1.453272,"funcionTransicion(Celula*, int, curandStateXORWOW*)",1024,1024,55,0,88670208,8192
1028,3498804929,3500281625,1476696,1.476696,"funcionTransicion(Celula*, int, curandStateXORWOW*)",1024,1024,55,0,88670208,8192
1029,3501099158,3502641261,1542103,1.542103,"funcionTransicion(Celula*, int, curandStateXORWOW*)",1024,1024,55,0,88670208,8192
1030,3503460265,3505058721,1598456,1.598456,"funcionTransicion(Celula*, int, curandStateXORWOW*)",1024,1024,55,0,88670208,8192
1031,3505875005,3507458164,1583159,1.583159,"funcionTransicion(Celula*, int, curandStateXORWOW*)",1024,1024,55,0,88670208,8192
1032,3508275761,3509841096,1565335,1.565335,"funcionTransicion(Celula*, int, curandStateXORWOW*)",1024,1024,55,0,88670208,8192
1033,3510675204,3512198365,1523161,1.523161,"funcionTransicion(Celula*, int, curandStateXORWOW*)",1024,1024,55,0,88670208,8192
1034,3513016568,3514579312,1562744,1.562744,"funcionTransicion(Celula*, int, curandStateXORWOW*)",1024,1024,55,0,88670208,8192
1035,3515398156,3516881956,1483800,1.4838,"funcionTransicion(Celula*, int, curandStateXORWOW*)",1024,1024,55,0,88670208,8192
1036,3517705056,3519211480,1506424,1.506424,"funcionTransicion(Celula*, int, curandStateXORWOW*)",1024,1024,55,0,88670208,8192
1037,3520026644,3521638860,1612216,1.612216,"funcionTransicion(Celula*, int, curandStateXORWOW*)",1024,1024,55,0,88670208,8192
1038,3522453160,3524046880,1593720,1.59372,"funcionTransicion(Celula*, int, curandStateXORWOW*)",1024,1024,55,0,88670208,8192
1039,3524867323,3526321812,1454489,1.454489,"funcionTransicion(Celula*, int, curandStateXORWOW*)",1024,1024,55,0,88670208,8192
1040,3527138767,3528635560,1496793,1.496793,"funcionTransicion(Celula*, int, curandStateXORWOW*)",1024,1024,55,0,88670208,8192
1041,3529460740,3530995420,1534680,1.53468,"funcionTransicion(Celula*, int, curandStateXORWOW*)",1024,1024,55,0,88670208,8192
1042,3531817272,3533381071,1563799,1.563799,"funcionTransicion(Celula*, int, curandStateXORWOW*)",1024,1024,55,0,88670208,8192
1043,3534206283,3535716580,1510297,1.510297,"funcionTransicion(Celula*, int, curandStateXORWOW*)",1024,1024,55,0,88670208,8192
1044,3536535615,3538121719,1586104,1.586104,"funcionTransicion(Celula*, int, curandStateXORWOW*)",1024,1024,55,0,88670208,8192
1045,3538935891,3540361356,1425465,1.425465,"funcionTransicion(Celula*, int, curandStateXORWOW*)",1024,1024,55,0,88670208,8192
1046,3541182599,3542837567,1654968,1.654968,"funcionTransicion(Celula*, int, curandStateXORWOW*)",1024,1024,55,0,88670208,8192
1047,3543649499,3545183571,1534072,1.534072,"funcionTransicion(Celula*, int, curandStateXORWOW*)",1024,1024,55,0,88670208,8192
1048,3546006927,3547538663,1531736,1.531736,"funcionTransicion(Celula*, int, curandStateXORWOW*)",1024,1024,55,0,88670208,8192
1049,3548355651,3549897435,1541784,1.541784,"funcionTransicion(Celula*, int, curandStateXORWOW*)",1024,1024,55,0,88670208,8192
1050,3550710358,3552321134,1610776,1.610776,"funcionTransicion(Celula*, int, curandStateXORWOW*)",1024,1024,55,0,88670208,8192
1051,3553142346,3554714306,1571960,1.57196,"funcionTransicion(Celula*, int, curandStateXORWOW*)",1024,1024,55,0,88670208,8192
1052,3555534046,3557000054,1466008,1.466008,"funcionTransicion(Celula*, int, curandStateXORWOW*)",1024,1024,55,0,88670208,8192
1053,3557817106,3559442378,1625272,1.625272,"funcionTransicion(Celula*, int, curandStateXORWOW*)",1024,1024,55,0,88670208,8192
1054,3560255526,3561847069,1591543,1.591543,"funcionTransicion(Celula*, int, curandStateXORWOW*)",1024,1024,55,0,88670208,8192
1055,3562663129,3564173137,1510008,1.510008,"funcionTransicion(Celula*, int, curandStateXORWOW*)",1024,1024,55,0,88670208,8192
1056,3564995949,3566535909,1539960,1.53996,"funcionTransicion(Celula*, int, curandStateXORWOW*)",1024,1024,55,0,88670208,8192
1057,3567387841,3568979513,1591672,1.591672,"funcionTransicion(Celula*, int, curandStateXORWOW*)",1024,1024,55,0,88670208,8192
1058,3569797301,3571228205,1430904,1.430904,"funcionTransicion(Celula*, int, curandStateXORWOW*)",1024,1024,55,0,88670208,8192
1059,3572044713,3573581537,1536824,1.536824,"funcionTransicion(Celula*, int, curandStateXORWOW*)",1024,1024,55,0,88670208,8192
1060,3574401853,3575913685,1511832,1.511832,"funcionTransicion(Celula*, int, curandStateXORWOW*)",1024,1024,55,0,88670208,8192
1061,3576739825,3578250825,1511000,1.511,"funcionTransicion(Celula*, int, curandStateXORWOW*)",1024,1024,55,0,88670208,8192
1062,3579072197,3580620381,1548184,1.548184,"funcionTransicion(Celula*, int, curandStateXORWOW*)",1024,1024,55,0,88670208,8192
1063,3581438841,3582804753,1365912,1.365912,"funcionTransicion(Celula*, int, curandStateXORWOW*)",1024,1024,55,0,88670208,8192
1064,3583622317,3585151429,1529112,1.529112,"funcionTransicion(Celula*, int, curandStateXORWOW*)",1024,1024,55,0,88670208,8192
1065,3585972289,3587482362,1510073,1.510073,"funcionTransicion(Celula*, int, curandStateXORWOW*)",1024,1024,55,0,88670208,8192
1066,3588293046,3589841870,1548824,1.548824,"funcionTransicion(Celula*, int, curandStateXORWOW*)",1024,1024,55,0,88670208,8192
1067,3590674697,3592131938,1457241,1.457241,"funcionTransicion(Celula*, int, curandStateXORWOW*)",1024,1024,55,0,88670208,8192
1068,3592954525,3594445078,1490553,1.490553,"funcionTransicion(Celula*, int, curandStateXORWOW*)",1024,1024,55,0,88670208,8192
1069,3595259282,3596690058,1430776,1.430776,"funcionTransicion(Celula*, int, curandStateXORWOW*)",1024,1024,55,0,88670208,8192
1070,3597508134,3599020894,1512760,1.51276,"funcionTransicion(Celula*, int, curandStateXORWOW*)",1024,1024,55,0,88670208,8192
1071,3599840634,3601440722,1600088,1.600088,"funcionTransicion(Celula*, int, curandStateXORWOW*)",1024,1024,55,0,88670208,8192
1072,3602266222,3603818566,1552344,1.552344,"funcionTransicion(Celula*, int, curandStateXORWOW*)",1024,1024,55,0,88670208,8192
1073,3604641154,3606226553,1585399,1.585399,"funcionTransicion(Celula*, int, curandStateXORWOW*)",1024,1024,55,0,88670208,8192
1074,3607041749,3608641197,1599448,1.599448,"funcionTransicion(Celula*, int, curandStateXORWOW*)",1024,1024,55,0,88670208,8192
1075,3609460169,3611028257,1568088,1.568088,"funcionTransicion(Celula*, int, curandStateXORWOW*)",1024,1024,55,0,88670208,8192
1076,3611847324,3613469268,1621944,1.621944,"funcionTransicion(Celula*, int, curandStateXORWOW*)",1024,1024,55,0,88670208,8192
1077,3614289616,3615990535,1700919,1.700919,"funcionTransicion(Celula*, int, curandStateXORWOW*)",1024,1024,55,0,88670208,8192
1078,3616808451,3618539002,1730551,1.730551,"funcionTransicion(Celula*, int, curandStateXORWOW*)",1024,1024,55,0,88670208,8192
1079,3619356246,3620953166,1596920,1.59692,"funcionTransicion(Celula*, int, curandStateXORWOW*)",1024,1024,55,0,88670208,8192
1080,3621766410,3623369922,1603512,1.603512,"funcionTransicion(Celula*, int, curandStateXORWOW*)",1024,1024,55,0,88670208,8192
1081,3703973667,3705465660,1491993,1.491993,"funcionTransicion(Celula*, int, curandStateXORWOW*)",1024,1024,55,0,88670208,8192
1082,3706289400,3707867664,1578264,1.578264,"funcionTransicion(Celula*, int, curandStateXORWOW*)",1024,1024,55,0,88670208,8192
1083,3708684395,3710406626,1722231,1.722231,"funcionTransicion(Celula*, int, curandStateXORWOW*)",1024,1024,55,0,88670208,8192
1084,3711229470,3712854198,1624728,1.624728,"funcionTransicion(Celula*, int, curandStateXORWOW*)",1024,1024,55,0,88670208,8192
1085,3713663474,3715280393,1616919,1.616919,"funcionTransicion(Celula*, int, curandStateXORWOW*)",1024,1024,55,0,88670208,8192
1086,3716092997,3717768989,1675992,1.675992,"funcionTransicion(Celula*, int, curandStateXORWOW*)",1024,1024,55,0,88670208,8192
1087,3718590264,3720124208,1533944,1.533944,"funcionTransicion(Celula*, int, curandStateXORWOW*)",1024,1024,55,0,88670208,8192
1088,3720940492,3722490437,1549945,1.549945,"funcionTransicion(Celula*, int, curandStateXORWOW*)",1024,1024,55,0,88670208,8192
1089,3723311072,3724933720,1622648,1.622648,"funcionTransicion(Celula*, int, curandStateXORWOW*)",1024,1024,55,0,88670208,8192
1090,3725752308,3727325131,1572823,1.572823,"funcionTransicion(Celula*, int, curandStateXORWOW*)",1024,1024,55,0,88670208,8192
1091,3728140007,3729778239,1638232,1.638232,"funcionTransicion(Celula*, int, curandStateXORWOW*)",1024,1024,55,0,88670208,8192
1092,3730588027,3732262130,1674103,1.674103,"funcionTransicion(Celula*, int, curandStateXORWOW*)",1024,1024,55,0,88670208,8192
1093,3733088494,3734766533,1678039,1.678039,"funcionTransicion(Celula*, int, curandStateXORWOW*)",1024,1024,55,0,88670208,8192
1094,3735591873,3737220057,1628184,1.628184,"funcionTransicion(Celula*, int, curandStateXORWOW*)",1024,1024,55,0,88670208,8192
1095,3738034996,3739641836,1606840,1.60684,"funcionTransicion(Celula*, int, curandStateXORWOW*)",1024,1024,55,0,88670208,8192
1096,3740461448,3742078144,1616696,1.616696,"funcionTransicion(Celula*, int, curandStateXORWOW*)",1024,1024,55,0,88670208,8192
1097,3742898844,3744539123,1640279,1.640279,"funcionTransicion(Celula*, int, curandStateXORWOW*)",1024,1024,55,0,88670208,8192
1098,3745355919,3746917351,1561432,1.561432,"funcionTransicion(Celula*, int, curandStateXORWOW*)",1024,1024,55,0,88670208,8192
1099,3747733187,3749395610,1662423,1.662423,"funcionTransicion(Celula*, int, curandStateXORWOW*)",1024,1024,55,0,88670208,8192
1100,3750213526,3751889741,1676215,1.676215,"funcionTransicion(Celula*, int, curandStateXORWOW*)",1024,1024,55,0,88670208,8192
1101,3752715497,3754377408,1661911,1.661911,"funcionTransicion(Celula*, int, curandStateXORWOW*)",1024,1024,55,0,88670208,8192
1102,3755200476,3756872020,1671544,1.671544,"funcionTransicion(Celula*, int, curandStateXORWOW*)",1024,1024,55,0,88670208,8192
1103,3757689392,3759207400,1518008,1.518008,"funcionTransicion(Celula*, int, curandStateXORWOW*)",1024,1024,55,0,88670208,8192
1104,3760028132,3761758651,1730519,1.730519,"funcionTransicion(Celula*, int, curandStateXORWOW*)",1024,1024,55,0,88670208,8192
1105,3762644150,3764265070,1620920,1.62092,"funcionTransicion(Celula*, int, curandStateXORWOW*)",1024,1024,55,0,88670208,8192
1106,3765082858,3766666017,1583159,1.583159,"funcionTransicion(Celula*, int, curandStateXORWOW*)",1024,1024,55,0,88670208,8192
1107,3767481085,3769145301,1664216,1.664216,"funcionTransicion(Celula*, int, curandStateXORWOW*)",1024,1024,55,0,88670208,8192
1108,3769970481,3771526408,1555927,1.555927,"funcionTransicion(Celula*, int, curandStateXORWOW*)",1024,1024,55,0,88670208,8192
1109,3772345476,3773901756,1556280,1.55628,"funcionTransicion(Celula*, int, curandStateXORWOW*)",1024,1024,55,0,88670208,8192
1110,3774715256,3776404080,1688824,1.688824,"funcionTransicion(Celula*, int, curandStateXORWOW*)",1024,1024,55,0,88670208,8192
1111,3777223499,3778630660,1407161,1.407161,"funcionTransicion(Celula*, int, curandStateXORWOW*)",1024,1024,55,0,88670208,8192
1112,3779448704,3781102199,1653495,1.653495,"funcionTransicion(Celula*, int, curandStateXORWOW*)",1024,1024,55,0,88670208,8192
1113,3781923987,3783451563,1527576,1.527576,"funcionTransicion(Celula*, int, curandStateXORWOW*)",1024,1024,55,0,88670208,8192
1114,3784272839,3785826975,1554136,1.554136,"funcionTransicion(Celula*, int, curandStateXORWOW*)",1024,1024,55,0,88670208,8192
1115,3786642203,3788264978,1622775,1.622775,"funcionTransicion(Celula*, int, curandStateXORWOW*)",1024,1024,55,0,88670208,8192
1116,3789086222,3790692966,1606744,1.606744,"funcionTransicion(Celula*, int, curandStateXORWOW*)",1024,1024,55,0,88670208,8192
1117,3791510370,3793135481,1625111,1.625111,"funcionTransicion(Celula*, int, curandStateXORWOW*)",1024,1024,55,0,88670208,8192
1118,3793952245,3795576493,1624248,1.624248,"funcionTransicion(Celula*, int, curandStateXORWOW*)",1024,1024,55,0,88670208,8192
1119,3796397417,3798041344,1643927,1.643927,"funcionTransicion(Celula*, int, curandStateXORWOW*)",1024,1024,55,0,88670208,8192
1120,3798864060,3800418644,1554584,1.554584,"funcionTransicion(Celula*, int, curandStateXORWOW*)",1024,1024,55,0,88670208,8192
1121,3801240976,3802988615,1747639,1.747639,"funcionTransicion(Celula*, int, curandStateXORWOW*)",1024,1024,55,0,88670208,8192
1122,3803808739,3805397115,1588376,1.588376,"funcionTransicion(Celula*, int, curandStateXORWOW*)",1024,1024,55,0,88670208,8192
1123,3806213590,3807746318,1532728,1.532728,"funcionTransicion(Celula*, int, curandStateXORWOW*)",1024,1024,55,0,88670208,8192
1124,3808573642,3810160450,1586808,1.586808,"funcionTransicion(Celula*, int, curandStateXORWOW*)",1024,1024,55,0,88670208,8192
1125,3810976094,3812600150,1624056,1.624056,"funcionTransicion(Celula*, int, curandStateXORWOW*)",1024,1024,55,0,88670208,8192
1126,3813418609,3815063305,1644696,1.644696,"funcionTransicion(Celula*, int, curandStateXORWOW*)",1024,1024,55,0,88670208,8192
1127,3815879941,3817506428,1626487,1.626487,"funcionTransicion(Celula*, int, curandStateXORWOW*)",1024,1024,55,0,88670208,8192
1128,3818327896,3819810129,1482233,1.482233,"funcionTransicion(Celula*, int, curandStateXORWOW*)",1024,1024,55,0,88670208,8192
1129,3820660524,3822130053,1469529,1.469529,"funcionTransicion(Celula*, int, curandStateXORWOW*)",1024,1024,55,0,88670208,8192
1130,3822946689,3824593432,1646743,1.646743,"funcionTransicion(Celula*, int, curandStateXORWOW*)",1024,1024,55,0,88670208,8192
1131,3825413396,3827054635,1641239,1.641239,"funcionTransicion(Celula*, int, curandStateXORWOW*)",1024,1024,55,0,88670208,8192
1132,3827868903,3829541471,1672568,1.672568,"funcionTransicion(Celula*, int, curandStateXORWOW*)",1024,1024,55,0,88670208,8192
1133,3830359514,3832131569,1772055,1.772055,"funcionTransicion(Celula*, int, curandStateXORWOW*)",1024,1024,55,0,88670208,8192
1134,3832949357,3834564197,1614840,1.61484,"funcionTransicion(Celula*, int, curandStateXORWOW*)",1024,1024,55,0,88670208,8192
1135,3835381953,3837013432,1631479,1.631479,"funcionTransicion(Celula*, int, curandStateXORWOW*)",1024,1024,55,0,88670208,8192
1136,3837828756,3839398476,1569720,1.56972,"funcionTransicion(Celula*, int, curandStateXORWOW*)",1024,1024,55,0,88670208,8192
1137,3840229320,3841821503,1592183,1.592183,"funcionTransicion(Celula*, int, curandStateXORWOW*)",1024,1024,55,0,88670208,8192
1138,3842640379,3844210547,1570168,1.570168,"funcionTransicion(Celula*, int, curandStateXORWOW*)",1024,1024,55,0,88670208,8192
1139,3845032975,3846557671,1524696,1.524696,"funcionTransicion(Celula*, int, curandStateXORWOW*)",1024,1024,55,0,88670208,8192
1140,3847372963,3849033787,1660824,1.660824,"funcionTransicion(Celula*, int, curandStateXORWOW*)",1024,1024,55,0,88670208,8192
1141,3849857206,3851464302,1607096,1.607096,"funcionTransicion(Celula*, int, curandStateXORWOW*)",1024,1024,55,0,88670208,8192
1142,3852281066,3853936001,1654935,1.654935,"funcionTransicion(Celula*, int, curandStateXORWOW*)",1024,1024,55,0,88670208,8192
1143,3854753757,3856396821,1643064,1.643064,"funcionTransicion(Celula*, int, curandStateXORWOW*)",1024,1024,55,0,88670208,8192
1144,3857218320,3858947752,1729432,1.729432,"funcionTransicion(Celula*, int, curandStateXORWOW*)",1024,1024,55,0,88670208,8192
1145,3859766115,3861316059,1549944,1.549944,"funcionTransicion(Celula*, int, curandStateXORWOW*)",1024,1024,55,0,88670208,8192
1146,3862132279,3863855662,1723383,1.723383,"funcionTransicion(Celula*, int, curandStateXORWOW*)",1024,1024,55,0,88670208,8192
1147,3864671274,3866276546,1605272,1.605272,"funcionTransicion(Celula*, int, curandStateXORWOW*)",1024,1024,55,0,88670208,8192
1148,3867101502,3868718901,1617399,1.617399,"funcionTransicion(Celula*, int, curandStateXORWOW*)",1024,1024,55,0,88670208,8192
1149,3869533777,3871238408,1704631,1.704631,"funcionTransicion(Celula*, int, curandStateXORWOW*)",1024,1024,55,0,88670208,8192
1150,3872060804,3873801883,1741079,1.741079,"funcionTransicion(Celula*, int, curandStateXORWOW*)",1024,1024,55,0,88670208,8192
1151,3874617719,3876380974,1763255,1.763255,"funcionTransicion(Celula*, int, curandStateXORWOW*)",1024,1024,55,0,88670208,8192
1152,3877201386,3878834881,1633495,1.633495,"funcionTransicion(Celula*, int, curandStateXORWOW*)",1024,1024,55,0,88670208,8192
1153,3879678845,3881306964,1628119,1.628119,"funcionTransicion(Celula*, int, curandStateXORWOW*)",1024,1024,55,0,88670208,8192
1154,3882125712,3883701192,1575480,1.57548,"funcionTransicion(Celula*, int, curandStateXORWOW*)",1024,1024,55,0,88670208,8192
1155,3884524836,3886186876,1662040,1.66204,"funcionTransicion(Celula*, int, curandStateXORWOW*)",1024,1024,55,0,88670208,8192
1156,3887006711,3888702127,1695416,1.695416,"funcionTransicion(Celula*, int, curandStateXORWOW*)",1024,1024,55,0,88670208,8192
1157,3889519402,3891191522,1672120,1.67212,"funcionTransicion(Celula*, int, curandStateXORWOW*)",1024,1024,55,0,88670208,8192
1158,3892018302,3893697685,1679383,1.679383,"funcionTransicion(Celula*, int, curandStateXORWOW*)",1024,1024,55,0,88670208,8192
1159,3894517585,3896176488,1658903,1.658903,"funcionTransicion(Celula*, int, curandStateXORWOW*)",1024,1024,55,0,88670208,8192
1160,3896993476,3898648155,1654679,1.654679,"funcionTransicion(Celula*, int, curandStateXORWOW*)",1024,1024,55,0,88670208,8192
1161,3899468088,3901053583,1585495,1.585495,"funcionTransicion(Celula*, int, curandStateXORWOW*)",1024,1024,55,0,88670208,8192
1162,3901873035,3903588482,1715447,1.715447,"funcionTransicion(Celula*, int, curandStateXORWOW*)",1024,1024,55,0,88670208,8192
1163,3904415102,3906088021,1672919,1.672919,"funcionTransicion(Celula*, int, curandStateXORWOW*)",1024,1024,55,0,88670208,8192
1164,3906908273,3908549289,1641016,1.641016,"funcionTransicion(Celula*, int, curandStateXORWOW*)",1024,1024,55,0,88670208,8192
1165,3909367589,3910987452,1619863,1.619863,"funcionTransicion(Celula*, int, curandStateXORWOW*)",1024,1024,55,0,88670208,8192
1166,3911805208,3913382864,1577656,1.577656,"funcionTransicion(Celula*, int, curandStateXORWOW*)",1024,1024,55,0,88670208,8192
1167,3914196780,3915934851,1738071,1.738071,"funcionTransicion(Celula*, int, curandStateXORWOW*)",1024,1024,55,0,88670208,8192
1168,3916757375,3918491638,1734263,1.734263,"funcionTransicion(Celula*, int, curandStateXORWOW*)",1024,1024,55,0,88670208,8192
1169,3919314706,3921002953,1688247,1.688247,"funcionTransicion(Celula*, int, curandStateXORWOW*)",1024,1024,55,0,88670208,8192
1170,3921819173,3923516412,1697239,1.697239,"funcionTransicion(Celula*, int, curandStateXORWOW*)",1024,1024,55,0,88670208,8192
1171,3924321208,3925930352,1609144,1.609144,"funcionTransicion(Celula*, int, curandStateXORWOW*)",1024,1024,55,0,88670208,8192
1172,3926752651,3928470563,1717912,1.717912,"funcionTransicion(Celula*, int, curandStateXORWOW*)",1024,1024,55,0,88670208,8192
1173,3929287230,3930961942,1674712,1.674712,"funcionTransicion(Celula*, int, curandStateXORWOW*)",1024,1024,55,0,88670208,8192
1174,3931783474,3933473705,1690231,1.690231,"funcionTransicion(Celula*, int, curandStateXORWOW*)",1024,1024,55,0,88670208,8192
1175,3934295205,3935949660,1654455,1.654455,"funcionTransicion(Celula*, int, curandStateXORWOW*)",1024,1024,55,0,88670208,8192
1176,3936765528,3938478607,1713079,1.713079,"funcionTransicion(Celula*, int, curandStateXORWOW*)",1024,1024,55,0,88670208,8192
1177,3939324683,3941034146,1709463,1.709463,"funcionTransicion(Celula*, int, curandStateXORWOW*)",1024,1024,55,0,88670208,8192
1178,3941859326,3943726452,1867126,1.867126,"funcionTransicion(Celula*, int, curandStateXORWOW*)",1024,1024,55,0,88670208,8192
1179,3944540112,3946148264,1608152,1.608152,"funcionTransicion(Celula*, int, curandStateXORWOW*)",1024,1024,55,0,88670208,8192
1180,3946970276,3948680571,1710295,1.710295,"funcionTransicion(Celula*, int, curandStateXORWOW*)",1024,1024,55,0,88670208,8192
1181,3949494807,3951124302,1629495,1.629495,"funcionTransicion(Celula*, int, curandStateXORWOW*)",1024,1024,55,0,88670208,8192
1182,3951942410,3953729249,1786839,1.786839,"funcionTransicion(Celula*, int, curandStateXORWOW*)",1024,1024,55,0,88670208,8192
1183,3954549372,3956190228,1640856,1.640856,"funcionTransicion(Celula*, int, curandStateXORWOW*)",1024,1024,55,0,88670208,8192
1184,3957006096,3958562920,1556824,1.556824,"funcionTransicion(Celula*, int, curandStateXORWOW*)",1024,1024,55,0,88670208,8192
1185,3959378724,3961023483,1644759,1.644759,"funcionTransicion(Celula*, int, curandStateXORWOW*)",1024,1024,55,0,88670208,8192
1186,3961842935,3963504014,1661079,1.661079,"funcionTransicion(Celula*, int, curandStateXORWOW*)",1024,1024,55,0,88670208,8192
1187,3964324107,3965952802,1628695,1.628695,"funcionTransicion(Celula*, int, curandStateXORWOW*)",1024,1024,55,0,88670208,8192
1188,3966777694,3968486453,1708759,1.708759,"funcionTransicion(Celula*, int, curandStateXORWOW*)",1024,1024,55,0,88670208,8192
1189,3969309521,3970900553,1591032,1.591032,"funcionTransicion(Celula*, int, curandStateXORWOW*)",1024,1024,55,0,88670208,8192
1190,3971717060,3973392828,1675768,1.675768,"funcionTransicion(Celula*, int, curandStateXORWOW*)",1024,1024,55,0,88670208,8192
1191,3974212408,3975795056,1582648,1.582648,"funcionTransicion(Celula*, int, curandStateXORWOW*)",1024,1024,55,0,88670208,8192
1192,3976616331,3978255043,1638712,1.638712,"funcionTransicion(Celula*, int, curandStateXORWOW*)",1024,1024,55,0,88670208,8192
1193,3979071135,3980708886,1637751,1.637751,"funcionTransicion(Celula*, int, curandStateXORWOW*)",1024,1024,55,0,88670208,8192
1194,3981531666,3983249577,1717911,1.717911,"funcionTransicion(Celula*, int, curandStateXORWOW*)",1024,1024,55,0,88670208,8192
1195,3984065605,3985709437,1643832,1.643832,"funcionTransicion(Celula*, int, curandStateXORWOW*)",1024,1024,55,0,88670208,8192
1196,3986526552,3988091440,1564888,1.564888,"funcionTransicion(Celula*, int, curandStateXORWOW*)",1024,1024,55,0,88670208,8192
1197,3988913164,3990571907,1658743,1.658743,"funcionTransicion(Celula*, int, curandStateXORWOW*)",1024,1024,55,0,88670208,8192
1198,3991381695,3992955191,1573496,1.573496,"funcionTransicion(Celula*, int, curandStateXORWOW*)",1024,1024,55,0,88670208,8192
1199,3993778355,3995649801,1871446,1.871446,"funcionTransicion(Celula*, int, curandStateXORWOW*)",1024,1024,55,0,88670208,8192
1200,3996470373,3998180957,1710584,1.710584,"funcionTransicion(Celula*, int, curandStateXORWOW*)",1024,1024,55,0,88670208,8192
1201,4079113245,4080784756,1671511,1.671511,"funcionTransicion(Celula*, int, curandStateXORWOW*)",1024,1024,55,0,88670208,8192
1202,4081603344,4083247880,1644536,1.644536,"funcionTransicion(Celula*, int, curandStateXORWOW*)",1024,1024,55,0,88670208,8192
1203,4084068611,4085728219,1659608,1.659608,"funcionTransicion(Celula*, int, curandStateXORWOW*)",1024,1024,55,0,88670208,8192
1204,4086538679,4088125167,1586488,1.586488,"funcionTransicion(Celula*, int, curandStateXORWOW*)",1024,1024,55,0,88670208,8192
1205,4088949962,4090671937,1721975,1.721975,"funcionTransicion(Celula*, int, curandStateXORWOW*)",1024,1024,55,0,88670208,8192
1206,4091487901,4093121237,1633336,1.633336,"funcionTransicion(Celula*, int, curandStateXORWOW*)",1024,1024,55,0,88670208,8192
1207,4093934897,4095637064,1702167,1.702167,"funcionTransicion(Celula*, int, curandStateXORWOW*)",1024,1024,55,0,88670208,8192
1208,4096462788,4098117883,1655095,1.655095,"funcionTransicion(Celula*, int, curandStateXORWOW*)",1024,1024,55,0,88670208,8192
1209,4098938007,4100572078,1634071,1.634071,"funcionTransicion(Celula*, int, curandStateXORWOW*)",1024,1024,55,0,88670208,8192
1210,4101391755,4103174401,1782646,1.782646,"funcionTransicion(Celula*, int, curandStateXORWOW*)",1024,1024,55,0,88670208,8192
1211,4103990237,4105829908,1839671,1.839671,"funcionTransicion(Celula*, int, curandStateXORWOW*)",1024,1024,55,0,88670208,8192
1212,4106646256,4108431398,1785142,1.785142,"funcionTransicion(Celula*, int, curandStateXORWOW*)",1024,1024,55,0,88670208,8192
1213,4109258114,4111046905,1788791,1.788791,"funcionTransicion(Celula*, int, curandStateXORWOW*)",1024,1024,55,0,88670208,8192
1214,4111866645,4113522060,1655415,1.655415,"funcionTransicion(Celula*, int, curandStateXORWOW*)",1024,1024,55,0,88670208,8192
1215,4114341352,4116149599,1808247,1.808247,"funcionTransicion(Celula*, int, curandStateXORWOW*)",1024,1024,55,0,88670208,8192
1216,4116977146,4118626802,1649656,1.649656,"funcionTransicion(Celula*, int, curandStateXORWOW*)",1024,1024,55,0,88670208,8192
1217,4119444430,4121072998,1628568,1.628568,"funcionTransicion(Celula*, int, curandStateXORWOW*)",1024,1024,55,0,88670208,8192
1218,4121893793,4123696056,1802263,1.802263,"funcionTransicion(Celula*, int, curandStateXORWOW*)",1024,1024,55,0,88670208,8192
1219,4124515156,4126241835,1726679,1.726679,"funcionTransicion(Celula*, int, curandStateXORWOW*)",1024,1024,55,0,88670208,8192
1220,4127061415,4128760030,1698615,1.698615,"funcionTransicion(Celula*, int, curandStateXORWOW*)",1024,1024,55,0,88670208,8192
1221,4129579898,4131387728,1807830,1.80783,"funcionTransicion(Celula*, int, curandStateXORWOW*)",1024,1024,55,0,88670208,8192
1222,4132209484,4133996995,1787511,1.787511,"funcionTransicion(Celula*, int, curandStateXORWOW*)",1024,1024,55,0,88670208,8192
1223,4134817631,4136553398,1735767,1.735767,"funcionTransicion(Celula*, int, curandStateXORWOW*)",1024,1024,55,0,88670208,8192
1224,4137368978,4139129033,1760055,1.760055,"funcionTransicion(Celula*, int, curandStateXORWOW*)",1024,1024,55,0,88670208,8192
1225,4139986116,4141772635,1786519,1.786519,"funcionTransicion(Celula*, int, curandStateXORWOW*)",1024,1024,55,0,88670208,8192
1226,4142591703,4144415789,1824086,1.824086,"funcionTransicion(Celula*, int, curandStateXORWOW*)",1024,1024,55,0,88670208,8192
1227,4145238313,4146933025,1694712,1.694712,"funcionTransicion(Celula*, int, curandStateXORWOW*)",1024,1024,55,0,88670208,8192
1228,4147745660,4149514355,1768695,1.768695,"funcionTransicion(Celula*, int, curandStateXORWOW*)",1024,1024,55,0,88670208,8192
1229,4150336591,4152161190,1824599,1.824599,"funcionTransicion(Celula*, int, curandStateXORWOW*)",1024,1024,55,0,88670208,8192
1230,4152975873,4154789784,1813911,1.813911,"funcionTransicion(Celula*, int, curandStateXORWOW*)",1024,1024,55,0,88670208,8192
1231,4155604084,4157313067,1708983,1.708983,"funcionTransicion(Celula*, int, curandStateXORWOW*)",1024,1024,55,0,88670208,8192
1232,4158131719,4159809790,1678071,1.678071,"funcionTransicion(Celula*, int, curandStateXORWOW*)",1024,1024,55,0,88670208,8192
1233,4160628794,4162226962,1598168,1.598168,"funcionTransicion(Celula*, int, curandStateXORWOW*)",1024,1024,55,0,88670208,8192
1234,4163040398,4164894372,1853974,1.853974,"funcionTransicion(Celula*, int, curandStateXORWOW*)",1024,1024,55,0,88670208,8192
1235,4165718624,4167498295,1779671,1.779671,"funcionTransicion(Celula*, int, curandStateXORWOW*)",1024,1024,55,0,88670208,8192
1236,4168317011,4170054698,1737687,1.737687,"funcionTransicion(Celula*, int, curandStateXORWOW*)",1024,1024,55,0,88670208,8192
1237,4170877926,4172621756,1743830,1.74383,"funcionTransicion(Celula*, int, curandStateXORWOW*)",1024,1024,55,0,88670208,8192
1238,4173443576,4175109040,1665464,1.665464,"funcionTransicion(Celula*, int, curandStateXORWOW*)",1024,1024,55,0,88670208,8192
1239,4175926956,4177562115,1635159,1.635159,"funcionTransicion(Celula*, int, curandStateXORWOW*)",1024,1024,55,0,88670208,8192
1240,4178373407,4179909911,1536504,1.536504,"funcionTransicion(Celula*, int, curandStateXORWOW*)",1024,1024,55,0,88670208,8192
1241,4180723731,4182300331,1576600,1.5766,"funcionTransicion(Celula*, int, curandStateXORWOW*)",1024,1024,55,0,88670208,8192
1242,4183120295,4184835582,1715287,1.715287,"funcionTransicion(Celula*, int, curandStateXORWOW*)",1024,1024,55,0,88670208,8192
1243,4185654042,4187171730,1517688,1.517688,"funcionTransicion(Celula*, int, curandStateXORWOW*)",1024,1024,55,0,88670208,8192
1244,4187990254,4189646341,1656087,1.656087,"funcionTransicion(Celula*, int, curandStateXORWOW*)",1024,1024,55,0,88670208,8192
1245,4190463617,4192210168,1746551,1.746551,"funcionTransicion(Celula*, int, curandStateXORWOW*)",1024,1024,55,0,88670208,8192
1246,4193026548,4194821483,1794935,1.794935,"funcionTransicion(Celula*, int, curandStateXORWOW*)",1024,1024,55,0,88670208,8192
1247,4195633223,4197222686,1589463,1.589463,"funcionTransicion(Celula*, int, curandStateXORWOW*)",1024,1024,55,0,88670208,8192
1248,4198041498,4199784337,1742839,1.742839,"funcionTransicion(Celula*, int, curandStateXORWOW*)",1024,1024,55,0,88670208,8192
1249,4200669261,4202409028,1739767,1.739767,"funcionTransicion(Celula*, int, curandStateXORWOW*)",1024,1024,55,0,88670208,8192
1250,4203237087,4204942358,1705271,1.705271,"funcionTransicion(Celula*, int, curandStateXORWOW*)",1024,1024,55,0,88670208,8192
1251,4205760915,4207549577,1788662,1.788662,"funcionTransicion(Celula*, int, curandStateXORWOW*)",1024,1024,55,0,88670208,8192
1252,4208376325,4210129692,1753367,1.753367,"funcionTransicion(Celula*, int, curandStateXORWOW*)",1024,1024,55,0,88670208,8192
1253,4210951800,4212747887,1796087,1.796087,"funcionTransicion(Celula*, int, curandStateXORWOW*)",1024,1024,55,0,88670208,8192
1254,4213571082,4215290977,1719895,1.719895,"funcionTransicion(Celula*, int, curandStateXORWOW*)",1024,1024,55,0,88670208,8192
1255,4216107357,4217923412,1816055,1.816055,"funcionTransicion(Celula*, int, curandStateXORWOW*)",1024,1024,55,0,88670208,8192
1256,4218743056,4220504231,1761175,1.761175,"funcionTransicion(Celula*, int, curandStateXORWOW*)",1024,1024,55,0,88670208,8192
1257,4221324706,4223012538,1687832,1.687832,"funcionTransicion(Celula*, int, curandStateXORWOW*)",1024,1024,55,0,88670208,8192
1258,4223842614,4225622989,1780375,1.780375,"funcionTransicion(Celula*, int, curandStateXORWOW*)",1024,1024,55,0,88670208,8192
1259,4226443016,4228202495,1759479,1.759479,"funcionTransicion(Celula*, int, curandStateXORWOW*)",1024,1024,55,0,88670208,8192
1260,4229025179,4230849105,1823926,1.823926,"funcionTransicion(Celula*, int, curandStateXORWOW*)",1024,1024,55,0,88670208,8192
1261,4231667502,4233502212,1834710,1.83471,"funcionTransicion(Celula*, int, curandStateXORWOW*)",1024,1024,55,0,88670208,8192
1262,4234316768,4236085271,1768503,1.768503,"funcionTransicion(Celula*, int, curandStateXORWOW*)",1024,1024,55,0,88670208,8192
1263,4236908147,4238697737,1789590,1.78959,"funcionTransicion(Celula*, int, curandStateXORWOW*)",1024,1024,55,0,88670208,8192
1264,4239513893,4241186044,1672151,1.672151,"funcionTransicion(Celula*, int, curandStateXORWOW*)",1024,1024,55,0,88670208,8192
1265,4242005272,4243761167,1755895,1.755895,"funcionTransicion(Celula*, int, curandStateXORWOW*)",1024,1024,55,0,88670208,8192
1266,4244582507,4246202403,1619896,1.619896,"funcionTransicion(Celula*, int, curandStateXORWOW*)",1024,1024,55,0,88670208,8192
1267,4247024415,4248828181,1803766,1.803766,"funcionTransicion(Celula*, int, curandStateXORWOW*)",1024,1024,55,0,88670208,8192
1268,4249646385,4251291240,1644855,1.644855,"funcionTransicion(Celula*, int, curandStateXORWOW*)",1024,1024,55,0,88670208,8192
1269,4252107236,4253873755,1766519,1.766519,"funcionTransicion(Celula*, int, curandStateXORWOW*)",1024,1024,55,0,88670208,8192
1270,4254694679,4256548430,1853751,1.853751,"funcionTransicion(Celula*, int, curandStateXORWOW*)",1024,1024,55,0,88670208,8192
1271,4257367498,4259257536,1890038,1.890038,"funcionTransicion(Celula*, int, curandStateXORWOW*)",1024,1024,55,0,88670208,8192
1272,4260077436,4261797170,1719734,1.719734,"funcionTransicion(Celula*, int, curandStateXORWOW*)",1024,1024,55,0,88670208,8192
1273,4262639662,4264464101,1824439,1.824439,"funcionTransicion(Celula*, int, curandStateXORWOW*)",1024,1024,55,0,88670208,8192
1274,4265280545,4267065239,1784694,1.784694,"funcionTransicion(Celula*, int, curandStateXORWOW*)",1024,1024,55,0,88670208,8192
1275,4267887219,4269433291,1546072,1.546072,"funcionTransicion(Celula*, int, curandStateXORWOW*)",1024,1024,55,0,88670208,8192
1276,4270252839,4272036542,1783703,1.783703,"funcionTransicion(Celula*, int, curandStateXORWOW*)",1024,1024,55,0,88670208,8192
1277,4272855962,4274484209,1628247,1.628247,"funcionTransicion(Celula*, int, curandStateXORWOW*)",1024,1024,55,0,88670208,8192
1278,4275301293,4276968837,1667544,1.667544,"funcionTransicion(Celula*, int, curandStateXORWOW*)",1024,1024,55,0,88670208,8192
1279,4277785696,4279560792,1775096,1.775096,"funcionTransicion(Celula*, int, curandStateXORWOW*)",1024,1024,55,0,88670208,8192
1280,4280380979,4282101706,1720727,1.720727,"funcionTransicion(Celula*, int, curandStateXORWOW*)",1024,1024,55,0,88670208,8192
1281,4282924198,4284638781,1714583,1.714583,"funcionTransicion(Celula*, int, curandStateXORWOW*)",1024,1024,55,0,88670208,8192
1282,4285461593,4287160944,1699351,1.699351,"funcionTransicion(Celula*, int, curandStateXORWOW*)",1024,1024,55,0,88670208,8192
1283,4287983052,4289685955,1702903,1.702903,"funcionTransicion(Celula*, int, curandStateXORWOW*)",1024,1024,55,0,88670208,8192
1284,4290500287,4292315574,1815287,1.815287,"funcionTransicion(Celula*, int, curandStateXORWOW*)",1024,1024,55,0,88670208,8192
1285,4293140882,4294903880,1762998,1.762998,"funcionTransicion(Celula*, int, curandStateXORWOW*)",1024,1024,55,0,88670208,8192
1286,4295724548,4297494203,1769655,1.769655,"funcionTransicion(Celula*, int, curandStateXORWOW*)",1024,1024,55,0,88670208,8192
1287,4298309111,4300109326,1800215,1.800215,"funcionTransicion(Celula*, int, curandStateXORWOW*)",1024,1024,55,0,88670208,8192
1288,4300932874,4302654209,1721335,1.721335,"funcionTransicion(Celula*, int, curandStateXORWOW*)",1024,1024,55,0,88670208,8192
1289,4303482333,4305247795,1765462,1.765462,"funcionTransicion(Celula*, int, curandStateXORWOW*)",1024,1024,55,0,88670208,8192
1290,4306066639,4307780102,1713463,1.713463,"funcionTransicion(Celula*, int, curandStateXORWOW*)",1024,1024,55,0,88670208,8192
1291,4308603394,4310415193,1811799,1.811799,"funcionTransicion(Celula*, int, curandStateXORWOW*)",1024,1024,55,0,88670208,8192
1292,4311244501,4312980908,1736407,1.736407,"funcionTransicion(Celula*, int, curandStateXORWOW*)",1024,1024,55,0,88670208,8192
1293,4313797384,4315509119,1711735,1.711735,"funcionTransicion(Celula*, int, curandStateXORWOW*)",1024,1024,55,0,88670208,8192
1294,4316328283,4318088018,1759735,1.759735,"funcionTransicion(Celula*, int, curandStateXORWOW*)",1024,1024,55,0,88670208,8192
1295,4318910061,4320593125,1683064,1.683064,"funcionTransicion(Celula*, int, curandStateXORWOW*)",1024,1024,55,0,88670208,8192
1296,4321408289,4323173463,1765174,1.765174,"funcionTransicion(Celula*, int, curandStateXORWOW*)",1024,1024,55,0,88670208,8192
1297,4324011219,4325820778,1809559,1.809559,"funcionTransicion(Celula*, int, curandStateXORWOW*)",1024,1024,55,0,88670208,8192
1298,4326637189,4328469500,1832311,1.832311,"funcionTransicion(Celula*, int, curandStateXORWOW*)",1024,1024,55,0,88670208,8192
1299,4329284184,4331055759,1771575,1.771575,"funcionTransicion(Celula*, int, curandStateXORWOW*)",1024,1024,55,0,88670208,8192
1300,4331875115,4333608738,1733623,1.733623,"funcionTransicion(Celula*, int, curandStateXORWOW*)",1024,1024,55,0,88670208,8192
1301,4334440221,4336265748,1825527,1.825527,"funcionTransicion(Celula*, int, curandStateXORWOW*)",1024,1024,55,0,88670208,8192
1302,4337089168,4338858951,1769783,1.769783,"funcionTransicion(Celula*, int, curandStateXORWOW*)",1024,1024,55,0,88670208,8192
1303,4339683139,4341392922,1709783,1.709783,"funcionTransicion(Celula*, int, curandStateXORWOW*)",1024,1024,55,0,88670208,8192
1304,4342218646,4344060588,1841942,1.841942,"funcionTransicion(Celula*, int, curandStateXORWOW*)",1024,1024,55,0,88670208,8192
1305,4344886216,4346691903,1805687,1.805687,"funcionTransicion(Celula*, int, curandStateXORWOW*)",1024,1024,55,0,88670208,8192
1306,4347514266,4349351825,1837559,1.837559,"funcionTransicion(Celula*, int, curandStateXORWOW*)",1024,1024,55,0,88670208,8192
1307,4350175501,4352069251,1893750,1.89375,"funcionTransicion(Celula*, int, curandStateXORWOW*)",1024,1024,55,0,88670208,8192
1308,4352891007,4354712694,1821687,1.821687,"funcionTransicion(Celula*, int, curandStateXORWOW*)",1024,1024,55,0,88670208,8192
1309,4355532401,4357353704,1821303,1.821303,"funcionTransicion(Celula*, int, curandStateXORWOW*)",1024,1024,55,0,88670208,8192
1310,4358176227,4359952315,1776088,1.776088,"funcionTransicion(Celula*, int, curandStateXORWOW*)",1024,1024,55,0,88670208,8192
1311,4360775798,4362642509,1866711,1.866711,"funcionTransicion(Celula*, int, curandStateXORWOW*)",1024,1024,55,0,88670208,8192
1312,4363456488,4365302399,1845911,1.845911,"funcionTransicion(Celula*, int, curandStateXORWOW*)",1024,1024,55,0,88670208,8192
1313,4366121403,4367939409,1818006,1.818006,"funcionTransicion(Celula*, int, curandStateXORWOW*)",1024,1024,55,0,88670208,8192
1314,4368763309,4370563236,1799927,1.799927,"funcionTransicion(Celula*, int, curandStateXORWOW*)",1024,1024,55,0,88670208,8192
1315,4371380480,4373144791,1764311,1.764311,"funcionTransicion(Celula*, int, curandStateXORWOW*)",1024,1024,55,0,88670208,8192
1316,4373969522,4375790729,1821207,1.821207,"funcionTransicion(Celula*, int, curandStateXORWOW*)",1024,1024,55,0,88670208,8192
1317,4376608389,4378402908,1794519,1.794519,"funcionTransicion(Celula*, int, curandStateXORWOW*)",1024,1024,55,0,88670208,8192
1318,4379216536,4381067502,1850966,1.850966,"funcionTransicion(Celula*, int, curandStateXORWOW*)",1024,1024,55,0,88670208,8192
1319,4381886218,4383731488,1845270,1.84527,"funcionTransicion(Celula*, int, curandStateXORWOW*)",1024,1024,55,0,88670208,8192
1320,4384553212,4386317651,1764439,1.764439,"funcionTransicion(Celula*, int, curandStateXORWOW*)",1024,1024,55,0,88670208,8192
1321,4467483442,4469269673,1786231,1.786231,"funcionTransicion(Celula*, int, curandStateXORWOW*)",1024,1024,55,0,88670208,8192
1322,4470097797,4471910876,1813079,1.813079,"funcionTransicion(Celula*, int, curandStateXORWOW*)",1024,1024,55,0,88670208,8192
1323,4472736503,4474561966,1825463,1.825463,"funcionTransicion(Celula*, int, curandStateXORWOW*)",1024,1024,55,0,88670208,8192
1324,4475390090,4477208705,1818615,1.818615,"funcionTransicion(Celula*, int, curandStateXORWOW*)",1024,1024,55,0,88670208,8192
1325,4478023516,4479867987,1844471,1.844471,"funcionTransicion(Celula*, int, curandStateXORWOW*)",1024,1024,55,0,88670208,8192
1326,4480689198,4482456934,1767736,1.767736,"funcionTransicion(Celula*, int, curandStateXORWOW*)",1024,1024,55,0,88670208,8192
1327,4483272769,4484999192,1726423,1.726423,"funcionTransicion(Celula*, int, curandStateXORWOW*)",1024,1024,55,0,88670208,8192
1328,4485821108,4487566955,1745847,1.745847,"funcionTransicion(Celula*, int, curandStateXORWOW*)",1024,1024,55,0,88670208,8192
1329,4488381831,4490123166,1741335,1.741335,"funcionTransicion(Celula*, int, curandStateXORWOW*)",1024,1024,55,0,88670208,8192
1330,4490951994,4492661169,1709175,1.709175,"funcionTransicion(Celula*, int, curandStateXORWOW*)",1024,1024,55,0,88670208,8192
1331,4493481485,4495275555,1794070,1.79407,"funcionTransicion(Celula*, int, curandStateXORWOW*)",1024,1024,55,0,88670208,8192
1332,4496097503,4497841654,1744151,1.744151,"funcionTransicion(Celula*, int, curandStateXORWOW*)",1024,1024,55,0,88670208,8192
1333,4498663730,4500433705,1769975,1.769975,"funcionTransicion(Celula*, int, curandStateXORWOW*)",1024,1024,55,0,88670208,8192
1334,4501258341,4503058043,1799702,1.799702,"funcionTransicion(Celula*, int, curandStateXORWOW*)",1024,1024,55,0,88670208,8192
1335,4503874935,4505580334,1705399,1.705399,"funcionTransicion(Celula*, int, curandStateXORWOW*)",1024,1024,55,0,88670208,8192
1336,4506403914,4508189217,1785303,1.785303,"funcionTransicion(Celula*, int, curandStateXORWOW*)",1024,1024,55,0,88670208,8192
1337,4509015453,4510853556,1838103,1.838103,"funcionTransicion(Celula*, int, curandStateXORWOW*)",1024,1024,55,0,88670208,8192
1338,4511673583,4513587781,1914198,1.914198,"funcionTransicion(Celula*, int, curandStateXORWOW*)",1024,1024,55,0,88670208,8192
1339,4514409569,4516206264,1796695,1.796695,"funcionTransicion(Celula*, int, curandStateXORWOW*)",1024,1024,55,0,88670208,8192
1340,4517031284,4518847051,1815767,1.815767,"funcionTransicion(Celula*, int, curandStateXORWOW*)",1024,1024,55,0,88670208,8192
1341,4519670342,4521391902,1721560,1.72156,"funcionTransicion(Celula*, int, curandStateXORWOW*)",1024,1024,55,0,88670208,8192
1342,4522207865,4524149039,1941174,1.941174,"funcionTransicion(Celula*, int, curandStateXORWOW*)",1024,1024,55,0,88670208,8192
1343,4524973035,4526879905,1906870,1.90687,"funcionTransicion(Celula*, int, curandStateXORWOW*)",1024,1024,55,0,88670208,8192
1344,4527702589,4529542291,1839702,1.839702,"funcionTransicion(Celula*, int, curandStateXORWOW*)",1024,1024,55,0,88670208,8192
1345,4530393007,4532317765,1924758,1.924758,"funcionTransicion(Celula*, int, curandStateXORWOW*)",1024,1024,55,0,88670208,8192
1346,4533143233,4535015256,1872023,1.872023,"funcionTransicion(Celula*, int, curandStateXORWOW*)",1024,1024,55,0,88670208,8192
1347,4535832595,4537581323,1748728,1.748728,"funcionTransicion(Celula*, int, curandStateXORWOW*)",1024,1024,55,0,88670208,8192
1348,4538401766,4540316060,1914294,1.914294,"funcionTransicion(Celula*, int, curandStateXORWOW*)",1024,1024,55,0,88670208,8192
1349,4541135448,4542984814,1849366,1.849366,"funcionTransicion(Celula*, int, curandStateXORWOW*)",1024,1024,55,0,88670208,8192
1350,4543805290,4545636705,1831415,1.831415,"funcionTransicion(Celula*, int, curandStateXORWOW*)",1024,1024,55,0,88670208,8192
1351,4546454301,4548263411,1809110,1.80911,"funcionTransicion(Celula*, int, curandStateXORWOW*)",1024,1024,55,0,88670208,8192
1352,4549082863,4550888742,1805879,1.805879,"funcionTransicion(Celula*, int, curandStateXORWOW*)",1024,1024,55,0,88670208,8192
1353,4551714338,4553517624,1803286,1.803286,"funcionTransicion(Celula*, int, curandStateXORWOW*)",1024,1024,55,0,88670208,8192
1354,4554339860,4556206667,1866807,1.866807,"funcionTransicion(Celula*, int, curandStateXORWOW*)",1024,1024,55,0,88670208,8192
1355,4557022439,4558855581,1833142,1.833142,"funcionTransicion(Celula*, int, curandStateXORWOW*)",1024,1024,55,0,88670208,8192
1356,4559676537,4561530319,1853782,1.853782,"funcionTransicion(Celula*, int, curandStateXORWOW*)",1024,1024,55,0,88670208,8192
1357,4562355531,4564171522,1815991,1.815991,"funcionTransicion(Celula*, int, curandStateXORWOW*)",1024,1024,55,0,88670208,8192
1358,4564995837,4566849876,1854039,1.854039,"funcionTransicion(Celula*, int, curandStateXORWOW*)",1024,1024,55,0,88670208,8192
1359,4567675728,4569550502,1874774,1.874774,"funcionTransicion(Celula*, int, curandStateXORWOW*)",1024,1024,55,0,88670208,8192
1360,4570383138,4572245112,1861974,1.861974,"funcionTransicion(Celula*, int, curandStateXORWOW*)",1024,1024,55,0,88670208,8192
1361,4573066420,4574937994,1871574,1.871574,"funcionTransicion(Celula*, int, curandStateXORWOW*)",1024,1024,55,0,88670208,8192
1362,4575765510,4577584637,1819127,1.819127,"funcionTransicion(Celula*, int, curandStateXORWOW*)",1024,1024,55,0,88670208,8192
1363,4578402105,4580246959,1844854,1.844854,"funcionTransicion(Celula*, int, curandStateXORWOW*)",1024,1024,55,0,88670208,8192
1364,4581068715,4582972865,1904150,1.90415,"funcionTransicion(Celula*, int, curandStateXORWOW*)",1024,1024,55,0,88670208,8192
1365,4583795389,4585791059,1995670,1.99567,"funcionTransicion(Celula*, int, curandStateXORWOW*)",1024,1024,55,0,88670208,8192
1366,4586614223,4588415941,1801718,1.801718,"funcionTransicion(Celula*, int, curandStateXORWOW*)",1024,1024,55,0,88670208,8192
1367,4589244449,4591034904,1790455,1.790455,"funcionTransicion(Celula*, int, curandStateXORWOW*)",1024,1024,55,0,88670208,8192
1368,4591852084,4593551787,1699703,1.699703,"funcionTransicion(Celula*, int, curandStateXORWOW*)",1024,1024,55,0,88670208,8192
1369,4594401575,4596204765,1803190,1.80319,"funcionTransicion(Celula*, int, curandStateXORWOW*)",1024,1024,55,0,88670208,8192
1370,4597025113,4598866927,1841814,1.841814,"funcionTransicion(Celula*, int, curandStateXORWOW*)",1024,1024,55,0,88670208,8192
1371,4599681611,4601523074,1841463,1.841463,"funcionTransicion(Celula*, int, curandStateXORWOW*)",1024,1024,55,0,88670208,8192
1372,4602349054,4604271860,1922806,1.922806,"funcionTransicion(Celula*, int, curandStateXORWOW*)",1024,1024,55,0,88670208,8192
1373,4605093744,4606951398,1857654,1.857654,"funcionTransicion(Celula*, int, curandStateXORWOW*)",1024,1024,55,0,88670208,8192
1374,4607779810,4609685880,1906070,1.90607,"funcionTransicion(Celula*, int, curandStateXORWOW*)",1024,1024,55,0,88670208,8192
1375,4610511572,4612420746,1909174,1.909174,"funcionTransicion(Celula*, int, curandStateXORWOW*)",1024,1024,55,0,88670208,8192
1376,4613243686,4615014941,1771255,1.771255,"funcionTransicion(Celula*, int, curandStateXORWOW*)",1024,1024,55,0,88670208,8192
1377,4615838265,4617699567,1861302,1.861302,"funcionTransicion(Celula*, int, curandStateXORWOW*)",1024,1024,55,0,88670208,8192
1378,4618535659,4620361729,1826070,1.82607,"funcionTransicion(Celula*, int, curandStateXORWOW*)",1024,1024,55,0,88670208,8192
1379,4621185533,4623062451,1876918,1.876918,"funcionTransicion(Celula*, int, curandStateXORWOW*)",1024,1024,55,0,88670208,8192
1380,4623879759,4625680486,1800727,1.800727,"funcionTransicion(Celula*, int, curandStateXORWOW*)",1024,1024,55,0,88670208,8192
1381,4626501217,4628472600,1971383,1.971383,"funcionTransicion(Celula*, int, curandStateXORWOW*)",1024,1024,55,0,88670208,8192
1382,4629297267,4631128938,1831671,1.831671,"funcionTransicion(Celula*, int, curandStateXORWOW*)",1024,1024,55,0,88670208,8192
1383,4631951174,4633925307,1974133,1.974133,"funcionTransicion(Celula*, int, curandStateXORWOW*)",1024,1024,55,0,88670208,8192
1384,4634747447,4636591150,1843703,1.843703,"funcionTransicion(Celula*, int, curandStateXORWOW*)",1024,1024,55,0,88670208,8192
1385,4637409386,4639254080,1844694,1.844694,"funcionTransicion(Celula*, int, curandStateXORWOW*)",1024,1024,55,0,88670208,8192
1386,4640074524,4641972850,1898326,1.898326,"funcionTransicion(Celula*, int, curandStateXORWOW*)",1024,1024,55,0,88670208,8192
1387,4642796846,4644735556,1938710,1.93871,"funcionTransicion(Celula*, int, curandStateXORWOW*)",1024,1024,55,0,88670208,8192
1388,4645557856,4647446102,1888246,1.888246,"funcionTransicion(Celula*, int, curandStateXORWOW*)",1024,1024,55,0,88670208,8192
1389,4648272306,4650150664,1878358,1.878358,"funcionTransicion(Celula*, int, curandStateXORWOW*)",1024,1024,55,0,88670208,8192
1390,4650981252,4652943770,1962518,1.962518,"funcionTransicion(Celula*, int, curandStateXORWOW*)",1024,1024,55,0,88670208,8192
1391,4653764085,4655569612,1805527,1.805527,"funcionTransicion(Celula*, int, curandStateXORWOW*)",1024,1024,55,0,88670208,8192
1392,4656390376,4658141599,1751223,1.751223,"funcionTransicion(Celula*, int, curandStateXORWOW*)",1024,1024,55,0,88670208,8192
1393,4658988251,4660937169,1948918,1.948918,"funcionTransicion(Celula*, int, curandStateXORWOW*)",1024,1024,55,0,88670208,8192
1394,4661758508,4663688899,1930391,1.930391,"funcionTransicion(Celula*, int, curandStateXORWOW*)",1024,1024,55,0,88670208,8192
1395,4664515006,4666325205,1810199,1.810199,"funcionTransicion(Celula*, int, curandStateXORWOW*)",1024,1024,55,0,88670208,8192
1396,4667148241,4668962856,1814615,1.814615,"funcionTransicion(Celula*, int, curandStateXORWOW*)",1024,1024,55,0,88670208,8192
1397,4669783395,4671536762,1753367,1.753367,"funcionTransicion(Celula*, int, curandStateXORWOW*)",1024,1024,55,0,88670208,8192
1398,4672367894,4674126477,1758583,1.758583,"funcionTransicion(Celula*, int, curandStateXORWOW*)",1024,1024,55,0,88670208,8192
1399,4674948521,4676761536,1813015,1.813015,"funcionTransicion(Celula*, int, curandStateXORWOW*)",1024,1024,55,0,88670208,8192
1400,4677582939,4679417970,1835031,1.835031,"funcionTransicion(Celula*, int, curandStateXORWOW*)",1024,1024,55,0,88670208,8192
1401,4680238926,4682022148,1783222,1.783222,"funcionTransicion(Celula*, int, curandStateXORWOW*)",1024,1024,55,0,88670208,8192
1402,4682846688,4684708310,1861622,1.861622,"funcionTransicion(Celula*, int, curandStateXORWOW*)",1024,1024,55,0,88670208,8192
1403,4685532818,4687434857,1902039,1.902039,"funcionTransicion(Celula*, int, curandStateXORWOW*)",1024,1024,55,0,88670208,8192
1404,4688253125,4690189370,1936245,1.936245,"funcionTransicion(Celula*, int, curandStateXORWOW*)",1024,1024,55,0,88670208,8192
1405,4691009270,4692913548,1904278,1.904278,"funcionTransicion(Celula*, int, curandStateXORWOW*)",1024,1024,55,0,88670208,8192
1406,4693733384,4695586367,1852983,1.852983,"funcionTransicion(Celula*, int, curandStateXORWOW*)",1024,1024,55,0,88670208,8192
1407,4696405915,4698156210,1750295,1.750295,"funcionTransicion(Celula*, int, curandStateXORWOW*)",1024,1024,55,0,88670208,8192
1408,4698983021,4700836100,1853079,1.853079,"funcionTransicion(Celula*, int, curandStateXORWOW*)",1024,1024,55,0,88670208,8192
1409,4701659808,4703542294,1882486,1.882486,"funcionTransicion(Celula*, int, curandStateXORWOW*)",1024,1024,55,0,88670208,8192
1410,4704365586,4706262344,1896758,1.896758,"funcionTransicion(Celula*, int, curandStateXORWOW*)",1024,1024,55,0,88670208,8192
1411,4707088900,4708882811,1793911,1.793911,"funcionTransicion(Celula*, int, curandStateXORWOW*)",1024,1024,55,0,88670208,8192
1412,4709709334,4711496845,1787511,1.787511,"funcionTransicion(Celula*, int, curandStateXORWOW*)",1024,1024,55,0,88670208,8192
1413,4712319849,4714269695,1949846,1.949846,"funcionTransicion(Celula*, int, curandStateXORWOW*)",1024,1024,55,0,88670208,8192
1414,4715106011,4717005425,1899414,1.899414,"funcionTransicion(Celula*, int, curandStateXORWOW*)",1024,1024,55,0,88670208,8192
1415,4717826349,4719631939,1805590,1.80559,"funcionTransicion(Celula*, int, curandStateXORWOW*)",1024,1024,55,0,88670208,8192
1416,4720454655,4722332053,1877398,1.877398,"funcionTransicion(Celula*, int, curandStateXORWOW*)",1024,1024,55,0,88670208,8192
1417,4723250545,4725164199,1913654,1.913654,"funcionTransicion(Celula*, int, curandStateXORWOW*)",1024,1024,55,0,88670208,8192
1418,4725988867,4727925561,1936694,1.936694,"funcionTransicion(Celula*, int, curandStateXORWOW*)",1024,1024,55,0,88670208,8192
1419,4728747445,4730695370,1947925,1.947925,"funcionTransicion(Celula*, int, curandStateXORWOW*)",1024,1024,55,0,88670208,8192
1420,4731512166,4733423388,1911222,1.911222,"funcionTransicion(Celula*, int, curandStateXORWOW*)",1024,1024,55,0,88670208,8192
1421,4734252472,4736209326,1956854,1.956854,"funcionTransicion(Celula*, int, curandStateXORWOW*)",1024,1024,55,0,88670208,8192
1422,4737034730,4738992480,1957750,1.95775,"funcionTransicion(Celula*, int, curandStateXORWOW*)",1024,1024,55,0,88670208,8192
1423,4739818876,4741763953,1945077,1.945077,"funcionTransicion(Celula*, int, curandStateXORWOW*)",1024,1024,55,0,88670208,8192
1424,4742585230,4744406436,1821206,1.821206,"funcionTransicion(Celula*, int, curandStateXORWOW*)",1024,1024,55,0,88670208,8192
1425,4745236864,4747099382,1862518,1.862518,"funcionTransicion(Celula*, int, curandStateXORWOW*)",1024,1024,55,0,88670208,8192
1426,4747924402,4749848136,1923734,1.923734,"funcionTransicion(Celula*, int, curandStateXORWOW*)",1024,1024,55,0,88670208,8192
1427,4750674052,4752571610,1897558,1.897558,"funcionTransicion(Celula*, int, curandStateXORWOW*)",1024,1024,55,0,88670208,8192
1428,4753394070,4755297932,1903862,1.903862,"funcionTransicion(Celula*, int, curandStateXORWOW*)",1024,1024,55,0,88670208,8192
1429,4756126824,4758071998,1945174,1.945174,"funcionTransicion(Celula*, int, curandStateXORWOW*)",1024,1024,55,0,88670208,8192
1430,4758901306,4760829616,1928310,1.92831,"funcionTransicion(Celula*, int, curandStateXORWOW*)",1024,1024,55,0,88670208,8192
1431,4761655884,4763614465,1958581,1.958581,"funcionTransicion(Celula*, int, curandStateXORWOW*)",1024,1024,55,0,88670208,8192
1432,4764444285,4766476947,2032662,2.032662,"funcionTransicion(Celula*, int, curandStateXORWOW*)",1024,1024,55,0,88670208,8192
1433,4767305967,4769339268,2033301,2.033301,"funcionTransicion(Celula*, int, curandStateXORWOW*)",1024,1024,55,0,88670208,8192
1434,4770165312,4772050166,1884854,1.884854,"funcionTransicion(Celula*, int, curandStateXORWOW*)",1024,1024,55,0,88670208,8192
1435,4772877522,4774823112,1945590,1.94559,"funcionTransicion(Celula*, int, curandStateXORWOW*)",1024,1024,55,0,88670208,8192
1436,4775647844,4777552826,1904982,1.904982,"funcionTransicion(Celula*, int, curandStateXORWOW*)",1024,1024,55,0,88670208,8192
1437,4778371318,4780371115,1999797,1.999797,"funcionTransicion(Celula*, int, curandStateXORWOW*)",1024,1024,55,0,88670208,8192
1438,4781193863,4783139293,1945430,1.94543,"funcionTransicion(Celula*, int, curandStateXORWOW*)",1024,1024,55,0,88670208,8192
1439,4783964089,4786006030,2041941,2.041941,"funcionTransicion(Celula*, int, curandStateXORWOW*)",1024,1024,55,0,88670208,8192
1440,4786833194,4788941408,2108214,2.108214,"funcionTransicion(Celula*, int, curandStateXORWOW*)",1024,1024,55,0,88670208,8192
1441,4872843921,4874886662,2042741,2.042741,"funcionTransicion(Celula*, int, curandStateXORWOW*)",1024,1024,55,0,88670208,8192
1442,4875713602,4877746487,2032885,2.032885,"funcionTransicion(Celula*, int, curandStateXORWOW*)",1024,1024,55,0,88670208,8192
1443,4878564851,4880512137,1947286,1.947286,"funcionTransicion(Celula*, int, curandStateXORWOW*)",1024,1024,55,0,88670208,8192
1444,4881339653,4883464890,2125237,2.125237,"funcionTransicion(Celula*, int, curandStateXORWOW*)",1024,1024,55,0,88670208,8192
1445,4884293398,4886361707,2068309,2.068309,"funcionTransicion(Celula*, int, curandStateXORWOW*)",1024,1024,55,0,88670208,8192
1446,4887183911,4889185244,2001333,2.001333,"funcionTransicion(Celula*, int, curandStateXORWOW*)",1024,1024,55,0,88670208,8192
1447,4890009528,4892019598,2010070,2.01007,"funcionTransicion(Celula*, int, curandStateXORWOW*)",1024,1024,55,0,88670208,8192
1448,4892852458,4894846976,1994518,1.994518,"funcionTransicion(Celula*, int, curandStateXORWOW*)",1024,1024,55,0,88670208,8192
1449,4895673403,4897631377,1957974,1.957974,"funcionTransicion(Celula*, int, curandStateXORWOW*)",1024,1024,55,0,88670208,8192
1450,4898449997,4900509154,2059157,2.059157,"funcionTransicion(Celula*, int, curandStateXORWOW*)",1024,1024,55,0,88670208,8192
1451,4901336350,4903374996,2038646,2.038646,"funcionTransicion(Celula*, int, curandStateXORWOW*)",1024,1024,55,0,88670208,8192
1452,4904198544,4906199941,2001397,2.001397,"funcionTransicion(Celula*, int, curandStateXORWOW*)",1024,1024,55,0,88670208,8192
1453,4907017601,4909033655,2016054,2.016054,"funcionTransicion(Celula*, int, curandStateXORWOW*)",1024,1024,55,0,88670208,8192
1454,4909867250,4911848168,1980918,1.980918,"funcionTransicion(Celula*, int, curandStateXORWOW*)",1024,1024,55,0,88670208,8192
1455,4912673380,4914740185,2066805,2.066805,"funcionTransicion(Celula*, int, curandStateXORWOW*)",1024,1024,55,0,88670208,8192
1456,4915570037,4917596107,2026070,2.02607,"funcionTransicion(Celula*, int, curandStateXORWOW*)",1024,1024,55,0,88670208,8192
1457,4918422118,4920545756,2123638,2.123638,"funcionTransicion(Celula*, int, curandStateXORWOW*)",1024,1024,55,0,88670208,8192
1458,4921368759,4923406669,2037910,2.03791,"funcionTransicion(Celula*, int, curandStateXORWOW*)",1024,1024,55,0,88670208,8192
1459,4924237544,4926316958,2079414,2.079414,"funcionTransicion(Celula*, int, curandStateXORWOW*)",1024,1024,55,0,88670208,8192
1460,4927136953,4929224911,2087958,2.087958,"funcionTransicion(Celula*, int, curandStateXORWOW*)",1024,1024,55,0,88670208,8192
1461,4930057515,4932108064,2050549,2.050549,"funcionTransicion(Celula*, int, curandStateXORWOW*)",1024,1024,55,0,88670208,8192
1462,4932933852,4934890962,1957110,1.95711,"funcionTransicion(Celula*, int, curandStateXORWOW*)",1024,1024,55,0,88670208,8192
1463,4935717838,4937697539,1979701,1.979701,"funcionTransicion(Celula*, int, curandStateXORWOW*)",1024,1024,55,0,88670208,8192
1464,4938521695,4940479765,1958070,1.95807,"funcionTransicion(Celula*, int, curandStateXORWOW*)",1024,1024,55,0,88670208,8192
1465,4941355697,4943268199,1912502,1.912502,"funcionTransicion(Celula*, int, curandStateXORWOW*)",1024,1024,55,0,88670208,8192
1466,4944091842,4946101080,2009238,2.009238,"funcionTransicion(Celula*, int, curandStateXORWOW*)",1024,1024,55,0,88670208,8192
1467,4946920276,4948946474,2026198,2.026198,"funcionTransicion(Celula*, int, curandStateXORWOW*)",1024,1024,55,0,88670208,8192
1468,4949774405,4951710172,1935767,1.935767,"funcionTransicion(Celula*, int, curandStateXORWOW*)",1024,1024,55,0,88670208,8192
1469,4952534103,4954642412,2108309,2.108309,"funcionTransicion(Celula*, int, curandStateXORWOW*)",1024,1024,55,0,88670208,8192
1470,4955460680,4957486526,2025846,2.025846,"funcionTransicion(Celula*, int, curandStateXORWOW*)",1024,1024,55,0,88670208,8192
1471,4958307834,4960278895,1971061,1.971061,"funcionTransicion(Celula*, int, curandStateXORWOW*)",1024,1024,55,0,88670208,8192
1472,4961105899,4963147617,2041718,2.041718,"funcionTransicion(Celula*, int, curandStateXORWOW*)",1024,1024,55,0,88670208,8192
1473,4963970172,4965907794,1937622,1.937622,"funcionTransicion(Celula*, int, curandStateXORWOW*)",1024,1024,55,0,88670208,8192
1474,4966740622,4968797828,2057206,2.057206,"funcionTransicion(Celula*, int, curandStateXORWOW*)",1024,1024,55,0,88670208,8192
1475,4969615616,4971531030,1915414,1.915414,"funcionTransicion(Celula*, int, curandStateXORWOW*)",1024,1024,55,0,88670208,8192
1476,4972351409,4974421447,2070038,2.070038,"funcionTransicion(Celula*, int, curandStateXORWOW*)",1024,1024,55,0,88670208,8192
1477,4975245507,4977266328,2020821,2.020821,"funcionTransicion(Celula*, int, curandStateXORWOW*)",1024,1024,55,0,88670208,8192
1478,4978092756,4980141450,2048694,2.048694,"funcionTransicion(Celula*, int, curandStateXORWOW*)",1024,1024,55,0,88670208,8192
1479,4980966693,4982951387,1984694,1.984694,"funcionTransicion(Celula*, int, curandStateXORWOW*)",1024,1024,55,0,88670208,8192
1480,4983781687,4985820364,2038677,2.038677,"funcionTransicion(Celula*, int, curandStateXORWOW*)",1024,1024,55,0,88670208,8192
1481,4986643528,4988683901,2040373,2.040373,"funcionTransicion(Celula*, int, curandStateXORWOW*)",1024,1024,55,0,88670208,8192
1482,4989514553,4991741038,2226485,2.226485,"funcionTransicion(Celula*, int, curandStateXORWOW*)",1024,1024,55,0,88670208,8192
1483,4992567242,4994548288,1981046,1.981046,"funcionTransicion(Celula*, int, curandStateXORWOW*)",1024,1024,55,0,88670208,8192
1484,4995372731,4997469872,2097141,2.097141,"funcionTransicion(Celula*, int, curandStateXORWOW*)",1024,1024,55,0,88670208,8192
1485,4998295244,5000488161,2192917,2.192917,"funcionTransicion(Celula*, int, curandStateXORWOW*)",1024,1024,55,0,88670208,8192
1486,5001313789,5003427634,2113845,2.113845,"funcionTransicion(Celula*, int, curandStateXORWOW*)",1024,1024,55,0,88670208,8192
1487,5004253230,5006308643,2055413,2.055413,"funcionTransicion(Celula*, int, curandStateXORWOW*)",1024,1024,55,0,88670208,8192
1488,5007129983,5009294484,2164501,2.164501,"funcionTransicion(Celula*, int, curandStateXORWOW*)",1024,1024,55,0,88670208,8192
1489,5010146351,5012312868,2166517,2.166517,"funcionTransicion(Celula*, int, curandStateXORWOW*)",1024,1024,55,0,88670208,8192
1490,5013141664,5015174294,2032630,2.03263,"funcionTransicion(Celula*, int, curandStateXORWOW*)",1024,1024,55,0,88670208,8192
1491,5015999729,5018057255,2057526,2.057526,"funcionTransicion(Celula*, int, curandStateXORWOW*)",1024,1024,55,0,88670208,8192
1492,5018883938,5020943800,2059862,2.059862,"funcionTransicion(Celula*, int, curandStateXORWOW*)",1024,1024,55,0,88670208,8192
1493,5021766227,5023890505,2124278,2.124278,"funcionTransicion(Celula*, int, curandStateXORWOW*)",1024,1024,55,0,88670208,8192
1494,5024711909,5026786106,2074197,2.074197,"funcionTransicion(Celula*, int, curandStateXORWOW*)",1024,1024,55,0,88670208,8192
1495,5027610326,5029731563,2121237,2.121237,"funcionTransicion(Celula*, int, curandStateXORWOW*)",1024,1024,55,0,88670208,8192
1496,5030555398,5032615964,2060566,2.060566,"funcionTransicion(Celula*, int, curandStateXORWOW*)",1024,1024,55,0,88670208,8192
1497,5033435192,5035357486,1922294,1.922294,"funcionTransicion(Celula*, int, curandStateXORWOW*)",1024,1024,55,0,88670208,8192
1498,5036181322,5038266719,2085397,2.085397,"funcionTransicion(Celula*, int, curandStateXORWOW*)",1024,1024,55,0,88670208,8192
1499,5039088123,5041074992,1986869,1.986869,"funcionTransicion(Celula*, int, curandStateXORWOW*)",1024,1024,55,0,88670208,8192
1500,5041902188,5043940834,2038646,2.038646,"funcionTransicion(Celula*, int, curandStateXORWOW*)",1024,1024,55,0,88670208,8192
1501,5044772894,5046816499,2043605,2.043605,"funcionTransicion(Celula*, int, curandStateXORWOW*)",1024,1024,55,0,88670208,8192
1502,5047641679,5049714276,2072597,2.072597,"funcionTransicion(Celula*, int, curandStateXORWOW*)",1024,1024,55,0,88670208,8192
1503,5050539520,5052640405,2100885,2.100885,"funcionTransicion(Celula*, int, curandStateXORWOW*)",1024,1024,55,0,88670208,8192
1504,5053471089,5055612294,2141205,2.141205,"funcionTransicion(Celula*, int, curandStateXORWOW*)",1024,1024,55,0,88670208,8192
1505,5056427905,5058415928,1988023,1.988023,"funcionTransicion(Celula*, int, curandStateXORWOW*)",1024,1024,55,0,88670208,8192
1506,5059244531,5061216873,1972342,1.972342,"funcionTransicion(Celula*, int, curandStateXORWOW*)",1024,1024,55,0,88670208,8192
1507,5062039077,5064115738,2076661,2.076661,"funcionTransicion(Celula*, int, curandStateXORWOW*)",1024,1024,55,0,88670208,8192
1508,5064939766,5066976812,2037046,2.037046,"funcionTransicion(Celula*, int, curandStateXORWOW*)",1024,1024,55,0,88670208,8192
1509,5067796263,5069913597,2117334,2.117334,"funcionTransicion(Celula*, int, curandStateXORWOW*)",1024,1024,55,0,88670208,8192
1510,5070741208,5072801517,2060309,2.060309,"funcionTransicion(Celula*, int, curandStateXORWOW*)",1024,1024,55,0,88670208,8192
1511,5073634377,5075644671,2010294,2.010294,"funcionTransicion(Celula*, int, curandStateXORWOW*)",1024,1024,55,0,88670208,8192
1512,5076472667,5078531024,2058357,2.058357,"funcionTransicion(Celula*, int, curandStateXORWOW*)",1024,1024,55,0,88670208,8192
1513,5079373260,5081468641,2095381,2.095381,"funcionTransicion(Celula*, int, curandStateXORWOW*)",1024,1024,55,0,88670208,8192
1514,5082289469,5084346866,2057397,2.057397,"funcionTransicion(Celula*, int, curandStateXORWOW*)",1024,1024,55,0,88670208,8192
1515,5085171022,5087183779,2012757,2.012757,"funcionTransicion(Celula*, int, curandStateXORWOW*)",1024,1024,55,0,88670208,8192
1516,5088005279,5089964086,1958807,1.958807,"funcionTransicion(Celula*, int, curandStateXORWOW*)",1024,1024,55,0,88670208,8192
1517,5090791505,5092842055,2050550,2.05055,"funcionTransicion(Celula*, int, curandStateXORWOW*)",1024,1024,55,0,88670208,8192
1518,5093671778,5095807063,2135285,2.135285,"funcionTransicion(Celula*, int, curandStateXORWOW*)",1024,1024,55,0,88670208,8192
1519,5096632979,5098621865,1988886,1.988886,"funcionTransicion(Celula*, int, curandStateXORWOW*)",1024,1024,55,0,88670208,8192
1520,5099445829,5101570458,2124629,2.124629,"funcionTransicion(Celula*, int, curandStateXORWOW*)",1024,1024,55,0,88670208,8192
1521,5102403061,5104469867,2066806,2.066806,"funcionTransicion(Celula*, int, curandStateXORWOW*)",1024,1024,55,0,88670208,8192
1522,5105296871,5107417084,2120213,2.120213,"funcionTransicion(Celula*, int, curandStateXORWOW*)",1024,1024,55,0,88670208,8192
1523,5108250616,5110358029,2107413,2.107413,"funcionTransicion(Celula*, int, curandStateXORWOW*)",1024,1024,55,0,88670208,8192
1524,5111190121,5113227166,2037045,2.037045,"funcionTransicion(Celula*, int, curandStateXORWOW*)",1024,1024,55,0,88670208,8192
1525,5114045658,5116149743,2104085,2.104085,"funcionTransicion(Celula*, int, curandStateXORWOW*)",1024,1024,55,0,88670208,8192
1526,5116977323,5119161599,2184276,2.184276,"funcionTransicion(Celula*, int, curandStateXORWOW*)",1024,1024,55,0,88670208,8192
1527,5119994107,5122159824,2165717,2.165717,"funcionTransicion(Celula*, int, curandStateXORWOW*)",1024,1024,55,0,88670208,8192
1528,5122985644,5125099009,2113365,2.113365,"funcionTransicion(Celula*, int, curandStateXORWOW*)",1024,1024,55,0,88670208,8192
1529,5125932573,5128015026,2082453,2.082453,"funcionTransicion(Celula*, int, curandStateXORWOW*)",1024,1024,55,0,88670208,8192
1530,5128841326,5130919523,2078197,2.078197,"funcionTransicion(Celula*, int, curandStateXORWOW*)",1024,1024,55,0,88670208,8192
1531,5131749215,5133930963,2181748,2.181748,"funcionTransicion(Celula*, int, curandStateXORWOW*)",1024,1024,55,0,88670208,8192
1532,5134753327,5136805669,2052342,2.052342,"funcionTransicion(Celula*, int, curandStateXORWOW*)",1024,1024,55,0,88670208,8192
1533,5137637825,5139739862,2102037,2.102037,"funcionTransicion(Celula*, int, curandStateXORWOW*)",1024,1024,55,0,88670208,8192
1534,5140559985,5142513383,1953398,1.953398,"funcionTransicion(Celula*, int, curandStateXORWOW*)",1024,1024,55,0,88670208,8192
1535,5143341891,5145459704,2117813,2.117813,"funcionTransicion(Celula*, int, curandStateXORWOW*)",1024,1024,55,0,88670208,8192
1536,5146286612,5148308170,2021558,2.021558,"funcionTransicion(Celula*, int, curandStateXORWOW*)",1024,1024,55,0,88670208,8192
1537,5149155749,5151275003,2119254,2.119254,"funcionTransicion(Celula*, int, curandStateXORWOW*)",1024,1024,55,0,88670208,8192
1538,5152094710,5154147852,2053142,2.053142,"funcionTransicion(Celula*, int, curandStateXORWOW*)",1024,1024,55,0,88670208,8192
1539,5154980680,5156945693,1965013,1.965013,"funcionTransicion(Celula*, int, curandStateXORWOW*)",1024,1024,55,0,88670208,8192
1540,5157767513,5159966382,2198869,2.198869,"funcionTransicion(Celula*, int, curandStateXORWOW*)",1024,1024,55,0,88670208,8192
1541,5160787370,5162874015,2086645,2.086645,"funcionTransicion(Celula*, int, curandStateXORWOW*)",1024,1024,55,0,88670208,8192
1542,5163701051,5165707792,2006741,2.006741,"funcionTransicion(Celula*, int, curandStateXORWOW*)",1024,1024,55,0,88670208,8192
1543,5166541548,5168574434,2032886,2.032886,"funcionTransicion(Celula*, int, curandStateXORWOW*)",1024,1024,55,0,88670208,8192
1544,5169406845,5171483603,2076758,2.076758,"funcionTransicion(Celula*, int, curandStateXORWOW*)",1024,1024,55,0,88670208,8192
1545,5172314927,5174344484,2029557,2.029557,"funcionTransicion(Celula*, int, curandStateXORWOW*)",1024,1024,55,0,88670208,8192
1546,5175173632,5177191317,2017685,2.017685,"funcionTransicion(Celula*, int, curandStateXORWOW*)",1024,1024,55,0,88670208,8192
1547,5178017457,5180004615,1987158,1.987158,"funcionTransicion(Celula*, int, curandStateXORWOW*)",1024,1024,55,0,88670208,8192
1548,5180838499,5182969400,2130901,2.130901,"funcionTransicion(Celula*, int, curandStateXORWOW*)",1024,1024,55,0,88670208,8192
1549,5183801683,5185882281,2080598,2.080598,"funcionTransicion(Celula*, int, curandStateXORWOW*)",1024,1024,55,0,88670208,8192
1550,5186711301,5188822586,2111285,2.111285,"funcionTransicion(Celula*, int, curandStateXORWOW*)",1024,1024,55,0,88670208,8192
1551,5189647381,5191802443,2155062,2.155062,"funcionTransicion(Celula*, int, curandStateXORWOW*)",1024,1024,55,0,88670208,8192
1552,5192624870,5194643388,2018518,2.018518,"funcionTransicion(Celula*, int, curandStateXORWOW*)",1024,1024,55,0,88670208,8192
1553,5195471703,5197575821,2104118,2.104118,"funcionTransicion(Celula*, int, curandStateXORWOW*)",1024,1024,55,0,88670208,8192
1554,5198411496,5200365886,1954390,1.95439,"funcionTransicion(Celula*, int, curandStateXORWOW*)",1024,1024,55,0,88670208,8192
1555,5201190970,5203177904,1986934,1.986934,"funcionTransicion(Celula*, int, curandStateXORWOW*)",1024,1024,55,0,88670208,8192
1556,5204011404,5206041121,2029717,2.029717,"funcionTransicion(Celula*, int, curandStateXORWOW*)",1024,1024,55,0,88670208,8192
1557,5206872637,5208990738,2118101,2.118101,"funcionTransicion(Celula*, int, curandStateXORWOW*)",1024,1024,55,0,88670208,8192
1558,5209818734,5211806019,1987285,1.987285,"funcionTransicion(Celula*, int, curandStateXORWOW*)",1024,1024,55,0,88670208,8192
1559,5212629727,5214552726,1922999,1.922999,"funcionTransicion(Celula*, int, curandStateXORWOW*)",1024,1024,55,0,88670208,8192
1560,5215371505,5217488646,2117141,2.117141,"funcionTransicion(Celula*, int, curandStateXORWOW*)",1024,1024,55,0,88670208,8192
1561,5301826261,5303860715,2034454,2.034454,"funcionTransicion(Celula*, int, curandStateXORWOW*)",1024,1024,55,0,88670208,8192
1562,5304682407,5306614813,1932406,1.932406,"funcionTransicion(Celula*, int, curandStateXORWOW*)",1024,1024,55,0,88670208,8192
1563,5307445977,5309403502,1957525,1.957525,"funcionTransicion(Celula*, int, curandStateXORWOW*)",1024,1024,55,0,88670208,8192
1564,5310224842,5312354719,2129877,2.129877,"funcionTransicion(Celula*, int, curandStateXORWOW*)",1024,1024,55,0,88670208,8192
1565,5313183579,5315285040,2101461,2.101461,"funcionTransicion(Celula*, int, curandStateXORWOW*)",1024,1024,55,0,88670208,8192
1566,5316108140,5318230625,2122485,2.122485,"funcionTransicion(Celula*, int, curandStateXORWOW*)",1024,1024,55,0,88670208,8192
1567,5319055613,5321057875,2002262,2.002262,"funcionTransicion(Celula*, int, curandStateXORWOW*)",1024,1024,55,0,88670208,8192
1568,5321890446,5324091011,2200565,2.200565,"funcionTransicion(Celula*, int, curandStateXORWOW*)",1024,1024,55,0,88670208,8192
1569,5324914463,5327189715,2275252,2.275252,"funcionTransicion(Celula*, int, curandStateXORWOW*)",1024,1024,55,0,88670208,8192
1570,5328025519,5330201955,2176436,2.176436,"funcionTransicion(Celula*, int, curandStateXORWOW*)",1024,1024,55,0,88670208,8192
1571,5331024192,5333188564,2164372,2.164372,"funcionTransicion(Celula*, int, curandStateXORWOW*)",1024,1024,55,0,88670208,8192
1572,5334018544,5336204645,2186101,2.186101,"funcionTransicion(Celula*, int, curandStateXORWOW*)",1024,1024,55,0,88670208,8192
1573,5337033025,5339222165,2189140,2.18914,"funcionTransicion(Celula*, int, curandStateXORWOW*)",1024,1024,55,0,88670208,8192
1574,5340046993,5342356645,2309652,2.309652,"funcionTransicion(Celula*, int, curandStateXORWOW*)",1024,1024,55,0,88670208,8192
1575,5343182465,5345503925,2321460,2.32146,"funcionTransicion(Celula*, int, curandStateXORWOW*)",1024,1024,55,0,88670208,8192
1576,5346334033,5348504838,2170805,2.170805,"funcionTransicion(Celula*, int, curandStateXORWOW*)",1024,1024,55,0,88670208,8192
1577,5349325473,5351526262,2200789,2.200789,"funcionTransicion(Celula*, int, curandStateXORWOW*)",1024,1024,55,0,88670208,8192
1578,5352357938,5354482695,2124757,2.124757,"funcionTransicion(Celula*, int, curandStateXORWOW*)",1024,1024,55,0,88670208,8192
1579,5355311907,5357439544,2127637,2.127637,"funcionTransicion(Celula*, int, curandStateXORWOW*)",1024,1024,55,0,88670208,8192
1580,5358270291,5360496968,2226677,2.226677,"funcionTransicion(Celula*, int, curandStateXORWOW*)",1024,1024,55,0,88670208,8192
1581,5361325796,5363458905,2133109,2.133109,"funcionTransicion(Celula*, int, curandStateXORWOW*)",1024,1024,55,0,88670208,8192
1582,5364294069,5366402218,2108149,2.108149,"funcionTransicion(Celula*, int, curandStateXORWOW*)",1024,1024,55,0,88670208,8192
1583,5367232678,5369428122,2195444,2.195444,"funcionTransicion(Celula*, int, curandStateXORWOW*)",1024,1024,55,0,88670208,8192
1584,5370257302,5372389003,2131701,2.131701,"funcionTransicion(Celula*, int, curandStateXORWOW*)",1024,1024,55,0,88670208,8192
1585,5373252422,5375405436,2153014,2.153014,"funcionTransicion(Celula*, int, curandStateXORWOW*)",1024,1024,55,0,88670208,8192
1586,5376230103,5378268461,2038358,2.038358,"funcionTransicion(Celula*, int, curandStateXORWOW*)",1024,1024,55,0,88670208,8192
1587,5379099817,5381205629,2105812,2.105812,"funcionTransicion(Celula*, int, curandStateXORWOW*)",1024,1024,55,0,88670208,8192
1588,5382040986,5384204942,2163956,2.163956,"funcionTransicion(Celula*, int, curandStateXORWOW*)",1024,1024,55,0,88670208,8192
1589,5385030922,5387258718,2227796,2.227796,"funcionTransicion(Celula*, int, curandStateXORWOW*)",1024,1024,55,0,88670208,8192
1590,5388094682,5390297775,2203093,2.203093,"funcionTransicion(Celula*, int, curandStateXORWOW*)",1024,1024,55,0,88670208,8192
1591,5391123947,5393245664,2121717,2.121717,"funcionTransicion(Celula*, int, curandStateXORWOW*)",1024,1024,55,0,88670208,8192
1592,5394073628,5396300080,2226452,2.226452,"funcionTransicion(Celula*, int, curandStateXORWOW*)",1024,1024,55,0,88670208,8192
1593,5397133836,5399266689,2132853,2.132853,"funcionTransicion(Celula*, int, curandStateXORWOW*)",1024,1024,55,0,88670208,8192
1594,5400088861,5402175922,2087061,2.087061,"funcionTransicion(Celula*, int, curandStateXORWOW*)",1024,1024,55,0,88670208,8192
1595,5403013198,5405165379,2152181,2.152181,"funcionTransicion(Celula*, int, curandStateXORWOW*)",1024,1024,55,0,88670208,8192
1596,5405996414,5408206195,2209781,2.209781,"funcionTransicion(Celula*, int, curandStateXORWOW*)",1024,1024,55,0,88670208,8192
1597,5409030383,5411225924,2195541,2.195541,"funcionTransicion(Celula*, int, curandStateXORWOW*)",1024,1024,55,0,88670208,8192
1598,5412064991,5414233652,2168661,2.168661,"funcionTransicion(Celula*, int, curandStateXORWOW*)",1024,1024,55,0,88670208,8192
1599,5415062000,5417233477,2171477,2.171477,"funcionTransicion(Celula*, int, curandStateXORWOW*)",1024,1024,55,0,88670208,8192
1600,5418059425,5420302997,2243572,2.243572,"funcionTransicion(Celula*, int, curandStateXORWOW*)",1024,1024,55,0,88670208,8192
1601,5421128305,5423375717,2247412,2.247412,"funcionTransicion(Celula*, int, curandStateXORWOW*)",1024,1024,55,0,88670208,8192
1602,5424205089,5426241174,2036085,2.036085,"funcionTransicion(Celula*, int, curandStateXORWOW*)",1024,1024,55,0,88670208,8192
1603,5427063314,5429314950,2251636,2.251636,"funcionTransicion(Celula*, int, curandStateXORWOW*)",1024,1024,55,0,88670208,8192
1604,5430146274,5432274263,2127989,2.127989,"funcionTransicion(Celula*, int, curandStateXORWOW*)",1024,1024,55,0,88670208,8192
1605,5433105747,5435313960,2208213,2.208213,"funcionTransicion(Celula*, int, curandStateXORWOW*)",1024,1024,55,0,88670208,8192
1606,5436142276,5438257945,2115669,2.115669,"funcionTransicion(Celula*, int, curandStateXORWOW*)",1024,1024,55,0,88670208,8192
1607,5439087509,5441305417,2217908,2.217908,"funcionTransicion(Celula*, int, curandStateXORWOW*)",1024,1024,55,0,88670208,8192
1608,5442133797,5444219194,2085397,2.085397,"funcionTransicion(Celula*, int, curandStateXORWOW*)",1024,1024,55,0,88670208,8192
1609,5445063670,5447189163,2125493,2.125493,"funcionTransicion(Celula*, int, curandStateXORWOW*)",1024,1024,55,0,88670208,8192
1610,5448014535,5450147228,2132693,2.132693,"funcionTransicion(Celula*, int, curandStateXORWOW*)",1024,1024,55,0,88670208,8192
1611,5450976280,5453210668,2234388,2.234388,"funcionTransicion(Celula*, int, curandStateXORWOW*)",1024,1024,55,0,88670208,8192
1612,5454046536,5456260988,2214452,2.214452,"funcionTransicion(Celula*, int, curandStateXORWOW*)",1024,1024,55,0,88670208,8192
1613,5457091960,5459219757,2127797,2.127797,"funcionTransicion(Celula*, int, curandStateXORWOW*)",1024,1024,55,0,88670208,8192
1614,5460055433,5462278749,2223316,2.223316,"funcionTransicion(Celula*, int, curandStateXORWOW*)",1024,1024,55,0,88670208,8192
1615,5463105817,5465294638,2188821,2.188821,"funcionTransicion(Celula*, int, curandStateXORWOW*)",1024,1024,55,0,88670208,8192
1616,5466124713,5468241887,2117174,2.117174,"funcionTransicion(Celula*, int, curandStateXORWOW*)",1024,1024,55,0,88670208,8192
1617,5469069882,5471349775,2279893,2.279893,"funcionTransicion(Celula*, int, curandStateXORWOW*)",1024,1024,55,0,88670208,8192
1618,5472179690,5474275104,2095414,2.095414,"funcionTransicion(Celula*, int, curandStateXORWOW*)",1024,1024,55,0,88670208,8192
1619,5475098651,5477251313,2152662,2.152662,"funcionTransicion(Celula*, int, curandStateXORWOW*)",1024,1024,55,0,88670208,8192
1620,5478067564,5480123554,2055990,2.05599,"funcionTransicion(Celula*, int, curandStateXORWOW*)",1024,1024,55,0,88670208,8192
1621,5480948733,5483065842,2117109,2.117109,"funcionTransicion(Celula*, int, curandStateXORWOW*)",1024,1024,55,0,88670208,8192
1622,5483899822,5485977540,2077718,2.077718,"funcionTransicion(Celula*, int, curandStateXORWOW*)",1024,1024,55,0,88670208,8192
1623,5486800159,5488901749,2101590,2.10159,"funcionTransicion(Celula*, int, curandStateXORWOW*)",1024,1024,55,0,88670208,8192
1624,5489726640,5491968069,2241429,2.241429,"funcionTransicion(Celula*, int, curandStateXORWOW*)",1024,1024,55,0,88670208,8192
1625,5492795265,5494955702,2160437,2.160437,"funcionTransicion(Celula*, int, curandStateXORWOW*)",1024,1024,55,0,88670208,8192
1626,5495787633,5497934918,2147285,2.147285,"funcionTransicion(Celula*, int, curandStateXORWOW*)",1024,1024,55,0,88670208,8192
1627,5498762946,5500937559,2174613,2.174613,"funcionTransicion(Celula*, int, curandStateXORWOW*)",1024,1024,55,0,88670208,8192
1628,5501765810,5504028455,2262645,2.262645,"funcionTransicion(Celula*, int, curandStateXORWOW*)",1024,1024,55,0,88670208,8192
1629,5504854307,5507136695,2282388,2.282388,"funcionTransicion(Celula*, int, curandStateXORWOW*)",1024,1024,55,0,88670208,8192
1630,5507971667,5510145544,2173877,2.173877,"funcionTransicion(Celula*, int, curandStateXORWOW*)",1024,1024,55,0,88670208,8192
1631,5510969987,5513232664,2262677,2.262677,"funcionTransicion(Celula*, int, curandStateXORWOW*)",1024,1024,55,0,88670208,8192
1632,5514057043,5516269192,2212149,2.212149,"funcionTransicion(Celula*, int, curandStateXORWOW*)",1024,1024,55,0,88670208,8192
1633,5517120644,5519308408,2187764,2.187764,"funcionTransicion(Celula*, int, curandStateXORWOW*)",1024,1024,55,0,88670208,8192
1634,5520132916,5522199530,2066614,2.066614,"funcionTransicion(Celula*, int, curandStateXORWOW*)",1024,1024,55,0,88670208,8192
1635,5523030949,5525341465,2310516,2.310516,"funcionTransicion(Celula*, int, curandStateXORWOW*)",1024,1024,55,0,88670208,8192
1636,5526174293,5528582313,2408020,2.40802,"funcionTransicion(Celula*, int, curandStateXORWOW*)",1024,1024,55,0,88670208,8192
1637,5529404453,5531599161,2194708,2.194708,"funcionTransicion(Celula*, int, curandStateXORWOW*)",1024,1024,55,0,88670208,8192
1638,5532427733,5534619530,2191797,2.191797,"funcionTransicion(Celula*, int, curandStateXORWOW*)",1024,1024,55,0,88670208,8192
1639,5535441062,5537791385,2350323,2.350323,"funcionTransicion(Celula*, int, curandStateXORWOW*)",1024,1024,55,0,88670208,8192
1640,5538625365,5541019657,2394292,2.394292,"funcionTransicion(Celula*, int, curandStateXORWOW*)",1024,1024,55,0,88670208,8192
1641,5541843525,5544001946,2158421,2.158421,"funcionTransicion(Celula*, int, curandStateXORWOW*)",1024,1024,55,0,88670208,8192
1642,5544831126,5547084074,2252948,2.252948,"funcionTransicion(Celula*, int, curandStateXORWOW*)",1024,1024,55,0,88670208,8192
1643,5547917061,5550294649,2377588,2.377588,"funcionTransicion(Celula*, int, curandStateXORWOW*)",1024,1024,55,0,88670208,8192
1644,5551116629,5553394057,2277428,2.277428,"funcionTransicion(Celula*, int, curandStateXORWOW*)",1024,1024,55,0,88670208,8192
1645,5554224517,5556609529,2385012,2.385012,"funcionTransicion(Celula*, int, curandStateXORWOW*)",1024,1024,55,0,88670208,8192
1646,5557437013,5559672969,2235956,2.235956,"funcionTransicion(Celula*, int, curandStateXORWOW*)",1024,1024,55,0,88670208,8192
1647,5560505509,5562763961,2258452,2.258452,"funcionTransicion(Celula*, int, curandStateXORWOW*)",1024,1024,55,0,88670208,8192
1648,5563596629,5565895721,2299092,2.299092,"funcionTransicion(Celula*, int, curandStateXORWOW*)",1024,1024,55,0,88670208,8192
1649,5566721061,5568938330,2217269,2.217269,"funcionTransicion(Celula*, int, curandStateXORWOW*)",1024,1024,55,0,88670208,8192
1650,5569775093,5571973322,2198229,2.198229,"funcionTransicion(Celula*, int, curandStateXORWOW*)",1024,1024,55,0,88670208,8192
1651,5572803750,5575018906,2215156,2.215156,"funcionTransicion(Celula*, int, curandStateXORWOW*)",1024,1024,55,0,88670208,8192
1652,5575848470,5577993739,2145269,2.145269,"funcionTransicion(Celula*, int, curandStateXORWOW*)",1024,1024,55,0,88670208,8192
1653,5578823271,5581110395,2287124,2.287124,"funcionTransicion(Celula*, int, curandStateXORWOW*)",1024,1024,55,0,88670208,8192
1654,5581943223,5584262443,2319220,2.31922,"funcionTransicion(Celula*, int, curandStateXORWOW*)",1024,1024,55,0,88670208,8192
1655,5585095046,5587202332,2107286,2.107286,"funcionTransicion(Celula*, int, curandStateXORWOW*)",1024,1024,55,0,88670208,8192
1656,5588031224,5590296844,2265620,2.26562,"funcionTransicion(Celula*, int, curandStateXORWOW*)",1024,1024,55,0,88670208,8192
1657,5591144072,5593355612,2211540,2.21154,"funcionTransicion(Celula*, int, curandStateXORWOW*)",1024,1024,55,0,88670208,8192
1658,5594182840,5596453932,2271092,2.271092,"funcionTransicion(Celula*, int, curandStateXORWOW*)",1024,1024,55,0,88670208,8192
1659,5597285608,5599617340,2331732,2.331732,"funcionTransicion(Celula*, int, curandStateXORWOW*)",1024,1024,55,0,88670208,8192
1660,5600449528,5602805836,2356308,2.356308,"funcionTransicion(Celula*, int, curandStateXORWOW*)",1024,1024,55,0,88670208,8192
1661,5603640423,5605982651,2342228,2.342228,"funcionTransicion(Celula*, int, curandStateXORWOW*)",1024,1024,55,0,88670208,8192
1662,5606817783,5609133771,2315988,2.315988,"funcionTransicion(Celula*, int, curandStateXORWOW*)",1024,1024,55,0,88670208,8192
1663,5609959303,5612285531,2326228,2.326228,"funcionTransicion(Celula*, int, curandStateXORWOW*)",1024,1024,55,0,88670208,8192
1664,5613113431,5615315436,2202005,2.202005,"funcionTransicion(Celula*, int, curandStateXORWOW*)",1024,1024,55,0,88670208,8192
1665,5616142087,5618473275,2331188,2.331188,"funcionTransicion(Celula*, int, curandStateXORWOW*)",1024,1024,55,0,88670208,8192
1666,5619303927,5621774634,2470707,2.470707,"funcionTransicion(Celula*, int, curandStateXORWOW*)",1024,1024,55,0,88670208,8192
1667,5622608518,5624918746,2310228,2.310228,"funcionTransicion(Celula*, int, curandStateXORWOW*)",1024,1024,55,0,88670208,8192
1668,5625750582,5628066986,2316404,2.316404,"funcionTransicion(Celula*, int, curandStateXORWOW*)",1024,1024,55,0,88670208,8192
1669,5628898182,5631274009,2375827,2.375827,"funcionTransicion(Celula*, int, curandStateXORWOW*)",1024,1024,55,0,88670208,8192
1670,5632106197,5634404713,2298516,2.298516,"funcionTransicion(Celula*, int, curandStateXORWOW*)",1024,1024,55,0,88670208,8192
1671,5635240933,5637774648,2533715,2.533715,"funcionTransicion(Celula*, int, curandStateXORWOW*)",1024,1024,55,0,88670208,8192
1672,5638616436,5640891336,2274900,2.2749,"funcionTransicion(Celula*, int, curandStateXORWOW*)",1024,1024,55,0,88670208,8192
1673,5641720868,5644061304,2340436,2.340436,"funcionTransicion(Celula*, int, curandStateXORWOW*)",1024,1024,55,0,88670208,8192
1674,5644896531,5647217416,2320885,2.320885,"funcionTransicion(Celula*, int, curandStateXORWOW*)",1024,1024,55,0,88670208,8192
1675,5648056931,5650355607,2298676,2.298676,"funcionTransicion(Celula*, int, curandStateXORWOW*)",1024,1024,55,0,88670208,8192
1676,5651186867,5653543975,2357108,2.357108,"funcionTransicion(Celula*, int, curandStateXORWOW*)",1024,1024,55,0,88670208,8192
1677,5654369507,5656761078,2391571,2.391571,"funcionTransicion(Celula*, int, curandStateXORWOW*)",1024,1024,55,0,88670208,8192
1678,5657587410,5660041318,2453908,2.453908,"funcionTransicion(Celula*, int, curandStateXORWOW*)",1024,1024,55,0,88670208,8192
1679,5660869250,5663243445,2374195,2.374195,"funcionTransicion(Celula*, int, curandStateXORWOW*)",1024,1024,55,0,88670208,8192
1680,5664079441,5666414725,2335284,2.335284,"funcionTransicion(Celula*, int, curandStateXORWOW*)",1024,1024,55,0,88670208,8192
1681,5752144109,5754410433,2266324,2.266324,"funcionTransicion(Celula*, int, curandStateXORWOW*)",1024,1024,55,0,88670208,8192
1682,5755232573,5757715280,2482707,2.482707,"funcionTransicion(Celula*, int, curandStateXORWOW*)",1024,1024,55,0,88670208,8192
1683,5758547692,5760907488,2359796,2.359796,"funcionTransicion(Celula*, int, curandStateXORWOW*)",1024,1024,55,0,88670208,8192
1684,5761734011,5764275022,2541011,2.541011,"funcionTransicion(Celula*, int, curandStateXORWOW*)",1024,1024,55,0,88670208,8192
1685,5765111850,5767615741,2503891,2.503891,"funcionTransicion(Celula*, int, curandStateXORWOW*)",1024,1024,55,0,88670208,8192
1686,5768449529,5770882061,2432532,2.432532,"funcionTransicion(Celula*, int, curandStateXORWOW*)",1024,1024,55,0,88670208,8192
1687,5771717672,5774174748,2457076,2.457076,"funcionTransicion(Celula*, int, curandStateXORWOW*)",1024,1024,55,0,88670208,8192
1688,5775000087,5777412171,2412084,2.412084,"funcionTransicion(Celula*, int, curandStateXORWOW*)",1024,1024,55,0,88670208,8192
1689,5778234503,5780714074,2479571,2.479571,"funcionTransicion(Celula*, int, curandStateXORWOW*)",1024,1024,55,0,88670208,8192
1690,5781554518,5783932585,2378067,2.378067,"funcionTransicion(Celula*, int, curandStateXORWOW*)",1024,1024,55,0,88670208,8192
1691,5784760453,5787147737,2387284,2.387284,"funcionTransicion(Celula*, int, curandStateXORWOW*)",1024,1024,55,0,88670208,8192
1692,5787975413,5790449608,2474195,2.474195,"funcionTransicion(Celula*, int, curandStateXORWOW*)",1024,1024,55,0,88670208,8192
1693,5791278788,5793813847,2535059,2.535059,"funcionTransicion(Celula*, int, curandStateXORWOW*)",1024,1024,55,0,88670208,8192
1694,5794639379,5797056614,2417235,2.417235,"funcionTransicion(Celula*, int, curandStateXORWOW*)",1024,1024,55,0,88670208,8192
1695,5797886722,5800338869,2452147,2.452147,"funcionTransicion(Celula*, int, curandStateXORWOW*)",1024,1024,55,0,88670208,8192
1696,5801171793,5803685156,2513363,2.513363,"funcionTransicion(Celula*, int, curandStateXORWOW*)",1024,1024,55,0,88670208,8192
1697,5804518368,5806930996,2412628,2.412628,"funcionTransicion(Celula*, int, curandStateXORWOW*)",1024,1024,55,0,88670208,8192
1698,5807756495,5810247522,2491027,2.491027,"funcionTransicion(Celula*, int, curandStateXORWOW*)",1024,1024,55,0,88670208,8192
1699,5811087198,5813487153,2399955,2.399955,"funcionTransicion(Celula*, int, curandStateXORWOW*)",1024,1024,55,0,88670208,8192
1700,5814315821,5816744961,2429140,2.42914,"funcionTransicion(Celula*, int, curandStateXORWOW*)",1024,1024,55,0,88670208,8192
1701,5817579837,5820099152,2519315,2.519315,"funcionTransicion(Celula*, int, curandStateXORWOW*)",1024,1024,55,0,88670208,8192
1702,5820930123,5823412863,2482740,2.48274,"funcionTransicion(Celula*, int, curandStateXORWOW*)",1024,1024,55,0,88670208,8192
1703,5824252987,5826676846,2423859,2.423859,"funcionTransicion(Celula*, int, curandStateXORWOW*)",1024,1024,55,0,88670208,8192
1704,5827519178,5829966909,2447731,2.447731,"funcionTransicion(Celula*, int, curandStateXORWOW*)",1024,1024,55,0,88670208,8192
1705,5830877240,5833417259,2540019,2.540019,"funcionTransicion(Celula*, int, curandStateXORWOW*)",1024,1024,55,0,88670208,8192
1706,5834247943,5836616987,2369044,2.369044,"funcionTransicion(Celula*, int, curandStateXORWOW*)",1024,1024,55,0,88670208,8192
1707,5837440119,5840014697,2574578,2.574578,"funcionTransicion(Celula*, int, curandStateXORWOW*)",1024,1024,55,0,88670208,8192
1708,5840848837,5843344248,2495411,2.495411,"funcionTransicion(Celula*, int, curandStateXORWOW*)",1024,1024,55,0,88670208,8192
1709,5844181876,5846803943,2622067,2.622067,"funcionTransicion(Celula*, int, curandStateXORWOW*)",1024,1024,55,0,88670208,8192
1710,5847635618,5850066006,2430388,2.430388,"funcionTransicion(Celula*, int, curandStateXORWOW*)",1024,1024,55,0,88670208,8192
1711,5850898866,5853458949,2560083,2.560083,"funcionTransicion(Celula*, int, curandStateXORWOW*)",1024,1024,55,0,88670208,8192
1712,5854287968,5856911442,2623474,2.623474,"funcionTransicion(Celula*, int, curandStateXORWOW*)",1024,1024,55,0,88670208,8192
1713,5857743214,5860321281,2578067,2.578067,"funcionTransicion(Celula*, int, curandStateXORWOW*)",1024,1024,55,0,88670208,8192
1714,5861149725,5863807439,2657714,2.657714,"funcionTransicion(Celula*, int, curandStateXORWOW*)",1024,1024,55,0,88670208,8192
1715,5864641867,5867174718,2532851,2.532851,"funcionTransicion(Celula*, int, curandStateXORWOW*)",1024,1024,55,0,88670208,8192
1716,5868019354,5870434957,2415603,2.415603,"funcionTransicion(Celula*, int, curandStateXORWOW*)",1024,1024,55,0,88670208,8192
1717,5871266345,5873782204,2515859,2.515859,"funcionTransicion(Celula*, int, curandStateXORWOW*)",1024,1024,55,0,88670208,8192
1718,5874611320,5877040779,2429459,2.429459,"funcionTransicion(Celula*, int, curandStateXORWOW*)",1024,1024,55,0,88670208,8192
1719,5877872071,5880371802,2499731,2.499731,"funcionTransicion(Celula*, int, curandStateXORWOW*)",1024,1024,55,0,88670208,8192
1720,5881209270,5883700041,2490771,2.490771,"funcionTransicion(Celula*, int, curandStateXORWOW*)",1024,1024,55,0,88670208,8192
1721,5884534437,5887005240,2470803,2.470803,"funcionTransicion(Celula*, int, curandStateXORWOW*)",1024,1024,55,0,88670208,8192
1722,5887839124,5890336711,2497587,2.497587,"funcionTransicion(Celula*, int, curandStateXORWOW*)",1024,1024,55,0,88670208,8192
1723,5891166115,5893648278,2482163,2.482163,"funcionTransicion(Celula*, int, curandStateXORWOW*)",1024,1024,55,0,88670208,8192
1724,5894472018,5896938373,2466355,2.466355,"funcionTransicion(Celula*, int, curandStateXORWOW*)",1024,1024,55,0,88670208,8192
1725,5897764609,5900225812,2461203,2.461203,"funcionTransicion(Celula*, int, curandStateXORWOW*)",1024,1024,55,0,88670208,8192
1726,5901055248,5903376868,2321620,2.32162,"funcionTransicion(Celula*, int, curandStateXORWOW*)",1024,1024,55,0,88670208,8192
1727,5904205888,5906722739,2516851,2.516851,"funcionTransicion(Celula*, int, curandStateXORWOW*)",1024,1024,55,0,88670208,8192
1728,5907555599,5910160833,2605234,2.605234,"funcionTransicion(Celula*, int, curandStateXORWOW*)",1024,1024,55,0,88670208,8192
1729,5911017629,5913497872,2480243,2.480243,"funcionTransicion(Celula*, int, curandStateXORWOW*)",1024,1024,55,0,88670208,8192
1730,5914328332,5916800063,2471731,2.471731,"funcionTransicion(Celula*, int, curandStateXORWOW*)",1024,1024,55,0,88670208,8192
1731,5917628251,5920041934,2413683,2.413683,"funcionTransicion(Celula*, int, curandStateXORWOW*)",1024,1024,55,0,88670208,8192
1732,5920872714,5923455965,2583251,2.583251,"funcionTransicion(Celula*, int, curandStateXORWOW*)",1024,1024,55,0,88670208,8192
1733,5924291993,5926764716,2472723,2.472723,"funcionTransicion(Celula*, int, curandStateXORWOW*)",1024,1024,55,0,88670208,8192
1734,5927596136,5930199514,2603378,2.603378,"funcionTransicion(Celula*, int, curandStateXORWOW*)",1024,1024,55,0,88670208,8192
1735,5931025366,5933592105,2566739,2.566739,"funcionTransicion(Celula*, int, curandStateXORWOW*)",1024,1024,55,0,88670208,8192
1736,5934421349,5937027255,2605906,2.605906,"funcionTransicion(Celula*, int, curandStateXORWOW*)",1024,1024,55,0,88670208,8192
1737,5937860499,5940354150,2493651,2.493651,"funcionTransicion(Celula*, int, curandStateXORWOW*)",1024,1024,55,0,88670208,8192
1738,5941196098,5943808980,2612882,2.612882,"funcionTransicion(Celula*, int, curandStateXORWOW*)",1024,1024,55,0,88670208,8192
1739,5944647408,5947228163,2580755,2.580755,"funcionTransicion(Celula*, int, curandStateXORWOW*)",1024,1024,55,0,88670208,8192
1740,5948060190,5950601746,2541556,2.541556,"funcionTransicion(Celula*, int, curandStateXORWOW*)",1024,1024,55,0,88670208,8192
1741,5951436013,5953980512,2544499,2.544499,"funcionTransicion(Celula*, int, curandStateXORWOW*)",1024,1024,55,0,88670208,8192
1742,5954807356,5957277615,2470259,2.470259,"funcionTransicion(Celula*, int, curandStateXORWOW*)",1024,1024,55,0,88670208,8192
1743,5958108939,5960506078,2397139,2.397139,"funcionTransicion(Celula*, int, curandStateXORWOW*)",1024,1024,55,0,88670208,8192
1744,5961337754,5963907981,2570227,2.570227,"funcionTransicion(Celula*, int, curandStateXORWOW*)",1024,1024,55,0,88670208,8192
1745,5964733865,5967279196,2545331,2.545331,"funcionTransicion(Celula*, int, curandStateXORWOW*)",1024,1024,55,0,88670208,8192
1746,5968117048,5970725930,2608882,2.608882,"funcionTransicion(Celula*, int, curandStateXORWOW*)",1024,1024,55,0,88670208,8192
1747,5971560102,5974205112,2645010,2.64501,"funcionTransicion(Celula*, int, curandStateXORWOW*)",1024,1024,55,0,88670208,8192
1748,5975046164,5977673030,2626866,2.626866,"funcionTransicion(Celula*, int, curandStateXORWOW*)",1024,1024,55,0,88670208,8192
1749,5978494466,5981051541,2557075,2.557075,"funcionTransicion(Celula*, int, curandStateXORWOW*)",1024,1024,55,0,88670208,8192
1750,5981884753,5984266533,2381780,2.38178,"funcionTransicion(Celula*, int, curandStateXORWOW*)",1024,1024,55,0,88670208,8192
1751,5985097792,5987702995,2605203,2.605203,"funcionTransicion(Celula*, int, curandStateXORWOW*)",1024,1024,55,0,88670208,8192
1752,5988528111,5991249089,2720978,2.720978,"funcionTransicion(Celula*, int, curandStateXORWOW*)",1024,1024,55,0,88670208,8192
1753,5992108605,5994637167,2528562,2.528562,"funcionTransicion(Celula*, int, curandStateXORWOW*)",1024,1024,55,0,88670208,8192
1754,5995467371,5997962750,2495379,2.495379,"funcionTransicion(Celula*, int, curandStateXORWOW*)",1024,1024,55,0,88670208,8192
1755,5998793242,6001286253,2493011,2.493011,"funcionTransicion(Celula*, int, curandStateXORWOW*)",1024,1024,55,0,88670208,8192
1756,6002122313,6004642076,2519763,2.519763,"funcionTransicion(Celula*, int, curandStateXORWOW*)",1024,1024,55,0,88670208,8192
1757,6005478232,6008093930,2615698,2.615698,"funcionTransicion(Celula*, int, curandStateXORWOW*)",1024,1024,55,0,88670208,8192
1758,6008928230,6011618168,2689938,2.689938,"funcionTransicion(Celula*, int, curandStateXORWOW*)",1024,1024,55,0,88670208,8192
1759,6012442004,6015052583,2610579,2.610579,"funcionTransicion(Celula*, int, curandStateXORWOW*)",1024,1024,55,0,88670208,8192
1760,6015884418,6018542549,2658131,2.658131,"funcionTransicion(Celula*, int, curandStateXORWOW*)",1024,1024,55,0,88670208,8192
1761,6019375504,6021991875,2616371,2.616371,"funcionTransicion(Celula*, int, curandStateXORWOW*)",1024,1024,55,0,88670208,8192
1762,6022823199,6025446737,2623538,2.623538,"funcionTransicion(Celula*, int, curandStateXORWOW*)",1024,1024,55,0,88670208,8192
1763,6026278893,6028828928,2550035,2.550035,"funcionTransicion(Celula*, int, curandStateXORWOW*)",1024,1024,55,0,88670208,8192
1764,6029666299,6032213358,2547059,2.547059,"funcionTransicion(Celula*, int, curandStateXORWOW*)",1024,1024,55,0,88670208,8192
1765,6033049130,6035669789,2620659,2.620659,"funcionTransicion(Celula*, int, curandStateXORWOW*)",1024,1024,55,0,88670208,8192
1766,6036501304,6039005836,2504532,2.504532,"funcionTransicion(Celula*, int, curandStateXORWOW*)",1024,1024,55,0,88670208,8192
1767,6039835431,6042463802,2628371,2.628371,"funcionTransicion(Celula*, int, curandStateXORWOW*)",1024,1024,55,0,88670208,8192
1768,6043308501,6045926760,2618259,2.618259,"funcionTransicion(Celula*, int, curandStateXORWOW*)",1024,1024,55,0,88670208,8192
1769,6046757252,6049365590,2608338,2.608338,"funcionTransicion(Celula*, int, curandStateXORWOW*)",1024,1024,55,0,88670208,8192
1770,6050193234,6052790053,2596819,2.596819,"funcionTransicion(Celula*, int, curandStateXORWOW*)",1024,1024,55,0,88670208,8192
1771,6053616384,6056180339,2563955,2.563955,"funcionTransicion(Celula*, int, curandStateXORWOW*)",1024,1024,55,0,88670208,8192
1772,6057014223,6059703297,2689074,2.689074,"funcionTransicion(Celula*, int, curandStateXORWOW*)",1024,1024,55,0,88670208,8192
1773,6060540541,6063182767,2642226,2.642226,"funcionTransicion(Celula*, int, curandStateXORWOW*)",1024,1024,55,0,88670208,8192
1774,6064011179,6066694973,2683794,2.683794,"funcionTransicion(Celula*, int, curandStateXORWOW*)",1024,1024,55,0,88670208,8192
1775,6067532697,6070225995,2693298,2.693298,"funcionTransicion(Celula*, int, curandStateXORWOW*)",1024,1024,55,0,88670208,8192
1776,6071051015,6073732377,2681362,2.681362,"funcionTransicion(Celula*, int, curandStateXORWOW*)",1024,1024,55,0,88670208,8192
1777,6074597973,6077100200,2502227,2.502227,"funcionTransicion(Celula*, int, curandStateXORWOW*)",1024,1024,55,0,88670208,8192
1778,6077927268,6080508662,2581394,2.581394,"funcionTransicion(Celula*, int, curandStateXORWOW*)",1024,1024,55,0,88670208,8192
1779,6081337458,6083941829,2604371,2.604371,"funcionTransicion(Celula*, int, curandStateXORWOW*)",1024,1024,55,0,88670208,8192
1780,6084778145,6087311603,2533458,2.533458,"funcionTransicion(Celula*, int, curandStateXORWOW*)",1024,1024,55,0,88670208,8192
1781,6088140143,6090768065,2627922,2.627922,"funcionTransicion(Celula*, int, curandStateXORWOW*)",1024,1024,55,0,88670208,8192
1782,6091603837,6094115153,2511316,2.511316,"funcionTransicion(Celula*, int, curandStateXORWOW*)",1024,1024,55,0,88670208,8192
1783,6094952364,6097495775,2543411,2.543411,"funcionTransicion(Celula*, int, curandStateXORWOW*)",1024,1024,55,0,88670208,8192
1784,6098329819,6100925677,2595858,2.595858,"funcionTransicion(Celula*, int, curandStateXORWOW*)",1024,1024,55,0,88670208,8192
1785,6101757769,6104315548,2557779,2.557779,"funcionTransicion(Celula*, int, curandStateXORWOW*)",1024,1024,55,0,88670208,8192
1786,6105147224,6107589067,2441843,2.441843,"funcionTransicion(Celula*, int, curandStateXORWOW*)",1024,1024,55,0,88670208,8192
1787,6108414919,6110913146,2498227,2.498227,"funcionTransicion(Celula*, int, curandStateXORWOW*)",1024,1024,55,0,88670208,8192
1788,6111742454,6114236329,2493875,2.493875,"funcionTransicion(Celula*, int, curandStateXORWOW*)",1024,1024,55,0,88670208,8192
1789,6115062501,6117602008,2539507,2.539507,"funcionTransicion(Celula*, int, curandStateXORWOW*)",1024,1024,55,0,88670208,8192
1790,6118431699,6121002342,2570643,2.570643,"funcionTransicion(Celula*, int, curandStateXORWOW*)",1024,1024,55,0,88670208,8192
1791,6121831202,6124493908,2662706,2.662706,"funcionTransicion(Celula*, int, curandStateXORWOW*)",1024,1024,55,0,88670208,8192
1792,6125334992,6127910019,2575027,2.575027,"funcionTransicion(Celula*, int, curandStateXORWOW*)",1024,1024,55,0,88670208,8192
1793,6128747167,6131324561,2577394,2.577394,"funcionTransicion(Celula*, int, curandStateXORWOW*)",1024,1024,55,0,88670208,8192
1794,6132158413,6134817215,2658802,2.658802,"funcionTransicion(Celula*, int, curandStateXORWOW*)",1024,1024,55,0,88670208,8192
1795,6135649947,6138219950,2570003,2.570003,"funcionTransicion(Celula*, int, curandStateXORWOW*)",1024,1024,55,0,88670208,8192
1796,6139051338,6141575773,2524435,2.524435,"funcionTransicion(Celula*, int, curandStateXORWOW*)",1024,1024,55,0,88670208,8192
1797,6142406456,6144983499,2577043,2.577043,"funcionTransicion(Celula*, int, curandStateXORWOW*)",1024,1024,55,0,88670208,8192
1798,6145819847,6148493945,2674098,2.674098,"funcionTransicion(Celula*, int, curandStateXORWOW*)",1024,1024,55,0,88670208,8192
1799,6149320661,6151905320,2584659,2.584659,"funcionTransicion(Celula*, int, curandStateXORWOW*)",1024,1024,55,0,88670208,8192
1800,6152733347,6155349526,2616179,2.616179,"funcionTransicion(Celula*, int, curandStateXORWOW*)",1024,1024,55,0,88670208,8192
1801,6243916015,6246567937,2651922,2.651922,"funcionTransicion(Celula*, int, curandStateXORWOW*)",1024,1024,55,0,88670208,8192
1802,6247400381,6249896592,2496211,2.496211,"funcionTransicion(Celula*, int, curandStateXORWOW*)",1024,1024,55,0,88670208,8192
1803,6250737164,6253335999,2598835,2.598835,"funcionTransicion(Celula*, int, curandStateXORWOW*)",1024,1024,55,0,88670208,8192
1804,6254177530,6256891853,2714323,2.714323,"funcionTransicion(Celula*, int, curandStateXORWOW*)",1024,1024,55,0,88670208,8192
1805,6257723880,6260381850,2657970,2.65797,"funcionTransicion(Celula*, int, curandStateXORWOW*)",1024,1024,55,0,88670208,8192
1806,6261218454,6263821673,2603219,2.603219,"funcionTransicion(Celula*, int, curandStateXORWOW*)",1024,1024,55,0,88670208,8192
1807,6264662789,6267246775,2583986,2.583986,"funcionTransicion(Celula*, int, curandStateXORWOW*)",1024,1024,55,0,88670208,8192
1808,6268082483,6270764933,2682450,2.68245,"funcionTransicion(Celula*, int, curandStateXORWOW*)",1024,1024,55,0,88670208,8192
1809,6271600481,6274065428,2464947,2.464947,"funcionTransicion(Celula*, int, curandStateXORWOW*)",1024,1024,55,0,88670208,8192
1810,6274899312,6277608226,2708914,2.708914,"funcionTransicion(Celula*, int, curandStateXORWOW*)",1024,1024,55,0,88670208,8192
1811,6278445598,6281242543,2796945,2.796945,"funcionTransicion(Celula*, int, curandStateXORWOW*)",1024,1024,55,0,88670208,8192
1812,6282085739,6284710014,2624275,2.624275,"funcionTransicion(Celula*, int, curandStateXORWOW*)",1024,1024,55,0,88670208,8192
1813,6285545625,6288177004,2631379,2.631379,"funcionTransicion(Celula*, int, curandStateXORWOW*)",1024,1024,55,0,88670208,8192
1814,6289015175,6291647546,2632371,2.632371,"funcionTransicion(Celula*, int, curandStateXORWOW*)",1024,1024,55,0,88670208,8192
1815,6292476246,6295120232,2643986,2.643986,"funcionTransicion(Celula*, int, curandStateXORWOW*)",1024,1024,55,0,88670208,8192
1816,6295954468,6298507959,2553491,2.553491,"funcionTransicion(Celula*, int, curandStateXORWOW*)",1024,1024,55,0,88670208,8192
1817,6299345074,6301894757,2549683,2.549683,"funcionTransicion(Celula*, int, curandStateXORWOW*)",1024,1024,55,0,88670208,8192
1818,6302733601,6305203605,2470004,2.470004,"funcionTransicion(Celula*, int, curandStateXORWOW*)",1024,1024,55,0,88670208,8192
1819,6306029968,6308641155,2611187,2.611187,"funcionTransicion(Celula*, int, curandStateXORWOW*)",1024,1024,55,0,88670208,8192
1820,6309472639,6312166769,2694130,2.69413,"funcionTransicion(Celula*, int, curandStateXORWOW*)",1024,1024,55,0,88670208,8192
1821,6313005420,6315508735,2503315,2.503315,"funcionTransicion(Celula*, int, curandStateXORWOW*)",1024,1024,55,0,88670208,8192
1822,6316350619,6318987245,2636626,2.636626,"funcionTransicion(Celula*, int, curandStateXORWOW*)",1024,1024,55,0,88670208,8192
1823,6319819497,6322383996,2564499,2.564499,"funcionTransicion(Celula*, int, curandStateXORWOW*)",1024,1024,55,0,88670208,8192
1824,6323215064,6325830442,2615378,2.615378,"funcionTransicion(Celula*, int, curandStateXORWOW*)",1024,1024,55,0,88670208,8192
1825,6326703078,6329335736,2632658,2.632658,"funcionTransicion(Celula*, int, curandStateXORWOW*)",1024,1024,55,0,88670208,8192
1826,6330174836,6332766855,2592019,2.592019,"funcionTransicion(Celula*, int, curandStateXORWOW*)",1024,1024,55,0,88670208,8192
1827,6333599363,6336196149,2596786,2.596786,"funcionTransicion(Celula*, int, curandStateXORWOW*)",1024,1024,55,0,88670208,8192
1828,6337030769,6339619940,2589171,2.589171,"funcionTransicion(Celula*, int, curandStateXORWOW*)",1024,1024,55,0,88670208,8192
1829,6340448447,6343011826,2563379,2.563379,"funcionTransicion(Celula*, int, curandStateXORWOW*)",1024,1024,55,0,88670208,8192
1830,6343845166,6346395361,2550195,2.550195,"funcionTransicion(Celula*, int, curandStateXORWOW*)",1024,1024,55,0,88670208,8192
1831,6347228637,6349832015,2603378,2.603378,"funcionTransicion(Celula*, int, curandStateXORWOW*)",1024,1024,55,0,88670208,8192
1832,6350669227,6353282686,2613459,2.613459,"funcionTransicion(Celula*, int, curandStateXORWOW*)",1024,1024,55,0,88670208,8192
1833,6354123321,6356869643,2746322,2.746322,"funcionTransicion(Celula*, int, curandStateXORWOW*)",1024,1024,55,0,88670208,8192
1834,6357709607,6360266809,2557202,2.557202,"funcionTransicion(Celula*, int, curandStateXORWOW*)",1024,1024,55,0,88670208,8192
1835,6361097397,6363872775,2775378,2.775378,"funcionTransicion(Celula*, int, curandStateXORWOW*)",1024,1024,55,0,88670208,8192
1836,6364699715,6367228310,2528595,2.528595,"funcionTransicion(Celula*, int, curandStateXORWOW*)",1024,1024,55,0,88670208,8192
1837,6368060850,6370664388,2603538,2.603538,"funcionTransicion(Celula*, int, curandStateXORWOW*)",1024,1024,55,0,88670208,8192
1838,6371493952,6374285010,2791058,2.791058,"funcionTransicion(Celula*, int, curandStateXORWOW*)",1024,1024,55,0,88670208,8192
1839,6375113805,6377808127,2694322,2.694322,"funcionTransicion(Celula*, int, curandStateXORWOW*)",1024,1024,55,0,88670208,8192
1840,6378644219,6381362445,2718226,2.718226,"funcionTransicion(Celula*, int, curandStateXORWOW*)",1024,1024,55,0,88670208,8192
1841,6382191081,6384836091,2645010,2.64501,"funcionTransicion(Celula*, int, curandStateXORWOW*)",1024,1024,55,0,88670208,8192
1842,6385673911,6388353193,2679282,2.679282,"funcionTransicion(Celula*, int, curandStateXORWOW*)",1024,1024,55,0,88670208,8192
1843,6389186309,6391958359,2772050,2.77205,"funcionTransicion(Celula*, int, curandStateXORWOW*)",1024,1024,55,0,88670208,8192
1844,6392795891,6395527716,2731825,2.731825,"funcionTransicion(Celula*, int, curandStateXORWOW*)",1024,1024,55,0,88670208,8192
1845,6396362592,6399135378,2772786,2.772786,"funcionTransicion(Celula*, int, curandStateXORWOW*)",1024,1024,55,0,88670208,8192
1846,6399972270,6402734335,2762065,2.762065,"funcionTransicion(Celula*, int, curandStateXORWOW*)",1024,1024,55,0,88670208,8192
1847,6403570011,6406430765,2860754,2.860754,"funcionTransicion(Celula*, int, curandStateXORWOW*)",1024,1024,55,0,88670208,8192
1848,6407270824,6410022138,2751314,2.751314,"funcionTransicion(Celula*, int, curandStateXORWOW*)",1024,1024,55,0,88670208,8192
1849,6410874902,6413619464,2744562,2.744562,"funcionTransicion(Celula*, int, curandStateXORWOW*)",1024,1024,55,0,88670208,8192
1850,6414457827,6417280149,2822322,2.822322,"funcionTransicion(Celula*, int, curandStateXORWOW*)",1024,1024,55,0,88670208,8192
1851,6418113105,6420858850,2745745,2.745745,"funcionTransicion(Celula*, int, curandStateXORWOW*)",1024,1024,55,0,88670208,8192
1852,6421695326,6424472816,2777490,2.77749,"funcionTransicion(Celula*, int, curandStateXORWOW*)",1024,1024,55,0,88670208,8192
1853,6425310508,6428225053,2914545,2.914545,"funcionTransicion(Celula*, int, curandStateXORWOW*)",1024,1024,55,0,88670208,8192
1854,6429065688,6431860746,2795058,2.795058,"funcionTransicion(Celula*, int, curandStateXORWOW*)",1024,1024,55,0,88670208,8192
1855,6432694182,6435420280,2726098,2.726098,"funcionTransicion(Celula*, int, curandStateXORWOW*)",1024,1024,55,0,88670208,8192
1856,6436257107,6439006469,2749362,2.749362,"funcionTransicion(Celula*, int, curandStateXORWOW*)",1024,1024,55,0,88670208,8192
1857,6439843137,6442605906,2762769,2.762769,"funcionTransicion(Celula*, int, curandStateXORWOW*)",1024,1024,55,0,88670208,8192
1858,6443431566,6446282624,2851058,2.851058,"funcionTransicion(Celula*, int, curandStateXORWOW*)",1024,1024,55,0,88670208,8192
1859,6447117147,6449891213,2774066,2.774066,"funcionTransicion(Celula*, int, curandStateXORWOW*)",1024,1024,55,0,88670208,8192
1860,6450720361,6453605338,2884977,2.884977,"funcionTransicion(Celula*, int, curandStateXORWOW*)",1024,1024,55,0,88670208,8192
1861,6454441014,6457282887,2841873,2.841873,"funcionTransicion(Celula*, int, curandStateXORWOW*)",1024,1024,55,0,88670208,8192
1862,6458127427,6461063956,2936529,2.936529,"funcionTransicion(Celula*, int, curandStateXORWOW*)",1024,1024,55,0,88670208,8192
1863,6461899440,6464783553,2884113,2.884113,"funcionTransicion(Celula*, int, curandStateXORWOW*)",1024,1024,55,0,88670208,8192
1864,6465617884,6468630125,3012241,3.012241,"funcionTransicion(Celula*, int, curandStateXORWOW*)",1024,1024,55,0,88670208,8192
1865,6469462345,6472543289,3080944,3.080944,"funcionTransicion(Celula*, int, curandStateXORWOW*)",1024,1024,55,0,88670208,8192
1866,6473382005,6476290694,2908689,2.908689,"funcionTransicion(Celula*, int, curandStateXORWOW*)",1024,1024,55,0,88670208,8192
1867,6477130817,6479969011,2838194,2.838194,"funcionTransicion(Celula*, int, curandStateXORWOW*)",1024,1024,55,0,88670208,8192
1868,6480813326,6483696479,2883153,2.883153,"funcionTransicion(Celula*, int, curandStateXORWOW*)",1024,1024,55,0,88670208,8192
1869,6484524572,6487196590,2672018,2.672018,"funcionTransicion(Celula*, int, curandStateXORWOW*)",1024,1024,55,0,88670208,8192
1870,6488030153,6490884091,2853938,2.853938,"funcionTransicion(Celula*, int, curandStateXORWOW*)",1024,1024,55,0,88670208,8192
1871,6491720182,6494532616,2812434,2.812434,"funcionTransicion(Celula*, int, curandStateXORWOW*)",1024,1024,55,0,88670208,8192
1872,6495366532,6498108758,2742226,2.742226,"funcionTransicion(Celula*, int, curandStateXORWOW*)",1024,1024,55,0,88670208,8192
1873,6499011953,6501790563,2778610,2.77861,"funcionTransicion(Celula*, int, curandStateXORWOW*)",1024,1024,55,0,88670208,8192
1874,6502636447,6505434896,2798449,2.798449,"funcionTransicion(Celula*, int, curandStateXORWOW*)",1024,1024,55,0,88670208,8192
1875,6506270252,6509004414,2734162,2.734162,"funcionTransicion(Celula*, int, curandStateXORWOW*)",1024,1024,55,0,88670208,8192
1876,6509832890,6512647115,2814225,2.814225,"funcionTransicion(Celula*, int, curandStateXORWOW*)",1024,1024,55,0,88670208,8192
1877,6513482151,6516270776,2788625,2.788625,"funcionTransicion(Celula*, int, curandStateXORWOW*)",1024,1024,55,0,88670208,8192
1878,6517115028,6519914854,2799826,2.799826,"funcionTransicion(Celula*, int, curandStateXORWOW*)",1024,1024,55,0,88670208,8192
1879,6520751137,6523512435,2761298,2.761298,"funcionTransicion(Celula*, int, curandStateXORWOW*)",1024,1024,55,0,88670208,8192
1880,6524347087,6527104609,2757522,2.757522,"funcionTransicion(Celula*, int, curandStateXORWOW*)",1024,1024,55,0,88670208,8192
1881,6527938012,6530816205,2878193,2.878193,"funcionTransicion(Celula*, int, curandStateXORWOW*)",1024,1024,55,0,88670208,8192
1882,6531656201,6534686170,3029969,3.029969,"funcionTransicion(Celula*, int, curandStateXORWOW*)",1024,1024,55,0,88670208,8192
1883,6535519317,6538362535,2843218,2.843218,"funcionTransicion(Celula*, int, curandStateXORWOW*)",1024,1024,55,0,88670208,8192
1884,6539202274,6542051124,2848850,2.84885,"funcionTransicion(Celula*, int, curandStateXORWOW*)",1024,1024,55,0,88670208,8192
1885,6542881808,6545717537,2835729,2.835729,"funcionTransicion(Celula*, int, curandStateXORWOW*)",1024,1024,55,0,88670208,8192
1886,6546556221,6549471246,2915025,2.915025,"funcionTransicion(Celula*, int, curandStateXORWOW*)",1024,1024,55,0,88670208,8192
1887,6550305706,6553175995,2870289,2.870289,"funcionTransicion(Celula*, int, curandStateXORWOW*)",1024,1024,55,0,88670208,8192
1888,6554009847,6556962792,2952945,2.952945,"funcionTransicion(Celula*, int, curandStateXORWOW*)",1024,1024,55,0,88670208,8192
1889,6557797731,6560697780,2900049,2.900049,"funcionTransicion(Celula*, int, curandStateXORWOW*)",1024,1024,55,0,88670208,8192
1890,6561532784,6564309442,2776658,2.776658,"funcionTransicion(Celula*, int, curandStateXORWOW*)",1024,1024,55,0,88670208,8192
1891,6565144157,6568039310,2895153,2.895153,"funcionTransicion(Celula*, int, curandStateXORWOW*)",1024,1024,55,0,88670208,8192
1892,6568875562,6571826459,2950897,2.950897,"funcionTransicion(Celula*, int, curandStateXORWOW*)",1024,1024,55,0,88670208,8192
1893,6572660823,6575472648,2811825,2.811825,"funcionTransicion(Celula*, int, curandStateXORWOW*)",1024,1024,55,0,88670208,8192
1894,6576315428,6579132630,2817202,2.817202,"funcionTransicion(Celula*, int, curandStateXORWOW*)",1024,1024,55,0,88670208,8192
1895,6579970577,6582880098,2909521,2.909521,"funcionTransicion(Celula*, int, curandStateXORWOW*)",1024,1024,55,0,88670208,8192
1896,6583715262,6586552336,2837074,2.837074,"funcionTransicion(Celula*, int, curandStateXORWOW*)",1024,1024,55,0,88670208,8192
1897,6587413579,6590421628,3008049,3.008049,"funcionTransicion(Celula*, int, curandStateXORWOW*)",1024,1024,55,0,88670208,8192
1898,6591263511,6594255880,2992369,2.992369,"funcionTransicion(Celula*, int, curandStateXORWOW*)",1024,1024,55,0,88670208,8192
1899,6595085827,6598001557,2915730,2.91573,"funcionTransicion(Celula*, int, curandStateXORWOW*)",1024,1024,55,0,88670208,8192
1900,6598840753,6601799073,2958320,2.95832,"funcionTransicion(Celula*, int, curandStateXORWOW*)",1024,1024,55,0,88670208,8192
1901,6602645693,6605550542,2904849,2.904849,"funcionTransicion(Celula*, int, curandStateXORWOW*)",1024,1024,55,0,88670208,8192
1902,6606387209,6609328794,2941585,2.941585,"funcionTransicion(Celula*, int, curandStateXORWOW*)",1024,1024,55,0,88670208,8192
1903,6610165398,6613053480,2888082,2.888082,"funcionTransicion(Celula*, int, curandStateXORWOW*)",1024,1024,55,0,88670208,8192
1904,6613893027,6616798036,2905009,2.905009,"funcionTransicion(Celula*, int, curandStateXORWOW*)",1024,1024,55,0,88670208,8192
1905,6617632016,6620485377,2853361,2.853361,"funcionTransicion(Celula*, int, curandStateXORWOW*)",1024,1024,55,0,88670208,8192
1906,6621322653,6624321358,2998705,2.998705,"funcionTransicion(Celula*, int, curandStateXORWOW*)",1024,1024,55,0,88670208,8192
1907,6625162377,6628113498,2951121,2.951121,"funcionTransicion(Celula*, int, curandStateXORWOW*)",1024,1024,55,0,88670208,8192
1908,6628955190,6631965574,3010384,3.010384,"funcionTransicion(Celula*, int, curandStateXORWOW*)",1024,1024,55,0,88670208,8192
1909,6632803234,6635923570,3120336,3.120336,"funcionTransicion(Celula*, int, curandStateXORWOW*)",1024,1024,55,0,88670208,8192
1910,6636765997,6639829982,3063985,3.063985,"funcionTransicion(Celula*, int, curandStateXORWOW*)",1024,1024,55,0,88670208,8192
1911,6640661401,6643634570,2973169,2.973169,"funcionTransicion(Celula*, int, curandStateXORWOW*)",1024,1024,55,0,88670208,8192
1912,6644474470,6647470711,2996241,2.996241,"funcionTransicion(Celula*, int, curandStateXORWOW*)",1024,1024,55,0,88670208,8192
1913,6648308274,6651236643,2928369,2.928369,"funcionTransicion(Celula*, int, curandStateXORWOW*)",1024,1024,55,0,88670208,8192
1914,6652077727,6655134159,3056432,3.056432,"funcionTransicion(Celula*, int, curandStateXORWOW*)",1024,1024,55,0,88670208,8192
1915,6655972011,6658960731,2988720,2.98872,"funcionTransicion(Celula*, int, curandStateXORWOW*)",1024,1024,55,0,88670208,8192
1916,6659796823,6662777384,2980561,2.980561,"funcionTransicion(Celula*, int, curandStateXORWOW*)",1024,1024,55,0,88670208,8192
1917,6663613380,6666711444,3098064,3.098064,"funcionTransicion(Celula*, int, curandStateXORWOW*)",1024,1024,55,0,88670208,8192
1918,6667547151,6670707711,3160560,3.16056,"funcionTransicion(Celula*, int, curandStateXORWOW*)",1024,1024,55,0,88670208,8192
1919,6671552155,6674678795,3126640,3.12664,"funcionTransicion(Celula*, int, curandStateXORWOW*)",1024,1024,55,0,88670208,8192
1920,6675515687,6678682550,3166863,3.166863,"funcionTransicion(Celula*, int, curandStateXORWOW*)",1024,1024,55,0,88670208,8192
1921,6769568771,6772839187,3270416,3.270416,"funcionTransicion(Celula*, int, curandStateXORWOW*)",1024,1024,55,0,88670208,8192
1922,6773682479,6776835198,3152719,3.152719,"funcionTransicion(Celula*, int, curandStateXORWOW*)",1024,1024,55,0,88670208,8192
1923,6777679930,6780829706,3149776,3.149776,"funcionTransicion(Celula*, int, curandStateXORWOW*)",1024,1024,55,0,88670208,8192
1924,6781668933,6784739542,3070609,3.070609,"funcionTransicion(Celula*, int, curandStateXORWOW*)",1024,1024,55,0,88670208,8192
1925,6785577937,6788633378,3055441,3.055441,"funcionTransicion(Celula*, int, curandStateXORWOW*)",1024,1024,55,0,88670208,8192
1926,6789469149,6792584333,3115184,3.115184,"funcionTransicion(Celula*, int, curandStateXORWOW*)",1024,1024,55,0,88670208,8192
1927,6793423017,6796597113,3174096,3.174096,"funcionTransicion(Celula*, int, curandStateXORWOW*)",1024,1024,55,0,88670208,8192
1928,6797434325,6800559300,3124975,3.124975,"funcionTransicion(Celula*, int, curandStateXORWOW*)",1024,1024,55,0,88670208,8192
1929,6801405504,6804580208,3174704,3.174704,"funcionTransicion(Celula*, int, curandStateXORWOW*)",1024,1024,55,0,88670208,8192
1930,6805410508,6808527803,3117295,3.117295,"funcionTransicion(Celula*, int, curandStateXORWOW*)",1024,1024,55,0,88670208,8192
1931,6809367863,6812386696,3018833,3.018833,"funcionTransicion(Celula*, int, curandStateXORWOW*)",1024,1024,55,0,88670208,8192
1932,6813225827,6816205076,2979249,2.979249,"funcionTransicion(Celula*, int, curandStateXORWOW*)",1024,1024,55,0,88670208,8192
1933,6817041296,6820200992,3159696,3.159696,"funcionTransicion(Celula*, int, curandStateXORWOW*)",1024,1024,55,0,88670208,8192
1934,6821035227,6824037964,3002737,3.002737,"funcionTransicion(Celula*, int, curandStateXORWOW*)",1024,1024,55,0,88670208,8192
1935,6824872680,6827987704,3115024,3.115024,"funcionTransicion(Celula*, int, curandStateXORWOW*)",1024,1024,55,0,88670208,8192
1936,6828824947,6831973379,3148432,3.148432,"funcionTransicion(Celula*, int, curandStateXORWOW*)",1024,1024,55,0,88670208,8192
1937,6832816223,6835892623,3076400,3.0764,"funcionTransicion(Celula*, int, curandStateXORWOW*)",1024,1024,55,0,88670208,8192
1938,6836730283,6839818011,3087728,3.087728,"funcionTransicion(Celula*, int, curandStateXORWOW*)",1024,1024,55,0,88670208,8192
1939,6840658743,6843616999,2958256,2.958256,"funcionTransicion(Celula*, int, curandStateXORWOW*)",1024,1024,55,0,88670208,8192
1940,6844464995,6847573779,3108784,3.108784,"funcionTransicion(Celula*, int, curandStateXORWOW*)",1024,1024,55,0,88670208,8192
1941,6848410863,6851502079,3091216,3.091216,"funcionTransicion(Celula*, int, curandStateXORWOW*)",1024,1024,55,0,88670208,8192
1942,6852340058,6855360491,3020433,3.020433,"funcionTransicion(Celula*, int, curandStateXORWOW*)",1024,1024,55,0,88670208,8192
1943,6856193127,6859408566,3215439,3.215439,"funcionTransicion(Celula*, int, curandStateXORWOW*)",1024,1024,55,0,88670208,8192
1944,6860240946,6863419681,3178735,3.178735,"funcionTransicion(Celula*, int, curandStateXORWOW*)",1024,1024,55,0,88670208,8192
1945,6864290461,6867422541,3132080,3.13208,"funcionTransicion(Celula*, int, curandStateXORWOW*)",1024,1024,55,0,88670208,8192
1946,6868267433,6871494904,3227471,3.227471,"funcionTransicion(Celula*, int, curandStateXORWOW*)",1024,1024,55,0,88670208,8192
1947,6872335988,6875529347,3193359,3.193359,"funcionTransicion(Celula*, int, curandStateXORWOW*)",1024,1024,55,0,88670208,8192
1948,6876374335,6879732366,3358031,3.358031,"funcionTransicion(Celula*, int, curandStateXORWOW*)",1024,1024,55,0,88670208,8192
1949,6880573130,6883794969,3221839,3.221839,"funcionTransicion(Celula*, int, curandStateXORWOW*)",1024,1024,55,0,88670208,8192
1950,6884639253,6887941604,3302351,3.302351,"funcionTransicion(Celula*, int, curandStateXORWOW*)",1024,1024,55,0,88670208,8192
1951,6888781567,6891963951,3182384,3.182384,"funcionTransicion(Celula*, int, curandStateXORWOW*)",1024,1024,55,0,88670208,8192
1952,6892804683,6895966138,3161455,3.161455,"funcionTransicion(Celula*, int, curandStateXORWOW*)",1024,1024,55,0,88670208,8192
1953,6896798134,6899924006,3125872,3.125872,"funcionTransicion(Celula*, int, curandStateXORWOW*)",1024,1024,55,0,88670208,8192
1954,6900770370,6903947953,3177583,3.177583,"funcionTransicion(Celula*, int, curandStateXORWOW*)",1024,1024,55,0,88670208,8192
1955,6904793485,6908009565,3216080,3.21608,"funcionTransicion(Celula*, int, curandStateXORWOW*)",1024,1024,55,0,88670208,8192
1956,6908851448,6911959336,3107888,3.107888,"funcionTransicion(Celula*, int, curandStateXORWOW*)",1024,1024,55,0,88670208,8192
1957,6912792836,6915935060,3142224,3.142224,"funcionTransicion(Celula*, int, curandStateXORWOW*)",1024,1024,55,0,88670208,8192
1958,6916775696,6920009503,3233807,3.233807,"funcionTransicion(Celula*, int, curandStateXORWOW*)",1024,1024,55,0,88670208,8192
1959,6920841371,6924089962,3248591,3.248591,"funcionTransicion(Celula*, int, curandStateXORWOW*)",1024,1024,55,0,88670208,8192
1960,6924922022,6928218485,3296463,3.296463,"funcionTransicion(Celula*, int, curandStateXORWOW*)",1024,1024,55,0,88670208,8192
1961,6929057360,6932296928,3239568,3.239568,"funcionTransicion(Celula*, int, curandStateXORWOW*)",1024,1024,55,0,88670208,8192
1962,6933145403,6936376843,3231440,3.23144,"funcionTransicion(Celula*, int, curandStateXORWOW*)",1024,1024,55,0,88670208,8192
1963,6937214598,6940516246,3301648,3.301648,"funcionTransicion(Celula*, int, curandStateXORWOW*)",1024,1024,55,0,88670208,8192
1964,6941352529,6944552097,3199568,3.199568,"funcionTransicion(Celula*, int, curandStateXORWOW*)",1024,1024,55,0,88670208,8192
1965,6945386813,6948755243,3368430,3.36843,"funcionTransicion(Celula*, int, curandStateXORWOW*)",1024,1024,55,0,88670208,8192
1966,6949599367,6952904214,3304847,3.304847,"funcionTransicion(Celula*, int, curandStateXORWOW*)",1024,1024,55,0,88670208,8192
1967,6953743345,6956963233,3219888,3.219888,"funcionTransicion(Celula*, int, curandStateXORWOW*)",1024,1024,55,0,88670208,8192
1968,6957807453,6961091980,3284527,3.284527,"funcionTransicion(Celula*, int, curandStateXORWOW*)",1024,1024,55,0,88670208,8192
1969,6961954119,6965269910,3315791,3.315791,"funcionTransicion(Celula*, int, curandStateXORWOW*)",1024,1024,55,0,88670208,8192
1970,6966106578,6969423585,3317007,3.317007,"funcionTransicion(Celula*, int, curandStateXORWOW*)",1024,1024,55,0,88670208,8192
1971,6970256925,6973469836,3212911,3.212911,"funcionTransicion(Celula*, int, curandStateXORWOW*)",1024,1024,55,0,88670208,8192
1972,6974312488,6977649463,3336975,3.336975,"funcionTransicion(Celula*, int, curandStateXORWOW*)",1024,1024,55,0,88670208,8192
1973,6978495091,6981825410,3330319,3.330319,"funcionTransicion(Celula*, int, curandStateXORWOW*)",1024,1024,55,0,88670208,8192
1974,6982668125,6985801613,3133488,3.133488,"funcionTransicion(Celula*, int, curandStateXORWOW*)",1024,1024,55,0,88670208,8192
1975,6986632265,6989810776,3178511,3.178511,"funcionTransicion(Celula*, int, curandStateXORWOW*)",1024,1024,55,0,88670208,8192
1976,6990653652,6993952323,3298671,3.298671,"funcionTransicion(Celula*, int, curandStateXORWOW*)",1024,1024,55,0,88670208,8192
1977,6994799391,6998066830,3267439,3.267439,"funcionTransicion(Celula*, int, curandStateXORWOW*)",1024,1024,55,0,88670208,8192
1978,6998908522,7002155641,3247119,3.247119,"funcionTransicion(Celula*, int, curandStateXORWOW*)",1024,1024,55,0,88670208,8192
1979,7003000309,7006233636,3233327,3.233327,"funcionTransicion(Celula*, int, curandStateXORWOW*)",1024,1024,55,0,88670208,8192
1980,7007077984,7010312175,3234191,3.234191,"funcionTransicion(Celula*, int, curandStateXORWOW*)",1024,1024,55,0,88670208,8192
1981,7011151211,7014369690,3218479,3.218479,"funcionTransicion(Celula*, int, curandStateXORWOW*)",1024,1024,55,0,88670208,8192
1982,7015204214,7018612740,3408526,3.408526,"funcionTransicion(Celula*, int, curandStateXORWOW*)",1024,1024,55,0,88670208,8192
1983,7019452800,7022686192,3233392,3.233392,"funcionTransicion(Celula*, int, curandStateXORWOW*)",1024,1024,55,0,88670208,8192
1984,7023529227,7026817498,3288271,3.288271,"funcionTransicion(Celula*, int, curandStateXORWOW*)",1024,1024,55,0,88670208,8192
1985,7027656982,7031078501,3421519,3.421519,"funcionTransicion(Celula*, int, curandStateXORWOW*)",1024,1024,55,0,88670208,8192
1986,7031919520,7035306479,3386959,3.386959,"funcionTransicion(Celula*, int, curandStateXORWOW*)",1024,1024,55,0,88670208,8192
1987,7036145931,7039506105,3360174,3.360174,"funcionTransicion(Celula*, int, curandStateXORWOW*)",1024,1024,55,0,88670208,8192
1988,7040350101,7043703140,3353039,3.353039,"funcionTransicion(Celula*, int, curandStateXORWOW*)",1024,1024,55,0,88670208,8192
1989,7044545407,7047837711,3292304,3.292304,"funcionTransicion(Celula*, int, curandStateXORWOW*)",1024,1024,55,0,88670208,8192
1990,7048683338,7051961689,3278351,3.278351,"funcionTransicion(Celula*, int, curandStateXORWOW*)",1024,1024,55,0,88670208,8192
1991,7052798325,7056112164,3313839,3.313839,"funcionTransicion(Celula*, int, curandStateXORWOW*)",1024,1024,55,0,88670208,8192
1992,7056949728,7060348718,3398990,3.39899,"funcionTransicion(Celula*, int, curandStateXORWOW*)",1024,1024,55,0,88670208,8192
1993,7061220906,7064592504,3371598,3.371598,"funcionTransicion(Celula*, int, curandStateXORWOW*)",1024,1024,55,0,88670208,8192
1994,7065440916,7068787843,3346927,3.346927,"funcionTransicion(Celula*, int, curandStateXORWOW*)",1024,1024,55,0,88670208,8192
1995,7069638623,7072997037,3358414,3.358414,"funcionTransicion(Celula*, int, curandStateXORWOW*)",1024,1024,55,0,88670208,8192
1996,7073835945,7077040568,3204623,3.204623,"funcionTransicion(Celula*, int, curandStateXORWOW*)",1024,1024,55,0,88670208,8192
1997,7077882004,7081269795,3387791,3.387791,"funcionTransicion(Celula*, int, curandStateXORWOW*)",1024,1024,55,0,88670208,8192
1998,7082109022,7085421133,3312111,3.312111,"funcionTransicion(Celula*, int, curandStateXORWOW*)",1024,1024,55,0,88670208,8192
1999,7086256393,7089767703,3511310,3.51131,"funcionTransicion(Celula*, int, curandStateXORWOW*)",1024,1024,55,0,88670208,8192
2000,7090615347,7094130881,3515534,3.515534,"funcionTransicion(Celula*, int, curandStateXORWOW*)",1024,1024,55,0,88670208,8192
2001,7094973757,7098537610,3563853,3.563853,"funcionTransicion(Celula*, int, curandStateXORWOW*)",1024,1024,55,0,88670208,8192
2002,7099376966,7102846484,3469518,3.469518,"funcionTransicion(Celula*, int, curandStateXORWOW*)",1024,1024,55,0,88670208,8192
2003,7103693968,7106960159,3266191,3.266191,"funcionTransicion(Celula*, int, curandStateXORWOW*)",1024,1024,55,0,88670208,8192
2004,7107801722,7111279913,3478191,3.478191,"funcionTransicion(Celula*, int, curandStateXORWOW*)",1024,1024,55,0,88670208,8192
2005,7112118597,7115653202,3534605,3.534605,"funcionTransicion(Celula*, int, curandStateXORWOW*)",1024,1024,55,0,88670208,8192
2006,7116493326,7120007868,3514542,3.514542,"funcionTransicion(Celula*, int, curandStateXORWOW*)",1024,1024,55,0,88670208,8192
2007,7120847319,7124404549,3557230,3.55723,"funcionTransicion(Celula*, int, curandStateXORWOW*)",1024,1024,55,0,88670208,8192
2008,7125245985,7128742575,3496590,3.49659,"funcionTransicion(Celula*, int, curandStateXORWOW*)",1024,1024,55,0,88670208,8192
2009,7129586283,7133098712,3512429,3.512429,"funcionTransicion(Celula*, int, curandStateXORWOW*)",1024,1024,55,0,88670208,8192
2010,7133938068,7137469762,3531694,3.531694,"funcionTransicion(Celula*, int, curandStateXORWOW*)",1024,1024,55,0,88670208,8192
2011,7138313214,7141680525,3367311,3.367311,"funcionTransicion(Celula*, int, curandStateXORWOW*)",1024,1024,55,0,88670208,8192
2012,7142526920,7146106806,3579886,3.579886,"funcionTransicion(Celula*, int, curandStateXORWOW*)",1024,1024,55,0,88670208,8192
2013,7146949266,7150363200,3413934,3.413934,"funcionTransicion(Celula*, int, curandStateXORWOW*)",1024,1024,55,0,88670208,8192
2014,7151205787,7154612330,3406543,3.406543,"funcionTransicion(Celula*, int, curandStateXORWOW*)",1024,1024,55,0,88670208,8192
2015,7155455142,7158731189,3276047,3.276047,"funcionTransicion(Celula*, int, curandStateXORWOW*)",1024,1024,55,0,88670208,8192
2016,7159569969,7163082527,3512558,3.512558,"funcionTransicion(Celula*, int, curandStateXORWOW*)",1024,1024,55,0,88670208,8192
2017,7163966682,7167336585,3369903,3.369903,"funcionTransicion(Celula*, int, curandStateXORWOW*)",1024,1024,55,0,88670208,8192
2018,7168175716,7171573107,3397391,3.397391,"funcionTransicion(Celula*, int, curandStateXORWOW*)",1024,1024,55,0,88670208,8192
2019,7172418639,7175896573,3477934,3.477934,"funcionTransicion(Celula*, int, curandStateXORWOW*)",1024,1024,55,0,88670208,8192
2020,7176732632,7180103495,3370863,3.370863,"funcionTransicion(Celula*, int, curandStateXORWOW*)",1024,1024,55,0,88670208,8192
2021,7180947491,7184287634,3340143,3.340143,"funcionTransicion(Celula*, int, curandStateXORWOW*)",1024,1024,55,0,88670208,8192
2022,7185129037,7188442844,3313807,3.313807,"funcionTransicion(Celula*, int, curandStateXORWOW*)",1024,1024,55,0,88670208,8192
2023,7189286808,7192571751,3284943,3.284943,"funcionTransicion(Celula*, int, curandStateXORWOW*)",1024,1024,55,0,88670208,8192
2024,7193412739,7196964625,3551886,3.551886,"funcionTransicion(Celula*, int, curandStateXORWOW*)",1024,1024,55,0,88670208,8192
2025,7197805228,7201172347,3367119,3.367119,"funcionTransicion(Celula*, int, curandStateXORWOW*)",1024,1024,55,0,88670208,8192
2026,7202013367,7205443877,3430510,3.43051,"funcionTransicion(Celula*, int, curandStateXORWOW*)",1024,1024,55,0,88670208,8192
2027,7206291201,7209729423,3438222,3.438222,"funcionTransicion(Celula*, int, curandStateXORWOW*)",1024,1024,55,0,88670208,8192
2028,7210570411,7214002553,3432142,3.432142,"funcionTransicion(Celula*, int, curandStateXORWOW*)",1024,1024,55,0,88670208,8192
2029,7214848533,7218134340,3285807,3.285807,"funcionTransicion(Celula*, int, curandStateXORWOW*)",1024,1024,55,0,88670208,8192
2030,7218982591,7222444750,3462159,3.462159,"funcionTransicion(Celula*, int, curandStateXORWOW*)",1024,1024,55,0,88670208,8192
2031,7223291434,7226815191,3523757,3.523757,"funcionTransicion(Celula*, int, curandStateXORWOW*)",1024,1024,55,0,88670208,8192
2032,7227651315,7231128161,3476846,3.476846,"funcionTransicion(Celula*, int, curandStateXORWOW*)",1024,1024,55,0,88670208,8192
2033,7231977277,7235587306,3610029,3.610029,"funcionTransicion(Celula*, int, curandStateXORWOW*)",1024,1024,55,0,88670208,8192
2034,7236427750,7239996723,3568973,3.568973,"funcionTransicion(Celula*, int, curandStateXORWOW*)",1024,1024,55,0,88670208,8192
2035,7240842159,7244448861,3606702,3.606702,"funcionTransicion(Celula*, int, curandStateXORWOW*)",1024,1024,55,0,88670208,8192
2036,7245293528,7248860742,3567214,3.567214,"funcionTransicion(Celula*, int, curandStateXORWOW*)",1024,1024,55,0,88670208,8192
2037,7249703042,7253215120,3512078,3.512078,"funcionTransicion(Celula*, int, curandStateXORWOW*)",1024,1024,55,0,88670208,8192
2038,7254054475,7257634329,3579854,3.579854,"funcionTransicion(Celula*, int, curandStateXORWOW*)",1024,1024,55,0,88670208,8192
2039,7258472309,7261951171,3478862,3.478862,"funcionTransicion(Celula*, int, curandStateXORWOW*)",1024,1024,55,0,88670208,8192
2040,7262789823,7266280492,3490669,3.490669,"funcionTransicion(Celula*, int, curandStateXORWOW*)",1024,1024,55,0,88670208,8192
2041,7360303178,7363843351,3540173,3.540173,"funcionTransicion(Celula*, int, curandStateXORWOW*)",1024,1024,55,0,88670208,8192
2042,7364680915,7368433216,3752301,3.752301,"funcionTransicion(Celula*, int, curandStateXORWOW*)",1024,1024,55,0,88670208,8192
2043,7369273820,7372815977,3542157,3.542157,"funcionTransicion(Celula*, int, curandStateXORWOW*)",1024,1024,55,0,88670208,8192
2044,7373673029,7377192691,3519662,3.519662,"funcionTransicion(Celula*, int, curandStateXORWOW*)",1024,1024,55,0,88670208,8192
2045,7378031055,7381351646,3320591,3.320591,"funcionTransicion(Celula*, int, curandStateXORWOW*)",1024,1024,55,0,88670208,8192
2046,7382195641,7385513512,3317871,3.317871,"funcionTransicion(Celula*, int, curandStateXORWOW*)",1024,1024,55,0,88670208,8192
2047,7386352804,7389813586,3460782,3.460782,"funcionTransicion(Celula*, int, curandStateXORWOW*)",1024,1024,55,0,88670208,8192
2048,7390660110,7394061276,3401166,3.401166,"funcionTransicion(Celula*, int, curandStateXORWOW*)",1024,1024,55,0,88670208,8192
2049,7394907128,7398171463,3264335,3.264335,"funcionTransicion(Celula*, int, curandStateXORWOW*)",1024,1024,55,0,88670208,8192
2050,7399008323,7402445713,3437390,3.43739,"funcionTransicion(Celula*, int, curandStateXORWOW*)",1024,1024,55,0,88670208,8192
2051,7403285101,7406618268,3333167,3.333167,"funcionTransicion(Celula*, int, curandStateXORWOW*)",1024,1024,55,0,88670208,8192
2052,7407459864,7410923334,3463470,3.46347,"funcionTransicion(Celula*, int, curandStateXORWOW*)",1024,1024,55,0,88670208,8192
2053,7411766209,7415108400,3342191,3.342191,"funcionTransicion(Celula*, int, curandStateXORWOW*)",1024,1024,55,0,88670208,8192
2054,7415952396,7419484442,3532046,3.532046,"funcionTransicion(Celula*, int, curandStateXORWOW*)",1024,1024,55,0,88670208,8192
2055,7420327509,7423734948,3407439,3.407439,"funcionTransicion(Celula*, int, curandStateXORWOW*)",1024,1024,55,0,88670208,8192
2056,7424575072,7427996750,3421678,3.421678,"funcionTransicion(Celula*, int, curandStateXORWOW*)",1024,1024,55,0,88670208,8192
2057,7428834090,7432271608,3437518,3.437518,"funcionTransicion(Celula*, int, curandStateXORWOW*)",1024,1024,55,0,88670208,8192
2058,7433115668,7436582434,3466766,3.466766,"funcionTransicion(Celula*, int, curandStateXORWOW*)",1024,1024,55,0,88670208,8192
2059,7437424925,7440908780,3483855,3.483855,"funcionTransicion(Celula*, int, curandStateXORWOW*)",1024,1024,55,0,88670208,8192
2060,7441750344,7445194390,3444046,3.444046,"funcionTransicion(Celula*, int, curandStateXORWOW*)",1024,1024,55,0,88670208,8192
2061,7446039825,7449379104,3339279,3.339279,"funcionTransicion(Celula*, int, curandStateXORWOW*)",1024,1024,55,0,88670208,8192
2062,7450227644,7453617739,3390095,3.390095,"funcionTransicion(Celula*, int, curandStateXORWOW*)",1024,1024,55,0,88670208,8192
2063,7454459206,7457924308,3465102,3.465102,"funcionTransicion(Celula*, int, curandStateXORWOW*)",1024,1024,55,0,88670208,8192
2064,7458768240,7462220030,3451790,3.45179,"funcionTransicion(Celula*, int, curandStateXORWOW*)",1024,1024,55,0,88670208,8192
2065,7463091450,7466518696,3427246,3.427246,"funcionTransicion(Celula*, int, curandStateXORWOW*)",1024,1024,55,0,88670208,8192
2066,7467363684,7470645971,3282287,3.282287,"funcionTransicion(Celula*, int, curandStateXORWOW*)",1024,1024,55,0,88670208,8192
2067,7471486639,7474814014,3327375,3.327375,"funcionTransicion(Celula*, int, curandStateXORWOW*)",1024,1024,55,0,88670208,8192
2068,7475653849,7479194439,3540590,3.54059,"funcionTransicion(Celula*, int, curandStateXORWOW*)",1024,1024,55,0,88670208,8192
2069,7480036387,7483460113,3423726,3.423726,"funcionTransicion(Celula*, int, curandStateXORWOW*)",1024,1024,55,0,88670208,8192
2070,7484296973,7487920506,3623533,3.623533,"funcionTransicion(Celula*, int, curandStateXORWOW*)",1024,1024,55,0,88670208,8192
2071,7488768246,7492218628,3450382,3.450382,"funcionTransicion(Celula*, int, curandStateXORWOW*)",1024,1024,55,0,88670208,8192
2072,7493069088,7496544846,3475758,3.475758,"funcionTransicion(Celula*, int, curandStateXORWOW*)",1024,1024,55,0,88670208,8192
2073,7497389834,7500944247,3554413,3.554413,"funcionTransicion(Celula*, int, curandStateXORWOW*)",1024,1024,55,0,88670208,8192
2074,7501787315,7505343873,3556558,3.556558,"funcionTransicion(Celula*, int, curandStateXORWOW*)",1024,1024,55,0,88670208,8192
2075,7506190621,7509786442,3595821,3.595821,"funcionTransicion(Celula*, int, curandStateXORWOW*)",1024,1024,55,0,88670208,8192
2076,7510628422,7514077812,3449390,3.44939,"funcionTransicion(Celula*, int, curandStateXORWOW*)",1024,1024,55,0,88670208,8192
2077,7514920528,7518542045,3621517,3.621517,"funcionTransicion(Celula*, int, curandStateXORWOW*)",1024,1024,55,0,88670208,8192
2078,7519382329,7522977830,3595501,3.595501,"funcionTransicion(Celula*, int, curandStateXORWOW*)",1024,1024,55,0,88670208,8192
2079,7523816802,7527434959,3618157,3.618157,"funcionTransicion(Celula*, int, curandStateXORWOW*)",1024,1024,55,0,88670208,8192
2080,7528276171,7531899768,3623597,3.623597,"funcionTransicion(Celula*, int, curandStateXORWOW*)",1024,1024,55,0,88670208,8192
2081,7532745492,7536425729,3680237,3.680237,"funcionTransicion(Celula*, int, curandStateXORWOW*)",1024,1024,55,0,88670208,8192
2082,7537261245,7540858410,3597165,3.597165,"funcionTransicion(Celula*, int, curandStateXORWOW*)",1024,1024,55,0,88670208,8192
2083,7541699430,7545357107,3657677,3.657677,"funcionTransicion(Celula*, int, curandStateXORWOW*)",1024,1024,55,0,88670208,8192
2084,7546193679,7549797245,3603566,3.603566,"funcionTransicion(Celula*, int, curandStateXORWOW*)",1024,1024,55,0,88670208,8192
2085,7550639608,7554247814,3608206,3.608206,"funcionTransicion(Celula*, int, curandStateXORWOW*)",1024,1024,55,0,88670208,8192
2086,7555086433,7558751183,3664750,3.66475,"funcionTransicion(Celula*, int, curandStateXORWOW*)",1024,1024,55,0,88670208,8192
2087,7559593322,7563350935,3757613,3.757613,"funcionTransicion(Celula*, int, curandStateXORWOW*)",1024,1024,55,0,88670208,8192
2088,7564189875,7567994943,3805068,3.805068,"funcionTransicion(Celula*, int, curandStateXORWOW*)",1024,1024,55,0,88670208,8192
2089,7568868251,7572545704,3677453,3.677453,"funcionTransicion(Celula*, int, curandStateXORWOW*)",1024,1024,55,0,88670208,8192
2090,7573388195,7577008849,3620654,3.620654,"funcionTransicion(Celula*, int, curandStateXORWOW*)",1024,1024,55,0,88670208,8192
2091,7577844684,7581359419,3514735,3.514735,"funcionTransicion(Celula*, int, curandStateXORWOW*)",1024,1024,55,0,88670208,8192
2092,7582211158,7585771108,3559950,3.55995,"funcionTransicion(Celula*, int, curandStateXORWOW*)",1024,1024,55,0,88670208,8192
2093,7586614687,7590303308,3688621,3.688621,"funcionTransicion(Celula*, int, curandStateXORWOW*)",1024,1024,55,0,88670208,8192
2094,7591141352,7594831189,3689837,3.689837,"funcionTransicion(Celula*, int, curandStateXORWOW*)",1024,1024,55,0,88670208,8192
2095,7595667953,7599386526,3718573,3.718573,"funcionTransicion(Celula*, int, curandStateXORWOW*)",1024,1024,55,0,88670208,8192
2096,7600225594,7603840871,3615277,3.615277,"funcionTransicion(Celula*, int, curandStateXORWOW*)",1024,1024,55,0,88670208,8192
2097,7604682755,7608289872,3607117,3.607117,"funcionTransicion(Celula*, int, curandStateXORWOW*)",1024,1024,55,0,88670208,8192
2098,7609133612,7612813881,3680269,3.680269,"funcionTransicion(Celula*, int, curandStateXORWOW*)",1024,1024,55,0,88670208,8192
2099,7613655412,7617336674,3681262,3.681262,"funcionTransicion(Celula*, int, curandStateXORWOW*)",1024,1024,55,0,88670208,8192
2100,7618181629,7621985290,3803661,3.803661,"funcionTransicion(Celula*, int, curandStateXORWOW*)",1024,1024,55,0,88670208,8192
2101,7622820774,7626562322,3741548,3.741548,"funcionTransicion(Celula*, int, curandStateXORWOW*)",1024,1024,55,0,88670208,8192
2102,7627404046,7631178363,3774317,3.774317,"funcionTransicion(Celula*, int, curandStateXORWOW*)",1024,1024,55,0,88670208,8192
2103,7632020054,7635695204,3675150,3.67515,"funcionTransicion(Celula*, int, curandStateXORWOW*)",1024,1024,55,0,88670208,8192
2104,7636541855,7640144781,3602926,3.602926,"funcionTransicion(Celula*, int, curandStateXORWOW*)",1024,1024,55,0,88670208,8192
2105,7640991208,7644548758,3557550,3.55755,"funcionTransicion(Celula*, int, curandStateXORWOW*)",1024,1024,55,0,88670208,8192
2106,7645392594,7648970207,3577613,3.577613,"funcionTransicion(Celula*, int, curandStateXORWOW*)",1024,1024,55,0,88670208,8192
2107,7649809915,7653398824,3588909,3.588909,"funcionTransicion(Celula*, int, curandStateXORWOW*)",1024,1024,55,0,88670208,8192
2108,7654244068,7657960081,3716013,3.716013,"funcionTransicion(Celula*, int, curandStateXORWOW*)",1024,1024,55,0,88670208,8192
2109,7658804173,7662426234,3622061,3.622061,"funcionTransicion(Celula*, int, curandStateXORWOW*)",1024,1024,55,0,88670208,8192
2110,7663262326,7666996738,3734412,3.734412,"funcionTransicion(Celula*, int, curandStateXORWOW*)",1024,1024,55,0,88670208,8192
2111,7667836798,7671589163,3752365,3.752365,"funcionTransicion(Celula*, int, curandStateXORWOW*)",1024,1024,55,0,88670208,8192
2112,7672430407,7676097844,3667437,3.667437,"funcionTransicion(Celula*, int, curandStateXORWOW*)",1024,1024,55,0,88670208,8192
2113,7676969359,7680638812,3669453,3.669453,"funcionTransicion(Celula*, int, curandStateXORWOW*)",1024,1024,55,0,88670208,8192
2114,7681478360,7685233445,3755085,3.755085,"funcionTransicion(Celula*, int, curandStateXORWOW*)",1024,1024,55,0,88670208,8192
2115,7686075297,7689683726,3608429,3.608429,"funcionTransicion(Celula*, int, curandStateXORWOW*)",1024,1024,55,0,88670208,8192
2116,7690531082,7694181527,3650445,3.650445,"funcionTransicion(Celula*, int, curandStateXORWOW*)",1024,1024,55,0,88670208,8192
2117,7695027699,7698819167,3791468,3.791468,"funcionTransicion(Celula*, int, curandStateXORWOW*)",1024,1024,55,0,88670208,8192
2118,7699666683,7703340872,3674189,3.674189,"funcionTransicion(Celula*, int, curandStateXORWOW*)",1024,1024,55,0,88670208,8192
2119,7704187556,7707877905,3690349,3.690349,"funcionTransicion(Celula*, int, curandStateXORWOW*)",1024,1024,55,0,88670208,8192
2120,7708731532,7712583736,3852204,3.852204,"funcionTransicion(Celula*, int, curandStateXORWOW*)",1024,1024,55,0,88670208,8192
2121,7713421460,7717093953,3672493,3.672493,"funcionTransicion(Celula*, int, curandStateXORWOW*)",1024,1024,55,0,88670208,8192
2122,7717938493,7721816009,3877516,3.877516,"funcionTransicion(Celula*, int, curandStateXORWOW*)",1024,1024,55,0,88670208,8192
2123,7722658181,7726367666,3709485,3.709485,"funcionTransicion(Celula*, int, curandStateXORWOW*)",1024,1024,55,0,88670208,8192
2124,7727205005,7730860698,3655693,3.655693,"funcionTransicion(Celula*, int, curandStateXORWOW*)",1024,1024,55,0,88670208,8192
2125,7731711542,7735435459,3723917,3.723917,"funcionTransicion(Celula*, int, curandStateXORWOW*)",1024,1024,55,0,88670208,8192
2126,7736280479,7740151243,3870764,3.870764,"funcionTransicion(Celula*, int, curandStateXORWOW*)",1024,1024,55,0,88670208,8192
2127,7740992999,7744791251,3798252,3.798252,"funcionTransicion(Celula*, int, curandStateXORWOW*)",1024,1024,55,0,88670208,8192
2128,7745643119,7749351452,3708333,3.708333,"funcionTransicion(Celula*, int, curandStateXORWOW*)",1024,1024,55,0,88670208,8192
2129,7750199352,7753939524,3740172,3.740172,"funcionTransicion(Celula*, int, curandStateXORWOW*)",1024,1024,55,0,88670208,8192
2130,7754789376,7758311598,3522222,3.522222,"funcionTransicion(Celula*, int, curandStateXORWOW*)",1024,1024,55,0,88670208,8192
2131,7759155657,7762991222,3835565,3.835565,"funcionTransicion(Celula*, int, curandStateXORWOW*)",1024,1024,55,0,88670208,8192
2132,7763838545,7767536190,3697645,3.697645,"funcionTransicion(Celula*, int, curandStateXORWOW*)",1024,1024,55,0,88670208,8192
2133,7768383642,7772193190,3809548,3.809548,"funcionTransicion(Celula*, int, curandStateXORWOW*)",1024,1024,55,0,88670208,8192
2134,7773036610,7776866158,3829548,3.829548,"funcionTransicion(Celula*, int, curandStateXORWOW*)",1024,1024,55,0,88670208,8192
2135,7777706282,7781451159,3744877,3.744877,"funcionTransicion(Celula*, int, curandStateXORWOW*)",1024,1024,55,0,88670208,8192
2136,7782298514,7786097311,3798797,3.798797,"funcionTransicion(Celula*, int, curandStateXORWOW*)",1024,1024,55,0,88670208,8192
2137,7787012026,7790871174,3859148,3.859148,"funcionTransicion(Celula*, int, curandStateXORWOW*)",1024,1024,55,0,88670208,8192
2138,7791713890,7795498606,3784716,3.784716,"funcionTransicion(Celula*, int, curandStateXORWOW*)",1024,1024,55,0,88670208,8192
2139,7796340554,7800001527,3660973,3.660973,"funcionTransicion(Celula*, int, curandStateXORWOW*)",1024,1024,55,0,88670208,8192
2140,7800850163,7804637920,3787757,3.787757,"funcionTransicion(Celula*, int, curandStateXORWOW*)",1024,1024,55,0,88670208,8192
2141,7805481083,7809164616,3683533,3.683533,"funcionTransicion(Celula*, int, curandStateXORWOW*)",1024,1024,55,0,88670208,8192
2142,7810015652,7813740625,3724973,3.724973,"funcionTransicion(Celula*, int, curandStateXORWOW*)",1024,1024,55,0,88670208,8192
2143,7814585389,7818378489,3793100,3.7931,"funcionTransicion(Celula*, int, curandStateXORWOW*)",1024,1024,55,0,88670208,8192
2144,7819222805,7823043809,3821004,3.821004,"funcionTransicion(Celula*, int, curandStateXORWOW*)",1024,1024,55,0,88670208,8192
2145,7823889533,7827643977,3754444,3.754444,"funcionTransicion(Celula*, int, curandStateXORWOW*)",1024,1024,55,0,88670208,8192
2146,7828486853,7832286386,3799533,3.799533,"funcionTransicion(Celula*, int, curandStateXORWOW*)",1024,1024,55,0,88670208,8192
2147,7833120142,7836968122,3847980,3.84798,"funcionTransicion(Celula*, int, curandStateXORWOW*)",1024,1024,55,0,88670208,8192
2148,7837810901,7841703809,3892908,3.892908,"funcionTransicion(Celula*, int, curandStateXORWOW*)",1024,1024,55,0,88670208,8192
2149,7842550653,7846586120,4035467,4.035467,"funcionTransicion(Celula*, int, curandStateXORWOW*)",1024,1024,55,0,88670208,8192
2150,7847433444,7851415088,3981644,3.981644,"funcionTransicion(Celula*, int, curandStateXORWOW*)",1024,1024,55,0,88670208,8192
2151,7852259211,7856170327,3911116,3.911116,"funcionTransicion(Celula*, int, curandStateXORWOW*)",1024,1024,55,0,88670208,8192
2152,7857014547,7860900575,3886028,3.886028,"funcionTransicion(Celula*, int, curandStateXORWOW*)",1024,1024,55,0,88670208,8192
2153,7861746491,7865676550,3930059,3.930059,"funcionTransicion(Celula*, int, curandStateXORWOW*)",1024,1024,55,0,88670208,8192
2154,7866517858,7870430638,3912780,3.91278,"funcionTransicion(Celula*, int, curandStateXORWOW*)",1024,1024,55,0,88670208,8192
2155,7871269001,7875172118,3903117,3.903117,"funcionTransicion(Celula*, int, curandStateXORWOW*)",1024,1024,55,0,88670208,8192
2156,7876017681,7879974717,3957036,3.957036,"funcionTransicion(Celula*, int, curandStateXORWOW*)",1024,1024,55,0,88670208,8192
2157,7880820569,7884780356,3959787,3.959787,"funcionTransicion(Celula*, int, curandStateXORWOW*)",1024,1024,55,0,88670208,8192
2158,7885626176,7889613963,3987787,3.987787,"funcionTransicion(Celula*, int, curandStateXORWOW*)",1024,1024,55,0,88670208,8192
2159,7890458151,7894308019,3849868,3.849868,"funcionTransicion(Celula*, int, curandStateXORWOW*)",1024,1024,55,0,88670208,8192
2160,7895152399,7898980923,3828524,3.828524,"funcionTransicion(Celula*, int, curandStateXORWOW*)",1024,1024,55,0,88670208,8192
2161,7993518294,7997305250,3786956,3.786956,"funcionTransicion(Celula*, int, curandStateXORWOW*)",1024,1024,55,0,88670208,8192
2162,7998150238,8001923627,3773389,3.773389,"funcionTransicion(Celula*, int, curandStateXORWOW*)",1024,1024,55,0,88670208,8192
2163,8002770150,8006698418,3928268,3.928268,"funcionTransicion(Celula*, int, curandStateXORWOW*)",1024,1024,55,0,88670208,8192
2164,8007548174,8011247035,3698861,3.698861,"funcionTransicion(Celula*, int, curandStateXORWOW*)",1024,1024,55,0,88670208,8192
2165,8012102070,8015950083,3848013,3.848013,"funcionTransicion(Celula*, int, curandStateXORWOW*)",1024,1024,55,0,88670208,8192
2166,8016794782,8020495755,3700973,3.700973,"funcionTransicion(Celula*, int, curandStateXORWOW*)",1024,1024,55,0,88670208,8192
2167,8021338215,8025059316,3721101,3.721101,"funcionTransicion(Celula*, int, curandStateXORWOW*)",1024,1024,55,0,88670208,8192
2168,8025908399,8029819835,3911436,3.911436,"funcionTransicion(Celula*, int, curandStateXORWOW*)",1024,1024,55,0,88670208,8192
2169,8030660151,8034473732,3813581,3.813581,"funcionTransicion(Celula*, int, curandStateXORWOW*)",1024,1024,55,0,88670208,8192
2170,8035315359,8039103468,3788109,3.788109,"funcionTransicion(Celula*, int, curandStateXORWOW*)",1024,1024,55,0,88670208,8192
2171,8039947911,8043939475,3991564,3.991564,"funcionTransicion(Celula*, int, curandStateXORWOW*)",1024,1024,55,0,88670208,8192
2172,8044781742,8048581339,3799597,3.799597,"funcionTransicion(Celula*, int, curandStateXORWOW*)",1024,1024,55,0,88670208,8192
2173,8049431255,8053267107,3835852,3.835852,"funcionTransicion(Celula*, int, curandStateXORWOW*)",1024,1024,55,0,88670208,8192
2174,8054114110,8058140874,4026764,4.026764,"funcionTransicion(Celula*, int, curandStateXORWOW*)",1024,1024,55,0,88670208,8192
2175,8058983622,8062942673,3959051,3.959051,"funcionTransicion(Celula*, int, curandStateXORWOW*)",1024,1024,55,0,88670208,8192
2176,8063789453,8067661881,3872428,3.872428,"funcionTransicion(Celula*, int, curandStateXORWOW*)",1024,1024,55,0,88670208,8192
2177,8068510452,8072549568,4039116,4.039116,"funcionTransicion(Celula*, int, curandStateXORWOW*)",1024,1024,55,0,88670208,8192
2178,8073396220,8077306343,3910123,3.910123,"funcionTransicion(Celula*, int, curandStateXORWOW*)",1024,1024,55,0,88670208,8192
2179,8078145603,8082023279,3877676,3.877676,"funcionTransicion(Celula*, int, curandStateXORWOW*)",1024,1024,55,0,88670208,8192
2180,8082868139,8086931126,4062987,4.062987,"funcionTransicion(Celula*, int, curandStateXORWOW*)",1024,1024,55,0,88670208,8192
2181,8087778898,8091805693,4026795,4.026795,"funcionTransicion(Celula*, int, curandStateXORWOW*)",1024,1024,55,0,88670208,8192
2182,8092651736,8096629668,3977932,3.977932,"funcionTransicion(Celula*, int, curandStateXORWOW*)",1024,1024,55,0,88670208,8192
2183,8097471776,8101516907,4045131,4.045131,"funcionTransicion(Celula*, int, curandStateXORWOW*)",1024,1024,55,0,88670208,8192
2184,8102365287,8106413234,4047947,4.047947,"funcionTransicion(Celula*, int, curandStateXORWOW*)",1024,1024,55,0,88670208,8192
2185,8107287149,8111330745,4043596,4.043596,"funcionTransicion(Celula*, int, curandStateXORWOW*)",1024,1024,55,0,88670208,8192
2186,8112179476,8116253951,4074475,4.074475,"funcionTransicion(Celula*, int, curandStateXORWOW*)",1024,1024,55,0,88670208,8192
2187,8117103387,8121205606,4102219,4.102219,"funcionTransicion(Celula*, int, curandStateXORWOW*)",1024,1024,55,0,88670208,8192
2188,8122054818,8126072301,4017483,4.017483,"funcionTransicion(Celula*, int, curandStateXORWOW*)",1024,1024,55,0,88670208,8192
2189,8126918249,8131032787,4114538,4.114538,"funcionTransicion(Celula*, int, curandStateXORWOW*)",1024,1024,55,0,88670208,8192
2190,8131880239,8136073305,4193066,4.193066,"funcionTransicion(Celula*, int, curandStateXORWOW*)",1024,1024,55,0,88670208,8192
2191,8136909333,8141119552,4210219,4.210219,"funcionTransicion(Celula*, int, curandStateXORWOW*)",1024,1024,55,0,88670208,8192
2192,8141970331,8146024966,4054635,4.054635,"funcionTransicion(Celula*, int, curandStateXORWOW*)",1024,1024,55,0,88670208,8192
2193,8146873794,8151037357,4163563,4.163563,"funcionTransicion(Celula*, int, curandStateXORWOW*)",1024,1024,55,0,88670208,8192
2194,8151882920,8155997939,4115019,4.115019,"funcionTransicion(Celula*, int, curandStateXORWOW*)",1024,1024,55,0,88670208,8192
2195,8156840591,8161026970,4186379,4.186379,"funcionTransicion(Celula*, int, curandStateXORWOW*)",1024,1024,55,0,88670208,8192
2196,8161870229,8165980960,4110731,4.110731,"funcionTransicion(Celula*, int, curandStateXORWOW*)",1024,1024,55,0,88670208,8192
2197,8166825916,8171028518,4202602,4.202602,"funcionTransicion(Celula*, int, curandStateXORWOW*)",1024,1024,55,0,88670208,8192
2198,8171873698,8176075596,4201898,4.201898,"funcionTransicion(Celula*, int, curandStateXORWOW*)",1024,1024,55,0,88670208,8192
2199,8176919528,8181150834,4231306,4.231306,"funcionTransicion(Celula*, int, curandStateXORWOW*)",1024,1024,55,0,88670208,8192
2200,8181998094,8186179864,4181770,4.18177,"funcionTransicion(Celula*, int, curandStateXORWOW*)",1024,1024,55,0,88670208,8192
2201,8187025620,8191237534,4211914,4.211914,"funcionTransicion(Celula*, int, curandStateXORWOW*)",1024,1024,55,0,88670208,8192
2202,8192088826,8196345284,4256458,4.256458,"funcionTransicion(Celula*, int, curandStateXORWOW*)",1024,1024,55,0,88670208,8192
2203,8197193984,8201513194,4319210,4.31921,"funcionTransicion(Celula*, int, curandStateXORWOW*)",1024,1024,55,0,88670208,8192
2204,8202359077,8206649391,4290314,4.290314,"funcionTransicion(Celula*, int, curandStateXORWOW*)",1024,1024,55,0,88670208,8192
2205,8207498155,8211596246,4098091,4.098091,"funcionTransicion(Celula*, int, curandStateXORWOW*)",1024,1024,55,0,88670208,8192
2206,8212445233,8216702172,4256939,4.256939,"funcionTransicion(Celula*, int, curandStateXORWOW*)",1024,1024,55,0,88670208,8192
2207,8217553655,8221848129,4294474,4.294474,"funcionTransicion(Celula*, int, curandStateXORWOW*)",1024,1024,55,0,88670208,8192
2208,8222694301,8227107590,4413289,4.413289,"funcionTransicion(Celula*, int, curandStateXORWOW*)",1024,1024,55,0,88670208,8192
2209,8227973474,8232266924,4293450,4.29345,"funcionTransicion(Celula*, int, curandStateXORWOW*)",1024,1024,55,0,88670208,8192
2210,8233120647,8237503505,4382858,4.382858,"funcionTransicion(Celula*, int, curandStateXORWOW*)",1024,1024,55,0,88670208,8192
2211,8238349036,8242717558,4368522,4.368522,"funcionTransicion(Celula*, int, curandStateXORWOW*)",1024,1024,55,0,88670208,8192
2212,8243561042,8247811068,4250026,4.250026,"funcionTransicion(Celula*, int, curandStateXORWOW*)",1024,1024,55,0,88670208,8192
2213,8248663543,8252976833,4313290,4.31329,"funcionTransicion(Celula*, int, curandStateXORWOW*)",1024,1024,55,0,88670208,8192
2214,8253823165,8258099303,4276138,4.276138,"funcionTransicion(Celula*, int, curandStateXORWOW*)",1024,1024,55,0,88670208,8192
2215,8258954371,8263332108,4377737,4.377737,"funcionTransicion(Celula*, int, curandStateXORWOW*)",1024,1024,55,0,88670208,8192
2216,8264183464,8268625937,4442473,4.442473,"funcionTransicion(Celula*, int, curandStateXORWOW*)",1024,1024,55,0,88670208,8192
2217,8269476909,8273928310,4451401,4.451401,"funcionTransicion(Celula*, int, curandStateXORWOW*)",1024,1024,55,0,88670208,8192
2218,8274781425,8279097467,4316042,4.316042,"funcionTransicion(Celula*, int, curandStateXORWOW*)",1024,1024,55,0,88670208,8192
2219,8279949431,8284243457,4294026,4.294026,"funcionTransicion(Celula*, int, curandStateXORWOW*)",1024,1024,55,0,88670208,8192
2220,8285089692,8289390150,4300458,4.300458,"funcionTransicion(Celula*, int, curandStateXORWOW*)",1024,1024,55,0,88670208,8192
2221,8290233730,8294465132,4231402,4.231402,"funcionTransicion(Celula*, int, curandStateXORWOW*)",1024,1024,55,0,88670208,8192
2222,8295312424,8299519378,4206954,4.206954,"funcionTransicion(Celula*, int, curandStateXORWOW*)",1024,1024,55,0,88670208,8192
2223,8300366894,8304745367,4378473,4.378473,"funcionTransicion(Celula*, int, curandStateXORWOW*)",1024,1024,55,0,88670208,8192
2224,8305591603,8309879485,4287882,4.287882,"funcionTransicion(Celula*, int, curandStateXORWOW*)",1024,1024,55,0,88670208,8192
2225,8310723289,8315093154,4369865,4.369865,"funcionTransicion(Celula*, int, curandStateXORWOW*)",1024,1024,55,0,88670208,8192
2226,8315936222,8320186824,4250602,4.250602,"funcionTransicion(Celula*, int, curandStateXORWOW*)",1024,1024,55,0,88670208,8192
2227,8321030436,8325538829,4508393,4.508393,"funcionTransicion(Celula*, int, curandStateXORWOW*)",1024,1024,55,0,88670208,8192
2228,8326384520,8330731666,4347146,4.347146,"funcionTransicion(Celula*, int, curandStateXORWOW*)",1024,1024,55,0,88670208,8192
2229,8331579150,8336062263,4483113,4.483113,"funcionTransicion(Celula*, int, curandStateXORWOW*)",1024,1024,55,0,88670208,8192
2230,8336908082,8341098877,4190795,4.190795,"funcionTransicion(Celula*, int, curandStateXORWOW*)",1024,1024,55,0,88670208,8192
2231,8341942904,8346268290,4325386,4.325386,"funcionTransicion(Celula*, int, curandStateXORWOW*)",1024,1024,55,0,88670208,8192
2232,8347115550,8351422088,4306538,4.306538,"funcionTransicion(Celula*, int, curandStateXORWOW*)",1024,1024,55,0,88670208,8192
2233,8352333955,8356571245,4237290,4.23729,"funcionTransicion(Celula*, int, curandStateXORWOW*)",1024,1024,55,0,88670208,8192
2234,8357420553,8361769938,4349385,4.349385,"funcionTransicion(Celula*, int, curandStateXORWOW*)",1024,1024,55,0,88670208,8192
2235,8362625614,8367125975,4500361,4.500361,"funcionTransicion(Celula*, int, curandStateXORWOW*)",1024,1024,55,0,88670208,8192
2236,8367976915,8372211773,4234858,4.234858,"funcionTransicion(Celula*, int, curandStateXORWOW*)",1024,1024,55,0,88670208,8192
2237,8373062968,8377428866,4365898,4.365898,"funcionTransicion(Celula*, int, curandStateXORWOW*)",1024,1024,55,0,88670208,8192
2238,8378282942,8382805127,4522185,4.522185,"funcionTransicion(Celula*, int, curandStateXORWOW*)",1024,1024,55,0,88670208,8192
2239,8383652802,8387856332,4203530,4.20353,"funcionTransicion(Celula*, int, curandStateXORWOW*)",1024,1024,55,0,88670208,8192
2240,8388714600,8393157137,4442537,4.442537,"funcionTransicion(Celula*, int, curandStateXORWOW*)",1024,1024,55,0,88670208,8192
2241,8394009101,8398239383,4230282,4.230282,"funcionTransicion(Celula*, int, curandStateXORWOW*)",1024,1024,55,0,88670208,8192
2242,8399094451,8403723995,4629544,4.629544,"funcionTransicion(Celula*, int, curandStateXORWOW*)",1024,1024,55,0,88670208,8192
2243,8404581399,8408885856,4304457,4.304457,"funcionTransicion(Celula*, int, curandStateXORWOW*)",1024,1024,55,0,88670208,8192
2244,8409731452,8414187717,4456265,4.456265,"funcionTransicion(Celula*, int, curandStateXORWOW*)",1024,1024,55,0,88670208,8192
2245,8415037505,8419349259,4311754,4.311754,"funcionTransicion(Celula*, int, curandStateXORWOW*)",1024,1024,55,0,88670208,8192
2246,8420190182,8424606864,4416682,4.416682,"funcionTransicion(Celula*, int, curandStateXORWOW*)",1024,1024,55,0,88670208,8192
2247,8425458956,8429603862,4144906,4.144906,"funcionTransicion(Celula*, int, curandStateXORWOW*)",1024,1024,55,0,88670208,8192
2248,8430454034,8434766460,4312426,4.312426,"funcionTransicion(Celula*, int, curandStateXORWOW*)",1024,1024,55,0,88670208,8192
2249,8435609175,8439958401,4349226,4.349226,"funcionTransicion(Celula*, int, curandStateXORWOW*)",1024,1024,55,0,88670208,8192
2250,8440810813,8445137479,4326666,4.326666,"funcionTransicion(Celula*, int, curandStateXORWOW*)",1024,1024,55,0,88670208,8192
2251,8445982946,8450242668,4259722,4.259722,"funcionTransicion(Celula*, int, curandStateXORWOW*)",1024,1024,55,0,88670208,8192
2252,8451091880,8455466193,4374313,4.374313,"funcionTransicion(Celula*, int, curandStateXORWOW*)",1024,1024,55,0,88670208,8192
2253,8456311629,8460706838,4395209,4.395209,"funcionTransicion(Celula*, int, curandStateXORWOW*)",1024,1024,55,0,88670208,8192
2254,8461557426,8466034363,4476937,4.476937,"funcionTransicion(Celula*, int, curandStateXORWOW*)",1024,1024,55,0,88670208,8192
2255,8466888439,8471185952,4297513,4.297513,"funcionTransicion(Celula*, int, curandStateXORWOW*)",1024,1024,55,0,88670208,8192
2256,8472031420,8476280966,4249546,4.249546,"funcionTransicion(Celula*, int, curandStateXORWOW*)",1024,1024,55,0,88670208,8192
2257,8477156258,8481370829,4214571,4.214571,"funcionTransicion(Celula*, int, curandStateXORWOW*)",1024,1024,55,0,88670208,8192
2258,8482225864,8486350259,4124395,4.124395,"funcionTransicion(Celula*, int, curandStateXORWOW*)",1024,1024,55,0,88670208,8192
2259,8487204462,8491469977,4265515,4.265515,"funcionTransicion(Celula*, int, curandStateXORWOW*)",1024,1024,55,0,88670208,8192
2260,8492325844,8496512671,4186827,4.186827,"funcionTransicion(Celula*, int, curandStateXORWOW*)",1024,1024,55,0,88670208,8192
2261,8497356634,8501570116,4213482,4.213482,"funcionTransicion(Celula*, int, curandStateXORWOW*)",1024,1024,55,0,88670208,8192
2262,8502422432,8506726410,4303978,4.303978,"funcionTransicion(Celula*, int, curandStateXORWOW*)",1024,1024,55,0,88670208,8192
2263,8507579750,8511888623,4308873,4.308873,"funcionTransicion(Celula*, int, curandStateXORWOW*)",1024,1024,55,0,88670208,8192
2264,8512737419,8516867574,4130155,4.130155,"funcionTransicion(Celula*, int, curandStateXORWOW*)",1024,1024,55,0,88670208,8192
2265,8517722514,8522028764,4306250,4.30625,"funcionTransicion(Celula*, int, curandStateXORWOW*)",1024,1024,55,0,88670208,8192
2266,8522881783,8527186785,4305002,4.305002,"funcionTransicion(Celula*, int, curandStateXORWOW*)",1024,1024,55,0,88670208,8192
2267,8528040317,8532333543,4293226,4.293226,"funcionTransicion(Celula*, int, curandStateXORWOW*)",1024,1024,55,0,88670208,8192
2268,8533185762,8537401581,4215819,4.215819,"funcionTransicion(Celula*, int, curandStateXORWOW*)",1024,1024,55,0,88670208,8192
2269,8538240584,8542393875,4153291,4.153291,"funcionTransicion(Celula*, int, curandStateXORWOW*)",1024,1024,55,0,88670208,8192
2270,8543249710,8547511929,4262219,4.262219,"funcionTransicion(Celula*, int, curandStateXORWOW*)",1024,1024,55,0,88670208,8192
2271,8548367508,8552803134,4435626,4.435626,"funcionTransicion(Celula*, int, curandStateXORWOW*)",1024,1024,55,0,88670208,8192
2272,8553644409,8558048739,4404330,4.40433,"funcionTransicion(Celula*, int, curandStateXORWOW*)",1024,1024,55,0,88670208,8192
2273,8558902814,8563160904,4258090,4.25809,"funcionTransicion(Celula*, int, curandStateXORWOW*)",1024,1024,55,0,88670208,8192
2274,8564010244,8568311406,4301162,4.301162,"funcionTransicion(Celula*, int, curandStateXORWOW*)",1024,1024,55,0,88670208,8192
2275,8569162697,8573695506,4532809,4.532809,"funcionTransicion(Celula*, int, curandStateXORWOW*)",1024,1024,55,0,88670208,8192
2276,8574542574,8578961239,4418665,4.418665,"funcionTransicion(Celula*, int, curandStateXORWOW*)",1024,1024,55,0,88670208,8192
2277,8579802867,8584169564,4366697,4.366697,"funcionTransicion(Celula*, int, curandStateXORWOW*)",1024,1024,55,0,88670208,8192
2278,8585019288,8589282306,4263018,4.263018,"funcionTransicion(Celula*, int, curandStateXORWOW*)",1024,1024,55,0,88670208,8192
2279,8590134238,8594568199,4433961,4.433961,"funcionTransicion(Celula*, int, curandStateXORWOW*)",1024,1024,55,0,88670208,8192
2280,8595416610,8600057835,4641225,4.641225,"funcionTransicion(Celula*, int, curandStateXORWOW*)",1024,1024,55,0,88670208,8192
2281,8698720880,8703197913,4477033,4.477033,"funcionTransicion(Celula*, int, curandStateXORWOW*)",1024,1024,55,0,88670208,8192
2282,8704050773,8708470622,4419849,4.419849,"funcionTransicion(Celula*, int, curandStateXORWOW*)",1024,1024,55,0,88670208,8192
2283,8709316505,8713653315,4336810,4.33681,"funcionTransicion(Celula*, int, curandStateXORWOW*)",1024,1024,55,0,88670208,8192
2284,8714501919,8718814185,4312266,4.312266,"funcionTransicion(Celula*, int, curandStateXORWOW*)",1024,1024,55,0,88670208,8192
2285,8719667333,8723951438,4284105,4.284105,"funcionTransicion(Celula*, int, curandStateXORWOW*)",1024,1024,55,0,88670208,8192
2286,8724813098,8729261843,4448745,4.448745,"funcionTransicion(Celula*, int, curandStateXORWOW*)",1024,1024,55,0,88670208,8192
2287,8730112591,8734409913,4297322,4.297322,"funcionTransicion(Celula*, int, curandStateXORWOW*)",1024,1024,55,0,88670208,8192
2288,8735256885,8739773661,4516776,4.516776,"funcionTransicion(Celula*, int, curandStateXORWOW*)",1024,1024,55,0,88670208,8192
2289,8740615417,8744948291,4332874,4.332874,"funcionTransicion(Celula*, int, curandStateXORWOW*)",1024,1024,55,0,88670208,8192
2290,8745797822,8750242951,4445129,4.445129,"funcionTransicion(Celula*, int, curandStateXORWOW*)",1024,1024,55,0,88670208,8192
2291,8751092835,8755586284,4493449,4.493449,"funcionTransicion(Celula*, int, curandStateXORWOW*)",1024,1024,55,0,88670208,8192
2292,8756435816,8760815377,4379561,4.379561,"funcionTransicion(Celula*, int, curandStateXORWOW*)",1024,1024,55,0,88670208,8192
2293,8761665101,8766119862,4454761,4.454761,"funcionTransicion(Celula*, int, curandStateXORWOW*)",1024,1024,55,0,88670208,8192
2294,8766969905,8771477435,4507530,4.50753,"funcionTransicion(Celula*, int, curandStateXORWOW*)",1024,1024,55,0,88670208,8192
2295,8772332310,8776940574,4608264,4.608264,"funcionTransicion(Celula*, int, curandStateXORWOW*)",1024,1024,55,0,88670208,8192
2296,8777791898,8782408290,4616392,4.616392,"funcionTransicion(Celula*, int, curandStateXORWOW*)",1024,1024,55,0,88670208,8192
2297,8783257054,8787781863,4524809,4.524809,"funcionTransicion(Celula*, int, curandStateXORWOW*)",1024,1024,55,0,88670208,8192
2298,8788626018,8793189771,4563753,4.563753,"funcionTransicion(Celula*, int, curandStateXORWOW*)",1024,1024,55,0,88670208,8192
2299,8794036071,8798542319,4506248,4.506248,"funcionTransicion(Celula*, int, curandStateXORWOW*)",1024,1024,55,0,88670208,8192
2300,8799394603,8803889108,4494505,4.494505,"funcionTransicion(Celula*, int, curandStateXORWOW*)",1024,1024,55,0,88670208,8192
2301,8804741743,8809234873,4493130,4.49313,"funcionTransicion(Celula*, int, curandStateXORWOW*)",1024,1024,55,0,88670208,8192
2302,8810087828,8814622237,4534409,4.534409,"funcionTransicion(Celula*, int, curandStateXORWOW*)",1024,1024,55,0,88670208,8192
2303,8815465528,8820144769,4679241,4.679241,"funcionTransicion(Celula*, int, curandStateXORWOW*)",1024,1024,55,0,88670208,8192
2304,8820996828,8825575909,4579081,4.579081,"funcionTransicion(Celula*, int, curandStateXORWOW*)",1024,1024,55,0,88670208,8192
2305,8826459584,8831005481,4545897,4.545897,"funcionTransicion(Celula*, int, curandStateXORWOW*)",1024,1024,55,0,88670208,8192
2306,8831854500,8836702827,4848327,4.848327,"funcionTransicion(Celula*, int, curandStateXORWOW*)",1024,1024,55,0,88670208,8192
2307,8837560391,8842385454,4825063,4.825063,"funcionTransicion(Celula*, int, curandStateXORWOW*)",1024,1024,55,0,88670208,8192
2308,8843233290,8847834290,4601000,4.601,"funcionTransicion(Celula*, int, curandStateXORWOW*)",1024,1024,55,0,88670208,8192
2309,8848682414,8853456725,4774311,4.774311,"funcionTransicion(Celula*, int, curandStateXORWOW*)",1024,1024,55,0,88670208,8192
2310,8854314161,8858976761,4662600,4.6626,"funcionTransicion(Celula*, int, curandStateXORWOW*)",1024,1024,55,0,88670208,8192
2311,8859828341,8864559964,4731623,4.731623,"funcionTransicion(Celula*, int, curandStateXORWOW*)",1024,1024,55,0,88670208,8192
2312,8865402008,8870225503,4823495,4.823495,"funcionTransicion(Celula*, int, curandStateXORWOW*)",1024,1024,55,0,88670208,8192
2313,8871082523,8875751011,4668488,4.668488,"funcionTransicion(Celula*, int, curandStateXORWOW*)",1024,1024,55,0,88670208,8192
2314,8876606143,8881421862,4815719,4.815719,"funcionTransicion(Celula*, int, curandStateXORWOW*)",1024,1024,55,0,88670208,8192
2315,8882270113,8886993129,4723016,4.723016,"funcionTransicion(Celula*, int, curandStateXORWOW*)",1024,1024,55,0,88670208,8192
2316,8887854213,8892536300,4682087,4.682087,"funcionTransicion(Celula*, int, curandStateXORWOW*)",1024,1024,55,0,88670208,8192
2317,8893383496,8898038352,4654856,4.654856,"funcionTransicion(Celula*, int, curandStateXORWOW*)",1024,1024,55,0,88670208,8192
2318,8898893516,8903635764,4742248,4.742248,"funcionTransicion(Celula*, int, curandStateXORWOW*)",1024,1024,55,0,88670208,8192
2319,8904492431,8909201079,4708648,4.708648,"funcionTransicion(Celula*, int, curandStateXORWOW*)",1024,1024,55,0,88670208,8192
2320,8910050451,8914916762,4866311,4.866311,"funcionTransicion(Celula*, int, curandStateXORWOW*)",1024,1024,55,0,88670208,8192
2321,8915767478,8920710876,4943398,4.943398,"funcionTransicion(Celula*, int, curandStateXORWOW*)",1024,1024,55,0,88670208,8192
2322,8921569271,8926192288,4623017,4.623017,"funcionTransicion(Celula*, int, curandStateXORWOW*)",1024,1024,55,0,88670208,8192
2323,8927043836,8931658340,4614504,4.614504,"funcionTransicion(Celula*, int, curandStateXORWOW*)",1024,1024,55,0,88670208,8192
2324,8932520415,8937255271,4734856,4.734856,"funcionTransicion(Celula*, int, curandStateXORWOW*)",1024,1024,55,0,88670208,8192
2325,8938109507,8942779243,4669736,4.669736,"funcionTransicion(Celula*, int, curandStateXORWOW*)",1024,1024,55,0,88670208,8192
2326,8943626214,8948326542,4700328,4.700328,"funcionTransicion(Celula*, int, curandStateXORWOW*)",1024,1024,55,0,88670208,8192
2327,8949170378,8954001297,4830919,4.830919,"funcionTransicion(Celula*, int, curandStateXORWOW*)",1024,1024,55,0,88670208,8192
2328,8954854701,8959624820,4770119,4.770119,"funcionTransicion(Celula*, int, curandStateXORWOW*)",1024,1024,55,0,88670208,8192
2329,8960499952,8965075064,4575112,4.575112,"funcionTransicion(Celula*, int, curandStateXORWOW*)",1024,1024,55,0,88670208,8192
2330,8965925748,8970646236,4720488,4.720488,"funcionTransicion(Celula*, int, curandStateXORWOW*)",1024,1024,55,0,88670208,8192
2331,8971502295,8976335646,4833351,4.833351,"funcionTransicion(Celula*, int, curandStateXORWOW*)",1024,1024,55,0,88670208,8192
2332,8977183994,8981922818,4738824,4.738824,"funcionTransicion(Celula*, int, curandStateXORWOW*)",1024,1024,55,0,88670208,8192
2333,8982774621,8987421541,4646920,4.64692,"funcionTransicion(Celula*, int, curandStateXORWOW*)",1024,1024,55,0,88670208,8192
2334,8988276577,8992968073,4691496,4.691496,"funcionTransicion(Celula*, int, curandStateXORWOW*)",1024,1024,55,0,88670208,8192
2335,8993815365,8998606604,4791239,4.791239,"funcionTransicion(Celula*, int, curandStateXORWOW*)",1024,1024,55,0,88670208,8192
2336,8999459016,9004045520,4586504,4.586504,"funcionTransicion(Celula*, int, curandStateXORWOW*)",1024,1024,55,0,88670208,8192
2337,9004895660,9009714259,4818599,4.818599,"funcionTransicion(Celula*, int, curandStateXORWOW*)",1024,1024,55,0,88670208,8192
2338,9010569198,9015223703,4654505,4.654505,"funcionTransicion(Celula*, int, curandStateXORWOW*)",1024,1024,55,0,88670208,8192
2339,9016073938,9020704442,4630504,4.630504,"funcionTransicion(Celula*, int, curandStateXORWOW*)",1024,1024,55,0,88670208,8192
2340,9021557814,9026278654,4720840,4.72084,"funcionTransicion(Celula*, int, curandStateXORWOW*)",1024,1024,55,0,88670208,8192
2341,9027124890,9031554595,4429705,4.429705,"funcionTransicion(Celula*, int, curandStateXORWOW*)",1024,1024,55,0,88670208,8192
2342,9032410910,9036883367,4472457,4.472457,"funcionTransicion(Celula*, int, curandStateXORWOW*)",1024,1024,55,0,88670208,8192
2343,9037736419,9042256076,4519657,4.519657,"funcionTransicion(Celula*, int, curandStateXORWOW*)",1024,1024,55,0,88670208,8192
2344,9043107560,9047671984,4564424,4.564424,"funcionTransicion(Celula*, int, curandStateXORWOW*)",1024,1024,55,0,88670208,8192
2345,9048521483,9053092980,4571497,4.571497,"funcionTransicion(Celula*, int, curandStateXORWOW*)",1024,1024,55,0,88670208,8192
2346,9053948144,9058649368,4701224,4.701224,"funcionTransicion(Celula*, int, curandStateXORWOW*)",1024,1024,55,0,88670208,8192
2347,9059501139,9064396442,4895303,4.895303,"funcionTransicion(Celula*, int, curandStateXORWOW*)",1024,1024,55,0,88670208,8192
2348,9065250998,9069934686,4683688,4.683688,"funcionTransicion(Celula*, int, curandStateXORWOW*)",1024,1024,55,0,88670208,8192
2349,9070791833,9075489729,4697896,4.697896,"funcionTransicion(Celula*, int, curandStateXORWOW*)",1024,1024,55,0,88670208,8192
2350,9076344477,9081125316,4780839,4.780839,"funcionTransicion(Celula*, int, curandStateXORWOW*)",1024,1024,55,0,88670208,8192
2351,9081980352,9086811399,4831047,4.831047,"funcionTransicion(Celula*, int, curandStateXORWOW*)",1024,1024,55,0,88670208,8192
2352,9087667842,9092693993,5026151,5.026151,"funcionTransicion(Celula*, int, curandStateXORWOW*)",1024,1024,55,0,88670208,8192
2353,9093565732,9098525803,4960071,4.960071,"funcionTransicion(Celula*, int, curandStateXORWOW*)",1024,1024,55,0,88670208,8192
2354,9099374759,9104217198,4842439,4.842439,"funcionTransicion(Celula*, int, curandStateXORWOW*)",1024,1024,55,0,88670208,8192
2355,9105068745,9110204431,5135686,5.135686,"funcionTransicion(Celula*, int, curandStateXORWOW*)",1024,1024,55,0,88670208,8192
2356,9111056266,9116052369,4996103,4.996103,"funcionTransicion(Celula*, int, curandStateXORWOW*)",1024,1024,55,0,88670208,8192
2357,9116908300,9121798067,4889767,4.889767,"funcionTransicion(Celula*, int, curandStateXORWOW*)",1024,1024,55,0,88670208,8192
2358,9122651983,9127427511,4775528,4.775528,"funcionTransicion(Celula*, int, curandStateXORWOW*)",1024,1024,55,0,88670208,8192
2359,9128279090,9133144761,4865671,4.865671,"funcionTransicion(Celula*, int, curandStateXORWOW*)",1024,1024,55,0,88670208,8192
2360,9134000853,9138654845,4653992,4.653992,"funcionTransicion(Celula*, int, curandStateXORWOW*)",1024,1024,55,0,88670208,8192
2361,9139511032,9144300160,4789128,4.789128,"funcionTransicion(Celula*, int, curandStateXORWOW*)",1024,1024,55,0,88670208,8192
2362,9145156699,9149873187,4716488,4.716488,"funcionTransicion(Celula*, int, curandStateXORWOW*)",1024,1024,55,0,88670208,8192
2363,9150724862,9155452774,4727912,4.727912,"funcionTransicion(Celula*, int, curandStateXORWOW*)",1024,1024,55,0,88670208,8192
2364,9156307490,9161059945,4752455,4.752455,"funcionTransicion(Celula*, int, curandStateXORWOW*)",1024,1024,55,0,88670208,8192
2365,9161910597,9166522157,4611560,4.61156,"funcionTransicion(Celula*, int, curandStateXORWOW*)",1024,1024,55,0,88670208,8192
2366,9167372361,9172005426,4633065,4.633065,"funcionTransicion(Celula*, int, curandStateXORWOW*)",1024,1024,55,0,88670208,8192
2367,9172851437,9177653300,4801863,4.801863,"funcionTransicion(Celula*, int, curandStateXORWOW*)",1024,1024,55,0,88670208,8192
2368,9178505232,9183170456,4665224,4.665224,"funcionTransicion(Celula*, int, curandStateXORWOW*)",1024,1024,55,0,88670208,8192
2369,9184029843,9188672316,4642473,4.642473,"funcionTransicion(Celula*, int, curandStateXORWOW*)",1024,1024,55,0,88670208,8192
2370,9189523608,9194277503,4753895,4.753895,"funcionTransicion(Celula*, int, curandStateXORWOW*)",1024,1024,55,0,88670208,8192
2371,9195130587,9199985250,4854663,4.854663,"funcionTransicion(Celula*, int, curandStateXORWOW*)",1024,1024,55,0,88670208,8192
2372,9200833246,9205509029,4675783,4.675783,"funcionTransicion(Celula*, int, curandStateXORWOW*)",1024,1024,55,0,88670208,8192
2373,9206365729,9211190120,4824391,4.824391,"funcionTransicion(Celula*, int, curandStateXORWOW*)",1024,1024,55,0,88670208,8192
2374,9212042276,9216669548,4627272,4.627272,"funcionTransicion(Celula*, int, curandStateXORWOW*)",1024,1024,55,0,88670208,8192
2375,9217526056,9222231343,4705287,4.705287,"funcionTransicion(Celula*, int, curandStateXORWOW*)",1024,1024,55,0,88670208,8192
2376,9223082539,9227843859,4761320,4.76132,"funcionTransicion(Celula*, int, curandStateXORWOW*)",1024,1024,55,0,88670208,8192
2377,9228714478,9233585653,4871175,4.871175,"funcionTransicion(Celula*, int, curandStateXORWOW*)",1024,1024,55,0,88670208,8192
2378,9234443665,9239406871,4963206,4.963206,"funcionTransicion(Celula*, int, curandStateXORWOW*)",1024,1024,55,0,88670208,8192
2379,9240265203,9245160058,4894855,4.894855,"funcionTransicion(Celula*, int, curandStateXORWOW*)",1024,1024,55,0,88670208,8192
2380,9246015349,9250844348,4828999,4.828999,"funcionTransicion(Celula*, int, curandStateXORWOW*)",1024,1024,55,0,88670208,8192
2381,9251700216,9256638047,4937831,4.937831,"funcionTransicion(Celula*, int, curandStateXORWOW*)",1024,1024,55,0,88670208,8192
2382,9257489050,9262204290,4715240,4.71524,"funcionTransicion(Celula*, int, curandStateXORWOW*)",1024,1024,55,0,88670208,8192
2383,9263056542,9267866309,4809767,4.809767,"funcionTransicion(Celula*, int, curandStateXORWOW*)",1024,1024,55,0,88670208,8192
2384,9268714401,9273537096,4822695,4.822695,"funcionTransicion(Celula*, int, curandStateXORWOW*)",1024,1024,55,0,88670208,8192
2385,9274395843,9279137291,4741448,4.741448,"funcionTransicion(Celula*, int, curandStateXORWOW*)",1024,1024,55,0,88670208,8192
2386,9279991079,9284794382,4803303,4.803303,"funcionTransicion(Celula*, int, curandStateXORWOW*)",1024,1024,55,0,88670208,8192
2387,9285654794,9290339762,4684968,4.684968,"funcionTransicion(Celula*, int, curandStateXORWOW*)",1024,1024,55,0,88670208,8192
2388,9291193165,9296060916,4867751,4.867751,"funcionTransicion(Celula*, int, curandStateXORWOW*)",1024,1024,55,0,88670208,8192
2389,9296902128,9301653848,4751720,4.75172,"funcionTransicion(Celula*, int, curandStateXORWOW*)",1024,1024,55,0,88670208,8192
2390,9302512403,9307525689,5013286,5.013286,"funcionTransicion(Celula*, int, curandStateXORWOW*)",1024,1024,55,0,88670208,8192
2391,9308387765,9313411867,5024102,5.024102,"funcionTransicion(Celula*, int, curandStateXORWOW*)",1024,1024,55,0,88670208,8192
2392,9314269207,9319302461,5033254,5.033254,"funcionTransicion(Celula*, int, curandStateXORWOW*)",1024,1024,55,0,88670208,8192
2393,9320152665,9324964288,4811623,4.811623,"funcionTransicion(Celula*, int, curandStateXORWOW*)",1024,1024,55,0,88670208,8192
2394,9325815452,9330858562,5043110,5.04311,"funcionTransicion(Celula*, int, curandStateXORWOW*)",1024,1024,55,0,88670208,8192
2395,9331702621,9336672100,4969479,4.969479,"funcionTransicion(Celula*, int, curandStateXORWOW*)",1024,1024,55,0,88670208,8192
2396,9337526431,9342350471,4824040,4.82404,"funcionTransicion(Celula*, int, curandStateXORWOW*)",1024,1024,55,0,88670208,8192
2397,9343205186,9348036777,4831591,4.831591,"funcionTransicion(Celula*, int, curandStateXORWOW*)",1024,1024,55,0,88670208,8192
2398,9348891941,9353663916,4771975,4.771975,"funcionTransicion(Celula*, int, curandStateXORWOW*)",1024,1024,55,0,88670208,8192
2399,9354508968,9359266576,4757608,4.757608,"funcionTransicion(Celula*, int, curandStateXORWOW*)",1024,1024,55,0,88670208,8192
2400,9360124363,9365033106,4908743,4.908743,"funcionTransicion(Celula*, int, curandStateXORWOW*)",1024,1024,55,0,88670208,8192
2401,9466514953,9471309488,4794535,4.794535,"funcionTransicion(Celula*, int, curandStateXORWOW*)",1024,1024,55,0,88670208,8192
2402,9472164012,9476870772,4706760,4.70676,"funcionTransicion(Celula*, int, curandStateXORWOW*)",1024,1024,55,0,88670208,8192
2403,9477721519,9482499863,4778344,4.778344,"funcionTransicion(Celula*, int, curandStateXORWOW*)",1024,1024,55,0,88670208,8192
2404,9483359602,9488193914,4834312,4.834312,"funcionTransicion(Celula*, int, curandStateXORWOW*)",1024,1024,55,0,88670208,8192
2405,9489042581,9493965308,4922727,4.922727,"funcionTransicion(Celula*, int, curandStateXORWOW*)",1024,1024,55,0,88670208,8192
2406,9494818232,9499574815,4756583,4.756583,"funcionTransicion(Celula*, int, curandStateXORWOW*)",1024,1024,55,0,88670208,8192
2407,9500426203,9505279202,4852999,4.852999,"funcionTransicion(Celula*, int, curandStateXORWOW*)",1024,1024,55,0,88670208,8192
2408,9506127454,9511071556,4944102,4.944102,"funcionTransicion(Celula*, int, curandStateXORWOW*)",1024,1024,55,0,88670208,8192
2409,9511930816,9516924454,4993638,4.993638,"funcionTransicion(Celula*, int, curandStateXORWOW*)",1024,1024,55,0,88670208,8192
2410,9517779074,9522761960,4982886,4.982886,"funcionTransicion(Celula*, int, curandStateXORWOW*)",1024,1024,55,0,88670208,8192
2411,9523618052,9528587370,4969318,4.969318,"funcionTransicion(Celula*, int, curandStateXORWOW*)",1024,1024,55,0,88670208,8192
2412,9529440966,9534334861,4893895,4.893895,"funcionTransicion(Celula*, int, curandStateXORWOW*)",1024,1024,55,0,88670208,8192
2413,9535195944,9540265582,5069638,5.069638,"funcionTransicion(Celula*, int, curandStateXORWOW*)",1024,1024,55,0,88670208,8192
2414,9541124842,9546136656,5011814,5.011814,"funcionTransicion(Celula*, int, curandStateXORWOW*)",1024,1024,55,0,88670208,8192
2415,9546991532,9551949554,4958022,4.958022,"funcionTransicion(Celula*, int, curandStateXORWOW*)",1024,1024,55,0,88670208,8192
2416,9552807758,9557945619,5137861,5.137861,"funcionTransicion(Celula*, int, curandStateXORWOW*)",1024,1024,55,0,88670208,8192
2417,9558804751,9563774901,4970150,4.97015,"funcionTransicion(Celula*, int, curandStateXORWOW*)",1024,1024,55,0,88670208,8192
2418,9564626193,9569772631,5146438,5.146438,"funcionTransicion(Celula*, int, curandStateXORWOW*)",1024,1024,55,0,88670208,8192
2419,9570631090,9575550649,4919559,4.919559,"funcionTransicion(Celula*, int, curandStateXORWOW*)",1024,1024,55,0,88670208,8192
2420,9576406740,9581465978,5059238,5.059238,"funcionTransicion(Celula*, int, curandStateXORWOW*)",1024,1024,55,0,88670208,8192
2421,9582317686,9587306461,4988775,4.988775,"funcionTransicion(Celula*, int, curandStateXORWOW*)",1024,1024,55,0,88670208,8192
2422,9588163000,9593060863,4897863,4.897863,"funcionTransicion(Celula*, int, curandStateXORWOW*)",1024,1024,55,0,88670208,8192
2423,9593913562,9598891425,4977863,4.977863,"funcionTransicion(Celula*, int, curandStateXORWOW*)",1024,1024,55,0,88670208,8192
2424,9599748445,9604687459,4939014,4.939014,"funcionTransicion(Celula*, int, curandStateXORWOW*)",1024,1024,55,0,88670208,8192
2425,9605581151,9610587525,5006374,5.006374,"funcionTransicion(Celula*, int, curandStateXORWOW*)",1024,1024,55,0,88670208,8192
2426,9611442080,9616367367,4925287,4.925287,"funcionTransicion(Celula*, int, curandStateXORWOW*)",1024,1024,55,0,88670208,8192
2427,9617220803,9622253065,5032262,5.032262,"funcionTransicion(Celula*, int, curandStateXORWOW*)",1024,1024,55,0,88670208,8192
2428,9623114404,9628135723,5021319,5.021319,"funcionTransicion(Celula*, int, curandStateXORWOW*)",1024,1024,55,0,88670208,8192
2429,9628988422,9633953197,4964775,4.964775,"funcionTransicion(Celula*, int, curandStateXORWOW*)",1024,1024,55,0,88670208,8192
2430,9634810824,9639877678,5066854,5.066854,"funcionTransicion(Celula*, int, curandStateXORWOW*)",1024,1024,55,0,88670208,8192
2431,9640739594,9645858832,5119238,5.119238,"funcionTransicion(Celula*, int, curandStateXORWOW*)",1024,1024,55,0,88670208,8192
2432,9646716204,9651774929,5058725,5.058725,"funcionTransicion(Celula*, int, curandStateXORWOW*)",1024,1024,55,0,88670208,8192
2433,9652626861,9657580084,4953223,4.953223,"funcionTransicion(Celula*, int, curandStateXORWOW*)",1024,1024,55,0,88670208,8192
2434,9658441359,9663504565,5063206,5.063206,"funcionTransicion(Celula*, int, curandStateXORWOW*)",1024,1024,55,0,88670208,8192
2435,9664364337,9669425655,5061318,5.061318,"funcionTransicion(Celula*, int, curandStateXORWOW*)",1024,1024,55,0,88670208,8192
2436,9670272530,9675348536,5076006,5.076006,"funcionTransicion(Celula*, int, curandStateXORWOW*)",1024,1024,55,0,88670208,8192
2437,9676205332,9681162555,4957223,4.957223,"funcionTransicion(Celula*, int, curandStateXORWOW*)",1024,1024,55,0,88670208,8192
2438,9682014934,9687244827,5229893,5.229893,"funcionTransicion(Celula*, int, curandStateXORWOW*)",1024,1024,55,0,88670208,8192
2439,9688102871,9693203709,5100838,5.100838,"funcionTransicion(Celula*, int, curandStateXORWOW*)",1024,1024,55,0,88670208,8192
2440,9694065336,9699236830,5171494,5.171494,"funcionTransicion(Celula*, int, curandStateXORWOW*)",1024,1024,55,0,88670208,8192
2441,9700094393,9705186975,5092582,5.092582,"funcionTransicion(Celula*, int, curandStateXORWOW*)",1024,1024,55,0,88670208,8192
2442,9706044155,9711269728,5225573,5.225573,"funcionTransicion(Celula*, int, curandStateXORWOW*)",1024,1024,55,0,88670208,8192
2443,9712126587,9717297345,5170758,5.170758,"funcionTransicion(Celula*, int, curandStateXORWOW*)",1024,1024,55,0,88670208,8192
2444,9718152156,9723382306,5230150,5.23015,"funcionTransicion(Celula*, int, curandStateXORWOW*)",1024,1024,55,0,88670208,8192
2445,9724236797,9729362435,5125638,5.125638,"funcionTransicion(Celula*, int, curandStateXORWOW*)",1024,1024,55,0,88670208,8192
2446,9730225342,9735474947,5249605,5.249605,"funcionTransicion(Celula*, int, curandStateXORWOW*)",1024,1024,55,0,88670208,8192
2447,9736328991,9741395493,5066502,5.066502,"funcionTransicion(Celula*, int, curandStateXORWOW*)",1024,1024,55,0,88670208,8192
2448,9742253473,9747547942,5294469,5.294469,"funcionTransicion(Celula*, int, curandStateXORWOW*)",1024,1024,55,0,88670208,8192
2449,9748432609,9753412360,4979751,4.979751,"funcionTransicion(Celula*, int, curandStateXORWOW*)",1024,1024,55,0,88670208,8192
2450,9754265155,9759521032,5255877,5.255877,"funcionTransicion(Celula*, int, curandStateXORWOW*)",1024,1024,55,0,88670208,8192
2451,9760376612,9765451626,5075014,5.075014,"funcionTransicion(Celula*, int, curandStateXORWOW*)",1024,1024,55,0,88670208,8192
2452,9766297797,9771450027,5152230,5.15223,"funcionTransicion(Celula*, int, curandStateXORWOW*)",1024,1024,55,0,88670208,8192
2453,9772312294,9777426796,5114502,5.114502,"funcionTransicion(Celula*, int, curandStateXORWOW*)",1024,1024,55,0,88670208,8192
2454,9778278088,9783441037,5162949,5.162949,"funcionTransicion(Celula*, int, curandStateXORWOW*)",1024,1024,55,0,88670208,8192
2455,9784287305,9789334223,5046918,5.046918,"funcionTransicion(Celula*, int, curandStateXORWOW*)",1024,1024,55,0,88670208,8192
2456,9790190091,9795334800,5144709,5.144709,"funcionTransicion(Celula*, int, curandStateXORWOW*)",1024,1024,55,0,88670208,8192
2457,9796192812,9801559088,5366276,5.366276,"funcionTransicion(Celula*, int, curandStateXORWOW*)",1024,1024,55,0,88670208,8192
2458,9802411916,9807657457,5245541,5.245541,"funcionTransicion(Celula*, int, curandStateXORWOW*)",1024,1024,55,0,88670208,8192
2459,9808511469,9813743954,5232485,5.232485,"funcionTransicion(Celula*, int, curandStateXORWOW*)",1024,1024,55,0,88670208,8192
2460,9814598189,9819943218,5345029,5.345029,"funcionTransicion(Celula*, int, curandStateXORWOW*)",1024,1024,55,0,88670208,8192
2461,9820802286,9826092498,5290212,5.290212,"funcionTransicion(Celula*, int, curandStateXORWOW*)",1024,1024,55,0,88670208,8192
2462,9826943214,9832155635,5212421,5.212421,"funcionTransicion(Celula*, int, curandStateXORWOW*)",1024,1024,55,0,88670208,8192
2463,9833013455,9838297844,5284389,5.284389,"funcionTransicion(Celula*, int, curandStateXORWOW*)",1024,1024,55,0,88670208,8192
2464,9839156591,9844452372,5295781,5.295781,"funcionTransicion(Celula*, int, curandStateXORWOW*)",1024,1024,55,0,88670208,8192
2465,9845315183,9850663604,5348421,5.348421,"funcionTransicion(Celula*, int, curandStateXORWOW*)",1024,1024,55,0,88670208,8192
2466,9851517424,9856984116,5466692,5.466692,"funcionTransicion(Celula*, int, curandStateXORWOW*)",1024,1024,55,0,88670208,8192
2467,9857840495,9863140052,5299557,5.299557,"funcionTransicion(Celula*, int, curandStateXORWOW*)",1024,1024,55,0,88670208,8192
2468,9863998864,9869371060,5372196,5.372196,"funcionTransicion(Celula*, int, curandStateXORWOW*)",1024,1024,55,0,88670208,8192
2469,9870232144,9875610676,5378532,5.378532,"funcionTransicion(Celula*, int, curandStateXORWOW*)",1024,1024,55,0,88670208,8192
2470,9876464496,9881771860,5307364,5.307364,"funcionTransicion(Celula*, int, curandStateXORWOW*)",1024,1024,55,0,88670208,8192
2471,9882625904,9888023732,5397828,5.397828,"funcionTransicion(Celula*, int, curandStateXORWOW*)",1024,1024,55,0,88670208,8192
2472,9888877264,9894379540,5502276,5.502276,"funcionTransicion(Celula*, int, curandStateXORWOW*)",1024,1024,55,0,88670208,8192
2473,9895265775,9900780019,5514244,5.514244,"funcionTransicion(Celula*, int, curandStateXORWOW*)",1024,1024,55,0,88670208,8192
2474,9901639534,9907175026,5535492,5.535492,"funcionTransicion(Celula*, int, curandStateXORWOW*)",1024,1024,55,0,88670208,8192
2475,9908026957,9913459250,5432293,5.432293,"funcionTransicion(Celula*, int, curandStateXORWOW*)",1024,1024,55,0,88670208,8192
2476,9914313677,9919689841,5376164,5.376164,"funcionTransicion(Celula*, int, curandStateXORWOW*)",1024,1024,55,0,88670208,8192
2477,9920556269,9926083505,5527236,5.527236,"funcionTransicion(Celula*, int, curandStateXORWOW*)",1024,1024,55,0,88670208,8192
2478,9926945644,9932405104,5459460,5.45946,"funcionTransicion(Celula*, int, curandStateXORWOW*)",1024,1024,55,0,88670208,8192
2479,9933260044,9938736368,5476324,5.476324,"funcionTransicion(Celula*, int, curandStateXORWOW*)",1024,1024,55,0,88670208,8192
2480,9939593899,9944904176,5310277,5.310277,"funcionTransicion(Celula*, int, curandStateXORWOW*)",1024,1024,55,0,88670208,8192
2481,9945759339,9951200208,5440869,5.440869,"funcionTransicion(Celula*, int, curandStateXORWOW*)",1024,1024,55,0,88670208,8192
2482,9952055883,9957428304,5372421,5.372421,"funcionTransicion(Celula*, int, curandStateXORWOW*)",1024,1024,55,0,88670208,8192
2483,9958286891,9963887951,5601060,5.60106,"funcionTransicion(Celula*, int, curandStateXORWOW*)",1024,1024,55,0,88670208,8192
2484,9964754250,9970330989,5576739,5.576739,"funcionTransicion(Celula*, int, curandStateXORWOW*)",1024,1024,55,0,88670208,8192
2485,9971191977,9976643309,5451332,5.451332,"funcionTransicion(Celula*, int, curandStateXORWOW*)",1024,1024,55,0,88670208,8192
2486,9977501833,9982886893,5385060,5.38506,"funcionTransicion(Celula*, int, curandStateXORWOW*)",1024,1024,55,0,88670208,8192
2487,9983740745,9989105645,5364900,5.3649,"funcionTransicion(Celula*, int, curandStateXORWOW*)",1024,1024,55,0,88670208,8192
2488,9989961065,9995326285,5365220,5.36522,"funcionTransicion(Celula*, int, curandStateXORWOW*)",1024,1024,55,0,88670208,8192
2489,9996182281,10001592205,5409924,5.409924,"funcionTransicion(Celula*, int, curandStateXORWOW*)",1024,1024,55,0,88670208,8192
2490,10002448777,10008022636,5573859,5.573859,"funcionTransicion(Celula*, int, curandStateXORWOW*)",1024,1024,55,0,88670208,8192
2491,10008880968,10014233996,5353028,5.353028,"funcionTransicion(Celula*, int, curandStateXORWOW*)",1024,1024,55,0,88670208,8192
2492,10015095368,10020625451,5530083,5.530083,"funcionTransicion(Celula*, int, curandStateXORWOW*)",1024,1024,55,0,88670208,8192
2493,10021483047,10026819403,5336356,5.336356,"funcionTransicion(Celula*, int, curandStateXORWOW*)",1024,1024,55,0,88670208,8192
2494,10027679495,10033113643,5434148,5.434148,"funcionTransicion(Celula*, int, curandStateXORWOW*)",1024,1024,55,0,88670208,8192
2495,10033965127,10039367019,5401892,5.401892,"funcionTransicion(Celula*, int, curandStateXORWOW*)",1024,1024,55,0,88670208,8192
2496,10040223207,10045582123,5358916,5.358916,"funcionTransicion(Celula*, int, curandStateXORWOW*)",1024,1024,55,0,88670208,8192
2497,10046457799,10052057514,5599715,5.599715,"funcionTransicion(Celula*, int, curandStateXORWOW*)",1024,1024,55,0,88670208,8192
2498,10052915717,10058380521,5464804,5.464804,"funcionTransicion(Celula*, int, curandStateXORWOW*)",1024,1024,55,0,88670208,8192
2499,10059238181,10064696073,5457892,5.457892,"funcionTransicion(Celula*, int, curandStateXORWOW*)",1024,1024,55,0,88670208,8192
2500,10065555140,10070987369,5432229,5.432229,"funcionTransicion(Celula*, int, curandStateXORWOW*)",1024,1024,55,0,88670208,8192
2501,10071853124,10077379784,5526660,5.52666,"funcionTransicion(Celula*, int, curandStateXORWOW*)",1024,1024,55,0,88670208,8192
2502,10078239331,10083538088,5298757,5.298757,"funcionTransicion(Celula*, int, curandStateXORWOW*)",1024,1024,55,0,88670208,8192
2503,10084389924,10089891559,5501635,5.501635,"funcionTransicion(Celula*, int, curandStateXORWOW*)",1024,1024,55,0,88670208,8192
2504,10090746083,10096197543,5451460,5.45146,"funcionTransicion(Celula*, int, curandStateXORWOW*)",1024,1024,55,0,88670208,8192
2505,10097055011,10102414759,5359748,5.359748,"funcionTransicion(Celula*, int, curandStateXORWOW*)",1024,1024,55,0,88670208,8192
2506,10103275331,10108742727,5467396,5.467396,"funcionTransicion(Celula*, int, curandStateXORWOW*)",1024,1024,55,0,88670208,8192
2507,10109605282,10115060166,5454884,5.454884,"funcionTransicion(Celula*, int, curandStateXORWOW*)",1024,1024,55,0,88670208,8192
2508,10115914946,10121225351,5310405,5.310405,"funcionTransicion(Celula*, int, curandStateXORWOW*)",1024,1024,55,0,88670208,8192
2509,10122077442,10127584134,5506692,5.506692,"funcionTransicion(Celula*, int, curandStateXORWOW*)",1024,1024,55,0,88670208,8192
2510,10128433345,10134085828,5652483,5.652483,"funcionTransicion(Celula*, int, curandStateXORWOW*)",1024,1024,55,0,88670208,8192
2511,10134941856,10140420932,5479076,5.479076,"funcionTransicion(Celula*, int, curandStateXORWOW*)",1024,1024,55,0,88670208,8192
2512,10141280671,10146782083,5501412,5.501412,"funcionTransicion(Celula*, int, curandStateXORWOW*)",1024,1024,55,0,88670208,8192
2513,10147633887,10152938436,5304549,5.304549,"funcionTransicion(Celula*, int, curandStateXORWOW*)",1024,1024,55,0,88670208,8192
2514,10153799231,10159237699,5438468,5.438468,"funcionTransicion(Celula*, int, curandStateXORWOW*)",1024,1024,55,0,88670208,8192
2515,10160094655,10165423332,5328677,5.328677,"funcionTransicion(Celula*, int, curandStateXORWOW*)",1024,1024,55,0,88670208,8192
2516,10166280895,10171680388,5399493,5.399493,"funcionTransicion(Celula*, int, curandStateXORWOW*)",1024,1024,55,0,88670208,8192
2517,10172540287,10177989187,5448900,5.4489,"funcionTransicion(Celula*, int, curandStateXORWOW*)",1024,1024,55,0,88670208,8192
2518,10178848831,10184241955,5393124,5.393124,"funcionTransicion(Celula*, int, curandStateXORWOW*)",1024,1024,55,0,88670208,8192
2519,10185103231,10190593378,5490147,5.490147,"funcionTransicion(Celula*, int, curandStateXORWOW*)",1024,1024,55,0,88670208,8192
2520,10191452574,10196707331,5254757,5.254757,"funcionTransicion(Celula*, int, curandStateXORWOW*)",1024,1024,55,0,88670208,8192
2521,10299822737,10305375093,5552356,5.552356,"funcionTransicion(Celula*, int, curandStateXORWOW*)",1024,1024,55,0,88670208,8192
2522,10306239312,10311702356,5463044,5.463044,"funcionTransicion(Celula*, int, curandStateXORWOW*)",1024,1024,55,0,88670208,8192
2523,10312561680,10318085076,5523396,5.523396,"funcionTransicion(Celula*, int, curandStateXORWOW*)",1024,1024,55,0,88670208,8192
2524,10318943695,10324439283,5495588,5.495588,"funcionTransicion(Celula*, int, curandStateXORWOW*)",1024,1024,55,0,88670208,8192
2525,10325299823,10330735539,5435716,5.435716,"funcionTransicion(Celula*, int, curandStateXORWOW*)",1024,1024,55,0,88670208,8192
2526,10331594158,10336977939,5383781,5.383781,"funcionTransicion(Celula*, int, curandStateXORWOW*)",1024,1024,55,0,88670208,8192
2527,10337833326,10343161939,5328613,5.328613,"funcionTransicion(Celula*, int, curandStateXORWOW*)",1024,1024,55,0,88670208,8192
2528,10344016207,10349399955,5383748,5.383748,"funcionTransicion(Celula*, int, curandStateXORWOW*)",1024,1024,55,0,88670208,8192
2529,10350260494,10355559859,5299365,5.299365,"funcionTransicion(Celula*, int, curandStateXORWOW*)",1024,1024,55,0,88670208,8192
2530,10356414383,10361805235,5390852,5.390852,"funcionTransicion(Celula*, int, curandStateXORWOW*)",1024,1024,55,0,88670208,8192
2531,10362672590,10368148466,5475876,5.475876,"funcionTransicion(Celula*, int, curandStateXORWOW*)",1024,1024,55,0,88670208,8192
2532,10369007022,10374230579,5223557,5.223557,"funcionTransicion(Celula*, int, curandStateXORWOW*)",1024,1024,55,0,88670208,8192
2533,10375096719,10380479667,5382948,5.382948,"funcionTransicion(Celula*, int, curandStateXORWOW*)",1024,1024,55,0,88670208,8192
2534,10381341518,10386678355,5336837,5.336837,"funcionTransicion(Celula*, int, curandStateXORWOW*)",1024,1024,55,0,88670208,8192
2535,10387537679,10392765716,5228037,5.228037,"funcionTransicion(Celula*, int, curandStateXORWOW*)",1024,1024,55,0,88670208,8192
2536,10393626575,10398908085,5281510,5.28151,"funcionTransicion(Celula*, int, curandStateXORWOW*)",1024,1024,55,0,88670208,8192
2537,10399768784,10405259284,5490500,5.4905,"funcionTransicion(Celula*, int, curandStateXORWOW*)",1024,1024,55,0,88670208,8192
2538,10406113999,10411600275,5486276,5.486276,"funcionTransicion(Celula*, int, curandStateXORWOW*)",1024,1024,55,0,88670208,8192
2539,10412455087,10417901683,5446596,5.446596,"funcionTransicion(Celula*, int, curandStateXORWOW*)",1024,1024,55,0,88670208,8192
2540,10418761550,10424056787,5295237,5.295237,"funcionTransicion(Celula*, int, curandStateXORWOW*)",1024,1024,55,0,88670208,8192
2541,10424909935,10430328787,5418852,5.418852,"funcionTransicion(Celula*, int, curandStateXORWOW*)",1024,1024,55,0,88670208,8192
2542,10431190799,10436785778,5594979,5.594979,"funcionTransicion(Celula*, int, curandStateXORWOW*)",1024,1024,55,0,88670208,8192
2543,10437650286,10443367696,5717410,5.71741,"funcionTransicion(Celula*, int, curandStateXORWOW*)",1024,1024,55,0,88670208,8192
2544,10444226604,10449624816,5398212,5.398212,"funcionTransicion(Celula*, int, curandStateXORWOW*)",1024,1024,55,0,88670208,8192
2545,10450515627,10455923280,5407653,5.407653,"funcionTransicion(Celula*, int, curandStateXORWOW*)",1024,1024,55,0,88670208,8192
2546,10456780715,10462236783,5456068,5.456068,"funcionTransicion(Celula*, int, curandStateXORWOW*)",1024,1024,55,0,88670208,8192
2547,10463093739,10468408623,5314884,5.314884,"funcionTransicion(Celula*, int, curandStateXORWOW*)",1024,1024,55,0,88670208,8192
2548,10469263787,10474566736,5302949,5.302949,"funcionTransicion(Celula*, int, curandStateXORWOW*)",1024,1024,55,0,88670208,8192
2549,10475427979,10480836944,5408965,5.408965,"funcionTransicion(Celula*, int, curandStateXORWOW*)",1024,1024,55,0,88670208,8192
2550,10481701067,10487062256,5361189,5.361189,"funcionTransicion(Celula*, int, curandStateXORWOW*)",1024,1024,55,0,88670208,8192
2551,10487920075,10493310288,5390213,5.390213,"funcionTransicion(Celula*, int, curandStateXORWOW*)",1024,1024,55,0,88670208,8192
2552,10494171019,10499629807,5458788,5.458788,"funcionTransicion(Celula*, int, curandStateXORWOW*)",1024,1024,55,0,88670208,8192
2553,10500488203,10505921295,5433092,5.433092,"funcionTransicion(Celula*, int, curandStateXORWOW*)",1024,1024,55,0,88670208,8192
2554,10506781931,10512163855,5381924,5.381924,"funcionTransicion(Celula*, int, curandStateXORWOW*)",1024,1024,55,0,88670208,8192
2555,10513019370,10518484014,5464644,5.464644,"funcionTransicion(Celula*, int, curandStateXORWOW*)",1024,1024,55,0,88670208,8192
2556,10519341802,10524884653,5542851,5.542851,"funcionTransicion(Celula*, int, curandStateXORWOW*)",1024,1024,55,0,88670208,8192
2557,10525742793,10531365164,5622371,5.622371,"funcionTransicion(Celula*, int, curandStateXORWOW*)",1024,1024,55,0,88670208,8192
2558,10532228328,10537775915,5547587,5.547587,"funcionTransicion(Celula*, int, curandStateXORWOW*)",1024,1024,55,0,88670208,8192
2559,10538636583,10544186891,5550308,5.550308,"funcionTransicion(Celula*, int, curandStateXORWOW*)",1024,1024,55,0,88670208,8192
2560,10545035750,10550435690,5399940,5.39994,"funcionTransicion(Celula*, int, curandStateXORWOW*)",1024,1024,55,0,88670208,8192
2561,10551287238,10556583786,5296548,5.296548,"funcionTransicion(Celula*, int, curandStateXORWOW*)",1024,1024,55,0,88670208,8192
2562,10557442598,10562997802,5555204,5.555204,"funcionTransicion(Celula*, int, curandStateXORWOW*)",1024,1024,55,0,88670208,8192
2563,10563859141,10569552552,5693411,5.693411,"funcionTransicion(Celula*, int, curandStateXORWOW*)",1024,1024,55,0,88670208,8192
2564,10570418084,10576162758,5744674,5.744674,"funcionTransicion(Celula*, int, curandStateXORWOW*)",1024,1024,55,0,88670208,8192
2565,10577024354,10582805124,5780770,5.78077,"funcionTransicion(Celula*, int, curandStateXORWOW*)",1024,1024,55,0,88670208,8192
2566,10583668000,10589382402,5714402,5.714402,"funcionTransicion(Celula*, int, curandStateXORWOW*)",1024,1024,55,0,88670208,8192
2567,10590253246,10595989472,5736226,5.736226,"funcionTransicion(Celula*, int, curandStateXORWOW*)",1024,1024,55,0,88670208,8192
2568,10596853532,10602530367,5676835,5.676835,"funcionTransicion(Celula*, int, curandStateXORWOW*)",1024,1024,55,0,88670208,8192
2569,10603419162,10609154909,5735747,5.735747,"funcionTransicion(Celula*, int, curandStateXORWOW*)",1024,1024,55,0,88670208,8192
2570,10610011352,10615918010,5906658,5.906658,"funcionTransicion(Celula*, int, curandStateXORWOW*)",1024,1024,55,0,88670208,8192
2571,10616779989,10622742423,5962434,5.962434,"funcionTransicion(Celula*, int, curandStateXORWOW*)",1024,1024,55,0,88670208,8192
2572,10623599026,10629491572,5892546,5.892546,"funcionTransicion(Celula*, int, curandStateXORWOW*)",1024,1024,55,0,88670208,8192
2573,10630346768,10636311985,5965217,5.965217,"funcionTransicion(Celula*, int, curandStateXORWOW*)",1024,1024,55,0,88670208,8192
2574,10637163245,10643299853,6136608,6.136608,"funcionTransicion(Celula*, int, curandStateXORWOW*)",1024,1024,55,0,88670208,8192
2575,10644160041,10650144682,5984641,5.984641,"funcionTransicion(Celula*, int, curandStateXORWOW*)",1024,1024,55,0,88670208,8192
2576,10651001094,10656812936,5811842,5.811842,"funcionTransicion(Celula*, int, curandStateXORWOW*)",1024,1024,55,0,88670208,8192
2577,10657670595,10663543333,5872738,5.872738,"funcionTransicion(Celula*, int, curandStateXORWOW*)",1024,1024,55,0,88670208,8192
2578,10664407265,10670382210,5974945,5.974945,"funcionTransicion(Celula*, int, curandStateXORWOW*)",1024,1024,55,0,88670208,8192
2579,10671238622,10677015584,5776962,5.776962,"funcionTransicion(Celula*, int, curandStateXORWOW*)",1024,1024,55,0,88670208,8192
2580,10677882620,10683817469,5934849,5.934849,"funcionTransicion(Celula*, int, curandStateXORWOW*)",1024,1024,55,0,88670208,8192
2581,10684680185,10690469691,5789506,5.789506,"funcionTransicion(Celula*, int, curandStateXORWOW*)",1024,1024,55,0,88670208,8192
2582,10691335511,10697207736,5872225,5.872225,"funcionTransicion(Celula*, int, curandStateXORWOW*)",1024,1024,55,0,88670208,8192
2583,10698060308,10703876022,5815714,5.815714,"funcionTransicion(Celula*, int, curandStateXORWOW*)",1024,1024,55,0,88670208,8192
2584,10704733746,10710723699,5989953,5.989953,"funcionTransicion(Celula*, int, curandStateXORWOW*)",1024,1024,55,0,88670208,8192
2585,10711590927,10717688751,6097824,6.097824,"funcionTransicion(Celula*, int, curandStateXORWOW*)",1024,1024,55,0,88670208,8192
2586,10718547243,10724405325,5858082,5.858082,"funcionTransicion(Celula*, int, curandStateXORWOW*)",1024,1024,55,0,88670208,8192
2587,10725266761,10731152426,5885665,5.885665,"funcionTransicion(Celula*, int, curandStateXORWOW*)",1024,1024,55,0,88670208,8192
2588,10732014758,10737900647,5885889,5.885889,"funcionTransicion(Celula*, int, curandStateXORWOW*)",1024,1024,55,0,88670208,8192
2589,10738761763,10744615845,5854082,5.854082,"funcionTransicion(Celula*, int, curandStateXORWOW*)",1024,1024,55,0,88670208,8192
2590,10745477472,10751199683,5722211,5.722211,"funcionTransicion(Celula*, int, curandStateXORWOW*)",1024,1024,55,0,88670208,8192
2591,10752057119,10757904673,5847554,5.847554,"funcionTransicion(Celula*, int, curandStateXORWOW*)",1024,1024,55,0,88670208,8192
2592,10758766172,10764506399,5740227,5.740227,"funcionTransicion(Celula*, int, curandStateXORWOW*)",1024,1024,55,0,88670208,8192
2593,10765397978,10771164348,5766370,5.76637,"funcionTransicion(Celula*, int, curandStateXORWOW*)",1024,1024,55,0,88670208,8192
2594,10772024728,10777718043,5693315,5.693315,"funcionTransicion(Celula*, int, curandStateXORWOW*)",1024,1024,55,0,88670208,8192
2595,10778575415,10784448216,5872801,5.872801,"funcionTransicion(Celula*, int, curandStateXORWOW*)",1024,1024,55,0,88670208,8192
2596,10785312308,10791216662,5904354,5.904354,"funcionTransicion(Celula*, int, curandStateXORWOW*)",1024,1024,55,0,88670208,8192
2597,10792076177,10797879603,5803426,5.803426,"funcionTransicion(Celula*, int, curandStateXORWOW*)",1024,1024,55,0,88670208,8192
2598,10798732975,10804433938,5700963,5.700963,"funcionTransicion(Celula*, int, curandStateXORWOW*)",1024,1024,55,0,88670208,8192
2599,10805292045,10811032336,5740291,5.740291,"funcionTransicion(Celula*, int, curandStateXORWOW*)",1024,1024,55,0,88670208,8192
2600,10811892395,10817541166,5648771,5.648771,"funcionTransicion(Celula*, int, curandStateXORWOW*)",1024,1024,55,0,88670208,8192
2601,10818408042,10824054477,5646435,5.646435,"funcionTransicion(Celula*, int, curandStateXORWOW*)",1024,1024,55,0,88670208,8192
2602,10824905769,10830696523,5790754,5.790754,"funcionTransicion(Celula*, int, curandStateXORWOW*)",1024,1024,55,0,88670208,8192
2603,10831555782,10837210729,5654947,5.654947,"funcionTransicion(Celula*, int, curandStateXORWOW*)",1024,1024,55,0,88670208,8192
2604,10838069829,10843810759,5740930,5.74093,"funcionTransicion(Celula*, int, curandStateXORWOW*)",1024,1024,55,0,88670208,8192
2605,10844675267,10850396614,5721347,5.721347,"funcionTransicion(Celula*, int, curandStateXORWOW*)",1024,1024,55,0,88670208,8192
2606,10851256289,10857191715,5935426,5.935426,"funcionTransicion(Celula*, int, curandStateXORWOW*)",1024,1024,55,0,88670208,8192
2607,10858044319,10864034240,5989921,5.989921,"funcionTransicion(Celula*, int, curandStateXORWOW*)",1024,1024,55,0,88670208,8192
2608,10864896635,10870640702,5744067,5.744067,"funcionTransicion(Celula*, int, curandStateXORWOW*)",1024,1024,55,0,88670208,8192
2609,10871508825,10877151580,5642755,5.642755,"funcionTransicion(Celula*, int, curandStateXORWOW*)",1024,1024,55,0,88670208,8192
2610,10878017144,10883653627,5636483,5.636483,"funcionTransicion(Celula*, int, curandStateXORWOW*)",1024,1024,55,0,88670208,8192
2611,10884509719,10890209721,5700002,5.700002,"funcionTransicion(Celula*, int, curandStateXORWOW*)",1024,1024,55,0,88670208,8192
2612,10891075157,10896744248,5669091,5.669091,"funcionTransicion(Celula*, int, curandStateXORWOW*)",1024,1024,55,0,88670208,8192
2613,10897605875,10903478325,5872450,5.87245,"funcionTransicion(Celula*, int, curandStateXORWOW*)",1024,1024,55,0,88670208,8192
2614,10904339473,10910141011,5801538,5.801538,"funcionTransicion(Celula*, int, curandStateXORWOW*)",1024,1024,55,0,88670208,8192
2615,10910997743,10916906704,5908961,5.908961,"funcionTransicion(Celula*, int, curandStateXORWOW*)",1024,1024,55,0,88670208,8192
2616,10917773068,10923620910,5847842,5.847842,"funcionTransicion(Celula*, int, curandStateXORWOW*)",1024,1024,55,0,88670208,8192
2617,10924503465,10930522730,6019265,6.019265,"funcionTransicion(Celula*, int, curandStateXORWOW*)",1024,1024,55,0,88670208,8192
2618,10931385510,10937303239,5917729,5.917729,"funcionTransicion(Celula*, int, curandStateXORWOW*)",1024,1024,55,0,88670208,8192
2619,10938160515,10944068325,5907810,5.90781,"funcionTransicion(Celula*, int, curandStateXORWOW*)",1024,1024,55,0,88670208,8192
2620,10944923296,10950762626,5839330,5.83933,"funcionTransicion(Celula*, int, curandStateXORWOW*)",1024,1024,55,0,88670208,8192
2621,10951626270,10957419552,5793282,5.793282,"funcionTransicion(Celula*, int, curandStateXORWOW*)",1024,1024,55,0,88670208,8192
2622,10958279900,10964330620,6050720,6.05072,"funcionTransicion(Celula*, int, curandStateXORWOW*)",1024,1024,55,0,88670208,8192
2623,10965197496,10971243129,6045633,6.045633,"funcionTransicion(Celula*, int, curandStateXORWOW*)",1024,1024,55,0,88670208,8192
2624,10972103636,10978132470,6028834,6.028834,"funcionTransicion(Celula*, int, curandStateXORWOW*)",1024,1024,55,0,88670208,8192
2625,10978997969,10985058162,6060193,6.060193,"funcionTransicion(Celula*, int, curandStateXORWOW*)",1024,1024,55,0,88670208,8192
2626,10985924590,10991862287,5937697,5.937697,"funcionTransicion(Celula*, int, curandStateXORWOW*)",1024,1024,55,0,88670208,8192
2627,10992727947,10998713676,5985729,5.985729,"funcionTransicion(Celula*, int, curandStateXORWOW*)",1024,1024,55,0,88670208,8192
2628,10999574344,11005520841,5946497,5.946497,"funcionTransicion(Celula*, int, curandStateXORWOW*)",1024,1024,55,0,88670208,8192
2629,11006385797,11012523717,6137920,6.13792,"funcionTransicion(Celula*, int, curandStateXORWOW*)",1024,1024,55,0,88670208,8192
2630,11013383969,11019421153,6037184,6.037184,"funcionTransicion(Celula*, int, curandStateXORWOW*)",1024,1024,55,0,88670208,8192
2631,11020280541,11026448541,6168000,6.168,"funcionTransicion(Celula*, int, curandStateXORWOW*)",1024,1024,55,0,88670208,8192
2632,11027308665,11033357626,6048961,6.048961,"funcionTransicion(Celula*, int, curandStateXORWOW*)",1024,1024,55,0,88670208,8192
2633,11034226933,11040415446,6188513,6.188513,"funcionTransicion(Celula*, int, curandStateXORWOW*)",1024,1024,55,0,88670208,8192
2634,11041271921,11047246579,5974658,5.974658,"funcionTransicion(Celula*, int, curandStateXORWOW*)",1024,1024,55,0,88670208,8192
2635,11048100591,11054307406,6206815,6.206815,"funcionTransicion(Celula*, int, curandStateXORWOW*)",1024,1024,55,0,88670208,8192
2636,11055167786,11061147948,5980162,5.980162,"funcionTransicion(Celula*, int, curandStateXORWOW*)",1024,1024,55,0,88670208,8192
2637,11062003527,11068009544,6006017,6.006017,"funcionTransicion(Celula*, int, curandStateXORWOW*)",1024,1024,55,0,88670208,8192
2638,11068869764,11074967557,6097793,6.097793,"funcionTransicion(Celula*, int, curandStateXORWOW*)",1024,1024,55,0,88670208,8192
2639,11075825856,11081776290,5950434,5.950434,"funcionTransicion(Celula*, int, curandStateXORWOW*)",1024,1024,55,0,88670208,8192
2640,11082639101,11088814749,6175648,6.175648,"funcionTransicion(Celula*, int, curandStateXORWOW*)",1024,1024,55,0,88670208,8192
2641,11193795970,11199989410,6193440,6.19344,"funcionTransicion(Celula*, int, curandStateXORWOW*)",1024,1024,55,0,88670208,8192
2642,11200851838,11207140254,6288416,6.288416,"funcionTransicion(Celula*, int, curandStateXORWOW*)",1024,1024,55,0,88670208,8192
2643,11207992921,11214150650,6157729,6.157729,"funcionTransicion(Celula*, int, curandStateXORWOW*)",1024,1024,55,0,88670208,8192
2644,11215015285,11221141590,6126305,6.126305,"funcionTransicion(Celula*, int, curandStateXORWOW*)",1024,1024,55,0,88670208,8192
2645,11222003185,11227934003,5930818,5.930818,"funcionTransicion(Celula*, int, curandStateXORWOW*)",1024,1024,55,0,88670208,8192
2646,11228794575,11234812623,6018048,6.018048,"funcionTransicion(Celula*, int, curandStateXORWOW*)",1024,1024,55,0,88670208,8192
2647,11235673771,11241949323,6275552,6.275552,"funcionTransicion(Celula*, int, curandStateXORWOW*)",1024,1024,55,0,88670208,8192
2648,11242807015,11248919879,6112864,6.112864,"funcionTransicion(Celula*, int, curandStateXORWOW*)",1024,1024,55,0,88670208,8192
2649,11249783683,11256334401,6550718,6.550718,"funcionTransicion(Celula*, int, curandStateXORWOW*)",1024,1024,55,0,88670208,8192
2650,11257194749,11263422813,6228064,6.228064,"funcionTransicion(Celula*, int, curandStateXORWOW*)",1024,1024,55,0,88670208,8192
2651,11264285912,11270538232,6252320,6.25232,"funcionTransicion(Celula*, int, curandStateXORWOW*)",1024,1024,55,0,88670208,8192
2652,11271400596,11277496308,6095712,6.095712,"funcionTransicion(Celula*, int, curandStateXORWOW*)",1024,1024,55,0,88670208,8192
2653,11278353072,11284748367,6395295,6.395295,"funcionTransicion(Celula*, int, curandStateXORWOW*)",1024,1024,55,0,88670208,8192
2654,11285610378,11291942154,6331776,6.331776,"funcionTransicion(Celula*, int, curandStateXORWOW*)",1024,1024,55,0,88670208,8192
2655,11292803846,11299154309,6350463,6.350463,"funcionTransicion(Celula*, int, curandStateXORWOW*)",1024,1024,55,0,88670208,8192
2656,11300020993,11306107842,6086849,6.086849,"funcionTransicion(Celula*, int, curandStateXORWOW*)",1024,1024,55,0,88670208,8192
2657,11306965725,11313203581,6237856,6.237856,"funcionTransicion(Celula*, int, curandStateXORWOW*)",1024,1024,55,0,88670208,8192
2658,11314071000,11320279480,6208480,6.20848,"funcionTransicion(Celula*, int, curandStateXORWOW*)",1024,1024,55,0,88670208,8192
2659,11321148692,11327410260,6261568,6.261568,"funcionTransicion(Celula*, int, curandStateXORWOW*)",1024,1024,55,0,88670208,8192
2660,11328275023,11334531279,6256256,6.256256,"funcionTransicion(Celula*, int, curandStateXORWOW*)",1024,1024,55,0,88670208,8192
2661,11335385771,11341470060,6084289,6.084289,"funcionTransicion(Celula*, int, curandStateXORWOW*)",1024,1024,55,0,88670208,8192
2662,11342330471,11348704839,6374368,6.374368,"funcionTransicion(Celula*, int, curandStateXORWOW*)",1024,1024,55,0,88670208,8192
2663,11349569410,11355721155,6151745,6.151745,"funcionTransicion(Celula*, int, curandStateXORWOW*)",1024,1024,55,0,88670208,8192
2664,11356579102,11362802558,6223456,6.223456,"funcionTransicion(Celula*, int, curandStateXORWOW*)",1024,1024,55,0,88670208,8192
2665,11363765113,11369850490,6085377,6.085377,"funcionTransicion(Celula*, int, curandStateXORWOW*)",1024,1024,55,0,88670208,8192
2666,11370711062,11376790294,6079232,6.079232,"funcionTransicion(Celula*, int, curandStateXORWOW*)",1024,1024,55,0,88670208,8192
2667,11377654642,11383880626,6225984,6.225984,"funcionTransicion(Celula*, int, curandStateXORWOW*)",1024,1024,55,0,88670208,8192
2668,11384739822,11391167181,6427359,6.427359,"funcionTransicion(Celula*, int, curandStateXORWOW*)",1024,1024,55,0,88670208,8192
2669,11392031752,11398267752,6236000,6.236,"funcionTransicion(Celula*, int, curandStateXORWOW*)",1024,1024,55,0,88670208,8192
2670,11399128548,11405549763,6421215,6.421215,"funcionTransicion(Celula*, int, curandStateXORWOW*)",1024,1024,55,0,88670208,8192
2671,11406411038,11412639166,6228128,6.228128,"funcionTransicion(Celula*, int, curandStateXORWOW*)",1024,1024,55,0,88670208,8192
2672,11413499674,11419931289,6431615,6.431615,"funcionTransicion(Celula*, int, curandStateXORWOW*)",1024,1024,55,0,88670208,8192
2673,11420795861,11427315283,6519422,6.519422,"funcionTransicion(Celula*, int, curandStateXORWOW*)",1024,1024,55,0,88670208,8192
2674,11428173422,11434818668,6645246,6.645246,"funcionTransicion(Celula*, int, curandStateXORWOW*)",1024,1024,55,0,88670208,8192
2675,11435680616,11442151239,6470623,6.470623,"funcionTransicion(Celula*, int, curandStateXORWOW*)",1024,1024,55,0,88670208,8192
2676,11443016450,11449509921,6493471,6.493471,"funcionTransicion(Celula*, int, curandStateXORWOW*)",1024,1024,55,0,88670208,8192
2677,11450374396,11456816955,6442559,6.442559,"funcionTransicion(Celula*, int, curandStateXORWOW*)",1024,1024,55,0,88670208,8192
2678,11457680823,11464148982,6468159,6.468159,"funcionTransicion(Celula*, int, curandStateXORWOW*)",1024,1024,55,0,88670208,8192
2679,11465011089,11471136466,6125377,6.125377,"funcionTransicion(Celula*, int, curandStateXORWOW*)",1024,1024,55,0,88670208,8192
2680,11472002413,11478391757,6389344,6.389344,"funcionTransicion(Celula*, int, curandStateXORWOW*)",1024,1024,55,0,88670208,8192
2681,11479252776,11485779239,6526463,6.526463,"funcionTransicion(Celula*, int, curandStateXORWOW*)",1024,1024,55,0,88670208,8192
2682,11486637666,11493160993,6523327,6.523327,"funcionTransicion(Celula*, int, curandStateXORWOW*)",1024,1024,55,0,88670208,8192
2683,11494020668,11500518875,6498207,6.498207,"funcionTransicion(Celula*, int, curandStateXORWOW*)",1024,1024,55,0,88670208,8192
2684,11501384183,11507966836,6582653,6.582653,"funcionTransicion(Celula*, int, curandStateXORWOW*)",1024,1024,55,0,88670208,8192
2685,11508837520,11515565934,6728414,6.728414,"funcionTransicion(Celula*, int, curandStateXORWOW*)",1024,1024,55,0,88670208,8192
2686,11516422633,11523142055,6719422,6.719422,"funcionTransicion(Celula*, int, curandStateXORWOW*)",1024,1024,55,0,88670208,8192
2687,11524007362,11530943647,6936285,6.936285,"funcionTransicion(Celula*, int, curandStateXORWOW*)",1024,1024,55,0,88670208,8192
2688,11531803418,11538631639,6828221,6.828221,"funcionTransicion(Celula*, int, curandStateXORWOW*)",1024,1024,55,0,88670208,8192
2689,11539524019,11546233328,6709309,6.709309,"funcionTransicion(Celula*, int, curandStateXORWOW*)",1024,1024,55,0,88670208,8192
2690,11547098956,11553938152,6839196,6.839196,"funcionTransicion(Celula*, int, curandStateXORWOW*)",1024,1024,55,0,88670208,8192
2691,11554802532,11561507554,6705022,6.705022,"funcionTransicion(Celula*, int, curandStateXORWOW*)",1024,1024,55,0,88670208,8192
2692,11562370173,11569180666,6810493,6.810493,"funcionTransicion(Celula*, int, curandStateXORWOW*)",1024,1024,55,0,88670208,8192
2693,11570039670,11576707284,6667614,6.667614,"funcionTransicion(Celula*, int, curandStateXORWOW*)",1024,1024,55,0,88670208,8192
2694,11577567823,11584274285,6706462,6.706462,"funcionTransicion(Celula*, int, curandStateXORWOW*)",1024,1024,55,0,88670208,8192
2695,11585140232,11591863622,6723390,6.72339,"funcionTransicion(Celula*, int, curandStateXORWOW*)",1024,1024,55,0,88670208,8192
2696,11592731873,11599391199,6659326,6.659326,"funcionTransicion(Celula*, int, curandStateXORWOW*)",1024,1024,55,0,88670208,8192
2697,11600257147,11607035544,6778397,6.778397,"funcionTransicion(Celula*, int, curandStateXORWOW*)",1024,1024,55,0,88670208,8192
2698,11607903219,11614665841,6762622,6.762622,"funcionTransicion(Celula*, int, curandStateXORWOW*)",1024,1024,55,0,88670208,8192
2699,11615526252,11622110922,6584670,6.58467,"funcionTransicion(Celula*, int, curandStateXORWOW*)",1024,1024,55,0,88670208,8192
2700,11622979558,11629843939,6864381,6.864381,"funcionTransicion(Celula*, int, curandStateXORWOW*)",1024,1024,55,0,88670208,8192
2701,11630710302,11637484444,6774142,6.774142,"funcionTransicion(Celula*, int, curandStateXORWOW*)",1024,1024,55,0,88670208,8192
2702,11638349783,11644981717,6631934,6.631934,"funcionTransicion(Celula*, int, curandStateXORWOW*)",1024,1024,55,0,88670208,8192
2703,11645849297,11652577838,6728541,6.728541,"funcionTransicion(Celula*, int, curandStateXORWOW*)",1024,1024,55,0,88670208,8192
2704,11653445098,11660093287,6648189,6.648189,"funcionTransicion(Celula*, int, curandStateXORWOW*)",1024,1024,55,0,88670208,8192
2705,11660967939,11667443202,6475263,6.475263,"funcionTransicion(Celula*, int, curandStateXORWOW*)",1024,1024,55,0,88670208,8192
2706,11668316157,11674960315,6644158,6.644158,"funcionTransicion(Celula*, int, curandStateXORWOW*)",1024,1024,55,0,88670208,8192
2707,11675823287,11682677715,6854428,6.854428,"funcionTransicion(Celula*, int, curandStateXORWOW*)",1024,1024,55,0,88670208,8192
2708,11683539695,11690601259,7061564,7.061564,"funcionTransicion(Celula*, int, curandStateXORWOW*)",1024,1024,55,0,88670208,8192
2709,11691463718,11698418979,6955261,6.955261,"funcionTransicion(Celula*, int, curandStateXORWOW*)",1024,1024,55,0,88670208,8192
2710,11699279806,11706125723,6845917,6.845917,"funcionTransicion(Celula*, int, curandStateXORWOW*)",1024,1024,55,0,88670208,8192
2711,11706991959,11714013683,7021724,7.021724,"funcionTransicion(Celula*, int, curandStateXORWOW*)",1024,1024,55,0,88670208,8192
2712,11714880622,11721693675,6813053,6.813053,"funcionTransicion(Celula*, int, curandStateXORWOW*)",1024,1024,55,0,88670208,8192
2713,11722574694,11729550275,6975581,6.975581,"funcionTransicion(Celula*, int, curandStateXORWOW*)",1024,1024,55,0,88670208,8192
2714,11730419358,11737306587,6887229,6.887229,"funcionTransicion(Celula*, int, curandStateXORWOW*)",1024,1024,55,0,88670208,8192
2715,11738174038,11744994195,6820157,6.820157,"funcionTransicion(Celula*, int, curandStateXORWOW*)",1024,1024,55,0,88670208,8192
2716,11745864975,11752569644,6704669,6.704669,"funcionTransicion(Celula*, int, curandStateXORWOW*)",1024,1024,55,0,88670208,8192
2717,11753431208,11760335556,6904348,6.904348,"funcionTransicion(Celula*, int, curandStateXORWOW*)",1024,1024,55,0,88670208,8192
2718,11761200064,11768222204,7022140,7.02214,"funcionTransicion(Celula*, int, curandStateXORWOW*)",1024,1024,55,0,88670208,8192
2719,11769086040,11775994484,6908444,6.908444,"funcionTransicion(Celula*, int, curandStateXORWOW*)",1024,1024,55,0,88670208,8192
2720,11776867056,11783675213,6808157,6.808157,"funcionTransicion(Celula*, int, curandStateXORWOW*)",1024,1024,55,0,88670208,8192
2721,11784537928,11791378917,6840989,6.840989,"funcionTransicion(Celula*, int, curandStateXORWOW*)",1024,1024,55,0,88670208,8192
2722,11792242913,11799192829,6949916,6.949916,"funcionTransicion(Celula*, int, curandStateXORWOW*)",1024,1024,55,0,88670208,8192
2723,11800059032,11806693943,6634911,6.634911,"funcionTransicion(Celula*, int, curandStateXORWOW*)",1024,1024,55,0,88670208,8192
2724,11807564498,11814206992,6642494,6.642494,"funcionTransicion(Celula*, int, curandStateXORWOW*)",1024,1024,55,0,88670208,8192
2725,11815074956,11821744809,6669853,6.669853,"funcionTransicion(Celula*, int, curandStateXORWOW*)",1024,1024,55,0,88670208,8192
2726,11822606757,11829311490,6704733,6.704733,"funcionTransicion(Celula*, int, curandStateXORWOW*)",1024,1024,55,0,88670208,8192
2727,11830173278,11836975867,6802589,6.802589,"funcionTransicion(Celula*, int, curandStateXORWOW*)",1024,1024,55,0,88670208,8192
2728,11837830999,11844529876,6698877,6.698877,"funcionTransicion(Celula*, int, curandStateXORWOW*)",1024,1024,55,0,88670208,8192
2729,11845387856,11852008558,6620702,6.620702,"funcionTransicion(Celula*, int, curandStateXORWOW*)",1024,1024,55,0,88670208,8192
2730,11852870314,11859594183,6723869,6.723869,"funcionTransicion(Celula*, int, curandStateXORWOW*)",1024,1024,55,0,88670208,8192
2731,11860454370,11867189120,6734750,6.73475,"funcionTransicion(Celula*, int, curandStateXORWOW*)",1024,1024,55,0,88670208,8192
2732,11868050747,11874815608,6764861,6.764861,"funcionTransicion(Celula*, int, curandStateXORWOW*)",1024,1024,55,0,88670208,8192
2733,11875681172,11882306002,6624830,6.62483,"funcionTransicion(Celula*, int, curandStateXORWOW*)",1024,1024,55,0,88670208,8192
2734,11883176302,11889890891,6714589,6.714589,"funcionTransicion(Celula*, int, curandStateXORWOW*)",1024,1024,55,0,88670208,8192
2735,11890754631,11897577316,6822685,6.822685,"funcionTransicion(Celula*, int, curandStateXORWOW*)",1024,1024,55,0,88670208,8192
2736,11898442367,11905055549,6613182,6.613182,"funcionTransicion(Celula*, int, curandStateXORWOW*)",1024,1024,55,0,88670208,8192
2737,11905953401,11913076276,7122875,7.122875,"funcionTransicion(Celula*, int, curandStateXORWOW*)",1024,1024,55,0,88670208,8192
2738,11913945584,11920678701,6733117,6.733117,"funcionTransicion(Celula*, int, curandStateXORWOW*)",1024,1024,55,0,88670208,8192
2739,11921545193,11928347814,6802621,6.802621,"funcionTransicion(Celula*, int, curandStateXORWOW*)",1024,1024,55,0,88670208,8192
2740,11929206945,11936069662,6862717,6.862717,"funcionTransicion(Celula*, int, curandStateXORWOW*)",1024,1024,55,0,88670208,8192
2741,11936933754,11943714327,6780573,6.780573,"funcionTransicion(Celula*, int, curandStateXORWOW*)",1024,1024,55,0,88670208,8192
2742,11944572306,11951435215,6862909,6.862909,"funcionTransicion(Celula*, int, curandStateXORWOW*)",1024,1024,55,0,88670208,8192
2743,11952302859,11959125224,6822365,6.822365,"funcionTransicion(Celula*, int, curandStateXORWOW*)",1024,1024,55,0,88670208,8192
2744,11959995107,11966817856,6822749,6.822749,"funcionTransicion(Celula*, int, curandStateXORWOW*)",1024,1024,55,0,88670208,8192
2745,11967678364,11974516185,6837821,6.837821,"funcionTransicion(Celula*, int, curandStateXORWOW*)",1024,1024,55,0,88670208,8192
2746,11975380852,11982112754,6731902,6.731902,"funcionTransicion(Celula*, int, curandStateXORWOW*)",1024,1024,55,0,88670208,8192
2747,11982978541,11989717611,6739070,6.73907,"funcionTransicion(Celula*, int, curandStateXORWOW*)",1024,1024,55,0,88670208,8192
2748,11990580390,11997215524,6635134,6.635134,"funcionTransicion(Celula*, int, curandStateXORWOW*)",1024,1024,55,0,88670208,8192
2749,11998077567,12004678494,6600927,6.600927,"funcionTransicion(Celula*, int, curandStateXORWOW*)",1024,1024,55,0,88670208,8192
2750,12005543641,12012178551,6634910,6.63491,"funcionTransicion(Celula*, int, curandStateXORWOW*)",1024,1024,55,0,88670208,8192
2751,12013051699,12019473618,6421919,6.421919,"funcionTransicion(Celula*, int, curandStateXORWOW*)",1024,1024,55,0,88670208,8192
2752,12020338221,12026858380,6520159,6.520159,"funcionTransicion(Celula*, int, curandStateXORWOW*)",1024,1024,55,0,88670208,8192
2753,12027716904,12034321510,6604606,6.604606,"funcionTransicion(Celula*, int, curandStateXORWOW*)",1024,1024,55,0,88670208,8192
2754,12035180897,12041671744,6490847,6.490847,"funcionTransicion(Celula*, int, curandStateXORWOW*)",1024,1024,55,0,88670208,8192
2755,12042536699,12049213721,6677022,6.677022,"funcionTransicion(Celula*, int, curandStateXORWOW*)",1024,1024,55,0,88670208,8192
2756,12050080629,12056642995,6562366,6.562366,"funcionTransicion(Celula*, int, curandStateXORWOW*)",1024,1024,55,0,88670208,8192
2757,12057511054,12064190092,6679038,6.679038,"funcionTransicion(Celula*, int, curandStateXORWOW*)",1024,1024,55,0,88670208,8192
2758,12065049096,12071495399,6446303,6.446303,"funcionTransicion(Celula*, int, curandStateXORWOW*)",1024,1024,55,0,88670208,8192
2759,12072362498,12079125536,6763038,6.763038,"funcionTransicion(Celula*, int, curandStateXORWOW*)",1024,1024,55,0,88670208,8192
2760,12079990971,12086918743,6927772,6.927772,"funcionTransicion(Celula*, int, curandStateXORWOW*)",1024,1024,55,0,88670208,8192
2761,12194490063,12201163405,6673342,6.673342,"funcionTransicion(Celula*, int, curandStateXORWOW*)",1024,1024,55,0,88670208,8192
2762,12202035784,12208996452,6960668,6.960668,"funcionTransicion(Celula*, int, curandStateXORWOW*)",1024,1024,55,0,88670208,8192
2763,12209854848,12216809437,6954589,6.954589,"funcionTransicion(Celula*, int, curandStateXORWOW*)",1024,1024,55,0,88670208,8192
2764,12217676792,12224572629,6895837,6.895837,"funcionTransicion(Celula*, int, curandStateXORWOW*)",1024,1024,55,0,88670208,8192
2765,12225446224,12232166925,6720701,6.720701,"funcionTransicion(Celula*, int, curandStateXORWOW*)",1024,1024,55,0,88670208,8192
2766,12233035049,12239854854,6819805,6.819805,"funcionTransicion(Celula*, int, curandStateXORWOW*)",1024,1024,55,0,88670208,8192
2767,12240724705,12247574718,6850013,6.850013,"funcionTransicion(Celula*, int, curandStateXORWOW*)",1024,1024,55,0,88670208,8192
2768,12248446458,12255312983,6866525,6.866525,"funcionTransicion(Celula*, int, curandStateXORWOW*)",1024,1024,55,0,88670208,8192
2769,12256183570,12262954383,6770813,6.770813,"funcionTransicion(Celula*, int, curandStateXORWOW*)",1024,1024,55,0,88670208,8192
2770,12263825675,12270503113,6677438,6.677438,"funcionTransicion(Celula*, int, curandStateXORWOW*)",1024,1024,55,0,88670208,8192
2771,12271381124,12277944802,6563678,6.563678,"funcionTransicion(Celula*, int, curandStateXORWOW*)",1024,1024,55,0,88670208,8192
2772,12278801918,12285375356,6573438,6.573438,"funcionTransicion(Celula*, int, curandStateXORWOW*)",1024,1024,55,0,88670208,8192
2773,12286240120,12292903925,6663805,6.663805,"funcionTransicion(Celula*, int, curandStateXORWOW*)",1024,1024,55,0,88670208,8192
2774,12293770193,12300462543,6692350,6.69235,"funcionTransicion(Celula*, int, curandStateXORWOW*)",1024,1024,55,0,88670208,8192
2775,12301327306,12308028552,6701246,6.701246,"funcionTransicion(Celula*, int, curandStateXORWOW*)",1024,1024,55,0,88670208,8192
2776,12308893124,12315581729,6688605,6.688605,"funcionTransicion(Celula*, int, curandStateXORWOW*)",1024,1024,55,0,88670208,8192
2777,12316443676,12323220250,6776574,6.776574,"funcionTransicion(Celula*, int, curandStateXORWOW*)",1024,1024,55,0,88670208,8192
2778,12324080853,12330722771,6641918,6.641918,"funcionTransicion(Celula*, int, curandStateXORWOW*)",1024,1024,55,0,88670208,8192
2779,12331590415,12338331596,6741181,6.741181,"funcionTransicion(Celula*, int, curandStateXORWOW*)",1024,1024,55,0,88670208,8192
2780,12339200968,12346037925,6836957,6.836957,"funcionTransicion(Celula*, int, curandStateXORWOW*)",1024,1024,55,0,88670208,8192
2781,12346907456,12353738045,6830589,6.830589,"funcionTransicion(Celula*, int, curandStateXORWOW*)",1024,1024,55,0,88670208,8192
2782,12354612025,12361520117,6908092,6.908092,"funcionTransicion(Celula*, int, curandStateXORWOW*)",1024,1024,55,0,88670208,8192
2783,12362384049,12369122702,6738653,6.738653,"funcionTransicion(Celula*, int, curandStateXORWOW*)",1024,1024,55,0,88670208,8192
2784,12369993546,12376897926,6904380,6.90438,"funcionTransicion(Celula*, int, curandStateXORWOW*)",1024,1024,55,0,88670208,8192
2785,12377806882,12384681726,6874844,6.874844,"funcionTransicion(Celula*, int, curandStateXORWOW*)",1024,1024,55,0,88670208,8192
2786,12385548634,12392246263,6697629,6.697629,"funcionTransicion(Celula*, int, curandStateXORWOW*)",1024,1024,55,0,88670208,8192
2787,12393109139,12399903440,6794301,6.794301,"funcionTransicion(Celula*, int, curandStateXORWOW*)",1024,1024,55,0,88670208,8192
2788,12400770860,12407522825,6751965,6.751965,"funcionTransicion(Celula*, int, curandStateXORWOW*)",1024,1024,55,0,88670208,8192
2789,12408387268,12415298209,6910941,6.910941,"funcionTransicion(Celula*, int, curandStateXORWOW*)",1024,1024,55,0,88670208,8192
2790,12416167037,12422927706,6760669,6.760669,"funcionTransicion(Celula*, int, curandStateXORWOW*)",1024,1024,55,0,88670208,8192
2791,12423795029,12430764113,6969084,6.969084,"funcionTransicion(Celula*, int, curandStateXORWOW*)",1024,1024,55,0,88670208,8192
2792,12431631213,12438688457,7057244,7.057244,"funcionTransicion(Celula*, int, curandStateXORWOW*)",1024,1024,55,0,88670208,8192
2793,12439551428,12446549792,6998364,6.998364,"funcionTransicion(Celula*, int, curandStateXORWOW*)",1024,1024,55,0,88670208,8192
2794,12447422812,12454447416,7024604,7.024604,"funcionTransicion(Celula*, int, curandStateXORWOW*)",1024,1024,55,0,88670208,8192
2795,12455310643,12462529166,7218523,7.218523,"funcionTransicion(Celula*, int, curandStateXORWOW*)",1024,1024,55,0,88670208,8192
2796,12463385898,12470601189,7215291,7.215291,"funcionTransicion(Celula*, int, curandStateXORWOW*)",1024,1024,55,0,88670208,8192
2797,12471466048,12478769595,7303547,7.303547,"funcionTransicion(Celula*, int, curandStateXORWOW*)",1024,1024,55,0,88670208,8192
2798,12479634135,12486899633,7265498,7.265498,"funcionTransicion(Celula*, int, curandStateXORWOW*)",1024,1024,55,0,88670208,8192
2799,12487767821,12495235334,7467513,7.467513,"funcionTransicion(Celula*, int, curandStateXORWOW*)",1024,1024,55,0,88670208,8192
2800,12496103714,12503354045,7250331,7.250331,"funcionTransicion(Celula*, int, curandStateXORWOW*)",1024,1024,55,0,88670208,8192
2801,12504220728,12511277364,7056636,7.056636,"funcionTransicion(Celula*, int, curandStateXORWOW*)",1024,1024,55,0,88670208,8192
2802,12512148272,12519410474,7262202,7.262202,"funcionTransicion(Celula*, int, curandStateXORWOW*)",1024,1024,55,0,88670208,8192
2803,12520274950,12527461249,7186299,7.186299,"funcionTransicion(Celula*, int, curandStateXORWOW*)",1024,1024,55,0,88670208,8192
2804,12528321309,12535523799,7202490,7.20249,"funcionTransicion(Celula*, int, curandStateXORWOW*)",1024,1024,55,0,88670208,8192
2805,12536386131,12543729869,7343738,7.343738,"funcionTransicion(Celula*, int, curandStateXORWOW*)",1024,1024,55,0,88670208,8192
2806,12544590921,12551863171,7272250,7.27225,"funcionTransicion(Celula*, int, curandStateXORWOW*)",1024,1024,55,0,88670208,8192
2807,12552727519,12560092889,7365370,7.36537,"funcionTransicion(Celula*, int, curandStateXORWOW*)",1024,1024,55,0,88670208,8192
2808,12560957557,12568163376,7205819,7.205819,"funcionTransicion(Celula*, int, curandStateXORWOW*)",1024,1024,55,0,88670208,8192
2809,12569049259,12576472261,7423002,7.423002,"funcionTransicion(Celula*, int, curandStateXORWOW*)",1024,1024,55,0,88670208,8192
2810,12577345313,12584762299,7416986,7.416986,"funcionTransicion(Celula*, int, curandStateXORWOW*)",1024,1024,55,0,88670208,8192
2811,12585636694,12593124976,7488282,7.488282,"funcionTransicion(Celula*, int, curandStateXORWOW*)",1024,1024,55,0,88670208,8192
2812,12593998699,12601227686,7228987,7.228987,"funcionTransicion(Celula*, int, curandStateXORWOW*)",1024,1024,55,0,88670208,8192
2813,12602094114,12609567611,7473497,7.473497,"funcionTransicion(Celula*, int, curandStateXORWOW*)",1024,1024,55,0,88670208,8192
2814,12610431415,12617693138,7261723,7.261723,"funcionTransicion(Celula*, int, curandStateXORWOW*)",1024,1024,55,0,88670208,8192
2815,12618566573,12625879143,7312570,7.31257,"funcionTransicion(Celula*, int, curandStateXORWOW*)",1024,1024,55,0,88670208,8192
2816,12626749859,12634117277,7367418,7.367418,"funcionTransicion(Celula*, int, curandStateXORWOW*)",1024,1024,55,0,88670208,8192
2817,12634980056,12642512434,7532378,7.532378,"funcionTransicion(Celula*, int, curandStateXORWOW*)",1024,1024,55,0,88670208,8192
2818,12643377198,12650965319,7588121,7.588121,"funcionTransicion(Celula*, int, curandStateXORWOW*)",1024,1024,55,0,88670208,8192
2819,12651836930,12659348988,7512058,7.512058,"funcionTransicion(Celula*, int, curandStateXORWOW*)",1024,1024,55,0,88670208,8192
2820,12660215511,12667558322,7342811,7.342811,"funcionTransicion(Celula*, int, curandStateXORWOW*)",1024,1024,55,0,88670208,8192
2821,12668425101,12675786119,7361018,7.361018,"funcionTransicion(Celula*, int, curandStateXORWOW*)",1024,1024,55,0,88670208,8192
2822,12676659362,12684110908,7451546,7.451546,"funcionTransicion(Celula*, int, curandStateXORWOW*)",1024,1024,55,0,88670208,8192
2823,12684973624,12692562321,7588697,7.588697,"funcionTransicion(Celula*, int, curandStateXORWOW*)",1024,1024,55,0,88670208,8192
2824,12693430956,12700899494,7468538,7.468538,"funcionTransicion(Celula*, int, curandStateXORWOW*)",1024,1024,55,0,88670208,8192
2825,12701754466,12709159036,7404570,7.40457,"funcionTransicion(Celula*, int, curandStateXORWOW*)",1024,1024,55,0,88670208,8192
2826,12710030967,12717608976,7578009,7.578009,"funcionTransicion(Celula*, int, curandStateXORWOW*)",1024,1024,55,0,88670208,8192
2827,12718480140,12725990502,7510362,7.510362,"funcionTransicion(Celula*, int, curandStateXORWOW*)",1024,1024,55,0,88670208,8192
2828,12726865793,12734537562,7671769,7.671769,"funcionTransicion(Celula*, int, curandStateXORWOW*)",1024,1024,55,0,88670208,8192
2829,12735399925,12743007278,7607353,7.607353,"funcionTransicion(Celula*, int, curandStateXORWOW*)",1024,1024,55,0,88670208,8192
2830,12743871690,12751574722,7703032,7.703032,"funcionTransicion(Celula*, int, curandStateXORWOW*)",1024,1024,55,0,88670208,8192
2831,12752446461,12760168534,7722073,7.722073,"funcionTransicion(Celula*, int, curandStateXORWOW*)",1024,1024,55,0,88670208,8192
2832,12761038641,12768809065,7770424,7.770424,"funcionTransicion(Celula*, int, curandStateXORWOW*)",1024,1024,55,0,88670208,8192
2833,12769692389,12777455037,7762648,7.762648,"funcionTransicion(Celula*, int, curandStateXORWOW*)",1024,1024,55,0,88670208,8192
2834,12778325304,12785883282,7557978,7.557978,"funcionTransicion(Celula*, int, curandStateXORWOW*)",1024,1024,55,0,88670208,8192
2835,12786753325,12794489029,7735704,7.735704,"funcionTransicion(Celula*, int, curandStateXORWOW*)",1024,1024,55,0,88670208,8192
2836,12795360769,12803062905,7702136,7.702136,"funcionTransicion(Celula*, int, curandStateXORWOW*)",1024,1024,55,0,88670208,8192
2837,12803927541,12811567822,7640281,7.640281,"funcionTransicion(Celula*, int, curandStateXORWOW*)",1024,1024,55,0,88670208,8192
2838,12812437993,12820066658,7628665,7.628665,"funcionTransicion(Celula*, int, curandStateXORWOW*)",1024,1024,55,0,88670208,8192
2839,12820935486,12828529623,7594137,7.594137,"funcionTransicion(Celula*, int, curandStateXORWOW*)",1024,1024,55,0,88670208,8192
2840,12829394610,12837126250,7731640,7.73164,"funcionTransicion(Celula*, int, curandStateXORWOW*)",1024,1024,55,0,88670208,8192
2841,12837994758,12845659519,7664761,7.664761,"funcionTransicion(Celula*, int, curandStateXORWOW*)",1024,1024,55,0,88670208,8192
2842,12846524410,12854323826,7799416,7.799416,"funcionTransicion(Celula*, int, curandStateXORWOW*)",1024,1024,55,0,88670208,8192
2843,12855190574,12862851975,7661401,7.661401,"funcionTransicion(Celula*, int, curandStateXORWOW*)",1024,1024,55,0,88670208,8192
2844,12863719394,12871517914,7798520,7.79852,"funcionTransicion(Celula*, int, curandStateXORWOW*)",1024,1024,55,0,88670208,8192
2845,12872389205,12880103374,7714169,7.714169,"funcionTransicion(Celula*, int, curandStateXORWOW*)",1024,1024,55,0,88670208,8192
2846,12880971594,12888819329,7847735,7.847735,"funcionTransicion(Celula*, int, curandStateXORWOW*)",1024,1024,55,0,88670208,8192
2847,12889683709,12897382549,7698840,7.69884,"funcionTransicion(Celula*, int, curandStateXORWOW*)",1024,1024,55,0,88670208,8192
2848,12898248849,12906024585,7775736,7.775736,"funcionTransicion(Celula*, int, curandStateXORWOW*)",1024,1024,55,0,88670208,8192
2849,12906896420,12914802588,7906168,7.906168,"funcionTransicion(Celula*, int, curandStateXORWOW*)",1024,1024,55,0,88670208,8192
2850,12915673143,12923634542,7961399,7.961399,"funcionTransicion(Celula*, int, curandStateXORWOW*)",1024,1024,55,0,88670208,8192
2851,12924510186,12932420865,7910679,7.910679,"funcionTransicion(Celula*, int, curandStateXORWOW*)",1024,1024,55,0,88670208,8192
2852,12933296156,12941249332,7953176,7.953176,"funcionTransicion(Celula*, int, curandStateXORWOW*)",1024,1024,55,0,88670208,8192
2853,12942121615,12950070439,7948824,7.948824,"funcionTransicion(Celula*, int, curandStateXORWOW*)",1024,1024,55,0,88670208,8192
2854,12950950818,12958938617,7987799,7.987799,"funcionTransicion(Celula*, int, curandStateXORWOW*)",1024,1024,55,0,88670208,8192
2855,12959817076,12967705836,7888760,7.88876,"funcionTransicion(Celula*, int, curandStateXORWOW*)",1024,1024,55,0,88670208,8192
2856,12968571016,12976126017,7555001,7.555001,"funcionTransicion(Celula*, int, curandStateXORWOW*)",1024,1024,55,0,88670208,8192
2857,12977024540,12984884372,7859832,7.859832,"funcionTransicion(Celula*, int, curandStateXORWOW*)",1024,1024,55,0,88670208,8192
2858,12985756943,12993483399,7726456,7.726456,"funcionTransicion(Celula*, int, curandStateXORWOW*)",1024,1024,55,0,88670208,8192
2859,12994346051,13002185467,7839416,7.839416,"funcionTransicion(Celula*, int, curandStateXORWOW*)",1024,1024,55,0,88670208,8192
2860,13003056054,13010890830,7834776,7.834776,"funcionTransicion(Celula*, int, curandStateXORWOW*)",1024,1024,55,0,88670208,8192
2861,13011756234,13019692321,7936087,7.936087,"funcionTransicion(Celula*, int, curandStateXORWOW*)",1024,1024,55,0,88670208,8192
2862,13020569789,13028596307,8026518,8.026518,"funcionTransicion(Celula*, int, curandStateXORWOW*)",1024,1024,55,0,88670208,8192
2863,13029474543,13037431750,7957207,7.957207,"funcionTransicion(Celula*, int, curandStateXORWOW*)",1024,1024,55,0,88670208,8192
2864,13038304225,13046193305,7889080,7.88908,"funcionTransicion(Celula*, int, curandStateXORWOW*)",1024,1024,55,0,88670208,8192
2865,13047062549,13054972524,7909975,7.909975,"funcionTransicion(Celula*, int, curandStateXORWOW*)",1024,1024,55,0,88670208,8192
2866,13055843175,13063711679,7868504,7.868504,"funcionTransicion(Celula*, int, curandStateXORWOW*)",1024,1024,55,0,88670208,8192
2867,13064588922,13072340243,7751321,7.751321,"funcionTransicion(Celula*, int, curandStateXORWOW*)",1024,1024,55,0,88670208,8192
2868,13073211822,13081188325,7976503,7.976503,"funcionTransicion(Celula*, int, curandStateXORWOW*)",1024,1024,55,0,88670208,8192
2869,13082060193,13089948280,7888087,7.888087,"funcionTransicion(Celula*, int, curandStateXORWOW*)",1024,1024,55,0,88670208,8192
2870,13090829396,13098666251,7836855,7.836855,"funcionTransicion(Celula*, int, curandStateXORWOW*)",1024,1024,55,0,88670208,8192
2871,13099542151,13107367391,7825240,7.82524,"funcionTransicion(Celula*, int, curandStateXORWOW*)",1024,1024,55,0,88670208,8192
2872,13108236922,13116297745,8060823,8.060823,"funcionTransicion(Celula*, int, curandStateXORWOW*)",1024,1024,55,0,88670208,8192
2873,13117166700,13125168483,8001783,8.001783,"funcionTransicion(Celula*, int, curandStateXORWOW*)",1024,1024,55,0,88670208,8192
2874,13126040703,13133984022,7943319,7.943319,"funcionTransicion(Celula*, int, curandStateXORWOW*)",1024,1024,55,0,88670208,8192
2875,13134860113,13142607434,7747321,7.747321,"funcionTransicion(Celula*, int, curandStateXORWOW*)",1024,1024,55,0,88670208,8192
2876,13143477413,13151369501,7892088,7.892088,"funcionTransicion(Celula*, int, curandStateXORWOW*)",1024,1024,55,0,88670208,8192
2877,13152241560,13160275823,8034263,8.034263,"funcionTransicion(Celula*, int, curandStateXORWOW*)",1024,1024,55,0,88670208,8192
2878,13161144075,13169136257,7992182,7.992182,"funcionTransicion(Celula*, int, curandStateXORWOW*)",1024,1024,55,0,88670208,8192
2879,13170013917,13177962196,7948279,7.948279,"funcionTransicion(Celula*, int, curandStateXORWOW*)",1024,1024,55,0,88670208,8192
2880,13178829264,13186810215,7980951,7.980951,"funcionTransicion(Celula*, int, curandStateXORWOW*)",1024,1024,55,0,88670208,8192
2881,13298925511,13306804543,7879032,7.879032,"funcionTransicion(Celula*, int, curandStateXORWOW*)",1024,1024,55,0,88670208,8192
2882,13307685722,13315563121,7877399,7.877399,"funcionTransicion(Celula*, int, curandStateXORWOW*)",1024,1024,55,0,88670208,8192
2883,13316432333,13324224421,7792088,7.792088,"funcionTransicion(Celula*, int, curandStateXORWOW*)",1024,1024,55,0,88670208,8192
2884,13325092033,13333228311,8136278,8.136278,"funcionTransicion(Celula*, int, curandStateXORWOW*)",1024,1024,55,0,88670208,8192
2885,13334100626,13342019274,7918648,7.918648,"funcionTransicion(Celula*, int, curandStateXORWOW*)",1024,1024,55,0,88670208,8192
2886,13342899525,13350928828,8029303,8.029303,"funcionTransicion(Celula*, int, curandStateXORWOW*)",1024,1024,55,0,88670208,8192
2887,13351800664,13359736815,7936151,7.936151,"funcionTransicion(Celula*, int, curandStateXORWOW*)",1024,1024,55,0,88670208,8192
2888,13360610506,13368628417,8017911,8.017911,"funcionTransicion(Celula*, int, curandStateXORWOW*)",1024,1024,55,0,88670208,8192
2889,13369486397,13377610675,8124278,8.124278,"funcionTransicion(Celula*, int, curandStateXORWOW*)",1024,1024,55,0,88670208,8192
2890,13378491790,13386626757,8134967,8.134967,"funcionTransicion(Celula*, int, curandStateXORWOW*)",1024,1024,55,0,88670208,8192
2891,13387501248,13395359064,7857816,7.857816,"funcionTransicion(Celula*, int, curandStateXORWOW*)",1024,1024,55,0,88670208,8192
2892,13396237779,13404279914,8042135,8.042135,"funcionTransicion(Celula*, int, curandStateXORWOW*)",1024,1024,55,0,88670208,8192
2893,13405156613,13413117372,7960759,7.960759,"funcionTransicion(Celula*, int, curandStateXORWOW*)",1024,1024,55,0,88670208,8192
2894,13413988312,13421935791,7947479,7.947479,"funcionTransicion(Celula*, int, curandStateXORWOW*)",1024,1024,55,0,88670208,8192
2895,13422812714,13430934625,8121911,8.121911,"funcionTransicion(Celula*, int, curandStateXORWOW*)",1024,1024,55,0,88670208,8192
2896,13431818140,13439821331,8003191,8.003191,"funcionTransicion(Celula*, int, curandStateXORWOW*)",1024,1024,55,0,88670208,8192
2897,13440689743,13448734438,8044695,8.044695,"funcionTransicion(Celula*, int, curandStateXORWOW*)",1024,1024,55,0,88670208,8192
2898,13449609601,13457396633,7787032,7.787032,"funcionTransicion(Celula*, int, curandStateXORWOW*)",1024,1024,55,0,88670208,8192
2899,13458265973,13465957101,7691128,7.691128,"funcionTransicion(Celula*, int, curandStateXORWOW*)",1024,1024,55,0,88670208,8192
2900,13466832105,13474676768,7844663,7.844663,"funcionTransicion(Celula*, int, curandStateXORWOW*)",1024,1024,55,0,88670208,8192
2901,13475547932,13483519283,7971351,7.971351,"funcionTransicion(Celula*, int, curandStateXORWOW*)",1024,1024,55,0,88670208,8192
2902,13484386607,13492139143,7752536,7.752536,"funcionTransicion(Celula*, int, curandStateXORWOW*)",1024,1024,55,0,88670208,8192
2903,13493014466,13500594139,7579673,7.579673,"funcionTransicion(Celula*, int, curandStateXORWOW*)",1024,1024,55,0,88670208,8192
2904,13501473718,13509109808,7636090,7.63609,"funcionTransicion(Celula*, int, curandStateXORWOW*)",1024,1024,55,0,88670208,8192
2905,13510047818,13517484932,7437114,7.437114,"funcionTransicion(Celula*, int, curandStateXORWOW*)",1024,1024,55,0,88670208,8192
2906,13518358592,13525879449,7520857,7.520857,"funcionTransicion(Celula*, int, curandStateXORWOW*)",1024,1024,55,0,88670208,8192
2907,13526757909,13534595148,7837239,7.837239,"funcionTransicion(Celula*, int, curandStateXORWOW*)",1024,1024,55,0,88670208,8192
2908,13535472264,13543346048,7873784,7.873784,"funcionTransicion(Celula*, int, curandStateXORWOW*)",1024,1024,55,0,88670208,8192
2909,13544219387,13552252626,8033239,8.033239,"funcionTransicion(Celula*, int, curandStateXORWOW*)",1024,1024,55,0,88670208,8192
2910,13553130221,13561179620,8049399,8.049399,"funcionTransicion(Celula*, int, curandStateXORWOW*)",1024,1024,55,0,88670208,8192
2911,13562058912,13570023350,7964438,7.964438,"funcionTransicion(Celula*, int, curandStateXORWOW*)",1024,1024,55,0,88670208,8192
2912,13570898258,13578879753,7981495,7.981495,"funcionTransicion(Celula*, int, curandStateXORWOW*)",1024,1024,55,0,88670208,8192
2913,13579752133,13587657212,7905079,7.905079,"funcionTransicion(Celula*, int, curandStateXORWOW*)",1024,1024,55,0,88670208,8192
2914,13588529336,13596657038,8127702,8.127702,"funcionTransicion(Celula*, int, curandStateXORWOW*)",1024,1024,55,0,88670208,8192
2915,13597535753,13605375041,7839288,7.839288,"funcionTransicion(Celula*, int, curandStateXORWOW*)",1024,1024,55,0,88670208,8192
2916,13606256989,13614240947,7983958,7.983958,"funcionTransicion(Celula*, int, curandStateXORWOW*)",1024,1024,55,0,88670208,8192
2917,13615114607,13622921383,7806776,7.806776,"funcionTransicion(Celula*, int, curandStateXORWOW*)",1024,1024,55,0,88670208,8192
2918,13623797315,13631660954,7863639,7.863639,"funcionTransicion(Celula*, int, curandStateXORWOW*)",1024,1024,55,0,88670208,8192
2919,13632538549,13640442605,7904056,7.904056,"funcionTransicion(Celula*, int, curandStateXORWOW*)",1024,1024,55,0,88670208,8192
2920,13641324233,13649143008,7818775,7.818775,"funcionTransicion(Celula*, int, curandStateXORWOW*)",1024,1024,55,0,88670208,8192
2921,13650027068,13658034547,8007479,8.007479,"funcionTransicion(Celula*, int, curandStateXORWOW*)",1024,1024,55,0,88670208,8192
2922,13658913806,13667260835,8347029,8.347029,"funcionTransicion(Celula*, int, curandStateXORWOW*)",1024,1024,55,0,88670208,8192
2923,13668145119,13676306293,8161174,8.161174,"funcionTransicion(Celula*, int, curandStateXORWOW*)",1024,1024,55,0,88670208,8192
2924,13677183600,13685060328,7876728,7.876728,"funcionTransicion(Celula*, int, curandStateXORWOW*)",1024,1024,55,0,88670208,8192
2925,13685934659,13693809211,7874552,7.874552,"funcionTransicion(Celula*, int, curandStateXORWOW*)",1024,1024,55,0,88670208,8192
2926,13694684919,13702765517,8080598,8.080598,"funcionTransicion(Celula*, int, curandStateXORWOW*)",1024,1024,55,0,88670208,8192
2927,13703642121,13711720575,8078454,8.078454,"funcionTransicion(Celula*, int, curandStateXORWOW*)",1024,1024,55,0,88670208,8192
2928,13712596634,13720574386,7977752,7.977752,"funcionTransicion(Celula*, int, curandStateXORWOW*)",1024,1024,55,0,88670208,8192
2929,13721476365,13729681443,8205078,8.205078,"funcionTransicion(Celula*, int, curandStateXORWOW*)",1024,1024,55,0,88670208,8192
2930,13730557822,13738511573,7953751,7.953751,"funcionTransicion(Celula*, int, curandStateXORWOW*)",1024,1024,55,0,88670208,8192
2931,13739393361,13747618503,8225142,8.225142,"funcionTransicion(Celula*, int, curandStateXORWOW*)",1024,1024,55,0,88670208,8192
2932,13748495234,13756964662,8469428,8.469428,"funcionTransicion(Celula*, int, curandStateXORWOW*)",1024,1024,55,0,88670208,8192
2933,13757834642,13766135911,8301269,8.301269,"funcionTransicion(Celula*, int, curandStateXORWOW*)",1024,1024,55,0,88670208,8192
2934,13767012931,13775375288,8362357,8.362357,"funcionTransicion(Celula*, int, curandStateXORWOW*)",1024,1024,55,0,88670208,8192
2935,13776254899,13784587945,8333046,8.333046,"funcionTransicion(Celula*, int, curandStateXORWOW*)",1024,1024,55,0,88670208,8192
2936,13785470276,13793783225,8312949,8.312949,"funcionTransicion(Celula*, int, curandStateXORWOW*)",1024,1024,55,0,88670208,8192
2937,13794660885,13803193705,8532820,8.53282,"funcionTransicion(Celula*, int, curandStateXORWOW*)",1024,1024,55,0,88670208,8192
2938,13804085028,13812444633,8359605,8.359605,"funcionTransicion(Celula*, int, curandStateXORWOW*)",1024,1024,55,0,88670208,8192
2939,13813323157,13821908873,8585716,8.585716,"funcionTransicion(Celula*, int, curandStateXORWOW*)",1024,1024,55,0,88670208,8192
2940,13822788036,13831333689,8545653,8.545653,"funcionTransicion(Celula*, int, curandStateXORWOW*)",1024,1024,55,0,88670208,8192
2941,13832210388,13840988615,8778227,8.778227,"funcionTransicion(Celula*, int, curandStateXORWOW*)",1024,1024,55,0,88670208,8192
2942,13841873635,13850508662,8635027,8.635027,"funcionTransicion(Celula*, int, curandStateXORWOW*)",1024,1024,55,0,88670208,8192
2943,13851382354,13859695015,8312661,8.312661,"funcionTransicion(Celula*, int, curandStateXORWOW*)",1024,1024,55,0,88670208,8192
2944,13860579874,13869006615,8426741,8.426741,"funcionTransicion(Celula*, int, curandStateXORWOW*)",1024,1024,55,0,88670208,8192
2945,13869893938,13878386887,8492949,8.492949,"funcionTransicion(Celula*, int, curandStateXORWOW*)",1024,1024,55,0,88670208,8192
2946,13879266339,13887756503,8490164,8.490164,"funcionTransicion(Celula*, int, curandStateXORWOW*)",1024,1024,55,0,88670208,8192
2947,13888625330,13897093223,8467893,8.467893,"funcionTransicion(Celula*, int, curandStateXORWOW*)",1024,1024,55,0,88670208,8192
2948,13897969346,13906485943,8516597,8.516597,"funcionTransicion(Celula*, int, curandStateXORWOW*)",1024,1024,55,0,88670208,8192
2949,13907364114,13915908774,8544660,8.54466,"funcionTransicion(Celula*, int, curandStateXORWOW*)",1024,1024,55,0,88670208,8192
2950,13916785890,13925678164,8892274,8.892274,"funcionTransicion(Celula*, int, curandStateXORWOW*)",1024,1024,55,0,88670208,8192
2951,13926554959,13935325347,8770388,8.770388,"funcionTransicion(Celula*, int, curandStateXORWOW*)",1024,1024,55,0,88670208,8192
2952,13936209566,13944942513,8732947,8.732947,"funcionTransicion(Celula*, int, curandStateXORWOW*)",1024,1024,55,0,88670208,8192
2953,13945844268,13954479680,8635412,8.635412,"funcionTransicion(Celula*, int, curandStateXORWOW*)",1024,1024,55,0,88670208,8192
2954,13955361916,13964075407,8713491,8.713491,"funcionTransicion(Celula*, int, curandStateXORWOW*)",1024,1024,55,0,88670208,8192
2955,13964961898,13973912860,8950962,8.950962,"funcionTransicion(Celula*, int, curandStateXORWOW*)",1024,1024,55,0,88670208,8192
2956,13974792760,13983611595,8818835,8.818835,"funcionTransicion(Celula*, int, curandStateXORWOW*)",1024,1024,55,0,88670208,8192
2957,13984500070,13993410552,8910482,8.910482,"funcionTransicion(Celula*, int, curandStateXORWOW*)",1024,1024,55,0,88670208,8192
2958,13994286452,14003003591,8717139,8.717139,"funcionTransicion(Celula*, int, curandStateXORWOW*)",1024,1024,55,0,88670208,8192
2959,14003878722,14012666677,8787955,8.787955,"funcionTransicion(Celula*, int, curandStateXORWOW*)",1024,1024,55,0,88670208,8192
2960,14013552017,14022634626,9082609,9.082609,"funcionTransicion(Celula*, int, curandStateXORWOW*)",1024,1024,55,0,88670208,8192
2961,14023516670,14032315920,8799250,8.79925,"funcionTransicion(Celula*, int, curandStateXORWOW*)",1024,1024,55,0,88670208,8192
2962,14033200844,14042091326,8890482,8.890482,"funcionTransicion(Celula*, int, curandStateXORWOW*)",1024,1024,55,0,88670208,8192
2963,14042968570,14051761133,8792563,8.792563,"funcionTransicion(Celula*, int, curandStateXORWOW*)",1024,1024,55,0,88670208,8192
2964,14052636456,14061761017,9124561,9.124561,"funcionTransicion(Celula*, int, curandStateXORWOW*)",1024,1024,55,0,88670208,8192
2965,14062638805,14071599431,8960626,8.960626,"funcionTransicion(Celula*, int, curandStateXORWOW*)",1024,1024,55,0,88670208,8192
2966,14072478210,14081148566,8670356,8.670356,"funcionTransicion(Celula*, int, curandStateXORWOW*)",1024,1024,55,0,88670208,8192
2967,14082024017,14090882308,8858291,8.858291,"funcionTransicion(Celula*, int, curandStateXORWOW*)",1024,1024,55,0,88670208,8192
2968,14091766623,14100522578,8755955,8.755955,"funcionTransicion(Celula*, int, curandStateXORWOW*)",1024,1024,55,0,88670208,8192
2969,14101401838,14110390304,8988466,8.988466,"funcionTransicion(Celula*, int, curandStateXORWOW*)",1024,1024,55,0,88670208,8192
2970,14111275419,14120108014,8832595,8.832595,"funcionTransicion(Celula*, int, curandStateXORWOW*)",1024,1024,55,0,88670208,8192
2971,14120985289,14129988955,9003666,9.003666,"funcionTransicion(Celula*, int, curandStateXORWOW*)",1024,1024,55,0,88670208,8192
2972,14130869942,14139973831,9103889,9.103889,"funcionTransicion(Celula*, int, curandStateXORWOW*)",1024,1024,55,0,88670208,8192
2973,14140861827,14149744245,8882418,8.882418,"funcionTransicion(Celula*, int, curandStateXORWOW*)",1024,1024,55,0,88670208,8192
2974,14150629873,14159492451,8862578,8.862578,"funcionTransicion(Celula*, int, curandStateXORWOW*)",1024,1024,55,0,88670208,8192
2975,14160379199,14169539952,9160753,9.160753,"funcionTransicion(Celula*, int, curandStateXORWOW*)",1024,1024,55,0,88670208,8192
2976,14170429611,14179555836,9126225,9.126225,"funcionTransicion(Celula*, int, curandStateXORWOW*)",1024,1024,55,0,88670208,8192
2977,14180487608,14189528105,9040497,9.040497,"funcionTransicion(Celula*, int, curandStateXORWOW*)",1024,1024,55,0,88670208,8192
2978,14190410021,14199503766,9093745,9.093745,"funcionTransicion(Celula*, int, curandStateXORWOW*)",1024,1024,55,0,88670208,8192
2979,14200382129,14209359203,8977074,8.977074,"funcionTransicion(Celula*, int, curandStateXORWOW*)",1024,1024,55,0,88670208,8192
2980,14210246910,14219108177,8861267,8.861267,"funcionTransicion(Celula*, int, curandStateXORWOW*)",1024,1024,55,0,88670208,8192
2981,14219985133,14228996030,9010897,9.010897,"funcionTransicion(Celula*, int, curandStateXORWOW*)",1024,1024,55,0,88670208,8192
2982,14229878618,14238691404,8812786,8.812786,"funcionTransicion(Celula*, int, curandStateXORWOW*)",1024,1024,55,0,88670208,8192
2983,14239575240,14248627610,9052370,9.05237,"funcionTransicion(Celula*, int, curandStateXORWOW*)",1024,1024,55,0,88670208,8192
2984,14249511957,14258552006,9040049,9.040049,"funcionTransicion(Celula*, int, curandStateXORWOW*)",1024,1024,55,0,88670208,8192
2985,14259433122,14268287765,8854643,8.854643,"funcionTransicion(Celula*, int, curandStateXORWOW*)",1024,1024,55,0,88670208,8192
2986,14269171824,14278237122,9065298,9.065298,"funcionTransicion(Celula*, int, curandStateXORWOW*)",1024,1024,55,0,88670208,8192
2987,14279117437,14288133807,9016370,9.01637,"funcionTransicion(Celula*, int, curandStateXORWOW*)",1024,1024,55,0,88670208,8192
2988,14289024330,14298177147,9152817,9.152817,"funcionTransicion(Celula*, int, curandStateXORWOW*)",1024,1024,55,0,88670208,8192
2989,14299057462,14307986889,8929427,8.929427,"funcionTransicion(Celula*, int, curandStateXORWOW*)",1024,1024,55,0,88670208,8192
2990,14308883588,14317928054,9044466,9.044466,"funcionTransicion(Celula*, int, curandStateXORWOW*)",1024,1024,55,0,88670208,8192
2991,14318815985,14327995170,9179185,9.179185,"funcionTransicion(Celula*, int, curandStateXORWOW*)",1024,1024,55,0,88670208,8192
2992,14328877053,14337761264,8884211,8.884211,"funcionTransicion(Celula*, int, curandStateXORWOW*)",1024,1024,55,0,88670208,8192
2993,14338645067,14347666685,9021618,9.021618,"funcionTransicion(Celula*, int, curandStateXORWOW*)",1024,1024,55,0,88670208,8192
2994,14348553016,14357520138,8967122,8.967122,"funcionTransicion(Celula*, int, curandStateXORWOW*)",1024,1024,55,0,88670208,8192
2995,14358399878,14367489015,9089137,9.089137,"funcionTransicion(Celula*, int, curandStateXORWOW*)",1024,1024,55,0,88670208,8192
2996,14368369235,14377455492,9086257,9.086257,"funcionTransicion(Celula*, int, curandStateXORWOW*)",1024,1024,55,0,88670208,8192
2997,14378337888,14387388465,9050577,9.050577,"funcionTransicion(Celula*, int, curandStateXORWOW*)",1024,1024,55,0,88670208,8192
2998,14388276012,14397404029,9128017,9.128017,"funcionTransicion(Celula*, int, curandStateXORWOW*)",1024,1024,55,0,88670208,8192
2999,14398289241,14407395722,9106481,9.106481,"funcionTransicion(Celula*, int, curandStateXORWOW*)",1024,1024,55,0,88670208,8192
3000,14408286182,14417570390,9284208,9.284208,"funcionTransicion(Celula*, int, curandStateXORWOW*)",1024,1024,55,0,88670208,8192
3001,14534346142,14543432176,9086034,9.086034,"funcionTransicion(Celula*, int, curandStateXORWOW*)",1024,1024,55,0,88670208,8192
3002,14544313611,14553278109,8964498,8.964498,"funcionTransicion(Celula*, int, curandStateXORWOW*)",1024,1024,55,0,88670208,8192
3003,14554164088,14563234186,9070098,9.070098,"funcionTransicion(Celula*, int, curandStateXORWOW*)",1024,1024,55,0,88670208,8192
3004,14564118309,14572969048,8850739,8.850739,"funcionTransicion(Celula*, int, curandStateXORWOW*)",1024,1024,55,0,88670208,8192
3005,14573845523,14582992324,9146801,9.146801,"funcionTransicion(Celula*, int, curandStateXORWOW*)",1024,1024,55,0,88670208,8192
3006,14583868160,14593018897,9150737,9.150737,"funcionTransicion(Celula*, int, curandStateXORWOW*)",1024,1024,55,0,88670208,8192
3007,14593893516,14603125533,9232017,9.232017,"funcionTransicion(Celula*, int, curandStateXORWOW*)",1024,1024,55,0,88670208,8192
3008,14604004441,14613046250,9041809,9.041809,"funcionTransicion(Celula*, int, curandStateXORWOW*)",1024,1024,55,0,88670208,8192
3009,14613928325,14622914263,8985938,8.985938,"funcionTransicion(Celula*, int, curandStateXORWOW*)",1024,1024,55,0,88670208,8192
3010,14623800915,14633018563,9217648,9.217648,"funcionTransicion(Celula*, int, curandStateXORWOW*)",1024,1024,55,0,88670208,8192
3011,14633898143,14643126480,9228337,9.228337,"funcionTransicion(Celula*, int, curandStateXORWOW*)",1024,1024,55,0,88670208,8192
3012,14644005451,14653320667,9315216,9.315216,"funcionTransicion(Celula*, int, curandStateXORWOW*)",1024,1024,55,0,88670208,8192
3013,14654206839,14663387303,9180464,9.180464,"funcionTransicion(Celula*, int, curandStateXORWOW*)",1024,1024,55,0,88670208,8192
3014,14664266691,14673573459,9306768,9.306768,"funcionTransicion(Celula*, int, curandStateXORWOW*)",1024,1024,55,0,88670208,8192
3015,14674467054,14683608256,9141202,9.141202,"funcionTransicion(Celula*, int, curandStateXORWOW*)",1024,1024,55,0,88670208,8192
3016,14684488539,14693833419,9344880,9.34488,"funcionTransicion(Celula*, int, curandStateXORWOW*)",1024,1024,55,0,88670208,8192
3017,14694723591,14704045751,9322160,9.32216,"funcionTransicion(Celula*, int, curandStateXORWOW*)",1024,1024,55,0,88670208,8192
3018,14704934194,14714233570,9299376,9.299376,"funcionTransicion(Celula*, int, curandStateXORWOW*)",1024,1024,55,0,88670208,8192
3019,14715117918,14724394510,9276592,9.276592,"funcionTransicion(Celula*, int, curandStateXORWOW*)",1024,1024,55,0,88670208,8192
3020,14725275850,14734495450,9219600,9.2196,"funcionTransicion(Celula*, int, curandStateXORWOW*)",1024,1024,55,0,88670208,8192
3021,14735376758,14744660230,9283472,9.283472,"funcionTransicion(Celula*, int, curandStateXORWOW*)",1024,1024,55,0,88670208,8192
3022,14745539682,14754963249,9423567,9.423567,"funcionTransicion(Celula*, int, curandStateXORWOW*)",1024,1024,55,0,88670208,8192
3023,14755849581,14765031453,9181872,9.181872,"funcionTransicion(Celula*, int, curandStateXORWOW*)",1024,1024,55,0,88670208,8192
3024,14765923417,14775184201,9260784,9.260784,"funcionTransicion(Celula*, int, curandStateXORWOW*)",1024,1024,55,0,88670208,8192
3025,14776156708,14785448917,9292209,9.292209,"funcionTransicion(Celula*, int, curandStateXORWOW*)",1024,1024,55,0,88670208,8192
3026,14786340624,14795860415,9519791,9.519791,"funcionTransicion(Celula*, int, curandStateXORWOW*)",1024,1024,55,0,88670208,8192
3027,14796742458,14805907435,9164977,9.164977,"funcionTransicion(Celula*, int, curandStateXORWOW*)",1024,1024,55,0,88670208,8192
3028,14806787719,14816006743,9219024,9.219024,"funcionTransicion(Celula*, int, curandStateXORWOW*)",1024,1024,55,0,88670208,8192
3029,14816886291,14826248067,9361776,9.361776,"funcionTransicion(Celula*, int, curandStateXORWOW*)",1024,1024,55,0,88670208,8192
3030,14827138143,14836641262,9503119,9.503119,"funcionTransicion(Celula*, int, curandStateXORWOW*)",1024,1024,55,0,88670208,8192
3031,14837522857,14846887353,9364496,9.364496,"funcionTransicion(Celula*, int, curandStateXORWOW*)",1024,1024,55,0,88670208,8192
3032,14847773301,14857336611,9563310,9.56331,"funcionTransicion(Celula*, int, curandStateXORWOW*)",1024,1024,55,0,88670208,8192
3033,14858228895,14867789134,9560239,9.560239,"funcionTransicion(Celula*, int, curandStateXORWOW*)",1024,1024,55,0,88670208,8192
3034,14868675369,14877999065,9323696,9.323696,"funcionTransicion(Celula*, int, curandStateXORWOW*)",1024,1024,55,0,88670208,8192
3035,14878880181,14888254245,9374064,9.374064,"funcionTransicion(Celula*, int, curandStateXORWOW*)",1024,1024,55,0,88670208,8192
3036,14889135776,14898288273,9152497,9.152497,"funcionTransicion(Celula*, int, curandStateXORWOW*)",1024,1024,55,0,88670208,8192
3037,14899174221,14908476221,9302000,9.302,"funcionTransicion(Celula*, int, curandStateXORWOW*)",1024,1024,55,0,88670208,8192
3038,14909351705,14918613129,9261424,9.261424,"funcionTransicion(Celula*, int, curandStateXORWOW*)",1024,1024,55,0,88670208,8192
3039,14919489892,14928812116,9322224,9.322224,"funcionTransicion(Celula*, int, curandStateXORWOW*)",1024,1024,55,0,88670208,8192
3040,14929709744,14939010720,9300976,9.300976,"funcionTransicion(Celula*, int, curandStateXORWOW*)",1024,1024,55,0,88670208,8192
3041,14939905691,14949419243,9513552,9.513552,"funcionTransicion(Celula*, int, curandStateXORWOW*)",1024,1024,55,0,88670208,8192
3042,14950302598,14959783093,9480495,9.480495,"funcionTransicion(Celula*, int, curandStateXORWOW*)",1024,1024,55,0,88670208,8192
3043,14960662609,14970038465,9375856,9.375856,"funcionTransicion(Celula*, int, curandStateXORWOW*)",1024,1024,55,0,88670208,8192
3044,14970927676,14980251020,9323344,9.323344,"funcionTransicion(Celula*, int, curandStateXORWOW*)",1024,1024,55,0,88670208,8192
3045,14981132712,14990461208,9328496,9.328496,"funcionTransicion(Celula*, int, curandStateXORWOW*)",1024,1024,55,0,88670208,8192
3046,14991339635,15000763011,9423376,9.423376,"funcionTransicion(Celula*, int, curandStateXORWOW*)",1024,1024,55,0,88670208,8192
3047,15001643774,15011163213,9519439,9.519439,"funcionTransicion(Celula*, int, curandStateXORWOW*)",1024,1024,55,0,88670208,8192
3048,15012054889,15021452152,9397263,9.397263,"funcionTransicion(Celula*, int, curandStateXORWOW*)",1024,1024,55,0,88670208,8192
3049,15022362804,15031713572,9350768,9.350768,"funcionTransicion(Celula*, int, curandStateXORWOW*)",1024,1024,55,0,88670208,8192
3050,15032595391,15042093359,9497968,9.497968,"funcionTransicion(Celula*, int, curandStateXORWOW*)",1024,1024,55,0,88670208,8192
3051,15042976938,15052402778,9425840,9.42584,"funcionTransicion(Celula*, int, curandStateXORWOW*)",1024,1024,55,0,88670208,8192
3052,15053281493,15062818052,9536559,9.536559,"funcionTransicion(Celula*, int, curandStateXORWOW*)",1024,1024,55,0,88670208,8192
3053,15063696960,15073052912,9355952,9.355952,"funcionTransicion(Celula*, int, curandStateXORWOW*)",1024,1024,55,0,88670208,8192
3054,15073934699,15083432026,9497327,9.497327,"funcionTransicion(Celula*, int, curandStateXORWOW*)",1024,1024,55,0,88670208,8192
3055,15084314262,15093645510,9331248,9.331248,"funcionTransicion(Celula*, int, curandStateXORWOW*)",1024,1024,55,0,88670208,8192
3056,15094521154,15103915217,9394063,9.394063,"funcionTransicion(Celula*, int, curandStateXORWOW*)",1024,1024,55,0,88670208,8192
3057,15104799341,15114428987,9629646,9.629646,"funcionTransicion(Celula*, int, curandStateXORWOW*)",1024,1024,55,0,88670208,8192
3058,15115325718,15124739686,9413968,9.413968,"funcionTransicion(Celula*, int, curandStateXORWOW*)",1024,1024,55,0,88670208,8192
3059,15125622466,15135150929,9528463,9.528463,"funcionTransicion(Celula*, int, curandStateXORWOW*)",1024,1024,55,0,88670208,8192
3060,15136037292,15145549115,9511823,9.511823,"funcionTransicion(Celula*, int, curandStateXORWOW*)",1024,1024,55,0,88670208,8192
3061,15146433687,15156064485,9630798,9.630798,"funcionTransicion(Celula*, int, curandStateXORWOW*)",1024,1024,55,0,88670208,8192
3062,15156959393,15166461680,9502287,9.502287,"funcionTransicion(Celula*, int, curandStateXORWOW*)",1024,1024,55,0,88670208,8192
3063,15167337836,15177091289,9753453,9.753453,"funcionTransicion(Celula*, int, curandStateXORWOW*)",1024,1024,55,0,88670208,8192
3064,15177971317,15187737827,9766510,9.76651,"funcionTransicion(Celula*, int, curandStateXORWOW*)",1024,1024,55,0,88670208,8192
3065,15188622046,15198581163,9959117,9.959117,"funcionTransicion(Celula*, int, curandStateXORWOW*)",1024,1024,55,0,88670208,8192
3066,15199474758,15209236788,9762030,9.76203,"funcionTransicion(Celula*, int, curandStateXORWOW*)",1024,1024,55,0,88670208,8192
3067,15210124783,15220015869,9891086,9.891086,"funcionTransicion(Celula*, int, curandStateXORWOW*)",1024,1024,55,0,88670208,8192
3068,15220905432,15230635398,9729966,9.729966,"funcionTransicion(Celula*, int, curandStateXORWOW*)",1024,1024,55,0,88670208,8192
3069,15231520898,15241408271,9887373,9.887373,"funcionTransicion(Celula*, int, curandStateXORWOW*)",1024,1024,55,0,88670208,8192
3070,15242298058,15252345495,10047437,10.047437,"funcionTransicion(Celula*, int, curandStateXORWOW*)",1024,1024,55,0,88670208,8192
3071,15253230578,15263052000,9821422,9.821422,"funcionTransicion(Celula*, int, curandStateXORWOW*)",1024,1024,55,0,88670208,8192
3072,15263946235,15273783337,9837102,9.837102,"funcionTransicion(Celula*, int, curandStateXORWOW*)",1024,1024,55,0,88670208,8192
3073,15274693604,15284485042,9791438,9.791438,"funcionTransicion(Celula*, int, curandStateXORWOW*)",1024,1024,55,0,88670208,8192
3074,15285364589,15295270842,9906253,9.906253,"funcionTransicion(Celula*, int, curandStateXORWOW*)",1024,1024,55,0,88670208,8192
3075,15296158038,15305988451,9830413,9.830413,"funcionTransicion(Celula*, int, curandStateXORWOW*)",1024,1024,55,0,88670208,8192
3076,15306876447,15316750892,9874445,9.874445,"funcionTransicion(Celula*, int, curandStateXORWOW*)",1024,1024,55,0,88670208,8192
3077,15317643079,15327673556,10030477,10.030477,"funcionTransicion(Celula*, int, curandStateXORWOW*)",1024,1024,55,0,88670208,8192
3078,15328560815,15338606972,10046157,10.046157,"funcionTransicion(Celula*, int, curandStateXORWOW*)",1024,1024,55,0,88670208,8192
3079,15339495319,15349331013,9835694,9.835694,"funcionTransicion(Celula*, int, curandStateXORWOW*)",1024,1024,55,0,88670208,8192
3080,15350212704,15360009582,9796878,9.796878,"funcionTransicion(Celula*, int, curandStateXORWOW*)",1024,1024,55,0,88670208,8192
3081,15360897289,15371000533,10103244,10.103244,"funcionTransicion(Celula*, int, curandStateXORWOW*)",1024,1024,55,0,88670208,8192
3082,15371891505,15381934717,10043212,10.043212,"funcionTransicion(Celula*, int, curandStateXORWOW*)",1024,1024,55,0,88670208,8192
3083,15382822873,15392900453,10077580,10.07758,"funcionTransicion(Celula*, int, curandStateXORWOW*)",1024,1024,55,0,88670208,8192
3084,15393790304,15403709613,9919309,9.919309,"funcionTransicion(Celula*, int, curandStateXORWOW*)",1024,1024,55,0,88670208,8192
3085,15404592041,15414530902,9938861,9.938861,"funcionTransicion(Celula*, int, curandStateXORWOW*)",1024,1024,55,0,88670208,8192
3086,15415423825,15425431742,10007917,10.007917,"funcionTransicion(Celula*, int, curandStateXORWOW*)",1024,1024,55,0,88670208,8192
3087,15426318617,15436462757,10144140,10.14414,"funcionTransicion(Celula*, int, curandStateXORWOW*)",1024,1024,55,0,88670208,8192
3088,15437349537,15447323117,9973580,9.97358,"funcionTransicion(Celula*, int, curandStateXORWOW*)",1024,1024,55,0,88670208,8192
3089,15448211945,15458357013,10145068,10.145068,"funcionTransicion(Celula*, int, curandStateXORWOW*)",1024,1024,55,0,88670208,8192
3090,15459244720,15469264925,10020205,10.020205,"funcionTransicion(Celula*, int, curandStateXORWOW*)",1024,1024,55,0,88670208,8192
3091,15470155832,15480184677,10028845,10.028845,"funcionTransicion(Celula*, int, curandStateXORWOW*)",1024,1024,55,0,88670208,8192
3092,15481072448,15491032045,9959597,9.959597,"funcionTransicion(Celula*, int, curandStateXORWOW*)",1024,1024,55,0,88670208,8192
3093,15491920745,15501870869,9950124,9.950124,"funcionTransicion(Celula*, int, curandStateXORWOW*)",1024,1024,55,0,88670208,8192
3094,15502755185,15512811133,10055948,10.055948,"funcionTransicion(Celula*, int, curandStateXORWOW*)",1024,1024,55,0,88670208,8192
3095,15513703448,15523629702,9926254,9.926254,"funcionTransicion(Celula*, int, curandStateXORWOW*)",1024,1024,55,0,88670208,8192
3096,15524515233,15534544461,10029228,10.029228,"funcionTransicion(Celula*, int, curandStateXORWOW*)",1024,1024,55,0,88670208,8192
3097,15535458313,15545395286,9936973,9.936973,"funcionTransicion(Celula*, int, curandStateXORWOW*)",1024,1024,55,0,88670208,8192
3098,15546290225,15556225950,9935725,9.935725,"funcionTransicion(Celula*, int, curandStateXORWOW*)",1024,1024,55,0,88670208,8192
3099,15557116986,15567219942,10102956,10.102956,"funcionTransicion(Celula*, int, curandStateXORWOW*)",1024,1024,55,0,88670208,8192
3100,15568117601,15578035598,9917997,9.917997,"funcionTransicion(Celula*, int, curandStateXORWOW*)",1024,1024,55,0,88670208,8192
3101,15578931145,15588799383,9868238,9.868238,"funcionTransicion(Celula*, int, curandStateXORWOW*)",1024,1024,55,0,88670208,8192
3102,15589683218,15599660351,9977133,9.977133,"funcionTransicion(Celula*, int, curandStateXORWOW*)",1024,1024,55,0,88670208,8192
3103,15600549146,15610498663,9949517,9.949517,"funcionTransicion(Celula*, int, curandStateXORWOW*)",1024,1024,55,0,88670208,8192
3104,15611387363,15621462543,10075180,10.07518,"funcionTransicion(Celula*, int, curandStateXORWOW*)",1024,1024,55,0,88670208,8192
3105,15622347211,15632292919,9945708,9.945708,"funcionTransicion(Celula*, int, curandStateXORWOW*)",1024,1024,55,0,88670208,8192
3106,15633184243,15642975297,9791054,9.791054,"funcionTransicion(Celula*, int, curandStateXORWOW*)",1024,1024,55,0,88670208,8192
3107,15643861916,15653494603,9632687,9.632687,"funcionTransicion(Celula*, int, curandStateXORWOW*)",1024,1024,55,0,88670208,8192
3108,15654383782,15664056692,9672910,9.67291,"funcionTransicion(Celula*, int, curandStateXORWOW*)",1024,1024,55,0,88670208,8192
3109,15664937232,15674496383,9559151,9.559151,"funcionTransicion(Celula*, int, curandStateXORWOW*)",1024,1024,55,0,88670208,8192
3110,15675389690,15685006633,9616943,9.616943,"funcionTransicion(Celula*, int, curandStateXORWOW*)",1024,1024,55,0,88670208,8192
3111,15685889924,15695484691,9594767,9.594767,"funcionTransicion(Celula*, int, curandStateXORWOW*)",1024,1024,55,0,88670208,8192
3112,15696373454,15706106652,9733198,9.733198,"funcionTransicion(Celula*, int, curandStateXORWOW*)",1024,1024,55,0,88670208,8192
3113,15706988312,15716553671,9565359,9.565359,"funcionTransicion(Celula*, int, curandStateXORWOW*)",1024,1024,55,0,88670208,8192
3114,15717441346,15727271312,9829966,9.829966,"funcionTransicion(Celula*, int, curandStateXORWOW*)",1024,1024,55,0,88670208,8192
3115,15728157835,15737859545,9701710,9.70171,"funcionTransicion(Celula*, int, curandStateXORWOW*)",1024,1024,55,0,88670208,8192
3116,15738748661,15748560194,9811533,9.811533,"funcionTransicion(Celula*, int, curandStateXORWOW*)",1024,1024,55,0,88670208,8192
3117,15749439774,15759187276,9747502,9.747502,"funcionTransicion(Celula*, int, curandStateXORWOW*)",1024,1024,55,0,88670208,8192
3118,15760078567,15769918325,9839758,9.839758,"funcionTransicion(Celula*, int, curandStateXORWOW*)",1024,1024,55,0,88670208,8192
3119,15770804624,15780542430,9737806,9.737806,"funcionTransicion(Celula*, int, curandStateXORWOW*)",1024,1024,55,0,88670208,8192
3120,15781433978,15791282247,9848269,9.848269,"funcionTransicion(Celula*, int, curandStateXORWOW*)",1024,1024,55,0,88670208,8192
3121,15910233572,15920126961,9893389,9.893389,"funcionTransicion(Celula*, int, curandStateXORWOW*)",1024,1024,55,0,88670208,8192
3122,15921018317,15931224184,10205867,10.205867,"funcionTransicion(Celula*, int, curandStateXORWOW*)",1024,1024,55,0,88670208,8192
3123,15932114324,15942399679,10285355,10.285355,"funcionTransicion(Celula*, int, curandStateXORWOW*)",1024,1024,55,0,88670208,8192
3124,15943290138,15953600581,10310443,10.310443,"funcionTransicion(Celula*, int, curandStateXORWOW*)",1024,1024,55,0,88670208,8192
3125,15954492417,15964724044,10231627,10.231627,"funcionTransicion(Celula*, int, curandStateXORWOW*)",1024,1024,55,0,88670208,8192
3126,15965622728,15975705268,10082540,10.08254,"funcionTransicion(Celula*, int, curandStateXORWOW*)",1024,1024,55,0,88670208,8192
3127,15976594703,15986641788,10047085,10.047085,"funcionTransicion(Celula*, int, curandStateXORWOW*)",1024,1024,55,0,88670208,8192
3128,15987528919,15997621475,10092556,10.092556,"funcionTransicion(Celula*, int, curandStateXORWOW*)",1024,1024,55,0,88670208,8192
3129,15998510495,16008602667,10092172,10.092172,"funcionTransicion(Celula*, int, curandStateXORWOW*)",1024,1024,55,0,88670208,8192
3130,16009485254,16019504691,10019437,10.019437,"funcionTransicion(Celula*, int, curandStateXORWOW*)",1024,1024,55,0,88670208,8192
3131,16020394350,16030364987,9970637,9.970637,"funcionTransicion(Celula*, int, curandStateXORWOW*)",1024,1024,55,0,88670208,8192
3132,16031259735,16041440898,10181163,10.181163,"funcionTransicion(Celula*, int, curandStateXORWOW*)",1024,1024,55,0,88670208,8192
3133,16042331294,16052508681,10177387,10.177387,"funcionTransicion(Celula*, int, curandStateXORWOW*)",1024,1024,55,0,88670208,8192
3134,16053390885,16063576913,10186028,10.186028,"funcionTransicion(Celula*, int, curandStateXORWOW*)",1024,1024,55,0,88670208,8192
3135,16064463276,16074860311,10397035,10.397035,"funcionTransicion(Celula*, int, curandStateXORWOW*)",1024,1024,55,0,88670208,8192
3136,16075750002,16086038269,10288267,10.288267,"funcionTransicion(Celula*, int, curandStateXORWOW*)",1024,1024,55,0,88670208,8192
3137,16086932568,16097080996,10148428,10.148428,"funcionTransicion(Celula*, int, curandStateXORWOW*)",1024,1024,55,0,88670208,8192
3138,16097981888,16108278475,10296587,10.296587,"funcionTransicion(Celula*, int, curandStateXORWOW*)",1024,1024,55,0,88670208,8192
3139,16109161638,16119694641,10533003,10.533003,"funcionTransicion(Celula*, int, curandStateXORWOW*)",1024,1024,55,0,88670208,8192
3140,16120587148,16131170037,10582889,10.582889,"funcionTransicion(Celula*, int, curandStateXORWOW*)",1024,1024,55,0,88670208,8192
3141,16132060177,16142603739,10543562,10.543562,"funcionTransicion(Celula*, int, curandStateXORWOW*)",1024,1024,55,0,88670208,8192
3142,16143491478,16153867745,10376267,10.376267,"funcionTransicion(Celula*, int, curandStateXORWOW*)",1024,1024,55,0,88670208,8192
3143,16154765244,16165013095,10247851,10.247851,"funcionTransicion(Celula*, int, curandStateXORWOW*)",1024,1024,55,0,88670208,8192
3144,16165904995,16176241934,10336939,10.336939,"funcionTransicion(Celula*, int, curandStateXORWOW*)",1024,1024,55,0,88670208,8192
3145,16177175241,16187824146,10648905,10.648905,"funcionTransicion(Celula*, int, curandStateXORWOW*)",1024,1024,55,0,88670208,8192
3146,16188714766,16199255320,10540554,10.540554,"funcionTransicion(Celula*, int, curandStateXORWOW*)",1024,1024,55,0,88670208,8192
3147,16200147699,16210549502,10401803,10.401803,"funcionTransicion(Celula*, int, curandStateXORWOW*)",1024,1024,55,0,88670208,8192
3148,16211451353,16221812708,10361355,10.361355,"funcionTransicion(Celula*, int, curandStateXORWOW*)",1024,1024,55,0,88670208,8192
3149,16222700575,16233127402,10426827,10.426827,"funcionTransicion(Celula*, int, curandStateXORWOW*)",1024,1024,55,0,88670208,8192
3150,16234020581,16244340688,10320107,10.320107,"funcionTransicion(Celula*, int, curandStateXORWOW*)",1024,1024,55,0,88670208,8192
3151,16245233451,16255643830,10410379,10.410379,"funcionTransicion(Celula*, int, curandStateXORWOW*)",1024,1024,55,0,88670208,8192
3152,16256532338,16266641406,10109068,10.109068,"funcionTransicion(Celula*, int, curandStateXORWOW*)",1024,1024,55,0,88670208,8192
3153,16267538425,16277752933,10214508,10.214508,"funcionTransicion(Celula*, int, curandStateXORWOW*)",1024,1024,55,0,88670208,8192
3154,16278647840,16288691820,10043980,10.04398,"funcionTransicion(Celula*, int, curandStateXORWOW*)",1024,1024,55,0,88670208,8192
3155,16289580616,16299599028,10018412,10.018412,"funcionTransicion(Celula*, int, curandStateXORWOW*)",1024,1024,55,0,88670208,8192
3156,16300490384,16310448317,9957933,9.957933,"funcionTransicion(Celula*, int, curandStateXORWOW*)",1024,1024,55,0,88670208,8192
3157,16311343992,16321552196,10208204,10.208204,"funcionTransicion(Celula*, int, curandStateXORWOW*)",1024,1024,55,0,88670208,8192
3158,16322453535,16332649867,10196332,10.196332,"funcionTransicion(Celula*, int, curandStateXORWOW*)",1024,1024,55,0,88670208,8192
3159,16333544006,16343612498,10068492,10.068492,"funcionTransicion(Celula*, int, curandStateXORWOW*)",1024,1024,55,0,88670208,8192
3160,16344505102,16354454907,9949805,9.949805,"funcionTransicion(Celula*, int, curandStateXORWOW*)",1024,1024,55,0,88670208,8192
3161,16355342166,16365510146,10167980,10.16798,"funcionTransicion(Celula*, int, curandStateXORWOW*)",1024,1024,55,0,88670208,8192
3162,16366406205,16376513673,10107468,10.107468,"funcionTransicion(Celula*, int, curandStateXORWOW*)",1024,1024,55,0,88670208,8192
3163,16377391973,16387463057,10071084,10.071084,"funcionTransicion(Celula*, int, curandStateXORWOW*)",1024,1024,55,0,88670208,8192
3164,16388357068,16398353369,9996301,9.996301,"funcionTransicion(Celula*, int, curandStateXORWOW*)",1024,1024,55,0,88670208,8192
3165,16399249333,16409486656,10237323,10.237323,"funcionTransicion(Celula*, int, curandStateXORWOW*)",1024,1024,55,0,88670208,8192
3166,16410383387,16420633543,10250156,10.250156,"funcionTransicion(Celula*, int, curandStateXORWOW*)",1024,1024,55,0,88670208,8192
3167,16421523618,16431638030,10114412,10.114412,"funcionTransicion(Celula*, int, curandStateXORWOW*)",1024,1024,55,0,88670208,8192
3168,16432526570,16442558742,10032172,10.032172,"funcionTransicion(Celula*, int, curandStateXORWOW*)",1024,1024,55,0,88670208,8192
3169,16443487537,16453465406,9977869,9.977869,"funcionTransicion(Celula*, int, curandStateXORWOW*)",1024,1024,55,0,88670208,8192
3170,16454360186,16464404038,10043852,10.043852,"funcionTransicion(Celula*, int, curandStateXORWOW*)",1024,1024,55,0,88670208,8192
3171,16465300865,16475359694,10058829,10.058829,"funcionTransicion(Celula*, int, curandStateXORWOW*)",1024,1024,55,0,88670208,8192
3172,16476248777,16486465461,10216684,10.216684,"funcionTransicion(Celula*, int, curandStateXORWOW*)",1024,1024,55,0,88670208,8192
3173,16487361232,16497522876,10161644,10.161644,"funcionTransicion(Celula*, int, curandStateXORWOW*)",1024,1024,55,0,88670208,8192
3174,16498413048,16508529507,10116459,10.116459,"funcionTransicion(Celula*, int, curandStateXORWOW*)",1024,1024,55,0,88670208,8192
3175,16509420831,16519591211,10170380,10.17038,"funcionTransicion(Celula*, int, curandStateXORWOW*)",1024,1024,55,0,88670208,8192
3176,16520490278,16530677490,10187212,10.187212,"funcionTransicion(Celula*, int, curandStateXORWOW*)",1024,1024,55,0,88670208,8192
3177,16531570445,16541804377,10233932,10.233932,"funcionTransicion(Celula*, int, curandStateXORWOW*)",1024,1024,55,0,88670208,8192
3178,16542690324,16552673185,9982861,9.982861,"funcionTransicion(Celula*, int, curandStateXORWOW*)",1024,1024,55,0,88670208,8192
3179,16553562716,16563801256,10238540,10.23854,"funcionTransicion(Celula*, int, curandStateXORWOW*)",1024,1024,55,0,88670208,8192
3180,16564699043,16575031886,10332843,10.332843,"funcionTransicion(Celula*, int, curandStateXORWOW*)",1024,1024,55,0,88670208,8192
3181,16575926505,16586164501,10237996,10.237996,"funcionTransicion(Celula*, int, curandStateXORWOW*)",1024,1024,55,0,88670208,8192
3182,16587057552,16597432123,10374571,10.374571,"funcionTransicion(Celula*, int, curandStateXORWOW*)",1024,1024,55,0,88670208,8192
3183,16598328054,16608631426,10303372,10.303372,"funcionTransicion(Celula*, int, curandStateXORWOW*)",1024,1024,55,0,88670208,8192
3184,16609528637,16619840072,10311435,10.311435,"funcionTransicion(Celula*, int, curandStateXORWOW*)",1024,1024,55,0,88670208,8192
3185,16620733859,16631023278,10289419,10.289419,"funcionTransicion(Celula*, int, curandStateXORWOW*)",1024,1024,55,0,88670208,8192
3186,16631915658,16642269333,10353675,10.353675,"funcionTransicion(Celula*, int, curandStateXORWOW*)",1024,1024,55,0,88670208,8192
3187,16643160624,16653633434,10472810,10.47281,"funcionTransicion(Celula*, int, curandStateXORWOW*)",1024,1024,55,0,88670208,8192
3188,16654520438,16664876640,10356202,10.356202,"funcionTransicion(Celula*, int, curandStateXORWOW*)",1024,1024,55,0,88670208,8192
3189,16665772060,16675890088,10118028,10.118028,"funcionTransicion(Celula*, int, curandStateXORWOW*)",1024,1024,55,0,88670208,8192
3190,16676774659,16687079983,10305324,10.305324,"funcionTransicion(Celula*, int, curandStateXORWOW*)",1024,1024,55,0,88670208,8192
3191,16687970538,16698189557,10219019,10.219019,"funcionTransicion(Celula*, int, curandStateXORWOW*)",1024,1024,55,0,88670208,8192
3192,16699086705,16709584603,10497898,10.497898,"funcionTransicion(Celula*, int, curandStateXORWOW*)",1024,1024,55,0,88670208,8192
3193,16710505718,16721073376,10567658,10.567658,"funcionTransicion(Celula*, int, curandStateXORWOW*)",1024,1024,55,0,88670208,8192
3194,16721968347,16732595173,10626826,10.626826,"funcionTransicion(Celula*, int, curandStateXORWOW*)",1024,1024,55,0,88670208,8192
3195,16733491136,16744117482,10626346,10.626346,"funcionTransicion(Celula*, int, curandStateXORWOW*)",1024,1024,55,0,88670208,8192
3196,16745011973,16755485007,10473034,10.473034,"funcionTransicion(Celula*, int, curandStateXORWOW*)",1024,1024,55,0,88670208,8192
3197,16756378315,16766915156,10536841,10.536841,"funcionTransicion(Celula*, int, curandStateXORWOW*)",1024,1024,55,0,88670208,8192
3198,16767805360,16778273242,10467882,10.467882,"funcionTransicion(Celula*, int, curandStateXORWOW*)",1024,1024,55,0,88670208,8192
3199,16779165366,16789500416,10335050,10.33505,"funcionTransicion(Celula*, int, curandStateXORWOW*)",1024,1024,55,0,88670208,8192
3200,16790395964,16800760999,10365035,10.365035,"funcionTransicion(Celula*, int, curandStateXORWOW*)",1024,1024,55,0,88670208,8192
3201,16801647138,16811943789,10296651,10.296651,"funcionTransicion(Celula*, int, curandStateXORWOW*)",1024,1024,55,0,88670208,8192
3202,16812845736,16823329779,10484043,10.484043,"funcionTransicion(Celula*, int, curandStateXORWOW*)",1024,1024,55,0,88670208,8192
3203,16824221614,16834691417,10469803,10.469803,"funcionTransicion(Celula*, int, curandStateXORWOW*)",1024,1024,55,0,88670208,8192
3204,16835578004,16845956255,10378251,10.378251,"funcionTransicion(Celula*, int, curandStateXORWOW*)",1024,1024,55,0,88670208,8192
3205,16846845722,16857219204,10373482,10.373482,"funcionTransicion(Celula*, int, curandStateXORWOW*)",1024,1024,55,0,88670208,8192
3206,16858113280,16868636682,10523402,10.523402,"funcionTransicion(Celula*, int, curandStateXORWOW*)",1024,1024,55,0,88670208,8192
3207,16869527877,16880099023,10571146,10.571146,"funcionTransicion(Celula*, int, curandStateXORWOW*)",1024,1024,55,0,88670208,8192
3208,16880992490,16891515029,10522539,10.522539,"funcionTransicion(Celula*, int, curandStateXORWOW*)",1024,1024,55,0,88670208,8192
3209,16892419568,16902766235,10346667,10.346667,"funcionTransicion(Celula*, int, curandStateXORWOW*)",1024,1024,55,0,88670208,8192
3210,16903660150,16913872738,10212588,10.212588,"funcionTransicion(Celula*, int, curandStateXORWOW*)",1024,1024,55,0,88670208,8192
3211,16914767997,16925119240,10351243,10.351243,"funcionTransicion(Celula*, int, curandStateXORWOW*)",1024,1024,55,0,88670208,8192
3212,16926014276,16936526445,10512169,10.512169,"funcionTransicion(Celula*, int, curandStateXORWOW*)",1024,1024,55,0,88670208,8192
3213,16937423529,16948299217,10875688,10.875688,"funcionTransicion(Celula*, int, curandStateXORWOW*)",1024,1024,55,0,88670208,8192
3214,16949187276,16959832950,10645674,10.645674,"funcionTransicion(Celula*, int, curandStateXORWOW*)",1024,1024,55,0,88670208,8192
3215,16960735857,16971560314,10824457,10.824457,"funcionTransicion(Celula*, int, curandStateXORWOW*)",1024,1024,55,0,88670208,8192
3216,16972449557,16983221021,10771464,10.771464,"funcionTransicion(Celula*, int, curandStateXORWOW*)",1024,1024,55,0,88670208,8192
3217,16984143065,16994797762,10654697,10.654697,"funcionTransicion(Celula*, int, curandStateXORWOW*)",1024,1024,55,0,88670208,8192
3218,16995684094,17006462342,10778248,10.778248,"funcionTransicion(Celula*, int, curandStateXORWOW*)",1024,1024,55,0,88670208,8192
3219,17007363906,17018217322,10853416,10.853416,"funcionTransicion(Celula*, int, curandStateXORWOW*)",1024,1024,55,0,88670208,8192
3220,17019114949,17029931726,10816777,10.816777,"funcionTransicion(Celula*, int, curandStateXORWOW*)",1024,1024,55,0,88670208,8192
3221,17030823113,17041834096,11010983,11.010983,"funcionTransicion(Celula*, int, curandStateXORWOW*)",1024,1024,55,0,88670208,8192
3222,17042737580,17053622836,10885256,10.885256,"funcionTransicion(Celula*, int, curandStateXORWOW*)",1024,1024,55,0,88670208,8192
3223,17054518095,17065679190,11161095,11.161095,"funcionTransicion(Celula*, int, curandStateXORWOW*)",1024,1024,55,0,88670208,8192
3224,17066581490,17077523161,10941671,10.941671,"funcionTransicion(Celula*, int, curandStateXORWOW*)",1024,1024,55,0,88670208,8192
3225,17078419605,17089639355,11219750,11.21975,"funcionTransicion(Celula*, int, curandStateXORWOW*)",1024,1024,55,0,88670208,8192
3226,17090537143,17101628957,11091814,11.091814,"funcionTransicion(Celula*, int, curandStateXORWOW*)",1024,1024,55,0,88670208,8192
3227,17102523897,17113653088,11129191,11.129191,"funcionTransicion(Celula*, int, curandStateXORWOW*)",1024,1024,55,0,88670208,8192
3228,17114554523,17125705378,11150855,11.150855,"funcionTransicion(Celula*, int, curandStateXORWOW*)",1024,1024,55,0,88670208,8192
3229,17126597853,17137507589,10909736,10.909736,"funcionTransicion(Celula*, int, curandStateXORWOW*)",1024,1024,55,0,88670208,8192
3230,17138397824,17149628775,11230951,11.230951,"funcionTransicion(Celula*, int, curandStateXORWOW*)",1024,1024,55,0,88670208,8192
3231,17150527522,17161967688,11440166,11.440166,"funcionTransicion(Celula*, int, curandStateXORWOW*)",1024,1024,55,0,88670208,8192
3232,17162864195,17174306216,11442021,11.442021,"funcionTransicion(Celula*, int, curandStateXORWOW*)",1024,1024,55,0,88670208,8192
3233,17175201731,17186556041,11354310,11.35431,"funcionTransicion(Celula*, int, curandStateXORWOW*)",1024,1024,55,0,88670208,8192
3234,17187448741,17198806251,11357510,11.35751,"funcionTransicion(Celula*, int, curandStateXORWOW*)",1024,1024,55,0,88670208,8192
3235,17199696582,17211130731,11434149,11.434149,"funcionTransicion(Celula*, int, curandStateXORWOW*)",1024,1024,55,0,88670208,8192
3236,17212023143,17223284525,11261382,11.261382,"funcionTransicion(Celula*, int, curandStateXORWOW*)",1024,1024,55,0,88670208,8192
3237,17224179624,17235651245,11471621,11.471621,"funcionTransicion(Celula*, int, curandStateXORWOW*)",1024,1024,55,0,88670208,8192
3238,17236546153,17247884014,11337861,11.337861,"funcionTransicion(Celula*, int, curandStateXORWOW*)",1024,1024,55,0,88670208,8192
3239,17248786826,17260313775,11526949,11.526949,"funcionTransicion(Celula*, int, curandStateXORWOW*)",1024,1024,55,0,88670208,8192
3240,17261207242,17272457680,11250438,11.250438,"funcionTransicion(Celula*, int, curandStateXORWOW*)",1024,1024,55,0,88670208,8192
3241,17396605139,17408112664,11507525,11.507525,"funcionTransicion(Celula*, int, curandStateXORWOW*)",1024,1024,55,0,88670208,8192
3242,17409005843,17420560472,11554629,11.554629,"funcionTransicion(Celula*, int, curandStateXORWOW*)",1024,1024,55,0,88670208,8192
3243,17421467315,17432948504,11481189,11.481189,"funcionTransicion(Celula*, int, curandStateXORWOW*)",1024,1024,55,0,88670208,8192
3244,17433842291,17445540887,11698596,11.698596,"funcionTransicion(Celula*, int, curandStateXORWOW*)",1024,1024,55,0,88670208,8192
3245,17446438003,17458258678,11820675,11.820675,"funcionTransicion(Celula*, int, curandStateXORWOW*)",1024,1024,55,0,88670208,8192
3246,17459159569,17470931093,11771524,11.771524,"funcionTransicion(Celula*, int, curandStateXORWOW*)",1024,1024,55,0,88670208,8192
3247,17471826320,17483641652,11815332,11.815332,"funcionTransicion(Celula*, int, curandStateXORWOW*)",1024,1024,55,0,88670208,8192
3248,17484543759,17496234323,11690564,11.690564,"funcionTransicion(Celula*, int, curandStateXORWOW*)",1024,1024,55,0,88670208,8192
3249,17497130606,17508796914,11666308,11.666308,"funcionTransicion(Celula*, int, curandStateXORWOW*)",1024,1024,55,0,88670208,8192
3250,17509693998,17521469521,11775523,11.775523,"funcionTransicion(Celula*, int, curandStateXORWOW*)",1024,1024,55,0,88670208,8192
3251,17522364813,17534476687,12111874,12.111874,"funcionTransicion(Celula*, int, curandStateXORWOW*)",1024,1024,55,0,88670208,8192
3252,17535369866,17547302061,11932195,11.932195,"funcionTransicion(Celula*, int, curandStateXORWOW*)",1024,1024,55,0,88670208,8192
3253,17548199240,17560386473,12187233,12.187233,"funcionTransicion(Celula*, int, curandStateXORWOW*)",1024,1024,55,0,88670208,8192
3254,17561288901,17573359559,12070658,12.070658,"funcionTransicion(Celula*, int, curandStateXORWOW*)",1024,1024,55,0,88670208,8192
3255,17574258850,17586352228,12093378,12.093378,"funcionTransicion(Celula*, int, curandStateXORWOW*)",1024,1024,55,0,88670208,8192
3256,17587242815,17599044963,11802148,11.802148,"funcionTransicion(Celula*, int, curandStateXORWOW*)",1024,1024,55,0,88670208,8192
3257,17599942334,17612045408,12103074,12.103074,"funcionTransicion(Celula*, int, curandStateXORWOW*)",1024,1024,55,0,88670208,8192
3258,17612946875,17625000062,12053187,12.053187,"funcionTransicion(Celula*, int, curandStateXORWOW*)",1024,1024,55,0,88670208,8192
3259,17625897721,17637914587,12016866,12.016866,"funcionTransicion(Celula*, int, curandStateXORWOW*)",1024,1024,55,0,88670208,8192
3260,17638809239,17650913433,12104194,12.104194,"funcionTransicion(Celula*, int, curandStateXORWOW*)",1024,1024,55,0,88670208,8192
3261,17651804340,17663874742,12070402,12.070402,"funcionTransicion(Celula*, int, curandStateXORWOW*)",1024,1024,55,0,88670208,8192
3262,17664772081,17677105682,12333601,12.333601,"funcionTransicion(Celula*, int, curandStateXORWOW*)",1024,1024,55,0,88670208,8192
3263,17677993166,17690054639,12061473,12.061473,"funcionTransicion(Celula*, int, curandStateXORWOW*)",1024,1024,55,0,88670208,8192
3264,17690963531,17703053357,12089826,12.089826,"funcionTransicion(Celula*, int, curandStateXORWOW*)",1024,1024,55,0,88670208,8192
3265,17704017096,17716010282,11993186,11.993186,"funcionTransicion(Celula*, int, curandStateXORWOW*)",1024,1024,55,0,88670208,8192
3266,17716910758,17728937544,12026786,12.026786,"funcionTransicion(Celula*, int, curandStateXORWOW*)",1024,1024,55,0,88670208,8192
3267,17729835491,17742071428,12235937,12.235937,"funcionTransicion(Celula*, int, curandStateXORWOW*)",1024,1024,55,0,88670208,8192
3268,17742968352,17754822147,11853795,11.853795,"funcionTransicion(Celula*, int, curandStateXORWOW*)",1024,1024,55,0,88670208,8192
3269,17755723774,17767605761,11881987,11.881987,"funcionTransicion(Celula*, int, curandStateXORWOW*)",1024,1024,55,0,88670208,8192
3270,17768503229,17780513087,12009858,12.009858,"funcionTransicion(Celula*, int, curandStateXORWOW*)",1024,1024,55,0,88670208,8192
3271,17781412986,17793535324,12122338,12.122338,"funcionTransicion(Celula*, int, curandStateXORWOW*)",1024,1024,55,0,88670208,8192
3272,17794429239,17806568665,12139426,12.139426,"funcionTransicion(Celula*, int, curandStateXORWOW*)",1024,1024,55,0,88670208,8192
3273,17807475093,17819509335,12034242,12.034242,"funcionTransicion(Celula*, int, curandStateXORWOW*)",1024,1024,55,0,88670208,8192
3274,17820411122,17832343477,11932355,11.932355,"funcionTransicion(Celula*, int, curandStateXORWOW*)",1024,1024,55,0,88670208,8192
3275,17833241200,17845372210,12131010,12.13101,"funcionTransicion(Celula*, int, curandStateXORWOW*)",1024,1024,55,0,88670208,8192
3276,17846270829,17858315887,12045058,12.045058,"funcionTransicion(Celula*, int, curandStateXORWOW*)",1024,1024,55,0,88670208,8192
3277,17859209259,17871188429,11979170,11.97917,"funcionTransicion(Celula*, int, curandStateXORWOW*)",1024,1024,55,0,88670208,8192
3278,17872084361,17884223178,12138817,12.138817,"funcionTransicion(Celula*, int, curandStateXORWOW*)",1024,1024,55,0,88670208,8192
3279,17885116710,17897321159,12204449,12.204449,"funcionTransicion(Celula*, int, curandStateXORWOW*)",1024,1024,55,0,88670208,8192
3280,17898217346,17910381572,12164226,12.164226,"funcionTransicion(Celula*, int, curandStateXORWOW*)",1024,1024,55,0,88670208,8192
3281,17911281471,17923137538,11856067,11.856067,"funcionTransicion(Celula*, int, curandStateXORWOW*)",1024,1024,55,0,88670208,8192
3282,17924043422,17936085248,12041826,12.041826,"funcionTransicion(Celula*, int, curandStateXORWOW*)",1024,1024,55,0,88670208,8192
3283,17936987516,17948747519,11760003,11.760003,"funcionTransicion(Celula*, int, curandStateXORWOW*)",1024,1024,55,0,88670208,8192
3284,17949646842,17961960251,12313409,12.313409,"funcionTransicion(Celula*, int, curandStateXORWOW*)",1024,1024,55,0,88670208,8192
3285,17962857527,17975514613,12657086,12.657086,"funcionTransicion(Celula*, int, curandStateXORWOW*)",1024,1024,55,0,88670208,8192
3286,17976414417,17988795121,12380704,12.380704,"funcionTransicion(Celula*, int, curandStateXORWOW*)",1024,1024,55,0,88670208,8192
3287,17989699949,18002183244,12483295,12.483295,"funcionTransicion(Celula*, int, curandStateXORWOW*)",1024,1024,55,0,88670208,8192
3288,18003078536,18015386665,12308129,12.308129,"funcionTransicion(Celula*, int, curandStateXORWOW*)",1024,1024,55,0,88670208,8192
3289,18016312836,18028881059,12568223,12.568223,"funcionTransicion(Celula*, int, curandStateXORWOW*)",1024,1024,55,0,88670208,8192
3290,18029778687,18042453630,12674943,12.674943,"funcionTransicion(Celula*, int, curandStateXORWOW*)",1024,1024,55,0,88670208,8192
3291,18043353945,18056089464,12735519,12.735519,"funcionTransicion(Celula*, int, curandStateXORWOW*)",1024,1024,55,0,88670208,8192
3292,18056990547,18069767217,12776670,12.77667,"funcionTransicion(Celula*, int, curandStateXORWOW*)",1024,1024,55,0,88670208,8192
3293,18070661101,18083063341,12402240,12.40224,"funcionTransicion(Celula*, int, curandStateXORWOW*)",1024,1024,55,0,88670208,8192
3294,18083964105,18096890982,12926877,12.926877,"funcionTransicion(Celula*, int, curandStateXORWOW*)",1024,1024,55,0,88670208,8192
3295,18097795330,18110580224,12784894,12.784894,"funcionTransicion(Celula*, int, curandStateXORWOW*)",1024,1024,55,0,88670208,8192
3296,18111473563,18124100282,12626719,12.626719,"funcionTransicion(Celula*, int, curandStateXORWOW*)",1024,1024,55,0,88670208,8192
3297,18124999318,18137617109,12617791,12.617791,"funcionTransicion(Celula*, int, curandStateXORWOW*)",1024,1024,55,0,88670208,8192
3298,18138512624,18151038512,12525888,12.525888,"funcionTransicion(Celula*, int, curandStateXORWOW*)",1024,1024,55,0,88670208,8192
3299,18151937260,18164263692,12326432,12.326432,"funcionTransicion(Celula*, int, curandStateXORWOW*)",1024,1024,55,0,88670208,8192
3300,18165163176,18177780359,12617183,12.617183,"funcionTransicion(Celula*, int, curandStateXORWOW*)",1024,1024,55,0,88670208,8192
3301,18178674306,18191236738,12562432,12.562432,"funcionTransicion(Celula*, int, curandStateXORWOW*)",1024,1024,55,0,88670208,8192
3302,18192131709,18204659805,12528096,12.528096,"funcionTransicion(Celula*, int, curandStateXORWOW*)",1024,1024,55,0,88670208,8192
3303,18205565240,18217936696,12371456,12.371456,"funcionTransicion(Celula*, int, curandStateXORWOW*)",1024,1024,55,0,88670208,8192
3304,18218840308,18231012373,12172065,12.172065,"funcionTransicion(Celula*, int, curandStateXORWOW*)",1024,1024,55,0,88670208,8192
3305,18231909265,18244112722,12203457,12.203457,"funcionTransicion(Celula*, int, curandStateXORWOW*)",1024,1024,55,0,88670208,8192
3306,18245012109,18257547565,12535456,12.535456,"funcionTransicion(Celula*, int, curandStateXORWOW*)",1024,1024,55,0,88670208,8192
3307,18258443176,18270841737,12398561,12.398561,"funcionTransicion(Celula*, int, curandStateXORWOW*)",1024,1024,55,0,88670208,8192
3308,18271736996,18284217028,12480032,12.480032,"funcionTransicion(Celula*, int, curandStateXORWOW*)",1024,1024,55,0,88670208,8192
3309,18285115904,18297539744,12423840,12.42384,"funcionTransicion(Celula*, int, curandStateXORWOW*)",1024,1024,55,0,88670208,8192
3310,18298438779,18310741180,12302401,12.302401,"funcionTransicion(Celula*, int, curandStateXORWOW*)",1024,1024,55,0,88670208,8192
3311,18311639479,18323991864,12352385,12.352385,"funcionTransicion(Celula*, int, curandStateXORWOW*)",1024,1024,55,0,88670208,8192
3312,18324886483,18337257971,12371488,12.371488,"funcionTransicion(Celula*, int, curandStateXORWOW*)",1024,1024,55,0,88670208,8192
3313,18338182383,18350526416,12344033,12.344033,"funcionTransicion(Celula*, int, curandStateXORWOW*)",1024,1024,55,0,88670208,8192
3314,18351430475,18363807787,12377312,12.377312,"funcionTransicion(Celula*, int, curandStateXORWOW*)",1024,1024,55,0,88670208,8192
3315,18364703943,18377137703,12433760,12.43376,"funcionTransicion(Celula*, int, curandStateXORWOW*)",1024,1024,55,0,88670208,8192
3316,18378039074,18390735041,12695967,12.695967,"funcionTransicion(Celula*, int, curandStateXORWOW*)",1024,1024,55,0,88670208,8192
3317,18391634845,18404055613,12420768,12.420768,"funcionTransicion(Celula*, int, curandStateXORWOW*)",1024,1024,55,0,88670208,8192
3318,18404955512,18417467192,12511680,12.51168,"funcionTransicion(Celula*, int, curandStateXORWOW*)",1024,1024,55,0,88670208,8192
3319,18418366067,18431112882,12746815,12.746815,"funcionTransicion(Celula*, int, curandStateXORWOW*)",1024,1024,55,0,88670208,8192
3320,18432007885,18444743212,12735327,12.735327,"funcionTransicion(Celula*, int, curandStateXORWOW*)",1024,1024,55,0,88670208,8192
3321,18445640871,18458228038,12587167,12.587167,"funcionTransicion(Celula*, int, curandStateXORWOW*)",1024,1024,55,0,88670208,8192
3322,18459126626,18471738849,12612223,12.612223,"funcionTransicion(Celula*, int, curandStateXORWOW*)",1024,1024,55,0,88670208,8192
3323,18472637245,18485306715,12669470,12.66947,"funcionTransicion(Celula*, int, curandStateXORWOW*)",1024,1024,55,0,88670208,8192
3324,18486209239,18499009429,12800190,12.80019,"funcionTransicion(Celula*, int, curandStateXORWOW*)",1024,1024,55,0,88670208,8192
3325,18499899953,18512798766,12898813,12.898813,"funcionTransicion(Celula*, int, curandStateXORWOW*)",1024,1024,55,0,88670208,8192
3326,18513695402,18526226857,12531455,12.531455,"funcionTransicion(Celula*, int, curandStateXORWOW*)",1024,1024,55,0,88670208,8192
3327,18527123205,18539707140,12583935,12.583935,"funcionTransicion(Celula*, int, curandStateXORWOW*)",1024,1024,55,0,88670208,8192
3328,18540599871,18553373374,12773503,12.773503,"funcionTransicion(Celula*, int, curandStateXORWOW*)",1024,1024,55,0,88670208,8192
3329,18554278457,18566859288,12580831,12.580831,"funcionTransicion(Celula*, int, curandStateXORWOW*)",1024,1024,55,0,88670208,8192
3330,18567760404,18580309331,12548927,12.548927,"funcionTransicion(Celula*, int, curandStateXORWOW*)",1024,1024,55,0,88670208,8192
3331,18581200591,18594017517,12816926,12.816926,"funcionTransicion(Celula*, int, curandStateXORWOW*)",1024,1024,55,0,88670208,8192
3332,18594917289,18607509128,12591839,12.591839,"funcionTransicion(Celula*, int, curandStateXORWOW*)",1024,1024,55,0,88670208,8192
3333,18608402083,18620972578,12570495,12.570495,"funcionTransicion(Celula*, int, curandStateXORWOW*)",1024,1024,55,0,88670208,8192
3334,18621876510,18634419485,12542975,12.542975,"funcionTransicion(Celula*, int, curandStateXORWOW*)",1024,1024,55,0,88670208,8192
3335,18635319353,18647848888,12529535,12.529535,"funcionTransicion(Celula*, int, curandStateXORWOW*)",1024,1024,55,0,88670208,8192
3336,18648749940,18661537106,12787166,12.787166,"funcionTransicion(Celula*, int, curandStateXORWOW*)",1024,1024,55,0,88670208,8192
3337,18662462477,18675245452,12782975,12.782975,"funcionTransicion(Celula*, int, curandStateXORWOW*)",1024,1024,55,0,88670208,8192
3338,18676149799,18688834278,12684479,12.684479,"funcionTransicion(Celula*, int, curandStateXORWOW*)",1024,1024,55,0,88670208,8192
3339,18689726561,18702798526,13071965,13.071965,"funcionTransicion(Celula*, int, curandStateXORWOW*)",1024,1024,55,0,88670208,8192
3340,18703693658,18716267289,12573631,12.573631,"funcionTransicion(Celula*, int, curandStateXORWOW*)",1024,1024,55,0,88670208,8192
3341,18717170229,18730129394,12959165,12.959165,"funcionTransicion(Celula*, int, curandStateXORWOW*)",1024,1024,55,0,88670208,8192
3342,18731033133,18743763788,12730655,12.730655,"funcionTransicion(Celula*, int, curandStateXORWOW*)",1024,1024,55,0,88670208,8192
3343,18744658407,18757333031,12674624,12.674624,"funcionTransicion(Celula*, int, curandStateXORWOW*)",1024,1024,55,0,88670208,8192
3344,18758231906,18770774849,12542943,12.542943,"funcionTransicion(Celula*, int, curandStateXORWOW*)",1024,1024,55,0,88670208,8192
3345,18771671900,18784320092,12648192,12.648192,"funcionTransicion(Celula*, int, curandStateXORWOW*)",1024,1024,55,0,88670208,8192
3346,18785217623,18797817238,12599615,12.599615,"funcionTransicion(Celula*, int, curandStateXORWOW*)",1024,1024,55,0,88670208,8192
3347,18798722098,18811270033,12547935,12.547935,"funcionTransicion(Celula*, int, curandStateXORWOW*)",1024,1024,55,0,88670208,8192
3348,18812164429,18824479982,12315553,12.315553,"funcionTransicion(Celula*, int, curandStateXORWOW*)",1024,1024,55,0,88670208,8192
3349,18825374345,18838006248,12631903,12.631903,"funcionTransicion(Celula*, int, curandStateXORWOW*)",1024,1024,55,0,88670208,8192
3350,18838913379,18851504515,12591136,12.591136,"funcionTransicion(Celula*, int, curandStateXORWOW*)",1024,1024,55,0,88670208,8192
3351,18852411998,18865139773,12727775,12.727775,"funcionTransicion(Celula*, int, curandStateXORWOW*)",1024,1024,55,0,88670208,8192
3352,18866037528,18878663767,12626239,12.626239,"funcionTransicion(Celula*, int, curandStateXORWOW*)",1024,1024,55,0,88670208,8192
3353,18879566355,18892536688,12970333,12.970333,"funcionTransicion(Celula*, int, curandStateXORWOW*)",1024,1024,55,0,88670208,8192
3354,18893437420,18906113194,12675774,12.675774,"funcionTransicion(Celula*, int, curandStateXORWOW*)",1024,1024,55,0,88670208,8192
3355,18907012805,18919622885,12610080,12.61008,"funcionTransicion(Celula*, int, curandStateXORWOW*)",1024,1024,55,0,88670208,8192
3356,18920513504,18933429086,12915582,12.915582,"funcionTransicion(Celula*, int, curandStateXORWOW*)",1024,1024,55,0,88670208,8192
3357,18934327865,18947015480,12687615,12.687615,"funcionTransicion(Celula*, int, curandStateXORWOW*)",1024,1024,55,0,88670208,8192
3358,18947918196,18960788657,12870461,12.870461,"funcionTransicion(Celula*, int, curandStateXORWOW*)",1024,1024,55,0,88670208,8192
3359,18961687277,18974600267,12912990,12.91299,"funcionTransicion(Celula*, int, curandStateXORWOW*)",1024,1024,55,0,88670208,8192
3360,18975500678,18988210436,12709758,12.709758,"funcionTransicion(Celula*, int, curandStateXORWOW*)",1024,1024,55,0,88670208,8192
3361,19116823408,19129534895,12711487,12.711487,"funcionTransicion(Celula*, int, curandStateXORWOW*)",1024,1024,55,0,88670208,8192
3362,19130431498,19143143337,12711839,12.711839,"funcionTransicion(Celula*, int, curandStateXORWOW*)",1024,1024,55,0,88670208,8192
3363,19144048164,19156997410,12949246,12.949246,"funcionTransicion(Celula*, int, curandStateXORWOW*)",1024,1024,55,0,88670208,8192
3364,19157901149,19170874554,12973405,12.973405,"funcionTransicion(Celula*, int, curandStateXORWOW*)",1024,1024,55,0,88670208,8192
3365,19171768694,19184620820,12852126,12.852126,"funcionTransicion(Celula*, int, curandStateXORWOW*)",1024,1024,55,0,88670208,8192
3366,19185521936,19198529484,13007548,13.007548,"funcionTransicion(Celula*, int, curandStateXORWOW*)",1024,1024,55,0,88670208,8192
3367,19199435304,19212285062,12849758,12.849758,"funcionTransicion(Celula*, int, curandStateXORWOW*)",1024,1024,55,0,88670208,8192
3368,19213186337,19226279806,13093469,13.093469,"funcionTransicion(Celula*, int, curandStateXORWOW*)",1024,1024,55,0,88670208,8192
3369,19227184281,19240358358,13174077,13.174077,"funcionTransicion(Celula*, int, curandStateXORWOW*)",1024,1024,55,0,88670208,8192
3370,19241255953,19254363630,13107677,13.107677,"funcionTransicion(Celula*, int, curandStateXORWOW*)",1024,1024,55,0,88670208,8192
3371,19255271721,19268570885,13299164,13.299164,"funcionTransicion(Celula*, int, curandStateXORWOW*)",1024,1024,55,0,88670208,8192
3372,19269472640,19282888795,13416155,13.416155,"funcionTransicion(Celula*, int, curandStateXORWOW*)",1024,1024,55,0,88670208,8192
3373,19283790487,19297229586,13439099,13.439099,"funcionTransicion(Celula*, int, curandStateXORWOW*)",1024,1024,55,0,88670208,8192
3374,19298128877,19311368745,13239868,13.239868,"funcionTransicion(Celula*, int, curandStateXORWOW*)",1024,1024,55,0,88670208,8192
3375,19312271876,19325876062,13604186,13.604186,"funcionTransicion(Celula*, int, curandStateXORWOW*)",1024,1024,55,0,88670208,8192
3376,19326781466,19339922454,13140988,13.140988,"funcionTransicion(Celula*, int, curandStateXORWOW*)",1024,1024,55,0,88670208,8192
3377,19340823154,19353889678,13066524,13.066524,"funcionTransicion(Celula*, int, curandStateXORWOW*)",1024,1024,55,0,88670208,8192
3378,19354804778,19368080422,13275644,13.275644,"funcionTransicion(Celula*, int, curandStateXORWOW*)",1024,1024,55,0,88670208,8192
3379,19368977153,19382263901,13286748,13.286748,"funcionTransicion(Celula*, int, curandStateXORWOW*)",1024,1024,55,0,88670208,8192
3380,19383160824,19396229141,13068317,13.068317,"funcionTransicion(Celula*, int, curandStateXORWOW*)",1024,1024,55,0,88670208,8192
3381,19397129585,19410147150,13017565,13.017565,"funcionTransicion(Celula*, int, curandStateXORWOW*)",1024,1024,55,0,88670208,8192
3382,19411049321,19424274789,13225468,13.225468,"funcionTransicion(Celula*, int, curandStateXORWOW*)",1024,1024,55,0,88670208,8192
3383,19425173217,19438407773,13234556,13.234556,"funcionTransicion(Celula*, int, curandStateXORWOW*)",1024,1024,55,0,88670208,8192
3384,19439307672,19452664787,13357115,13.357115,"funcionTransicion(Celula*, int, curandStateXORWOW*)",1024,1024,55,0,88670208,8192
3385,19453599950,19466863371,13263421,13.263421,"funcionTransicion(Celula*, int, curandStateXORWOW*)",1024,1024,55,0,88670208,8192
3386,19467770310,19481267584,13497274,13.497274,"funcionTransicion(Celula*, int, curandStateXORWOW*)",1024,1024,55,0,88670208,8192
3387,19482175260,19495650391,13475131,13.475131,"funcionTransicion(Celula*, int, curandStateXORWOW*)",1024,1024,55,0,88670208,8192
3388,19496550226,19509971917,13421691,13.421691,"funcionTransicion(Celula*, int, curandStateXORWOW*)",1024,1024,55,0,88670208,8192
3389,19510871816,19524434883,13563067,13.563067,"funcionTransicion(Celula*, int, curandStateXORWOW*)",1024,1024,55,0,88670208,8192
3390,19525338046,19538768185,13430139,13.430139,"funcionTransicion(Celula*, int, curandStateXORWOW*)",1024,1024,55,0,88670208,8192
3391,19539673300,19553174063,13500763,13.500763,"funcionTransicion(Celula*, int, curandStateXORWOW*)",1024,1024,55,0,88670208,8192
3392,19554080586,19567459846,13379260,13.37926,"funcionTransicion(Celula*, int, curandStateXORWOW*)",1024,1024,55,0,88670208,8192
3393,19568367329,19581739868,13372539,13.372539,"funcionTransicion(Celula*, int, curandStateXORWOW*)",1024,1024,55,0,88670208,8192
3394,19582640984,19596050515,13409531,13.409531,"funcionTransicion(Celula*, int, curandStateXORWOW*)",1024,1024,55,0,88670208,8192
3395,19596945518,19610320554,13375036,13.375036,"funcionTransicion(Celula*, int, curandStateXORWOW*)",1024,1024,55,0,88670208,8192
3396,19611235589,19624700160,13464571,13.464571,"funcionTransicion(Celula*, int, curandStateXORWOW*)",1024,1024,55,0,88670208,8192
3397,19625607547,19639146870,13539323,13.539323,"funcionTransicion(Celula*, int, curandStateXORWOW*)",1024,1024,55,0,88670208,8192
3398,19640046961,19653690667,13643706,13.643706,"funcionTransicion(Celula*, int, curandStateXORWOW*)",1024,1024,55,0,88670208,8192
3399,19654580550,19668073921,13493371,13.493371,"funcionTransicion(Celula*, int, curandStateXORWOW*)",1024,1024,55,0,88670208,8192
3400,19668974365,19682611830,13637465,13.637465,"funcionTransicion(Celula*, int, curandStateXORWOW*)",1024,1024,55,0,88670208,8192
3401,19683515762,19696962988,13447226,13.447226,"funcionTransicion(Celula*, int, curandStateXORWOW*)",1024,1024,55,0,88670208,8192
3402,19697864904,19711267939,13403035,13.403035,"funcionTransicion(Celula*, int, curandStateXORWOW*)",1024,1024,55,0,88670208,8192
3403,19712169694,19725416539,13246845,13.246845,"funcionTransicion(Celula*, int, curandStateXORWOW*)",1024,1024,55,0,88670208,8192
3404,19726323414,19739870800,13547386,13.547386,"funcionTransicion(Celula*, int, curandStateXORWOW*)",1024,1024,55,0,88670208,8192
3405,19740778060,19754410054,13631994,13.631994,"funcionTransicion(Celula*, int, curandStateXORWOW*)",1024,1024,55,0,88670208,8192
3406,19755309921,19768867547,13557626,13.557626,"funcionTransicion(Celula*, int, curandStateXORWOW*)",1024,1024,55,0,88670208,8192
3407,19769764087,19783244850,13480763,13.480763,"funcionTransicion(Celula*, int, curandStateXORWOW*)",1024,1024,55,0,88670208,8192
3408,19784150829,19797818759,13667930,13.66793,"funcionTransicion(Celula*, int, curandStateXORWOW*)",1024,1024,55,0,88670208,8192
3409,19798742882,19812265597,13522715,13.522715,"funcionTransicion(Celula*, int, curandStateXORWOW*)",1024,1024,55,0,88670208,8192
3410,19813160312,19826790962,13630650,13.63065,"funcionTransicion(Celula*, int, curandStateXORWOW*)",1024,1024,55,0,88670208,8192
3411,19827693453,19841130728,13437275,13.437275,"funcionTransicion(Celula*, int, curandStateXORWOW*)",1024,1024,55,0,88670208,8192
3412,19842034372,19855651902,13617530,13.61753,"funcionTransicion(Celula*, int, curandStateXORWOW*)",1024,1024,55,0,88670208,8192
3413,19856552377,19870190675,13638298,13.638298,"funcionTransicion(Celula*, int, curandStateXORWOW*)",1024,1024,55,0,88670208,8192
3414,19871099022,19884625737,13526715,13.526715,"funcionTransicion(Celula*, int, curandStateXORWOW*)",1024,1024,55,0,88670208,8192
3415,19885530532,19899106526,13575994,13.575994,"funcionTransicion(Celula*, int, curandStateXORWOW*)",1024,1024,55,0,88670208,8192
3416,19900009690,19913582068,13572378,13.572378,"funcionTransicion(Celula*, int, curandStateXORWOW*)",1024,1024,55,0,88670208,8192
3417,19914486896,19928230825,13743929,13.743929,"funcionTransicion(Celula*, int, curandStateXORWOW*)",1024,1024,55,0,88670208,8192
3418,19929135684,19942426656,13290972,13.290972,"funcionTransicion(Celula*, int, curandStateXORWOW*)",1024,1024,55,0,88670208,8192
3419,19943328188,19956535800,13207612,13.207612,"funcionTransicion(Celula*, int, curandStateXORWOW*)",1024,1024,55,0,88670208,8192
3420,19957445843,19970814958,13369115,13.369115,"funcionTransicion(Celula*, int, curandStateXORWOW*)",1024,1024,55,0,88670208,8192
3421,19971720713,19984989318,13268605,13.268605,"funcionTransicion(Celula*, int, curandStateXORWOW*)",1024,1024,55,0,88670208,8192
3422,19985894209,19999119453,13225244,13.225244,"funcionTransicion(Celula*, int, curandStateXORWOW*)",1024,1024,55,0,88670208,8192
3423,20000018456,20013214548,13196092,13.196092,"funcionTransicion(Celula*, int, curandStateXORWOW*)",1024,1024,55,0,88670208,8192
3424,20014119152,20027267597,13148445,13.148445,"funcionTransicion(Celula*, int, curandStateXORWOW*)",1024,1024,55,0,88670208,8192
3425,20028173640,20041485571,13311931,13.311931,"funcionTransicion(Celula*, int, curandStateXORWOW*)",1024,1024,55,0,88670208,8192
3426,20042393503,20055862266,13468763,13.468763,"funcionTransicion(Celula*, int, curandStateXORWOW*)",1024,1024,55,0,88670208,8192
3427,20056768789,20070242128,13473339,13.473339,"funcionTransicion(Celula*, int, curandStateXORWOW*)",1024,1024,55,0,88670208,8192
3428,20071149515,20084551974,13402459,13.402459,"funcionTransicion(Celula*, int, curandStateXORWOW*)",1024,1024,55,0,88670208,8192
3429,20085463297,20099017980,13554683,13.554683,"funcionTransicion(Celula*, int, curandStateXORWOW*)",1024,1024,55,0,88670208,8192
3430,20099931287,20113293651,13362364,13.362364,"funcionTransicion(Celula*, int, curandStateXORWOW*)",1024,1024,55,0,88670208,8192
3431,20114193518,20127720776,13527258,13.527258,"funcionTransicion(Celula*, int, curandStateXORWOW*)",1024,1024,55,0,88670208,8192
3432,20128629252,20141999359,13370107,13.370107,"funcionTransicion(Celula*, int, curandStateXORWOW*)",1024,1024,55,0,88670208,8192
3433,20142940346,20156563732,13623386,13.623386,"funcionTransicion(Celula*, int, curandStateXORWOW*)",1024,1024,55,0,88670208,8192
3434,20157468368,20171125289,13656921,13.656921,"funcionTransicion(Celula*, int, curandStateXORWOW*)",1024,1024,55,0,88670208,8192
3435,20172026885,20185599295,13572410,13.57241,"funcionTransicion(Celula*, int, curandStateXORWOW*)",1024,1024,55,0,88670208,8192
3436,20186503386,20200160244,13656858,13.656858,"funcionTransicion(Celula*, int, curandStateXORWOW*)",1024,1024,55,0,88670208,8192
3437,20201069456,20214304556,13235100,13.2351,"funcionTransicion(Celula*, int, curandStateXORWOW*)",1024,1024,55,0,88670208,8192
3438,20215212135,20228431331,13219196,13.219196,"funcionTransicion(Celula*, int, curandStateXORWOW*)",1024,1024,55,0,88670208,8192
3439,20229329982,20242577754,13247772,13.247772,"funcionTransicion(Celula*, int, curandStateXORWOW*)",1024,1024,55,0,88670208,8192
3440,20243484342,20256783601,13299259,13.299259,"funcionTransicion(Celula*, int, curandStateXORWOW*)",1024,1024,55,0,88670208,8192
3441,20257688621,20271302663,13614042,13.614042,"funcionTransicion(Celula*, int, curandStateXORWOW*)",1024,1024,55,0,88670208,8192
3442,20272216707,20285683645,13466938,13.466938,"funcionTransicion(Celula*, int, curandStateXORWOW*)",1024,1024,55,0,88670208,8192
3443,20286592793,20299902548,13309755,13.309755,"funcionTransicion(Celula*, int, curandStateXORWOW*)",1024,1024,55,0,88670208,8192
3444,20300807856,20314183211,13375355,13.375355,"funcionTransicion(Celula*, int, curandStateXORWOW*)",1024,1024,55,0,88670208,8192
3445,20315081190,20328478081,13396891,13.396891,"funcionTransicion(Celula*, int, curandStateXORWOW*)",1024,1024,55,0,88670208,8192
3446,20329393853,20342805464,13411611,13.411611,"funcionTransicion(Celula*, int, curandStateXORWOW*)",1024,1024,55,0,88670208,8192
3447,20343711699,20356817904,13106205,13.106205,"funcionTransicion(Celula*, int, curandStateXORWOW*)",1024,1024,55,0,88670208,8192
3448,20357723403,20371191078,13467675,13.467675,"funcionTransicion(Celula*, int, curandStateXORWOW*)",1024,1024,55,0,88670208,8192
3449,20372101186,20385331518,13230332,13.230332,"funcionTransicion(Celula*, int, curandStateXORWOW*)",1024,1024,55,0,88670208,8192
3450,20386241209,20399710131,13468922,13.468922,"funcionTransicion(Celula*, int, curandStateXORWOW*)",1024,1024,55,0,88670208,8192
3451,20400614767,20413957067,13342300,13.3423,"funcionTransicion(Celula*, int, curandStateXORWOW*)",1024,1024,55,0,88670208,8192
3452,20414867814,20428437248,13569434,13.569434,"funcionTransicion(Celula*, int, curandStateXORWOW*)",1024,1024,55,0,88670208,8192
3453,20429341051,20442736983,13395932,13.395932,"funcionTransicion(Celula*, int, curandStateXORWOW*)",1024,1024,55,0,88670208,8192
3454,20443652594,20456878478,13225884,13.225884,"funcionTransicion(Celula*, int, curandStateXORWOW*)",1024,1024,55,0,88670208,8192
3455,20457795049,20470935814,13140765,13.140765,"funcionTransicion(Celula*, int, curandStateXORWOW*)",1024,1024,55,0,88670208,8192
3456,20471845313,20485300156,13454843,13.454843,"funcionTransicion(Celula*, int, curandStateXORWOW*)",1024,1024,55,0,88670208,8192
3457,20486231095,20499629619,13398524,13.398524,"funcionTransicion(Celula*, int, curandStateXORWOW*)",1024,1024,55,0,88670208,8192
3458,20500537742,20513719018,13181276,13.181276,"funcionTransicion(Celula*, int, curandStateXORWOW*)",1024,1024,55,0,88670208,8192
3459,20514631590,20527871553,13239963,13.239963,"funcionTransicion(Celula*, int, curandStateXORWOW*)",1024,1024,55,0,88670208,8192
3460,20528780573,20542136152,13355579,13.355579,"funcionTransicion(Celula*, int, curandStateXORWOW*)",1024,1024,55,0,88670208,8192
3461,20543048563,20556401967,13353404,13.353404,"funcionTransicion(Celula*, int, curandStateXORWOW*)",1024,1024,55,0,88670208,8192
3462,20557310250,20570853669,13543419,13.543419,"funcionTransicion(Celula*, int, curandStateXORWOW*)",1024,1024,55,0,88670208,8192
3463,20571761856,20585365754,13603898,13.603898,"funcionTransicion(Celula*, int, curandStateXORWOW*)",1024,1024,55,0,88670208,8192
3464,20586262933,20599783760,13520827,13.520827,"funcionTransicion(Celula*, int, curandStateXORWOW*)",1024,1024,55,0,88670208,8192
3465,20600690508,20614282918,13592410,13.59241,"funcionTransicion(Celula*, int, curandStateXORWOW*)",1024,1024,55,0,88670208,8192
3466,20615199169,20628757660,13558491,13.558491,"funcionTransicion(Celula*, int, curandStateXORWOW*)",1024,1024,55,0,88670208,8192
3467,20629663895,20643114769,13450874,13.450874,"funcionTransicion(Celula*, int, curandStateXORWOW*)",1024,1024,55,0,88670208,8192
3468,20644034861,20657560583,13525722,13.525722,"funcionTransicion(Celula*, int, curandStateXORWOW*)",1024,1024,55,0,88670208,8192
3469,20658474243,20671905629,13431386,13.431386,"funcionTransicion(Celula*, int, curandStateXORWOW*)",1024,1024,55,0,88670208,8192
3470,20672822425,20686409363,13586938,13.586938,"funcionTransicion(Celula*, int, curandStateXORWOW*)",1024,1024,55,0,88670208,8192
3471,20687323726,20700629706,13305980,13.30598,"funcionTransicion(Celula*, int, curandStateXORWOW*)",1024,1024,55,0,88670208,8192
3472,20701541542,20715165120,13623578,13.623578,"funcionTransicion(Celula*, int, curandStateXORWOW*)",1024,1024,55,0,88670208,8192
3473,20716083899,20729597718,13513819,13.513819,"funcionTransicion(Celula*, int, curandStateXORWOW*)",1024,1024,55,0,88670208,8192
3474,20730509201,20744048075,13538874,13.538874,"funcionTransicion(Celula*, int, curandStateXORWOW*)",1024,1024,55,0,88670208,8192
3475,20744962502,20758546273,13583771,13.583771,"funcionTransicion(Celula*, int, curandStateXORWOW*)",1024,1024,55,0,88670208,8192
3476,20759454556,20773146038,13691482,13.691482,"funcionTransicion(Celula*, int, curandStateXORWOW*)",1024,1024,55,0,88670208,8192
3477,20774054929,20787622060,13567131,13.567131,"funcionTransicion(Celula*, int, curandStateXORWOW*)",1024,1024,55,0,88670208,8192
3478,20788531335,20802078817,13547482,13.547482,"funcionTransicion(Celula*, int, curandStateXORWOW*)",1024,1024,55,0,88670208,8192
3479,20802986204,20816571799,13585595,13.585595,"funcionTransicion(Celula*, int, curandStateXORWOW*)",1024,1024,55,0,88670208,8192
3480,20817488338,20830968269,13479931,13.479931,"funcionTransicion(Celula*, int, curandStateXORWOW*)",1024,1024,55,0,88670208,8192
3481,20988987169,21002861882,13874713,13.874713,"funcionTransicion(Celula*, int, curandStateXORWOW*)",1024,1024,55,0,88670208,8192
3482,21003779349,21017515567,13736218,13.736218,"funcionTransicion(Celula*, int, curandStateXORWOW*)",1024,1024,55,0,88670208,8192
3483,21018416170,21032029764,13613594,13.613594,"funcionTransicion(Celula*, int, curandStateXORWOW*)",1024,1024,55,0,88670208,8192
3484,21032933088,21046457914,13524826,13.524826,"funcionTransicion(Celula*, int, curandStateXORWOW*)",1024,1024,55,0,88670208,8192
3485,21047369334,21060933232,13563898,13.563898,"funcionTransicion(Celula*, int, curandStateXORWOW*)",1024,1024,55,0,88670208,8192
3486,21061848651,21075501605,13652954,13.652954,"funcionTransicion(Celula*, int, curandStateXORWOW*)",1024,1024,55,0,88670208,8192
3487,21076413184,21090140474,13727290,13.72729,"funcionTransicion(Celula*, int, curandStateXORWOW*)",1024,1024,55,0,88670208,8192
3488,21091057013,21104789486,13732473,13.732473,"funcionTransicion(Celula*, int, curandStateXORWOW*)",1024,1024,55,0,88670208,8192
3489,21105696170,21119231044,13534874,13.534874,"funcionTransicion(Celula*, int, curandStateXORWOW*)",1024,1024,55,0,88670208,8192
3490,21120141632,21133701946,13560314,13.560314,"funcionTransicion(Celula*, int, curandStateXORWOW*)",1024,1024,55,0,88670208,8192
3491,21134605941,21148341263,13735322,13.735322,"funcionTransicion(Celula*, int, curandStateXORWOW*)",1024,1024,55,0,88670208,8192
3492,21149254890,21162908356,13653466,13.653466,"funcionTransicion(Celula*, int, curandStateXORWOW*)",1024,1024,55,0,88670208,8192
3493,21163824831,21177758712,13933881,13.933881,"funcionTransicion(Celula*, int, curandStateXORWOW*)",1024,1024,55,0,88670208,8192
3494,21178672371,21192186350,13513979,13.513979,"funcionTransicion(Celula*, int, curandStateXORWOW*)",1024,1024,55,0,88670208,8192
3495,21193103977,21206971586,13867609,13.867609,"funcionTransicion(Celula*, int, curandStateXORWOW*)",1024,1024,55,0,88670208,8192
3496,21207883549,21221753622,13870073,13.870073,"funcionTransicion(Celula*, int, curandStateXORWOW*)",1024,1024,55,0,88670208,8192
3497,21222666609,21236673161,14006552,14.006552,"funcionTransicion(Celula*, int, curandStateXORWOW*)",1024,1024,55,0,88670208,8192
3498,21237587269,21251459389,13872120,13.87212,"funcionTransicion(Celula*, int, curandStateXORWOW*)",1024,1024,55,0,88670208,8192
3499,21252368633,21266556112,14187479,14.187479,"funcionTransicion(Celula*, int, curandStateXORWOW*)",1024,1024,55,0,88670208,8192
3500,21267469579,21281596515,14126936,14.126936,"funcionTransicion(Celula*, int, curandStateXORWOW*)",1024,1024,55,0,88670208,8192
3501,21282511710,21296459702,13947992,13.947992,"funcionTransicion(Celula*, int, curandStateXORWOW*)",1024,1024,55,0,88670208,8192
3502,21297371218,21311241450,13870232,13.870232,"funcionTransicion(Celula*, int, curandStateXORWOW*)",1024,1024,55,0,88670208,8192
3503,21312163525,21325782848,13619323,13.619323,"funcionTransicion(Celula*, int, curandStateXORWOW*)",1024,1024,55,0,88670208,8192
3504,21326687451,21340475572,13788121,13.788121,"funcionTransicion(Celula*, int, curandStateXORWOW*)",1024,1024,55,0,88670208,8192
3505,21341494863,21355377512,13882649,13.882649,"funcionTransicion(Celula*, int, curandStateXORWOW*)",1024,1024,55,0,88670208,8192
3506,21356290499,21370140732,13850233,13.850233,"funcionTransicion(Celula*, int, curandStateXORWOW*)",1024,1024,55,0,88670208,8192
3507,21371063223,21384689777,13626554,13.626554,"funcionTransicion(Celula*, int, curandStateXORWOW*)",1024,1024,55,0,88670208,8192
3508,21385592908,21399463397,13870489,13.870489,"funcionTransicion(Celula*, int, curandStateXORWOW*)",1024,1024,55,0,88670208,8192
3509,21400372704,21414609271,14236567,14.236567,"funcionTransicion(Celula*, int, curandStateXORWOW*)",1024,1024,55,0,88670208,8192
3510,21415519635,21429279436,13759801,13.759801,"funcionTransicion(Celula*, int, curandStateXORWOW*)",1024,1024,55,0,88670208,8192
3511,21430200263,21444183519,13983256,13.983256,"funcionTransicion(Celula*, int, curandStateXORWOW*)",1024,1024,55,0,88670208,8192
3512,21445104763,21459148563,14043800,14.0438,"funcionTransicion(Celula*, int, curandStateXORWOW*)",1024,1024,55,0,88670208,8192
3513,21460060942,21474074182,14013240,14.01324,"funcionTransicion(Celula*, int, curandStateXORWOW*)",1024,1024,55,0,88670208,8192
3514,21474982785,21488848282,13865497,13.865497,"funcionTransicion(Celula*, int, curandStateXORWOW*)",1024,1024,55,0,88670208,8192
3515,21489766166,21503659470,13893304,13.893304,"funcionTransicion(Celula*, int, curandStateXORWOW*)",1024,1024,55,0,88670208,8192
3516,21504570537,21518406211,13835674,13.835674,"funcionTransicion(Celula*, int, curandStateXORWOW*)",1024,1024,55,0,88670208,8192
3517,21519325630,21533098679,13773049,13.773049,"funcionTransicion(Celula*, int, curandStateXORWOW*)",1024,1024,55,0,88670208,8192
3518,21534011698,21547619116,13607418,13.607418,"funcionTransicion(Celula*, int, curandStateXORWOW*)",1024,1024,55,0,88670208,8192
3519,21548534439,21562548512,14014073,14.014073,"funcionTransicion(Celula*, int, curandStateXORWOW*)",1024,1024,55,0,88670208,8192
3520,21563467099,21577243892,13776793,13.776793,"funcionTransicion(Celula*, int, curandStateXORWOW*)",1024,1024,55,0,88670208,8192
3521,21578152720,21591584235,13431515,13.431515,"funcionTransicion(Celula*, int, curandStateXORWOW*)",1024,1024,55,0,88670208,8192
3522,21592495910,21606329791,13833881,13.833881,"funcionTransicion(Celula*, int, curandStateXORWOW*)",1024,1024,55,0,88670208,8192
3523,21607244570,21621042387,13797817,13.797817,"funcionTransicion(Celula*, int, curandStateXORWOW*)",1024,1024,55,0,88670208,8192
3524,21621949871,21636147942,14198071,14.198071,"funcionTransicion(Celula*, int, curandStateXORWOW*)",1024,1024,55,0,88670208,8192
3525,21637067649,21651183864,14116215,14.116215,"funcionTransicion(Celula*, int, curandStateXORWOW*)",1024,1024,55,0,88670208,8192
3526,21652094132,21666115660,14021528,14.021528,"funcionTransicion(Celula*, int, curandStateXORWOW*)",1024,1024,55,0,88670208,8192
3527,21667028039,21681024319,13996280,13.99628,"funcionTransicion(Celula*, int, curandStateXORWOW*)",1024,1024,55,0,88670208,8192
3528,21681934810,21696150354,14215544,14.215544,"funcionTransicion(Celula*, int, curandStateXORWOW*)",1024,1024,55,0,88670208,8192
3529,21697165420,21711006405,13840985,13.840985,"funcionTransicion(Celula*, int, curandStateXORWOW*)",1024,1024,55,0,88670208,8192
3530,21711913089,21726169719,14256630,14.25663,"funcionTransicion(Celula*, int, curandStateXORWOW*)",1024,1024,55,0,88670208,8192
3531,21727084979,21741183434,14098455,14.098455,"funcionTransicion(Celula*, int, curandStateXORWOW*)",1024,1024,55,0,88670208,8192
3532,21742107750,21756036926,13929176,13.929176,"funcionTransicion(Celula*, int, curandStateXORWOW*)",1024,1024,55,0,88670208,8192
3533,21756948697,21771097745,14149048,14.149048,"funcionTransicion(Celula*, int, curandStateXORWOW*)",1024,1024,55,0,88670208,8192
3534,21772015436,21785912068,13896632,13.896632,"funcionTransicion(Celula*, int, curandStateXORWOW*)",1024,1024,55,0,88670208,8192
3535,21786825248,21800849784,14024536,14.024536,"funcionTransicion(Celula*, int, curandStateXORWOW*)",1024,1024,55,0,88670208,8192
3536,21801764147,21815973386,14209239,14.209239,"funcionTransicion(Celula*, int, curandStateXORWOW*)",1024,1024,55,0,88670208,8192
3537,21816883173,21830774910,13891737,13.891737,"funcionTransicion(Celula*, int, curandStateXORWOW*)",1024,1024,55,0,88670208,8192
3538,21831684826,21846005104,14320278,14.320278,"funcionTransicion(Celula*, int, curandStateXORWOW*)",1024,1024,55,0,88670208,8192
3539,21846919755,21861380833,14461078,14.461078,"funcionTransicion(Celula*, int, curandStateXORWOW*)",1024,1024,55,0,88670208,8192
3540,21862284668,21876323508,14038840,14.03884,"funcionTransicion(Celula*, int, curandStateXORWOW*)",1024,1024,55,0,88670208,8192
3541,21877241807,21891499878,14258071,14.258071,"funcionTransicion(Celula*, int, curandStateXORWOW*)",1024,1024,55,0,88670208,8192
3542,21892413537,21906473529,14059992,14.059992,"funcionTransicion(Celula*, int, curandStateXORWOW*)",1024,1024,55,0,88670208,8192
3543,21907385685,21921615500,14229815,14.229815,"funcionTransicion(Celula*, int, curandStateXORWOW*)",1024,1024,55,0,88670208,8192
3544,21922533159,21936849565,14316406,14.316406,"funcionTransicion(Celula*, int, curandStateXORWOW*)",1024,1024,55,0,88670208,8192
3545,21937766873,21952285870,14518997,14.518997,"funcionTransicion(Celula*, int, curandStateXORWOW*)",1024,1024,55,0,88670208,8192
3546,21953207849,21967329473,14121624,14.121624,"funcionTransicion(Celula*, int, curandStateXORWOW*)",1024,1024,55,0,88670208,8192
3547,21968241180,21982524947,14283767,14.283767,"funcionTransicion(Celula*, int, curandStateXORWOW*)",1024,1024,55,0,88670208,8192
3548,21983440654,21997820324,14379670,14.37967,"funcionTransicion(Celula*, int, curandStateXORWOW*)",1024,1024,55,0,88670208,8192
3549,21998730751,22012974167,14243416,14.243416,"funcionTransicion(Celula*, int, curandStateXORWOW*)",1024,1024,55,0,88670208,8192
3550,22013889522,22028230472,14340950,14.34095,"funcionTransicion(Celula*, int, curandStateXORWOW*)",1024,1024,55,0,88670208,8192
3551,22029161059,22043441722,14280663,14.280663,"funcionTransicion(Celula*, int, curandStateXORWOW*)",1024,1024,55,0,88670208,8192
3552,22044362069,22058973066,14610997,14.610997,"funcionTransicion(Celula*, int, curandStateXORWOW*)",1024,1024,55,0,88670208,8192
3553,22059997445,22074433307,14435862,14.435862,"funcionTransicion(Celula*, int, curandStateXORWOW*)",1024,1024,55,0,88670208,8192
3554,22075341014,22089809324,14468310,14.46831,"funcionTransicion(Celula*, int, curandStateXORWOW*)",1024,1024,55,0,88670208,8192
3555,22090729287,22105180317,14451030,14.45103,"funcionTransicion(Celula*, int, curandStateXORWOW*)",1024,1024,55,0,88670208,8192
3556,22106095864,22120677613,14581749,14.581749,"funcionTransicion(Celula*, int, curandStateXORWOW*)",1024,1024,55,0,88670208,8192
3557,22121587465,22135991423,14403958,14.403958,"funcionTransicion(Celula*, int, curandStateXORWOW*)",1024,1024,55,0,88670208,8192
3558,22136912218,22151324752,14412534,14.412534,"funcionTransicion(Celula*, int, curandStateXORWOW*)",1024,1024,55,0,88670208,8192
3559,22152239883,22166465474,14225591,14.225591,"funcionTransicion(Celula*, int, curandStateXORWOW*)",1024,1024,55,0,88670208,8192
3560,22167377053,22181866131,14489078,14.489078,"funcionTransicion(Celula*, int, curandStateXORWOW*)",1024,1024,55,0,88670208,8192
3561,22182788174,22197509347,14721173,14.721173,"funcionTransicion(Celula*, int, curandStateXORWOW*)",1024,1024,55,0,88670208,8192
3562,22198440190,22212998291,14558101,14.558101,"funcionTransicion(Celula*, int, curandStateXORWOW*)",1024,1024,55,0,88670208,8192
3563,22213916846,22228424612,14507766,14.507766,"funcionTransicion(Celula*, int, curandStateXORWOW*)",1024,1024,55,0,88670208,8192
3564,22229339391,22243755317,14415926,14.415926,"funcionTransicion(Celula*, int, curandStateXORWOW*)",1024,1024,55,0,88670208,8192
3565,22244673360,22259167718,14494358,14.494358,"funcionTransicion(Celula*, int, curandStateXORWOW*)",1024,1024,55,0,88670208,8192
3566,22260084673,22274571831,14487158,14.487158,"funcionTransicion(Celula*, int, curandStateXORWOW*)",1024,1024,55,0,88670208,8192
3567,22275488690,22290117063,14628373,14.628373,"funcionTransicion(Celula*, int, curandStateXORWOW*)",1024,1024,55,0,88670208,8192
3568,22291032002,22305925014,14893012,14.893012,"funcionTransicion(Celula*, int, curandStateXORWOW*)",1024,1024,55,0,88670208,8192
3569,22306837745,22321692485,14854740,14.85474,"funcionTransicion(Celula*, int, curandStateXORWOW*)",1024,1024,55,0,88670208,8192
3570,22322613664,22337415700,14802036,14.802036,"funcionTransicion(Celula*, int, curandStateXORWOW*)",1024,1024,55,0,88670208,8192
3571,22338325520,22353237187,14911667,14.911667,"funcionTransicion(Celula*, int, curandStateXORWOW*)",1024,1024,55,0,88670208,8192
3572,22354157918,22369098769,14940851,14.940851,"funcionTransicion(Celula*, int, curandStateXORWOW*)",1024,1024,55,0,88670208,8192
3573,22370023469,22384545218,14521749,14.521749,"funcionTransicion(Celula*, int, curandStateXORWOW*)",1024,1024,55,0,88670208,8192
3574,22385469630,22399904979,14435349,14.435349,"funcionTransicion(Celula*, int, curandStateXORWOW*)",1024,1024,55,0,88670208,8192
3575,22400832783,22415659842,14827059,14.827059,"funcionTransicion(Celula*, int, curandStateXORWOW*)",1024,1024,55,0,88670208,8192
3576,22416574813,22431317618,14742805,14.742805,"funcionTransicion(Celula*, int, curandStateXORWOW*)",1024,1024,55,0,88670208,8192
3577,22432370668,22446946082,14575414,14.575414,"funcionTransicion(Celula*, int, curandStateXORWOW*)",1024,1024,55,0,88670208,8192
3578,22447863293,22462534642,14671349,14.671349,"funcionTransicion(Celula*, int, curandStateXORWOW*)",1024,1024,55,0,88670208,8192
3579,22463458189,22477856963,14398774,14.398774,"funcionTransicion(Celula*, int, curandStateXORWOW*)",1024,1024,55,0,88670208,8192
3580,22478773310,22493271796,14498486,14.498486,"funcionTransicion(Celula*, int, curandStateXORWOW*)",1024,1024,55,0,88670208,8192
3581,22494193455,22509177826,14984371,14.984371,"funcionTransicion(Celula*, int, curandStateXORWOW*)",1024,1024,55,0,88670208,8192
3582,22510096477,22524710994,14614517,14.614517,"funcionTransicion(Celula*, int, curandStateXORWOW*)",1024,1024,55,0,88670208,8192
3583,22525630574,22540228898,14598324,14.598324,"funcionTransicion(Celula*, int, curandStateXORWOW*)",1024,1024,55,0,88670208,8192
3584,22541154046,22555936498,14782452,14.782452,"funcionTransicion(Celula*, int, curandStateXORWOW*)",1024,1024,55,0,88670208,8192
3585,22556844045,22571343651,14499606,14.499606,"funcionTransicion(Celula*, int, curandStateXORWOW*)",1024,1024,55,0,88670208,8192
3586,22572259614,22587023698,14764084,14.764084,"funcionTransicion(Celula*, int, curandStateXORWOW*)",1024,1024,55,0,88670208,8192
3587,22587946093,22602604674,14658581,14.658581,"funcionTransicion(Celula*, int, curandStateXORWOW*)",1024,1024,55,0,88670208,8192
3588,22603516605,22618098227,14581622,14.581622,"funcionTransicion(Celula*, int, curandStateXORWOW*)",1024,1024,55,0,88670208,8192
3589,22619021486,22633908962,14887476,14.887476,"funcionTransicion(Celula*, int, curandStateXORWOW*)",1024,1024,55,0,88670208,8192
3590,22634821629,22649776368,14954739,14.954739,"funcionTransicion(Celula*, int, curandStateXORWOW*)",1024,1024,55,0,88670208,8192
3591,22650694923,22665489695,14794772,14.794772,"funcionTransicion(Celula*, int, curandStateXORWOW*)",1024,1024,55,0,88670208,8192
3592,22666407643,22681386221,14978578,14.978578,"funcionTransicion(Celula*, int, curandStateXORWOW*)",1024,1024,55,0,88670208,8192
3593,22682304233,22697451003,15146770,15.14677,"funcionTransicion(Celula*, int, curandStateXORWOW*)",1024,1024,55,0,88670208,8192
3594,22698373399,22713490345,15116946,15.116946,"funcionTransicion(Celula*, int, curandStateXORWOW*)",1024,1024,55,0,88670208,8192
3595,22714419460,22729715062,15295602,15.295602,"funcionTransicion(Celula*, int, curandStateXORWOW*)",1024,1024,55,0,88670208,8192
3596,22730636337,22745608484,14972147,14.972147,"funcionTransicion(Celula*, int, curandStateXORWOW*)",1024,1024,55,0,88670208,8192
3597,22746530495,22761387219,14856724,14.856724,"funcionTransicion(Celula*, int, curandStateXORWOW*)",1024,1024,55,0,88670208,8192
3598,22762311470,22777306465,14994995,14.994995,"funcionTransicion(Celula*, int, curandStateXORWOW*)",1024,1024,55,0,88670208,8192
3599,22778215452,22793179504,14964052,14.964052,"funcionTransicion(Celula*, int, curandStateXORWOW*)",1024,1024,55,0,88670208,8192
3600,22794099467,22809317405,15217938,15.217938,"funcionTransicion(Celula*, int, curandStateXORWOW*)",1024,1024,55,0,88670208,8192
