launch_index,start,end,duration_ns,duration_ms,kernel_name,gridX,blockX,registersPerThread,localMemoryPerThread,localMemoryTotal,sharedMemoryExecuted
1,698323346,699326637,1003291,1.003291,"funcionTransicion(Celula*, int, curandStateXORWOW*)",16,1024,63,0,88670208,8192
2,700147465,700951045,803580,0.80358,"funcionTransicion(Celula*, int, curandStateXORWOW*)",16,1024,63,0,88670208,8192
3,701775009,702593949,818940,0.81894,"funcionTransicion(Celula*, int, curandStateXORWOW*)",16,1024,63,0,88670208,8192
4,703410008,704233781,823773,0.823773,"funcionTransicion(Celula*, int, curandStateXORWOW*)",16,1024,63,0,88670208,8192
5,705058128,705912780,854652,0.854652,"funcionTransicion(Celula*, int, curandStateXORWOW*)",16,1024,63,0,88670208,8192
6,706733224,707573827,840603,0.840603,"funcionTransicion(Celula*, int, curandStateXORWOW*)",16,1024,63,0,88670208,8192
7,708394272,709221307,827035,0.827035,"funcionTransicion(Celula*, int, curandStateXORWOW*)",16,1024,63,0,88670208,8192
8,710035927,710854739,818812,0.818812,"funcionTransicion(Celula*, int, curandStateXORWOW*)",16,1024,63,0,88670208,8192
9,711669199,712541291,872092,0.872092,"funcionTransicion(Celula*, int, curandStateXORWOW*)",16,1024,63,0,88670208,8192
10,713363014,714220674,857660,0.85766,"funcionTransicion(Celula*, int, curandStateXORWOW*)",16,1024,63,0,88670208,8192
11,715032830,716037561,1004731,1.004731,"funcionTransicion(Celula*, int, curandStateXORWOW*)",16,1024,63,0,88670208,8192
12,716859476,717755920,896444,0.896444,"funcionTransicion(Celula*, int, curandStateXORWOW*)",16,1024,63,0,88670208,8192
13,718565996,719423976,857980,0.85798,"funcionTransicion(Celula*, int, curandStateXORWOW*)",16,1024,63,0,88670208,8192
14,720242499,721101791,859292,0.859292,"funcionTransicion(Celula*, int, curandStateXORWOW*)",16,1024,63,0,88670208,8192
15,721919451,722759831,840380,0.84038,"funcionTransicion(Celula*, int, curandStateXORWOW*)",16,1024,63,0,88670208,8192
16,723580531,724448398,867867,0.867867,"funcionTransicion(Celula*, int, curandStateXORWOW*)",16,1024,63,0,88670208,8192
17,725272554,726126310,853756,0.853756,"funcionTransicion(Celula*, int, curandStateXORWOW*)",16,1024,63,0,88670208,8192
18,726953890,727781150,827260,0.82726,"funcionTransicion(Celula*, int, curandStateXORWOW*)",16,1024,63,0,88670208,8192
19,728595833,729425717,829884,0.829884,"funcionTransicion(Celula*, int, curandStateXORWOW*)",16,1024,63,0,88670208,8192
20,730253105,731185068,931963,0.931963,"funcionTransicion(Celula*, int, curandStateXORWOW*)",16,1024,63,0,88670208,8192
21,732000040,732900323,900283,0.900283,"funcionTransicion(Celula*, int, curandStateXORWOW*)",16,1024,63,0,88670208,8192
22,733721439,734810202,1088763,1.088763,"funcionTransicion(Celula*, int, curandStateXORWOW*)",16,1024,63,0,88670208,8192
23,735627862,736728336,1100474,1.100474,"funcionTransicion(Celula*, int, curandStateXORWOW*)",16,1024,63,0,88670208,8192
24,737550924,738482183,931259,0.931259,"funcionTransicion(Celula*, int, curandStateXORWOW*)",16,1024,63,0,88670208,8192
25,812881679,813821770,940091,0.940091,"funcionTransicion(Celula*, int, curandStateXORWOW*)",16,1024,63,0,88670208,8192
26,814629479,815552802,923323,0.923323,"funcionTransicion(Celula*, int, curandStateXORWOW*)",16,1024,63,0,88670208,8192
27,816373822,817387257,1013435,1.013435,"funcionTransicion(Celula*, int, curandStateXORWOW*)",16,1024,63,0,88670208,8192
28,818201077,819060176,859099,0.859099,"funcionTransicion(Celula*, int, curandStateXORWOW*)",16,1024,63,0,88670208,8192
29,819884940,820800519,915579,0.915579,"funcionTransicion(Celula*, int, curandStateXORWOW*)",16,1024,63,0,88670208,8192
30,821612163,822690973,1078810,1.07881,"funcionTransicion(Celula*, int, curandStateXORWOW*)",16,1024,63,0,88670208,8192
31,823509433,824537332,1027899,1.027899,"funcionTransicion(Celula*, int, curandStateXORWOW*)",16,1024,63,0,88670208,8192
32,825354512,826433867,1079355,1.079355,"funcionTransicion(Celula*, int, curandStateXORWOW*)",16,1024,63,0,88670208,8192
33,827253638,828348865,1095227,1.095227,"funcionTransicion(Celula*, int, curandStateXORWOW*)",16,1024,63,0,88670208,8192
34,829164605,830079800,915195,0.915195,"funcionTransicion(Celula*, int, curandStateXORWOW*)",16,1024,63,0,88670208,8192
35,830898004,831834127,936123,0.936123,"funcionTransicion(Celula*, int, curandStateXORWOW*)",16,1024,63,0,88670208,8192
36,832643627,833575783,932156,0.932156,"funcionTransicion(Celula*, int, curandStateXORWOW*)",16,1024,63,0,88670208,8192
37,834387107,835302462,915355,0.915355,"funcionTransicion(Celula*, int, curandStateXORWOW*)",16,1024,63,0,88670208,8192
38,836128442,837004661,876219,0.876219,"funcionTransicion(Celula*, int, curandStateXORWOW*)",16,1024,63,0,88670208,8192
39,837818865,838740140,921275,0.921275,"funcionTransicion(Celula*, int, curandStateXORWOW*)",16,1024,63,0,88670208,8192
40,839558089,840432900,874811,0.874811,"funcionTransicion(Celula*, int, curandStateXORWOW*)",16,1024,63,0,88670208,8192
41,841248896,842120252,871356,0.871356,"funcionTransicion(Celula*, int, curandStateXORWOW*)",16,1024,63,0,88670208,8192
42,842934999,843955282,1020283,1.020283,"funcionTransicion(Celula*, int, curandStateXORWOW*)",16,1024,63,0,88670208,8192
43,844776014,845721417,945403,0.945403,"funcionTransicion(Celula*, int, curandStateXORWOW*)",16,1024,63,0,88670208,8192
44,846543461,847456161,912700,0.9127,"funcionTransicion(Celula*, int, curandStateXORWOW*)",16,1024,63,0,88670208,8192
45,848276188,849190584,914396,0.914396,"funcionTransicion(Celula*, int, curandStateXORWOW*)",16,1024,63,0,88670208,8192
46,850013651,850958383,944732,0.944732,"funcionTransicion(Celula*, int, curandStateXORWOW*)",16,1024,63,0,88670208,8192
47,851772395,852690054,917659,0.917659,"funcionTransicion(Celula*, int, curandStateXORWOW*)",16,1024,63,0,88670208,8192
48,853505890,854414781,908891,0.908891,"funcionTransicion(Celula*, int, curandStateXORWOW*)",16,1024,63,0,88670208,8192
49,855262105,856185332,923227,0.923227,"funcionTransicion(Celula*, int, curandStateXORWOW*)",16,1024,63,0,88670208,8192
50,857005008,857866764,861756,0.861756,"funcionTransicion(Celula*, int, curandStateXORWOW*)",16,1024,63,0,88670208,8192
51,858681512,859604707,923195,0.923195,"funcionTransicion(Celula*, int, curandStateXORWOW*)",16,1024,63,0,88670208,8192
52,860420927,861736376,1315449,1.315449,"funcionTransicion(Celula*, int, curandStateXORWOW*)",16,1024,63,0,88670208,8192
53,862550708,863604623,1053915,1.053915,"funcionTransicion(Celula*, int, curandStateXORWOW*)",16,1024,63,0,88670208,8192
54,864422763,865346086,923323,0.923323,"funcionTransicion(Celula*, int, curandStateXORWOW*)",16,1024,63,0,88670208,8192
55,866170338,867104253,933915,0.933915,"funcionTransicion(Celula*, int, curandStateXORWOW*)",16,1024,63,0,88670208,8192
56,867924889,868780309,855420,0.85542,"funcionTransicion(Celula*, int, curandStateXORWOW*)",16,1024,63,0,88670208,8192
57,869597425,870543148,945723,0.945723,"funcionTransicion(Celula*, int, curandStateXORWOW*)",16,1024,63,0,88670208,8192
58,871358952,872349218,990266,0.990266,"funcionTransicion(Celula*, int, curandStateXORWOW*)",16,1024,63,0,88670208,8192
59,873168734,874099034,930300,0.9303,"funcionTransicion(Celula*, int, curandStateXORWOW*)",16,1024,63,0,88670208,8192
60,874914326,876107472,1193146,1.193146,"funcionTransicion(Celula*, int, curandStateXORWOW*)",16,1024,63,0,88670208,8192
61,876927243,877993286,1066043,1.066043,"funcionTransicion(Celula*, int, curandStateXORWOW*)",16,1024,63,0,88670208,8192
62,878809122,879814173,1005051,1.005051,"funcionTransicion(Celula*, int, curandStateXORWOW*)",16,1024,63,0,88670208,8192
63,880632537,881528212,895675,0.895675,"funcionTransicion(Celula*, int, curandStateXORWOW*)",16,1024,63,0,88670208,8192
64,882342256,883213868,871612,0.871612,"funcionTransicion(Celula*, int, curandStateXORWOW*)",16,1024,63,0,88670208,8192
65,884029960,884889507,859547,0.859547,"funcionTransicion(Celula*, int, curandStateXORWOW*)",16,1024,63,0,88670208,8192
66,885700735,886618202,917467,0.917467,"funcionTransicion(Celula*, int, curandStateXORWOW*)",16,1024,63,0,88670208,8192
67,887435638,888305458,869820,0.86982,"funcionTransicion(Celula*, int, curandStateXORWOW*)",16,1024,63,0,88670208,8192
68,889127470,889997961,870491,0.870491,"funcionTransicion(Celula*, int, curandStateXORWOW*)",16,1024,63,0,88670208,8192
69,890810309,891678145,867836,0.867836,"funcionTransicion(Celula*, int, curandStateXORWOW*)",16,1024,63,0,88670208,8192
70,892493661,893359577,865916,0.865916,"funcionTransicion(Celula*, int, curandStateXORWOW*)",16,1024,63,0,88670208,8192
71,894177940,895090576,912636,0.912636,"funcionTransicion(Celula*, int, curandStateXORWOW*)",16,1024,63,0,88670208,8192
72,895908012,896927494,1019482,1.019482,"funcionTransicion(Celula*, int, curandStateXORWOW*)",16,1024,63,0,88670208,8192
73,897762050,898824349,1062299,1.062299,"funcionTransicion(Celula*, int, curandStateXORWOW*)",16,1024,63,0,88670208,8192
74,899644057,900516948,872891,0.872891,"funcionTransicion(Celula*, int, curandStateXORWOW*)",16,1024,63,0,88670208,8192
75,901327728,902216940,889212,0.889212,"funcionTransicion(Celula*, int, curandStateXORWOW*)",16,1024,63,0,88670208,8192
76,903038568,903983203,944635,0.944635,"funcionTransicion(Celula*, int, curandStateXORWOW*)",16,1024,63,0,88670208,8192
77,904797279,905829210,1031931,1.031931,"funcionTransicion(Celula*, int, curandStateXORWOW*)",16,1024,63,0,88670208,8192
78,906647029,907624080,977051,0.977051,"funcionTransicion(Celula*, int, curandStateXORWOW*)",16,1024,63,0,88670208,8192
79,908447692,909450759,1003067,1.003067,"funcionTransicion(Celula*, int, curandStateXORWOW*)",16,1024,63,0,88670208,8192
80,910270179,911134527,864348,0.864348,"funcionTransicion(Celula*, int, curandStateXORWOW*)",16,1024,63,0,88670208,8192
81,911954394,912849366,894972,0.894972,"funcionTransicion(Celula*, int, curandStateXORWOW*)",16,1024,63,0,88670208,8192
82,913671378,914713485,1042107,1.042107,"funcionTransicion(Celula*, int, curandStateXORWOW*)",16,1024,63,0,88670208,8192
83,915531656,916613123,1081467,1.081467,"funcionTransicion(Celula*, int, curandStateXORWOW*)",16,1024,63,0,88670208,8192
84,917431743,918362138,930395,0.930395,"funcionTransicion(Celula*, int, curandStateXORWOW*)",16,1024,63,0,88670208,8192
85,919179446,920088145,908699,0.908699,"funcionTransicion(Celula*, int, curandStateXORWOW*)",16,1024,63,0,88670208,8192
86,920909005,921922056,1013051,1.013051,"funcionTransicion(Celula*, int, curandStateXORWOW*)",16,1024,63,0,88670208,8192
87,922746276,923831966,1085690,1.08569,"funcionTransicion(Celula*, int, curandStateXORWOW*)",16,1024,63,0,88670208,8192
88,924658554,925907604,1249050,1.24905,"funcionTransicion(Celula*, int, curandStateXORWOW*)",16,1024,63,0,88670208,8192
89,926721424,927813386,1091962,1.091962,"funcionTransicion(Celula*, int, curandStateXORWOW*)",16,1024,63,0,88670208,8192
90,928630406,929802528,1172122,1.172122,"funcionTransicion(Celula*, int, curandStateXORWOW*)",16,1024,63,0,88670208,8192
91,930610460,931708375,1097915,1.097915,"funcionTransicion(Celula*, int, curandStateXORWOW*)",16,1024,63,0,88670208,8192
92,932526418,934015691,1489273,1.489273,"funcionTransicion(Celula*, int, curandStateXORWOW*)",16,1024,63,0,88670208,8192
93,934829191,936169600,1340409,1.340409,"funcionTransicion(Celula*, int, curandStateXORWOW*)",16,1024,63,0,88670208,8192
94,936996348,938226422,1230074,1.230074,"funcionTransicion(Celula*, int, curandStateXORWOW*)",16,1024,63,0,88670208,8192
95,939043441,940151596,1108155,1.108155,"funcionTransicion(Celula*, int, curandStateXORWOW*)",16,1024,63,0,88670208,8192
96,940965160,942059938,1094778,1.094778,"funcionTransicion(Celula*, int, curandStateXORWOW*)",16,1024,63,0,88670208,8192
97,942894942,944099672,1204730,1.20473,"funcionTransicion(Celula*, int, curandStateXORWOW*)",16,1024,63,0,88670208,8192
98,944906100,946041742,1135642,1.135642,"funcionTransicion(Celula*, int, curandStateXORWOW*)",16,1024,63,0,88670208,8192
99,946852586,947961509,1108923,1.108923,"funcionTransicion(Celula*, int, curandStateXORWOW*)",16,1024,63,0,88670208,8192
100,948772640,949905435,1132795,1.132795,"funcionTransicion(Celula*, int, curandStateXORWOW*)",16,1024,63,0,88670208,8192
101,950717558,951724689,1007131,1.007131,"funcionTransicion(Celula*, int, curandStateXORWOW*)",16,1024,63,0,88670208,8192
102,952536333,953680968,1144635,1.144635,"funcionTransicion(Celula*, int, curandStateXORWOW*)",16,1024,63,0,88670208,8192
103,954491747,955415967,924220,0.92422,"funcionTransicion(Celula*, int, curandStateXORWOW*)",16,1024,63,0,88670208,8192
104,956231867,957215958,984091,0.984091,"funcionTransicion(Celula*, int, curandStateXORWOW*)",16,1024,63,0,88670208,8192
105,958030609,959025965,995356,0.995356,"funcionTransicion(Celula*, int, curandStateXORWOW*)",16,1024,63,0,88670208,8192
106,959845385,961177538,1332153,1.332153,"funcionTransicion(Celula*, int, curandStateXORWOW*)",16,1024,63,0,88670208,8192
107,961984766,963095096,1110330,1.11033,"funcionTransicion(Celula*, int, curandStateXORWOW*)",16,1024,63,0,88670208,8192
108,963908340,964962126,1053786,1.053786,"funcionTransicion(Celula*, int, curandStateXORWOW*)",16,1024,63,0,88670208,8192
109,965766922,966743398,976476,0.976476,"funcionTransicion(Celula*, int, curandStateXORWOW*)",16,1024,63,0,88670208,8192
110,967555298,968644316,1089018,1.089018,"funcionTransicion(Celula*, int, curandStateXORWOW*)",16,1024,63,0,88670208,8192
111,969452280,970789553,1337273,1.337273,"funcionTransicion(Celula*, int, curandStateXORWOW*)",16,1024,63,0,88670208,8192
112,971599565,972700583,1101018,1.101018,"funcionTransicion(Celula*, int, curandStateXORWOW*)",16,1024,63,0,88670208,8192
113,973513124,974703293,1190169,1.190169,"funcionTransicion(Celula*, int, curandStateXORWOW*)",16,1024,63,0,88670208,8192
114,975518553,976490548,971995,0.971995,"funcionTransicion(Celula*, int, curandStateXORWOW*)",16,1024,63,0,88670208,8192
115,977302672,978733961,1431289,1.431289,"funcionTransicion(Celula*, int, curandStateXORWOW*)",16,1024,63,0,88670208,8192
116,979541061,980731295,1190234,1.190234,"funcionTransicion(Celula*, int, curandStateXORWOW*)",16,1024,63,0,88670208,8192
117,981539835,982755380,1215545,1.215545,"funcionTransicion(Celula*, int, curandStateXORWOW*)",16,1024,63,0,88670208,8192
118,983566800,984818346,1251546,1.251546,"funcionTransicion(Celula*, int, curandStateXORWOW*)",16,1024,63,0,88670208,8192
119,985630278,986936352,1306074,1.306074,"funcionTransicion(Celula*, int, curandStateXORWOW*)",16,1024,63,0,88670208,8192
120,987750651,988806710,1056059,1.056059,"funcionTransicion(Celula*, int, curandStateXORWOW*)",16,1024,63,0,88670208,8192
121,1064220889,1065496882,1275993,1.275993,"funcionTransicion(Celula*, int, curandStateXORWOW*)",16,1024,63,0,88670208,8192
122,1066307758,1067465064,1157306,1.157306,"funcionTransicion(Celula*, int, curandStateXORWOW*)",16,1024,63,0,88670208,8192
123,1068276900,1069362463,1085563,1.085563,"funcionTransicion(Celula*, int, curandStateXORWOW*)",16,1024,63,0,88670208,8192
124,1070172827,1071575379,1402552,1.402552,"funcionTransicion(Celula*, int, curandStateXORWOW*)",16,1024,63,0,88670208,8192
125,1072393648,1073710377,1316729,1.316729,"funcionTransicion(Celula*, int, curandStateXORWOW*)",16,1024,63,0,88670208,8192
126,1074524581,1075801534,1276953,1.276953,"funcionTransicion(Celula*, int, curandStateXORWOW*)",16,1024,63,0,88670208,8192
127,1076612506,1077920467,1307961,1.307961,"funcionTransicion(Celula*, int, curandStateXORWOW*)",16,1024,63,0,88670208,8192
128,1078737103,1080134377,1397274,1.397274,"funcionTransicion(Celula*, int, curandStateXORWOW*)",16,1024,63,0,88670208,8192
129,1080947716,1082136158,1188442,1.188442,"funcionTransicion(Celula*, int, curandStateXORWOW*)",16,1024,63,0,88670208,8192
130,1082945338,1084322707,1377369,1.377369,"funcionTransicion(Celula*, int, curandStateXORWOW*)",16,1024,63,0,88670208,8192
131,1085132367,1086325481,1193114,1.193114,"funcionTransicion(Celula*, int, curandStateXORWOW*)",16,1024,63,0,88670208,8192
132,1087136837,1088541438,1404601,1.404601,"funcionTransicion(Celula*, int, curandStateXORWOW*)",16,1024,63,0,88670208,8192
133,1089353210,1090408148,1054938,1.054938,"funcionTransicion(Celula*, int, curandStateXORWOW*)",16,1024,63,0,88670208,8192
134,1091212913,1092379530,1166617,1.166617,"funcionTransicion(Celula*, int, curandStateXORWOW*)",16,1024,63,0,88670208,8192
135,1093198502,1094314817,1116315,1.116315,"funcionTransicion(Celula*, int, curandStateXORWOW*)",16,1024,63,0,88670208,8192
136,1095126781,1096237271,1110490,1.11049,"funcionTransicion(Celula*, int, curandStateXORWOW*)",16,1024,63,0,88670208,8192
137,1097046611,1098289485,1242874,1.242874,"funcionTransicion(Celula*, int, curandStateXORWOW*)",16,1024,63,0,88670208,8192
138,1099103145,1100298370,1195225,1.195225,"funcionTransicion(Celula*, int, curandStateXORWOW*)",16,1024,63,0,88670208,8192
139,1101112766,1102449528,1336762,1.336762,"funcionTransicion(Celula*, int, curandStateXORWOW*)",16,1024,63,0,88670208,8192
140,1103265555,1104383342,1117787,1.117787,"funcionTransicion(Celula*, int, curandStateXORWOW*)",16,1024,63,0,88670208,8192
141,1105196233,1106530115,1333882,1.333882,"funcionTransicion(Celula*, int, curandStateXORWOW*)",16,1024,63,0,88670208,8192
142,1107339231,1108377434,1038203,1.038203,"funcionTransicion(Celula*, int, curandStateXORWOW*)",16,1024,63,0,88670208,8192
143,1109188726,1110532494,1343768,1.343768,"funcionTransicion(Celula*, int, curandStateXORWOW*)",16,1024,63,0,88670208,8192
144,1111346763,1112668708,1321945,1.321945,"funcionTransicion(Celula*, int, curandStateXORWOW*)",16,1024,63,0,88670208,8192
145,1113505536,1114793593,1288057,1.288057,"funcionTransicion(Celula*, int, curandStateXORWOW*)",16,1024,63,0,88670208,8192
146,1115607125,1116804975,1197850,1.19785,"funcionTransicion(Celula*, int, curandStateXORWOW*)",16,1024,63,0,88670208,8192
147,1117616331,1118803909,1187578,1.187578,"funcionTransicion(Celula*, int, curandStateXORWOW*)",16,1024,63,0,88670208,8192
148,1119623617,1120718907,1095290,1.09529,"funcionTransicion(Celula*, int, curandStateXORWOW*)",16,1024,63,0,88670208,8192
149,1121527671,1122891024,1363353,1.363353,"funcionTransicion(Celula*, int, curandStateXORWOW*)",16,1024,63,0,88670208,8192
150,1123704812,1124888870,1184058,1.184058,"funcionTransicion(Celula*, int, curandStateXORWOW*)",16,1024,63,0,88670208,8192
151,1125693762,1126900092,1206330,1.20633,"funcionTransicion(Celula*, int, curandStateXORWOW*)",16,1024,63,0,88670208,8192
152,1127706840,1128728851,1022011,1.022011,"funcionTransicion(Celula*, int, curandStateXORWOW*)",16,1024,63,0,88670208,8192
153,1129538031,1130742280,1204249,1.204249,"funcionTransicion(Celula*, int, curandStateXORWOW*)",16,1024,63,0,88670208,8192
154,1131558436,1132562783,1004347,1.004347,"funcionTransicion(Celula*, int, curandStateXORWOW*)",16,1024,63,0,88670208,8192
155,1133374011,1134508662,1134651,1.134651,"funcionTransicion(Celula*, int, curandStateXORWOW*)",16,1024,63,0,88670208,8192
156,1135317842,1136409004,1091162,1.091162,"funcionTransicion(Celula*, int, curandStateXORWOW*)",16,1024,63,0,88670208,8192
157,1137219880,1138347458,1127578,1.127578,"funcionTransicion(Celula*, int, curandStateXORWOW*)",16,1024,63,0,88670208,8192
158,1139162142,1140298584,1136442,1.136442,"funcionTransicion(Celula*, int, curandStateXORWOW*)",16,1024,63,0,88670208,8192
159,1141113044,1142121743,1008699,1.008699,"funcionTransicion(Celula*, int, curandStateXORWOW*)",16,1024,63,0,88670208,8192
160,1142929387,1144088453,1159066,1.159066,"funcionTransicion(Celula*, int, curandStateXORWOW*)",16,1024,63,0,88670208,8192
161,1144899137,1145881884,982747,0.982747,"funcionTransicion(Celula*, int, curandStateXORWOW*)",16,1024,63,0,88670208,8192
162,1146693944,1147895442,1201498,1.201498,"funcionTransicion(Celula*, int, curandStateXORWOW*)",16,1024,63,0,88670208,8192
163,1148702318,1149617929,915611,0.915611,"funcionTransicion(Celula*, int, curandStateXORWOW*)",16,1024,63,0,88670208,8192
164,1150422693,1151400128,977435,0.977435,"funcionTransicion(Celula*, int, curandStateXORWOW*)",16,1024,63,0,88670208,8192
165,1152214684,1153500150,1285466,1.285466,"funcionTransicion(Celula*, int, curandStateXORWOW*)",16,1024,63,0,88670208,8192
166,1154307569,1155311820,1004251,1.004251,"funcionTransicion(Celula*, int, curandStateXORWOW*)",16,1024,63,0,88670208,8192
167,1156116968,1157092963,975995,0.975995,"funcionTransicion(Celula*, int, curandStateXORWOW*)",16,1024,63,0,88670208,8192
168,1157906303,1159049049,1142746,1.142746,"funcionTransicion(Celula*, int, curandStateXORWOW*)",16,1024,63,0,88670208,8192
169,1159889397,1161283950,1394553,1.394553,"funcionTransicion(Celula*, int, curandStateXORWOW*)",16,1024,63,0,88670208,8192
170,1162087210,1163394756,1307546,1.307546,"funcionTransicion(Celula*, int, curandStateXORWOW*)",16,1024,63,0,88670208,8192
171,1164202623,1165663416,1460793,1.460793,"funcionTransicion(Celula*, int, curandStateXORWOW*)",16,1024,63,0,88670208,8192
172,1166478068,1167788749,1310681,1.310681,"funcionTransicion(Celula*, int, curandStateXORWOW*)",16,1024,63,0,88670208,8192
173,1168598601,1170106369,1507768,1.507768,"funcionTransicion(Celula*, int, curandStateXORWOW*)",16,1024,63,0,88670208,8192
174,1170917885,1172414134,1496249,1.496249,"funcionTransicion(Celula*, int, curandStateXORWOW*)",16,1024,63,0,88670208,8192
175,1173220594,1174627755,1407161,1.407161,"funcionTransicion(Celula*, int, curandStateXORWOW*)",16,1024,63,0,88670208,8192
176,1175436839,1176569633,1132794,1.132794,"funcionTransicion(Celula*, int, curandStateXORWOW*)",16,1024,63,0,88670208,8192
177,1177376797,1178748470,1371673,1.371673,"funcionTransicion(Celula*, int, curandStateXORWOW*)",16,1024,63,0,88670208,8192
178,1179563378,1180889899,1326521,1.326521,"funcionTransicion(Celula*, int, curandStateXORWOW*)",16,1024,63,0,88670208,8192
179,1181694407,1183032608,1338201,1.338201,"funcionTransicion(Celula*, int, curandStateXORWOW*)",16,1024,63,0,88670208,8192
180,1183849756,1185265173,1415417,1.415417,"funcionTransicion(Celula*, int, curandStateXORWOW*)",16,1024,63,0,88670208,8192
181,1186075025,1187459882,1384857,1.384857,"funcionTransicion(Celula*, int, curandStateXORWOW*)",16,1024,63,0,88670208,8192
182,1188267942,1189523775,1255833,1.255833,"funcionTransicion(Celula*, int, curandStateXORWOW*)",16,1024,63,0,88670208,8192
183,1190338299,1191696789,1358490,1.35849,"funcionTransicion(Celula*, int, curandStateXORWOW*)",16,1024,63,0,88670208,8192
184,1192515824,1193715978,1200154,1.200154,"funcionTransicion(Celula*, int, curandStateXORWOW*)",16,1024,63,0,88670208,8192
185,1194519846,1196121726,1601880,1.60188,"funcionTransicion(Celula*, int, curandStateXORWOW*)",16,1024,63,0,88670208,8192
186,1196934778,1198801168,1866390,1.86639,"funcionTransicion(Celula*, int, curandStateXORWOW*)",16,1024,63,0,88670208,8192
187,1199607980,1201158725,1550745,1.550745,"funcionTransicion(Celula*, int, curandStateXORWOW*)",16,1024,63,0,88670208,8192
188,1201976896,1203431417,1454521,1.454521,"funcionTransicion(Celula*, int, curandStateXORWOW*)",16,1024,63,0,88670208,8192
189,1204241173,1205745934,1504761,1.504761,"funcionTransicion(Celula*, int, curandStateXORWOW*)",16,1024,63,0,88670208,8192
190,1206561193,1208099522,1538329,1.538329,"funcionTransicion(Celula*, int, curandStateXORWOW*)",16,1024,63,0,88670208,8192
191,1208909725,1210203575,1293850,1.29385,"funcionTransicion(Celula*, int, curandStateXORWOW*)",16,1024,63,0,88670208,8192
192,1211021267,1212621162,1599895,1.599895,"funcionTransicion(Celula*, int, curandStateXORWOW*)",16,1024,63,0,88670208,8192
193,1213459751,1214758176,1298425,1.298425,"funcionTransicion(Celula*, int, curandStateXORWOW*)",16,1024,63,0,88670208,8192
194,1215575515,1216602199,1026684,1.026684,"funcionTransicion(Celula*, int, curandStateXORWOW*)",16,1024,63,0,88670208,8192
195,1217411731,1218514893,1103162,1.103162,"funcionTransicion(Celula*, int, curandStateXORWOW*)",16,1024,63,0,88670208,8192
196,1219332137,1220429923,1097786,1.097786,"funcionTransicion(Celula*, int, curandStateXORWOW*)",16,1024,63,0,88670208,8192
197,1221241087,1222454617,1213530,1.21353,"funcionTransicion(Celula*, int, curandStateXORWOW*)",16,1024,63,0,88670208,8192
198,1223265365,1224251728,986363,0.986363,"funcionTransicion(Celula*, int, curandStateXORWOW*)",16,1024,63,0,88670208,8192
199,1225061324,1226134662,1073338,1.073338,"funcionTransicion(Celula*, int, curandStateXORWOW*)",16,1024,63,0,88670208,8192
200,1226951714,1227904701,952987,0.952987,"funcionTransicion(Celula*, int, curandStateXORWOW*)",16,1024,63,0,88670208,8192
201,1228710201,1229790804,1080603,1.080603,"funcionTransicion(Celula*, int, curandStateXORWOW*)",16,1024,63,0,88670208,8192
202,1230598768,1231855433,1256665,1.256665,"funcionTransicion(Celula*, int, curandStateXORWOW*)",16,1024,63,0,88670208,8192
203,1232669957,1233764096,1094139,1.094139,"funcionTransicion(Celula*, int, curandStateXORWOW*)",16,1024,63,0,88670208,8192
204,1234578652,1235863093,1284441,1.284441,"funcionTransicion(Celula*, int, curandStateXORWOW*)",16,1024,63,0,88670208,8192
205,1236680081,1238120394,1440313,1.440313,"funcionTransicion(Celula*, int, curandStateXORWOW*)",16,1024,63,0,88670208,8192
206,1238933029,1240100960,1167931,1.167931,"funcionTransicion(Celula*, int, curandStateXORWOW*)",16,1024,63,0,88670208,8192
207,1240913724,1242023222,1109498,1.109498,"funcionTransicion(Celula*, int, curandStateXORWOW*)",16,1024,63,0,88670208,8192
208,1242831602,1243955404,1123802,1.123802,"funcionTransicion(Celula*, int, curandStateXORWOW*)",16,1024,63,0,88670208,8192
209,1244766312,1245904419,1138107,1.138107,"funcionTransicion(Celula*, int, curandStateXORWOW*)",16,1024,63,0,88670208,8192
210,1246726398,1247806841,1080443,1.080443,"funcionTransicion(Celula*, int, curandStateXORWOW*)",16,1024,63,0,88670208,8192
211,1248613845,1250013358,1399513,1.399513,"funcionTransicion(Celula*, int, curandStateXORWOW*)",16,1024,63,0,88670208,8192
212,1250835657,1252357922,1522265,1.522265,"funcionTransicion(Celula*, int, curandStateXORWOW*)",16,1024,63,0,88670208,8192
213,1253168318,1254200697,1032379,1.032379,"funcionTransicion(Celula*, int, curandStateXORWOW*)",16,1024,63,0,88670208,8192
214,1255011220,1256317198,1305978,1.305978,"funcionTransicion(Celula*, int, curandStateXORWOW*)",16,1024,63,0,88670208,8192
215,1257134346,1258474563,1340217,1.340217,"funcionTransicion(Celula*, int, curandStateXORWOW*)",16,1024,63,0,88670208,8192
216,1259292414,1260604888,1312474,1.312474,"funcionTransicion(Celula*, int, curandStateXORWOW*)",16,1024,63,0,88670208,8192
217,1261430676,1262813389,1382713,1.382713,"funcionTransicion(Celula*, int, curandStateXORWOW*)",16,1024,63,0,88670208,8192
218,1263628425,1265031490,1403065,1.403065,"funcionTransicion(Celula*, int, curandStateXORWOW*)",16,1024,63,0,88670208,8192
219,1265834461,1267053783,1219322,1.219322,"funcionTransicion(Celula*, int, curandStateXORWOW*)",16,1024,63,0,88670208,8192
220,1267869747,1269246924,1377177,1.377177,"funcionTransicion(Celula*, int, curandStateXORWOW*)",16,1024,63,0,88670208,8192
221,1270052136,1271419905,1367769,1.367769,"funcionTransicion(Celula*, int, curandStateXORWOW*)",16,1024,63,0,88670208,8192
222,1272233693,1273334360,1100667,1.100667,"funcionTransicion(Celula*, int, curandStateXORWOW*)",16,1024,63,0,88670208,8192
223,1274139476,1275566349,1426873,1.426873,"funcionTransicion(Celula*, int, curandStateXORWOW*)",16,1024,63,0,88670208,8192
224,1276383305,1277990176,1606871,1.606871,"funcionTransicion(Celula*, int, curandStateXORWOW*)",16,1024,63,0,88670208,8192
225,1278799708,1280177493,1377785,1.377785,"funcionTransicion(Celula*, int, curandStateXORWOW*)",16,1024,63,0,88670208,8192
226,1280985905,1282739880,1753975,1.753975,"funcionTransicion(Celula*, int, curandStateXORWOW*)",16,1024,63,0,88670208,8192
227,1283545444,1285040540,1495096,1.495096,"funcionTransicion(Celula*, int, curandStateXORWOW*)",16,1024,63,0,88670208,8192
228,1285850840,1287048178,1197338,1.197338,"funcionTransicion(Celula*, int, curandStateXORWOW*)",16,1024,63,0,88670208,8192
229,1287851342,1289080264,1228922,1.228922,"funcionTransicion(Celula*, int, curandStateXORWOW*)",16,1024,63,0,88670208,8192
230,1289891812,1291121502,1229690,1.22969,"funcionTransicion(Celula*, int, curandStateXORWOW*)",16,1024,63,0,88670208,8192
231,1291931130,1293295443,1364313,1.364313,"funcionTransicion(Celula*, int, curandStateXORWOW*)",16,1024,63,0,88670208,8192
232,1294108431,1295542600,1434169,1.434169,"funcionTransicion(Celula*, int, curandStateXORWOW*)",16,1024,63,0,88670208,8192
233,1296356643,1297756284,1399641,1.399641,"funcionTransicion(Celula*, int, curandStateXORWOW*)",16,1024,63,0,88670208,8192
234,1298571768,1299998065,1426297,1.426297,"funcionTransicion(Celula*, int, curandStateXORWOW*)",16,1024,63,0,88670208,8192
235,1300811597,1302017319,1205722,1.205722,"funcionTransicion(Celula*, int, curandStateXORWOW*)",16,1024,63,0,88670208,8192
236,1302842018,1304143964,1301946,1.301946,"funcionTransicion(Celula*, int, curandStateXORWOW*)",16,1024,63,0,88670208,8192
237,1304960088,1306560848,1600760,1.60076,"funcionTransicion(Celula*, int, curandStateXORWOW*)",16,1024,63,0,88670208,8192
238,1307371372,1308936548,1565176,1.565176,"funcionTransicion(Celula*, int, curandStateXORWOW*)",16,1024,63,0,88670208,8192
239,1309743808,1311459991,1716183,1.716183,"funcionTransicion(Celula*, int, curandStateXORWOW*)",16,1024,63,0,88670208,8192
240,1312266227,1313890731,1624504,1.624504,"funcionTransicion(Celula*, int, curandStateXORWOW*)",16,1024,63,0,88670208,8192
241,1389046735,1390584167,1537432,1.537432,"funcionTransicion(Celula*, int, curandStateXORWOW*)",16,1024,63,0,88670208,8192
242,1391390179,1392688893,1298714,1.298714,"funcionTransicion(Celula*, int, curandStateXORWOW*)",16,1024,63,0,88670208,8192
243,1393491064,1394806546,1315482,1.315482,"funcionTransicion(Celula*, int, curandStateXORWOW*)",16,1024,63,0,88670208,8192
244,1395611597,1396824103,1212506,1.212506,"funcionTransicion(Celula*, int, curandStateXORWOW*)",16,1024,63,0,88670208,8192
245,1397640675,1399115964,1475289,1.475289,"funcionTransicion(Celula*, int, curandStateXORWOW*)",16,1024,63,0,88670208,8192
246,1399927768,1401474544,1546776,1.546776,"funcionTransicion(Celula*, int, curandStateXORWOW*)",16,1024,63,0,88670208,8192
247,1402284844,1403546694,1261850,1.26185,"funcionTransicion(Celula*, int, curandStateXORWOW*)",16,1024,63,0,88670208,8192
248,1404356994,1405726811,1369817,1.369817,"funcionTransicion(Celula*, int, curandStateXORWOW*)",16,1024,63,0,88670208,8192
249,1406529911,1408083887,1553976,1.553976,"funcionTransicion(Celula*, int, curandStateXORWOW*)",16,1024,63,0,88670208,8192
250,1408894283,1410458371,1564088,1.564088,"funcionTransicion(Celula*, int, curandStateXORWOW*)",16,1024,63,0,88670208,8192
251,1411268607,1412796503,1527896,1.527896,"funcionTransicion(Celula*, int, curandStateXORWOW*)",16,1024,63,0,88670208,8192
252,1413609363,1414927116,1317753,1.317753,"funcionTransicion(Celula*, int, curandStateXORWOW*)",16,1024,63,0,88670208,8192
253,1415729192,1417356224,1627032,1.627032,"funcionTransicion(Celula*, int, curandStateXORWOW*)",16,1024,63,0,88670208,8192
254,1418172572,1419461109,1288537,1.288537,"funcionTransicion(Celula*, int, curandStateXORWOW*)",16,1024,63,0,88670208,8192
255,1420267473,1421696298,1428825,1.428825,"funcionTransicion(Celula*, int, curandStateXORWOW*)",16,1024,63,0,88670208,8192
256,1422517574,1423667136,1149562,1.149562,"funcionTransicion(Celula*, int, curandStateXORWOW*)",16,1024,63,0,88670208,8192
257,1424474364,1425599542,1125178,1.125178,"funcionTransicion(Celula*, int, curandStateXORWOW*)",16,1024,63,0,88670208,8192
258,1426403602,1427447565,1043963,1.043963,"funcionTransicion(Celula*, int, curandStateXORWOW*)",16,1024,63,0,88670208,8192
259,1428260937,1429425571,1164634,1.164634,"funcionTransicion(Celula*, int, curandStateXORWOW*)",16,1024,63,0,88670208,8192
260,1430240671,1431253977,1013306,1.013306,"funcionTransicion(Celula*, int, curandStateXORWOW*)",16,1024,63,0,88670208,8192
261,1432066005,1433273103,1207098,1.207098,"funcionTransicion(Celula*, int, curandStateXORWOW*)",16,1024,63,0,88670208,8192
262,1434088331,1435273829,1185498,1.185498,"funcionTransicion(Celula*, int, curandStateXORWOW*)",16,1024,63,0,88670208,8192
263,1436087969,1437279131,1191162,1.191162,"funcionTransicion(Celula*, int, curandStateXORWOW*)",16,1024,63,0,88670208,8192
264,1438092535,1439213585,1121050,1.12105,"funcionTransicion(Celula*, int, curandStateXORWOW*)",16,1024,63,0,88670208,8192
265,1440054733,1441496742,1442009,1.442009,"funcionTransicion(Celula*, int, curandStateXORWOW*)",16,1024,63,0,88670208,8192
266,1442311489,1443441244,1129755,1.129755,"funcionTransicion(Celula*, int, curandStateXORWOW*)",16,1024,63,0,88670208,8192
267,1444253656,1445621873,1368217,1.368217,"funcionTransicion(Celula*, int, curandStateXORWOW*)",16,1024,63,0,88670208,8192
268,1446429229,1447707270,1278041,1.278041,"funcionTransicion(Celula*, int, curandStateXORWOW*)",16,1024,63,0,88670208,8192
269,1448514818,1449973627,1458809,1.458809,"funcionTransicion(Celula*, int, curandStateXORWOW*)",16,1024,63,0,88670208,8192
270,1450777847,1451966993,1189146,1.189146,"funcionTransicion(Celula*, int, curandStateXORWOW*)",16,1024,63,0,88670208,8192
271,1452780429,1454213637,1433208,1.433208,"funcionTransicion(Celula*, int, curandStateXORWOW*)",16,1024,63,0,88670208,8192
272,1455023201,1456278075,1254874,1.254874,"funcionTransicion(Celula*, int, curandStateXORWOW*)",16,1024,63,0,88670208,8192
273,1457091735,1458431280,1339545,1.339545,"funcionTransicion(Celula*, int, curandStateXORWOW*)",16,1024,63,0,88670208,8192
274,1459239180,1460579877,1340697,1.340697,"funcionTransicion(Celula*, int, curandStateXORWOW*)",16,1024,63,0,88670208,8192
275,1461388769,1462605403,1216634,1.216634,"funcionTransicion(Celula*, int, curandStateXORWOW*)",16,1024,63,0,88670208,8192
276,1463415703,1464805168,1389465,1.389465,"funcionTransicion(Celula*, int, curandStateXORWOW*)",16,1024,63,0,88670208,8192
277,1465601036,1466897221,1296185,1.296185,"funcionTransicion(Celula*, int, curandStateXORWOW*)",16,1024,63,0,88670208,8192
278,1467708385,1468957307,1248922,1.248922,"funcionTransicion(Celula*, int, curandStateXORWOW*)",16,1024,63,0,88670208,8192
279,1469774839,1470915793,1140954,1.140954,"funcionTransicion(Celula*, int, curandStateXORWOW*)",16,1024,63,0,88670208,8192
280,1471721965,1473154150,1432185,1.432185,"funcionTransicion(Celula*, int, curandStateXORWOW*)",16,1024,63,0,88670208,8192
281,1473972514,1475399771,1427257,1.427257,"funcionTransicion(Celula*, int, curandStateXORWOW*)",16,1024,63,0,88670208,8192
282,1476207638,1477646351,1438713,1.438713,"funcionTransicion(Celula*, int, curandStateXORWOW*)",16,1024,63,0,88670208,8192
283,1478460811,1479810404,1349593,1.349593,"funcionTransicion(Celula*, int, curandStateXORWOW*)",16,1024,63,0,88670208,8192
284,1480620320,1481708410,1088090,1.08809,"funcionTransicion(Celula*, int, curandStateXORWOW*)",16,1024,63,0,88670208,8192
285,1482516534,1483521041,1004507,1.004507,"funcionTransicion(Celula*, int, curandStateXORWOW*)",16,1024,63,0,88670208,8192
286,1484332045,1485539815,1207770,1.20777,"funcionTransicion(Celula*, int, curandStateXORWOW*)",16,1024,63,0,88670208,8192
287,1486353571,1487637980,1284409,1.284409,"funcionTransicion(Celula*, int, curandStateXORWOW*)",16,1024,63,0,88670208,8192
288,1488448312,1489901553,1453241,1.453241,"funcionTransicion(Celula*, int, curandStateXORWOW*)",16,1024,63,0,88670208,8192
289,1490736013,1491987910,1251897,1.251897,"funcionTransicion(Celula*, int, curandStateXORWOW*)",16,1024,63,0,88670208,8192
290,1492801698,1494167387,1365689,1.365689,"funcionTransicion(Celula*, int, curandStateXORWOW*)",16,1024,63,0,88670208,8192
291,1494980023,1496232945,1252922,1.252922,"funcionTransicion(Celula*, int, curandStateXORWOW*)",16,1024,63,0,88670208,8192
292,1497049069,1498856932,1807863,1.807863,"funcionTransicion(Celula*, int, curandStateXORWOW*)",16,1024,63,0,88670208,8192
293,1499674176,1500826714,1152538,1.152538,"funcionTransicion(Celula*, int, curandStateXORWOW*)",16,1024,63,0,88670208,8192
294,1501638262,1502849775,1211513,1.211513,"funcionTransicion(Celula*, int, curandStateXORWOW*)",16,1024,63,0,88670208,8192
295,1503656011,1505137188,1481177,1.481177,"funcionTransicion(Celula*, int, curandStateXORWOW*)",16,1024,63,0,88670208,8192
296,1505945184,1507271769,1326585,1.326585,"funcionTransicion(Celula*, int, curandStateXORWOW*)",16,1024,63,0,88670208,8192
297,1508075509,1509164304,1088795,1.088795,"funcionTransicion(Celula*, int, curandStateXORWOW*)",16,1024,63,0,88670208,8192
298,1509985036,1511375108,1390072,1.390072,"funcionTransicion(Celula*, int, curandStateXORWOW*)",16,1024,63,0,88670208,8192
299,1512190880,1513485626,1294746,1.294746,"funcionTransicion(Celula*, int, curandStateXORWOW*)",16,1024,63,0,88670208,8192
300,1514295702,1515739247,1443545,1.443545,"funcionTransicion(Celula*, int, curandStateXORWOW*)",16,1024,63,0,88670208,8192
301,1516551050,1517729956,1178906,1.178906,"funcionTransicion(Celula*, int, curandStateXORWOW*)",16,1024,63,0,88670208,8192
302,1518542848,1520013849,1471001,1.471001,"funcionTransicion(Celula*, int, curandStateXORWOW*)",16,1024,63,0,88670208,8192
303,1520821589,1521983791,1162202,1.162202,"funcionTransicion(Celula*, int, curandStateXORWOW*)",16,1024,63,0,88670208,8192
304,1522789195,1523896389,1107194,1.107194,"funcionTransicion(Celula*, int, curandStateXORWOW*)",16,1024,63,0,88670208,8192
305,1524707489,1526048762,1341273,1.341273,"funcionTransicion(Celula*, int, curandStateXORWOW*)",16,1024,63,0,88670208,8192
306,1526866358,1528427278,1560920,1.56092,"funcionTransicion(Celula*, int, curandStateXORWOW*)",16,1024,63,0,88670208,8192
307,1529235402,1530323908,1088506,1.088506,"funcionTransicion(Celula*, int, curandStateXORWOW*)",16,1024,63,0,88670208,8192
308,1531136321,1532375162,1238841,1.238841,"funcionTransicion(Celula*, int, curandStateXORWOW*)",16,1024,63,0,88670208,8192
309,1533177270,1534793870,1616600,1.6166,"funcionTransicion(Celula*, int, curandStateXORWOW*)",16,1024,63,0,88670208,8192
310,1535606634,1536828420,1221786,1.221786,"funcionTransicion(Celula*, int, curandStateXORWOW*)",16,1024,63,0,88670208,8192
311,1537642368,1538886937,1244569,1.244569,"funcionTransicion(Celula*, int, curandStateXORWOW*)",16,1024,63,0,88670208,8192
312,1539702965,1541097038,1394073,1.394073,"funcionTransicion(Celula*, int, curandStateXORWOW*)",16,1024,63,0,88670208,8192
313,1541932906,1543468802,1535896,1.535896,"funcionTransicion(Celula*, int, curandStateXORWOW*)",16,1024,63,0,88670208,8192
314,1544281534,1545695319,1413785,1.413785,"funcionTransicion(Celula*, int, curandStateXORWOW*)",16,1024,63,0,88670208,8192
315,1546504499,1547784620,1280121,1.280121,"funcionTransicion(Celula*, int, curandStateXORWOW*)",16,1024,63,0,88670208,8192
316,1548597672,1550045473,1447801,1.447801,"funcionTransicion(Celula*, int, curandStateXORWOW*)",16,1024,63,0,88670208,8192
317,1550849149,1552195286,1346137,1.346137,"funcionTransicion(Celula*, int, curandStateXORWOW*)",16,1024,63,0,88670208,8192
318,1553009234,1554198316,1189082,1.189082,"funcionTransicion(Celula*, int, curandStateXORWOW*)",16,1024,63,0,88670208,8192
319,1555007016,1556249249,1242233,1.242233,"funcionTransicion(Celula*, int, curandStateXORWOW*)",16,1024,63,0,88670208,8192
320,1557064925,1558348407,1283482,1.283482,"funcionTransicion(Celula*, int, curandStateXORWOW*)",16,1024,63,0,88670208,8192
321,1559164083,1560384749,1220666,1.220666,"funcionTransicion(Celula*, int, curandStateXORWOW*)",16,1024,63,0,88670208,8192
322,1561196777,1562404739,1207962,1.207962,"funcionTransicion(Celula*, int, curandStateXORWOW*)",16,1024,63,0,88670208,8192
323,1563215295,1564546840,1331545,1.331545,"funcionTransicion(Celula*, int, curandStateXORWOW*)",16,1024,63,0,88670208,8192
324,1565356500,1566734157,1377657,1.377657,"funcionTransicion(Celula*, int, curandStateXORWOW*)",16,1024,63,0,88670208,8192
325,1567543369,1568864386,1321017,1.321017,"funcionTransicion(Celula*, int, curandStateXORWOW*)",16,1024,63,0,88670208,8192
326,1569682014,1571565940,1883926,1.883926,"funcionTransicion(Celula*, int, curandStateXORWOW*)",16,1024,63,0,88670208,8192
327,1572375984,1573674570,1298586,1.298586,"funcionTransicion(Celula*, int, curandStateXORWOW*)",16,1024,63,0,88670208,8192
328,1574491269,1576040158,1548889,1.548889,"funcionTransicion(Celula*, int, curandStateXORWOW*)",16,1024,63,0,88670208,8192
329,1576853881,1578761520,1907639,1.907639,"funcionTransicion(Celula*, int, curandStateXORWOW*)",16,1024,63,0,88670208,8192
330,1579576492,1581739041,2162549,2.162549,"funcionTransicion(Celula*, int, curandStateXORWOW*)",16,1024,63,0,88670208,8192
331,1582545885,1584317684,1771799,1.771799,"funcionTransicion(Celula*, int, curandStateXORWOW*)",16,1024,63,0,88670208,8192
332,1585128943,1586486121,1357178,1.357178,"funcionTransicion(Celula*, int, curandStateXORWOW*)",16,1024,63,0,88670208,8192
333,1587301189,1588860445,1559256,1.559256,"funcionTransicion(Celula*, int, curandStateXORWOW*)",16,1024,63,0,88670208,8192
334,1589672888,1591293137,1620249,1.620249,"funcionTransicion(Celula*, int, curandStateXORWOW*)",16,1024,63,0,88670208,8192
335,1592100492,1593561509,1461017,1.461017,"funcionTransicion(Celula*, int, curandStateXORWOW*)",16,1024,63,0,88670208,8192
336,1594373185,1595977945,1604760,1.60476,"funcionTransicion(Celula*, int, curandStateXORWOW*)",16,1024,63,0,88670208,8192
337,1596813973,1598567084,1753111,1.753111,"funcionTransicion(Celula*, int, curandStateXORWOW*)",16,1024,63,0,88670208,8192
338,1599378503,1601236350,1857847,1.857847,"funcionTransicion(Celula*, int, curandStateXORWOW*)",16,1024,63,0,88670208,8192
339,1602040378,1603522995,1482617,1.482617,"funcionTransicion(Celula*, int, curandStateXORWOW*)",16,1024,63,0,88670208,8192
340,1604331598,1606156229,1824631,1.824631,"funcionTransicion(Celula*, int, curandStateXORWOW*)",16,1024,63,0,88670208,8192
341,1606960385,1608851607,1891222,1.891222,"funcionTransicion(Celula*, int, curandStateXORWOW*)",16,1024,63,0,88670208,8192
342,1609664212,1611267979,1603767,1.603767,"funcionTransicion(Celula*, int, curandStateXORWOW*)",16,1024,63,0,88670208,8192
343,1612078951,1614318108,2239157,2.239157,"funcionTransicion(Celula*, int, curandStateXORWOW*)",16,1024,63,0,88670208,8192
344,1615132920,1616785040,1652120,1.65212,"funcionTransicion(Celula*, int, curandStateXORWOW*)",16,1024,63,0,88670208,8192
345,1617594731,1619296355,1701624,1.701624,"funcionTransicion(Celula*, int, curandStateXORWOW*)",16,1024,63,0,88670208,8192
346,1620104159,1621783799,1679640,1.67964,"funcionTransicion(Celula*, int, curandStateXORWOW*)",16,1024,63,0,88670208,8192
347,1622597266,1624980070,2382804,2.382804,"funcionTransicion(Celula*, int, curandStateXORWOW*)",16,1024,63,0,88670208,8192
348,1625791490,1628071639,2280149,2.280149,"funcionTransicion(Celula*, int, curandStateXORWOW*)",16,1024,63,0,88670208,8192
349,1628879571,1630805289,1925718,1.925718,"funcionTransicion(Celula*, int, curandStateXORWOW*)",16,1024,63,0,88670208,8192
350,1631613893,1633011774,1397881,1.397881,"funcionTransicion(Celula*, int, curandStateXORWOW*)",16,1024,63,0,88670208,8192
351,1633817690,1635343314,1525624,1.525624,"funcionTransicion(Celula*, int, curandStateXORWOW*)",16,1024,63,0,88670208,8192
352,1636146190,1637487111,1340921,1.340921,"funcionTransicion(Celula*, int, curandStateXORWOW*)",16,1024,63,0,88670208,8192
353,1638296515,1640202745,1906230,1.90623,"funcionTransicion(Celula*, int, curandStateXORWOW*)",16,1024,63,0,88670208,8192
354,1641008533,1642426862,1418329,1.418329,"funcionTransicion(Celula*, int, curandStateXORWOW*)",16,1024,63,0,88670208,8192
355,1643238378,1644892866,1654488,1.654488,"funcionTransicion(Celula*, int, curandStateXORWOW*)",16,1024,63,0,88670208,8192
356,1645708125,1647499476,1791351,1.791351,"funcionTransicion(Celula*, int, curandStateXORWOW*)",16,1024,63,0,88670208,8192
357,1648310576,1650508869,2198293,2.198293,"funcionTransicion(Celula*, int, curandStateXORWOW*)",16,1024,63,0,88670208,8192
358,1651320193,1653319415,1999222,1.999222,"funcionTransicion(Celula*, int, curandStateXORWOW*)",16,1024,63,0,88670208,8192
359,1654132275,1655998921,1866646,1.866646,"funcionTransicion(Celula*, int, curandStateXORWOW*)",16,1024,63,0,88670208,8192
360,1656811909,1659137753,2325844,2.325844,"funcionTransicion(Celula*, int, curandStateXORWOW*)",16,1024,63,0,88670208,8192
361,1735815446,1738013995,2198549,2.198549,"funcionTransicion(Celula*, int, curandStateXORWOW*)",16,1024,63,0,88670208,8192
362,1738819079,1740984540,2165461,2.165461,"funcionTransicion(Celula*, int, curandStateXORWOW*)",16,1024,63,0,88670208,8192
363,1741798520,1743472303,1673783,1.673783,"funcionTransicion(Celula*, int, curandStateXORWOW*)",16,1024,63,0,88670208,8192
364,1744285963,1746093154,1807191,1.807191,"funcionTransicion(Celula*, int, curandStateXORWOW*)",16,1024,63,0,88670208,8192
365,1746902878,1749217234,2314356,2.314356,"funcionTransicion(Celula*, int, curandStateXORWOW*)",16,1024,63,0,88670208,8192
366,1750021710,1751844869,1823159,1.823159,"funcionTransicion(Celula*, int, curandStateXORWOW*)",16,1024,63,0,88670208,8192
367,1752656705,1754660759,2004054,2.004054,"funcionTransicion(Celula*, int, curandStateXORWOW*)",16,1024,63,0,88670208,8192
368,1755468883,1757419209,1950326,1.950326,"funcionTransicion(Celula*, int, curandStateXORWOW*)",16,1024,63,0,88670208,8192
369,1758230148,1760296922,2066774,2.066774,"funcionTransicion(Celula*, int, curandStateXORWOW*)",16,1024,63,0,88670208,8192
370,1761111702,1763394218,2282516,2.282516,"funcionTransicion(Celula*, int, curandStateXORWOW*)",16,1024,63,0,88670208,8192
371,1764207494,1766414523,2207029,2.207029,"funcionTransicion(Celula*, int, curandStateXORWOW*)",16,1024,63,0,88670208,8192
372,1767231255,1769383628,2152373,2.152373,"funcionTransicion(Celula*, int, curandStateXORWOW*)",16,1024,63,0,88670208,8192
373,1770190728,1772082431,1891703,1.891703,"funcionTransicion(Celula*, int, curandStateXORWOW*)",16,1024,63,0,88670208,8192
374,1772887611,1775171663,2284052,2.284052,"funcionTransicion(Celula*, int, curandStateXORWOW*)",16,1024,63,0,88670208,8192
375,1775980587,1777810882,1830295,1.830295,"funcionTransicion(Celula*, int, curandStateXORWOW*)",16,1024,63,0,88670208,8192
376,1778625309,1780324757,1699448,1.699448,"funcionTransicion(Celula*, int, curandStateXORWOW*)",16,1024,63,0,88670208,8192
377,1781137297,1782741993,1604696,1.604696,"funcionTransicion(Celula*, int, curandStateXORWOW*)",16,1024,63,0,88670208,8192
378,1783555973,1785557786,2001813,2.001813,"funcionTransicion(Celula*, int, curandStateXORWOW*)",16,1024,63,0,88670208,8192
379,1786370646,1788265517,1894871,1.894871,"funcionTransicion(Celula*, int, curandStateXORWOW*)",16,1024,63,0,88670208,8192
380,1789081289,1791058079,1976790,1.97679,"funcionTransicion(Celula*, int, curandStateXORWOW*)",16,1024,63,0,88670208,8192
381,1791871771,1793926000,2054229,2.054229,"funcionTransicion(Celula*, int, curandStateXORWOW*)",16,1024,63,0,88670208,8192
382,1794736492,1796415907,1679415,1.679415,"funcionTransicion(Celula*, int, curandStateXORWOW*)",16,1024,63,0,88670208,8192
383,1797223903,1798945463,1721560,1.72156,"funcionTransicion(Celula*, int, curandStateXORWOW*)",16,1024,63,0,88670208,8192
384,1799763923,1801485930,1722007,1.722007,"funcionTransicion(Celula*, int, curandStateXORWOW*)",16,1024,63,0,88670208,8192
385,1802328742,1803962845,1634103,1.634103,"funcionTransicion(Celula*, int, curandStateXORWOW*)",16,1024,63,0,88670208,8192
386,1804769434,1806560080,1790646,1.790646,"funcionTransicion(Celula*, int, curandStateXORWOW*)",16,1024,63,0,88670208,8192
387,1807377292,1808901188,1523896,1.523896,"funcionTransicion(Celula*, int, curandStateXORWOW*)",16,1024,63,0,88670208,8192
388,1809712000,1811531863,1819863,1.819863,"funcionTransicion(Celula*, int, curandStateXORWOW*)",16,1024,63,0,88670208,8192
389,1812339827,1813715340,1375513,1.375513,"funcionTransicion(Celula*, int, curandStateXORWOW*)",16,1024,63,0,88670208,8192
390,1814529672,1816568862,2039190,2.03919,"funcionTransicion(Celula*, int, curandStateXORWOW*)",16,1024,63,0,88670208,8192
391,1817381273,1818913746,1532473,1.532473,"funcionTransicion(Celula*, int, curandStateXORWOW*)",16,1024,63,0,88670208,8192
392,1819734158,1821631268,1897110,1.89711,"funcionTransicion(Celula*, int, curandStateXORWOW*)",16,1024,63,0,88670208,8192
393,1822439392,1823915353,1475961,1.475961,"funcionTransicion(Celula*, int, curandStateXORWOW*)",16,1024,63,0,88670208,8192
394,1824725940,1826593995,1868055,1.868055,"funcionTransicion(Celula*, int, curandStateXORWOW*)",16,1024,63,0,88670208,8192
395,1827407015,1829278269,1871254,1.871254,"funcionTransicion(Celula*, int, curandStateXORWOW*)",16,1024,63,0,88670208,8192
396,1830090681,1832146671,2055990,2.05599,"funcionTransicion(Celula*, int, curandStateXORWOW*)",16,1024,63,0,88670208,8192
397,1832960779,1835178400,2217621,2.217621,"funcionTransicion(Celula*, int, curandStateXORWOW*)",16,1024,63,0,88670208,8192
398,1835980220,1837956818,1976598,1.976598,"funcionTransicion(Celula*, int, curandStateXORWOW*)",16,1024,63,0,88670208,8192
399,1838763182,1840768355,2005173,2.005173,"funcionTransicion(Celula*, int, curandStateXORWOW*)",16,1024,63,0,88670208,8192
400,1841576639,1843985299,2408660,2.40866,"funcionTransicion(Celula*, int, curandStateXORWOW*)",16,1024,63,0,88670208,8192
401,1844790927,1846806149,2015222,2.015222,"funcionTransicion(Celula*, int, curandStateXORWOW*)",16,1024,63,0,88670208,8192
402,1847618529,1849613207,1994678,1.994678,"funcionTransicion(Celula*, int, curandStateXORWOW*)",16,1024,63,0,88670208,8192
403,1850425235,1852580328,2155093,2.155093,"funcionTransicion(Celula*, int, curandStateXORWOW*)",16,1024,63,0,88670208,8192
404,1853391556,1855547673,2156117,2.156117,"funcionTransicion(Celula*, int, curandStateXORWOW*)",16,1024,63,0,88670208,8192
405,1856359092,1858356107,1997015,1.997015,"funcionTransicion(Celula*, int, curandStateXORWOW*)",16,1024,63,0,88670208,8192
406,1859170343,1861462043,2291700,2.2917,"funcionTransicion(Celula*, int, curandStateXORWOW*)",16,1024,63,0,88670208,8192
407,1862275127,1864961769,2686642,2.686642,"funcionTransicion(Celula*, int, curandStateXORWOW*)",16,1024,63,0,88670208,8192
408,1865775205,1868436344,2661139,2.661139,"funcionTransicion(Celula*, int, curandStateXORWOW*)",16,1024,63,0,88670208,8192
409,1869439666,1871151274,1711608,1.711608,"funcionTransicion(Celula*, int, curandStateXORWOW*)",16,1024,63,0,88670208,8192
410,1871965542,1873672605,1707063,1.707063,"funcionTransicion(Celula*, int, curandStateXORWOW*)",16,1024,63,0,88670208,8192
411,1874477817,1876182224,1704407,1.704407,"funcionTransicion(Celula*, int, curandStateXORWOW*)",16,1024,63,0,88670208,8192
412,1876993580,1878771907,1778327,1.778327,"funcionTransicion(Celula*, int, curandStateXORWOW*)",16,1024,63,0,88670208,8192
413,1879587455,1881509750,1922295,1.922295,"funcionTransicion(Celula*, int, curandStateXORWOW*)",16,1024,63,0,88670208,8192
414,1882317265,1884164584,1847319,1.847319,"funcionTransicion(Celula*, int, curandStateXORWOW*)",16,1024,63,0,88670208,8192
415,1884976196,1887290328,2314132,2.314132,"funcionTransicion(Celula*, int, curandStateXORWOW*)",16,1024,63,0,88670208,8192
416,1888101876,1889780268,1678392,1.678392,"funcionTransicion(Celula*, int, curandStateXORWOW*)",16,1024,63,0,88670208,8192
417,1890594471,1892580349,1985878,1.985878,"funcionTransicion(Celula*, int, curandStateXORWOW*)",16,1024,63,0,88670208,8192
418,1893396378,1895200880,1804502,1.804502,"funcionTransicion(Celula*, int, curandStateXORWOW*)",16,1024,63,0,88670208,8192
419,1896008140,1897787971,1779831,1.779831,"funcionTransicion(Celula*, int, curandStateXORWOW*)",16,1024,63,0,88670208,8192
420,1898596191,1899994168,1397977,1.397977,"funcionTransicion(Celula*, int, curandStateXORWOW*)",16,1024,63,0,88670208,8192
421,1900806836,1902462572,1655736,1.655736,"funcionTransicion(Celula*, int, curandStateXORWOW*)",16,1024,63,0,88670208,8192
422,1903271784,1904915711,1643927,1.643927,"funcionTransicion(Celula*, int, curandStateXORWOW*)",16,1024,63,0,88670208,8192
423,1905723195,1907362611,1639416,1.639416,"funcionTransicion(Celula*, int, curandStateXORWOW*)",16,1024,63,0,88670208,8192
424,1908177135,1909844870,1667735,1.667735,"funcionTransicion(Celula*, int, curandStateXORWOW*)",16,1024,63,0,88670208,8192
425,1910656194,1912197722,1541528,1.541528,"funcionTransicion(Celula*, int, curandStateXORWOW*)",16,1024,63,0,88670208,8192
426,1913010262,1914809069,1798807,1.798807,"funcionTransicion(Celula*, int, curandStateXORWOW*)",16,1024,63,0,88670208,8192
427,1915628617,1917320160,1691543,1.691543,"funcionTransicion(Celula*, int, curandStateXORWOW*)",16,1024,63,0,88670208,8192
428,1918133724,1919992435,1858711,1.858711,"funcionTransicion(Celula*, int, curandStateXORWOW*)",16,1024,63,0,88670208,8192
429,1920808879,1922919940,2111061,2.111061,"funcionTransicion(Celula*, int, curandStateXORWOW*)",16,1024,63,0,88670208,8192
430,1923736832,1925668918,1932086,1.932086,"funcionTransicion(Celula*, int, curandStateXORWOW*)",16,1024,63,0,88670208,8192
431,1926481426,1928125898,1644472,1.644472,"funcionTransicion(Celula*, int, curandStateXORWOW*)",16,1024,63,0,88670208,8192
432,1928935558,1930655357,1719799,1.719799,"funcionTransicion(Celula*, int, curandStateXORWOW*)",16,1024,63,0,88670208,8192
433,1931520728,1933071633,1550905,1.550905,"funcionTransicion(Celula*, int, curandStateXORWOW*)",16,1024,63,0,88670208,8192
434,1933886381,1935569028,1682647,1.682647,"funcionTransicion(Celula*, int, curandStateXORWOW*)",16,1024,63,0,88670208,8192
435,1936385152,1937983992,1598840,1.59884,"funcionTransicion(Celula*, int, curandStateXORWOW*)",16,1024,63,0,88670208,8192
436,1938795988,1940624875,1828887,1.828887,"funcionTransicion(Celula*, int, curandStateXORWOW*)",16,1024,63,0,88670208,8192
437,1941430983,1942874431,1443448,1.443448,"funcionTransicion(Celula*, int, curandStateXORWOW*)",16,1024,63,0,88670208,8192
438,1943682907,1945505458,1822551,1.822551,"funcionTransicion(Celula*, int, curandStateXORWOW*)",16,1024,63,0,88670208,8192
439,1946326606,1947948038,1621432,1.621432,"funcionTransicion(Celula*, int, curandStateXORWOW*)",16,1024,63,0,88670208,8192
440,1948763394,1950962838,2199444,2.199444,"funcionTransicion(Celula*, int, curandStateXORWOW*)",16,1024,63,0,88670208,8192
441,1951778770,1953555081,1776311,1.776311,"funcionTransicion(Celula*, int, curandStateXORWOW*)",16,1024,63,0,88670208,8192
442,1954366341,1956271996,1905655,1.905655,"funcionTransicion(Celula*, int, curandStateXORWOW*)",16,1024,63,0,88670208,8192
443,1957084279,1958922958,1838679,1.838679,"funcionTransicion(Celula*, int, curandStateXORWOW*)",16,1024,63,0,88670208,8192
444,1959733386,1961799743,2066357,2.066357,"funcionTransicion(Celula*, int, curandStateXORWOW*)",16,1024,63,0,88670208,8192
445,1962618844,1964662289,2043445,2.043445,"funcionTransicion(Celula*, int, curandStateXORWOW*)",16,1024,63,0,88670208,8192
446,1965479277,1967549667,2070390,2.07039,"funcionTransicion(Celula*, int, curandStateXORWOW*)",16,1024,63,0,88670208,8192
447,1968366686,1970443188,2076502,2.076502,"funcionTransicion(Celula*, int, curandStateXORWOW*)",16,1024,63,0,88670208,8192
448,1971257584,1973326821,2069237,2.069237,"funcionTransicion(Celula*, int, curandStateXORWOW*)",16,1024,63,0,88670208,8192
449,1974144993,1975945432,1800439,1.800439,"funcionTransicion(Celula*, int, curandStateXORWOW*)",16,1024,63,0,88670208,8192
450,1976751668,1978536715,1785047,1.785047,"funcionTransicion(Celula*, int, curandStateXORWOW*)",16,1024,63,0,88670208,8192
451,1979345319,1981429628,2084309,2.084309,"funcionTransicion(Celula*, int, curandStateXORWOW*)",16,1024,63,0,88670208,8192
452,1982251224,1984227438,1976214,1.976214,"funcionTransicion(Celula*, int, curandStateXORWOW*)",16,1024,63,0,88670208,8192
453,1985044842,1986843329,1798487,1.798487,"funcionTransicion(Celula*, int, curandStateXORWOW*)",16,1024,63,0,88670208,8192
454,1987668925,1990028945,2360020,2.36002,"funcionTransicion(Celula*, int, curandStateXORWOW*)",16,1024,63,0,88670208,8192
455,1990839565,1992608452,1768887,1.768887,"funcionTransicion(Celula*, int, curandStateXORWOW*)",16,1024,63,0,88670208,8192
456,1993422144,1995287894,1865750,1.86575,"funcionTransicion(Celula*, int, curandStateXORWOW*)",16,1024,63,0,88670208,8192
457,1996127314,1998056616,1929302,1.929302,"funcionTransicion(Celula*, int, curandStateXORWOW*)",16,1024,63,0,88670208,8192
458,1998866884,2000917306,2050422,2.050422,"funcionTransicion(Celula*, int, curandStateXORWOW*)",16,1024,63,0,88670208,8192
459,2001732566,2003671084,1938518,1.938518,"funcionTransicion(Celula*, int, curandStateXORWOW*)",16,1024,63,0,88670208,8192
460,2004486152,2005917121,1430969,1.430969,"funcionTransicion(Celula*, int, curandStateXORWOW*)",16,1024,63,0,88670208,8192
461,2006733340,2008252981,1519641,1.519641,"funcionTransicion(Celula*, int, curandStateXORWOW*)",16,1024,63,0,88670208,8192
462,2009074193,2010961959,1887766,1.887766,"funcionTransicion(Celula*, int, curandStateXORWOW*)",16,1024,63,0,88670208,8192
463,2011770051,2013311803,1541752,1.541752,"funcionTransicion(Celula*, int, curandStateXORWOW*)",16,1024,63,0,88670208,8192
464,2014129623,2015555984,1426361,1.426361,"funcionTransicion(Celula*, int, curandStateXORWOW*)",16,1024,63,0,88670208,8192
465,2016365324,2017888548,1523224,1.523224,"funcionTransicion(Celula*, int, curandStateXORWOW*)",16,1024,63,0,88670208,8192
466,2018705920,2020436471,1730551,1.730551,"funcionTransicion(Celula*, int, curandStateXORWOW*)",16,1024,63,0,88670208,8192
467,2021246227,2022940683,1694456,1.694456,"funcionTransicion(Celula*, int, curandStateXORWOW*)",16,1024,63,0,88670208,8192
468,2023752902,2025522206,1769304,1.769304,"funcionTransicion(Celula*, int, curandStateXORWOW*)",16,1024,63,0,88670208,8192
469,2026332249,2028198192,1865943,1.865943,"funcionTransicion(Celula*, int, curandStateXORWOW*)",16,1024,63,0,88670208,8192
470,2029013068,2031084065,2070997,2.070997,"funcionTransicion(Celula*, int, curandStateXORWOW*)",16,1024,63,0,88670208,8192
471,2031899645,2033605429,1705784,1.705784,"funcionTransicion(Celula*, int, curandStateXORWOW*)",16,1024,63,0,88670208,8192
472,2034416976,2036094184,1677208,1.677208,"funcionTransicion(Celula*, int, curandStateXORWOW*)",16,1024,63,0,88670208,8192
473,2036909508,2038703931,1794423,1.794423,"funcionTransicion(Celula*, int, curandStateXORWOW*)",16,1024,63,0,88670208,8192
474,2039516535,2041330189,1813654,1.813654,"funcionTransicion(Celula*, int, curandStateXORWOW*)",16,1024,63,0,88670208,8192
475,2042141289,2043735041,1593752,1.593752,"funcionTransicion(Celula*, int, curandStateXORWOW*)",16,1024,63,0,88670208,8192
476,2044550333,2046421204,1870871,1.870871,"funcionTransicion(Celula*, int, curandStateXORWOW*)",16,1024,63,0,88670208,8192
477,2047238576,2048950183,1711607,1.711607,"funcionTransicion(Celula*, int, curandStateXORWOW*)",16,1024,63,0,88670208,8192
478,2049762435,2051488570,1726135,1.726135,"funcionTransicion(Celula*, int, curandStateXORWOW*)",16,1024,63,0,88670208,8192
479,2052296822,2053977070,1680248,1.680248,"funcionTransicion(Celula*, int, curandStateXORWOW*)",16,1024,63,0,88670208,8192
480,2054790442,2056435873,1645431,1.645431,"funcionTransicion(Celula*, int, curandStateXORWOW*)",16,1024,63,0,88670208,8192
481,2133148190,2134910677,1762487,1.762487,"funcionTransicion(Celula*, int, curandStateXORWOW*)",16,1024,63,0,88670208,8192
482,2135729713,2137603271,1873558,1.873558,"funcionTransicion(Celula*, int, curandStateXORWOW*)",16,1024,63,0,88670208,8192
483,2138416227,2140567352,2151125,2.151125,"funcionTransicion(Celula*, int, curandStateXORWOW*)",16,1024,63,0,88670208,8192
484,2141379604,2143212395,1832791,1.832791,"funcionTransicion(Celula*, int, curandStateXORWOW*)",16,1024,63,0,88670208,8192
485,2144020582,2146168220,2147638,2.147638,"funcionTransicion(Celula*, int, curandStateXORWOW*)",16,1024,63,0,88670208,8192
486,2146982904,2148972173,1989269,1.989269,"funcionTransicion(Celula*, int, curandStateXORWOW*)",16,1024,63,0,88670208,8192
487,2149787369,2151845695,2058326,2.058326,"funcionTransicion(Celula*, int, curandStateXORWOW*)",16,1024,63,0,88670208,8192
488,2152653051,2154520529,1867478,1.867478,"funcionTransicion(Celula*, int, curandStateXORWOW*)",16,1024,63,0,88670208,8192
489,2155338061,2157598178,2260117,2.260117,"funcionTransicion(Celula*, int, curandStateXORWOW*)",16,1024,63,0,88670208,8192
490,2158415614,2160443059,2027445,2.027445,"funcionTransicion(Celula*, int, curandStateXORWOW*)",16,1024,63,0,88670208,8192
491,2161247984,2163098886,1850902,1.850902,"funcionTransicion(Celula*, int, curandStateXORWOW*)",16,1024,63,0,88670208,8192
492,2163906754,2165986424,2079670,2.07967,"funcionTransicion(Celula*, int, curandStateXORWOW*)",16,1024,63,0,88670208,8192
493,2166795379,2168891209,2095830,2.09583,"funcionTransicion(Celula*, int, curandStateXORWOW*)",16,1024,63,0,88670208,8192
494,2169698213,2172143288,2445075,2.445075,"funcionTransicion(Celula*, int, curandStateXORWOW*)",16,1024,63,0,88670208,8192
495,2172962356,2174920586,1958230,1.95823,"funcionTransicion(Celula*, int, curandStateXORWOW*)",16,1024,63,0,88670208,8192
496,2175728102,2177992571,2264469,2.264469,"funcionTransicion(Celula*, int, curandStateXORWOW*)",16,1024,63,0,88670208,8192
497,2178802551,2181149611,2347060,2.34706,"funcionTransicion(Celula*, int, curandStateXORWOW*)",16,1024,63,0,88670208,8192
498,2181960711,2183972221,2011510,2.01151,"funcionTransicion(Celula*, int, curandStateXORWOW*)",16,1024,63,0,88670208,8192
499,2184784568,2186768015,1983447,1.983447,"funcionTransicion(Celula*, int, curandStateXORWOW*)",16,1024,63,0,88670208,8192
500,2187579146,2189950366,2371220,2.37122,"funcionTransicion(Celula*, int, curandStateXORWOW*)",16,1024,63,0,88670208,8192
501,2190759258,2193356685,2597427,2.597427,"funcionTransicion(Celula*, int, curandStateXORWOW*)",16,1024,63,0,88670208,8192
502,2194164521,2196374462,2209941,2.209941,"funcionTransicion(Celula*, int, curandStateXORWOW*)",16,1024,63,0,88670208,8192
503,2197186042,2199314639,2128597,2.128597,"funcionTransicion(Celula*, int, curandStateXORWOW*)",16,1024,63,0,88670208,8192
504,2200134507,2202431231,2296724,2.296724,"funcionTransicion(Celula*, int, curandStateXORWOW*)",16,1024,63,0,88670208,8192
505,2203271067,2205717295,2446228,2.446228,"funcionTransicion(Celula*, int, curandStateXORWOW*)",16,1024,63,0,88670208,8192
506,2206528939,2209236029,2707090,2.70709,"funcionTransicion(Celula*, int, curandStateXORWOW*)",16,1024,63,0,88670208,8192
507,2210055289,2213076906,3021617,3.021617,"funcionTransicion(Celula*, int, curandStateXORWOW*)",16,1024,63,0,88670208,8192
508,2213888869,2216014779,2125910,2.12591,"funcionTransicion(Celula*, int, curandStateXORWOW*)",16,1024,63,0,88670208,8192
509,2216832279,2218987659,2155380,2.15538,"funcionTransicion(Celula*, int, curandStateXORWOW*)",16,1024,63,0,88670208,8192
510,2219800199,2221966909,2166710,2.16671,"funcionTransicion(Celula*, int, curandStateXORWOW*)",16,1024,63,0,88670208,8192
511,2222776056,2225534923,2758867,2.758867,"funcionTransicion(Celula*, int, curandStateXORWOW*)",16,1024,63,0,88670208,8192
512,2226347079,2229172152,2825073,2.825073,"funcionTransicion(Celula*, int, curandStateXORWOW*)",16,1024,63,0,88670208,8192
513,2229979284,2232685606,2706322,2.706322,"funcionTransicion(Celula*, int, curandStateXORWOW*)",16,1024,63,0,88670208,8192
514,2233500258,2236522771,3022513,3.022513,"funcionTransicion(Celula*, int, curandStateXORWOW*)",16,1024,63,0,88670208,8192
515,2237332783,2239484612,2151829,2.151829,"funcionTransicion(Celula*, int, curandStateXORWOW*)",16,1024,63,0,88670208,8192
516,2240298528,2242870995,2572467,2.572467,"funcionTransicion(Celula*, int, curandStateXORWOW*)",16,1024,63,0,88670208,8192
517,2243685295,2245803172,2117877,2.117877,"funcionTransicion(Celula*, int, curandStateXORWOW*)",16,1024,63,0,88670208,8192
518,2246617792,2249364946,2747154,2.747154,"funcionTransicion(Celula*, int, curandStateXORWOW*)",16,1024,63,0,88670208,8192
519,2250174094,2252966016,2791922,2.791922,"funcionTransicion(Celula*, int, curandStateXORWOW*)",16,1024,63,0,88670208,8192
520,2253772348,2256028624,2256276,2.256276,"funcionTransicion(Celula*, int, curandStateXORWOW*)",16,1024,63,0,88670208,8192
521,2256847052,2258867906,2020854,2.020854,"funcionTransicion(Celula*, int, curandStateXORWOW*)",16,1024,63,0,88670208,8192
522,2259673374,2262520912,2847538,2.847538,"funcionTransicion(Celula*, int, curandStateXORWOW*)",16,1024,63,0,88670208,8192
523,2263338859,2266783066,3444207,3.444207,"funcionTransicion(Celula*, int, curandStateXORWOW*)",16,1024,63,0,88670208,8192
524,2267598294,2270013290,2414996,2.414996,"funcionTransicion(Celula*, int, curandStateXORWOW*)",16,1024,63,0,88670208,8192
525,2270839174,2273127098,2287924,2.287924,"funcionTransicion(Celula*, int, curandStateXORWOW*)",16,1024,63,0,88670208,8192
526,2273934550,2276602856,2668306,2.668306,"funcionTransicion(Celula*, int, curandStateXORWOW*)",16,1024,63,0,88670208,8192
527,2277407172,2279900344,2493172,2.493172,"funcionTransicion(Celula*, int, curandStateXORWOW*)",16,1024,63,0,88670208,8192
528,2280716564,2283378918,2662354,2.662354,"funcionTransicion(Celula*, int, curandStateXORWOW*)",16,1024,63,0,88670208,8192
529,2284216258,2287074067,2857809,2.857809,"funcionTransicion(Celula*, int, curandStateXORWOW*)",16,1024,63,0,88670208,8192
530,2287884047,2290601825,2717778,2.717778,"funcionTransicion(Celula*, int, curandStateXORWOW*)",16,1024,63,0,88670208,8192
531,2291414750,2294692141,3277391,3.277391,"funcionTransicion(Celula*, int, curandStateXORWOW*)",16,1024,63,0,88670208,8192
532,2295507017,2298624761,3117744,3.117744,"funcionTransicion(Celula*, int, curandStateXORWOW*)",16,1024,63,0,88670208,8192
533,2299431701,2301865929,2434228,2.434228,"funcionTransicion(Celula*, int, curandStateXORWOW*)",16,1024,63,0,88670208,8192
534,2302681092,2305545910,2864818,2.864818,"funcionTransicion(Celula*, int, curandStateXORWOW*)",16,1024,63,0,88670208,8192
535,2306361810,2309227939,2866129,2.866129,"funcionTransicion(Celula*, int, curandStateXORWOW*)",16,1024,63,0,88670208,8192
536,2310035775,2312461011,2425236,2.425236,"funcionTransicion(Celula*, int, curandStateXORWOW*)",16,1024,63,0,88670208,8192
537,2313278255,2315492772,2214517,2.214517,"funcionTransicion(Celula*, int, curandStateXORWOW*)",16,1024,63,0,88670208,8192
538,2316309504,2318350133,2040629,2.040629,"funcionTransicion(Celula*, int, curandStateXORWOW*)",16,1024,63,0,88670208,8192
539,2319167281,2321064680,1897399,1.897399,"funcionTransicion(Celula*, int, curandStateXORWOW*)",16,1024,63,0,88670208,8192
540,2321882180,2324146136,2263956,2.263956,"funcionTransicion(Celula*, int, curandStateXORWOW*)",16,1024,63,0,88670208,8192
541,2324951860,2326970314,2018454,2.018454,"funcionTransicion(Celula*, int, curandStateXORWOW*)",16,1024,63,0,88670208,8192
542,2327786438,2329652252,1865814,1.865814,"funcionTransicion(Celula*, int, curandStateXORWOW*)",16,1024,63,0,88670208,8192
543,2330474360,2332576525,2102165,2.102165,"funcionTransicion(Celula*, int, curandStateXORWOW*)",16,1024,63,0,88670208,8192
544,2333390313,2335769981,2379668,2.379668,"funcionTransicion(Celula*, int, curandStateXORWOW*)",16,1024,63,0,88670208,8192
545,2336582041,2338822798,2240757,2.240757,"funcionTransicion(Celula*, int, curandStateXORWOW*)",16,1024,63,0,88670208,8192
546,2339645194,2342176861,2531667,2.531667,"funcionTransicion(Celula*, int, curandStateXORWOW*)",16,1024,63,0,88670208,8192
547,2342983929,2345189966,2206037,2.206037,"funcionTransicion(Celula*, int, curandStateXORWOW*)",16,1024,63,0,88670208,8192
548,2346000650,2348139007,2138357,2.138357,"funcionTransicion(Celula*, int, curandStateXORWOW*)",16,1024,63,0,88670208,8192
549,2348945114,2350824273,1879159,1.879159,"funcionTransicion(Celula*, int, curandStateXORWOW*)",16,1024,63,0,88670208,8192
550,2351638093,2354071073,2432980,2.43298,"funcionTransicion(Celula*, int, curandStateXORWOW*)",16,1024,63,0,88670208,8192
551,2354879485,2356839507,1960022,1.960022,"funcionTransicion(Celula*, int, curandStateXORWOW*)",16,1024,63,0,88670208,8192
552,2357657454,2359957827,2300373,2.300373,"funcionTransicion(Celula*, int, curandStateXORWOW*)",16,1024,63,0,88670208,8192
553,2360785823,2362663573,1877750,1.87775,"funcionTransicion(Celula*, int, curandStateXORWOW*)",16,1024,63,0,88670208,8192
554,2363481521,2365496647,2015126,2.015126,"funcionTransicion(Celula*, int, curandStateXORWOW*)",16,1024,63,0,88670208,8192
555,2366305539,2368216633,1911094,1.911094,"funcionTransicion(Celula*, int, curandStateXORWOW*)",16,1024,63,0,88670208,8192
556,2369029909,2371286314,2256405,2.256405,"funcionTransicion(Celula*, int, curandStateXORWOW*)",16,1024,63,0,88670208,8192
557,2372100262,2374913624,2813362,2.813362,"funcionTransicion(Celula*, int, curandStateXORWOW*)",16,1024,63,0,88670208,8192
558,2375732211,2377911624,2179413,2.179413,"funcionTransicion(Celula*, int, curandStateXORWOW*)",16,1024,63,0,88670208,8192
559,2378724676,2380635002,1910326,1.910326,"funcionTransicion(Celula*, int, curandStateXORWOW*)",16,1024,63,0,88670208,8192
560,2381454998,2383494092,2039094,2.039094,"funcionTransicion(Celula*, int, curandStateXORWOW*)",16,1024,63,0,88670208,8192
561,2384304232,2386667900,2363668,2.363668,"funcionTransicion(Celula*, int, curandStateXORWOW*)",16,1024,63,0,88670208,8192
562,2387479640,2389404302,1924662,1.924662,"funcionTransicion(Celula*, int, curandStateXORWOW*)",16,1024,63,0,88670208,8192
563,2390211562,2392218464,2006902,2.006902,"funcionTransicion(Celula*, int, curandStateXORWOW*)",16,1024,63,0,88670208,8192
564,2393030748,2394882770,1852022,1.852022,"funcionTransicion(Celula*, int, curandStateXORWOW*)",16,1024,63,0,88670208,8192
565,2395696270,2397777636,2081366,2.081366,"funcionTransicion(Celula*, int, curandStateXORWOW*)",16,1024,63,0,88670208,8192
566,2398589056,2400966324,2377268,2.377268,"funcionTransicion(Celula*, int, curandStateXORWOW*)",16,1024,63,0,88670208,8192
567,2401780623,2403959909,2179286,2.179286,"funcionTransicion(Celula*, int, curandStateXORWOW*)",16,1024,63,0,88670208,8192
568,2404763712,2407210292,2446580,2.44658,"funcionTransicion(Celula*, int, curandStateXORWOW*)",16,1024,63,0,88670208,8192
569,2408026032,2410001190,1975158,1.975158,"funcionTransicion(Celula*, int, curandStateXORWOW*)",16,1024,63,0,88670208,8192
570,2410820226,2412935671,2115445,2.115445,"funcionTransicion(Celula*, int, curandStateXORWOW*)",16,1024,63,0,88670208,8192
571,2413745299,2415711881,1966582,1.966582,"funcionTransicion(Celula*, int, curandStateXORWOW*)",16,1024,63,0,88670208,8192
572,2416529541,2418901273,2371732,2.371732,"funcionTransicion(Celula*, int, curandStateXORWOW*)",16,1024,63,0,88670208,8192
573,2419712789,2421811210,2098421,2.098421,"funcionTransicion(Celula*, int, curandStateXORWOW*)",16,1024,63,0,88670208,8192
574,2422614822,2424782619,2167797,2.167797,"funcionTransicion(Celula*, int, curandStateXORWOW*)",16,1024,63,0,88670208,8192
575,2425597847,2427865580,2267733,2.267733,"funcionTransicion(Celula*, int, curandStateXORWOW*)",16,1024,63,0,88670208,8192
576,2428677672,2430662333,1984661,1.984661,"funcionTransicion(Celula*, int, curandStateXORWOW*)",16,1024,63,0,88670208,8192
577,2431516665,2434036780,2520115,2.520115,"funcionTransicion(Celula*, int, curandStateXORWOW*)",16,1024,63,0,88670208,8192
578,2434853352,2437031005,2177653,2.177653,"funcionTransicion(Celula*, int, curandStateXORWOW*)",16,1024,63,0,88670208,8192
579,2437848153,2440590539,2742386,2.742386,"funcionTransicion(Celula*, int, curandStateXORWOW*)",16,1024,63,0,88670208,8192
580,2441409223,2443229086,1819863,1.819863,"funcionTransicion(Celula*, int, curandStateXORWOW*)",16,1024,63,0,88670208,8192
581,2444040154,2445905617,1865463,1.865463,"funcionTransicion(Celula*, int, curandStateXORWOW*)",16,1024,63,0,88670208,8192
582,2446714924,2448714499,1999575,1.999575,"funcionTransicion(Celula*, int, curandStateXORWOW*)",16,1024,63,0,88670208,8192
583,2449526846,2451589588,2062742,2.062742,"funcionTransicion(Celula*, int, curandStateXORWOW*)",16,1024,63,0,88670208,8192
584,2452406864,2454686660,2279796,2.279796,"funcionTransicion(Celula*, int, curandStateXORWOW*)",16,1024,63,0,88670208,8192
585,2455496928,2457390327,1893399,1.893399,"funcionTransicion(Celula*, int, curandStateXORWOW*)",16,1024,63,0,88670208,8192
586,2458202482,2460292648,2090166,2.090166,"funcionTransicion(Celula*, int, curandStateXORWOW*)",16,1024,63,0,88670208,8192
587,2461103043,2463270713,2167670,2.16767,"funcionTransicion(Celula*, int, curandStateXORWOW*)",16,1024,63,0,88670208,8192
588,2464075093,2466428329,2353236,2.353236,"funcionTransicion(Celula*, int, curandStateXORWOW*)",16,1024,63,0,88670208,8192
589,2467237701,2470359701,3122000,3.122,"funcionTransicion(Celula*, int, curandStateXORWOW*)",16,1024,63,0,88670208,8192
590,2471170257,2473214119,2043862,2.043862,"funcionTransicion(Celula*, int, curandStateXORWOW*)",16,1024,63,0,88670208,8192
591,2474025954,2476041048,2015094,2.015094,"funcionTransicion(Celula*, int, curandStateXORWOW*)",16,1024,63,0,88670208,8192
592,2476854196,2478668011,1813815,1.813815,"funcionTransicion(Celula*, int, curandStateXORWOW*)",16,1024,63,0,88670208,8192
593,2479481767,2481184190,1702423,1.702423,"funcionTransicion(Celula*, int, curandStateXORWOW*)",16,1024,63,0,88670208,8192
594,2481995130,2484559853,2564723,2.564723,"funcionTransicion(Celula*, int, curandStateXORWOW*)",16,1024,63,0,88670208,8192
595,2485372137,2487279679,1907542,1.907542,"funcionTransicion(Celula*, int, curandStateXORWOW*)",16,1024,63,0,88670208,8192
596,2488088571,2489993682,1905111,1.905111,"funcionTransicion(Celula*, int, curandStateXORWOW*)",16,1024,63,0,88670208,8192
597,2490805037,2492727396,1922359,1.922359,"funcionTransicion(Celula*, int, curandStateXORWOW*)",16,1024,63,0,88670208,8192
598,2493540352,2495649845,2109493,2.109493,"funcionTransicion(Celula*, int, curandStateXORWOW*)",16,1024,63,0,88670208,8192
599,2496455761,2498614822,2159061,2.159061,"funcionTransicion(Celula*, int, curandStateXORWOW*)",16,1024,63,0,88670208,8192
600,2499425826,2501535447,2109621,2.109621,"funcionTransicion(Celula*, int, curandStateXORWOW*)",16,1024,63,0,88670208,8192
601,2577168889,2579488845,2319956,2.319956,"funcionTransicion(Celula*, int, curandStateXORWOW*)",16,1024,63,0,88670208,8192
602,2580301641,2582516126,2214485,2.214485,"funcionTransicion(Celula*, int, curandStateXORWOW*)",16,1024,63,0,88670208,8192
603,2583326906,2585895085,2568179,2.568179,"funcionTransicion(Celula*, int, curandStateXORWOW*)",16,1024,63,0,88670208,8192
604,2586713993,2588627039,1913046,1.913046,"funcionTransicion(Celula*, int, curandStateXORWOW*)",16,1024,63,0,88670208,8192
605,2589441883,2592236205,2794322,2.794322,"funcionTransicion(Celula*, int, curandStateXORWOW*)",16,1024,63,0,88670208,8192
606,2593044969,2595775451,2730482,2.730482,"funcionTransicion(Celula*, int, curandStateXORWOW*)",16,1024,63,0,88670208,8192
607,2596583639,2599059018,2475379,2.475379,"funcionTransicion(Celula*, int, curandStateXORWOW*)",16,1024,63,0,88670208,8192
608,2599875878,2602097051,2221173,2.221173,"funcionTransicion(Celula*, int, curandStateXORWOW*)",16,1024,63,0,88670208,8192
609,2602906679,2604974604,2067925,2.067925,"funcionTransicion(Celula*, int, curandStateXORWOW*)",16,1024,63,0,88670208,8192
610,2605788616,2607896734,2108118,2.108118,"funcionTransicion(Celula*, int, curandStateXORWOW*)",16,1024,63,0,88670208,8192
611,2608708057,2611144621,2436564,2.436564,"funcionTransicion(Celula*, int, curandStateXORWOW*)",16,1024,63,0,88670208,8192
612,2611962729,2615121209,3158480,3.15848,"funcionTransicion(Celula*, int, curandStateXORWOW*)",16,1024,63,0,88670208,8192
613,2615942549,2618436008,2493459,2.493459,"funcionTransicion(Celula*, int, curandStateXORWOW*)",16,1024,63,0,88670208,8192
614,2619257156,2621438233,2181077,2.181077,"funcionTransicion(Celula*, int, curandStateXORWOW*)",16,1024,63,0,88670208,8192
615,2622244725,2624376874,2132149,2.132149,"funcionTransicion(Celula*, int, curandStateXORWOW*)",16,1024,63,0,88670208,8192
616,2625191942,2627422971,2231029,2.231029,"funcionTransicion(Celula*, int, curandStateXORWOW*)",16,1024,63,0,88670208,8192
617,2628245623,2630665130,2419507,2.419507,"funcionTransicion(Celula*, int, curandStateXORWOW*)",16,1024,63,0,88670208,8192
618,2631478854,2633953338,2474484,2.474484,"funcionTransicion(Celula*, int, curandStateXORWOW*)",16,1024,63,0,88670208,8192
619,2634763414,2637950822,3187408,3.187408,"funcionTransicion(Celula*, int, curandStateXORWOW*)",16,1024,63,0,88670208,8192
620,2638763810,2641359924,2596114,2.596114,"funcionTransicion(Celula*, int, curandStateXORWOW*)",16,1024,63,0,88670208,8192
621,2642163536,2644825955,2662419,2.662419,"funcionTransicion(Celula*, int, curandStateXORWOW*)",16,1024,63,0,88670208,8192
622,2645642463,2648285266,2642803,2.642803,"funcionTransicion(Celula*, int, curandStateXORWOW*)",16,1024,63,0,88670208,8192
623,2649093806,2651906143,2812337,2.812337,"funcionTransicion(Celula*, int, curandStateXORWOW*)",16,1024,63,0,88670208,8192
624,2652729563,2656181002,3451439,3.451439,"funcionTransicion(Celula*, int, curandStateXORWOW*)",16,1024,63,0,88670208,8192
625,2657020325,2659401753,2381428,2.381428,"funcionTransicion(Celula*, int, curandStateXORWOW*)",16,1024,63,0,88670208,8192
626,2660214293,2662828104,2613811,2.613811,"funcionTransicion(Celula*, int, curandStateXORWOW*)",16,1024,63,0,88670208,8192
627,2663634244,2665902616,2268372,2.268372,"funcionTransicion(Celula*, int, curandStateXORWOW*)",16,1024,63,0,88670208,8192
628,2666715349,2669718789,3003440,3.00344,"funcionTransicion(Celula*, int, curandStateXORWOW*)",16,1024,63,0,88670208,8192
629,2670538177,2672636215,2098038,2.098038,"funcionTransicion(Celula*, int, curandStateXORWOW*)",16,1024,63,0,88670208,8192
630,2673448242,2675501512,2053270,2.05327,"funcionTransicion(Celula*, int, curandStateXORWOW*)",16,1024,63,0,88670208,8192
631,2676319332,2678844695,2525363,2.525363,"funcionTransicion(Celula*, int, curandStateXORWOW*)",16,1024,63,0,88670208,8192
632,2679663283,2681985543,2322260,2.32226,"funcionTransicion(Celula*, int, curandStateXORWOW*)",16,1024,63,0,88670208,8192
633,2682791363,2685697460,2906097,2.906097,"funcionTransicion(Celula*, int, curandStateXORWOW*)",16,1024,63,0,88670208,8192
634,2686507984,2689724320,3216336,3.216336,"funcionTransicion(Celula*, int, curandStateXORWOW*)",16,1024,63,0,88670208,8192
635,2690542684,2693772907,3230223,3.230223,"funcionTransicion(Celula*, int, curandStateXORWOW*)",16,1024,63,0,88670208,8192
636,2694593448,2697686456,3093008,3.093008,"funcionTransicion(Celula*, int, curandStateXORWOW*)",16,1024,63,0,88670208,8192
637,2698493780,2701336581,2842801,2.842801,"funcionTransicion(Celula*, int, curandStateXORWOW*)",16,1024,63,0,88670208,8192
638,2702151553,2705624304,3472751,3.472751,"funcionTransicion(Celula*, int, curandStateXORWOW*)",16,1024,63,0,88670208,8192
639,2706429131,2708755712,2326581,2.326581,"funcionTransicion(Celula*, int, curandStateXORWOW*)",16,1024,63,0,88670208,8192
640,2709566972,2713547463,3980491,3.980491,"funcionTransicion(Celula*, int, curandStateXORWOW*)",16,1024,63,0,88670208,8192
641,2714361508,2717112310,2750802,2.750802,"funcionTransicion(Celula*, int, curandStateXORWOW*)",16,1024,63,0,88670208,8192
642,2717923250,2720283045,2359795,2.359795,"funcionTransicion(Celula*, int, curandStateXORWOW*)",16,1024,63,0,88670208,8192
643,2721098914,2724652528,3553614,3.553614,"funcionTransicion(Celula*, int, curandStateXORWOW*)",16,1024,63,0,88670208,8192
644,2725461195,2728713147,3251952,3.251952,"funcionTransicion(Celula*, int, curandStateXORWOW*)",16,1024,63,0,88670208,8192
645,2729525943,2733087237,3561294,3.561294,"funcionTransicion(Celula*, int, curandStateXORWOW*)",16,1024,63,0,88670208,8192
646,2733907521,2736500851,2593330,2.59333,"funcionTransicion(Celula*, int, curandStateXORWOW*)",16,1024,63,0,88670208,8192
647,2737314896,2739867074,2552178,2.552178,"funcionTransicion(Celula*, int, curandStateXORWOW*)",16,1024,63,0,88670208,8192
648,2740678879,2742956787,2277908,2.277908,"funcionTransicion(Celula*, int, curandStateXORWOW*)",16,1024,63,0,88670208,8192
649,2743837231,2747078430,3241199,3.241199,"funcionTransicion(Celula*, int, curandStateXORWOW*)",16,1024,63,0,88670208,8192
650,2747887642,2750497997,2610355,2.610355,"funcionTransicion(Celula*, int, curandStateXORWOW*)",16,1024,63,0,88670208,8192
651,2751317193,2754324569,3007376,3.007376,"funcionTransicion(Celula*, int, curandStateXORWOW*)",16,1024,63,0,88670208,8192
652,2755136949,2758631972,3495023,3.495023,"funcionTransicion(Celula*, int, curandStateXORWOW*)",16,1024,63,0,88670208,8192
653,2759441152,2762153970,2712818,2.712818,"funcionTransicion(Celula*, int, curandStateXORWOW*)",16,1024,63,0,88670208,8192
654,2762965646,2766039262,3073616,3.073616,"funcionTransicion(Celula*, int, curandStateXORWOW*)",16,1024,63,0,88670208,8192
655,2766857786,2770117738,3259952,3.259952,"funcionTransicion(Celula*, int, curandStateXORWOW*)",16,1024,63,0,88670208,8192
656,2770938981,2774674290,3735309,3.735309,"funcionTransicion(Celula*, int, curandStateXORWOW*)",16,1024,63,0,88670208,8192
657,2775484590,2777937986,2453396,2.453396,"funcionTransicion(Celula*, int, curandStateXORWOW*)",16,1024,63,0,88670208,8192
658,2778757790,2781625807,2868017,2.868017,"funcionTransicion(Celula*, int, curandStateXORWOW*)",16,1024,63,0,88670208,8192
659,2782438156,2785230333,2792177,2.792177,"funcionTransicion(Celula*, int, curandStateXORWOW*)",16,1024,63,0,88670208,8192
660,2786038009,2789177737,3139728,3.139728,"funcionTransicion(Celula*, int, curandStateXORWOW*)",16,1024,63,0,88670208,8192
661,2789986533,2793279604,3293071,3.293071,"funcionTransicion(Celula*, int, curandStateXORWOW*)",16,1024,63,0,88670208,8192
662,2794097393,2796883362,2785969,2.785969,"funcionTransicion(Celula*, int, curandStateXORWOW*)",16,1024,63,0,88670208,8192
663,2797687646,2800414065,2726419,2.726419,"funcionTransicion(Celula*, int, curandStateXORWOW*)",16,1024,63,0,88670208,8192
664,2801227085,2803979838,2752753,2.752753,"funcionTransicion(Celula*, int, curandStateXORWOW*)",16,1024,63,0,88670208,8192
665,2804783739,2807937194,3153455,3.153455,"funcionTransicion(Celula*, int, curandStateXORWOW*)",16,1024,63,0,88670208,8192
666,2808754406,2811761015,3006609,3.006609,"funcionTransicion(Celula*, int, curandStateXORWOW*)",16,1024,63,0,88670208,8192
667,2812568755,2815546340,2977585,2.977585,"funcionTransicion(Celula*, int, curandStateXORWOW*)",16,1024,63,0,88670208,8192
668,2816359200,2819005203,2646003,2.646003,"funcionTransicion(Celula*, int, curandStateXORWOW*)",16,1024,63,0,88670208,8192
669,2819817006,2823035742,3218736,3.218736,"funcionTransicion(Celula*, int, curandStateXORWOW*)",16,1024,63,0,88670208,8192
670,2823848698,2826547596,2698898,2.698898,"funcionTransicion(Celula*, int, curandStateXORWOW*)",16,1024,63,0,88670208,8192
671,2827355656,2829857564,2501908,2.501908,"funcionTransicion(Celula*, int, curandStateXORWOW*)",16,1024,63,0,88670208,8192
672,2830669816,2833346634,2676818,2.676818,"funcionTransicion(Celula*, int, curandStateXORWOW*)",16,1024,63,0,88670208,8192
673,2834186278,2836553722,2367444,2.367444,"funcionTransicion(Celula*, int, curandStateXORWOW*)",16,1024,63,0,88670208,8192
674,2837373238,2840081704,2708466,2.708466,"funcionTransicion(Celula*, int, curandStateXORWOW*)",16,1024,63,0,88670208,8192
675,2840892260,2843410647,2518387,2.518387,"funcionTransicion(Celula*, int, curandStateXORWOW*)",16,1024,63,0,88670208,8192
676,2844225555,2846849190,2623635,2.623635,"funcionTransicion(Celula*, int, curandStateXORWOW*)",16,1024,63,0,88670208,8192
677,2847662753,2849974486,2311733,2.311733,"funcionTransicion(Celula*, int, curandStateXORWOW*)",16,1024,63,0,88670208,8192
678,2850790994,2853277605,2486611,2.486611,"funcionTransicion(Celula*, int, curandStateXORWOW*)",16,1024,63,0,88670208,8192
679,2854084097,2857123218,3039121,3.039121,"funcionTransicion(Celula*, int, curandStateXORWOW*)",16,1024,63,0,88670208,8192
680,2857939310,2860779615,2840305,2.840305,"funcionTransicion(Celula*, int, curandStateXORWOW*)",16,1024,63,0,88670208,8192
681,2861592763,2863722993,2130230,2.13023,"funcionTransicion(Celula*, int, curandStateXORWOW*)",16,1024,63,0,88670208,8192
682,2864541549,2867155135,2613586,2.613586,"funcionTransicion(Celula*, int, curandStateXORWOW*)",16,1024,63,0,88670208,8192
683,2867967835,2870082192,2114357,2.114357,"funcionTransicion(Celula*, int, curandStateXORWOW*)",16,1024,63,0,88670208,8192
684,2870896012,2873988573,3092561,3.092561,"funcionTransicion(Celula*, int, curandStateXORWOW*)",16,1024,63,0,88670208,8192
685,2874800120,2877790313,2990193,2.990193,"funcionTransicion(Celula*, int, curandStateXORWOW*)",16,1024,63,0,88670208,8192
686,2878608581,2881986420,3377839,3.377839,"funcionTransicion(Celula*, int, curandStateXORWOW*)",16,1024,63,0,88670208,8192
687,2882798224,2885526722,2728498,2.728498,"funcionTransicion(Celula*, int, curandStateXORWOW*)",16,1024,63,0,88670208,8192
688,2886344222,2889267407,2923185,2.923185,"funcionTransicion(Celula*, int, curandStateXORWOW*)",16,1024,63,0,88670208,8192
689,2890076587,2893079804,3003217,3.003217,"funcionTransicion(Celula*, int, curandStateXORWOW*)",16,1024,63,0,88670208,8192
690,2893891864,2896595754,2703890,2.70389,"funcionTransicion(Celula*, int, curandStateXORWOW*)",16,1024,63,0,88670208,8192
691,2897409990,2900627766,3217776,3.217776,"funcionTransicion(Celula*, int, curandStateXORWOW*)",16,1024,63,0,88670208,8192
692,2901440690,2904088293,2647603,2.647603,"funcionTransicion(Celula*, int, curandStateXORWOW*)",16,1024,63,0,88670208,8192
693,2904900032,2907347892,2447860,2.44786,"funcionTransicion(Celula*, int, curandStateXORWOW*)",16,1024,63,0,88670208,8192
694,2908164304,2910644995,2480691,2.480691,"funcionTransicion(Celula*, int, curandStateXORWOW*)",16,1024,63,0,88670208,8192
695,2911459039,2914522000,3062961,3.062961,"funcionTransicion(Celula*, int, curandStateXORWOW*)",16,1024,63,0,88670208,8192
696,2915333484,2918298364,2964880,2.96488,"funcionTransicion(Celula*, int, curandStateXORWOW*)",16,1024,63,0,88670208,8192
697,2919146296,2922307017,3160721,3.160721,"funcionTransicion(Celula*, int, curandStateXORWOW*)",16,1024,63,0,88670208,8192
698,2923118820,2925850678,2731858,2.731858,"funcionTransicion(Celula*, int, curandStateXORWOW*)",16,1024,63,0,88670208,8192
699,2926663570,2929871106,3207536,3.207536,"funcionTransicion(Celula*, int, curandStateXORWOW*)",16,1024,63,0,88670208,8192
700,2930677886,2933403760,2725874,2.725874,"funcionTransicion(Celula*, int, curandStateXORWOW*)",16,1024,63,0,88670208,8192
701,2934220908,2937530779,3309871,3.309871,"funcionTransicion(Celula*, int, curandStateXORWOW*)",16,1024,63,0,88670208,8192
702,2938342359,2942171492,3829133,3.829133,"funcionTransicion(Celula*, int, curandStateXORWOW*)",16,1024,63,0,88670208,8192
703,2942984640,2946986443,4001803,4.001803,"funcionTransicion(Celula*, int, curandStateXORWOW*)",16,1024,63,0,88670208,8192
704,2947797864,2950635129,2837265,2.837265,"funcionTransicion(Celula*, int, curandStateXORWOW*)",16,1024,63,0,88670208,8192
705,2951451829,2954701572,3249743,3.249743,"funcionTransicion(Celula*, int, curandStateXORWOW*)",16,1024,63,0,88670208,8192
706,2955523936,2958906479,3382543,3.382543,"funcionTransicion(Celula*, int, curandStateXORWOW*)",16,1024,63,0,88670208,8192
707,2959714315,2962890715,3176400,3.1764,"funcionTransicion(Celula*, int, curandStateXORWOW*)",16,1024,63,0,88670208,8192
708,2963707063,2966617320,2910257,2.910257,"funcionTransicion(Celula*, int, curandStateXORWOW*)",16,1024,63,0,88670208,8192
709,2967438500,2971161873,3723373,3.723373,"funcionTransicion(Celula*, int, curandStateXORWOW*)",16,1024,63,0,88670208,8192
710,2971971501,2975066237,3094736,3.094736,"funcionTransicion(Celula*, int, curandStateXORWOW*)",16,1024,63,0,88670208,8192
711,2975878362,2979098153,3219791,3.219791,"funcionTransicion(Celula*, int, curandStateXORWOW*)",16,1024,63,0,88670208,8192
712,2979914885,2983275956,3361071,3.361071,"funcionTransicion(Celula*, int, curandStateXORWOW*)",16,1024,63,0,88670208,8192
713,2984088784,2987416511,3327727,3.327727,"funcionTransicion(Celula*, int, curandStateXORWOW*)",16,1024,63,0,88670208,8192
714,2988238235,2992103079,3864844,3.864844,"funcionTransicion(Celula*, int, curandStateXORWOW*)",16,1024,63,0,88670208,8192
715,2992907459,2996268723,3361264,3.361264,"funcionTransicion(Celula*, int, curandStateXORWOW*)",16,1024,63,0,88670208,8192
716,2997080334,3000861339,3781005,3.781005,"funcionTransicion(Celula*, int, curandStateXORWOW*)",16,1024,63,0,88670208,8192
717,3001673431,3005752258,4078827,4.078827,"funcionTransicion(Celula*, int, curandStateXORWOW*)",16,1024,63,0,88670208,8192
718,3006573918,3011180231,4606313,4.606313,"funcionTransicion(Celula*, int, curandStateXORWOW*)",16,1024,63,0,88670208,8192
719,3011990627,3015053203,3062576,3.062576,"funcionTransicion(Celula*, int, curandStateXORWOW*)",16,1024,63,0,88670208,8192
720,3015871535,3019577757,3706222,3.706222,"funcionTransicion(Celula*, int, curandStateXORWOW*)",16,1024,63,0,88670208,8192
721,3096524920,3099648296,3123376,3.123376,"funcionTransicion(Celula*, int, curandStateXORWOW*)",16,1024,63,0,88670208,8192
722,3100464452,3103373013,2908561,2.908561,"funcionTransicion(Celula*, int, curandStateXORWOW*)",16,1024,63,0,88670208,8192
723,3104189969,3108299068,4109099,4.109099,"funcionTransicion(Celula*, int, curandStateXORWOW*)",16,1024,63,0,88670208,8192
724,3109107352,3112779365,3672013,3.672013,"funcionTransicion(Celula*, int, curandStateXORWOW*)",16,1024,63,0,88670208,8192
725,3113594306,3116663666,3069360,3.06936,"funcionTransicion(Celula*, int, curandStateXORWOW*)",16,1024,63,0,88670208,8192
726,3117474222,3120675389,3201167,3.201167,"funcionTransicion(Celula*, int, curandStateXORWOW*)",16,1024,63,0,88670208,8192
727,3121493434,3124805033,3311599,3.311599,"funcionTransicion(Celula*, int, curandStateXORWOW*)",16,1024,63,0,88670208,8192
728,3125623621,3129755120,4131499,4.131499,"funcionTransicion(Celula*, int, curandStateXORWOW*)",16,1024,63,0,88670208,8192
729,3130570156,3133969946,3399790,3.39979,"funcionTransicion(Celula*, int, curandStateXORWOW*)",16,1024,63,0,88670208,8192
730,3134786518,3139327999,4541481,4.541481,"funcionTransicion(Celula*, int, curandStateXORWOW*)",16,1024,63,0,88670208,8192
731,3140137403,3144258374,4120971,4.120971,"funcionTransicion(Celula*, int, curandStateXORWOW*)",16,1024,63,0,88670208,8192
732,3145072802,3149327885,4255083,4.255083,"funcionTransicion(Celula*, int, curandStateXORWOW*)",16,1024,63,0,88670208,8192
733,3150137993,3153922517,3784524,3.784524,"funcionTransicion(Celula*, int, curandStateXORWOW*)",16,1024,63,0,88670208,8192
734,3154739633,3158314943,3575310,3.57531,"funcionTransicion(Celula*, int, curandStateXORWOW*)",16,1024,63,0,88670208,8192
735,3159132475,3162771305,3638830,3.63883,"funcionTransicion(Celula*, int, curandStateXORWOW*)",16,1024,63,0,88670208,8192
736,3163583877,3166693621,3109744,3.109744,"funcionTransicion(Celula*, int, curandStateXORWOW*)",16,1024,63,0,88670208,8192
737,3167510449,3170573378,3062929,3.062929,"funcionTransicion(Celula*, int, curandStateXORWOW*)",16,1024,63,0,88670208,8192
738,3171391357,3175100267,3708910,3.70891,"funcionTransicion(Celula*, int, curandStateXORWOW*)",16,1024,63,0,88670208,8192
739,3175918630,3179448948,3530318,3.530318,"funcionTransicion(Celula*, int, curandStateXORWOW*)",16,1024,63,0,88670208,8192
740,3180268913,3183133922,2865009,2.865009,"funcionTransicion(Celula*, int, curandStateXORWOW*)",16,1024,63,0,88670208,8192
741,3183939998,3187493388,3553390,3.55339,"funcionTransicion(Celula*, int, curandStateXORWOW*)",16,1024,63,0,88670208,8192
742,3188306568,3191552504,3245936,3.245936,"funcionTransicion(Celula*, int, curandStateXORWOW*)",16,1024,63,0,88670208,8192
743,3192374803,3195856545,3481742,3.481742,"funcionTransicion(Celula*, int, curandStateXORWOW*)",16,1024,63,0,88670208,8192
744,3196671581,3200325675,3654094,3.654094,"funcionTransicion(Celula*, int, curandStateXORWOW*)",16,1024,63,0,88670208,8192
745,3201222279,3204449558,3227279,3.227279,"funcionTransicion(Celula*, int, curandStateXORWOW*)",16,1024,63,0,88670208,8192
746,3205260242,3208983871,3723629,3.723629,"funcionTransicion(Celula*, int, curandStateXORWOW*)",16,1024,63,0,88670208,8192
747,3209801947,3213639432,3837485,3.837485,"funcionTransicion(Celula*, int, curandStateXORWOW*)",16,1024,63,0,88670208,8192
748,3214461188,3218902861,4441673,4.441673,"funcionTransicion(Celula*, int, curandStateXORWOW*)",16,1024,63,0,88670208,8192
749,3219722601,3224200786,4478185,4.478185,"funcionTransicion(Celula*, int, curandStateXORWOW*)",16,1024,63,0,88670208,8192
750,3225010190,3229067706,4057516,4.057516,"funcionTransicion(Celula*, int, curandStateXORWOW*)",16,1024,63,0,88670208,8192
751,3229874966,3234244063,4369097,4.369097,"funcionTransicion(Celula*, int, curandStateXORWOW*)",16,1024,63,0,88670208,8192
752,3235060283,3238917736,3857453,3.857453,"funcionTransicion(Celula*, int, curandStateXORWOW*)",16,1024,63,0,88670208,8192
753,3239730596,3244678251,4947655,4.947655,"funcionTransicion(Celula*, int, curandStateXORWOW*)",16,1024,63,0,88670208,8192
754,3245497127,3249852209,4355082,4.355082,"funcionTransicion(Celula*, int, curandStateXORWOW*)",16,1024,63,0,88670208,8192
755,3250663020,3255189078,4526058,4.526058,"funcionTransicion(Celula*, int, curandStateXORWOW*)",16,1024,63,0,88670208,8192
756,3256001554,3260388155,4386601,4.386601,"funcionTransicion(Celula*, int, curandStateXORWOW*)",16,1024,63,0,88670208,8192
757,3261206327,3265125124,3918797,3.918797,"funcionTransicion(Celula*, int, curandStateXORWOW*)",16,1024,63,0,88670208,8192
758,3265935007,3269369518,3434511,3.434511,"funcionTransicion(Celula*, int, curandStateXORWOW*)",16,1024,63,0,88670208,8192
759,3270189034,3273688952,3499918,3.499918,"funcionTransicion(Celula*, int, curandStateXORWOW*)",16,1024,63,0,88670208,8192
760,3274504820,3278047138,3542318,3.542318,"funcionTransicion(Celula*, int, curandStateXORWOW*)",16,1024,63,0,88670208,8192
761,3278860830,3282426412,3565582,3.565582,"funcionTransicion(Celula*, int, curandStateXORWOW*)",16,1024,63,0,88670208,8192
762,3283237352,3287384531,4147179,4.147179,"funcionTransicion(Celula*, int, curandStateXORWOW*)",16,1024,63,0,88670208,8192
763,3288198831,3292052667,3853836,3.853836,"funcionTransicion(Celula*, int, curandStateXORWOW*)",16,1024,63,0,88670208,8192
764,3292864087,3296773187,3909100,3.9091,"funcionTransicion(Celula*, int, curandStateXORWOW*)",16,1024,63,0,88670208,8192
765,3297585407,3302044937,4459530,4.45953,"funcionTransicion(Celula*, int, curandStateXORWOW*)",16,1024,63,0,88670208,8192
766,3302862853,3306427027,3564174,3.564174,"funcionTransicion(Celula*, int, curandStateXORWOW*)",16,1024,63,0,88670208,8192
767,3307239631,3310993371,3753740,3.75374,"funcionTransicion(Celula*, int, curandStateXORWOW*)",16,1024,63,0,88670208,8192
768,3311819863,3315599812,3779949,3.779949,"funcionTransicion(Celula*, int, curandStateXORWOW*)",16,1024,63,0,88670208,8192
769,3316437504,3319934414,3496910,3.49691,"funcionTransicion(Celula*, int, curandStateXORWOW*)",16,1024,63,0,88670208,8192
770,3320753514,3325195156,4441642,4.441642,"funcionTransicion(Celula*, int, curandStateXORWOW*)",16,1024,63,0,88670208,8192
771,3326005552,3330385305,4379753,4.379753,"funcionTransicion(Celula*, int, curandStateXORWOW*)",16,1024,63,0,88670208,8192
772,3331201653,3335129954,3928301,3.928301,"funcionTransicion(Celula*, int, curandStateXORWOW*)",16,1024,63,0,88670208,8192
773,3335940926,3339830154,3889228,3.889228,"funcionTransicion(Celula*, int, curandStateXORWOW*)",16,1024,63,0,88670208,8192
774,3340638022,3344873136,4235114,4.235114,"funcionTransicion(Celula*, int, curandStateXORWOW*)",16,1024,63,0,88670208,8192
775,3345690668,3349639832,3949164,3.949164,"funcionTransicion(Celula*, int, curandStateXORWOW*)",16,1024,63,0,88670208,8192
776,3350455764,3354220513,3764749,3.764749,"funcionTransicion(Celula*, int, curandStateXORWOW*)",16,1024,63,0,88670208,8192
777,3355040125,3358292333,3252208,3.252208,"funcionTransicion(Celula*, int, curandStateXORWOW*)",16,1024,63,0,88670208,8192
778,3359104808,3362708406,3603598,3.603598,"funcionTransicion(Celula*, int, curandStateXORWOW*)",16,1024,63,0,88670208,8192
779,3363517362,3366909345,3391983,3.391983,"funcionTransicion(Celula*, int, curandStateXORWOW*)",16,1024,63,0,88670208,8192
780,3367724381,3371279083,3554702,3.554702,"funcionTransicion(Celula*, int, curandStateXORWOW*)",16,1024,63,0,88670208,8192
781,3372098983,3375530741,3431758,3.431758,"funcionTransicion(Celula*, int, curandStateXORWOW*)",16,1024,63,0,88670208,8192
782,3376347569,3379179683,2832114,2.832114,"funcionTransicion(Celula*, int, curandStateXORWOW*)",16,1024,63,0,88670208,8192
783,3379989599,3383314670,3325071,3.325071,"funcionTransicion(Celula*, int, curandStateXORWOW*)",16,1024,63,0,88670208,8192
784,3384133514,3387456505,3322991,3.322991,"funcionTransicion(Celula*, int, curandStateXORWOW*)",16,1024,63,0,88670208,8192
785,3388268117,3391299910,3031793,3.031793,"funcionTransicion(Celula*, int, curandStateXORWOW*)",16,1024,63,0,88670208,8192
786,3392106913,3395439249,3332336,3.332336,"funcionTransicion(Celula*, int, curandStateXORWOW*)",16,1024,63,0,88670208,8192
787,3396247021,3399749819,3502798,3.502798,"funcionTransicion(Celula*, int, curandStateXORWOW*)",16,1024,63,0,88670208,8192
788,3400560407,3403803719,3243312,3.243312,"funcionTransicion(Celula*, int, curandStateXORWOW*)",16,1024,63,0,88670208,8192
789,3404618466,3408003921,3385455,3.385455,"funcionTransicion(Celula*, int, curandStateXORWOW*)",16,1024,63,0,88670208,8192
790,3408811789,3412102972,3291183,3.291183,"funcionTransicion(Celula*, int, curandStateXORWOW*)",16,1024,63,0,88670208,8192
791,3412914616,3416778917,3864301,3.864301,"funcionTransicion(Celula*, int, curandStateXORWOW*)",16,1024,63,0,88670208,8192
792,3417590721,3420877232,3286511,3.286511,"funcionTransicion(Celula*, int, curandStateXORWOW*)",16,1024,63,0,88670208,8192
793,3421715948,3425050299,3334351,3.334351,"funcionTransicion(Celula*, int, curandStateXORWOW*)",16,1024,63,0,88670208,8192
794,3425864343,3429388965,3524622,3.524622,"funcionTransicion(Celula*, int, curandStateXORWOW*)",16,1024,63,0,88670208,8192
795,3430209217,3433659695,3450478,3.450478,"funcionTransicion(Celula*, int, curandStateXORWOW*)",16,1024,63,0,88670208,8192
796,3434469227,3438411384,3942157,3.942157,"funcionTransicion(Celula*, int, curandStateXORWOW*)",16,1024,63,0,88670208,8192
797,3439231603,3442418499,3186896,3.186896,"funcionTransicion(Celula*, int, curandStateXORWOW*)",16,1024,63,0,88670208,8192
798,3443225791,3446462287,3236496,3.236496,"funcionTransicion(Celula*, int, curandStateXORWOW*)",16,1024,63,0,88670208,8192
799,3447280971,3450366075,3085104,3.085104,"funcionTransicion(Celula*, int, curandStateXORWOW*)",16,1024,63,0,88670208,8192
800,3451182327,3454726277,3543950,3.54395,"funcionTransicion(Celula*, int, curandStateXORWOW*)",16,1024,63,0,88670208,8192
801,3455538401,3458301907,2763506,2.763506,"funcionTransicion(Celula*, int, curandStateXORWOW*)",16,1024,63,0,88670208,8192
802,3459121839,3462085760,2963921,2.963921,"funcionTransicion(Celula*, int, curandStateXORWOW*)",16,1024,63,0,88670208,8192
803,3462898492,3465677134,2778642,2.778642,"funcionTransicion(Celula*, int, curandStateXORWOW*)",16,1024,63,0,88670208,8192
804,3466496778,3469198268,2701490,2.70149,"funcionTransicion(Celula*, int, curandStateXORWOW*)",16,1024,63,0,88670208,8192
805,3470009400,3473402247,3392847,3.392847,"funcionTransicion(Celula*, int, curandStateXORWOW*)",16,1024,63,0,88670208,8192
806,3474215139,3477395570,3180431,3.180431,"funcionTransicion(Celula*, int, curandStateXORWOW*)",16,1024,63,0,88670208,8192
807,3478204334,3481256159,3051825,3.051825,"funcionTransicion(Celula*, int, curandStateXORWOW*)",16,1024,63,0,88670208,8192
808,3482072571,3485094507,3021936,3.021936,"funcionTransicion(Celula*, int, curandStateXORWOW*)",16,1024,63,0,88670208,8192
809,3485909959,3489126487,3216528,3.216528,"funcionTransicion(Celula*, int, curandStateXORWOW*)",16,1024,63,0,88670208,8192
810,3489941331,3493588929,3647598,3.647598,"funcionTransicion(Celula*, int, curandStateXORWOW*)",16,1024,63,0,88670208,8192
811,3494404028,3497988619,3584591,3.584591,"funcionTransicion(Celula*, int, curandStateXORWOW*)",16,1024,63,0,88670208,8192
812,3498816646,3502541203,3724557,3.724557,"funcionTransicion(Celula*, int, curandStateXORWOW*)",16,1024,63,0,88670208,8192
813,3503350511,3506215073,2864562,2.864562,"funcionTransicion(Celula*, int, curandStateXORWOW*)",16,1024,63,0,88670208,8192
814,3507023613,3510522955,3499342,3.499342,"funcionTransicion(Celula*, int, curandStateXORWOW*)",16,1024,63,0,88670208,8192
815,3511335847,3514366647,3030800,3.0308,"funcionTransicion(Celula*, int, curandStateXORWOW*)",16,1024,63,0,88670208,8192
816,3515172660,3518861697,3689037,3.689037,"funcionTransicion(Celula*, int, curandStateXORWOW*)",16,1024,63,0,88670208,8192
817,3519693917,3523078220,3384303,3.384303,"funcionTransicion(Celula*, int, curandStateXORWOW*)",16,1024,63,0,88670208,8192
818,3523895655,3527772148,3876493,3.876493,"funcionTransicion(Celula*, int, curandStateXORWOW*)",16,1024,63,0,88670208,8192
819,3528585488,3532709819,4124331,4.124331,"funcionTransicion(Celula*, int, curandStateXORWOW*)",16,1024,63,0,88670208,8192
820,3533524535,3537550594,4026059,4.026059,"funcionTransicion(Celula*, int, curandStateXORWOW*)",16,1024,63,0,88670208,8192
821,3538357790,3541864364,3506574,3.506574,"funcionTransicion(Celula*, int, curandStateXORWOW*)",16,1024,63,0,88670208,8192
822,3542682632,3545898616,3215984,3.215984,"funcionTransicion(Celula*, int, curandStateXORWOW*)",16,1024,63,0,88670208,8192
823,3546717172,3549893028,3175856,3.175856,"funcionTransicion(Celula*, int, curandStateXORWOW*)",16,1024,63,0,88670208,8192
824,3550706336,3554041519,3335183,3.335183,"funcionTransicion(Celula*, int, curandStateXORWOW*)",16,1024,63,0,88670208,8192
825,3554852395,3558207194,3354799,3.354799,"funcionTransicion(Celula*, int, curandStateXORWOW*)",16,1024,63,0,88670208,8192
826,3559012886,3562694371,3681485,3.681485,"funcionTransicion(Celula*, int, curandStateXORWOW*)",16,1024,63,0,88670208,8192
827,3563508479,3566718415,3209936,3.209936,"funcionTransicion(Celula*, int, curandStateXORWOW*)",16,1024,63,0,88670208,8192
828,3567526411,3570913690,3387279,3.387279,"funcionTransicion(Celula*, int, curandStateXORWOW*)",16,1024,63,0,88670208,8192
829,3571721334,3574905926,3184592,3.184592,"funcionTransicion(Celula*, int, curandStateXORWOW*)",16,1024,63,0,88670208,8192
830,3575717857,3578907697,3189840,3.18984,"funcionTransicion(Celula*, int, curandStateXORWOW*)",16,1024,63,0,88670208,8192
831,3579715021,3583179964,3464943,3.464943,"funcionTransicion(Celula*, int, curandStateXORWOW*)",16,1024,63,0,88670208,8192
832,3583992152,3587471142,3478990,3.47899,"funcionTransicion(Celula*, int, curandStateXORWOW*)",16,1024,63,0,88670208,8192
833,3588288706,3591680017,3391311,3.391311,"funcionTransicion(Celula*, int, curandStateXORWOW*)",16,1024,63,0,88670208,8192
834,3592496525,3595803772,3307247,3.307247,"funcionTransicion(Celula*, int, curandStateXORWOW*)",16,1024,63,0,88670208,8192
835,3596616952,3600403621,3786669,3.786669,"funcionTransicion(Celula*, int, curandStateXORWOW*)",16,1024,63,0,88670208,8192
836,3601221377,3604486032,3264655,3.264655,"funcionTransicion(Celula*, int, curandStateXORWOW*)",16,1024,63,0,88670208,8192
837,3605297036,3609195512,3898476,3.898476,"funcionTransicion(Celula*, int, curandStateXORWOW*)",16,1024,63,0,88670208,8192
838,3610007700,3614049567,4041867,4.041867,"funcionTransicion(Celula*, int, curandStateXORWOW*)",16,1024,63,0,88670208,8192
839,3614861436,3620053922,5192486,5.192486,"funcionTransicion(Celula*, int, curandStateXORWOW*)",16,1024,63,0,88670208,8192
840,3620874173,3624661866,3787693,3.787693,"funcionTransicion(Celula*, int, curandStateXORWOW*)",16,1024,63,0,88670208,8192
841,3702598816,3705809648,3210832,3.210832,"funcionTransicion(Celula*, int, curandStateXORWOW*)",16,1024,63,0,88670208,8192
842,3706621132,3710367801,3746669,3.746669,"funcionTransicion(Celula*, int, curandStateXORWOW*)",16,1024,63,0,88670208,8192
843,3711177205,3714837858,3660653,3.660653,"funcionTransicion(Celula*, int, curandStateXORWOW*)",16,1024,63,0,88670208,8192
844,3715651838,3719789257,4137419,4.137419,"funcionTransicion(Celula*, int, curandStateXORWOW*)",16,1024,63,0,88670208,8192
845,3720605061,3724493042,3887981,3.887981,"funcionTransicion(Celula*, int, curandStateXORWOW*)",16,1024,63,0,88670208,8192
846,3725302637,3728529309,3226672,3.226672,"funcionTransicion(Celula*, int, curandStateXORWOW*)",16,1024,63,0,88670208,8192
847,3729336281,3733009702,3673421,3.673421,"funcionTransicion(Celula*, int, curandStateXORWOW*)",16,1024,63,0,88670208,8192
848,3733824290,3737401360,3577070,3.57707,"funcionTransicion(Celula*, int, curandStateXORWOW*)",16,1024,63,0,88670208,8192
849,3738214476,3742134712,3920236,3.920236,"funcionTransicion(Celula*, int, curandStateXORWOW*)",16,1024,63,0,88670208,8192
850,3742939508,3746724897,3785389,3.785389,"funcionTransicion(Celula*, int, curandStateXORWOW*)",16,1024,63,0,88670208,8192
851,3747548605,3750981644,3433039,3.433039,"funcionTransicion(Celula*, int, curandStateXORWOW*)",16,1024,63,0,88670208,8192
852,3751791207,3755329654,3538447,3.538447,"funcionTransicion(Celula*, int, curandStateXORWOW*)",16,1024,63,0,88670208,8192
853,3756142034,3759966430,3824396,3.824396,"funcionTransicion(Celula*, int, curandStateXORWOW*)",16,1024,63,0,88670208,8192
854,3760784794,3763779627,2994833,2.994833,"funcionTransicion(Celula*, int, curandStateXORWOW*)",16,1024,63,0,88670208,8192
855,3764591047,3767651895,3060848,3.060848,"funcionTransicion(Celula*, int, curandStateXORWOW*)",16,1024,63,0,88670208,8192
856,3768457747,3772007713,3549966,3.549966,"funcionTransicion(Celula*, int, curandStateXORWOW*)",16,1024,63,0,88670208,8192
857,3772825853,3776031853,3206000,3.206,"funcionTransicion(Celula*, int, curandStateXORWOW*)",16,1024,63,0,88670208,8192
858,3776852617,3779918777,3066160,3.06616,"funcionTransicion(Celula*, int, curandStateXORWOW*)",16,1024,63,0,88670208,8192
859,3780735285,3784814336,4079051,4.079051,"funcionTransicion(Celula*, int, curandStateXORWOW*)",16,1024,63,0,88670208,8192
860,3785630556,3789596584,3966028,3.966028,"funcionTransicion(Celula*, int, curandStateXORWOW*)",16,1024,63,0,88670208,8192
861,3790410724,3793930898,3520174,3.520174,"funcionTransicion(Celula*, int, curandStateXORWOW*)",16,1024,63,0,88670208,8192
862,3794742542,3798759290,4016748,4.016748,"funcionTransicion(Celula*, int, curandStateXORWOW*)",16,1024,63,0,88670208,8192
863,3799571094,3803312547,3741453,3.741453,"funcionTransicion(Celula*, int, curandStateXORWOW*)",16,1024,63,0,88670208,8192
864,3804127519,3807969035,3841516,3.841516,"funcionTransicion(Celula*, int, curandStateXORWOW*)",16,1024,63,0,88670208,8192
865,3808821639,3812748147,3926508,3.926508,"funcionTransicion(Celula*, int, curandStateXORWOW*)",16,1024,63,0,88670208,8192
866,3813561167,3817985689,4424522,4.424522,"funcionTransicion(Celula*, int, curandStateXORWOW*)",16,1024,63,0,88670208,8192
867,3818802197,3822734913,3932716,3.932716,"funcionTransicion(Celula*, int, curandStateXORWOW*)",16,1024,63,0,88670208,8192
868,3823546557,3827134442,3587885,3.587885,"funcionTransicion(Celula*, int, curandStateXORWOW*)",16,1024,63,0,88670208,8192
869,3827951334,3831643476,3692142,3.692142,"funcionTransicion(Celula*, int, curandStateXORWOW*)",16,1024,63,0,88670208,8192
870,3832455856,3836917689,4461833,4.461833,"funcionTransicion(Celula*, int, curandStateXORWOW*)",16,1024,63,0,88670208,8192
871,3837729013,3841725569,3996556,3.996556,"funcionTransicion(Celula*, int, curandStateXORWOW*)",16,1024,63,0,88670208,8192
872,3842537853,3846456777,3918924,3.918924,"funcionTransicion(Celula*, int, curandStateXORWOW*)",16,1024,63,0,88670208,8192
873,3847259365,3851014802,3755437,3.755437,"funcionTransicion(Celula*, int, curandStateXORWOW*)",16,1024,63,0,88670208,8192
874,3851821198,3855933913,4112715,4.112715,"funcionTransicion(Celula*, int, curandStateXORWOW*)",16,1024,63,0,88670208,8192
875,3856745845,3860681313,3935468,3.935468,"funcionTransicion(Celula*, int, curandStateXORWOW*)",16,1024,63,0,88670208,8192
876,3861497053,3865694184,4197131,4.197131,"funcionTransicion(Celula*, int, curandStateXORWOW*)",16,1024,63,0,88670208,8192
877,3866511076,3870565679,4054603,4.054603,"funcionTransicion(Celula*, int, curandStateXORWOW*)",16,1024,63,0,88670208,8192
878,3871385995,3875169496,3783501,3.783501,"funcionTransicion(Celula*, int, curandStateXORWOW*)",16,1024,63,0,88670208,8192
879,3875983220,3880887291,4904071,4.904071,"funcionTransicion(Celula*, int, curandStateXORWOW*)",16,1024,63,0,88670208,8192
880,3881700055,3885518563,3818508,3.818508,"funcionTransicion(Celula*, int, curandStateXORWOW*)",16,1024,63,0,88670208,8192
881,3886334879,3891825476,5490597,5.490597,"funcionTransicion(Celula*, int, curandStateXORWOW*)",16,1024,63,0,88670208,8192
882,3892641727,3896755243,4113516,4.113516,"funcionTransicion(Celula*, int, curandStateXORWOW*)",16,1024,63,0,88670208,8192
883,3897575207,3902520045,4944838,4.944838,"funcionTransicion(Celula*, int, curandStateXORWOW*)",16,1024,63,0,88670208,8192
884,3903334281,3907681523,4347242,4.347242,"funcionTransicion(Celula*, int, curandStateXORWOW*)",16,1024,63,0,88670208,8192
885,3908498639,3913647893,5149254,5.149254,"funcionTransicion(Celula*, int, curandStateXORWOW*)",16,1024,63,0,88670208,8192
886,3914455697,3918655484,4199787,4.199787,"funcionTransicion(Celula*, int, curandStateXORWOW*)",16,1024,63,0,88670208,8192
887,3919471256,3923469795,3998539,3.998539,"funcionTransicion(Celula*, int, curandStateXORWOW*)",16,1024,63,0,88670208,8192
888,3924279647,3928951272,4671625,4.671625,"funcionTransicion(Celula*, int, curandStateXORWOW*)",16,1024,63,0,88670208,8192
889,3929782020,3934322477,4540457,4.540457,"funcionTransicion(Celula*, int, curandStateXORWOW*)",16,1024,63,0,88670208,8192
890,3935139336,3939253652,4114316,4.114316,"funcionTransicion(Celula*, int, curandStateXORWOW*)",16,1024,63,0,88670208,8192
891,3940067760,3944171195,4103435,4.103435,"funcionTransicion(Celula*, int, curandStateXORWOW*)",16,1024,63,0,88670208,8192
892,3944990583,3949630080,4639497,4.639497,"funcionTransicion(Celula*, int, curandStateXORWOW*)",16,1024,63,0,88670208,8192
893,3950439899,3954361480,3921581,3.921581,"funcionTransicion(Celula*, int, curandStateXORWOW*)",16,1024,63,0,88670208,8192
894,3955184419,3958870449,3686030,3.68603,"funcionTransicion(Celula*, int, curandStateXORWOW*)",16,1024,63,0,88670208,8192
895,3959685132,3964163318,4478186,4.478186,"funcionTransicion(Celula*, int, curandStateXORWOW*)",16,1024,63,0,88670208,8192
896,3964978770,3969290140,4311370,4.31137,"funcionTransicion(Celula*, int, curandStateXORWOW*)",16,1024,63,0,88670208,8192
897,3970106904,3973995588,3888684,3.888684,"funcionTransicion(Celula*, int, curandStateXORWOW*)",16,1024,63,0,88670208,8192
898,3974808224,3978200143,3391919,3.391919,"funcionTransicion(Celula*, int, curandStateXORWOW*)",16,1024,63,0,88670208,8192
899,3979014539,3983210550,4196011,4.196011,"funcionTransicion(Celula*, int, curandStateXORWOW*)",16,1024,63,0,88670208,8192
900,3984030321,3988035517,4005196,4.005196,"funcionTransicion(Celula*, int, curandStateXORWOW*)",16,1024,63,0,88670208,8192
901,3988857433,3993325346,4467913,4.467913,"funcionTransicion(Celula*, int, curandStateXORWOW*)",16,1024,63,0,88670208,8192
902,3994129150,3998754471,4625321,4.625321,"funcionTransicion(Celula*, int, curandStateXORWOW*)",16,1024,63,0,88670208,8192
903,3999564259,4004065708,4501449,4.501449,"funcionTransicion(Celula*, int, curandStateXORWOW*)",16,1024,63,0,88670208,8192
904,4004882792,4009700016,4817224,4.817224,"funcionTransicion(Celula*, int, curandStateXORWOW*)",16,1024,63,0,88670208,8192
905,4010518252,4014472760,3954508,3.954508,"funcionTransicion(Celula*, int, curandStateXORWOW*)",16,1024,63,0,88670208,8192
906,4015290867,4019119488,3828621,3.828621,"funcionTransicion(Celula*, int, curandStateXORWOW*)",16,1024,63,0,88670208,8192
907,4019932316,4023811752,3879436,3.879436,"funcionTransicion(Celula*, int, curandStateXORWOW*)",16,1024,63,0,88670208,8192
908,4024622948,4029631243,5008295,5.008295,"funcionTransicion(Celula*, int, curandStateXORWOW*)",16,1024,63,0,88670208,8192
909,4030450407,4034829872,4379465,4.379465,"funcionTransicion(Celula*, int, curandStateXORWOW*)",16,1024,63,0,88670208,8192
910,4035647628,4039917815,4270187,4.270187,"funcionTransicion(Celula*, int, curandStateXORWOW*)",16,1024,63,0,88670208,8192
911,4040733427,4044906302,4172875,4.172875,"funcionTransicion(Celula*, int, curandStateXORWOW*)",16,1024,63,0,88670208,8192
912,4045728122,4049350503,3622381,3.622381,"funcionTransicion(Celula*, int, curandStateXORWOW*)",16,1024,63,0,88670208,8192
913,4050231587,4053881905,3650318,3.650318,"funcionTransicion(Celula*, int, curandStateXORWOW*)",16,1024,63,0,88670208,8192
914,4054689260,4058802391,4113131,4.113131,"funcionTransicion(Celula*, int, curandStateXORWOW*)",16,1024,63,0,88670208,8192
915,4059619891,4063887710,4267819,4.267819,"funcionTransicion(Celula*, int, curandStateXORWOW*)",16,1024,63,0,88670208,8192
916,4064701594,4068840229,4138635,4.138635,"funcionTransicion(Celula*, int, curandStateXORWOW*)",16,1024,63,0,88670208,8192
917,4069662305,4075504451,5842146,5.842146,"funcionTransicion(Celula*, int, curandStateXORWOW*)",16,1024,63,0,88670208,8192
918,4076321407,4081435653,5114246,5.114246,"funcionTransicion(Celula*, int, curandStateXORWOW*)",16,1024,63,0,88670208,8192
919,4082259233,4086566763,4307530,4.30753,"funcionTransicion(Celula*, int, curandStateXORWOW*)",16,1024,63,0,88670208,8192
920,4087382183,4091449394,4067211,4.067211,"funcionTransicion(Celula*, int, curandStateXORWOW*)",16,1024,63,0,88670208,8192
921,4092268590,4096730296,4461706,4.461706,"funcionTransicion(Celula*, int, curandStateXORWOW*)",16,1024,63,0,88670208,8192
922,4097549460,4102048957,4499497,4.499497,"funcionTransicion(Celula*, int, curandStateXORWOW*)",16,1024,63,0,88670208,8192
923,4102872313,4106991876,4119563,4.119563,"funcionTransicion(Celula*, int, curandStateXORWOW*)",16,1024,63,0,88670208,8192
924,4107806176,4112813255,5007079,5.007079,"funcionTransicion(Celula*, int, curandStateXORWOW*)",16,1024,63,0,88670208,8192
925,4113626722,4118281131,4654409,4.654409,"funcionTransicion(Celula*, int, curandStateXORWOW*)",16,1024,63,0,88670208,8192
926,4119099463,4123398385,4298922,4.298922,"funcionTransicion(Celula*, int, curandStateXORWOW*)",16,1024,63,0,88670208,8192
927,4124210637,4128130809,3920172,3.920172,"funcionTransicion(Celula*, int, curandStateXORWOW*)",16,1024,63,0,88670208,8192
928,4128944405,4133128896,4184491,4.184491,"funcionTransicion(Celula*, int, curandStateXORWOW*)",16,1024,63,0,88670208,8192
929,4133943036,4138421893,4478857,4.478857,"funcionTransicion(Celula*, int, curandStateXORWOW*)",16,1024,63,0,88670208,8192
930,4139240481,4143880809,4640328,4.640328,"funcionTransicion(Celula*, int, curandStateXORWOW*)",16,1024,63,0,88670208,8192
931,4144694405,4150308041,5613636,5.613636,"funcionTransicion(Celula*, int, curandStateXORWOW*)",16,1024,63,0,88670208,8192
932,4151121637,4156263819,5142182,5.142182,"funcionTransicion(Celula*, int, curandStateXORWOW*)",16,1024,63,0,88670208,8192
933,4157081703,4161342641,4260938,4.260938,"funcionTransicion(Celula*, int, curandStateXORWOW*)",16,1024,63,0,88670208,8192
934,4162172493,4167391122,5218629,5.218629,"funcionTransicion(Celula*, int, curandStateXORWOW*)",16,1024,63,0,88670208,8192
935,4168210575,4173816530,5605955,5.605955,"funcionTransicion(Celula*, int, curandStateXORWOW*)",16,1024,63,0,88670208,8192
936,4174634062,4180145426,5511364,5.511364,"funcionTransicion(Celula*, int, curandStateXORWOW*)",16,1024,63,0,88670208,8192
937,4181002958,4185864789,4861831,4.861831,"funcionTransicion(Celula*, int, curandStateXORWOW*)",16,1024,63,0,88670208,8192
938,4186677009,4191356569,4679560,4.67956,"funcionTransicion(Celula*, int, curandStateXORWOW*)",16,1024,63,0,88670208,8192
939,4192173557,4198635285,6461728,6.461728,"funcionTransicion(Celula*, int, curandStateXORWOW*)",16,1024,63,0,88670208,8192
940,4199447537,4205669777,6222240,6.22224,"funcionTransicion(Celula*, int, curandStateXORWOW*)",16,1024,63,0,88670208,8192
941,4206485965,4212199440,5713475,5.713475,"funcionTransicion(Celula*, int, curandStateXORWOW*)",16,1024,63,0,88670208,8192
942,4213019660,4218932910,5913250,5.91325,"funcionTransicion(Celula*, int, curandStateXORWOW*)",16,1024,63,0,88670208,8192
943,4219751274,4225507021,5755747,5.755747,"funcionTransicion(Celula*, int, curandStateXORWOW*)",16,1024,63,0,88670208,8192
944,4226321897,4231458607,5136710,5.13671,"funcionTransicion(Celula*, int, curandStateXORWOW*)",16,1024,63,0,88670208,8192
945,4232282282,4236305206,4022924,4.022924,"funcionTransicion(Celula*, int, curandStateXORWOW*)",16,1024,63,0,88670208,8192
946,4237119058,4241240637,4121579,4.121579,"funcionTransicion(Celula*, int, curandStateXORWOW*)",16,1024,63,0,88670208,8192
947,4242060793,4247044096,4983303,4.983303,"funcionTransicion(Celula*, int, curandStateXORWOW*)",16,1024,63,0,88670208,8192
948,4247861852,4252766595,4904743,4.904743,"funcionTransicion(Celula*, int, curandStateXORWOW*)",16,1024,63,0,88670208,8192
949,4253585567,4258619462,5033895,5.033895,"funcionTransicion(Celula*, int, curandStateXORWOW*)",16,1024,63,0,88670208,8192
950,4259433729,4264189289,4755560,4.75556,"funcionTransicion(Celula*, int, curandStateXORWOW*)",16,1024,63,0,88670208,8192
951,4265003461,4270331242,5327781,5.327781,"funcionTransicion(Celula*, int, curandStateXORWOW*)",16,1024,63,0,88670208,8192
952,4271151398,4277046056,5894658,5.894658,"funcionTransicion(Celula*, int, curandStateXORWOW*)",16,1024,63,0,88670208,8192
953,4277864996,4281946831,4081835,4.081835,"funcionTransicion(Celula*, int, curandStateXORWOW*)",16,1024,63,0,88670208,8192
954,4282770891,4287877042,5106151,5.106151,"funcionTransicion(Celula*, int, curandStateXORWOW*)",16,1024,63,0,88670208,8192
955,4288689613,4293248247,4558634,4.558634,"funcionTransicion(Celula*, int, curandStateXORWOW*)",16,1024,63,0,88670208,8192
956,4294062290,4299223640,5161350,5.16135,"funcionTransicion(Celula*, int, curandStateXORWOW*)",16,1024,63,0,88670208,8192
957,4300033780,4305464089,5430309,5.430309,"funcionTransicion(Celula*, int, curandStateXORWOW*)",16,1024,63,0,88670208,8192
958,4306282325,4312721940,6439615,6.439615,"funcionTransicion(Celula*, int, curandStateXORWOW*)",16,1024,63,0,88670208,8192
959,4313534960,4318219640,4684680,4.68468,"funcionTransicion(Celula*, int, curandStateXORWOW*)",16,1024,63,0,88670208,8192
960,4319044532,4323784092,4739560,4.73956,"funcionTransicion(Celula*, int, curandStateXORWOW*)",16,1024,63,0,88670208,8192
961,4402056080,4407410133,5354053,5.354053,"funcionTransicion(Celula*, int, curandStateXORWOW*)",16,1024,63,0,88670208,8192
962,4408223601,4414420818,6197217,6.197217,"funcionTransicion(Celula*, int, curandStateXORWOW*)",16,1024,63,0,88670208,8192
963,4415230190,4420685170,5454980,5.45498,"funcionTransicion(Celula*, int, curandStateXORWOW*)",16,1024,63,0,88670208,8192
964,4421500910,4427851886,6350976,6.350976,"funcionTransicion(Celula*, int, curandStateXORWOW*)",16,1024,63,0,88670208,8192
965,4428662122,4434050575,5388453,5.388453,"funcionTransicion(Celula*, int, curandStateXORWOW*)",16,1024,63,0,88670208,8192
966,4434865482,4440951500,6086018,6.086018,"funcionTransicion(Celula*, int, curandStateXORWOW*)",16,1024,63,0,88670208,8192
967,4441760712,4448374950,6614238,6.614238,"funcionTransicion(Celula*, int, curandStateXORWOW*)",16,1024,63,0,88670208,8192
968,4449185122,4455595938,6410816,6.410816,"funcionTransicion(Celula*, int, curandStateXORWOW*)",16,1024,63,0,88670208,8192
969,4456416190,4462364319,5948129,5.948129,"funcionTransicion(Celula*, int, curandStateXORWOW*)",16,1024,63,0,88670208,8192
970,4463177659,4468345985,5168326,5.168326,"funcionTransicion(Celula*, int, curandStateXORWOW*)",16,1024,63,0,88670208,8192
971,4469162493,4474795361,5632868,5.632868,"funcionTransicion(Celula*, int, curandStateXORWOW*)",16,1024,63,0,88670208,8192
972,4475612092,4480958753,5346661,5.346661,"funcionTransicion(Celula*, int, curandStateXORWOW*)",16,1024,63,0,88670208,8192
973,4481767805,4487238690,5470885,5.470885,"funcionTransicion(Celula*, int, curandStateXORWOW*)",16,1024,63,0,88670208,8192
974,4488054974,4493683297,5628323,5.628323,"funcionTransicion(Celula*, int, curandStateXORWOW*)",16,1024,63,0,88670208,8192
975,4494499997,4500243392,5743395,5.743395,"funcionTransicion(Celula*, int, curandStateXORWOW*)",16,1024,63,0,88670208,8192
976,4501059420,4505925827,4866407,4.866407,"funcionTransicion(Celula*, int, curandStateXORWOW*)",16,1024,63,0,88670208,8192
977,4506744479,4513229694,6485215,6.485215,"funcionTransicion(Celula*, int, curandStateXORWOW*)",16,1024,63,0,88670208,8192
978,4514043514,4520006236,5962722,5.962722,"funcionTransicion(Celula*, int, curandStateXORWOW*)",16,1024,63,0,88670208,8192
979,4520816280,4526840954,6024674,6.024674,"funcionTransicion(Celula*, int, curandStateXORWOW*)",16,1024,63,0,88670208,8192
980,4527653494,4533257945,5604451,5.604451,"funcionTransicion(Celula*, int, curandStateXORWOW*)",16,1024,63,0,88670208,8192
981,4534067957,4539058876,4990919,4.990919,"funcionTransicion(Celula*, int, curandStateXORWOW*)",16,1024,63,0,88670208,8192
982,4539879608,4545325244,5445636,5.445636,"funcionTransicion(Celula*, int, curandStateXORWOW*)",16,1024,63,0,88670208,8192
983,4546142360,4550786208,4643848,4.643848,"funcionTransicion(Celula*, int, curandStateXORWOW*)",16,1024,63,0,88670208,8192
984,4551597884,4557078561,5480677,5.480677,"funcionTransicion(Celula*, int, curandStateXORWOW*)",16,1024,63,0,88670208,8192
985,4557947389,4563385665,5438276,5.438276,"funcionTransicion(Celula*, int, curandStateXORWOW*)",16,1024,63,0,88670208,8192
986,4564201533,4569535682,5334149,5.334149,"funcionTransicion(Celula*, int, curandStateXORWOW*)",16,1024,63,0,88670208,8192
987,4570349310,4575803874,5454564,5.454564,"funcionTransicion(Celula*, int, curandStateXORWOW*)",16,1024,63,0,88670208,8192
988,4576624062,4582012003,5387941,5.387941,"funcionTransicion(Celula*, int, curandStateXORWOW*)",16,1024,63,0,88670208,8192
989,4582829695,4587662694,4832999,4.832999,"funcionTransicion(Celula*, int, curandStateXORWOW*)",16,1024,63,0,88670208,8192
990,4588472226,4593662664,5190438,5.190438,"funcionTransicion(Celula*, int, curandStateXORWOW*)",16,1024,63,0,88670208,8192
991,4594479652,4600307686,5828034,5.828034,"funcionTransicion(Celula*, int, curandStateXORWOW*)",16,1024,63,0,88670208,8192
992,4601122466,4607292131,6169665,6.169665,"funcionTransicion(Celula*, int, curandStateXORWOW*)",16,1024,63,0,88670208,8192
993,4608099199,4613911041,5811842,5.811842,"funcionTransicion(Celula*, int, curandStateXORWOW*)",16,1024,63,0,88670208,8192
994,4614724925,4620109378,5384453,5.384453,"funcionTransicion(Celula*, int, curandStateXORWOW*)",16,1024,63,0,88670208,8192
995,4620927294,4626682721,5755427,5.755427,"funcionTransicion(Celula*, int, curandStateXORWOW*)",16,1024,63,0,88670208,8192
996,4627500605,4633819645,6319040,6.31904,"funcionTransicion(Celula*, int, curandStateXORWOW*)",16,1024,63,0,88670208,8192
997,4634627609,4640615578,5987969,5.987969,"funcionTransicion(Celula*, int, curandStateXORWOW*)",16,1024,63,0,88670208,8192
998,4641427862,4648225556,6797694,6.797694,"funcionTransicion(Celula*, int, curandStateXORWOW*)",16,1024,63,0,88670208,8192
999,4649037552,4654487637,5450085,5.450085,"funcionTransicion(Celula*, int, curandStateXORWOW*)",16,1024,63,0,88670208,8192
1000,4655304464,4661076755,5772291,5.772291,"funcionTransicion(Celula*, int, curandStateXORWOW*)",16,1024,63,0,88670208,8192
1001,4661890543,4667636658,5746115,5.746115,"funcionTransicion(Celula*, int, curandStateXORWOW*)",16,1024,63,0,88670208,8192
1002,4668451982,4674146161,5694179,5.694179,"funcionTransicion(Celula*, int, curandStateXORWOW*)",16,1024,63,0,88670208,8192
1003,4674952589,4680100915,5148326,5.148326,"funcionTransicion(Celula*, int, curandStateXORWOW*)",16,1024,63,0,88670208,8192
1004,4680915887,4686602418,5686531,5.686531,"funcionTransicion(Celula*, int, curandStateXORWOW*)",16,1024,63,0,88670208,8192
1005,4687430606,4692887378,5456772,5.456772,"funcionTransicion(Celula*, int, curandStateXORWOW*)",16,1024,63,0,88670208,8192
1006,4693699758,4698880180,5180422,5.180422,"funcionTransicion(Celula*, int, curandStateXORWOW*)",16,1024,63,0,88670208,8192
1007,4699690896,4704314361,4623465,4.623465,"funcionTransicion(Celula*, int, curandStateXORWOW*)",16,1024,63,0,88670208,8192
1008,4705130324,4709648349,4518025,4.518025,"funcionTransicion(Celula*, int, curandStateXORWOW*)",16,1024,63,0,88670208,8192
1009,4710482809,4715468800,4985991,4.985991,"funcionTransicion(Celula*, int, curandStateXORWOW*)",16,1024,63,0,88670208,8192
1010,4716289628,4720927716,4638088,4.638088,"funcionTransicion(Celula*, int, curandStateXORWOW*)",16,1024,63,0,88670208,8192
1011,4721743425,4727160325,5416900,5.4169,"funcionTransicion(Celula*, int, curandStateXORWOW*)",16,1024,63,0,88670208,8192
1012,4727969537,4733180775,5211238,5.211238,"funcionTransicion(Celula*, int, curandStateXORWOW*)",16,1024,63,0,88670208,8192
1013,4734003778,4738438412,4434634,4.434634,"funcionTransicion(Celula*, int, curandStateXORWOW*)",16,1024,63,0,88670208,8192
1014,4739257032,4743686769,4429737,4.429737,"funcionTransicion(Celula*, int, curandStateXORWOW*)",16,1024,63,0,88670208,8192
1015,4744505133,4749767763,5262630,5.26263,"funcionTransicion(Celula*, int, curandStateXORWOW*)",16,1024,63,0,88670208,8192
1016,4750589423,4756085715,5496292,5.496292,"funcionTransicion(Celula*, int, curandStateXORWOW*)",16,1024,63,0,88670208,8192
1017,4756908239,4762027733,5119494,5.119494,"funcionTransicion(Celula*, int, curandStateXORWOW*)",16,1024,63,0,88670208,8192
1018,4762848177,4767811863,4963686,4.963686,"funcionTransicion(Celula*, int, curandStateXORWOW*)",16,1024,63,0,88670208,8192
1019,4768625875,4774102008,5476133,5.476133,"funcionTransicion(Celula*, int, curandStateXORWOW*)",16,1024,63,0,88670208,8192
1020,4774907860,4779875003,4967143,4.967143,"funcionTransicion(Celula*, int, curandStateXORWOW*)",16,1024,63,0,88670208,8192
1021,4780690806,4785911132,5220326,5.220326,"funcionTransicion(Celula*, int, curandStateXORWOW*)",16,1024,63,0,88670208,8192
1022,4786722328,4792109757,5387429,5.387429,"funcionTransicion(Celula*, int, curandStateXORWOW*)",16,1024,63,0,88670208,8192
1023,4792925433,4797429506,4504073,4.504073,"funcionTransicion(Celula*, int, curandStateXORWOW*)",16,1024,63,0,88670208,8192
1024,4798245630,4803903585,5657955,5.657955,"funcionTransicion(Celula*, int, curandStateXORWOW*)",16,1024,63,0,88670208,8192
1025,4804725341,4810302081,5576740,5.57674,"funcionTransicion(Celula*, int, curandStateXORWOW*)",16,1024,63,0,88670208,8192
1026,4811121981,4816904096,5782115,5.782115,"funcionTransicion(Celula*, int, curandStateXORWOW*)",16,1024,63,0,88670208,8192
1027,4817717339,4822780258,5062919,5.062919,"funcionTransicion(Celula*, int, curandStateXORWOW*)",16,1024,63,0,88670208,8192
1028,4823602558,4829488800,5886242,5.886242,"funcionTransicion(Celula*, int, curandStateXORWOW*)",16,1024,63,0,88670208,8192
1029,4830308891,4834982820,4673929,4.673929,"funcionTransicion(Celula*, int, curandStateXORWOW*)",16,1024,63,0,88670208,8192
1030,4835793120,4840541800,4748680,4.74868,"funcionTransicion(Celula*, int, curandStateXORWOW*)",16,1024,63,0,88670208,8192
1031,4841356452,4847038375,5681923,5.681923,"funcionTransicion(Celula*, int, curandStateXORWOW*)",16,1024,63,0,88670208,8192
1032,4847850787,4853012649,5161862,5.161862,"funcionTransicion(Celula*, int, curandStateXORWOW*)",16,1024,63,0,88670208,8192
1033,4853846853,4859609768,5762915,5.762915,"funcionTransicion(Celula*, int, curandStateXORWOW*)",16,1024,63,0,88670208,8192
1034,4860423747,4866736867,6313120,6.31312,"funcionTransicion(Celula*, int, curandStateXORWOW*)",16,1024,63,0,88670208,8192
1035,4867556479,4873125891,5569412,5.569412,"funcionTransicion(Celula*, int, curandStateXORWOW*)",16,1024,63,0,88670208,8192
1036,4873946335,4879840577,5894242,5.894242,"funcionTransicion(Celula*, int, curandStateXORWOW*)",16,1024,63,0,88670208,8192
1037,4880655837,4886348641,5692804,5.692804,"funcionTransicion(Celula*, int, curandStateXORWOW*)",16,1024,63,0,88670208,8192
1038,4887166940,4893246302,6079362,6.079362,"funcionTransicion(Celula*, int, curandStateXORWOW*)",16,1024,63,0,88670208,8192
1039,4894063929,4899345823,5281894,5.281894,"funcionTransicion(Celula*, int, curandStateXORWOW*)",16,1024,63,0,88670208,8192
1040,4900162779,4905517216,5354437,5.354437,"funcionTransicion(Celula*, int, curandStateXORWOW*)",16,1024,63,0,88670208,8192
1041,4906329947,4912374269,6044322,6.044322,"funcionTransicion(Celula*, int, curandStateXORWOW*)",16,1024,63,0,88670208,8192
1042,4913196313,4918914972,5718659,5.718659,"funcionTransicion(Celula*, int, curandStateXORWOW*)",16,1024,63,0,88670208,8192
1043,4919729528,4925251196,5521668,5.521668,"funcionTransicion(Celula*, int, curandStateXORWOW*)",16,1024,63,0,88670208,8192
1044,4926067287,4931810011,5742724,5.742724,"funcionTransicion(Celula*, int, curandStateXORWOW*)",16,1024,63,0,88670208,8192
1045,4932631254,4937229567,4598313,4.598313,"funcionTransicion(Celula*, int, curandStateXORWOW*)",16,1024,63,0,88670208,8192
1046,4938045499,4944021213,5975714,5.975714,"funcionTransicion(Celula*, int, curandStateXORWOW*)",16,1024,63,0,88670208,8192
1047,4944837465,4950316637,5479172,5.479172,"funcionTransicion(Celula*, int, curandStateXORWOW*)",16,1024,63,0,88670208,8192
1048,4951136985,4958629107,7492122,7.492122,"funcionTransicion(Celula*, int, curandStateXORWOW*)",16,1024,63,0,88670208,8192
1049,4959442831,4965656879,6214048,6.214048,"funcionTransicion(Celula*, int, curandStateXORWOW*)",16,1024,63,0,88670208,8192
1050,4966472459,4972138351,5665892,5.665892,"funcionTransicion(Celula*, int, curandStateXORWOW*)",16,1024,63,0,88670208,8192
1051,4972952330,4978793517,5841187,5.841187,"funcionTransicion(Celula*, int, curandStateXORWOW*)",16,1024,63,0,88670208,8192
1052,4979617033,4986289351,6672318,6.672318,"funcionTransicion(Celula*, int, curandStateXORWOW*)",16,1024,63,0,88670208,8192
1053,4987107715,4992921445,5813730,5.81373,"funcionTransicion(Celula*, int, curandStateXORWOW*)",16,1024,63,0,88670208,8192
1054,4993739714,4999532996,5793282,5.793282,"funcionTransicion(Celula*, int, curandStateXORWOW*)",16,1024,63,0,88670208,8192
1055,5000349184,5006603584,6254400,6.2544,"funcionTransicion(Celula*, int, curandStateXORWOW*)",16,1024,63,0,88670208,8192
1056,5007421852,5012520963,5099111,5.099111,"funcionTransicion(Celula*, int, curandStateXORWOW*)",16,1024,63,0,88670208,8192
1057,5013359870,5018452869,5092999,5.092999,"funcionTransicion(Celula*, int, curandStateXORWOW*)",16,1024,63,0,88670208,8192
1058,5019266848,5024027432,4760584,4.760584,"funcionTransicion(Celula*, int, curandStateXORWOW*)",16,1024,63,0,88670208,8192
1059,5024837060,5030361096,5524036,5.524036,"funcionTransicion(Celula*, int, curandStateXORWOW*)",16,1024,63,0,88670208,8192
1060,5031177508,5036247338,5069830,5.06983,"funcionTransicion(Celula*, int, curandStateXORWOW*)",16,1024,63,0,88670208,8192
1061,5037060134,5042201869,5141735,5.141735,"funcionTransicion(Celula*, int, curandStateXORWOW*)",16,1024,63,0,88670208,8192
1062,5043023176,5048316238,5293062,5.293062,"funcionTransicion(Celula*, int, curandStateXORWOW*)",16,1024,63,0,88670208,8192
1063,5049135850,5053665619,4529769,4.529769,"funcionTransicion(Celula*, int, curandStateXORWOW*)",16,1024,63,0,88670208,8192
1064,5054490798,5059410870,4920072,4.920072,"funcionTransicion(Celula*, int, curandStateXORWOW*)",16,1024,63,0,88670208,8192
1065,5060228562,5066295283,6066721,6.066721,"funcionTransicion(Celula*, int, curandStateXORWOW*)",16,1024,63,0,88670208,8192
1066,5067113454,5072409588,5296134,5.296134,"funcionTransicion(Celula*, int, curandStateXORWOW*)",16,1024,63,0,88670208,8192
1067,5073229104,5078393494,5164390,5.16439,"funcionTransicion(Celula*, int, curandStateXORWOW*)",16,1024,63,0,88670208,8192
1068,5079211793,5083978105,4766312,4.766312,"funcionTransicion(Celula*, int, curandStateXORWOW*)",16,1024,63,0,88670208,8192
1069,5084792533,5091466579,6674046,6.674046,"funcionTransicion(Celula*, int, curandStateXORWOW*)",16,1024,63,0,88670208,8192
1070,5092285999,5098205297,5919298,5.919298,"funcionTransicion(Celula*, int, curandStateXORWOW*)",16,1024,63,0,88670208,8192
1071,5099021101,5104450354,5429253,5.429253,"funcionTransicion(Celula*, int, curandStateXORWOW*)",16,1024,63,0,88670208,8192
1072,5105275598,5110685938,5410340,5.41034,"funcionTransicion(Celula*, int, curandStateXORWOW*)",16,1024,63,0,88670208,8192
1073,5111496814,5116563349,5066535,5.066535,"funcionTransicion(Celula*, int, curandStateXORWOW*)",16,1024,63,0,88670208,8192
1074,5117378640,5122739797,5361157,5.361157,"funcionTransicion(Celula*, int, curandStateXORWOW*)",16,1024,63,0,88670208,8192
1075,5123551377,5128896438,5345061,5.345061,"funcionTransicion(Celula*, int, curandStateXORWOW*)",16,1024,63,0,88670208,8192
1076,5129717394,5134768793,5051399,5.051399,"funcionTransicion(Celula*, int, curandStateXORWOW*)",16,1024,63,0,88670208,8192
1077,5135596276,5141138456,5542180,5.54218,"funcionTransicion(Celula*, int, curandStateXORWOW*)",16,1024,63,0,88670208,8192
1078,5141956212,5148481459,6525247,6.525247,"funcionTransicion(Celula*, int, curandStateXORWOW*)",16,1024,63,0,88670208,8192
1079,5149304559,5154611540,5306981,5.306981,"funcionTransicion(Celula*, int, curandStateXORWOW*)",16,1024,63,0,88670208,8192
1080,5155438544,5161043764,5605220,5.60522,"funcionTransicion(Celula*, int, curandStateXORWOW*)",16,1024,63,0,88670208,8192
1081,5242026362,5247318400,5292038,5.292038,"funcionTransicion(Celula*, int, curandStateXORWOW*)",16,1024,63,0,88670208,8192
1082,5248144379,5253947326,5802947,5.802947,"funcionTransicion(Celula*, int, curandStateXORWOW*)",16,1024,63,0,88670208,8192
1083,5254758458,5260893851,6135393,6.135393,"funcionTransicion(Celula*, int, curandStateXORWOW*)",16,1024,63,0,88670208,8192
1084,5261706263,5267387610,5681347,5.681347,"funcionTransicion(Celula*, int, curandStateXORWOW*)",16,1024,63,0,88670208,8192
1085,5268211574,5274192184,5980610,5.98061,"funcionTransicion(Celula*, int, curandStateXORWOW*)",16,1024,63,0,88670208,8192
1086,5275006675,5281238740,6232065,6.232065,"funcionTransicion(Celula*, int, curandStateXORWOW*)",16,1024,63,0,88670208,8192
1087,5282063504,5289713065,7649561,7.649561,"funcionTransicion(Celula*, int, curandStateXORWOW*)",16,1024,63,0,88670208,8192
1088,5290536261,5295923434,5387173,5.387173,"funcionTransicion(Celula*, int, curandStateXORWOW*)",16,1024,63,0,88670208,8192
1089,5296741926,5301425134,4683208,4.683208,"funcionTransicion(Celula*, int, curandStateXORWOW*)",16,1024,63,0,88670208,8192
1090,5302247178,5307680431,5433253,5.433253,"funcionTransicion(Celula*, int, curandStateXORWOW*)",16,1024,63,0,88670208,8192
1091,5308503467,5313877583,5374116,5.374116,"funcionTransicion(Celula*, int, curandStateXORWOW*)",16,1024,63,0,88670208,8192
1092,5314691915,5320421614,5729699,5.729699,"funcionTransicion(Celula*, int, curandStateXORWOW*)",16,1024,63,0,88670208,8192
1093,5321236362,5326530287,5293925,5.293925,"funcionTransicion(Celula*, int, curandStateXORWOW*)",16,1024,63,0,88670208,8192
1094,5327346923,5333533388,6186465,6.186465,"funcionTransicion(Celula*, int, curandStateXORWOW*)",16,1024,63,0,88670208,8192
1095,5334342568,5340250794,5908226,5.908226,"funcionTransicion(Celula*, int, curandStateXORWOW*)",16,1024,63,0,88670208,8192
1096,5341064870,5346625802,5560932,5.560932,"funcionTransicion(Celula*, int, curandStateXORWOW*)",16,1024,63,0,88670208,8192
1097,5347442726,5353045321,5602595,5.602595,"funcionTransicion(Celula*, int, curandStateXORWOW*)",16,1024,63,0,88670208,8192
1098,5353861861,5360333668,6471807,6.471807,"funcionTransicion(Celula*, int, curandStateXORWOW*)",16,1024,63,0,88670208,8192
1099,5361155520,5366983203,5827683,5.827683,"funcionTransicion(Celula*, int, curandStateXORWOW*)",16,1024,63,0,88670208,8192
1100,5367808958,5373899616,6090658,6.090658,"funcionTransicion(Celula*, int, curandStateXORWOW*)",16,1024,63,0,88670208,8192
1101,5374712700,5380375743,5663043,5.663043,"funcionTransicion(Celula*, int, curandStateXORWOW*)",16,1024,63,0,88670208,8192
1102,5381200507,5387417659,6217152,6.217152,"funcionTransicion(Celula*, int, curandStateXORWOW*)",16,1024,63,0,88670208,8192
1103,5388235991,5393795003,5559012,5.559012,"funcionTransicion(Celula*, int, curandStateXORWOW*)",16,1024,63,0,88670208,8192
1104,5394611479,5400686905,6075426,6.075426,"funcionTransicion(Celula*, int, curandStateXORWOW*)",16,1024,63,0,88670208,8192
1105,5401533108,5407306295,5773187,5.773187,"funcionTransicion(Celula*, int, curandStateXORWOW*)",16,1024,63,0,88670208,8192
1106,5408125395,5414373011,6247616,6.247616,"funcionTransicion(Celula*, int, curandStateXORWOW*)",16,1024,63,0,88670208,8192
1107,5415199247,5421148977,5949730,5.94973,"funcionTransicion(Celula*, int, curandStateXORWOW*)",16,1024,63,0,88670208,8192
1108,5421973677,5427665520,5691843,5.691843,"funcionTransicion(Celula*, int, curandStateXORWOW*)",16,1024,63,0,88670208,8192
1109,5428480716,5433602354,5121638,5.121638,"funcionTransicion(Celula*, int, curandStateXORWOW*)",16,1024,63,0,88670208,8192
1110,5434423022,5440030034,5607012,5.607012,"funcionTransicion(Celula*, int, curandStateXORWOW*)",16,1024,63,0,88670208,8192
1111,5440846349,5446944334,6097985,6.097985,"funcionTransicion(Celula*, int, curandStateXORWOW*)",16,1024,63,0,88670208,8192
1112,5447755370,5452542258,4786888,4.786888,"funcionTransicion(Celula*, int, curandStateXORWOW*)",16,1024,63,0,88670208,8192
1113,5453350958,5459459407,6108449,6.108449,"funcionTransicion(Celula*, int, curandStateXORWOW*)",16,1024,63,0,88670208,8192
1114,5460278347,5465303346,5024999,5.024999,"funcionTransicion(Celula*, int, curandStateXORWOW*)",16,1024,63,0,88670208,8192
1115,5466120078,5471692978,5572900,5.5729,"funcionTransicion(Celula*, int, curandStateXORWOW*)",16,1024,63,0,88670208,8192
1116,5472502061,5477870514,5368453,5.368453,"funcionTransicion(Celula*, int, curandStateXORWOW*)",16,1024,63,0,88670208,8192
1117,5478691086,5484988238,6297152,6.297152,"funcionTransicion(Celula*, int, curandStateXORWOW*)",16,1024,63,0,88670208,8192
1118,5485809802,5491818156,6008354,6.008354,"funcionTransicion(Celula*, int, curandStateXORWOW*)",16,1024,63,0,88670208,8192
1119,5492632872,5498856136,6223264,6.223264,"funcionTransicion(Celula*, int, curandStateXORWOW*)",16,1024,63,0,88670208,8192
1120,5499667812,5504862186,5194374,5.194374,"funcionTransicion(Celula*, int, curandStateXORWOW*)",16,1024,63,0,88670208,8192
1121,5505680678,5511181514,5500836,5.500836,"funcionTransicion(Celula*, int, curandStateXORWOW*)",16,1024,63,0,88670208,8192
1122,5512003206,5517821832,5818626,5.818626,"funcionTransicion(Celula*, int, curandStateXORWOW*)",16,1024,63,0,88670208,8192
1123,5518641924,5523890058,5248134,5.248134,"funcionTransicion(Celula*, int, curandStateXORWOW*)",16,1024,63,0,88670208,8192
1124,5524711173,5530432392,5721219,5.721219,"funcionTransicion(Celula*, int, curandStateXORWOW*)",16,1024,63,0,88670208,8192
1125,5531250084,5536848552,5598468,5.598468,"funcionTransicion(Celula*, int, curandStateXORWOW*)",16,1024,63,0,88670208,8192
1126,5537663044,5544319138,6656094,6.656094,"funcionTransicion(Celula*, int, curandStateXORWOW*)",16,1024,63,0,88670208,8192
1127,5545136190,5551095424,5959234,5.959234,"funcionTransicion(Celula*, int, curandStateXORWOW*)",16,1024,63,0,88670208,8192
1128,5551917532,5557761566,5844034,5.844034,"funcionTransicion(Celula*, int, curandStateXORWOW*)",16,1024,63,0,88670208,8192
1129,5558603642,5564678747,6075105,6.075105,"funcionTransicion(Celula*, int, curandStateXORWOW*)",16,1024,63,0,88670208,8192
1130,5565500439,5571521081,6020642,6.020642,"funcionTransicion(Celula*, int, curandStateXORWOW*)",16,1024,63,0,88670208,8192
1131,5572339093,5577742649,5403556,5.403556,"funcionTransicion(Celula*, int, curandStateXORWOW*)",16,1024,63,0,88670208,8192
1132,5578563797,5585155348,6591551,6.591551,"funcionTransicion(Celula*, int, curandStateXORWOW*)",16,1024,63,0,88670208,8192
1133,5585971888,5591226453,5254565,5.254565,"funcionTransicion(Celula*, int, curandStateXORWOW*)",16,1024,63,0,88670208,8192
1134,5592047185,5597029848,4982663,4.982663,"funcionTransicion(Celula*, int, curandStateXORWOW*)",16,1024,63,0,88670208,8192
1135,5597851924,5603018521,5166597,5.166597,"funcionTransicion(Celula*, int, curandStateXORWOW*)",16,1024,63,0,88670208,8192
1136,5603832021,5608975996,5143975,5.143975,"funcionTransicion(Celula*, int, curandStateXORWOW*)",16,1024,63,0,88670208,8192
1137,5609797527,5614646783,4849256,4.849256,"funcionTransicion(Celula*, int, curandStateXORWOW*)",16,1024,63,0,88670208,8192
1138,5615471355,5621193470,5722115,5.722115,"funcionTransicion(Celula*, int, curandStateXORWOW*)",16,1024,63,0,88670208,8192
1139,5622017338,5627961436,5944098,5.944098,"funcionTransicion(Celula*, int, curandStateXORWOW*)",16,1024,63,0,88670208,8192
1140,5628776951,5634659898,5882947,5.882947,"funcionTransicion(Celula*, int, curandStateXORWOW*)",16,1024,63,0,88670208,8192
1141,5635475798,5641160857,5685059,5.685059,"funcionTransicion(Celula*, int, curandStateXORWOW*)",16,1024,63,0,88670208,8192
1142,5641977333,5647492089,5514756,5.514756,"funcionTransicion(Celula*, int, curandStateXORWOW*)",16,1024,63,0,88670208,8192
1143,5648306965,5653583418,5276453,5.276453,"funcionTransicion(Celula*, int, curandStateXORWOW*)",16,1024,63,0,88670208,8192
1144,5654393398,5660171065,5777667,5.777667,"funcionTransicion(Celula*, int, curandStateXORWOW*)",16,1024,63,0,88670208,8192
1145,5660984853,5666939799,5954946,5.954946,"funcionTransicion(Celula*, int, curandStateXORWOW*)",16,1024,63,0,88670208,8192
1146,5667759890,5672927704,5167814,5.167814,"funcionTransicion(Celula*, int, curandStateXORWOW*)",16,1024,63,0,88670208,8192
1147,5673742868,5678918746,5175878,5.175878,"funcionTransicion(Celula*, int, curandStateXORWOW*)",16,1024,63,0,88670208,8192
1148,5679738230,5684848508,5110278,5.110278,"funcionTransicion(Celula*, int, curandStateXORWOW*)",16,1024,63,0,88670208,8192
1149,5685665112,5691398651,5733539,5.733539,"funcionTransicion(Celula*, int, curandStateXORWOW*)",16,1024,63,0,88670208,8192
1150,5692211447,5697705051,5493604,5.493604,"funcionTransicion(Celula*, int, curandStateXORWOW*)",16,1024,63,0,88670208,8192
1151,5698522391,5704879031,6356640,6.35664,"funcionTransicion(Celula*, int, curandStateXORWOW*)",16,1024,63,0,88670208,8192
1152,5705701907,5711025175,5323268,5.323268,"funcionTransicion(Celula*, int, curandStateXORWOW*)",16,1024,63,0,88670208,8192
1153,5711880180,5717776981,5896801,5.896801,"funcionTransicion(Celula*, int, curandStateXORWOW*)",16,1024,63,0,88670208,8192
1154,5718583793,5723718136,5134343,5.134343,"funcionTransicion(Celula*, int, curandStateXORWOW*)",16,1024,63,0,88670208,8192
1155,5724533012,5730041944,5508932,5.508932,"funcionTransicion(Celula*, int, curandStateXORWOW*)",16,1024,63,0,88670208,8192
1156,5730856019,5736097369,5241350,5.24135,"funcionTransicion(Celula*, int, curandStateXORWOW*)",16,1024,63,0,88670208,8192
1157,5736911829,5742592376,5680547,5.680547,"funcionTransicion(Celula*, int, curandStateXORWOW*)",16,1024,63,0,88670208,8192
1158,5743408596,5748989560,5580964,5.580964,"funcionTransicion(Celula*, int, curandStateXORWOW*)",16,1024,63,0,88670208,8192
1159,5749805524,5755524791,5719267,5.719267,"funcionTransicion(Celula*, int, curandStateXORWOW*)",16,1024,63,0,88670208,8192
1160,5756338866,5762202581,5863715,5.863715,"funcionTransicion(Celula*, int, curandStateXORWOW*)",16,1024,63,0,88670208,8192
1161,5763020273,5768223638,5203365,5.203365,"funcionTransicion(Celula*, int, curandStateXORWOW*)",16,1024,63,0,88670208,8192
1162,5769045554,5774575894,5530340,5.53034,"funcionTransicion(Celula*, int, curandStateXORWOW*)",16,1024,63,0,88670208,8192
1163,5775394962,5780586296,5191334,5.191334,"funcionTransicion(Celula*, int, curandStateXORWOW*)",16,1024,63,0,88670208,8192
1164,5781403636,5787826932,6423296,6.423296,"funcionTransicion(Celula*, int, curandStateXORWOW*)",16,1024,63,0,88670208,8192
1165,5788639952,5795352941,6712989,6.712989,"funcionTransicion(Celula*, int, curandStateXORWOW*)",16,1024,63,0,88670208,8192
1166,5796180169,5801751885,5571716,5.571716,"funcionTransicion(Celula*, int, curandStateXORWOW*)",16,1024,63,0,88670208,8192
1167,5802565353,5808574411,6009058,6.009058,"funcionTransicion(Celula*, int, curandStateXORWOW*)",16,1024,63,0,88670208,8192
1168,5809396263,5815233673,5837410,5.83741,"funcionTransicion(Celula*, int, curandStateXORWOW*)",16,1024,63,0,88670208,8192
1169,5816052325,5823248897,7196572,7.196572,"funcionTransicion(Celula*, int, curandStateXORWOW*)",16,1024,63,0,88670208,8192
1170,5824061308,5829991230,5929922,5.929922,"funcionTransicion(Celula*, int, curandStateXORWOW*)",16,1024,63,0,88670208,8192
1171,5830808218,5836708892,5900674,5.900674,"funcionTransicion(Celula*, int, curandStateXORWOW*)",16,1024,63,0,88670208,8192
1172,5837528664,5843415098,5886434,5.886434,"funcionTransicion(Celula*, int, curandStateXORWOW*)",16,1024,63,0,88670208,8192
1173,5844232374,5850409751,6177377,6.177377,"funcionTransicion(Celula*, int, curandStateXORWOW*)",16,1024,63,0,88670208,8192
1174,5851222899,5857480595,6257696,6.257696,"funcionTransicion(Celula*, int, curandStateXORWOW*)",16,1024,63,0,88670208,8192
1175,5858295247,5863599828,5304581,5.304581,"funcionTransicion(Celula*, int, curandStateXORWOW*)",16,1024,63,0,88670208,8192
1176,5864426576,5869742357,5315781,5.315781,"funcionTransicion(Celula*, int, curandStateXORWOW*)",16,1024,63,0,88670208,8192
1177,5870580849,5877001808,6420959,6.420959,"funcionTransicion(Celula*, int, curandStateXORWOW*)",16,1024,63,0,88670208,8192
1178,5877819021,5883836494,6017473,6.017473,"funcionTransicion(Celula*, int, curandStateXORWOW*)",16,1024,63,0,88670208,8192
1179,5884654826,5890401869,5747043,5.747043,"funcionTransicion(Celula*, int, curandStateXORWOW*)",16,1024,63,0,88670208,8192
1180,5891224617,5896748973,5524356,5.524356,"funcionTransicion(Celula*, int, curandStateXORWOW*)",16,1024,63,0,88670208,8192
1181,5897567145,5903352811,5785666,5.785666,"funcionTransicion(Celula*, int, curandStateXORWOW*)",16,1024,63,0,88670208,8192
1182,5904170599,5910955941,6785342,6.785342,"funcionTransicion(Celula*, int, curandStateXORWOW*)",16,1024,63,0,88670208,8192
1183,5911772225,5917245925,5473700,5.4737,"funcionTransicion(Celula*, int, curandStateXORWOW*)",16,1024,63,0,88670208,8192
1184,5918061473,5924175106,6113633,6.113633,"funcionTransicion(Celula*, int, curandStateXORWOW*)",16,1024,63,0,88670208,8192
1185,5925003998,5930363267,5359269,5.359269,"funcionTransicion(Celula*, int, curandStateXORWOW*)",16,1024,63,0,88670208,8192
1186,5931180863,5936379332,5198469,5.198469,"funcionTransicion(Celula*, int, curandStateXORWOW*)",16,1024,63,0,88670208,8192
1187,5937201792,5942870436,5668644,5.668644,"funcionTransicion(Celula*, int, curandStateXORWOW*)",16,1024,63,0,88670208,8192
1188,5943684224,5948959365,5275141,5.275141,"funcionTransicion(Celula*, int, curandStateXORWOW*)",16,1024,63,0,88670208,8192
1189,5949780673,5955256389,5475716,5.475716,"funcionTransicion(Celula*, int, curandStateXORWOW*)",16,1024,63,0,88670208,8192
1190,5956076097,5962365089,6288992,6.288992,"funcionTransicion(Celula*, int, curandStateXORWOW*)",16,1024,63,0,88670208,8192
1191,5963178301,5969214046,6035745,6.035745,"funcionTransicion(Celula*, int, curandStateXORWOW*)",16,1024,63,0,88670208,8192
1192,5970038395,5976394714,6356319,6.356319,"funcionTransicion(Celula*, int, curandStateXORWOW*)",16,1024,63,0,88670208,8192
1193,5977213654,5983510550,6296896,6.296896,"funcionTransicion(Celula*, int, curandStateXORWOW*)",16,1024,63,0,88670208,8192
1194,5984328370,5989584984,5256614,5.256614,"funcionTransicion(Celula*, int, curandStateXORWOW*)",16,1024,63,0,88670208,8192
1195,5990402227,5996143127,5740900,5.7409,"funcionTransicion(Celula*, int, curandStateXORWOW*)",16,1024,63,0,88670208,8192
1196,5996967506,6002968340,6000834,6.000834,"funcionTransicion(Celula*, int, curandStateXORWOW*)",16,1024,63,0,88670208,8192
1197,6003786064,6009550899,5764835,5.764835,"funcionTransicion(Celula*, int, curandStateXORWOW*)",16,1024,63,0,88670208,8192
1198,6010374447,6016127985,5753538,5.753538,"funcionTransicion(Celula*, int, curandStateXORWOW*)",16,1024,63,0,88670208,8192
1199,6016947117,6022666000,5718883,5.718883,"funcionTransicion(Celula*, int, curandStateXORWOW*)",16,1024,63,0,88670208,8192
1200,6023491052,6029426702,5935650,5.93565,"funcionTransicion(Celula*, int, curandStateXORWOW*)",16,1024,63,0,88670208,8192
1201,6109607033,6115651418,6044385,6.044385,"funcionTransicion(Celula*, int, curandStateXORWOW*)",16,1024,63,0,88670208,8192
1202,6116471222,6122357209,5885987,5.885987,"funcionTransicion(Celula*, int, curandStateXORWOW*)",16,1024,63,0,88670208,8192
1203,6123174164,6129374773,6200609,6.200609,"funcionTransicion(Celula*, int, curandStateXORWOW*)",16,1024,63,0,88670208,8192
1204,6130187665,6136462225,6274560,6.27456,"funcionTransicion(Celula*, int, curandStateXORWOW*)",16,1024,63,0,88670208,8192
1205,6137278253,6142630674,5352421,5.352421,"funcionTransicion(Celula*, int, curandStateXORWOW*)",16,1024,63,0,88670208,8192
1206,6143459022,6148911122,5452100,5.4521,"funcionTransicion(Celula*, int, curandStateXORWOW*)",16,1024,63,0,88670208,8192
1207,6149736078,6155739152,6003074,6.003074,"funcionTransicion(Celula*, int, curandStateXORWOW*)",16,1024,63,0,88670208,8192
1208,6156558828,6162497550,5938722,5.938722,"funcionTransicion(Celula*, int, curandStateXORWOW*)",16,1024,63,0,88670208,8192
1209,6163313257,6169373259,6060002,6.060002,"funcionTransicion(Celula*, int, curandStateXORWOW*)",16,1024,63,0,88670208,8192
1210,6170196679,6176009673,5812994,5.812994,"funcionTransicion(Celula*, int, curandStateXORWOW*)",16,1024,63,0,88670208,8192
1211,6176832837,6183389572,6556735,6.556735,"funcionTransicion(Celula*, int, curandStateXORWOW*)",16,1024,63,0,88670208,8192
1212,6184211616,6190196289,5984673,5.984673,"funcionTransicion(Celula*, int, curandStateXORWOW*)",16,1024,63,0,88670208,8192
1213,6191017341,6197757627,6740286,6.740286,"funcionTransicion(Celula*, int, curandStateXORWOW*)",16,1024,63,0,88670208,8192
1214,6198578647,6204758808,6180161,6.180161,"funcionTransicion(Celula*, int, curandStateXORWOW*)",16,1024,63,0,88670208,8192
1215,6205569876,6212639024,7069148,7.069148,"funcionTransicion(Celula*, int, curandStateXORWOW*)",16,1024,63,0,88670208,8192
1216,6213452588,6219845132,6392544,6.392544,"funcionTransicion(Celula*, int, curandStateXORWOW*)",16,1024,63,0,88670208,8192
1217,6220665511,6229077437,8411926,8.411926,"funcionTransicion(Celula*, int, curandStateXORWOW*)",16,1024,63,0,88670208,8192
1218,6229902265,6236112697,6210432,6.210432,"funcionTransicion(Celula*, int, curandStateXORWOW*)",16,1024,63,0,88670208,8192
1219,6236934101,6242453881,5519780,5.51978,"funcionTransicion(Celula*, int, curandStateXORWOW*)",16,1024,63,0,88670208,8192
1220,6243273077,6249045112,5772035,5.772035,"funcionTransicion(Celula*, int, curandStateXORWOW*)",16,1024,63,0,88670208,8192
1221,6249871988,6256070773,6198785,6.198785,"funcionTransicion(Celula*, int, curandStateXORWOW*)",16,1024,63,0,88670208,8192
1222,6256895345,6263314608,6419263,6.419263,"funcionTransicion(Celula*, int, curandStateXORWOW*)",16,1024,63,0,88670208,8192
1223,6264134508,6270380140,6245632,6.245632,"funcionTransicion(Celula*, int, curandStateXORWOW*)",16,1024,63,0,88670208,8192
1224,6271201160,6276508205,5307045,5.307045,"funcionTransicion(Celula*, int, curandStateXORWOW*)",16,1024,63,0,88670208,8192
1225,6277351817,6283586345,6234528,6.234528,"funcionTransicion(Celula*, int, curandStateXORWOW*)",16,1024,63,0,88670208,8192
1226,6284401125,6290546118,6144993,6.144993,"funcionTransicion(Celula*, int, curandStateXORWOW*)",16,1024,63,0,88670208,8192
1227,6291367266,6297288740,5921474,5.921474,"funcionTransicion(Celula*, int, curandStateXORWOW*)",16,1024,63,0,88670208,8192
1228,6298104192,6305244444,7140252,7.140252,"funcionTransicion(Celula*, int, curandStateXORWOW*)",16,1024,63,0,88670208,8192
1229,6306063352,6313203508,7140156,7.140156,"funcionTransicion(Celula*, int, curandStateXORWOW*)",16,1024,63,0,88670208,8192
1230,6314020048,6319281301,5261253,5.261253,"funcionTransicion(Celula*, int, curandStateXORWOW*)",16,1024,63,0,88670208,8192
1231,6320106609,6325478966,5372357,5.372357,"funcionTransicion(Celula*, int, curandStateXORWOW*)",16,1024,63,0,88670208,8192
1232,6326299314,6331992789,5693475,5.693475,"funcionTransicion(Celula*, int, curandStateXORWOW*)",16,1024,63,0,88670208,8192
1233,6332816528,6338534804,5718276,5.718276,"funcionTransicion(Celula*, int, curandStateXORWOW*)",16,1024,63,0,88670208,8192
1234,6339352175,6345265681,5913506,5.913506,"funcionTransicion(Celula*, int, curandStateXORWOW*)",16,1024,63,0,88670208,8192
1235,6346087693,6352770348,6682655,6.682655,"funcionTransicion(Celula*, int, curandStateXORWOW*)",16,1024,63,0,88670208,8192
1236,6353596679,6358976013,5379334,5.379334,"funcionTransicion(Celula*, int, curandStateXORWOW*)",16,1024,63,0,88670208,8192
1237,6359786984,6365047918,5260934,5.260934,"funcionTransicion(Celula*, int, curandStateXORWOW*)",16,1024,63,0,88670208,8192
1238,6365861066,6370964880,5103814,5.103814,"funcionTransicion(Celula*, int, curandStateXORWOW*)",16,1024,63,0,88670208,8192
1239,6371783467,6377182064,5398597,5.398597,"funcionTransicion(Celula*, int, curandStateXORWOW*)",16,1024,63,0,88670208,8192
1240,6377998764,6383436657,5437893,5.437893,"funcionTransicion(Celula*, int, curandStateXORWOW*)",16,1024,63,0,88670208,8192
1241,6384261709,6389809232,5547523,5.547523,"funcionTransicion(Celula*, int, curandStateXORWOW*)",16,1024,63,0,88670208,8192
1242,6390629548,6396855277,6225729,6.225729,"funcionTransicion(Celula*, int, curandStateXORWOW*)",16,1024,63,0,88670208,8192
1243,6397678537,6403218285,5539748,5.539748,"funcionTransicion(Celula*, int, curandStateXORWOW*)",16,1024,63,0,88670208,8192
1244,6404038633,6409766380,5727747,5.727747,"funcionTransicion(Celula*, int, curandStateXORWOW*)",16,1024,63,0,88670208,8192
1245,6410587976,6415960972,5372996,5.372996,"funcionTransicion(Celula*, int, curandStateXORWOW*)",16,1024,63,0,88670208,8192
1246,6416781992,6422869033,6087041,6.087041,"funcionTransicion(Celula*, int, curandStateXORWOW*)",16,1024,63,0,88670208,8192
1247,6423688933,6429612551,5923618,5.923618,"funcionTransicion(Celula*, int, curandStateXORWOW*)",16,1024,63,0,88670208,8192
1248,6430429891,6436368197,5938306,5.938306,"funcionTransicion(Celula*, int, curandStateXORWOW*)",16,1024,63,0,88670208,8192
1249,6437226625,6443177059,5950434,5.950434,"funcionTransicion(Celula*, int, curandStateXORWOW*)",16,1024,63,0,88670208,8192
1250,6444004255,6449926176,5921921,5.921921,"funcionTransicion(Celula*, int, curandStateXORWOW*)",16,1024,63,0,88670208,8192
1251,6450749084,6456294817,5545733,5.545733,"funcionTransicion(Celula*, int, curandStateXORWOW*)",16,1024,63,0,88670208,8192
1252,6457115356,6463055742,5940386,5.940386,"funcionTransicion(Celula*, int, curandStateXORWOW*)",16,1024,63,0,88670208,8192
1253,6463871770,6470028603,6156833,6.156833,"funcionTransicion(Celula*, int, curandStateXORWOW*)",16,1024,63,0,88670208,8192
1254,6470844343,6476386299,5541956,5.541956,"funcionTransicion(Celula*, int, curandStateXORWOW*)",16,1024,63,0,88670208,8192
1255,6477210839,6482810394,5599555,5.599555,"funcionTransicion(Celula*, int, curandStateXORWOW*)",16,1024,63,0,88670208,8192
1256,6483631382,6489600728,5969346,5.969346,"funcionTransicion(Celula*, int, curandStateXORWOW*)",16,1024,63,0,88670208,8192
1257,6490418260,6496582421,6164161,6.164161,"funcionTransicion(Celula*, int, curandStateXORWOW*)",16,1024,63,0,88670208,8192
1258,6497406353,6504216622,6810269,6.810269,"funcionTransicion(Celula*, int, curandStateXORWOW*)",16,1024,63,0,88670208,8192
1259,6505031914,6511469386,6437472,6.437472,"funcionTransicion(Celula*, int, curandStateXORWOW*)",16,1024,63,0,88670208,8192
1260,6512291973,6518364199,6072226,6.072226,"funcionTransicion(Celula*, int, curandStateXORWOW*)",16,1024,63,0,88670208,8192
1261,6519182755,6525158884,5976129,5.976129,"funcionTransicion(Celula*, int, curandStateXORWOW*)",16,1024,63,0,88670208,8192
1262,6525980544,6532245280,6264736,6.264736,"funcionTransicion(Celula*, int, curandStateXORWOW*)",16,1024,63,0,88670208,8192
1263,6533064284,6538895775,5831491,5.831491,"funcionTransicion(Celula*, int, curandStateXORWOW*)",16,1024,63,0,88670208,8192
1264,6539714491,6546292793,6578302,6.578302,"funcionTransicion(Celula*, int, curandStateXORWOW*)",16,1024,63,0,88670208,8192
1265,6547112405,6552439866,5327461,5.327461,"funcionTransicion(Celula*, int, curandStateXORWOW*)",16,1024,63,0,88670208,8192
1266,6553264918,6559609174,6344256,6.344256,"funcionTransicion(Celula*, int, curandStateXORWOW*)",16,1024,63,0,88670208,8192
1267,6560422898,6567014193,6591295,6.591295,"funcionTransicion(Celula*, int, curandStateXORWOW*)",16,1024,63,0,88670208,8192
1268,6567834285,6573628463,5794178,5.794178,"funcionTransicion(Celula*, int, curandStateXORWOW*)",16,1024,63,0,88670208,8192
1269,6574433707,6579630065,5196358,5.196358,"funcionTransicion(Celula*, int, curandStateXORWOW*)",16,1024,63,0,88670208,8192
1270,6580454285,6586492110,6037825,6.037825,"funcionTransicion(Celula*, int, curandStateXORWOW*)",16,1024,63,0,88670208,8192
1271,6587316970,6593741386,6424416,6.424416,"funcionTransicion(Celula*, int, curandStateXORWOW*)",16,1024,63,0,88670208,8192
1272,6594570053,6600320680,5750627,5.750627,"funcionTransicion(Celula*, int, curandStateXORWOW*)",16,1024,63,0,88670208,8192
1273,6601163556,6606434474,5270918,5.270918,"funcionTransicion(Celula*, int, curandStateXORWOW*)",16,1024,63,0,88670208,8192
1274,6607260421,6613270279,6009858,6.009858,"funcionTransicion(Celula*, int, curandStateXORWOW*)",16,1024,63,0,88670208,8192
1275,6614090979,6619945989,5855010,5.85501,"funcionTransicion(Celula*, int, curandStateXORWOW*)",16,1024,63,0,88670208,8192
1276,6620773217,6626102822,5329605,5.329605,"funcionTransicion(Celula*, int, curandStateXORWOW*)",16,1024,63,0,88670208,8192
1277,6626920706,6632991811,6071105,6.071105,"funcionTransicion(Celula*, int, curandStateXORWOW*)",16,1024,63,0,88670208,8192
1278,6633811615,6640433086,6621471,6.621471,"funcionTransicion(Celula*, int, curandStateXORWOW*)",16,1024,63,0,88670208,8192
1279,6641248121,6647931864,6683743,6.683743,"funcionTransicion(Celula*, int, curandStateXORWOW*)",16,1024,63,0,88670208,8192
1280,6648757620,6654796341,6038721,6.038721,"funcionTransicion(Celula*, int, curandStateXORWOW*)",16,1024,63,0,88670208,8192
1281,6655617105,6661528851,5911746,5.911746,"funcionTransicion(Celula*, int, curandStateXORWOW*)",16,1024,63,0,88670208,8192
1282,6662346671,6668769518,6422847,6.422847,"funcionTransicion(Celula*, int, curandStateXORWOW*)",16,1024,63,0,88670208,8192
1283,6669600394,6675932554,6332160,6.33216,"funcionTransicion(Celula*, int, curandStateXORWOW*)",16,1024,63,0,88670208,8192
1284,6676747686,6683193030,6445344,6.445344,"funcionTransicion(Celula*, int, curandStateXORWOW*)",16,1024,63,0,88670208,8192
1285,6684012577,6690411681,6399104,6.399104,"funcionTransicion(Celula*, int, curandStateXORWOW*)",16,1024,63,0,88670208,8192
1286,6691237821,6698251193,7013372,7.013372,"funcionTransicion(Celula*, int, curandStateXORWOW*)",16,1024,63,0,88670208,8192
1287,6699074037,6706618735,7544698,7.544698,"funcionTransicion(Celula*, int, curandStateXORWOW*)",16,1024,63,0,88670208,8192
1288,6707435979,6713606828,6170849,6.170849,"funcionTransicion(Celula*, int, curandStateXORWOW*)",16,1024,63,0,88670208,8192
1289,6714430279,6721116102,6685823,6.685823,"funcionTransicion(Celula*, int, curandStateXORWOW*)",16,1024,63,0,88670208,8192
1290,6721927970,6728723839,6795869,6.795869,"funcionTransicion(Celula*, int, curandStateXORWOW*)",16,1024,63,0,88670208,8192
1291,6729544859,6735948923,6404064,6.404064,"funcionTransicion(Celula*, int, curandStateXORWOW*)",16,1024,63,0,88670208,8192
1292,6736765015,6743032023,6267008,6.267008,"funcionTransicion(Celula*, int, curandStateXORWOW*)",16,1024,63,0,88670208,8192
1293,6743850259,6750462034,6611775,6.611775,"funcionTransicion(Celula*, int, curandStateXORWOW*)",16,1024,63,0,88670208,8192
1294,6751275981,6757656749,6380768,6.380768,"funcionTransicion(Celula*, int, curandStateXORWOW*)",16,1024,63,0,88670208,8192
1295,6758475209,6767347548,8872339,8.872339,"funcionTransicion(Celula*, int, curandStateXORWOW*)",16,1024,63,0,88670208,8192
1296,6768171192,6773897659,5726467,5.726467,"funcionTransicion(Celula*, int, curandStateXORWOW*)",16,1024,63,0,88670208,8192
1297,6774783319,6782531407,7748088,7.748088,"funcionTransicion(Celula*, int, curandStateXORWOW*)",16,1024,63,0,88670208,8192
1298,6783351851,6789440396,6088545,6.088545,"funcionTransicion(Celula*, int, curandStateXORWOW*)",16,1024,63,0,88670208,8192
1299,6790262696,6797103942,6841246,6.841246,"funcionTransicion(Celula*, int, curandStateXORWOW*)",16,1024,63,0,88670208,8192
1300,6797933153,6803536229,5603076,5.603076,"funcionTransicion(Celula*, int, curandStateXORWOW*)",16,1024,63,0,88670208,8192
1301,6804349665,6810551138,6201473,6.201473,"funcionTransicion(Celula*, int, curandStateXORWOW*)",16,1024,63,0,88670208,8192
1302,6811377374,6818215771,6838397,6.838397,"funcionTransicion(Celula*, int, curandStateXORWOW*)",16,1024,63,0,88670208,8192
1303,6819036983,6826904303,7867320,7.86732,"funcionTransicion(Celula*, int, curandStateXORWOW*)",16,1024,63,0,88670208,8192
1304,6827732171,6835838850,8106679,8.106679,"funcionTransicion(Celula*, int, curandStateXORWOW*)",16,1024,63,0,88670208,8192
1305,6836662782,6843949913,7287131,7.287131,"funcionTransicion(Celula*, int, curandStateXORWOW*)",16,1024,63,0,88670208,8192
1306,6844768501,6851772689,7004188,7.004188,"funcionTransicion(Celula*, int, curandStateXORWOW*)",16,1024,63,0,88670208,8192
1307,6852592397,6860265542,7673145,7.673145,"funcionTransicion(Celula*, int, curandStateXORWOW*)",16,1024,63,0,88670208,8192
1308,6861084258,6867885056,6800798,6.800798,"funcionTransicion(Celula*, int, curandStateXORWOW*)",16,1024,63,0,88670208,8192
1309,6868712540,6875518553,6806013,6.806013,"funcionTransicion(Celula*, int, curandStateXORWOW*)",16,1024,63,0,88670208,8192
1310,6876335669,6882835124,6499455,6.499455,"funcionTransicion(Celula*, int, curandStateXORWOW*)",16,1024,63,0,88670208,8192
1311,6883652752,6890653293,7000541,7.000541,"funcionTransicion(Celula*, int, curandStateXORWOW*)",16,1024,63,0,88670208,8192
1312,6891469065,6898947299,7478234,7.478234,"funcionTransicion(Celula*, int, curandStateXORWOW*)",16,1024,63,0,88670208,8192
1313,6899767326,6906752636,6985310,6.98531,"funcionTransicion(Celula*, int, curandStateXORWOW*)",16,1024,63,0,88670208,8192
1314,6907571543,6914679955,7108412,7.108412,"funcionTransicion(Celula*, int, curandStateXORWOW*)",16,1024,63,0,88670208,8192
1315,6915507247,6923307976,7800729,7.800729,"funcionTransicion(Celula*, int, curandStateXORWOW*)",16,1024,63,0,88670208,8192
1316,6924120228,6930982113,6861885,6.861885,"funcionTransicion(Celula*, int, curandStateXORWOW*)",16,1024,63,0,88670208,8192
1317,6931800797,6939319127,7518330,7.51833,"funcionTransicion(Celula*, int, curandStateXORWOW*)",16,1024,63,0,88670208,8192
1318,6940134451,6946217556,6083105,6.083105,"funcionTransicion(Celula*, int, curandStateXORWOW*)",16,1024,63,0,88670208,8192
1319,6947038960,6954663497,7624537,7.624537,"funcionTransicion(Celula*, int, curandStateXORWOW*)",16,1024,63,0,88670208,8192
1320,6955482085,6961963652,6481567,6.481567,"funcionTransicion(Celula*, int, curandStateXORWOW*)",16,1024,63,0,88670208,8192
1321,7042904171,7049088908,6184737,6.184737,"funcionTransicion(Celula*, int, curandStateXORWOW*)",16,1024,63,0,88670208,8192
1322,7049904744,7057461825,7557081,7.557081,"funcionTransicion(Celula*, int, curandStateXORWOW*)",16,1024,63,0,88670208,8192
1323,7058279134,7066112726,7833592,7.833592,"funcionTransicion(Celula*, int, curandStateXORWOW*)",16,1024,63,0,88670208,8192
1324,7066924562,7074008238,7083676,7.083676,"funcionTransicion(Celula*, int, curandStateXORWOW*)",16,1024,63,0,88670208,8192
1325,7074830442,7081509320,6678878,6.678878,"funcionTransicion(Celula*, int, curandStateXORWOW*)",16,1024,63,0,88670208,8192
1326,7082329284,7088466981,6137697,6.137697,"funcionTransicion(Celula*, int, curandStateXORWOW*)",16,1024,63,0,88670208,8192
1327,7089288257,7095467585,6179328,6.179328,"funcionTransicion(Celula*, int, curandStateXORWOW*)",16,1024,63,0,88670208,8192
1328,7096287261,7103239802,6952541,6.952541,"funcionTransicion(Celula*, int, curandStateXORWOW*)",16,1024,63,0,88670208,8192
1329,7104061686,7110803764,6742078,6.742078,"funcionTransicion(Celula*, int, curandStateXORWOW*)",16,1024,63,0,88670208,8192
1330,7111625232,7118380237,6755005,6.755005,"funcionTransicion(Celula*, int, curandStateXORWOW*)",16,1024,63,0,88670208,8192
1331,7119200713,7126247654,7046941,7.046941,"funcionTransicion(Celula*, int, curandStateXORWOW*)",16,1024,63,0,88670208,8192
1332,7127071522,7133682112,6610590,6.61059,"funcionTransicion(Celula*, int, curandStateXORWOW*)",16,1024,63,0,88670208,8192
1333,7134501532,7140850684,6349152,6.349152,"funcionTransicion(Celula*, int, curandStateXORWOW*)",16,1024,63,0,88670208,8192
1334,7141677272,7148473430,6796158,6.796158,"funcionTransicion(Celula*, int, curandStateXORWOW*)",16,1024,63,0,88670208,8192
1335,7149288849,7156542797,7253948,7.253948,"funcionTransicion(Celula*, int, curandStateXORWOW*)",16,1024,63,0,88670208,8192
1336,7157367912,7163501386,6133474,6.133474,"funcionTransicion(Celula*, int, curandStateXORWOW*)",16,1024,63,0,88670208,8192
1337,7164314886,7170298567,5983681,5.983681,"funcionTransicion(Celula*, int, curandStateXORWOW*)",16,1024,63,0,88670208,8192
1338,7171118467,7177728321,6609854,6.609854,"funcionTransicion(Celula*, int, curandStateXORWOW*)",16,1024,63,0,88670208,8192
1339,7178548157,7185259772,6711615,6.711615,"funcionTransicion(Celula*, int, curandStateXORWOW*)",16,1024,63,0,88670208,8192
1340,7186080631,7192413623,6332992,6.332992,"funcionTransicion(Celula*, int, curandStateXORWOW*)",16,1024,63,0,88670208,8192
1341,7193231923,7199239285,6007362,6.007362,"funcionTransicion(Celula*, int, curandStateXORWOW*)",16,1024,63,0,88670208,8192
1342,7200062705,7206475056,6412351,6.412351,"funcionTransicion(Celula*, int, curandStateXORWOW*)",16,1024,63,0,88670208,8192
1343,7207293228,7216224255,8931027,8.931027,"funcionTransicion(Celula*, int, curandStateXORWOW*)",16,1024,63,0,88670208,8192
1344,7217042683,7224041048,6998365,6.998365,"funcionTransicion(Celula*, int, curandStateXORWOW*)",16,1024,63,0,88670208,8192
1345,7224889811,7231097620,6207809,6.207809,"funcionTransicion(Celula*, int, curandStateXORWOW*)",16,1024,63,0,88670208,8192
1346,7231917392,7238772461,6855069,6.855069,"funcionTransicion(Celula*, int, curandStateXORWOW*)",16,1024,63,0,88670208,8192
1347,7239587465,7246828805,7241340,7.24134,"funcionTransicion(Celula*, int, curandStateXORWOW*)",16,1024,63,0,88670208,8192
1348,7247652672,7254575997,6923325,6.923325,"funcionTransicion(Celula*, int, curandStateXORWOW*)",16,1024,63,0,88670208,8192
1349,7255402041,7263780303,8378262,8.378262,"funcionTransicion(Celula*, int, curandStateXORWOW*)",16,1024,63,0,88670208,8192
1350,7264598250,7270805867,6207617,6.207617,"funcionTransicion(Celula*, int, curandStateXORWOW*)",16,1024,63,0,88670208,8192
1351,7271621319,7279205217,7583898,7.583898,"funcionTransicion(Celula*, int, curandStateXORWOW*)",16,1024,63,0,88670208,8192
1352,7280027773,7286936762,6908989,6.908989,"funcionTransicion(Celula*, int, curandStateXORWOW*)",16,1024,63,0,88670208,8192
1353,7287751382,7294391924,6640542,6.640542,"funcionTransicion(Celula*, int, curandStateXORWOW*)",16,1024,63,0,88670208,8192
1354,7295208112,7302330348,7122236,7.122236,"funcionTransicion(Celula*, int, curandStateXORWOW*)",16,1024,63,0,88670208,8192
1355,7303146376,7310125669,6979293,6.979293,"funcionTransicion(Celula*, int, curandStateXORWOW*)",16,1024,63,0,88670208,8192
1356,7310945056,7318040924,7095868,7.095868,"funcionTransicion(Celula*, int, curandStateXORWOW*)",16,1024,63,0,88670208,8192
1357,7318859864,7325826485,6966621,6.966621,"funcionTransicion(Celula*, int, curandStateXORWOW*)",16,1024,63,0,88670208,8192
1358,7326645233,7333862733,7217500,7.2175,"funcionTransicion(Celula*, int, curandStateXORWOW*)",16,1024,63,0,88670208,8192
1359,7334684744,7341219751,6535007,6.535007,"funcionTransicion(Celula*, int, curandStateXORWOW*)",16,1024,63,0,88670208,8192
1360,7342045027,7348475138,6430111,6.430111,"funcionTransicion(Celula*, int, curandStateXORWOW*)",16,1024,63,0,88670208,8192
1361,7349302078,7356497114,7195036,7.195036,"funcionTransicion(Celula*, int, curandStateXORWOW*)",16,1024,63,0,88670208,8192
1362,7357328694,7364674289,7345595,7.345595,"funcionTransicion(Celula*, int, curandStateXORWOW*)",16,1024,63,0,88670208,8192
1363,7365500332,7372334282,6833950,6.83395,"funcionTransicion(Celula*, int, curandStateXORWOW*)",16,1024,63,0,88670208,8192
1364,7373153414,7381187613,8034199,8.034199,"funcionTransicion(Celula*, int, curandStateXORWOW*)",16,1024,63,0,88670208,8192
1365,7382009209,7388822103,6812894,6.812894,"funcionTransicion(Celula*, int, curandStateXORWOW*)",16,1024,63,0,88670208,8192
1366,7389646162,7397034061,7387899,7.387899,"funcionTransicion(Celula*, int, curandStateXORWOW*)",16,1024,63,0,88670208,8192
1367,7397858313,7406161247,8302934,8.302934,"funcionTransicion(Celula*, int, curandStateXORWOW*)",16,1024,63,0,88670208,8192
1368,7406990779,7415186065,8195286,8.195286,"funcionTransicion(Celula*, int, curandStateXORWOW*)",16,1024,63,0,88670208,8192
1369,7416085581,7423360712,7275131,7.275131,"funcionTransicion(Celula*, int, curandStateXORWOW*)",16,1024,63,0,88670208,8192
1370,7424184324,7432430042,8245718,8.245718,"funcionTransicion(Celula*, int, curandStateXORWOW*)",16,1024,63,0,88670208,8192
1371,7433245430,7441732491,8487061,8.487061,"funcionTransicion(Celula*, int, curandStateXORWOW*)",16,1024,63,0,88670208,8192
1372,7442555047,7450146689,7591642,7.591642,"funcionTransicion(Celula*, int, curandStateXORWOW*)",16,1024,63,0,88670208,8192
1373,7450967708,7458066104,7098396,7.098396,"funcionTransicion(Celula*, int, curandStateXORWOW*)",16,1024,63,0,88670208,8192
1374,7458893429,7466297295,7403866,7.403866,"funcionTransicion(Celula*, int, curandStateXORWOW*)",16,1024,63,0,88670208,8192
1375,7467119051,7473700490,6581439,6.581439,"funcionTransicion(Celula*, int, curandStateXORWOW*)",16,1024,63,0,88670208,8192
1376,7474515685,7482084511,7568826,7.568826,"funcionTransicion(Celula*, int, curandStateXORWOW*)",16,1024,63,0,88670208,8192
1377,7482903675,7490574196,7670521,7.670521,"funcionTransicion(Celula*, int, curandStateXORWOW*)",16,1024,63,0,88670208,8192
1378,7491399600,7498494540,7094940,7.09494,"funcionTransicion(Celula*, int, curandStateXORWOW*)",16,1024,63,0,88670208,8192
1379,7499316840,7506847362,7530522,7.530522,"funcionTransicion(Celula*, int, curandStateXORWOW*)",16,1024,63,0,88670208,8192
1380,7507673182,7514371420,6698238,6.698238,"funcionTransicion(Celula*, int, curandStateXORWOW*)",16,1024,63,0,88670208,8192
1381,7515196184,7522193173,6996989,6.996989,"funcionTransicion(Celula*, int, curandStateXORWOW*)",16,1024,63,0,88670208,8192
1382,7523018544,7530330827,7312283,7.312283,"funcionTransicion(Celula*, int, curandStateXORWOW*)",16,1024,63,0,88670208,8192
1383,7531150535,7538101508,6950973,6.950973,"funcionTransicion(Celula*, int, curandStateXORWOW*)",16,1024,63,0,88670208,8192
1384,7538924480,7545720893,6796413,6.796413,"funcionTransicion(Celula*, int, curandStateXORWOW*)",16,1024,63,0,88670208,8192
1385,7546537049,7554542673,8005624,8.005624,"funcionTransicion(Celula*, int, curandStateXORWOW*)",16,1024,63,0,88670208,8192
1386,7555363725,7562346538,6982813,6.982813,"funcionTransicion(Celula*, int, curandStateXORWOW*)",16,1024,63,0,88670208,8192
1387,7563169317,7571027549,7858232,7.858232,"funcionTransicion(Celula*, int, curandStateXORWOW*)",16,1024,63,0,88670208,8192
1388,7571841529,7579360147,7518618,7.518618,"funcionTransicion(Celula*, int, curandStateXORWOW*)",16,1024,63,0,88670208,8192
1389,7580186607,7588770372,8583765,8.583765,"funcionTransicion(Celula*, int, curandStateXORWOW*)",16,1024,63,0,88670208,8192
1390,7589587232,7596071039,6483807,6.483807,"funcionTransicion(Celula*, int, curandStateXORWOW*)",16,1024,63,0,88670208,8192
1391,7596903963,7603449914,6545951,6.545951,"funcionTransicion(Celula*, int, curandStateXORWOW*)",16,1024,63,0,88670208,8192
1392,7604267222,7611139507,6872285,6.872285,"funcionTransicion(Celula*, int, curandStateXORWOW*)",16,1024,63,0,88670208,8192
1393,7611994254,7619753287,7759033,7.759033,"funcionTransicion(Celula*, int, curandStateXORWOW*)",16,1024,63,0,88670208,8192
1394,7620568099,7628741082,8172983,8.172983,"funcionTransicion(Celula*, int, curandStateXORWOW*)",16,1024,63,0,88670208,8192
1395,7629562582,7636655154,7092572,7.092572,"funcionTransicion(Celula*, int, curandStateXORWOW*)",16,1024,63,0,88670208,8192
1396,7637477421,7645696164,8218743,8.218743,"funcionTransicion(Celula*, int, curandStateXORWOW*)",16,1024,63,0,88670208,8192
1397,7646515776,7653803355,7287579,7.287579,"funcionTransicion(Celula*, int, curandStateXORWOW*)",16,1024,63,0,88670208,8192
1398,7654630263,7662453263,7823000,7.823,"funcionTransicion(Celula*, int, curandStateXORWOW*)",16,1024,63,0,88670208,8192
1399,7663277291,7671853920,8576629,8.576629,"funcionTransicion(Celula*, int, curandStateXORWOW*)",16,1024,63,0,88670208,8192
1400,7672672060,7680084470,7412410,7.41241,"funcionTransicion(Celula*, int, curandStateXORWOW*)",16,1024,63,0,88670208,8192
1401,7680912210,7687768271,6856061,6.856061,"funcionTransicion(Celula*, int, curandStateXORWOW*)",16,1024,63,0,88670208,8192
1402,7688586027,7697002465,8416438,8.416438,"funcionTransicion(Celula*, int, curandStateXORWOW*)",16,1024,63,0,88670208,8192
1403,7697826012,7704813977,6987965,6.987965,"funcionTransicion(Celula*, int, curandStateXORWOW*)",16,1024,63,0,88670208,8192
1404,7705635349,7714509704,8874355,8.874355,"funcionTransicion(Celula*, int, curandStateXORWOW*)",16,1024,63,0,88670208,8192
1405,7715331844,7722334625,7002781,7.002781,"funcionTransicion(Celula*, int, curandStateXORWOW*)",16,1024,63,0,88670208,8192
1406,7723168477,7730551511,7383034,7.383034,"funcionTransicion(Celula*, int, curandStateXORWOW*)",16,1024,63,0,88670208,8192
1407,7731376755,7738598542,7221787,7.221787,"funcionTransicion(Celula*, int, curandStateXORWOW*)",16,1024,63,0,88670208,8192
1408,7739419338,7747223907,7804569,7.804569,"funcionTransicion(Celula*, int, curandStateXORWOW*)",16,1024,63,0,88670208,8192
1409,7748046175,7755405881,7359706,7.359706,"funcionTransicion(Celula*, int, curandStateXORWOW*)",16,1024,63,0,88670208,8192
1410,7756230453,7762767796,6537343,6.537343,"funcionTransicion(Celula*, int, curandStateXORWOW*)",16,1024,63,0,88670208,8192
1411,7763590096,7769716849,6126753,6.126753,"funcionTransicion(Celula*, int, curandStateXORWOW*)",16,1024,63,0,88670208,8192
1412,7770540813,7777615337,7074524,7.074524,"funcionTransicion(Celula*, int, curandStateXORWOW*)",16,1024,63,0,88670208,8192
1413,7778435589,7784808741,6373152,6.373152,"funcionTransicion(Celula*, int, curandStateXORWOW*)",16,1024,63,0,88670208,8192
1414,7785627073,7793245146,7618073,7.618073,"funcionTransicion(Celula*, int, curandStateXORWOW*)",16,1024,63,0,88670208,8192
1415,7794071478,7801421777,7350299,7.350299,"funcionTransicion(Celula*, int, curandStateXORWOW*)",16,1024,63,0,88670208,8192
1416,7802240781,7809362953,7122172,7.122172,"funcionTransicion(Celula*, int, curandStateXORWOW*)",16,1024,63,0,88670208,8192
1417,7810213156,7817790846,7577690,7.57769,"funcionTransicion(Celula*, int, curandStateXORWOW*)",16,1024,63,0,88670208,8192
1418,7818618938,7825758230,7139292,7.139292,"funcionTransicion(Celula*, int, curandStateXORWOW*)",16,1024,63,0,88670208,8192
1419,7826586194,7833902413,7316219,7.316219,"funcionTransicion(Celula*, int, curandStateXORWOW*)",16,1024,63,0,88670208,8192
1420,7834734633,7841557734,6823101,6.823101,"funcionTransicion(Celula*, int, curandStateXORWOW*)",16,1024,63,0,88670208,8192
1421,7842381186,7848939297,6558111,6.558111,"funcionTransicion(Celula*, int, curandStateXORWOW*)",16,1024,63,0,88670208,8192
1422,7849762589,7856500506,6737917,6.737917,"funcionTransicion(Celula*, int, curandStateXORWOW*)",16,1024,63,0,88670208,8192
1423,7857330358,7864143220,6812862,6.812862,"funcionTransicion(Celula*, int, curandStateXORWOW*)",16,1024,63,0,88670208,8192
1424,7864965232,7872259659,7294427,7.294427,"funcionTransicion(Celula*, int, curandStateXORWOW*)",16,1024,63,0,88670208,8192
1425,7873079111,7879899108,6819997,6.819997,"funcionTransicion(Celula*, int, curandStateXORWOW*)",16,1024,63,0,88670208,8192
1426,7880720160,7887731517,7011357,7.011357,"funcionTransicion(Celula*, int, curandStateXORWOW*)",16,1024,63,0,88670208,8192
1427,7888553017,7895057368,6504351,6.504351,"funcionTransicion(Celula*, int, curandStateXORWOW*)",16,1024,63,0,88670208,8192
1428,7895880340,7902401203,6520863,6.520863,"funcionTransicion(Celula*, int, curandStateXORWOW*)",16,1024,63,0,88670208,8192
1429,7903223983,7910593929,7369946,7.369946,"funcionTransicion(Celula*, int, curandStateXORWOW*)",16,1024,63,0,88670208,8192
1430,7911412869,7917653542,6240673,6.240673,"funcionTransicion(Celula*, int, curandStateXORWOW*)",16,1024,63,0,88670208,8192
1431,7918478497,7925542333,7063836,7.063836,"funcionTransicion(Celula*, int, curandStateXORWOW*)",16,1024,63,0,88670208,8192
1432,7926360153,7933296310,6936157,6.936157,"funcionTransicion(Celula*, int, curandStateXORWOW*)",16,1024,63,0,88670208,8192
1433,7934115890,7941983658,7867768,7.867768,"funcionTransicion(Celula*, int, curandStateXORWOW*)",16,1024,63,0,88670208,8192
1434,7942805478,7951030525,8225047,8.225047,"funcionTransicion(Celula*, int, curandStateXORWOW*)",16,1024,63,0,88670208,8192
1435,7951847993,7959138004,7290011,7.290011,"funcionTransicion(Celula*, int, curandStateXORWOW*)",16,1024,63,0,88670208,8192
1436,7959964304,7968178630,8214326,8.214326,"funcionTransicion(Celula*, int, curandStateXORWOW*)",16,1024,63,0,88670208,8192
1437,7969007234,7976348413,7341179,7.341179,"funcionTransicion(Celula*, int, curandStateXORWOW*)",16,1024,63,0,88670208,8192
1438,7977171768,7984106390,6934622,6.934622,"funcionTransicion(Celula*, int, curandStateXORWOW*)",16,1024,63,0,88670208,8192
1439,7984927057,7992779914,7852857,7.852857,"funcionTransicion(Celula*, int, curandStateXORWOW*)",16,1024,63,0,88670208,8192
1440,7993606725,8001487806,7881081,7.881081,"funcionTransicion(Celula*, int, curandStateXORWOW*)",16,1024,63,0,88670208,8192
1441,8084165947,8092385394,8219447,8.219447,"funcionTransicion(Celula*, int, curandStateXORWOW*)",16,1024,63,0,88670208,8192
1442,8093205966,8101706403,8500437,8.500437,"funcionTransicion(Celula*, int, curandStateXORWOW*)",16,1024,63,0,88670208,8192
1443,8102527615,8110225240,7697625,7.697625,"funcionTransicion(Celula*, int, curandStateXORWOW*)",16,1024,63,0,88670208,8192
1444,8111048084,8118758253,7710169,7.710169,"funcionTransicion(Celula*, int, curandStateXORWOW*)",16,1024,63,0,88670208,8192
1445,8119579817,8127135459,7555642,7.555642,"funcionTransicion(Celula*, int, curandStateXORWOW*)",16,1024,63,0,88670208,8192
1446,8127958942,8135840247,7881305,7.881305,"funcionTransicion(Celula*, int, curandStateXORWOW*)",16,1024,63,0,88670208,8192
1447,8136665746,8143208753,6543007,6.543007,"funcionTransicion(Celula*, int, curandStateXORWOW*)",16,1024,63,0,88670208,8192
1448,8144031693,8152007333,7975640,7.97564,"funcionTransicion(Celula*, int, curandStateXORWOW*)",16,1024,63,0,88670208,8192
1449,8152833056,8161938995,9105939,9.105939,"funcionTransicion(Celula*, int, curandStateXORWOW*)",16,1024,63,0,88670208,8192
1450,8162764655,8170187593,7422938,7.422938,"funcionTransicion(Celula*, int, curandStateXORWOW*)",16,1024,63,0,88670208,8192
1451,8171009413,8178533022,7523609,7.523609,"funcionTransicion(Celula*, int, curandStateXORWOW*)",16,1024,63,0,88670208,8192
1452,8179360858,8188622380,9261522,9.261522,"funcionTransicion(Celula*, int, curandStateXORWOW*)",16,1024,63,0,88670208,8192
1453,8189452199,8196999201,7547002,7.547002,"funcionTransicion(Celula*, int, curandStateXORWOW*)",16,1024,63,0,88670208,8192
1454,8197823101,8205584982,7761881,7.761881,"funcionTransicion(Celula*, int, curandStateXORWOW*)",16,1024,63,0,88670208,8192
1455,8206412242,8214126859,7714617,7.714617,"funcionTransicion(Celula*, int, curandStateXORWOW*)",16,1024,63,0,88670208,8192
1456,8214959590,8223020926,8061336,8.061336,"funcionTransicion(Celula*, int, curandStateXORWOW*)",16,1024,63,0,88670208,8192
1457,8223842233,8231620370,7778137,7.778137,"funcionTransicion(Celula*, int, curandStateXORWOW*)",16,1024,63,0,88670208,8192
1458,8232434318,8240765860,8331542,8.331542,"funcionTransicion(Celula*, int, curandStateXORWOW*)",16,1024,63,0,88670208,8192
1459,8241585312,8249702871,8117559,8.117559,"funcionTransicion(Celula*, int, curandStateXORWOW*)",16,1024,63,0,88670208,8192
1460,8250532243,8258345515,7813272,7.813272,"funcionTransicion(Celula*, int, curandStateXORWOW*)",16,1024,63,0,88670208,8192
1461,8259169351,8266557314,7387963,7.387963,"funcionTransicion(Celula*, int, curandStateXORWOW*)",16,1024,63,0,88670208,8192
1462,8267379166,8275149558,7770392,7.770392,"funcionTransicion(Celula*, int, curandStateXORWOW*)",16,1024,63,0,88670208,8192
1463,8275973074,8283646347,7673273,7.673273,"funcionTransicion(Celula*, int, curandStateXORWOW*)",16,1024,63,0,88670208,8192
1464,8284475719,8291552547,7076828,7.076828,"funcionTransicion(Celula*, int, curandStateXORWOW*)",16,1024,63,0,88670208,8192
1465,8292397855,8298974622,6576767,6.576767,"funcionTransicion(Celula*, int, curandStateXORWOW*)",16,1024,63,0,88670208,8192
1466,8299801530,8307458259,7656729,7.656729,"funcionTransicion(Celula*, int, curandStateXORWOW*)",16,1024,63,0,88670208,8192
1467,8308277519,8316931139,8653620,8.65362,"funcionTransicion(Celula*, int, curandStateXORWOW*)",16,1024,63,0,88670208,8192
1468,8317761791,8325922518,8160727,8.160727,"funcionTransicion(Celula*, int, curandStateXORWOW*)",16,1024,63,0,88670208,8192
1469,8326745617,8333925837,7180220,7.18022,"funcionTransicion(Celula*, int, curandStateXORWOW*)",16,1024,63,0,88670208,8192
1470,8334743753,8341808837,7065084,7.065084,"funcionTransicion(Celula*, int, curandStateXORWOW*)",16,1024,63,0,88670208,8192
1471,8342636801,8350695736,8058935,8.058935,"funcionTransicion(Celula*, int, curandStateXORWOW*)",16,1024,63,0,88670208,8192
1472,8351520948,8359479820,7958872,7.958872,"funcionTransicion(Celula*, int, curandStateXORWOW*)",16,1024,63,0,88670208,8192
1473,8360306408,8367883746,7577338,7.577338,"funcionTransicion(Celula*, int, curandStateXORWOW*)",16,1024,63,0,88670208,8192
1474,8368707005,8376680821,7973816,7.973816,"funcionTransicion(Celula*, int, curandStateXORWOW*)",16,1024,63,0,88670208,8192
1475,8377509073,8384810604,7301531,7.301531,"funcionTransicion(Celula*, int, curandStateXORWOW*)",16,1024,63,0,88670208,8192
1476,8385636232,8393438528,7802296,7.802296,"funcionTransicion(Celula*, int, curandStateXORWOW*)",16,1024,63,0,88670208,8192
1477,8394267580,8401615383,7347803,7.347803,"funcionTransicion(Celula*, int, curandStateXORWOW*)",16,1024,63,0,88670208,8192
1478,8402439059,8410509770,8070711,8.070711,"funcionTransicion(Celula*, int, curandStateXORWOW*)",16,1024,63,0,88670208,8192
1479,8411328006,8418634721,7306715,7.306715,"funcionTransicion(Celula*, int, curandStateXORWOW*)",16,1024,63,0,88670208,8192
1480,8419460573,8426230778,6770205,6.770205,"funcionTransicion(Celula*, int, curandStateXORWOW*)",16,1024,63,0,88670208,8192
1481,8427051447,8434058867,7007420,7.00742,"funcionTransicion(Celula*, int, curandStateXORWOW*)",16,1024,63,0,88670208,8192
1482,8434883279,8444410143,9526864,9.526864,"funcionTransicion(Celula*, int, curandStateXORWOW*)",16,1024,63,0,88670208,8192
1483,8445236571,8453157714,7921143,7.921143,"funcionTransicion(Celula*, int, curandStateXORWOW*)",16,1024,63,0,88670208,8192
1484,8453987534,8463000801,9013267,9.013267,"funcionTransicion(Celula*, int, curandStateXORWOW*)",16,1024,63,0,88670208,8192
1485,8463824925,8472506704,8681779,8.681779,"funcionTransicion(Celula*, int, curandStateXORWOW*)",16,1024,63,0,88670208,8192
1486,8473341164,8481057926,7716762,7.716762,"funcionTransicion(Celula*, int, curandStateXORWOW*)",16,1024,63,0,88670208,8192
1487,8481880321,8489877081,7996760,7.99676,"funcionTransicion(Celula*, int, curandStateXORWOW*)",16,1024,63,0,88670208,8192
1488,8490700437,8499767271,9066834,9.066834,"funcionTransicion(Celula*, int, curandStateXORWOW*)",16,1024,63,0,88670208,8192
1489,8500618467,8508807833,8189366,8.189366,"funcionTransicion(Celula*, int, curandStateXORWOW*)",16,1024,63,0,88670208,8192
1490,8509639733,8517248110,7608377,7.608377,"funcionTransicion(Celula*, int, curandStateXORWOW*)",16,1024,63,0,88670208,8192
1491,8518072106,8525920835,7848729,7.848729,"funcionTransicion(Celula*, int, curandStateXORWOW*)",16,1024,63,0,88670208,8192
1492,8526745727,8534542903,7797176,7.797176,"funcionTransicion(Celula*, int, curandStateXORWOW*)",16,1024,63,0,88670208,8192
1493,8535366355,8542399951,7033596,7.033596,"funcionTransicion(Celula*, int, curandStateXORWOW*)",16,1024,63,0,88670208,8192
1494,8543231115,8551146627,7915512,7.915512,"funcionTransicion(Celula*, int, curandStateXORWOW*)",16,1024,63,0,88670208,8192
1495,8551969375,8560030934,8061559,8.061559,"funcionTransicion(Celula*, int, curandStateXORWOW*)",16,1024,63,0,88670208,8192
1496,8560855122,8568542347,7687225,7.687225,"funcionTransicion(Celula*, int, curandStateXORWOW*)",16,1024,63,0,88670208,8192
1497,8569370471,8576414179,7043708,7.043708,"funcionTransicion(Celula*, int, curandStateXORWOW*)",16,1024,63,0,88670208,8192
1498,8577243103,8585029208,7786105,7.786105,"funcionTransicion(Celula*, int, curandStateXORWOW*)",16,1024,63,0,88670208,8192
1499,8585852724,8594076682,8223958,8.223958,"funcionTransicion(Celula*, int, curandStateXORWOW*)",16,1024,63,0,88670208,8192
1500,8594902438,8602097025,7194587,7.194587,"funcionTransicion(Celula*, int, curandStateXORWOW*)",16,1024,63,0,88670208,8192
1501,8602926174,8610189689,7263515,7.263515,"funcionTransicion(Celula*, int, curandStateXORWOW*)",16,1024,63,0,88670208,8192
1502,8611011764,8619805800,8794036,8.794036,"funcionTransicion(Celula*, int, curandStateXORWOW*)",16,1024,63,0,88670208,8192
1503,8620624452,8628638907,8014455,8.014455,"funcionTransicion(Celula*, int, curandStateXORWOW*)",16,1024,63,0,88670208,8192
1504,8629466999,8637074257,7607258,7.607258,"funcionTransicion(Celula*, int, curandStateXORWOW*)",16,1024,63,0,88670208,8192
1505,8637905772,8645953124,8047352,8.047352,"funcionTransicion(Celula*, int, curandStateXORWOW*)",16,1024,63,0,88670208,8192
1506,8646777600,8655244693,8467093,8.467093,"funcionTransicion(Celula*, int, curandStateXORWOW*)",16,1024,63,0,88670208,8192
1507,8656075057,8664215496,8140439,8.140439,"funcionTransicion(Celula*, int, curandStateXORWOW*)",16,1024,63,0,88670208,8192
1508,8665047203,8672707005,7659802,7.659802,"funcionTransicion(Celula*, int, curandStateXORWOW*)",16,1024,63,0,88670208,8192
1509,8673531961,8682156877,8624916,8.624916,"funcionTransicion(Celula*, int, curandStateXORWOW*)",16,1024,63,0,88670208,8192
1510,8682983785,8691143839,8160054,8.160054,"funcionTransicion(Celula*, int, curandStateXORWOW*)",16,1024,63,0,88670208,8192
1511,8691969083,8700488624,8519541,8.519541,"funcionTransicion(Celula*, int, curandStateXORWOW*)",16,1024,63,0,88670208,8192
1512,8701314988,8709163428,7848440,7.84844,"funcionTransicion(Celula*, int, curandStateXORWOW*)",16,1024,63,0,88670208,8192
1513,8710031392,8718352470,8321078,8.321078,"funcionTransicion(Celula*, int, curandStateXORWOW*)",16,1024,63,0,88670208,8192
1514,8719183378,8727282281,8098903,8.098903,"funcionTransicion(Celula*, int, curandStateXORWOW*)",16,1024,63,0,88670208,8192
1515,8728114277,8735471968,7357691,7.357691,"funcionTransicion(Celula*, int, curandStateXORWOW*)",16,1024,63,0,88670208,8192
1516,8736300603,8745413261,9112658,9.112658,"funcionTransicion(Celula*, int, curandStateXORWOW*)",16,1024,63,0,88670208,8192
1517,8746239977,8754846205,8606228,8.606228,"funcionTransicion(Celula*, int, curandStateXORWOW*)",16,1024,63,0,88670208,8192
1518,8755669594,8763722033,8052439,8.052439,"funcionTransicion(Celula*, int, curandStateXORWOW*)",16,1024,63,0,88670208,8192
1519,8764550668,8773980861,9430193,9.430193,"funcionTransicion(Celula*, int, curandStateXORWOW*)",16,1024,63,0,88670208,8192
1520,8774809369,8782216371,7407002,7.407002,"funcionTransicion(Celula*, int, curandStateXORWOW*)",16,1024,63,0,88670208,8192
1521,8783045967,8792410623,9364656,9.364656,"funcionTransicion(Celula*, int, curandStateXORWOW*)",16,1024,63,0,88670208,8192
1522,8793246172,8801657105,8410933,8.410933,"funcionTransicion(Celula*, int, curandStateXORWOW*)",16,1024,63,0,88670208,8192
1523,8802477069,8811124737,8647668,8.647668,"funcionTransicion(Celula*, int, curandStateXORWOW*)",16,1024,63,0,88670208,8192
1524,8811955133,8821435949,9480816,9.480816,"funcionTransicion(Celula*, int, curandStateXORWOW*)",16,1024,63,0,88670208,8192
1525,8822264169,8830813245,8549076,8.549076,"funcionTransicion(Celula*, int, curandStateXORWOW*)",16,1024,63,0,88670208,8192
1526,8831636697,8839676785,8040088,8.040088,"funcionTransicion(Celula*, int, curandStateXORWOW*)",16,1024,63,0,88670208,8192
1527,8840501580,8849910333,9408753,9.408753,"funcionTransicion(Celula*, int, curandStateXORWOW*)",16,1024,63,0,88670208,8192
1528,8850741689,8859756011,9014322,9.014322,"funcionTransicion(Celula*, int, curandStateXORWOW*)",16,1024,63,0,88670208,8192
1529,8860583943,8868294880,7710937,7.710937,"funcionTransicion(Celula*, int, curandStateXORWOW*)",16,1024,63,0,88670208,8192
1530,8869115388,8876289880,7174492,7.174492,"funcionTransicion(Celula*, int, curandStateXORWOW*)",16,1024,63,0,88670208,8192
1531,8877115987,8885277130,8161143,8.161143,"funcionTransicion(Celula*, int, curandStateXORWOW*)",16,1024,63,0,88670208,8192
1532,8886104326,8893994526,7890200,7.8902,"funcionTransicion(Celula*, int, curandStateXORWOW*)",16,1024,63,0,88670208,8192
1533,8894826778,8902414259,7587481,7.587481,"funcionTransicion(Celula*, int, curandStateXORWOW*)",16,1024,63,0,88670208,8192
1534,8903237455,8911197799,7960344,7.960344,"funcionTransicion(Celula*, int, curandStateXORWOW*)",16,1024,63,0,88670208,8192
1535,8912014115,8919211230,7197115,7.197115,"funcionTransicion(Celula*, int, curandStateXORWOW*)",16,1024,63,0,88670208,8192
1536,8920035610,8927984434,7948824,7.948824,"funcionTransicion(Celula*, int, curandStateXORWOW*)",16,1024,63,0,88670208,8192
1537,8928832366,8936892357,8059991,8.059991,"funcionTransicion(Celula*, int, curandStateXORWOW*)",16,1024,63,0,88670208,8192
1538,8937713633,8945434010,7720377,7.720377,"funcionTransicion(Celula*, int, curandStateXORWOW*)",16,1024,63,0,88670208,8192
1539,8946269846,8953170291,6900445,6.900445,"funcionTransicion(Celula*, int, curandStateXORWOW*)",16,1024,63,0,88670208,8192
1540,8953997327,8961686472,7689145,7.689145,"funcionTransicion(Celula*, int, curandStateXORWOW*)",16,1024,63,0,88670208,8192
1541,8962512452,8969884318,7371866,7.371866,"funcionTransicion(Celula*, int, curandStateXORWOW*)",16,1024,63,0,88670208,8192
1542,8970713562,8978959473,8245911,8.245911,"funcionTransicion(Celula*, int, curandStateXORWOW*)",16,1024,63,0,88670208,8192
1543,8979790060,8989106877,9316817,9.316817,"funcionTransicion(Celula*, int, curandStateXORWOW*)",16,1024,63,0,88670208,8192
1544,8989933593,8998558350,8624757,8.624757,"funcionTransicion(Celula*, int, curandStateXORWOW*)",16,1024,63,0,88670208,8192
1545,8999385450,9007592736,8207286,8.207286,"funcionTransicion(Celula*, int, curandStateXORWOW*)",16,1024,63,0,88670208,8192
1546,9008418396,9015206969,6788573,6.788573,"funcionTransicion(Celula*, int, curandStateXORWOW*)",16,1024,63,0,88670208,8192
1547,9016035349,9023418064,7382715,7.382715,"funcionTransicion(Celula*, int, curandStateXORWOW*)",16,1024,63,0,88670208,8192
1548,9024245932,9032345091,8099159,8.099159,"funcionTransicion(Celula*, int, curandStateXORWOW*)",16,1024,63,0,88670208,8192
1549,9033175455,9041202326,8026871,8.026871,"funcionTransicion(Celula*, int, curandStateXORWOW*)",16,1024,63,0,88670208,8192
1550,9042030066,9050066409,8036343,8.036343,"funcionTransicion(Celula*, int, curandStateXORWOW*)",16,1024,63,0,88670208,8192
1551,9050887749,9058152384,7264635,7.264635,"funcionTransicion(Celula*, int, curandStateXORWOW*)",16,1024,63,0,88670208,8192
1552,9058974172,9067247922,8273750,8.27375,"funcionTransicion(Celula*, int, curandStateXORWOW*)",16,1024,63,0,88670208,8192
1553,9068082958,9075835687,7752729,7.752729,"funcionTransicion(Celula*, int, curandStateXORWOW*)",16,1024,63,0,88670208,8192
1554,9076662755,9085684789,9022034,9.022034,"funcionTransicion(Celula*, int, curandStateXORWOW*)",16,1024,63,0,88670208,8192
1555,9086519857,9094238954,7719097,7.719097,"funcionTransicion(Celula*, int, curandStateXORWOW*)",16,1024,63,0,88670208,8192
1556,9095071653,9102913726,7842073,7.842073,"funcionTransicion(Celula*, int, curandStateXORWOW*)",16,1024,63,0,88670208,8192
1557,9103731130,9111674290,7943160,7.94316,"funcionTransicion(Celula*, int, curandStateXORWOW*)",16,1024,63,0,88670208,8192
1558,9112506285,9119585066,7078781,7.078781,"funcionTransicion(Celula*, int, curandStateXORWOW*)",16,1024,63,0,88670208,8192
1559,9120412742,9127547681,7134939,7.134939,"funcionTransicion(Celula*, int, curandStateXORWOW*)",16,1024,63,0,88670208,8192
1560,9128377277,9136429333,8052056,8.052056,"funcionTransicion(Celula*, int, curandStateXORWOW*)",16,1024,63,0,88670208,8192
1561,9219652272,9226652940,7000668,7.000668,"funcionTransicion(Celula*, int, curandStateXORWOW*)",16,1024,63,0,88670208,8192
1562,9227479176,9234971683,7492507,7.492507,"funcionTransicion(Celula*, int, curandStateXORWOW*)",16,1024,63,0,88670208,8192
1563,9235801438,9242792283,6990845,6.990845,"funcionTransicion(Celula*, int, curandStateXORWOW*)",16,1024,63,0,88670208,8192
1564,9243621591,9250926546,7304955,7.304955,"funcionTransicion(Celula*, int, curandStateXORWOW*)",16,1024,63,0,88670208,8192
1565,9251750190,9258691914,6941724,6.941724,"funcionTransicion(Celula*, int, curandStateXORWOW*)",16,1024,63,0,88670208,8192
1566,9259516998,9267510462,7993464,7.993464,"funcionTransicion(Celula*, int, curandStateXORWOW*)",16,1024,63,0,88670208,8192
1567,9268338234,9275883891,7545657,7.545657,"funcionTransicion(Celula*, int, curandStateXORWOW*)",16,1024,63,0,88670208,8192
1568,9276713840,9284351049,7637209,7.637209,"funcionTransicion(Celula*, int, curandStateXORWOW*)",16,1024,63,0,88670208,8192
1569,9285182597,9293519291,8336694,8.336694,"funcionTransicion(Celula*, int, curandStateXORWOW*)",16,1024,63,0,88670208,8192
1570,9294350550,9302102511,7751961,7.751961,"funcionTransicion(Celula*, int, curandStateXORWOW*)",16,1024,63,0,88670208,8192
1571,9302922219,9311181473,8259254,8.259254,"funcionTransicion(Celula*, int, curandStateXORWOW*)",16,1024,63,0,88670208,8192
1572,9312006461,9319778934,7772473,7.772473,"funcionTransicion(Celula*, int, curandStateXORWOW*)",16,1024,63,0,88670208,8192
1573,9320600338,9329270374,8670036,8.670036,"funcionTransicion(Celula*, int, curandStateXORWOW*)",16,1024,63,0,88670208,8192
1574,9330098881,9338345784,8246903,8.246903,"funcionTransicion(Celula*, int, curandStateXORWOW*)",16,1024,63,0,88670208,8192
1575,9339166772,9347175915,8009143,8.009143,"funcionTransicion(Celula*, int, curandStateXORWOW*)",16,1024,63,0,88670208,8192
1576,9347997799,9356920986,8923187,8.923187,"funcionTransicion(Celula*, int, curandStateXORWOW*)",16,1024,63,0,88670208,8192
1577,9357745206,9366096076,8350870,8.35087,"funcionTransicion(Celula*, int, curandStateXORWOW*)",16,1024,63,0,88670208,8192
1578,9366917352,9375311837,8394485,8.394485,"funcionTransicion(Celula*, int, curandStateXORWOW*)",16,1024,63,0,88670208,8192
1579,9376137817,9384987116,8849299,8.849299,"funcionTransicion(Celula*, int, curandStateXORWOW*)",16,1024,63,0,88670208,8192
1580,9385816456,9394277373,8460917,8.460917,"funcionTransicion(Celula*, int, curandStateXORWOW*)",16,1024,63,0,88670208,8192
1581,9395108153,9403530318,8422165,8.422165,"funcionTransicion(Celula*, int, curandStateXORWOW*)",16,1024,63,0,88670208,8192
1582,9404361642,9412516833,8155191,8.155191,"funcionTransicion(Celula*, int, curandStateXORWOW*)",16,1024,63,0,88670208,8192
1583,9413342909,9422710222,9367313,9.367313,"funcionTransicion(Celula*, int, curandStateXORWOW*)",16,1024,63,0,88670208,8192
1584,9423535657,9431889983,8354326,8.354326,"funcionTransicion(Celula*, int, curandStateXORWOW*)",16,1024,63,0,88670208,8192
1585,9432769531,9441483887,8714356,8.714356,"funcionTransicion(Celula*, int, curandStateXORWOW*)",16,1024,63,0,88670208,8192
1586,9442305834,9449702469,7396635,7.396635,"funcionTransicion(Celula*, int, curandStateXORWOW*)",16,1024,63,0,88670208,8192
1587,9450527329,9459309845,8782516,8.782516,"funcionTransicion(Celula*, int, curandStateXORWOW*)",16,1024,63,0,88670208,8192
1588,9460143184,9467914153,7770969,7.770969,"funcionTransicion(Celula*, int, curandStateXORWOW*)",16,1024,63,0,88670208,8192
1589,9468739493,9477690232,8950739,8.950739,"funcionTransicion(Celula*, int, curandStateXORWOW*)",16,1024,63,0,88670208,8192
1590,9478516499,9485836174,7319675,7.319675,"funcionTransicion(Celula*, int, curandStateXORWOW*)",16,1024,63,0,88670208,8192
1591,9486656490,9496034907,9378417,9.378417,"funcionTransicion(Celula*, int, curandStateXORWOW*)",16,1024,63,0,88670208,8192
1592,9496861271,9505438731,8577460,8.57746,"funcionTransicion(Celula*, int, curandStateXORWOW*)",16,1024,63,0,88670208,8192
1593,9506264103,9515265753,9001650,9.00165,"funcionTransicion(Celula*, int, curandStateXORWOW*)",16,1024,63,0,88670208,8192
1594,9516095573,9524590602,8495029,8.495029,"funcionTransicion(Celula*, int, curandStateXORWOW*)",16,1024,63,0,88670208,8192
1595,9525409126,9534082906,8673780,8.67378,"funcionTransicion(Celula*, int, curandStateXORWOW*)",16,1024,63,0,88670208,8192
1596,9534909814,9543656618,8746804,8.746804,"funcionTransicion(Celula*, int, curandStateXORWOW*)",16,1024,63,0,88670208,8192
1597,9544488422,9552869915,8381493,8.381493,"funcionTransicion(Celula*, int, curandStateXORWOW*)",16,1024,63,0,88670208,8192
1598,9553695735,9561974222,8278487,8.278487,"funcionTransicion(Celula*, int, curandStateXORWOW*)",16,1024,63,0,88670208,8192
1599,9562798537,9571171199,8372662,8.372662,"funcionTransicion(Celula*, int, curandStateXORWOW*)",16,1024,63,0,88670208,8192
1600,9571997915,9580099186,8101271,8.101271,"funcionTransicion(Celula*, int, curandStateXORWOW*)",16,1024,63,0,88670208,8192
1601,9580929646,9588427144,7497498,7.497498,"funcionTransicion(Celula*, int, curandStateXORWOW*)",16,1024,63,0,88670208,8192
1602,9589249827,9597549626,8299799,8.299799,"funcionTransicion(Celula*, int, curandStateXORWOW*)",16,1024,63,0,88670208,8192
1603,9598385973,9606096494,7710521,7.710521,"funcionTransicion(Celula*, int, curandStateXORWOW*)",16,1024,63,0,88670208,8192
1604,9606922090,9614681283,7759193,7.759193,"funcionTransicion(Celula*, int, curandStateXORWOW*)",16,1024,63,0,88670208,8192
1605,9615517087,9623659157,8142070,8.14207,"funcionTransicion(Celula*, int, curandStateXORWOW*)",16,1024,63,0,88670208,8192
1606,9624480882,9632066411,7585529,7.585529,"funcionTransicion(Celula*, int, curandStateXORWOW*)",16,1024,63,0,88670208,8192
1607,9632894535,9640810335,7915800,7.9158,"funcionTransicion(Celula*, int, curandStateXORWOW*)",16,1024,63,0,88670208,8192
1608,9641645979,9649803089,8157110,8.15711,"funcionTransicion(Celula*, int, curandStateXORWOW*)",16,1024,63,0,88670208,8192
1609,9650655405,9658912292,8256887,8.256887,"funcionTransicion(Celula*, int, curandStateXORWOW*)",16,1024,63,0,88670208,8192
1610,9659741695,9669084720,9343025,9.343025,"funcionTransicion(Celula*, int, curandStateXORWOW*)",16,1024,63,0,88670208,8192
1611,9669911084,9678674527,8763443,8.763443,"funcionTransicion(Celula*, int, curandStateXORWOW*)",16,1024,63,0,88670208,8192
1612,9679503163,9687819121,8315958,8.315958,"funcionTransicion(Celula*, int, curandStateXORWOW*)",16,1024,63,0,88670208,8192
1613,9688644973,9697082882,8437909,8.437909,"funcionTransicion(Celula*, int, curandStateXORWOW*)",16,1024,63,0,88670208,8192
1614,9697907582,9706311028,8403446,8.403446,"funcionTransicion(Celula*, int, curandStateXORWOW*)",16,1024,63,0,88670208,8192
1615,9707133712,9715988547,8854835,8.854835,"funcionTransicion(Celula*, int, curandStateXORWOW*)",16,1024,63,0,88670208,8192
1616,9716815647,9724801910,7986263,7.986263,"funcionTransicion(Celula*, int, curandStateXORWOW*)",16,1024,63,0,88670208,8192
1617,9725625170,9733060973,7435803,7.435803,"funcionTransicion(Celula*, int, curandStateXORWOW*)",16,1024,63,0,88670208,8192
1618,9733884648,9741959232,8074584,8.074584,"funcionTransicion(Celula*, int, curandStateXORWOW*)",16,1024,63,0,88670208,8192
1619,9742783100,9750244566,7461466,7.461466,"funcionTransicion(Celula*, int, curandStateXORWOW*)",16,1024,63,0,88670208,8192
1620,9751068690,9759898469,8829779,8.829779,"funcionTransicion(Celula*, int, curandStateXORWOW*)",16,1024,63,0,88670208,8192
1621,9760727681,9769159894,8432213,8.432213,"funcionTransicion(Celula*, int, curandStateXORWOW*)",16,1024,63,0,88670208,8192
1622,9769986834,9778268840,8282006,8.282006,"funcionTransicion(Celula*, int, curandStateXORWOW*)",16,1024,63,0,88670208,8192
1623,9779096292,9788088311,8992019,8.992019,"funcionTransicion(Celula*, int, curandStateXORWOW*)",16,1024,63,0,88670208,8192
1624,9788924306,9798954272,10029966,10.029966,"funcionTransicion(Celula*, int, curandStateXORWOW*)",16,1024,63,0,88670208,8192
1625,9799777628,9808360400,8582772,8.582772,"funcionTransicion(Celula*, int, curandStateXORWOW*)",16,1024,63,0,88670208,8192
1626,9809184876,9817253411,8068535,8.068535,"funcionTransicion(Celula*, int, curandStateXORWOW*)",16,1024,63,0,88670208,8192
1627,9818091071,9825950935,7859864,7.859864,"funcionTransicion(Celula*, int, curandStateXORWOW*)",16,1024,63,0,88670208,8192
1628,9826775923,9835144105,8368182,8.368182,"funcionTransicion(Celula*, int, curandStateXORWOW*)",16,1024,63,0,88670208,8192
1629,9835974885,9845332917,9358032,9.358032,"funcionTransicion(Celula*, int, curandStateXORWOW*)",16,1024,63,0,88670208,8192
1630,9846152305,9854978212,8825907,8.825907,"funcionTransicion(Celula*, int, curandStateXORWOW*)",16,1024,63,0,88670208,8192
1631,9855810528,9863403066,7592538,7.592538,"funcionTransicion(Celula*, int, curandStateXORWOW*)",16,1024,63,0,88670208,8192
1632,9864228725,9873008041,8779316,8.779316,"funcionTransicion(Celula*, int, curandStateXORWOW*)",16,1024,63,0,88670208,8192
1633,9873899685,9882381658,8481973,8.481973,"funcionTransicion(Celula*, int, curandStateXORWOW*)",16,1024,63,0,88670208,8192
1634,9883204949,9892158728,8953779,8.953779,"funcionTransicion(Celula*, int, curandStateXORWOW*)",16,1024,63,0,88670208,8192
1635,9892986244,9902934514,9948270,9.94827,"funcionTransicion(Celula*, int, curandStateXORWOW*)",16,1024,63,0,88670208,8192
1636,9903755054,9912613313,8858259,8.858259,"funcionTransicion(Celula*, int, curandStateXORWOW*)",16,1024,63,0,88670208,8192
1637,9913438173,9922340656,8902483,8.902483,"funcionTransicion(Celula*, int, curandStateXORWOW*)",16,1024,63,0,88670208,8192
1638,9923158380,9931893120,8734740,8.73474,"funcionTransicion(Celula*, int, curandStateXORWOW*)",16,1024,63,0,88670208,8192
1639,9932721435,9941914381,9192946,9.192946,"funcionTransicion(Celula*, int, curandStateXORWOW*)",16,1024,63,0,88670208,8192
1640,9942741225,9951875514,9134289,9.134289,"funcionTransicion(Celula*, int, curandStateXORWOW*)",16,1024,63,0,88670208,8192
1641,9952705878,9961070924,8365046,8.365046,"funcionTransicion(Celula*, int, curandStateXORWOW*)",16,1024,63,0,88670208,8192
1642,9961902440,9972254868,10352428,10.352428,"funcionTransicion(Celula*, int, curandStateXORWOW*)",16,1024,63,0,88670208,8192
1643,9973075759,9982419520,9343761,9.343761,"funcionTransicion(Celula*, int, curandStateXORWOW*)",16,1024,63,0,88670208,8192
1644,9983254396,9991431283,8176887,8.176887,"funcionTransicion(Celula*, int, curandStateXORWOW*)",16,1024,63,0,88670208,8192
1645,9992260494,10000179846,7919352,7.919352,"funcionTransicion(Celula*, int, curandStateXORWOW*)",16,1024,63,0,88670208,8192
1646,10001009250,10009862230,8852980,8.85298,"funcionTransicion(Celula*, int, curandStateXORWOW*)",16,1024,63,0,88670208,8192
1647,10010685969,10019408101,8722132,8.722132,"funcionTransicion(Celula*, int, curandStateXORWOW*)",16,1024,63,0,88670208,8192
1648,10020236865,10029808977,9572112,9.572112,"funcionTransicion(Celula*, int, curandStateXORWOW*)",16,1024,63,0,88670208,8192
1649,10030642764,10039981917,9339153,9.339153,"funcionTransicion(Celula*, int, curandStateXORWOW*)",16,1024,63,0,88670208,8192
1650,10040813177,10050067434,9254257,9.254257,"funcionTransicion(Celula*, int, curandStateXORWOW*)",16,1024,63,0,88670208,8192
1651,10050890694,10059653594,8762900,8.7629,"funcionTransicion(Celula*, int, curandStateXORWOW*)",16,1024,63,0,88670208,8192
1652,10060480470,10070696546,10216076,10.216076,"funcionTransicion(Celula*, int, curandStateXORWOW*)",16,1024,63,0,88670208,8192
1653,10071523614,10080425745,8902131,8.902131,"funcionTransicion(Celula*, int, curandStateXORWOW*)",16,1024,63,0,88670208,8192
1654,10081258509,10089471587,8213078,8.213078,"funcionTransicion(Celula*, int, curandStateXORWOW*)",16,1024,63,0,88670208,8192
1655,10090298623,10098800756,8502133,8.502133,"funcionTransicion(Celula*, int, curandStateXORWOW*)",16,1024,63,0,88670208,8192
1656,10099635664,10107566664,7931000,7.931,"funcionTransicion(Celula*, int, curandStateXORWOW*)",16,1024,63,0,88670208,8192
1657,10108417699,10117197655,8779956,8.779956,"funcionTransicion(Celula*, int, curandStateXORWOW*)",16,1024,63,0,88670208,8192
1658,10118025843,10127429603,9403760,9.40376,"funcionTransicion(Celula*, int, curandStateXORWOW*)",16,1024,63,0,88670208,8192
1659,10128251903,10136468278,8216375,8.216375,"funcionTransicion(Celula*, int, curandStateXORWOW*)",16,1024,63,0,88670208,8192
1660,10137303697,10146858529,9554832,9.554832,"funcionTransicion(Celula*, int, curandStateXORWOW*)",16,1024,63,0,88670208,8192
1661,10147694525,10156473649,8779124,8.779124,"funcionTransicion(Celula*, int, curandStateXORWOW*)",16,1024,63,0,88670208,8192
1662,10157306060,10165361059,8054999,8.054999,"funcionTransicion(Celula*, int, curandStateXORWOW*)",16,1024,63,0,88670208,8192
1663,10166189023,10175463313,9274290,9.27429,"funcionTransicion(Celula*, int, curandStateXORWOW*)",16,1024,63,0,88670208,8192
1664,10176298316,10186185690,9887374,9.887374,"funcionTransicion(Celula*, int, curandStateXORWOW*)",16,1024,63,0,88670208,8192
1665,10187018262,10196430694,9412432,9.412432,"funcionTransicion(Celula*, int, curandStateXORWOW*)",16,1024,63,0,88670208,8192
1666,10197258882,10207385551,10126669,10.126669,"funcionTransicion(Celula*, int, curandStateXORWOW*)",16,1024,63,0,88670208,8192
1667,10208215051,10219007444,10792393,10.792393,"funcionTransicion(Celula*, int, curandStateXORWOW*)",16,1024,63,0,88670208,8192
1668,10219836528,10229629503,9792975,9.792975,"funcionTransicion(Celula*, int, curandStateXORWOW*)",16,1024,63,0,88670208,8192
1669,10230460026,10239656204,9196178,9.196178,"funcionTransicion(Celula*, int, curandStateXORWOW*)",16,1024,63,0,88670208,8192
1670,10240485320,10249199292,8713972,8.713972,"funcionTransicion(Celula*, int, curandStateXORWOW*)",16,1024,63,0,88670208,8192
1671,10250032568,10259213417,9180849,9.180849,"funcionTransicion(Celula*, int, curandStateXORWOW*)",16,1024,63,0,88670208,8192
1672,10260048581,10269895859,9847278,9.847278,"funcionTransicion(Celula*, int, curandStateXORWOW*)",16,1024,63,0,88670208,8192
1673,10270721551,10281019067,10297516,10.297516,"funcionTransicion(Celula*, int, curandStateXORWOW*)",16,1024,63,0,88670208,8192
1674,10281851191,10292014083,10162892,10.162892,"funcionTransicion(Celula*, int, curandStateXORWOW*)",16,1024,63,0,88670208,8192
1675,10292848991,10301790802,8941811,8.941811,"funcionTransicion(Celula*, int, curandStateXORWOW*)",16,1024,63,0,88670208,8192
1676,10302623886,10311734527,9110641,9.110641,"funcionTransicion(Celula*, int, curandStateXORWOW*)",16,1024,63,0,88670208,8192
1677,10312557916,10321874028,9316112,9.316112,"funcionTransicion(Celula*, int, curandStateXORWOW*)",16,1024,63,0,88670208,8192
1678,10322712328,10331924250,9211922,9.211922,"funcionTransicion(Celula*, int, curandStateXORWOW*)",16,1024,63,0,88670208,8192
1679,10332755445,10341459657,8704212,8.704212,"funcionTransicion(Celula*, int, curandStateXORWOW*)",16,1024,63,0,88670208,8192
1680,10342288101,10351498998,9210897,9.210897,"funcionTransicion(Celula*, int, curandStateXORWOW*)",16,1024,63,0,88670208,8192
1681,10436134699,10445008606,8873907,8.873907,"funcionTransicion(Celula*, int, curandStateXORWOW*)",16,1024,63,0,88670208,8192
1682,10445838586,10454709069,8870483,8.870483,"funcionTransicion(Celula*, int, curandStateXORWOW*)",16,1024,63,0,88670208,8192
1683,10455541801,10464687738,9145937,9.145937,"funcionTransicion(Celula*, int, curandStateXORWOW*)",16,1024,63,0,88670208,8192
1684,10465518262,10475571683,10053421,10.053421,"funcionTransicion(Celula*, int, curandStateXORWOW*)",16,1024,63,0,88670208,8192
1685,10476401823,10485735120,9333297,9.333297,"funcionTransicion(Celula*, int, curandStateXORWOW*)",16,1024,63,0,88670208,8192
1686,10486563852,10497800019,11236167,11.236167,"funcionTransicion(Celula*, int, curandStateXORWOW*)",16,1024,63,0,88670208,8192
1687,10498638447,10509015258,10376811,10.376811,"funcionTransicion(Celula*, int, curandStateXORWOW*)",16,1024,63,0,88670208,8192
1688,10509849526,10519287910,9438384,9.438384,"funcionTransicion(Celula*, int, curandStateXORWOW*)",16,1024,63,0,88670208,8192
1689,10520119042,10529853873,9734831,9.734831,"funcionTransicion(Celula*, int, curandStateXORWOW*)",16,1024,63,0,88670208,8192
1690,10530680013,10541275031,10595018,10.595018,"funcionTransicion(Celula*, int, curandStateXORWOW*)",16,1024,63,0,88670208,8192
1691,10542102835,10551881666,9778831,9.778831,"funcionTransicion(Celula*, int, curandStateXORWOW*)",16,1024,63,0,88670208,8192
1692,10552704829,10563698566,10993737,10.993737,"funcionTransicion(Celula*, int, curandStateXORWOW*)",16,1024,63,0,88670208,8192
1693,10564531266,10574309680,9778414,9.778414,"funcionTransicion(Celula*, int, curandStateXORWOW*)",16,1024,63,0,88670208,8192
1694,10575141516,10584816795,9675279,9.675279,"funcionTransicion(Celula*, int, curandStateXORWOW*)",16,1024,63,0,88670208,8192
1695,10585658711,10596568224,10909513,10.909513,"funcionTransicion(Celula*, int, curandStateXORWOW*)",16,1024,63,0,88670208,8192
1696,10597396828,10608643075,11246247,11.246247,"funcionTransicion(Celula*, int, curandStateXORWOW*)",16,1024,63,0,88670208,8192
1697,10609470495,10619615051,10144556,10.144556,"funcionTransicion(Celula*, int, curandStateXORWOW*)",16,1024,63,0,88670208,8192
1698,10620448711,10630454644,10005933,10.005933,"funcionTransicion(Celula*, int, curandStateXORWOW*)",16,1024,63,0,88670208,8192
1699,10631291504,10641092703,9801199,9.801199,"funcionTransicion(Celula*, int, curandStateXORWOW*)",16,1024,63,0,88670208,8192
1700,10641926746,10652379366,10452620,10.45262,"funcionTransicion(Celula*, int, curandStateXORWOW*)",16,1024,63,0,88670208,8192
1701,10653208641,10663371630,10162989,10.162989,"funcionTransicion(Celula*, int, curandStateXORWOW*)",16,1024,63,0,88670208,8192
1702,10664208618,10675470257,11261639,11.261639,"funcionTransicion(Celula*, int, curandStateXORWOW*)",16,1024,63,0,88670208,8192
1703,10676304909,10685929084,9624175,9.624175,"funcionTransicion(Celula*, int, curandStateXORWOW*)",16,1024,63,0,88670208,8192
1704,10686755192,10697654337,10899145,10.899145,"funcionTransicion(Celula*, int, curandStateXORWOW*)",16,1024,63,0,88670208,8192
1705,10698521052,10709162438,10641386,10.641386,"funcionTransicion(Celula*, int, curandStateXORWOW*)",16,1024,63,0,88670208,8192
1706,10710001474,10719649489,9648015,9.648015,"funcionTransicion(Celula*, int, curandStateXORWOW*)",16,1024,63,0,88670208,8192
1707,10720473005,10730684986,10211981,10.211981,"funcionTransicion(Celula*, int, curandStateXORWOW*)",16,1024,63,0,88670208,8192
1708,10731509846,10743490457,11980611,11.980611,"funcionTransicion(Celula*, int, curandStateXORWOW*)",16,1024,63,0,88670208,8192
1709,10744316181,10754063716,9747535,9.747535,"funcionTransicion(Celula*, int, curandStateXORWOW*)",16,1024,63,0,88670208,8192
1710,10754888608,10765026444,10137836,10.137836,"funcionTransicion(Celula*, int, curandStateXORWOW*)",16,1024,63,0,88670208,8192
1711,10765849928,10775725910,9875982,9.875982,"funcionTransicion(Celula*, int, curandStateXORWOW*)",16,1024,63,0,88670208,8192
1712,10776552722,10786666591,10113869,10.113869,"funcionTransicion(Celula*, int, curandStateXORWOW*)",16,1024,63,0,88670208,8192
1713,10787497371,10798674882,11177511,11.177511,"funcionTransicion(Celula*, int, curandStateXORWOW*)",16,1024,63,0,88670208,8192
1714,10799514942,10810017641,10502699,10.502699,"funcionTransicion(Celula*, int, curandStateXORWOW*)",16,1024,63,0,88670208,8192
1715,10810846085,10821741581,10895496,10.895496,"funcionTransicion(Celula*, int, curandStateXORWOW*)",16,1024,63,0,88670208,8192
1716,10822576969,10833098452,10521483,10.521483,"funcionTransicion(Celula*, int, curandStateXORWOW*)",16,1024,63,0,88670208,8192
1717,10833922864,10844602394,10679530,10.67953,"funcionTransicion(Celula*, int, curandStateXORWOW*)",16,1024,63,0,88670208,8192
1718,10845432982,10856482590,11049608,11.049608,"funcionTransicion(Celula*, int, curandStateXORWOW*)",16,1024,63,0,88670208,8192
1719,10857307930,10866381420,9073490,9.07349,"funcionTransicion(Celula*, int, curandStateXORWOW*)",16,1024,63,0,88670208,8192
1720,10867207143,10878815309,11608166,11.608166,"funcionTransicion(Celula*, int, curandStateXORWOW*)",16,1024,63,0,88670208,8192
1721,10879640201,10891038447,11398246,11.398246,"funcionTransicion(Celula*, int, curandStateXORWOW*)",16,1024,63,0,88670208,8192
1722,10891870475,10904031150,12160675,12.160675,"funcionTransicion(Celula*, int, curandStateXORWOW*)",16,1024,63,0,88670208,8192
1723,10904861225,10916937004,12075779,12.075779,"funcionTransicion(Celula*, int, curandStateXORWOW*)",16,1024,63,0,88670208,8192
1724,10917769416,10927806741,10037325,10.037325,"funcionTransicion(Celula*, int, curandStateXORWOW*)",16,1024,63,0,88670208,8192
1725,10928635697,10938643455,10007758,10.007758,"funcionTransicion(Celula*, int, curandStateXORWOW*)",16,1024,63,0,88670208,8192
1726,10939474042,10949486312,10012270,10.01227,"funcionTransicion(Celula*, int, curandStateXORWOW*)",16,1024,63,0,88670208,8192
1727,10950319524,10960422352,10102828,10.102828,"funcionTransicion(Celula*, int, curandStateXORWOW*)",16,1024,63,0,88670208,8192
1728,10961253580,10969652450,8398870,8.39887,"funcionTransicion(Celula*, int, curandStateXORWOW*)",16,1024,63,0,88670208,8192
1729,10970552221,10979768431,9216210,9.21621,"funcionTransicion(Celula*, int, curandStateXORWOW*)",16,1024,63,0,88670208,8192
1730,10980602667,10990504536,9901869,9.901869,"funcionTransicion(Celula*, int, curandStateXORWOW*)",16,1024,63,0,88670208,8192
1731,10991338772,11001648288,10309516,10.309516,"funcionTransicion(Celula*, int, curandStateXORWOW*)",16,1024,63,0,88670208,8192
1732,11002483804,11011693325,9209521,9.209521,"funcionTransicion(Celula*, int, curandStateXORWOW*)",16,1024,63,0,88670208,8192
1733,11012521097,11022132217,9611120,9.61112,"funcionTransicion(Celula*, int, curandStateXORWOW*)",16,1024,63,0,88670208,8192
1734,11022963349,11033579455,10616106,10.616106,"funcionTransicion(Celula*, int, curandStateXORWOW*)",16,1024,63,0,88670208,8192
1735,11034407675,11044436552,10028877,10.028877,"funcionTransicion(Celula*, int, curandStateXORWOW*)",16,1024,63,0,88670208,8192
1736,11045274372,11055130034,9855662,9.855662,"funcionTransicion(Celula*, int, curandStateXORWOW*)",16,1024,63,0,88670208,8192
1737,11055953678,11064711586,8757908,8.757908,"funcionTransicion(Celula*, int, curandStateXORWOW*)",16,1024,63,0,88670208,8192
1738,11065538781,11076233351,10694570,10.69457,"funcionTransicion(Celula*, int, curandStateXORWOW*)",16,1024,63,0,88670208,8192
1739,11077067171,11088992582,11925411,11.925411,"funcionTransicion(Celula*, int, curandStateXORWOW*)",16,1024,63,0,88670208,8192
1740,11089820322,11099649745,9829423,9.829423,"funcionTransicion(Celula*, int, curandStateXORWOW*)",16,1024,63,0,88670208,8192
1741,11100485164,11110504346,10019182,10.019182,"funcionTransicion(Celula*, int, curandStateXORWOW*)",16,1024,63,0,88670208,8192
1742,11111335382,11122365630,11030248,11.030248,"funcionTransicion(Celula*, int, curandStateXORWOW*)",16,1024,63,0,88670208,8192
1743,11123199450,11134086467,10887017,10.887017,"funcionTransicion(Celula*, int, curandStateXORWOW*)",16,1024,63,0,88670208,8192
1744,11134923487,11146560548,11637061,11.637061,"funcionTransicion(Celula*, int, curandStateXORWOW*)",16,1024,63,0,88670208,8192
1745,11147391840,11158437960,11046120,11.04612,"funcionTransicion(Celula*, int, curandStateXORWOW*)",16,1024,63,0,88670208,8192
1746,11159268803,11170967304,11698501,11.698501,"funcionTransicion(Celula*, int, curandStateXORWOW*)",16,1024,63,0,88670208,8192
1747,11171794084,11182324399,10530315,10.530315,"funcionTransicion(Celula*, int, curandStateXORWOW*)",16,1024,63,0,88670208,8192
1748,11183151595,11194272658,11121063,11.121063,"funcionTransicion(Celula*, int, curandStateXORWOW*)",16,1024,63,0,88670208,8192
1749,11195104590,11205745464,10640874,10.640874,"funcionTransicion(Celula*, int, curandStateXORWOW*)",16,1024,63,0,88670208,8192
1750,11206575540,11217190239,10614699,10.614699,"funcionTransicion(Celula*, int, curandStateXORWOW*)",16,1024,63,0,88670208,8192
1751,11218027578,11228323334,10295756,10.295756,"funcionTransicion(Celula*, int, curandStateXORWOW*)",16,1024,63,0,88670208,8192
1752,11229155938,11239465326,10309388,10.309388,"funcionTransicion(Celula*, int, curandStateXORWOW*)",16,1024,63,0,88670208,8192
1753,11240336105,11251333458,10997353,10.997353,"funcionTransicion(Celula*, int, curandStateXORWOW*)",16,1024,63,0,88670208,8192
1754,11252167694,11263155542,10987848,10.987848,"funcionTransicion(Celula*, int, curandStateXORWOW*)",16,1024,63,0,88670208,8192
1755,11263989330,11274839707,10850377,10.850377,"funcionTransicion(Celula*, int, curandStateXORWOW*)",16,1024,63,0,88670208,8192
1756,11275676055,11286803167,11127112,11.127112,"funcionTransicion(Celula*, int, curandStateXORWOW*)",16,1024,63,0,88670208,8192
1757,11287632827,11298615523,10982696,10.982696,"funcionTransicion(Celula*, int, curandStateXORWOW*)",16,1024,63,0,88670208,8192
1758,11299449087,11311050436,11601349,11.601349,"funcionTransicion(Celula*, int, curandStateXORWOW*)",16,1024,63,0,88670208,8192
1759,11311875136,11323359494,11484358,11.484358,"funcionTransicion(Celula*, int, curandStateXORWOW*)",16,1024,63,0,88670208,8192
1760,11324194786,11335483913,11289127,11.289127,"funcionTransicion(Celula*, int, curandStateXORWOW*)",16,1024,63,0,88670208,8192
1761,11336318276,11346240114,9921838,9.921838,"funcionTransicion(Celula*, int, curandStateXORWOW*)",16,1024,63,0,88670208,8192
1762,11347072334,11358131382,11059048,11.059048,"funcionTransicion(Celula*, int, curandStateXORWOW*)",16,1024,63,0,88670208,8192
1763,11358961266,11370327096,11365830,11.36583,"funcionTransicion(Celula*, int, curandStateXORWOW*)",16,1024,63,0,88670208,8192
1764,11371162676,11383026424,11863748,11.863748,"funcionTransicion(Celula*, int, curandStateXORWOW*)",16,1024,63,0,88670208,8192
1765,11383846068,11394916764,11070696,11.070696,"funcionTransicion(Celula*, int, curandStateXORWOW*)",16,1024,63,0,88670208,8192
1766,11395745368,11406000356,10254988,10.254988,"funcionTransicion(Celula*, int, curandStateXORWOW*)",16,1024,63,0,88670208,8192
1767,11406833664,11418348006,11514342,11.514342,"funcionTransicion(Celula*, int, curandStateXORWOW*)",16,1024,63,0,88670208,8192
1768,11419190849,11430940390,11749541,11.749541,"funcionTransicion(Celula*, int, curandStateXORWOW*)",16,1024,63,0,88670208,8192
1769,11431768194,11444175459,12407265,12.407265,"funcionTransicion(Celula*, int, curandStateXORWOW*)",16,1024,63,0,88670208,8192
1770,11445004959,11456760868,11755909,11.755909,"funcionTransicion(Celula*, int, curandStateXORWOW*)",16,1024,63,0,88670208,8192
1771,11457587231,11468933254,11346023,11.346023,"funcionTransicion(Celula*, int, curandStateXORWOW*)",16,1024,63,0,88670208,8192
1772,11469762146,11481963716,12201570,12.20157,"funcionTransicion(Celula*, int, curandStateXORWOW*)",16,1024,63,0,88670208,8192
1773,11482791584,11493811080,11019496,11.019496,"funcionTransicion(Celula*, int, curandStateXORWOW*)",16,1024,63,0,88670208,8192
1774,11494638180,11506092746,11454566,11.454566,"funcionTransicion(Celula*, int, curandStateXORWOW*)",16,1024,63,0,88670208,8192
1775,11506928838,11520253155,13324317,13.324317,"funcionTransicion(Celula*, int, curandStateXORWOW*)",16,1024,63,0,88670208,8192
1776,11521091134,11533100898,12009764,12.009764,"funcionTransicion(Celula*, int, curandStateXORWOW*)",16,1024,63,0,88670208,8192
1777,11533955901,11545866977,11911076,11.911076,"funcionTransicion(Celula*, int, curandStateXORWOW*)",16,1024,63,0,88670208,8192
1778,11546701597,11556984809,10283212,10.283212,"funcionTransicion(Celula*, int, curandStateXORWOW*)",16,1024,63,0,88670208,8192
1779,11557820357,11569166827,11346470,11.34647,"funcionTransicion(Celula*, int, curandStateXORWOW*)",16,1024,63,0,88670208,8192
1780,11570000487,11582218089,12217602,12.217602,"funcionTransicion(Celula*, int, curandStateXORWOW*)",16,1024,63,0,88670208,8192
1781,11583051237,11594241357,11190120,11.19012,"funcionTransicion(Celula*, int, curandStateXORWOW*)",16,1024,63,0,88670208,8192
1782,11595070537,11607829480,12758943,12.758943,"funcionTransicion(Celula*, int, curandStateXORWOW*)",16,1024,63,0,88670208,8192
1783,11608660132,11619186895,10526763,10.526763,"funcionTransicion(Celula*, int, curandStateXORWOW*)",16,1024,63,0,88670208,8192
1784,11620018250,11630947347,10929097,10.929097,"funcionTransicion(Celula*, int, curandStateXORWOW*)",16,1024,63,0,88670208,8192
1785,11631788847,11643176117,11387270,11.38727,"funcionTransicion(Celula*, int, curandStateXORWOW*)",16,1024,63,0,88670208,8192
1786,11644009617,11654882970,10873353,10.873353,"funcionTransicion(Celula*, int, curandStateXORWOW*)",16,1024,63,0,88670208,8192
1787,11655717910,11667088252,11370342,11.370342,"funcionTransicion(Celula*, int, curandStateXORWOW*)",16,1024,63,0,88670208,8192
1788,11667925144,11679025664,11100520,11.10052,"funcionTransicion(Celula*, int, curandStateXORWOW*)",16,1024,63,0,88670208,8192
1789,11679853724,11690994211,11140487,11.140487,"funcionTransicion(Celula*, int, curandStateXORWOW*)",16,1024,63,0,88670208,8192
1790,11691835935,11703640867,11804932,11.804932,"funcionTransicion(Celula*, int, curandStateXORWOW*)",16,1024,63,0,88670208,8192
1791,11704473983,11715904294,11430311,11.430311,"funcionTransicion(Celula*, int, curandStateXORWOW*)",16,1024,63,0,88670208,8192
1792,11716743201,11727535819,10792618,10.792618,"funcionTransicion(Celula*, int, curandStateXORWOW*)",16,1024,63,0,88670208,8192
1793,11728360198,11740233035,11872837,11.872837,"funcionTransicion(Celula*, int, curandStateXORWOW*)",16,1024,63,0,88670208,8192
1794,11741064646,11753459560,12394914,12.394914,"funcionTransicion(Celula*, int, curandStateXORWOW*)",16,1024,63,0,88670208,8192
1795,11754292068,11766881284,12589216,12.589216,"funcionTransicion(Celula*, int, curandStateXORWOW*)",16,1024,63,0,88670208,8192
1796,11767714944,11780740318,13025374,13.025374,"funcionTransicion(Celula*, int, curandStateXORWOW*)",16,1024,63,0,88670208,8192
1797,11781568314,11793147295,11578981,11.578981,"funcionTransicion(Celula*, int, curandStateXORWOW*)",16,1024,63,0,88670208,8192
1798,11793994235,11805028771,11034536,11.034536,"funcionTransicion(Celula*, int, curandStateXORWOW*)",16,1024,63,0,88670208,8192
1799,11805861055,11819218108,13357053,13.357053,"funcionTransicion(Celula*, int, curandStateXORWOW*)",16,1024,63,0,88670208,8192
1800,11820057015,11831437950,11380935,11.380935,"funcionTransicion(Celula*, int, curandStateXORWOW*)",16,1024,63,0,88670208,8192
1801,11919722975,11931266277,11543302,11.543302,"funcionTransicion(Celula*, int, curandStateXORWOW*)",16,1024,63,0,88670208,8192
1802,11932104481,11943203977,11099496,11.099496,"funcionTransicion(Celula*, int, curandStateXORWOW*)",16,1024,63,0,88670208,8192
1803,11944042756,11956337446,12294690,12.29469,"funcionTransicion(Celula*, int, curandStateXORWOW*)",16,1024,63,0,88670208,8192
1804,11957177442,11968560360,11382918,11.382918,"funcionTransicion(Celula*, int, curandStateXORWOW*)",16,1024,63,0,88670208,8192
1805,11969400900,11980786731,11385831,11.385831,"funcionTransicion(Celula*, int, curandStateXORWOW*)",16,1024,63,0,88670208,8192
1806,11981629478,11992274929,10645451,10.645451,"funcionTransicion(Celula*, int, curandStateXORWOW*)",16,1024,63,0,88670208,8192
1807,11993113132,12004631442,11518310,11.51831,"funcionTransicion(Celula*, int, curandStateXORWOW*)",16,1024,63,0,88670208,8192
1808,12005461518,12017719888,12258370,12.25837,"funcionTransicion(Celula*, int, curandStateXORWOW*)",16,1024,63,0,88670208,8192
1809,12018558796,12029709363,11150567,11.150567,"funcionTransicion(Celula*, int, curandStateXORWOW*)",16,1024,63,0,88670208,8192
1810,12030544271,12042236308,11692037,11.692037,"funcionTransicion(Celula*, int, curandStateXORWOW*)",16,1024,63,0,88670208,8192
1811,12043069232,12053935993,10866761,10.866761,"funcionTransicion(Celula*, int, curandStateXORWOW*)",16,1024,63,0,88670208,8192
1812,12054770261,12066501338,11731077,11.731077,"funcionTransicion(Celula*, int, curandStateXORWOW*)",16,1024,63,0,88670208,8192
1813,12067326837,12078224254,10897417,10.897417,"funcionTransicion(Celula*, int, curandStateXORWOW*)",16,1024,63,0,88670208,8192
1814,12079061114,12089971491,10910377,10.910377,"funcionTransicion(Celula*, int, curandStateXORWOW*)",16,1024,63,0,88670208,8192
1815,12090809918,12101509288,10699370,10.69937,"funcionTransicion(Celula*, int, curandStateXORWOW*)",16,1024,63,0,88670208,8192
1816,12102346148,12112687216,10341068,10.341068,"funcionTransicion(Celula*, int, curandStateXORWOW*)",16,1024,63,0,88670208,8192
1817,12113522060,12124443157,10921097,10.921097,"funcionTransicion(Celula*, int, curandStateXORWOW*)",16,1024,63,0,88670208,8192
1818,12125270352,12136113978,10843626,10.843626,"funcionTransicion(Celula*, int, curandStateXORWOW*)",16,1024,63,0,88670208,8192
1819,12136948405,12147185921,10237516,10.237516,"funcionTransicion(Celula*, int, curandStateXORWOW*)",16,1024,63,0,88670208,8192
1820,12148022205,12157840620,9818415,9.818415,"funcionTransicion(Celula*, int, curandStateXORWOW*)",16,1024,63,0,88670208,8192
1821,12158668647,12169879727,11211080,11.21108,"funcionTransicion(Celula*, int, curandStateXORWOW*)",16,1024,63,0,88670208,8192
1822,12170712299,12181478676,10766377,10.766377,"funcionTransicion(Celula*, int, curandStateXORWOW*)",16,1024,63,0,88670208,8192
1823,12182308368,12192870011,10561643,10.561643,"funcionTransicion(Celula*, int, curandStateXORWOW*)",16,1024,63,0,88670208,8192
1824,12193711574,12203611652,9900078,9.900078,"funcionTransicion(Celula*, int, curandStateXORWOW*)",16,1024,63,0,88670208,8192
1825,12204506208,12215171562,10665354,10.665354,"funcionTransicion(Celula*, int, curandStateXORWOW*)",16,1024,63,0,88670208,8192
1826,12216007750,12226354994,10347244,10.347244,"funcionTransicion(Celula*, int, curandStateXORWOW*)",16,1024,63,0,88670208,8192
1827,12227185037,12238356181,11171144,11.171144,"funcionTransicion(Celula*, int, curandStateXORWOW*)",16,1024,63,0,88670208,8192
1828,12239186640,12250308696,11122056,11.122056,"funcionTransicion(Celula*, int, curandStateXORWOW*)",16,1024,63,0,88670208,8192
1829,12251143508,12262449115,11305607,11.305607,"funcionTransicion(Celula*, int, curandStateXORWOW*)",16,1024,63,0,88670208,8192
1830,12263284407,12273775042,10490635,10.490635,"funcionTransicion(Celula*, int, curandStateXORWOW*)",16,1024,63,0,88670208,8192
1831,12274608221,12286672128,12063907,12.063907,"funcionTransicion(Celula*, int, curandStateXORWOW*)",16,1024,63,0,88670208,8192
1832,12287506236,12299003202,11496966,11.496966,"funcionTransicion(Celula*, int, curandStateXORWOW*)",16,1024,63,0,88670208,8192
1833,12299833918,12310861958,11028040,11.02804,"funcionTransicion(Celula*, int, curandStateXORWOW*)",16,1024,63,0,88670208,8192
1834,12311700866,12324131107,12430241,12.430241,"funcionTransicion(Celula*, int, curandStateXORWOW*)",16,1024,63,0,88670208,8192
1835,12324965919,12336566916,11600997,11.600997,"funcionTransicion(Celula*, int, curandStateXORWOW*)",16,1024,63,0,88670208,8192
1836,12337408864,12347493101,10084237,10.084237,"funcionTransicion(Celula*, int, curandStateXORWOW*)",16,1024,63,0,88670208,8192
1837,12348329865,12359855759,11525894,11.525894,"funcionTransicion(Celula*, int, curandStateXORWOW*)",16,1024,63,0,88670208,8192
1838,12360688555,12373230507,12541952,12.541952,"funcionTransicion(Celula*, int, curandStateXORWOW*)",16,1024,63,0,88670208,8192
1839,12374060423,12385281710,11221287,11.221287,"funcionTransicion(Celula*, int, curandStateXORWOW*)",16,1024,63,0,88670208,8192
1840,12386109642,12397935502,11825860,11.82586,"funcionTransicion(Celula*, int, curandStateXORWOW*)",16,1024,63,0,88670208,8192
1841,12398765674,12410940332,12174658,12.174658,"funcionTransicion(Celula*, int, curandStateXORWOW*)",16,1024,63,0,88670208,8192
1842,12411781096,12424485768,12704672,12.704672,"funcionTransicion(Celula*, int, curandStateXORWOW*)",16,1024,63,0,88670208,8192
1843,12425321284,12437462598,12141314,12.141314,"funcionTransicion(Celula*, int, curandStateXORWOW*)",16,1024,63,0,88670208,8192
1844,12438296930,12450824387,12527457,12.527457,"funcionTransicion(Celula*, int, curandStateXORWOW*)",16,1024,63,0,88670208,8192
1845,12451656447,12463848737,12192290,12.19229,"funcionTransicion(Celula*, int, curandStateXORWOW*)",16,1024,63,0,88670208,8192
1846,12464691356,12477487484,12796128,12.796128,"funcionTransicion(Celula*, int, curandStateXORWOW*)",16,1024,63,0,88670208,8192
1847,12478319800,12490188860,11869060,11.86906,"funcionTransicion(Celula*, int, curandStateXORWOW*)",16,1024,63,0,88670208,8192
1848,12491027767,12503514776,12487009,12.487009,"funcionTransicion(Celula*, int, curandStateXORWOW*)",16,1024,63,0,88670208,8192
1849,12504379828,12515933242,11553414,11.553414,"funcionTransicion(Celula*, int, curandStateXORWOW*)",16,1024,63,0,88670208,8192
1850,12516769461,12528227675,11458214,11.458214,"funcionTransicion(Celula*, int, curandStateXORWOW*)",16,1024,63,0,88670208,8192
1851,12529056535,12542683954,13627419,13.627419,"funcionTransicion(Celula*, int, curandStateXORWOW*)",16,1024,63,0,88670208,8192
1852,12543523470,12558668994,15145524,15.145524,"funcionTransicion(Celula*, int, curandStateXORWOW*)",16,1024,63,0,88670208,8192
1853,12559502717,12572466748,12964031,12.964031,"funcionTransicion(Celula*, int, curandStateXORWOW*)",16,1024,63,0,88670208,8192
1854,12573302904,12585745497,12442593,12.442593,"funcionTransicion(Celula*, int, curandStateXORWOW*)",16,1024,63,0,88670208,8192
1855,12586581524,12599342900,12761376,12.761376,"funcionTransicion(Celula*, int, curandStateXORWOW*)",16,1024,63,0,88670208,8192
1856,12600173936,12612764240,12590304,12.590304,"funcionTransicion(Celula*, int, curandStateXORWOW*)",16,1024,63,0,88670208,8192
1857,12613597452,12625153969,11556517,11.556517,"funcionTransicion(Celula*, int, curandStateXORWOW*)",16,1024,63,0,88670208,8192
1858,12625981293,12637777778,11796485,11.796485,"funcionTransicion(Celula*, int, curandStateXORWOW*)",16,1024,63,0,88670208,8192
1859,12638614990,12651010063,12395073,12.395073,"funcionTransicion(Celula*, int, curandStateXORWOW*)",16,1024,63,0,88670208,8192
1860,12651851435,12663683439,11832004,11.832004,"funcionTransicion(Celula*, int, curandStateXORWOW*)",16,1024,63,0,88670208,8192
1861,12664522507,12676274511,11752004,11.752004,"funcionTransicion(Celula*, int, curandStateXORWOW*)",16,1024,63,0,88670208,8192
1862,12677101995,12689002191,11900196,11.900196,"funcionTransicion(Celula*, int, curandStateXORWOW*)",16,1024,63,0,88670208,8192
1863,12689848394,12702136492,12288098,12.288098,"funcionTransicion(Celula*, int, curandStateXORWOW*)",16,1024,63,0,88670208,8192
1864,12702973512,12717602302,14628790,14.62879,"funcionTransicion(Celula*, int, curandStateXORWOW*)",16,1024,63,0,88670208,8192
1865,12718440506,12731257305,12816799,12.816799,"funcionTransicion(Celula*, int, curandStateXORWOW*)",16,1024,63,0,88670208,8192
1866,12732085205,12744844884,12759679,12.759679,"funcionTransicion(Celula*, int, curandStateXORWOW*)",16,1024,63,0,88670208,8192
1867,12745678704,12758046418,12367714,12.367714,"funcionTransicion(Celula*, int, curandStateXORWOW*)",16,1024,63,0,88670208,8192
1868,12758874446,12773545763,14671317,14.671317,"funcionTransicion(Celula*, int, curandStateXORWOW*)",16,1024,63,0,88670208,8192
1869,12774379583,12786271171,11891588,11.891588,"funcionTransicion(Celula*, int, curandStateXORWOW*)",16,1024,63,0,88670208,8192
1870,12787113375,12799250049,12136674,12.136674,"funcionTransicion(Celula*, int, curandStateXORWOW*)",16,1024,63,0,88670208,8192
1871,12800086269,12811928993,11842724,11.842724,"funcionTransicion(Celula*, int, curandStateXORWOW*)",16,1024,63,0,88670208,8192
1872,12812759421,12824385794,11626373,11.626373,"funcionTransicion(Celula*, int, curandStateXORWOW*)",16,1024,63,0,88670208,8192
1873,12825255838,12837901246,12645408,12.645408,"funcionTransicion(Celula*, int, curandStateXORWOW*)",16,1024,63,0,88670208,8192
1874,12838745370,12851518361,12772991,12.772991,"funcionTransicion(Celula*, int, curandStateXORWOW*)",16,1024,63,0,88670208,8192
1875,12852345173,12863421085,11075912,11.075912,"funcionTransicion(Celula*, int, curandStateXORWOW*)",16,1024,63,0,88670208,8192
1876,12864256153,12878922383,14666230,14.66623,"funcionTransicion(Celula*, int, curandStateXORWOW*)",16,1024,63,0,88670208,8192
1877,12879759882,12893269062,13509180,13.50918,"funcionTransicion(Celula*, int, curandStateXORWOW*)",16,1024,63,0,88670208,8192
1878,12894105538,12905940166,11834628,11.834628,"funcionTransicion(Celula*, int, curandStateXORWOW*)",16,1024,63,0,88670208,8192
1879,12906775298,12920110015,13334717,13.334717,"funcionTransicion(Celula*, int, curandStateXORWOW*)",16,1024,63,0,88670208,8192
1880,12920944346,12933529307,12584961,12.584961,"funcionTransicion(Celula*, int, curandStateXORWOW*)",16,1024,63,0,88670208,8192
1881,12934363702,12947433652,13069950,13.06995,"funcionTransicion(Celula*, int, curandStateXORWOW*)",16,1024,63,0,88670208,8192
1882,12948265584,12960859761,12594177,12.594177,"funcionTransicion(Celula*, int, curandStateXORWOW*)",16,1024,63,0,88670208,8192
1883,12961689100,12974938697,13249597,13.249597,"funcionTransicion(Celula*, int, curandStateXORWOW*)",16,1024,63,0,88670208,8192
1884,12975776261,12987490058,11713797,11.713797,"funcionTransicion(Celula*, int, curandStateXORWOW*)",16,1024,63,0,88670208,8192
1885,12988321830,13001858369,13536539,13.536539,"funcionTransicion(Celula*, int, curandStateXORWOW*)",16,1024,63,0,88670208,8192
1886,13002696157,13013930980,11234823,11.234823,"funcionTransicion(Celula*, int, curandStateXORWOW*)",16,1024,63,0,88670208,8192
1887,13014768640,13027061794,12293154,12.293154,"funcionTransicion(Celula*, int, curandStateXORWOW*)",16,1024,63,0,88670208,8192
1888,13027896510,13039406371,11509861,11.509861,"funcionTransicion(Celula*, int, curandStateXORWOW*)",16,1024,63,0,88670208,8192
1889,13040241311,13053339709,13098398,13.098398,"funcionTransicion(Celula*, int, curandStateXORWOW*)",16,1024,63,0,88670208,8192
1890,13054185817,13065395552,11209735,11.209735,"funcionTransicion(Celula*, int, curandStateXORWOW*)",16,1024,63,0,88670208,8192
1891,13066225788,13079123547,12897759,12.897759,"funcionTransicion(Celula*, int, curandStateXORWOW*)",16,1024,63,0,88670208,8192
1892,13079958934,13091226462,11267528,11.267528,"funcionTransicion(Celula*, int, curandStateXORWOW*)",16,1024,63,0,88670208,8192
1893,13092060953,13104252987,12192034,12.192034,"funcionTransicion(Celula*, int, curandStateXORWOW*)",16,1024,63,0,88670208,8192
1894,13105091736,13117198330,12106594,12.106594,"funcionTransicion(Celula*, int, curandStateXORWOW*)",16,1024,63,0,88670208,8192
1895,13118033846,13130943669,12909823,12.909823,"funcionTransicion(Celula*, int, curandStateXORWOW*)",16,1024,63,0,88670208,8192
1896,13131779440,13145134381,13354941,13.354941,"funcionTransicion(Celula*, int, curandStateXORWOW*)",16,1024,63,0,88670208,8192
1897,13146026409,13159199142,13172733,13.172733,"funcionTransicion(Celula*, int, curandStateXORWOW*)",16,1024,63,0,88670208,8192
1898,13160037474,13171890342,11852868,11.852868,"funcionTransicion(Celula*, int, curandStateXORWOW*)",16,1024,63,0,88670208,8192
1899,13172730914,13186023198,13292284,13.292284,"funcionTransicion(Celula*, int, curandStateXORWOW*)",16,1024,63,0,88670208,8192
1900,13186865626,13201057362,14191736,14.191736,"funcionTransicion(Celula*, int, curandStateXORWOW*)",16,1024,63,0,88670208,8192
1901,13201892334,13214415471,12523137,12.523137,"funcionTransicion(Celula*, int, curandStateXORWOW*)",16,1024,63,0,88670208,8192
1902,13215260810,13228299688,13038878,13.038878,"funcionTransicion(Celula*, int, curandStateXORWOW*)",16,1024,63,0,88670208,8192
1903,13229137380,13243300733,14163353,14.163353,"funcionTransicion(Celula*, int, curandStateXORWOW*)",16,1024,63,0,88670208,8192
1904,13244137081,13257786227,13649146,13.649146,"funcionTransicion(Celula*, int, curandStateXORWOW*)",16,1024,63,0,88670208,8192
1905,13258630959,13271665453,13034494,13.034494,"funcionTransicion(Celula*, int, curandStateXORWOW*)",16,1024,63,0,88670208,8192
1906,13272502313,13286237604,13735291,13.735291,"funcionTransicion(Celula*, int, curandStateXORWOW*)",16,1024,63,0,88670208,8192
1907,13287075487,13300838650,13763163,13.763163,"funcionTransicion(Celula*, int, curandStateXORWOW*)",16,1024,63,0,88670208,8192
1908,13301672918,13314483413,12810495,12.810495,"funcionTransicion(Celula*, int, curandStateXORWOW*)",16,1024,63,0,88670208,8192
1909,13315320177,13329987366,14667189,14.667189,"funcionTransicion(Celula*, int, curandStateXORWOW*)",16,1024,63,0,88670208,8192
1910,13330824770,13344173759,13348989,13.348989,"funcionTransicion(Celula*, int, curandStateXORWOW*)",16,1024,63,0,88670208,8192
1911,13345015323,13358259832,13244509,13.244509,"funcionTransicion(Celula*, int, curandStateXORWOW*)",16,1024,63,0,88670208,8192
1912,13359103668,13374233383,15129715,15.129715,"funcionTransicion(Celula*, int, curandStateXORWOW*)",16,1024,63,0,88670208,8192
1913,13375072931,13387232645,12159714,12.159714,"funcionTransicion(Celula*, int, curandStateXORWOW*)",16,1024,63,0,88670208,8192
1914,13388064225,13401544509,13480284,13.480284,"funcionTransicion(Celula*, int, curandStateXORWOW*)",16,1024,63,0,88670208,8192
1915,13402386233,13415575638,13189405,13.189405,"funcionTransicion(Celula*, int, curandStateXORWOW*)",16,1024,63,0,88670208,8192
1916,13416413874,13430110316,13696442,13.696442,"funcionTransicion(Celula*, int, curandStateXORWOW*)",16,1024,63,0,88670208,8192
1917,13430950984,13444544484,13593500,13.5935,"funcionTransicion(Celula*, int, curandStateXORWOW*)",16,1024,63,0,88670208,8192
1918,13445378239,13458132511,12754272,12.754272,"funcionTransicion(Celula*, int, curandStateXORWOW*)",16,1024,63,0,88670208,8192
1919,13458968730,13473108147,14139417,14.139417,"funcionTransicion(Celula*, int, curandStateXORWOW*)",16,1024,63,0,88670208,8192
1920,13473945679,13488456038,14510359,14.510359,"funcionTransicion(Celula*, int, curandStateXORWOW*)",16,1024,63,0,88670208,8192
1921,13579086780,13593511219,14424439,14.424439,"funcionTransicion(Celula*, int, curandStateXORWOW*)",16,1024,63,0,88670208,8192
1922,13594350798,13608439047,14088249,14.088249,"funcionTransicion(Celula*, int, curandStateXORWOW*)",16,1024,63,0,88670208,8192
1923,13609276707,13626453196,17176489,17.176489,"funcionTransicion(Celula*, int, curandStateXORWOW*)",16,1024,63,0,88670208,8192
1924,13627282408,13640297734,13015326,13.015326,"funcionTransicion(Celula*, int, curandStateXORWOW*)",16,1024,63,0,88670208,8192
1925,13641133058,13654063008,12929950,12.92995,"funcionTransicion(Celula*, int, curandStateXORWOW*)",16,1024,63,0,88670208,8192
1926,13654901404,13670455694,15554290,15.55429,"funcionTransicion(Celula*, int, curandStateXORWOW*)",16,1024,63,0,88670208,8192
1927,13671298121,13685947615,14649494,14.649494,"funcionTransicion(Celula*, int, curandStateXORWOW*)",16,1024,63,0,88670208,8192
1928,13686780987,13701648560,14867573,14.867573,"funcionTransicion(Celula*, int, curandStateXORWOW*)",16,1024,63,0,88670208,8192
1929,13702488876,13715316459,12827583,12.827583,"funcionTransicion(Celula*, int, curandStateXORWOW*)",16,1024,63,0,88670208,8192
1930,13716155750,13730471966,14316216,14.316216,"funcionTransicion(Celula*, int, curandStateXORWOW*)",16,1024,63,0,88670208,8192
1931,13731316474,13744098649,12782175,12.782175,"funcionTransicion(Celula*, int, curandStateXORWOW*)",16,1024,63,0,88670208,8192
1932,13744938581,13759806666,14868085,14.868085,"funcionTransicion(Celula*, int, curandStateXORWOW*)",16,1024,63,0,88670208,8192
1933,13760644678,13774892542,14247864,14.247864,"funcionTransicion(Celula*, int, curandStateXORWOW*)",16,1024,63,0,88670208,8192
1934,13775730425,13789398613,13668188,13.668188,"funcionTransicion(Celula*, int, curandStateXORWOW*)",16,1024,63,0,88670208,8192
1935,13790237136,13803131055,12893919,12.893919,"funcionTransicion(Celula*, int, curandStateXORWOW*)",16,1024,63,0,88670208,8192
1936,13803964619,13818738560,14773941,14.773941,"funcionTransicion(Celula*, int, curandStateXORWOW*)",16,1024,63,0,88670208,8192
1937,13819569212,13833717204,14147992,14.147992,"funcionTransicion(Celula*, int, curandStateXORWOW*)",16,1024,63,0,88670208,8192
1938,13834555024,13849279110,14724086,14.724086,"funcionTransicion(Celula*, int, curandStateXORWOW*)",16,1024,63,0,88670208,8192
1939,13850120801,13863714269,13593468,13.593468,"funcionTransicion(Celula*, int, curandStateXORWOW*)",16,1024,63,0,88670208,8192
1940,13864557720,13879241870,14684150,14.68415,"funcionTransicion(Celula*, int, curandStateXORWOW*)",16,1024,63,0,88670208,8192
1941,13880079306,13894305346,14226040,14.22604,"funcionTransicion(Celula*, int, curandStateXORWOW*)",16,1024,63,0,88670208,8192
1942,13895137534,13909177655,14040121,14.040121,"funcionTransicion(Celula*, int, curandStateXORWOW*)",16,1024,63,0,88670208,8192
1943,13910016946,13922698387,12681441,12.681441,"funcionTransicion(Celula*, int, curandStateXORWOW*)",16,1024,63,0,88670208,8192
1944,13923535662,13940382361,16846699,16.846699,"funcionTransicion(Celula*, int, curandStateXORWOW*)",16,1024,63,0,88670208,8192
1945,13941243349,13955022447,13779098,13.779098,"funcionTransicion(Celula*, int, curandStateXORWOW*)",16,1024,63,0,88670208,8192
1946,13955864139,13968569995,12705856,12.705856,"funcionTransicion(Celula*, int, curandStateXORWOW*)",16,1024,63,0,88670208,8192
1947,13969411206,13983773918,14362712,14.362712,"funcionTransicion(Celula*, int, curandStateXORWOW*)",16,1024,63,0,88670208,8192
1948,13984605114,13998545619,13940505,13.940505,"funcionTransicion(Celula*, int, curandStateXORWOW*)",16,1024,63,0,88670208,8192
1949,13999385071,14013086602,13701531,13.701531,"funcionTransicion(Celula*, int, curandStateXORWOW*)",16,1024,63,0,88670208,8192
1950,14013929829,14027358081,13428252,13.428252,"funcionTransicion(Celula*, int, curandStateXORWOW*)",16,1024,63,0,88670208,8192
1951,14028199869,14042159287,13959418,13.959418,"funcionTransicion(Celula*, int, curandStateXORWOW*)",16,1024,63,0,88670208,8192
1952,14042995282,14057233546,14238264,14.238264,"funcionTransicion(Celula*, int, curandStateXORWOW*)",16,1024,63,0,88670208,8192
1953,14058073222,14074318484,16245262,16.245262,"funcionTransicion(Celula*, int, curandStateXORWOW*)",16,1024,63,0,88670208,8192
1954,14075149488,14089454183,14304695,14.304695,"funcionTransicion(Celula*, int, curandStateXORWOW*)",16,1024,63,0,88670208,8192
1955,14090289283,14107533516,17244233,17.244233,"funcionTransicion(Celula*, int, curandStateXORWOW*)",16,1024,63,0,88670208,8192
1956,14108369128,14121624613,13255485,13.255485,"funcionTransicion(Celula*, int, curandStateXORWOW*)",16,1024,63,0,88670208,8192
1957,14122467041,14136370363,13903322,13.903322,"funcionTransicion(Celula*, int, curandStateXORWOW*)",16,1024,63,0,88670208,8192
1958,14137208694,14152024299,14815605,14.815605,"funcionTransicion(Celula*, int, curandStateXORWOW*)",16,1024,63,0,88670208,8192
1959,14152868487,14167074303,14205816,14.205816,"funcionTransicion(Celula*, int, curandStateXORWOW*)",16,1024,63,0,88670208,8192
1960,14167914875,14183363245,15448370,15.44837,"funcionTransicion(Celula*, int, curandStateXORWOW*)",16,1024,63,0,88670208,8192
1961,14184202217,14199811098,15608881,15.608881,"funcionTransicion(Celula*, int, curandStateXORWOW*)",16,1024,63,0,88670208,8192
1962,14200648085,14214716207,14068122,14.068122,"funcionTransicion(Celula*, int, curandStateXORWOW*)",16,1024,63,0,88670208,8192
1963,14215548202,14230020705,14472503,14.472503,"funcionTransicion(Celula*, int, curandStateXORWOW*)",16,1024,63,0,88670208,8192
1964,14230860317,14246212975,15352658,15.352658,"funcionTransicion(Celula*, int, curandStateXORWOW*)",16,1024,63,0,88670208,8192
1965,14247051339,14261347075,14295736,14.295736,"funcionTransicion(Celula*, int, curandStateXORWOW*)",16,1024,63,0,88670208,8192
1966,14262193310,14276749589,14556279,14.556279,"funcionTransicion(Celula*, int, curandStateXORWOW*)",16,1024,63,0,88670208,8192
1967,14277589968,14291386923,13796955,13.796955,"funcionTransicion(Celula*, int, curandStateXORWOW*)",16,1024,63,0,88670208,8192
1968,14292226535,14306163424,13936889,13.936889,"funcionTransicion(Celula*, int, curandStateXORWOW*)",16,1024,63,0,88670208,8192
1969,14307100187,14321194772,14094585,14.094585,"funcionTransicion(Celula*, int, curandStateXORWOW*)",16,1024,63,0,88670208,8192
1970,14322037456,14337436738,15399282,15.399282,"funcionTransicion(Celula*, int, curandStateXORWOW*)",16,1024,63,0,88670208,8192
1971,14338282558,14353340178,15057620,15.05762,"funcionTransicion(Celula*, int, curandStateXORWOW*)",16,1024,63,0,88670208,8192
1972,14354182605,14368126535,13943930,13.94393,"funcionTransicion(Celula*, int, curandStateXORWOW*)",16,1024,63,0,88670208,8192
1973,14368963331,14383098491,14135160,14.13516,"funcionTransicion(Celula*, int, curandStateXORWOW*)",16,1024,63,0,88670208,8192
1974,14383936439,14399216266,15279827,15.279827,"funcionTransicion(Celula*, int, curandStateXORWOW*)",16,1024,63,0,88670208,8192
1975,14400054021,14413727073,13673052,13.673052,"funcionTransicion(Celula*, int, curandStateXORWOW*)",16,1024,63,0,88670208,8192
1976,14414568540,14429328594,14760054,14.760054,"funcionTransicion(Celula*, int, curandStateXORWOW*)",16,1024,63,0,88670208,8192
1977,14430173613,14442934893,12761280,12.76128,"funcionTransicion(Celula*, int, curandStateXORWOW*)",16,1024,63,0,88670208,8192
1978,14443774664,14458297023,14522359,14.522359,"funcionTransicion(Celula*, int, curandStateXORWOW*)",16,1024,63,0,88670208,8192
1979,14459139707,14472616375,13476668,13.476668,"funcionTransicion(Celula*, int, curandStateXORWOW*)",16,1024,63,0,88670208,8192
1980,14473459763,14489125475,15665712,15.665712,"funcionTransicion(Celula*, int, curandStateXORWOW*)",16,1024,63,0,88670208,8192
1981,14489960063,14502929534,12969471,12.969471,"funcionTransicion(Celula*, int, curandStateXORWOW*)",16,1024,63,0,88670208,8192
1982,14503775033,14519329962,15554929,15.554929,"funcionTransicion(Celula*, int, curandStateXORWOW*)",16,1024,63,0,88670208,8192
1983,14520169414,14533675778,13506364,13.506364,"funcionTransicion(Celula*, int, curandStateXORWOW*)",16,1024,63,0,88670208,8192
1984,14534525054,14548773110,14248056,14.248056,"funcionTransicion(Celula*, int, curandStateXORWOW*)",16,1024,63,0,88670208,8192
1985,14549607537,14564822468,15214931,15.214931,"funcionTransicion(Celula*, int, curandStateXORWOW*)",16,1024,63,0,88670208,8192
1986,14565662848,14582699434,17036586,17.036586,"funcionTransicion(Celula*, int, curandStateXORWOW*)",16,1024,63,0,88670208,8192
1987,14583544614,14597428832,13884218,13.884218,"funcionTransicion(Celula*, int, curandStateXORWOW*)",16,1024,63,0,88670208,8192
1988,14598279131,14613092656,14813525,14.813525,"funcionTransicion(Celula*, int, curandStateXORWOW*)",16,1024,63,0,88670208,8192
1989,14613940172,14629420190,15480018,15.480018,"funcionTransicion(Celula*, int, curandStateXORWOW*)",16,1024,63,0,88670208,8192
1990,14630262458,14644957456,14694998,14.694998,"funcionTransicion(Celula*, int, curandStateXORWOW*)",16,1024,63,0,88670208,8192
1991,14645798475,14659281223,13482748,13.482748,"funcionTransicion(Celula*, int, curandStateXORWOW*)",16,1024,63,0,88670208,8192
1992,14660123523,14674947288,14823765,14.823765,"funcionTransicion(Celula*, int, curandStateXORWOW*)",16,1024,63,0,88670208,8192
1993,14675824532,14690434378,14609846,14.609846,"funcionTransicion(Celula*, int, curandStateXORWOW*)",16,1024,63,0,88670208,8192
1994,14691276549,14708220272,16943723,16.943723,"funcionTransicion(Celula*, int, curandStateXORWOW*)",16,1024,63,0,88670208,8192
1995,14709060812,14723445539,14384727,14.384727,"funcionTransicion(Celula*, int, curandStateXORWOW*)",16,1024,63,0,88670208,8192
1996,14724287134,14737868442,13581308,13.581308,"funcionTransicion(Celula*, int, curandStateXORWOW*)",16,1024,63,0,88670208,8192
1997,14738706358,14755081987,16375629,16.375629,"funcionTransicion(Celula*, int, curandStateXORWOW*)",16,1024,63,0,88670208,8192
1998,14755925855,14770601204,14675349,14.675349,"funcionTransicion(Celula*, int, curandStateXORWOW*)",16,1024,63,0,88670208,8192
1999,14771435408,14785203370,13767962,13.767962,"funcionTransicion(Celula*, int, curandStateXORWOW*)",16,1024,63,0,88670208,8192
2000,14786045479,14801950166,15904687,15.904687,"funcionTransicion(Celula*, int, curandStateXORWOW*)",16,1024,63,0,88670208,8192
2001,14802796658,14818111108,15314450,15.31445,"funcionTransicion(Celula*, int, curandStateXORWOW*)",16,1024,63,0,88670208,8192
2002,14818949184,14835131822,16182638,16.182638,"funcionTransicion(Celula*, int, curandStateXORWOW*)",16,1024,63,0,88670208,8192
2003,14835971562,14853368402,17396840,17.39684,"funcionTransicion(Celula*, int, curandStateXORWOW*)",16,1024,63,0,88670208,8192
2004,14854210958,14869240002,15029044,15.029044,"funcionTransicion(Celula*, int, curandStateXORWOW*)",16,1024,63,0,88670208,8192
2005,14870069981,14886409195,16339214,16.339214,"funcionTransicion(Celula*, int, curandStateXORWOW*)",16,1024,63,0,88670208,8192
2006,14887247111,14903771091,16523980,16.52398,"funcionTransicion(Celula*, int, curandStateXORWOW*)",16,1024,63,0,88670208,8192
2007,14904607663,14922965362,18357699,18.357699,"funcionTransicion(Celula*, int, curandStateXORWOW*)",16,1024,63,0,88670208,8192
2008,14923813422,14939339935,15526513,15.526513,"funcionTransicion(Celula*, int, curandStateXORWOW*)",16,1024,63,0,88670208,8192
2009,14940180507,14956226922,16046415,16.046415,"funcionTransicion(Celula*, int, curandStateXORWOW*)",16,1024,63,0,88670208,8192
2010,14957069734,14974337199,17267465,17.267465,"funcionTransicion(Celula*, int, curandStateXORWOW*)",16,1024,63,0,88670208,8192
2011,14975178026,14992982352,17804326,17.804326,"funcionTransicion(Celula*, int, curandStateXORWOW*)",16,1024,63,0,88670208,8192
2012,14993826188,15008752641,14926453,14.926453,"funcionTransicion(Celula*, int, curandStateXORWOW*)",16,1024,63,0,88670208,8192
2013,15009601404,15024224530,14623126,14.623126,"funcionTransicion(Celula*, int, curandStateXORWOW*)",16,1024,63,0,88670208,8192
2014,15025062894,15040409537,15346643,15.346643,"funcionTransicion(Celula*, int, curandStateXORWOW*)",16,1024,63,0,88670208,8192
2015,15041253468,15058433254,17179786,17.179786,"funcionTransicion(Celula*, int, curandStateXORWOW*)",16,1024,63,0,88670208,8192
2016,15059279009,15074515348,15236339,15.236339,"funcionTransicion(Celula*, int, curandStateXORWOW*)",16,1024,63,0,88670208,8192
2017,15075377904,15091951036,16573132,16.573132,"funcionTransicion(Celula*, int, curandStateXORWOW*)",16,1024,63,0,88670208,8192
2018,15092792728,15108134122,15341394,15.341394,"funcionTransicion(Celula*, int, curandStateXORWOW*)",16,1024,63,0,88670208,8192
2019,15108977126,15124528536,15551410,15.55141,"funcionTransicion(Celula*, int, curandStateXORWOW*)",16,1024,63,0,88670208,8192
2020,15125372019,15140680198,15308179,15.308179,"funcionTransicion(Celula*, int, curandStateXORWOW*)",16,1024,63,0,88670208,8192
2021,15141524258,15158828618,17304360,17.30436,"funcionTransicion(Celula*, int, curandStateXORWOW*)",16,1024,63,0,88670208,8192
2022,15159674086,15175380118,15706032,15.706032,"funcionTransicion(Celula*, int, curandStateXORWOW*)",16,1024,63,0,88670208,8192
2023,15176221010,15192935997,16714987,16.714987,"funcionTransicion(Celula*, int, curandStateXORWOW*)",16,1024,63,0,88670208,8192
2024,15193775769,15208397871,14622102,14.622102,"funcionTransicion(Celula*, int, curandStateXORWOW*)",16,1024,63,0,88670208,8192
2025,15209239467,15224254655,15015188,15.015188,"funcionTransicion(Celula*, int, curandStateXORWOW*)",16,1024,63,0,88670208,8192
2026,15225096027,15239438323,14342296,14.342296,"funcionTransicion(Celula*, int, curandStateXORWOW*)",16,1024,63,0,88670208,8192
2027,15240279694,15256512348,16232654,16.232654,"funcionTransicion(Celula*, int, curandStateXORWOW*)",16,1024,63,0,88670208,8192
2028,15257359064,15272060206,14701142,14.701142,"funcionTransicion(Celula*, int, curandStateXORWOW*)",16,1024,63,0,88670208,8192
2029,15272904906,15287059266,14154360,14.15436,"funcionTransicion(Celula*, int, curandStateXORWOW*)",16,1024,63,0,88670208,8192
2030,15287906877,15303366383,15459506,15.459506,"funcionTransicion(Celula*, int, curandStateXORWOW*)",16,1024,63,0,88670208,8192
2031,15304207979,15321451316,17243337,17.243337,"funcionTransicion(Celula*, int, curandStateXORWOW*)",16,1024,63,0,88670208,8192
2032,15322284592,15337746466,15461874,15.461874,"funcionTransicion(Celula*, int, curandStateXORWOW*)",16,1024,63,0,88670208,8192
2033,15338589149,15356995776,18406627,18.406627,"funcionTransicion(Celula*, int, curandStateXORWOW*)",16,1024,63,0,88670208,8192
2034,15357840284,15374238377,16398093,16.398093,"funcionTransicion(Celula*, int, curandStateXORWOW*)",16,1024,63,0,88670208,8192
2035,15375075653,15392493485,17417832,17.417832,"funcionTransicion(Celula*, int, curandStateXORWOW*)",16,1024,63,0,88670208,8192
2036,15393340457,15410572433,17231976,17.231976,"funcionTransicion(Celula*, int, curandStateXORWOW*)",16,1024,63,0,88670208,8192
2037,15411412781,15426083171,14670390,14.67039,"funcionTransicion(Celula*, int, curandStateXORWOW*)",16,1024,63,0,88670208,8192
2038,15426923903,15441770804,14846901,14.846901,"funcionTransicion(Celula*, int, curandStateXORWOW*)",16,1024,63,0,88670208,8192
2039,15442613328,15459287259,16673931,16.673931,"funcionTransicion(Celula*, int, curandStateXORWOW*)",16,1024,63,0,88670208,8192
2040,15460133175,15476153638,16020463,16.020463,"funcionTransicion(Celula*, int, curandStateXORWOW*)",16,1024,63,0,88670208,8192
2041,15570172331,15584525090,14352759,14.352759,"funcionTransicion(Celula*, int, curandStateXORWOW*)",16,1024,63,0,88670208,8192
2042,15585362974,15599979668,14616694,14.616694,"funcionTransicion(Celula*, int, curandStateXORWOW*)",16,1024,63,0,88670208,8192
2043,15600828816,15615922148,15093332,15.093332,"funcionTransicion(Celula*, int, curandStateXORWOW*)",16,1024,63,0,88670208,8192
2044,15616756543,15632785198,16028655,16.028655,"funcionTransicion(Celula*, int, curandStateXORWOW*)",16,1024,63,0,88670208,8192
2045,15633624490,15647730595,14106105,14.106105,"funcionTransicion(Celula*, int, curandStateXORWOW*)",16,1024,63,0,88670208,8192
2046,15648569438,15663811601,15242163,15.242163,"funcionTransicion(Celula*, int, curandStateXORWOW*)",16,1024,63,0,88670208,8192
2047,15664653773,15678321992,13668219,13.668219,"funcionTransicion(Celula*, int, curandStateXORWOW*)",16,1024,63,0,88670208,8192
2048,15679162756,15695103891,15941135,15.941135,"funcionTransicion(Celula*, int, curandStateXORWOW*)",16,1024,63,0,88670208,8192
2049,15695944815,15710619877,14675062,14.675062,"funcionTransicion(Celula*, int, curandStateXORWOW*)",16,1024,63,0,88670208,8192
2050,15711465856,15727152113,15686257,15.686257,"funcionTransicion(Celula*, int, curandStateXORWOW*)",16,1024,63,0,88670208,8192
2051,15727991085,15743014689,15023604,15.023604,"funcionTransicion(Celula*, int, curandStateXORWOW*)",16,1024,63,0,88670208,8192
2052,15743855229,15758950704,15095475,15.095475,"funcionTransicion(Celula*, int, curandStateXORWOW*)",16,1024,63,0,88670208,8192
2053,15759788236,15775255710,15467474,15.467474,"funcionTransicion(Celula*, int, curandStateXORWOW*)",16,1024,63,0,88670208,8192
2054,15776099226,15790935119,14835893,14.835893,"funcionTransicion(Celula*, int, curandStateXORWOW*)",16,1024,63,0,88670208,8192
2055,15791768746,15804814313,13045567,13.045567,"funcionTransicion(Celula*, int, curandStateXORWOW*)",16,1024,63,0,88670208,8192
2056,15805653380,15819626014,13972634,13.972634,"funcionTransicion(Celula*, int, curandStateXORWOW*)",16,1024,63,0,88670208,8192
2057,15820462361,15835166479,14704118,14.704118,"funcionTransicion(Celula*, int, curandStateXORWOW*)",16,1024,63,0,88670208,8192
2058,15836008139,15850251939,14243800,14.2438,"funcionTransicion(Celula*, int, curandStateXORWOW*)",16,1024,63,0,88670208,8192
2059,15851095167,15866948751,15853584,15.853584,"funcionTransicion(Celula*, int, curandStateXORWOW*)",16,1024,63,0,88670208,8192
2060,15867789418,15883518459,15729041,15.729041,"funcionTransicion(Celula*, int, curandStateXORWOW*)",16,1024,63,0,88670208,8192
2061,15884354934,15900040615,15685681,15.685681,"funcionTransicion(Celula*, int, curandStateXORWOW*)",16,1024,63,0,88670208,8192
2062,15900885539,15916951698,16066159,16.066159,"funcionTransicion(Celula*, int, curandStateXORWOW*)",16,1024,63,0,88670208,8192
2063,15917789869,15933390239,15600370,15.60037,"funcionTransicion(Celula*, int, curandStateXORWOW*)",16,1024,63,0,88670208,8192
2064,15934229274,15949311598,15082324,15.082324,"funcionTransicion(Celula*, int, curandStateXORWOW*)",16,1024,63,0,88670208,8192
2065,15950196266,15967510962,17314696,17.314696,"funcionTransicion(Celula*, int, curandStateXORWOW*)",16,1024,63,0,88670208,8192
2066,15968351182,15982234120,13882938,13.882938,"funcionTransicion(Celula*, int, curandStateXORWOW*)",16,1024,63,0,88670208,8192
2067,15983080131,15997156060,14075929,14.075929,"funcionTransicion(Celula*, int, curandStateXORWOW*)",16,1024,63,0,88670208,8192
2068,15997997944,16014767619,16769675,16.769675,"funcionTransicion(Celula*, int, curandStateXORWOW*)",16,1024,63,0,88670208,8192
2069,16015601375,16030906258,15304883,15.304883,"funcionTransicion(Celula*, int, curandStateXORWOW*)",16,1024,63,0,88670208,8192
2070,16031743853,16048060443,16316590,16.31659,"funcionTransicion(Celula*, int, curandStateXORWOW*)",16,1024,63,0,88670208,8192
2071,16048899255,16063398477,14499222,14.499222,"funcionTransicion(Celula*, int, curandStateXORWOW*)",16,1024,63,0,88670208,8192
2072,16064239305,16079244126,15004821,15.004821,"funcionTransicion(Celula*, int, curandStateXORWOW*)",16,1024,63,0,88670208,8192
2073,16080090073,16094665839,14575766,14.575766,"funcionTransicion(Celula*, int, curandStateXORWOW*)",16,1024,63,0,88670208,8192
2074,16095508971,16111709913,16200942,16.200942,"funcionTransicion(Celula*, int, curandStateXORWOW*)",16,1024,63,0,88670208,8192
2075,16112550901,16127056395,14505494,14.505494,"funcionTransicion(Celula*, int, curandStateXORWOW*)",16,1024,63,0,88670208,8192
2076,16127895624,16144732178,16836554,16.836554,"funcionTransicion(Celula*, int, curandStateXORWOW*)",16,1024,63,0,88670208,8192
2077,16145566734,16160290948,14724214,14.724214,"funcionTransicion(Celula*, int, curandStateXORWOW*)",16,1024,63,0,88670208,8192
2078,16161132608,16175504503,14371895,14.371895,"funcionTransicion(Celula*, int, curandStateXORWOW*)",16,1024,63,0,88670208,8192
2079,16176339987,16192551649,16211662,16.211662,"funcionTransicion(Celula*, int, curandStateXORWOW*)",16,1024,63,0,88670208,8192
2080,16193390812,16209570283,16179471,16.179471,"funcionTransicion(Celula*, int, curandStateXORWOW*)",16,1024,63,0,88670208,8192
2081,16210412038,16227878190,17466152,17.466152,"funcionTransicion(Celula*, int, curandStateXORWOW*)",16,1024,63,0,88670208,8192
2082,16228718250,16243888541,15170291,15.170291,"funcionTransicion(Celula*, int, curandStateXORWOW*)",16,1024,63,0,88670208,8192
2083,16244725977,16261286181,16560204,16.560204,"funcionTransicion(Celula*, int, curandStateXORWOW*)",16,1024,63,0,88670208,8192
2084,16262132257,16278031185,15898928,15.898928,"funcionTransicion(Celula*, int, curandStateXORWOW*)",16,1024,63,0,88670208,8192
2085,16278872492,16294451742,15579250,15.57925,"funcionTransicion(Celula*, int, curandStateXORWOW*)",16,1024,63,0,88670208,8192
2086,16295290745,16311074154,15783409,15.783409,"funcionTransicion(Celula*, int, curandStateXORWOW*)",16,1024,63,0,88670208,8192
2087,16311907941,16328182163,16274222,16.274222,"funcionTransicion(Celula*, int, curandStateXORWOW*)",16,1024,63,0,88670208,8192
2088,16329021039,16345400828,16379789,16.379789,"funcionTransicion(Celula*, int, curandStateXORWOW*)",16,1024,63,0,88670208,8192
2089,16346287160,16362392486,16105326,16.105326,"funcionTransicion(Celula*, int, curandStateXORWOW*)",16,1024,63,0,88670208,8192
2090,16363229730,16380261772,17032042,17.032042,"funcionTransicion(Celula*, int, curandStateXORWOW*)",16,1024,63,0,88670208,8192
2091,16381102663,16398393776,17291113,17.291113,"funcionTransicion(Celula*, int, curandStateXORWOW*)",16,1024,63,0,88670208,8192
2092,16399234988,16417549423,18314435,18.314435,"funcionTransicion(Celula*, int, curandStateXORWOW*)",16,1024,63,0,88670208,8192
2093,16418391083,16434682936,16291853,16.291853,"funcionTransicion(Celula*, int, curandStateXORWOW*)",16,1024,63,0,88670208,8192
2094,16435526325,16452990076,17463751,17.463751,"funcionTransicion(Celula*, int, curandStateXORWOW*)",16,1024,63,0,88670208,8192
2095,16453838072,16471602622,17764550,17.76455,"funcionTransicion(Celula*, int, curandStateXORWOW*)",16,1024,63,0,88670208,8192
2096,16472446266,16489558627,17112361,17.112361,"funcionTransicion(Celula*, int, curandStateXORWOW*)",16,1024,63,0,88670208,8192
2097,16490397791,16507767047,17369256,17.369256,"funcionTransicion(Celula*, int, curandStateXORWOW*)",16,1024,63,0,88670208,8192
2098,16508606627,16526110027,17503400,17.5034,"funcionTransicion(Celula*, int, curandStateXORWOW*)",16,1024,63,0,88670208,8192
2099,16526955846,16543208532,16252686,16.252686,"funcionTransicion(Celula*, int, curandStateXORWOW*)",16,1024,63,0,88670208,8192
2100,16544055792,16560698876,16643084,16.643084,"funcionTransicion(Celula*, int, curandStateXORWOW*)",16,1024,63,0,88670208,8192
2101,16561545208,16579168158,17622950,17.62295,"funcionTransicion(Celula*, int, curandStateXORWOW*)",16,1024,63,0,88670208,8192
2102,16580009978,16599241497,19231519,19.231519,"funcionTransicion(Celula*, int, curandStateXORWOW*)",16,1024,63,0,88670208,8192
2103,16600080948,16616654529,16573581,16.573581,"funcionTransicion(Celula*, int, curandStateXORWOW*)",16,1024,63,0,88670208,8192
2104,16617501853,16631420086,13918233,13.918233,"funcionTransicion(Celula*, int, curandStateXORWOW*)",16,1024,63,0,88670208,8192
2105,16632267954,16646862056,14594102,14.594102,"funcionTransicion(Celula*, int, curandStateXORWOW*)",16,1024,63,0,88670208,8192
2106,16647702436,16663319797,15617361,15.617361,"funcionTransicion(Celula*, int, curandStateXORWOW*)",16,1024,63,0,88670208,8192
2107,16664166001,16679914945,15748944,15.748944,"funcionTransicion(Celula*, int, curandStateXORWOW*)",16,1024,63,0,88670208,8192
2108,16680760829,16696245454,15484625,15.484625,"funcionTransicion(Celula*, int, curandStateXORWOW*)",16,1024,63,0,88670208,8192
2109,16697086602,16711898207,14811605,14.811605,"funcionTransicion(Celula*, int, curandStateXORWOW*)",16,1024,63,0,88670208,8192
2110,16712743195,16727902191,15158996,15.158996,"funcionTransicion(Celula*, int, curandStateXORWOW*)",16,1024,63,0,88670208,8192
2111,16728741482,16744305212,15563730,15.56373,"funcionTransicion(Celula*, int, curandStateXORWOW*)",16,1024,63,0,88670208,8192
2112,16745142519,16759607118,14464599,14.464599,"funcionTransicion(Celula*, int, curandStateXORWOW*)",16,1024,63,0,88670208,8192
2113,16760499242,16777118006,16618764,16.618764,"funcionTransicion(Celula*, int, curandStateXORWOW*)",16,1024,63,0,88670208,8192
2114,16777965873,16794745597,16779724,16.779724,"funcionTransicion(Celula*, int, curandStateXORWOW*)",16,1024,63,0,88670208,8192
2115,16795588249,16811515816,15927567,15.927567,"funcionTransicion(Celula*, int, curandStateXORWOW*)",16,1024,63,0,88670208,8192
2116,16812364483,16827086809,14722326,14.722326,"funcionTransicion(Celula*, int, curandStateXORWOW*)",16,1024,63,0,88670208,8192
2117,16827930133,16843295751,15365618,15.365618,"funcionTransicion(Celula*, int, curandStateXORWOW*)",16,1024,63,0,88670208,8192
2118,16844143971,16859582165,15438194,15.438194,"funcionTransicion(Celula*, int, curandStateXORWOW*)",16,1024,63,0,88670208,8192
2119,16860419473,16877183996,16764523,16.764523,"funcionTransicion(Celula*, int, curandStateXORWOW*)",16,1024,63,0,88670208,8192
2120,16878028536,16893710888,15682352,15.682352,"funcionTransicion(Celula*, int, curandStateXORWOW*)",16,1024,63,0,88670208,8192
2121,16894551076,16909948310,15397234,15.397234,"funcionTransicion(Celula*, int, curandStateXORWOW*)",16,1024,63,0,88670208,8192
2122,16910794098,16926762113,15968015,15.968015,"funcionTransicion(Celula*, int, curandStateXORWOW*)",16,1024,63,0,88670208,8192
2123,16927607421,16942782288,15174867,15.174867,"funcionTransicion(Celula*, int, curandStateXORWOW*)",16,1024,63,0,88670208,8192
2124,16943626956,16958595712,14968756,14.968756,"funcionTransicion(Celula*, int, curandStateXORWOW*)",16,1024,63,0,88670208,8192
2125,16959435612,16976475718,17040106,17.040106,"funcionTransicion(Celula*, int, curandStateXORWOW*)",16,1024,63,0,88670208,8192
2126,16977323778,16993519312,16195534,16.195534,"funcionTransicion(Celula*, int, curandStateXORWOW*)",16,1024,63,0,88670208,8192
2127,16994359691,17011391158,17031467,17.031467,"funcionTransicion(Celula*, int, curandStateXORWOW*)",16,1024,63,0,88670208,8192
2128,17012235121,17029521370,17286249,17.286249,"funcionTransicion(Celula*, int, curandStateXORWOW*)",16,1024,63,0,88670208,8192
2129,17030361750,17047070689,16708939,16.708939,"funcionTransicion(Celula*, int, curandStateXORWOW*)",16,1024,63,0,88670208,8192
2130,17047911901,17062105653,14193752,14.193752,"funcionTransicion(Celula*, int, curandStateXORWOW*)",16,1024,63,0,88670208,8192
2131,17062952849,17079095743,16142894,16.142894,"funcionTransicion(Celula*, int, curandStateXORWOW*)",16,1024,63,0,88670208,8192
2132,17079941275,17096275368,16334093,16.334093,"funcionTransicion(Celula*, int, curandStateXORWOW*)",16,1024,63,0,88670208,8192
2133,17097123204,17113135603,16012399,16.012399,"funcionTransicion(Celula*, int, curandStateXORWOW*)",16,1024,63,0,88670208,8192
2134,17113977167,17129409217,15432050,15.43205,"funcionTransicion(Celula*, int, curandStateXORWOW*)",16,1024,63,0,88670208,8192
2135,17130254717,17145913613,15658896,15.658896,"funcionTransicion(Celula*, int, curandStateXORWOW*)",16,1024,63,0,88670208,8192
2136,17146759977,17160689059,13929082,13.929082,"funcionTransicion(Celula*, int, curandStateXORWOW*)",16,1024,63,0,88670208,8192
2137,17161563039,17177832652,16269613,16.269613,"funcionTransicion(Celula*, int, curandStateXORWOW*)",16,1024,63,0,88670208,8192
2138,17178684200,17194606423,15922223,15.922223,"funcionTransicion(Celula*, int, curandStateXORWOW*)",16,1024,63,0,88670208,8192
2139,17195454099,17212747067,17292968,17.292968,"funcionTransicion(Celula*, int, curandStateXORWOW*)",16,1024,63,0,88670208,8192
2140,17213593079,17232099610,18506531,18.506531,"funcionTransicion(Celula*, int, curandStateXORWOW*)",16,1024,63,0,88670208,8192
2141,17232944533,17248641670,15697137,15.697137,"funcionTransicion(Celula*, int, curandStateXORWOW*)",16,1024,63,0,88670208,8192
2142,17249484898,17266403436,16918538,16.918538,"funcionTransicion(Celula*, int, curandStateXORWOW*)",16,1024,63,0,88670208,8192
2143,17267247944,17283548630,16300686,16.300686,"funcionTransicion(Celula*, int, curandStateXORWOW*)",16,1024,63,0,88670208,8192
2144,17284391698,17301554491,17162793,17.162793,"funcionTransicion(Celula*, int, curandStateXORWOW*)",16,1024,63,0,88670208,8192
2145,17302394615,17318509445,16114830,16.11483,"funcionTransicion(Celula*, int, curandStateXORWOW*)",16,1024,63,0,88670208,8192
2146,17319349889,17334321269,14971380,14.97138,"funcionTransicion(Celula*, int, curandStateXORWOW*)",16,1024,63,0,88670208,8192
2147,17335162833,17349800327,14637494,14.637494,"funcionTransicion(Celula*, int, curandStateXORWOW*)",16,1024,63,0,88670208,8192
2148,17350642339,17368316457,17674118,17.674118,"funcionTransicion(Celula*, int, curandStateXORWOW*)",16,1024,63,0,88670208,8192
2149,17369157669,17386975979,17818310,17.81831,"funcionTransicion(Celula*, int, curandStateXORWOW*)",16,1024,63,0,88670208,8192
2150,17387817319,17405260879,17443560,17.44356,"funcionTransicion(Celula*, int, curandStateXORWOW*)",16,1024,63,0,88670208,8192
2151,17406101514,17423458643,17357129,17.357129,"funcionTransicion(Celula*, int, curandStateXORWOW*)",16,1024,63,0,88670208,8192
2152,17424310958,17442391059,18080101,18.080101,"funcionTransicion(Celula*, int, curandStateXORWOW*)",16,1024,63,0,88670208,8192
2153,17443235759,17460735062,17499303,17.499303,"funcionTransicion(Celula*, int, curandStateXORWOW*)",16,1024,63,0,88670208,8192
2154,17461576594,17481804332,20227738,20.227738,"funcionTransicion(Celula*, int, curandStateXORWOW*)",16,1024,63,0,88670208,8192
2155,17482651208,17499438898,16787690,16.78769,"funcionTransicion(Celula*, int, curandStateXORWOW*)",16,1024,63,0,88670208,8192
2156,17500284078,17516152958,15868880,15.86888,"funcionTransicion(Celula*, int, curandStateXORWOW*)",16,1024,63,0,88670208,8192
2157,17516999066,17534230306,17231240,17.23124,"funcionTransicion(Celula*, int, curandStateXORWOW*)",16,1024,63,0,88670208,8192
2158,17535071166,17551661450,16590284,16.590284,"funcionTransicion(Celula*, int, curandStateXORWOW*)",16,1024,63,0,88670208,8192
2159,17552500134,17569301169,16801035,16.801035,"funcionTransicion(Celula*, int, curandStateXORWOW*)",16,1024,63,0,88670208,8192
2160,17570141197,17585676318,15535121,15.535121,"funcionTransicion(Celula*, int, curandStateXORWOW*)",16,1024,63,0,88670208,8192
2161,17680336608,17698732035,18395427,18.395427,"funcionTransicion(Celula*, int, curandStateXORWOW*)",16,1024,63,0,88670208,8192
2162,17699577407,17716942183,17364776,17.364776,"funcionTransicion(Celula*, int, curandStateXORWOW*)",16,1024,63,0,88670208,8192
2163,17717784131,17736022183,18238052,18.238052,"funcionTransicion(Celula*, int, curandStateXORWOW*)",16,1024,63,0,88670208,8192
2164,17736868706,17753977004,17108298,17.108298,"funcionTransicion(Celula*, int, curandStateXORWOW*)",16,1024,63,0,88670208,8192
2165,17754815079,17770900438,16085359,16.085359,"funcionTransicion(Celula*, int, curandStateXORWOW*)",16,1024,63,0,88670208,8192
2166,17771747282,17788392990,16645708,16.645708,"funcionTransicion(Celula*, int, curandStateXORWOW*)",16,1024,63,0,88670208,8192
2167,17789243673,17805023306,15779633,15.779633,"funcionTransicion(Celula*, int, curandStateXORWOW*)",16,1024,63,0,88670208,8192
2168,17805869861,17822038644,16168783,16.168783,"funcionTransicion(Celula*, int, curandStateXORWOW*)",16,1024,63,0,88670208,8192
2169,17822882703,17838331297,15448594,15.448594,"funcionTransicion(Celula*, int, curandStateXORWOW*)",16,1024,63,0,88670208,8192
2170,17839182845,17855402987,16220142,16.220142,"funcionTransicion(Celula*, int, curandStateXORWOW*)",16,1024,63,0,88670208,8192
2171,17856245607,17872135702,15890095,15.890095,"funcionTransicion(Celula*, int, curandStateXORWOW*)",16,1024,63,0,88670208,8192
2172,17872977138,17889633406,16656268,16.656268,"funcionTransicion(Celula*, int, curandStateXORWOW*)",16,1024,63,0,88670208,8192
2173,17890476698,17905686829,15210131,15.210131,"funcionTransicion(Celula*, int, curandStateXORWOW*)",16,1024,63,0,88670208,8192
2174,17906531241,17922842710,16311469,16.311469,"funcionTransicion(Celula*, int, curandStateXORWOW*)",16,1024,63,0,88670208,8192
2175,17923683986,17941178010,17494024,17.494024,"funcionTransicion(Celula*, int, curandStateXORWOW*)",16,1024,63,0,88670208,8192
2176,17942029909,17959995450,17965541,17.965541,"funcionTransicion(Celula*, int, curandStateXORWOW*)",16,1024,63,0,88670208,8192
2177,17960834486,17978774331,17939845,17.939845,"funcionTransicion(Celula*, int, curandStateXORWOW*)",16,1024,63,0,88670208,8192
2178,17979622423,17997380318,17757895,17.757895,"funcionTransicion(Celula*, int, curandStateXORWOW*)",16,1024,63,0,88670208,8192
2179,17998223065,18017943254,19720189,19.720189,"funcionTransicion(Celula*, int, curandStateXORWOW*)",16,1024,63,0,88670208,8192
2180,18018793233,18037426195,18632962,18.632962,"funcionTransicion(Celula*, int, curandStateXORWOW*)",16,1024,63,0,88670208,8192
2181,18038267727,18056752465,18484738,18.484738,"funcionTransicion(Celula*, int, curandStateXORWOW*)",16,1024,63,0,88670208,8192
2182,18057600909,18075861745,18260836,18.260836,"funcionTransicion(Celula*, int, curandStateXORWOW*)",16,1024,63,0,88670208,8192
2183,18076696333,18097541763,20845430,20.84543,"funcionTransicion(Celula*, int, curandStateXORWOW*)",16,1024,63,0,88670208,8192
2184,18098386879,18114907883,16521004,16.521004,"funcionTransicion(Celula*, int, curandStateXORWOW*)",16,1024,63,0,88670208,8192
2185,18115793767,18133669356,17875589,17.875589,"funcionTransicion(Celula*, int, curandStateXORWOW*)",16,1024,63,0,88670208,8192
2186,18134519240,18151745713,17226473,17.226473,"funcionTransicion(Celula*, int, curandStateXORWOW*)",16,1024,63,0,88670208,8192
2187,18152586733,18170327827,17741094,17.741094,"funcionTransicion(Celula*, int, curandStateXORWOW*)",16,1024,63,0,88670208,8192
2188,18171182671,18188035034,16852363,16.852363,"funcionTransicion(Celula*, int, curandStateXORWOW*)",16,1024,63,0,88670208,8192
2189,18188886741,18207974613,19087872,19.087872,"funcionTransicion(Celula*, int, curandStateXORWOW*)",16,1024,63,0,88670208,8192
2190,18208821841,18228920427,20098586,20.098586,"funcionTransicion(Celula*, int, curandStateXORWOW*)",16,1024,63,0,88670208,8192
2191,18229766343,18246601170,16834827,16.834827,"funcionTransicion(Celula*, int, curandStateXORWOW*)",16,1024,63,0,88670208,8192
2192,18247439310,18264939637,17500327,17.500327,"funcionTransicion(Celula*, int, curandStateXORWOW*)",16,1024,63,0,88670208,8192
2193,18265783633,18284470226,18686593,18.686593,"funcionTransicion(Celula*, int, curandStateXORWOW*)",16,1024,63,0,88670208,8192
2194,18285318094,18303656657,18338563,18.338563,"funcionTransicion(Celula*, int, curandStateXORWOW*)",16,1024,63,0,88670208,8192
2195,18304499501,18323261518,18762017,18.762017,"funcionTransicion(Celula*, int, curandStateXORWOW*)",16,1024,63,0,88670208,8192
2196,18324107114,18344637794,20530680,20.53068,"funcionTransicion(Celula*, int, curandStateXORWOW*)",16,1024,63,0,88670208,8192
2197,18345481374,18366140917,20659543,20.659543,"funcionTransicion(Celula*, int, curandStateXORWOW*)",16,1024,63,0,88670208,8192
2198,18366984529,18385639987,18655458,18.655458,"funcionTransicion(Celula*, int, curandStateXORWOW*)",16,1024,63,0,88670208,8192
2199,18386486798,18407015399,20528601,20.528601,"funcionTransicion(Celula*, int, curandStateXORWOW*)",16,1024,63,0,88670208,8192
2200,18407857154,18427340256,19483102,19.483102,"funcionTransicion(Celula*, int, curandStateXORWOW*)",16,1024,63,0,88670208,8192
2201,18428188124,18446680030,18491906,18.491906,"funcionTransicion(Celula*, int, curandStateXORWOW*)",16,1024,63,0,88670208,8192
2202,18447523802,18465577087,18053285,18.053285,"funcionTransicion(Celula*, int, curandStateXORWOW*)",16,1024,63,0,88670208,8192
2203,18466422331,18484245056,17822725,17.822725,"funcionTransicion(Celula*, int, curandStateXORWOW*)",16,1024,63,0,88670208,8192
2204,18485096796,18502631268,17534472,17.534472,"funcionTransicion(Celula*, int, curandStateXORWOW*)",16,1024,63,0,88670208,8192
2205,18503474367,18521247365,17772998,17.772998,"funcionTransicion(Celula*, int, curandStateXORWOW*)",16,1024,63,0,88670208,8192
2206,18522102785,18539555081,17452296,17.452296,"funcionTransicion(Celula*, int, curandStateXORWOW*)",16,1024,63,0,88670208,8192
2207,18540406021,18558864743,18458722,18.458722,"funcionTransicion(Celula*, int, curandStateXORWOW*)",16,1024,63,0,88670208,8192
2208,18559717123,18578735843,19018720,19.01872,"funcionTransicion(Celula*, int, curandStateXORWOW*)",16,1024,63,0,88670208,8192
2209,18579606718,18599878456,20271738,20.271738,"funcionTransicion(Celula*, int, curandStateXORWOW*)",16,1024,63,0,88670208,8192
2210,18600724308,18621440843,20716535,20.716535,"funcionTransicion(Celula*, int, curandStateXORWOW*)",16,1024,63,0,88670208,8192
2211,18622289703,18642579808,20290105,20.290105,"funcionTransicion(Celula*, int, curandStateXORWOW*)",16,1024,63,0,88670208,8192
2212,18643423740,18664030420,20606680,20.60668,"funcionTransicion(Celula*, int, curandStateXORWOW*)",16,1024,63,0,88670208,8192
2213,18664886767,18685063273,20176506,20.176506,"funcionTransicion(Celula*, int, curandStateXORWOW*)",16,1024,63,0,88670208,8192
2214,18685911717,18705293891,19382174,19.382174,"funcionTransicion(Celula*, int, curandStateXORWOW*)",16,1024,63,0,88670208,8192
2215,18706135550,18725195038,19059488,19.059488,"funcionTransicion(Celula*, int, curandStateXORWOW*)",16,1024,63,0,88670208,8192
2216,18726048282,18746747601,20699319,20.699319,"funcionTransicion(Celula*, int, curandStateXORWOW*)",16,1024,63,0,88670208,8192
2217,18747600973,18766775820,19174847,19.174847,"funcionTransicion(Celula*, int, curandStateXORWOW*)",16,1024,63,0,88670208,8192
2218,18767626952,18786637736,19010784,19.010784,"funcionTransicion(Celula*, int, curandStateXORWOW*)",16,1024,63,0,88670208,8192
2219,18787483427,18808384666,20901239,20.901239,"funcionTransicion(Celula*, int, curandStateXORWOW*)",16,1024,63,0,88670208,8192
2220,18809235958,18827667896,18431938,18.431938,"funcionTransicion(Celula*, int, curandStateXORWOW*)",16,1024,63,0,88670208,8192
2221,18828517492,18847321813,18804321,18.804321,"funcionTransicion(Celula*, int, curandStateXORWOW*)",16,1024,63,0,88670208,8192
2222,18848168049,18865341434,17173385,17.173385,"funcionTransicion(Celula*, int, curandStateXORWOW*)",16,1024,63,0,88670208,8192
2223,18866188502,18885207670,19019168,19.019168,"funcionTransicion(Celula*, int, curandStateXORWOW*)",16,1024,63,0,88670208,8192
2224,18886064881,18905313712,19248831,19.248831,"funcionTransicion(Celula*, int, curandStateXORWOW*)",16,1024,63,0,88670208,8192
2225,18906163276,18925880328,19717052,19.717052,"funcionTransicion(Celula*, int, curandStateXORWOW*)",16,1024,63,0,88670208,8192
2226,18926733892,18944390666,17656774,17.656774,"funcionTransicion(Celula*, int, curandStateXORWOW*)",16,1024,63,0,88670208,8192
2227,18945240966,18963478954,18237988,18.237988,"funcionTransicion(Celula*, int, curandStateXORWOW*)",16,1024,63,0,88670208,8192
2228,18964324454,18982299819,17975365,17.975365,"funcionTransicion(Celula*, int, curandStateXORWOW*)",16,1024,63,0,88670208,8192
2229,18983145414,19002481253,19335839,19.335839,"funcionTransicion(Celula*, int, curandStateXORWOW*)",16,1024,63,0,88670208,8192
2230,19003330976,19020211243,16880267,16.880267,"funcionTransicion(Celula*, int, curandStateXORWOW*)",16,1024,63,0,88670208,8192
2231,19021062503,19041047714,19985211,19.985211,"funcionTransicion(Celula*, int, curandStateXORWOW*)",16,1024,63,0,88670208,8192
2232,19041902365,19060803422,18901057,18.901057,"funcionTransicion(Celula*, int, curandStateXORWOW*)",16,1024,63,0,88670208,8192
2233,19061771897,19079448384,17676487,17.676487,"funcionTransicion(Celula*, int, curandStateXORWOW*)",16,1024,63,0,88670208,8192
2234,19080303771,19098031650,17727879,17.727879,"funcionTransicion(Celula*, int, curandStateXORWOW*)",16,1024,63,0,88670208,8192
2235,19098876766,19116748643,17871877,17.871877,"funcionTransicion(Celula*, int, curandStateXORWOW*)",16,1024,63,0,88670208,8192
2236,19117604639,19135383077,17778438,17.778438,"funcionTransicion(Celula*, int, curandStateXORWOW*)",16,1024,63,0,88670208,8192
2237,19136236833,19154592868,18356035,18.356035,"funcionTransicion(Celula*, int, curandStateXORWOW*)",16,1024,63,0,88670208,8192
2238,19155436512,19174121089,18684577,18.684577,"funcionTransicion(Celula*, int, curandStateXORWOW*)",16,1024,63,0,88670208,8192
2239,19174969437,19192302021,17332584,17.332584,"funcionTransicion(Celula*, int, curandStateXORWOW*)",16,1024,63,0,88670208,8192
2240,19193154561,19210645320,17490759,17.490759,"funcionTransicion(Celula*, int, curandStateXORWOW*)",16,1024,63,0,88670208,8192
2241,19211499396,19228824653,17325257,17.325257,"funcionTransicion(Celula*, int, curandStateXORWOW*)",16,1024,63,0,88670208,8192
2242,19229684648,19250106689,20422041,20.422041,"funcionTransicion(Celula*, int, curandStateXORWOW*)",16,1024,63,0,88670208,8192
2243,19250962749,19270421466,19458717,19.458717,"funcionTransicion(Celula*, int, curandStateXORWOW*)",16,1024,63,0,88670208,8192
2244,19271272918,19289032572,17759654,17.759654,"funcionTransicion(Celula*, int, curandStateXORWOW*)",16,1024,63,0,88670208,8192
2245,19289875128,19308793432,18918304,18.918304,"funcionTransicion(Celula*, int, curandStateXORWOW*)",16,1024,63,0,88670208,8192
2246,19309642196,19329486256,19844060,19.84406,"funcionTransicion(Celula*, int, curandStateXORWOW*)",16,1024,63,0,88670208,8192
2247,19330333131,19348760174,18427043,18.427043,"funcionTransicion(Celula*, int, curandStateXORWOW*)",16,1024,63,0,88670208,8192
2248,19349610506,19368107757,18497251,18.497251,"funcionTransicion(Celula*, int, curandStateXORWOW*)",16,1024,63,0,88670208,8192
2249,19368957288,19386727214,17769926,17.769926,"funcionTransicion(Celula*, int, curandStateXORWOW*)",16,1024,63,0,88670208,8192
2250,19387576650,19408038307,20461657,20.461657,"funcionTransicion(Celula*, int, curandStateXORWOW*)",16,1024,63,0,88670208,8192
2251,19408885119,19426834116,17948997,17.948997,"funcionTransicion(Celula*, int, curandStateXORWOW*)",16,1024,63,0,88670208,8192
2252,19427688031,19446036738,18348707,18.348707,"funcionTransicion(Celula*, int, curandStateXORWOW*)",16,1024,63,0,88670208,8192
2253,19446879902,19464269639,17389737,17.389737,"funcionTransicion(Celula*, int, curandStateXORWOW*)",16,1024,63,0,88670208,8192
2254,19465117506,19483132327,18014821,18.014821,"funcionTransicion(Celula*, int, curandStateXORWOW*)",16,1024,63,0,88670208,8192
2255,19483983651,19502660644,18676993,18.676993,"funcionTransicion(Celula*, int, curandStateXORWOW*)",16,1024,63,0,88670208,8192
2256,19503512864,19522510720,18997856,18.997856,"funcionTransicion(Celula*, int, curandStateXORWOW*)",16,1024,63,0,88670208,8192
2257,19523384220,19543038904,19654684,19.654684,"funcionTransicion(Celula*, int, curandStateXORWOW*)",16,1024,63,0,88670208,8192
2258,19543891060,19564284141,20393081,20.393081,"funcionTransicion(Celula*, int, curandStateXORWOW*)",16,1024,63,0,88670208,8192
2259,19565132328,19583910250,18777922,18.777922,"funcionTransicion(Celula*, int, curandStateXORWOW*)",16,1024,63,0,88670208,8192
2260,19584764997,19602325420,17560423,17.560423,"funcionTransicion(Celula*, int, curandStateXORWOW*)",16,1024,63,0,88670208,8192
2261,19603175624,19624508861,21333237,21.333237,"funcionTransicion(Celula*, int, curandStateXORWOW*)",16,1024,63,0,88670208,8192
2262,19625357656,19644029050,18671394,18.671394,"funcionTransicion(Celula*, int, curandStateXORWOW*)",16,1024,63,0,88670208,8192
2263,19644875766,19663965461,19089695,19.089695,"funcionTransicion(Celula*, int, curandStateXORWOW*)",16,1024,63,0,88670208,8192
2264,19664814673,19681837595,17022922,17.022922,"funcionTransicion(Celula*, int, curandStateXORWOW*)",16,1024,63,0,88670208,8192
2265,19682682262,19699209635,16527373,16.527373,"funcionTransicion(Celula*, int, curandStateXORWOW*)",16,1024,63,0,88670208,8192
2266,19700062303,19717275431,17213128,17.213128,"funcionTransicion(Celula*, int, curandStateXORWOW*)",16,1024,63,0,88670208,8192
2267,19718123299,19737100771,18977472,18.977472,"funcionTransicion(Celula*, int, curandStateXORWOW*)",16,1024,63,0,88670208,8192
2268,19737954175,19756117059,18162884,18.162884,"funcionTransicion(Celula*, int, curandStateXORWOW*)",16,1024,63,0,88670208,8192
2269,19756964127,19774620454,17656327,17.656327,"funcionTransicion(Celula*, int, curandStateXORWOW*)",16,1024,63,0,88670208,8192
2270,19775474465,19794334818,18860353,18.860353,"funcionTransicion(Celula*, int, curandStateXORWOW*)",16,1024,63,0,88670208,8192
2271,19795178878,19812874756,17695878,17.695878,"funcionTransicion(Celula*, int, curandStateXORWOW*)",16,1024,63,0,88670208,8192
2272,19813727392,19833805594,20078202,20.078202,"funcionTransicion(Celula*, int, curandStateXORWOW*)",16,1024,63,0,88670208,8192
2273,19834656374,19853252696,18596322,18.596322,"funcionTransicion(Celula*, int, curandStateXORWOW*)",16,1024,63,0,88670208,8192
2274,19854102452,19872405719,18303267,18.303267,"funcionTransicion(Celula*, int, curandStateXORWOW*)",16,1024,63,0,88670208,8192
2275,19873257619,19893091631,19834012,19.834012,"funcionTransicion(Celula*, int, curandStateXORWOW*)",16,1024,63,0,88670208,8192
2276,19893936650,19913635303,19698653,19.698653,"funcionTransicion(Celula*, int, curandStateXORWOW*)",16,1024,63,0,88670208,8192
2277,19914486979,19933504643,19017664,19.017664,"funcionTransicion(Celula*, int, curandStateXORWOW*)",16,1024,63,0,88670208,8192
2278,19934359998,19952086373,17726375,17.726375,"funcionTransicion(Celula*, int, curandStateXORWOW*)",16,1024,63,0,88670208,8192
2279,19952935712,19972594717,19659005,19.659005,"funcionTransicion(Celula*, int, curandStateXORWOW*)",16,1024,63,0,88670208,8192
2280,19973442200,19993012854,19570654,19.570654,"funcionTransicion(Celula*, int, curandStateXORWOW*)",16,1024,63,0,88670208,8192
2281,20090021291,20110382917,20361626,20.361626,"funcionTransicion(Celula*, int, curandStateXORWOW*)",16,1024,63,0,88670208,8192
2282,20111234624,20128736136,17501512,17.501512,"funcionTransicion(Celula*, int, curandStateXORWOW*)",16,1024,63,0,88670208,8192
2283,20129589187,20151146646,21557459,21.557459,"funcionTransicion(Celula*, int, curandStateXORWOW*)",16,1024,63,0,88670208,8192
2284,20151989170,20170797331,18808161,18.808161,"funcionTransicion(Celula*, int, curandStateXORWOW*)",16,1024,63,0,88670208,8192
2285,20171634671,20189912658,18277987,18.277987,"funcionTransicion(Celula*, int, curandStateXORWOW*)",16,1024,63,0,88670208,8192
2286,20190756334,20210788777,20032443,20.032443,"funcionTransicion(Celula*, int, curandStateXORWOW*)",16,1024,63,0,88670208,8192
2287,20211637156,20230988195,19351039,19.351039,"funcionTransicion(Celula*, int, curandStateXORWOW*)",16,1024,63,0,88670208,8192
2288,20231835295,20250121826,18286531,18.286531,"funcionTransicion(Celula*, int, curandStateXORWOW*)",16,1024,63,0,88670208,8192
2289,20250971678,20268314374,17342696,17.342696,"funcionTransicion(Celula*, int, curandStateXORWOW*)",16,1024,63,0,88670208,8192
2290,20269164706,20287796387,18631681,18.631681,"funcionTransicion(Celula*, int, curandStateXORWOW*)",16,1024,63,0,88670208,8192
2291,20288642175,20308232924,19590749,19.590749,"funcionTransicion(Celula*, int, curandStateXORWOW*)",16,1024,63,0,88670208,8192
2292,20309080824,20330493836,21413012,21.413012,"funcionTransicion(Celula*, int, curandStateXORWOW*)",16,1024,63,0,88670208,8192
2293,20331351080,20354535090,23184010,23.18401,"funcionTransicion(Celula*, int, curandStateXORWOW*)",16,1024,63,0,88670208,8192
2294,20355375886,20374853548,19477662,19.477662,"funcionTransicion(Celula*, int, curandStateXORWOW*)",16,1024,63,0,88670208,8192
2295,20375695431,20396100448,20405017,20.405017,"funcionTransicion(Celula*, int, curandStateXORWOW*)",16,1024,63,0,88670208,8192
2296,20396944220,20417162773,20218553,20.218553,"funcionTransicion(Celula*, int, curandStateXORWOW*)",16,1024,63,0,88670208,8192
2297,20417997745,20438819976,20822231,20.822231,"funcionTransicion(Celula*, int, curandStateXORWOW*)",16,1024,63,0,88670208,8192
2298,20439667780,20458183526,18515746,18.515746,"funcionTransicion(Celula*, int, curandStateXORWOW*)",16,1024,63,0,88670208,8192
2299,20459027970,20479725593,20697623,20.697623,"funcionTransicion(Celula*, int, curandStateXORWOW*)",16,1024,63,0,88670208,8192
2300,20480576853,20500607696,20030843,20.030843,"funcionTransicion(Celula*, int, curandStateXORWOW*)",16,1024,63,0,88670208,8192
2301,20501458092,20521488966,20030874,20.030874,"funcionTransicion(Celula*, int, curandStateXORWOW*)",16,1024,63,0,88670208,8192
2302,20522330498,20546019178,23688680,23.68868,"funcionTransicion(Celula*, int, curandStateXORWOW*)",16,1024,63,0,88670208,8192
2303,20546864102,20567871772,21007670,21.00767,"funcionTransicion(Celula*, int, curandStateXORWOW*)",16,1024,63,0,88670208,8192
2304,20568722456,20589199504,20477048,20.477048,"funcionTransicion(Celula*, int, curandStateXORWOW*)",16,1024,63,0,88670208,8192
2305,20590096523,20610377765,20281242,20.281242,"funcionTransicion(Celula*, int, curandStateXORWOW*)",16,1024,63,0,88670208,8192
2306,20611230401,20630705694,19475293,19.475293,"funcionTransicion(Celula*, int, curandStateXORWOW*)",16,1024,63,0,88670208,8192
2307,20631553754,20651067031,19513277,19.513277,"funcionTransicion(Celula*, int, curandStateXORWOW*)",16,1024,63,0,88670208,8192
2308,20651919539,20672543851,20624312,20.624312,"funcionTransicion(Celula*, int, curandStateXORWOW*)",16,1024,63,0,88670208,8192
2309,20673390182,20694731291,21341109,21.341109,"funcionTransicion(Celula*, int, curandStateXORWOW*)",16,1024,63,0,88670208,8192
2310,20695578934,20714252312,18673378,18.673378,"funcionTransicion(Celula*, int, curandStateXORWOW*)",16,1024,63,0,88670208,8192
2311,20715098579,20734576625,19478046,19.478046,"funcionTransicion(Celula*, int, curandStateXORWOW*)",16,1024,63,0,88670208,8192
2312,20735427501,20756585474,21157973,21.157973,"funcionTransicion(Celula*, int, curandStateXORWOW*)",16,1024,63,0,88670208,8192
2313,20757436382,20778527347,21090965,21.090965,"funcionTransicion(Celula*, int, curandStateXORWOW*)",16,1024,63,0,88670208,8192
2314,20779378894,20799376905,19998011,19.998011,"funcionTransicion(Celula*, int, curandStateXORWOW*)",16,1024,63,0,88670208,8192
2315,20800224165,20822240982,22016817,22.016817,"funcionTransicion(Celula*, int, curandStateXORWOW*)",16,1024,63,0,88670208,8192
2316,20823102898,20843374603,20271705,20.271705,"funcionTransicion(Celula*, int, curandStateXORWOW*)",16,1024,63,0,88670208,8192
2317,20844228967,20863802084,19573117,19.573117,"funcionTransicion(Celula*, int, curandStateXORWOW*)",16,1024,63,0,88670208,8192
2318,20864653024,20883529664,18876640,18.87664,"funcionTransicion(Celula*, int, curandStateXORWOW*)",16,1024,63,0,88670208,8192
2319,20884376636,20903916089,19539453,19.539453,"funcionTransicion(Celula*, int, curandStateXORWOW*)",16,1024,63,0,88670208,8192
2320,20904769301,20928030207,23260906,23.260906,"funcionTransicion(Celula*, int, curandStateXORWOW*)",16,1024,63,0,88670208,8192
2321,20928884699,20949618002,20733303,20.733303,"funcionTransicion(Celula*, int, curandStateXORWOW*)",16,1024,63,0,88670208,8192
2322,20950470446,20972528702,22058256,22.058256,"funcionTransicion(Celula*, int, curandStateXORWOW*)",16,1024,63,0,88670208,8192
2323,20973379450,20995228427,21848977,21.848977,"funcionTransicion(Celula*, int, curandStateXORWOW*)",16,1024,63,0,88670208,8192
2324,20996080263,21017179837,21099574,21.099574,"funcionTransicion(Celula*, int, curandStateXORWOW*)",16,1024,63,0,88670208,8192
2325,21018031576,21039632491,21600915,21.600915,"funcionTransicion(Celula*, int, curandStateXORWOW*)",16,1024,63,0,88670208,8192
2326,21040487015,21064109711,23622696,23.622696,"funcionTransicion(Celula*, int, curandStateXORWOW*)",16,1024,63,0,88670208,8192
2327,21064970987,21086856380,21885393,21.885393,"funcionTransicion(Celula*, int, curandStateXORWOW*)",16,1024,63,0,88670208,8192
2328,21087717432,21109864680,22147248,22.147248,"funcionTransicion(Celula*, int, curandStateXORWOW*)",16,1024,63,0,88670208,8192
2329,21110747972,21130929469,20181497,20.181497,"funcionTransicion(Celula*, int, curandStateXORWOW*)",16,1024,63,0,88670208,8192
2330,21131774905,21150999064,19224159,19.224159,"funcionTransicion(Celula*, int, curandStateXORWOW*)",16,1024,63,0,88670208,8192
2331,21151851444,21171296658,19445214,19.445214,"funcionTransicion(Celula*, int, curandStateXORWOW*)",16,1024,63,0,88670208,8192
2332,21172148653,21194291389,22142736,22.142736,"funcionTransicion(Celula*, int, curandStateXORWOW*)",16,1024,63,0,88670208,8192
2333,21195136601,21216568685,21432084,21.432084,"funcionTransicion(Celula*, int, curandStateXORWOW*)",16,1024,63,0,88670208,8192
2334,21217423592,21235389774,17966182,17.966182,"funcionTransicion(Celula*, int, curandStateXORWOW*)",16,1024,63,0,88670208,8192
2335,21236235114,21255629127,19394013,19.394013,"funcionTransicion(Celula*, int, curandStateXORWOW*)",16,1024,63,0,88670208,8192
2336,21256480259,21275319108,18838849,18.838849,"funcionTransicion(Celula*, int, curandStateXORWOW*)",16,1024,63,0,88670208,8192
2337,21276169184,21295375422,19206238,19.206238,"funcionTransicion(Celula*, int, curandStateXORWOW*)",16,1024,63,0,88670208,8192
2338,21296221690,21314657725,18436035,18.436035,"funcionTransicion(Celula*, int, curandStateXORWOW*)",16,1024,63,0,88670208,8192
2339,21315507225,21334788439,19281214,19.281214,"funcionTransicion(Celula*, int, curandStateXORWOW*)",16,1024,63,0,88670208,8192
2340,21335642995,21353647384,18004389,18.004389,"funcionTransicion(Celula*, int, curandStateXORWOW*)",16,1024,63,0,88670208,8192
2341,21354494931,21374009297,19514366,19.514366,"funcionTransicion(Celula*, int, curandStateXORWOW*)",16,1024,63,0,88670208,8192
2342,21374863565,21392933201,18069636,18.069636,"funcionTransicion(Celula*, int, curandStateXORWOW*)",16,1024,63,0,88670208,8192
2343,21393784173,21411966673,18182500,18.1825,"funcionTransicion(Celula*, int, curandStateXORWOW*)",16,1024,63,0,88670208,8192
2344,21412817293,21433121126,20303833,20.303833,"funcionTransicion(Celula*, int, curandStateXORWOW*)",16,1024,63,0,88670208,8192
2345,21433978914,21452591844,18612930,18.61293,"funcionTransicion(Celula*, int, curandStateXORWOW*)",16,1024,63,0,88670208,8192
2346,21453457599,21473650553,20192954,20.192954,"funcionTransicion(Celula*, int, curandStateXORWOW*)",16,1024,63,0,88670208,8192
2347,21474500021,21494065970,19565949,19.565949,"funcionTransicion(Celula*, int, curandStateXORWOW*)",16,1024,63,0,88670208,8192
2348,21494919374,21513051410,18132036,18.132036,"funcionTransicion(Celula*, int, curandStateXORWOW*)",16,1024,63,0,88670208,8192
2349,21513899950,21535371265,21471315,21.471315,"funcionTransicion(Celula*, int, curandStateXORWOW*)",16,1024,63,0,88670208,8192
2350,21536227229,21554022467,17795238,17.795238,"funcionTransicion(Celula*, int, curandStateXORWOW*)",16,1024,63,0,88670208,8192
2351,21554870751,21574041854,19171103,19.171103,"funcionTransicion(Celula*, int, curandStateXORWOW*)",16,1024,63,0,88670208,8192
2352,21574891289,21594241080,19349791,19.349791,"funcionTransicion(Celula*, int, curandStateXORWOW*)",16,1024,63,0,88670208,8192
2353,21595133011,21615843370,20710359,20.710359,"funcionTransicion(Celula*, int, curandStateXORWOW*)",16,1024,63,0,88670208,8192
2354,21616699590,21636370435,19670845,19.670845,"funcionTransicion(Celula*, int, curandStateXORWOW*)",16,1024,63,0,88670208,8192
2355,21637223134,21657407992,20184858,20.184858,"funcionTransicion(Celula*, int, curandStateXORWOW*)",16,1024,63,0,88670208,8192
2356,21658267924,21678275535,20007611,20.007611,"funcionTransicion(Celula*, int, curandStateXORWOW*)",16,1024,63,0,88670208,8192
2357,21679123338,21700864829,21741491,21.741491,"funcionTransicion(Celula*, int, curandStateXORWOW*)",16,1024,63,0,88670208,8192
2358,21701723129,21724164007,22440878,22.440878,"funcionTransicion(Celula*, int, curandStateXORWOW*)",16,1024,63,0,88670208,8192
2359,21725026370,21748895562,23869192,23.869192,"funcionTransicion(Celula*, int, curandStateXORWOW*)",16,1024,63,0,88670208,8192
2360,21749749254,21768909285,19160031,19.160031,"funcionTransicion(Celula*, int, curandStateXORWOW*)",16,1024,63,0,88670208,8192
2361,21769765473,21789120127,19354654,19.354654,"funcionTransicion(Celula*, int, curandStateXORWOW*)",16,1024,63,0,88670208,8192
2362,21789972186,21808270974,18298788,18.298788,"funcionTransicion(Celula*, int, curandStateXORWOW*)",16,1024,63,0,88670208,8192
2363,21809118009,21830544941,21426932,21.426932,"funcionTransicion(Celula*, int, curandStateXORWOW*)",16,1024,63,0,88670208,8192
2364,21831391561,21852320639,20929078,20.929078,"funcionTransicion(Celula*, int, curandStateXORWOW*)",16,1024,63,0,88670208,8192
2365,21853171483,21871905884,18734401,18.734401,"funcionTransicion(Celula*, int, curandStateXORWOW*)",16,1024,63,0,88670208,8192
2366,21872757912,21892022711,19264799,19.264799,"funcionTransicion(Celula*, int, curandStateXORWOW*)",16,1024,63,0,88670208,8192
2367,21892879218,21912052497,19173279,19.173279,"funcionTransicion(Celula*, int, curandStateXORWOW*)",16,1024,63,0,88670208,8192
2368,21912904045,21933604900,20700855,20.700855,"funcionTransicion(Celula*, int, curandStateXORWOW*)",16,1024,63,0,88670208,8192
2369,21934458720,21954164252,19705532,19.705532,"funcionTransicion(Celula*, int, curandStateXORWOW*)",16,1024,63,0,88670208,8192
2370,21955025368,21977654149,22628781,22.628781,"funcionTransicion(Celula*, int, curandStateXORWOW*)",16,1024,63,0,88670208,8192
2371,21978505089,22000217651,21712562,21.712562,"funcionTransicion(Celula*, int, curandStateXORWOW*)",16,1024,63,0,88670208,8192
2372,22001065455,22020198255,19132800,19.1328,"funcionTransicion(Celula*, int, curandStateXORWOW*)",16,1024,63,0,88670208,8192
2373,22021051434,22040349928,19298494,19.298494,"funcionTransicion(Celula*, int, curandStateXORWOW*)",16,1024,63,0,88670208,8192
2374,22041204964,22060946624,19741660,19.74166,"funcionTransicion(Celula*, int, curandStateXORWOW*)",16,1024,63,0,88670208,8192
2375,22061795868,22082278260,20482392,20.482392,"funcionTransicion(Celula*, int, curandStateXORWOW*)",16,1024,63,0,88670208,8192
2376,22083132208,22101663443,18531235,18.531235,"funcionTransicion(Celula*, int, curandStateXORWOW*)",16,1024,63,0,88670208,8192
2377,22102557582,22121977772,19420190,19.42019,"funcionTransicion(Celula*, int, curandStateXORWOW*)",16,1024,63,0,88670208,8192
2378,22122829768,22144022461,21192693,21.192693,"funcionTransicion(Celula*, int, curandStateXORWOW*)",16,1024,63,0,88670208,8192
2379,22144870584,22163849881,18979297,18.979297,"funcionTransicion(Celula*, int, curandStateXORWOW*)",16,1024,63,0,88670208,8192
2380,22164706004,22186094856,21388852,21.388852,"funcionTransicion(Celula*, int, curandStateXORWOW*)",16,1024,63,0,88670208,8192
2381,22186951875,22205864740,18912865,18.912865,"funcionTransicion(Celula*, int, curandStateXORWOW*)",16,1024,63,0,88670208,8192
2382,22206716448,22226895321,20178873,20.178873,"funcionTransicion(Celula*, int, curandStateXORWOW*)",16,1024,63,0,88670208,8192
2383,22227748597,22246727093,18978496,18.978496,"funcionTransicion(Celula*, int, curandStateXORWOW*)",16,1024,63,0,88670208,8192
2384,22247579057,22267589516,20010459,20.010459,"funcionTransicion(Celula*, int, curandStateXORWOW*)",16,1024,63,0,88670208,8192
2385,22268439240,22287944229,19504989,19.504989,"funcionTransicion(Celula*, int, curandStateXORWOW*)",16,1024,63,0,88670208,8192
2386,22288800033,22310930449,22130416,22.130416,"funcionTransicion(Celula*, int, curandStateXORWOW*)",16,1024,63,0,88670208,8192
2387,22311778605,22334839992,23061387,23.061387,"funcionTransicion(Celula*, int, curandStateXORWOW*)",16,1024,63,0,88670208,8192
2388,22335694451,22356829577,21135126,21.135126,"funcionTransicion(Celula*, int, curandStateXORWOW*)",16,1024,63,0,88670208,8192
2389,22357680677,22378134365,20453688,20.453688,"funcionTransicion(Celula*, int, curandStateXORWOW*)",16,1024,63,0,88670208,8192
2390,22378985273,22397783322,18798049,18.798049,"funcionTransicion(Celula*, int, curandStateXORWOW*)",16,1024,63,0,88670208,8192
2391,22398630869,22419503468,20872599,20.872599,"funcionTransicion(Celula*, int, curandStateXORWOW*)",16,1024,63,0,88670208,8192
2392,22420358536,22440521314,20162778,20.162778,"funcionTransicion(Celula*, int, curandStateXORWOW*)",16,1024,63,0,88670208,8192
2393,22441366782,22461236153,19869371,19.869371,"funcionTransicion(Celula*, int, curandStateXORWOW*)",16,1024,63,0,88670208,8192
2394,22462085941,22482337807,20251866,20.251866,"funcionTransicion(Celula*, int, curandStateXORWOW*)",16,1024,63,0,88670208,8192
2395,22483184458,22505178811,21994353,21.994353,"funcionTransicion(Celula*, int, curandStateXORWOW*)",16,1024,63,0,88670208,8192
2396,22506028055,22527314347,21286292,21.286292,"funcionTransicion(Celula*, int, curandStateXORWOW*)",16,1024,63,0,88670208,8192
2397,22528160423,22550162616,22002193,22.002193,"funcionTransicion(Celula*, int, curandStateXORWOW*)",16,1024,63,0,88670208,8192
2398,22551015571,22570002419,18986848,18.986848,"funcionTransicion(Celula*, int, curandStateXORWOW*)",16,1024,63,0,88670208,8192
2399,22570850191,22589478417,18628226,18.628226,"funcionTransicion(Celula*, int, curandStateXORWOW*)",16,1024,63,0,88670208,8192
2400,22590328908,22609674827,19345919,19.345919,"funcionTransicion(Celula*, int, curandStateXORWOW*)",16,1024,63,0,88670208,8192
2401,22709081940,22728653681,19571741,19.571741,"funcionTransicion(Celula*, int, curandStateXORWOW*)",16,1024,63,0,88670208,8192
2402,22729501517,22747972752,18471235,18.471235,"funcionTransicion(Celula*, int, curandStateXORWOW*)",16,1024,63,0,88670208,8192
2403,22748827819,22769334276,20506457,20.506457,"funcionTransicion(Celula*, int, curandStateXORWOW*)",16,1024,63,0,88670208,8192
2404,22770185855,22788596898,18411043,18.411043,"funcionTransicion(Celula*, int, curandStateXORWOW*)",16,1024,63,0,88670208,8192
2405,22789439806,22809869239,20429433,20.429433,"funcionTransicion(Celula*, int, curandStateXORWOW*)",16,1024,63,0,88670208,8192
2406,22810718739,22830668141,19949402,19.949402,"funcionTransicion(Celula*, int, curandStateXORWOW*)",16,1024,63,0,88670208,8192
2407,22831515081,22851719395,20204314,20.204314,"funcionTransicion(Celula*, int, curandStateXORWOW*)",16,1024,63,0,88670208,8192
2408,22852576095,22873794196,21218101,21.218101,"funcionTransicion(Celula*, int, curandStateXORWOW*)",16,1024,63,0,88670208,8192
2409,22874648079,22896228162,21580083,21.580083,"funcionTransicion(Celula*, int, curandStateXORWOW*)",16,1024,63,0,88670208,8192
2410,22897073150,22918945199,21872049,21.872049,"funcionTransicion(Celula*, int, curandStateXORWOW*)",16,1024,63,0,88670208,8192
2411,22919795883,22940183172,20387289,20.387289,"funcionTransicion(Celula*, int, curandStateXORWOW*)",16,1024,63,0,88670208,8192
2412,22941038400,22961889110,20850710,20.85071,"funcionTransicion(Celula*, int, curandStateXORWOW*)",16,1024,63,0,88670208,8192
2413,22962750034,22982943084,20193050,20.19305,"funcionTransicion(Celula*, int, curandStateXORWOW*)",16,1024,63,0,88670208,8192
2414,22983793960,23004010945,20216985,20.216985,"funcionTransicion(Celula*, int, curandStateXORWOW*)",16,1024,63,0,88670208,8192
2415,23004865725,23024819896,19954171,19.954171,"funcionTransicion(Celula*, int, curandStateXORWOW*)",16,1024,63,0,88670208,8192
2416,23025672180,23047664933,21992753,21.992753,"funcionTransicion(Celula*, int, curandStateXORWOW*)",16,1024,63,0,88670208,8192
2417,23048512545,23068289789,19777244,19.777244,"funcionTransicion(Celula*, int, curandStateXORWOW*)",16,1024,63,0,88670208,8192
2418,23069141336,23089566257,20424921,20.424921,"funcionTransicion(Celula*, int, curandStateXORWOW*)",16,1024,63,0,88670208,8192
2419,23090420493,23109966698,19546205,19.546205,"funcionTransicion(Celula*, int, curandStateXORWOW*)",16,1024,63,0,88670208,8192
2420,23110823013,23130653345,19830332,19.830332,"funcionTransicion(Celula*, int, curandStateXORWOW*)",16,1024,63,0,88670208,8192
2421,23131506429,23151641655,20135226,20.135226,"funcionTransicion(Celula*, int, curandStateXORWOW*)",16,1024,63,0,88670208,8192
2422,23152487699,23172871436,20383737,20.383737,"funcionTransicion(Celula*, int, curandStateXORWOW*)",16,1024,63,0,88670208,8192
2423,23173721416,23193854626,20133210,20.13321,"funcionTransicion(Celula*, int, curandStateXORWOW*)",16,1024,63,0,88670208,8192
2424,23194707805,23213856221,19148416,19.148416,"funcionTransicion(Celula*, int, curandStateXORWOW*)",16,1024,63,0,88670208,8192
2425,23214774872,23233830423,19055551,19.055551,"funcionTransicion(Celula*, int, curandStateXORWOW*)",16,1024,63,0,88670208,8192
2426,23234675539,23255480266,20804727,20.804727,"funcionTransicion(Celula*, int, curandStateXORWOW*)",16,1024,63,0,88670208,8192
2427,23256338598,23281718821,25380223,25.380223,"funcionTransicion(Celula*, int, curandStateXORWOW*)",16,1024,63,0,88670208,8192
2428,23282575617,23302876347,20300730,20.30073,"funcionTransicion(Celula*, int, curandStateXORWOW*)",16,1024,63,0,88670208,8192
2429,23303732374,23326576131,22843757,22.843757,"funcionTransicion(Celula*, int, curandStateXORWOW*)",16,1024,63,0,88670208,8192
2430,23327435935,23350368426,22932491,22.932491,"funcionTransicion(Celula*, int, curandStateXORWOW*)",16,1024,63,0,88670208,8192
2431,23351216998,23370574372,19357374,19.357374,"funcionTransicion(Celula*, int, curandStateXORWOW*)",16,1024,63,0,88670208,8192
2432,23371426240,23391276156,19849916,19.849916,"funcionTransicion(Celula*, int, curandStateXORWOW*)",16,1024,63,0,88670208,8192
2433,23392130039,23411486262,19356223,19.356223,"funcionTransicion(Celula*, int, curandStateXORWOW*)",16,1024,63,0,88670208,8192
2434,23412341809,23432587211,20245402,20.245402,"funcionTransicion(Celula*, int, curandStateXORWOW*)",16,1024,63,0,88670208,8192
2435,23433434311,23455873877,22439566,22.439566,"funcionTransicion(Celula*, int, curandStateXORWOW*)",16,1024,63,0,88670208,8192
2436,23456730353,23481345748,24615395,24.615395,"funcionTransicion(Celula*, int, curandStateXORWOW*)",16,1024,63,0,88670208,8192
2437,23482197328,23502610953,20413625,20.413625,"funcionTransicion(Celula*, int, curandStateXORWOW*)",16,1024,63,0,88670208,8192
2438,23503470373,23523340352,19869979,19.869979,"funcionTransicion(Celula*, int, curandStateXORWOW*)",16,1024,63,0,88670208,8192
2439,23524190780,23545394033,21203253,21.203253,"funcionTransicion(Celula*, int, curandStateXORWOW*)",16,1024,63,0,88670208,8192
2440,23546251884,23568456252,22204368,22.204368,"funcionTransicion(Celula*, int, curandStateXORWOW*)",16,1024,63,0,88670208,8192
2441,23569308536,23589332882,20024346,20.024346,"funcionTransicion(Celula*, int, curandStateXORWOW*)",16,1024,63,0,88670208,8192
2442,23590186990,23610787110,20600120,20.60012,"funcionTransicion(Celula*, int, curandStateXORWOW*)",16,1024,63,0,88670208,8192
2443,23611642338,23631161535,19519197,19.519197,"funcionTransicion(Celula*, int, curandStateXORWOW*)",16,1024,63,0,88670208,8192
2444,23632014075,23654884935,22870860,22.87086,"funcionTransicion(Celula*, int, curandStateXORWOW*)",16,1024,63,0,88670208,8192
2445,23655740707,23676462586,20721879,20.721879,"funcionTransicion(Celula*, int, curandStateXORWOW*)",16,1024,63,0,88670208,8192
2446,23677316502,23698888873,21572371,21.572371,"funcionTransicion(Celula*, int, curandStateXORWOW*)",16,1024,63,0,88670208,8192
2447,23699746213,23719753855,20007642,20.007642,"funcionTransicion(Celula*, int, curandStateXORWOW*)",16,1024,63,0,88670208,8192
2448,23720610491,23741515217,20904726,20.904726,"funcionTransicion(Celula*, int, curandStateXORWOW*)",16,1024,63,0,88670208,8192
2449,23742426509,23762969381,20542872,20.542872,"funcionTransicion(Celula*, int, curandStateXORWOW*)",16,1024,63,0,88670208,8192
2450,23763823777,23784658711,20834934,20.834934,"funcionTransicion(Celula*, int, curandStateXORWOW*)",16,1024,63,0,88670208,8192
2451,23785506259,23807421668,21915409,21.915409,"funcionTransicion(Celula*, int, curandStateXORWOW*)",16,1024,63,0,88670208,8192
2452,23808279936,23829029111,20749175,20.749175,"funcionTransicion(Celula*, int, curandStateXORWOW*)",16,1024,63,0,88670208,8192
2453,23829888083,23851019592,21131509,21.131509,"funcionTransicion(Celula*, int, curandStateXORWOW*)",16,1024,63,0,88670208,8192
2454,23851874756,23872303548,20428792,20.428792,"funcionTransicion(Celula*, int, curandStateXORWOW*)",16,1024,63,0,88670208,8192
2455,23873155064,23893637680,20482616,20.482616,"funcionTransicion(Celula*, int, curandStateXORWOW*)",16,1024,63,0,88670208,8192
2456,23894495116,23919197839,24702723,24.702723,"funcionTransicion(Celula*, int, curandStateXORWOW*)",16,1024,63,0,88670208,8192
2457,23920056299,23941641182,21584883,21.584883,"funcionTransicion(Celula*, int, curandStateXORWOW*)",16,1024,63,0,88670208,8192
2458,23942494138,23962861907,20367769,20.367769,"funcionTransicion(Celula*, int, curandStateXORWOW*)",16,1024,63,0,88670208,8192
2459,23963721902,23987735061,24013159,24.013159,"funcionTransicion(Celula*, int, curandStateXORWOW*)",16,1024,63,0,88670208,8192
2460,23988584496,24016240133,27655637,27.655637,"funcionTransicion(Celula*, int, curandStateXORWOW*)",16,1024,63,0,88670208,8192
2461,24017102432,24043354171,26251739,26.251739,"funcionTransicion(Celula*, int, curandStateXORWOW*)",16,1024,63,0,88670208,8192
2462,24044205720,24065030862,20825142,20.825142,"funcionTransicion(Celula*, int, curandStateXORWOW*)",16,1024,63,0,88670208,8192
2463,24065888234,24088395704,22507470,22.50747,"funcionTransicion(Celula*, int, curandStateXORWOW*)",16,1024,63,0,88670208,8192
2464,24089254707,24111402596,22147889,22.147889,"funcionTransicion(Celula*, int, curandStateXORWOW*)",16,1024,63,0,88670208,8192
2465,24112252959,24134303376,22050417,22.050417,"funcionTransicion(Celula*, int, curandStateXORWOW*)",16,1024,63,0,88670208,8192
2466,24135159403,24156164353,21004950,21.00495,"funcionTransicion(Celula*, int, curandStateXORWOW*)",16,1024,63,0,88670208,8192
2467,24157027581,24178190834,21163253,21.163253,"funcionTransicion(Celula*, int, curandStateXORWOW*)",16,1024,63,0,88670208,8192
2468,24179054350,24201057663,22003313,22.003313,"funcionTransicion(Celula*, int, curandStateXORWOW*)",16,1024,63,0,88670208,8192
2469,24201909978,24225533923,23623945,23.623945,"funcionTransicion(Celula*, int, curandStateXORWOW*)",16,1024,63,0,88670208,8192
2470,24226389694,24248303536,21913842,21.913842,"funcionTransicion(Celula*, int, curandStateXORWOW*)",16,1024,63,0,88670208,8192
2471,24249162123,24272658516,23496393,23.496393,"funcionTransicion(Celula*, int, curandStateXORWOW*)",16,1024,63,0,88670208,8192
2472,24273512400,24297251032,23738632,23.738632,"funcionTransicion(Celula*, int, curandStateXORWOW*)",16,1024,63,0,88670208,8192
2473,24298131156,24320030117,21898961,21.898961,"funcionTransicion(Celula*, int, curandStateXORWOW*)",16,1024,63,0,88670208,8192
2474,24320874817,24343621454,22746637,22.746637,"funcionTransicion(Celula*, int, curandStateXORWOW*)",16,1024,63,0,88670208,8192
2475,24344473514,24366902104,22428590,22.42859,"funcionTransicion(Celula*, int, curandStateXORWOW*)",16,1024,63,0,88670208,8192
2476,24367757812,24388101229,20343417,20.343417,"funcionTransicion(Celula*, int, curandStateXORWOW*)",16,1024,63,0,88670208,8192
2477,24388955625,24409642464,20686839,20.686839,"funcionTransicion(Celula*, int, curandStateXORWOW*)",16,1024,63,0,88670208,8192
2478,24410499228,24431099027,20599799,20.599799,"funcionTransicion(Celula*, int, curandStateXORWOW*)",16,1024,63,0,88670208,8192
2479,24431952975,24451952394,19999419,19.999419,"funcionTransicion(Celula*, int, curandStateXORWOW*)",16,1024,63,0,88670208,8192
2480,24452807846,24474407033,21599187,21.599187,"funcionTransicion(Celula*, int, curandStateXORWOW*)",16,1024,63,0,88670208,8192
2481,24475262100,24496275946,21013846,21.013846,"funcionTransicion(Celula*, int, curandStateXORWOW*)",16,1024,63,0,88670208,8192
2482,24497133030,24520253649,23120619,23.120619,"funcionTransicion(Celula*, int, curandStateXORWOW*)",16,1024,63,0,88670208,8192
2483,24521103341,24546824107,25720766,25.720766,"funcionTransicion(Celula*, int, curandStateXORWOW*)",16,1024,63,0,88670208,8192
2484,24547680710,24570416083,22735373,22.735373,"funcionTransicion(Celula*, int, curandStateXORWOW*)",16,1024,63,0,88670208,8192
2485,24571268431,24592886754,21618323,21.618323,"funcionTransicion(Celula*, int, curandStateXORWOW*)",16,1024,63,0,88670208,8192
2486,24593738814,24618154946,24416132,24.416132,"funcionTransicion(Celula*, int, curandStateXORWOW*)",16,1024,63,0,88670208,8192
2487,24619007294,24641633708,22626414,22.626414,"funcionTransicion(Celula*, int, curandStateXORWOW*)",16,1024,63,0,88670208,8192
2488,24642491655,24663944187,21452532,21.452532,"funcionTransicion(Celula*, int, curandStateXORWOW*)",16,1024,63,0,88670208,8192
2489,24664802678,24685077552,20274874,20.274874,"funcionTransicion(Celula*, int, curandStateXORWOW*)",16,1024,63,0,88670208,8192
2490,24685934315,24707038561,21104246,21.104246,"funcionTransicion(Celula*, int, curandStateXORWOW*)",16,1024,63,0,88670208,8192
2491,24707896221,24728534612,20638391,20.638391,"funcionTransicion(Celula*, int, curandStateXORWOW*)",16,1024,63,0,88670208,8192
2492,24729388976,24754536817,25147841,25.147841,"funcionTransicion(Celula*, int, curandStateXORWOW*)",16,1024,63,0,88670208,8192
2493,24755392076,24781863942,26471866,26.471866,"funcionTransicion(Celula*, int, curandStateXORWOW*)",16,1024,63,0,88670208,8192
2494,24782729538,24803382970,20653432,20.653432,"funcionTransicion(Celula*, int, curandStateXORWOW*)",16,1024,63,0,88670208,8192
2495,24804236182,24824350608,20114426,20.114426,"funcionTransicion(Celula*, int, curandStateXORWOW*)",16,1024,63,0,88670208,8192
2496,24825207819,24846417248,21209429,21.209429,"funcionTransicion(Celula*, int, curandStateXORWOW*)",16,1024,63,0,88670208,8192
2497,24847392347,24869846282,22453935,22.453935,"funcionTransicion(Celula*, int, curandStateXORWOW*)",16,1024,63,0,88670208,8192
2498,24870710117,24892093433,21383316,21.383316,"funcionTransicion(Celula*, int, curandStateXORWOW*)",16,1024,63,0,88670208,8192
2499,24892951413,24914866758,21915345,21.915345,"funcionTransicion(Celula*, int, curandStateXORWOW*)",16,1024,63,0,88670208,8192
2500,24915731234,24937512980,21781746,21.781746,"funcionTransicion(Celula*, int, curandStateXORWOW*)",16,1024,63,0,88670208,8192
2501,24938374575,24958405386,20030811,20.030811,"funcionTransicion(Celula*, int, curandStateXORWOW*)",16,1024,63,0,88670208,8192
2502,24959259046,24980392891,21133845,21.133845,"funcionTransicion(Celula*, int, curandStateXORWOW*)",16,1024,63,0,88670208,8192
2503,24981247063,25002905673,21658610,21.65861,"funcionTransicion(Celula*, int, curandStateXORWOW*)",16,1024,63,0,88670208,8192
2504,25003764805,25025470679,21705874,21.705874,"funcionTransicion(Celula*, int, curandStateXORWOW*)",16,1024,63,0,88670208,8192
2505,25026326835,25049699101,23372266,23.372266,"funcionTransicion(Celula*, int, curandStateXORWOW*)",16,1024,63,0,88670208,8192
2506,25050556600,25074863933,24307333,24.307333,"funcionTransicion(Celula*, int, curandStateXORWOW*)",16,1024,63,0,88670208,8192
2507,25075711801,25098006856,22295055,22.295055,"funcionTransicion(Celula*, int, curandStateXORWOW*)",16,1024,63,0,88670208,8192
2508,25098861956,25120779413,21917457,21.917457,"funcionTransicion(Celula*, int, curandStateXORWOW*)",16,1024,63,0,88670208,8192
2509,25121630513,25144833244,23202731,23.202731,"funcionTransicion(Celula*, int, curandStateXORWOW*)",16,1024,63,0,88670208,8192
2510,25145694903,25168020646,22325743,22.325743,"funcionTransicion(Celula*, int, curandStateXORWOW*)",16,1024,63,0,88670208,8192
2511,25168875554,25189324539,20448985,20.448985,"funcionTransicion(Celula*, int, curandStateXORWOW*)",16,1024,63,0,88670208,8192
2512,25190181303,25213934142,23752839,23.752839,"funcionTransicion(Celula*, int, curandStateXORWOW*)",16,1024,63,0,88670208,8192
2513,25214796186,25236664460,21868274,21.868274,"funcionTransicion(Celula*, int, curandStateXORWOW*)",16,1024,63,0,88670208,8192
2514,25237529063,25257302083,19773020,19.77302,"funcionTransicion(Celula*, int, curandStateXORWOW*)",16,1024,63,0,88670208,8192
2515,25258160319,25281634120,23473801,23.473801,"funcionTransicion(Celula*, int, curandStateXORWOW*)",16,1024,63,0,88670208,8192
2516,25282492932,25302769021,20276089,20.276089,"funcionTransicion(Celula*, int, curandStateXORWOW*)",16,1024,63,0,88670208,8192
2517,25303636665,25324231441,20594776,20.594776,"funcionTransicion(Celula*, int, curandStateXORWOW*)",16,1024,63,0,88670208,8192
2518,25325085997,25346368673,21282676,21.282676,"funcionTransicion(Celula*, int, curandStateXORWOW*)",16,1024,63,0,88670208,8192
2519,25347224637,25367329687,20105050,20.10505,"funcionTransicion(Celula*, int, curandStateXORWOW*)",16,1024,63,0,88670208,8192
2520,25368182899,25387454417,19271518,19.271518,"funcionTransicion(Celula*, int, curandStateXORWOW*)",16,1024,63,0,88670208,8192
2521,25489226959,25509662664,20435705,20.435705,"funcionTransicion(Celula*, int, curandStateXORWOW*)",16,1024,63,0,88670208,8192
2522,25510524547,25533502095,22977548,22.977548,"funcionTransicion(Celula*, int, curandStateXORWOW*)",16,1024,63,0,88670208,8192
2523,25534362059,25554980962,20618903,20.618903,"funcionTransicion(Celula*, int, curandStateXORWOW*)",16,1024,63,0,88670208,8192
2524,25555842238,25577053139,21210901,21.210901,"funcionTransicion(Celula*, int, curandStateXORWOW*)",16,1024,63,0,88670208,8192
2525,25577906350,25599520801,21614451,21.614451,"funcionTransicion(Celula*, int, curandStateXORWOW*)",16,1024,63,0,88670208,8192
2526,25600377757,25621159668,20781911,20.781911,"funcionTransicion(Celula*, int, curandStateXORWOW*)",16,1024,63,0,88670208,8192
2527,25622022512,25642797319,20774807,20.774807,"funcionTransicion(Celula*, int, curandStateXORWOW*)",16,1024,63,0,88670208,8192
2528,25643658594,25663615869,19957275,19.957275,"funcionTransicion(Celula*, int, curandStateXORWOW*)",16,1024,63,0,88670208,8192
2529,25664477465,25683013595,18536130,18.53613,"funcionTransicion(Celula*, int, curandStateXORWOW*)",16,1024,63,0,88670208,8192
2530,25683868823,25705625897,21757074,21.757074,"funcionTransicion(Celula*, int, curandStateXORWOW*)",16,1024,63,0,88670208,8192
2531,25706495109,25726615231,20120122,20.120122,"funcionTransicion(Celula*, int, curandStateXORWOW*)",16,1024,63,0,88670208,8192
2532,25727475642,25747619253,20143611,20.143611,"funcionTransicion(Celula*, int, curandStateXORWOW*)",16,1024,63,0,88670208,8192
2533,25748474161,25767718607,19244446,19.244446,"funcionTransicion(Celula*, int, curandStateXORWOW*)",16,1024,63,0,88670208,8192
2534,25768574795,25789927423,21352628,21.352628,"funcionTransicion(Celula*, int, curandStateXORWOW*)",16,1024,63,0,88670208,8192
2535,25790787483,25813861894,23074411,23.074411,"funcionTransicion(Celula*, int, curandStateXORWOW*)",16,1024,63,0,88670208,8192
2536,25814722818,25836550419,21827601,21.827601,"funcionTransicion(Celula*, int, curandStateXORWOW*)",16,1024,63,0,88670208,8192
2537,25837403823,25858595012,21191189,21.191189,"funcionTransicion(Celula*, int, curandStateXORWOW*)",16,1024,63,0,88670208,8192
2538,25859446464,25877361317,17914853,17.914853,"funcionTransicion(Celula*, int, curandStateXORWOW*)",16,1024,63,0,88670208,8192
2539,25878217344,25898078204,19860860,19.86086,"funcionTransicion(Celula*, int, curandStateXORWOW*)",16,1024,63,0,88670208,8192
2540,25898940600,25919619215,20678615,20.678615,"funcionTransicion(Celula*, int, curandStateXORWOW*)",16,1024,63,0,88670208,8192
2541,25920475851,25941634592,21158741,21.158741,"funcionTransicion(Celula*, int, curandStateXORWOW*)",16,1024,63,0,88670208,8192
2542,25942498779,25963002228,20503449,20.503449,"funcionTransicion(Celula*, int, curandStateXORWOW*)",16,1024,63,0,88670208,8192
2543,25963858992,25985358563,21499571,21.499571,"funcionTransicion(Celula*, int, curandStateXORWOW*)",16,1024,63,0,88670208,8192
2544,25986226238,26005414686,19188448,19.188448,"funcionTransicion(Celula*, int, curandStateXORWOW*)",16,1024,63,0,88670208,8192
2545,26006318585,26026883089,20564504,20.564504,"funcionTransicion(Celula*, int, curandStateXORWOW*)",16,1024,63,0,88670208,8192
2546,26027736589,26046921740,19185151,19.185151,"funcionTransicion(Celula*, int, curandStateXORWOW*)",16,1024,63,0,88670208,8192
2547,26047779111,26067684323,19905212,19.905212,"funcionTransicion(Celula*, int, curandStateXORWOW*)",16,1024,63,0,88670208,8192
2548,26068549790,26088110524,19560734,19.560734,"funcionTransicion(Celula*, int, curandStateXORWOW*)",16,1024,63,0,88670208,8192
2549,26088964279,26110378347,21414068,21.414068,"funcionTransicion(Celula*, int, curandStateXORWOW*)",16,1024,63,0,88670208,8192
2550,26111235271,26132829370,21594099,21.594099,"funcionTransicion(Celula*, int, curandStateXORWOW*)",16,1024,63,0,88670208,8192
2551,26133688405,26153714256,20025851,20.025851,"funcionTransicion(Celula*, int, curandStateXORWOW*)",16,1024,63,0,88670208,8192
2552,26154576236,26177307961,22731725,22.731725,"funcionTransicion(Celula*, int, curandStateXORWOW*)",16,1024,63,0,88670208,8192
2553,26178163892,26197723954,19560062,19.560062,"funcionTransicion(Celula*, int, curandStateXORWOW*)",16,1024,63,0,88670208,8192
2554,26198581197,26219786242,21205045,21.205045,"funcionTransicion(Celula*, int, curandStateXORWOW*)",16,1024,63,0,88670208,8192
2555,26220650525,26242181777,21531252,21.531252,"funcionTransicion(Celula*, int, curandStateXORWOW*)",16,1024,63,0,88670208,8192
2556,26243039436,26265078909,22039473,22.039473,"funcionTransicion(Celula*, int, curandStateXORWOW*)",16,1024,63,0,88670208,8192
2557,26265941880,26288497958,22556078,22.556078,"funcionTransicion(Celula*, int, curandStateXORWOW*)",16,1024,63,0,88670208,8192
2558,26289358786,26311311315,21952529,21.952529,"funcionTransicion(Celula*, int, curandStateXORWOW*)",16,1024,63,0,88670208,8192
2559,26312177199,26333805474,21628275,21.628275,"funcionTransicion(Celula*, int, curandStateXORWOW*)",16,1024,63,0,88670208,8192
2560,26334663709,26355080982,20417273,20.417273,"funcionTransicion(Celula*, int, curandStateXORWOW*)",16,1024,63,0,88670208,8192
2561,26355939058,26378650943,22711885,22.711885,"funcionTransicion(Celula*, int, curandStateXORWOW*)",16,1024,63,0,88670208,8192
2562,26379510427,26400994478,21484051,21.484051,"funcionTransicion(Celula*, int, curandStateXORWOW*)",16,1024,63,0,88670208,8192
2563,26401859146,26425352115,23492969,23.492969,"funcionTransicion(Celula*, int, curandStateXORWOW*)",16,1024,63,0,88670208,8192
2564,26426213358,26449086971,22873613,22.873613,"funcionTransicion(Celula*, int, curandStateXORWOW*)",16,1024,63,0,88670208,8192
2565,26449949526,26471852168,21902642,21.902642,"funcionTransicion(Celula*, int, curandStateXORWOW*)",16,1024,63,0,88670208,8192
2566,26472713635,26495425361,22711726,22.711726,"funcionTransicion(Celula*, int, curandStateXORWOW*)",16,1024,63,0,88670208,8192
2567,26496278572,26520219891,23941319,23.941319,"funcionTransicion(Celula*, int, curandStateXORWOW*)",16,1024,63,0,88670208,8192
2568,26521073231,26544472953,23399722,23.399722,"funcionTransicion(Celula*, int, curandStateXORWOW*)",16,1024,63,0,88670208,8192
2569,26545368852,26569645497,24276645,24.276645,"funcionTransicion(Celula*, int, curandStateXORWOW*)",16,1024,63,0,88670208,8192
2570,26570508213,26592811269,22303056,22.303056,"funcionTransicion(Celula*, int, curandStateXORWOW*)",16,1024,63,0,88670208,8192
2571,26593662048,26618140100,24478052,24.478052,"funcionTransicion(Celula*, int, curandStateXORWOW*)",16,1024,63,0,88670208,8192
2572,26618995840,26642722696,23726856,23.726856,"funcionTransicion(Celula*, int, curandStateXORWOW*)",16,1024,63,0,88670208,8192
2573,26643581028,26668869924,25288896,25.288896,"funcionTransicion(Celula*, int, curandStateXORWOW*)",16,1024,63,0,88670208,8192
2574,26669731263,26692554220,22822957,22.822957,"funcionTransicion(Celula*, int, curandStateXORWOW*)",16,1024,63,0,88670208,8192
2575,26693404776,26715583544,22178768,22.178768,"funcionTransicion(Celula*, int, curandStateXORWOW*)",16,1024,63,0,88670208,8192
2576,26716440691,26739683806,23243115,23.243115,"funcionTransicion(Celula*, int, curandStateXORWOW*)",16,1024,63,0,88670208,8192
2577,26740537690,26763892548,23354858,23.354858,"funcionTransicion(Celula*, int, curandStateXORWOW*)",16,1024,63,0,88670208,8192
2578,26764745183,26788341128,23595945,23.595945,"funcionTransicion(Celula*, int, curandStateXORWOW*)",16,1024,63,0,88670208,8192
2579,26789199619,26812618093,23418474,23.418474,"funcionTransicion(Celula*, int, curandStateXORWOW*)",16,1024,63,0,88670208,8192
2580,26813476489,26836129526,22653037,22.653037,"funcionTransicion(Celula*, int, curandStateXORWOW*)",16,1024,63,0,88670208,8192
2581,26836994418,26859473089,22478671,22.478671,"funcionTransicion(Celula*, int, curandStateXORWOW*)",16,1024,63,0,88670208,8192
2582,26860335356,26885104223,24768867,24.768867,"funcionTransicion(Celula*, int, curandStateXORWOW*)",16,1024,63,0,88670208,8192
2583,26885956186,26908666376,22710190,22.71019,"funcionTransicion(Celula*, int, curandStateXORWOW*)",16,1024,63,0,88670208,8192
2584,26909521571,26933333547,23811976,23.811976,"funcionTransicion(Celula*, int, curandStateXORWOW*)",16,1024,63,0,88670208,8192
2585,26934189255,26957791119,23601864,23.601864,"funcionTransicion(Celula*, int, curandStateXORWOW*)",16,1024,63,0,88670208,8192
2586,26958652267,26982341907,23689640,23.68964,"funcionTransicion(Celula*, int, curandStateXORWOW*)",16,1024,63,0,88670208,8192
2587,26983201807,27005538174,22336367,22.336367,"funcionTransicion(Celula*, int, curandStateXORWOW*)",16,1024,63,0,88670208,8192
2588,27006403898,27029562085,23158187,23.158187,"funcionTransicion(Celula*, int, curandStateXORWOW*)",16,1024,63,0,88670208,8192
2589,27030426688,27053421068,22994380,22.99438,"funcionTransicion(Celula*, int, curandStateXORWOW*)",16,1024,63,0,88670208,8192
2590,27054278568,27076470872,22192304,22.192304,"funcionTransicion(Celula*, int, curandStateXORWOW*)",16,1024,63,0,88670208,8192
2591,27077336051,27100918748,23582697,23.582697,"funcionTransicion(Celula*, int, curandStateXORWOW*)",16,1024,63,0,88670208,8192
2592,27101780919,27125159297,23378378,23.378378,"funcionTransicion(Celula*, int, curandStateXORWOW*)",16,1024,63,0,88670208,8192
2593,27126059389,27147297745,21238356,21.238356,"funcionTransicion(Celula*, int, curandStateXORWOW*)",16,1024,63,0,88670208,8192
2594,27148158573,27171022938,22864365,22.864365,"funcionTransicion(Celula*, int, curandStateXORWOW*)",16,1024,63,0,88670208,8192
2595,27171892117,27195171872,23279755,23.279755,"funcionTransicion(Celula*, int, curandStateXORWOW*)",16,1024,63,0,88670208,8192
2596,27196034523,27220620671,24586148,24.586148,"funcionTransicion(Celula*, int, curandStateXORWOW*)",16,1024,63,0,88670208,8192
2597,27221481690,27244289895,22808205,22.808205,"funcionTransicion(Celula*, int, curandStateXORWOW*)",16,1024,63,0,88670208,8192
2598,27245150979,27267274387,22123408,22.123408,"funcionTransicion(Celula*, int, curandStateXORWOW*)",16,1024,63,0,88670208,8192
2599,27268131471,27290539454,22407983,22.407983,"funcionTransicion(Celula*, int, curandStateXORWOW*)",16,1024,63,0,88670208,8192
2600,27291396185,27316676889,25280704,25.280704,"funcionTransicion(Celula*, int, curandStateXORWOW*)",16,1024,63,0,88670208,8192
2601,27317532277,27341941466,24409189,24.409189,"funcionTransicion(Celula*, int, curandStateXORWOW*)",16,1024,63,0,88670208,8192
2602,27342795701,27369403695,26607994,26.607994,"funcionTransicion(Celula*, int, curandStateXORWOW*)",16,1024,63,0,88670208,8192
2603,27370266539,27392766649,22500110,22.50011,"funcionTransicion(Celula*, int, curandStateXORWOW*)",16,1024,63,0,88670208,8192
2604,27393628980,27416623040,22994060,22.99406,"funcionTransicion(Celula*, int, curandStateXORWOW*)",16,1024,63,0,88670208,8192
2605,27417482204,27441504418,24022214,24.022214,"funcionTransicion(Celula*, int, curandStateXORWOW*)",16,1024,63,0,88670208,8192
2606,27442369694,27464837100,22467406,22.467406,"funcionTransicion(Celula*, int, curandStateXORWOW*)",16,1024,63,0,88670208,8192
2607,27465692488,27491135719,25443231,25.443231,"funcionTransicion(Celula*, int, curandStateXORWOW*)",16,1024,63,0,88670208,8192
2608,27491995171,27516926245,24931074,24.931074,"funcionTransicion(Celula*, int, curandStateXORWOW*)",16,1024,63,0,88670208,8192
2609,27517789345,27539978448,22189103,22.189103,"funcionTransicion(Celula*, int, curandStateXORWOW*)",16,1024,63,0,88670208,8192
2610,27540844524,27561903458,21058934,21.058934,"funcionTransicion(Celula*, int, curandStateXORWOW*)",16,1024,63,0,88670208,8192
2611,27562755549,27585198316,22442767,22.442767,"funcionTransicion(Celula*, int, curandStateXORWOW*)",16,1024,63,0,88670208,8192
2612,27586054599,27610468300,24413701,24.413701,"funcionTransicion(Celula*, int, curandStateXORWOW*)",16,1024,63,0,88670208,8192
2613,27611325288,27635687629,24362341,24.362341,"funcionTransicion(Celula*, int, curandStateXORWOW*)",16,1024,63,0,88670208,8192
2614,27636543336,27658027388,21484052,21.484052,"funcionTransicion(Celula*, int, curandStateXORWOW*)",16,1024,63,0,88670208,8192
2615,27658889720,27681952067,23062347,23.062347,"funcionTransicion(Celula*, int, curandStateXORWOW*)",16,1024,63,0,88670208,8192
2616,27682813726,27708336670,25522944,25.522944,"funcionTransicion(Celula*, int, curandStateXORWOW*)",16,1024,63,0,88670208,8192
2617,27709221081,27734902967,25681886,25.681886,"funcionTransicion(Celula*, int, curandStateXORWOW*)",16,1024,63,0,88670208,8192
2618,27735764659,27758993309,23228650,23.22865,"funcionTransicion(Celula*, int, curandStateXORWOW*)",16,1024,63,0,88670208,8192
2619,27759853337,27784250014,24396677,24.396677,"funcionTransicion(Celula*, int, curandStateXORWOW*)",16,1024,63,0,88670208,8192
2620,27785107354,27810003484,24896130,24.89613,"funcionTransicion(Celula*, int, curandStateXORWOW*)",16,1024,63,0,88670208,8192
2621,27810860599,27833116647,22256048,22.256048,"funcionTransicion(Celula*, int, curandStateXORWOW*)",16,1024,63,0,88670208,8192
2622,27833978434,27858879557,24901123,24.901123,"funcionTransicion(Celula*, int, curandStateXORWOW*)",16,1024,63,0,88670208,8192
2623,27859738528,27883125674,23387146,23.387146,"funcionTransicion(Celula*, int, curandStateXORWOW*)",16,1024,63,0,88670208,8192
2624,27883990278,27906812402,22822124,22.822124,"funcionTransicion(Celula*, int, curandStateXORWOW*)",16,1024,63,0,88670208,8192
2625,27907671310,27932039091,24367781,24.367781,"funcionTransicion(Celula*, int, curandStateXORWOW*)",16,1024,63,0,88670208,8192
2626,27932895310,27955618427,22723117,22.723117,"funcionTransicion(Celula*, int, curandStateXORWOW*)",16,1024,63,0,88670208,8192
2627,27956474103,27979665730,23191627,23.191627,"funcionTransicion(Celula*, int, curandStateXORWOW*)",16,1024,63,0,88670208,8192
2628,27980527037,28006382235,25855198,25.855198,"funcionTransicion(Celula*, int, curandStateXORWOW*)",16,1024,63,0,88670208,8192
2629,28007242327,28029426406,22184079,22.184079,"funcionTransicion(Celula*, int, curandStateXORWOW*)",16,1024,63,0,88670208,8192
2630,28030285538,28054122057,23836519,23.836519,"funcionTransicion(Celula*, int, curandStateXORWOW*)",16,1024,63,0,88670208,8192
2631,28054978053,28080734499,25756446,25.756446,"funcionTransicion(Celula*, int, curandStateXORWOW*)",16,1024,63,0,88670208,8192
2632,28081597919,28107223549,25625630,25.62563,"funcionTransicion(Celula*, int, curandStateXORWOW*)",16,1024,63,0,88670208,8192
2633,28108088121,28130554951,22466830,22.46683,"funcionTransicion(Celula*, int, curandStateXORWOW*)",16,1024,63,0,88670208,8192
2634,28131413763,28153616562,22202799,22.202799,"funcionTransicion(Celula*, int, curandStateXORWOW*)",16,1024,63,0,88670208,8192
2635,28154474094,28178341237,23867143,23.867143,"funcionTransicion(Celula*, int, curandStateXORWOW*)",16,1024,63,0,88670208,8192
2636,28179196529,28203322680,24126151,24.126151,"funcionTransicion(Celula*, int, curandStateXORWOW*)",16,1024,63,0,88670208,8192
2637,28204183571,28227928923,23745352,23.745352,"funcionTransicion(Celula*, int, curandStateXORWOW*)",16,1024,63,0,88670208,8192
2638,28228785879,28252476191,23690312,23.690312,"funcionTransicion(Celula*, int, curandStateXORWOW*)",16,1024,63,0,88670208,8192
2639,28253338555,28277259714,23921159,23.921159,"funcionTransicion(Celula*, int, curandStateXORWOW*)",16,1024,63,0,88670208,8192
2640,28278116957,28303674460,25557503,25.557503,"funcionTransicion(Celula*, int, curandStateXORWOW*)",16,1024,63,0,88670208,8192
2641,28410620864,28436397117,25776253,25.776253,"funcionTransicion(Celula*, int, curandStateXORWOW*)",16,1024,63,0,88670208,8192
2642,28437258201,28464152465,26894264,26.894264,"funcionTransicion(Celula*, int, curandStateXORWOW*)",16,1024,63,0,88670208,8192
2643,28465009836,28489157555,24147719,24.147719,"funcionTransicion(Celula*, int, curandStateXORWOW*)",16,1024,63,0,88670208,8192
2644,28490017326,28515453774,25436448,25.436448,"funcionTransicion(Celula*, int, curandStateXORWOW*)",16,1024,63,0,88670208,8192
2645,28516320553,28541372011,25051458,25.051458,"funcionTransicion(Celula*, int, curandStateXORWOW*)",16,1024,63,0,88670208,8192
2646,28542234854,28566751818,24516964,24.516964,"funcionTransicion(Celula*, int, curandStateXORWOW*)",16,1024,63,0,88670208,8192
2647,28567613510,28593387491,25773981,25.773981,"funcionTransicion(Celula*, int, curandStateXORWOW*)",16,1024,63,0,88670208,8192
2648,28594247967,28620370779,26122812,26.122812,"funcionTransicion(Celula*, int, curandStateXORWOW*)",16,1024,63,0,88670208,8192
2649,28621234487,28648005840,26771353,26.771353,"funcionTransicion(Celula*, int, curandStateXORWOW*)",16,1024,63,0,88670208,8192
2650,28648868715,28675320805,26452090,26.45209,"funcionTransicion(Celula*, int, curandStateXORWOW*)",16,1024,63,0,88670208,8192
2651,28676183841,28700369031,24185190,24.18519,"funcionTransicion(Celula*, int, curandStateXORWOW*)",16,1024,63,0,88670208,8192
2652,28701223970,28727579357,26355387,26.355387,"funcionTransicion(Celula*, int, curandStateXORWOW*)",16,1024,63,0,88670208,8192
2653,28728442521,28756340460,27897939,27.897939,"funcionTransicion(Celula*, int, curandStateXORWOW*)",16,1024,63,0,88670208,8192
2654,28757206344,28781398797,24192453,24.192453,"funcionTransicion(Celula*, int, curandStateXORWOW*)",16,1024,63,0,88670208,8192
2655,28782258313,28806222288,23963975,23.963975,"funcionTransicion(Celula*, int, curandStateXORWOW*)",16,1024,63,0,88670208,8192
2656,28807090476,28830039351,22948875,22.948875,"funcionTransicion(Celula*, int, curandStateXORWOW*)",16,1024,63,0,88670208,8192
2657,28830896883,28853481505,22584622,22.584622,"funcionTransicion(Celula*, int, curandStateXORWOW*)",16,1024,63,0,88670208,8192
2658,28854339709,28878801569,24461860,24.46186,"funcionTransicion(Celula*, int, curandStateXORWOW*)",16,1024,63,0,88670208,8192
2659,28879652029,28903268389,23616360,23.61636,"funcionTransicion(Celula*, int, curandStateXORWOW*)",16,1024,63,0,88670208,8192
2660,28904134881,28926639407,22504526,22.504526,"funcionTransicion(Celula*, int, curandStateXORWOW*)",16,1024,63,0,88670208,8192
2661,28927499659,28950291736,22792077,22.792077,"funcionTransicion(Celula*, int, curandStateXORWOW*)",16,1024,63,0,88670208,8192
2662,28951154451,28973614850,22460399,22.460399,"funcionTransicion(Celula*, int, curandStateXORWOW*)",16,1024,63,0,88670208,8192
2663,28974472317,28998134502,23662185,23.662185,"funcionTransicion(Celula*, int, curandStateXORWOW*)",16,1024,63,0,88670208,8192
2664,28999002561,29023807908,24805347,24.805347,"funcionTransicion(Celula*, int, curandStateXORWOW*)",16,1024,63,0,88670208,8192
2665,29024695967,29049034020,24338053,24.338053,"funcionTransicion(Celula*, int, curandStateXORWOW*)",16,1024,63,0,88670208,8192
2666,29049893056,29075848189,25955133,25.955133,"funcionTransicion(Celula*, int, curandStateXORWOW*)",16,1024,63,0,88670208,8192
2667,29076714264,29102200215,25485951,25.485951,"funcionTransicion(Celula*, int, curandStateXORWOW*)",16,1024,63,0,88670208,8192
2668,29103058451,29127896278,24837827,24.837827,"funcionTransicion(Celula*, int, curandStateXORWOW*)",16,1024,63,0,88670208,8192
2669,29128756690,29153194294,24437604,24.437604,"funcionTransicion(Celula*, int, curandStateXORWOW*)",16,1024,63,0,88670208,8192
2670,29154054002,29180256429,26202427,26.202427,"funcionTransicion(Celula*, int, curandStateXORWOW*)",16,1024,63,0,88670208,8192
2671,29181125001,29205253711,24128710,24.12871,"funcionTransicion(Celula*, int, curandStateXORWOW*)",16,1024,63,0,88670208,8192
2672,29206112714,29232632996,26520282,26.520282,"funcionTransicion(Celula*, int, curandStateXORWOW*)",16,1024,63,0,88670208,8192
2673,29233495936,29257564742,24068806,24.068806,"funcionTransicion(Celula*, int, curandStateXORWOW*)",16,1024,63,0,88670208,8192
2674,29258429570,29283519939,25090369,25.090369,"funcionTransicion(Celula*, int, curandStateXORWOW*)",16,1024,63,0,88670208,8192
2675,29284379807,29308646308,24266501,24.266501,"funcionTransicion(Celula*, int, curandStateXORWOW*)",16,1024,63,0,88670208,8192
2676,29309505248,29336685655,27180407,27.180407,"funcionTransicion(Celula*, int, curandStateXORWOW*)",16,1024,63,0,88670208,8192
2677,29337555410,29362208917,24653507,24.653507,"funcionTransicion(Celula*, int, curandStateXORWOW*)",16,1024,63,0,88670208,8192
2678,29363070289,29386418491,23348202,23.348202,"funcionTransicion(Celula*, int, curandStateXORWOW*)",16,1024,63,0,88670208,8192
2679,29387278391,29412062393,24784002,24.784002,"funcionTransicion(Celula*, int, curandStateXORWOW*)",16,1024,63,0,88670208,8192
2680,29412928149,29436815804,23887655,23.887655,"funcionTransicion(Celula*, int, curandStateXORWOW*)",16,1024,63,0,88670208,8192
2681,29437676056,29461286977,23610921,23.610921,"funcionTransicion(Celula*, int, curandStateXORWOW*)",16,1024,63,0,88670208,8192
2682,29462149276,29485956708,23807432,23.807432,"funcionTransicion(Celula*, int, curandStateXORWOW*)",16,1024,63,0,88670208,8192
2683,29486819712,29510926022,24106310,24.10631,"funcionTransicion(Celula*, int, curandStateXORWOW*)",16,1024,63,0,88670208,8192
2684,29511795297,29536581668,24786371,24.786371,"funcionTransicion(Celula*, int, curandStateXORWOW*)",16,1024,63,0,88670208,8192
2685,29537453472,29562367874,24914402,24.914402,"funcionTransicion(Celula*, int, curandStateXORWOW*)",16,1024,63,0,88670208,8192
2686,29563223357,29588735612,25512255,25.512255,"funcionTransicion(Celula*, int, curandStateXORWOW*)",16,1024,63,0,88670208,8192
2687,29589596696,29615394709,25798013,25.798013,"funcionTransicion(Celula*, int, curandStateXORWOW*)",16,1024,63,0,88670208,8192
2688,29616256977,29641270611,25013634,25.013634,"funcionTransicion(Celula*, int, curandStateXORWOW*)",16,1024,63,0,88670208,8192
2689,29642200974,29667550062,25349088,25.349088,"funcionTransicion(Celula*, int, curandStateXORWOW*)",16,1024,63,0,88670208,8192
2690,29668408650,29691749780,23341130,23.34113,"funcionTransicion(Celula*, int, curandStateXORWOW*)",16,1024,63,0,88670208,8192
2691,29692608015,29717013140,24405125,24.405125,"funcionTransicion(Celula*, int, curandStateXORWOW*)",16,1024,63,0,88670208,8192
2692,29717878960,29743959788,26080828,26.080828,"funcionTransicion(Celula*, int, curandStateXORWOW*)",16,1024,63,0,88670208,8192
2693,29744822791,29770035368,25212577,25.212577,"funcionTransicion(Celula*, int, curandStateXORWOW*)",16,1024,63,0,88670208,8192
2694,29770901795,29797122591,26220796,26.220796,"funcionTransicion(Celula*, int, curandStateXORWOW*)",16,1024,63,0,88670208,8192
2695,29797984635,29822678174,24693539,24.693539,"funcionTransicion(Celula*, int, curandStateXORWOW*)",16,1024,63,0,88670208,8192
2696,29823538745,29849635509,26096764,26.096764,"funcionTransicion(Celula*, int, curandStateXORWOW*)",16,1024,63,0,88670208,8192
2697,29850504625,29874686935,24182310,24.18231,"funcionTransicion(Celula*, int, curandStateXORWOW*)",16,1024,63,0,88670208,8192
2698,29875552979,29901733486,26180507,26.180507,"funcionTransicion(Celula*, int, curandStateXORWOW*)",16,1024,63,0,88670208,8192
2699,29902596234,29926793263,24197029,24.197029,"funcionTransicion(Celula*, int, curandStateXORWOW*)",16,1024,63,0,88670208,8192
2700,29927654059,29952515822,24861763,24.861763,"funcionTransicion(Celula*, int, curandStateXORWOW*)",16,1024,63,0,88670208,8192
2701,29953381033,29976940018,23558985,23.558985,"funcionTransicion(Celula*, int, curandStateXORWOW*)",16,1024,63,0,88670208,8192
2702,29977802734,30001406870,23604136,23.604136,"funcionTransicion(Celula*, int, curandStateXORWOW*)",16,1024,63,0,88670208,8192
2703,30002272370,30026346264,24073894,24.073894,"funcionTransicion(Celula*, int, curandStateXORWOW*)",16,1024,63,0,88670208,8192
2704,30027210548,30050763709,23553161,23.553161,"funcionTransicion(Celula*, int, curandStateXORWOW*)",16,1024,63,0,88670208,8192
2705,30051621497,30074717220,23095723,23.095723,"funcionTransicion(Celula*, int, curandStateXORWOW*)",16,1024,63,0,88670208,8192
2706,30075585503,30098288492,22702989,22.702989,"funcionTransicion(Celula*, int, curandStateXORWOW*)",16,1024,63,0,88670208,8192
2707,30099153096,30126012737,26859641,26.859641,"funcionTransicion(Celula*, int, curandStateXORWOW*)",16,1024,63,0,88670208,8192
2708,30126875900,30152490426,25614526,25.614526,"funcionTransicion(Celula*, int, curandStateXORWOW*)",16,1024,63,0,88670208,8192
2709,30153352086,30178210776,24858690,24.85869,"funcionTransicion(Celula*, int, curandStateXORWOW*)",16,1024,63,0,88670208,8192
2710,30179073844,30203050587,23976743,23.976743,"funcionTransicion(Celula*, int, curandStateXORWOW*)",16,1024,63,0,88670208,8192
2711,30203920662,30230181874,26261212,26.261212,"funcionTransicion(Celula*, int, curandStateXORWOW*)",16,1024,63,0,88670208,8192
2712,30231050509,30256913386,25862877,25.862877,"funcionTransicion(Celula*, int, curandStateXORWOW*)",16,1024,63,0,88670208,8192
2713,30257804070,30280370196,22566126,22.566126,"funcionTransicion(Celula*, int, curandStateXORWOW*)",16,1024,63,0,88670208,8192
2714,30281235280,30306250193,25014913,25.014913,"funcionTransicion(Celula*, int, curandStateXORWOW*)",16,1024,63,0,88670208,8192
2715,30307115309,30332555276,25439967,25.439967,"funcionTransicion(Celula*, int, curandStateXORWOW*)",16,1024,63,0,88670208,8192
2716,30333426024,30359018823,25592799,25.592799,"funcionTransicion(Celula*, int, curandStateXORWOW*)",16,1024,63,0,88670208,8192
2717,30359875618,30383599658,23724040,23.72404,"funcionTransicion(Celula*, int, curandStateXORWOW*)",16,1024,63,0,88670208,8192
2718,30384454598,30410084996,25630398,25.630398,"funcionTransicion(Celula*, int, curandStateXORWOW*)",16,1024,63,0,88670208,8192
2719,30410948128,30434752744,23804616,23.804616,"funcionTransicion(Celula*, int, curandStateXORWOW*)",16,1024,63,0,88670208,8192
2720,30435625123,30460592965,24967842,24.967842,"funcionTransicion(Celula*, int, curandStateXORWOW*)",16,1024,63,0,88670208,8192
2721,30461453953,30487156511,25702558,25.702558,"funcionTransicion(Celula*, int, curandStateXORWOW*)",16,1024,63,0,88670208,8192
2722,30488019674,30511881026,23861352,23.861352,"funcionTransicion(Celula*, int, curandStateXORWOW*)",16,1024,63,0,88670208,8192
2723,30512745854,30537632864,24887010,24.88701,"funcionTransicion(Celula*, int, curandStateXORWOW*)",16,1024,63,0,88670208,8192
2724,30538495611,30564333113,25837502,25.837502,"funcionTransicion(Celula*, int, curandStateXORWOW*)",16,1024,63,0,88670208,8192
2725,30565197428,30589219579,24022151,24.022151,"funcionTransicion(Celula*, int, curandStateXORWOW*)",16,1024,63,0,88670208,8192
2726,30590082007,30614675066,24593059,24.593059,"funcionTransicion(Celula*, int, curandStateXORWOW*)",16,1024,63,0,88670208,8192
2727,30615541590,30641823793,26282203,26.282203,"funcionTransicion(Celula*, int, curandStateXORWOW*)",16,1024,63,0,88670208,8192
2728,30642687916,30666189558,23501642,23.501642,"funcionTransicion(Celula*, int, curandStateXORWOW*)",16,1024,63,0,88670208,8192
2729,30667052690,30691077560,24024870,24.02487,"funcionTransicion(Celula*, int, curandStateXORWOW*)",16,1024,63,0,88670208,8192
2730,30691933204,30717940016,26006812,26.006812,"funcionTransicion(Celula*, int, curandStateXORWOW*)",16,1024,63,0,88670208,8192
2731,30718809452,30743108817,24299365,24.299365,"funcionTransicion(Celula*, int, curandStateXORWOW*)",16,1024,63,0,88670208,8192
2732,30743977293,30767436982,23459689,23.459689,"funcionTransicion(Celula*, int, curandStateXORWOW*)",16,1024,63,0,88670208,8192
2733,30768299794,30793911312,25611518,25.611518,"funcionTransicion(Celula*, int, curandStateXORWOW*)",16,1024,63,0,88670208,8192
2734,30794776812,30821558821,26782009,26.782009,"funcionTransicion(Celula*, int, curandStateXORWOW*)",16,1024,63,0,88670208,8192
2735,30822418112,30846943236,24525124,24.525124,"funcionTransicion(Celula*, int, curandStateXORWOW*)",16,1024,63,0,88670208,8192
2736,30847799264,30873590749,25791485,25.791485,"funcionTransicion(Celula*, int, curandStateXORWOW*)",16,1024,63,0,88670208,8192
2737,30874489337,30900225975,25736638,25.736638,"funcionTransicion(Celula*, int, curandStateXORWOW*)",16,1024,63,0,88670208,8192
2738,30901091602,30925459607,24368005,24.368005,"funcionTransicion(Celula*, int, curandStateXORWOW*)",16,1024,63,0,88670208,8192
2739,30926312275,30950423129,24110854,24.110854,"funcionTransicion(Celula*, int, curandStateXORWOW*)",16,1024,63,0,88670208,8192
2740,30951290869,30974967997,23677128,23.677128,"funcionTransicion(Celula*, int, curandStateXORWOW*)",16,1024,63,0,88670208,8192
2741,30975827577,31002777744,26950167,26.950167,"funcionTransicion(Celula*, int, curandStateXORWOW*)",16,1024,63,0,88670208,8192
2742,31003642188,31028110832,24468644,24.468644,"funcionTransicion(Celula*, int, curandStateXORWOW*)",16,1024,63,0,88670208,8192
2743,31028977484,31053455824,24478340,24.47834,"funcionTransicion(Celula*, int, curandStateXORWOW*)",16,1024,63,0,88670208,8192
2744,31054319756,31077908789,23589033,23.589033,"funcionTransicion(Celula*, int, curandStateXORWOW*)",16,1024,63,0,88670208,8192
2745,31078763760,31102161178,23397418,23.397418,"funcionTransicion(Celula*, int, curandStateXORWOW*)",16,1024,63,0,88670208,8192
2746,31103017750,31127170172,24152422,24.152422,"funcionTransicion(Celula*, int, curandStateXORWOW*)",16,1024,63,0,88670208,8192
2747,31128034775,31149360172,21325397,21.325397,"funcionTransicion(Celula*, int, curandStateXORWOW*)",16,1024,63,0,88670208,8192
2748,31150214695,31174414125,24199430,24.19943,"funcionTransicion(Celula*, int, curandStateXORWOW*)",16,1024,63,0,88670208,8192
2749,31175274793,31199952620,24677827,24.677827,"funcionTransicion(Celula*, int, curandStateXORWOW*)",16,1024,63,0,88670208,8192
2750,31200817799,31223245910,22428111,22.428111,"funcionTransicion(Celula*, int, curandStateXORWOW*)",16,1024,63,0,88670208,8192
2751,31224118802,31248114041,23995239,23.995239,"funcionTransicion(Celula*, int, curandStateXORWOW*)",16,1024,63,0,88670208,8192
2752,31248977332,31273483736,24506404,24.506404,"funcionTransicion(Celula*, int, curandStateXORWOW*)",16,1024,63,0,88670208,8192
2753,31274342196,31296180069,21837873,21.837873,"funcionTransicion(Celula*, int, curandStateXORWOW*)",16,1024,63,0,88670208,8192
2754,31297053313,31318291542,21238229,21.238229,"funcionTransicion(Celula*, int, curandStateXORWOW*)",16,1024,63,0,88670208,8192
2755,31319155985,31343714101,24558116,24.558116,"funcionTransicion(Celula*, int, curandStateXORWOW*)",16,1024,63,0,88670208,8192
2756,31344579153,31371387401,26808248,26.808248,"funcionTransicion(Celula*, int, curandStateXORWOW*)",16,1024,63,0,88670208,8192
2757,31372253957,31395266865,23012908,23.012908,"funcionTransicion(Celula*, int, curandStateXORWOW*)",16,1024,63,0,88670208,8192
2758,31396124620,31419640341,23515721,23.515721,"funcionTransicion(Celula*, int, curandStateXORWOW*)",16,1024,63,0,88670208,8192
2759,31420504753,31446543917,26039164,26.039164,"funcionTransicion(Celula*, int, curandStateXORWOW*)",16,1024,63,0,88670208,8192
2760,31447399497,31471793998,24394501,24.394501,"funcionTransicion(Celula*, int, curandStateXORWOW*)",16,1024,63,0,88670208,8192
2761,31578473650,31604238576,25764926,25.764926,"funcionTransicion(Celula*, int, curandStateXORWOW*)",16,1024,63,0,88670208,8192
2762,31605102924,31632346082,27243158,27.243158,"funcionTransicion(Celula*, int, curandStateXORWOW*)",16,1024,63,0,88670208,8192
2763,31633208350,31660443188,27234838,27.234838,"funcionTransicion(Celula*, int, curandStateXORWOW*)",16,1024,63,0,88670208,8192
2764,31661308208,31686396017,25087809,25.087809,"funcionTransicion(Celula*, int, curandStateXORWOW*)",16,1024,63,0,88670208,8192
2765,31687256749,31712929099,25672350,25.67235,"funcionTransicion(Celula*, int, curandStateXORWOW*)",16,1024,63,0,88670208,8192
2766,31713796358,31738557609,24761251,24.761251,"funcionTransicion(Celula*, int, curandStateXORWOW*)",16,1024,63,0,88670208,8192
2767,31739428645,31760837785,21409140,21.40914,"funcionTransicion(Celula*, int, curandStateXORWOW*)",16,1024,63,0,88670208,8192
2768,31761709972,31784023747,22313775,22.313775,"funcionTransicion(Celula*, int, curandStateXORWOW*)",16,1024,63,0,88670208,8192
2769,31784893535,31807906378,23012843,23.012843,"funcionTransicion(Celula*, int, curandStateXORWOW*)",16,1024,63,0,88670208,8192
2770,31808782374,31834525572,25743198,25.743198,"funcionTransicion(Celula*, int, curandStateXORWOW*)",16,1024,63,0,88670208,8192
2771,31835384000,31857830350,22446350,22.44635,"funcionTransicion(Celula*, int, curandStateXORWOW*)",16,1024,63,0,88670208,8192
2772,31858706666,31881943476,23236810,23.23681,"funcionTransicion(Celula*, int, curandStateXORWOW*)",16,1024,63,0,88670208,8192
2773,31882807344,31906778871,23971527,23.971527,"funcionTransicion(Celula*, int, curandStateXORWOW*)",16,1024,63,0,88670208,8192
2774,31907649714,31930993532,23343818,23.343818,"funcionTransicion(Celula*, int, curandStateXORWOW*)",16,1024,63,0,88670208,8192
2775,31931858232,31956856090,24997858,24.997858,"funcionTransicion(Celula*, int, curandStateXORWOW*)",16,1024,63,0,88670208,8192
2776,31957716821,31979566855,21850034,21.850034,"funcionTransicion(Celula*, int, curandStateXORWOW*)",16,1024,63,0,88670208,8192
2777,31980435778,32003669805,23234027,23.234027,"funcionTransicion(Celula*, int, curandStateXORWOW*)",16,1024,63,0,88670208,8192
2778,32004534505,32029009165,24474660,24.47466,"funcionTransicion(Celula*, int, curandStateXORWOW*)",16,1024,63,0,88670208,8192
2779,32029867849,32053862799,23994950,23.99495,"funcionTransicion(Celula*, int, curandStateXORWOW*)",16,1024,63,0,88670208,8192
2780,32054729067,32080113451,25384384,25.384384,"funcionTransicion(Celula*, int, curandStateXORWOW*)",16,1024,63,0,88670208,8192
2781,32080978086,32105566218,24588132,24.588132,"funcionTransicion(Celula*, int, curandStateXORWOW*)",16,1024,63,0,88670208,8192
2782,32106431526,32131474535,25043009,25.043009,"funcionTransicion(Celula*, int, curandStateXORWOW*)",16,1024,63,0,88670208,8192
2783,32132340835,32155965035,23624200,23.6242,"funcionTransicion(Celula*, int, curandStateXORWOW*)",16,1024,63,0,88670208,8192
2784,32156832775,32180552079,23719304,23.719304,"funcionTransicion(Celula*, int, curandStateXORWOW*)",16,1024,63,0,88670208,8192
2785,32181518346,32205605360,24087014,24.087014,"funcionTransicion(Celula*, int, curandStateXORWOW*)",16,1024,63,0,88670208,8192
2786,32206478636,32229925653,23447017,23.447017,"funcionTransicion(Celula*, int, curandStateXORWOW*)",16,1024,63,0,88670208,8192
2787,32230789553,32255255509,24465956,24.465956,"funcionTransicion(Celula*, int, curandStateXORWOW*)",16,1024,63,0,88670208,8192
2788,32256114225,32280401462,24287237,24.287237,"funcionTransicion(Celula*, int, curandStateXORWOW*)",16,1024,63,0,88670208,8192
2789,32281261074,32305438392,24177318,24.177318,"funcionTransicion(Celula*, int, curandStateXORWOW*)",16,1024,63,0,88670208,8192
2790,32306300819,32331165078,24864259,24.864259,"funcionTransicion(Celula*, int, curandStateXORWOW*)",16,1024,63,0,88670208,8192
2791,32332031185,32359206984,27175799,27.175799,"funcionTransicion(Celula*, int, curandStateXORWOW*)",16,1024,63,0,88670208,8192
2792,32360067075,32383595693,23528618,23.528618,"funcionTransicion(Celula*, int, curandStateXORWOW*)",16,1024,63,0,88670208,8192
2793,32384459720,32410526788,26067068,26.067068,"funcionTransicion(Celula*, int, curandStateXORWOW*)",16,1024,63,0,88670208,8192
2794,32411390496,32436483489,25092993,25.092993,"funcionTransicion(Celula*, int, curandStateXORWOW*)",16,1024,63,0,88670208,8192
2795,32437348509,32465262128,27913619,27.913619,"funcionTransicion(Celula*, int, curandStateXORWOW*)",16,1024,63,0,88670208,8192
2796,32466125387,32489609621,23484234,23.484234,"funcionTransicion(Celula*, int, curandStateXORWOW*)",16,1024,63,0,88670208,8192
2797,32490477264,32515802320,25325056,25.325056,"funcionTransicion(Celula*, int, curandStateXORWOW*)",16,1024,63,0,88670208,8192
2798,32516673548,32541000241,24326693,24.326693,"funcionTransicion(Celula*, int, curandStateXORWOW*)",16,1024,63,0,88670208,8192
2799,32541869228,32568403206,26533978,26.533978,"funcionTransicion(Celula*, int, curandStateXORWOW*)",16,1024,63,0,88670208,8192
2800,32569266626,32594770209,25503583,25.503583,"funcionTransicion(Celula*, int, curandStateXORWOW*)",16,1024,63,0,88670208,8192
2801,32595635869,32621314843,25678974,25.678974,"funcionTransicion(Celula*, int, curandStateXORWOW*)",16,1024,63,0,88670208,8192
2802,32622184599,32647326455,25141856,25.141856,"funcionTransicion(Celula*, int, curandStateXORWOW*)",16,1024,63,0,88670208,8192
2803,32648198355,32673221012,25022657,25.022657,"funcionTransicion(Celula*, int, curandStateXORWOW*)",16,1024,63,0,88670208,8192
2804,32674081200,32697983607,23902407,23.902407,"funcionTransicion(Celula*, int, curandStateXORWOW*)",16,1024,63,0,88670208,8192
2805,32698845203,32725447084,26601881,26.601881,"funcionTransicion(Celula*, int, curandStateXORWOW*)",16,1024,63,0,88670208,8192
2806,32726306536,32751073483,24766947,24.766947,"funcionTransicion(Celula*, int, curandStateXORWOW*)",16,1024,63,0,88670208,8192
2807,32751942726,32777855300,25912574,25.912574,"funcionTransicion(Celula*, int, curandStateXORWOW*)",16,1024,63,0,88670208,8192
2808,32778728127,32803820192,25092065,25.092065,"funcionTransicion(Celula*, int, curandStateXORWOW*)",16,1024,63,0,88670208,8192
2809,32804719164,32829814525,25095361,25.095361,"funcionTransicion(Celula*, int, curandStateXORWOW*)",16,1024,63,0,88670208,8192
2810,32830683000,32855762522,25079522,25.079522,"funcionTransicion(Celula*, int, curandStateXORWOW*)",16,1024,63,0,88670208,8192
2811,32856634773,32882140532,25505759,25.505759,"funcionTransicion(Celula*, int, curandStateXORWOW*)",16,1024,63,0,88670208,8192
2812,32883009232,32910283142,27273910,27.27391,"funcionTransicion(Celula*, int, curandStateXORWOW*)",16,1024,63,0,88670208,8192
2813,32911147906,32935427847,24279941,24.279941,"funcionTransicion(Celula*, int, curandStateXORWOW*)",16,1024,63,0,88670208,8192
2814,32936293539,32962645022,26351483,26.351483,"funcionTransicion(Celula*, int, curandStateXORWOW*)",16,1024,63,0,88670208,8192
2815,32963505145,32991582027,28076882,28.076882,"funcionTransicion(Celula*, int, curandStateXORWOW*)",16,1024,63,0,88670208,8192
2816,32992459079,33018746594,26287515,26.287515,"funcionTransicion(Celula*, int, curandStateXORWOW*)",16,1024,63,0,88670208,8192
2817,33019620830,33046123416,26502586,26.502586,"funcionTransicion(Celula*, int, curandStateXORWOW*)",16,1024,63,0,88670208,8192
2818,33046994355,33072310963,25316608,25.316608,"funcionTransicion(Celula*, int, curandStateXORWOW*)",16,1024,63,0,88670208,8192
2819,33073178895,33099083628,25904733,25.904733,"funcionTransicion(Celula*, int, curandStateXORWOW*)",16,1024,63,0,88670208,8192
2820,33099954887,33124811754,24856867,24.856867,"funcionTransicion(Celula*, int, curandStateXORWOW*)",16,1024,63,0,88670208,8192
2821,33125686117,33152632797,26946680,26.94668,"funcionTransicion(Celula*, int, curandStateXORWOW*)",16,1024,63,0,88670208,8192
2822,33153506553,33178808185,25301632,25.301632,"funcionTransicion(Celula*, int, curandStateXORWOW*)",16,1024,63,0,88670208,8192
2823,33179675157,33206532813,26857656,26.857656,"funcionTransicion(Celula*, int, curandStateXORWOW*)",16,1024,63,0,88670208,8192
2824,33207400584,33234606335,27205751,27.205751,"funcionTransicion(Celula*, int, curandStateXORWOW*)",16,1024,63,0,88670208,8192
2825,33235472154,33260833114,25360960,25.36096,"funcionTransicion(Celula*, int, curandStateXORWOW*)",16,1024,63,0,88670208,8192
2826,33261699510,33286131930,24432420,24.43242,"funcionTransicion(Celula*, int, curandStateXORWOW*)",16,1024,63,0,88670208,8192
2827,33287004118,33318260504,31256386,31.256386,"funcionTransicion(Celula*, int, curandStateXORWOW*)",16,1024,63,0,88670208,8192
2828,33319126259,33345120816,25994557,25.994557,"funcionTransicion(Celula*, int, curandStateXORWOW*)",16,1024,63,0,88670208,8192
2829,33345983884,33373518337,27534453,27.534453,"funcionTransicion(Celula*, int, curandStateXORWOW*)",16,1024,63,0,88670208,8192
2830,33374386268,33402525742,28139474,28.139474,"funcionTransicion(Celula*, int, curandStateXORWOW*)",16,1024,63,0,88670208,8192
2831,33403403113,33429401158,25998045,25.998045,"funcionTransicion(Celula*, int, curandStateXORWOW*)",16,1024,63,0,88670208,8192
2832,33430266242,33455333859,25067617,25.067617,"funcionTransicion(Celula*, int, curandStateXORWOW*)",16,1024,63,0,88670208,8192
2833,33456242911,33483243926,27001015,27.001015,"funcionTransicion(Celula*, int, curandStateXORWOW*)",16,1024,63,0,88670208,8192
2834,33484112594,33511488423,27375829,27.375829,"funcionTransicion(Celula*, int, curandStateXORWOW*)",16,1024,63,0,88670208,8192
2835,33512360003,33540688403,28328400,28.3284,"funcionTransicion(Celula*, int, curandStateXORWOW*)",16,1024,63,0,88670208,8192
2836,33541567727,33567625131,26057404,26.057404,"funcionTransicion(Celula*, int, curandStateXORWOW*)",16,1024,63,0,88670208,8192
2837,33568500071,33594599299,26099228,26.099228,"funcionTransicion(Celula*, int, curandStateXORWOW*)",16,1024,63,0,88670208,8192
2838,33595466495,33621259484,25792989,25.792989,"funcionTransicion(Celula*, int, curandStateXORWOW*)",16,1024,63,0,88670208,8192
2839,33622126104,33650700552,28574448,28.574448,"funcionTransicion(Celula*, int, curandStateXORWOW*)",16,1024,63,0,88670208,8192
2840,33651569123,33677254049,25684926,25.684926,"funcionTransicion(Celula*, int, curandStateXORWOW*)",16,1024,63,0,88670208,8192
2841,33678116989,33704831478,26714489,26.714489,"funcionTransicion(Celula*, int, curandStateXORWOW*)",16,1024,63,0,88670208,8192
2842,33705704305,33732556714,26852409,26.852409,"funcionTransicion(Celula*, int, curandStateXORWOW*)",16,1024,63,0,88670208,8192
2843,33733419013,33761134265,27715252,27.715252,"funcionTransicion(Celula*, int, curandStateXORWOW*)",16,1024,63,0,88670208,8192
2844,33762010037,33787586707,25576670,25.57667,"funcionTransicion(Celula*, int, curandStateXORWOW*)",16,1024,63,0,88670208,8192
2845,33788457583,33815189992,26732409,26.732409,"funcionTransicion(Celula*, int, curandStateXORWOW*)",16,1024,63,0,88670208,8192
2846,33816061411,33842864668,26803257,26.803257,"funcionTransicion(Celula*, int, curandStateXORWOW*)",16,1024,63,0,88670208,8192
2847,33843735128,33868189724,24454596,24.454596,"funcionTransicion(Celula*, int, curandStateXORWOW*)",16,1024,63,0,88670208,8192
2848,33869060504,33895130740,26070236,26.070236,"funcionTransicion(Celula*, int, curandStateXORWOW*)",16,1024,63,0,88670208,8192
2849,33896003343,33921503662,25500319,25.500319,"funcionTransicion(Celula*, int, curandStateXORWOW*)",16,1024,63,0,88670208,8192
2850,33922370154,33947560299,25190145,25.190145,"funcionTransicion(Celula*, int, curandStateXORWOW*)",16,1024,63,0,88670208,8192
2851,33948428263,33973706023,25277760,25.27776,"funcionTransicion(Celula*, int, curandStateXORWOW*)",16,1024,63,0,88670208,8192
2852,33974580066,34000442752,25862686,25.862686,"funcionTransicion(Celula*, int, curandStateXORWOW*)",16,1024,63,0,88670208,8192
2853,34001319931,34027837269,26517338,26.517338,"funcionTransicion(Celula*, int, curandStateXORWOW*)",16,1024,63,0,88670208,8192
2854,34028707665,34056017255,27309590,27.30959,"funcionTransicion(Celula*, int, curandStateXORWOW*)",16,1024,63,0,88670208,8192
2855,34056891074,34082328738,25437664,25.437664,"funcionTransicion(Celula*, int, curandStateXORWOW*)",16,1024,63,0,88670208,8192
2856,34083200317,34109455096,26254779,26.254779,"funcionTransicion(Celula*, int, curandStateXORWOW*)",16,1024,63,0,88670208,8192
2857,34110389556,34136310289,25920733,25.920733,"funcionTransicion(Celula*, int, curandStateXORWOW*)",16,1024,63,0,88670208,8192
2858,34137182252,34165419102,28236850,28.23685,"funcionTransicion(Celula*, int, curandStateXORWOW*)",16,1024,63,0,88670208,8192
2859,34166287577,34191332603,25045026,25.045026,"funcionTransicion(Celula*, int, curandStateXORWOW*)",16,1024,63,0,88670208,8192
2860,34192207062,34218420722,26213660,26.21366,"funcionTransicion(Celula*, int, curandStateXORWOW*)",16,1024,63,0,88670208,8192
2861,34219296525,34245600808,26304283,26.304283,"funcionTransicion(Celula*, int, curandStateXORWOW*)",16,1024,63,0,88670208,8192
2862,34246479108,34274861364,28382256,28.382256,"funcionTransicion(Celula*, int, curandStateXORWOW*)",16,1024,63,0,88670208,8192
2863,34275730896,34302329193,26598297,26.598297,"funcionTransicion(Celula*, int, curandStateXORWOW*)",16,1024,63,0,88670208,8192
2864,34303202341,34329580064,26377723,26.377723,"funcionTransicion(Celula*, int, curandStateXORWOW*)",16,1024,63,0,88670208,8192
2865,34330459035,34357374259,26915224,26.915224,"funcionTransicion(Celula*, int, curandStateXORWOW*)",16,1024,63,0,88670208,8192
2866,34358248559,34384197292,25948733,25.948733,"funcionTransicion(Celula*, int, curandStateXORWOW*)",16,1024,63,0,88670208,8192
2867,34385067015,34410528006,25460991,25.460991,"funcionTransicion(Celula*, int, curandStateXORWOW*)",16,1024,63,0,88670208,8192
2868,34411402402,34438207003,26804601,26.804601,"funcionTransicion(Celula*, int, curandStateXORWOW*)",16,1024,63,0,88670208,8192
2869,34439082006,34468098628,29016622,29.016622,"funcionTransicion(Celula*, int, curandStateXORWOW*)",16,1024,63,0,88670208,8192
2870,34468969055,34497943949,28974894,28.974894,"funcionTransicion(Celula*, int, curandStateXORWOW*)",16,1024,63,0,88670208,8192
2871,34498813960,34526583868,27769908,27.769908,"funcionTransicion(Celula*, int, curandStateXORWOW*)",16,1024,63,0,88670208,8192
2872,34527458648,34554671278,27212630,27.21263,"funcionTransicion(Celula*, int, curandStateXORWOW*)",16,1024,63,0,88670208,8192
2873,34555538730,34580737706,25198976,25.198976,"funcionTransicion(Celula*, int, curandStateXORWOW*)",16,1024,63,0,88670208,8192
2874,34581614758,34609536792,27922034,27.922034,"funcionTransicion(Celula*, int, curandStateXORWOW*)",16,1024,63,0,88670208,8192
2875,34610406612,34638485190,28078578,28.078578,"funcionTransicion(Celula*, int, curandStateXORWOW*)",16,1024,63,0,88670208,8192
2876,34639356130,34666285242,26929112,26.929112,"funcionTransicion(Celula*, int, curandStateXORWOW*)",16,1024,63,0,88670208,8192
2877,34667157334,34691906328,24748994,24.748994,"funcionTransicion(Celula*, int, curandStateXORWOW*)",16,1024,63,0,88670208,8192
2878,34692781620,34719289358,26507738,26.507738,"funcionTransicion(Celula*, int, curandStateXORWOW*)",16,1024,63,0,88670208,8192
2879,34720174569,34749571669,29397100,29.3971,"funcionTransicion(Celula*, int, curandStateXORWOW*)",16,1024,63,0,88670208,8192
2880,34750442576,34776443085,26000509,26.000509,"funcionTransicion(Celula*, int, curandStateXORWOW*)",16,1024,63,0,88670208,8192
2881,34887461052,34917309253,29848201,29.848201,"funcionTransicion(Celula*, int, curandStateXORWOW*)",16,1024,63,0,88670208,8192
2882,34918184897,34944101214,25916317,25.916317,"funcionTransicion(Celula*, int, curandStateXORWOW*)",16,1024,63,0,88670208,8192
2883,34944974585,34971296820,26322235,26.322235,"funcionTransicion(Celula*, int, curandStateXORWOW*)",16,1024,63,0,88670208,8192
2884,34972170128,35000299137,28129009,28.129009,"funcionTransicion(Celula*, int, curandStateXORWOW*)",16,1024,63,0,88670208,8192
2885,35001177725,35031564419,30386694,30.386694,"funcionTransicion(Celula*, int, curandStateXORWOW*)",16,1024,63,0,88670208,8192
2886,35032436159,35060932047,28495888,28.495888,"funcionTransicion(Celula*, int, curandStateXORWOW*)",16,1024,63,0,88670208,8192
2887,35061808010,35089451551,27643541,27.643541,"funcionTransicion(Celula*, int, curandStateXORWOW*)",16,1024,63,0,88670208,8192
2888,35090319034,35117170227,26851193,26.851193,"funcionTransicion(Celula*, int, curandStateXORWOW*)",16,1024,63,0,88670208,8192
2889,35118044814,35147011164,28966350,28.96635,"funcionTransicion(Celula*, int, curandStateXORWOW*)",16,1024,63,0,88670208,8192
2890,35147883767,35176601094,28717327,28.717327,"funcionTransicion(Celula*, int, curandStateXORWOW*)",16,1024,63,0,88670208,8192
2891,35177472578,35207369515,29896937,29.896937,"funcionTransicion(Celula*, int, curandStateXORWOW*)",16,1024,63,0,88670208,8192
2892,35208244038,35235772795,27528757,27.528757,"funcionTransicion(Celula*, int, curandStateXORWOW*)",16,1024,63,0,88670208,8192
2893,35236640087,35264791304,28151217,28.151217,"funcionTransicion(Celula*, int, curandStateXORWOW*)",16,1024,63,0,88670208,8192
2894,35265664484,35292300637,26636153,26.636153,"funcionTransicion(Celula*, int, curandStateXORWOW*)",16,1024,63,0,88670208,8192
2895,35293176409,35319066742,25890333,25.890333,"funcionTransicion(Celula*, int, curandStateXORWOW*)",16,1024,63,0,88670208,8192
2896,35319949138,35350142169,30193031,30.193031,"funcionTransicion(Celula*, int, curandStateXORWOW*)",16,1024,63,0,88670208,8192
2897,35351016149,35378969159,27953010,27.95301,"funcionTransicion(Celula*, int, curandStateXORWOW*)",16,1024,63,0,88670208,8192
2898,35379844259,35407301272,27457013,27.457013,"funcionTransicion(Celula*, int, curandStateXORWOW*)",16,1024,63,0,88670208,8192
2899,35408171124,35438612474,30441350,30.44135,"funcionTransicion(Celula*, int, curandStateXORWOW*)",16,1024,63,0,88670208,8192
2900,35439487061,35467834246,28347185,28.347185,"funcionTransicion(Celula*, int, curandStateXORWOW*)",16,1024,63,0,88670208,8192
2901,35468703394,35497845774,29142380,29.14238,"funcionTransicion(Celula*, int, curandStateXORWOW*)",16,1024,63,0,88670208,8192
2902,35498719946,35525819361,27099415,27.099415,"funcionTransicion(Celula*, int, curandStateXORWOW*)",16,1024,63,0,88670208,8192
2903,35526700413,35556063112,29362699,29.362699,"funcionTransicion(Celula*, int, curandStateXORWOW*)",16,1024,63,0,88670208,8192
2904,35556944068,35586616142,29672074,29.672074,"funcionTransicion(Celula*, int, curandStateXORWOW*)",16,1024,63,0,88670208,8192
2905,35587535145,35615806490,28271345,28.271345,"funcionTransicion(Celula*, int, curandStateXORWOW*)",16,1024,63,0,88670208,8192
2906,35616669686,35645457636,28787950,28.78795,"funcionTransicion(Celula*, int, curandStateXORWOW*)",16,1024,63,0,88670208,8192
2907,35646331232,35674713296,28382064,28.382064,"funcionTransicion(Celula*, int, curandStateXORWOW*)",16,1024,63,0,88670208,8192
2908,35675593164,35702038310,26445146,26.445146,"funcionTransicion(Celula*, int, curandStateXORWOW*)",16,1024,63,0,88670208,8192
2909,35702923554,35730815733,27892179,27.892179,"funcionTransicion(Celula*, int, curandStateXORWOW*)",16,1024,63,0,88670208,8192
2910,35731693648,35760105281,28411633,28.411633,"funcionTransicion(Celula*, int, curandStateXORWOW*)",16,1024,63,0,88670208,8192
2911,35760985212,35788470161,27484949,27.484949,"funcionTransicion(Celula*, int, curandStateXORWOW*)",16,1024,63,0,88670208,8192
2912,35789344077,35816740386,27396309,27.396309,"funcionTransicion(Celula*, int, curandStateXORWOW*)",16,1024,63,0,88670208,8192
2913,35817623294,35846844938,29221644,29.221644,"funcionTransicion(Celula*, int, curandStateXORWOW*)",16,1024,63,0,88670208,8192
2914,35847722758,35876802259,29079501,29.079501,"funcionTransicion(Celula*, int, curandStateXORWOW*)",16,1024,63,0,88670208,8192
2915,35877675854,35905028708,27352854,27.352854,"funcionTransicion(Celula*, int, curandStateXORWOW*)",16,1024,63,0,88670208,8192
2916,35905905951,35935967304,30061353,30.061353,"funcionTransicion(Celula*, int, curandStateXORWOW*)",16,1024,63,0,88670208,8192
2917,35936842147,35963153470,26311323,26.311323,"funcionTransicion(Celula*, int, curandStateXORWOW*)",16,1024,63,0,88670208,8192
2918,35964023322,35991911757,27888435,27.888435,"funcionTransicion(Celula*, int, curandStateXORWOW*)",16,1024,63,0,88670208,8192
2919,35992786408,36019016484,26230076,26.230076,"funcionTransicion(Celula*, int, curandStateXORWOW*)",16,1024,63,0,88670208,8192
2920,36019889280,36049545257,29655977,29.655977,"funcionTransicion(Celula*, int, curandStateXORWOW*)",16,1024,63,0,88670208,8192
2921,36050425765,36078434455,28008690,28.00869,"funcionTransicion(Celula*, int, curandStateXORWOW*)",16,1024,63,0,88670208,8192
2922,36079313555,36106322283,27008728,27.008728,"funcionTransicion(Celula*, int, curandStateXORWOW*)",16,1024,63,0,88670208,8192
2923,36107206470,36136878256,29671786,29.671786,"funcionTransicion(Celula*, int, curandStateXORWOW*)",16,1024,63,0,88670208,8192
2924,36137755851,36167325270,29569419,29.569419,"funcionTransicion(Celula*, int, curandStateXORWOW*)",16,1024,63,0,88670208,8192
2925,36168203282,36195119466,26916184,26.916184,"funcionTransicion(Celula*, int, curandStateXORWOW*)",16,1024,63,0,88670208,8192
2926,36195992389,36223007421,27015032,27.015032,"funcionTransicion(Celula*, int, curandStateXORWOW*)",16,1024,63,0,88670208,8192
2927,36223875768,36253274948,29399180,29.39918,"funcionTransicion(Celula*, int, curandStateXORWOW*)",16,1024,63,0,88670208,8192
2928,36254147679,36287545526,33397847,33.397847,"funcionTransicion(Celula*, int, curandStateXORWOW*)",16,1024,63,0,88670208,8192
2929,36288471090,36315917991,27446901,27.446901,"funcionTransicion(Celula*, int, curandStateXORWOW*)",16,1024,63,0,88670208,8192
2930,36316796226,36345669169,28872943,28.872943,"funcionTransicion(Celula*, int, curandStateXORWOW*)",16,1024,63,0,88670208,8192
2931,36346549964,36374256160,27706196,27.706196,"funcionTransicion(Celula*, int, curandStateXORWOW*)",16,1024,63,0,88670208,8192
2932,36375139452,36402295378,27155926,27.155926,"funcionTransicion(Celula*, int, curandStateXORWOW*)",16,1024,63,0,88670208,8192
2933,36403168846,36431408127,28239281,28.239281,"funcionTransicion(Celula*, int, curandStateXORWOW*)",16,1024,63,0,88670208,8192
2934,36432293467,36459631216,27337749,27.337749,"funcionTransicion(Celula*, int, curandStateXORWOW*)",16,1024,63,0,88670208,8192
2935,36460512844,36489947447,29434603,29.434603,"funcionTransicion(Celula*, int, curandStateXORWOW*)",16,1024,63,0,88670208,8192
2936,36490832723,36518042089,27209366,27.209366,"funcionTransicion(Celula*, int, curandStateXORWOW*)",16,1024,63,0,88670208,8192
2937,36518920901,36546891288,27970387,27.970387,"funcionTransicion(Celula*, int, curandStateXORWOW*)",16,1024,63,0,88670208,8192
2938,36547769107,36576374147,28605040,28.60504,"funcionTransicion(Celula*, int, curandStateXORWOW*)",16,1024,63,0,88670208,8192
2939,36577247070,36605427823,28180753,28.180753,"funcionTransicion(Celula*, int, curandStateXORWOW*)",16,1024,63,0,88670208,8192
2940,36606298123,36636200980,29902857,29.902857,"funcionTransicion(Celula*, int, curandStateXORWOW*)",16,1024,63,0,88670208,8192
2941,36637080752,36668234514,31153762,31.153762,"funcionTransicion(Celula*, int, curandStateXORWOW*)",16,1024,63,0,88670208,8192
2942,36669117038,36699595476,30478438,30.478438,"funcionTransicion(Celula*, int, curandStateXORWOW*)",16,1024,63,0,88670208,8192
2943,36700473519,36729767931,29294412,29.294412,"funcionTransicion(Celula*, int, curandStateXORWOW*)",16,1024,63,0,88670208,8192
2944,36730652630,36758555753,27903123,27.903123,"funcionTransicion(Celula*, int, curandStateXORWOW*)",16,1024,63,0,88670208,8192
2945,36759440773,36787823734,28382961,28.382961,"funcionTransicion(Celula*, int, curandStateXORWOW*)",16,1024,63,0,88670208,8192
2946,36788703601,36815448522,26744921,26.744921,"funcionTransicion(Celula*, int, curandStateXORWOW*)",16,1024,63,0,88670208,8192
2947,36816335750,36846196975,29861225,29.861225,"funcionTransicion(Celula*, int, curandStateXORWOW*)",16,1024,63,0,88670208,8192
2948,36847081258,36873304678,26223420,26.22342,"funcionTransicion(Celula*, int, curandStateXORWOW*)",16,1024,63,0,88670208,8192
2949,36874181025,36902712497,28531472,28.531472,"funcionTransicion(Celula*, int, curandStateXORWOW*)",16,1024,63,0,88670208,8192
2950,36903585677,36933425622,29839945,29.839945,"funcionTransicion(Celula*, int, curandStateXORWOW*)",16,1024,63,0,88670208,8192
2951,36934309841,36965207189,30897348,30.897348,"funcionTransicion(Celula*, int, curandStateXORWOW*)",16,1024,63,0,88670208,8192
2952,36966092048,36996350296,30258248,30.258248,"funcionTransicion(Celula*, int, curandStateXORWOW*)",16,1024,63,0,88670208,8192
2953,36997263315,37027912856,30649541,30.649541,"funcionTransicion(Celula*, int, curandStateXORWOW*)",16,1024,63,0,88670208,8192
2954,37028794675,37058136159,29341484,29.341484,"funcionTransicion(Celula*, int, curandStateXORWOW*)",16,1024,63,0,88670208,8192
2955,37059015163,37087157677,28142514,28.142514,"funcionTransicion(Celula*, int, curandStateXORWOW*)",16,1024,63,0,88670208,8192
2956,37088048456,37117561331,29512875,29.512875,"funcionTransicion(Celula*, int, curandStateXORWOW*)",16,1024,63,0,88670208,8192
2957,37118441230,37148339319,29898089,29.898089,"funcionTransicion(Celula*, int, curandStateXORWOW*)",16,1024,63,0,88670208,8192
2958,37149225267,37179430298,30205031,30.205031,"funcionTransicion(Celula*, int, curandStateXORWOW*)",16,1024,63,0,88670208,8192
2959,37180308342,37209428418,29120076,29.120076,"funcionTransicion(Celula*, int, curandStateXORWOW*)",16,1024,63,0,88670208,8192
2960,37210317726,37243479574,33161848,33.161848,"funcionTransicion(Celula*, int, curandStateXORWOW*)",16,1024,63,0,88670208,8192
2961,37244354578,37273165696,28811118,28.811118,"funcionTransicion(Celula*, int, curandStateXORWOW*)",16,1024,63,0,88670208,8192
2962,37274050620,37301738800,27688180,27.68818,"funcionTransicion(Celula*, int, curandStateXORWOW*)",16,1024,63,0,88670208,8192
2963,37302622603,37330954652,28332049,28.332049,"funcionTransicion(Celula*, int, curandStateXORWOW*)",16,1024,63,0,88670208,8192
2964,37331838328,37362093663,30255335,30.255335,"funcionTransicion(Celula*, int, curandStateXORWOW*)",16,1024,63,0,88670208,8192
2965,37362977658,37392327078,29349420,29.34942,"funcionTransicion(Celula*, int, curandStateXORWOW*)",16,1024,63,0,88670208,8192
2966,37393219938,37423795591,30575653,30.575653,"funcionTransicion(Celula*, int, curandStateXORWOW*)",16,1024,63,0,88670208,8192
2967,37424670146,37453621296,28951150,28.95115,"funcionTransicion(Celula*, int, curandStateXORWOW*)",16,1024,63,0,88670208,8192
2968,37454506508,37483974487,29467979,29.467979,"funcionTransicion(Celula*, int, curandStateXORWOW*)",16,1024,63,0,88670208,8192
2969,37484848338,37515244985,30396647,30.396647,"funcionTransicion(Celula*, int, curandStateXORWOW*)",16,1024,63,0,88670208,8192
2970,37516124148,37543974023,27849875,27.849875,"funcionTransicion(Celula*, int, curandStateXORWOW*)",16,1024,63,0,88670208,8192
2971,37544857059,37574640172,29783113,29.783113,"funcionTransicion(Celula*, int, curandStateXORWOW*)",16,1024,63,0,88670208,8192
2972,37575519976,37602935357,27415381,27.415381,"funcionTransicion(Celula*, int, curandStateXORWOW*)",16,1024,63,0,88670208,8192
2973,37603819065,37633184325,29365260,29.36526,"funcionTransicion(Celula*, int, curandStateXORWOW*)",16,1024,63,0,88670208,8192
2974,37634065984,37663610571,29544587,29.544587,"funcionTransicion(Celula*, int, curandStateXORWOW*)",16,1024,63,0,88670208,8192
2975,37664488678,37695005868,30517190,30.51719,"funcionTransicion(Celula*, int, curandStateXORWOW*)",16,1024,63,0,88670208,8192
2976,37695890023,37725586705,29696682,29.696682,"funcionTransicion(Celula*, int, curandStateXORWOW*)",16,1024,63,0,88670208,8192
2977,37726501773,37755788665,29286892,29.286892,"funcionTransicion(Celula*, int, curandStateXORWOW*)",16,1024,63,0,88670208,8192
2978,37756669140,37787483961,30814821,30.814821,"funcionTransicion(Celula*, int, curandStateXORWOW*)",16,1024,63,0,88670208,8192
2979,37788365364,37816531590,28166226,28.166226,"funcionTransicion(Celula*, int, curandStateXORWOW*)",16,1024,63,0,88670208,8192
2980,37817425473,37848607875,31182402,31.182402,"funcionTransicion(Celula*, int, curandStateXORWOW*)",16,1024,63,0,88670208,8192
2981,37849491871,37880455139,30963268,30.963268,"funcionTransicion(Celula*, int, curandStateXORWOW*)",16,1024,63,0,88670208,8192
2982,37881339198,37911136743,29797545,29.797545,"funcionTransicion(Celula*, int, curandStateXORWOW*)",16,1024,63,0,88670208,8192
2983,37912022051,37941884396,29862345,29.862345,"funcionTransicion(Celula*, int, curandStateXORWOW*)",16,1024,63,0,88670208,8192
2984,37942767368,37973153358,30385990,30.38599,"funcionTransicion(Celula*, int, curandStateXORWOW*)",16,1024,63,0,88670208,8192
2985,37974031145,38004530447,30499302,30.499302,"funcionTransicion(Celula*, int, curandStateXORWOW*)",16,1024,63,0,88670208,8192
2986,38005416555,38035502835,30086280,30.08628,"funcionTransicion(Celula*, int, curandStateXORWOW*)",16,1024,63,0,88670208,8192
2987,38036383150,38066118776,29735626,29.735626,"funcionTransicion(Celula*, int, curandStateXORWOW*)",16,1024,63,0,88670208,8192
2988,38067000788,38095596163,28595375,28.595375,"funcionTransicion(Celula*, int, curandStateXORWOW*)",16,1024,63,0,88670208,8192
2989,38096479454,38124820335,28340881,28.340881,"funcionTransicion(Celula*, int, curandStateXORWOW*)",16,1024,63,0,88670208,8192
2990,38125698859,38154682360,28983501,28.983501,"funcionTransicion(Celula*, int, curandStateXORWOW*)",16,1024,63,0,88670208,8192
2991,38155563476,38184137827,28574351,28.574351,"funcionTransicion(Celula*, int, curandStateXORWOW*)",16,1024,63,0,88670208,8192
2992,38185020735,38214079468,29058733,29.058733,"funcionTransicion(Celula*, int, curandStateXORWOW*)",16,1024,63,0,88670208,8192
2993,38214963112,38246262921,31299809,31.299809,"funcionTransicion(Celula*, int, curandStateXORWOW*)",16,1024,63,0,88670208,8192
2994,38247152677,38278635814,31483137,31.483137,"funcionTransicion(Celula*, int, curandStateXORWOW*)",16,1024,63,0,88670208,8192
2995,38279513985,38309652041,30138056,30.138056,"funcionTransicion(Celula*, int, curandStateXORWOW*)",16,1024,63,0,88670208,8192
2996,38310528036,38341949414,31421378,31.421378,"funcionTransicion(Celula*, int, curandStateXORWOW*)",16,1024,63,0,88670208,8192
2997,38342818721,38371889134,29070413,29.070413,"funcionTransicion(Celula*, int, curandStateXORWOW*)",16,1024,63,0,88670208,8192
2998,38372764650,38403275088,30510438,30.510438,"funcionTransicion(Celula*, int, curandStateXORWOW*)",16,1024,63,0,88670208,8192
2999,38404150571,38432517372,28366801,28.366801,"funcionTransicion(Celula*, int, curandStateXORWOW*)",16,1024,63,0,88670208,8192
3000,38433402199,38464718233,31316034,31.316034,"funcionTransicion(Celula*, int, curandStateXORWOW*)",16,1024,63,0,88670208,8192
3001,38581820489,38613519241,31698752,31.698752,"funcionTransicion(Celula*, int, curandStateXORWOW*)",16,1024,63,0,88670208,8192
3002,38614396868,38642930996,28534128,28.534128,"funcionTransicion(Celula*, int, curandStateXORWOW*)",16,1024,63,0,88670208,8192
3003,38643816304,38675458704,31642400,31.6424,"funcionTransicion(Celula*, int, curandStateXORWOW*)",16,1024,63,0,88670208,8192
3004,38676342219,38705070554,28728335,28.728335,"funcionTransicion(Celula*, int, curandStateXORWOW*)",16,1024,63,0,88670208,8192
3005,38705957622,38734762884,28805262,28.805262,"funcionTransicion(Celula*, int, curandStateXORWOW*)",16,1024,63,0,88670208,8192
3006,38735639904,38765784487,30144583,30.144583,"funcionTransicion(Celula*, int, curandStateXORWOW*)",16,1024,63,0,88670208,8192
3007,38766661763,38800155449,33493686,33.493686,"funcionTransicion(Celula*, int, curandStateXORWOW*)",16,1024,63,0,88670208,8192
3008,38801043701,38832539702,31496001,31.496001,"funcionTransicion(Celula*, int, curandStateXORWOW*)",16,1024,63,0,88670208,8192
3009,38833427442,38864555828,31128386,31.128386,"funcionTransicion(Celula*, int, curandStateXORWOW*)",16,1024,63,0,88670208,8192
3010,38865439824,38894401437,28961613,28.961613,"funcionTransicion(Celula*, int, curandStateXORWOW*)",16,1024,63,0,88670208,8192
3011,38895283001,38925103458,29820457,29.820457,"funcionTransicion(Celula*, int, curandStateXORWOW*)",16,1024,63,0,88670208,8192
3012,38925987037,38959021079,33034042,33.034042,"funcionTransicion(Celula*, int, curandStateXORWOW*)",16,1024,63,0,88670208,8192
3013,38959902354,38991363059,31460705,31.460705,"funcionTransicion(Celula*, int, curandStateXORWOW*)",16,1024,63,0,88670208,8192
3014,38992244974,39025104488,32859514,32.859514,"funcionTransicion(Celula*, int, curandStateXORWOW*)",16,1024,63,0,88670208,8192
3015,39025987332,39057430789,31443457,31.443457,"funcionTransicion(Celula*, int, curandStateXORWOW*)",16,1024,63,0,88670208,8192
3016,39058312193,39089596675,31284482,31.284482,"funcionTransicion(Celula*, int, curandStateXORWOW*)",16,1024,63,0,88670208,8192
3017,39090483550,39120909988,30426438,30.426438,"funcionTransicion(Celula*, int, curandStateXORWOW*)",16,1024,63,0,88670208,8192
3018,39121788416,39151255179,29466763,29.466763,"funcionTransicion(Celula*, int, curandStateXORWOW*)",16,1024,63,0,88670208,8192
3019,39152141318,39182799851,30658533,30.658533,"funcionTransicion(Celula*, int, curandStateXORWOW*)",16,1024,63,0,88670208,8192
3020,39183674855,39214163469,30488614,30.488614,"funcionTransicion(Celula*, int, curandStateXORWOW*)",16,1024,63,0,88670208,8192
3021,39215040104,39244873522,29833418,29.833418,"funcionTransicion(Celula*, int, curandStateXORWOW*)",16,1024,63,0,88670208,8192
3022,39245759693,39278430536,32670843,32.670843,"funcionTransicion(Celula*, int, curandStateXORWOW*)",16,1024,63,0,88670208,8192
3023,39279306052,39309329868,30023816,30.023816,"funcionTransicion(Celula*, int, curandStateXORWOW*)",16,1024,63,0,88670208,8192
3024,39310217415,39340916204,30698789,30.698789,"funcionTransicion(Celula*, int, curandStateXORWOW*)",16,1024,63,0,88670208,8192
3025,39341837831,39373531079,31693248,31.693248,"funcionTransicion(Celula*, int, curandStateXORWOW*)",16,1024,63,0,88670208,8192
3026,39374412515,39404434251,30021736,30.021736,"funcionTransicion(Celula*, int, curandStateXORWOW*)",16,1024,63,0,88670208,8192
3027,39405318726,39434928145,29609419,29.609419,"funcionTransicion(Celula*, int, curandStateXORWOW*)",16,1024,63,0,88670208,8192
3028,39435810860,39464175101,28364241,28.364241,"funcionTransicion(Celula*, int, curandStateXORWOW*)",16,1024,63,0,88670208,8192
3029,39465053112,39495926172,30873060,30.87306,"funcionTransicion(Celula*, int, curandStateXORWOW*)",16,1024,63,0,88670208,8192
3030,39496805688,39527207198,30401510,30.40151,"funcionTransicion(Celula*, int, curandStateXORWOW*)",16,1024,63,0,88670208,8192
3031,39528089338,39559322556,31233218,31.233218,"funcionTransicion(Celula*, int, curandStateXORWOW*)",16,1024,63,0,88670208,8192
3032,39560217143,39590276447,30059304,30.059304,"funcionTransicion(Celula*, int, curandStateXORWOW*)",16,1024,63,0,88670208,8192
3033,39591163195,39623125657,31962462,31.962462,"funcionTransicion(Celula*, int, curandStateXORWOW*)",16,1024,63,0,88670208,8192
3034,39624008181,39656736975,32728794,32.728794,"funcionTransicion(Celula*, int, curandStateXORWOW*)",16,1024,63,0,88670208,8192
3035,39657623243,39688707470,31084227,31.084227,"funcionTransicion(Celula*, int, curandStateXORWOW*)",16,1024,63,0,88670208,8192
3036,39689589066,39720502061,30912995,30.912995,"funcionTransicion(Celula*, int, curandStateXORWOW*)",16,1024,63,0,88670208,8192
3037,39721377865,39751305714,29927849,29.927849,"funcionTransicion(Celula*, int, curandStateXORWOW*)",16,1024,63,0,88670208,8192
3038,39752187661,39781745976,29558315,29.558315,"funcionTransicion(Celula*, int, curandStateXORWOW*)",16,1024,63,0,88670208,8192
3039,39782621843,39818079936,35458093,35.458093,"funcionTransicion(Celula*, int, curandStateXORWOW*)",16,1024,63,0,88670208,8192
3040,39818967068,39852796241,33829173,33.829173,"funcionTransicion(Celula*, int, curandStateXORWOW*)",16,1024,63,0,88670208,8192
3041,39853681836,39885527595,31845759,31.845759,"funcionTransicion(Celula*, int, curandStateXORWOW*)",16,1024,63,0,88670208,8192
3042,39886414982,39920181788,33766806,33.766806,"funcionTransicion(Celula*, int, curandStateXORWOW*)",16,1024,63,0,88670208,8192
3043,39921065591,39950633762,29568171,29.568171,"funcionTransicion(Celula*, int, curandStateXORWOW*)",16,1024,63,0,88670208,8192
3044,39951523453,39981792324,30268871,30.268871,"funcionTransicion(Celula*, int, curandStateXORWOW*)",16,1024,63,0,88670208,8192
3045,39982680672,40015631257,32950585,32.950585,"funcionTransicion(Celula*, int, curandStateXORWOW*)",16,1024,63,0,88670208,8192
3046,40016510837,40048842417,32331580,32.33158,"funcionTransicion(Celula*, int, curandStateXORWOW*)",16,1024,63,0,88670208,8192
3047,40049720685,40078278205,28557520,28.55752,"funcionTransicion(Celula*, int, curandStateXORWOW*)",16,1024,63,0,88670208,8192
3048,40079164952,40110164187,30999235,30.999235,"funcionTransicion(Celula*, int, curandStateXORWOW*)",16,1024,63,0,88670208,8192
3049,40111093559,40141819035,30725476,30.725476,"funcionTransicion(Celula*, int, curandStateXORWOW*)",16,1024,63,0,88670208,8192
3050,40142706231,40172272065,29565834,29.565834,"funcionTransicion(Celula*, int, curandStateXORWOW*)",16,1024,63,0,88670208,8192
3051,40173155389,40203487748,30332359,30.332359,"funcionTransicion(Celula*, int, curandStateXORWOW*)",16,1024,63,0,88670208,8192
3052,40204364703,40235149796,30785093,30.785093,"funcionTransicion(Celula*, int, curandStateXORWOW*)",16,1024,63,0,88670208,8192
3053,40236033983,40264789134,28755151,28.755151,"funcionTransicion(Celula*, int, curandStateXORWOW*)",16,1024,63,0,88670208,8192
3054,40265671145,40294925878,29254733,29.254733,"funcionTransicion(Celula*, int, curandStateXORWOW*)",16,1024,63,0,88670208,8192
3055,40295816241,40325817881,30001640,30.00164,"funcionTransicion(Celula*, int, curandStateXORWOW*)",16,1024,63,0,88670208,8192
3056,40326707477,40358560340,31852863,31.852863,"funcionTransicion(Celula*, int, curandStateXORWOW*)",16,1024,63,0,88670208,8192
3057,40359446479,40391917516,32471037,32.471037,"funcionTransicion(Celula*, int, curandStateXORWOW*)",16,1024,63,0,88670208,8192
3058,40392806183,40422561712,29755529,29.755529,"funcionTransicion(Celula*, int, curandStateXORWOW*)",16,1024,63,0,88670208,8192
3059,40423443692,40454938893,31495201,31.495201,"funcionTransicion(Celula*, int, curandStateXORWOW*)",16,1024,63,0,88670208,8192
3060,40455823464,40487202474,31379010,31.37901,"funcionTransicion(Celula*, int, curandStateXORWOW*)",16,1024,63,0,88670208,8192
3061,40488090789,40519619206,31528417,31.528417,"funcionTransicion(Celula*, int, curandStateXORWOW*)",16,1024,63,0,88670208,8192
3062,40520503361,40551415013,30911652,30.911652,"funcionTransicion(Celula*, int, curandStateXORWOW*)",16,1024,63,0,88670208,8192
3063,40552303073,40583174053,30870980,30.87098,"funcionTransicion(Celula*, int, curandStateXORWOW*)",16,1024,63,0,88670208,8192
3064,40584059584,40616304541,32244957,32.244957,"funcionTransicion(Celula*, int, curandStateXORWOW*)",16,1024,63,0,88670208,8192
3065,40617192760,40653225250,36032490,36.03249,"funcionTransicion(Celula*, int, curandStateXORWOW*)",16,1024,63,0,88670208,8192
3066,40654111454,40686622490,32511036,32.511036,"funcionTransicion(Celula*, int, curandStateXORWOW*)",16,1024,63,0,88670208,8192
3067,40687515093,40721231083,33715990,33.71599,"funcionTransicion(Celula*, int, curandStateXORWOW*)",16,1024,63,0,88670208,8192
3068,40722124678,40753828870,31704192,31.704192,"funcionTransicion(Celula*, int, curandStateXORWOW*)",16,1024,63,0,88670208,8192
3069,40754714562,40785564325,30849763,30.849763,"funcionTransicion(Celula*, int, curandStateXORWOW*)",16,1024,63,0,88670208,8192
3070,40786451745,40818983228,32531483,32.531483,"funcionTransicion(Celula*, int, curandStateXORWOW*)",16,1024,63,0,88670208,8192
3071,40819877752,40851291737,31413985,31.413985,"funcionTransicion(Celula*, int, curandStateXORWOW*)",16,1024,63,0,88670208,8192
3072,40852180085,40884390354,32210269,32.210269,"funcionTransicion(Celula*, int, curandStateXORWOW*)",16,1024,63,0,88670208,8192
3073,40885304525,40919467680,34163155,34.163155,"funcionTransicion(Celula*, int, curandStateXORWOW*)",16,1024,63,0,88670208,8192
3074,40920354876,40952610873,32255997,32.255997,"funcionTransicion(Celula*, int, curandStateXORWOW*)",16,1024,63,0,88670208,8192
3075,40953508084,40986644077,33135993,33.135993,"funcionTransicion(Celula*, int, curandStateXORWOW*)",16,1024,63,0,88670208,8192
3076,40987526089,41020906624,33380535,33.380535,"funcionTransicion(Celula*, int, curandStateXORWOW*)",16,1024,63,0,88670208,8192
3077,41021792763,41056178222,34385459,34.385459,"funcionTransicion(Celula*, int, curandStateXORWOW*)",16,1024,63,0,88670208,8192
3078,41057066921,41089772100,32705179,32.705179,"funcionTransicion(Celula*, int, curandStateXORWOW*)",16,1024,63,0,88670208,8192
3079,41090655807,41124388725,33732918,33.732918,"funcionTransicion(Celula*, int, curandStateXORWOW*)",16,1024,63,0,88670208,8192
3080,41125277104,41158581224,33304120,33.30412,"funcionTransicion(Celula*, int, curandStateXORWOW*)",16,1024,63,0,88670208,8192
3081,41159467716,41191993439,32525723,32.525723,"funcionTransicion(Celula*, int, curandStateXORWOW*)",16,1024,63,0,88670208,8192
3082,41192886235,41225071352,32185117,32.185117,"funcionTransicion(Celula*, int, curandStateXORWOW*)",16,1024,63,0,88670208,8192
3083,41225956723,41260861763,34905040,34.90504,"funcionTransicion(Celula*, int, curandStateXORWOW*)",16,1024,63,0,88670208,8192
3084,41261754526,41294641944,32887418,32.887418,"funcionTransicion(Celula*, int, curandStateXORWOW*)",16,1024,63,0,88670208,8192
3085,41295530355,41330502243,34971888,34.971888,"funcionTransicion(Celula*, int, curandStateXORWOW*)",16,1024,63,0,88670208,8192
3086,41331392126,41363026302,31634176,31.634176,"funcionTransicion(Celula*, int, curandStateXORWOW*)",16,1024,63,0,88670208,8192
3087,41363916218,41396884116,32967898,32.967898,"funcionTransicion(Celula*, int, curandStateXORWOW*)",16,1024,63,0,88670208,8192
3088,41397773711,41429558062,31784351,31.784351,"funcionTransicion(Celula*, int, curandStateXORWOW*)",16,1024,63,0,88670208,8192
3089,41430445001,41463675585,33230584,33.230584,"funcionTransicion(Celula*, int, curandStateXORWOW*)",16,1024,63,0,88670208,8192
3090,41464563069,41497807797,33244728,33.244728,"funcionTransicion(Celula*, int, curandStateXORWOW*)",16,1024,63,0,88670208,8192
3091,41498692913,41532649541,33956628,33.956628,"funcionTransicion(Celula*, int, curandStateXORWOW*)",16,1024,63,0,88670208,8192
3092,41533537920,41568376529,34838609,34.838609,"funcionTransicion(Celula*, int, curandStateXORWOW*)",16,1024,63,0,88670208,8192
3093,41569265612,41603507711,34242099,34.242099,"funcionTransicion(Celula*, int, curandStateXORWOW*)",16,1024,63,0,88670208,8192
3094,41604400954,41637327892,32926938,32.926938,"funcionTransicion(Celula*, int, curandStateXORWOW*)",16,1024,63,0,88670208,8192
3095,41638213007,41672070468,33857461,33.857461,"funcionTransicion(Celula*, int, curandStateXORWOW*)",16,1024,63,0,88670208,8192
3096,41672953120,41703335782,30382662,30.382662,"funcionTransicion(Celula*, int, curandStateXORWOW*)",16,1024,63,0,88670208,8192
3097,41704307809,41737418106,33110297,33.110297,"funcionTransicion(Celula*, int, curandStateXORWOW*)",16,1024,63,0,88670208,8192
3098,41738308150,41770378388,32070238,32.070238,"funcionTransicion(Celula*, int, curandStateXORWOW*)",16,1024,63,0,88670208,8192
3099,41771269647,41805371394,34101747,34.101747,"funcionTransicion(Celula*, int, curandStateXORWOW*)",16,1024,63,0,88670208,8192
3100,41806262878,41838909849,32646971,32.646971,"funcionTransicion(Celula*, int, curandStateXORWOW*)",16,1024,63,0,88670208,8192
3101,41839796596,41870140379,30343783,30.343783,"funcionTransicion(Celula*, int, curandStateXORWOW*)",16,1024,63,0,88670208,8192
3102,41871038135,41901984378,30946243,30.946243,"funcionTransicion(Celula*, int, curandStateXORWOW*)",16,1024,63,0,88670208,8192
3103,41902880213,41934306967,31426754,31.426754,"funcionTransicion(Celula*, int, curandStateXORWOW*)",16,1024,63,0,88670208,8192
3104,41935202194,41967517455,32315261,32.315261,"funcionTransicion(Celula*, int, curandStateXORWOW*)",16,1024,63,0,88670208,8192
3105,41968403883,41998914384,30510501,30.510501,"funcionTransicion(Celula*, int, curandStateXORWOW*)",16,1024,63,0,88670208,8192
3106,41999805387,42032519046,32713659,32.713659,"funcionTransicion(Celula*, int, curandStateXORWOW*)",16,1024,63,0,88670208,8192
3107,42033403746,42065868093,32464347,32.464347,"funcionTransicion(Celula*, int, curandStateXORWOW*)",16,1024,63,0,88670208,8192
3108,42066758777,42099159221,32400444,32.400444,"funcionTransicion(Celula*, int, curandStateXORWOW*)",16,1024,63,0,88670208,8192
3109,42100041617,42130792822,30751205,30.751205,"funcionTransicion(Celula*, int, curandStateXORWOW*)",16,1024,63,0,88670208,8192
3110,42131676721,42161637818,29961097,29.961097,"funcionTransicion(Celula*, int, curandStateXORWOW*)",16,1024,63,0,88670208,8192
3111,42162534965,42193209306,30674341,30.674341,"funcionTransicion(Celula*, int, curandStateXORWOW*)",16,1024,63,0,88670208,8192
3112,42194094710,42224722075,30627365,30.627365,"funcionTransicion(Celula*, int, curandStateXORWOW*)",16,1024,63,0,88670208,8192
3113,42225612118,42253955399,28343281,28.343281,"funcionTransicion(Celula*, int, curandStateXORWOW*)",16,1024,63,0,88670208,8192
3114,42254841987,42285876678,31034691,31.034691,"funcionTransicion(Celula*, int, curandStateXORWOW*)",16,1024,63,0,88670208,8192
3115,42286767905,42314922867,28154962,28.154962,"funcionTransicion(Celula*, int, curandStateXORWOW*)",16,1024,63,0,88670208,8192
3116,42315819534,42345587192,29767658,29.767658,"funcionTransicion(Celula*, int, curandStateXORWOW*)",16,1024,63,0,88670208,8192
3117,42346473907,42376795482,30321575,30.321575,"funcionTransicion(Celula*, int, curandStateXORWOW*)",16,1024,63,0,88670208,8192
3118,42377682677,42409630836,31948159,31.948159,"funcionTransicion(Celula*, int, curandStateXORWOW*)",16,1024,63,0,88670208,8192
3119,42410518544,42443644712,33126168,33.126168,"funcionTransicion(Celula*, int, curandStateXORWOW*)",16,1024,63,0,88670208,8192
3120,42444537731,42475410056,30872325,30.872325,"funcionTransicion(Celula*, int, curandStateXORWOW*)",16,1024,63,0,88670208,8192
3121,42593437747,42624476406,31038659,31.038659,"funcionTransicion(Celula*, int, curandStateXORWOW*)",16,1024,63,0,88670208,8192
3122,42625367377,42656820754,31453377,31.453377,"funcionTransicion(Celula*, int, curandStateXORWOW*)",16,1024,63,0,88670208,8192
3123,42657710382,42690497352,32786970,32.78697,"funcionTransicion(Celula*, int, curandStateXORWOW*)",16,1024,63,0,88670208,8192
3124,42691382948,42723938239,32555291,32.555291,"funcionTransicion(Celula*, int, curandStateXORWOW*)",16,1024,63,0,88670208,8192
3125,42724828827,42756348059,31519232,31.519232,"funcionTransicion(Celula*, int, curandStateXORWOW*)",16,1024,63,0,88670208,8192
3126,42757237847,42789732563,32494716,32.494716,"funcionTransicion(Celula*, int, curandStateXORWOW*)",16,1024,63,0,88670208,8192
3127,42790622318,42821752593,31130275,31.130275,"funcionTransicion(Celula*, int, curandStateXORWOW*)",16,1024,63,0,88670208,8192
3128,42822640012,42853692719,31052707,31.052707,"funcionTransicion(Celula*, int, curandStateXORWOW*)",16,1024,63,0,88670208,8192
3129,42854579563,42890138583,35559020,35.55902,"funcionTransicion(Celula*, int, curandStateXORWOW*)",16,1024,63,0,88670208,8192
3130,42891034482,42921193786,30159304,30.159304,"funcionTransicion(Celula*, int, curandStateXORWOW*)",16,1024,63,0,88670208,8192
3131,42922086613,42954676465,32589852,32.589852,"funcionTransicion(Celula*, int, curandStateXORWOW*)",16,1024,63,0,88670208,8192
3132,42955567436,42987549131,31981695,31.981695,"funcionTransicion(Celula*, int, curandStateXORWOW*)",16,1024,63,0,88670208,8192
3133,42988438982,43020691715,32252733,32.252733,"funcionTransicion(Celula*, int, curandStateXORWOW*)",16,1024,63,0,88670208,8192
3134,43021582398,43053510877,31928479,31.928479,"funcionTransicion(Celula*, int, curandStateXORWOW*)",16,1024,63,0,88670208,8192
3135,43054403513,43086782197,32378684,32.378684,"funcionTransicion(Celula*, int, curandStateXORWOW*)",16,1024,63,0,88670208,8192
3136,43087673553,43122314945,34641392,34.641392,"funcionTransicion(Celula*, int, curandStateXORWOW*)",16,1024,63,0,88670208,8192
3137,43123209597,43157025490,33815893,33.815893,"funcionTransicion(Celula*, int, curandStateXORWOW*)",16,1024,63,0,88670208,8192
3138,43157921934,43192023553,34101619,34.101619,"funcionTransicion(Celula*, int, curandStateXORWOW*)",16,1024,63,0,88670208,8192
3139,43192916445,43227584781,34668336,34.668336,"funcionTransicion(Celula*, int, curandStateXORWOW*)",16,1024,63,0,88670208,8192
3140,43228479465,43265650669,37171204,37.171204,"funcionTransicion(Celula*, int, curandStateXORWOW*)",16,1024,63,0,88670208,8192
3141,43266550504,43298727590,32177086,32.177086,"funcionTransicion(Celula*, int, curandStateXORWOW*)",16,1024,63,0,88670208,8192
3142,43299625729,43331925182,32299453,32.299453,"funcionTransicion(Celula*, int, curandStateXORWOW*)",16,1024,63,0,88670208,8192
3143,43332813881,43366287504,33473623,33.473623,"funcionTransicion(Celula*, int, curandStateXORWOW*)",16,1024,63,0,88670208,8192
3144,43367180876,43400283076,33102200,33.1022,"funcionTransicion(Celula*, int, curandStateXORWOW*)",16,1024,63,0,88670208,8192
3145,43401215296,43433223102,32007806,32.007806,"funcionTransicion(Celula*, int, curandStateXORWOW*)",16,1024,63,0,88670208,8192
3146,43434118233,43464838846,30720613,30.720613,"funcionTransicion(Celula*, int, curandStateXORWOW*)",16,1024,63,0,88670208,8192
3147,43465743097,43499741646,33998549,33.998549,"funcionTransicion(Celula*, int, curandStateXORWOW*)",16,1024,63,0,88670208,8192
3148,43500636105,43534093920,33457815,33.457815,"funcionTransicion(Celula*, int, curandStateXORWOW*)",16,1024,63,0,88670208,8192
3149,43534993211,43568256627,33263416,33.263416,"funcionTransicion(Celula*, int, curandStateXORWOW*)",16,1024,63,0,88670208,8192
3150,43569156367,43602258343,33101976,33.101976,"funcionTransicion(Celula*, int, curandStateXORWOW*)",16,1024,63,0,88670208,8192
3151,43603151811,43636559386,33407575,33.407575,"funcionTransicion(Celula*, int, curandStateXORWOW*)",16,1024,63,0,88670208,8192
3152,43637460597,43672558180,35097583,35.097583,"funcionTransicion(Celula*, int, curandStateXORWOW*)",16,1024,63,0,88670208,8192
3153,43673451647,43705897948,32446301,32.446301,"funcionTransicion(Celula*, int, curandStateXORWOW*)",16,1024,63,0,88670208,8192
3154,43706792855,43739163219,32370364,32.370364,"funcionTransicion(Celula*, int, curandStateXORWOW*)",16,1024,63,0,88670208,8192
3155,43740059023,43773164999,33105976,33.105976,"funcionTransicion(Celula*, int, curandStateXORWOW*)",16,1024,63,0,88670208,8192
3156,43774058563,43805246309,31187746,31.187746,"funcionTransicion(Celula*, int, curandStateXORWOW*)",16,1024,63,0,88670208,8192
3157,43806138433,43840267636,34129203,34.129203,"funcionTransicion(Celula*, int, curandStateXORWOW*)",16,1024,63,0,88670208,8192
3158,43841158192,43871032057,29873865,29.873865,"funcionTransicion(Celula*, int, curandStateXORWOW*)",16,1024,63,0,88670208,8192
3159,43871927252,43908135197,36207945,36.207945,"funcionTransicion(Celula*, int, curandStateXORWOW*)",16,1024,63,0,88670208,8192
3160,43909029913,43941483732,32453819,32.453819,"funcionTransicion(Celula*, int, curandStateXORWOW*)",16,1024,63,0,88670208,8192
3161,43942372592,43976531492,34158900,34.1589,"funcionTransicion(Celula*, int, curandStateXORWOW*)",16,1024,63,0,88670208,8192
3162,43977420351,44011329683,33909332,33.909332,"funcionTransicion(Celula*, int, curandStateXORWOW*)",16,1024,63,0,88670208,8192
3163,44012218191,44045195561,32977370,32.97737,"funcionTransicion(Celula*, int, curandStateXORWOW*)",16,1024,63,0,88670208,8192
3164,44046087748,44082389516,36301768,36.301768,"funcionTransicion(Celula*, int, curandStateXORWOW*)",16,1024,63,0,88670208,8192
3165,44083277384,44117093213,33815829,33.815829,"funcionTransicion(Celula*, int, curandStateXORWOW*)",16,1024,63,0,88670208,8192
3166,44117987832,44152089004,34101172,34.101172,"funcionTransicion(Celula*, int, curandStateXORWOW*)",16,1024,63,0,88670208,8192
3167,44152982151,44186167200,33185049,33.185049,"funcionTransicion(Celula*, int, curandStateXORWOW*)",16,1024,63,0,88670208,8192
3168,44187064539,44219112889,32048350,32.04835,"funcionTransicion(Celula*, int, curandStateXORWOW*)",16,1024,63,0,88670208,8192
3169,44220054228,44253982377,33928149,33.928149,"funcionTransicion(Celula*, int, curandStateXORWOW*)",16,1024,63,0,88670208,8192
3170,44254877828,44287274177,32396349,32.396349,"funcionTransicion(Celula*, int, curandStateXORWOW*)",16,1024,63,0,88670208,8192
3171,44288172412,44320536536,32364124,32.364124,"funcionTransicion(Celula*, int, curandStateXORWOW*)",16,1024,63,0,88670208,8192
3172,44321431700,44352810229,31378529,31.378529,"funcionTransicion(Celula*, int, curandStateXORWOW*)",16,1024,63,0,88670208,8192
3173,44353708145,44384873971,31165826,31.165826,"funcionTransicion(Celula*, int, curandStateXORWOW*)",16,1024,63,0,88670208,8192
3174,44385775791,44419730531,33954740,33.95474,"funcionTransicion(Celula*, int, curandStateXORWOW*)",16,1024,63,0,88670208,8192
3175,44420619999,44456774440,36154441,36.154441,"funcionTransicion(Celula*, int, curandStateXORWOW*)",16,1024,63,0,88670208,8192
3176,44457673091,44489924288,32251197,32.251197,"funcionTransicion(Celula*, int, curandStateXORWOW*)",16,1024,63,0,88670208,8192
3177,44490819260,44522961529,32142269,32.142269,"funcionTransicion(Celula*, int, curandStateXORWOW*)",16,1024,63,0,88670208,8192
3178,44523853781,44555738643,31884862,31.884862,"funcionTransicion(Celula*, int, curandStateXORWOW*)",16,1024,63,0,88670208,8192
3179,44556636591,44588228495,31591904,31.591904,"funcionTransicion(Celula*, int, curandStateXORWOW*)",16,1024,63,0,88670208,8192
3180,44589130987,44621964165,32833178,32.833178,"funcionTransicion(Celula*, int, curandStateXORWOW*)",16,1024,63,0,88670208,8192
3181,44622856672,44656521206,33664534,33.664534,"funcionTransicion(Celula*, int, curandStateXORWOW*)",16,1024,63,0,88670208,8192
3182,44657418385,44689338416,31920031,31.920031,"funcionTransicion(Celula*, int, curandStateXORWOW*)",16,1024,63,0,88670208,8192
3183,44690225932,44722824199,32598267,32.598267,"funcionTransicion(Celula*, int, curandStateXORWOW*)",16,1024,63,0,88670208,8192
3184,44723718818,44757174170,33455352,33.455352,"funcionTransicion(Celula*, int, curandStateXORWOW*)",16,1024,63,0,88670208,8192
3185,44758073397,44788388476,30315079,30.315079,"funcionTransicion(Celula*, int, curandStateXORWOW*)",16,1024,63,0,88670208,8192
3186,44789292215,44823180780,33888565,33.888565,"funcionTransicion(Celula*, int, curandStateXORWOW*)",16,1024,63,0,88670208,8192
3187,44824078439,44859525268,35446829,35.446829,"funcionTransicion(Celula*, int, curandStateXORWOW*)",16,1024,63,0,88670208,8192
3188,44860414640,44892758924,32344284,32.344284,"funcionTransicion(Celula*, int, curandStateXORWOW*)",16,1024,63,0,88670208,8192
3189,44893652232,44926866976,33214744,33.214744,"funcionTransicion(Celula*, int, curandStateXORWOW*)",16,1024,63,0,88670208,8192
3190,44927755515,44959996632,32241117,32.241117,"funcionTransicion(Celula*, int, curandStateXORWOW*)",16,1024,63,0,88670208,8192
3191,44960891700,44993406703,32515003,32.515003,"funcionTransicion(Celula*, int, curandStateXORWOW*)",16,1024,63,0,88670208,8192
3192,44994296523,45026652871,32356348,32.356348,"funcionTransicion(Celula*, int, curandStateXORWOW*)",16,1024,63,0,88670208,8192
3193,45027579394,45060987898,33408504,33.408504,"funcionTransicion(Celula*, int, curandStateXORWOW*)",16,1024,63,0,88670208,8192
3194,45061882293,45094117682,32235389,32.235389,"funcionTransicion(Celula*, int, curandStateXORWOW*)",16,1024,63,0,88670208,8192
3195,45095011790,45127215211,32203421,32.203421,"funcionTransicion(Celula*, int, curandStateXORWOW*)",16,1024,63,0,88670208,8192
3196,45128113894,45160253860,32139966,32.139966,"funcionTransicion(Celula*, int, curandStateXORWOW*)",16,1024,63,0,88670208,8192
3197,45161148223,45194330680,33182457,33.182457,"funcionTransicion(Celula*, int, curandStateXORWOW*)",16,1024,63,0,88670208,8192
3198,45195223699,45228754186,33530487,33.530487,"funcionTransicion(Celula*, int, curandStateXORWOW*)",16,1024,63,0,88670208,8192
3199,45229652453,45261551588,31899135,31.899135,"funcionTransicion(Celula*, int, curandStateXORWOW*)",16,1024,63,0,88670208,8192
3200,45262444671,45295772119,33327448,33.327448,"funcionTransicion(Celula*, int, curandStateXORWOW*)",16,1024,63,0,88670208,8192
3201,45296662002,45330041898,33379896,33.379896,"funcionTransicion(Celula*, int, curandStateXORWOW*)",16,1024,63,0,88670208,8192
3202,45330935557,45361368459,30432902,30.432902,"funcionTransicion(Celula*, int, curandStateXORWOW*)",16,1024,63,0,88670208,8192
3203,45362264391,45395026657,32762266,32.762266,"funcionTransicion(Celula*, int, curandStateXORWOW*)",16,1024,63,0,88670208,8192
3204,45395929789,45427571517,31641728,31.641728,"funcionTransicion(Celula*, int, curandStateXORWOW*)",16,1024,63,0,88670208,8192
3205,45428467448,45462697291,34229843,34.229843,"funcionTransicion(Celula*, int, curandStateXORWOW*)",16,1024,63,0,88670208,8192
3206,45463592454,45497586714,33994260,33.99426,"funcionTransicion(Celula*, int, curandStateXORWOW*)",16,1024,63,0,88670208,8192
3207,45498475382,45529704632,31229250,31.22925,"funcionTransicion(Celula*, int, curandStateXORWOW*)",16,1024,63,0,88670208,8192
3208,45530598708,45565501923,34903215,34.903215,"funcionTransicion(Celula*, int, curandStateXORWOW*)",16,1024,63,0,88670208,8192
3209,45566393375,45599202585,32809210,32.80921,"funcionTransicion(Celula*, int, curandStateXORWOW*)",16,1024,63,0,88670208,8192
3210,45600098901,45633336429,33237528,33.237528,"funcionTransicion(Celula*, int, curandStateXORWOW*)",16,1024,63,0,88670208,8192
3211,45634216808,45667977597,33760789,33.760789,"funcionTransicion(Celula*, int, curandStateXORWOW*)",16,1024,63,0,88670208,8192
3212,45668870265,45703562250,34691985,34.691985,"funcionTransicion(Celula*, int, curandStateXORWOW*)",16,1024,63,0,88670208,8192
3213,45704460325,45738191066,33730741,33.730741,"funcionTransicion(Celula*, int, curandStateXORWOW*)",16,1024,63,0,88670208,8192
3214,45739086710,45772949995,33863285,33.863285,"funcionTransicion(Celula*, int, curandStateXORWOW*)",16,1024,63,0,88670208,8192
3215,45773836902,45808868469,35031567,35.031567,"funcionTransicion(Celula*, int, curandStateXORWOW*)",16,1024,63,0,88670208,8192
3216,45809766257,45843229447,33463190,33.46319,"funcionTransicion(Celula*, int, curandStateXORWOW*)",16,1024,63,0,88670208,8192
3217,45844156707,45879222545,35065838,35.065838,"funcionTransicion(Celula*, int, curandStateXORWOW*)",16,1024,63,0,88670208,8192
3218,45880112685,45913354501,33241816,33.241816,"funcionTransicion(Celula*, int, curandStateXORWOW*)",16,1024,63,0,88670208,8192
3219,45914252416,45947716567,33464151,33.464151,"funcionTransicion(Celula*, int, curandStateXORWOW*)",16,1024,63,0,88670208,8192
3220,45948607187,45984066080,35458893,35.458893,"funcionTransicion(Celula*, int, curandStateXORWOW*)",16,1024,63,0,88670208,8192
3221,45984962363,46019595660,34633297,34.633297,"funcionTransicion(Celula*, int, curandStateXORWOW*)",16,1024,63,0,88670208,8192
3222,46020497416,46057276718,36779302,36.779302,"funcionTransicion(Celula*, int, curandStateXORWOW*)",16,1024,63,0,88670208,8192
3223,46058171529,46095716203,37544674,37.544674,"funcionTransicion(Celula*, int, curandStateXORWOW*)",16,1024,63,0,88670208,8192
3224,46096616519,46131762549,35146030,35.14603,"funcionTransicion(Celula*, int, curandStateXORWOW*)",16,1024,63,0,88670208,8192
3225,46132650769,46166291943,33641174,33.641174,"funcionTransicion(Celula*, int, curandStateXORWOW*)",16,1024,63,0,88670208,8192
3226,46167185890,46202748782,35562892,35.562892,"funcionTransicion(Celula*, int, curandStateXORWOW*)",16,1024,63,0,88670208,8192
3227,46203642282,46241383499,37741217,37.741217,"funcionTransicion(Celula*, int, curandStateXORWOW*)",16,1024,63,0,88670208,8192
3228,46242273286,46277553012,35279726,35.279726,"funcionTransicion(Celula*, int, curandStateXORWOW*)",16,1024,63,0,88670208,8192
3229,46278452943,46313492190,35039247,35.039247,"funcionTransicion(Celula*, int, curandStateXORWOW*)",16,1024,63,0,88670208,8192
3230,46314389946,46349998246,35608300,35.6083,"funcionTransicion(Celula*, int, curandStateXORWOW*)",16,1024,63,0,88670208,8192
3231,46350888993,46388687234,37798241,37.798241,"funcionTransicion(Celula*, int, curandStateXORWOW*)",16,1024,63,0,88670208,8192
3232,46389588670,46428246682,38658012,38.658012,"funcionTransicion(Celula*, int, curandStateXORWOW*)",16,1024,63,0,88670208,8192
3233,46429138934,46462943755,33804821,33.804821,"funcionTransicion(Celula*, int, curandStateXORWOW*)",16,1024,63,0,88670208,8192
3234,46463844806,46497506620,33661814,33.661814,"funcionTransicion(Celula*, int, curandStateXORWOW*)",16,1024,63,0,88670208,8192
3235,46498398935,46535504572,37105637,37.105637,"funcionTransicion(Celula*, int, curandStateXORWOW*)",16,1024,63,0,88670208,8192
3236,46536411896,46572807615,36395719,36.395719,"funcionTransicion(Celula*, int, curandStateXORWOW*)",16,1024,63,0,88670208,8192
3237,46573701979,46612962196,39260217,39.260217,"funcionTransicion(Celula*, int, curandStateXORWOW*)",16,1024,63,0,88670208,8192
3238,46613858512,46648829695,34971183,34.971183,"funcionTransicion(Celula*, int, curandStateXORWOW*)",16,1024,63,0,88670208,8192
3239,46649723291,46686147587,36424296,36.424296,"funcionTransicion(Celula*, int, curandStateXORWOW*)",16,1024,63,0,88670208,8192
3240,46687053630,46725444540,38390910,38.39091,"funcionTransicion(Celula*, int, curandStateXORWOW*)",16,1024,63,0,88670208,8192
3241,46852330842,46891252790,38921948,38.921948,"funcionTransicion(Celula*, int, curandStateXORWOW*)",16,1024,63,0,88670208,8192
3242,46892150097,46930615567,38465470,38.46547,"funcionTransicion(Celula*, int, curandStateXORWOW*)",16,1024,63,0,88670208,8192
3243,46931514442,46967126710,35612268,35.612268,"funcionTransicion(Celula*, int, curandStateXORWOW*)",16,1024,63,0,88670208,8192
3244,46968032369,47006314160,38281791,38.281791,"funcionTransicion(Celula*, int, curandStateXORWOW*)",16,1024,63,0,88670208,8192
3245,47007216139,47043405013,36188874,36.188874,"funcionTransicion(Celula*, int, curandStateXORWOW*)",16,1024,63,0,88670208,8192
3246,47044309232,47082482607,38173375,38.173375,"funcionTransicion(Celula*, int, curandStateXORWOW*)",16,1024,63,0,88670208,8192
3247,47083379626,47121736553,38356927,38.356927,"funcionTransicion(Celula*, int, curandStateXORWOW*)",16,1024,63,0,88670208,8192
3248,47122637252,47160217990,37580738,37.580738,"funcionTransicion(Celula*, int, curandStateXORWOW*)",16,1024,63,0,88670208,8192
3249,47161107074,47197096652,35989578,35.989578,"funcionTransicion(Celula*, int, curandStateXORWOW*)",16,1024,63,0,88670208,8192
3250,47197995623,47233734195,35738572,35.738572,"funcionTransicion(Celula*, int, curandStateXORWOW*)",16,1024,63,0,88670208,8192
3251,47234627694,47274081798,39454104,39.454104,"funcionTransicion(Celula*, int, curandStateXORWOW*)",16,1024,63,0,88670208,8192
3252,47274976450,47312429381,37452931,37.452931,"funcionTransicion(Celula*, int, curandStateXORWOW*)",16,1024,63,0,88670208,8192
3253,47313319552,47350636580,37317028,37.317028,"funcionTransicion(Celula*, int, curandStateXORWOW*)",16,1024,63,0,88670208,8192
3254,47351537215,47387636585,36099370,36.09937,"funcionTransicion(Celula*, int, curandStateXORWOW*)",16,1024,63,0,88670208,8192
3255,47388536836,47425987143,37450307,37.450307,"funcionTransicion(Celula*, int, curandStateXORWOW*)",16,1024,63,0,88670208,8192
3256,47426891746,47462005457,35113711,35.113711,"funcionTransicion(Celula*, int, curandStateXORWOW*)",16,1024,63,0,88670208,8192
3257,47462913260,47501925095,39011835,39.011835,"funcionTransicion(Celula*, int, curandStateXORWOW*)",16,1024,63,0,88670208,8192
3258,47502829570,47541567774,38738204,38.738204,"funcionTransicion(Celula*, int, curandStateXORWOW*)",16,1024,63,0,88670208,8192
3259,47542468730,47579100769,36632039,36.632039,"funcionTransicion(Celula*, int, curandStateXORWOW*)",16,1024,63,0,88670208,8192
3260,47580000476,47619131958,39131482,39.131482,"funcionTransicion(Celula*, int, curandStateXORWOW*)",16,1024,63,0,88670208,8192
3261,47620023378,47658297169,38273791,38.273791,"funcionTransicion(Celula*, int, curandStateXORWOW*)",16,1024,63,0,88670208,8192
3262,47659189484,47695997394,36807910,36.80791,"funcionTransicion(Celula*, int, curandStateXORWOW*)",16,1024,63,0,88670208,8192
3263,47696890029,47736947427,40057398,40.057398,"funcionTransicion(Celula*, int, curandStateXORWOW*)",16,1024,63,0,88670208,8192
3264,47737846655,47773332331,35485676,35.485676,"funcionTransicion(Celula*, int, curandStateXORWOW*)",16,1024,63,0,88670208,8192
3265,47774264807,47810643630,36378823,36.378823,"funcionTransicion(Celula*, int, curandStateXORWOW*)",16,1024,63,0,88670208,8192
3266,47811541546,47847971410,36429864,36.429864,"funcionTransicion(Celula*, int, curandStateXORWOW*)",16,1024,63,0,88670208,8192
3267,47848866349,47885550964,36684615,36.684615,"funcionTransicion(Celula*, int, curandStateXORWOW*)",16,1024,63,0,88670208,8192
3268,47886441039,47925354251,38913212,38.913212,"funcionTransicion(Celula*, int, curandStateXORWOW*)",16,1024,63,0,88670208,8192
3269,47926252998,47961116726,34863728,34.863728,"funcionTransicion(Celula*, int, curandStateXORWOW*)",16,1024,63,0,88670208,8192
3270,47962011409,48003237537,41226128,41.226128,"funcionTransicion(Celula*, int, curandStateXORWOW*)",16,1024,63,0,88670208,8192
3271,48004136860,48040666596,36529736,36.529736,"funcionTransicion(Celula*, int, curandStateXORWOW*)",16,1024,63,0,88670208,8192
3272,48041567167,48080526106,38958939,38.958939,"funcionTransicion(Celula*, int, curandStateXORWOW*)",16,1024,63,0,88670208,8192
3273,48081427318,48116521764,35094446,35.094446,"funcionTransicion(Celula*, int, curandStateXORWOW*)",16,1024,63,0,88670208,8192
3274,48117424832,48153532553,36107721,36.107721,"funcionTransicion(Celula*, int, curandStateXORWOW*)",16,1024,63,0,88670208,8192
3275,48154428997,48193162369,38733372,38.733372,"funcionTransicion(Celula*, int, curandStateXORWOW*)",16,1024,63,0,88670208,8192
3276,48194059260,48229111019,35051759,35.051759,"funcionTransicion(Celula*, int, curandStateXORWOW*)",16,1024,63,0,88670208,8192
3277,48230009158,48266914732,36905574,36.905574,"funcionTransicion(Celula*, int, curandStateXORWOW*)",16,1024,63,0,88670208,8192
3278,48267808936,48309850675,42041739,42.041739,"funcionTransicion(Celula*, int, curandStateXORWOW*)",16,1024,63,0,88670208,8192
3279,48310752942,48346647417,35894475,35.894475,"funcionTransicion(Celula*, int, curandStateXORWOW*)",16,1024,63,0,88670208,8192
3280,48347546068,48384323770,36777702,36.777702,"funcionTransicion(Celula*, int, curandStateXORWOW*)",16,1024,63,0,88670208,8192
3281,48385217590,48420269733,35052143,35.052143,"funcionTransicion(Celula*, int, curandStateXORWOW*)",16,1024,63,0,88670208,8192
3282,48421167616,48460973079,39805463,39.805463,"funcionTransicion(Celula*, int, curandStateXORWOW*)",16,1024,63,0,88670208,8192
3283,48461862451,48502631397,40768946,40.768946,"funcionTransicion(Celula*, int, curandStateXORWOW*)",16,1024,63,0,88670208,8192
3284,48503532672,48540646532,37113860,37.11386,"funcionTransicion(Celula*, int, curandStateXORWOW*)",16,1024,63,0,88670208,8192
3285,48541543232,48579630847,38087615,38.087615,"funcionTransicion(Celula*, int, curandStateXORWOW*)",16,1024,63,0,88670208,8192
3286,48580533787,48620378353,39844566,39.844566,"funcionTransicion(Celula*, int, curandStateXORWOW*)",16,1024,63,0,88670208,8192
3287,48621268205,48657888948,36620743,36.620743,"funcionTransicion(Celula*, int, curandStateXORWOW*)",16,1024,63,0,88670208,8192
3288,48658787151,48696038803,37251652,37.251652,"funcionTransicion(Celula*, int, curandStateXORWOW*)",16,1024,63,0,88670208,8192
3289,48696978158,48738505948,41527790,41.52779,"funcionTransicion(Celula*, int, curandStateXORWOW*)",16,1024,63,0,88670208,8192
3290,48739405848,48778251475,38845627,38.845627,"funcionTransicion(Celula*, int, curandStateXORWOW*)",16,1024,63,0,88670208,8192
3291,48779150319,48816295379,37145060,37.14506,"funcionTransicion(Celula*, int, curandStateXORWOW*)",16,1024,63,0,88670208,8192
3292,48817199855,48857498915,40299060,40.29906,"funcionTransicion(Celula*, int, curandStateXORWOW*)",16,1024,63,0,88670208,8192
3293,48858396158,48895219396,36823238,36.823238,"funcionTransicion(Celula*, int, curandStateXORWOW*)",16,1024,63,0,88670208,8192
3294,48896121823,48933899553,37777730,37.77773,"funcionTransicion(Celula*, int, curandStateXORWOW*)",16,1024,63,0,88670208,8192
3295,48934797436,48974628370,39830934,39.830934,"funcionTransicion(Celula*, int, curandStateXORWOW*)",16,1024,63,0,88670208,8192
3296,48975530062,49012158997,36628935,36.628935,"funcionTransicion(Celula*, int, curandStateXORWOW*)",16,1024,63,0,88670208,8192
3297,49013054864,49050908977,37854113,37.854113,"funcionTransicion(Celula*, int, curandStateXORWOW*)",16,1024,63,0,88670208,8192
3298,49051802988,49089044048,37241060,37.24106,"funcionTransicion(Celula*, int, curandStateXORWOW*)",16,1024,63,0,88670208,8192
3299,49089946187,49128502025,38555838,38.555838,"funcionTransicion(Celula*, int, curandStateXORWOW*)",16,1024,63,0,88670208,8192
3300,49129404420,49167112005,37707585,37.707585,"funcionTransicion(Celula*, int, curandStateXORWOW*)",16,1024,63,0,88670208,8192
3301,49168013633,49203067792,35054159,35.054159,"funcionTransicion(Celula*, int, curandStateXORWOW*)",16,1024,63,0,88670208,8192
3302,49203968779,49240692914,36724135,36.724135,"funcionTransicion(Celula*, int, curandStateXORWOW*)",16,1024,63,0,88670208,8192
3303,49241590573,49277521016,35930443,35.930443,"funcionTransicion(Celula*, int, curandStateXORWOW*)",16,1024,63,0,88670208,8192
3304,49278424467,49313867168,35442701,35.442701,"funcionTransicion(Celula*, int, curandStateXORWOW*)",16,1024,63,0,88670208,8192
3305,49314767931,49350828741,36060810,36.06081,"funcionTransicion(Celula*, int, curandStateXORWOW*)",16,1024,63,0,88670208,8192
3306,49351718976,49387662859,35943883,35.943883,"funcionTransicion(Celula*, int, curandStateXORWOW*)",16,1024,63,0,88670208,8192
3307,49388560710,49424913774,36353064,36.353064,"funcionTransicion(Celula*, int, curandStateXORWOW*)",16,1024,63,0,88670208,8192
3308,49425808234,49462615920,36807686,36.807686,"funcionTransicion(Celula*, int, curandStateXORWOW*)",16,1024,63,0,88670208,8192
3309,49463524267,49501964681,38440414,38.440414,"funcionTransicion(Celula*, int, curandStateXORWOW*)",16,1024,63,0,88670208,8192
3310,49502860836,49541978751,39117915,39.117915,"funcionTransicion(Celula*, int, curandStateXORWOW*)",16,1024,63,0,88670208,8192
3311,49542873434,49579997086,37123652,37.123652,"funcionTransicion(Celula*, int, curandStateXORWOW*)",16,1024,63,0,88670208,8192
3312,49580895418,49619562678,38667260,38.66726,"funcionTransicion(Celula*, int, curandStateXORWOW*)",16,1024,63,0,88670208,8192
3313,49620532690,49657795285,37262595,37.262595,"funcionTransicion(Celula*, int, curandStateXORWOW*)",16,1024,63,0,88670208,8192
3314,49658696561,49697979594,39283033,39.283033,"funcionTransicion(Celula*, int, curandStateXORWOW*)",16,1024,63,0,88670208,8192
3315,49698876613,49735428525,36551912,36.551912,"funcionTransicion(Celula*, int, curandStateXORWOW*)",16,1024,63,0,88670208,8192
3316,49736328616,49773207278,36878662,36.878662,"funcionTransicion(Celula*, int, curandStateXORWOW*)",16,1024,63,0,88670208,8192
3317,49774100202,49813591778,39491576,39.491576,"funcionTransicion(Celula*, int, curandStateXORWOW*)",16,1024,63,0,88670208,8192
3318,49814499549,49851432386,36932837,36.932837,"funcionTransicion(Celula*, int, curandStateXORWOW*)",16,1024,63,0,88670208,8192
3319,49852329214,49888730854,36401640,36.40164,"funcionTransicion(Celula*, int, curandStateXORWOW*)",16,1024,63,0,88670208,8192
3320,49889629249,49929094874,39465625,39.465625,"funcionTransicion(Celula*, int, curandStateXORWOW*)",16,1024,63,0,88670208,8192
3321,49929985525,49967530872,37545347,37.545347,"funcionTransicion(Celula*, int, curandStateXORWOW*)",16,1024,63,0,88670208,8192
3322,49968431795,50006025397,37593602,37.593602,"funcionTransicion(Celula*, int, curandStateXORWOW*)",16,1024,63,0,88670208,8192
3323,50006919952,50047399588,40479636,40.479636,"funcionTransicion(Celula*, int, curandStateXORWOW*)",16,1024,63,0,88670208,8192
3324,50048298879,50089027057,40728178,40.728178,"funcionTransicion(Celula*, int, curandStateXORWOW*)",16,1024,63,0,88670208,8192
3325,50089925645,50129035175,39109530,39.10953,"funcionTransicion(Celula*, int, curandStateXORWOW*)",16,1024,63,0,88670208,8192
3326,50129936515,50167554372,37617857,37.617857,"funcionTransicion(Celula*, int, curandStateXORWOW*)",16,1024,63,0,88670208,8192
3327,50168452960,50205241094,36788134,36.788134,"funcionTransicion(Celula*, int, curandStateXORWOW*)",16,1024,63,0,88670208,8192
3328,50206138369,50242620905,36482536,36.482536,"funcionTransicion(Celula*, int, curandStateXORWOW*)",16,1024,63,0,88670208,8192
3329,50243519748,50280135179,36615431,36.615431,"funcionTransicion(Celula*, int, curandStateXORWOW*)",16,1024,63,0,88670208,8192
3330,50281023847,50319616964,38593117,38.593117,"funcionTransicion(Celula*, int, curandStateXORWOW*)",16,1024,63,0,88670208,8192
3331,50320510207,50359685369,39175162,39.175162,"funcionTransicion(Celula*, int, curandStateXORWOW*)",16,1024,63,0,88670208,8192
3332,50360585781,50397067292,36481511,36.481511,"funcionTransicion(Celula*, int, curandStateXORWOW*)",16,1024,63,0,88670208,8192
3333,50397966232,50435540698,37574466,37.574466,"funcionTransicion(Celula*, int, curandStateXORWOW*)",16,1024,63,0,88670208,8192
3334,50436435509,50475185745,38750236,38.750236,"funcionTransicion(Celula*, int, curandStateXORWOW*)",16,1024,63,0,88670208,8192
3335,50476075661,50515133927,39058266,39.058266,"funcionTransicion(Celula*, int, curandStateXORWOW*)",16,1024,63,0,88670208,8192
3336,50516034467,50553915907,37881440,37.88144,"funcionTransicion(Celula*, int, curandStateXORWOW*)",16,1024,63,0,88670208,8192
3337,50554864639,50592243842,37379203,37.379203,"funcionTransicion(Celula*, int, curandStateXORWOW*)",16,1024,63,0,88670208,8192
3338,50593146429,50630957406,37810977,37.810977,"funcionTransicion(Celula*, int, curandStateXORWOW*)",16,1024,63,0,88670208,8192
3339,50631853049,50669963353,38110304,38.110304,"funcionTransicion(Celula*, int, curandStateXORWOW*)",16,1024,63,0,88670208,8192
3340,50670860564,50709842575,38982011,38.982011,"funcionTransicion(Celula*, int, curandStateXORWOW*)",16,1024,63,0,88670208,8192
3341,50710743179,50747235282,36492103,36.492103,"funcionTransicion(Celula*, int, curandStateXORWOW*)",16,1024,63,0,88670208,8192
3342,50748138574,50783861145,35722571,35.722571,"funcionTransicion(Celula*, int, curandStateXORWOW*)",16,1024,63,0,88670208,8192
3343,50784750389,50824062958,39312569,39.312569,"funcionTransicion(Celula*, int, curandStateXORWOW*)",16,1024,63,0,88670208,8192
3344,50824963818,50867786257,42822439,42.822439,"funcionTransicion(Celula*, int, curandStateXORWOW*)",16,1024,63,0,88670208,8192
3345,50868682092,50907459336,38777244,38.777244,"funcionTransicion(Celula*, int, curandStateXORWOW*)",16,1024,63,0,88670208,8192
3346,50908349252,50947544862,39195610,39.19561,"funcionTransicion(Celula*, int, curandStateXORWOW*)",16,1024,63,0,88670208,8192
3347,50948443385,50988204592,39761207,39.761207,"funcionTransicion(Celula*, int, curandStateXORWOW*)",16,1024,63,0,88670208,8192
3348,50989102700,51027046956,37944256,37.944256,"funcionTransicion(Celula*, int, curandStateXORWOW*)",16,1024,63,0,88670208,8192
3349,51027940551,51068562426,40621875,40.621875,"funcionTransicion(Celula*, int, curandStateXORWOW*)",16,1024,63,0,88670208,8192
3350,51069461717,51108824079,39362362,39.362362,"funcionTransicion(Celula*, int, curandStateXORWOW*)",16,1024,63,0,88670208,8192
3351,51109727210,51146991694,37264484,37.264484,"funcionTransicion(Celula*, int, curandStateXORWOW*)",16,1024,63,0,88670208,8192
3352,51147889737,51186056392,38166655,38.166655,"funcionTransicion(Celula*, int, curandStateXORWOW*)",16,1024,63,0,88670208,8192
3353,51186955491,51226501660,39546169,39.546169,"funcionTransicion(Celula*, int, curandStateXORWOW*)",16,1024,63,0,88670208,8192
3354,51227398903,51266737936,39339033,39.339033,"funcionTransicion(Celula*, int, curandStateXORWOW*)",16,1024,63,0,88670208,8192
3355,51267632652,51305759115,38126463,38.126463,"funcionTransicion(Celula*, int, curandStateXORWOW*)",16,1024,63,0,88670208,8192
3356,51306654695,51344924805,38270110,38.27011,"funcionTransicion(Celula*, int, curandStateXORWOW*)",16,1024,63,0,88670208,8192
3357,51345823009,51385877878,40054869,40.054869,"funcionTransicion(Celula*, int, curandStateXORWOW*)",16,1024,63,0,88670208,8192
3358,51386781106,51424912785,38131679,38.131679,"funcionTransicion(Celula*, int, curandStateXORWOW*)",16,1024,63,0,88670208,8192
3359,51425820588,51465250341,39429753,39.429753,"funcionTransicion(Celula*, int, curandStateXORWOW*)",16,1024,63,0,88670208,8192
3360,51466143584,51506526036,40382452,40.382452,"funcionTransicion(Celula*, int, curandStateXORWOW*)",16,1024,63,0,88670208,8192
3361,51634026384,51673642887,39616503,39.616503,"funcionTransicion(Celula*, int, curandStateXORWOW*)",16,1024,63,0,88670208,8192
3362,51674540323,51713111552,38571229,38.571229,"funcionTransicion(Celula*, int, curandStateXORWOW*)",16,1024,63,0,88670208,8192
3363,51714004283,51752189402,38185119,38.185119,"funcionTransicion(Celula*, int, curandStateXORWOW*)",16,1024,63,0,88670208,8192
3364,51753084342,51791423540,38339198,38.339198,"funcionTransicion(Celula*, int, curandStateXORWOW*)",16,1024,63,0,88670208,8192
3365,51792317583,51830530894,38213311,38.213311,"funcionTransicion(Celula*, int, curandStateXORWOW*)",16,1024,63,0,88670208,8192
3366,51831429066,51869918151,38489085,38.489085,"funcionTransicion(Celula*, int, curandStateXORWOW*)",16,1024,63,0,88670208,8192
3367,51870819843,51909095937,38276094,38.276094,"funcionTransicion(Celula*, int, curandStateXORWOW*)",16,1024,63,0,88670208,8192
3368,51909996796,51947752062,37755266,37.755266,"funcionTransicion(Celula*, int, curandStateXORWOW*)",16,1024,63,0,88670208,8192
3369,51948655929,51986131036,37475107,37.475107,"funcionTransicion(Celula*, int, curandStateXORWOW*)",16,1024,63,0,88670208,8192
3370,51987019927,52031386551,44366624,44.366624,"funcionTransicion(Celula*, int, curandStateXORWOW*)",16,1024,63,0,88670208,8192
3371,52032284434,52070453426,38168992,38.168992,"funcionTransicion(Celula*, int, curandStateXORWOW*)",16,1024,63,0,88670208,8192
3372,52071349613,52111013413,39663800,39.6638,"funcionTransicion(Celula*, int, curandStateXORWOW*)",16,1024,63,0,88670208,8192
3373,52111906400,52149623361,37716961,37.716961,"funcionTransicion(Celula*, int, curandStateXORWOW*)",16,1024,63,0,88670208,8192
3374,52150523325,52191539118,41015793,41.015793,"funcionTransicion(Celula*, int, curandStateXORWOW*)",16,1024,63,0,88670208,8192
3375,52192438729,52231310596,38871867,38.871867,"funcionTransicion(Celula*, int, curandStateXORWOW*)",16,1024,63,0,88670208,8192
3376,52232210208,52272050870,39840662,39.840662,"funcionTransicion(Celula*, int, curandStateXORWOW*)",16,1024,63,0,88670208,8192
3377,52272941554,52314123618,41182064,41.182064,"funcionTransicion(Celula*, int, curandStateXORWOW*)",16,1024,63,0,88670208,8192
3378,52315023261,52354493622,39470361,39.470361,"funcionTransicion(Celula*, int, curandStateXORWOW*)",16,1024,63,0,88670208,8192
3379,52355394609,52396154755,40760146,40.760146,"funcionTransicion(Celula*, int, curandStateXORWOW*)",16,1024,63,0,88670208,8192
3380,52397059551,52436561751,39502200,39.5022,"funcionTransicion(Celula*, int, curandStateXORWOW*)",16,1024,63,0,88670208,8192
3381,52437459058,52480961558,43502500,43.5025,"funcionTransicion(Celula*, int, curandStateXORWOW*)",16,1024,63,0,88670208,8192
3382,52481861874,52523226913,41365039,41.365039,"funcionTransicion(Celula*, int, curandStateXORWOW*)",16,1024,63,0,88670208,8192
3383,52524124572,52568051806,43927234,43.927234,"funcionTransicion(Celula*, int, curandStateXORWOW*)",16,1024,63,0,88670208,8192
3384,52568952761,52612148895,43196134,43.196134,"funcionTransicion(Celula*, int, curandStateXORWOW*)",16,1024,63,0,88670208,8192
3385,52613110842,52654492585,41381743,41.381743,"funcionTransicion(Celula*, int, curandStateXORWOW*)",16,1024,63,0,88670208,8192
3386,52655390085,52697154898,41764813,41.764813,"funcionTransicion(Celula*, int, curandStateXORWOW*)",16,1024,63,0,88670208,8192
3387,52698053133,52736222988,38169855,38.169855,"funcionTransicion(Celula*, int, curandStateXORWOW*)",16,1024,63,0,88670208,8192
3388,52737124455,52776096995,38972540,38.97254,"funcionTransicion(Celula*, int, curandStateXORWOW*)",16,1024,63,0,88670208,8192
3389,52776993502,52818380589,41387087,41.387087,"funcionTransicion(Celula*, int, curandStateXORWOW*)",16,1024,63,0,88670208,8192
3390,52819282472,52860076026,40793554,40.793554,"funcionTransicion(Celula*, int, curandStateXORWOW*)",16,1024,63,0,88670208,8192
3391,52860973781,52902995873,42022092,42.022092,"funcionTransicion(Celula*, int, curandStateXORWOW*)",16,1024,63,0,88670208,8192
3392,52903897373,52945973160,42075787,42.075787,"funcionTransicion(Celula*, int, curandStateXORWOW*)",16,1024,63,0,88670208,8192
3393,52946874787,52986229181,39354394,39.354394,"funcionTransicion(Celula*, int, curandStateXORWOW*)",16,1024,63,0,88670208,8192
3394,52987129432,53027427084,40297652,40.297652,"funcionTransicion(Celula*, int, curandStateXORWOW*)",16,1024,63,0,88670208,8192
3395,53028339271,53069145177,40805906,40.805906,"funcionTransicion(Celula*, int, curandStateXORWOW*)",16,1024,63,0,88670208,8192
3396,53070048949,53109963435,39914486,39.914486,"funcionTransicion(Celula*, int, curandStateXORWOW*)",16,1024,63,0,88670208,8192
3397,53110867750,53151932951,41065201,41.065201,"funcionTransicion(Celula*, int, curandStateXORWOW*)",16,1024,63,0,88670208,8192
3398,53152842738,53191864461,39021723,39.021723,"funcionTransicion(Celula*, int, curandStateXORWOW*)",16,1024,63,0,88670208,8192
3399,53192769032,53232276033,39507001,39.507001,"funcionTransicion(Celula*, int, curandStateXORWOW*)",16,1024,63,0,88670208,8192
3400,53233183900,53272821907,39638007,39.638007,"funcionTransicion(Celula*, int, curandStateXORWOW*)",16,1024,63,0,88670208,8192
3401,53273722159,53315731739,42009580,42.00958,"funcionTransicion(Celula*, int, curandStateXORWOW*)",16,1024,63,0,88670208,8192
3402,53316641366,53356565196,39923830,39.92383,"funcionTransicion(Celula*, int, curandStateXORWOW*)",16,1024,63,0,88670208,8192
3403,53357471496,53397623325,40151829,40.151829,"funcionTransicion(Celula*, int, curandStateXORWOW*)",16,1024,63,0,88670208,8192
3404,53398530360,53438069424,39539064,39.539064,"funcionTransicion(Celula*, int, curandStateXORWOW*)",16,1024,63,0,88670208,8192
3405,53438964812,53479840733,40875921,40.875921,"funcionTransicion(Celula*, int, curandStateXORWOW*)",16,1024,63,0,88670208,8192
3406,53480748472,53519554996,38806524,38.806524,"funcionTransicion(Celula*, int, curandStateXORWOW*)",16,1024,63,0,88670208,8192
3407,53520462160,53557739188,37277028,37.277028,"funcionTransicion(Celula*, int, curandStateXORWOW*)",16,1024,63,0,88670208,8192
3408,53558649487,53598340710,39691223,39.691223,"funcionTransicion(Celula*, int, curandStateXORWOW*)",16,1024,63,0,88670208,8192
3409,53599344129,53640086259,40742130,40.74213,"funcionTransicion(Celula*, int, curandStateXORWOW*)",16,1024,63,0,88670208,8192
3410,53640992334,53679641099,38648765,38.648765,"funcionTransicion(Celula*, int, curandStateXORWOW*)",16,1024,63,0,88670208,8192
3411,53680542343,53719399010,38856667,38.856667,"funcionTransicion(Celula*, int, curandStateXORWOW*)",16,1024,63,0,88670208,8192
3412,53720312446,53759882134,39569688,39.569688,"funcionTransicion(Celula*, int, curandStateXORWOW*)",16,1024,63,0,88670208,8192
3413,53760785041,53800661575,39876534,39.876534,"funcionTransicion(Celula*, int, curandStateXORWOW*)",16,1024,63,0,88670208,8192
3414,53801565443,53843281200,41715757,41.715757,"funcionTransicion(Celula*, int, curandStateXORWOW*)",16,1024,63,0,88670208,8192
3415,53844187948,53883505957,39318009,39.318009,"funcionTransicion(Celula*, int, curandStateXORWOW*)",16,1024,63,0,88670208,8192
3416,53884416352,53925633616,41217264,41.217264,"funcionTransicion(Celula*, int, curandStateXORWOW*)",16,1024,63,0,88670208,8192
3417,53926543883,53968573879,42029996,42.029996,"funcionTransicion(Celula*, int, curandStateXORWOW*)",16,1024,63,0,88670208,8192
3418,53969477010,54012590296,43113286,43.113286,"funcionTransicion(Celula*, int, curandStateXORWOW*)",16,1024,63,0,88670208,8192
3419,54013496500,54051982257,38485757,38.485757,"funcionTransicion(Celula*, int, curandStateXORWOW*)",16,1024,63,0,88670208,8192
3420,54052890253,54092050119,39159866,39.159866,"funcionTransicion(Celula*, int, curandStateXORWOW*)",16,1024,63,0,88670208,8192
3421,54092954978,54133672340,40717362,40.717362,"funcionTransicion(Celula*, int, curandStateXORWOW*)",16,1024,63,0,88670208,8192
3422,54134577360,54174635045,40057685,40.057685,"funcionTransicion(Celula*, int, curandStateXORWOW*)",16,1024,63,0,88670208,8192
3423,54175533568,54213904671,38371103,38.371103,"funcionTransicion(Celula*, int, curandStateXORWOW*)",16,1024,63,0,88670208,8192
3424,54214803418,54252827354,38023936,38.023936,"funcionTransicion(Celula*, int, curandStateXORWOW*)",16,1024,63,0,88670208,8192
3425,54253728437,54292839887,39111450,39.11145,"funcionTransicion(Celula*, int, curandStateXORWOW*)",16,1024,63,0,88670208,8192
3426,54293751467,54332800230,39048763,39.048763,"funcionTransicion(Celula*, int, curandStateXORWOW*)",16,1024,63,0,88670208,8192
3427,54333695617,54375855148,42159531,42.159531,"funcionTransicion(Celula*, int, curandStateXORWOW*)",16,1024,63,0,88670208,8192
3428,54376764071,54416328831,39564760,39.56476,"funcionTransicion(Celula*, int, curandStateXORWOW*)",16,1024,63,0,88670208,8192
3429,54417243643,54459230599,41986956,41.986956,"funcionTransicion(Celula*, int, curandStateXORWOW*)",16,1024,63,0,88670208,8192
3430,54460140834,54500119960,39979126,39.979126,"funcionTransicion(Celula*, int, curandStateXORWOW*)",16,1024,63,0,88670208,8192
3431,54501030835,54541575110,40544275,40.544275,"funcionTransicion(Celula*, int, curandStateXORWOW*)",16,1024,63,0,88670208,8192
3432,54542476546,54581000703,38524157,38.524157,"funcionTransicion(Celula*, int, curandStateXORWOW*)",16,1024,63,0,88670208,8192
3433,54581960122,54620381400,38421278,38.421278,"funcionTransicion(Celula*, int, curandStateXORWOW*)",16,1024,63,0,88670208,8192
3434,54621293075,54659630097,38337022,38.337022,"funcionTransicion(Celula*, int, curandStateXORWOW*)",16,1024,63,0,88670208,8192
3435,54660530349,54700906049,40375700,40.3757,"funcionTransicion(Celula*, int, curandStateXORWOW*)",16,1024,63,0,88670208,8192
3436,54701820348,54741288277,39467929,39.467929,"funcionTransicion(Celula*, int, curandStateXORWOW*)",16,1024,63,0,88670208,8192
3437,54742203184,54782273381,40070197,40.070197,"funcionTransicion(Celula*, int, curandStateXORWOW*)",16,1024,63,0,88670208,8192
3438,54783179553,54822071165,38891612,38.891612,"funcionTransicion(Celula*, int, curandStateXORWOW*)",16,1024,63,0,88670208,8192
3439,54822978712,54864091752,41113040,41.11304,"funcionTransicion(Celula*, int, curandStateXORWOW*)",16,1024,63,0,88670208,8192
3440,54864999811,54906411602,41411791,41.411791,"funcionTransicion(Celula*, int, curandStateXORWOW*)",16,1024,63,0,88670208,8192
3441,54907310606,54946787494,39476888,39.476888,"funcionTransicion(Celula*, int, curandStateXORWOW*)",16,1024,63,0,88670208,8192
3442,54947692193,54986130271,38438078,38.438078,"funcionTransicion(Celula*, int, curandStateXORWOW*)",16,1024,63,0,88670208,8192
3443,54987032122,55028478377,41446255,41.446255,"funcionTransicion(Celula*, int, curandStateXORWOW*)",16,1024,63,0,88670208,8192
3444,55029388709,55066465481,37076772,37.076772,"funcionTransicion(Celula*, int, curandStateXORWOW*)",16,1024,63,0,88670208,8192
3445,55067377956,55106962300,39584344,39.584344,"funcionTransicion(Celula*, int, curandStateXORWOW*)",16,1024,63,0,88670208,8192
3446,55107868952,55146650132,38781180,38.78118,"funcionTransicion(Celula*, int, curandStateXORWOW*)",16,1024,63,0,88670208,8192
3447,55147557167,55185621839,38064672,38.064672,"funcionTransicion(Celula*, int, curandStateXORWOW*)",16,1024,63,0,88670208,8192
3448,55186536234,55226097122,39560888,39.560888,"funcionTransicion(Celula*, int, curandStateXORWOW*)",16,1024,63,0,88670208,8192
3449,55227002334,55263871971,36869637,36.869637,"funcionTransicion(Celula*, int, curandStateXORWOW*)",16,1024,63,0,88670208,8192
3450,55264778654,55304590613,39811959,39.811959,"funcionTransicion(Celula*, int, curandStateXORWOW*)",16,1024,63,0,88670208,8192
3451,55305496465,55345651046,40154581,40.154581,"funcionTransicion(Celula*, int, curandStateXORWOW*)",16,1024,63,0,88670208,8192
3452,55346561185,55388745452,42184267,42.184267,"funcionTransicion(Celula*, int, curandStateXORWOW*)",16,1024,63,0,88670208,8192
3453,55389648423,55429061856,39413433,39.413433,"funcionTransicion(Celula*, int, curandStateXORWOW*)",16,1024,63,0,88670208,8192
3454,55429976380,55467711133,37734753,37.734753,"funcionTransicion(Celula*, int, curandStateXORWOW*)",16,1024,63,0,88670208,8192
3455,55468625976,55506802999,38177023,38.177023,"funcionTransicion(Celula*, int, curandStateXORWOW*)",16,1024,63,0,88670208,8192
3456,55507712627,55550023997,42311370,42.31137,"funcionTransicion(Celula*, int, curandStateXORWOW*)",16,1024,63,0,88670208,8192
3457,55550972536,55592479174,41506638,41.506638,"funcionTransicion(Celula*, int, curandStateXORWOW*)",16,1024,63,0,88670208,8192
3458,55593386594,55631232738,37846144,37.846144,"funcionTransicion(Celula*, int, curandStateXORWOW*)",16,1024,63,0,88670208,8192
3459,55632141758,55671051289,38909531,38.909531,"funcionTransicion(Celula*, int, curandStateXORWOW*)",16,1024,63,0,88670208,8192
3460,55671966388,55711843819,39877431,39.877431,"funcionTransicion(Celula*, int, curandStateXORWOW*)",16,1024,63,0,88670208,8192
3461,55712746150,55751048069,38301919,38.301919,"funcionTransicion(Celula*, int, curandStateXORWOW*)",16,1024,63,0,88670208,8192
3462,55751955808,55794035019,42079211,42.079211,"funcionTransicion(Celula*, int, curandStateXORWOW*)",16,1024,63,0,88670208,8192
3463,55794940391,55834963804,40023413,40.023413,"funcionTransicion(Celula*, int, curandStateXORWOW*)",16,1024,63,0,88670208,8192
3464,55835873144,55874311509,38438365,38.438365,"funcionTransicion(Celula*, int, curandStateXORWOW*)",16,1024,63,0,88670208,8192
3465,55875217425,55913227345,38009920,38.00992,"funcionTransicion(Celula*, int, curandStateXORWOW*)",16,1024,63,0,88670208,8192
3466,55914143980,55952245963,38101983,38.101983,"funcionTransicion(Celula*, int, curandStateXORWOW*)",16,1024,63,0,88670208,8192
3467,55953141351,55990315403,37174052,37.174052,"funcionTransicion(Celula*, int, curandStateXORWOW*)",16,1024,63,0,88670208,8192
3468,55991227174,56031767609,40540435,40.540435,"funcionTransicion(Celula*, int, curandStateXORWOW*)",16,1024,63,0,88670208,8192
3469,56032680149,56073619206,40939057,40.939057,"funcionTransicion(Celula*, int, curandStateXORWOW*)",16,1024,63,0,88670208,8192
3470,56074530241,56114152089,39621848,39.621848,"funcionTransicion(Celula*, int, curandStateXORWOW*)",16,1024,63,0,88670208,8192
3471,56115058452,56156627938,41569486,41.569486,"funcionTransicion(Celula*, int, curandStateXORWOW*)",16,1024,63,0,88670208,8192
3472,56157539006,56197230037,39691031,39.691031,"funcionTransicion(Celula*, int, curandStateXORWOW*)",16,1024,63,0,88670208,8192
3473,56198141040,56237092395,38951355,38.951355,"funcionTransicion(Celula*, int, curandStateXORWOW*)",16,1024,63,0,88670208,8192
3474,56238007751,56277061377,39053626,39.053626,"funcionTransicion(Celula*, int, curandStateXORWOW*)",16,1024,63,0,88670208,8192
3475,56277974621,56318699759,40725138,40.725138,"funcionTransicion(Celula*, int, curandStateXORWOW*)",16,1024,63,0,88670208,8192
3476,56319619178,56358485702,38866524,38.866524,"funcionTransicion(Celula*, int, curandStateXORWOW*)",16,1024,63,0,88670208,8192
3477,56359386785,56398693211,39306426,39.306426,"funcionTransicion(Celula*, int, curandStateXORWOW*)",16,1024,63,0,88670208,8192
3478,56399603286,56438264691,38661405,38.661405,"funcionTransicion(Celula*, int, curandStateXORWOW*)",16,1024,63,0,88670208,8192
3479,56439171086,56478052649,38881563,38.881563,"funcionTransicion(Celula*, int, curandStateXORWOW*)",16,1024,63,0,88670208,8192
3480,56478959141,56518222270,39263129,39.263129,"funcionTransicion(Celula*, int, curandStateXORWOW*)",16,1024,63,0,88670208,8192
3481,56649107273,56690136826,41029553,41.029553,"funcionTransicion(Celula*, int, curandStateXORWOW*)",16,1024,63,0,88670208,8192
3482,56691046869,56731839975,40793106,40.793106,"funcionTransicion(Celula*, int, curandStateXORWOW*)",16,1024,63,0,88670208,8192
3483,56732759042,56774564975,41805933,41.805933,"funcionTransicion(Celula*, int, curandStateXORWOW*)",16,1024,63,0,88670208,8192
3484,56775474698,56814075143,38600445,38.600445,"funcionTransicion(Celula*, int, curandStateXORWOW*)",16,1024,63,0,88670208,8192
3485,56814986050,56856326321,41340271,41.340271,"funcionTransicion(Celula*, int, curandStateXORWOW*)",16,1024,63,0,88670208,8192
3486,56857237197,56895483691,38246494,38.246494,"funcionTransicion(Celula*, int, curandStateXORWOW*)",16,1024,63,0,88670208,8192
3487,56896397191,56936057118,39659927,39.659927,"funcionTransicion(Celula*, int, curandStateXORWOW*)",16,1024,63,0,88670208,8192
3488,56936961050,56976571537,39610487,39.610487,"funcionTransicion(Celula*, int, curandStateXORWOW*)",16,1024,63,0,88670208,8192
3489,56977485133,57018260543,40775410,40.77541,"funcionTransicion(Celula*, int, curandStateXORWOW*)",16,1024,63,0,88670208,8192
3490,57019168570,57057261946,38093376,38.093376,"funcionTransicion(Celula*, int, curandStateXORWOW*)",16,1024,63,0,88670208,8192
3491,57058176085,57100304288,42128203,42.128203,"funcionTransicion(Celula*, int, curandStateXORWOW*)",16,1024,63,0,88670208,8192
3492,57101217819,57143598949,42381130,42.38113,"funcionTransicion(Celula*, int, curandStateXORWOW*)",16,1024,63,0,88670208,8192
3493,57144511297,57185589809,41078512,41.078512,"funcionTransicion(Celula*, int, curandStateXORWOW*)",16,1024,63,0,88670208,8192
3494,57186506284,57227774652,41268368,41.268368,"funcionTransicion(Celula*, int, curandStateXORWOW*)",16,1024,63,0,88670208,8192
3495,57228685847,57268975787,40289940,40.28994,"funcionTransicion(Celula*, int, curandStateXORWOW*)",16,1024,63,0,88670208,8192
3496,57269886343,57310008764,40122421,40.122421,"funcionTransicion(Celula*, int, curandStateXORWOW*)",16,1024,63,0,88670208,8192
3497,57310924344,57352503077,41578733,41.578733,"funcionTransicion(Celula*, int, curandStateXORWOW*)",16,1024,63,0,88670208,8192
3498,57353410561,57394126355,40715794,40.715794,"funcionTransicion(Celula*, int, curandStateXORWOW*)",16,1024,63,0,88670208,8192
3499,57395044046,57435725696,40681650,40.68165,"funcionTransicion(Celula*, int, curandStateXORWOW*)",16,1024,63,0,88670208,8192
3500,57436640060,57477179055,40538995,40.538995,"funcionTransicion(Celula*, int, curandStateXORWOW*)",16,1024,63,0,88670208,8192
3501,57478082698,57517199269,39116571,39.116571,"funcionTransicion(Celula*, int, curandStateXORWOW*)",16,1024,63,0,88670208,8192
3502,57518113984,57559272400,41158416,41.158416,"funcionTransicion(Celula*, int, curandStateXORWOW*)",16,1024,63,0,88670208,8192
3503,57560180811,57600857630,40676819,40.676819,"funcionTransicion(Celula*, int, curandStateXORWOW*)",16,1024,63,0,88670208,8192
3504,57601770073,57640476278,38706205,38.706205,"funcionTransicion(Celula*, int, curandStateXORWOW*)",16,1024,63,0,88670208,8192
3505,57641432081,57682610465,41178384,41.178384,"funcionTransicion(Celula*, int, curandStateXORWOW*)",16,1024,63,0,88670208,8192
3506,57683523644,57726044421,42520777,42.520777,"funcionTransicion(Celula*, int, curandStateXORWOW*)",16,1024,63,0,88670208,8192
3507,57726958176,57766835895,39877719,39.877719,"funcionTransicion(Celula*, int, curandStateXORWOW*)",16,1024,63,0,88670208,8192
3508,57767752018,57805015158,37263140,37.26314,"funcionTransicion(Celula*, int, curandStateXORWOW*)",16,1024,63,0,88670208,8192
3509,57805919474,57845200299,39280825,39.280825,"funcionTransicion(Celula*, int, curandStateXORWOW*)",16,1024,63,0,88670208,8192
3510,57846107846,57886121756,40013910,40.01391,"funcionTransicion(Celula*, int, curandStateXORWOW*)",16,1024,63,0,88670208,8192
3511,57887041783,57926044018,39002235,39.002235,"funcionTransicion(Celula*, int, curandStateXORWOW*)",16,1024,63,0,88670208,8192
3512,57926956877,57967181698,40224821,40.224821,"funcionTransicion(Celula*, int, curandStateXORWOW*)",16,1024,63,0,88670208,8192
3513,57968092445,58011313155,43220710,43.22071,"funcionTransicion(Celula*, int, curandStateXORWOW*)",16,1024,63,0,88670208,8192
3514,58012220607,58051195449,38974842,38.974842,"funcionTransicion(Celula*, int, curandStateXORWOW*)",16,1024,63,0,88670208,8192
3515,58052108853,58091980747,39871894,39.871894,"funcionTransicion(Celula*, int, curandStateXORWOW*)",16,1024,63,0,88670208,8192
3516,58092891270,58133577881,40686611,40.686611,"funcionTransicion(Celula*, int, curandStateXORWOW*)",16,1024,63,0,88670208,8192
3517,58134488628,58177110941,42622313,42.622313,"funcionTransicion(Celula*, int, curandStateXORWOW*)",16,1024,63,0,88670208,8192
3518,58178018968,58218699211,40680243,40.680243,"funcionTransicion(Celula*, int, curandStateXORWOW*)",16,1024,63,0,88670208,8192
3519,58219615142,58258970015,39354873,39.354873,"funcionTransicion(Celula*, int, curandStateXORWOW*)",16,1024,63,0,88670208,8192
3520,58259881978,58299861584,39979606,39.979606,"funcionTransicion(Celula*, int, curandStateXORWOW*)",16,1024,63,0,88670208,8192
3521,58300769580,58340873889,40104309,40.104309,"funcionTransicion(Celula*, int, curandStateXORWOW*)",16,1024,63,0,88670208,8192
3522,58341783836,58381566963,39783127,39.783127,"funcionTransicion(Celula*, int, curandStateXORWOW*)",16,1024,63,0,88670208,8192
3523,58382474191,58424581434,42107243,42.107243,"funcionTransicion(Celula*, int, curandStateXORWOW*)",16,1024,63,0,88670208,8192
3524,58425490870,58464666159,39175289,39.175289,"funcionTransicion(Celula*, int, curandStateXORWOW*)",16,1024,63,0,88670208,8192
3525,58465578219,58507453431,41875212,41.875212,"funcionTransicion(Celula*, int, curandStateXORWOW*)",16,1024,63,0,88670208,8192
3526,58508361970,58550348926,41986956,41.986956,"funcionTransicion(Celula*, int, curandStateXORWOW*)",16,1024,63,0,88670208,8192
3527,58551263130,58590719218,39456088,39.456088,"funcionTransicion(Celula*, int, curandStateXORWOW*)",16,1024,63,0,88670208,8192
3528,58591640013,58636132109,44492096,44.492096,"funcionTransicion(Celula*, int, curandStateXORWOW*)",16,1024,63,0,88670208,8192
3529,58637075080,58676105891,39030811,39.030811,"funcionTransicion(Celula*, int, curandStateXORWOW*)",16,1024,63,0,88670208,8192
3530,58677020958,58716318967,39298009,39.298009,"funcionTransicion(Celula*, int, curandStateXORWOW*)",16,1024,63,0,88670208,8192
3531,58717233011,58756818570,39585559,39.585559,"funcionTransicion(Celula*, int, curandStateXORWOW*)",16,1024,63,0,88670208,8192
3532,58757727558,58799696402,41968844,41.968844,"funcionTransicion(Celula*, int, curandStateXORWOW*)",16,1024,63,0,88670208,8192
3533,58800616813,58838887756,38270943,38.270943,"funcionTransicion(Celula*, int, curandStateXORWOW*)",16,1024,63,0,88670208,8192
3534,58839803527,58882527279,42723752,42.723752,"funcionTransicion(Celula*, int, curandStateXORWOW*)",16,1024,63,0,88670208,8192
3535,58883443883,58923644031,40200148,40.200148,"funcionTransicion(Celula*, int, curandStateXORWOW*)",16,1024,63,0,88670208,8192
3536,58924555195,58965941546,41386351,41.386351,"funcionTransicion(Celula*, int, curandStateXORWOW*)",16,1024,63,0,88670208,8192
3537,58966865061,59007452760,40587699,40.587699,"funcionTransicion(Celula*, int, curandStateXORWOW*)",16,1024,63,0,88670208,8192
3538,59008367699,59048692199,40324500,40.3245,"funcionTransicion(Celula*, int, curandStateXORWOW*)",16,1024,63,0,88670208,8192
3539,59049610562,59092322635,42712073,42.712073,"funcionTransicion(Celula*, int, curandStateXORWOW*)",16,1024,63,0,88670208,8192
3540,59093240358,59135107026,41866668,41.866668,"funcionTransicion(Celula*, int, curandStateXORWOW*)",16,1024,63,0,88670208,8192
3541,59136015022,59177423549,41408527,41.408527,"funcionTransicion(Celula*, int, curandStateXORWOW*)",16,1024,63,0,88670208,8192
3542,59178343192,59220954784,42611592,42.611592,"funcionTransicion(Celula*, int, curandStateXORWOW*)",16,1024,63,0,88670208,8192
3543,59221870684,59262141648,40270964,40.270964,"funcionTransicion(Celula*, int, curandStateXORWOW*)",16,1024,63,0,88670208,8192
3544,59263062124,59303142913,40080789,40.080789,"funcionTransicion(Celula*, int, curandStateXORWOW*)",16,1024,63,0,88670208,8192
3545,59304054332,59344727631,40673299,40.673299,"funcionTransicion(Celula*, int, curandStateXORWOW*)",16,1024,63,0,88670208,8192
3546,59345642730,59387495478,41852748,41.852748,"funcionTransicion(Celula*, int, curandStateXORWOW*)",16,1024,63,0,88670208,8192
3547,59388407090,59430731708,42324618,42.324618,"funcionTransicion(Celula*, int, curandStateXORWOW*)",16,1024,63,0,88670208,8192
3548,59431638040,59474294496,42656456,42.656456,"funcionTransicion(Celula*, int, curandStateXORWOW*)",16,1024,63,0,88670208,8192
3549,59475196059,59514066263,38870204,38.870204,"funcionTransicion(Celula*, int, curandStateXORWOW*)",16,1024,63,0,88670208,8192
3550,59514986834,59555743524,40756690,40.75669,"funcionTransicion(Celula*, int, curandStateXORWOW*)",16,1024,63,0,88670208,8192
3551,59556655999,59599519207,42863208,42.863208,"funcionTransicion(Celula*, int, curandStateXORWOW*)",16,1024,63,0,88670208,8192
3552,59600430626,59641287604,40856978,40.856978,"funcionTransicion(Celula*, int, curandStateXORWOW*)",16,1024,63,0,88670208,8192
3553,59642252559,59683940060,41687501,41.687501,"funcionTransicion(Celula*, int, curandStateXORWOW*)",16,1024,63,0,88670208,8192
3554,59684859672,59728883897,44024225,44.024225,"funcionTransicion(Celula*, int, curandStateXORWOW*)",16,1024,63,0,88670208,8192
3555,59729801876,59770331559,40529683,40.529683,"funcionTransicion(Celula*, int, curandStateXORWOW*)",16,1024,63,0,88670208,8192
3556,59771245827,59811235769,39989942,39.989942,"funcionTransicion(Celula*, int, curandStateXORWOW*)",16,1024,63,0,88670208,8192
3557,59812148084,59853040389,40892305,40.892305,"funcionTransicion(Celula*, int, curandStateXORWOW*)",16,1024,63,0,88670208,8192
3558,59853964993,59895694318,41729325,41.729325,"funcionTransicion(Celula*, int, curandStateXORWOW*)",16,1024,63,0,88670208,8192
3559,59896606601,59939551504,42944903,42.944903,"funcionTransicion(Celula*, int, curandStateXORWOW*)",16,1024,63,0,88670208,8192
3560,59940466603,59980341698,39875095,39.875095,"funcionTransicion(Celula*, int, curandStateXORWOW*)",16,1024,63,0,88670208,8192
3561,59981255197,60022390317,41135120,41.13512,"funcionTransicion(Celula*, int, curandStateXORWOW*)",16,1024,63,0,88670208,8192
3562,60023305513,60064982838,41677325,41.677325,"funcionTransicion(Celula*, int, curandStateXORWOW*)",16,1024,63,0,88670208,8192
3563,60065899185,60108390170,42490985,42.490985,"funcionTransicion(Celula*, int, curandStateXORWOW*)",16,1024,63,0,88670208,8192
3564,60109319350,60150541413,41222063,41.222063,"funcionTransicion(Celula*, int, curandStateXORWOW*)",16,1024,63,0,88670208,8192
3565,60151458689,60192113811,40655122,40.655122,"funcionTransicion(Celula*, int, curandStateXORWOW*)",16,1024,63,0,88670208,8192
3566,60193032591,60236827025,43794434,43.794434,"funcionTransicion(Celula*, int, curandStateXORWOW*)",16,1024,63,0,88670208,8192
3567,60237750349,60279163643,41413294,41.413294,"funcionTransicion(Celula*, int, curandStateXORWOW*)",16,1024,63,0,88670208,8192
3568,60280070807,60320550058,40479251,40.479251,"funcionTransicion(Celula*, int, curandStateXORWOW*)",16,1024,63,0,88670208,8192
3569,60321472101,60362325047,40852946,40.852946,"funcionTransicion(Celula*, int, curandStateXORWOW*)",16,1024,63,0,88670208,8192
3570,60363239218,60405563260,42324042,42.324042,"funcionTransicion(Celula*, int, curandStateXORWOW*)",16,1024,63,0,88670208,8192
3571,60406474360,60448033990,41559630,41.55963,"funcionTransicion(Celula*, int, curandStateXORWOW*)",16,1024,63,0,88670208,8192
3572,60448948225,60491278347,42330122,42.330122,"funcionTransicion(Celula*, int, curandStateXORWOW*)",16,1024,63,0,88670208,8192
3573,60492194918,60535678411,43483493,43.483493,"funcionTransicion(Celula*, int, curandStateXORWOW*)",16,1024,63,0,88670208,8192
3574,60536594790,60577215161,40620371,40.620371,"funcionTransicion(Celula*, int, curandStateXORWOW*)",16,1024,63,0,88670208,8192
3575,60578124820,60620963868,42839048,42.839048,"funcionTransicion(Celula*, int, curandStateXORWOW*)",16,1024,63,0,88670208,8192
3576,60621884631,60666570389,44685758,44.685758,"funcionTransicion(Celula*, int, curandStateXORWOW*)",16,1024,63,0,88670208,8192
3577,60667539792,60712327022,44787230,44.78723,"funcionTransicion(Celula*, int, curandStateXORWOW*)",16,1024,63,0,88670208,8192
3578,60713239209,60757605737,44366528,44.366528,"funcionTransicion(Celula*, int, curandStateXORWOW*)",16,1024,63,0,88670208,8192
3579,60758517444,60800731887,42214443,42.214443,"funcionTransicion(Celula*, int, curandStateXORWOW*)",16,1024,63,0,88670208,8192
3580,60801651818,60841834175,40182357,40.182357,"funcionTransicion(Celula*, int, curandStateXORWOW*)",16,1024,63,0,88670208,8192
3581,60842756218,60888324660,45568442,45.568442,"funcionTransicion(Celula*, int, curandStateXORWOW*)",16,1024,63,0,88670208,8192
3582,60889250319,60935477574,46227255,46.227255,"funcionTransicion(Celula*, int, curandStateXORWOW*)",16,1024,63,0,88670208,8192
3583,60936395041,60978658924,42263883,42.263883,"funcionTransicion(Celula*, int, curandStateXORWOW*)",16,1024,63,0,88670208,8192
3584,60979586183,61022311343,42725160,42.72516,"funcionTransicion(Celula*, int, curandStateXORWOW*)",16,1024,63,0,88670208,8192
3585,61023230026,61064097628,40867602,40.867602,"funcionTransicion(Celula*, int, curandStateXORWOW*)",16,1024,63,0,88670208,8192
3586,61065025847,61105550090,40524243,40.524243,"funcionTransicion(Celula*, int, curandStateXORWOW*)",16,1024,63,0,88670208,8192
3587,61106472645,61149594636,43121991,43.121991,"funcionTransicion(Celula*, int, curandStateXORWOW*)",16,1024,63,0,88670208,8192
3588,61150508871,61191967893,41459022,41.459022,"funcionTransicion(Celula*, int, curandStateXORWOW*)",16,1024,63,0,88670208,8192
3589,61192885520,61234299679,41414159,41.414159,"funcionTransicion(Celula*, int, curandStateXORWOW*)",16,1024,63,0,88670208,8192
3590,61235216571,61279453211,44236640,44.23664,"funcionTransicion(Celula*, int, curandStateXORWOW*)",16,1024,63,0,88670208,8192
3591,61280370998,61323231773,42860775,42.860775,"funcionTransicion(Celula*, int, curandStateXORWOW*)",16,1024,63,0,88670208,8192
3592,61324154617,61368819767,44665150,44.66515,"funcionTransicion(Celula*, int, curandStateXORWOW*)",16,1024,63,0,88670208,8192
3593,61369736243,61415310060,45573817,45.573817,"funcionTransicion(Celula*, int, curandStateXORWOW*)",16,1024,63,0,88670208,8192
3594,61416224520,61458624305,42399785,42.399785,"funcionTransicion(Celula*, int, curandStateXORWOW*)",16,1024,63,0,88670208,8192
3595,61459542733,61502621651,43078918,43.078918,"funcionTransicion(Celula*, int, curandStateXORWOW*)",16,1024,63,0,88670208,8192
3596,61503536270,61551007070,47470800,47.4708,"funcionTransicion(Celula*, int, curandStateXORWOW*)",16,1024,63,0,88670208,8192
3597,61551927706,61598300431,46372725,46.372725,"funcionTransicion(Celula*, int, curandStateXORWOW*)",16,1024,63,0,88670208,8192
3598,61599225675,61644068840,44843165,44.843165,"funcionTransicion(Celula*, int, curandStateXORWOW*)",16,1024,63,0,88670208,8192
3599,61644987491,61689554338,44566847,44.566847,"funcionTransicion(Celula*, int, curandStateXORWOW*)",16,1024,63,0,88670208,8192
3600,61690465309,61740382529,49917220,49.91722,"funcionTransicion(Celula*, int, curandStateXORWOW*)",16,1024,63,0,88670208,8192
