iteration,tumor_cells,crm_ms,frm_ms
1,2,0.582525,1.003291
2,4,0.586909,0.803580
3,4,0.600701,0.818940
4,7,0.586812,0.823773
5,7,0.600189,0.854652
6,7,0.586845,0.840603
7,6,0.589565,0.827035
8,11,0.585084,0.818812
9,9,0.620541,0.872092
10,16,0.651868,0.857660
11,14,0.752125,1.004731
12,17,0.697917,0.896444
13,18,0.611837,0.857980
14,20,0.623165,0.859292
15,21,0.598493,0.840380
16,21,0.628285,0.867867
17,18,0.602525,0.853756
18,17,0.595709,0.827260
19,17,0.599006,0.829884
20,26,0.650909,0.931963
21,28,0.586557,0.900283
22,41,0.804924,1.088763
23,33,0.841819,1.100474
24,30,0.650653,0.931259
25,30,0.607805,0.940091
26,34,0.708861,0.923323
27,32,0.737052,1.013435
28,34,0.620604,0.859099
29,38,0.691740,0.915579
30,39,0.778588,1.078810
31,42,0.718077,1.027899
32,50,0.780317,1.079355
33,47,0.792572,1.095227
34,49,0.707100,0.915195
35,42,0.677277,0.936123
36,41,0.681149,0.932156
37,42,0.657565,0.915355
38,41,0.618365,0.876219
39,43,0.631517,0.921275
40,51,0.598973,0.874811
41,42,0.585181,0.871356
42,43,0.799612,1.020283
43,43,0.680668,0.945403
44,48,0.648701,0.912700
45,52,0.620669,0.914396
46,49,0.659197,0.944732
47,46,0.686493,0.917659
48,52,0.685724,0.908891
49,51,0.719325,0.923227
50,50,0.611933,0.861756
51,60,0.636669,0.923195
52,65,1.009339,1.315449
53,57,0.654717,1.053915
54,56,0.669660,0.923323
55,56,0.663677,0.933915
56,69,0.603069,0.855420
57,86,0.590717,0.945723
58,84,0.609789,0.990266
59,73,0.640157,0.930300
60,71,0.722717,1.193146
61,75,0.731804,1.066043
62,70,0.707741,1.005051
63,69,0.584284,0.895675
64,61,0.601117,0.871612
65,68,0.589117,0.859547
66,62,0.601565,0.917467
67,54,0.583293,0.869820
68,61,0.596956,0.870491
69,69,0.597469,0.867836
70,62,0.593693,0.865916
71,65,0.698140,0.912636
72,60,0.762204,1.019482
73,59,0.710300,1.062299
74,58,0.610525,0.872891
75,67,0.619357,0.889212
76,72,0.643997,0.944635
77,71,0.786428,1.031931
78,76,0.702940,0.977051
79,63,0.750300,1.003067
80,68,0.618621,0.864348
81,73,0.608380,0.894972
82,68,0.698717,1.042107
83,74,0.754780,1.081467
84,71,0.629436,0.930395
85,85,0.646717,0.908699
86,105,0.672700,1.013051
87,118,0.779836,1.085690
88,122,0.711356,1.249050
89,123,0.758972,1.091962
90,111,0.699196,1.172122
91,111,0.731069,1.097915
92,112,1.038459,1.489273
93,123,0.860091,1.340409
94,135,0.744348,1.230074
95,137,0.736316,1.108155
96,149,0.651709,1.094778
97,143,0.751068,1.204730
98,136,0.803740,1.135642
99,138,1.146523,1.108923
100,139,0.682941,1.132795
101,135,0.799611,1.007131
102,129,1.003195,1.144635
103,125,0.686140,0.924220
104,130,0.687453,0.984091
105,135,0.679612,0.995356
106,133,1.021819,1.332153
107,139,0.763068,1.110330
108,132,0.803132,1.053786
109,140,0.711612,0.976476
110,145,0.668893,1.089018
111,148,1.087354,1.337273
112,157,0.753276,1.101018
113,160,0.936571,1.190169
114,176,0.753852,0.971995
115,178,1.049243,1.431289
116,191,0.803484,1.190234
117,191,0.839420,1.215545
118,205,0.964763,1.251546
119,198,1.041787,1.306074
120,202,0.807324,1.056059
121,200,0.817404,1.275993
122,195,0.800059,1.157306
123,199,0.718365,1.085563
124,204,0.941532,1.402552
125,195,0.949243,1.316729
126,209,1.033914,1.276953
127,216,0.729692,1.307961
128,209,0.892796,1.397274
129,212,0.715932,1.188442
130,214,0.916892,1.377369
131,210,0.797083,1.193114
132,204,0.956699,1.404601
133,195,0.775037,1.054938
134,200,0.754684,1.166617
135,201,0.947131,1.116315
136,193,0.693309,1.110490
137,198,0.888571,1.242874
138,209,0.924667,1.195225
139,212,0.858907,1.336762
140,227,0.716509,1.117787
141,224,0.946875,1.333882
142,240,0.731357,1.038203
143,237,0.976186,1.343768
144,217,0.866972,1.321945
145,222,0.943323,1.288057
146,215,0.943835,1.197850
147,207,0.932636,1.187578
148,210,0.799452,1.095290
149,196,0.923004,1.363353
150,182,1.222554,1.184058
151,189,1.171866,1.206330
152,179,0.696924,1.022011
153,185,1.190778,1.204249
154,179,0.745916,1.004347
155,191,1.079514,1.134651
156,188,0.772700,1.091162
157,177,0.705980,1.127578
158,181,0.871516,1.136442
159,180,0.671229,1.008699
160,155,0.955067,1.159066
161,160,0.831771,0.982747
162,153,1.161883,1.201498
163,154,0.699165,0.915611
164,164,0.668989,0.977435
165,172,0.987259,1.285466
166,166,0.793404,1.004251
167,190,0.804252,0.975995
168,187,0.883452,1.142746
169,194,0.916220,1.394553
170,220,1.044155,1.307546
171,222,1.227193,1.460793
172,231,0.947963,1.310681
173,242,0.876028,1.507768
174,238,1.096058,1.496249
175,243,0.929467,1.407161
176,245,0.741148,1.132794
177,240,1.158458,1.371673
178,263,0.913531,1.326521
179,280,0.936763,1.338201
180,288,0.938971,1.415417
181,283,0.807228,1.384857
182,290,1.062298,1.255833
183,293,0.921211,1.358490
184,302,0.956731,1.200154
185,304,1.043099,1.601880
186,302,0.997884,1.866390
187,287,0.838172,1.550745
188,304,0.810012,1.454521
189,309,1.045499,1.504761
190,300,1.049498,1.538329
191,278,0.878843,1.293850
192,252,0.892891,1.599895
193,245,0.799292,1.298425
194,244,0.711996,1.026684
195,219,0.713244,1.103162
196,219,0.825148,1.097786
197,207,0.777756,1.213530
198,201,0.699293,0.986363
199,189,0.698972,1.073338
200,203,0.649852,0.952987
201,227,0.642461,1.080603
202,228,1.191130,1.256665
203,248,0.718332,1.094139
204,250,0.921147,1.284441
205,259,0.922715,1.440313
206,261,0.860251,1.167931
207,270,0.740028,1.109498
208,270,0.855868,1.123802
209,250,0.842428,1.138107
210,277,0.897243,1.080443
211,268,0.949372,1.399513
212,257,1.024187,1.522265
213,256,0.697244,1.032379
214,262,0.922780,1.305978
215,251,0.894492,1.340217
216,226,1.115451,1.312474
217,225,1.065178,1.382713
218,224,1.087322,1.403065
219,245,0.802140,1.219322
220,236,0.841275,1.377177
221,245,1.089242,1.367769
222,256,0.791324,1.100667
223,274,1.110234,1.426873
224,267,0.935420,1.606871
225,277,1.093307,1.377785
226,287,1.001179,1.753975
227,291,1.087419,1.495096
228,290,0.808252,1.197338
229,321,0.871899,1.228922
230,326,0.822203,1.229690
231,323,0.835836,1.364313
232,315,1.087707,1.434169
233,338,0.885691,1.399641
234,346,1.036251,1.426297
235,350,0.763164,1.205722
236,382,0.745884,1.301946
237,383,0.947419,1.600760
238,416,0.944507,1.565176
239,407,1.137786,1.716183
240,417,0.827068,1.624504
241,413,0.926875,1.537432
242,379,0.998107,1.298714
243,385,0.790139,1.315482
244,388,0.794780,1.212506
245,383,0.853660,1.475289
246,391,0.867644,1.546776
247,392,0.803420,1.261850
248,395,0.970683,1.369817
249,387,1.105338,1.553976
250,402,0.835291,1.564088
251,413,0.821244,1.527896
252,416,0.788188,1.317753
253,402,1.052698,1.627032
254,402,0.704253,1.288537
255,384,1.056027,1.428825
256,371,0.748509,1.149562
257,342,0.694268,1.125178
258,333,0.767196,1.043963
259,327,0.866715,1.164634
260,347,0.703420,1.013306
261,355,0.760604,1.207098
262,348,0.677245,1.185498
263,347,0.727868,1.191162
264,349,0.644989,1.121050
265,348,0.963579,1.442009
266,340,0.748252,1.129755
267,322,0.711740,1.368217
268,328,0.760380,1.278041
269,314,1.017403,1.458809
270,325,0.735612,1.189146
271,330,1.016699,1.433208
272,353,0.820668,1.254874
273,354,0.958427,1.339545
274,367,0.924571,1.340697
275,361,0.729116,1.216634
276,354,0.795260,1.389465
277,335,0.894875,1.296185
278,351,0.971707,1.248922
279,338,0.836315,1.140954
280,370,0.892027,1.432185
281,356,1.121563,1.427257
282,341,1.134971,1.438713
283,344,1.088090,1.349593
284,353,0.724540,1.088090
285,358,0.709948,1.004507
286,379,0.743804,1.207770
287,381,0.721564,1.284409
288,348,0.827580,1.453241
289,362,0.851292,1.251897
290,359,0.714621,1.365689
291,374,0.752284,1.252922
292,364,0.902652,1.807863
293,357,0.882907,1.152538
294,375,0.952315,1.211513
295,378,0.939931,1.481177
296,368,0.914684,1.326585
297,375,0.672380,1.088795
298,398,0.734620,1.390072
299,421,0.771420,1.294746
300,419,1.052283,1.443545
301,413,0.670844,1.178906
302,385,1.052315,1.471001
303,378,0.928668,1.162202
304,380,0.708125,1.107194
305,372,0.721212,1.341273
306,373,0.960123,1.560920
307,383,0.715324,1.088506
308,389,0.791388,1.238841
309,370,1.212953,1.616600
310,376,1.072763,1.221786
311,362,0.925532,1.244569
312,368,0.968443,1.394073
313,343,0.898140,1.535896
314,359,0.914267,1.413785
315,372,0.738524,1.280121
316,387,0.714908,1.447801
317,412,0.923035,1.346137
318,435,0.724380,1.189082
319,432,0.686812,1.242233
320,437,0.735900,1.283482
321,456,0.722333,1.220666
322,482,0.904220,1.207962
323,505,1.122715,1.331545
324,492,0.855484,1.377657
325,495,0.729820,1.321017
326,520,0.943068,1.883926
327,525,0.815708,1.298586
328,512,0.779068,1.548889
329,504,0.969403,1.907639
330,499,1.094490,2.162549
331,500,0.998939,1.771799
332,508,0.693244,1.357178
333,511,1.046714,1.559256
334,524,0.829980,1.620249
335,512,0.904827,1.461017
336,526,0.818236,1.604760
337,537,1.237722,1.753111
338,533,0.923323,1.857847
339,548,0.875260,1.482617
340,565,0.910299,1.824631
341,576,1.064251,1.891222
342,574,1.055322,1.603767
343,559,1.079899,2.239157
344,560,1.033051,1.652120
345,575,1.150906,1.701624
346,579,0.968763,1.679640
347,592,1.070778,2.382804
348,610,1.259546,2.280149
349,624,1.067098,1.925718
350,610,1.085306,1.397881
351,585,0.814268,1.525624
352,577,0.920795,1.340921
353,577,0.959355,1.906230
354,593,0.854236,1.418329
355,630,0.875644,1.654488
356,625,1.074394,1.791351
357,624,1.086266,2.198293
358,623,0.982171,1.999222
359,606,1.176282,1.866646
360,603,1.090266,2.325844
361,590,1.064923,2.198549
362,570,1.066267,2.165461
363,582,1.181146,1.673783
364,615,1.130650,1.807191
365,608,1.166842,2.314356
366,624,1.119098,1.823159
367,640,1.109210,2.004054
368,636,1.070171,1.950326
369,612,1.120154,2.066774
370,611,1.060826,2.282516
371,619,1.143546,2.207029
372,643,1.068922,2.152373
373,641,1.257114,1.891703
374,624,1.076410,2.284052
375,615,0.991419,1.830295
376,596,1.062970,1.699448
377,596,1.248218,1.604696
378,601,0.982939,2.001813
379,614,1.028603,1.894871
380,602,1.159930,1.976790
381,599,1.143803,2.054229
382,588,0.748189,1.679415
383,599,1.019514,1.721560
384,600,1.016091,1.722007
385,639,0.746940,1.634103
386,644,0.892827,1.790646
387,656,1.186330,1.523896
388,654,1.120986,1.819863
389,642,0.783835,1.375513
390,641,0.707165,2.039190
391,642,0.736668,1.532473
392,629,0.967227,1.897110
393,643,0.842971,1.475961
394,640,0.879003,1.868055
395,666,1.068635,1.871254
396,673,1.150235,2.055990
397,709,0.915196,2.217621
398,711,1.088986,1.976598
399,714,0.940603,2.005173
400,744,1.022779,2.408660
401,716,0.942555,2.015222
402,726,1.063226,1.994678
403,719,1.057850,2.155093
404,722,1.067259,2.156117
405,744,1.064506,1.997015
406,758,0.960571,2.291700
407,776,1.058907,2.686642
408,755,0.874588,2.661139
409,776,0.797116,1.711608
410,786,1.057371,1.707063
411,818,1.079162,1.704407
412,791,1.048026,1.778327
413,807,1.260922,1.922295
414,795,1.050970,1.847319
415,782,1.085690,2.314132
416,796,1.123290,1.678392
417,761,1.034715,1.985878
418,751,0.887931,1.804502
419,740,0.768508,1.779831
420,775,0.759164,1.397977
421,780,1.073850,1.655736
422,790,1.030139,1.643927
423,829,0.825468,1.639416
424,833,0.945372,1.667735
425,875,0.792252,1.541528
426,847,1.046363,1.798807
427,809,0.946844,1.691543
428,844,1.035738,1.858711
429,843,0.834812,2.111061
430,846,0.926300,1.932086
431,885,1.063802,1.644472
432,847,0.791548,1.719799
433,859,0.844571,1.550905
434,858,1.073179,1.682647
435,873,0.944699,1.598840
436,844,0.811900,1.828887
437,884,0.819484,1.443448
438,853,0.939099,1.822551
439,847,1.054170,1.621432
440,890,1.017755,2.199444
441,904,1.062810,1.776311
442,912,0.960859,1.905655
443,933,0.745244,1.838679
444,952,1.122395,2.066357
445,967,0.947323,2.043445
446,999,1.136794,2.070390
447,1007,0.861052,2.076502
448,980,0.969275,2.069237
449,994,0.743899,1.800439
450,1011,0.731549,1.785047
451,1027,0.839004,2.084309
452,1049,1.058906,1.976214
453,1005,0.897052,1.798487
454,988,1.152762,2.360020
455,1006,0.867516,1.768887
456,963,0.768444,1.865750
457,926,1.042459,1.929302
458,967,0.978267,2.050422
459,968,0.771132,1.938518
460,997,0.771388,1.430969
461,982,0.987739,1.519641
462,963,1.016443,1.887766
463,927,0.816892,1.541752
464,919,0.757628,1.426361
465,937,0.723676,1.523224
466,952,0.833532,1.730551
467,984,0.936123,1.694456
468,998,0.922780,1.769304
469,1015,0.950780,1.865943
470,1018,1.107899,2.070997
471,1030,0.960283,1.705784
472,1069,0.751389,1.677208
473,1049,0.770620,1.794423
474,1060,0.795676,1.813654
475,1108,0.801404,1.593752
476,1119,0.823867,1.870871
477,1120,1.078139,1.711607
478,1113,0.834012,1.726135
479,1137,0.788764,1.680248
480,1210,0.909243,1.645431
481,1215,0.831164,1.762487
482,1250,0.946044,1.873558
483,1262,1.120474,2.151125
484,1260,0.954907,1.832791
485,1239,1.053275,2.147638
486,1257,1.056698,1.989269
487,1287,1.047002,2.058326
488,1299,1.097946,1.867478
489,1302,1.081370,2.260117
490,1312,1.074491,2.027445
491,1324,1.038779,1.850902
492,1339,1.134810,2.079670
493,1330,1.110138,2.095830
494,1336,1.194586,2.445075
495,1363,1.123547,1.958230
496,1330,1.203706,2.264469
497,1337,1.093883,2.347060
498,1363,0.976603,2.011510
499,1381,0.962172,1.983447
500,1338,1.072347,2.371220
501,1339,1.201530,2.597427
502,1335,1.188346,2.209941
503,1374,1.174650,2.128597
504,1400,1.050906,2.296724
505,1423,1.034267,2.446228
506,1374,1.063195,2.707090
507,1369,1.055482,3.021617
508,1340,1.275354,2.125910
509,1356,1.075802,2.155380
510,1389,1.005947,2.166710
511,1413,1.195161,2.758867
512,1379,1.032187,2.825073
513,1392,1.087834,2.706322
514,1375,1.107322,3.022513
515,1353,1.146586,2.151829
516,1362,1.115258,2.572467
517,1367,1.014203,2.117877
518,1351,1.175354,2.747154
519,1343,1.148890,2.791922
520,1341,1.050074,2.256276
521,1358,0.818524,2.020854
522,1380,0.998363,2.847538
523,1368,1.104603,3.444207
524,1363,1.042171,2.414996
525,1377,1.155770,2.287924
526,1375,0.944603,2.668306
527,1398,1.088378,2.493172
528,1428,1.097178,2.662354
529,1423,1.068123,2.857809
530,1427,0.979227,2.717778
531,1453,1.267322,3.277391
532,1433,1.290745,3.117744
533,1423,1.053658,2.434228
534,1385,1.195962,2.864818
535,1403,0.933339,2.866129
536,1404,1.035963,2.425236
537,1391,1.139194,2.214517
538,1419,1.059771,2.040629
539,1410,1.168922,1.897399
540,1435,1.269753,2.263956
541,1395,1.161658,2.018454
542,1443,1.076858,1.865814
543,1420,0.928699,2.102165
544,1475,1.039355,2.379668
545,1497,1.139259,2.240757
546,1498,0.943515,2.531667
547,1520,0.939036,2.206037
548,1544,1.034650,2.138357
549,1515,1.044123,1.879159
550,1519,1.162010,2.432980
551,1551,1.077691,1.960022
552,1519,1.074394,2.300373
553,1532,0.935355,1.877750
554,1517,0.771612,2.015126
555,1535,0.867003,1.911094
556,1550,0.941243,2.256405
557,1527,1.039259,2.813362
558,1508,1.117146,2.179413
559,1493,1.146554,1.910326
560,1463,1.152922,2.039094
561,1461,1.113018,2.363668
562,1424,0.946107,1.924662
563,1447,1.076954,2.006902
564,1441,1.067674,1.852022
565,1479,1.068251,2.081366
566,1533,1.036570,2.377268
567,1502,1.006043,2.179286
568,1476,0.849787,2.446580
569,1457,1.086299,1.975158
570,1411,1.036154,2.115445
571,1479,0.965563,1.966582
572,1499,0.901979,2.371732
573,1482,1.230586,2.098421
574,1434,0.811452,2.167797
575,1492,1.052091,2.267733
576,1509,1.205945,1.984661
577,1497,0.954395,2.520115
578,1488,0.919995,2.177653
579,1447,1.117306,2.742386
580,1495,1.142874,1.819863
581,1533,1.013051,1.865463
582,1556,0.847772,1.999575
583,1582,1.113626,2.062742
584,1535,1.206010,2.279796
585,1571,0.979099,1.893399
586,1590,0.941531,2.090166
587,1581,1.108858,2.167670
588,1597,0.964251,2.353236
589,1570,0.978683,3.122000
590,1556,1.174330,2.043862
591,1517,0.944731,2.015094
592,1543,0.922619,1.813815
593,1565,0.919196,1.702423
594,1605,0.935130,2.564723
595,1612,1.049307,1.907542
596,1636,0.925147,1.905111
597,1620,0.878715,1.922359
598,1623,0.897436,2.109493
599,1657,0.858204,2.159061
600,1679,0.847868,2.109621
601,1691,0.901916,2.319956
602,1676,0.871484,2.214485
603,1666,1.192506,2.568179
604,1733,0.802844,1.913046
605,1814,1.122842,2.794322
606,1839,1.172154,2.730482
607,1851,0.842395,2.475379
608,1854,1.029274,2.221173
609,1871,1.065306,2.067925
610,1854,1.082362,2.108118
611,1839,1.177081,2.436564
612,1886,1.139610,3.158480
613,1912,1.202138,2.493459
614,1896,1.026939,2.181077
615,1925,1.005242,2.132149
616,1905,1.076091,2.231029
617,1940,1.226010,2.419507
618,1974,1.122810,2.474484
619,2001,1.003035,3.187408
620,1980,1.108026,2.596114
621,2005,1.125978,2.662419
622,2003,0.965787,2.642803
623,2016,1.239641,2.812337
624,1999,1.145530,3.451439
625,2034,1.223514,2.381428
626,2070,1.004059,2.613811
627,2075,1.135034,2.268372
628,2054,1.047483,3.003440
629,2086,1.022331,2.098038
630,2074,1.184762,2.053270
631,2162,1.155034,2.525363
632,2198,1.290873,2.322260
633,2188,1.282809,2.906097
634,2201,1.159866,3.216336
635,2249,1.138906,3.230223
636,2296,1.089371,3.093008
637,2303,1.212954,2.842801
638,2285,1.231898,3.472751
639,2309,1.100795,2.326581
640,2303,1.034651,3.980491
641,2302,1.252729,2.750802
642,2387,1.070523,2.359795
643,2374,1.176890,3.553614
644,2423,1.126586,3.251952
645,2464,1.295545,3.561294
646,2496,1.076506,2.593330
647,2517,1.150426,2.552178
648,2471,1.046299,2.277908
649,2584,1.269754,3.241199
650,2571,1.200922,2.610355
651,2583,1.313850,3.007376
652,2601,1.148090,3.495023
653,2611,1.241946,2.712818
654,2586,1.253530,3.073616
655,2557,1.156378,3.259952
656,2473,1.074586,3.735309
657,2463,1.158298,2.453396
658,2482,1.185178,2.868017
659,2520,1.101530,2.792177
660,2542,1.081147,3.139728
661,2532,1.168954,3.293071
662,2515,1.228250,2.785969
663,2513,0.960699,2.726419
664,2537,1.214713,2.752753
665,2497,1.194970,3.153455
666,2487,1.171962,3.006609
667,2519,1.123931,2.977585
668,2510,1.175323,2.646003
669,2526,1.161595,3.218736
670,2502,1.192122,2.698898
671,2557,1.143514,2.501908
672,2571,1.213594,2.676818
673,2586,1.155770,2.367444
674,2543,1.062331,2.708466
675,2530,1.056859,2.518387
676,2506,0.998907,2.623635
677,2524,1.062042,2.311733
678,2506,0.990171,2.486611
679,2496,1.118138,3.039121
680,2498,1.040795,2.840305
681,2535,0.929788,2.130230
682,2562,1.081530,2.613586
683,2586,1.119994,2.114357
684,2656,1.115322,3.092561
685,2708,1.159898,2.990193
686,2707,1.154874,3.377839
687,2757,1.080410,2.728498
688,2760,1.264026,2.923185
689,2836,1.229466,3.003217
690,2792,1.247097,2.703890
691,2782,1.292954,3.217776
692,2778,1.144826,2.647603
693,2768,1.287962,2.447860
694,2869,1.185210,2.480691
695,2870,1.116443,3.062961
696,2935,1.168762,2.964880
697,2931,1.245978,3.160721
698,2947,1.216697,2.731858
699,2936,1.185658,3.207536
700,2987,1.158170,2.725874
701,3002,1.096442,3.309871
702,2981,1.137402,3.829133
703,2978,1.147962,4.001803
704,3060,1.167802,2.837265
705,3037,1.108442,3.249743
706,3040,1.139194,3.382543
707,3088,1.045178,3.176400
708,3102,1.201050,2.910257
709,3124,1.185530,3.723373
710,3149,1.106362,3.094736
711,3255,1.016347,3.219791
712,3249,1.176858,3.361071
713,3284,1.158458,3.327727
714,3331,1.211898,3.864844
715,3364,1.281849,3.361264
716,3356,1.134138,3.781005
717,3371,1.205850,4.078827
718,3340,1.166682,4.606313
719,3355,1.295673,3.062576
720,3314,1.191514,3.706222
721,3345,1.235290,3.123376
722,3352,1.131738,2.908561
723,3368,1.232537,4.109099
724,3330,1.143994,3.672013
725,3323,1.147994,3.069360
726,3379,1.179258,3.201167
727,3429,1.156538,3.311599
728,3534,1.136698,4.131499
729,3464,1.260122,3.399790
730,3523,1.072058,4.541481
731,3610,1.316345,4.120971
732,3579,1.322970,4.255083
733,3618,1.296538,3.784524
734,3642,1.144698,3.575310
735,3526,1.294361,3.638830
736,3468,1.081178,3.109744
737,3487,1.231802,3.062929
738,3476,1.129147,3.708910
739,3540,1.194522,3.530318
740,3582,1.163098,2.865009
741,3550,1.254586,3.553390
742,3563,1.348954,3.245936
743,3546,1.278938,3.481742
744,3687,1.321497,3.654094
745,3732,1.198010,3.227279
746,3784,1.326937,3.723629
747,3834,1.290938,3.837485
748,3897,1.324281,4.441673
749,3981,1.369625,4.478185
750,3992,1.383257,4.057516
751,4071,1.245338,4.369097
752,4089,1.366713,3.857453
753,4086,1.265594,4.947655
754,4050,1.371161,4.355082
755,4043,1.346361,4.526058
756,4030,1.386233,4.386601
757,3984,1.430648,3.918797
758,3936,1.335193,3.434511
759,4003,1.313369,3.499918
760,4006,1.259258,3.542318
761,4023,1.242969,3.565582
762,3974,1.340505,4.147179
763,3946,1.355705,3.853836
764,3907,1.261114,3.909100
765,3930,1.392153,4.459530
766,3954,1.294617,3.564174
767,3971,1.258905,3.753740
768,4019,1.291706,3.779949
769,4093,1.287994,3.496910
770,4206,1.387066,4.441642
771,4111,1.346553,4.379753
772,4131,1.271802,3.928301
773,4159,1.260570,3.889228
774,4113,1.335001,4.235114
775,4072,1.250329,3.949164
776,3987,1.215098,3.764749
777,3975,1.286681,3.252208
778,3940,1.237978,3.603598
779,4013,1.283033,3.391983
780,4070,1.261593,3.554702
781,3991,1.202138,3.431758
782,3981,1.328153,2.832114
783,3876,1.299865,3.325071
784,3838,1.154522,3.322991
785,3893,1.274361,3.031793
786,3908,1.232282,3.332336
787,3882,1.328922,3.502798
788,3896,1.241114,3.243312
789,3888,1.192954,3.385455
790,3865,1.185562,3.291183
791,3948,1.151419,3.864301
792,3946,1.307002,3.286511
793,3928,1.228314,3.334351
794,3989,1.239289,3.524622
795,4059,1.090042,3.450478
796,3962,1.193081,3.942157
797,3971,1.138202,3.186896
798,3931,1.224474,3.236496
799,3865,1.110394,3.085104
800,3812,1.216026,3.543950
801,3817,1.090107,2.763506
802,3780,1.314362,2.963921
803,3745,1.220858,2.778642
804,3798,1.161082,2.701490
805,3868,1.216730,3.392847
806,3867,1.202619,3.180431
807,3919,1.204666,3.051825
808,3907,1.224762,3.021936
809,3949,1.215738,3.216528
810,3999,1.206970,3.647598
811,4018,1.221594,3.584591
812,4060,1.256570,3.724557
813,4118,1.211834,2.864562
814,4209,1.324057,3.499342
815,4198,1.285817,3.030800
816,4168,1.343737,3.689037
817,4242,1.160090,3.384303
818,4219,1.216090,3.876493
819,4202,1.304185,4.124331
820,4287,1.313369,4.026059
821,4213,1.305690,3.506574
822,4215,1.195417,3.215984
823,4298,1.253466,3.175856
824,4399,1.237785,3.335183
825,4451,1.232250,3.354799
826,4424,1.205593,3.681485
827,4444,1.402585,3.209936
828,4427,1.299065,3.387279
829,4513,1.333625,3.184592
830,4557,1.212282,3.189840
831,4520,1.208538,3.464943
832,4615,1.247162,3.478990
833,4651,1.325850,3.391311
834,4628,1.214042,3.307247
835,4695,1.273146,3.786669
836,4717,1.242553,3.264655
837,4766,1.237498,3.898476
838,4810,1.263002,4.041867
839,4885,1.407704,5.192486
840,4967,1.346041,3.787693
841,5031,1.261753,3.210832
842,5137,1.279097,3.746669
843,5080,1.278777,3.660653
844,5044,1.233626,4.137419
845,5027,1.250394,3.887981
846,4998,1.213434,3.226672
847,5013,1.314361,3.673421
848,5073,1.235033,3.577070
849,5079,1.388057,3.920236
850,5025,1.388505,3.785389
851,5053,1.322906,3.433039
852,5065,1.257402,3.538447
853,4987,1.367865,3.824396
854,4968,1.344506,2.994833
855,4944,1.253593,3.060848
856,5014,1.230778,3.549966
857,5063,1.207418,3.206000
858,5121,1.273113,3.066160
859,5269,1.383577,4.079051
860,5365,1.328473,3.966028
861,5345,1.273561,3.520174
862,5395,1.370905,4.016748
863,5375,1.370361,3.741453
864,5467,1.292825,3.841516
865,5485,1.328697,3.926508
866,5489,1.305017,4.424522
867,5601,1.417497,3.932716
868,5505,1.302938,3.587885
869,5520,1.316058,3.692142
870,5630,1.313625,4.461833
871,5585,1.305241,3.996556
872,5631,1.397113,3.918924
873,5677,1.421721,3.755437
874,5721,1.387257,4.112715
875,5726,1.369754,3.935468
876,5824,1.433401,4.197131
877,5777,1.363609,4.054603
878,5823,1.435512,3.783501
879,5796,1.315993,4.904071
880,5746,1.342297,3.818508
881,5775,1.385817,5.490597
882,5772,1.504216,4.113516
883,5794,1.408025,4.944838
884,5796,1.459673,4.347242
885,5846,1.401657,5.149254
886,5799,1.242874,4.199787
887,5840,1.388697,3.998539
888,5853,1.424217,4.671625
889,5840,1.372569,4.540457
890,5856,1.308505,4.114316
891,5917,1.297177,4.103435
892,5921,1.278457,4.639497
893,5913,1.299770,3.921581
894,6008,1.240282,3.686030
895,5973,1.389496,4.478186
896,5998,1.401689,4.311370
897,5942,1.342585,3.888684
898,5938,1.368249,3.391919
899,5959,1.327161,4.196011
900,5947,1.454072,4.005196
901,6002,1.365977,4.467913
902,6073,1.382521,4.625321
903,5966,1.351193,4.501449
904,5975,1.345786,4.817224
905,5956,1.389305,3.954508
906,5993,1.290265,3.828621
907,6127,1.389209,3.879436
908,6144,1.373241,5.008295
909,6237,1.427609,4.379465
910,6311,1.317913,4.270187
911,6295,1.537240,4.172875
912,6272,1.378521,3.622381
913,6245,1.326937,3.650318
914,6341,1.336153,4.113131
915,6283,1.386073,4.267819
916,6361,1.327545,4.138635
917,6478,1.528376,5.842146
918,6456,1.446361,5.114246
919,6443,1.423864,4.307530
920,6355,1.330553,4.067211
921,6453,1.306778,4.461706
922,6523,1.362169,4.499497
923,6575,1.338361,4.119563
924,6627,1.422361,5.007079
925,6664,1.454489,4.654409
926,6619,1.471704,4.298922
927,6632,1.296698,3.920172
928,6594,1.381177,4.184491
929,6624,1.396345,4.478857
930,6697,1.392921,4.640328
931,6649,1.409689,5.613636
932,6629,1.371545,5.142182
933,6705,1.449209,4.260938
934,6667,1.402361,5.218629
935,6589,1.446521,5.605955
936,6634,1.316089,5.511364
937,6595,1.314297,4.861831
938,6732,1.414200,4.679560
939,6779,1.441688,6.461728
940,6894,1.429240,6.222240
941,6905,1.348473,5.713475
942,6825,1.374201,5.913250
943,6719,1.358681,5.755747
944,6660,1.343321,5.136710
945,6653,1.240857,4.022924
946,6713,1.384761,4.121579
947,6679,1.244505,4.983303
948,6792,1.311481,4.904743
949,6803,1.360761,5.033895
950,6776,1.481753,4.755560
951,6789,1.348665,5.327781
952,6868,1.382457,5.894658
953,6936,1.351289,4.081835
954,6956,1.442040,5.106151
955,6898,1.309529,4.558634
956,6987,1.342105,5.161350
957,6960,1.341881,5.430309
958,6953,1.374521,6.439615
959,7106,1.358137,4.684680
960,7268,1.294073,4.739560
961,7347,1.417176,5.354053
962,7315,1.535768,6.197217
963,7433,1.314425,5.454980
964,7413,1.326457,6.350976
965,7423,1.346425,5.388453
966,7474,1.451064,6.086018
967,7556,1.580344,6.614238
968,7457,1.494168,6.410816
969,7431,1.407065,5.948129
970,7424,1.409657,5.168326
971,7408,1.629015,5.632868
972,7412,1.392344,5.346661
973,7443,1.399833,5.470885
974,7464,1.349977,5.628323
975,7544,1.419160,5.743395
976,7495,1.312250,4.866407
977,7490,1.492377,6.485215
978,7516,1.457049,5.962722
979,7503,1.421080,6.024674
980,7484,1.322074,5.604451
981,7578,1.384025,4.990919
982,7696,1.395065,5.445636
983,7758,1.397305,4.643848
984,7803,1.423545,5.480677
985,7806,1.409817,5.438276
986,7894,1.393145,5.334149
987,7880,1.381241,5.454564
988,7866,1.330617,5.387941
989,7801,1.609368,4.832999
990,7795,1.470233,5.190438
991,7877,1.493944,5.828034
992,7843,1.554680,6.169665
993,7787,1.387321,5.811842
994,7668,1.570039,5.384453
995,7672,1.462233,5.755427
996,7732,1.421017,6.319040
997,7786,1.399129,5.987969
998,7745,1.353945,6.797694
999,7664,1.372345,5.450085
1000,7700,1.362617,5.772291
1001,7783,1.334392,5.746115
1002,7736,1.449528,5.694179
1003,7723,1.317497,5.148326
1004,7742,1.544569,5.686531
1005,7727,1.362073,5.456772
1006,7736,1.437241,5.180422
1007,7661,1.481560,4.623465
1008,7709,1.415833,4.518025
1009,7681,1.399736,4.985991
1010,7801,1.338553,4.638088
1011,7903,1.374361,5.416900
1012,7861,1.489016,5.211238
1013,7762,1.396345,4.434634
1014,7829,1.354393,4.429737
1015,7831,1.300409,5.262630
1016,7871,1.307353,5.496292
1017,7933,1.443545,5.119494
1018,7945,1.410137,4.963686
1019,7914,1.500761,5.476133
1020,7892,1.455161,4.967143
1021,7931,1.415097,5.220326
1022,7903,1.545528,5.387429
1023,8012,1.523257,4.504073
1024,8051,1.413785,5.657955
1025,8077,1.475576,5.576740
1026,8038,1.552120,5.782115
1027,8049,1.453272,5.062919
1028,8140,1.476696,5.886242
1029,8218,1.542103,4.673929
1030,8318,1.598456,4.748680
1031,8361,1.583159,5.681923
1032,8471,1.565335,5.161862
1033,8459,1.523161,5.762915
1034,8483,1.562744,6.313120
1035,8577,1.483800,5.569412
1036,8744,1.506424,5.894242
1037,8745,1.612216,5.692804
1038,8622,1.593720,6.079362
1039,8697,1.454489,5.281894
1040,8661,1.496793,5.354437
1041,8684,1.534680,6.044322
1042,8682,1.563799,5.718659
1043,8697,1.510297,5.521668
1044,8666,1.586104,5.742724
1045,8723,1.425465,4.598313
1046,8744,1.654968,5.975714
1047,8799,1.534072,5.479172
1048,8751,1.531736,7.492122
1049,8801,1.541784,6.214048
1050,8789,1.610776,5.665892
1051,8696,1.571960,5.841187
1052,8752,1.466008,6.672318
1053,8572,1.625272,5.813730
1054,8667,1.591543,5.793282
1055,8631,1.510008,6.254400
1056,8686,1.539960,5.099111
1057,8716,1.591672,5.092999
1058,8693,1.430904,4.760584
1059,8899,1.536824,5.524036
1060,8912,1.511832,5.069830
1061,8891,1.511000,5.141735
1062,8844,1.548184,5.293062
1063,8888,1.365912,4.529769
1064,8918,1.529112,4.920072
1065,8934,1.510073,6.066721
1066,8870,1.548824,5.296134
1067,8851,1.457241,5.164390
1068,8889,1.490553,4.766312
1069,9024,1.430776,6.674046
1070,9103,1.512760,5.919298
1071,9148,1.600088,5.429253
1072,9262,1.552344,5.410340
1073,9325,1.585399,5.066535
1074,9304,1.599448,5.361157
1075,9439,1.568088,5.345061
1076,9576,1.621944,5.051399
1077,9548,1.700919,5.542180
1078,9728,1.730551,6.525247
1079,9775,1.596920,5.306981
1080,9838,1.603512,5.605220
1081,9893,1.491993,5.292038
1082,9877,1.578264,5.802947
1083,9841,1.722231,6.135393
1084,9830,1.624728,5.681347
1085,9738,1.616919,5.980610
1086,9812,1.675992,6.232065
1087,9709,1.533944,7.649561
1088,9673,1.549945,5.387173
1089,9765,1.622648,4.683208
1090,9867,1.572823,5.433253
1091,9833,1.638232,5.374116
1092,10154,1.674103,5.729699
1093,10224,1.678039,5.293925
1094,10243,1.628184,6.186465
1095,10228,1.606840,5.908226
1096,10278,1.616696,5.560932
1097,10435,1.640279,5.602595
1098,10274,1.561432,6.471807
1099,10274,1.662423,5.827683
1100,10304,1.676215,6.090658
1101,10296,1.661911,5.663043
1102,10302,1.671544,6.217152
1103,10211,1.518008,5.559012
1104,10097,1.730519,6.075426
1105,10096,1.620920,5.773187
1106,10120,1.583159,6.247616
1107,10186,1.664216,5.949730
1108,10258,1.555927,5.691843
1109,10166,1.556280,5.121638
1110,10081,1.688824,5.607012
1111,10028,1.407161,6.097985
1112,10106,1.653495,4.786888
1113,10089,1.527576,6.108449
1114,10182,1.554136,5.024999
1115,10344,1.622775,5.572900
1116,10410,1.606744,5.368453
1117,10352,1.625111,6.297152
1118,10380,1.624248,6.008354
1119,10458,1.643927,6.223264
1120,10553,1.554584,5.194374
1121,10587,1.747639,5.500836
1122,10485,1.588376,5.818626
1123,10520,1.532728,5.248134
1124,10445,1.586808,5.721219
1125,10557,1.624056,5.598468
1126,10617,1.644696,6.656094
1127,10520,1.626487,5.959234
1128,10505,1.482233,5.844034
1129,10486,1.469529,6.075105
1130,10419,1.646743,6.020642
1131,10389,1.641239,5.403556
1132,10426,1.672568,6.591551
1133,10453,1.772055,5.254565
1134,10550,1.614840,4.982663
1135,10498,1.631479,5.166597
1136,10490,1.569720,5.143975
1137,10637,1.592183,4.849256
1138,10548,1.570168,5.722115
1139,10577,1.524696,5.944098
1140,10691,1.660824,5.882947
1141,10730,1.607096,5.685059
1142,10649,1.654935,5.514756
1143,10721,1.643064,5.276453
1144,10791,1.729432,5.777667
1145,10817,1.549944,5.954946
1146,10797,1.723383,5.167814
1147,10888,1.605272,5.175878
1148,11015,1.617399,5.110278
1149,10959,1.704631,5.733539
1150,11112,1.741079,5.493604
1151,11118,1.763255,6.356640
1152,11098,1.633495,5.323268
1153,11003,1.628119,5.896801
1154,11012,1.575480,5.134343
1155,10970,1.662040,5.508932
1156,10930,1.695416,5.241350
1157,10984,1.672120,5.680547
1158,11001,1.679383,5.580964
1159,11003,1.658903,5.719267
1160,10995,1.654679,5.863715
1161,10944,1.585495,5.203365
1162,10784,1.715447,5.530340
1163,10876,1.672919,5.191334
1164,10988,1.641016,6.423296
1165,10848,1.619863,6.712989
1166,10999,1.577656,5.571716
1167,10912,1.738071,6.009058
1168,10933,1.734263,5.837410
1169,10863,1.688247,7.196572
1170,10820,1.697239,5.929922
1171,10855,1.609144,5.900674
1172,10868,1.717912,5.886434
1173,10909,1.674712,6.177377
1174,10873,1.690231,6.257696
1175,10914,1.654455,5.304581
1176,10963,1.713079,5.315781
1177,10996,1.709463,6.420959
1178,11006,1.867126,6.017473
1179,11028,1.608152,5.747043
1180,11079,1.710295,5.524356
1181,11136,1.629495,5.785666
1182,11021,1.786839,6.785342
1183,10932,1.640856,5.473700
1184,10885,1.556824,6.113633
1185,10897,1.644759,5.359269
1186,10869,1.661079,5.198469
1187,10839,1.628695,5.668644
1188,10822,1.708759,5.275141
1189,11025,1.591032,5.475716
1190,11131,1.675768,6.288992
1191,11092,1.582648,6.035745
1192,11154,1.638712,6.356319
1193,11195,1.637751,6.296896
1194,11222,1.717911,5.256614
1195,11314,1.643832,5.740900
1196,11446,1.564888,6.000834
1197,11426,1.658743,5.764835
1198,11553,1.573496,5.753538
1199,11545,1.871446,5.718883
1200,11640,1.710584,5.935650
1201,11665,1.671511,6.044385
1202,11618,1.644536,5.885987
1203,11574,1.659608,6.200609
1204,11678,1.586488,6.274560
1205,11622,1.721975,5.352421
1206,11732,1.633336,5.452100
1207,11883,1.702167,6.003074
1208,11841,1.655095,5.938722
1209,11837,1.634071,6.060002
1210,11819,1.782646,5.812994
1211,11760,1.839671,6.556735
1212,11798,1.785142,5.984673
1213,11725,1.788791,6.740286
1214,11744,1.655415,6.180161
1215,11848,1.808247,7.069148
1216,11899,1.649656,6.392544
1217,11865,1.628568,8.411926
1218,11827,1.802263,6.210432
1219,11971,1.726679,5.519780
1220,12166,1.698615,5.772035
1221,12115,1.807830,6.198785
1222,12091,1.787511,6.419263
1223,12058,1.735767,6.245632
1224,12093,1.760055,5.307045
1225,12047,1.786519,6.234528
1226,12119,1.824086,6.144993
1227,12052,1.694712,5.921474
1228,11992,1.768695,7.140252
1229,12058,1.824599,7.140156
1230,11978,1.813911,5.261253
1231,12012,1.708983,5.372357
1232,11938,1.678071,5.693475
1233,11870,1.598168,5.718276
1234,11860,1.853974,5.913506
1235,11932,1.779671,6.682655
1236,11971,1.737687,5.379334
1237,11888,1.743830,5.260934
1238,11683,1.665464,5.103814
1239,11561,1.635159,5.398597
1240,11486,1.536504,5.437893
1241,11585,1.576600,5.547523
1242,11715,1.715287,6.225729
1243,11773,1.517688,5.539748
1244,11814,1.656087,5.727747
1245,11710,1.746551,5.372996
1246,11676,1.794935,6.087041
1247,11832,1.589463,5.923618
1248,11894,1.742839,5.938306
1249,11949,1.739767,5.950434
1250,11966,1.705271,5.921921
1251,11969,1.788662,5.545733
1252,12061,1.753367,5.940386
1253,12172,1.796087,6.156833
1254,12195,1.719895,5.541956
1255,12170,1.816055,5.599555
1256,12273,1.761175,5.969346
1257,12412,1.687832,6.164161
1258,12463,1.780375,6.810269
1259,12446,1.759479,6.437472
1260,12452,1.823926,6.072226
1261,12435,1.834710,5.976129
1262,12482,1.768503,6.264736
1263,12580,1.789590,5.831491
1264,12609,1.672151,6.578302
1265,12664,1.755895,5.327461
1266,12734,1.619896,6.344256
1267,12808,1.803766,6.591295
1268,12775,1.644855,5.794178
1269,12810,1.766519,5.196358
1270,12867,1.853751,6.037825
1271,12914,1.890038,6.424416
1272,12843,1.719734,5.750627
1273,12863,1.824439,5.270918
1274,12734,1.784694,6.009858
1275,12811,1.546072,5.855010
1276,12800,1.783703,5.329605
1277,12769,1.628247,6.071105
1278,12911,1.667544,6.621471
1279,13183,1.775096,6.683743
1280,13171,1.720727,6.038721
1281,13202,1.714583,5.911746
1282,13232,1.699351,6.422847
1283,13243,1.702903,6.332160
1284,13159,1.815287,6.445344
1285,13134,1.762998,6.399104
1286,13137,1.769655,7.013372
1287,13152,1.800215,7.544698
1288,13054,1.721335,6.170849
1289,12936,1.765462,6.685823
1290,13127,1.713463,6.795869
1291,13224,1.811799,6.404064
1292,13176,1.736407,6.267008
1293,13254,1.711735,6.611775
1294,13234,1.759735,6.380768
1295,13305,1.683064,8.872339
1296,13277,1.765174,5.726467
1297,13278,1.809559,7.748088
1298,13151,1.832311,6.088545
1299,13162,1.771575,6.841246
1300,13314,1.733623,5.603076
1301,13359,1.825527,6.201473
1302,13476,1.769783,6.838397
1303,13439,1.709783,7.867320
1304,13354,1.841942,8.106679
1305,13383,1.805687,7.287131
1306,13374,1.837559,7.004188
1307,13390,1.893750,7.673145
1308,13354,1.821687,6.800798
1309,13374,1.821303,6.806013
1310,13309,1.776088,6.499455
1311,13350,1.866711,7.000541
1312,13448,1.845911,7.478234
1313,13534,1.818006,6.985310
1314,13553,1.799927,7.108412
1315,13603,1.764311,7.800729
1316,13753,1.821207,6.861885
1317,13817,1.794519,7.518330
1318,13885,1.850966,6.083105
1319,13898,1.845270,7.624537
1320,13953,1.764439,6.481567
1321,13943,1.786231,6.184737
1322,13898,1.813079,7.557081
1323,13990,1.825463,7.833592
1324,13917,1.818615,7.083676
1325,13901,1.844471,6.678878
1326,13929,1.767736,6.137697
1327,13997,1.726423,6.179328
1328,13920,1.745847,6.952541
1329,13890,1.741335,6.742078
1330,13935,1.709175,6.755005
1331,13914,1.794070,7.046941
1332,13887,1.744151,6.610590
1333,13973,1.769975,6.349152
1334,14005,1.799702,6.796158
1335,14108,1.705399,7.253948
1336,14021,1.785303,6.133474
1337,14170,1.838103,5.983681
1338,14262,1.914198,6.609854
1339,14293,1.796695,6.711615
1340,14249,1.815767,6.332992
1341,14324,1.721560,6.007362
1342,14406,1.941174,6.412351
1343,14512,1.906870,8.931027
1344,14491,1.839702,6.998365
1345,14546,1.924758,6.207809
1346,14553,1.872023,6.855069
1347,14530,1.748728,7.241340
1348,14675,1.914294,6.923325
1349,14708,1.849366,8.378262
1350,14476,1.831415,6.207617
1351,14578,1.809110,7.583898
1352,14656,1.805879,6.908989
1353,14577,1.803286,6.640542
1354,14829,1.866807,7.122236
1355,14814,1.833142,6.979293
1356,14925,1.853782,7.095868
1357,15110,1.815991,6.966621
1358,15100,1.854039,7.217500
1359,15155,1.874774,6.535007
1360,15170,1.861974,6.430111
1361,15205,1.871574,7.195036
1362,15231,1.819127,7.345595
1363,15166,1.844854,6.833950
1364,15187,1.904150,8.034199
1365,15133,1.995670,6.812894
1366,15160,1.801718,7.387899
1367,15055,1.790455,8.302934
1368,15119,1.699703,8.195286
1369,15162,1.803190,7.275131
1370,15252,1.841814,8.245718
1371,15180,1.841463,8.487061
1372,15182,1.922806,7.591642
1373,15317,1.857654,7.098396
1374,15170,1.906070,7.403866
1375,15283,1.909174,6.581439
1376,15343,1.771255,7.568826
1377,15345,1.861302,7.670521
1378,15366,1.826070,7.094940
1379,15408,1.876918,7.530522
1380,15408,1.800727,6.698238
1381,15394,1.971383,6.996989
1382,15344,1.831671,7.312283
1383,15379,1.974133,6.950973
1384,15562,1.843703,6.796413
1385,15662,1.844694,8.005624
1386,15750,1.898326,6.982813
1387,15831,1.938710,7.858232
1388,15755,1.888246,7.518618
1389,15707,1.878358,8.583765
1390,15622,1.962518,6.483807
1391,15668,1.805527,6.545951
1392,15566,1.751223,6.872285
1393,15637,1.948918,7.759033
1394,15538,1.930391,8.172983
1395,15550,1.810199,7.092572
1396,15531,1.814615,8.218743
1397,15433,1.753367,7.287579
1398,15429,1.758583,7.823000
1399,15674,1.813015,8.576629
1400,15686,1.835031,7.412410
1401,15862,1.783222,6.856061
1402,15736,1.861622,8.416438
1403,15641,1.902039,6.987965
1404,15638,1.936245,8.874355
1405,15676,1.904278,7.002781
1406,15576,1.852983,7.383034
1407,15687,1.750295,7.221787
1408,15678,1.853079,7.804569
1409,15739,1.882486,7.359706
1410,15673,1.896758,6.537343
1411,15590,1.793911,6.126753
1412,15568,1.787511,7.074524
1413,15514,1.949846,6.373152
1414,15591,1.899414,7.618073
1415,15613,1.805590,7.350299
1416,15710,1.877398,7.122172
1417,15702,1.913654,7.577690
1418,15538,1.936694,7.139292
1419,15659,1.947925,7.316219
1420,15687,1.911222,6.823101
1421,15718,1.956854,6.558111
1422,15784,1.957750,6.737917
1423,15837,1.945077,6.812862
1424,16027,1.821206,7.294427
1425,15997,1.862518,6.819997
1426,15956,1.923734,7.011357
1427,16010,1.897558,6.504351
1428,16077,1.903862,6.520863
1429,16189,1.945174,7.369946
1430,16181,1.928310,6.240673
1431,16224,1.958581,7.063836
1432,16334,2.032662,6.936157
1433,16344,2.033301,7.867768
1434,16325,1.884854,8.225047
1435,16365,1.945590,7.290011
1436,16439,1.904982,8.214326
1437,16538,1.999797,7.341179
1438,16605,1.945430,6.934622
1439,16760,2.041941,7.852857
1440,16858,2.108214,7.881081
1441,16846,2.042741,8.219447
1442,16924,2.032885,8.500437
1443,17135,1.947286,7.697625
1444,17254,2.125237,7.710169
1445,17140,2.068309,7.555642
1446,17287,2.001333,7.881305
1447,17306,2.010070,6.543007
1448,17407,1.994518,7.975640
1449,17392,1.957974,9.105939
1450,17353,2.059157,7.422938
1451,17380,2.038646,7.523609
1452,17354,2.001397,9.261522
1453,17289,2.016054,7.547002
1454,17402,1.980918,7.761881
1455,17494,2.066805,7.714617
1456,17493,2.026070,8.061336
1457,17599,2.123638,7.778137
1458,17550,2.037910,8.331542
1459,17651,2.079414,8.117559
1460,17604,2.087958,7.813272
1461,17641,2.050549,7.387963
1462,17565,1.957110,7.770392
1463,17431,1.979701,7.673273
1464,17449,1.958070,7.076828
1465,17422,1.912502,6.576767
1466,17460,2.009238,7.656729
1467,17424,2.026198,8.653620
1468,17370,1.935767,8.160727
1469,17405,2.108309,7.180220
1470,17416,2.025846,7.065084
1471,17494,1.971061,8.058935
1472,17618,2.041718,7.958872
1473,17459,1.937622,7.577338
1474,17527,2.057206,7.973816
1475,17538,1.915414,7.301531
1476,17588,2.070038,7.802296
1477,17608,2.020821,7.347803
1478,17460,2.048694,8.070711
1479,17474,1.984694,7.306715
1480,17440,2.038677,6.770205
1481,17609,2.040373,7.007420
1482,17747,2.226485,9.526864
1483,17774,1.981046,7.921143
1484,17793,2.097141,9.013267
1485,17869,2.192917,8.681779
1486,17981,2.113845,7.716762
1487,17961,2.055413,7.996760
1488,18098,2.164501,9.066834
1489,17981,2.166517,8.189366
1490,18086,2.032630,7.608377
1491,18227,2.057526,7.848729
1492,18290,2.059862,7.797176
1493,18308,2.124278,7.033596
1494,18298,2.074197,7.915512
1495,18167,2.121237,8.061559
1496,18367,2.060566,7.687225
1497,18337,1.922294,7.043708
1498,18392,2.085397,7.786105
1499,18486,1.986869,8.223958
1500,18661,2.038646,7.194587
1501,18785,2.043605,7.263515
1502,18891,2.072597,8.794036
1503,18811,2.100885,8.014455
1504,18865,2.141205,7.607258
1505,18794,1.988023,8.047352
1506,18772,1.972342,8.467093
1507,18549,2.076661,8.140439
1508,18778,2.037046,7.659802
1509,18798,2.117334,8.624916
1510,18750,2.060309,8.160054
1511,18846,2.010294,8.519541
1512,18922,2.058357,7.848440
1513,18819,2.095381,8.321078
1514,18695,2.057397,8.098903
1515,18696,2.012757,7.357691
1516,18858,1.958807,9.112658
1517,18870,2.050550,8.606228
1518,18817,2.135285,8.052439
1519,18873,1.988886,9.430193
1520,18884,2.124629,7.407002
1521,18863,2.066806,9.364656
1522,18854,2.120213,8.410933
1523,18866,2.107413,8.647668
1524,18927,2.037045,9.480816
1525,18759,2.104085,8.549076
1526,18780,2.184276,8.040088
1527,18834,2.165717,9.408753
1528,18884,2.113365,9.014322
1529,18918,2.082453,7.710937
1530,19030,2.078197,7.174492
1531,19070,2.181748,8.161143
1532,19275,2.052342,7.890200
1533,19343,2.102037,7.587481
1534,19360,1.953398,7.960344
1535,19516,2.117813,7.197115
1536,19352,2.021558,7.948824
1537,19263,2.119254,8.059991
1538,19375,2.053142,7.720377
1539,19261,1.965013,6.900445
1540,19353,2.198869,7.689145
1541,19208,2.086645,7.371866
1542,19275,2.006741,8.245911
1543,19380,2.032886,9.316817
1544,19459,2.076758,8.624757
1545,19470,2.029557,8.207286
1546,19470,2.017685,6.788573
1547,19294,1.987158,7.382715
1548,19181,2.130901,8.099159
1549,19250,2.080598,8.026871
1550,19234,2.111285,8.036343
1551,19213,2.155062,7.264635
1552,19180,2.018518,8.273750
1553,19098,2.104118,7.752729
1554,19244,1.954390,9.022034
1555,19097,1.986934,7.719097
1556,18945,2.029717,7.842073
1557,18888,2.118101,7.943160
1558,18751,1.987285,7.078781
1559,18720,1.922999,7.134939
1560,18921,2.117141,8.052056
1561,18956,2.034454,7.000668
1562,19104,1.932406,7.492507
1563,19429,1.957525,6.990845
1564,19436,2.129877,7.304955
1565,19378,2.101461,6.941724
1566,19480,2.122485,7.993464
1567,19512,2.002262,7.545657
1568,19718,2.200565,7.637209
1569,19716,2.275252,8.336694
1570,19816,2.176436,7.751961
1571,19724,2.164372,8.259254
1572,19756,2.186101,7.772473
1573,19844,2.189140,8.670036
1574,19806,2.309652,8.246903
1575,19971,2.321460,8.009143
1576,19823,2.170805,8.923187
1577,19929,2.200789,8.350870
1578,19961,2.124757,8.394485
1579,20035,2.127637,8.849299
1580,20133,2.226677,8.460917
1581,20140,2.133109,8.422165
1582,20130,2.108149,8.155191
1583,20194,2.195444,9.367313
1584,20329,2.131701,8.354326
1585,20323,2.153014,8.714356
1586,20314,2.038358,7.396635
1587,20391,2.105812,8.782516
1588,20393,2.163956,7.770969
1589,20310,2.227796,8.950739
1590,20372,2.203093,7.319675
1591,20279,2.121717,9.378417
1592,20344,2.226452,8.577460
1593,20159,2.132853,9.001650
1594,20192,2.087061,8.495029
1595,20425,2.152181,8.673780
1596,20389,2.209781,8.746804
1597,20609,2.195541,8.381493
1598,20529,2.168661,8.278487
1599,20530,2.171477,8.372662
1600,20453,2.243572,8.101271
1601,20477,2.247412,7.497498
1602,20521,2.036085,8.299799
1603,20426,2.251636,7.710521
1604,20590,2.127989,7.759193
1605,20685,2.208213,8.142070
1606,20762,2.115669,7.585529
1607,20863,2.217908,7.915800
1608,20853,2.085397,8.157110
1609,20720,2.125493,8.256887
1610,20918,2.132693,9.343025
1611,20772,2.234388,8.763443
1612,20611,2.214452,8.315958
1613,20408,2.127797,8.437909
1614,20489,2.223316,8.403446
1615,20417,2.188821,8.854835
1616,20426,2.117174,7.986263
1617,20542,2.279893,7.435803
1618,20601,2.095414,8.074584
1619,20444,2.152662,7.461466
1620,20613,2.055990,8.829779
1621,20720,2.117109,8.432213
1622,20678,2.077718,8.282006
1623,20840,2.101590,8.992019
1624,20906,2.241429,10.029966
1625,21071,2.160437,8.582772
1626,21042,2.147285,8.068535
1627,20984,2.174613,7.859864
1628,21197,2.262645,8.368182
1629,21527,2.282388,9.358032
1630,21344,2.173877,8.825907
1631,21406,2.262677,7.592538
1632,21358,2.212149,8.779316
1633,21495,2.187764,8.481973
1634,21681,2.066614,8.953779
1635,21915,2.310516,9.948270
1636,21944,2.408020,8.858259
1637,21987,2.194708,8.902483
1638,22111,2.191797,8.734740
1639,21988,2.350323,9.192946
1640,21962,2.394292,9.134289
1641,22014,2.158421,8.365046
1642,21977,2.252948,10.352428
1643,21913,2.377588,9.343761
1644,21921,2.277428,8.176887
1645,22110,2.385012,7.919352
1646,22223,2.235956,8.852980
1647,22319,2.258452,8.722132
1648,22104,2.299092,9.572112
1649,22368,2.217269,9.339153
1650,22306,2.198229,9.254257
1651,22228,2.215156,8.762900
1652,22367,2.145269,10.216076
1653,22419,2.287124,8.902131
1654,22262,2.319220,8.213078
1655,22316,2.107286,8.502133
1656,22325,2.265620,7.931000
1657,22375,2.211540,8.779956
1658,22355,2.271092,9.403760
1659,22447,2.331732,8.216375
1660,22488,2.356308,9.554832
1661,22373,2.342228,8.779124
1662,22364,2.315988,8.054999
1663,22331,2.326228,9.274290
1664,22479,2.202005,9.887374
1665,22693,2.331188,9.412432
1666,22761,2.470707,10.126669
1667,22684,2.310228,10.792393
1668,22782,2.316404,9.792975
1669,22738,2.375827,9.196178
1670,23027,2.298516,8.713972
1671,23232,2.533715,9.180849
1672,23195,2.274900,9.847278
1673,23104,2.340436,10.297516
1674,23119,2.320885,10.162892
1675,23195,2.298676,8.941811
1676,23161,2.357108,9.110641
1677,23162,2.391571,9.316112
1678,23317,2.453908,9.211922
1679,23444,2.374195,8.704212
1680,23528,2.335284,9.210897
1681,23760,2.266324,8.873907
1682,24020,2.482707,8.870483
1683,24312,2.359796,9.145937
1684,24340,2.541011,10.053421
1685,24376,2.503891,9.333297
1686,24469,2.432532,11.236167
1687,24630,2.457076,10.376811
1688,24633,2.412084,9.438384
1689,24692,2.479571,9.734831
1690,24786,2.378067,10.595018
1691,24654,2.387284,9.778831
1692,24631,2.474195,10.993737
1693,24746,2.535059,9.778414
1694,24917,2.417235,9.675279
1695,24973,2.452147,10.909513
1696,25112,2.513363,11.246247
1697,25260,2.412628,10.144556
1698,25349,2.491027,10.005933
1699,25382,2.399955,9.801199
1700,25440,2.429140,10.452620
1701,25446,2.519315,10.162989
1702,25495,2.482740,11.261639
1703,25599,2.423859,9.624175
1704,25710,2.447731,10.899145
1705,25705,2.540019,10.641386
1706,25843,2.369044,9.648015
1707,25841,2.574578,10.211981
1708,25962,2.495411,11.980611
1709,26043,2.622067,9.747535
1710,25932,2.430388,10.137836
1711,25887,2.560083,9.875982
1712,26011,2.623474,10.113869
1713,26117,2.578067,11.177511
1714,26147,2.657714,10.502699
1715,26077,2.532851,10.895496
1716,25978,2.415603,10.521483
1717,26077,2.515859,10.679530
1718,25972,2.429459,11.049608
1719,26033,2.499731,9.073490
1720,25785,2.490771,11.608166
1721,25862,2.470803,11.398246
1722,25784,2.497587,12.160675
1723,25939,2.482163,12.075779
1724,25848,2.466355,10.037325
1725,25872,2.461203,10.007758
1726,25796,2.321620,10.012270
1727,25793,2.516851,10.102828
1728,25967,2.605234,8.398870
1729,26015,2.480243,9.216210
1730,26075,2.471731,9.901869
1731,26135,2.413683,10.309516
1732,26006,2.583251,9.209521
1733,26221,2.472723,9.611120
1734,26440,2.603378,10.616106
1735,26428,2.566739,10.028877
1736,26560,2.605906,9.855662
1737,26330,2.493651,8.757908
1738,26442,2.612882,10.694570
1739,26452,2.580755,11.925411
1740,26524,2.541556,9.829423
1741,26630,2.544499,10.019182
1742,26841,2.470259,11.030248
1743,26697,2.397139,10.887017
1744,26649,2.570227,11.637061
1745,26827,2.545331,11.046120
1746,26867,2.608882,11.698501
1747,27175,2.645010,10.530315
1748,26978,2.626866,11.121063
1749,26826,2.557075,10.640874
1750,26858,2.381780,10.614699
1751,27046,2.605203,10.295756
1752,27039,2.720978,10.309388
1753,26947,2.528562,10.997353
1754,27172,2.495379,10.987848
1755,27249,2.493011,10.850377
1756,27213,2.519763,11.127112
1757,27355,2.615698,10.982696
1758,27465,2.689938,11.601349
1759,27359,2.610579,11.484358
1760,27220,2.658131,11.289127
1761,27252,2.616371,9.921838
1762,27198,2.623538,11.059048
1763,27250,2.550035,11.365830
1764,27256,2.547059,11.863748
1765,27262,2.620659,11.070696
1766,27529,2.504532,10.254988
1767,27644,2.628371,11.514342
1768,27780,2.618259,11.749541
1769,27452,2.608338,12.407265
1770,27502,2.596819,11.755909
1771,27663,2.563955,11.346023
1772,27697,2.689074,12.201570
1773,27739,2.642226,11.019496
1774,27880,2.683794,11.454566
1775,27860,2.693298,13.324317
1776,27832,2.681362,12.009764
1777,27625,2.502227,11.911076
1778,27578,2.581394,10.283212
1779,27600,2.604371,11.346470
1780,27544,2.533458,12.217602
1781,27520,2.627922,11.190120
1782,27605,2.511316,12.758943
1783,27695,2.543411,10.526763
1784,27700,2.595858,10.929097
1785,27490,2.557779,11.387270
1786,27532,2.441843,10.873353
1787,27638,2.498227,11.370342
1788,27608,2.493875,11.100520
1789,27779,2.539507,11.140487
1790,27790,2.570643,11.804932
1791,28036,2.662706,11.430311
1792,28262,2.575027,10.792618
1793,28444,2.577394,11.872837
1794,28376,2.658802,12.394914
1795,28441,2.570003,12.589216
1796,28398,2.524435,13.025374
1797,28761,2.577043,11.578981
1798,28780,2.674098,11.034536
1799,28939,2.584659,13.357053
1800,29077,2.616179,11.380935
1801,29326,2.651922,11.543302
1802,29229,2.496211,11.099496
1803,29129,2.598835,12.294690
1804,28973,2.714323,11.382918
1805,29012,2.657970,11.385831
1806,28987,2.603219,10.645451
1807,28964,2.583986,11.518310
1808,29088,2.682450,12.258370
1809,29226,2.464947,11.150567
1810,29283,2.708914,11.692037
1811,29237,2.796945,10.866761
1812,29186,2.624275,11.731077
1813,29055,2.631379,10.897417
1814,28972,2.632371,10.910377
1815,29042,2.643986,10.699370
1816,29029,2.553491,10.341068
1817,28812,2.549683,10.921097
1818,28909,2.470004,10.843626
1819,28921,2.611187,10.237516
1820,28949,2.694130,9.818415
1821,29012,2.503315,11.211080
1822,29080,2.636626,10.766377
1823,29247,2.564499,10.561643
1824,29233,2.615378,9.900078
1825,29204,2.632658,10.665354
1826,29435,2.592019,10.347244
1827,29638,2.596786,11.171144
1828,29909,2.589171,11.122056
1829,30049,2.563379,11.305607
1830,30182,2.550195,10.490635
1831,30397,2.603378,12.063907
1832,30507,2.613459,11.496966
1833,30601,2.746322,11.028040
1834,30874,2.557202,12.430241
1835,30826,2.775378,11.600997
1836,30754,2.528595,10.084237
1837,31023,2.603538,11.525894
1838,31086,2.791058,12.541952
1839,31073,2.694322,11.221287
1840,31054,2.718226,11.825860
1841,31158,2.645010,12.174658
1842,31042,2.679282,12.704672
1843,31327,2.772050,12.141314
1844,31294,2.731825,12.527457
1845,31148,2.772786,12.192290
1846,31375,2.762065,12.796128
1847,31460,2.860754,11.869060
1848,31302,2.751314,12.487009
1849,31518,2.744562,11.553414
1850,31615,2.822322,11.458214
1851,31744,2.745745,13.627419
1852,31902,2.777490,15.145524
1853,31850,2.914545,12.964031
1854,31617,2.795058,12.442593
1855,31839,2.726098,12.761376
1856,31876,2.749362,12.590304
1857,31894,2.762769,11.556517
1858,32099,2.851058,11.796485
1859,32201,2.774066,12.395073
1860,32276,2.884977,11.832004
1861,32340,2.841873,11.752004
1862,32480,2.936529,11.900196
1863,32326,2.884113,12.288098
1864,32276,3.012241,14.628790
1865,32279,3.080944,12.816799
1866,32076,2.908689,12.759679
1867,32151,2.838194,12.367714
1868,32087,2.883153,14.671317
1869,31942,2.672018,11.891588
1870,32114,2.853938,12.136674
1871,31949,2.812434,11.842724
1872,32214,2.742226,11.626373
1873,32089,2.778610,12.645408
1874,32095,2.798449,12.772991
1875,32037,2.734162,11.075912
1876,32035,2.814225,14.666230
1877,32222,2.788625,13.509180
1878,32187,2.799826,11.834628
1879,32408,2.761298,13.334717
1880,32330,2.757522,12.584961
1881,32484,2.878193,13.069950
1882,32480,3.029969,12.594177
1883,32463,2.843218,13.249597
1884,32427,2.848850,11.713797
1885,32435,2.835729,13.536539
1886,32605,2.915025,11.234823
1887,32485,2.870289,12.293154
1888,32804,2.952945,11.509861
1889,32766,2.900049,13.098398
1890,32914,2.776658,11.209735
1891,32927,2.895153,12.897759
1892,33019,2.950897,11.267528
1893,32852,2.811825,12.192034
1894,33035,2.817202,12.106594
1895,33194,2.909521,12.909823
1896,33323,2.837074,13.354941
1897,33564,3.008049,13.172733
1898,33660,2.992369,11.852868
1899,33698,2.915730,13.292284
1900,33840,2.958320,14.191736
1901,33812,2.904849,12.523137
1902,33810,2.941585,13.038878
1903,34058,2.888082,14.163353
1904,34224,2.905009,13.649146
1905,34023,2.853361,13.034494
1906,34157,2.998705,13.735291
1907,34231,2.951121,13.763163
1908,34254,3.010384,12.810495
1909,34503,3.120336,14.667189
1910,34594,3.063985,13.348989
1911,34714,2.973169,13.244509
1912,34762,2.996241,15.129715
1913,34908,2.928369,12.159714
1914,34864,3.056432,13.480284
1915,34957,2.988720,13.189405
1916,35226,2.980561,13.696442
1917,35344,3.098064,13.593500
1918,35542,3.160560,12.754272
1919,35564,3.126640,14.139417
1920,35749,3.166863,14.510359
1921,35742,3.270416,14.424439
1922,36044,3.152719,14.088249
1923,35907,3.149776,17.176489
1924,35863,3.070609,13.015326
1925,35752,3.055441,12.929950
1926,35778,3.115184,15.554290
1927,35547,3.174096,14.649494
1928,35399,3.124975,14.867573
1929,35375,3.174704,12.827583
1930,35505,3.117295,14.316216
1931,35713,3.018833,12.782175
1932,35542,2.979249,14.868085
1933,35810,3.159696,14.247864
1934,35965,3.002737,13.668188
1935,36040,3.115024,12.893919
1936,36058,3.148432,14.773941
1937,35908,3.076400,14.147992
1938,35811,3.087728,14.724086
1939,35869,2.958256,13.593468
1940,35852,3.108784,14.684150
1941,35830,3.091216,14.226040
1942,36131,3.020433,14.040121
1943,36085,3.215439,12.681441
1944,36003,3.178735,16.846699
1945,36137,3.132080,13.779098
1946,36266,3.227471,12.705856
1947,36402,3.193359,14.362712
1948,36510,3.358031,13.940505
1949,36521,3.221839,13.701531
1950,36589,3.302351,13.428252
1951,36447,3.182384,13.959418
1952,36458,3.161455,14.238264
1953,36389,3.125872,16.245262
1954,36476,3.177583,14.304695
1955,36540,3.216080,17.244233
1956,36475,3.107888,13.255485
1957,36596,3.142224,13.903322
1958,36577,3.233807,14.815605
1959,36671,3.248591,14.205816
1960,36787,3.296463,15.448370
1961,37012,3.239568,15.608881
1962,36914,3.231440,14.068122
1963,37030,3.301648,14.472503
1964,37066,3.199568,15.352658
1965,37273,3.368430,14.295736
1966,37345,3.304847,14.556279
1967,37191,3.219888,13.796955
1968,37389,3.284527,13.936889
1969,37375,3.315791,14.094585
1970,37415,3.317007,15.399282
1971,37618,3.212911,15.057620
1972,37482,3.336975,13.943930
1973,37610,3.330319,14.135160
1974,37722,3.133488,15.279827
1975,37626,3.178511,13.673052
1976,37531,3.298671,14.760054
1977,37525,3.267439,12.761280
1978,37607,3.247119,14.522359
1979,37642,3.233327,13.476668
1980,37795,3.234191,15.665712
1981,38020,3.218479,12.969471
1982,38276,3.408526,15.554929
1983,38154,3.233392,13.506364
1984,38379,3.288271,14.248056
1985,38403,3.421519,15.214931
1986,38449,3.386959,17.036586
1987,38491,3.360174,13.884218
1988,38466,3.353039,14.813525
1989,38631,3.292304,15.480018
1990,38621,3.278351,14.694998
1991,38654,3.313839,13.482748
1992,38744,3.398990,14.823765
1993,38597,3.371598,14.609846
1994,38415,3.346927,16.943723
1995,38327,3.358414,14.384727
1996,38347,3.204623,13.581308
1997,38649,3.387791,16.375629
1998,38642,3.312111,14.675349
1999,38770,3.511310,13.767962
2000,39024,3.515534,15.904687
2001,38905,3.563853,15.314450
2002,38902,3.469518,16.182638
2003,39150,3.266191,17.396840
2004,39216,3.478191,15.029044
2005,39372,3.534605,16.339214
2006,39147,3.514542,16.523980
2007,39205,3.557230,18.357699
2008,39290,3.496590,15.526513
2009,39379,3.512429,16.046415
2010,39401,3.531694,17.267465
2011,39514,3.367311,17.804326
2012,39491,3.579886,14.926453
2013,39411,3.413934,14.623126
2014,39560,3.406543,15.346643
2015,39489,3.276047,17.179786
2016,39475,3.512558,15.236339
2017,39449,3.369903,16.573132
2018,39238,3.397391,15.341394
2019,39590,3.477934,15.551410
2020,39577,3.370863,15.308179
2021,39514,3.340143,17.304360
2022,39486,3.313807,15.706032
2023,39658,3.284943,16.714987
2024,39506,3.551886,14.622102
2025,39544,3.367119,15.015188
2026,39660,3.430510,14.342296
2027,39675,3.438222,16.232654
2028,39468,3.432142,14.701142
2029,39508,3.285807,14.154360
2030,39560,3.462159,15.459506
2031,39598,3.523757,17.243337
2032,39692,3.476846,15.461874
2033,39721,3.610029,18.406627
2034,39904,3.568973,16.398093
2035,39818,3.606702,17.417832
2036,39960,3.567214,17.231976
2037,39858,3.512078,14.670390
2038,39983,3.579854,14.846901
2039,40213,3.478862,16.673931
2040,40095,3.490669,16.020463
2041,40293,3.540173,14.352759
2042,40109,3.752301,14.616694
2043,39901,3.542157,15.093332
2044,39975,3.519662,16.028655
2045,39915,3.320591,14.106105
2046,39871,3.317871,15.242163
2047,39951,3.460782,13.668219
2048,39906,3.401166,15.941135
2049,39940,3.264335,14.675062
2050,39920,3.437390,15.686257
2051,39877,3.333167,15.023604
2052,40051,3.463470,15.095475
2053,40168,3.342191,15.467474
2054,40254,3.532046,14.835893
2055,40224,3.407439,13.045567
2056,40163,3.421678,13.972634
2057,40172,3.437518,14.704118
2058,40020,3.466766,14.243800
2059,39909,3.483855,15.853584
2060,40103,3.444046,15.729041
2061,40046,3.339279,15.685681
2062,40124,3.390095,16.066159
2063,40095,3.465102,15.600370
2064,40274,3.451790,15.082324
2065,39945,3.427246,17.314696
2066,40068,3.282287,13.882938
2067,40074,3.327375,14.075929
2068,40307,3.540590,16.769675
2069,40465,3.423726,15.304883
2070,40646,3.623533,16.316590
2071,40569,3.450382,14.499222
2072,40383,3.475758,15.004821
2073,40462,3.554413,14.575766
2074,40553,3.556558,16.200942
2075,40570,3.595821,14.505494
2076,41028,3.449390,16.836554
2077,41242,3.621517,14.724214
2078,41421,3.595501,14.371895
2079,41572,3.618157,16.211662
2080,41831,3.623597,16.179471
2081,41859,3.680237,17.466152
2082,41888,3.597165,15.170291
2083,41988,3.657677,16.560204
2084,41988,3.603566,15.898928
2085,42095,3.608206,15.579250
2086,41953,3.664750,15.783409
2087,42232,3.757613,16.274222
2088,42153,3.805068,16.379789
2089,42229,3.677453,16.105326
2090,41981,3.620654,17.032042
2091,41986,3.514735,17.291113
2092,42147,3.559950,18.314435
2093,42174,3.688621,16.291853
2094,42150,3.689837,17.463751
2095,42083,3.718573,17.764550
2096,42242,3.615277,17.112361
2097,42146,3.607117,17.369256
2098,42299,3.680269,17.503400
2099,42396,3.681262,16.252686
2100,42425,3.803661,16.643084
2101,42641,3.741548,17.622950
2102,42825,3.774317,19.231519
2103,42907,3.675150,16.573581
2104,42854,3.602926,13.918233
2105,42795,3.557550,14.594102
2106,42895,3.577613,15.617361
2107,43162,3.588909,15.748944
2108,42926,3.716013,15.484625
2109,42943,3.622061,14.811605
2110,42957,3.734412,15.158996
2111,43010,3.752365,15.563730
2112,43293,3.667437,14.464599
2113,43242,3.669453,16.618764
2114,43242,3.755085,16.779724
2115,43231,3.608429,15.927567
2116,43376,3.650445,14.722326
2117,43300,3.791468,15.365618
2118,43436,3.674189,15.438194
2119,43242,3.690349,16.764523
2120,43285,3.852204,15.682352
2121,43533,3.672493,15.397234
2122,43532,3.877516,15.968015
2123,43551,3.709485,15.174867
2124,43669,3.655693,14.968756
2125,44029,3.723917,17.040106
2126,43948,3.870764,16.195534
2127,43905,3.798252,17.031467
2128,43974,3.708333,17.286249
2129,43805,3.740172,16.708939
2130,43829,3.522222,14.193752
2131,43924,3.835565,16.142894
2132,44039,3.697645,16.334093
2133,44104,3.809548,16.012399
2134,44146,3.829548,15.432050
2135,44177,3.744877,15.658896
2136,44273,3.798797,13.929082
2137,44630,3.859148,16.269613
2138,44747,3.784716,15.922223
2139,44866,3.660973,17.292968
2140,44609,3.787757,18.506531
2141,44661,3.683533,15.697137
2142,44924,3.724973,16.918538
2143,44947,3.793100,16.300686
2144,45085,3.821004,17.162793
2145,45025,3.754444,16.114830
2146,44855,3.799533,14.971380
2147,45305,3.847980,14.637494
2148,45568,3.892908,17.674118
2149,45727,4.035467,17.818310
2150,45800,3.981644,17.443560
2151,45763,3.911116,17.357129
2152,45767,3.886028,18.080101
2153,46014,3.930059,17.499303
2154,46010,3.912780,20.227738
2155,46023,3.903117,16.787690
2156,46087,3.957036,15.868880
2157,46124,3.959787,17.231240
2158,46065,3.987787,16.590284
2159,45775,3.849868,16.801035
2160,45736,3.828524,15.535121
2161,45592,3.786956,18.395427
2162,45740,3.773389,17.364776
2163,45639,3.928268,18.238052
2164,45620,3.698861,17.108298
2165,45686,3.848013,16.085359
2166,45673,3.700973,16.645708
2167,45760,3.721101,15.779633
2168,45896,3.911436,16.168783
2169,46109,3.813581,15.448594
2170,46119,3.788109,16.220142
2171,46512,3.991564,15.890095
2172,46775,3.799597,16.656268
2173,47151,3.835852,15.210131
2174,47460,4.026764,16.311469
2175,47464,3.959051,17.494024
2176,47312,3.872428,17.965541
2177,47232,4.039116,17.939845
2178,47202,3.910123,17.757895
2179,47309,3.877676,19.720189
2180,47385,4.062987,18.632962
2181,47487,4.026795,18.484738
2182,47333,3.977932,18.260836
2183,47368,4.045131,20.845430
2184,47488,4.047947,16.521004
2185,47643,4.043596,17.875589
2186,47778,4.074475,17.226473
2187,47776,4.102219,17.741094
2188,47856,4.017483,16.852363
2189,47957,4.114538,19.087872
2190,47973,4.193066,20.098586
2191,48036,4.210219,16.834827
2192,47954,4.054635,17.500327
2193,47998,4.163563,18.686593
2194,48311,4.115019,18.338563
2195,48584,4.186379,18.762017
2196,48437,4.110731,20.530680
2197,48563,4.202602,20.659543
2198,48621,4.201898,18.655458
2199,48536,4.231306,20.528601
2200,48648,4.181770,19.483102
2201,49099,4.211914,18.491906
2202,49298,4.256458,18.053285
2203,49269,4.319210,17.822725
2204,49140,4.290314,17.534472
2205,49148,4.098091,17.772998
2206,49327,4.256939,17.452296
2207,49329,4.294474,18.458722
2208,49406,4.413289,19.018720
2209,49416,4.293450,20.271738
2210,49884,4.382858,20.716535
2211,50014,4.368522,20.290105
2212,50109,4.250026,20.606680
2213,50154,4.313290,20.176506
2214,50313,4.276138,19.382174
2215,50290,4.377737,19.059488
2216,50513,4.442473,20.699319
2217,50441,4.451401,19.174847
2218,50426,4.316042,19.010784
2219,50224,4.294026,20.901239
2220,50241,4.300458,18.431938
2221,50084,4.231402,18.804321
2222,50227,4.206954,17.173385
2223,50537,4.378473,19.019168
2224,50370,4.287882,19.248831
2225,50280,4.369865,19.717052
2226,50385,4.250602,17.656774
2227,50610,4.508393,18.237988
2228,50614,4.347146,17.975365
2229,50576,4.483113,19.335839
2230,50453,4.190795,16.880267
2231,50426,4.325386,19.985211
2232,50391,4.306538,18.901057
2233,50664,4.237290,17.676487
2234,50768,4.349385,17.727879
2235,50579,4.500361,17.871877
2236,50429,4.234858,17.778438
2237,50422,4.365898,18.356035
2238,50468,4.522185,18.684577
2239,50449,4.203530,17.332584
2240,50692,4.442537,17.490759
2241,50790,4.230282,17.325257
2242,50828,4.629544,20.422041
2243,50862,4.304457,19.458717
2244,50834,4.456265,17.759654
2245,51006,4.311754,18.918304
2246,50906,4.416682,19.844060
2247,50972,4.144906,18.427043
2248,51101,4.312426,18.497251
2249,51128,4.349226,17.769926
2250,51072,4.326666,20.461657
2251,50951,4.259722,17.948997
2252,50943,4.374313,18.348707
2253,50995,4.395209,17.389737
2254,50991,4.476937,18.014821
2255,50756,4.297513,18.676993
2256,50669,4.249546,18.997856
2257,50627,4.214571,19.654684
2258,50650,4.124395,20.393081
2259,50854,4.265515,18.777922
2260,50794,4.186827,17.560423
2261,50848,4.213482,21.333237
2262,50649,4.303978,18.671394
2263,50336,4.308873,19.089695
2264,50508,4.130155,17.022922
2265,50513,4.306250,16.527373
2266,50646,4.305002,17.213128
2267,50727,4.293226,18.977472
2268,50802,4.215819,18.162884
2269,51177,4.153291,17.656327
2270,51224,4.262219,18.860353
2271,51075,4.435626,17.695878
2272,50875,4.404330,20.078202
2273,50928,4.258090,18.596322
2274,51182,4.301162,18.303267
2275,51287,4.532809,19.834012
2276,51458,4.418665,19.698653
2277,51503,4.366697,19.017664
2278,51643,4.263018,17.726375
2279,51550,4.433961,19.659005
2280,51323,4.641225,19.570654
2281,51264,4.477033,20.361626
2282,51111,4.419849,17.501512
2283,51023,4.336810,21.557459
2284,51192,4.312266,18.808161
2285,51273,4.284105,18.277987
2286,51100,4.448745,20.032443
2287,51190,4.297322,19.351039
2288,51329,4.516776,18.286531
2289,51558,4.332874,17.342696
2290,51800,4.445129,18.631681
2291,51873,4.493449,19.590749
2292,52056,4.379561,21.413012
2293,52156,4.454761,23.184010
2294,52569,4.507530,19.477662
2295,52699,4.608264,20.405017
2296,52689,4.616392,20.218553
2297,52574,4.524809,20.822231
2298,52629,4.563753,18.515746
2299,52774,4.506248,20.697623
2300,52791,4.494505,20.030843
2301,52944,4.493130,20.030874
2302,53325,4.534409,23.688680
2303,53517,4.679241,21.007670
2304,53919,4.579081,20.477048
2305,54052,4.545897,20.281242
2306,54185,4.848327,19.475293
2307,54348,4.825063,19.513277
2308,54324,4.601000,20.624312
2309,54474,4.774311,21.341109
2310,54435,4.662600,18.673378
2311,54528,4.731623,19.478046
2312,54563,4.823495,21.157973
2313,54545,4.668488,21.090965
2314,54684,4.815719,19.998011
2315,54516,4.723016,22.016817
2316,54676,4.682087,20.271705
2317,54496,4.654856,19.573117
2318,54561,4.742248,18.876640
2319,54651,4.708648,19.539453
2320,55063,4.866311,23.260906
2321,54817,4.943398,20.733303
2322,54873,4.623017,22.058256
2323,54787,4.614504,21.848977
2324,55143,4.734856,21.099574
2325,55027,4.669736,21.600915
2326,54823,4.700328,23.622696
2327,55020,4.830919,21.885393
2328,54826,4.770119,22.147248
2329,54994,4.575112,20.181497
2330,55005,4.720488,19.224159
2331,54903,4.833351,19.445214
2332,54831,4.738824,22.142736
2333,54775,4.646920,21.432084
2334,55021,4.691496,17.966182
2335,55116,4.791239,19.394013
2336,55132,4.586504,18.838849
2337,54945,4.818599,19.206238
2338,54760,4.654505,18.436035
2339,54679,4.630504,19.281214
2340,54541,4.720840,18.004389
2341,54612,4.429705,19.514366
2342,54623,4.472457,18.069636
2343,54721,4.519657,18.182500
2344,54735,4.564424,20.303833
2345,54958,4.571497,18.612930
2346,55097,4.701224,20.192954
2347,55312,4.895303,19.565949
2348,55361,4.683688,18.132036
2349,55249,4.697896,21.471315
2350,55510,4.780839,17.795238
2351,55753,4.831047,19.171103
2352,55748,5.026151,19.349791
2353,55739,4.960071,20.710359
2354,55978,4.842439,19.670845
2355,55946,5.135686,20.184858
2356,56099,4.996103,20.007611
2357,55683,4.889767,21.741491
2358,55716,4.775528,22.440878
2359,55723,4.865671,23.869192
2360,55556,4.653992,19.160031
2361,55526,4.789128,19.354654
2362,55455,4.716488,18.298788
2363,55370,4.727912,21.426932
2364,55238,4.752455,20.929078
2365,55371,4.611560,18.734401
2366,55593,4.633065,19.264799
2367,55530,4.801863,19.173279
2368,55619,4.665224,20.700855
2369,55778,4.642473,19.705532
2370,56012,4.753895,22.628781
2371,55912,4.854663,21.712562
2372,56076,4.675783,19.132800
2373,56262,4.824391,19.298494
2374,56170,4.627272,19.741660
2375,56039,4.705287,20.482392
2376,56160,4.761320,18.531235
2377,56197,4.871175,19.420190
2378,56231,4.963206,21.192693
2379,56211,4.894855,18.979297
2380,55989,4.828999,21.388852
2381,55811,4.937831,18.912865
2382,55570,4.715240,20.178873
2383,55277,4.809767,18.978496
2384,55325,4.822695,20.010459
2385,55582,4.741448,19.504989
2386,55818,4.803303,22.130416
2387,56153,4.684968,23.061387
2388,56113,4.867751,21.135126
2389,56355,4.751720,20.453688
2390,56268,5.013286,18.798049
2391,56342,5.024102,20.872599
2392,56458,5.033254,20.162778
2393,56344,4.811623,19.869371
2394,56515,5.043110,20.251866
2395,56361,4.969479,21.994353
2396,56444,4.824040,21.286292
2397,56546,4.831591,22.002193
2398,56775,4.771975,18.986848
2399,56908,4.757608,18.628226
2400,56537,4.908743,19.345919
2401,56593,4.794535,19.571741
2402,56674,4.706760,18.471235
2403,56632,4.778344,20.506457
2404,56636,4.834312,18.411043
2405,56649,4.922727,20.429433
2406,56821,4.756583,19.949402
2407,57228,4.852999,20.204314
2408,57261,4.944102,21.218101
2409,57447,4.993638,21.580083
2410,57560,4.982886,21.872049
2411,57658,4.969318,20.387289
2412,57735,4.893895,20.850710
2413,57853,5.069638,20.193050
2414,58020,5.011814,20.216985
2415,58131,4.958022,19.954171
2416,58157,5.137861,21.992753
2417,58339,4.970150,19.777244
2418,58121,5.146438,20.424921
2419,58187,4.919559,19.546205
2420,58270,5.059238,19.830332
2421,58023,4.988775,20.135226
2422,58099,4.897863,20.383737
2423,58198,4.977863,20.133210
2424,58139,4.939014,19.148416
2425,58361,5.006374,19.055551
2426,58459,4.925287,20.804727
2427,58507,5.032262,25.380223
2428,58521,5.021319,20.300730
2429,58461,4.964775,22.843757
2430,58649,5.066854,22.932491
2431,58597,5.119238,19.357374
2432,58498,5.058725,19.849916
2433,58541,4.953223,19.356223
2434,58662,5.063206,20.245402
2435,58764,5.061318,22.439566
2436,58695,5.076006,24.615395
2437,58780,4.957223,20.413625
2438,58668,5.229893,19.869979
2439,58469,5.100838,21.203253
2440,58486,5.171494,22.204368
2441,58682,5.092582,20.024346
2442,58597,5.225573,20.600120
2443,58935,5.170758,19.519197
2444,59317,5.230150,22.870860
2445,59488,5.125638,20.721879
2446,59575,5.249605,21.572371
2447,59615,5.066502,20.007642
2448,59701,5.294469,20.904726
2449,59631,4.979751,20.542872
2450,59631,5.255877,20.834934
2451,59615,5.075014,21.915409
2452,59560,5.152230,20.749175
2453,59559,5.114502,21.131509
2454,59862,5.162949,20.428792
2455,60166,5.046918,20.482616
2456,60305,5.144709,24.702723
2457,60226,5.366276,21.584883
2458,60388,5.245541,20.367769
2459,60410,5.232485,24.013159
2460,60366,5.345029,27.655637
2461,60474,5.290212,26.251739
2462,60743,5.212421,20.825142
2463,60876,5.284389,22.507470
2464,61038,5.295781,22.147889
2465,61214,5.348421,22.050417
2466,61185,5.466692,21.004950
2467,60985,5.299557,21.163253
2468,60973,5.372196,22.003313
2469,61024,5.378532,23.623945
2470,60893,5.307364,21.913842
2471,60903,5.397828,23.496393
2472,61119,5.502276,23.738632
2473,61326,5.514244,21.898961
2474,61114,5.535492,22.746637
2475,61187,5.432293,22.428590
2476,61272,5.376164,20.343417
2477,61229,5.527236,20.686839
2478,61243,5.459460,20.599799
2479,61557,5.476324,19.999419
2480,61783,5.310277,21.599187
2481,61991,5.440869,21.013846
2482,61981,5.372421,23.120619
2483,62196,5.601060,25.720766
2484,61977,5.576739,22.735373
2485,62049,5.451332,21.618323
2486,62003,5.385060,24.416132
2487,62052,5.364900,22.626414
2488,61986,5.365220,21.452532
2489,62047,5.409924,20.274874
2490,61915,5.573859,21.104246
2491,61838,5.353028,20.638391
2492,61929,5.530083,25.147841
2493,62063,5.336356,26.471866
2494,62240,5.434148,20.653432
2495,62103,5.401892,20.114426
2496,62085,5.358916,21.209429
2497,62126,5.599715,22.453935
2498,61935,5.464804,21.383316
2499,62114,5.457892,21.915345
2500,62042,5.432229,21.781746
2501,62106,5.526660,20.030811
2502,62308,5.298757,21.133845
2503,62232,5.501635,21.658610
2504,62365,5.451460,21.705874
2505,62362,5.359748,23.372266
2506,62186,5.467396,24.307333
2507,62196,5.454884,22.295055
2508,62406,5.310405,21.917457
2509,62584,5.506692,23.202731
2510,62694,5.652483,22.325743
2511,62848,5.479076,20.448985
2512,62636,5.501412,23.752839
2513,62310,5.304549,21.868274
2514,62455,5.438468,19.773020
2515,62379,5.328677,23.473801
2516,62396,5.399493,20.276089
2517,62429,5.448900,20.594776
2518,62589,5.393124,21.282676
2519,62657,5.490147,20.105050
2520,63121,5.254757,19.271518
2521,63210,5.552356,20.435705
2522,63301,5.463044,22.977548
2523,63042,5.523396,20.618903
2524,63025,5.495588,21.210901
2525,62912,5.435716,21.614451
2526,62978,5.383781,20.781911
2527,63011,5.328613,20.774807
2528,62731,5.383748,19.957275
2529,63131,5.299365,18.536130
2530,63066,5.390852,21.757074
2531,63107,5.475876,20.120122
2532,62993,5.223557,20.143611
2533,63385,5.382948,19.244446
2534,63348,5.336837,21.352628
2535,63411,5.228037,23.074411
2536,63609,5.281510,21.827601
2537,63644,5.490500,21.191189
2538,63713,5.486276,17.914853
2539,63604,5.446596,19.860860
2540,63538,5.295237,20.678615
2541,63659,5.418852,21.158741
2542,63774,5.594979,20.503449
2543,63652,5.717410,21.499571
2544,63781,5.398212,19.188448
2545,63556,5.407653,20.564504
2546,63632,5.456068,19.185151
2547,63381,5.314884,19.905212
2548,63583,5.302949,19.560734
2549,63535,5.408965,21.414068
2550,63625,5.361189,21.594099
2551,64021,5.390213,20.025851
2552,64302,5.458788,22.731725
2553,64402,5.433092,19.560062
2554,64205,5.381924,21.205045
2555,64098,5.464644,21.531252
2556,64225,5.542851,22.039473
2557,64032,5.622371,22.556078
2558,63996,5.547587,21.952529
2559,64153,5.550308,21.628275
2560,64028,5.399940,20.417273
2561,64282,5.296548,22.711885
2562,64593,5.555204,21.484051
2563,64769,5.693411,23.492969
2564,65023,5.744674,22.873613
2565,65170,5.780770,21.902642
2566,64987,5.714402,22.711726
2567,65155,5.736226,23.941319
2568,65339,5.676835,23.399722
2569,65815,5.735747,24.276645
2570,65785,5.906658,22.303056
2571,66051,5.962434,24.478052
2572,66245,5.892546,23.726856
2573,66586,5.965217,25.288896
2574,66748,6.136608,22.822957
2575,67057,5.984641,22.178768
2576,67269,5.811842,23.243115
2577,67313,5.872738,23.354858
2578,67247,5.974945,23.595945
2579,67129,5.776962,23.418474
2580,67289,5.934849,22.653037
2581,67146,5.789506,22.478671
2582,66988,5.872225,24.768867
2583,67422,5.815714,22.710190
2584,67267,5.989953,23.811976
2585,67117,6.097824,23.601864
2586,66874,5.858082,23.689640
2587,66928,5.885665,22.336367
2588,66893,5.885889,23.158187
2589,66858,5.854082,22.994380
2590,66745,5.722211,22.192304
2591,66708,5.847554,23.582697
2592,67065,5.740227,23.378378
2593,66790,5.766370,21.238356
2594,67066,5.693315,22.864365
2595,66928,5.872801,23.279755
2596,66806,5.904354,24.586148
2597,66827,5.803426,22.808205
2598,66562,5.700963,22.123408
2599,66631,5.740291,22.407983
2600,66544,5.648771,25.280704
2601,66591,5.646435,24.409189
2602,66671,5.790754,26.607994
2603,67079,5.654947,22.500110
2604,67056,5.740930,22.994060
2605,67050,5.721347,24.022214
2606,67119,5.935426,22.467406
2607,67091,5.989921,25.443231
2608,66867,5.744067,24.931074
2609,67031,5.642755,22.189103
2610,67196,5.636483,21.058934
2611,67201,5.700002,22.442767
2612,67415,5.669091,24.413701
2613,67350,5.872450,24.362341
2614,67295,5.801538,21.484052
2615,67268,5.908961,23.062347
2616,67675,5.847842,25.522944
2617,67672,6.019265,25.681886
2618,67522,5.917729,23.228650
2619,67418,5.907810,24.396677
2620,67621,5.839330,24.896130
2621,67937,5.793282,22.256048
2622,68583,6.050720,24.901123
2623,68515,6.045633,23.387146
2624,68442,6.028834,22.822124
2625,68511,6.060193,24.367781
2626,68658,5.937697,22.723117
2627,68363,5.985729,23.191627
2628,68732,5.946497,25.855198
2629,68957,6.137920,22.184079
2630,69138,6.037184,23.836519
2631,69164,6.168000,25.756446
2632,69464,6.048961,25.625630
2633,69648,6.188513,22.466830
2634,69647,5.974658,22.202799
2635,69787,6.206815,23.867143
2636,69875,5.980162,24.126151
2637,69868,6.006017,23.745352
2638,69637,6.097793,23.690312
2639,69631,5.950434,23.921159
2640,69762,6.175648,25.557503
2641,70210,6.193440,25.776253
2642,70556,6.288416,26.894264
2643,70443,6.157729,24.147719
2644,70242,6.126305,25.436448
2645,70652,5.930818,25.051458
2646,70742,6.018048,24.516964
2647,70833,6.275552,25.773981
2648,71188,6.112864,26.122812
2649,71107,6.550718,26.771353
2650,71007,6.228064,26.452090
2651,71013,6.252320,24.185190
2652,71416,6.095712,26.355387
2653,71349,6.395295,27.897939
2654,71146,6.331776,24.192453
2655,70879,6.350463,23.963975
2656,70788,6.086849,22.948875
2657,70930,6.237856,22.584622
2658,71053,6.208480,24.461860
2659,71119,6.261568,23.616360
2660,71368,6.256256,22.504526
2661,71581,6.084289,22.792077
2662,71645,6.374368,22.460399
2663,71330,6.151745,23.662185
2664,71292,6.223456,24.805347
2665,71574,6.085377,24.338053
2666,72152,6.079232,25.955133
2667,72089,6.225984,25.485951
2668,72337,6.427359,24.837827
2669,72129,6.236000,24.437604
2670,72008,6.421215,26.202427
2671,72281,6.228128,24.128710
2672,72178,6.431615,26.520282
2673,72468,6.519422,24.068806
2674,72535,6.645246,25.090369
2675,72836,6.470623,24.266501
2676,72955,6.493471,27.180407
2677,72869,6.442559,24.653507
2678,72800,6.468159,23.348202
2679,72945,6.125377,24.784002
2680,73077,6.389344,23.887655
2681,73181,6.526463,23.610921
2682,73367,6.523327,23.807432
2683,73543,6.498207,24.106310
2684,73642,6.582653,24.786371
2685,74086,6.728414,24.914402
2686,74429,6.719422,25.512255
2687,74659,6.936285,25.798013
2688,74432,6.828221,25.013634
2689,74488,6.709309,25.349088
2690,74668,6.839196,23.341130
2691,74661,6.705022,24.405125
2692,74815,6.810493,26.080828
2693,74754,6.667614,25.212577
2694,74726,6.706462,26.220796
2695,74557,6.723390,24.693539
2696,74559,6.659326,26.096764
2697,74344,6.778397,24.182310
2698,74285,6.762622,26.180507
2699,74648,6.584670,24.197029
2700,74586,6.864381,24.861763
2701,74709,6.774142,23.558985
2702,74614,6.631934,23.604136
2703,74706,6.728541,24.073894
2704,74576,6.648189,23.553161
2705,74687,6.475263,23.095723
2706,75161,6.644158,22.702989
2707,75391,6.854428,26.859641
2708,75543,7.061564,25.614526
2709,75811,6.955261,24.858690
2710,75869,6.845917,23.976743
2711,76212,7.021724,26.261212
2712,76444,6.813053,25.862877
2713,76730,6.975581,22.566126
2714,76535,6.887229,25.014913
2715,76461,6.820157,25.439967
2716,76557,6.704669,25.592799
2717,76650,6.904348,23.724040
2718,76446,7.022140,25.630398
2719,76642,6.908444,23.804616
2720,76510,6.808157,24.967842
2721,76712,6.840989,25.702558
2722,76412,6.949916,23.861352
2723,76403,6.634911,24.887010
2724,76352,6.642494,25.837502
2725,76345,6.669853,24.022151
2726,76423,6.704733,24.593059
2727,76143,6.802589,26.282203
2728,76032,6.698877,23.501642
2729,76066,6.620702,24.024870
2730,76174,6.723869,26.006812
2731,76215,6.734750,24.299365
2732,76189,6.764861,23.459689
2733,76204,6.624830,25.611518
2734,76211,6.714589,26.782009
2735,75875,6.822685,24.525124
2736,76012,6.613182,25.791485
2737,75872,7.122875,25.736638
2738,75762,6.733117,24.368005
2739,76031,6.802621,24.110854
2740,75862,6.862717,23.677128
2741,75896,6.780573,26.950167
2742,75787,6.862909,24.468644
2743,75624,6.822365,24.478340
2744,75589,6.822749,23.589033
2745,75460,6.837821,23.397418
2746,75249,6.731902,24.152422
2747,75079,6.739070,21.325397
2748,74893,6.635134,24.199430
2749,74711,6.600927,24.677827
2750,74779,6.634910,22.428111
2751,74462,6.421919,23.995239
2752,74361,6.520159,24.506404
2753,74375,6.604606,21.837873
2754,74547,6.490847,21.238229
2755,74616,6.677022,24.558116
2756,74789,6.562366,26.808248
2757,75275,6.679038,23.012908
2758,75231,6.446303,23.515721
2759,75200,6.763038,26.039164
2760,75307,6.927772,24.394501
2761,75714,6.673342,25.764926
2762,75829,6.960668,27.243158
2763,75925,6.954589,27.234838
2764,75889,6.895837,25.087809
2765,75804,6.720701,25.672350
2766,75832,6.819805,24.761251
2767,75566,6.850013,21.409140
2768,75778,6.866525,22.313775
2769,75640,6.770813,23.012843
2770,75834,6.677438,25.743198
2771,75808,6.563678,22.446350
2772,75963,6.573438,23.236810
2773,76145,6.663805,23.971527
2774,76204,6.692350,23.343818
2775,76276,6.701246,24.997858
2776,76258,6.688605,21.850034
2777,76229,6.776574,23.234027
2778,76231,6.641918,24.474660
2779,76417,6.741181,23.994950
2780,76568,6.836957,25.384384
2781,76155,6.830589,24.588132
2782,76140,6.908092,25.043009
2783,76405,6.738653,23.624200
2784,76421,6.904380,23.719304
2785,76363,6.874844,24.087014
2786,76491,6.697629,23.447017
2787,76758,6.794301,24.465956
2788,76921,6.751965,24.287237
2789,76826,6.910941,24.177318
2790,77067,6.760669,24.864259
2791,77432,6.969084,27.175799
2792,77776,7.057244,23.528618
2793,78047,6.998364,26.067068
2794,78270,7.024604,25.092993
2795,78632,7.218523,27.913619
2796,78863,7.215291,23.484234
2797,78955,7.303547,25.325056
2798,79039,7.265498,24.326693
2799,78868,7.467513,26.533978
2800,78996,7.250331,25.503583
2801,79084,7.056636,25.678974
2802,78973,7.262202,25.141856
2803,79135,7.186299,25.022657
2804,79353,7.202490,23.902407
2805,79883,7.343738,26.601881
2806,79654,7.272250,24.766947
2807,79850,7.365370,25.912574
2808,79797,7.205819,25.092065
2809,79915,7.423002,25.095361
2810,79968,7.416986,25.079522
2811,79876,7.488282,25.505759
2812,79924,7.228987,27.273910
2813,80077,7.473497,24.279941
2814,80169,7.261723,26.351483
2815,80163,7.312570,28.076882
2816,80326,7.367418,26.287515
2817,80577,7.532378,26.502586
2818,80399,7.588121,25.316608
2819,80392,7.512058,25.904733
2820,80593,7.342811,24.856867
2821,80880,7.361018,26.946680
2822,81096,7.451546,25.301632
2823,81116,7.588697,26.857656
2824,81170,7.468538,27.205751
2825,81323,7.404570,25.360960
2826,81522,7.578009,24.432420
2827,81654,7.510362,31.256386
2828,81929,7.671769,25.994557
2829,81947,7.607353,27.534453
2830,81960,7.703032,28.139474
2831,82145,7.722073,25.998045
2832,82242,7.770424,25.067617
2833,82341,7.762648,27.001015
2834,82571,7.557978,27.375829
2835,82416,7.735704,28.328400
2836,82561,7.702136,26.057404
2837,82911,7.640281,26.099228
2838,82812,7.628665,25.792989
2839,82721,7.594137,28.574448
2840,82749,7.731640,25.684926
2841,83050,7.664761,26.714489
2842,83154,7.799416,26.852409
2843,82954,7.661401,27.715252
2844,82753,7.798520,25.576670
2845,82761,7.714169,26.732409
2846,82820,7.847735,26.803257
2847,83065,7.698840,24.454596
2848,83367,7.775736,26.070236
2849,83614,7.906168,25.500319
2850,83881,7.961399,25.190145
2851,83865,7.910679,25.277760
2852,83689,7.953176,25.862686
2853,83800,7.948824,26.517338
2854,83685,7.987799,27.309590
2855,83804,7.888760,25.437664
2856,83789,7.555001,26.254779
2857,83903,7.859832,25.920733
2858,83873,7.726456,28.236850
2859,84154,7.839416,25.045026
2860,84510,7.834776,26.213660
2861,84426,7.936087,26.304283
2862,84539,8.026518,28.382256
2863,84416,7.957207,26.598297
2864,84505,7.889080,26.377723
2865,84332,7.909975,26.915224
2866,84332,7.868504,25.948733
2867,84650,7.751321,25.460991
2868,84677,7.976503,26.804601
2869,84756,7.888087,29.016622
2870,84865,7.836855,28.974894
2871,85027,7.825240,27.769908
2872,85150,8.060823,27.212630
2873,85129,8.001783,25.198976
2874,84895,7.943319,27.922034
2875,84637,7.747321,28.078578
2876,84786,7.892088,26.929112
2877,85034,8.034263,24.748994
2878,85341,7.992182,26.507738
2879,85396,7.948279,29.397100
2880,85393,7.980951,26.000509
2881,85442,7.879032,29.848201
2882,85591,7.877399,25.916317
2883,85611,7.792088,26.322235
2884,85628,8.136278,28.129009
2885,85582,7.918648,30.386694
2886,85643,8.029303,28.495888
2887,85947,7.936151,27.643541
2888,86422,8.017911,26.851193
2889,86750,8.124278,28.966350
2890,86635,8.134967,28.717327
2891,86552,7.857816,29.896937
2892,86424,8.042135,27.528757
2893,86439,7.960759,28.151217
2894,86558,7.947479,26.636153
2895,86482,8.121911,25.890333
2896,86270,8.003191,30.193031
2897,86304,8.044695,27.953010
2898,86071,7.787032,27.457013
2899,86183,7.691128,30.441350
2900,86350,7.844663,28.347185
2901,86073,7.971351,29.142380
2902,85811,7.752536,27.099415
2903,85434,7.579673,29.362699
2904,85382,7.636090,29.672074
2905,85830,7.437114,28.271345
2906,86106,7.520857,28.787950
2907,86056,7.837239,28.382064
2908,86718,7.873784,26.445146
2909,86994,8.033239,27.892179
2910,87001,8.049399,28.411633
2911,87020,7.964438,27.484949
2912,87129,7.981495,27.396309
2913,87351,7.905079,29.221644
2914,87100,8.127702,29.079501
2915,86935,7.839288,27.352854
2916,86686,7.983958,30.061353
2917,86940,7.806776,26.311323
2918,86852,7.863639,27.888435
2919,86903,7.904056,26.230076
2920,87083,7.818775,29.655977
2921,87418,8.007479,28.008690
2922,87550,8.347029,27.008728
2923,87331,8.161174,29.671786
2924,87469,7.876728,29.569419
2925,87089,7.874552,26.916184
2926,87138,8.080598,27.015032
2927,87531,8.078454,29.399180
2928,87859,7.977752,33.397847
2929,88075,8.205078,27.446901
2930,88410,7.953751,28.872943
2931,89035,8.225142,27.706196
2932,89199,8.469428,27.155926
2933,89783,8.301269,28.239281
2934,89766,8.362357,27.337749
2935,89817,8.333046,29.434603
2936,90129,8.312949,27.209366
2937,89892,8.532820,27.970387
2938,90066,8.359605,28.605040
2939,90487,8.585716,28.180753
2940,90495,8.545653,29.902857
2941,90253,8.778227,31.153762
2942,90020,8.635027,30.478438
2943,90168,8.312661,29.294412
2944,90231,8.426741,27.903123
2945,90285,8.492949,28.382961
2946,90116,8.490164,26.744921
2947,90182,8.467893,29.861225
2948,90360,8.516597,26.223420
2949,90931,8.544660,28.531472
2950,90999,8.892274,29.839945
2951,91158,8.770388,30.897348
2952,91357,8.732947,30.258248
2953,91599,8.635412,30.649541
2954,91986,8.713491,29.341484
2955,91979,8.950962,28.142514
2956,91783,8.818835,29.512875
2957,91720,8.910482,29.898089
2958,91614,8.717139,30.205031
2959,91739,8.787955,29.120076
2960,91702,9.082609,33.161848
2961,92203,8.799250,28.811118
2962,92226,8.890482,27.688180
2963,92215,8.792563,28.332049
2964,92505,9.124561,30.255335
2965,92488,8.960626,29.349420
2966,92589,8.670356,30.575653
2967,92483,8.858291,28.951150
2968,92700,8.755955,29.467979
2969,92440,8.988466,30.396647
2970,92831,8.832595,27.849875
2971,92942,9.003666,29.783113
2972,93143,9.103889,27.415381
2973,93139,8.882418,29.365260
2974,93039,8.862578,29.544587
2975,93223,9.160753,30.517190
2976,93002,9.126225,29.696682
2977,93122,9.040497,29.286892
2978,93160,9.093745,30.814821
2979,93369,8.977074,28.166226
2980,93498,8.861267,31.182402
2981,93231,9.010897,30.963268
2982,93337,8.812786,29.797545
2983,93467,9.052370,29.862345
2984,93571,9.040049,30.385990
2985,93673,8.854643,30.499302
2986,93693,9.065298,30.086280
2987,93644,9.016370,29.735626
2988,93458,9.152817,28.595375
2989,93368,8.929427,28.340881
2990,93665,9.044466,28.983501
2991,93515,9.179185,28.574351
2992,93512,8.884211,29.058733
2993,93806,9.021618,31.299809
2994,93607,8.967122,31.483137
2995,93714,9.089137,30.138056
2996,93833,9.086257,31.421378
2997,94280,9.050577,29.070413
2998,94382,9.128017,30.510438
2999,94468,9.106481,28.366801
3000,94513,9.284208,31.316034
3001,94427,9.086034,31.698752
3002,94665,8.964498,28.534128
3003,94593,9.070098,31.642400
3004,94594,8.850739,28.728335
3005,94573,9.146801,28.805262
3006,94369,9.150737,30.144583
3007,94474,9.232017,33.493686
3008,94492,9.041809,31.496001
3009,94563,8.985938,31.128386
3010,94439,9.217648,28.961613
3011,94813,9.228337,29.820457
3012,94656,9.315216,33.034042
3013,94640,9.180464,31.460705
3014,94837,9.306768,32.859514
3015,95007,9.141202,31.443457
3016,95249,9.344880,31.284482
3017,95144,9.322160,30.426438
3018,95151,9.299376,29.466763
3019,94997,9.276592,30.658533
3020,95070,9.219600,30.488614
3021,95396,9.283472,29.833418
3022,95428,9.423567,32.670843
3023,95381,9.181872,30.023816
3024,96036,9.260784,30.698789
3025,96112,9.292209,31.693248
3026,96062,9.519791,30.021736
3027,95971,9.164977,29.609419
3028,96400,9.219024,28.364241
3029,96705,9.361776,30.873060
3030,96625,9.503119,30.401510
3031,97101,9.364496,31.233218
3032,97121,9.563310,30.059304
3033,97195,9.560239,31.962462
3034,97060,9.323696,32.728794
3035,96840,9.374064,31.084227
3036,96948,9.152497,30.912995
3037,96859,9.302000,29.927849
3038,96990,9.261424,29.558315
3039,96957,9.322224,35.458093
3040,97316,9.300976,33.829173
3041,97162,9.513552,31.845759
3042,97033,9.480495,33.766806
3043,97434,9.375856,29.568171
3044,97437,9.323344,30.268871
3045,97641,9.328496,32.950585
3046,97583,9.423376,32.331580
3047,97496,9.519439,28.557520
3048,97159,9.397263,30.999235
3049,97397,9.350768,30.725476
3050,97542,9.497968,29.565834
3051,97700,9.425840,30.332359
3052,97853,9.536559,30.785093
3053,98335,9.355952,28.755151
3054,97921,9.497327,29.254733
3055,98091,9.331248,30.001640
3056,98157,9.394063,31.852863
3057,98169,9.629646,32.471037
3058,98402,9.413968,29.755529
3059,98618,9.528463,31.495201
3060,99045,9.511823,31.379010
3061,98859,9.630798,31.528417
3062,99127,9.502287,30.911652
3063,99430,9.753453,30.870980
3064,99827,9.766510,32.244957
3065,99684,9.959117,36.032490
3066,99799,9.762030,32.511036
3067,99783,9.891086,33.715990
3068,99626,9.729966,31.704192
3069,99941,9.887373,30.849763
3070,99633,10.047437,32.531483
3071,99627,9.821422,31.413985
3072,99784,9.837102,32.210269
3073,100361,9.791438,34.163155
3074,100473,9.906253,32.255997
3075,100577,9.830413,33.135993
3076,100794,9.874445,33.380535
3077,100981,10.030477,34.385459
3078,101052,10.046157,32.705179
3079,100929,9.835694,33.732918
3080,100868,9.796878,33.304120
3081,101023,10.103244,32.525723
3082,101278,10.043212,32.185117
3083,101242,10.077580,34.905040
3084,101161,9.919309,32.887418
3085,101418,9.938861,34.971888
3086,101391,10.007917,31.634176
3087,101447,10.144140,32.967898
3088,101312,9.973580,31.784351
3089,101296,10.145068,33.230584
3090,101296,10.020205,33.244728
3091,101237,10.028845,33.956628
3092,101239,9.959597,34.838609
3093,101171,9.950124,34.242099
3094,101128,10.055948,32.926938
3095,101304,9.926254,33.857461
3096,101126,10.029228,30.382662
3097,101061,9.936973,33.110297
3098,101257,9.935725,32.070238
3099,101288,10.102956,34.101747
3100,101277,9.917997,32.646971
3101,101240,9.868238,30.343783
3102,100877,9.977133,30.946243
3103,101151,9.949517,31.426754
3104,101029,10.075180,32.315261
3105,100995,9.945708,30.510501
3106,100343,9.791054,32.713659
3107,100233,9.632687,32.464347
3108,100199,9.672910,32.400444
3109,100345,9.559151,30.751205
3110,100560,9.616943,29.961097
3111,100733,9.594767,30.674341
3112,100628,9.733198,30.627365
3113,100916,9.565359,28.343281
3114,101180,9.829966,31.034691
3115,101391,9.701710,28.154962
3116,101355,9.811533,29.767658
3117,101597,9.747502,30.321575
3118,101812,9.839758,31.948159
3119,102319,9.737806,33.126168
3120,102517,9.848269,30.872325
3121,102561,9.893389,31.038659
3122,102505,10.205867,31.453377
3123,102897,10.285355,32.786970
3124,102986,10.310443,32.555291
3125,102763,10.231627,31.519232
3126,103005,10.082540,32.494716
3127,102969,10.047085,31.130275
3128,103286,10.092556,31.052707
3129,103376,10.092172,35.559020
3130,103460,10.019437,30.159304
3131,103810,9.970637,32.589852
3132,103784,10.181163,31.981695
3133,104143,10.177387,32.252733
3134,104500,10.186028,31.928479
3135,104812,10.397035,32.378684
3136,104494,10.288267,34.641392
3137,104935,10.148428,33.815893
3138,105099,10.296587,34.101619
3139,105140,10.533003,34.668336
3140,105228,10.582889,37.171204
3141,105322,10.543562,32.177086
3142,105384,10.376267,32.299453
3143,105268,10.247851,33.473623
3144,105789,10.336939,33.102200
3145,105500,10.648905,32.007806
3146,105258,10.540554,30.720613
3147,105245,10.401803,33.998549
3148,105159,10.361355,33.457815
3149,105122,10.426827,33.263416
3150,104875,10.320107,33.101976
3151,104880,10.410379,33.407575
3152,105059,10.109068,35.097583
3153,104792,10.214508,32.446301
3154,104908,10.043980,32.370364
3155,104538,10.018412,33.105976
3156,104640,9.957933,31.187746
3157,104461,10.208204,34.129203
3158,104333,10.196332,29.873865
3159,104729,10.068492,36.207945
3160,104857,9.949805,32.453819
3161,104807,10.167980,34.158900
3162,105113,10.107468,33.909332
3163,105151,10.071084,32.977370
3164,105051,9.996301,36.301768
3165,105033,10.237323,33.815829
3166,105011,10.250156,34.101172
3167,104858,10.114412,33.185049
3168,104738,10.032172,32.048350
3169,104959,9.977869,33.928149
3170,105137,10.043852,32.396349
3171,105340,10.058829,32.364124
3172,105448,10.216684,31.378529
3173,105024,10.161644,31.165826
3174,105286,10.116459,33.954740
3175,105480,10.170380,36.154441
3176,105778,10.187212,32.251197
3177,105603,10.233932,32.142269
3178,105703,9.982861,31.884862
3179,105949,10.238540,31.591904
3180,106031,10.332843,32.833178
3181,106499,10.237996,33.664534
3182,106180,10.374571,31.920031
3183,106384,10.303372,32.598267
3184,106479,10.311435,33.455352
3185,106466,10.289419,30.315079
3186,106574,10.353675,33.888565
3187,107116,10.472810,35.446829
3188,106869,10.356202,32.344284
3189,107140,10.118028,33.214744
3190,106989,10.305324,32.241117
3191,107280,10.219019,32.515003
3192,107716,10.497898,32.356348
3193,107985,10.567658,33.408504
3194,107655,10.626826,32.235389
3195,107680,10.626346,32.203421
3196,107399,10.473034,32.139966
3197,107531,10.536841,33.182457
3198,107626,10.467882,33.530487
3199,107691,10.335050,31.899135
3200,108167,10.365035,33.327448
3201,108389,10.296651,33.379896
3202,108362,10.484043,30.432902
3203,108308,10.469803,32.762266
3204,108394,10.378251,31.641728
3205,108441,10.373482,34.229843
3206,108587,10.523402,33.994260
3207,108755,10.571146,31.229250
3208,108877,10.522539,34.903215
3209,108805,10.346667,32.809210
3210,108787,10.212588,33.237528
3211,109246,10.351243,33.760789
3212,109387,10.512169,34.691985
3213,109589,10.875688,33.730741
3214,109708,10.645674,33.863285
3215,110041,10.824457,35.031567
3216,110296,10.771464,33.463190
3217,110690,10.654697,35.065838
3218,110881,10.778248,33.241816
3219,111102,10.853416,33.464151
3220,111234,10.816777,35.458893
3221,111401,11.010983,34.633297
3222,111307,10.885256,36.779302
3223,111425,11.161095,37.544674
3224,111588,10.941671,35.146030
3225,111707,11.219750,33.641174
3226,112013,11.091814,35.562892
3227,111962,11.129191,37.741217
3228,112113,11.150855,35.279726
3229,112484,10.909736,35.039247
3230,112989,11.230951,35.608300
3231,113271,11.440166,37.798241
3232,113004,11.442021,38.658012
3233,113149,11.354310,33.804821
3234,113466,11.357510,33.661814
3235,113307,11.434149,37.105637
3236,113653,11.261382,36.395719
3237,113659,11.471621,39.260217
3238,114070,11.337861,34.971183
3239,114589,11.526949,36.424296
3240,114711,11.250438,38.390910
3241,114597,11.507525,38.921948
3242,114734,11.554629,38.465470
3243,114796,11.481189,35.612268
3244,114876,11.698596,38.281791
3245,114786,11.820675,36.188874
3246,115110,11.771524,38.173375
3247,115017,11.815332,38.356927
3248,115114,11.690564,37.580738
3249,115522,11.666308,35.989578
3250,115634,11.775523,35.738572
3251,116206,12.111874,39.454104
3252,116606,11.932195,37.452931
3253,116761,12.187233,37.317028
3254,116934,12.070658,36.099370
3255,116839,12.093378,37.450307
3256,116843,11.802148,35.113711
3257,116834,12.103074,39.011835
3258,117098,12.053187,38.738204
3259,116709,12.016866,36.632039
3260,116959,12.104194,39.131482
3261,116867,12.070402,38.273791
3262,116488,12.333601,36.807910
3263,116691,12.061473,40.057398
3264,116872,12.089826,35.485676
3265,116654,11.993186,36.378823
3266,116618,12.026786,36.429864
3267,116460,12.235937,36.684615
3268,116271,11.853795,38.913212
3269,116491,11.881987,34.863728
3270,116786,12.009858,41.226128
3271,116956,12.122338,36.529736
3272,116844,12.139426,38.958939
3273,116865,12.034242,35.094446
3274,116992,11.932355,36.107721
3275,117179,12.131010,38.733372
3276,116826,12.045058,35.051759
3277,117188,11.979170,36.905574
3278,117271,12.138817,42.041739
3279,117718,12.204449,35.894475
3280,117217,12.164226,36.777702
3281,117516,11.856067,35.052143
3282,117714,12.041826,39.805463
3283,118321,11.760003,40.768946
3284,118743,12.313409,37.113860
3285,118646,12.657086,38.087615
3286,118520,12.380704,39.844566
3287,118718,12.483295,36.620743
3288,119176,12.308129,37.251652
3289,119396,12.568223,41.527790
3290,119207,12.674943,38.845627
3291,119651,12.735519,37.145060
3292,119819,12.776670,40.299060
3293,120053,12.402240,36.823238
3294,120122,12.926877,37.777730
3295,119979,12.784894,39.830934
3296,119723,12.626719,36.628935
3297,119657,12.617791,37.854113
3298,119444,12.525888,37.241060
3299,119832,12.326432,38.555838
3300,119922,12.617183,37.707585
3301,120256,12.562432,35.054159
3302,120495,12.528096,36.724135
3303,120234,12.371456,35.930443
3304,120027,12.172065,35.442701
3305,119914,12.203457,36.060810
3306,119959,12.535456,35.943883
3307,120019,12.398561,36.353064
3308,119568,12.480032,36.807686
3309,119355,12.423840,38.440414
3310,119216,12.302401,39.117915
3311,119392,12.352385,37.123652
3312,119880,12.371488,38.667260
3313,120111,12.344033,37.262595
3314,120327,12.377312,39.283033
3315,120436,12.433760,36.551912
3316,120710,12.695967,36.878662
3317,120828,12.420768,39.491576
3318,121158,12.511680,36.932837
3319,121284,12.746815,36.401640
3320,121396,12.735327,39.465625
3321,121872,12.587167,37.545347
3322,121830,12.612223,37.593602
3323,122053,12.669470,40.479636
3324,122060,12.800190,40.728178
3325,121803,12.898813,39.109530
3326,122119,12.531455,37.617857
3327,122232,12.583935,36.788134
3328,122302,12.773503,36.482536
3329,121990,12.580831,36.615431
3330,122129,12.548927,38.593117
3331,122040,12.816926,39.175162
3332,121917,12.591839,36.481511
3333,121993,12.570495,37.574466
3334,122099,12.542975,38.750236
3335,122272,12.529535,39.058266
3336,122080,12.787166,37.881440
3337,121956,12.782975,37.379203
3338,122489,12.684479,37.810977
3339,122607,13.071965,38.110304
3340,122971,12.573631,38.982011
3341,123464,12.959165,36.492103
3342,122723,12.730655,35.722571
3343,122861,12.674624,39.312569
3344,122555,12.542943,42.822439
3345,122409,12.648192,38.777244
3346,122595,12.599615,39.195610
3347,122528,12.547935,39.761207
3348,122953,12.315553,37.944256
3349,123089,12.631903,40.621875
3350,123332,12.591136,39.362362
3351,123466,12.727775,37.264484
3352,123420,12.626239,38.166655
3353,123165,12.970333,39.546169
3354,123570,12.675774,39.339033
3355,123768,12.610080,38.126463
3356,124020,12.915582,38.270110
3357,124005,12.687615,40.054869
3358,124067,12.870461,38.131679
3359,124567,12.912990,39.429753
3360,124588,12.709758,40.382452
3361,124387,12.711487,39.616503
3362,124310,12.711839,38.571229
3363,124410,12.949246,38.185119
3364,124223,12.973405,38.339198
3365,124653,12.852126,38.213311
3366,124766,13.007548,38.489085
3367,124939,12.849758,38.276094
3368,125165,13.093469,37.755266
3369,125520,13.174077,37.475107
3370,125170,13.107677,44.366624
3371,125569,13.299164,38.168992
3372,125910,13.416155,39.663800
3373,126151,13.439099,37.716961
3374,126661,13.239868,41.015793
3375,126654,13.604186,38.871867
3376,126738,13.140988,39.840662
3377,126751,13.066524,41.182064
3378,126537,13.275644,39.470361
3379,126662,13.286748,40.760146
3380,126504,13.068317,39.502200
3381,126751,13.017565,43.502500
3382,126865,13.225468,41.365039
3383,127297,13.234556,43.927234
3384,127559,13.357115,43.196134
3385,127555,13.263421,41.381743
3386,128195,13.497274,41.764813
3387,128131,13.475131,38.169855
3388,128289,13.421691,38.972540
3389,128551,13.563067,41.387087
3390,128508,13.430139,40.793554
3391,128686,13.500763,42.022092
3392,128548,13.379260,42.075787
3393,128627,13.372539,39.354394
3394,128594,13.409531,40.297652
3395,128830,13.375036,40.805906
3396,128945,13.464571,39.914486
3397,129214,13.539323,41.065201
3398,129668,13.643706,39.021723
3399,129571,13.493371,39.507001
3400,129387,13.637465,39.638007
3401,129333,13.447226,42.009580
3402,129235,13.403035,39.923830
3403,128916,13.246845,40.151829
3404,129342,13.547386,39.539064
3405,129625,13.631994,40.875921
3406,129491,13.557626,38.806524
3407,129501,13.480763,37.277028
3408,129483,13.667930,39.691223
3409,129819,13.522715,40.742130
3410,129500,13.630650,38.648765
3411,129787,13.437275,38.856667
3412,129818,13.617530,39.569688
3413,129965,13.638298,39.876534
3414,129958,13.526715,41.715757
3415,129928,13.575994,39.318009
3416,130011,13.572378,41.217264
3417,129503,13.743929,42.029996
3418,129564,13.290972,43.113286
3419,129856,13.207612,38.485757
3420,129277,13.369115,39.159866
3421,129311,13.268605,40.717362
3422,129297,13.225244,40.057685
3423,129341,13.196092,38.371103
3424,129510,13.148445,38.023936
3425,129801,13.311931,39.111450
3426,129834,13.468763,39.048763
3427,129633,13.473339,42.159531
3428,129846,13.402459,39.564760
3429,129850,13.554683,41.986956
3430,130035,13.362364,39.979126
3431,130132,13.527258,40.544275
3432,130103,13.370107,38.524157
3433,130251,13.623386,38.421278
3434,130404,13.656921,38.337022
3435,130193,13.572410,40.375700
3436,129488,13.656858,39.467929
3437,129301,13.235100,40.070197
3438,129441,13.219196,38.891612
3439,129427,13.247772,41.113040
3440,129614,13.299259,41.411791
3441,129311,13.614042,39.476888
3442,129443,13.466938,38.438078
3443,129098,13.309755,41.446255
3444,129649,13.375355,37.076772
3445,129271,13.396891,39.584344
3446,129375,13.411611,38.781180
3447,129519,13.106205,38.064672
3448,129557,13.467675,39.560888
3449,129161,13.230332,36.869637
3450,129969,13.468922,39.811959
3451,130111,13.342300,40.154581
3452,129886,13.569434,42.184267
3453,129663,13.395932,39.413433
3454,129702,13.225884,37.734753
3455,129817,13.140765,38.177023
3456,129820,13.454843,42.311370
3457,129773,13.398524,41.506638
3458,130073,13.181276,37.846144
3459,130182,13.239963,38.909531
3460,130272,13.355579,39.877431
3461,130692,13.353404,38.301919
3462,130985,13.543419,42.079211
3463,130961,13.603898,40.023413
3464,131211,13.520827,38.438365
3465,131156,13.592410,38.009920
3466,130985,13.558491,38.101983
3467,130760,13.450874,37.174052
3468,130755,13.525722,40.540435
3469,130975,13.431386,40.939057
3470,130956,13.586938,39.621848
3471,131285,13.305980,41.569486
3472,131236,13.623578,39.691031
3473,130930,13.513819,38.951355
3474,131267,13.538874,39.053626
3475,131658,13.583771,40.725138
3476,131797,13.691482,38.866524
3477,131697,13.567131,39.306426
3478,131999,13.547482,38.661405
3479,131876,13.585595,38.881563
3480,132494,13.479931,39.263129
3481,132672,13.874713,41.029553
3482,132404,13.736218,40.793106
3483,132331,13.613594,41.805933
3484,132030,13.524826,38.600445
3485,132335,13.563898,41.340271
3486,132704,13.652954,38.246494
3487,132968,13.727290,39.659927
3488,133123,13.732473,39.610487
3489,132698,13.534874,40.775410
3490,133120,13.560314,38.093376
3491,133300,13.735322,42.128203
3492,133664,13.653466,42.381130
3493,133770,13.933881,41.078512
3494,134144,13.513979,41.268368
3495,134188,13.867609,40.289940
3496,134132,13.870073,40.122421
3497,134310,14.006552,41.578733
3498,134785,13.872120,40.715794
3499,134793,14.187479,40.681650
3500,134378,14.126936,40.538995
3501,134137,13.947992,39.116571
3502,133820,13.870232,41.158416
3503,134164,13.619323,40.676819
3504,134436,13.788121,38.706205
3505,134638,13.882649,41.178384
3506,134631,13.850233,42.520777
3507,134544,13.626554,39.877719
3508,134482,13.870489,37.263140
3509,134635,14.236567,39.280825
3510,134810,13.759801,40.013910
3511,135085,13.983256,39.002235
3512,135049,14.043800,40.224821
3513,134632,14.013240,43.220710
3514,134825,13.865497,38.974842
3515,134688,13.893304,39.871894
3516,135130,13.835674,40.686611
3517,135237,13.773049,42.622313
3518,135495,13.607418,40.680243
3519,135181,14.014073,39.354873
3520,134909,13.776793,39.979606
3521,135556,13.431515,40.104309
3522,135526,13.833881,39.783127
3523,135737,13.797817,42.107243
3524,135741,14.198071,39.175289
3525,135756,14.116215,41.875212
3526,135811,14.021528,41.986956
3527,135919,13.996280,39.456088
3528,135715,14.215544,44.492096
3529,136072,13.840985,39.030811
3530,135975,14.256630,39.298009
3531,135723,14.098455,39.585559
3532,135905,13.929176,41.968844
3533,136035,14.149048,38.270943
3534,136617,13.896632,42.723752
3535,136895,14.024536,40.200148
3536,137012,14.209239,41.386351
3537,136764,13.891737,40.587699
3538,137291,14.320278,40.324500
3539,137666,14.461078,42.712073
3540,137942,14.038840,41.866668
3541,137560,14.258071,41.408527
3542,137956,14.059992,42.611592
3543,137757,14.229815,40.270964
3544,137810,14.316406,40.080789
3545,137731,14.518997,40.673299
3546,137428,14.121624,41.852748
3547,137465,14.283767,42.324618
3548,137499,14.379670,42.656456
3549,137861,14.243416,38.870204
3550,138373,14.340950,40.756690
3551,138240,14.280663,42.863208
3552,138504,14.610997,40.856978
3553,138711,14.435862,41.687501
3554,138478,14.468310,44.024225
3555,138541,14.451030,40.529683
3556,138447,14.581749,39.989942
3557,138170,14.403958,40.892305
3558,138749,14.412534,41.729325
3559,138890,14.225591,42.944903
3560,138923,14.489078,39.875095
3561,138988,14.721173,41.135120
3562,139049,14.558101,41.677325
3563,138851,14.507766,42.490985
3564,138910,14.415926,41.222063
3565,139275,14.494358,40.655122
3566,139656,14.487158,43.794434
3567,139898,14.628373,41.413294
3568,140447,14.893012,40.479251
3569,140355,14.854740,40.852946
3570,140238,14.802036,42.324042
3571,140407,14.911667,41.559630
3572,140143,14.940851,42.330122
3573,140459,14.521749,43.483493
3574,140938,14.435349,40.620371
3575,140907,14.827059,42.839048
3576,140698,14.742805,44.685758
3577,140833,14.575414,44.787230
3578,140633,14.671349,44.366528
3579,140654,14.398774,42.214443
3580,141069,14.498486,40.182357
3581,141376,14.984371,45.568442
3582,141482,14.614517,46.227255
3583,141622,14.598324,42.263883
3584,141064,14.782452,42.725160
3585,141263,14.499606,40.867602
3586,141462,14.764084,40.524243
3587,141301,14.658581,43.121991
3588,141634,14.581622,41.459022
3589,142145,14.887476,41.414159
3590,142266,14.954739,44.236640
3591,142344,14.794772,42.860775
3592,142573,14.978578,44.665150
3593,142833,15.146770,45.573817
3594,143481,15.116946,42.399785
3595,143818,15.295602,43.078918
3596,143680,14.972147,47.470800
3597,143960,14.856724,46.372725
3598,143957,14.994995,44.843165
3599,143982,14.964052,44.566847
3600,143972,15.217938,49.917220
