1024
232 389 10
232 390 10
232 391 10
232 392 10
233 389 10
233 390 10
233 391 10
233 392 10
233 445 10
234 385 10
234 390 10
234 392 10
235 385 10
235 390 10
235 392 10
235 443 10
235 445 10
236 388 10
236 389 10
236 439 10
236 440 10
237 386 10
237 388 10
237 517 10
237 521 10
238 440 10
238 442 10
238 445 10
238 476 10
238 477 10
239 388 10
239 431 10
239 432 10
239 437 10
239 439 10
239 440 10
239 441 10
239 443 10
239 445 10
239 475 10
239 476 10
239 477 10
239 478 10
239 520 10
240 411 10
240 435 10
240 442 10
240 475 10
240 478 10
240 513 10
240 514 10
240 520 10
240 522 10
240 523 10
241 404 10
241 430 10
241 432 10
241 433 10
241 434 10
241 437 10
241 438 10
241 440 10
241 441 10
241 473 10
241 475 10
241 477 10
241 478 10
241 513 10
241 515 10
241 526 10
242 405 10
242 406 10
242 410 10
242 413 10
242 414 10
242 415 10
242 433 10
242 434 10
242 436 10
242 437 10
242 438 10
242 439 10
242 440 10
242 441 10
242 443 10
242 475 10
242 476 10
242 477 10
242 514 10
242 515 10
242 518 10
242 523 10
242 525 10
242 529 10
242 531 10
243 396 10
243 405 10
243 406 10
243 407 10
243 408 10
243 409 10
243 411 10
243 413 10
243 414 10
243 415 10
243 430 10
243 436 10
243 437 10
243 438 10
243 439 10
243 440 10
243 443 10
243 448 10
243 513 10
243 516 10
243 517 10
243 525 10
243 531 10
244 403 10
244 404 10
244 406 10
244 409 10
244 410 10
244 412 10
244 413 10
244 414 10
244 428 10
244 433 10
244 437 10
244 438 10
244 440 10
244 441 10
244 442 10
244 444 10
244 454 10
244 515 10
244 516 10
244 523 10
244 526 10
244 528 10
245 405 10
245 406 10
245 407 10
245 410 10
245 411 10
245 412 10
245 425 10
245 430 10
245 431 10
245 434 10
245 436 10
245 437 10
245 438 10
245 439 10
245 441 10
245 442 10
245 525 10
246 387 10
246 393 10
246 394 10
246 404 10
246 405 10
246 406 10
246 407 10
246 409 10
246 410 10
246 412 10
246 413 10
246 414 10
246 416 10
246 425 10
246 426 10
246 428 10
246 431 10
246 433 10
246 434 10
246 436 10
246 441 10
246 444 10
246 445 10
246 452 10
246 471 10
246 472 10
246 526 10
246 527 10
247 383 10
247 390 10
247 395 10
247 402 10
247 406 10
247 407 10
247 408 10
247 409 10
247 425 10
247 426 10
247 429 10
247 431 10
247 432 10
247 433 10
247 441 10
247 443 10
247 444 10
247 475 10
247 518 10
247 526 10
248 399 10
248 401 10
248 404 10
248 405 10
248 407 10
248 408 10
248 409 10
248 410 10
248 411 10
248 426 10
248 428 10
248 429 10
248 432 10
248 434 10
248 435 10
248 437 10
248 438 10
248 440 10
248 442 10
248 443 10
248 470 10
248 491 10
248 513 10
249 382 10
249 383 10
249 385 10
249 390 10
249 391 10
249 392 10
249 402 10
249 406 10
249 407 10
249 408 10
249 409 10
249 426 10
249 428 10
249 429 10
249 430 10
249 432 10
249 433 10
249 434 10
249 435 10
249 439 10
249 440 10
249 444 10
249 461 10
249 464 10
249 472 10
249 494 10
249 496 10
249 497 10
249 498 10
249 499 10
250 404 10
250 406 10
250 408 10
250 413 10
250 414 10
250 415 10
250 424 10
250 425 10
250 426 10
250 427 10
250 428 10
250 430 10
250 431 10
250 433 10
250 435 10
250 436 10
250 438 10
250 440 10
250 461 10
250 463 10
250 492 10
250 498 10
250 499 10
250 514 10
250 515 10
250 519 10
250 521 10
250 523 10
251 391 10
251 399 10
251 400 10
251 404 10
251 406 10
251 407 10
251 410 10
251 411 10
251 424 10
251 426 10
251 427 10
251 428 10
251 430 10
251 431 10
251 432 10
251 433 10
251 437 10
251 439 10
251 442 10
251 459 10
251 460 10
251 461 10
251 462 10
251 464 10
251 465 10
251 466 10
251 468 10
251 470 10
251 472 10
251 491 10
251 493 10
251 497 10
251 498 10
251 500 10
251 501 10
251 512 10
251 516 10
251 523 10
252 403 10
252 404 10
252 406 10
252 407 10
252 409 10
252 412 10
252 415 10
252 416 10
252 423 10
252 424 10
252 425 10
252 426 10
252 427 10
252 428 10
252 430 10
252 432 10
252 433 10
252 434 10
252 435 10
252 436 10
252 438 10
252 440 10
252 441 10
252 462 10
252 463 10
252 466 10
252 468 10
252 471 10
252 475 10
252 476 10
252 485 10
252 488 10
252 489 10
252 496 10
252 499 10
252 501 10
252 514 10
252 515 10
252 516 10
252 521 10
253 391 10
253 396 10
253 400 10
253 401 10
253 405 10
253 408 10
253 410 10
253 411 10
253 414 10
253 424 10
253 426 10
253 428 10
253 429 10
253 433 10
253 436 10
253 466 10
253 468 10
253 469 10
253 470 10
253 473 10
253 479 10
253 491 10
253 497 10
253 498 10
253 501 10
253 502 10
253 504 10
253 512 10
253 513 10
253 543 10
254 397 10
254 401 10
254 404 10
254 406 10
254 410 10
254 411 10
254 412 10
254 414 10
254 427 10
254 429 10
254 430 10
254 434 10
254 435 10
254 439 10
254 440 10
254 441 10
254 442 10
254 445 10
254 447 10
254 449 10
254 456 10
254 458 10
254 462 10
254 465 10
254 466 10
254 469 10
254 471 10
254 472 10
254 474 10
254 475 10
254 477 10
254 478 10
254 480 10
254 485 10
254 493 10
254 497 10
254 498 10
254 500 10
254 503 10
254 505 10
254 507 10
254 509 10
254 513 10
254 514 10
254 516 10
254 518 10
254 524 10
254 528 10
254 539 10
255 390 10
255 393 10
255 395 10
255 403 10
255 404 10
255 405 10
255 409 10
255 410 10
255 411 10
255 412 10
255 426 10
255 428 10
255 430 10
255 433 10
255 436 10
255 437 10
255 440 10
255 444 10
255 447 10
255 454 10
255 459 10
255 460 10
255 464 10
255 465 10
255 471 10
255 474 10
255 475 10
255 476 10
255 477 10
255 478 10
255 479 10
255 484 10
255 485 10
255 486 10
255 488 10
255 492 10
255 498 10
255 500 10
255 502 10
255 503 10
255 504 10
255 515 10
255 516 10
255 519 10
255 521 10
256 378 10
256 402 10
256 404 10
256 410 10
256 413 10
256 416 10
256 427 10
256 428 10
256 429 10
256 431 10
256 433 10
256 436 10
256 442 10
256 443 10
256 445 10
256 446 10
256 456 10
256 457 10
256 458 10
256 459 10
256 460 10
256 461 10
256 463 10
256 464 10
256 470 10
256 471 10
256 478 10
256 479 10
256 482 10
256 483 10
256 485 10
256 488 10
256 492 10
256 493 10
256 496 10
256 497 10
256 498 10
256 500 10
256 501 10
256 502 10
256 505 10
256 506 10
256 507 10
256 509 10
256 517 10
256 518 10
256 523 10
256 526 10
256 540 10
256 541 10
256 543 10
256 544 10
256 566 10
257 377 10
257 388 10
257 393 10
257 404 10
257 408 10
257 411 10
257 415 10
257 421 10
257 424 10
257 428 10
257 429 10
257 430 10
257 431 10
257 432 10
257 434 10
257 435 10
257 439 10
257 440 10
257 443 10
257 444 10
257 450 10
257 451 10
257 454 10
257 455 10
257 456 10
257 457 10
257 458 10
257 459 10
257 460 10
257 462 10
257 471 10
257 476 10
257 478 10
257 479 10
257 482 10
257 487 10
257 493 10
257 494 10
257 495 10
257 500 10
257 504 10
257 506 10
257 507 10
257 509 10
257 519 10
257 520 10
257 521 10
257 523 10
257 525 10
257 545 10
257 547 10
257 548 10
257 576 10
257 578 10
258 388 10
258 392 10
258 398 10
258 400 10
258 402 10
258 406 10
258 409 10
258 410 10
258 411 10
258 413 10
258 422 10
258 423 10
258 426 10
258 428 10
258 429 10
258 431 10
258 436 10
258 438 10
258 442 10
258 443 10
258 449 10
258 452 10
258 453 10
258 455 10
258 456 10
258 458 10
258 459 10
258 460 10
258 461 10
258 463 10
258 469 10
258 470 10
258 475 10
258 476 10
258 494 10
258 501 10
258 503 10
258 504 10
258 508 10
258 511 10
258 513 10
258 515 10
258 518 10
258 519 10
258 520 10
258 523 10
258 526 10
258 527 10
258 529 10
258 541 10
258 542 10
258 544 10
258 548 10
258 563 10
258 565 10
258 566 10
259 387 10
259 390 10
259 399 10
259 401 10
259 404 10
259 409 10
259 413 10
259 421 10
259 426 10
259 428 10
259 430 10
259 431 10
259 432 10
259 433 10
259 434 10
259 438 10
259 448 10
259 455 10
259 457 10
259 461 10
259 462 10
259 463 10
259 464 10
259 478 10
259 479 10
259 498 10
259 499 10
259 502 10
259 503 10
259 505 10
259 507 10
259 512 10
259 520 10
259 522 10
259 523 10
259 524 10
259 525 10
259 527 10
259 528 10
259 533 10
259 534 10
259 541 10
259 542 10
259 543 10
259 544 10
259 546 10
259 562 10
259 563 10
259 565 10
260 387 10
260 391 10
260 394 10
260 398 10
260 399 10
260 402 10
260 404 10
260 412 10
260 427 10
260 433 10
260 434 10
260 435 10
260 436 10
260 437 10
260 442 10
260 445 10
260 448 10
260 450 10
260 452 10
260 453 10
260 454 10
260 459 10
260 460 10
260 462 10
260 464 10
260 471 10
260 478 10
260 479 10
260 484 10
260 501 10
260 503 10
260 513 10
260 514 10
260 517 10
260 518 10
260 521 10
260 522 10
260 523 10
260 524 10
260 527 10
260 528 10
260 529 10
260 531 10
260 532 10
260 533 10
260 534 10
260 535 10
260 539 10
260 541 10
260 543 10
260 544 10
260 545 10
260 546 10
260 547 10
260 562 10
260 563 10
260 566 10
260 567 10
260 581 10
261 390 10
261 392 10
261 396 10
261 399 10
261 401 10
261 402 10
261 404 10
261 408 10
261 411 10
261 424 10
261 426 10
261 428 10
261 431 10
261 434 10
261 436 10
261 444 10
261 445 10
261 448 10
261 449 10
261 453 10
261 454 10
261 456 10
261 458 10
261 460 10
261 479 10
261 481 10
261 490 10
261 502 10
261 503 10
261 504 10
261 506 10
261 516 10
261 520 10
261 523 10
261 524 10
261 525 10
261 526 10
261 527 10
261 529 10
261 531 10
261 532 10
261 533 10
261 536 10
261 538 10
261 539 10
261 541 10
261 542 10
261 543 10
261 545 10
261 546 10
261 548 10
261 550 10
261 564 10
261 565 10
262 389 10
262 390 10
262 396 10
262 397 10
262 399 10
262 400 10
262 407 10
262 408 10
262 424 10
262 431 10
262 436 10
262 438 10
262 440 10
262 442 10
262 445 10
262 446 10
262 447 10
262 456 10
262 458 10
262 462 10
262 477 10
262 478 10
262 481 10
262 482 10
262 486 10
262 498 10
262 506 10
262 515 10
262 517 10
262 518 10
262 519 10
262 521 10
262 522 10
262 523 10
262 525 10
262 526 10
262 530 10
262 531 10
262 532 10
262 533 10
262 534 10
262 536 10
262 538 10
262 539 10
262 542 10
262 544 10
262 545 10
262 562 10
262 563 10
262 564 10
262 566 10
262 568 10
263 356 10
263 378 10
263 380 10
263 383 10
263 394 10
263 396 10
263 399 10
263 404 10
263 406 10
263 407 10
263 410 10
263 411 10
263 412 10
263 413 10
263 437 10
263 439 10
263 440 10
263 441 10
263 456 10
263 459 10
263 460 10
263 464 10
263 468 10
263 469 10
263 477 10
263 479 10
263 491 10
263 494 10
263 495 10
263 496 10
263 502 10
263 504 10
263 505 10
263 517 10
263 519 10
263 522 10
263 523 10
263 524 10
263 525 10
263 527 10
263 530 10
263 534 10
263 536 10
263 537 10
263 538 10
263 549 10
263 564 10
264 354 10
264 356 10
264 380 10
264 383 10
264 384 10
264 386 10
264 387 10
264 391 10
264 393 10
264 395 10
264 396 10
264 398 10
264 401 10
264 402 10
264 404 10
264 407 10
264 409 10
264 410 10
264 411 10
264 418 10
264 419 10
264 421 10
264 422 10
264 437 10
264 439 10
264 440 10
264 441 10
264 444 10
264 446 10
264 447 10
264 451 10
264 452 10
264 453 10
264 454 10
264 457 10
264 458 10
264 460 10
264 467 10
264 468 10
264 477 10
264 480 10
264 486 10
264 491 10
264 493 10
264 495 10
264 496 10
264 497 10
264 498 10
264 500 10
264 522 10
264 523 10
264 525 10
264 526 10
264 527 10
264 528 10
264 533 10
264 534 10
264 537 10
264 538 10
264 540 10
264 543 10
264 545 10
264 547 10
264 549 10
264 564 10
264 566 10
264 580 10
265 381 10
265 382 10
265 384 10
265 385 10
265 387 10
265 395 10
265 398 10
265 404 10
265 406 10
265 408 10
265 409 10
265 411 10
265 412 10
265 414 10
265 415 10
265 418 10
265 429 10
265 438 10
265 442 10
265 443 10
265 448 10
265 451 10
265 452 10
265 454 10
265 458 10
265 459 10
265 460 10
265 463 10
265 464 10
265 466 10
265 472 10
265 474 10
265 477 10
265 489 10
265 491 10
265 500 10
265 501 10
265 502 10
265 519 10
265 524 10
265 529 10
265 532 10
265 533 10
265 535 10
265 536 10
265 537 10
265 538 10
265 539 10
265 540 10
265 558 10
265 563 10
265 564 10
265 567 10
265 571 10
265 578 10
266 387 10
266 388 10
266 392 10
266 393 10
266 394 10
266 395 10
266 397 10
266 400 10
266 402 10
266 403 10
266 406 10
266 409 10
266 415 10
266 416 10
266 418 10
266 421 10
266 425 10
266 426 10
266 435 10
266 436 10
266 438 10
266 442 10
266 443 10
266 445 10
266 448 10
266 452 10
266 454 10
266 458 10
266 465 10
266 471 10
266 491 10
266 492 10
266 493 10
266 496 10
266 499 10
266 500 10
266 516 10
266 518 10
266 520 10
266 524 10
266 526 10
266 527 10
266 528 10
266 529 10
266 530 10
266 531 10
266 533 10
266 535 10
266 537 10
266 548 10
266 551 10
266 553 10
266 559 10
266 561 10
266 565 10
266 566 10
266 569 10
266 571 10
266 572 10
266 573 10
267 381 10
267 382 10
267 386 10
267 388 10
267 390 10
267 391 10
267 392 10
267 393 10
267 396 10
267 406 10
267 408 10
267 409 10
267 414 10
267 415 10
267 416 10
267 418 10
267 424 10
267 427 10
267 429 10
267 434 10
267 436 10
267 439 10
267 443 10
267 451 10
267 452 10
267 455 10
267 456 10
267 458 10
267 465 10
267 470 10
267 471 10
267 485 10
267 489 10
267 492 10
267 493 10
267 494 10
267 497 10
267 498 10
267 499 10
267 500 10
267 501 10
267 502 10
267 520 10
267 523 10
267 525 10
267 527 10
267 529 10
267 530 10
267 537 10
267 546 10
267 547 10
267 550 10
267 552 10
267 555 10
267 564 10
267 565 10
267 567 10
267 569 10
267 570 10
267 573 10
267 575 10
267 580 10
268 382 10
268 385 10
268 394 10
268 395 10
268 396 10
268 399 10
268 401 10
268 409 10
268 410 10
268 413 10
268 414 10
268 416 10
268 417 10
268 421 10
268 422 10
268 429 10
268 431 10
268 439 10
268 440 10
268 441 10
268 442 10
268 443 10
268 447 10
268 449 10
268 450 10
268 453 10
268 456 10
268 457 10
268 458 10
268 468 10
268 484 10
268 489 10
268 490 10
268 491 10
268 492 10
268 493 10
268 495 10
268 496 10
268 499 10
268 502 10
268 519 10
268 521 10
268 522 10
268 525 10
268 528 10
268 530 10
268 532 10
268 533 10
268 536 10
268 537 10
268 546 10
268 547 10
268 548 10
268 550 10
268 552 10
268 553 10
268 555 10
268 557 10
268 559 10
268 568 10
268 574 10
268 576 10
268 578 10
269 382 10
269 383 10
269 393 10
269 395 10
269 403 10
269 416 10
269 418 10
269 423 10
269 425 10
269 426 10
269 428 10
269 435 10
269 436 10
269 438 10
269 451 10
269 452 10
269 456 10
269 458 10
269 459 10
269 460 10
269 462 10
269 463 10
269 465 10
269 469 10
269 484 10
269 488 10
269 494 10
269 496 10
269 499 10
269 504 10
269 505 10
269 507 10
269 518 10
269 519 10
269 523 10
269 527 10
269 528 10
269 529 10
269 531 10
269 534 10
269 535 10
269 536 10
269 537 10
269 549 10
269 550 10
269 551 10
269 572 10
269 573 10
269 575 10
269 579 10
269 584 10
269 586 10
270 380 10
270 388 10
270 391 10
270 394 10
270 395 10
270 396 10
270 398 10
270 399 10
270 400 10
270 401 10
270 402 10
270 403 10
270 405 10
270 409 10
270 410 10
270 412 10
270 413 10
270 414 10
270 415 10
270 418 10
270 421 10
270 426 10
270 428 10
270 437 10
270 439 10
270 440 10
270 441 10
270 446 10
270 450 10
270 451 10
270 452 10
270 457 10
270 459 10
270 462 10
270 463 10
270 470 10
270 484 10
270 488 10
270 491 10
270 492 10
270 494 10
270 495 10
270 498 10
270 501 10
270 502 10
270 516 10
270 519 10
270 523 10
270 526 10
270 527 10
270 529 10
270 531 10
270 532 10
270 533 10
270 537 10
270 540 10
270 541 10
270 542 10
270 544 10
270 546 10
270 547 10
270 548 10
270 549 10
270 555 10
270 556 10
270 558 10
270 559 10
270 572 10
270 573 10
270 574 10
270 577 10
271 388 10
271 389 10
271 391 10
271 392 10
271 393 10
271 396 10
271 397 10
271 398 10
271 399 10
271 400 10
271 401 10
271 402 10
271 403 10
271 404 10
271 407 10
271 412 10
271 415 10
271 417 10
271 418 10
271 422 10
271 424 10
271 427 10
271 429 10
271 430 10
271 436 10
271 437 10
271 441 10
271 443 10
271 445 10
271 453 10
271 456 10
271 460 10
271 461 10
271 464 10
271 465 10
271 466 10
271 480 10
271 484 10
271 486 10
271 488 10
271 491 10
271 492 10
271 493 10
271 495 10
271 499 10
271 501 10
271 503 10
271 504 10
271 511 10
271 518 10
271 519 10
271 522 10
271 523 10
271 524 10
271 525 10
271 527 10
271 531 10
271 532 10
271 535 10
271 543 10
271 550 10
271 552 10
271 557 10
271 558 10
271 570 10
271 571 10
271 572 10
271 574 10
271 575 10
271 577 10
271 578 10
271 579 10
271 580 10
271 582 10
271 587 10
272 358 10
272 385 10
272 387 10
272 391 10
272 393 10
272 394 10
272 395 10
272 397 10
272 398 10
272 399 10
272 401 10
272 403 10
272 416 10
272 418 10
272 422 10
272 424 10
272 431 10
272 433 10
272 435 10
272 436 10
272 439 10
272 440 10
272 441 10
272 443 10
272 450 10
272 455 10
272 456 10
272 458 10
272 459 10
272 460 10
272 462 10
272 468 10
272 470 10
272 472 10
272 477 10
272 479 10
272 480 10
272 481 10
272 483 10
272 488 10
272 491 10
272 495 10
272 496 10
272 499 10
272 501 10
272 503 10
272 504 10
272 513 10
272 516 10
272 517 10
272 518 10
272 522 10
272 523 10
272 528 10
272 529 10
272 530 10
272 531 10
272 534 10
272 538 10
272 544 10
272 546 10
272 549 10
272 555 10
272 556 10
272 570 10
272 571 10
272 572 10
272 576 10
272 582 10
273 358 10
273 361 10
273 385 10
273 388 10
273 390 10
273 391 10
273 392 10
273 394 10
273 396 10
273 397 10
273 398 10
273 399 10
273 400 10
273 401 10
273 402 10
273 403 10
273 406 10
273 411 10
273 412 10
273 413 10
273 415 10
273 418 10
273 424 10
273 427 10
273 431 10
273 436 10
273 438 10
273 439 10
273 440 10
273 441 10
273 442 10
273 447 10
273 458 10
273 460 10
273 464 10
273 470 10
273 473 10
273 480 10
273 482 10
273 490 10
273 491 10
273 493 10
273 496 10
273 497 10
273 499 10
273 502 10
273 507 10
273 513 10
273 514 10
273 515 10
273 516 10
273 517 10
273 518 10
273 520 10
273 523 10
273 531 10
273 534 10
273 536 10
273 537 10
273 538 10
273 541 10
273 548 10
273 551 10
273 553 10
273 555 10
273 560 10
273 564 10
273 570 10
273 571 10
273 572 10
273 573 10
273 574 10
273 575 10
273 579 10
274 360 10
274 365 10
274 374 10
274 384 10
274 387 10
274 392 10
274 393 10
274 395 10
274 396 10
274 397 10
274 398 10
274 399 10
274 400 10
274 401 10
274 402 10
274 403 10
274 408 10
274 414 10
274 415 10
274 417 10
274 418 10
274 421 10
274 422 10
274 424 10
274 433 10
274 434 10
274 435 10
274 436 10
274 437 10
274 439 10
274 442 10
274 447 10
274 448 10
274 456 10
274 459 10
274 464 10
274 468 10
274 480 10
274 492 10
274 493 10
274 494 10
274 497 10
274 498 10
274 502 10
274 504 10
274 513 10
274 516 10
274 517 10
274 518 10
274 521 10
274 523 10
274 524 10
274 525 10
274 526 10
274 527 10
274 529 10
274 531 10
274 533 10
274 536 10
274 538 10
274 539 10
274 540 10
274 541 10
274 542 10
274 543 10
274 544 10
274 546 10
274 549 10
274 550 10
274 551 10
274 558 10
274 559 10
274 570 10
274 571 10
274 573 10
274 575 10
274 581 10
274 584 10
275 358 10
275 361 10
275 362 10
275 363 10
275 365 10
275 382 10
275 383 10
275 392 10
275 395 10
275 396 10
275 397 10
275 398 10
275 399 10
275 401 10
275 404 10
275 405 10
275 413 10
275 415 10
275 416 10
275 419 10
275 421 10
275 428 10
275 430 10
275 438 10
275 442 10
275 454 10
275 457 10
275 459 10
275 460 10
275 461 10
275 469 10
275 471 10
275 474 10
275 479 10
275 481 10
275 483 10
275 487 10
275 488 10
275 490 10
275 493 10
275 496 10
275 502 10
275 505 10
275 513 10
275 515 10
275 516 10
275 523 10
275 526 10
275 529 10
275 531 10
275 534 10
275 539 10
275 541 10
275 545 10
275 547 10
275 549 10
275 550 10
275 555 10
275 558 10
275 563 10
275 564 10
275 565 10
275 572 10
275 573 10
275 575 10
275 576 10
275 578 10
275 579 10
275 580 10
275 582 10
276 362 10
276 389 10
276 390 10
276 391 10
276 392 10
276 395 10
276 396 10
276 399 10
276 401 10
276 403 10
276 409 10
276 415 10
276 416 10
276 417 10
276 418 10
276 419 10
276 421 10
276 422 10
276 423 10
276 432 10
276 433 10
276 434 10
276 436 10
276 439 10
276 444 10
276 453 10
276 458 10
276 460 10
276 461 10
276 466 10
276 468 10
276 469 10
276 471 10
276 472 10
276 476 10
276 481 10
276 484 10
276 486 10
276 487 10
276 488 10
276 493 10
276 497 10
276 501 10
276 513 10
276 515 10
276 517 10
276 518 10
276 519 10
276 521 10
276 522 10
276 523 10
276 524 10
276 525 10
276 526 10
276 528 10
276 531 10
276 532 10
276 533 10
276 534 10
276 535 10
276 536 10
276 540 10
276 541 10
276 542 10
276 544 10
276 545 10
276 550 10
276 552 10
276 555 10
276 557 10
276 564 10
276 565 10
276 570 10
276 572 10
276 574 10
276 575 10
276 578 10
276 582 10
277 361 10
277 363 10
277 364 10
277 390 10
277 393 10
277 394 10
277 396 10
277 397 10
277 398 10
277 399 10
277 400 10
277 401 10
277 404 10
277 415 10
277 417 10
277 418 10
277 420 10
277 422 10
277 423 10
277 437 10
277 441 10
277 442 10
277 446 10
277 449 10
277 450 10
277 456 10
277 461 10
277 462 10
277 468 10
277 470 10
277 474 10
277 476 10
277 478 10
277 481 10
277 483 10
277 484 10
277 485 10
277 491 10
277 492 10
277 493 10
277 494 10
277 496 10
277 502 10
277 513 10
277 515 10
277 516 10
277 517 10
277 522 10
277 523 10
277 524 10
277 525 10
277 528 10
277 530 10
277 531 10
277 532 10
277 533 10
277 534 10
277 537 10
277 539 10
277 541 10
277 545 10
277 553 10
277 554 10
277 555 10
277 561 10
277 565 10
277 567 10
277 572 10
277 573 10
277 574 10
277 576 10
277 577 10
277 583 10
277 585 10
278 363 10
278 372 10
278 388 10
278 391 10
278 393 10
278 396 10
278 397 10
278 398 10
278 399 10
278 400 10
278 402 10
278 405 10
278 406 10
278 407 10
278 410 10
278 411 10
278 413 10
278 416 10
278 418 10
278 420 10
278 422 10
278 423 10
278 425 10
278 426 10
278 432 10
278 433 10
278 437 10
278 439 10
278 440 10
278 442 10
278 443 10
278 444 10
278 446 10
278 456 10
278 457 10
278 458 10
278 459 10
278 461 10
278 462 10
278 467 10
278 470 10
278 473 10
278 478 10
278 480 10
278 481 10
278 482 10
278 483 10
278 486 10
278 487 10
278 491 10
278 492 10
278 499 10
278 513 10
278 514 10
278 515 10
278 517 10
278 518 10
278 523 10
278 526 10
278 527 10
278 528 10
278 529 10
278 532 10
278 533 10
278 534 10
278 535 10
278 536 10
278 541 10
278 545 10
278 549 10
278 550 10
278 558 10
278 563 10
278 565 10
278 566 10
278 567 10
278 570 10
278 571 10
278 573 10
278 574 10
278 575 10
278 576 10
278 578 10
278 581 10
278 583 10
278 586 10
279 359 10
279 360 10
279 361 10
279 363 10
279 372 10
279 374 10
279 384 10
279 386 10
279 388 10
279 389 10
279 391 10
279 393 10
279 395 10
279 396 10
279 397 10
279 400 10
279 401 10
279 402 10
279 403 10
279 404 10
279 406 10
279 408 10
279 411 10
279 414 10
279 416 10
279 417 10
279 418 10
279 420 10
279 421 10
279 423 10
279 424 10
279 427 10
279 428 10
279 435 10
279 437 10
279 446 10
279 455 10
279 457 10
279 458 10
279 459 10
279 460 10
279 461 10
279 463 10
279 468 10
279 469 10
279 470 10
279 471 10
279 472 10
279 474 10
279 476 10
279 477 10
279 479 10
279 482 10
279 484 10
279 486 10
279 488 10
279 493 10
279 500 10
279 501 10
279 502 10
279 503 10
279 504 10
279 511 10
279 514 10
279 516 10
279 517 10
279 518 10
279 519 10
279 523 10
279 528 10
279 529 10
279 533 10
279 534 10
279 535 10
279 536 10
279 537 10
279 538 10
279 539 10
279 543 10
279 547 10
279 548 10
279 563 10
279 566 10
279 572 10
279 575 10
279 577 10
279 578 10
279 581 10
279 583 10
279 584 10
279 589 10
280 372 10
280 378 10
280 386 10
280 388 10
280 392 10
280 393 10
280 394 10
280 395 10
280 396 10
280 398 10
280 399 10
280 402 10
280 403 10
280 404 10
280 406 10
280 407 10
280 410 10
280 414 10
280 417 10
280 418 10
280 420 10
280 427 10
280 429 10
280 431 10
280 436 10
280 437 10
280 439 10
280 442 10
280 443 10
280 444 10
280 447 10
280 455 10
280 457 10
280 458 10
280 459 10
280 461 10
280 463 10
280 471 10
280 473 10
280 477 10
280 479 10
280 481 10
280 483 10
280 484 10
280 486 10
280 488 10
280 490 10
280 491 10
280 495 10
280 496 10
280 498 10
280 502 10
280 504 10
280 510 10
280 516 10
280 518 10
280 521 10
280 524 10
280 526 10
280 529 10
280 532 10
280 533 10
280 534 10
280 535 10
280 536 10
280 539 10
280 541 10
280 542 10
280 543 10
280 549 10
280 551 10
280 554 10
280 558 10
280 559 10
280 563 10
280 565 10
280 570 10
280 571 10
280 572 10
280 573 10
280 576 10
280 577 10
280 578 10
280 586 10
280 588 10
280 589 10
281 369 10
281 370 10
281 372 10
281 379 10
281 386 10
281 388 10
281 390 10
281 393 10
281 395 10
281 396 10
281 397 10
281 398 10
281 400 10
281 402 10
281 405 10
281 406 10
281 407 10
281 408 10
281 410 10
281 411 10
281 412 10
281 413 10
281 416 10
281 418 10
281 419 10
281 420 10
281 421 10
281 422 10
281 423 10
281 425 10
281 426 10
281 432 10
281 434 10
281 435 10
281 436 10
281 437 10
281 441 10
281 442 10
281 444 10
281 454 10
281 455 10
281 457 10
281 458 10
281 459 10
281 460 10
281 461 10
281 462 10
281 464 10
281 465 10
281 469 10
281 473 10
281 474 10
281 475 10
281 477 10
281 481 10
281 482 10
281 486 10
281 487 10
281 488 10
281 493 10
281 497 10
281 498 10
281 501 10
281 506 10
281 516 10
281 518 10
281 519 10
281 520 10
281 521 10
281 529 10
281 531 10
281 532 10
281 533 10
281 534 10
281 540 10
281 541 10
281 544 10
281 551 10
281 554 10
281 559 10
281 568 10
281 569 10
281 572 10
281 574 10
281 575 10
281 577 10
281 578 10
282 367 10
282 369 10
282 370 10
282 388 10
282 390 10
282 395 10
282 396 10
282 399 10
282 400 10
282 401 10
282 402 10
282 406 10
282 407 10
282 409 10
282 413 10
282 414 10
282 415 10
282 416 10
282 417 10
282 419 10
282 420 10
282 421 10
282 422 10
282 423 10
282 425 10
282 428 10
282 430 10
282 432 10
282 436 10
282 437 10
282 441 10
282 443 10
282 448 10
282 453 10
282 455 10
282 458 10
282 461 10
282 462 10
282 464 10
282 466 10
282 467 10
282 468 10
282 470 10
282 472 10
282 473 10
282 475 10
282 477 10
282 479 10
282 481 10
282 487 10
282 488 10
282 490 10
282 494 10
282 495 10
282 497 10
282 498 10
282 499 10
282 500 10
282 510 10
282 514 10
282 517 10
282 519 10
282 520 10
282 521 10
282 526 10
282 527 10
282 530 10
282 532 10
282 535 10
282 536 10
282 539 10
282 540 10
282 542 10
282 543 10
282 544 10
282 553 10
282 561 10
282 562 10
282 565 10
282 566 10
282 567 10
282 568 10
282 569 10
282 572 10
282 573 10
282 574 10
282 575 10
282 576 10
282 577 10
282 580 10
282 585 10
282 588 10
283 370 10
283 380 10
283 383 10
283 384 10
283 389 10
283 391 10
283 392 10
283 393 10
283 394 10
283 399 10
283 400 10
283 404 10
283 407 10
283 408 10
283 410 10
283 411 10
283 413 10
283 416 10
283 417 10
283 419 10
283 420 10
283 423 10
283 424 10
283 426 10
283 427 10
283 430 10
283 434 10
283 435 10
283 437 10
283 438 10
283 442 10
283 447 10
283 457 10
283 460 10
283 461 10
283 463 10
283 464 10
283 466 10
283 467 10
283 469 10
283 470 10
283 472 10
283 474 10
283 475 10
283 481 10
283 486 10
283 487 10
283 489 10
283 494 10
283 496 10
283 497 10
283 499 10
283 502 10
283 503 10
283 504 10
283 508 10
283 509 10
283 516 10
283 517 10
283 518 10
283 519 10
283 521 10
283 522 10
283 526 10
283 530 10
283 532 10
283 537 10
283 539 10
283 541 10
283 542 10
283 543 10
283 559 10
283 562 10
283 563 10
283 565 10
283 567 10
283 568 10
283 570 10
283 572 10
283 574 10
283 577 10
283 578 10
283 586 10
284 371 10
284 376 10
284 378 10
284 382 10
284 383 10
284 385 10
284 387 10
284 388 10
284 391 10
284 395 10
284 396 10
284 399 10
284 404 10
284 405 10
284 406 10
284 407 10
284 408 10
284 410 10
284 411 10
284 412 10
284 413 10
284 416 10
284 417 10
284 419 10
284 420 10
284 421 10
284 423 10
284 424 10
284 430 10
284 432 10
284 433 10
284 435 10
284 439 10
284 440 10
284 455 10
284 456 10
284 457 10
284 464 10
284 465 10
284 467 10
284 468 10
284 470 10
284 471 10
284 472 10
284 473 10
284 475 10
284 477 10
284 479 10
284 481 10
284 483 10
284 486 10
284 496 10
284 497 10
284 502 10
284 507 10
284 508 10
284 514 10
284 516 10
284 518 10
284 520 10
284 524 10
284 526 10
284 529 10
284 530 10
284 531 10
284 534 10
284 535 10
284 536 10
284 537 10
284 538 10
284 539 10
284 542 10
284 544 10
284 559 10
284 564 10
284 568 10
284 569 10
284 570 10
284 571 10
284 573 10
284 575 10
284 576 10
284 579 10
284 581 10
284 584 10
284 608 10
285 361 10
285 362 10
285 363 10
285 372 10
285 377 10
285 379 10
285 384 10
285 386 10
285 388 10
285 389 10
285 390 10
285 392 10
285 393 10
285 394 10
285 396 10
285 397 10
285 399 10
285 402 10
285 404 10
285 406 10
285 409 10
285 410 10
285 412 10
285 413 10
285 416 10
285 418 10
285 420 10
285 421 10
285 422 10
285 424 10
285 425 10
285 426 10
285 427 10
285 428 10
285 429 10
285 431 10
285 432 10
285 433 10
285 435 10
285 437 10
285 438 10
285 445 10
285 452 10
285 454 10
285 455 10
285 457 10
285 458 10
285 459 10
285 460 10
285 461 10
285 463 10
285 465 10
285 466 10
285 468 10
285 469 10
285 470 10
285 472 10
285 473 10
285 474 10
285 475 10
285 476 10
285 478 10
285 479 10
285 480 10
285 482 10
285 484 10
285 485 10
285 486 10
285 487 10
285 488 10
285 489 10
285 497 10
285 502 10
285 515 10
285 516 10
285 517 10
285 520 10
285 521 10
285 528 10
285 529 10
285 531 10
285 532 10
285 533 10
285 534 10
285 535 10
285 538 10
285 539 10
285 540 10
285 544 10
285 563 10
285 564 10
285 568 10
285 572 10
285 576 10
285 578 10
285 580 10
285 581 10
285 582 10
285 585 10
285 589 10
286 358 10
286 367 10
286 371 10
286 375 10
286 381 10
286 382 10
286 385 10
286 387 10
286 388 10
286 390 10
286 391 10
286 395 10
286 398 10
286 400 10
286 404 10
286 406 10
286 407 10
286 408 10
286 409 10
286 411 10
286 412 10
286 414 10
286 415 10
286 417 10
286 423 10
286 425 10
286 429 10
286 431 10
286 433 10
286 437 10
286 438 10
286 439 10
286 440 10
286 441 10
286 442 10
286 453 10
286 454 10
286 457 10
286 458 10
286 459 10
286 462 10
286 463 10
286 465 10
286 466 10
286 467 10
286 472 10
286 479 10
286 484 10
286 486 10
286 487 10
286 488 10
286 511 10
286 518 10
286 519 10
286 524 10
286 525 10
286 526 10
286 527 10
286 531 10
286 532 10
286 534 10
286 535 10
286 537 10
286 538 10
286 540 10
286 559 10
286 570 10
286 571 10
286 573 10
286 574 10
286 575 10
286 577 10
286 581 10
286 586 10
286 587 10
286 606 10
286 607 10
286 609 10
287 356 10
287 359 10
287 360 10
287 361 10
287 363 10
287 365 10
287 375 10
287 379 10
287 381 10
287 388 10
287 391 10
287 394 10
287 397 10
287 399 10
287 401 10
287 409 10
287 411 10
287 413 10
287 414 10
287 415 10
287 419 10
287 422 10
287 424 10
287 425 10
287 427 10
287 428 10
287 433 10
287 434 10
287 436 10
287 440 10
287 441 10
287 442 10
287 453 10
287 455 10
287 459 10
287 461 10
287 463 10
287 464 10
287 466 10
287 467 10
287 468 10
287 469 10
287 470 10
287 471 10
287 472 10
287 473 10
287 475 10
287 476 10
287 479 10
287 481 10
287 483 10
287 484 10
287 485 10
287 487 10
287 489 10
287 495 10
287 496 10
287 501 10
287 502 10
287 513 10
287 515 10
287 516 10
287 518 10
287 520 10
287 523 10
287 525 10
287 528 10
287 532 10
287 533 10
287 540 10
287 560 10
287 562 10
287 563 10
287 568 10
287 569 10
287 572 10
287 579 10
287 583 10
287 585 10
288 357 10
288 360 10
288 361 10
288 362 10
288 364 10
288 365 10
288 366 10
288 369 10
288 378 10
288 379 10
288 380 10
288 381 10
288 382 10
288 389 10
288 390 10
288 392 10
288 393 10
288 395 10
288 397 10
288 398 10
288 403 10
288 404 10
288 405 10
288 406 10
288 407 10
288 410 10
288 411 10
288 415 10
288 416 10
288 418 10
288 422 10
288 423 10
288 426 10
288 429 10
288 431 10
288 439 10
288 441 10
288 442 10
288 443 10
288 445 10
288 464 10
288 465 10
288 471 10
288 477 10
288 482 10
288 484 10
288 487 10
288 490 10
288 500 10
288 512 10
288 517 10
288 518 10
288 522 10
288 529 10
288 536 10
288 539 10
288 552 10
288 554 10
288 560 10
288 565 10
288 566 10
288 571 10
288 576 10
288 578 10
288 579 10
288 580 10
288 581 10
288 583 10
288 584 10
288 585 10
288 587 10
288 588 10
288 602 10
288 609 10
289 343 10
289 359 10
289 366 10
289 373 10
289 376 10
289 387 10
289 389 10
289 390 10
289 391 10
289 393 10
289 395 10
289 396 10
289 397 10
289 403 10
289 405 10
289 407 10
289 408 10
289 410 10
289 411 10
289 412 10
289 421 10
289 426 10
289 428 10
289 440 10
289 446 10
289 458 10
289 463 10
289 464 10
289 465 10
289 467 10
289 468 10
289 469 10
289 470 10
289 471 10
289 472 10
289 474 10
289 477 10
289 479 10
289 480 10
289 481 10
289 483 10
289 484 10
289 487 10
289 497 10
289 501 10
289 508 10
289 512 10
289 514 10
289 515 10
289 517 10
289 518 10
289 521 10
289 523 10
289 530 10
289 533 10
289 534 10
289 537 10
289 539 10
289 552 10
289 554 10
289 582 10
289 587 10
289 597 10
289 606 10
290 327 10
290 335 10
290 357 10
290 358 10
290 359 10
290 361 10
290 362 10
290 363 10
290 365 10
290 376 10
290 380 10
290 381 10
290 382 10
290 384 10
290 385 10
290 388 10
290 389 10
290 391 10
290 397 10
290 399 10
290 403 10
290 404 10
290 406 10
290 409 10
290 410 10
290 414 10
290 420 10
290 421 10
290 423 10
290 427 10
290 429 10
290 442 10
290 448 10
290 451 10
290 459 10
290 460 10
290 462 10
290 463 10
290 466 10
290 467 10
290 468 10
290 470 10
290 472 10
290 473 10
290 475 10
290 476 10
290 477 10
290 478 10
290 479 10
290 483 10
290 485 10
290 486 10
290 487 10
290 489 10
290 490 10
290 497 10
290 498 10
290 505 10
290 507 10
290 513 10
290 515 10
290 518 10
290 520 10
290 522 10
290 525 10
290 528 10
290 529 10
290 530 10
290 531 10
290 533 10
290 536 10
290 540 10
290 548 10
290 567 10
290 571 10
290 572 10
290 573 10
290 582 10
290 583 10
290 586 10
290 588 10
290 604 10
291 335 10
291 343 10
291 344 10
291 357 10
291 360 10
291 362 10
291 363 10
291 365 10
291 366 10
291 367 10
291 370 10
291 372 10
291 374 10
291 375 10
291 377 10
291 382 10
291 383 10
291 384 10
291 385 10
291 386 10
291 390 10
291 391 10
291 393 10
291 394 10
291 396 10
291 406 10
291 408 10
291 411 10
291 414 10
291 417 10
291 425 10
291 428 10
291 431 10
291 433 10
291 446 10
291 452 10
291 458 10
291 460 10
291 464 10
291 466 10
291 467 10
291 469 10
291 470 10
291 471 10
291 475 10
291 476 10
291 477 10
291 479 10
291 480 10
291 481 10
291 483 10
291 489 10
291 502 10
291 505 10
291 512 10
291 515 10
291 516 10
291 517 10
291 518 10
291 519 10
291 520 10
291 522 10
291 523 10
291 525 10
291 526 10
291 527 10
291 528 10
291 529 10
291 532 10
291 534 10
291 535 10
291 536 10
291 537 10
291 538 10
291 547 10
291 553 10
291 558 10
291 565 10
291 566 10
291 567 10
291 568 10
291 569 10
291 570 10
291 571 10
291 573 10
291 574 10
291 580 10
291 582 10
291 583 10
291 585 10
291 605 10
292 330 10
292 337 10
292 360 10
292 362 10
292 363 10
292 364 10
292 367 10
292 369 10
292 371 10
292 372 10
292 373 10
292 377 10
292 379 10
292 380 10
292 382 10
292 383 10
292 384 10
292 385 10
292 386 10
292 387 10
292 391 10
292 392 10
292 397 10
292 399 10
292 404 10
292 405 10
292 407 10
292 409 10
292 410 10
292 412 10
292 413 10
292 414 10
292 416 10
292 417 10
292 418 10
292 422 10
292 423 10
292 424 10
292 438 10
292 440 10
292 449 10
292 451 10
292 462 10
292 465 10
292 467 10
292 469 10
292 470 10
292 471 10
292 472 10
292 474 10
292 475 10
292 478 10
292 480 10
292 481 10
292 484 10
292 487 10
292 488 10
292 489 10
292 490 10
292 496 10
292 498 10
292 503 10
292 505 10
292 506 10
292 508 10
292 509 10
292 510 10
292 514 10
292 515 10
292 517 10
292 520 10
292 523 10
292 525 10
292 526 10
292 530 10
292 531 10
292 533 10
292 534 10
292 536 10
292 539 10
292 544 10
292 545 10
292 547 10
292 548 10
292 550 10
292 553 10
292 554 10
292 558 10
292 564 10
292 565 10
292 569 10
292 570 10
292 572 10
292 575 10
292 580 10
292 581 10
292 582 10
292 585 10
292 587 10
293 330 10
293 335 10
293 337 10
293 344 10
293 345 10
293 346 10
293 356 10
293 358 10
293 361 10
293 365 10
293 367 10
293 369 10
293 372 10
293 374 10
293 375 10
293 377 10
293 380 10
293 382 10
293 383 10
293 384 10
293 388 10
293 389 10
293 390 10
293 391 10
293 392 10
293 393 10
293 399 10
293 400 10
293 405 10
293 406 10
293 407 10
293 415 10
293 418 10
293 419 10
293 420 10
293 421 10
293 423 10
293 436 10
293 437 10
293 438 10
293 439 10
293 440 10
293 442 10
293 450 10
293 462 10
293 464 10
293 465 10
293 468 10
293 472 10
293 475 10
293 476 10
293 477 10
293 479 10
293 480 10
293 481 10
293 483 10
293 484 10
293 485 10
293 486 10
293 491 10
293 497 10
293 498 10
293 505 10
293 506 10
293 507 10
293 508 10
293 509 10
293 511 10
293 520 10
293 522 10
293 524 10
293 526 10
293 527 10
293 528 10
293 529 10
293 534 10
293 535 10
293 537 10
293 538 10
293 539 10
293 547 10
293 554 10
293 556 10
293 557 10
293 566 10
293 568 10
293 577 10
293 581 10
293 584 10
293 589 10
293 591 10
293 592 10
293 608 10
294 327 10
294 329 10
294 333 10
294 335 10
294 358 10
294 359 10
294 361 10
294 362 10
294 363 10
294 364 10
294 366 10
294 367 10
294 369 10
294 371 10
294 372 10
294 373 10
294 376 10
294 377 10
294 380 10
294 382 10
294 385 10
294 386 10
294 387 10
294 388 10
294 389 10
294 392 10
294 393 10
294 394 10
294 395 10
294 396 10
294 397 10
294 398 10
294 400 10
294 401 10
294 402 10
294 404 10
294 405 10
294 409 10
294 410 10
294 411 10
294 412 10
294 415 10
294 418 10
294 421 10
294 422 10
294 423 10
294 424 10
294 426 10
294 427 10
294 433 10
294 437 10
294 438 10
294 442 10
294 443 10
294 445 10
294 447 10
294 449 10
294 456 10
294 465 10
294 466 10
294 474 10
294 475 10
294 478 10
294 480 10
294 481 10
294 482 10
294 485 10
294 488 10
294 490 10
294 491 10
294 493 10
294 496 10
294 497 10
294 499 10
294 506 10
294 508 10
294 512 10
294 519 10
294 521 10
294 522 10
294 523 10
294 525 10
294 528 10
294 529 10
294 531 10
294 533 10
294 534 10
294 536 10
294 538 10
294 539 10
294 540 10
294 544 10
294 545 10
294 548 10
294 549 10
294 550 10
294 551 10
294 553 10
294 554 10
294 557 10
294 559 10
294 564 10
294 568 10
294 570 10
294 571 10
294 580 10
294 581 10
294 583 10
294 584 10
294 585 10
295 326 10
295 328 10
295 329 10
295 335 10
295 341 10
295 359 10
295 361 10
295 362 10
295 367 10
295 368 10
295 369 10
295 371 10
295 373 10
295 381 10
295 384 10
295 385 10
295 388 10
295 391 10
295 392 10
295 394 10
295 396 10
295 399 10
295 400 10
295 403 10
295 406 10
295 409 10
295 410 10
295 412 10
295 414 10
295 415 10
295 420 10
295 421 10
295 423 10
295 424 10
295 425 10
295 426 10
295 427 10
295 435 10
295 437 10
295 440 10
295 441 10
295 442 10
295 443 10
295 444 10
295 447 10
295 449 10
295 460 10
295 464 10
295 466 10
295 467 10
295 468 10
295 469 10
295 470 10
295 472 10
295 477 10
295 479 10
295 481 10
295 482 10
295 483 10
295 484 10
295 485 10
295 487 10
295 489 10
295 494 10
295 495 10
295 499 10
295 503 10
295 506 10
295 507 10
295 508 10
295 524 10
295 526 10
295 528 10
295 529 10
295 532 10
295 533 10
295 534 10
295 537 10
295 538 10
295 544 10
295 545 10
295 546 10
295 548 10
295 549 10
295 550 10
295 552 10
295 553 10
295 554 10
295 555 10
295 558 10
295 559 10
295 565 10
295 566 10
295 569 10
295 570 10
295 578 10
295 579 10
295 585 10
295 586 10
295 602 10
295 603 10
295 607 10
296 321 10
296 325 10
296 327 10
296 330 10
296 341 10
296 359 10
296 360 10
296 362 10
296 363 10
296 364 10
296 366 10
296 368 10
296 369 10
296 371 10
296 373 10
296 375 10
296 379 10
296 380 10
296 381 10
296 382 10
296 383 10
296 384 10
296 385 10
296 387 10
296 388 10
296 390 10
296 391 10
296 393 10
296 394 10
296 397 10
296 399 10
296 401 10
296 405 10
296 406 10
296 407 10
296 408 10
296 409 10
296 410 10
296 411 10
296 412 10
296 413 10
296 414 10
296 415 10
296 417 10
296 420 10
296 421 10
296 422 10
296 423 10
296 425 10
296 426 10
296 428 10
296 435 10
296 436 10
296 437 10
296 438 10
296 440 10
296 452 10
296 454 10
296 455 10
296 456 10
296 459 10
296 460 10
296 463 10
296 464 10
296 465 10
296 466 10
296 469 10
296 470 10
296 471 10
296 473 10
296 476 10
296 477 10
296 479 10
296 481 10
296 482 10
296 483 10
296 485 10
296 487 10
296 488 10
296 492 10
296 495 10
296 497 10
296 499 10
296 517 10
296 532 10
296 535 10
296 536 10
296 537 10
296 538 10
296 540 10
296 543 10
296 544 10
296 545 10
296 546 10
296 547 10
296 548 10
296 549 10
296 550 10
296 551 10
296 552 10
296 553 10
296 555 10
296 558 10
296 559 10
296 562 10
296 576 10
296 578 10
296 584 10
296 585 10
296 586 10
296 588 10
297 323 10
297 328 10
297 330 10
297 338 10
297 339 10
297 348 10
297 355 10
297 359 10
297 361 10
297 362 10
297 363 10
297 364 10
297 368 10
297 369 10
297 370 10
297 371 10
297 372 10
297 374 10
297 378 10
297 380 10
297 383 10
297 386 10
297 387 10
297 389 10
297 391 10
297 396 10
297 398 10
297 400 10
297 401 10
297 404 10
297 405 10
297 410 10
297 411 10
297 413 10
297 414 10
297 419 10
297 420 10
297 422 10
297 423 10
297 427 10
297 428 10
297 429 10
297 435 10
297 438 10
297 441 10
297 443 10
297 452 10
297 454 10
297 455 10
297 456 10
297 457 10
297 461 10
297 463 10
297 466 10
297 468 10
297 470 10
297 471 10
297 474 10
297 477 10
297 478 10
297 480 10
297 481 10
297 483 10
297 485 10
297 486 10
297 487 10
297 489 10
297 494 10
297 495 10
297 496 10
297 513 10
297 531 10
297 532 10
297 533 10
297 535 10
297 536 10
297 537 10
297 540 10
297 542 10
297 544 10
297 545 10
297 546 10
297 547 10
297 548 10
297 550 10
297 551 10
297 552 10
297 553 10
297 555 10
297 558 10
297 559 10
297 561 10
297 563 10
297 565 10
297 571 10
297 579 10
297 586 10
297 589 10
297 597 10
298 339 10
298 342 10
298 350 10
298 357 10
298 361 10
298 363 10
298 365 10
298 367 10
298 368 10
298 371 10
298 372 10
298 373 10
298 374 10
298 376 10
298 379 10
298 382 10
298 386 10
298 387 10
298 388 10
298 389 10
298 390 10
298 392 10
298 394 10
298 397 10
298 399 10
298 400 10
298 401 10
298 402 10
298 404 10
298 405 10
298 406 10
298 407 10
298 408 10
298 409 10
298 410 10
298 413 10
298 419 10
298 420 10
298 422 10
298 424 10
298 439 10
298 444 10
298 452 10
298 454 10
298 456 10
298 458 10
298 460 10
298 466 10
298 467 10
298 468 10
298 469 10
298 470 10
298 471 10
298 472 10
298 473 10
298 474 10
298 475 10
298 476 10
298 477 10
298 479 10
298 480 10
298 482 10
298 484 10
298 485 10
298 486 10
298 487 10
298 488 10
298 495 10
298 496 10
298 497 10
298 515 10
298 526 10
298 527 10
298 528 10
298 530 10
298 531 10
298 532 10
298 535 10
298 537 10
298 539 10
298 540 10
298 541 10
298 543 10
298 544 10
298 545 10
298 546 10
298 547 10
298 549 10
298 550 10
298 551 10
298 552 10
298 553 10
298 554 10
298 555 10
298 556 10
298 558 10
298 559 10
298 563 10
298 565 10
298 568 10
298 571 10
298 572 10
298 586 10
298 588 10
298 590 10
298 593 10
299 324 10
299 333 10
299 339 10
299 342 10
299 351 10
299 354 10
299 355 10
299 357 10
299 359 10
299 368 10
299 369 10
299 371 10
299 375 10
299 376 10
299 377 10
299 378 10
299 379 10
299 380 10
299 382 10
299 384 10
299 385 10
299 386 10
299 387 10
299 388 10
299 389 10
299 390 10
299 391 10
299 392 10
299 394 10
299 395 10
299 396 10
299 397 10
299 399 10
299 401 10
299 402 10
299 403 10
299 405 10
299 406 10
299 407 10
299 409 10
299 410 10
299 411 10
299 412 10
299 413 10
299 414 10
299 416 10
299 417 10
299 421 10
299 422 10
299 427 10
299 429 10
299 440 10
299 442 10
299 449 10
299 450 10
299 456 10
299 459 10
299 460 10
299 461 10
299 462 10
299 463 10
299 464 10
299 467 10
299 468 10
299 469 10
299 470 10
299 471 10
299 473 10
299 476 10
299 478 10
299 479 10
299 480 10
299 482 10
299 483 10
299 484 10
299 486 10
299 487 10
299 488 10
299 492 10
299 494 10
299 497 10
299 518 10
299 520 10
299 526 10
299 527 10
299 528 10
299 529 10
299 530 10
299 531 10
299 532 10
299 535 10
299 537 10
299 541 10
299 543 10
299 544 10
299 545 10
299 546 10
299 547 10
299 548 10
299 550 10
299 551 10
299 552 10
299 553 10
299 555 10
299 557 10
299 559 10
299 561 10
299 562 10
299 563 10
299 565 10
299 588 10
299 590 10
300 320 10
300 322 10
300 324 10
300 326 10
300 327 10
300 332 10
300 334 10
300 337 10
300 338 10
300 340 10
300 350 10
300 359 10
300 361 10
300 362 10
300 368 10
300 370 10
300 371 10
300 372 10
300 373 10
300 374 10
300 375 10
300 376 10
300 379 10
300 380 10
300 381 10
300 382 10
300 383 10
300 384 10
300 385 10
300 386 10
300 387 10
300 389 10
300 390 10
300 391 10
300 395 10
300 397 10
300 398 10
300 399 10
300 400 10
300 401 10
300 403 10
300 404 10
300 405 10
300 406 10
300 407 10
300 410 10
300 412 10
300 418 10
300 419 10
300 427 10
300 428 10
300 430 10
300 436 10
300 449 10
300 450 10
300 457 10
300 459 10
300 460 10
300 462 10
300 464 10
300 465 10
300 466 10
300 468 10
300 469 10
300 471 10
300 472 10
300 473 10
300 474 10
300 476 10
300 477 10
300 478 10
300 480 10
300 481 10
300 482 10
300 483 10
300 484 10
300 485 10
300 487 10
300 489 10
300 490 10
300 492 10
300 493 10
300 494 10
300 501 10
300 508 10
300 511 10
300 516 10
300 518 10
300 526 10
300 527 10
300 528 10
300 530 10
300 531 10
300 533 10
300 534 10
300 535 10
300 536 10
300 539 10
300 540 10
300 541 10
300 542 10
300 544 10
300 547 10
300 549 10
300 550 10
300 552 10
300 554 10
300 556 10
300 559 10
300 560 10
300 561 10
300 564 10
300 566 10
300 568 10
300 573 10
300 578 10
300 579 10
300 580 10
300 581 10
300 587 10
300 588 10
300 589 10
300 592 10
301 316 10
301 326 10
301 331 10
301 336 10
301 337 10
301 338 10
301 340 10
301 341 10
301 343 10
301 357 10
301 360 10
301 365 10
301 370 10
301 371 10
301 372 10
301 373 10
301 374 10
301 376 10
301 378 10
301 380 10
301 383 10
301 384 10
301 386 10
301 387 10
301 388 10
301 389 10
301 391 10
301 393 10
301 394 10
301 403 10
301 405 10
301 406 10
301 407 10
301 408 10
301 409 10
301 410 10
301 411 10
301 412 10
301 415 10
301 416 10
301 417 10
301 419 10
301 422 10
301 423 10
301 430 10
301 441 10
301 442 10
301 445 10
301 447 10
301 448 10
301 462 10
301 464 10
301 466 10
301 470 10
301 471 10
301 472 10
301 474 10
301 477 10
301 478 10
301 479 10
301 482 10
301 484 10
301 486 10
301 487 10
301 488 10
301 495 10
301 497 10
301 499 10
301 514 10
301 527 10
301 528 10
301 529 10
301 530 10
301 531 10
301 532 10
301 533 10
301 534 10
301 535 10
301 537 10
301 539 10
301 542 10
301 543 10
301 544 10
301 546 10
301 547 10
301 549 10
301 550 10
301 552 10
301 554 10
301 556 10
301 558 10
301 560 10
301 561 10
301 564 10
301 565 10
301 566 10
301 570 10
301 576 10
301 578 10
301 587 10
301 588 10
301 589 10
301 592 10
302 316 10
302 336 10
302 337 10
302 338 10
302 340 10
302 341 10
302 355 10
302 361 10
302 364 10
302 368 10
302 369 10
302 370 10
302 371 10
302 372 10
302 373 10
302 374 10
302 375 10
302 377 10
302 385 10
302 386 10
302 387 10
302 390 10
302 391 10
302 394 10
302 397 10
302 399 10
302 401 10
302 404 10
302 406 10
302 407 10
302 408 10
302 410 10
302 413 10
302 415 10
302 416 10
302 417 10
302 418 10
302 419 10
302 420 10
302 422 10
302 449 10
302 450 10
302 460 10
302 464 10
302 467 10
302 468 10
302 470 10
302 471 10
302 472 10
302 473 10
302 474 10
302 475 10
302 477 10
302 478 10
302 479 10
302 480 10
302 482 10
302 490 10
302 491 10
302 495 10
302 496 10
302 502 10
302 511 10
302 512 10
302 513 10
302 515 10
302 528 10
302 530 10
302 532 10
302 534 10
302 535 10
302 537 10
302 539 10
302 543 10
302 544 10
302 547 10
302 548 10
302 549 10
302 551 10
302 555 10
302 556 10
302 557 10
302 561 10
302 563 10
302 564 10
302 566 10
302 567 10
302 570 10
302 571 10
302 579 10
302 580 10
302 581 10
302 587 10
302 591 10
303 318 10
303 320 10
303 321 10
303 323 10
303 330 10
303 333 10
303 334 10
303 335 10
303 336 10
303 338 10
303 339 10
303 340 10
303 347 10
303 351 10
303 352 10
303 354 10
303 357 10
303 362 10
303 363 10
303 370 10
303 371 10
303 372 10
303 373 10
303 374 10
303 377 10
303 381 10
303 383 10
303 384 10
303 385 10
303 386 10
303 387 10
303 388 10
303 389 10
303 390 10
303 391 10
303 393 10
303 394 10
303 396 10
303 400 10
303 401 10
303 402 10
303 404 10
303 405 10
303 406 10
303 407 10
303 410 10
303 411 10
303 412 10
303 416 10
303 418 10
303 420 10
303 421 10
303 422 10
303 424 10
303 446 10
303 447 10
303 448 10
303 453 10
303 466 10
303 467 10
303 470 10
303 475 10
303 476 10
303 477 10
303 478 10
303 483 10
303 484 10
303 491 10
303 494 10
303 495 10
303 500 10
303 502 10
303 511 10
303 522 10
303 529 10
303 530 10
303 531 10
303 532 10
303 533 10
303 534 10
303 535 10
303 537 10
303 542 10
303 543 10
303 544 10
303 545 10
303 546 10
303 548 10
303 551 10
303 552 10
303 553 10
303 555 10
303 557 10
303 558 10
303 561 10
303 563 10
303 564 10
303 565 10
303 567 10
303 568 10
303 570 10
303 575 10
303 577 10
303 578 10
303 586 10
303 587 10
303 589 10
304 318 10
304 320 10
304 324 10
304 325 10
304 329 10
304 334 10
304 336 10
304 337 10
304 338 10
304 342 10
304 345 10
304 357 10
304 365 10
304 366 10
304 369 10
304 370 10
304 373 10
304 374 10
304 375 10
304 376 10
304 381 10
304 384 10
304 386 10
304 388 10
304 389 10
304 394 10
304 395 10
304 396 10
304 398 10
304 403 10
304 405 10
304 408 10
304 412 10
304 414 10
304 415 10
304 417 10
304 418 10
304 419 10
304 420 10
304 426 10
304 428 10
304 430 10
304 431 10
304 432 10
304 464 10
304 465 10
304 468 10
304 469 10
304 471 10
304 472 10
304 473 10
304 477 10
304 478 10
304 479 10
304 481 10
304 490 10
304 497 10
304 499 10
304 503 10
304 507 10
304 510 10
304 511 10
304 512 10
304 513 10
304 526 10
304 530 10
304 531 10
304 532 10
304 542 10
304 543 10
304 547 10
304 549 10
304 550 10
304 551 10
304 552 10
304 556 10
304 557 10
304 559 10
304 563 10
304 564 10
304 566 10
304 571 10
304 573 10
304 575 10
304 576 10
304 579 10
304 584 10
304 586 10
304 587 10
304 590 10
305 314 10
305 318 10
305 320 10
305 321 10
305 322 10
305 325 10
305 332 10
305 333 10
305 334 10
305 336 10
305 351 10
305 353 10
305 354 10
305 356 10
305 364 10
305 369 10
305 370 10
305 371 10
305 372 10
305 374 10
305 375 10
305 378 10
305 379 10
305 380 10
305 381 10
305 384 10
305 385 10
305 391 10
305 392 10
305 393 10
305 395 10
305 397 10
305 402 10
305 404 10
305 405 10
305 406 10
305 408 10
305 409 10
305 410 10
305 412 10
305 415 10
305 417 10
305 418 10
305 419 10
305 422 10
305 423 10
305 426 10
305 431 10
305 436 10
305 448 10
305 452 10
305 458 10
305 462 10
305 467 10
305 468 10
305 469 10
305 472 10
305 473 10
305 474 10
305 477 10
305 478 10
305 480 10
305 494 10
305 495 10
305 496 10
305 497 10
305 498 10
305 512 10
305 524 10
305 526 10
305 527 10
305 529 10
305 531 10
305 532 10
305 534 10
305 536 10
305 537 10
305 538 10
305 539 10
305 541 10
305 543 10
305 544 10
305 546 10
305 548 10
305 549 10
305 550 10
305 551 10
305 553 10
305 554 10
305 555 10
305 556 10
305 558 10
305 559 10
305 565 10
305 566 10
305 567 10
305 568 10
305 569 10
305 571 10
305 575 10
305 576 10
305 579 10
305 580 10
305 582 10
305 586 10
306 317 10
306 320 10
306 321 10
306 327 10
306 331 10
306 332 10
306 333 10
306 337 10
306 341 10
306 343 10
306 345 10
306 346 10
306 347 10
306 348 10
306 349 10
306 353 10
306 363 10
306 364 10
306 365 10
306 366 10
306 367 10
306 368 10
306 369 10
306 370 10
306 372 10
306 373 10
306 374 10
306 376 10
306 377 10
306 383 10
306 385 10
306 386 10
306 388 10
306 389 10
306 390 10
306 392 10
306 393 10
306 395 10
306 396 10
306 397 10
306 399 10
306 400 10
306 401 10
306 402 10
306 404 10
306 405 10
306 409 10
306 411 10
306 413 10
306 414 10
306 415 10
306 416 10
306 419 10
306 433 10
306 435 10
306 438 10
306 441 10
306 442 10
306 445 10
306 449 10
306 450 10
306 454 10
306 456 10
306 466 10
306 469 10
306 484 10
306 489 10
306 490 10
306 496 10
306 498 10
306 504 10
306 512 10
306 513 10
306 514 10
306 517 10
306 520 10
306 532 10
306 533 10
306 535 10
306 536 10
306 540 10
306 542 10
306 544 10
306 545 10
306 547 10
306 549 10
306 550 10
306 551 10
306 554 10
306 563 10
306 565 10
306 566 10
306 568 10
306 574 10
306 576 10
306 577 10
306 579 10
306 580 10
306 581 10
306 584 10
306 585 10
306 586 10
306 587 10
307 319 10
307 323 10
307 331 10
307 333 10
307 334 10
307 339 10
307 341 10
307 342 10
307 346 10
307 352 10
307 363 10
307 365 10
307 369 10
307 371 10
307 373 10
307 377 10
307 378 10
307 379 10
307 381 10
307 382 10
307 384 10
307 385 10
307 392 10
307 393 10
307 396 10
307 397 10
307 398 10
307 402 10
307 403 10
307 412 10
307 414 10
307 416 10
307 418 10
307 421 10
307 435 10
307 440 10
307 441 10
307 445 10
307 469 10
307 470 10
307 471 10
307 472 10
307 473 10
307 475 10
307 476 10
307 478 10
307 482 10
307 483 10
307 488 10
307 489 10
307 491 10
307 492 10
307 493 10
307 494 10
307 495 10
307 498 10
307 502 10
307 504 10
307 506 10
307 510 10
307 511 10
307 513 10
307 514 10
307 519 10
307 527 10
307 530 10
307 531 10
307 532 10
307 535 10
307 540 10
307 541 10
307 542 10
307 545 10
307 549 10
307 551 10
307 552 10
307 553 10
307 554 10
307 555 10
307 557 10
307 558 10
307 560 10
307 562 10
307 564 10
307 565 10
307 566 10
307 568 10
307 571 10
307 576 10
307 578 10
307 580 10
307 584 10
308 321 10
308 323 10
308 328 10
308 330 10
308 331 10
308 334 10
308 335 10
308 336 10
308 337 10
308 338 10
308 340 10
308 350 10
308 353 10
308 355 10
308 364 10
308 365 10
308 366 10
308 368 10
308 370 10
308 372 10
308 373 10
308 375 10
308 376 10
308 378 10
308 379 10
308 381 10
308 382 10
308 383 10
308 385 10
308 387 10
308 388 10
308 389 10
308 390 10
308 392 10
308 394 10
308 395 10
308 396 10
308 397 10
308 398 10
308 400 10
308 403 10
308 405 10
308 410 10
308 413 10
308 415 10
308 417 10
308 419 10
308 432 10
308 446 10
308 447 10
308 449 10
308 450 10
308 451 10
308 469 10
308 470 10
308 471 10
308 473 10
308 474 10
308 479 10
308 480 10
308 483 10
308 484 10
308 485 10
308 490 10
308 492 10
308 494 10
308 496 10
308 497 10
308 502 10
308 504 10
308 507 10
308 509 10
308 510 10
308 513 10
308 514 10
308 516 10
308 522 10
308 527 10
308 529 10
308 530 10
308 532 10
308 534 10
308 535 10
308 537 10
308 538 10
308 539 10
308 540 10
308 542 10
308 548 10
308 549 10
308 551 10
308 552 10
308 553 10
308 554 10
308 562 10
308 563 10
308 564 10
308 566 10
308 570 10
308 573 10
308 576 10
308 577 10
308 578 10
308 580 10
308 581 10
308 584 10
308 589 10
309 314 10
309 317 10
309 318 10
309 319 10
309 320 10
309 328 10
309 332 10
309 334 10
309 335 10
309 336 10
309 337 10
309 338 10
309 341 10
309 342 10
309 344 10
309 348 10
309 355 10
309 363 10
309 370 10
309 372 10
309 373 10
309 374 10
309 376 10
309 384 10
309 385 10
309 387 10
309 390 10
309 391 10
309 392 10
309 393 10
309 394 10
309 395 10
309 396 10
309 397 10
309 401 10
309 410 10
309 414 10
309 418 10
309 421 10
309 433 10
309 439 10
309 441 10
309 443 10
309 444 10
309 445 10
309 446 10
309 448 10
309 469 10
309 471 10
309 472 10
309 473 10
309 475 10
309 477 10
309 478 10
309 479 10
309 485 10
309 486 10
309 487 10
309 489 10
309 490 10
309 493 10
309 503 10
309 506 10
309 508 10
309 509 10
309 512 10
309 514 10
309 515 10
309 522 10
309 527 10
309 528 10
309 530 10
309 532 10
309 533 10
309 535 10
309 536 10
309 537 10
309 538 10
309 540 10
309 546 10
309 547 10
309 549 10
309 552 10
309 553 10
309 554 10
309 555 10
309 556 10
309 559 10
309 561 10
309 563 10
309 565 10
309 566 10
309 568 10
309 571 10
309 575 10
309 576 10
309 584 10
309 587 10
310 315 10
310 317 10
310 319 10
310 320 10
310 321 10
310 322 10
310 333 10
310 334 10
310 335 10
310 336 10
310 337 10
310 338 10
310 340 10
310 342 10
310 344 10
310 348 10
310 351 10
310 355 10
310 356 10
310 358 10
310 372 10
310 374 10
310 375 10
310 376 10
310 377 10
310 378 10
310 379 10
310 380 10
310 383 10
310 386 10
310 388 10
310 389 10
310 390 10
310 391 10
310 392 10
310 393 10
310 396 10
310 397 10
310 398 10
310 399 10
310 400 10
310 407 10
310 414 10
310 421 10
310 425 10
310 426 10
310 427 10
310 432 10
310 446 10
310 450 10
310 451 10
310 453 10
310 457 10
310 465 10
310 471 10
310 473 10
310 474 10
310 475 10
310 479 10
310 480 10
310 481 10
310 483 10
310 486 10
310 488 10
310 489 10
310 490 10
310 491 10
310 492 10
310 493 10
310 494 10
310 495 10
310 499 10
310 500 10
310 501 10
310 503 10
310 504 10
310 508 10
310 509 10
310 511 10
310 513 10
310 515 10
310 516 10
310 524 10
310 526 10
310 532 10
310 534 10
310 535 10
310 536 10
310 537 10
310 538 10
310 539 10
310 540 10
310 541 10
310 542 10
310 547 10
310 549 10
310 550 10
310 551 10
310 553 10
310 554 10
310 555 10
310 558 10
310 562 10
310 564 10
310 565 10
310 569 10
310 572 10
310 573 10
310 587 10
310 588 10
311 315 10
311 320 10
311 322 10
311 330 10
311 331 10
311 332 10
311 335 10
311 336 10
311 337 10
311 339 10
311 344 10
311 350 10
311 357 10
311 365 10
311 370 10
311 371 10
311 373 10
311 374 10
311 379 10
311 381 10
311 382 10
311 383 10
311 384 10
311 385 10
311 386 10
311 387 10
311 390 10
311 391 10
311 396 10
311 398 10
311 399 10
311 400 10
311 401 10
311 413 10
311 416 10
311 418 10
311 423 10
311 434 10
311 440 10
311 441 10
311 442 10
311 446 10
311 449 10
311 464 10
311 470 10
311 473 10
311 474 10
311 476 10
311 479 10
311 480 10
311 484 10
311 485 10
311 487 10
311 488 10
311 489 10
311 490 10
311 492 10
311 493 10
311 494 10
311 496 10
311 503 10
311 506 10
311 507 10
311 508 10
311 509 10
311 510 10
311 512 10
311 513 10
311 514 10
311 516 10
311 518 10
311 522 10
311 526 10
311 534 10
311 536 10
311 540 10
311 544 10
311 545 10
311 547 10
311 548 10
311 551 10
311 552 10
311 553 10
311 556 10
311 557 10
311 558 10
311 559 10
311 561 10
311 562 10
311 563 10
311 565 10
311 567 10
311 571 10
311 574 10
311 576 10
311 585 10
311 587 10
311 589 10
312 313 10
312 314 10
312 315 10
312 320 10
312 323 10
312 327 10
312 328 10
312 332 10
312 334 10
312 335 10
312 336 10
312 337 10
312 338 10
312 340 10
312 350 10
312 371 10
312 373 10
312 374 10
312 376 10
312 379 10
312 387 10
312 389 10
312 390 10
312 392 10
312 393 10
312 394 10
312 396 10
312 398 10
312 401 10
312 420 10
312 423 10
312 425 10
312 442 10
312 443 10
312 444 10
312 447 10
312 449 10
312 451 10
312 462 10
312 463 10
312 464 10
312 473 10
312 479 10
312 480 10
312 481 10
312 482 10
312 485 10
312 486 10
312 487 10
312 488 10
312 489 10
312 490 10
312 491 10
312 492 10
312 494 10
312 495 10
312 497 10
312 502 10
312 503 10
312 505 10
312 507 10
312 508 10
312 509 10
312 510 10
312 511 10
312 514 10
312 515 10
312 516 10
312 518 10
312 519 10
312 520 10
312 521 10
312 522 10
312 526 10
312 527 10
312 528 10
312 532 10
312 536 10
312 538 10
312 539 10
312 541 10
312 542 10
312 543 10
312 546 10
312 547 10
312 548 10
312 553 10
312 554 10
312 555 10
312 556 10
312 557 10
312 559 10
312 565 10
312 568 10
312 572 10
312 573 10
312 582 10
312 583 10
312 584 10
312 586 10
313 315 10
313 316 10
313 320 10
313 323 10
313 324 10
313 325 10
313 327 10
313 331 10
313 332 10
313 334 10
313 335 10
313 336 10
313 337 10
313 339 10
313 342 10
313 366 10
313 370 10
313 372 10
313 373 10
313 376 10
313 377 10
313 378 10
313 381 10
313 386 10
313 389 10
313 390 10
313 391 10
313 393 10
313 394 10
313 396 10
313 397 10
313 398 10
313 399 10
313 400 10
313 401 10
313 408 10
313 409 10
313 414 10
313 416 10
313 418 10
313 419 10
313 420 10
313 433 10
313 440 10
313 442 10
313 443 10
313 445 10
313 449 10
313 453 10
313 455 10
313 462 10
313 463 10
313 464 10
313 468 10
313 471 10
313 472 10
313 477 10
313 481 10
313 482 10
313 483 10
313 484 10
313 486 10
313 487 10
313 490 10
313 493 10
313 499 10
313 500 10
313 501 10
313 502 10
313 507 10
313 508 10
313 509 10
313 510 10
313 511 10
313 516 10
313 518 10
313 520 10
313 522 10
313 523 10
313 525 10
313 528 10
313 529 10
313 532 10
313 533 10
313 534 10
313 539 10
313 540 10
313 543 10
313 544 10
313 545 10
313 546 10
313 547 10
313 548 10
313 553 10
313 554 10
313 555 10
313 557 10
313 559 10
313 562 10
313 565 10
313 566 10
313 567 10
313 568 10
313 569 10
313 573 10
313 575 10
313 576 10
313 581 10
313 582 10
314 324 10
314 330 10
314 333 10
314 338 10
314 339 10
314 340 10
314 341 10
314 345 10
314 349 10
314 350 10
314 352 10
314 360 10
314 361 10
314 362 10
314 366 10
314 368 10
314 370 10
314 371 10
314 374 10
314 375 10
314 376 10
314 386 10
314 388 10
314 391 10
314 393 10
314 394 10
314 401 10
314 402 10
314 406 10
314 415 10
314 417 10
314 426 10
314 430 10
314 431 10
314 433 10
314 438 10
314 440 10
314 441 10
314 442 10
314 444 10
314 445 10
314 446 10
314 448 10
314 455 10
314 462 10
314 465 10
314 466 10
314 470 10
314 471 10
314 473 10
314 474 10
314 476 10
314 477 10
314 478 10
314 481 10
314 485 10
314 489 10
314 490 10
314 491 10
314 492 10
314 494 10
314 496 10
314 499 10
314 500 10
314 503 10
314 505 10
314 507 10
314 508 10
314 510 10
314 513 10
314 520 10
314 521 10
314 526 10
314 531 10
314 539 10
314 541 10
314 543 10
314 544 10
314 546 10
314 548 10
314 554 10
314 555 10
314 557 10
314 559 10
314 560 10
314 561 10
314 563 10
314 566 10
314 568 10
314 570 10
314 571 10
314 572 10
314 575 10
314 581 10
314 590 10
315 318 10
315 319 10
315 325 10
315 329 10
315 330 10
315 335 10
315 336 10
315 338 10
315 342 10
315 351 10
315 352 10
315 360 10
315 361 10
315 362 10
315 366 10
315 367 10
315 370 10
315 380 10
315 383 10
315 385 10
315 388 10
315 390 10
315 395 10
315 396 10
315 397 10
315 398 10
315 407 10
315 429 10
315 430 10
315 431 10
315 440 10
315 442 10
315 444 10
315 446 10
315 449 10
315 460 10
315 462 10
315 464 10
315 465 10
315 469 10
315 472 10
315 475 10
315 476 10
315 477 10
315 478 10
315 479 10
315 484 10
315 487 10
315 490 10
315 494 10
315 495 10
315 497 10
315 500 10
315 502 10
315 503 10
315 504 10
315 505 10
315 506 10
315 507 10
315 508 10
315 510 10
315 511 10
315 513 10
315 515 10
315 516 10
315 519 10
315 520 10
315 522 10
315 526 10
315 528 10
315 529 10
315 530 10
315 532 10
315 533 10
315 541 10
315 542 10
315 547 10
315 553 10
315 555 10
315 556 10
315 557 10
315 559 10
315 564 10
315 565 10
315 568 10
315 573 10
315 575 10
315 576 10
315 583 10
315 584 10
315 585 10
315 586 10
315 588 10
315 592 10
316 319 10
316 321 10
316 323 10
316 324 10
316 327 10
316 334 10
316 336 10
316 338 10
316 339 10
316 340 10
316 341 10
316 342 10
316 344 10
316 347 10
316 348 10
316 351 10
316 352 10
316 354 10
316 356 10
316 363 10
316 364 10
316 365 10
316 369 10
316 370 10
316 372 10
316 373 10
316 384 10
316 386 10
316 391 10
316 395 10
316 399 10
316 400 10
316 401 10
316 403 10
316 404 10
316 405 10
316 410 10
316 415 10
316 416 10
316 418 10
316 424 10
316 428 10
316 430 10
316 432 10
316 433 10
316 440 10
316 458 10
316 460 10
316 465 10
316 467 10
316 469 10
316 470 10
316 472 10
316 476 10
316 477 10
316 483 10
316 484 10
316 490 10
316 494 10
316 495 10
316 498 10
316 501 10
316 502 10
316 503 10
316 506 10
316 509 10
316 511 10
316 512 10
316 513 10
316 514 10
316 515 10
316 516 10
316 517 10
316 519 10
316 524 10
316 531 10
316 543 10
316 544 10
316 554 10
316 555 10
316 559 10
316 561 10
316 562 10
316 563 10
316 567 10
316 568 10
316 569 10
316 570 10
316 571 10
316 572 10
316 573 10
316 578 10
316 580 10
316 581 10
316 586 10
316 587 10
316 590 10
317 318 10
317 321 10
317 323 10
317 326 10
317 327 10
317 328 10
317 329 10
317 334 10
317 338 10
317 339 10
317 340 10
317 352 10
317 358 10
317 361 10
317 364 10
317 365 10
317 369 10
317 375 10
317 385 10
317 389 10
317 390 10
317 395 10
317 396 10
317 397 10
317 398 10
317 403 10
317 407 10
317 408 10
317 409 10
317 416 10
317 429 10
317 441 10
317 443 10
317 456 10
317 457 10
317 458 10
317 463 10
317 465 10
317 469 10
317 470 10
317 472 10
317 473 10
317 474 10
317 476 10
317 477 10
317 478 10
317 479 10
317 481 10
317 483 10
317 484 10
317 487 10
317 493 10
317 494 10
317 495 10
317 497 10
317 498 10
317 500 10
317 501 10
317 503 10
317 505 10
317 507 10
317 510 10
317 511 10
317 513 10
317 518 10
317 519 10
317 520 10
317 522 10
317 524 10
317 529 10
317 530 10
317 534 10
317 539 10
317 545 10
317 550 10
317 551 10
317 558 10
317 560 10
317 561 10
317 564 10
317 566 10
317 567 10
317 568 10
317 570 10
317 573 10
317 575 10
317 576 10
317 578 10
317 582 10
317 586 10
317 592 10
318 310 10
318 318 10
318 319 10
318 320 10
318 323 10
318 324 10
318 326 10
318 329 10
318 331 10
318 332 10
318 333 10
318 334 10
318 335 10
318 337 10
318 338 10
318 345 10
318 355 10
318 357 10
318 358 10
318 361 10
318 362 10
318 363 10
318 371 10
318 372 10
318 373 10
318 385 10
318 393 10
318 395 10
318 397 10
318 399 10
318 400 10
318 401 10
318 410 10
318 433 10
318 435 10
318 436 10
318 437 10
318 438 10
318 456 10
318 458 10
318 459 10
318 462 10
318 463 10
318 469 10
318 470 10
318 474 10
318 475 10
318 476 10
318 478 10
318 479 10
318 485 10
318 490 10
318 493 10
318 495 10
318 496 10
318 497 10
318 498 10
318 499 10
318 500 10
318 501 10
318 502 10
318 503 10
318 504 10
318 505 10
318 506 10
318 507 10
318 509 10
318 511 10
318 512 10
318 514 10
318 516 10
318 518 10
318 521 10
318 523 10
318 524 10
318 525 10
318 526 10
318 529 10
318 530 10
318 531 10
318 536 10
318 544 10
318 545 10
318 555 10
318 556 10
318 559 10
318 563 10
318 564 10
318 566 10
318 567 10
318 568 10
318 572 10
318 573 10
318 580 10
318 582 10
318 585 10
319 311 10
319 312 10
319 316 10
319 320 10
319 323 10
319 325 10
319 326 10
319 327 10
319 329 10
319 331 10
319 333 10
319 335 10
319 337 10
319 338 10
319 340 10
319 344 10
319 350 10
319 352 10
319 353 10
319 354 10
319 357 10
319 359 10
319 360 10
319 365 10
319 370 10
319 371 10
319 387 10
319 393 10
319 395 10
319 396 10
319 398 10
319 399 10
319 403 10
319 404 10
319 406 10
319 407 10
319 409 10
319 411 10
319 421 10
319 423 10
319 433 10
319 438 10
319 450 10
319 452 10
319 458 10
319 460 10
319 461 10
319 463 10
319 464 10
319 465 10
319 467 10
319 470 10
319 472 10
319 473 10
319 475 10
319 476 10
319 477 10
319 478 10
319 479 10
319 484 10
319 491 10
319 493 10
319 495 10
319 496 10
319 499 10
319 500 10
319 501 10
319 502 10
319 503 10
319 504 10
319 506 10
319 509 10
319 512 10
319 516 10
319 521 10
319 522 10
319 523 10
319 524 10
319 525 10
319 529 10
319 530 10
319 531 10
319 535 10
319 536 10
319 538 10
319 539 10
319 541 10
319 554 10
319 555 10
319 558 10
319 561 10
319 562 10
319 566 10
319 567 10
319 568 10
319 569 10
319 570 10
319 574 10
319 581 10
319 582 10
319 583 10
319 586 10
319 602 10
320 309 10
320 311 10
320 313 10
320 317 10
320 318 10
320 319 10
320 320 10
320 325 10
320 330 10
320 331 10
320 337 10
320 341 10
320 351 10
320 352 10
320 354 10
320 356 10
320 361 10
320 364 10
320 373 10
320 374 10
320 375 10
320 389 10
320 390 10
320 397 10
320 403 10
320 404 10
320 405 10
320 407 10
320 411 10
320 425 10
320 434 10
320 435 10
320 440 10
320 450 10
320 452 10
320 455 10
320 463 10
320 468 10
320 469 10
320 471 10
320 472 10
320 473 10
320 475 10
320 476 10
320 477 10
320 478 10
320 479 10
320 482 10
320 486 10
320 491 10
320 494 10
320 497 10
320 498 10
320 499 10
320 500 10
320 501 10
320 503 10
320 504 10
320 506 10
320 508 10
320 509 10
320 512 10
320 513 10
320 514 10
320 521 10
320 522 10
320 523 10
320 524 10
320 525 10
320 526 10
320 529 10
320 532 10
320 534 10
320 550 10
320 554 10
320 556 10
320 558 10
320 562 10
320 563 10
320 564 10
320 566 10
320 568 10
320 569 10
320 571 10
320 572 10
320 574 10
320 577 10
320 600 10
321 307 10
321 311 10
321 314 10
321 316 10
321 319 10
321 323 10
321 324 10
321 325 10
321 326 10
321 328 10
321 330 10
321 331 10
321 332 10
321 333 10
321 334 10
321 336 10
321 340 10
321 341 10
321 355 10
321 364 10
321 365 10
321 367 10
321 371 10
321 373 10
321 376 10
321 390 10
321 391 10
321 393 10
321 395 10
321 396 10
321 399 10
321 401 10
321 402 10
321 403 10
321 404 10
321 405 10
321 409 10
321 416 10
321 435 10
321 442 10
321 444 10
321 451 10
321 453 10
321 455 10
321 456 10
321 458 10
321 465 10
321 467 10
321 469 10
321 471 10
321 472 10
321 473 10
321 474 10
321 475 10
321 476 10
321 477 10
321 495 10
321 496 10
321 499 10
321 500 10
321 501 10
321 502 10
321 503 10
321 506 10
321 509 10
321 511 10
321 520 10
321 522 10
321 525 10
321 527 10
321 528 10
321 532 10
321 533 10
321 534 10
321 535 10
321 537 10
321 542 10
321 549 10
321 552 10
321 554 10
321 556 10
321 558 10
321 559 10
321 561 10
321 565 10
321 568 10
321 569 10
321 574 10
321 578 10
321 580 10
321 582 10
321 583 10
321 587 10
321 589 10
322 307 10
322 308 10
322 309 10
322 310 10
322 311 10
322 312 10
322 322 10
322 323 10
322 328 10
322 329 10
322 334 10
322 335 10
322 336 10
322 339 10
322 345 10
322 346 10
322 354 10
322 358 10
322 363 10
322 364 10
322 367 10
322 370 10
322 372 10
322 374 10
322 375 10
322 386 10
322 396 10
322 398 10
322 399 10
322 400 10
322 402 10
322 403 10
322 404 10
322 409 10
322 410 10
322 411 10
322 414 10
322 425 10
322 429 10
322 442 10
322 443 10
322 444 10
322 445 10
322 451 10
322 453 10
322 454 10
322 455 10
322 457 10
322 460 10
322 461 10
322 470 10
322 471 10
322 473 10
322 474 10
322 475 10
322 476 10
322 477 10
322 493 10
322 494 10
322 496 10
322 497 10
322 498 10
322 499 10
322 501 10
322 503 10
322 508 10
322 510 10
322 511 10
322 512 10
322 514 10
322 515 10
322 527 10
322 529 10
322 531 10
322 532 10
322 533 10
322 534 10
322 535 10
322 537 10
322 539 10
322 542 10
322 544 10
322 545 10
322 548 10
322 549 10
322 550 10
322 552 10
322 554 10
322 556 10
322 557 10
322 563 10
322 565 10
322 567 10
322 568 10
322 569 10
322 570 10
322 571 10
322 572 10
322 573 10
322 574 10
322 575 10
322 580 10
322 581 10
322 583 10
322 585 10
322 587 10
322 596 10
323 309 10
323 311 10
323 318 10
323 319 10
323 321 10
323 323 10
323 324 10
323 326 10
323 327 10
323 328 10
323 329 10
323 330 10
323 331 10
323 332 10
323 333 10
323 336 10
323 337 10
323 339 10
323 341 10
323 343 10
323 346 10
323 348 10
323 355 10
323 369 10
323 371 10
323 372 10
323 373 10
323 375 10
323 381 10
323 391 10
323 397 10
323 400 10
323 401 10
323 402 10
323 403 10
323 404 10
323 405 10
323 406 10
323 413 10
323 423 10
323 424 10
323 426 10
323 433 10
323 439 10
323 440 10
323 443 10
323 445 10
323 447 10
323 451 10
323 452 10
323 456 10
323 468 10
323 469 10
323 470 10
323 471 10
323 472 10
323 473 10
323 474 10
323 476 10
323 477 10
323 478 10
323 498 10
323 499 10
323 502 10
323 503 10
323 505 10
323 506 10
323 507 10
323 509 10
323 512 10
323 529 10
323 533 10
323 535 10
323 536 10
323 537 10
323 539 10
323 541 10
323 546 10
323 547 10
323 554 10
323 555 10
323 557 10
323 559 10
323 564 10
323 565 10
323 568 10
323 570 10
323 573 10
323 575 10
323 576 10
323 578 10
323 582 10
323 583 10
323 585 10
323 586 10
323 587 10
323 588 10
323 598 10
323 616 10
323 630 10
323 631 10
323 632 10
323 633 10
324 308 10
324 309 10
324 310 10
324 311 10
324 313 10
324 319 10
324 320 10
324 321 10
324 323 10
324 325 10
324 326 10
324 327 10
324 331 10
324 332 10
324 333 10
324 335 10
324 336 10
324 337 10
324 340 10
324 341 10
324 344 10
324 345 10
324 346 10
324 347 10
324 363 10
324 367 10
324 370 10
324 371 10
324 372 10
324 383 10
324 387 10
324 397 10
324 400 10
324 401 10
324 403 10
324 404 10
324 405 10
324 410 10
324 413 10
324 415 10
324 416 10
324 423 10
324 424 10
324 437 10
324 441 10
324 442 10
324 444 10
324 445 10
324 446 10
324 447 10
324 449 10
324 451 10
324 452 10
324 453 10
324 461 10
324 462 10
324 471 10
324 472 10
324 474 10
324 475 10
324 476 10
324 479 10
324 484 10
324 496 10
324 499 10
324 500 10
324 501 10
324 502 10
324 504 10
324 508 10
324 510 10
324 512 10
324 513 10
324 523 10
324 526 10
324 527 10
324 534 10
324 536 10
324 537 10
324 542 10
324 546 10
324 547 10
324 549 10
324 563 10
324 566 10
324 567 10
324 568 10
324 569 10
324 570 10
324 571 10
324 573 10
324 574 10
324 575 10
324 576 10
324 577 10
324 578 10
324 579 10
324 580 10
324 581 10
324 582 10
324 588 10
325 308 10
325 309 10
325 310 10
325 311 10
325 317 10
325 318 10
325 319 10
325 322 10
325 326 10
325 327 10
325 328 10
325 331 10
325 333 10
325 334 10
325 335 10
325 336 10
325 340 10
325 342 10
325 345 10
325 346 10
325 348 10
325 357 10
325 360 10
325 389 10
325 390 10
325 400 10
325 403 10
325 404 10
325 407 10
325 416 10
325 422 10
325 427 10
325 433 10
325 442 10
325 444 10
325 448 10
325 449 10
325 451 10
325 453 10
325 457 10
325 460 10
325 465 10
325 466 10
325 468 10
325 470 10
325 471 10
325 472 10
325 473 10
325 474 10
325 477 10
325 478 10
325 483 10
325 486 10
325 489 10
325 492 10
325 493 10
325 496 10
325 499 10
325 500 10
325 501 10
325 503 10
325 504 10
325 506 10
325 507 10
325 509 10
325 512 10
325 527 10
325 528 10
325 530 10
325 532 10
325 535 10
325 547 10
325 552 10
325 553 10
325 555 10
325 556 10
325 560 10
325 561 10
325 562 10
325 564 10
325 571 10
325 572 10
325 573 10
325 574 10
325 575 10
325 576 10
325 578 10
325 579 10
325 580 10
325 581 10
325 584 10
325 587 10
325 589 10
325 590 10
325 592 10
325 616 10
325 617 10
325 618 10
325 628 10
326 303 10
326 315 10
326 318 10
326 322 10
326 325 10
326 326 10
326 327 10
326 331 10
326 332 10
326 334 10
326 337 10
326 338 10
326 342 10
326 361 10
326 362 10
326 366 10
326 371 10
326 393 10
326 398 10
326 399 10
326 400 10
326 405 10
326 406 10
326 408 10
326 409 10
326 412 10
326 414 10
326 417 10
326 419 10
326 420 10
326 422 10
326 425 10
326 429 10
326 431 10
326 435 10
326 438 10
326 441 10
326 445 10
326 446 10
326 447 10
326 448 10
326 450 10
326 452 10
326 453 10
326 454 10
326 460 10
326 462 10
326 463 10
326 464 10
326 465 10
326 466 10
326 467 10
326 472 10
326 474 10
326 475 10
326 477 10
326 481 10
326 483 10
326 489 10
326 491 10
326 495 10
326 497 10
326 500 10
326 501 10
326 502 10
326 503 10
326 504 10
326 512 10
326 513 10
326 514 10
326 516 10
326 517 10
326 518 10
326 522 10
326 523 10
326 536 10
326 538 10
326 541 10
326 543 10
326 544 10
326 545 10
326 546 10
326 547 10
326 548 10
326 549 10
326 553 10
326 555 10
326 557 10
326 559 10
326 563 10
326 569 10
326 570 10
326 573 10
326 575 10
326 576 10
326 577 10
326 579 10
326 580 10
326 581 10
326 583 10
326 586 10
326 592 10
326 594 10
326 614 10
326 625 10
326 626 10
326 627 10
326 628 10
326 631 10
327 313 10
327 322 10
327 329 10
327 331 10
327 332 10
327 334 10
327 337 10
327 339 10
327 341 10
327 343 10
327 344 10
327 350 10
327 357 10
327 360 10
327 365 10
327 372 10
327 388 10
327 397 10
327 402 10
327 408 10
327 410 10
327 411 10
327 415 10
327 421 10
327 427 10
327 429 10
327 441 10
327 442 10
327 443 10
327 446 10
327 448 10
327 450 10
327 453 10
327 456 10
327 463 10
327 464 10
327 465 10
327 466 10
327 468 10
327 474 10
327 477 10
327 478 10
327 481 10
327 482 10
327 485 10
327 486 10
327 492 10
327 493 10
327 494 10
327 500 10
327 502 10
327 503 10
327 506 10
327 508 10
327 510 10
327 514 10
327 517 10
327 518 10
327 529 10
327 546 10
327 547 10
327 548 10
327 550 10
327 560 10
327 561 10
327 565 10
327 569 10
327 573 10
327 575 10
327 576 10
327 577 10
327 578 10
327 579 10
327 581 10
327 583 10
327 616 10
327 618 10
327 622 10
327 624 10
327 629 10
327 631 10
327 633 10
328 307 10
328 312 10
328 317 10
328 318 10
328 323 10
328 324 10
328 325 10
328 327 10
328 330 10
328 332 10
328 336 10
328 337 10
328 340 10
328 341 10
328 345 10
328 352 10
328 353 10
328 356 10
328 357 10
328 358 10
328 362 10
328 366 10
328 368 10
328 371 10
328 389 10
328 400 10
328 401 10
328 402 10
328 403 10
328 404 10
328 407 10
328 410 10
328 412 10
328 413 10
328 418 10
328 420 10
328 434 10
328 435 10
328 439 10
328 445 10
328 451 10
328 453 10
328 459 10
328 462 10
328 467 10
328 468 10
328 471 10
328 472 10
328 475 10
328 477 10
328 482 10
328 483 10
328 487 10
328 488 10
328 495 10
328 496 10
328 500 10
328 501 10
328 503 10
328 509 10
328 518 10
328 520 10
328 545 10
328 546 10
328 548 10
328 549 10
328 551 10
328 552 10
328 556 10
328 561 10
328 562 10
328 565 10
328 566 10
328 567 10
328 568 10
328 573 10
328 575 10
328 579 10
328 580 10
328 581 10
328 582 10
328 583 10
328 585 10
328 588 10
328 627 10
328 628 10
328 630 10
328 632 10
329 303 10
329 305 10
329 307 10
329 309 10
329 310 10
329 317 10
329 325 10
329 329 10
329 332 10
329 334 10
329 336 10
329 341 10
329 344 10
329 346 10
329 347 10
329 348 10
329 351 10
329 352 10
329 353 10
329 354 10
329 356 10
329 359 10
329 364 10
329 367 10
329 368 10
329 373 10
329 385 10
329 389 10
329 394 10
329 404 10
329 407 10
329 411 10
329 413 10
329 414 10
329 415 10
329 416 10
329 417 10
329 421 10
329 424 10
329 425 10
329 427 10
329 430 10
329 433 10
329 434 10
329 438 10
329 443 10
329 447 10
329 448 10
329 453 10
329 454 10
329 456 10
329 457 10
329 466 10
329 473 10
329 474 10
329 475 10
329 476 10
329 477 10
329 478 10
329 482 10
329 483 10
329 485 10
329 487 10
329 490 10
329 494 10
329 495 10
329 496 10
329 498 10
329 499 10
329 500 10
329 502 10
329 504 10
329 505 10
329 507 10
329 509 10
329 513 10
329 515 10
329 516 10
329 518 10
329 532 10
329 536 10
329 550 10
329 552 10
329 553 10
329 558 10
329 559 10
329 560 10
329 563 10
329 568 10
329 576 10
329 578 10
329 586 10
329 587 10
329 592 10
329 628 10
329 631 10
329 632 10
330 303 10
330 307 10
330 308 10
330 313 10
330 314 10
330 316 10
330 318 10
330 321 10
330 323 10
330 328 10
330 329 10
330 333 10
330 335 10
330 336 10
330 338 10
330 342 10
330 346 10
330 349 10
330 350 10
330 351 10
330 352 10
330 353 10
330 354 10
330 355 10
330 356 10
330 357 10
330 360 10
330 367 10
330 379 10
330 384 10
330 389 10
330 390 10
330 391 10
330 398 10
330 402 10
330 403 10
330 404 10
330 405 10
330 409 10
330 411 10
330 412 10
330 414 10
330 415 10
330 416 10
330 417 10
330 419 10
330 422 10
330 427 10
330 428 10
330 432 10
330 435 10
330 437 10
330 455 10
330 457 10
330 468 10
330 473 10
330 474 10
330 478 10
330 481 10
330 483 10
330 484 10
330 485 10
330 487 10
330 489 10
330 491 10
330 492 10
330 494 10
330 495 10
330 496 10
330 499 10
330 500 10
330 508 10
330 509 10
330 513 10
330 518 10
330 521 10
330 530 10
330 538 10
330 551 10
330 553 10
330 557 10
330 558 10
330 564 10
330 570 10
330 572 10
330 574 10
330 575 10
330 583 10
330 584 10
330 587 10
330 591 10
330 593 10
330 595 10
330 625 10
331 304 10
331 305 10
331 311 10
331 318 10
331 326 10
331 328 10
331 331 10
331 333 10
331 341 10
331 343 10
331 344 10
331 345 10
331 346 10
331 348 10
331 350 10
331 351 10
331 352 10
331 353 10
331 354 10
331 355 10
331 356 10
331 360 10
331 361 10
331 364 10
331 365 10
331 369 10
331 371 10
331 373 10
331 377 10
331 380 10
331 381 10
331 388 10
331 389 10
331 390 10
331 392 10
331 393 10
331 401 10
331 402 10
331 404 10
331 407 10
331 408 10
331 411 10
331 412 10
331 414 10
331 416 10
331 418 10
331 419 10
331 426 10
331 429 10
331 430 10
331 432 10
331 434 10
331 437 10
331 438 10
331 441 10
331 442 10
331 449 10
331 451 10
331 463 10
331 466 10
331 476 10
331 478 10
331 480 10
331 486 10
331 487 10
331 491 10
331 492 10
331 495 10
331 496 10
331 497 10
331 498 10
331 499 10
331 500 10
331 502 10
331 503 10
331 504 10
331 506 10
331 510 10
331 512 10
331 513 10
331 514 10
331 516 10
331 519 10
331 532 10
331 537 10
331 539 10
331 545 10
331 546 10
331 547 10
331 548 10
331 549 10
331 550 10
331 552 10
331 555 10
331 557 10
331 559 10
331 561 10
331 566 10
331 567 10
331 570 10
331 572 10
331 574 10
331 581 10
331 582 10
331 584 10
331 586 10
331 587 10
331 588 10
331 589 10
331 592 10
331 593 10
331 594 10
332 302 10
332 309 10
332 312 10
332 317 10
332 318 10
332 326 10
332 330 10
332 333 10
332 334 10
332 336 10
332 338 10
332 339 10
332 343 10
332 344 10
332 349 10
332 351 10
332 352 10
332 353 10
332 354 10
332 357 10
332 358 10
332 362 10
332 363 10
332 365 10
332 367 10
332 370 10
332 373 10
332 376 10
332 378 10
332 380 10
332 384 10
332 387 10
332 392 10
332 400 10
332 401 10
332 402 10
332 403 10
332 404 10
332 406 10
332 408 10
332 411 10
332 414 10
332 417 10
332 423 10
332 425 10
332 429 10
332 436 10
332 437 10
332 439 10
332 443 10
332 458 10
332 459 10
332 461 10
332 464 10
332 471 10
332 474 10
332 484 10
332 485 10
332 486 10
332 487 10
332 488 10
332 492 10
332 493 10
332 495 10
332 496 10
332 497 10
332 498 10
332 499 10
332 500 10
332 501 10
332 503 10
332 505 10
332 516 10
332 518 10
332 519 10
332 524 10
332 529 10
332 530 10
332 531 10
332 534 10
332 551 10
332 552 10
332 555 10
332 557 10
332 558 10
332 565 10
332 569 10
332 571 10
332 572 10
332 576 10
332 581 10
332 582 10
332 583 10
332 586 10
332 587 10
332 592 10
332 594 10
332 595 10
332 616 10
332 621 10
332 622 10
333 302 10
333 307 10
333 309 10
333 310 10
333 314 10
333 315 10
333 316 10
333 319 10
333 320 10
333 324 10
333 327 10
333 330 10
333 336 10
333 339 10
333 341 10
333 343 10
333 345 10
333 346 10
333 347 10
333 349 10
333 351 10
333 353 10
333 354 10
333 355 10
333 356 10
333 358 10
333 359 10
333 360 10
333 361 10
333 362 10
333 365 10
333 366 10
333 369 10
333 371 10
333 372 10
333 375 10
333 378 10
333 388 10
333 394 10
333 397 10
333 400 10
333 403 10
333 409 10
333 410 10
333 412 10
333 415 10
333 416 10
333 419 10
333 420 10
333 421 10
333 423 10
333 424 10
333 425 10
333 427 10
333 433 10
333 434 10
333 436 10
333 437 10
333 438 10
333 439 10
333 440 10
333 441 10
333 442 10
333 443 10
333 446 10
333 448 10
333 462 10
333 469 10
333 470 10
333 477 10
333 480 10
333 485 10
333 487 10
333 489 10
333 490 10
333 491 10
333 493 10
333 496 10
333 497 10
333 498 10
333 500 10
333 502 10
333 503 10
333 509 10
333 513 10
333 518 10
333 526 10
333 527 10
333 531 10
333 532 10
333 546 10
333 557 10
333 561 10
333 563 10
333 569 10
333 570 10
333 577 10
333 581 10
333 582 10
333 583 10
333 585 10
333 586 10
333 587 10
333 593 10
333 594 10
333 601 10
333 620 10
334 304 10
334 308 10
334 312 10
334 313 10
334 317 10
334 318 10
334 319 10
334 325 10
334 327 10
334 330 10
334 334 10
334 337 10
334 340 10
334 342 10
334 344 10
334 347 10
334 348 10
334 349 10
334 352 10
334 354 10
334 356 10
334 359 10
334 366 10
334 369 10
334 370 10
334 371 10
334 377 10
334 380 10
334 381 10
334 386 10
334 389 10
334 395 10
334 398 10
334 401 10
334 403 10
334 410 10
334 412 10
334 413 10
334 415 10
334 417 10
334 418 10
334 419 10
334 421 10
334 423 10
334 428 10
334 431 10
334 434 10
334 436 10
334 437 10
334 439 10
334 441 10
334 449 10
334 450 10
334 454 10
334 457 10
334 459 10
334 463 10
334 474 10
334 478 10
334 479 10
334 480 10
334 481 10
334 484 10
334 485 10
334 486 10
334 490 10
334 494 10
334 495 10
334 496 10
334 498 10
334 500 10
334 503 10
334 504 10
334 505 10
334 506 10
334 508 10
334 510 10
334 511 10
334 513 10
334 514 10
334 515 10
334 516 10
334 517 10
334 522 10
334 523 10
334 526 10
334 527 10
334 528 10
334 529 10
334 533 10
334 539 10
334 540 10
334 549 10
334 552 10
334 556 10
334 558 10
334 559 10
334 565 10
334 566 10
334 567 10
334 569 10
334 571 10
334 573 10
334 578 10
334 580 10
334 583 10
334 585 10
334 586 10
334 588 10
334 591 10
334 593 10
334 596 10
334 597 10
334 598 10
334 599 10
334 605 10
334 616 10
334 618 10
334 619 10
334 623 10
335 305 10
335 310 10
335 312 10
335 313 10
335 315 10
335 316 10
335 321 10
335 325 10
335 331 10
335 339 10
335 341 10
335 343 10
335 346 10
335 348 10
335 350 10
335 352 10
335 355 10
335 359 10
335 362 10
335 365 10
335 373 10
335 386 10
335 388 10
335 389 10
335 390 10
335 391 10
335 393 10
335 395 10
335 396 10
335 398 10
335 399 10
335 414 10
335 416 10
335 420 10
335 421 10
335 424 10
335 425 10
335 427 10
335 428 10
335 429 10
335 431 10
335 432 10
335 434 10
335 436 10
335 441 10
335 456 10
335 462 10
335 464 10
335 467 10
335 469 10
335 470 10
335 473 10
335 476 10
335 478 10
335 482 10
335 485 10
335 488 10
335 490 10
335 492 10
335 493 10
335 495 10
335 496 10
335 502 10
335 503 10
335 504 10
335 505 10
335 506 10
335 507 10
335 508 10
335 509 10
335 510 10
335 512 10
335 513 10
335 515 10
335 518 10
335 520 10
335 526 10
335 527 10
335 528 10
335 529 10
335 530 10
335 531 10
335 534 10
335 536 10
335 538 10
335 541 10
335 547 10
335 550 10
335 558 10
335 571 10
335 572 10
335 574 10
335 583 10
335 585 10
335 586 10
335 587 10
335 588 10
335 590 10
335 591 10
335 592 10
335 593 10
335 594 10
335 595 10
335 596 10
335 600 10
335 617 10
335 618 10
335 620 10
335 621 10
336 303 10
336 304 10
336 308 10
336 310 10
336 311 10
336 312 10
336 313 10
336 314 10
336 315 10
336 318 10
336 328 10
336 329 10
336 330 10
336 331 10
336 332 10
336 342 10
336 344 10
336 345 10
336 347 10
336 349 10
336 350 10
336 356 10
336 364 10
336 368 10
336 370 10
336 374 10
336 387 10
336 389 10
336 390 10
336 393 10
336 394 10
336 402 10
336 403 10
336 407 10
336 411 10
336 413 10
336 415 10
336 419 10
336 420 10
336 425 10
336 434 10
336 435 10
336 436 10
336 438 10
336 439 10
336 441 10
336 447 10
336 449 10
336 450 10
336 454 10
336 462 10
336 466 10
336 467 10
336 469 10
336 470 10
336 471 10
336 474 10
336 476 10
336 477 10
336 478 10
336 479 10
336 481 10
336 484 10
336 485 10
336 487 10
336 488 10
336 490 10
336 491 10
336 495 10
336 499 10
336 501 10
336 502 10
336 505 10
336 506 10
336 507 10
336 508 10
336 512 10
336 513 10
336 515 10
336 516 10
336 525 10
336 528 10
336 529 10
336 530 10
336 531 10
336 532 10
336 548 10
336 551 10
336 552 10
336 554 10
336 560 10
336 566 10
336 571 10
336 580 10
336 581 10
336 583 10
336 585 10
336 587 10
336 589 10
336 592 10
336 593 10
336 595 10
336 598 10
336 601 10
336 602 10
336 607 10
336 612 10
336 616 10
336 620 10
336 621 10
336 625 10
336 626 10
337 304 10
337 308 10
337 309 10
337 311 10
337 312 10
337 313 10
337 317 10
337 318 10
337 321 10
337 329 10
337 330 10
337 335 10
337 338 10
337 339 10
337 342 10
337 346 10
337 349 10
337 350 10
337 351 10
337 354 10
337 361 10
337 363 10
337 365 10
337 366 10
337 367 10
337 368 10
337 369 10
337 371 10
337 372 10
337 387 10
337 389 10
337 391 10
337 394 10
337 396 10
337 398 10
337 399 10
337 400 10
337 401 10
337 402 10
337 403 10
337 404 10
337 405 10
337 412 10
337 425 10
337 427 10
337 432 10
337 440 10
337 444 10
337 445 10
337 446 10
337 447 10
337 448 10
337 449 10
337 450 10
337 451 10
337 456 10
337 461 10
337 464 10
337 465 10
337 466 10
337 468 10
337 469 10
337 470 10
337 474 10
337 476 10
337 477 10
337 483 10
337 485 10
337 487 10
337 489 10
337 491 10
337 495 10
337 497 10
337 499 10
337 500 10
337 501 10
337 503 10
337 504 10
337 505 10
337 506 10
337 508 10
337 509 10
337 510 10
337 511 10
337 512 10
337 513 10
337 514 10
337 524 10
337 526 10
337 528 10
337 529 10
337 530 10
337 531 10
337 548 10
337 553 10
337 555 10
337 556 10
337 560 10
337 561 10
337 569 10
337 571 10
337 581 10
337 582 10
337 583 10
337 587 10
337 588 10
337 589 10
337 591 10
337 592 10
337 593 10
337 594 10
337 598 10
337 600 10
337 603 10
337 604 10
337 606 10
337 614 10
337 618 10
337 625 10
337 626 10
338 302 10
338 304 10
338 306 10
338 309 10
338 310 10
338 311 10
338 312 10
338 313 10
338 317 10
338 324 10
338 325 10
338 329 10
338 335 10
338 340 10
338 341 10
338 343 10
338 344 10
338 345 10
338 349 10
338 350 10
338 351 10
338 353 10
338 361 10
338 368 10
338 370 10
338 371 10
338 372 10
338 373 10
338 386 10
338 387 10
338 389 10
338 390 10
338 391 10
338 392 10
338 393 10
338 395 10
338 396 10
338 397 10
338 398 10
338 399 10
338 400 10
338 401 10
338 402 10
338 403 10
338 406 10
338 409 10
338 410 10
338 413 10
338 415 10
338 427 10
338 432 10
338 434 10
338 436 10
338 438 10
338 440 10
338 441 10
338 442 10
338 443 10
338 445 10
338 446 10
338 451 10
338 452 10
338 454 10
338 455 10
338 456 10
338 466 10
338 467 10
338 468 10
338 471 10
338 473 10
338 474 10
338 475 10
338 476 10
338 478 10
338 479 10
338 483 10
338 486 10
338 488 10
338 489 10
338 495 10
338 496 10
338 498 10
338 501 10
338 503 10
338 504 10
338 506 10
338 509 10
338 510 10
338 520 10
338 522 10
338 524 10
338 526 10
338 527 10
338 528 10
338 529 10
338 530 10
338 532 10
338 533 10
338 534 10
338 538 10
338 539 10
338 541 10
338 555 10
338 556 10
338 557 10
338 559 10
338 560 10
338 561 10
338 577 10
338 582 10
338 583 10
338 584 10
338 585 10
338 586 10
338 590 10
338 594 10
338 595 10
338 596 10
338 597 10
338 599 10
338 600 10
338 601 10
338 602 10
338 604 10
338 606 10
338 607 10
338 609 10
338 610 10
338 614 10
338 616 10
338 617 10
338 619 10
338 625 10
339 308 10
339 309 10
339 310 10
339 311 10
339 312 10
339 313 10
339 314 10
339 319 10
339 325 10
339 339 10
339 341 10
339 342 10
339 344 10
339 346 10
339 347 10
339 348 10
339 349 10
339 350 10
339 353 10
339 356 10
339 357 10
339 368 10
339 369 10
339 372 10
339 374 10
339 379 10
339 385 10
339 386 10
339 387 10
339 388 10
339 390 10
339 393 10
339 397 10
339 398 10
339 399 10
339 401 10
339 403 10
339 404 10
339 405 10
339 406 10
339 414 10
339 415 10
339 423 10
339 425 10
339 428 10
339 434 10
339 435 10
339 436 10
339 437 10
339 438 10
339 439 10
339 440 10
339 441 10
339 443 10
339 444 10
339 445 10
339 447 10
339 449 10
339 453 10
339 469 10
339 475 10
339 476 10
339 479 10
339 486 10
339 488 10
339 489 10
339 490 10
339 491 10
339 492 10
339 494 10
339 496 10
339 498 10
339 500 10
339 501 10
339 502 10
339 503 10
339 504 10
339 505 10
339 506 10
339 509 10
339 512 10
339 514 10
339 518 10
339 520 10
339 522 10
339 524 10
339 525 10
339 526 10
339 527 10
339 528 10
339 529 10
339 530 10
339 531 10
339 532 10
339 538 10
339 539 10
339 545 10
339 548 10
339 550 10
339 551 10
339 554 10
339 558 10
339 579 10
339 580 10
339 581 10
339 584 10
339 587 10
339 588 10
339 589 10
339 590 10
339 591 10
339 593 10
339 595 10
339 598 10
339 599 10
339 601 10
339 605 10
339 608 10
339 611 10
339 612 10
339 613 10
339 616 10
339 617 10
339 625 10
340 310 10
340 313 10
340 320 10
340 321 10
340 327 10
340 328 10
340 334 10
340 335 10
340 339 10
340 343 10
340 344 10
340 345 10
340 346 10
340 348 10
340 353 10
340 366 10
340 367 10
340 374 10
340 376 10
340 377 10
340 384 10
340 386 10
340 390 10
340 391 10
340 392 10
340 393 10
340 395 10
340 397 10
340 399 10
340 400 10
340 401 10
340 402 10
340 403 10
340 404 10
340 410 10
340 416 10
340 421 10
340 422 10
340 426 10
340 433 10
340 434 10
340 439 10
340 440 10
340 443 10
340 444 10
340 445 10
340 446 10
340 450 10
340 451 10
340 452 10
340 462 10
340 464 10
340 468 10
340 469 10
340 470 10
340 471 10
340 474 10
340 475 10
340 477 10
340 479 10
340 480 10
340 484 10
340 487 10
340 488 10
340 489 10
340 490 10
340 494 10
340 496 10
340 497 10
340 499 10
340 500 10
340 501 10
340 505 10
340 508 10
340 513 10
340 518 10
340 522 10
340 523 10
340 525 10
340 526 10
340 527 10
340 528 10
340 529 10
340 530 10
340 531 10
340 532 10
340 533 10
340 535 10
340 536 10
340 539 10
340 541 10
340 546 10
340 553 10
340 556 10
340 558 10
340 561 10
340 582 10
340 587 10
340 588 10
340 589 10
340 590 10
340 591 10
340 593 10
340 594 10
340 595 10
340 596 10
340 597 10
340 599 10
340 601 10
340 603 10
340 604 10
340 606 10
340 611 10
340 612 10
340 613 10
340 614 10
340 615 10
340 616 10
340 618 10
340 623 10
340 625 10
341 307 10
341 313 10
341 324 10
341 326 10
341 328 10
341 330 10
341 341 10
341 342 10
341 346 10
341 348 10
341 349 10
341 351 10
341 352 10
341 357 10
341 360 10
341 365 10
341 367 10
341 373 10
341 384 10
341 389 10
341 391 10
341 392 10
341 393 10
341 394 10
341 396 10
341 398 10
341 404 10
341 405 10
341 406 10
341 426 10
341 428 10
341 429 10
341 433 10
341 436 10
341 437 10
341 438 10
341 440 10
341 441 10
341 442 10
341 443 10
341 447 10
341 451 10
341 452 10
341 455 10
341 467 10
341 472 10
341 473 10
341 474 10
341 476 10
341 477 10
341 478 10
341 479 10
341 480 10
341 484 10
341 486 10
341 490 10
341 498 10
341 499 10
341 503 10
341 506 10
341 507 10
341 512 10
341 513 10
341 518 10
341 520 10
341 522 10
341 523 10
341 524 10
341 525 10
341 526 10
341 527 10
341 528 10
341 529 10
341 530 10
341 532 10
341 533 10
341 536 10
341 539 10
341 544 10
341 548 10
341 549 10
341 550 10
341 554 10
341 555 10
341 556 10
341 558 10
341 560 10
341 562 10
341 564 10
341 580 10
341 584 10
341 588 10
341 591 10
341 594 10
341 595 10
341 597 10
341 599 10
341 601 10
341 604 10
341 610 10
341 611 10
341 614 10
341 615 10
341 617 10
341 618 10
342 313 10
342 314 10
342 319 10
342 321 10
342 324 10
342 327 10
342 343 10
342 345 10
342 347 10
342 350 10
342 352 10
342 353 10
342 354 10
342 355 10
342 359 10
342 361 10
342 362 10
342 364 10
342 366 10
342 370 10
342 371 10
342 372 10
342 373 10
342 374 10
342 377 10
342 385 10
342 390 10
342 392 10
342 394 10
342 395 10
342 398 10
342 399 10
342 402 10
342 403 10
342 404 10
342 406 10
342 408 10
342 412 10
342 416 10
342 425 10
342 428 10
342 430 10
342 436 10
342 438 10
342 439 10
342 441 10
342 442 10
342 443 10
342 444 10
342 446 10
342 447 10
342 454 10
342 455 10
342 457 10
342 463 10
342 467 10
342 470 10
342 471 10
342 474 10
342 477 10
342 478 10
342 482 10
342 483 10
342 484 10
342 485 10
342 487 10
342 489 10
342 500 10
342 505 10
342 507 10
342 513 10
342 514 10
342 515 10
342 517 10
342 518 10
342 521 10
342 522 10
342 523 10
342 524 10
342 525 10
342 526 10
342 527 10
342 528 10
342 530 10
342 531 10
342 532 10
342 534 10
342 535 10
342 536 10
342 538 10
342 541 10
342 547 10
342 549 10
342 551 10
342 554 10
342 555 10
342 556 10
342 557 10
342 562 10
342 586 10
342 588 10
342 592 10
342 594 10
342 596 10
342 598 10
342 603 10
342 606 10
342 607 10
342 610 10
342 612 10
342 613 10
342 615 10
342 617 10
342 618 10
342 626 10
343 307 10
343 310 10
343 311 10
343 312 10
343 314 10
343 336 10
343 345 10
343 347 10
343 348 10
343 349 10
343 354 10
343 357 10
343 360 10
343 364 10
343 365 10
343 366 10
343 367 10
343 369 10
343 370 10
343 389 10
343 394 10
343 397 10
343 398 10
343 401 10
343 403 10
343 406 10
343 408 10
343 411 10
343 416 10
343 426 10
343 428 10
343 438 10
343 439 10
343 440 10
343 441 10
343 442 10
343 444 10
343 445 10
343 447 10
343 449 10
343 450 10
343 451 10
343 452 10
343 453 10
343 454 10
343 455 10
343 457 10
343 463 10
343 464 10
343 465 10
343 468 10
343 469 10
343 471 10
343 472 10
343 474 10
343 475 10
343 476 10
343 479 10
343 480 10
343 481 10
343 487 10
343 492 10
343 493 10
343 494 10
343 500 10
343 503 10
343 504 10
343 505 10
343 508 10
343 510 10
343 514 10
343 521 10
343 522 10
343 523 10
343 524 10
343 525 10
343 526 10
343 527 10
343 528 10
343 529 10
343 532 10
343 534 10
343 536 10
343 539 10
343 541 10
343 542 10
343 543 10
343 545 10
343 550 10
343 552 10
343 557 10
343 558 10
343 561 10
343 562 10
343 563 10
343 567 10
343 571 10
343 588 10
343 598 10
343 602 10
343 603 10
343 604 10
343 609 10
343 612 10
343 613 10
343 616 10
343 617 10
343 619 10
344 311 10
344 338 10
344 340 10
344 345 10
344 346 10
344 347 10
344 352 10
344 356 10
344 358 10
344 359 10
344 361 10
344 362 10
344 364 10
344 369 10
344 370 10
344 371 10
344 373 10
344 374 10
344 378 10
344 381 10
344 388 10
344 394 10
344 395 10
344 396 10
344 398 10
344 399 10
344 401 10
344 404 10
344 405 10
344 408 10
344 410 10
344 413 10
344 414 10
344 415 10
344 420 10
344 422 10
344 438 10
344 439 10
344 440 10
344 441 10
344 443 10
344 444 10
344 449 10
344 452 10
344 459 10
344 460 10
344 464 10
344 465 10
344 469 10
344 470 10
344 471 10
344 472 10
344 473 10
344 475 10
344 481 10
344 482 10
344 484 10
344 486 10
344 493 10
344 494 10
344 499 10
344 502 10
344 503 10
344 508 10
344 514 10
344 517 10
344 518 10
344 519 10
344 520 10
344 521 10
344 522 10
344 523 10
344 524 10
344 525 10
344 526 10
344 527 10
344 528 10
344 530 10
344 531 10
344 532 10
344 536 10
344 539 10
344 540 10
344 543 10
344 544 10
344 545 10
344 548 10
344 549 10
344 550 10
344 551 10
344 552 10
344 553 10
344 555 10
344 556 10
344 561 10
344 567 10
344 571 10
344 576 10
344 578 10
344 588 10
344 589 10
344 591 10
344 592 10
344 594 10
344 596 10
344 597 10
344 598 10
344 602 10
344 606 10
344 609 10
344 610 10
344 614 10
344 615 10
344 616 10
345 319 10
345 322 10
345 324 10
345 340 10
345 341 10
345 344 10
345 346 10
345 348 10
345 349 10
345 350 10
345 351 10
345 352 10
345 353 10
345 355 10
345 358 10
345 359 10
345 360 10
345 362 10
345 365 10
345 370 10
345 373 10
345 375 10
345 379 10
345 384 10
345 387 10
345 393 10
345 394 10
345 396 10
345 397 10
345 401 10
345 403 10
345 404 10
345 406 10
345 414 10
345 423 10
345 427 10
345 439 10
345 440 10
345 441 10
345 442 10
345 443 10
345 444 10
345 445 10
345 453 10
345 454 10
345 457 10
345 458 10
345 461 10
345 467 10
345 468 10
345 470 10
345 472 10
345 473 10
345 475 10
345 476 10
345 477 10
345 479 10
345 481 10
345 482 10
345 484 10
345 486 10
345 490 10
345 493 10
345 501 10
345 504 10
345 508 10
345 516 10
345 517 10
345 518 10
345 519 10
345 520 10
345 522 10
345 523 10
345 524 10
345 525 10
345 527 10
345 529 10
345 530 10
345 531 10
345 532 10
345 534 10
345 537 10
345 540 10
345 541 10
345 547 10
345 548 10
345 552 10
345 553 10
345 554 10
345 555 10
345 556 10
345 557 10
345 558 10
345 559 10
345 562 10
345 570 10
345 572 10
345 573 10
345 576 10
345 577 10
345 579 10
345 588 10
345 589 10
345 594 10
345 599 10
345 603 10
345 604 10
345 609 10
345 612 10
345 616 10
345 622 10
346 319 10
346 321 10
346 323 10
346 324 10
346 326 10
346 329 10
346 333 10
346 337 10
346 341 10
346 344 10
346 347 10
346 348 10
346 349 10
346 350 10
346 351 10
346 357 10
346 359 10
346 362 10
346 367 10
346 368 10
346 376 10
346 377 10
346 379 10
346 383 10
346 384 10
346 385 10
346 387 10
346 395 10
346 397 10
346 399 10
346 401 10
346 403 10
346 404 10
346 407 10
346 408 10
346 410 10
346 412 10
346 417 10
346 420 10
346 424 10
346 425 10
346 427 10
346 429 10
346 438 10
346 440 10
346 441 10
346 443 10
346 444 10
346 449 10
346 451 10
346 457 10
346 459 10
346 464 10
346 466 10
346 469 10
346 470 10
346 471 10
346 473 10
346 474 10
346 475 10
346 477 10
346 479 10
346 484 10
346 485 10
346 486 10
346 497 10
346 499 10
346 500 10
346 501 10
346 503 10
346 504 10
346 505 10
346 507 10
346 509 10
346 513 10
346 516 10
346 517 10
346 518 10
346 519 10
346 522 10
346 523 10
346 524 10
346 525 10
346 526 10
346 527 10
346 528 10
346 530 10
346 531 10
346 532 10
346 533 10
346 534 10
346 536 10
346 539 10
346 540 10
346 541 10
346 543 10
346 547 10
346 551 10
346 552 10
346 553 10
346 555 10
346 556 10
346 557 10
346 558 10
346 559 10
346 565 10
346 568 10
346 569 10
346 570 10
346 574 10
346 576 10
346 577 10
346 579 10
346 587 10
346 588 10
346 592 10
346 593 10
346 595 10
346 596 10
346 602 10
346 603 10
346 604 10
346 609 10
346 611 10
346 612 10
346 614 10
346 615 10
346 616 10
346 617 10
346 619 10
346 620 10
346 622 10
347 321 10
347 323 10
347 324 10
347 328 10
347 332 10
347 334 10
347 336 10
347 340 10
347 343 10
347 347 10
347 352 10
347 365 10
347 366 10
347 367 10
347 369 10
347 377 10
347 385 10
347 386 10
347 387 10
347 389 10
347 390 10
347 395 10
347 398 10
347 399 10
347 401 10
347 402 10
347 404 10
347 406 10
347 410 10
347 412 10
347 414 10
347 416 10
347 418 10
347 419 10
347 422 10
347 430 10
347 440 10
347 443 10
347 444 10
347 457 10
347 459 10
347 461 10
347 468 10
347 469 10
347 471 10
347 476 10
347 481 10
347 483 10
347 486 10
347 490 10
347 492 10
347 500 10
347 502 10
347 505 10
347 506 10
347 507 10
347 512 10
347 520 10
347 526 10
347 527 10
347 528 10
347 530 10
347 534 10
347 536 10
347 537 10
347 538 10
347 539 10
347 541 10
347 543 10
347 544 10
347 545 10
347 546 10
347 549 10
347 550 10
347 551 10
347 554 10
347 556 10
347 559 10
347 561 10
347 565 10
347 566 10
347 567 10
347 571 10
347 576 10
347 585 10
347 588 10
347 590 10
347 592 10
347 593 10
347 594 10
347 595 10
347 597 10
347 599 10
347 600 10
347 604 10
347 605 10
347 609 10
347 610 10
347 616 10
347 620 10
348 321 10
348 324 10
348 334 10
348 338 10
348 340 10
348 341 10
348 342 10
348 343 10
348 344 10
348 345 10
348 347 10
348 352 10
348 358 10
348 360 10
348 365 10
348 369 10
348 370 10
348 376 10
348 380 10
348 381 10
348 383 10
348 384 10
348 385 10
348 394 10
348 398 10
348 401 10
348 404 10
348 405 10
348 407 10
348 408 10
348 410 10
348 417 10
348 424 10
348 438 10
348 439 10
348 443 10
348 444 10
348 446 10
348 447 10
348 449 10
348 450 10
348 451 10
348 459 10
348 463 10
348 464 10
348 468 10
348 470 10
348 471 10
348 472 10
348 480 10
348 482 10
348 495 10
348 499 10
348 500 10
348 502 10
348 505 10
348 509 10
348 510 10
348 512 10
348 515 10
348 520 10
348 521 10
348 522 10
348 523 10
348 525 10
348 526 10
348 527 10
348 529 10
348 534 10
348 538 10
348 543 10
348 544 10
348 547 10
348 549 10
348 550 10
348 551 10
348 552 10
348 553 10
348 554 10
348 555 10
348 558 10
348 563 10
348 566 10
348 567 10
348 568 10
348 577 10
348 580 10
348 581 10
348 583 10
348 584 10
348 585 10
348 587 10
348 588 10
348 589 10
348 591 10
348 592 10
348 593 10
348 596 10
348 597 10
348 598 10
348 600 10
348 602 10
348 604 10
348 605 10
348 608 10
348 609 10
348 610 10
348 611 10
348 612 10
348 616 10
348 617 10
348 618 10
348 619 10
348 622 10
348 627 10
349 317 10
349 318 10
349 320 10
349 321 10
349 323 10
349 324 10
349 332 10
349 334 10
349 338 10
349 339 10
349 340 10
349 342 10
349 345 10
349 346 10
349 348 10
349 353 10
349 358 10
349 364 10
349 367 10
349 368 10
349 370 10
349 374 10
349 376 10
349 377 10
349 383 10
349 384 10
349 386 10
349 387 10
349 390 10
349 391 10
349 392 10
349 395 10
349 400 10
349 401 10
349 403 10
349 408 10
349 412 10
349 416 10
349 418 10
349 419 10
349 435 10
349 437 10
349 442 10
349 443 10
349 444 10
349 446 10
349 457 10
349 461 10
349 464 10
349 465 10
349 469 10
349 470 10
349 471 10
349 474 10
349 477 10
349 480 10
349 481 10
349 483 10
349 490 10
349 491 10
349 492 10
349 494 10
349 503 10
349 504 10
349 506 10
349 507 10
349 516 10
349 517 10
349 519 10
349 521 10
349 523 10
349 524 10
349 527 10
349 528 10
349 529 10
349 532 10
349 537 10
349 538 10
349 540 10
349 543 10
349 544 10
349 545 10
349 549 10
349 550 10
349 552 10
349 554 10
349 555 10
349 557 10
349 558 10
349 559 10
349 560 10
349 562 10
349 563 10
349 564 10
349 567 10
349 571 10
349 576 10
349 579 10
349 582 10
349 583 10
349 584 10
349 587 10
349 588 10
349 589 10
349 591 10
349 592 10
349 593 10
349 594 10
349 600 10
349 602 10
349 604 10
349 607 10
349 613 10
349 614 10
349 616 10
349 620 10
349 635 10
350 306 10
350 319 10
350 343 10
350 349 10
350 357 10
350 358 10
350 365 10
350 367 10
350 371 10
350 375 10
350 380 10
350 384 10
350 387 10
350 388 10
350 391 10
350 393 10
350 396 10
350 401 10
350 403 10
350 405 10
350 407 10
350 414 10
350 438 10
350 439 10
350 441 10
350 442 10
350 444 10
350 446 10
350 447 10
350 449 10
350 455 10
350 457 10
350 464 10
350 468 10
350 469 10
350 478 10
350 479 10
350 480 10
350 490 10
350 491 10
350 493 10
350 494 10
350 496 10
350 499 10
350 500 10
350 503 10
350 504 10
350 505 10
350 506 10
350 509 10
350 518 10
350 525 10
350 527 10
350 529 10
350 530 10
350 536 10
350 539 10
350 542 10
350 546 10
350 547 10
350 549 10
350 550 10
350 552 10
350 553 10
350 555 10
350 559 10
350 561 10
350 562 10
350 563 10
350 565 10
350 566 10
350 567 10
350 568 10
350 569 10
350 573 10
350 577 10
350 578 10
350 579 10
350 581 10
350 583 10
350 585 10
350 590 10
350 593 10
350 597 10
350 599 10
350 600 10
350 606 10
350 609 10
350 611 10
350 612 10
350 617 10
350 625 10
351 308 10
351 317 10
351 319 10
351 320 10
351 326 10
351 327 10
351 328 10
351 336 10
351 337 10
351 339 10
351 340 10
351 341 10
351 342 10
351 343 10
351 345 10
351 346 10
351 347 10
351 348 10
351 359 10
351 364 10
351 368 10
351 369 10
351 375 10
351 376 10
351 377 10
351 378 10
351 380 10
351 382 10
351 383 10
351 385 10
351 386 10
351 387 10
351 388 10
351 389 10
351 390 10
351 391 10
351 392 10
351 393 10
351 394 10
351 404 10
351 408 10
351 412 10
351 413 10
351 415 10
351 416 10
351 421 10
351 436 10
351 437 10
351 438 10
351 440 10
351 441 10
351 442 10
351 444 10
351 445 10
351 457 10
351 461 10
351 463 10
351 465 10
351 470 10
351 472 10
351 474 10
351 475 10
351 476 10
351 477 10
351 480 10
351 493 10
351 499 10
351 501 10
351 503 10
351 505 10
351 507 10
351 510 10
351 511 10
351 513 10
351 516 10
351 517 10
351 519 10
351 520 10
351 521 10
351 522 10
351 523 10
351 525 10
351 527 10
351 531 10
351 533 10
351 534 10
351 535 10
351 536 10
351 540 10
351 542 10
351 544 10
351 545 10
351 546 10
351 552 10
351 555 10
351 563 10
351 564 10
351 565 10
351 566 10
351 569 10
351 570 10
351 572 10
351 587 10
351 589 10
351 595 10
351 600 10
351 601 10
351 602 10
351 608 10
351 611 10
351 613 10
351 614 10
351 622 10
351 625 10
351 627 10
352 317 10
352 320 10
352 335 10
352 336 10
352 337 10
352 340 10
352 343 10
352 345 10
352 350 10
352 352 10
352 355 10
352 356 10
352 357 10
352 366 10
352 367 10
352 370 10
352 371 10
352 375 10
352 377 10
352 380 10
352 382 10
352 385 10
352 387 10
352 389 10
352 390 10
352 394 10
352 396 10
352 397 10
352 398 10
352 402 10
352 409 10
352 414 10
352 416 10
352 417 10
352 418 10
352 421 10
352 435 10
352 438 10
352 445 10
352 448 10
352 463 10
352 465 10
352 468 10
352 471 10
352 472 10
352 473 10
352 474 10
352 476 10
352 479 10
352 480 10
352 488 10
352 490 10
352 491 10
352 493 10
352 496 10
352 498 10
352 503 10
352 504 10
352 507 10
352 508 10
352 510 10
352 511 10
352 513 10
352 515 10
352 516 10
352 523 10
352 526 10
352 527 10
352 528 10
352 530 10
352 533 10
352 534 10
352 535 10
352 544 10
352 550 10
352 553 10
352 563 10
352 564 10
352 567 10
352 568 10
352 569 10
352 573 10
352 577 10
352 578 10
352 590 10
352 595 10
352 596 10
352 599 10
352 602 10
352 603 10
352 604 10
352 605 10
352 610 10
352 612 10
352 614 10
352 624 10
352 625 10
352 666 10
353 312 10
353 329 10
353 335 10
353 336 10
353 338 10
353 343 10
353 345 10
353 354 10
353 358 10
353 366 10
353 368 10
353 375 10
353 377 10
353 378 10
353 379 10
353 380 10
353 383 10
353 384 10
353 386 10
353 388 10
353 389 10
353 390 10
353 391 10
353 392 10
353 393 10
353 396 10
353 398 10
353 402 10
353 403 10
353 404 10
353 406 10
353 409 10
353 413 10
353 414 10
353 416 10
353 421 10
353 430 10
353 440 10
353 442 10
353 448 10
353 451 10
353 453 10
353 461 10
353 464 10
353 465 10
353 466 10
353 470 10
353 472 10
353 473 10
353 480 10
353 481 10
353 483 10
353 491 10
353 492 10
353 494 10
353 495 10
353 496 10
353 497 10
353 499 10
353 502 10
353 504 10
353 505 10
353 509 10
353 511 10
353 517 10
353 518 10
353 520 10
353 521 10
353 522 10
353 525 10
353 526 10
353 527 10
353 531 10
353 532 10
353 534 10
353 539 10
353 545 10
353 548 10
353 557 10
353 560 10
353 562 10
353 565 10
353 567 10
353 572 10
353 575 10
353 580 10
353 584 10
353 589 10
353 590 10
353 596 10
353 598 10
353 600 10
353 601 10
353 605 10
353 606 10
353 614 10
353 627 10
353 628 10
353 662 10
353 664 10
354 338 10
354 349 10
354 354 10
354 355 10
354 357 10
354 364 10
354 365 10
354 367 10
354 368 10
354 370 10
354 372 10
354 377 10
354 384 10
354 385 10
354 388 10
354 391 10
354 393 10
354 395 10
354 396 10
354 406 10
354 409 10
354 416 10
354 417 10
354 426 10
354 433 10
354 444 10
354 445 10
354 446 10
354 447 10
354 448 10
354 466 10
354 467 10
354 468 10
354 469 10
354 470 10
354 471 10
354 472 10
354 473 10
354 474 10
354 476 10
354 478 10
354 479 10
354 491 10
354 492 10
354 494 10
354 495 10
354 498 10
354 502 10
354 506 10
354 508 10
354 509 10
354 510 10
354 511 10
354 512 10
354 513 10
354 514 10
354 515 10
354 518 10
354 525 10
354 526 10
354 527 10
354 529 10
354 531 10
354 533 10
354 537 10
354 544 10
354 547 10
354 549 10
354 552 10
354 554 10
354 576 10
354 584 10
354 585 10
354 588 10
354 589 10
354 592 10
354 595 10
354 596 10
354 597 10
354 599 10
354 600 10
354 601 10
354 602 10
354 603 10
354 604 10
354 606 10
354 607 10
354 609 10
354 610 10
354 614 10
354 626 10
354 629 10
354 630 10
354 643 10
354 651 10
354 664 10
354 667 10
355 323 10
355 324 10
355 328 10
355 330 10
355 338 10
355 339 10
355 353 10
355 364 10
355 367 10
355 372 10
355 373 10
355 374 10
355 376 10
355 377 10
355 378 10
355 380 10
355 381 10
355 383 10
355 384 10
355 386 10
355 388 10
355 391 10
355 393 10
355 394 10
355 395 10
355 399 10
355 400 10
355 401 10
355 402 10
355 407 10
355 423 10
355 427 10
355 429 10
355 450 10
355 462 10
355 463 10
355 464 10
355 471 10
355 473 10
355 474 10
355 491 10
355 492 10
355 493 10
355 494 10
355 496 10
355 498 10
355 499 10
355 502 10
355 504 10
355 505 10
355 506 10
355 507 10
355 509 10
355 513 10
355 515 10
355 516 10
355 518 10
355 520 10
355 522 10
355 524 10
355 526 10
355 527 10
355 528 10
355 531 10
355 534 10
355 537 10
355 538 10
355 539 10
355 541 10
355 542 10
355 543 10
355 545 10
355 546 10
355 547 10
355 550 10
355 551 10
355 552 10
355 553 10
355 562 10
355 564 10
355 565 10
355 566 10
355 567 10
355 568 10
355 575 10
355 576 10
355 578 10
355 581 10
355 590 10
355 593 10
355 594 10
355 597 10
355 599 10
355 600 10
355 603 10
355 604 10
355 605 10
355 608 10
355 612 10
355 613 10
355 615 10
355 617 10
355 618 10
355 626 10
355 627 10
355 644 10
355 663 10
356 337 10
356 340 10
356 350 10
356 355 10
356 359 10
356 363 10
356 364 10
356 366 10
356 368 10
356 372 10
356 377 10
356 378 10
356 379 10
356 381 10
356 384 10
356 386 10
356 392 10
356 393 10
356 394 10
356 395 10
356 396 10
356 397 10
356 416 10
356 417 10
356 420 10
356 421 10
356 423 10
356 438 10
356 447 10
356 452 10
356 463 10
356 466 10
356 467 10
356 468 10
356 470 10
356 471 10
356 472 10
356 473 10
356 475 10
356 478 10
356 483 10
356 490 10
356 493 10
356 494 10
356 497 10
356 498 10
356 499 10
356 500 10
356 501 10
356 504 10
356 506 10
356 507 10
356 508 10
356 510 10
356 517 10
356 519 10
356 520 10
356 521 10
356 525 10
356 526 10
356 527 10
356 533 10
356 535 10
356 539 10
356 544 10
356 545 10
356 546 10
356 547 10
356 549 10
356 550 10
356 554 10
356 557 10
356 558 10
356 559 10
356 564 10
356 565 10
356 566 10
356 579 10
356 587 10
356 588 10
356 589 10
356 593 10
356 594 10
356 595 10
356 597 10
356 601 10
356 602 10
356 614 10
356 615 10
356 617 10
356 619 10
356 624 10
356 629 10
356 643 10
356 650 10
356 662 10
356 678 10
357 324 10
357 327 10
357 329 10
357 338 10
357 357 10
357 359 10
357 363 10
357 365 10
357 366 10
357 370 10
357 372 10
357 377 10
357 379 10
357 381 10
357 386 10
357 390 10
357 393 10
357 394 10
357 395 10
357 396 10
357 397 10
357 398 10
357 401 10
357 403 10
357 406 10
357 410 10
357 413 10
357 414 10
357 416 10
357 417 10
357 418 10
357 419 10
357 421 10
357 428 10
357 431 10
357 464 10
357 466 10
357 473 10
357 479 10
357 483 10
357 490 10
357 491 10
357 492 10
357 493 10
357 494 10
357 500 10
357 501 10
357 502 10
357 503 10
357 504 10
357 505 10
357 507 10
357 509 10
357 510 10
357 511 10
357 512 10
357 513 10
357 515 10
357 517 10
357 518 10
357 520 10
357 521 10
357 525 10
357 527 10
357 530 10
357 531 10
357 533 10
357 535 10
357 536 10
357 543 10
357 547 10
357 548 10
357 550 10
357 551 10
357 555 10
357 561 10
357 562 10
357 563 10
357 565 10
357 566 10
357 575 10
357 578 10
357 586 10
357 590 10
357 593 10
357 594 10
357 596 10
357 597 10
357 608 10
357 615 10
357 632 10
357 637 10
357 662 10
357 676 10
358 324 10
358 355 10
358 360 10
358 362 10
358 363 10
358 380 10
358 386 10
358 388 10
358 391 10
358 393 10
358 394 10
358 395 10
358 396 10
358 397 10
358 398 10
358 408 10
358 409 10
358 411 10
358 413 10
358 415 10
358 417 10
358 420 10
358 421 10
358 427 10
358 430 10
358 444 10
358 445 10
358 446 10
358 447 10
358 448 10
358 449 10
358 455 10
358 457 10
358 466 10
358 481 10
358 491 10
358 492 10
358 494 10
358 495 10
358 497 10
358 505 10
358 507 10
358 509 10
358 510 10
358 512 10
358 514 10
358 516 10
358 517 10
358 519 10
358 520 10
358 521 10
358 523 10
358 524 10
358 526 10
358 527 10
358 528 10
358 533 10
358 536 10
358 538 10
358 543 10
358 544 10
358 545 10
358 546 10
358 549 10
358 550 10
358 552 10
358 553 10
358 557 10
358 559 10
358 562 10
358 565 10
358 566 10
358 568 10
358 569 10
358 573 10
358 575 10
358 578 10
358 586 10
358 588 10
358 590 10
358 594 10
358 595 10
358 614 10
358 616 10
358 634 10
358 637 10
358 665 10
358 676 10
359 317 10
359 326 10
359 359 10
359 360 10
359 361 10
359 362 10
359 364 10
359 371 10
359 383 10
359 385 10
359 386 10
359 393 10
359 397 10
359 398 10
359 399 10
359 402 10
359 404 10
359 405 10
359 406 10
359 411 10
359 412 10
359 414 10
359 416 10
359 417 10
359 419 10
359 421 10
359 422 10
359 426 10
359 427 10
359 428 10
359 435 10
359 436 10
359 440 10
359 441 10
359 444 10
359 449 10
359 451 10
359 476 10
359 478 10
359 489 10
359 492 10
359 493 10
359 497 10
359 498 10
359 502 10
359 505 10
359 507 10
359 509 10
359 513 10
359 516 10
359 518 10
359 519 10
359 520 10
359 521 10
359 522 10
359 524 10
359 525 10
359 526 10
359 527 10
359 529 10
359 530 10
359 536 10
359 542 10
359 545 10
359 547 10
359 550 10
359 556 10
359 559 10
359 560 10
359 565 10
359 573 10
359 575 10
359 576 10
359 578 10
359 586 10
359 588 10
359 593 10
359 594 10
359 596 10
359 598 10
359 601 10
359 616 10
359 618 10
359 637 10
359 657 10
359 660 10
359 661 10
359 663 10
359 665 10
359 666 10
359 668 10
359 672 10
360 317 10
360 326 10
360 356 10
360 357 10
360 358 10
360 365 10
360 379 10
360 390 10
360 391 10
360 392 10
360 393 10
360 394 10
360 396 10
360 399 10
360 400 10
360 401 10
360 407 10
360 410 10
360 411 10
360 417 10
360 418 10
360 420 10
360 421 10
360 426 10
360 429 10
360 432 10
360 439 10
360 441 10
360 442 10
360 443 10
360 445 10
360 447 10
360 448 10
360 479 10
360 480 10
360 491 10
360 492 10
360 498 10
360 499 10
360 504 10
360 505 10
360 515 10
360 517 10
360 519 10
360 520 10
360 521 10
360 522 10
360 523 10
360 525 10
360 526 10
360 527 10
360 530 10
360 539 10
360 541 10
360 542 10
360 544 10
360 545 10
360 549 10
360 554 10
360 556 10
360 560 10
360 562 10
360 564 10
360 593 10
360 594 10
360 595 10
360 600 10
360 614 10
360 615 10
360 616 10
360 618 10
360 638 10
360 663 10
360 664 10
360 668 10
360 669 10
361 335 10
361 356 10
361 361 10
361 362 10
361 365 10
361 387 10
361 389 10
361 390 10
361 391 10
361 392 10
361 393 10
361 394 10
361 395 10
361 396 10
361 398 10
361 402 10
361 403 10
361 404 10
361 406 10
361 407 10
361 414 10
361 416 10
361 422 10
361 425 10
361 426 10
361 427 10
361 428 10
361 429 10
361 430 10
361 432 10
361 439 10
361 440 10
361 441 10
361 442 10
361 443 10
361 444 10
361 445 10
361 446 10
361 447 10
361 451 10
361 481 10
361 489 10
361 493 10
361 495 10
361 497 10
361 498 10
361 499 10
361 501 10
361 504 10
361 506 10
361 511 10
361 512 10
361 514 10
361 518 10
361 521 10
361 522 10
361 525 10
361 526 10
361 527 10
361 530 10
361 531 10
361 546 10
361 554 10
361 555 10
361 564 10
361 565 10
361 567 10
361 569 10
361 571 10
361 591 10
361 593 10
361 594 10
361 596 10
361 598 10
361 599 10
361 629 10
361 637 10
361 638 10
361 657 10
361 661 10
361 666 10
361 668 10
361 670 10
361 673 10
361 674 10
361 676 10
362 340 10
362 357 10
362 358 10
362 380 10
362 386 10
362 387 10
362 389 10
362 391 10
362 392 10
362 393 10
362 395 10
362 397 10
362 399 10
362 401 10
362 403 10
362 413 10
362 418 10
362 419 10
362 422 10
362 423 10
362 425 10
362 426 10
362 427 10
362 428 10
362 430 10
362 431 10
362 432 10
362 433 10
362 443 10
362 445 10
362 446 10
362 448 10
362 449 10
362 468 10
362 478 10
362 485 10
362 486 10
362 492 10
362 493 10
362 494 10
362 497 10
362 498 10
362 499 10
362 505 10
362 506 10
362 507 10
362 513 10
362 523 10
362 526 10
362 529 10
362 530 10
362 535 10
362 537 10
362 547 10
362 548 10
362 549 10
362 551 10
362 555 10
362 562 10
362 563 10
362 565 10
362 566 10
362 568 10
362 569 10
362 570 10
362 575 10
362 576 10
362 590 10
362 592 10
362 593 10
362 594 10
362 595 10
362 596 10
362 597 10
362 615 10
362 617 10
362 630 10
362 636 10
362 661 10
362 664 10
362 668 10
362 671 10
363 335 10
363 340 10
363 344 10
363 356 10
363 360 10
363 376 10
363 380 10
363 385 10
363 386 10
363 387 10
363 389 10
363 392 10
363 393 10
363 394 10
363 396 10
363 397 10
363 398 10
363 399 10
363 401 10
363 402 10
363 404 10
363 405 10
363 406 10
363 407 10
363 421 10
363 424 10
363 425 10
363 428 10
363 429 10
363 431 10
363 432 10
363 439 10
363 440 10
363 445 10
363 446 10
363 447 10
363 452 10
363 489 10
363 490 10
363 491 10
363 494 10
363 495 10
363 498 10
363 502 10
363 506 10
363 507 10
363 509 10
363 510 10
363 513 10
363 535 10
363 539 10
363 544 10
363 545 10
363 547 10
363 555 10
363 556 10
363 561 10
363 564 10
363 566 10
363 567 10
363 569 10
363 572 10
363 573 10
363 576 10
363 594 10
363 596 10
363 597 10
363 605 10
363 633 10
363 635 10
363 637 10
363 645 10
363 659 10
363 666 10
363 667 10
363 668 10
363 669 10
363 676 10
364 328 10
364 341 10
364 358 10
364 370 10
364 374 10
364 376 10
364 382 10
364 383 10
364 384 10
364 387 10
364 388 10
364 389 10
364 391 10
364 392 10
364 394 10
364 395 10
364 396 10
364 397 10
364 399 10
364 401 10
364 409 10
364 420 10
364 425 10
364 426 10
364 427 10
364 429 10
364 430 10
364 435 10
364 439 10
364 443 10
364 444 10
364 445 10
364 447 10
364 448 10
364 450 10
364 451 10
364 452 10
364 463 10
364 469 10
364 478 10
364 479 10
364 483 10
364 485 10
364 488 10
364 489 10
364 491 10
364 494 10
364 495 10
364 496 10
364 497 10
364 498 10
364 499 10
364 500 10
364 502 10
364 504 10
364 506 10
364 507 10
364 508 10
364 512 10
364 513 10
364 515 10
364 526 10
364 537 10
364 541 10
364 543 10
364 544 10
364 547 10
364 549 10
364 550 10
364 551 10
364 554 10
364 556 10
364 557 10
364 564 10
364 566 10
364 568 10
364 569 10
364 571 10
364 574 10
364 600 10
364 604 10
364 635 10
364 640 10
364 641 10
364 652 10
364 665 10
364 666 10
364 667 10
364 672 10
364 673 10
364 674 10
364 676 10
365 360 10
365 373 10
365 374 10
365 375 10
365 383 10
365 384 10
365 386 10
365 388 10
365 392 10
365 393 10
365 394 10
365 395 10
365 396 10
365 397 10
365 398 10
365 400 10
365 405 10
365 406 10
365 411 10
365 421 10
365 425 10
365 426 10
365 427 10
365 428 10
365 430 10
365 446 10
365 450 10
365 455 10
365 461 10
365 463 10
365 468 10
365 471 10
365 493 10
365 494 10
365 495 10
365 501 10
365 505 10
365 508 10
365 509 10
365 510 10
365 511 10
365 514 10
365 544 10
365 554 10
365 559 10
365 564 10
365 567 10
365 568 10
365 569 10
365 570 10
365 572 10
365 573 10
365 576 10
365 578 10
365 591 10
365 596 10
365 597 10
365 598 10
365 635 10
365 636 10
365 640 10
365 642 10
365 651 10
365 663 10
365 672 10
365 673 10
365 675 10
365 677 10
365 678 10
366 328 10
366 368 10
366 370 10
366 373 10
366 375 10
366 377 10
366 378 10
366 379 10
366 380 10
366 383 10
366 386 10
366 388 10
366 392 10
366 393 10
366 394 10
366 395 10
366 396 10
366 397 10
366 398 10
366 399 10
366 400 10
366 401 10
366 404 10
366 405 10
366 406 10
366 408 10
366 409 10
366 411 10
366 424 10
366 426 10
366 427 10
366 428 10
366 429 10
366 430 10
366 432 10
366 434 10
366 435 10
366 437 10
366 438 10
366 439 10
366 444 10
366 445 10
366 446 10
366 448 10
366 449 10
366 461 10
366 463 10
366 470 10
366 490 10
366 492 10
366 493 10
366 495 10
366 496 10
366 497 10
366 498 10
366 499 10
366 500 10
366 503 10
366 508 10
366 509 10
366 511 10
366 513 10
366 518 10
366 519 10
366 520 10
366 521 10
366 522 10
366 531 10
366 537 10
366 540 10
366 544 10
366 545 10
366 554 10
366 555 10
366 556 10
366 562 10
366 564 10
366 567 10
366 569 10
366 570 10
366 571 10
366 573 10
366 589 10
366 594 10
366 595 10
366 597 10
366 598 10
366 601 10
366 602 10
366 606 10
366 639 10
366 642 10
366 643 10
366 648 10
366 665 10
366 673 10
366 676 10
366 678 10
367 364 10
367 365 10
367 366 10
367 367 10
367 369 10
367 370 10
367 371 10
367 377 10
367 381 10
367 382 10
367 384 10
367 385 10
367 387 10
367 388 10
367 392 10
367 393 10
367 395 10
367 396 10
367 397 10
367 398 10
367 399 10
367 400 10
367 401 10
367 402 10
367 403 10
367 405 10
367 409 10
367 414 10
367 417 10
367 421 10
367 423 10
367 424 10
367 425 10
367 426 10
367 429 10
367 431 10
367 432 10
367 434 10
367 435 10
367 438 10
367 439 10
367 443 10
367 444 10
367 445 10
367 446 10
367 447 10
367 450 10
367 451 10
367 461 10
367 465 10
367 466 10
367 468 10
367 470 10
367 472 10
367 490 10
367 492 10
367 493 10
367 494 10
367 496 10
367 497 10
367 499 10
367 500 10
367 502 10
367 503 10
367 506 10
367 508 10
367 519 10
367 533 10
367 535 10
367 536 10
367 538 10
367 541 10
367 544 10
367 548 10
367 565 10
367 567 10
367 568 10
367 569 10
367 571 10
367 592 10
367 598 10
367 634 10
367 636 10
367 637 10
367 642 10
367 646 10
367 651 10
367 669 10
367 670 10
367 671 10
367 672 10
367 673 10
367 677 10
367 697 10
368 363 10
368 366 10
368 372 10
368 373 10
368 379 10
368 380 10
368 383 10
368 385 10
368 392 10
368 393 10
368 394 10
368 395 10
368 396 10
368 397 10
368 398 10
368 399 10
368 400 10
368 401 10
368 403 10
368 404 10
368 405 10
368 406 10
368 408 10
368 410 10
368 411 10
368 415 10
368 420 10
368 421 10
368 431 10
368 433 10
368 435 10
368 437 10
368 445 10
368 446 10
368 449 10
368 453 10
368 463 10
368 487 10
368 488 10
368 490 10
368 492 10
368 495 10
368 496 10
368 497 10
368 498 10
368 500 10
368 501 10
368 502 10
368 506 10
368 509 10
368 510 10
368 514 10
368 515 10
368 519 10
368 522 10
368 535 10
368 536 10
368 537 10
368 538 10
368 541 10
368 542 10
368 546 10
368 548 10
368 559 10
368 560 10
368 563 10
368 566 10
368 568 10
368 569 10
368 571 10
368 590 10
368 591 10
368 594 10
368 596 10
368 614 10
368 630 10
368 632 10
368 639 10
368 641 10
368 644 10
368 646 10
368 647 10
368 648 10
368 649 10
368 650 10
368 669 10
368 676 10
368 704 10
369 363 10
369 364 10
369 366 10
369 367 10
369 368 10
369 369 10
369 370 10
369 371 10
369 372 10
369 375 10
369 379 10
369 380 10
369 381 10
369 383 10
369 384 10
369 388 10
369 394 10
369 395 10
369 396 10
369 397 10
369 400 10
369 401 10
369 402 10
369 405 10
369 406 10
369 411 10
369 414 10
369 425 10
369 427 10
369 430 10
369 431 10
369 432 10
369 435 10
369 436 10
369 437 10
369 440 10
369 443 10
369 444 10
369 445 10
369 446 10
369 447 10
369 449 10
369 450 10
369 462 10
369 464 10
369 465 10
369 467 10
369 471 10
369 485 10
369 492 10
369 493 10
369 495 10
369 496 10
369 497 10
369 498 10
369 499 10
369 509 10
369 511 10
369 515 10
369 520 10
369 522 10
369 524 10
369 526 10
369 546 10
369 548 10
369 558 10
369 559 10
369 561 10
369 563 10
369 566 10
369 569 10
369 590 10
369 591 10
369 592 10
369 594 10
369 596 10
369 600 10
369 606 10
369 607 10
369 610 10
369 618 10
369 619 10
369 620 10
369 630 10
369 633 10
369 640 10
369 642 10
369 650 10
369 669 10
369 671 10
369 672 10
369 673 10
369 676 10
369 677 10
369 680 10
369 702 10
369 704 10
369 708 10
370 335 10
370 337 10
370 342 10
370 362 10
370 364 10
370 366 10
370 367 10
370 369 10
370 371 10
370 373 10
370 376 10
370 382 10
370 391 10
370 392 10
370 393 10
370 396 10
370 397 10
370 399 10
370 402 10
370 410 10
370 431 10
370 434 10
370 439 10
370 444 10
370 445 10
370 448 10
370 450 10
370 451 10
370 452 10
370 470 10
370 473 10
370 494 10
370 497 10
370 501 10
370 502 10
370 503 10
370 504 10
370 506 10
370 518 10
370 520 10
370 524 10
370 534 10
370 536 10
370 557 10
370 558 10
370 560 10
370 563 10
370 581 10
370 590 10
370 593 10
370 598 10
370 605 10
370 607 10
370 612 10
370 619 10
370 627 10
370 630 10
370 631 10
370 632 10
370 633 10
370 634 10
370 635 10
370 640 10
370 642 10
370 646 10
370 647 10
370 648 10
370 665 10
370 669 10
370 671 10
370 675 10
370 678 10
370 679 10
370 681 10
370 693 10
370 694 10
370 698 10
370 701 10
370 702 10
370 704 10
371 337 10
371 338 10
371 347 10
371 348 10
371 361 10
371 362 10
371 364 10
371 365 10
371 366 10
371 367 10
371 371 10
371 372 10
371 374 10
371 375 10
371 376 10
371 381 10
371 393 10
371 395 10
371 399 10
371 400 10
371 401 10
371 402 10
371 404 10
371 406 10
371 409 10
371 410 10
371 411 10
371 412 10
371 414 10
371 428 10
371 429 10
371 436 10
371 437 10
371 439 10
371 445 10
371 446 10
371 447 10
371 449 10
371 451 10
371 463 10
371 491 10
371 495 10
371 499 10
371 503 10
371 504 10
371 508 10
371 512 10
371 524 10
371 526 10
371 527 10
371 529 10
371 531 10
371 533 10
371 535 10
371 536 10
371 538 10
371 539 10
371 540 10
371 541 10
371 558 10
371 559 10
371 560 10
371 561 10
371 589 10
371 590 10
371 591 10
371 593 10
371 595 10
371 596 10
371 597 10
371 599 10
371 600 10
371 604 10
371 606 10
371 622 10
371 625 10
371 630 10
371 632 10
371 634 10
371 640 10
371 641 10
371 642 10
371 646 10
371 647 10
371 671 10
371 672 10
371 673 10
371 675 10
371 678 10
371 681 10
371 684 10
371 685 10
371 686 10
371 699 10
371 700 10
371 702 10
371 704 10
371 706 10
371 708 10
372 335 10
372 336 10
372 338 10
372 339 10
372 347 10
372 349 10
372 358 10
372 362 10
372 368 10
372 370 10
372 371 10
372 372 10
372 374 10
372 376 10
372 381 10
372 382 10
372 383 10
372 387 10
372 389 10
372 393 10
372 397 10
372 399 10
372 401 10
372 402 10
372 405 10
372 410 10
372 411 10
372 428 10
372 429 10
372 430 10
372 433 10
372 434 10
372 438 10
372 439 10
372 440 10
372 441 10
372 444 10
372 446 10
372 448 10
372 451 10
372 458 10
372 465 10
372 471 10
372 473 10
372 477 10
372 478 10
372 482 10
372 490 10
372 492 10
372 493 10
372 498 10
372 500 10
372 501 10
372 504 10
372 506 10
372 516 10
372 518 10
372 527 10
372 530 10
372 533 10
372 536 10
372 537 10
372 538 10
372 539 10
372 541 10
372 542 10
372 544 10
372 564 10
372 580 10
372 585 10
372 586 10
372 588 10
372 590 10
372 592 10
372 593 10
372 601 10
372 604 10
372 607 10
372 612 10
372 621 10
372 629 10
372 630 10
372 633 10
372 639 10
372 641 10
372 643 10
372 647 10
372 648 10
372 650 10
372 663 10
372 664 10
372 667 10
372 669 10
372 670 10
372 671 10
372 673 10
372 674 10
372 675 10
372 676 10
372 677 10
372 687 10
372 691 10
372 696 10
372 701 10
372 702 10
372 703 10
372 704 10
372 706 10
372 707 10
373 338 10
373 339 10
373 346 10
373 347 10
373 360 10
373 362 10
373 363 10
373 367 10
373 368 10
373 372 10
373 373 10
373 375 10
373 379 10
373 383 10
373 388 10
373 392 10
373 393 10
373 394 10
373 400 10
373 402 10
373 406 10
373 408 10
373 410 10
373 412 10
373 413 10
373 414 10
373 430 10
373 432 10
373 435 10
373 443 10
373 445 10
373 447 10
373 455 10
373 457 10
373 459 10
373 461 10
373 469 10
373 478 10
373 483 10
373 484 10
373 490 10
373 496 10
373 500 10
373 501 10
373 503 10
373 504 10
373 506 10
373 530 10
373 531 10
373 532 10
373 536 10
373 537 10
373 539 10
373 541 10
373 545 10
373 547 10
373 561 10
373 564 10
373 571 10
373 584 10
373 590 10
373 593 10
373 595 10
373 601 10
373 603 10
373 604 10
373 607 10
373 627 10
373 628 10
373 632 10
373 641 10
373 645 10
373 647 10
373 648 10
373 649 10
373 650 10
373 667 10
373 668 10
373 670 10
373 671 10
373 673 10
373 674 10
373 675 10
373 676 10
373 677 10
373 679 10
373 681 10
373 686 10
373 692 10
373 695 10
373 699 10
373 702 10
373 704 10
373 705 10
374 329 10
374 336 10
374 338 10
374 341 10
374 348 10
374 351 10
374 360 10
374 363 10
374 364 10
374 368 10
374 371 10
374 372 10
374 374 10
374 377 10
374 381 10
374 392 10
374 399 10
374 401 10
374 403 10
374 405 10
374 407 10
374 408 10
374 409 10
374 410 10
374 413 10
374 414 10
374 433 10
374 434 10
374 444 10
374 445 10
374 446 10
374 450 10
374 453 10
374 454 10
374 457 10
374 459 10
374 461 10
374 470 10
374 481 10
374 482 10
374 484 10
374 493 10
374 496 10
374 500 10
374 501 10
374 502 10
374 503 10
374 505 10
374 515 10
374 528 10
374 529 10
374 530 10
374 536 10
374 538 10
374 539 10
374 540 10
374 543 10
374 558 10
374 560 10
374 561 10
374 564 10
374 567 10
374 580 10
374 585 10
374 586 10
374 599 10
374 602 10
374 603 10
374 625 10
374 626 10
374 628 10
374 629 10
374 631 10
374 632 10
374 637 10
374 639 10
374 640 10
374 641 10
374 643 10
374 645 10
374 647 10
374 648 10
374 649 10
374 650 10
374 657 10
374 669 10
374 671 10
374 672 10
374 673 10
374 674 10
374 675 10
374 676 10
374 677 10
374 678 10
374 681 10
374 683 10
374 693 10
374 695 10
374 696 10
374 700 10
374 702 10
374 704 10
375 328 10
375 337 10
375 340 10
375 341 10
375 346 10
375 348 10
375 358 10
375 365 10
375 369 10
375 371 10
375 374 10
375 375 10
375 376 10
375 378 10
375 380 10
375 382 10
375 385 10
375 386 10
375 387 10
375 391 10
375 392 10
375 394 10
375 400 10
375 402 10
375 403 10
375 407 10
375 410 10
375 416 10
375 418 10
375 430 10
375 431 10
375 443 10
375 454 10
375 460 10
375 462 10
375 463 10
375 475 10
375 478 10
375 479 10
375 481 10
375 482 10
375 483 10
375 484 10
375 489 10
375 491 10
375 492 10
375 494 10
375 497 10
375 498 10
375 500 10
375 501 10
375 517 10
375 526 10
375 529 10
375 530 10
375 531 10
375 532 10
375 533 10
375 536 10
375 538 10
375 539 10
375 543 10
375 550 10
375 556 10
375 558 10
375 574 10
375 576 10
375 577 10
375 578 10
375 580 10
375 581 10
375 582 10
375 588 10
375 590 10
375 601 10
375 603 10
375 604 10
375 612 10
375 626 10
375 630 10
375 631 10
375 637 10
375 640 10
375 643 10
375 644 10
375 645 10
375 646 10
375 648 10
375 652 10
375 653 10
375 668 10
375 670 10
375 671 10
375 672 10
375 674 10
375 675 10
375 676 10
375 681 10
375 683 10
375 684 10
375 685 10
375 687 10
375 692 10
375 693 10
375 695 10
375 701 10
375 704 10
376 329 10
376 334 10
376 338 10
376 348 10
376 349 10
376 350 10
376 351 10
376 352 10
376 361 10
376 365 10
376 368 10
376 370 10
376 374 10
376 380 10
376 383 10
376 384 10
376 385 10
376 401 10
376 402 10
376 403 10
376 404 10
376 405 10
376 408 10
376 410 10
376 411 10
376 412 10
376 414 10
376 416 10
376 442 10
376 449 10
376 457 10
376 458 10
376 461 10
376 472 10
376 473 10
376 474 10
376 477 10
376 479 10
376 480 10
376 486 10
376 488 10
376 489 10
376 491 10
376 493 10
376 496 10
376 497 10
376 498 10
376 500 10
376 508 10
376 512 10
376 526 10
376 527 10
376 529 10
376 531 10
376 536 10
376 537 10
376 538 10
376 540 10
376 556 10
376 560 10
376 563 10
376 565 10
376 575 10
376 577 10
376 578 10
376 579 10
376 581 10
376 582 10
376 583 10
376 603 10
376 604 10
376 613 10
376 615 10
376 626 10
376 627 10
376 636 10
376 638 10
376 639 10
376 640 10
376 642 10
376 643 10
376 644 10
376 645 10
376 646 10
376 648 10
376 650 10
376 654 10
376 655 10
376 656 10
376 674 10
376 675 10
376 676 10
376 677 10
376 679 10
376 680 10
376 681 10
376 682 10
376 689 10
376 696 10
376 697 10
376 699 10
376 702 10
376 706 10
377 336 10
377 345 10
377 346 10
377 349 10
377 351 10
377 372 10
377 373 10
377 381 10
377 382 10
377 383 10
377 384 10
377 386 10
377 387 10
377 399 10
377 400 10
377 401 10
377 402 10
377 403 10
377 404 10
377 405 10
377 406 10
377 407 10
377 408 10
377 409 10
377 410 10
377 411 10
377 413 10
377 420 10
377 441 10
377 451 10
377 453 10
377 456 10
377 458 10
377 460 10
377 461 10
377 462 10
377 463 10
377 464 10
377 467 10
377 468 10
377 473 10
377 474 10
377 478 10
377 479 10
377 481 10
377 483 10
377 484 10
377 485 10
377 486 10
377 487 10
377 488 10
377 491 10
377 494 10
377 496 10
377 500 10
377 503 10
377 508 10
377 526 10
377 527 10
377 528 10
377 529 10
377 530 10
377 531 10
377 533 10
377 535 10
377 536 10
377 538 10
377 541 10
377 542 10
377 543 10
377 544 10
377 550 10
377 551 10
377 552 10
377 554 10
377 557 10
377 558 10
377 559 10
377 561 10
377 564 10
377 580 10
377 581 10
377 583 10
377 584 10
377 593 10
377 599 10
377 601 10
377 604 10
377 606 10
377 610 10
377 613 10
377 624 10
377 625 10
377 626 10
377 633 10
377 636 10
377 638 10
377 640 10
377 641 10
377 642 10
377 646 10
377 648 10
377 649 10
377 651 10
377 652 10
377 654 10
377 655 10
377 666 10
377 668 10
377 669 10
377 671 10
377 672 10
377 673 10
377 674 10
377 675 10
377 676 10
377 679 10
377 680 10
377 681 10
377 682 10
377 683 10
377 686 10
377 687 10
377 689 10
377 697 10
378 345 10
378 353 10
378 372 10
378 378 10
378 383 10
378 384 10
378 385 10
378 387 10
378 391 10
378 400 10
378 402 10
378 403 10
378 407 10
378 408 10
378 409 10
378 410 10
378 412 10
378 414 10
378 415 10
378 416 10
378 417 10
378 419 10
378 420 10
378 421 10
378 449 10
378 456 10
378 457 10
378 458 10
378 460 10
378 464 10
378 465 10
378 466 10
378 467 10
378 469 10
378 472 10
378 473 10
378 476 10
378 482 10
378 483 10
378 484 10
378 487 10
378 488 10
378 492 10
378 493 10
378 494 10
378 495 10
378 497 10
378 499 10
378 500 10
378 512 10
378 530 10
378 534 10
378 535 10
378 536 10
378 540 10
378 544 10
378 545 10
378 549 10
378 552 10
378 554 10
378 555 10
378 556 10
378 557 10
378 558 10
378 560 10
378 561 10
378 563 10
378 565 10
378 572 10
378 574 10
378 575 10
378 576 10
378 577 10
378 578 10
378 580 10
378 583 10
378 587 10
378 593 10
378 595 10
378 597 10
378 602 10
378 612 10
378 613 10
378 624 10
378 626 10
378 630 10
378 635 10
378 641 10
378 642 10
378 644 10
378 646 10
378 649 10
378 654 10
378 659 10
378 660 10
378 667 10
378 670 10
378 673 10
378 674 10
378 675 10
378 682 10
378 683 10
378 684 10
378 694 10
378 695 10
378 696 10
378 700 10
379 352 10
379 374 10
379 385 10
379 388 10
379 402 10
379 403 10
379 404 10
379 405 10
379 406 10
379 407 10
379 408 10
379 409 10
379 410 10
379 411 10
379 413 10
379 415 10
379 418 10
379 419 10
379 422 10
379 439 10
379 449 10
379 450 10
379 451 10
379 452 10
379 453 10
379 454 10
379 455 10
379 457 10
379 460 10
379 462 10
379 463 10
379 465 10
379 467 10
379 468 10
379 469 10
379 470 10
379 473 10
379 475 10
379 476 10
379 479 10
379 485 10
379 487 10
379 488 10
379 490 10
379 494 10
379 497 10
379 498 10
379 502 10
379 506 10
379 507 10
379 509 10
379 521 10
379 524 10
379 525 10
379 526 10
379 532 10
379 535 10
379 536 10
379 540 10
379 542 10
379 543 10
379 549 10
379 552 10
379 555 10
379 557 10
379 558 10
379 560 10
379 562 10
379 564 10
379 568 10
379 573 10
379 578 10
379 582 10
379 585 10
379 586 10
379 591 10
379 592 10
379 594 10
379 595 10
379 602 10
379 603 10
379 607 10
379 608 10
379 610 10
379 614 10
379 623 10
379 627 10
379 637 10
379 638 10
379 639 10
379 641 10
379 642 10
379 643 10
379 644 10
379 645 10
379 646 10
379 647 10
379 649 10
379 653 10
379 656 10
379 657 10
379 661 10
379 667 10
379 670 10
379 673 10
379 677 10
379 679 10
379 684 10
379 688 10
379 689 10
379 690 10
379 737 10
379 738 10
380 347 10
380 352 10
380 357 10
380 358 10
380 368 10
380 377 10
380 380 10
380 383 10
380 384 10
380 388 10
380 397 10
380 400 10
380 401 10
380 403 10
380 405 10
380 406 10
380 407 10
380 408 10
380 409 10
380 411 10
380 413 10
380 419 10
380 421 10
380 439 10
380 442 10
380 446 10
380 448 10
380 449 10
380 451 10
380 452 10
380 453 10
380 457 10
380 459 10
380 460 10
380 461 10
380 462 10
380 465 10
380 466 10
380 468 10
380 470 10
380 471 10
380 474 10
380 480 10
380 481 10
380 483 10
380 485 10
380 489 10
380 490 10
380 497 10
380 500 10
380 502 10
380 526 10
380 528 10
380 530 10
380 535 10
380 536 10
380 541 10
380 542 10
380 543 10
380 544 10
380 545 10
380 547 10
380 549 10
380 557 10
380 558 10
380 560 10
380 561 10
380 564 10
380 565 10
380 566 10
380 567 10
380 568 10
380 573 10
380 580 10
380 581 10
380 583 10
380 587 10
380 589 10
380 592 10
380 593 10
380 596 10
380 603 10
380 604 10
380 605 10
380 606 10
380 608 10
380 623 10
380 626 10
380 643 10
380 644 10
380 645 10
380 647 10
380 649 10
380 657 10
380 658 10
380 659 10
380 660 10
380 662 10
380 668 10
380 672 10
380 674 10
380 675 10
380 676 10
380 677 10
380 681 10
380 683 10
380 685 10
380 686 10
380 694 10
380 695 10
380 698 10
380 700 10
380 704 10
381 363 10
381 366 10
381 375 10
381 384 10
381 386 10
381 388 10
381 394 10
381 396 10
381 398 10
381 399 10
381 400 10
381 401 10
381 402 10
381 403 10
381 404 10
381 405 10
381 411 10
381 417 10
381 420 10
381 424 10
381 426 10
381 437 10
381 441 10
381 442 10
381 445 10
381 447 10
381 448 10
381 449 10
381 450 10
381 451 10
381 452 10
381 454 10
381 455 10
381 456 10
381 457 10
381 460 10
381 463 10
381 471 10
381 472 10
381 473 10
381 475 10
381 481 10
381 483 10
381 486 10
381 487 10
381 488 10
381 491 10
381 494 10
381 496 10
381 497 10
381 502 10
381 506 10
381 507 10
381 509 10
381 512 10
381 513 10
381 530 10
381 532 10
381 533 10
381 535 10
381 542 10
381 552 10
381 554 10
381 559 10
381 568 10
381 569 10
381 570 10
381 583 10
381 585 10
381 593 10
381 595 10
381 597 10
381 598 10
381 600 10
381 601 10
381 603 10
381 606 10
381 608 10
381 609 10
381 610 10
381 612 10
381 614 10
381 624 10
381 625 10
381 626 10
381 632 10
381 637 10
381 639 10
381 640 10
381 642 10
381 643 10
381 644 10
381 645 10
381 646 10
381 647 10
381 651 10
381 653 10
381 654 10
381 655 10
381 656 10
381 662 10
381 663 10
381 669 10
381 670 10
381 673 10
381 675 10
381 687 10
381 688 10
381 689 10
381 692 10
381 695 10
381 698 10
381 701 10
381 702 10
381 736 10
382 337 10
382 339 10
382 349 10
382 351 10
382 356 10
382 364 10
382 365 10
382 385 10
382 387 10
382 391 10
382 397 10
382 403 10
382 405 10
382 406 10
382 408 10
382 410 10
382 412 10
382 413 10
382 416 10
382 419 10
382 423 10
382 437 10
382 441 10
382 442 10
382 444 10
382 445 10
382 446 10
382 447 10
382 448 10
382 450 10
382 451 10
382 454 10
382 456 10
382 458 10
382 459 10
382 470 10
382 471 10
382 474 10
382 484 10
382 487 10
382 488 10
382 496 10
382 497 10
382 500 10
382 501 10
382 503 10
382 504 10
382 505 10
382 508 10
382 509 10
382 510 10
382 526 10
382 535 10
382 541 10
382 542 10
382 544 10
382 545 10
382 546 10
382 549 10
382 550 10
382 551 10
382 553 10
382 555 10
382 559 10
382 561 10
382 565 10
382 566 10
382 568 10
382 569 10
382 570 10
382 573 10
382 574 10
382 577 10
382 583 10
382 585 10
382 586 10
382 587 10
382 588 10
382 593 10
382 599 10
382 600 10
382 601 10
382 604 10
382 608 10
382 609 10
382 610 10
382 611 10
382 612 10
382 613 10
382 634 10
382 635 10
382 639 10
382 641 10
382 643 10
382 644 10
382 645 10
382 646 10
382 647 10
382 648 10
382 649 10
382 663 10
382 664 10
382 665 10
382 667 10
382 669 10
382 676 10
382 691 10
382 693 10
382 694 10
382 695 10
382 698 10
382 700 10
382 703 10
383 335 10
383 339 10
383 346 10
383 351 10
383 352 10
383 353 10
383 364 10
383 371 10
383 374 10
383 384 10
383 385 10
383 390 10
383 391 10
383 392 10
383 393 10
383 394 10
383 397 10
383 398 10
383 400 10
383 401 10
383 404 10
383 407 10
383 409 10
383 417 10
383 420 10
383 425 10
383 437 10
383 438 10
383 439 10
383 440 10
383 442 10
383 444 10
383 446 10
383 447 10
383 448 10
383 449 10
383 450 10
383 451 10
383 454 10
383 457 10
383 464 10
383 468 10
383 473 10
383 482 10
383 483 10
383 484 10
383 485 10
383 502 10
383 505 10
383 523 10
383 524 10
383 525 10
383 528 10
383 530 10
383 532 10
383 535 10
383 537 10
383 538 10
383 541 10
383 542 10
383 552 10
383 553 10
383 554 10
383 557 10
383 561 10
383 562 10
383 563 10
383 578 10
383 581 10
383 582 10
383 584 10
383 588 10
383 589 10
383 595 10
383 597 10
383 600 10
383 601 10
383 603 10
383 609 10
383 611 10
383 612 10
383 614 10
383 627 10
383 628 10
383 632 10
383 635 10
383 637 10
383 639 10
383 640 10
383 642 10
383 646 10
383 647 10
383 649 10
383 650 10
383 652 10
383 658 10
383 659 10
383 663 10
383 664 10
383 665 10
383 666 10
383 670 10
383 672 10
383 673 10
383 675 10
383 676 10
383 687 10
383 695 10
383 696 10
383 697 10
383 698 10
383 700 10
383 701 10
383 716 10
383 733 10
384 336 10
384 341 10
384 347 10
384 349 10
384 350 10
384 351 10
384 353 10
384 374 10
384 378 10
384 381 10
384 386 10
384 388 10
384 389 10
384 391 10
384 392 10
384 395 10
384 402 10
384 404 10
384 408 10
384 410 10
384 412 10
384 413 10
384 415 10
384 416 10
384 418 10
384 419 10
384 421 10
384 424 10
384 426 10
384 433 10
384 435 10
384 439 10
384 443 10
384 446 10
384 449 10
384 454 10
384 457 10
384 470 10
384 472 10
384 474 10
384 476 10
384 482 10
384 498 10
384 499 10
384 504 10
384 505 10
384 506 10
384 509 10
384 521 10
384 524 10
384 527 10
384 531 10
384 533 10
384 541 10
384 543 10
384 550 10
384 551 10
384 552 10
384 553 10
384 554 10
384 555 10
384 559 10
384 561 10
384 573 10
384 576 10
384 579 10
384 584 10
384 585 10
384 586 10
384 587 10
384 588 10
384 590 10
384 597 10
384 599 10
384 600 10
384 601 10
384 602 10
384 603 10
384 604 10
384 608 10
384 610 10
384 613 10
384 614 10
384 615 10
384 616 10
384 627 10
384 630 10
384 631 10
384 634 10
384 636 10
384 638 10
384 640 10
384 644 10
384 645 10
384 646 10
384 647 10
384 648 10
384 649 10
384 659 10
384 660 10
384 661 10
384 663 10
384 664 10
384 665 10
384 666 10
384 667 10
384 669 10
384 670 10
384 671 10
384 674 10
384 676 10
384 683 10
384 693 10
384 697 10
384 698 10
384 702 10
384 704 10
384 713 10
384 734 10
384 737 10
385 324 10
385 326 10
385 328 10
385 344 10
385 345 10
385 346 10
385 376 10
385 382 10
385 386 10
385 387 10
385 391 10
385 393 10
385 394 10
385 398 10
385 400 10
385 407 10
385 411 10
385 413 10
385 414 10
385 416 10
385 418 10
385 419 10
385 420 10
385 421 10
385 424 10
385 436 10
385 437 10
385 439 10
385 441 10
385 442 10
385 444 10
385 445 10
385 446 10
385 448 10
385 451 10
385 453 10
385 454 10
385 456 10
385 457 10
385 459 10
385 466 10
385 467 10
385 471 10
385 472 10
385 476 10
385 477 10
385 482 10
385 484 10
385 497 10
385 501 10
385 509 10
385 511 10
385 523 10
385 527 10
385 529 10
385 531 10
385 545 10
385 546 10
385 547 10
385 549 10
385 550 10
385 551 10
385 553 10
385 554 10
385 556 10
385 557 10
385 565 10
385 566 10
385 568 10
385 574 10
385 581 10
385 582 10
385 586 10
385 587 10
385 598 10
385 600 10
385 604 10
385 610 10
385 612 10
385 613 10
385 614 10
385 615 10
385 617 10
385 620 10
385 630 10
385 633 10
385 636 10
385 637 10
385 639 10
385 640 10
385 641 10
385 643 10
385 644 10
385 645 10
385 648 10
385 650 10
385 652 10
385 654 10
385 658 10
385 659 10
385 662 10
385 669 10
385 671 10
385 672 10
385 674 10
385 675 10
385 678 10
385 689 10
385 698 10
385 701 10
385 705 10
385 707 10
385 713 10
385 717 10
385 719 10
385 733 10
385 734 10
385 738 10
385 739 10
386 323 10
386 325 10
386 327 10
386 330 10
386 336 10
386 340 10
386 341 10
386 345 10
386 350 10
386 351 10
386 363 10
386 366 10
386 374 10
386 377 10
386 379 10
386 382 10
386 383 10
386 384 10
386 386 10
386 387 10
386 388 10
386 391 10
386 392 10
386 394 10
386 396 10
386 397 10
386 399 10
386 405 10
386 408 10
386 409 10
386 411 10
386 412 10
386 416 10
386 417 10
386 420 10
386 421 10
386 422 10
386 423 10
386 439 10
386 440 10
386 443 10
386 451 10
386 454 10
386 455 10
386 456 10
386 457 10
386 461 10
386 464 10
386 467 10
386 470 10
386 471 10
386 473 10
386 476 10
386 481 10
386 484 10
386 485 10
386 503 10
386 509 10
386 511 10
386 523 10
386 541 10
386 545 10
386 547 10
386 549 10
386 550 10
386 551 10
386 552 10
386 553 10
386 554 10
386 555 10
386 557 10
386 559 10
386 560 10
386 561 10
386 562 10
386 563 10
386 566 10
386 568 10
386 572 10
386 579 10
386 582 10
386 583 10
386 584 10
386 585 10
386 588 10
386 590 10
386 591 10
386 600 10
386 601 10
386 603 10
386 604 10
386 606 10
386 607 10
386 608 10
386 613 10
386 614 10
386 616 10
386 617 10
386 618 10
386 620 10
386 625 10
386 627 10
386 634 10
386 635 10
386 636 10
386 638 10
386 640 10
386 641 10
386 647 10
386 650 10
386 651 10
386 653 10
386 654 10
386 656 10
386 663 10
386 664 10
386 666 10
386 668 10
386 670 10
386 672 10
386 675 10
386 676 10
386 677 10
386 678 10
386 679 10
386 680 10
386 682 10
386 686 10
386 690 10
386 693 10
386 696 10
386 698 10
386 699 10
386 700 10
386 702 10
386 703 10
386 705 10
386 707 10
386 713 10
386 714 10
386 715 10
386 717 10
386 728 10
386 732 10
386 734 10
386 735 10
386 736 10
386 737 10
387 323 10
387 325 10
387 342 10
387 343 10
387 352 10
387 363 10
387 364 10
387 365 10
387 366 10
387 382 10
387 384 10
387 389 10
387 392 10
387 393 10
387 405 10
387 407 10
387 409 10
387 411 10
387 412 10
387 418 10
387 419 10
387 420 10
387 422 10
387 423 10
387 424 10
387 436 10
387 439 10
387 441 10
387 443 10
387 449 10
387 451 10
387 454 10
387 456 10
387 457 10
387 458 10
387 459 10
387 464 10
387 465 10
387 466 10
387 470 10
387 476 10
387 480 10
387 483 10
387 496 10
387 503 10
387 510 10
387 511 10
387 514 10
387 521 10
387 523 10
387 529 10
387 550 10
387 551 10
387 552 10
387 554 10
387 557 10
387 558 10
387 559 10
387 562 10
387 564 10
387 565 10
387 566 10
387 569 10
387 570 10
387 571 10
387 572 10
387 573 10
387 575 10
387 580 10
387 581 10
387 582 10
387 584 10
387 586 10
387 587 10
387 588 10
387 589 10
387 592 10
387 599 10
387 601 10
387 602 10
387 603 10
387 605 10
387 608 10
387 610 10
387 612 10
387 614 10
387 616 10
387 619 10
387 620 10
387 621 10
387 625 10
387 628 10
387 632 10
387 634 10
387 635 10
387 638 10
387 639 10
387 641 10
387 642 10
387 645 10
387 646 10
387 649 10
387 650 10
387 652 10
387 657 10
387 661 10
387 662 10
387 664 10
387 665 10
387 667 10
387 668 10
387 669 10
387 677 10
387 681 10
387 684 10
387 690 10
387 693 10
387 694 10
387 695 10
387 698 10
387 700 10
387 701 10
387 702 10
387 705 10
387 709 10
387 712 10
387 713 10
387 724 10
387 734 10
388 330 10
388 333 10
388 339 10
388 340 10
388 341 10
388 343 10
388 344 10
388 345 10
388 348 10
388 350 10
388 351 10
388 352 10
388 357 10
388 358 10
388 359 10
388 360 10
388 362 10
388 377 10
388 378 10
388 380 10
388 382 10
388 383 10
388 385 10
388 389 10
388 390 10
388 392 10
388 393 10
388 395 10
388 397 10
388 398 10
388 399 10
388 401 10
388 402 10
388 405 10
388 406 10
388 409 10
388 410 10
388 412 10
388 413 10
388 414 10
388 416 10
388 419 10
388 420 10
388 421 10
388 423 10
388 425 10
388 440 10
388 451 10
388 454 10
388 458 10
388 463 10
388 464 10
388 466 10
388 471 10
388 472 10
388 473 10
388 474 10
388 478 10
388 481 10
388 482 10
388 485 10
388 501 10
388 506 10
388 507 10
388 511 10
388 513 10
388 514 10
388 523 10
388 525 10
388 533 10
388 538 10
388 544 10
388 545 10
388 547 10
388 549 10
388 551 10
388 553 10
388 554 10
388 555 10
388 556 10
388 557 10
388 560 10
388 562 10
388 564 10
388 565 10
388 566 10
388 568 10
388 571 10
388 575 10
388 576 10
388 580 10
388 582 10
388 583 10
388 584 10
388 585 10
388 587 10
388 605 10
388 606 10
388 607 10
388 612 10
388 617 10
388 618 10
388 620 10
388 621 10
388 631 10
388 635 10
388 636 10
388 637 10
388 643 10
388 645 10
388 647 10
388 648 10
388 649 10
388 652 10
388 655 10
388 656 10
388 659 10
388 662 10
388 663 10
388 664 10
388 665 10
388 667 10
388 668 10
388 669 10
388 671 10
388 679 10
388 683 10
388 686 10
388 692 10
388 694 10
388 695 10
388 697 10
388 699 10
388 700 10
388 703 10
388 705 10
388 707 10
388 713 10
388 714 10
388 717 10
388 724 10
388 726 10
388 728 10
388 731 10
389 332 10
389 336 10
389 339 10
389 340 10
389 342 10
389 344 10
389 345 10
389 346 10
389 347 10
389 355 10
389 366 10
389 379 10
389 381 10
389 385 10
389 389 10
389 390 10
389 392 10
389 395 10
389 396 10
389 397 10
389 403 10
389 406 10
389 408 10
389 410 10
389 413 10
389 415 10
389 417 10
389 420 10
389 422 10
389 423 10
389 425 10
389 437 10
389 439 10
389 452 10
389 453 10
389 455 10
389 456 10
389 457 10
389 459 10
389 460 10
389 461 10
389 465 10
389 470 10
389 471 10
389 472 10
389 473 10
389 475 10
389 477 10
389 483 10
389 484 10
389 499 10
389 502 10
389 504 10
389 508 10
389 509 10
389 539 10
389 542 10
389 547 10
389 548 10
389 549 10
389 550 10
389 551 10
389 552 10
389 557 10
389 559 10
389 560 10
389 561 10
389 562 10
389 563 10
389 565 10
389 568 10
389 571 10
389 573 10
389 574 10
389 576 10
389 577 10
389 582 10
389 583 10
389 584 10
389 585 10
389 597 10
389 602 10
389 607 10
389 608 10
389 611 10
389 614 10
389 616 10
389 617 10
389 618 10
389 619 10
389 627 10
389 628 10
389 630 10
389 631 10
389 633 10
389 636 10
389 637 10
389 639 10
389 640 10
389 642 10
389 643 10
389 644 10
389 645 10
389 647 10
389 649 10
389 651 10
389 652 10
389 653 10
389 654 10
389 655 10
389 661 10
389 665 10
389 667 10
389 668 10
389 678 10
389 682 10
389 683 10
389 689 10
389 691 10
389 694 10
389 695 10
389 696 10
389 697 10
389 698 10
389 699 10
389 701 10
389 703 10
389 705 10
389 706 10
389 708 10
389 712 10
389 713 10
389 714 10
389 715 10
389 716 10
389 719 10
389 725 10
389 727 10
390 330 10
390 331 10
390 332 10
390 335 10
390 336 10
390 337 10
390 341 10
390 342 10
390 355 10
390 356 10
390 358 10
390 359 10
390 378 10
390 382 10
390 393 10
390 396 10
390 398 10
390 401 10
390 402 10
390 403 10
390 404 10
390 408 10
390 410 10
390 412 10
390 413 10
390 415 10
390 416 10
390 417 10
390 420 10
390 421 10
390 422 10
390 423 10
390 431 10
390 441 10
390 450 10
390 453 10
390 454 10
390 457 10
390 458 10
390 459 10
390 460 10
390 461 10
390 463 10
390 465 10
390 467 10
390 472 10
390 473 10
390 474 10
390 475 10
390 481 10
390 501 10
390 502 10
390 505 10
390 507 10
390 509 10
390 529 10
390 537 10
390 540 10
390 542 10
390 543 10
390 544 10
390 545 10
390 547 10
390 548 10
390 552 10
390 555 10
390 559 10
390 564 10
390 566 10
390 567 10
390 568 10
390 574 10
390 575 10
390 576 10
390 580 10
390 581 10
390 585 10
390 586 10
390 599 10
390 607 10
390 608 10
390 609 10
390 611 10
390 613 10
390 614 10
390 616 10
390 617 10
390 618 10
390 619 10
390 620 10
390 621 10
390 622 10
390 626 10
390 628 10
390 629 10
390 631 10
390 635 10
390 636 10
390 638 10
390 639 10
390 640 10
390 641 10
390 643 10
390 645 10
390 646 10
390 647 10
390 649 10
390 655 10
390 660 10
390 662 10
390 663 10
390 664 10
390 665 10
390 666 10
390 667 10
390 676 10
390 677 10
390 678 10
390 679 10
390 680 10
390 684 10
390 686 10
390 687 10
390 688 10
390 690 10
390 691 10
390 692 10
390 693 10
390 696 10
390 697 10
390 698 10
390 699 10
390 701 10
390 702 10
390 703 10
390 704 10
390 707 10
390 711 10
390 713 10
390 714 10
390 715 10
390 716 10
390 717 10
390 718 10
390 725 10
390 726 10
390 727 10
390 728 10
390 729 10
391 334 10
391 336 10
391 340 10
391 341 10
391 343 10
391 344 10
391 346 10
391 347 10
391 354 10
391 355 10
391 356 10
391 357 10
391 358 10
391 363 10
391 376 10
391 378 10
391 385 10
391 393 10
391 399 10
391 400 10
391 403 10
391 406 10
391 408 10
391 410 10
391 411 10
391 413 10
391 414 10
391 415 10
391 417 10
391 418 10
391 420 10
391 421 10
391 423 10
391 432 10
391 433 10
391 438 10
391 447 10
391 452 10
391 453 10
391 455 10
391 458 10
391 459 10
391 464 10
391 465 10
391 466 10
391 467 10
391 468 10
391 471 10
391 472 10
391 474 10
391 475 10
391 477 10
391 480 10
391 481 10
391 495 10
391 502 10
391 504 10
391 531 10
391 536 10
391 539 10
391 540 10
391 541 10
391 544 10
391 546 10
391 547 10
391 549 10
391 551 10
391 554 10
391 555 10
391 556 10
391 559 10
391 565 10
391 566 10
391 569 10
391 574 10
391 577 10
391 590 10
391 594 10
391 595 10
391 599 10
391 600 10
391 606 10
391 607 10
391 608 10
391 610 10
391 611 10
391 614 10
391 616 10
391 619 10
391 620 10
391 621 10
391 626 10
391 627 10
391 628 10
391 630 10
391 633 10
391 637 10
391 638 10
391 639 10
391 642 10
391 644 10
391 647 10
391 648 10
391 649 10
391 652 10
391 653 10
391 662 10
391 663 10
391 664 10
391 666 10
391 667 10
391 668 10
391 672 10
391 676 10
391 678 10
391 681 10
391 682 10
391 683 10
391 686 10
391 689 10
391 690 10
391 694 10
391 697 10
391 698 10
391 699 10
391 700 10
391 701 10
391 703 10
391 705 10
391 706 10
391 707 10
391 708 10
391 712 10
391 713 10
391 716 10
391 719 10
391 722 10
391 728 10
391 729 10
392 338 10
392 344 10
392 346 10
392 351 10
392 352 10
392 353 10
392 354 10
392 355 10
392 358 10
392 362 10
392 395 10
392 396 10
392 397 10
392 398 10
392 401 10
392 403 10
392 405 10
392 407 10
392 409 10
392 410 10
392 411 10
392 414 10
392 415 10
392 416 10
392 417 10
392 418 10
392 419 10
392 420 10
392 430 10
392 435 10
392 437 10
392 438 10
392 439 10
392 440 10
392 447 10
392 449 10
392 450 10
392 458 10
392 459 10
392 462 10
392 463 10
392 464 10
392 465 10
392 469 10
392 472 10
392 478 10
392 486 10
392 488 10
392 495 10
392 507 10
392 509 10
392 511 10
392 521 10
392 536 10
392 537 10
392 540 10
392 541 10
392 544 10
392 547 10
392 548 10
392 549 10
392 550 10
392 552 10
392 553 10
392 554 10
392 555 10
392 556 10
392 557 10
392 559 10
392 560 10
392 561 10
392 563 10
392 564 10
392 572 10
392 574 10
392 575 10
392 583 10
392 584 10
392 589 10
392 592 10
392 597 10
392 601 10
392 602 10
392 604 10
392 608 10
392 611 10
392 612 10
392 614 10
392 617 10
392 619 10
392 620 10
392 621 10
392 622 10
392 623 10
392 629 10
392 637 10
392 639 10
392 640 10
392 642 10
392 643 10
392 644 10
392 645 10
392 652 10
392 658 10
392 664 10
392 666 10
392 667 10
392 678 10
392 681 10
392 685 10
392 686 10
392 687 10
392 690 10
392 692 10
392 693 10
392 695 10
392 697 10
392 700 10
392 701 10
392 702 10
392 705 10
392 708 10
392 716 10
392 718 10
392 720 10
392 723 10
392 729 10
393 334 10
393 341 10
393 342 10
393 343 10
393 345 10
393 346 10
393 347 10
393 350 10
393 354 10
393 356 10
393 357 10
393 358 10
393 359 10
393 361 10
393 363 10
393 366 10
393 368 10
393 369 10
393 375 10
393 376 10
393 378 10
393 380 10
393 394 10
393 398 10
393 401 10
393 403 10
393 406 10
393 409 10
393 411 10
393 413 10
393 415 10
393 417 10
393 418 10
393 420 10
393 422 10
393 423 10
393 438 10
393 439 10
393 441 10
393 442 10
393 446 10
393 450 10
393 451 10
393 460 10
393 464 10
393 467 10
393 468 10
393 469 10
393 471 10
393 472 10
393 474 10
393 475 10
393 476 10
393 479 10
393 480 10
393 483 10
393 497 10
393 511 10
393 514 10
393 534 10
393 536 10
393 537 10
393 538 10
393 540 10
393 541 10
393 542 10
393 543 10
393 544 10
393 547 10
393 549 10
393 550 10
393 551 10
393 552 10
393 553 10
393 554 10
393 560 10
393 562 10
393 563 10
393 565 10
393 567 10
393 569 10
393 570 10
393 574 10
393 577 10
393 578 10
393 582 10
393 587 10
393 589 10
393 590 10
393 591 10
393 594 10
393 602 10
393 607 10
393 611 10
393 613 10
393 614 10
393 616 10
393 617 10
393 620 10
393 621 10
393 625 10
393 627 10
393 629 10
393 630 10
393 632 10
393 633 10
393 639 10
393 640 10
393 641 10
393 642 10
393 643 10
393 648 10
393 649 10
393 651 10
393 658 10
393 660 10
393 666 10
393 667 10
393 668 10
393 669 10
393 677 10
393 679 10
393 682 10
393 684 10
393 687 10
393 689 10
393 692 10
393 693 10
393 694 10
393 695 10
393 696 10
393 698 10
393 699 10
393 700 10
393 703 10
393 705 10
393 706 10
393 707 10
393 708 10
393 709 10
393 711 10
393 712 10
393 713 10
393 714 10
393 715 10
393 716 10
393 720 10
393 721 10
393 722 10
393 723 10
394 342 10
394 348 10
394 354 10
394 355 10
394 356 10
394 357 10
394 359 10
394 362 10
394 364 10
394 367 10
394 394 10
394 397 10
394 401 10
394 402 10
394 413 10
394 416 10
394 417 10
394 420 10
394 421 10
394 422 10
394 423 10
394 425 10
394 426 10
394 431 10
394 432 10
394 433 10
394 434 10
394 435 10
394 436 10
394 437 10
394 439 10
394 440 10
394 444 10
394 446 10
394 448 10
394 462 10
394 464 10
394 467 10
394 470 10
394 478 10
394 485 10
394 487 10
394 495 10
394 499 10
394 501 10
394 509 10
394 511 10
394 534 10
394 536 10
394 537 10
394 539 10
394 540 10
394 541 10
394 543 10
394 546 10
394 547 10
394 548 10
394 550 10
394 551 10
394 552 10
394 555 10
394 556 10
394 557 10
394 558 10
394 559 10
394 565 10
394 566 10
394 568 10
394 570 10
394 580 10
394 588 10
394 594 10
394 596 10
394 597 10
394 598 10
394 601 10
394 602 10
394 616 10
394 618 10
394 619 10
394 621 10
394 623 10
394 624 10
394 625 10
394 627 10
394 633 10
394 636 10
394 638 10
394 640 10
394 641 10
394 642 10
394 644 10
394 646 10
394 647 10
394 658 10
394 662 10
394 663 10
394 668 10
394 674 10
394 676 10
394 677 10
394 681 10
394 682 10
394 685 10
394 692 10
394 694 10
394 695 10
394 696 10
394 699 10
394 700 10
394 705 10
394 707 10
394 710 10
394 711 10
394 713 10
394 720 10
394 721 10
394 722 10
394 724 10
395 337 10
395 342 10
395 346 10
395 347 10
395 348 10
395 350 10
395 352 10
395 354 10
395 356 10
395 357 10
395 360 10
395 362 10
395 364 10
395 365 10
395 369 10
395 377 10
395 379 10
395 380 10
395 391 10
395 393 10
395 395 10
395 396 10
395 412 10
395 415 10
395 416 10
395 417 10
395 418 10
395 422 10
395 433 10
395 434 10
395 435 10
395 437 10
395 444 10
395 446 10
395 450 10
395 451 10
395 454 10
395 464 10
395 466 10
395 467 10
395 471 10
395 473 10
395 475 10
395 478 10
395 480 10
395 482 10
395 483 10
395 485 10
395 493 10
395 497 10
395 499 10
395 503 10
395 512 10
395 518 10
395 536 10
395 539 10
395 540 10
395 541 10
395 543 10
395 544 10
395 550 10
395 551 10
395 552 10
395 553 10
395 554 10
395 555 10
395 556 10
395 557 10
395 561 10
395 562 10
395 563 10
395 564 10
395 566 10
395 569 10
395 575 10
395 582 10
395 586 10
395 587 10
395 589 10
395 590 10
395 591 10
395 593 10
395 594 10
395 596 10
395 600 10
395 610 10
395 611 10
395 612 10
395 614 10
395 616 10
395 617 10
395 622 10
395 631 10
395 632 10
395 639 10
395 640 10
395 641 10
395 643 10
395 644 10
395 651 10
395 658 10
395 659 10
395 661 10
395 666 10
395 668 10
395 670 10
395 673 10
395 674 10
395 675 10
395 676 10
395 677 10
395 678 10
395 680 10
395 681 10
395 682 10
395 683 10
395 684 10
395 691 10
395 692 10
395 693 10
395 695 10
395 696 10
395 698 10
395 702 10
395 703 10
395 704 10
395 706 10
395 707 10
395 708 10
395 709 10
395 711 10
395 712 10
395 713 10
395 715 10
395 720 10
395 721 10
395 726 10
396 352 10
396 354 10
396 358 10
396 359 10
396 362 10
396 367 10
396 370 10
396 391 10
396 406 10
396 409 10
396 416 10
396 418 10
396 419 10
396 420 10
396 422 10
396 423 10
396 436 10
396 437 10
396 438 10
396 439 10
396 440 10
396 441 10
396 443 10
396 446 10
396 448 10
396 450 10
396 465 10
396 466 10
396 469 10
396 473 10
396 478 10
396 483 10
396 494 10
396 495 10
396 499 10
396 503 10
396 510 10
396 516 10
396 535 10
396 538 10
396 540 10
396 542 10
396 543 10
396 545 10
396 546 10
396 552 10
396 553 10
396 560 10
396 566 10
396 569 10
396 576 10
396 577 10
396 586 10
396 588 10
396 589 10
396 593 10
396 598 10
396 599 10
396 600 10
396 601 10
396 603 10
396 604 10
396 606 10
396 612 10
396 614 10
396 617 10
396 621 10
396 622 10
396 624 10
396 627 10
396 628 10
396 629 10
396 632 10
396 634 10
396 635 10
396 637 10
396 639 10
396 640 10
396 642 10
396 646 10
396 647 10
396 648 10
396 660 10
396 663 10
396 668 10
396 670 10
396 673 10
396 675 10
396 681 10
396 682 10
396 684 10
396 686 10
396 688 10
396 689 10
396 691 10
396 702 10
396 704 10
396 705 10
396 707 10
396 708 10
396 709 10
396 710 10
396 711 10
396 712 10
396 713 10
396 716 10
396 717 10
396 718 10
396 719 10
396 720 10
396 721 10
396 724 10
396 725 10
397 343 10
397 354 10
397 355 10
397 357 10
397 362 10
397 363 10
397 364 10
397 390 10
397 392 10
397 394 10
397 396 10
397 397 10
397 398 10
397 413 10
397 415 10
397 416 10
397 417 10
397 418 10
397 419 10
397 422 10
397 425 10
397 435 10
397 437 10
397 439 10
397 440 10
397 441 10
397 442 10
397 444 10
397 445 10
397 446 10
397 448 10
397 449 10
397 451 10
397 454 10
397 477 10
397 478 10
397 480 10
397 481 10
397 499 10
397 500 10
397 503 10
397 514 10
397 517 10
397 534 10
397 535 10
397 536 10
397 539 10
397 541 10
397 544 10
397 545 10
397 552 10
397 553 10
397 554 10
397 555 10
397 556 10
397 559 10
397 573 10
397 575 10
397 576 10
397 582 10
397 587 10
397 589 10
397 592 10
397 597 10
397 602 10
397 603 10
397 605 10
397 606 10
397 607 10
397 609 10
397 610 10
397 611 10
397 612 10
397 613 10
397 616 10
397 619 10
397 620 10
397 621 10
397 624 10
397 630 10
397 634 10
397 636 10
397 638 10
397 640 10
397 642 10
397 643 10
397 647 10
397 649 10
397 650 10
397 651 10
397 653 10
397 654 10
397 661 10
397 669 10
397 672 10
397 673 10
397 675 10
397 676 10
397 677 10
397 678 10
397 679 10
397 681 10
397 682 10
397 683 10
397 684 10
397 685 10
397 686 10
397 689 10
397 690 10
397 692 10
397 697 10
397 699 10
397 701 10
397 704 10
397 706 10
397 707 10
397 710 10
397 711 10
397 716 10
397 718 10
397 719 10
397 721 10
397 722 10
397 723 10
397 724 10
398 341 10
398 342 10
398 343 10
398 344 10
398 353 10
398 354 10
398 355 10
398 357 10
398 361 10
398 362 10
398 370 10
398 395 10
398 406 10
398 407 10
398 414 10
398 415 10
398 417 10
398 424 10
398 437 10
398 439 10
398 441 10
398 447 10
398 449 10
398 451 10
398 470 10
398 471 10
398 473 10
398 483 10
398 496 10
398 497 10
398 501 10
398 502 10
398 506 10
398 515 10
398 516 10
398 523 10
398 525 10
398 537 10
398 538 10
398 539 10
398 544 10
398 545 10
398 552 10
398 554 10
398 555 10
398 560 10
398 561 10
398 563 10
398 568 10
398 573 10
398 574 10
398 577 10
398 578 10
398 579 10
398 580 10
398 586 10
398 589 10
398 590 10
398 599 10
398 601 10
398 604 10
398 605 10
398 609 10
398 611 10
398 612 10
398 613 10
398 615 10
398 616 10
398 617 10
398 618 10
398 619 10
398 621 10
398 623 10
398 624 10
398 630 10
398 631 10
398 633 10
398 634 10
398 636 10
398 639 10
398 641 10
398 642 10
398 644 10
398 645 10
398 646 10
398 647 10
398 649 10
398 653 10
398 655 10
398 656 10
398 657 10
398 662 10
398 663 10
398 665 10
398 667 10
398 669 10
398 672 10
398 673 10
398 675 10
398 676 10
398 678 10
398 679 10
398 680 10
398 681 10
398 683 10
398 684 10
398 686 10
398 690 10
398 694 10
398 695 10
398 696 10
398 697 10
398 698 10
398 699 10
398 701 10
398 702 10
398 703 10
398 708 10
398 714 10
398 716 10
398 718 10
398 719 10
398 720 10
398 724 10
399 336 10
399 343 10
399 344 10
399 348 10
399 355 10
399 364 10
399 365 10
399 383 10
399 384 10
399 385 10
399 395 10
399 397 10
399 404 10
399 405 10
399 407 10
399 409 10
399 414 10
399 415 10
399 416 10
399 418 10
399 420 10
399 421 10
399 423 10
399 425 10
399 433 10
399 435 10
399 436 10
399 437 10
399 438 10
399 440 10
399 441 10
399 443 10
399 444 10
399 445 10
399 446 10
399 447 10
399 448 10
399 450 10
399 451 10
399 452 10
399 453 10
399 458 10
399 461 10
399 466 10
399 467 10
399 470 10
399 471 10
399 473 10
399 474 10
399 475 10
399 476 10
399 477 10
399 491 10
399 492 10
399 493 10
399 494 10
399 496 10
399 497 10
399 500 10
399 503 10
399 515 10
399 525 10
399 532 10
399 533 10
399 537 10
399 538 10
399 539 10
399 543 10
399 551 10
399 552 10
399 553 10
399 561 10
399 563 10
399 564 10
399 565 10
399 566 10
399 569 10
399 573 10
399 574 10
399 575 10
399 576 10
399 578 10
399 591 10
399 593 10
399 597 10
399 599 10
399 605 10
399 607 10
399 610 10
399 611 10
399 612 10
399 613 10
399 615 10
399 618 10
399 619 10
399 621 10
399 623 10
399 624 10
399 629 10
399 630 10
399 632 10
399 633 10
399 634 10
399 635 10
399 636 10
399 637 10
399 640 10
399 642 10
399 643 10
399 644 10
399 645 10
399 648 10
399 649 10
399 660 10
399 662 10
399 663 10
399 666 10
399 668 10
399 677 10
399 682 10
399 683 10
399 684 10
399 688 10
399 690 10
399 693 10
399 698 10
399 699 10
399 701 10
399 702 10
399 705 10
399 706 10
399 708 10
399 709 10
399 711 10
399 712 10
399 715 10
399 716 10
399 717 10
399 721 10
399 723 10
399 724 10
399 725 10
399 726 10
399 729 10
400 336 10
400 338 10
400 348 10
400 350 10
400 351 10
400 352 10
400 353 10
400 356 10
400 357 10
400 361 10
400 381 10
400 392 10
400 393 10
400 406 10
400 408 10
400 409 10
400 414 10
400 415 10
400 416 10
400 420 10
400 422 10
400 425 10
400 436 10
400 437 10
400 438 10
400 439 10
400 440 10
400 441 10
400 442 10
400 443 10
400 444 10
400 445 10
400 450 10
400 452 10
400 456 10
400 458 10
400 460 10
400 461 10
400 462 10
400 470 10
400 471 10
400 472 10
400 493 10
400 495 10
400 496 10
400 497 10
400 499 10
400 501 10
400 518 10
400 519 10
400 524 10
400 531 10
400 536 10
400 545 10
400 561 10
400 562 10
400 563 10
400 565 10
400 566 10
400 567 10
400 571 10
400 572 10
400 574 10
400 575 10
400 576 10
400 578 10
400 581 10
400 586 10
400 588 10
400 591 10
400 592 10
400 594 10
400 604 10
400 605 10
400 606 10
400 607 10
400 608 10
400 609 10
400 611 10
400 615 10
400 623 10
400 627 10
400 628 10
400 629 10
400 630 10
400 631 10
400 632 10
400 633 10
400 636 10
400 638 10
400 639 10
400 643 10
400 644 10
400 645 10
400 646 10
400 648 10
400 649 10
400 650 10
400 651 10
400 652 10
400 655 10
400 657 10
400 660 10
400 661 10
400 662 10
400 663 10
400 666 10
400 669 10
400 671 10
400 673 10
400 676 10
400 677 10
400 678 10
400 680 10
400 681 10
400 682 10
400 683 10
400 685 10
400 688 10
400 692 10
400 693 10
400 694 10
400 696 10
400 697 10
400 698 10
400 700 10
400 701 10
400 702 10
400 703 10
400 707 10
400 709 10
400 710 10
400 720 10
400 721 10
400 722 10
400 726 10
401 336 10
401 340 10
401 341 10
401 342 10
401 343 10
401 344 10
401 349 10
401 350 10
401 351 10
401 359 10
401 360 10
401 364 10
401 365 10
401 376 10
401 393 10
401 404 10
401 405 10
401 406 10
401 407 10
401 413 10
401 415 10
401 420 10
401 427 10
401 436 10
401 438 10
401 439 10
401 440 10
401 442 10
401 443 10
401 444 10
401 445 10
401 446 10
401 447 10
401 448 10
401 449 10
401 450 10
401 453 10
401 454 10
401 456 10
401 459 10
401 461 10
401 468 10
401 471 10
401 472 10
401 478 10
401 488 10
401 489 10
401 490 10
401 496 10
401 497 10
401 499 10
401 501 10
401 502 10
401 504 10
401 515 10
401 524 10
401 526 10
401 527 10
401 528 10
401 534 10
401 535 10
401 539 10
401 541 10
401 551 10
401 559 10
401 561 10
401 563 10
401 564 10
401 574 10
401 579 10
401 580 10
401 582 10
401 586 10
401 588 10
401 590 10
401 591 10
401 594 10
401 595 10
401 596 10
401 606 10
401 610 10
401 614 10
401 616 10
401 618 10
401 623 10
401 624 10
401 629 10
401 630 10
401 631 10
401 635 10
401 638 10
401 639 10
401 640 10
401 641 10
401 642 10
401 643 10
401 644 10
401 646 10
401 647 10
401 649 10
401 651 10
401 652 10
401 653 10
401 654 10
401 661 10
401 663 10
401 665 10
401 667 10
401 668 10
401 669 10
401 673 10
401 674 10
401 677 10
401 680 10
401 681 10
401 682 10
401 683 10
401 684 10
401 686 10
401 687 10
401 689 10
401 690 10
401 691 10
401 692 10
401 693 10
401 699 10
401 700 10
401 701 10
401 704 10
401 707 10
401 709 10
401 711 10
401 712 10
401 715 10
401 721 10
401 723 10
401 724 10
402 349 10
402 350 10
402 351 10
402 352 10
402 353 10
402 358 10
402 362 10
402 371 10
402 372 10
402 377 10
402 379 10
402 380 10
402 408 10
402 410 10
402 412 10
402 414 10
402 415 10
402 419 10
402 426 10
402 440 10
402 443 10
402 444 10
402 452 10
402 455 10
402 456 10
402 457 10
402 459 10
402 460 10
402 462 10
402 470 10
402 473 10
402 475 10
402 489 10
402 491 10
402 492 10
402 494 10
402 495 10
402 498 10
402 500 10
402 501 10
402 502 10
402 510 10
402 511 10
402 512 10
402 514 10
402 515 10
402 516 10
402 519 10
402 520 10
402 526 10
402 527 10
402 530 10
402 533 10
402 534 10
402 538 10
402 548 10
402 550 10
402 567 10
402 568 10
402 586 10
402 588 10
402 589 10
402 591 10
402 592 10
402 594 10
402 606 10
402 608 10
402 610 10
402 617 10
402 622 10
402 623 10
402 624 10
402 625 10
402 629 10
402 632 10
402 633 10
402 643 10
402 645 10
402 646 10
402 648 10
402 653 10
402 661 10
402 662 10
402 663 10
402 664 10
402 665 10
402 666 10
402 667 10
402 668 10
402 670 10
402 672 10
402 673 10
402 682 10
402 683 10
402 686 10
402 689 10
402 691 10
402 692 10
402 693 10
402 694 10
402 699 10
402 702 10
402 705 10
402 708 10
402 712 10
402 713 10
402 715 10
402 716 10
402 717 10
402 718 10
402 719 10
402 721 10
402 723 10
403 332 10
403 337 10
403 340 10
403 341 10
403 346 10
403 350 10
403 353 10
403 354 10
403 355 10
403 357 10
403 358 10
403 360 10
403 370 10
403 375 10
403 377 10
403 378 10
403 380 10
403 381 10
403 399 10
403 402 10
403 411 10
403 412 10
403 416 10
403 417 10
403 427 10
403 428 10
403 432 10
403 434 10
403 435 10
403 438 10
403 439 10
403 440 10
403 441 10
403 445 10
403 447 10
403 448 10
403 452 10
403 454 10
403 456 10
403 460 10
403 461 10
403 463 10
403 464 10
403 465 10
403 467 10
403 468 10
403 469 10
403 470 10
403 491 10
403 493 10
403 495 10
403 500 10
403 501 10
403 510 10
403 511 10
403 514 10
403 517 10
403 528 10
403 532 10
403 535 10
403 536 10
403 537 10
403 540 10
403 548 10
403 561 10
403 563 10
403 565 10
403 566 10
403 567 10
403 568 10
403 589 10
403 590 10
403 593 10
403 595 10
403 598 10
403 599 10
403 600 10
403 607 10
403 609 10
403 616 10
403 618 10
403 619 10
403 625 10
403 631 10
403 632 10
403 639 10
403 642 10
403 643 10
403 644 10
403 645 10
403 646 10
403 648 10
403 650 10
403 655 10
403 659 10
403 661 10
403 663 10
403 664 10
403 665 10
403 666 10
403 668 10
403 669 10
403 670 10
403 675 10
403 676 10
403 678 10
403 679 10
403 680 10
403 681 10
403 683 10
403 689 10
403 690 10
403 691 10
403 693 10
403 695 10
403 697 10
403 701 10
403 703 10
403 705 10
403 707 10
403 708 10
403 710 10
403 712 10
403 713 10
403 714 10
403 715 10
403 717 10
403 718 10
403 723 10
403 725 10
403 728 10
403 730 10
404 304 10
404 326 10
404 331 10
404 333 10
404 337 10
404 342 10
404 344 10
404 352 10
404 353 10
404 357 10
404 358 10
404 372 10
404 377 10
404 378 10
404 396 10
404 399 10
404 402 10
404 407 10
404 409 10
404 412 10
404 413 10
404 416 10
404 418 10
404 424 10
404 432 10
404 433 10
404 434 10
404 436 10
404 438 10
404 440 10
404 441 10
404 442 10
404 446 10
404 454 10
404 456 10
404 457 10
404 458 10
404 459 10
404 460 10
404 462 10
404 466 10
404 469 10
404 470 10
404 472 10
404 490 10
404 491 10
404 493 10
404 494 10
404 495 10
404 496 10
404 497 10
404 498 10
404 501 10
404 506 10
404 508 10
404 510 10
404 511 10
404 515 10
404 516 10
404 518 10
404 520 10
404 529 10
404 531 10
404 532 10
404 533 10
404 535 10
404 539 10
404 540 10
404 542 10
404 563 10
404 565 10
404 566 10
404 572 10
404 577 10
404 581 10
404 585 10
404 586 10
404 589 10
404 592 10
404 594 10
404 595 10
404 599 10
404 618 10
404 619 10
404 621 10
404 622 10
404 623 10
404 624 10
404 630 10
404 632 10
404 634 10
404 636 10
404 639 10
404 641 10
404 646 10
404 651 10
404 655 10
404 661 10
404 662 10
404 663 10
404 664 10
404 666 10
404 667 10
404 668 10
404 669 10
404 670 10
404 672 10
404 678 10
404 681 10
404 684 10
404 686 10
404 692 10
404 700 10
404 701 10
404 702 10
404 703 10
404 706 10
404 707 10
404 708 10
404 712 10
404 713 10
404 714 10
404 715 10
404 716 10
404 719 10
404 720 10
405 331 10
405 333 10
405 336 10
405 337 10
405 338 10
405 339 10
405 343 10
405 344 10
405 348 10
405 349 10
405 352 10
405 353 10
405 354 10
405 368 10
405 374 10
405 378 10
405 381 10
405 385 10
405 389 10
405 399 10
405 400 10
405 402 10
405 403 10
405 404 10
405 412 10
405 415 10
405 419 10
405 420 10
405 422 10
405 429 10
405 431 10
405 438 10
405 440 10
405 442 10
405 445 10
405 447 10
405 449 10
405 452 10
405 454 10
405 455 10
405 456 10
405 459 10
405 460 10
405 461 10
405 463 10
405 464 10
405 466 10
405 469 10
405 471 10
405 492 10
405 494 10
405 496 10
405 497 10
405 499 10
405 500 10
405 502 10
405 504 10
405 509 10
405 510 10
405 514 10
405 516 10
405 518 10
405 519 10
405 522 10
405 530 10
405 531 10
405 534 10
405 536 10
405 537 10
405 542 10
405 554 10
405 580 10
405 583 10
405 587 10
405 589 10
405 590 10
405 594 10
405 595 10
405 599 10
405 600 10
405 604 10
405 610 10
405 611 10
405 613 10
405 616 10
405 618 10
405 622 10
405 623 10
405 626 10
405 628 10
405 632 10
405 633 10
405 634 10
405 643 10
405 649 10
405 657 10
405 658 10
405 663 10
405 666 10
405 667 10
405 672 10
405 677 10
405 678 10
405 683 10
405 691 10
405 695 10
405 698 10
405 699 10
405 701 10
405 706 10
405 707 10
405 709 10
405 710 10
405 711 10
405 712 10
405 713 10
405 715 10
405 716 10
405 717 10
405 718 10
405 720 10
405 721 10
405 725 10
405 727 10
405 729 10
406 297 10
406 298 10
406 323 10
406 330 10
406 334 10
406 335 10
406 336 10
406 337 10
406 338 10
406 342 10
406 346 10
406 355 10
406 364 10
406 368 10
406 369 10
406 371 10
406 372 10
406 374 10
406 376 10
406 377 10
406 378 10
406 394 10
406 400 10
406 401 10
406 402 10
406 403 10
406 404 10
406 405 10
406 412 10
406 413 10
406 414 10
406 415 10
406 422 10
406 429 10
406 431 10
406 432 10
406 434 10
406 438 10
406 441 10
406 442 10
406 444 10
406 448 10
406 449 10
406 451 10
406 452 10
406 453 10
406 454 10
406 458 10
406 459 10
406 460 10
406 461 10
406 464 10
406 465 10
406 466 10
406 468 10
406 471 10
406 472 10
406 473 10
406 474 10
406 483 10
406 485 10
406 488 10
406 491 10
406 493 10
406 494 10
406 495 10
406 496 10
406 498 10
406 499 10
406 501 10
406 502 10
406 503 10
406 506 10
406 512 10
406 513 10
406 514 10
406 516 10
406 519 10
406 520 10
406 521 10
406 523 10
406 525 10
406 529 10
406 533 10
406 534 10
406 537 10
406 538 10
406 539 10
406 542 10
406 544 10
406 552 10
406 553 10
406 565 10
406 569 10
406 580 10
406 582 10
406 584 10
406 587 10
406 589 10
406 591 10
406 592 10
406 595 10
406 598 10
406 599 10
406 600 10
406 601 10
406 607 10
406 612 10
406 614 10
406 617 10
406 623 10
406 628 10
406 629 10
406 630 10
406 632 10
406 634 10
406 635 10
406 636 10
406 637 10
406 639 10
406 641 10
406 645 10
406 651 10
406 653 10
406 660 10
406 661 10
406 663 10
406 666 10
406 668 10
406 669 10
406 672 10
406 685 10
406 686 10
406 690 10
406 692 10
406 697 10
406 705 10
406 710 10
406 711 10
406 713 10
406 714 10
406 715 10
406 716 10
406 719 10
406 720 10
406 724 10
406 725 10
406 728 10
406 730 10
407 325 10
407 327 10
407 328 10
407 330 10
407 331 10
407 332 10
407 334 10
407 335 10
407 336 10
407 338 10
407 339 10
407 349 10
407 362 10
407 369 10
407 370 10
407 371 10
407 375 10
407 378 10
407 388 10
407 389 10
407 394 10
407 397 10
407 399 10
407 401 10
407 411 10
407 415 10
407 420 10
407 427 10
407 429 10
407 430 10
407 434 10
407 437 10
407 443 10
407 445 10
407 446 10
407 450 10
407 451 10
407 452 10
407 453 10
407 454 10
407 455 10
407 457 10
407 458 10
407 459 10
407 460 10
407 461 10
407 463 10
407 464 10
407 471 10
407 482 10
407 487 10
407 493 10
407 494 10
407 495 10
407 497 10
407 499 10
407 500 10
407 501 10
407 503 10
407 504 10
407 506 10
407 515 10
407 516 10
407 517 10
407 518 10
407 519 10
407 521 10
407 523 10
407 524 10
407 530 10
407 531 10
407 532 10
407 540 10
407 541 10
407 552 10
407 555 10
407 556 10
407 558 10
407 572 10
407 574 10
407 575 10
407 581 10
407 582 10
407 584 10
407 586 10
407 587 10
407 591 10
407 593 10
407 597 10
407 601 10
407 602 10
407 604 10
407 605 10
407 614 10
407 615 10
407 616 10
407 617 10
407 619 10
407 620 10
407 630 10
407 632 10
407 642 10
407 644 10
407 649 10
407 654 10
407 661 10
407 663 10
407 664 10
407 665 10
407 667 10
407 669 10
407 671 10
407 672 10
407 673 10
407 674 10
407 684 10
407 692 10
407 707 10
407 709 10
407 710 10
407 712 10
407 714 10
407 715 10
407 716 10
407 717 10
407 719 10
407 720 10
407 721 10
407 722 10
407 723 10
407 725 10
407 726 10
407 730 10
408 325 10
408 326 10
408 328 10
408 329 10
408 331 10
408 333 10
408 334 10
408 335 10
408 336 10
408 338 10
408 339 10
408 350 10
408 354 10
408 361 10
408 362 10
408 364 10
408 367 10
408 370 10
408 372 10
408 373 10
408 375 10
408 376 10
408 379 10
408 387 10
408 390 10
408 393 10
408 399 10
408 402 10
408 405 10
408 412 10
408 413 10
408 415 10
408 418 10
408 427 10
408 430 10
408 431 10
408 434 10
408 436 10
408 439 10
408 440 10
408 441 10
408 444 10
408 446 10
408 447 10
408 449 10
408 450 10
408 451 10
408 453 10
408 457 10
408 458 10
408 462 10
408 463 10
408 465 10
408 466 10
408 470 10
408 472 10
408 474 10
408 476 10
408 487 10
408 493 10
408 496 10
408 497 10
408 499 10
408 500 10
408 501 10
408 504 10
408 505 10
408 511 10
408 512 10
408 513 10
408 518 10
408 519 10
408 521 10
408 522 10
408 524 10
408 532 10
408 534 10
408 535 10
408 537 10
408 538 10
408 540 10
408 544 10
408 546 10
408 551 10
408 552 10
408 553 10
408 554 10
408 567 10
408 569 10
408 571 10
408 572 10
408 573 10
408 574 10
408 578 10
408 579 10
408 580 10
408 581 10
408 582 10
408 584 10
408 585 10
408 587 10
408 599 10
408 602 10
408 605 10
408 606 10
408 607 10
408 609 10
408 612 10
408 613 10
408 615 10
408 616 10
408 617 10
408 618 10
408 620 10
408 621 10
408 626 10
408 627 10
408 631 10
408 633 10
408 634 10
408 635 10
408 636 10
408 658 10
408 667 10
408 670 10
408 671 10
408 672 10
408 673 10
408 676 10
408 691 10
408 712 10
408 714 10
408 715 10
408 716 10
408 717 10
408 718 10
408 722 10
408 726 10
409 307 10
409 322 10
409 324 10
409 325 10
409 326 10
409 327 10
409 328 10
409 329 10
409 335 10
409 336 10
409 339 10
409 340 10
409 342 10
409 349 10
409 356 10
409 358 10
409 369 10
409 372 10
409 376 10
409 391 10
409 398 10
409 399 10
409 413 10
409 416 10
409 425 10
409 426 10
409 427 10
409 431 10
409 432 10
409 435 10
409 438 10
409 439 10
409 441 10
409 442 10
409 443 10
409 444 10
409 446 10
409 447 10
409 450 10
409 451 10
409 453 10
409 454 10
409 456 10
409 459 10
409 460 10
409 462 10
409 463 10
409 475 10
409 476 10
409 482 10
409 484 10
409 489 10
409 499 10
409 502 10
409 505 10
409 507 10
409 512 10
409 514 10
409 515 10
409 516 10
409 518 10
409 519 10
409 520 10
409 521 10
409 522 10
409 524 10
409 525 10
409 535 10
409 537 10
409 538 10
409 544 10
409 546 10
409 550 10
409 552 10
409 554 10
409 555 10
409 562 10
409 569 10
409 572 10
409 574 10
409 577 10
409 579 10
409 580 10
409 581 10
409 582 10
409 583 10
409 584 10
409 586 10
409 588 10
409 591 10
409 598 10
409 599 10
409 600 10
409 602 10
409 604 10
409 605 10
409 607 10
409 608 10
409 610 10
409 612 10
409 613 10
409 615 10
409 616 10
409 631 10
409 634 10
409 636 10
409 639 10
409 642 10
409 646 10
409 654 10
409 660 10
409 663 10
409 667 10
409 668 10
409 669 10
409 670 10
409 672 10
409 675 10
409 709 10
409 710 10
409 712 10
409 714 10
409 716 10
409 717 10
409 718 10
409 720 10
409 721 10
409 722 10
409 723 10
409 724 10
409 727 10
410 325 10
410 326 10
410 327 10
410 328 10
410 329 10
410 330 10
410 332 10
410 333 10
410 336 10
410 337 10
410 341 10
410 342 10
410 350 10
410 351 10
410 353 10
410 354 10
410 355 10
410 356 10
410 357 10
410 358 10
410 359 10
410 364 10
410 366 10
410 367 10
410 369 10
410 370 10
410 372 10
410 373 10
410 375 10
410 376 10
410 380 10
410 388 10
410 394 10
410 395 10
410 396 10
410 398 10
410 399 10
410 401 10
410 403 10
410 412 10
410 413 10
410 417 10
410 419 10
410 422 10
410 426 10
410 427 10
410 429 10
410 431 10
410 432 10
410 433 10
410 434 10
410 435 10
410 436 10
410 437 10
410 438 10
410 439 10
410 444 10
410 445 10
410 446 10
410 447 10
410 448 10
410 451 10
410 455 10
410 456 10
410 458 10
410 459 10
410 461 10
410 462 10
410 466 10
410 480 10
410 481 10
410 483 10
410 484 10
410 485 10
410 487 10
410 488 10
410 499 10
410 500 10
410 502 10
410 504 10
410 505 10
410 507 10
410 510 10
410 514 10
410 515 10
410 516 10
410 521 10
410 522 10
410 525 10
410 527 10
410 529 10
410 533 10
410 534 10
410 535 10
410 536 10
410 550 10
410 551 10
410 553 10
410 554 10
410 555 10
410 561 10
410 562 10
410 570 10
410 571 10
410 575 10
410 577 10
410 580 10
410 581 10
410 583 10
410 584 10
410 585 10
410 586 10
410 587 10
410 590 10
410 593 10
410 600 10
410 603 10
410 604 10
410 607 10
410 608 10
410 609 10
410 611 10
410 616 10
410 617 10
410 618 10
410 633 10
410 634 10
410 635 10
410 636 10
410 645 10
410 647 10
410 649 10
410 652 10
410 657 10
410 658 10
410 661 10
410 665 10
410 668 10
410 669 10
410 670 10
410 671 10
410 672 10
410 706 10
410 707 10
410 708 10
410 710 10
410 713 10
410 714 10
410 718 10
410 719 10
410 721 10
410 725 10
410 726 10
410 728 10
411 297 10
411 307 10
411 323 10
411 325 10
411 329 10
411 330 10
411 333 10
411 336 10
411 339 10
411 342 10
411 349 10
411 354 10
411 360 10
411 362 10
411 364 10
411 366 10
411 367 10
411 368 10
411 371 10
411 372 10
411 373 10
411 374 10
411 377 10
411 378 10
411 381 10
411 383 10
411 388 10
411 393 10
411 396 10
411 400 10
411 403 10
411 411 10
411 413 10
411 414 10
411 416 10
411 417 10
411 419 10
411 423 10
411 429 10
411 430 10
411 436 10
411 438 10
411 439 10
411 440 10
411 442 10
411 443 10
411 444 10
411 446 10
411 448 10
411 450 10
411 451 10
411 454 10
411 458 10
411 463 10
411 467 10
411 468 10
411 475 10
411 476 10
411 477 10
411 478 10
411 480 10
411 481 10
411 483 10
411 485 10
411 486 10
411 487 10
411 490 10
411 497 10
411 498 10
411 499 10
411 502 10
411 503 10
411 504 10
411 505 10
411 507 10
411 508 10
411 509 10
411 512 10
411 515 10
411 521 10
411 523 10
411 525 10
411 529 10
411 530 10
411 531 10
411 532 10
411 533 10
411 534 10
411 538 10
411 541 10
411 542 10
411 543 10
411 544 10
411 545 10
411 547 10
411 551 10
411 554 10
411 568 10
411 573 10
411 577 10
411 578 10
411 579 10
411 580 10
411 581 10
411 582 10
411 583 10
411 586 10
411 588 10
411 589 10
411 593 10
411 601 10
411 602 10
411 603 10
411 604 10
411 605 10
411 606 10
411 610 10
411 612 10
411 614 10
411 615 10
411 618 10
411 633 10
411 634 10
411 635 10
411 645 10
411 647 10
411 648 10
411 649 10
411 650 10
411 651 10
411 654 10
411 657 10
411 658 10
411 660 10
411 662 10
411 663 10
411 666 10
411 667 10
411 669 10
411 671 10
411 674 10
411 690 10
411 691 10
411 707 10
411 708 10
411 709 10
411 714 10
411 716 10
411 717 10
411 718 10
411 721 10
411 723 10
411 725 10
411 728 10
412 288 10
412 325 10
412 328 10
412 339 10
412 340 10
412 341 10
412 344 10
412 348 10
412 353 10
412 354 10
412 355 10
412 357 10
412 366 10
412 367 10
412 368 10
412 369 10
412 370 10
412 371 10
412 373 10
412 375 10
412 377 10
412 379 10
412 381 10
412 389 10
412 395 10
412 398 10
412 399 10
412 400 10
412 401 10
412 403 10
412 404 10
412 405 10
412 411 10
412 415 10
412 416 10
412 417 10
412 420 10
412 422 10
412 423 10
412 424 10
412 426 10
412 428 10
412 435 10
412 436 10
412 437 10
412 438 10
412 441 10
412 443 10
412 446 10
412 451 10
412 453 10
412 456 10
412 461 10
412 465 10
412 466 10
412 468 10
412 478 10
412 479 10
412 480 10
412 481 10
412 484 10
412 485 10
412 498 10
412 500 10
412 501 10
412 505 10
412 506 10
412 507 10
412 508 10
412 509 10
412 513 10
412 516 10
412 518 10
412 519 10
412 520 10
412 522 10
412 523 10
412 525 10
412 527 10
412 529 10
412 530 10
412 531 10
412 532 10
412 534 10
412 536 10
412 537 10
412 539 10
412 540 10
412 542 10
412 543 10
412 545 10
412 546 10
412 547 10
412 548 10
412 549 10
412 553 10
412 555 10
412 561 10
412 562 10
412 563 10
412 565 10
412 567 10
412 569 10
412 571 10
412 574 10
412 576 10
412 578 10
412 579 10
412 580 10
412 581 10
412 582 10
412 584 10
412 587 10
412 589 10
412 590 10
412 591 10
412 594 10
412 601 10
412 602 10
412 603 10
412 604 10
412 605 10
412 607 10
412 608 10
412 609 10
412 611 10
412 612 10
412 614 10
412 615 10
412 632 10
412 633 10
412 634 10
412 636 10
412 637 10
412 640 10
412 647 10
412 651 10
412 653 10
412 654 10
412 658 10
412 661 10
412 662 10
412 664 10
412 668 10
412 669 10
412 670 10
412 671 10
412 673 10
412 674 10
412 698 10
412 700 10
412 705 10
412 710 10
412 711 10
412 714 10
412 717 10
412 719 10
412 720 10
412 721 10
412 724 10
412 725 10
412 727 10
412 728 10
413 300 10
413 302 10
413 323 10
413 324 10
413 328 10
413 331 10
413 332 10
413 336 10
413 337 10
413 338 10
413 339 10
413 340 10
413 342 10
413 343 10
413 348 10
413 349 10
413 354 10
413 356 10
413 358 10
413 363 10
413 364 10
413 366 10
413 367 10
413 368 10
413 371 10
413 372 10
413 376 10
413 379 10
413 380 10
413 387 10
413 388 10
413 389 10
413 391 10
413 392 10
413 395 10
413 397 10
413 401 10
413 402 10
413 403 10
413 409 10
413 411 10
413 412 10
413 413 10
413 420 10
413 421 10
413 427 10
413 429 10
413 430 10
413 432 10
413 433 10
413 437 10
413 440 10
413 443 10
413 444 10
413 445 10
413 446 10
413 449 10
413 451 10
413 453 10
413 454 10
413 455 10
413 457 10
413 459 10
413 460 10
413 461 10
413 462 10
413 463 10
413 471 10
413 473 10
413 474 10
413 478 10
413 480 10
413 490 10
413 494 10
413 495 10
413 498 10
413 500 10
413 501 10
413 502 10
413 503 10
413 504 10
413 507 10
413 508 10
413 510 10
413 513 10
413 515 10
413 516 10
413 518 10
413 520 10
413 521 10
413 526 10
413 528 10
413 529 10
413 530 10
413 531 10
413 533 10
413 536 10
413 537 10
413 539 10
413 542 10
413 544 10
413 545 10
413 547 10
413 550 10
413 551 10
413 552 10
413 554 10
413 557 10
413 562 10
413 563 10
413 564 10
413 565 10
413 568 10
413 577 10
413 578 10
413 579 10
413 580 10
413 581 10
413 583 10
413 584 10
413 586 10
413 587 10
413 589 10
413 591 10
413 598 10
413 600 10
413 601 10
413 602 10
413 603 10
413 604 10
413 606 10
413 608 10
413 614 10
413 630 10
413 632 10
413 633 10
413 636 10
413 642 10
413 643 10
413 645 10
413 648 10
413 650 10
413 653 10
413 654 10
413 656 10
413 661 10
413 662 10
413 667 10
413 670 10
413 671 10
413 672 10
413 673 10
413 675 10
413 690 10
413 708 10
413 709 10
413 712 10
413 714 10
413 715 10
413 716 10
413 718 10
413 719 10
413 720 10
413 721 10
413 724 10
413 728 10
414 298 10
414 299 10
414 301 10
414 305 10
414 324 10
414 325 10
414 329 10
414 337 10
414 338 10
414 342 10
414 345 10
414 346 10
414 349 10
414 350 10
414 351 10
414 353 10
414 354 10
414 357 10
414 358 10
414 359 10
414 362 10
414 368 10
414 381 10
414 390 10
414 392 10
414 395 10
414 396 10
414 400 10
414 401 10
414 403 10
414 408 10
414 411 10
414 416 10
414 418 10
414 419 10
414 420 10
414 421 10
414 423 10
414 424 10
414 425 10
414 428 10
414 432 10
414 435 10
414 437 10
414 438 10
414 439 10
414 441 10
414 443 10
414 450 10
414 452 10
414 454 10
414 455 10
414 460 10
414 467 10
414 469 10
414 471 10
414 472 10
414 473 10
414 478 10
414 479 10
414 481 10
414 482 10
414 486 10
414 490 10
414 496 10
414 499 10
414 500 10
414 501 10
414 502 10
414 503 10
414 505 10
414 507 10
414 508 10
414 509 10
414 510 10
414 512 10
414 514 10
414 517 10
414 520 10
414 521 10
414 527 10
414 531 10
414 532 10
414 534 10
414 536 10
414 538 10
414 539 10
414 540 10
414 541 10
414 546 10
414 548 10
414 549 10
414 550 10
414 554 10
414 564 10
414 565 10
414 567 10
414 569 10
414 573 10
414 574 10
414 575 10
414 576 10
414 577 10
414 578 10
414 579 10
414 580 10
414 581 10
414 582 10
414 583 10
414 584 10
414 585 10
414 588 10
414 589 10
414 590 10
414 591 10
414 592 10
414 593 10
414 594 10
414 595 10
414 598 10
414 599 10
414 600 10
414 602 10
414 603 10
414 604 10
414 606 10
414 607 10
414 608 10
414 610 10
414 612 10
414 617 10
414 618 10
414 633 10
414 634 10
414 636 10
414 637 10
414 638 10
414 649 10
414 650 10
414 655 10
414 658 10
414 659 10
414 661 10
414 663 10
414 664 10
414 667 10
414 669 10
414 671 10
414 672 10
414 674 10
414 687 10
414 689 10
414 698 10
414 708 10
414 709 10
414 712 10
414 714 10
414 716 10
414 719 10
414 721 10
414 722 10
414 723 10
414 724 10
414 726 10
414 728 10
415 298 10
415 304 10
415 323 10
415 326 10
415 330 10
415 335 10
415 338 10
415 340 10
415 341 10
415 342 10
415 346 10
415 348 10
415 351 10
415 352 10
415 355 10
415 356 10
415 357 10
415 358 10
415 360 10
415 361 10
415 362 10
415 363 10
415 364 10
415 367 10
415 368 10
415 369 10
415 370 10
415 371 10
415 378 10
415 386 10
415 389 10
415 390 10
415 392 10
415 394 10
415 395 10
415 397 10
415 400 10
415 403 10
415 404 10
415 405 10
415 406 10
415 408 10
415 409 10
415 410 10
415 413 10
415 418 10
415 419 10
415 420 10
415 421 10
415 424 10
415 425 10
415 435 10
415 441 10
415 442 10
415 443 10
415 445 10
415 446 10
415 448 10
415 449 10
415 458 10
415 464 10
415 469 10
415 480 10
415 485 10
415 486 10
415 490 10
415 491 10
415 493 10
415 494 10
415 495 10
415 496 10
415 498 10
415 499 10
415 500 10
415 501 10
415 502 10
415 503 10
415 505 10
415 506 10
415 507 10
415 508 10
415 509 10
415 510 10
415 511 10
415 512 10
415 513 10
415 516 10
415 518 10
415 519 10
415 523 10
415 526 10
415 527 10
415 529 10
415 531 10
415 532 10
415 533 10
415 534 10
415 535 10
415 536 10
415 537 10
415 543 10
415 547 10
415 548 10
415 552 10
415 554 10
415 556 10
415 563 10
415 564 10
415 565 10
415 567 10
415 568 10
415 575 10
415 577 10
415 578 10
415 579 10
415 580 10
415 581 10
415 582 10
415 585 10
415 587 10
415 588 10
415 593 10
415 595 10
415 600 10
415 601 10
415 602 10
415 603 10
415 604 10
415 605 10
415 606 10
415 607 10
415 608 10
415 610 10
415 611 10
415 612 10
415 633 10
415 634 10
415 636 10
415 638 10
415 640 10
415 642 10
415 643 10
415 644 10
415 650 10
415 653 10
415 654 10
415 655 10
415 656 10
415 658 10
415 659 10
415 660 10
415 661 10
415 664 10
415 667 10
415 670 10
415 671 10
415 673 10
415 675 10
415 693 10
415 694 10
415 695 10
415 700 10
415 701 10
415 703 10
415 707 10
415 708 10
415 710 10
415 711 10
415 712 10
415 713 10
415 716 10
415 718 10
415 720 10
415 721 10
415 723 10
416 299 10
416 300 10
416 304 10
416 305 10
416 306 10
416 308 10
416 321 10
416 328 10
416 334 10
416 335 10
416 336 10
416 339 10
416 340 10
416 348 10
416 350 10
416 352 10
416 353 10
416 356 10
416 357 10
416 358 10
416 359 10
416 362 10
416 363 10
416 365 10
416 366 10
416 367 10
416 369 10
416 371 10
416 377 10
416 382 10
416 386 10
416 391 10
416 394 10
416 396 10
416 399 10
416 403 10
416 405 10
416 416 10
416 417 10
416 419 10
416 420 10
416 424 10
416 426 10
416 427 10
416 431 10
416 437 10
416 442 10
416 443 10
416 445 10
416 446 10
416 448 10
416 459 10
416 462 10
416 463 10
416 467 10
416 469 10
416 472 10
416 486 10
416 487 10
416 488 10
416 491 10
416 493 10
416 494 10
416 495 10
416 498 10
416 499 10
416 501 10
416 502 10
416 504 10
416 505 10
416 509 10
416 512 10
416 515 10
416 517 10
416 518 10
416 519 10
416 521 10
416 525 10
416 526 10
416 528 10
416 529 10
416 531 10
416 533 10
416 534 10
416 536 10
416 539 10
416 540 10
416 545 10
416 548 10
416 550 10
416 556 10
416 565 10
416 572 10
416 576 10
416 577 10
416 579 10
416 581 10
416 584 10
416 586 10
416 587 10
416 588 10
416 589 10
416 590 10
416 591 10
416 592 10
416 593 10
416 594 10
416 595 10
416 599 10
416 600 10
416 601 10
416 603 10
416 604 10
416 607 10
416 608 10
416 609 10
416 612 10
416 614 10
416 637 10
416 641 10
416 646 10
416 655 10
416 656 10
416 660 10
416 662 10
416 663 10
416 665 10
416 666 10
416 668 10
416 670 10
416 673 10
416 674 10
416 691 10
416 694 10
416 696 10
416 697 10
416 698 10
416 701 10
416 705 10
416 706 10
416 710 10
416 711 10
416 713 10
416 714 10
416 718 10
416 721 10
416 723 10
416 726 10
416 727 10
416 729 10
417 301 10
417 304 10
417 306 10
417 310 10
417 334 10
417 335 10
417 336 10
417 339 10
417 340 10
417 341 10
417 343 10
417 345 10
417 347 10
417 349 10
417 350 10
417 359 10
417 361 10
417 362 10
417 366 10
417 367 10
417 369 10
417 373 10
417 375 10
417 377 10
417 380 10
417 386 10
417 388 10
417 389 10
417 390 10
417 391 10
417 392 10
417 393 10
417 394 10
417 398 10
417 399 10
417 402 10
417 403 10
417 404 10
417 410 10
417 411 10
417 412 10
417 413 10
417 414 10
417 415 10
417 416 10
417 418 10
417 420 10
417 433 10
417 434 10
417 441 10
417 443 10
417 444 10
417 454 10
417 456 10
417 457 10
417 458 10
417 470 10
417 479 10
417 480 10
417 481 10
417 485 10
417 486 10
417 489 10
417 492 10
417 493 10
417 494 10
417 495 10
417 498 10
417 499 10
417 500 10
417 503 10
417 504 10
417 505 10
417 506 10
417 507 10
417 508 10
417 509 10
417 510 10
417 511 10
417 512 10
417 513 10
417 517 10
417 520 10
417 521 10
417 522 10
417 523 10
417 524 10
417 525 10
417 529 10
417 530 10
417 531 10
417 532 10
417 533 10
417 534 10
417 535 10
417 536 10
417 538 10
417 540 10
417 541 10
417 542 10
417 547 10
417 551 10
417 552 10
417 555 10
417 556 10
417 557 10
417 558 10
417 560 10
417 565 10
417 568 10
417 570 10
417 572 10
417 578 10
417 583 10
417 585 10
417 586 10
417 588 10
417 591 10
417 598 10
417 601 10
417 602 10
417 603 10
417 604 10
417 605 10
417 606 10
417 608 10
417 609 10
417 610 10
417 611 10
417 639 10
417 640 10
417 659 10
417 660 10
417 662 10
417 666 10
417 678 10
417 679 10
417 691 10
417 700 10
417 701 10
417 706 10
417 708 10
417 709 10
417 711 10
417 712 10
417 713 10
417 715 10
417 718 10
417 720 10
417 721 10
417 728 10
417 729 10
418 287 10
418 290 10
418 292 10
418 302 10
418 305 10
418 306 10
418 308 10
418 324 10
418 325 10
418 334 10
418 336 10
418 337 10
418 338 10
418 340 10
418 341 10
418 342 10
418 344 10
418 346 10
418 347 10
418 349 10
418 353 10
418 355 10
418 356 10
418 358 10
418 360 10
418 361 10
418 362 10
418 364 10
418 365 10
418 367 10
418 368 10
418 372 10
418 377 10
418 378 10
418 380 10
418 381 10
418 384 10
418 385 10
418 386 10
418 391 10
418 392 10
418 393 10
418 395 10
418 396 10
418 397 10
418 399 10
418 404 10
418 407 10
418 412 10
418 414 10
418 416 10
418 418 10
418 420 10
418 421 10
418 422 10
418 423 10
418 425 10
418 432 10
418 433 10
418 440 10
418 441 10
418 442 10
418 444 10
418 447 10
418 458 10
418 467 10
418 470 10
418 471 10
418 473 10
418 482 10
418 487 10
418 488 10
418 493 10
418 494 10
418 497 10
418 498 10
418 500 10
418 501 10
418 503 10
418 504 10
418 506 10
418 507 10
418 508 10
418 510 10
418 512 10
418 513 10
418 517 10
418 519 10
418 520 10
418 522 10
418 523 10
418 524 10
418 525 10
418 526 10
418 527 10
418 529 10
418 531 10
418 532 10
418 534 10
418 535 10
418 536 10
418 537 10
418 546 10
418 549 10
418 553 10
418 555 10
418 556 10
418 559 10
418 561 10
418 562 10
418 572 10
418 579 10
418 580 10
418 585 10
418 590 10
418 592 10
418 593 10
418 595 10
418 598 10
418 600 10
418 602 10
418 603 10
418 604 10
418 607 10
418 608 10
418 611 10
418 614 10
418 638 10
418 646 10
418 655 10
418 657 10
418 664 10
418 667 10
418 673 10
418 674 10
418 675 10
418 676 10
418 685 10
418 693 10
418 696 10
418 697 10
418 698 10
418 699 10
418 701 10
418 704 10
418 707 10
418 708 10
418 709 10
418 711 10
418 712 10
418 713 10
418 714 10
418 715 10
418 717 10
418 719 10
418 722 10
418 725 10
418 728 10
418 731 10
419 305 10
419 306 10
419 311 10
419 312 10
419 322 10
419 325 10
419 326 10
419 329 10
419 331 10
419 333 10
419 334 10
419 335 10
419 336 10
419 337 10
419 338 10
419 339 10
419 341 10
419 342 10
419 347 10
419 351 10
419 353 10
419 355 10
419 360 10
419 361 10
419 362 10
419 363 10
419 365 10
419 366 10
419 368 10
419 376 10
419 378 10
419 379 10
419 380 10
419 382 10
419 383 10
419 385 10
419 388 10
419 390 10
419 393 10
419 394 10
419 395 10
419 400 10
419 406 10
419 407 10
419 409 10
419 412 10
419 415 10
419 416 10
419 417 10
419 421 10
419 432 10
419 433 10
419 437 10
419 439 10
419 440 10
419 442 10
419 443 10
419 444 10
419 450 10
419 452 10
419 456 10
419 469 10
419 476 10
419 478 10
419 485 10
419 486 10
419 488 10
419 490 10
419 491 10
419 492 10
419 494 10
419 495 10
419 498 10
419 500 10
419 502 10
419 503 10
419 504 10
419 506 10
419 507 10
419 510 10
419 511 10
419 512 10
419 514 10
419 516 10
419 519 10
419 521 10
419 522 10
419 523 10
419 524 10
419 525 10
419 526 10
419 527 10
419 528 10
419 529 10
419 530 10
419 531 10
419 533 10
419 534 10
419 536 10
419 537 10
419 538 10
419 539 10
419 540 10
419 541 10
419 543 10
419 544 10
419 551 10
419 555 10
419 558 10
419 560 10
419 570 10
419 572 10
419 578 10
419 584 10
419 587 10
419 588 10
419 594 10
419 598 10
419 600 10
419 602 10
419 603 10
419 604 10
419 605 10
419 608 10
419 610 10
419 611 10
419 614 10
419 640 10
419 641 10
419 643 10
419 651 10
419 654 10
419 655 10
419 659 10
419 663 10
419 664 10
419 668 10
419 672 10
419 673 10
419 679 10
419 680 10
419 685 10
419 689 10
419 697 10
419 699 10
419 700 10
419 702 10
419 705 10
419 708 10
419 710 10
419 712 10
419 713 10
419 719 10
419 721 10
419 724 10
419 728 10
419 729 10
420 289 10
420 293 10
420 305 10
420 327 10
420 332 10
420 334 10
420 336 10
420 338 10
420 339 10
420 340 10
420 341 10
420 343 10
420 347 10
420 348 10
420 351 10
420 361 10
420 362 10
420 363 10
420 364 10
420 365 10
420 366 10
420 373 10
420 376 10
420 378 10
420 380 10
420 382 10
420 385 10
420 386 10
420 387 10
420 388 10
420 390 10
420 392 10
420 393 10
420 395 10
420 396 10
420 397 10
420 402 10
420 409 10
420 411 10
420 413 10
420 415 10
420 418 10
420 419 10
420 425 10
420 433 10
420 434 10
420 439 10
420 443 10
420 451 10
420 452 10
420 454 10
420 455 10
420 474 10
420 486 10
420 487 10
420 488 10
420 490 10
420 494 10
420 497 10
420 499 10
420 500 10
420 501 10
420 502 10
420 503 10
420 504 10
420 505 10
420 506 10
420 508 10
420 510 10
420 511 10
420 513 10
420 514 10
420 519 10
420 520 10
420 521 10
420 522 10
420 523 10
420 526 10
420 527 10
420 528 10
420 529 10
420 531 10
420 532 10
420 533 10
420 534 10
420 535 10
420 537 10
420 538 10
420 539 10
420 541 10
420 543 10
420 544 10
420 545 10
420 546 10
420 547 10
420 555 10
420 556 10
420 560 10
420 573 10
420 574 10
420 579 10
420 581 10
420 583 10
420 588 10
420 597 10
420 599 10
420 601 10
420 602 10
420 605 10
420 606 10
420 608 10
420 609 10
420 610 10
420 611 10
420 612 10
420 613 10
420 619 10
420 638 10
420 641 10
420 642 10
420 643 10
420 653 10
420 654 10
420 657 10
420 658 10
420 660 10
420 661 10
420 662 10
420 671 10
420 674 10
420 677 10
420 684 10
420 685 10
420 686 10
420 687 10
420 700 10
420 702 10
420 706 10
420 708 10
420 712 10
420 713 10
420 716 10
420 717 10
420 719 10
420 724 10
420 725 10
420 726 10
420 729 10
421 293 10
421 325 10
421 335 10
421 341 10
421 342 10
421 343 10
421 345 10
421 346 10
421 347 10
421 348 10
421 349 10
421 350 10
421 360 10
421 362 10
421 363 10
421 364 10
421 365 10
421 366 10
421 376 10
421 380 10
421 381 10
421 383 10
421 385 10
421 386 10
421 388 10
421 391 10
421 392 10
421 393 10
421 398 10
421 400 10
421 402 10
421 409 10
421 412 10
421 415 10
421 416 10
421 417 10
421 422 10
421 423 10
421 428 10
421 435 10
421 436 10
421 438 10
421 442 10
421 446 10
421 455 10
421 456 10
421 457 10
421 469 10
421 476 10
421 478 10
421 483 10
421 485 10
421 491 10
421 494 10
421 498 10
421 499 10
421 500 10
421 501 10
421 503 10
421 505 10
421 506 10
421 507 10
421 508 10
421 510 10
421 511 10
421 513 10
421 520 10
421 521 10
421 522 10
421 525 10
421 527 10
421 529 10
421 530 10
421 531 10
421 532 10
421 533 10
421 534 10
421 535 10
421 536 10
421 537 10
421 538 10
421 539 10
421 540 10
421 541 10
421 542 10
421 544 10
421 552 10
421 554 10
421 555 10
421 557 10
421 558 10
421 567 10
421 581 10
421 586 10
421 600 10
421 602 10
421 604 10
421 607 10
421 611 10
421 612 10
421 619 10
421 640 10
421 642 10
421 644 10
421 651 10
421 653 10
421 655 10
421 658 10
421 660 10
421 662 10
421 663 10
421 664 10
421 665 10
421 669 10
421 672 10
421 674 10
421 675 10
421 679 10
421 688 10
421 695 10
421 699 10
421 700 10
421 702 10
421 705 10
421 707 10
421 710 10
421 711 10
421 712 10
421 713 10
421 714 10
421 715 10
421 723 10
421 728 10
421 729 10
422 290 10
422 331 10
422 334 10
422 339 10
422 347 10
422 350 10
422 356 10
422 360 10
422 363 10
422 365 10
422 366 10
422 368 10
422 369 10
422 374 10
422 376 10
422 378 10
422 379 10
422 383 10
422 385 10
422 389 10
422 391 10
422 392 10
422 393 10
422 395 10
422 396 10
422 399 10
422 400 10
422 402 10
422 413 10
422 428 10
422 439 10
422 443 10
422 449 10
422 452 10
422 453 10
422 454 10
422 455 10
422 457 10
422 458 10
422 470 10
422 474 10
422 476 10
422 477 10
422 479 10
422 480 10
422 481 10
422 483 10
422 484 10
422 485 10
422 486 10
422 487 10
422 488 10
422 493 10
422 496 10
422 497 10
422 498 10
422 500 10
422 501 10
422 502 10
422 504 10
422 505 10
422 509 10
422 510 10
422 511 10
422 513 10
422 514 10
422 523 10
422 525 10
422 528 10
422 530 10
422 532 10
422 535 10
422 536 10
422 537 10
422 538 10
422 539 10
422 540 10
422 544 10
422 545 10
422 548 10
422 553 10
422 554 10
422 556 10
422 563 10
422 569 10
422 571 10
422 577 10
422 593 10
422 595 10
422 598 10
422 608 10
422 609 10
422 610 10
422 611 10
422 615 10
422 639 10
422 640 10
422 641 10
422 642 10
422 643 10
422 644 10
422 652 10
422 654 10
422 655 10
422 658 10
422 659 10
422 660 10
422 662 10
422 664 10
422 665 10
422 666 10
422 667 10
422 673 10
422 675 10
422 680 10
422 683 10
422 684 10
422 685 10
422 686 10
422 695 10
422 698 10
422 699 10
422 700 10
422 701 10
422 706 10
422 707 10
422 709 10
422 710 10
422 711 10
422 712 10
422 713 10
422 714 10
422 716 10
422 724 10
422 725 10
422 727 10
422 729 10
423 313 10
423 321 10
423 329 10
423 330 10
423 331 10
423 333 10
423 338 10
423 344 10
423 345 10
423 346 10
423 347 10
423 348 10
423 349 10
423 350 10
423 356 10
423 357 10
423 363 10
423 364 10
423 369 10
423 375 10
423 376 10
423 377 10
423 381 10
423 382 10
423 383 10
423 385 10
423 386 10
423 390 10
423 393 10
423 394 10
423 395 10
423 396 10
423 397 10
423 403 10
423 415 10
423 416 10
423 417 10
423 421 10
423 426 10
423 427 10
423 442 10
423 445 10
423 447 10
423 448 10
423 451 10
423 452 10
423 453 10
423 470 10
423 476 10
423 477 10
423 480 10
423 481 10
423 482 10
423 489 10
423 491 10
423 493 10
423 496 10
423 502 10
423 505 10
423 506 10
423 508 10
423 509 10
423 510 10
423 511 10
423 512 10
423 516 10
423 517 10
423 518 10
423 520 10
423 521 10
423 522 10
423 523 10
423 524 10
423 529 10
423 531 10
423 533 10
423 534 10
423 536 10
423 538 10
423 540 10
423 543 10
423 544 10
423 554 10
423 555 10
423 557 10
423 565 10
423 566 10
423 569 10
423 579 10
423 592 10
423 603 10
423 604 10
423 605 10
423 606 10
423 608 10
423 612 10
423 613 10
423 615 10
423 621 10
423 640 10
423 641 10
423 642 10
423 643 10
423 644 10
423 645 10
423 647 10
423 648 10
423 651 10
423 654 10
423 658 10
423 659 10
423 662 10
423 664 10
423 665 10
423 674 10
423 677 10
423 678 10
423 685 10
423 686 10
423 698 10
423 704 10
423 708 10
423 709 10
423 710 10
423 712 10
423 714 10
423 715 10
423 723 10
424 289 10
424 303 10
424 304 10
424 305 10
424 314 10
424 332 10
424 347 10
424 348 10
424 349 10
424 351 10
424 356 10
424 357 10
424 362 10
424 363 10
424 365 10
424 367 10
424 368 10
424 371 10
424 380 10
424 382 10
424 385 10
424 386 10
424 388 10
424 391 10
424 396 10
424 398 10
424 400 10
424 401 10
424 402 10
424 403 10
424 404 10
424 414 10
424 415 10
424 416 10
424 422 10
424 423 10
424 435 10
424 439 10
424 443 10
424 445 10
424 448 10
424 451 10
424 453 10
424 458 10
424 468 10
424 472 10
424 475 10
424 476 10
424 478 10
424 480 10
424 482 10
424 483 10
424 486 10
424 490 10
424 500 10
424 502 10
424 503 10
424 505 10
424 506 10
424 509 10
424 511 10
424 512 10
424 513 10
424 514 10
424 515 10
424 517 10
424 519 10
424 522 10
424 524 10
424 525 10
424 531 10
424 532 10
424 534 10
424 535 10
424 538 10
424 545 10
424 546 10
424 547 10
424 548 10
424 556 10
424 557 10
424 559 10
424 561 10
424 571 10
424 581 10
424 588 10
424 593 10
424 594 10
424 596 10
424 602 10
424 603 10
424 606 10
424 608 10
424 609 10
424 611 10
424 637 10
424 638 10
424 639 10
424 641 10
424 642 10
424 645 10
424 647 10
424 652 10
424 654 10
424 659 10
424 662 10
424 663 10
424 664 10
424 667 10
424 672 10
424 673 10
424 674 10
424 687 10
424 690 10
424 695 10
424 697 10
424 704 10
424 705 10
424 706 10
424 707 10
424 709 10
424 710 10
424 712 10
424 715 10
424 721 10
425 320 10
425 322 10
425 344 10
425 345 10
425 346 10
425 347 10
425 348 10
425 349 10
425 350 10
425 351 10
425 352 10
425 362 10
425 363 10
425 365 10
425 367 10
425 374 10
425 377 10
425 378 10
425 380 10
425 383 10
425 384 10
425 386 10
425 388 10
425 391 10
425 395 10
425 400 10
425 402 10
425 412 10
425 414 10
425 416 10
425 421 10
425 422 10
425 426 10
425 429 10
425 431 10
425 432 10
425 437 10
425 447 10
425 449 10
425 450 10
425 451 10
425 452 10
425 457 10
425 459 10
425 473 10
425 475 10
425 476 10
425 477 10
425 478 10
425 479 10
425 481 10
425 484 10
425 485 10
425 486 10
425 487 10
425 488 10
425 490 10
425 491 10
425 495 10
425 496 10
425 499 10
425 500 10
425 508 10
425 509 10
425 512 10
425 513 10
425 517 10
425 524 10
425 525 10
425 531 10
425 532 10
425 533 10
425 534 10
425 536 10
425 545 10
425 546 10
425 548 10
425 563 10
425 566 10
425 573 10
425 588 10
425 591 10
425 593 10
425 597 10
425 605 10
425 607 10
425 611 10
425 614 10
425 628 10
425 629 10
425 635 10
425 638 10
425 639 10
425 641 10
425 642 10
425 643 10
425 645 10
425 646 10
425 648 10
425 649 10
425 650 10
425 653 10
425 655 10
425 656 10
425 659 10
425 661 10
425 662 10
425 665 10
425 667 10
425 668 10
425 669 10
425 671 10
425 672 10
425 673 10
425 686 10
425 689 10
425 690 10
425 691 10
425 692 10
425 706 10
425 708 10
425 709 10
425 710 10
425 711 10
425 712 10
425 723 10
426 285 10
426 290 10
426 303 10
426 306 10
426 320 10
426 328 10
426 329 10
426 330 10
426 331 10
426 340 10
426 346 10
426 347 10
426 348 10
426 349 10
426 350 10
426 351 10
426 352 10
426 356 10
426 358 10
426 359 10
426 365 10
426 382 10
426 383 10
426 386 10
426 388 10
426 390 10
426 391 10
426 392 10
426 396 10
426 400 10
426 401 10
426 402 10
426 403 10
426 404 10
426 416 10
426 424 10
426 429 10
426 430 10
426 434 10
426 437 10
426 447 10
426 449 10
426 453 10
426 456 10
426 473 10
426 477 10
426 483 10
426 487 10
426 489 10
426 490 10
426 491 10
426 492 10
426 494 10
426 496 10
426 497 10
426 499 10
426 501 10
426 506 10
426 508 10
426 509 10
426 510 10
426 511 10
426 512 10
426 513 10
426 514 10
426 517 10
426 523 10
426 527 10
426 535 10
426 546 10
426 548 10
426 549 10
426 559 10
426 565 10
426 566 10
426 573 10
426 578 10
426 585 10
426 587 10
426 596 10
426 600 10
426 602 10
426 603 10
426 604 10
426 605 10
426 607 10
426 608 10
426 609 10
426 610 10
426 613 10
426 637 10
426 640 10
426 643 10
426 644 10
426 645 10
426 653 10
426 654 10
426 658 10
426 661 10
426 662 10
426 663 10
426 664 10
426 665 10
426 666 10
426 667 10
426 668 10
426 672 10
426 675 10
426 676 10
426 678 10
426 682 10
426 683 10
426 685 10
426 687 10
426 692 10
426 703 10
426 705 10
426 707 10
426 710 10
426 713 10
426 717 10
426 719 10
426 722 10
426 725 10
427 290 10
427 292 10
427 302 10
427 304 10
427 305 10
427 309 10
427 311 10
427 321 10
427 322 10
427 324 10
427 326 10
427 327 10
427 337 10
427 339 10
427 340 10
427 341 10
427 344 10
427 348 10
427 350 10
427 355 10
427 356 10
427 364 10
427 365 10
427 367 10
427 376 10
427 377 10
427 379 10
427 380 10
427 381 10
427 382 10
427 383 10
427 384 10
427 386 10
427 388 10
427 394 10
427 400 10
427 404 10
427 405 10
427 420 10
427 423 10
427 424 10
427 425 10
427 426 10
427 427 10
427 430 10
427 431 10
427 433 10
427 434 10
427 435 10
427 436 10
427 443 10
427 445 10
427 449 10
427 450 10
427 453 10
427 478 10
427 479 10
427 480 10
427 481 10
427 483 10
427 487 10
427 491 10
427 493 10
427 494 10
427 495 10
427 496 10
427 511 10
427 513 10
427 517 10
427 519 10
427 523 10
427 528 10
427 529 10
427 535 10
427 541 10
427 542 10
427 545 10
427 546 10
427 548 10
427 549 10
427 551 10
427 559 10
427 563 10
427 566 10
427 567 10
427 569 10
427 571 10
427 575 10
427 582 10
427 584 10
427 585 10
427 589 10
427 591 10
427 593 10
427 594 10
427 597 10
427 599 10
427 600 10
427 603 10
427 606 10
427 607 10
427 609 10
427 612 10
427 614 10
427 637 10
427 639 10
427 641 10
427 643 10
427 646 10
427 647 10
427 659 10
427 663 10
427 666 10
427 675 10
427 676 10
427 680 10
427 682 10
427 684 10
427 686 10
427 687 10
427 689 10
427 703 10
427 704 10
427 709 10
427 710 10
427 711 10
427 712 10
427 713 10
427 714 10
427 716 10
427 719 10
427 722 10
427 723 10
428 306 10
428 316 10
428 320 10
428 322 10
428 324 10
428 325 10
428 326 10
428 327 10
428 328 10
428 330 10
428 337 10
428 344 10
428 345 10
428 346 10
428 347 10
428 348 10
428 350 10
428 353 10
428 360 10
428 365 10
428 366 10
428 367 10
428 368 10
428 369 10
428 372 10
428 376 10
428 381 10
428 382 10
428 384 10
428 385 10
428 387 10
428 388 10
428 392 10
428 396 10
428 398 10
428 399 10
428 400 10
428 401 10
428 402 10
428 403 10
428 408 10
428 410 10
428 412 10
428 413 10
428 422 10
428 425 10
428 428 10
428 435 10
428 441 10
428 447 10
428 449 10
428 450 10
428 452 10
428 456 10
428 465 10
428 466 10
428 473 10
428 475 10
428 476 10
428 477 10
428 486 10
428 487 10
428 488 10
428 489 10
428 490 10
428 491 10
428 492 10
428 493 10
428 494 10
428 498 10
428 499 10
428 501 10
428 508 10
428 510 10
428 511 10
428 513 10
428 514 10
428 515 10
428 519 10
428 529 10
428 533 10
428 534 10
428 537 10
428 539 10
428 546 10
428 547 10
428 548 10
428 552 10
428 556 10
428 561 10
428 562 10
428 565 10
428 568 10
428 573 10
428 574 10
428 578 10
428 583 10
428 585 10
428 588 10
428 591 10
428 592 10
428 593 10
428 594 10
428 599 10
428 600 10
428 602 10
428 604 10
428 607 10
428 608 10
428 610 10
428 613 10
428 628 10
428 641 10
428 643 10
428 645 10
428 647 10
428 660 10
428 663 10
428 667 10
428 673 10
428 675 10
428 676 10
428 679 10
428 682 10
428 685 10
428 686 10
428 689 10
428 690 10
428 705 10
428 711 10
428 716 10
428 717 10
428 718 10
428 719 10
428 720 10
428 723 10
428 724 10
428 725 10
428 726 10
428 728 10
428 733 10
429 290 10
429 294 10
429 295 10
429 303 10
429 309 10
429 311 10
429 316 10
429 324 10
429 326 10
429 335 10
429 337 10
429 340 10
429 341 10
429 343 10
429 346 10
429 348 10
429 349 10
429 351 10
429 354 10
429 363 10
429 364 10
429 367 10
429 368 10
429 369 10
429 372 10
429 375 10
429 377 10
429 379 10
429 382 10
429 383 10
429 384 10
429 386 10
429 395 10
429 398 10
429 401 10
429 402 10
429 403 10
429 405 10
429 408 10
429 411 10
429 413 10
429 414 10
429 422 10
429 423 10
429 424 10
429 436 10
429 437 10
429 439 10
429 441 10
429 443 10
429 444 10
429 451 10
429 465 10
429 468 10
429 470 10
429 471 10
429 476 10
429 478 10
429 484 10
429 485 10
429 486 10
429 487 10
429 490 10
429 491 10
429 496 10
429 497 10
429 498 10
429 499 10
429 500 10
429 501 10
429 503 10
429 505 10
429 506 10
429 507 10
429 509 10
429 515 10
429 516 10
429 519 10
429 520 10
429 521 10
429 523 10
429 526 10
429 527 10
429 528 10
429 529 10
429 559 10
429 563 10
429 567 10
429 569 10
429 571 10
429 574 10
429 576 10
429 583 10
429 584 10
429 585 10
429 586 10
429 587 10
429 588 10
429 590 10
429 594 10
429 595 10
429 596 10
429 597 10
429 600 10
429 601 10
429 602 10
429 603 10
429 611 10
429 613 10
429 615 10
429 627 10
429 628 10
429 629 10
429 630 10
429 633 10
429 636 10
429 637 10
429 642 10
429 650 10
429 657 10
429 663 10
429 667 10
429 671 10
429 675 10
429 676 10
429 677 10
429 680 10
429 683 10
429 685 10
429 686 10
429 687 10
429 690 10
429 693 10
429 705 10
429 710 10
429 711 10
429 716 10
429 717 10
429 719 10
429 720 10
429 721 10
429 722 10
429 725 10
429 729 10
429 733 10
429 734 10
429 735 10
430 288 10
430 293 10
430 297 10
430 301 10
430 308 10
430 309 10
430 312 10
430 316 10
430 319 10
430 320 10
430 321 10
430 322 10
430 324 10
430 325 10
430 326 10
430 336 10
430 337 10
430 339 10
430 345 10
430 346 10
430 347 10
430 349 10
430 352 10
430 355 10
430 357 10
430 364 10
430 366 10
430 369 10
430 372 10
430 375 10
430 377 10
430 378 10
430 379 10
430 380 10
430 381 10
430 382 10
430 386 10
430 387 10
430 395 10
430 396 10
430 397 10
430 398 10
430 399 10
430 401 10
430 402 10
430 403 10
430 411 10
430 414 10
430 417 10
430 424 10
430 426 10
430 427 10
430 433 10
430 434 10
430 437 10
430 438 10
430 439 10
430 446 10
430 451 10
430 454 10
430 457 10
430 463 10
430 466 10
430 467 10
430 470 10
430 475 10
430 476 10
430 479 10
430 484 10
430 486 10
430 488 10
430 490 10
430 493 10
430 495 10
430 496 10
430 498 10
430 499 10
430 500 10
430 501 10
430 502 10
430 508 10
430 510 10
430 511 10
430 512 10
430 516 10
430 518 10
430 519 10
430 522 10
430 524 10
430 526 10
430 537 10
430 538 10
430 553 10
430 562 10
430 569 10
430 572 10
430 573 10
430 578 10
430 586 10
430 587 10
430 589 10
430 592 10
430 593 10
430 594 10
430 596 10
430 600 10
430 605 10
430 606 10
430 607 10
430 608 10
430 609 10
430 612 10
430 621 10
430 624 10
430 626 10
430 628 10
430 629 10
430 633 10
430 636 10
430 639 10
430 640 10
430 643 10
430 647 10
430 648 10
430 653 10
430 657 10
430 663 10
430 664 10
430 665 10
430 669 10
430 671 10
430 672 10
430 673 10
430 674 10
430 677 10
430 679 10
430 681 10
430 682 10
430 683 10
430 684 10
430 686 10
430 688 10
430 693 10
430 707 10
430 716 10
430 721 10
430 723 10
430 724 10
430 726 10
430 736 10
430 737 10
431 289 10
431 291 10
431 296 10
431 308 10
431 309 10
431 321 10
431 323 10
431 325 10
431 331 10
431 343 10
431 345 10
431 347 10
431 357 10
431 361 10
431 364 10
431 367 10
431 368 10
431 374 10
431 375 10
431 376 10
431 379 10
431 380 10
431 381 10
431 392 10
431 393 10
431 395 10
431 396 10
431 397 10
431 399 10
431 400 10
431 401 10
431 405 10
431 406 10
431 410 10
431 415 10
431 416 10
431 418 10
431 419 10
431 421 10
431 423 10
431 425 10
431 434 10
431 436 10
431 437 10
431 438 10
431 439 10
431 440 10
431 441 10
431 442 10
431 444 10
431 445 10
431 451 10
431 452 10
431 454 10
431 456 10
431 460 10
431 464 10
431 465 10
431 466 10
431 467 10
431 468 10
431 469 10
431 470 10
431 471 10
431 472 10
431 475 10
431 477 10
431 479 10
431 482 10
431 484 10
431 486 10
431 487 10
431 488 10
431 490 10
431 492 10
431 493 10
431 494 10
431 496 10
431 497 10
431 498 10
431 499 10
431 500 10
431 501 10
431 502 10
431 509 10
431 510 10
431 518 10
431 520 10
431 521 10
431 524 10
431 526 10
431 535 10
431 538 10
431 540 10
431 562 10
431 567 10
431 568 10
431 570 10
431 571 10
431 576 10
431 583 10
431 584 10
431 585 10
431 586 10
431 587 10
431 588 10
431 589 10
431 592 10
431 593 10
431 594 10
431 609 10
431 611 10
431 618 10
431 623 10
431 625 10
431 626 10
431 627 10
431 634 10
431 637 10
431 639 10
431 642 10
431 644 10
431 650 10
431 655 10
431 657 10
431 662 10
431 667 10
431 669 10
431 672 10
431 673 10
431 674 10
431 675 10
431 676 10
431 677 10
431 679 10
431 680 10
431 681 10
431 682 10
431 687 10
431 688 10
431 689 10
431 692 10
431 694 10
431 709 10
431 710 10
431 715 10
431 720 10
431 721 10
431 722 10
431 725 10
431 732 10
432 291 10
432 304 10
432 309 10
432 315 10
432 316 10
432 317 10
432 323 10
432 324 10
432 325 10
432 326 10
432 327 10
432 344 10
432 346 10
432 347 10
432 348 10
432 349 10
432 350 10
432 351 10
432 354 10
432 365 10
432 369 10
432 370 10
432 374 10
432 376 10
432 379 10
432 380 10
432 381 10
432 382 10
432 387 10
432 392 10
432 395 10
432 396 10
432 397 10
432 398 10
432 399 10
432 401 10
432 404 10
432 408 10
432 409 10
432 411 10
432 414 10
432 415 10
432 417 10
432 424 10
432 426 10
432 428 10
432 429 10
432 435 10
432 438 10
432 439 10
432 440 10
432 441 10
432 443 10
432 444 10
432 446 10
432 449 10
432 451 10
432 452 10
432 453 10
432 456 10
432 457 10
432 458 10
432 463 10
432 464 10
432 465 10
432 466 10
432 468 10
432 469 10
432 470 10
432 471 10
432 477 10
432 479 10
432 480 10
432 482 10
432 484 10
432 485 10
432 486 10
432 487 10
432 488 10
432 492 10
432 494 10
432 495 10
432 496 10
432 498 10
432 499 10
432 500 10
432 502 10
432 507 10
432 509 10
432 512 10
432 517 10
432 537 10
432 547 10
432 564 10
432 566 10
432 568 10
432 571 10
432 572 10
432 575 10
432 577 10
432 585 10
432 586 10
432 587 10
432 588 10
432 589 10
432 590 10
432 591 10
432 592 10
432 593 10
432 594 10
432 595 10
432 597 10
432 607 10
432 627 10
432 629 10
432 630 10
432 633 10
432 635 10
432 638 10
432 641 10
432 648 10
432 650 10
432 652 10
432 653 10
432 654 10
432 655 10
432 657 10
432 658 10
432 667 10
432 669 10
432 670 10
432 671 10
432 672 10
432 673 10
432 676 10
432 677 10
432 678 10
432 679 10
432 687 10
432 689 10
432 691 10
432 694 10
432 699 10
432 716 10
432 717 10
432 718 10
432 721 10
432 722 10
432 723 10
432 726 10
432 728 10
432 730 10
432 731 10
433 290 10
433 293 10
433 308 10
433 314 10
433 320 10
433 322 10
433 325 10
433 329 10
433 331 10
433 333 10
433 334 10
433 337 10
433 338 10
433 339 10
433 343 10
433 344 10
433 346 10
433 347 10
433 348 10
433 366 10
433 369 10
433 371 10
433 372 10
433 374 10
433 379 10
433 380 10
433 387 10
433 390 10
433 392 10
433 394 10
433 395 10
433 396 10
433 399 10
433 400 10
433 405 10
433 406 10
433 407 10
433 409 10
433 411 10
433 413 10
433 415 10
433 417 10
433 418 10
433 420 10
433 421 10
433 425 10
433 427 10
433 428 10
433 429 10
433 431 10
433 432 10
433 435 10
433 436 10
433 437 10
433 438 10
433 439 10
433 440 10
433 442 10
433 443 10
433 444 10
433 451 10
433 452 10
433 453 10
433 454 10
433 455 10
433 456 10
433 459 10
433 460 10
433 461 10
433 462 10
433 463 10
433 466 10
433 467 10
433 468 10
433 469 10
433 470 10
433 471 10
433 473 10
433 474 10
433 476 10
433 478 10
433 479 10
433 480 10
433 483 10
433 484 10
433 485 10
433 489 10
433 490 10
433 493 10
433 494 10
433 495 10
433 496 10
433 498 10
433 499 10
433 500 10
433 501 10
433 502 10
433 503 10
433 504 10
433 507 10
433 508 10
433 509 10
433 510 10
433 513 10
433 518 10
433 519 10
433 522 10
433 534 10
433 537 10
433 545 10
433 553 10
433 555 10
433 567 10
433 570 10
433 576 10
433 577 10
433 579 10
433 581 10
433 582 10
433 584 10
433 588 10
433 589 10
433 591 10
433 592 10
433 594 10
433 595 10
433 600 10
433 617 10
433 621 10
433 624 10
433 625 10
433 628 10
433 636 10
433 639 10
433 643 10
433 644 10
433 646 10
433 647 10
433 652 10
433 653 10
433 656 10
433 661 10
433 662 10
433 667 10
433 669 10
433 671 10
433 673 10
433 674 10
433 675 10
433 679 10
433 682 10
433 683 10
433 684 10
433 685 10
433 687 10
433 690 10
433 691 10
433 692 10
433 693 10
433 699 10
433 706 10
433 711 10
433 716 10
433 719 10
433 723 10
433 733 10
434 291 10
434 313 10
434 318 10
434 322 10
434 325 10
434 326 10
434 327 10
434 328 10
434 329 10
434 345 10
434 346 10
434 349 10
434 353 10
434 358 10
434 366 10
434 374 10
434 377 10
434 379 10
434 380 10
434 387 10
434 390 10
434 391 10
434 392 10
434 394 10
434 395 10
434 396 10
434 397 10
434 399 10
434 402 10
434 404 10
434 408 10
434 414 10
434 415 10
434 416 10
434 417 10
434 418 10
434 423 10
434 424 10
434 425 10
434 426 10
434 427 10
434 428 10
434 429 10
434 431 10
434 432 10
434 434 10
434 440 10
434 441 10
434 442 10
434 444 10
434 445 10
434 446 10
434 447 10
434 449 10
434 451 10
434 454 10
434 465 10
434 466 10
434 467 10
434 468 10
434 469 10
434 475 10
434 476 10
434 477 10
434 478 10
434 479 10
434 480 10
434 482 10
434 483 10
434 486 10
434 488 10
434 489 10
434 490 10
434 491 10
434 492 10
434 494 10
434 496 10
434 498 10
434 500 10
434 502 10
434 503 10
434 505 10
434 506 10
434 509 10
434 510 10
434 517 10
434 518 10
434 523 10
434 534 10
434 535 10
434 536 10
434 541 10
434 553 10
434 558 10
434 559 10
434 564 10
434 568 10
434 569 10
434 570 10
434 574 10
434 575 10
434 576 10
434 579 10
434 583 10
434 588 10
434 590 10
434 591 10
434 601 10
434 604 10
434 610 10
434 612 10
434 617 10
434 623 10
434 633 10
434 638 10
434 643 10
434 644 10
434 645 10
434 648 10
434 649 10
434 656 10
434 668 10
434 679 10
434 682 10
434 684 10
434 690 10
434 697 10
434 706 10
434 716 10
434 720 10
434 722 10
434 725 10
434 726 10
434 730 10
434 732 10
435 302 10
435 307 10
435 311 10
435 315 10
435 318 10
435 330 10
435 334 10
435 335 10
435 338 10
435 340 10
435 342 10
435 346 10
435 355 10
435 359 10
435 363 10
435 371 10
435 372 10
435 376 10
435 379 10
435 386 10
435 388 10
435 391 10
435 392 10
435 397 10
435 399 10
435 400 10
435 401 10
435 402 10
435 404 10
435 405 10
435 406 10
435 407 10
435 410 10
435 414 10
435 415 10
435 416 10
435 417 10
435 418 10
435 419 10
435 424 10
435 426 10
435 427 10
435 428 10
435 429 10
435 430 10
435 432 10
435 433 10
435 434 10
435 435 10
435 436 10
435 437 10
435 438 10
435 439 10
435 440 10
435 441 10
435 443 10
435 444 10
435 447 10
435 448 10
435 453 10
435 459 10
435 460 10
435 461 10
435 463 10
435 464 10
435 466 10
435 468 10
435 469 10
435 470 10
435 471 10
435 474 10
435 475 10
435 477 10
435 478 10
435 484 10
435 485 10
435 486 10
435 493 10
435 495 10
435 498 10
435 499 10
435 500 10
435 501 10
435 502 10
435 503 10
435 505 10
435 506 10
435 507 10
435 509 10
435 511 10
435 513 10
435 514 10
435 518 10
435 519 10
435 520 10
435 537 10
435 538 10
435 540 10
435 543 10
435 547 10
435 564 10
435 565 10
435 566 10
435 568 10
435 571 10
435 572 10
435 576 10
435 577 10
435 578 10
435 579 10
435 580 10
435 582 10
435 585 10
435 587 10
435 588 10
435 590 10
435 592 10
435 594 10
435 607 10
435 617 10
435 623 10
435 625 10
435 628 10
435 631 10
435 633 10
435 640 10
435 644 10
435 645 10
435 648 10
435 649 10
435 650 10
435 651 10
435 652 10
435 654 10
435 656 10
435 659 10
435 670 10
435 677 10
435 682 10
435 683 10
435 684 10
435 686 10
435 689 10
435 690 10
435 693 10
435 695 10
435 697 10
435 708 10
435 713 10
435 714 10
435 718 10
435 719 10
435 726 10
435 727 10
435 728 10
435 729 10
435 730 10
435 731 10
436 304 10
436 309 10
436 330 10
436 337 10
436 338 10
436 339 10
436 342 10
436 346 10
436 350 10
436 353 10
436 364 10
436 368 10
436 369 10
436 377 10
436 378 10
436 386 10
436 387 10
436 389 10
436 391 10
436 395 10
436 396 10
436 397 10
436 398 10
436 399 10
436 400 10
436 404 10
436 405 10
436 406 10
436 408 10
436 411 10
436 415 10
436 416 10
436 419 10
436 421 10
436 422 10
436 423 10
436 424 10
436 426 10
436 427 10
436 428 10
436 429 10
436 430 10
436 431 10
436 432 10
436 434 10
436 436 10
436 437 10
436 438 10
436 440 10
436 441 10
436 442 10
436 445 10
436 446 10
436 447 10
436 448 10
436 449 10
436 453 10
436 455 10
436 458 10
436 460 10
436 461 10
436 462 10
436 465 10
436 466 10
436 468 10
436 469 10
436 471 10
436 474 10
436 475 10
436 478 10
436 479 10
436 481 10
436 482 10
436 483 10
436 486 10
436 487 10
436 491 10
436 495 10
436 496 10
436 499 10
436 502 10
436 503 10
436 504 10
436 512 10
436 516 10
436 519 10
436 521 10
436 522 10
436 534 10
436 536 10
436 540 10
436 541 10
436 542 10
436 543 10
436 544 10
436 547 10
436 558 10
436 566 10
436 569 10
436 570 10
436 572 10
436 573 10
436 574 10
436 576 10
436 578 10
436 581 10
436 587 10
436 589 10
436 591 10
436 593 10
436 595 10
436 597 10
436 598 10
436 599 10
436 608 10
436 613 10
436 614 10
436 625 10
436 629 10
436 630 10
436 639 10
436 640 10
436 643 10
436 644 10
436 645 10
436 647 10
436 648 10
436 649 10
436 650 10
436 651 10
436 653 10
436 654 10
436 659 10
436 660 10
436 661 10
436 663 10
436 681 10
436 691 10
436 692 10
436 693 10
436 694 10
436 696 10
436 697 10
436 699 10
436 704 10
436 705 10
436 707 10
436 714 10
436 718 10
436 720 10
436 721 10
436 724 10
436 725 10
436 728 10
436 731 10
436 732 10
437 309 10
437 311 10
437 314 10
437 317 10
437 333 10
437 340 10
437 341 10
437 342 10
437 344 10
437 346 10
437 349 10
437 355 10
437 356 10
437 362 10
437 363 10
437 366 10
437 369 10
437 371 10
437 375 10
437 376 10
437 378 10
437 380 10
437 383 10
437 386 10
437 390 10
437 391 10
437 392 10
437 393 10
437 395 10
437 397 10
437 399 10
437 400 10
437 401 10
437 402 10
437 403 10
437 404 10
437 406 10
437 407 10
437 408 10
437 412 10
437 413 10
437 414 10
437 415 10
437 416 10
437 418 10
437 420 10
437 421 10
437 425 10
437 426 10
437 428 10
437 429 10
437 430 10
437 431 10
437 432 10
437 433 10
437 435 10
437 436 10
437 437 10
437 438 10
437 439 10
437 445 10
437 446 10
437 447 10
437 448 10
437 449 10
437 450 10
437 457 10
437 461 10
437 464 10
437 466 10
437 467 10
437 469 10
437 470 10
437 472 10
437 476 10
437 478 10
437 480 10
437 481 10
437 482 10
437 485 10
437 493 10
437 494 10
437 498 10
437 500 10
437 502 10
437 505 10
437 507 10
437 510 10
437 513 10
437 514 10
437 541 10
437 542 10
437 543 10
437 544 10
437 549 10
437 566 10
437 568 10
437 573 10
437 575 10
437 576 10
437 578 10
437 580 10
437 582 10
437 583 10
437 588 10
437 591 10
437 592 10
437 593 10
437 595 10
437 605 10
437 607 10
437 611 10
437 613 10
437 617 10
437 620 10
437 629 10
437 632 10
437 633 10
437 634 10
437 643 10
437 644 10
437 645 10
437 646 10
437 655 10
437 656 10
437 658 10
437 659 10
437 663 10
437 669 10
437 679 10
437 682 10
437 688 10
437 689 10
437 690 10
437 691 10
437 692 10
437 693 10
437 695 10
437 698 10
437 700 10
437 701 10
437 702 10
437 704 10
437 705 10
437 707 10
437 712 10
437 715 10
437 722 10
437 724 10
437 728 10
437 729 10
437 730 10
437 731 10
438 306 10
438 307 10
438 309 10
438 310 10
438 312 10
438 314 10
438 325 10
438 327 10
438 330 10
438 332 10
438 333 10
438 335 10
438 338 10
438 341 10
438 345 10
438 351 10
438 358 10
438 360 10
438 364 10
438 372 10
438 378 10
438 380 10
438 382 10
438 387 10
438 388 10
438 389 10
438 394 10
438 396 10
438 397 10
438 398 10
438 399 10
438 400 10
438 401 10
438 402 10
438 404 10
438 405 10
438 406 10
438 409 10
438 410 10
438 411 10
438 415 10
438 419 10
438 420 10
438 421 10
438 422 10
438 425 10
438 426 10
438 427 10
438 428 10
438 429 10
438 430 10
438 431 10
438 432 10
438 435 10
438 436 10
438 437 10
438 438 10
438 439 10
438 440 10
438 441 10
438 442 10
438 444 10
438 445 10
438 446 10
438 448 10
438 449 10
438 452 10
438 453 10
438 455 10
438 457 10
438 465 10
438 466 10
438 467 10
438 468 10
438 469 10
438 472 10
438 474 10
438 475 10
438 476 10
438 477 10
438 478 10
438 479 10
438 480 10
438 481 10
438 482 10
438 483 10
438 484 10
438 485 10
438 487 10
438 489 10
438 491 10
438 492 10
438 493 10
438 497 10
438 501 10
438 502 10
438 505 10
438 509 10
438 510 10
438 517 10
438 520 10
438 534 10
438 541 10
438 543 10
438 544 10
438 546 10
438 557 10
438 564 10
438 565 10
438 569 10
438 573 10
438 574 10
438 578 10
438 580 10
438 581 10
438 582 10
438 583 10
438 589 10
438 592 10
438 594 10
438 596 10
438 597 10
438 599 10
438 603 10
438 605 10
438 607 10
438 609 10
438 611 10
438 625 10
438 626 10
438 628 10
438 629 10
438 634 10
438 635 10
438 636 10
438 638 10
438 639 10
438 642 10
438 644 10
438 645 10
438 646 10
438 647 10
438 649 10
438 650 10
438 651 10
438 656 10
438 670 10
438 678 10
438 681 10
438 686 10
438 687 10
438 688 10
438 691 10
438 692 10
438 693 10
438 694 10
438 704 10
438 707 10
438 709 10
438 712 10
438 714 10
438 716 10
438 718 10
438 719 10
438 720 10
438 729 10
438 731 10
439 302 10
439 306 10
439 310 10
439 311 10
439 312 10
439 313 10
439 315 10
439 331 10
439 334 10
439 335 10
439 341 10
439 343 10
439 346 10
439 347 10
439 350 10
439 358 10
439 360 10
439 362 10
439 363 10
439 364 10
439 376 10
439 378 10
439 392 10
439 393 10
439 396 10
439 400 10
439 401 10
439 402 10
439 403 10
439 405 10
439 406 10
439 408 10
439 409 10
439 411 10
439 412 10
439 413 10
439 417 10
439 418 10
439 419 10
439 420 10
439 421 10
439 422 10
439 423 10
439 424 10
439 426 10
439 427 10
439 428 10
439 429 10
439 430 10
439 431 10
439 432 10
439 433 10
439 434 10
439 435 10
439 436 10
439 437 10
439 438 10
439 439 10
439 440 10
439 441 10
439 442 10
439 446 10
439 447 10
439 448 10
439 449 10
439 450 10
439 451 10
439 455 10
439 456 10
439 459 10
439 462 10
439 466 10
439 471 10
439 472 10
439 473 10
439 474 10
439 475 10
439 477 10
439 478 10
439 479 10
439 480 10
439 481 10
439 487 10
439 490 10
439 494 10
439 495 10
439 497 10
439 500 10
439 501 10
439 503 10
439 504 10
439 506 10
439 508 10
439 513 10
439 516 10
439 539 10
439 540 10
439 543 10
439 550 10
439 555 10
439 566 10
439 576 10
439 584 10
439 586 10
439 589 10
439 594 10
439 597 10
439 602 10
439 606 10
439 607 10
439 608 10
439 611 10
439 618 10
439 620 10
439 625 10
439 627 10
439 631 10
439 632 10
439 633 10
439 638 10
439 642 10
439 643 10
439 648 10
439 672 10
439 680 10
439 686 10
439 687 10
439 689 10
439 691 10
439 693 10
439 694 10
439 695 10
439 696 10
439 697 10
439 698 10
439 699 10
439 701 10
439 702 10
439 703 10
439 704 10
439 705 10
439 709 10
439 710 10
439 714 10
439 718 10
439 728 10
440 303 10
440 305 10
440 307 10
440 308 10
440 309 10
440 310 10
440 311 10
440 324 10
440 325 10
440 326 10
440 327 10
440 334 10
440 341 10
440 343 10
440 347 10
440 348 10
440 349 10
440 351 10
440 352 10
440 353 10
440 365 10
440 366 10
440 367 10
440 370 10
440 371 10
440 374 10
440 376 10
440 383 10
440 390 10
440 391 10
440 392 10
440 397 10
440 398 10
440 399 10
440 400 10
440 401 10
440 402 10
440 403 10
440 405 10
440 406 10
440 408 10
440 409 10
440 410 10
440 418 10
440 419 10
440 420 10
440 422 10
440 423 10
440 424 10
440 425 10
440 426 10
440 427 10
440 428 10
440 429 10
440 430 10
440 431 10
440 432 10
440 433 10
440 434 10
440 435 10
440 436 10
440 438 10
440 439 10
440 440 10
440 441 10
440 444 10
440 445 10
440 446 10
440 448 10
440 449 10
440 450 10
440 451 10
440 454 10
440 463 10
440 464 10
440 466 10
440 467 10
440 468 10
440 469 10
440 472 10
440 473 10
440 474 10
440 475 10
440 476 10
440 477 10
440 478 10
440 479 10
440 480 10
440 481 10
440 482 10
440 483 10
440 484 10
440 485 10
440 486 10
440 488 10
440 489 10
440 491 10
440 492 10
440 493 10
440 497 10
440 498 10
440 503 10
440 506 10
440 507 10
440 508 10
440 509 10
440 511 10
440 513 10
440 516 10
440 520 10
440 523 10
440 543 10
440 544 10
440 556 10
440 557 10
440 558 10
440 567 10
440 568 10
440 569 10
440 571 10
440 578 10
440 580 10
440 583 10
440 587 10
440 593 10
440 595 10
440 598 10
440 603 10
440 605 10
440 607 10
440 628 10
440 630 10
440 632 10
440 634 10
440 635 10
440 636 10
440 639 10
440 644 10
440 645 10
440 647 10
440 652 10
440 653 10
440 654 10
440 655 10
440 677 10
440 678 10
440 680 10
440 683 10
440 686 10
440 689 10
440 691 10
440 693 10
440 694 10
440 695 10
440 696 10
440 699 10
440 706 10
440 707 10
440 708 10
440 711 10
440 714 10
440 733 10
441 272 10
441 302 10
441 303 10
441 305 10
441 306 10
441 310 10
441 313 10
441 315 10
441 317 10
441 318 10
441 319 10
441 325 10
441 326 10
441 327 10
441 339 10
441 341 10
441 343 10
441 351 10
441 359 10
441 363 10
441 364 10
441 367 10
441 368 10
441 370 10
441 372 10
441 374 10
441 376 10
441 381 10
441 385 10
441 393 10
441 394 10
441 395 10
441 397 10
441 399 10
441 400 10
441 402 10
441 407 10
441 410 10
441 411 10
441 412 10
441 413 10
441 415 10
441 416 10
441 417 10
441 420 10
441 422 10
441 423 10
441 424 10
441 426 10
441 428 10
441 429 10
441 430 10
441 432 10
441 433 10
441 434 10
441 435 10
441 436 10
441 437 10
441 438 10
441 439 10
441 441 10
441 444 10
441 446 10
441 447 10
441 448 10
441 449 10
441 452 10
441 453 10
441 457 10
441 458 10
441 459 10
441 464 10
441 465 10
441 466 10
441 468 10
441 469 10
441 471 10
441 473 10
441 474 10
441 475 10
441 476 10
441 478 10
441 479 10
441 482 10
441 483 10
441 487 10
441 489 10
441 490 10
441 492 10
441 493 10
441 495 10
441 496 10
441 499 10
441 502 10
441 503 10
441 504 10
441 510 10
441 511 10
441 517 10
441 542 10
441 545 10
441 566 10
441 572 10
441 578 10
441 579 10
441 583 10
441 586 10
441 589 10
441 590 10
441 596 10
441 598 10
441 599 10
441 600 10
441 603 10
441 604 10
441 605 10
441 610 10
441 613 10
441 628 10
441 629 10
441 631 10
441 634 10
441 635 10
441 637 10
441 639 10
441 645 10
441 648 10
441 652 10
441 653 10
441 665 10
441 681 10
441 682 10
441 683 10
441 684 10
441 685 10
441 686 10
441 687 10
441 688 10
441 690 10
441 691 10
441 692 10
441 693 10
441 695 10
441 697 10
441 699 10
441 705 10
441 707 10
441 717 10
441 735 10
442 272 10
442 274 10
442 305 10
442 308 10
442 310 10
442 311 10
442 313 10
442 315 10
442 319 10
442 324 10
442 325 10
442 326 10
442 329 10
442 330 10
442 336 10
442 341 10
442 342 10
442 343 10
442 345 10
442 349 10
442 350 10
442 352 10
442 353 10
442 357 10
442 358 10
442 360 10
442 361 10
442 365 10
442 369 10
442 372 10
442 376 10
442 377 10
442 378 10
442 380 10
442 381 10
442 384 10
442 385 10
442 393 10
442 395 10
442 397 10
442 399 10
442 402 10
442 404 10
442 405 10
442 408 10
442 409 10
442 410 10
442 413 10
442 414 10
442 418 10
442 420 10
442 423 10
442 424 10
442 425 10
442 426 10
442 428 10
442 430 10
442 431 10
442 432 10
442 433 10
442 434 10
442 435 10
442 436 10
442 438 10
442 439 10
442 440 10
442 441 10
442 442 10
442 443 10
442 444 10
442 445 10
442 446 10
442 447 10
442 448 10
442 449 10
442 450 10
442 452 10
442 453 10
442 455 10
442 456 10
442 457 10
442 458 10
442 460 10
442 461 10
442 462 10
442 467 10
442 468 10
442 470 10
442 472 10
442 473 10
442 474 10
442 475 10
442 476 10
442 478 10
442 480 10
442 481 10
442 482 10
442 483 10
442 484 10
442 485 10
442 489 10
442 491 10
442 493 10
442 494 10
442 495 10
442 497 10
442 500 10
442 501 10
442 503 10
442 507 10
442 508 10
442 509 10
442 510 10
442 511 10
442 513 10
442 516 10
442 517 10
442 520 10
442 542 10
442 545 10
442 546 10
442 547 10
442 552 10
442 561 10
442 577 10
442 579 10
442 580 10
442 581 10
442 582 10
442 583 10
442 585 10
442 587 10
442 590 10
442 593 10
442 594 10
442 597 10
442 599 10
442 600 10
442 604 10
442 616 10
442 622 10
442 627 10
442 641 10
442 642 10
442 643 10
442 645 10
442 646 10
442 648 10
442 653 10
442 655 10
442 663 10
442 666 10
442 671 10
442 677 10
442 678 10
442 687 10
442 688 10
442 692 10
442 693 10
442 694 10
442 696 10
442 699 10
442 701 10
442 705 10
442 708 10
442 710 10
442 713 10
442 717 10
442 718 10
442 735 10
443 305 10
443 306 10
443 307 10
443 308 10
443 314 10
443 315 10
443 316 10
443 327 10
443 328 10
443 339 10
443 340 10
443 341 10
443 343 10
443 346 10
443 347 10
443 350 10
443 358 10
443 360 10
443 365 10
443 367 10
443 368 10
443 372 10
443 374 10
443 382 10
443 392 10
443 395 10
443 396 10
443 398 10
443 399 10
443 401 10
443 404 10
443 406 10
443 407 10
443 410 10
443 411 10
443 412 10
443 413 10
443 414 10
443 415 10
443 416 10
443 417 10
443 424 10
443 428 10
443 429 10
443 430 10
443 431 10
443 432 10
443 433 10
443 434 10
443 436 10
443 438 10
443 439 10
443 441 10
443 442 10
443 443 10
443 444 10
443 446 10
443 447 10
443 448 10
443 449 10
443 450 10
443 451 10
443 452 10
443 453 10
443 455 10
443 456 10
443 462 10
443 466 10
443 467 10
443 468 10
443 470 10
443 472 10
443 473 10
443 474 10
443 475 10
443 476 10
443 477 10
443 478 10
443 479 10
443 481 10
443 482 10
443 484 10
443 487 10
443 489 10
443 491 10
443 494 10
443 496 10
443 497 10
443 498 10
443 499 10
443 505 10
443 506 10
443 509 10
443 513 10
443 519 10
443 523 10
443 544 10
443 546 10
443 547 10
443 549 10
443 552 10
443 566 10
443 568 10
443 576 10
443 579 10
443 583 10
443 588 10
443 589 10
443 591 10
443 592 10
443 593 10
443 595 10
443 596 10
443 597 10
443 598 10
443 602 10
443 603 10
443 605 10
443 617 10
443 622 10
443 623 10
443 628 10
443 633 10
443 634 10
443 638 10
443 639 10
443 641 10
443 644 10
443 645 10
443 648 10
443 650 10
443 651 10
443 652 10
443 661 10
443 681 10
443 682 10
443 686 10
443 687 10
443 688 10
443 691 10
443 692 10
443 693 10
443 695 10
443 696 10
443 697 10
443 698 10
443 699 10
443 700 10
443 708 10
443 712 10
443 715 10
443 717 10
443 722 10
443 734 10
443 735 10
443 737 10
444 274 10
444 304 10
444 305 10
444 306 10
444 308 10
444 309 10
444 310 10
444 311 10
444 312 10
444 323 10
444 324 10
444 325 10
444 326 10
444 328 10
444 336 10
444 342 10
444 343 10
444 346 10
444 347 10
444 348 10
444 349 10
444 351 10
444 356 10
444 359 10
444 363 10
444 367 10
444 368 10
444 369 10
444 370 10
444 372 10
444 373 10
444 374 10
444 390 10
444 392 10
444 396 10
444 401 10
444 402 10
444 403 10
444 404 10
444 405 10
444 406 10
444 408 10
444 411 10
444 412 10
444 413 10
444 414 10
444 415 10
444 418 10
444 419 10
444 421 10
444 423 10
444 426 10
444 427 10
444 429 10
444 430 10
444 431 10
444 432 10
444 433 10
444 434 10
444 435 10
444 436 10
444 437 10
444 438 10
444 442 10
444 443 10
444 444 10
444 445 10
444 448 10
444 450 10
444 453 10
444 455 10
444 456 10
444 460 10
444 467 10
444 468 10
444 472 10
444 475 10
444 476 10
444 477 10
444 480 10
444 482 10
444 483 10
444 488 10
444 490 10
444 500 10
444 501 10
444 502 10
444 503 10
444 504 10
444 505 10
444 507 10
444 508 10
444 511 10
444 515 10
444 520 10
444 545 10
444 549 10
444 551 10
444 552 10
444 562 10
444 563 10
444 576 10
444 578 10
444 583 10
444 587 10
444 588 10
444 591 10
444 592 10
444 593 10
444 594 10
444 595 10
444 596 10
444 599 10
444 600 10
444 605 10
444 623 10
444 627 10
444 628 10
444 630 10
444 632 10
444 638 10
444 639 10
444 640 10
444 641 10
444 642 10
444 648 10
444 650 10
444 659 10
444 662 10
444 663 10
444 665 10
444 668 10
444 678 10
444 681 10
444 682 10
444 683 10
444 684 10
444 686 10
444 688 10
444 689 10
444 691 10
444 698 10
444 699 10
444 701 10
444 706 10
444 709 10
444 713 10
444 714 10
444 715 10
444 718 10
444 720 10
445 304 10
445 306 10
445 307 10
445 309 10
445 310 10
445 320 10
445 321 10
445 325 10
445 326 10
445 327 10
445 339 10
445 343 10
445 345 10
445 348 10
445 350 10
445 351 10
445 353 10
445 358 10
445 359 10
445 363 10
445 368 10
445 372 10
445 373 10
445 374 10
445 392 10
445 394 10
445 397 10
445 398 10
445 399 10
445 400 10
445 401 10
445 402 10
445 403 10
445 409 10
445 411 10
445 412 10
445 414 10
445 416 10
445 422 10
445 424 10
445 427 10
445 428 10
445 429 10
445 432 10
445 433 10
445 434 10
445 435 10
445 436 10
445 439 10
445 441 10
445 450 10
445 452 10
445 453 10
445 454 10
445 459 10
445 460 10
445 466 10
445 468 10
445 471 10
445 474 10
445 475 10
445 476 10
445 477 10
445 479 10
445 480 10
445 481 10
445 487 10
445 489 10
445 490 10
445 493 10
445 496 10
445 502 10
445 505 10
445 506 10
445 507 10
445 510 10
445 512 10
445 513 10
445 514 10
445 518 10
445 520 10
445 523 10
445 541 10
445 575 10
445 579 10
445 581 10
445 584 10
445 591 10
445 594 10
445 595 10
445 597 10
445 599 10
445 601 10
445 602 10
445 625 10
445 627 10
445 628 10
445 629 10
445 630 10
445 631 10
445 632 10
445 633 10
445 634 10
445 635 10
445 638 10
445 643 10
445 644 10
445 646 10
445 649 10
445 650 10
445 651 10
445 652 10
445 659 10
445 661 10
445 662 10
445 666 10
445 683 10
445 685 10
445 687 10
445 688 10
445 691 10
445 693 10
445 697 10
445 700 10
445 701 10
445 703 10
445 704 10
445 706 10
445 707 10
445 709 10
445 716 10
445 717 10
445 719 10
446 305 10
446 306 10
446 307 10
446 308 10
446 309 10
446 316 10
446 324 10
446 329 10
446 331 10
446 332 10
446 341 10
446 342 10
446 344 10
446 345 10
446 347 10
446 348 10
446 349 10
446 350 10
446 352 10
446 353 10
446 355 10
446 362 10
446 363 10
446 364 10
446 369 10
446 370 10
446 373 10
446 381 10
446 394 10
446 395 10
446 397 10
446 399 10
446 402 10
446 403 10
446 405 10
446 406 10
446 409 10
446 410 10
446 411 10
446 414 10
446 416 10
446 419 10
446 423 10
446 424 10
446 426 10
446 427 10
446 428 10
446 430 10
446 431 10
446 432 10
446 433 10
446 434 10
446 435 10
446 437 10
446 438 10
446 439 10
446 441 10
446 442 10
446 444 10
446 445 10
446 448 10
446 450 10
446 455 10
446 456 10
446 465 10
446 467 10
446 468 10
446 469 10
446 470 10
446 471 10
446 472 10
446 473 10
446 476 10
446 480 10
446 484 10
446 488 10
446 489 10
446 491 10
446 492 10
446 493 10
446 494 10
446 495 10
446 496 10
446 501 10
446 505 10
446 507 10
446 508 10
446 509 10
446 510 10
446 512 10
446 515 10
446 518 10
446 521 10
446 526 10
446 529 10
446 534 10
446 540 10
446 546 10
446 547 10
446 551 10
446 564 10
446 579 10
446 581 10
446 584 10
446 586 10
446 587 10
446 591 10
446 592 10
446 593 10
446 594 10
446 595 10
446 596 10
446 597 10
446 599 10
446 600 10
446 602 10
446 603 10
446 607 10
446 611 10
446 613 10
446 620 10
446 621 10
446 624 10
446 627 10
446 629 10
446 630 10
446 631 10
446 632 10
446 633 10
446 635 10
446 646 10
446 650 10
446 659 10
446 661 10
446 662 10
446 664 10
446 665 10
446 667 10
446 668 10
446 683 10
446 685 10
446 687 10
446 691 10
446 693 10
446 694 10
446 695 10
446 696 10
446 697 10
446 698 10
446 701 10
446 702 10
446 707 10
446 710 10
446 711 10
446 717 10
446 721 10
447 289 10
447 306 10
447 307 10
447 309 10
447 312 10
447 316 10
447 317 10
447 318 10
447 321 10
447 323 10
447 329 10
447 331 10
447 338 10
447 341 10
447 342 10
447 343 10
447 345 10
447 347 10
447 348 10
447 350 10
447 352 10
447 358 10
447 364 10
447 365 10
447 368 10
447 370 10
447 376 10
447 391 10
447 392 10
447 393 10
447 394 10
447 395 10
447 397 10
447 398 10
447 399 10
447 400 10
447 401 10
447 402 10
447 403 10
447 404 10
447 408 10
447 409 10
447 410 10
447 411 10
447 412 10
447 413 10
447 414 10
447 415 10
447 416 10
447 417 10
447 418 10
447 421 10
447 422 10
447 424 10
447 425 10
447 426 10
447 427 10
447 430 10
447 431 10
447 432 10
447 435 10
447 437 10
447 443 10
447 445 10
447 448 10
447 450 10
447 451 10
447 452 10
447 454 10
447 456 10
447 458 10
447 459 10
447 460 10
447 464 10
447 468 10
447 469 10
447 470 10
447 473 10
447 474 10
447 476 10
447 478 10
447 479 10
447 481 10
447 482 10
447 488 10
447 494 10
447 498 10
447 501 10
447 503 10
447 504 10
447 505 10
447 509 10
447 511 10
447 515 10
447 520 10
447 524 10
447 528 10
447 529 10
447 538 10
447 564 10
447 576 10
447 578 10
447 579 10
447 581 10
447 582 10
447 583 10
447 584 10
447 585 10
447 586 10
447 589 10
447 591 10
447 592 10
447 593 10
447 594 10
447 595 10
447 596 10
447 597 10
447 598 10
447 599 10
447 600 10
447 601 10
447 602 10
447 610 10
447 612 10
447 620 10
447 626 10
447 627 10
447 628 10
447 629 10
447 630 10
447 631 10
447 632 10
447 635 10
447 636 10
447 643 10
447 650 10
447 659 10
447 660 10
447 663 10
447 665 10
447 667 10
447 671 10
447 676 10
447 681 10
447 684 10
447 685 10
447 686 10
447 688 10
447 691 10
447 702 10
447 704 10
447 710 10
447 711 10
447 712 10
448 308 10
448 309 10
448 310 10
448 312 10
448 322 10
448 323 10
448 325 10
448 326 10
448 327 10
448 330 10
448 331 10
448 336 10
448 340 10
448 343 10
448 344 10
448 345 10
448 346 10
448 348 10
448 351 10
448 353 10
448 356 10
448 366 10
448 374 10
448 376 10
448 379 10
448 380 10
448 381 10
448 392 10
448 393 10
448 394 10
448 397 10
448 398 10
448 401 10
448 403 10
448 405 10
448 411 10
448 414 10
448 416 10
448 417 10
448 420 10
448 422 10
448 423 10
448 424 10
448 429 10
448 432 10
448 434 10
448 437 10
448 440 10
448 441 10
448 442 10
448 444 10
448 448 10
448 451 10
448 456 10
448 459 10
448 467 10
448 468 10
448 470 10
448 472 10
448 475 10
448 476 10
448 478 10
448 479 10
448 482 10
448 489 10
448 490 10
448 492 10
448 493 10
448 494 10
448 495 10
448 499 10
448 502 10
448 506 10
448 507 10
448 509 10
448 511 10
448 512 10
448 513 10
448 514 10
448 515 10
448 517 10
448 520 10
448 528 10
448 530 10
448 532 10
448 533 10
448 541 10
448 546 10
448 547 10
448 548 10
448 562 10
448 563 10
448 565 10
448 575 10
448 585 10
448 586 10
448 587 10
448 588 10
448 590 10
448 593 10
448 594 10
448 595 10
448 596 10
448 598 10
448 602 10
448 608 10
448 609 10
448 610 10
448 612 10
448 617 10
448 622 10
448 624 10
448 625 10
448 626 10
448 628 10
448 629 10
448 630 10
448 631 10
448 632 10
448 636 10
448 648 10
448 650 10
448 658 10
448 660 10
448 661 10
448 673 10
448 675 10
448 676 10
448 680 10
448 683 10
448 685 10
448 686 10
448 688 10
448 690 10
448 693 10
448 694 10
448 696 10
448 698 10
448 702 10
448 704 10
448 705 10
448 706 10
448 708 10
448 709 10
448 710 10
449 300 10
449 307 10
449 310 10
449 311 10
449 313 10
449 314 10
449 315 10
449 316 10
449 317 10
449 319 10
449 322 10
449 323 10
449 324 10
449 325 10
449 328 10
449 329 10
449 330 10
449 331 10
449 336 10
449 338 10
449 340 10
449 342 10
449 343 10
449 344 10
449 345 10
449 351 10
449 352 10
449 356 10
449 373 10
449 375 10
449 377 10
449 383 10
449 388 10
449 393 10
449 394 10
449 396 10
449 398 10
449 402 10
449 403 10
449 405 10
449 407 10
449 409 10
449 412 10
449 415 10
449 417 10
449 418 10
449 419 10
449 420 10
449 422 10
449 423 10
449 424 10
449 425 10
449 426 10
449 428 10
449 430 10
449 431 10
449 432 10
449 433 10
449 434 10
449 438 10
449 440 10
449 442 10
449 449 10
449 450 10
449 451 10
449 453 10
449 454 10
449 457 10
449 460 10
449 461 10
449 463 10
449 465 10
449 466 10
449 469 10
449 470 10
449 471 10
449 472 10
449 473 10
449 474 10
449 475 10
449 478 10
449 480 10
449 482 10
449 488 10
449 490 10
449 491 10
449 494 10
449 499 10
449 502 10
449 510 10
449 511 10
449 515 10
449 516 10
449 519 10
449 520 10
449 521 10
449 522 10
449 523 10
449 526 10
449 528 10
449 533 10
449 537 10
449 543 10
449 544 10
449 575 10
449 578 10
449 579 10
449 581 10
449 583 10
449 584 10
449 586 10
449 588 10
449 594 10
449 596 10
449 597 10
449 599 10
449 602 10
449 603 10
449 605 10
449 606 10
449 609 10
449 611 10
449 613 10
449 614 10
449 615 10
449 623 10
449 624 10
449 626 10
449 628 10
449 630 10
449 631 10
449 632 10
449 633 10
449 634 10
449 635 10
449 636 10
449 637 10
449 651 10
449 670 10
449 673 10
449 676 10
449 677 10
449 678 10
449 679 10
449 685 10
449 687 10
449 689 10
449 701 10
449 703 10
449 713 10
450 288 10
450 292 10
450 300 10
450 307 10
450 310 10
450 311 10
450 312 10
450 314 10
450 320 10
450 321 10
450 322 10
450 324 10
450 325 10
450 326 10
450 328 10
450 339 10
450 342 10
450 343 10
450 345 10
450 346 10
450 348 10
450 350 10
450 351 10
450 353 10
450 354 10
450 358 10
450 360 10
450 361 10
450 364 10
450 383 10
450 390 10
450 391 10
450 393 10
450 395 10
450 400 10
450 401 10
450 403 10
450 404 10
450 407 10
450 408 10
450 409 10
450 410 10
450 412 10
450 416 10
450 417 10
450 418 10
450 422 10
450 423 10
450 425 10
450 426 10
450 427 10
450 428 10
450 429 10
450 430 10
450 431 10
450 432 10
450 433 10
450 437 10
450 438 10
450 439 10
450 447 10
450 449 10
450 451 10
450 452 10
450 454 10
450 455 10
450 456 10
450 457 10
450 463 10
450 464 10
450 465 10
450 466 10
450 468 10
450 469 10
450 470 10
450 471 10
450 472 10
450 473 10
450 474 10
450 475 10
450 476 10
450 477 10
450 479 10
450 488 10
450 490 10
450 491 10
450 493 10
450 494 10
450 495 10
450 496 10
450 497 10
450 499 10
450 500 10
450 502 10
450 503 10
450 504 10
450 505 10
450 506 10
450 507 10
450 510 10
450 512 10
450 513 10
450 519 10
450 520 10
450 523 10
450 531 10
450 544 10
450 545 10
450 546 10
450 547 10
450 560 10
450 561 10
450 562 10
450 572 10
450 573 10
450 575 10
450 586 10
450 588 10
450 589 10
450 590 10
450 591 10
450 593 10
450 594 10
450 595 10
450 597 10
450 599 10
450 601 10
450 603 10
450 607 10
450 608 10
450 610 10
450 611 10
450 612 10
450 613 10
450 615 10
450 622 10
450 623 10
450 625 10
450 627 10
450 630 10
450 631 10
450 632 10
450 635 10
450 637 10
450 638 10
450 655 10
450 660 10
450 663 10
450 664 10
450 673 10
450 674 10
450 675 10
450 677 10
450 678 10
450 681 10
450 682 10
450 685 10
450 688 10
450 689 10
450 693 10
450 708 10
450 709 10
450 713 10
451 278 10
451 285 10
451 289 10
451 292 10
451 293 10
451 311 10
451 315 10
451 316 10
451 317 10
451 319 10
451 320 10
451 321 10
451 324 10
451 325 10
451 326 10
451 328 10
451 329 10
451 330 10
451 333 10
451 334 10
451 335 10
451 336 10
451 337 10
451 338 10
451 341 10
451 343 10
451 345 10
451 346 10
451 347 10
451 348 10
451 350 10
451 351 10
451 352 10
451 354 10
451 356 10
451 358 10
451 362 10
451 365 10
451 366 10
451 368 10
451 379 10
451 381 10
451 387 10
451 388 10
451 390 10
451 393 10
451 396 10
451 398 10
451 400 10
451 402 10
451 405 10
451 408 10
451 410 10
451 411 10
451 413 10
451 417 10
451 418 10
451 419 10
451 420 10
451 421 10
451 422 10
451 423 10
451 424 10
451 425 10
451 426 10
451 427 10
451 429 10
451 430 10
451 431 10
451 432 10
451 433 10
451 434 10
451 435 10
451 436 10
451 441 10
451 446 10
451 449 10
451 450 10
451 453 10
451 454 10
451 455 10
451 457 10
451 461 10
451 462 10
451 464 10
451 466 10
451 467 10
451 468 10
451 469 10
451 471 10
451 472 10
451 473 10
451 474 10
451 475 10
451 490 10
451 491 10
451 492 10
451 493 10
451 496 10
451 509 10
451 511 10
451 512 10
451 513 10
451 514 10
451 516 10
451 518 10
451 521 10
451 522 10
451 524 10
451 526 10
451 527 10
451 532 10
451 535 10
451 541 10
451 543 10
451 547 10
451 549 10
451 558 10
451 561 10
451 571 10
451 575 10
451 581 10
451 583 10
451 584 10
451 592 10
451 594 10
451 595 10
451 603 10
451 604 10
451 605 10
451 606 10
451 607 10
451 608 10
451 610 10
451 611 10
451 613 10
451 622 10
451 623 10
451 624 10
451 625 10
451 627 10
451 630 10
451 632 10
451 633 10
451 634 10
451 635 10
451 636 10
451 638 10
451 658 10
451 661 10
451 673 10
451 674 10
451 675 10
451 677 10
451 678 10
451 679 10
451 682 10
451 686 10
451 692 10
451 694 10
451 699 10
451 702 10
451 703 10
451 704 10
451 709 10
451 710 10
451 720 10
452 278 10
452 285 10
452 287 10
452 289 10
452 290 10
452 291 10
452 299 10
452 303 10
452 307 10
452 309 10
452 312 10
452 319 10
452 320 10
452 322 10
452 324 10
452 325 10
452 327 10
452 328 10
452 331 10
452 334 10
452 336 10
452 338 10
452 339 10
452 341 10
452 343 10
452 344 10
452 347 10
452 349 10
452 350 10
452 351 10
452 359 10
452 360 10
452 364 10
452 368 10
452 383 10
452 384 10
452 385 10
452 387 10
452 389 10
452 390 10
452 393 10
452 394 10
452 398 10
452 401 10
452 402 10
452 403 10
452 408 10
452 415 10
452 418 10
452 419 10
452 422 10
452 424 10
452 425 10
452 426 10
452 427 10
452 428 10
452 429 10
452 430 10
452 432 10
452 433 10
452 437 10
452 440 10
452 442 10
452 453 10
452 456 10
452 457 10
452 458 10
452 459 10
452 465 10
452 466 10
452 467 10
452 468 10
452 469 10
452 470 10
452 472 10
452 473 10
452 474 10
452 475 10
452 476 10
452 478 10
452 481 10
452 487 10
452 494 10
452 495 10
452 500 10
452 509 10
452 511 10
452 512 10
452 519 10
452 520 10
452 521 10
452 524 10
452 530 10
452 536 10
452 537 10
452 539 10
452 541 10
452 543 10
452 544 10
452 545 10
452 546 10
452 548 10
452 550 10
452 558 10
452 560 10
452 563 10
452 574 10
452 575 10
452 577 10
452 578 10
452 580 10
452 581 10
452 585 10
452 586 10
452 588 10
452 590 10
452 592 10
452 594 10
452 595 10
452 596 10
452 597 10
452 598 10
452 600 10
452 601 10
452 603 10
452 604 10
452 605 10
452 607 10
452 608 10
452 610 10
452 611 10
452 614 10
452 622 10
452 623 10
452 624 10
452 625 10
452 627 10
452 628 10
452 630 10
452 633 10
452 635 10
452 637 10
452 657 10
452 660 10
452 663 10
452 667 10
452 673 10
452 674 10
452 675 10
452 682 10
452 685 10
452 689 10
452 690 10
452 691 10
452 692 10
452 694 10
452 699 10
452 701 10
452 702 10
452 708 10
452 712 10
452 715 10
452 717 10
453 279 10
453 287 10
453 289 10
453 290 10
453 292 10
453 293 10
453 309 10
453 310 10
453 312 10
453 313 10
453 314 10
453 317 10
453 318 10
453 321 10
453 324 10
453 326 10
453 328 10
453 332 10
453 337 10
453 339 10
453 341 10
453 342 10
453 343 10
453 346 10
453 348 10
453 350 10
453 352 10
453 353 10
453 354 10
453 355 10
453 361 10
453 362 10
453 364 10
453 366 10
453 382 10
453 383 10
453 386 10
453 389 10
453 390 10
453 392 10
453 397 10
453 399 10
453 402 10
453 405 10
453 409 10
453 417 10
453 422 10
453 423 10
453 424 10
453 425 10
453 426 10
453 427 10
453 428 10
453 429 10
453 430 10
453 431 10
453 432 10
453 434 10
453 436 10
453 437 10
453 438 10
453 439 10
453 441 10
453 449 10
453 450 10
453 453 10
453 455 10
453 459 10
453 461 10
453 463 10
453 464 10
453 468 10
453 470 10
453 471 10
453 473 10
453 474 10
453 475 10
453 476 10
453 489 10
453 490 10
453 493 10
453 495 10
453 497 10
453 500 10
453 514 10
453 519 10
453 524 10
453 527 10
453 532 10
453 533 10
453 543 10
453 544 10
453 545 10
453 547 10
453 548 10
453 549 10
453 550 10
453 559 10
453 560 10
453 571 10
453 575 10
453 576 10
453 583 10
453 585 10
453 588 10
453 592 10
453 594 10
453 595 10
453 596 10
453 597 10
453 598 10
453 604 10
453 605 10
453 606 10
453 607 10
453 608 10
453 610 10
453 611 10
453 612 10
453 618 10
453 620 10
453 623 10
453 626 10
453 627 10
453 632 10
453 637 10
453 639 10
453 657 10
453 664 10
453 665 10
453 676 10
453 677 10
453 678 10
453 679 10
453 682 10
453 685 10
453 686 10
453 690 10
453 691 10
453 698 10
453 700 10
453 706 10
453 707 10
453 708 10
453 714 10
453 717 10
454 273 10
454 275 10
454 276 10
454 280 10
454 281 10
454 287 10
454 298 10
454 299 10
454 303 10
454 304 10
454 319 10
454 321 10
454 322 10
454 323 10
454 324 10
454 326 10
454 327 10
454 328 10
454 329 10
454 339 10
454 340 10
454 342 10
454 346 10
454 347 10
454 352 10
454 356 10
454 358 10
454 360 10
454 365 10
454 367 10
454 380 10
454 383 10
454 387 10
454 389 10
454 392 10
454 399 10
454 401 10
454 405 10
454 408 10
454 420 10
454 422 10
454 423 10
454 426 10
454 427 10
454 428 10
454 429 10
454 430 10
454 431 10
454 433 10
454 437 10
454 440 10
454 448 10
454 449 10
454 450 10
454 451 10
454 452 10
454 453 10
454 454 10
454 455 10
454 457 10
454 459 10
454 460 10
454 461 10
454 466 10
454 467 10
454 468 10
454 470 10
454 472 10
454 473 10
454 474 10
454 475 10
454 477 10
454 492 10
454 496 10
454 497 10
454 498 10
454 513 10
454 515 10
454 518 10
454 519 10
454 520 10
454 524 10
454 525 10
454 526 10
454 532 10
454 534 10
454 536 10
454 537 10
454 538 10
454 540 10
454 542 10
454 543 10
454 545 10
454 547 10
454 559 10
454 560 10
454 573 10
454 576 10
454 578 10
454 580 10
454 581 10
454 587 10
454 588 10
454 594 10
454 595 10
454 596 10
454 597 10
454 599 10
454 603 10
454 604 10
454 606 10
454 610 10
454 611 10
454 613 10
454 618 10
454 620 10
454 621 10
454 624 10
454 625 10
454 626 10
454 629 10
454 631 10
454 634 10
454 635 10
454 636 10
454 637 10
454 641 10
454 657 10
454 659 10
454 660 10
454 661 10
454 664 10
454 674 10
454 675 10
454 678 10
454 683 10
454 684 10
454 687 10
454 689 10
454 690 10
454 693 10
454 695 10
454 699 10
454 700 10
454 701 10
454 702 10
454 703 10
454 704 10
454 705 10
454 707 10
454 710 10
454 711 10
454 712 10
454 713 10
455 274 10
455 276 10
455 278 10
455 279 10
455 280 10
455 286 10
455 288 10
455 289 10
455 290 10
455 292 10
455 293 10
455 295 10
455 296 10
455 300 10
455 302 10
455 303 10
455 320 10
455 321 10
455 323 10
455 335 10
455 337 10
455 341 10
455 343 10
455 356 10
455 358 10
455 359 10
455 360 10
455 362 10
455 363 10
455 364 10
455 365 10
455 379 10
455 381 10
455 383 10
455 388 10
455 389 10
455 391 10
455 392 10
455 393 10
455 397 10
455 398 10
455 401 10
455 404 10
455 405 10
455 406 10
455 407 10
455 408 10
455 418 10
455 419 10
455 421 10
455 423 10
455 424 10
455 426 10
455 428 10
455 429 10
455 430 10
455 431 10
455 432 10
455 433 10
455 438 10
455 439 10
455 440 10
455 443 10
455 445 10
455 447 10
455 450 10
455 451 10
455 452 10
455 453 10
455 455 10
455 457 10
455 467 10
455 468 10
455 469 10
455 470 10
455 473 10
455 474 10
455 476 10
455 477 10
455 478 10
455 481 10
455 491 10
455 492 10
455 493 10
455 495 10
455 497 10
455 498 10
455 499 10
455 500 10
455 512 10
455 513 10
455 514 10
455 515 10
455 517 10
455 520 10
455 521 10
455 522 10
455 525 10
455 527 10
455 533 10
455 542 10
455 543 10
455 545 10
455 546 10
455 547 10
455 548 10
455 555 10
455 562 10
455 566 10
455 568 10
455 572 10
455 578 10
455 579 10
455 582 10
455 589 10
455 593 10
455 596 10
455 605 10
455 606 10
455 607 10
455 608 10
455 611 10
455 613 10
455 614 10
455 617 10
455 620 10
455 622 10
455 623 10
455 626 10
455 629 10
455 631 10
455 632 10
455 633 10
455 636 10
455 637 10
455 658 10
455 659 10
455 664 10
455 668 10
455 685 10
455 686 10
455 690 10
455 692 10
455 694 10
455 699 10
455 700 10
455 701 10
455 703 10
455 714 10
455 715 10
456 273 10
456 275 10
456 279 10
456 282 10
456 288 10
456 289 10
456 292 10
456 293 10
456 294 10
456 298 10
456 302 10
456 304 10
456 305 10
456 306 10
456 318 10
456 321 10
456 328 10
456 333 10
456 336 10
456 337 10
456 338 10
456 342 10
456 343 10
456 355 10
456 356 10
456 359 10
456 363 10
456 365 10
456 383 10
456 386 10
456 387 10
456 389 10
456 393 10
456 399 10
456 401 10
456 404 10
456 406 10
456 409 10
456 410 10
456 412 10
456 422 10
456 424 10
456 426 10
456 427 10
456 428 10
456 430 10
456 431 10
456 435 10
456 441 10
456 442 10
456 444 10
456 446 10
456 447 10
456 448 10
456 449 10
456 450 10
456 451 10
456 452 10
456 454 10
456 457 10
456 459 10
456 460 10
456 463 10
456 464 10
456 465 10
456 466 10
456 467 10
456 468 10
456 469 10
456 470 10
456 471 10
456 472 10
456 474 10
456 481 10
456 483 10
456 486 10
456 491 10
456 493 10
456 494 10
456 495 10
456 496 10
456 497 10
456 498 10
456 499 10
456 505 10
456 513 10
456 515 10
456 516 10
456 517 10
456 518 10
456 519 10
456 522 10
456 523 10
456 528 10
456 530 10
456 534 10
456 540 10
456 541 10
456 543 10
456 545 10
456 546 10
456 547 10
456 548 10
456 549 10
456 557 10
456 564 10
456 571 10
456 578 10
456 581 10
456 588 10
456 593 10
456 594 10
456 595 10
456 604 10
456 605 10
456 606 10
456 607 10
456 609 10
456 612 10
456 615 10
456 620 10
456 621 10
456 622 10
456 623 10
456 624 10
456 626 10
456 635 10
456 636 10
456 662 10
456 668 10
456 690 10
456 692 10
456 694 10
456 698 10
456 699 10
456 702 10
456 703 10
456 704 10
456 706 10
456 707 10
456 708 10
456 710 10
456 713 10
456 714 10
457 275 10
457 277 10
457 278 10
457 280 10
457 282 10
457 284 10
457 285 10
457 288 10
457 289 10
457 290 10
457 291 10
457 294 10
457 299 10
457 300 10
457 301 10
457 302 10
457 303 10
457 304 10
457 305 10
457 318 10
457 319 10
457 320 10
457 321 10
457 322 10
457 325 10
457 331 10
457 332 10
457 333 10
457 334 10
457 336 10
457 356 10
457 360 10
457 361 10
457 362 10
457 364 10
457 372 10
457 373 10
457 379 10
457 380 10
457 382 10
457 383 10
457 384 10
457 386 10
457 391 10
457 392 10
457 398 10
457 399 10
457 403 10
457 404 10
457 408 10
457 409 10
457 419 10
457 420 10
457 421 10
457 424 10
457 425 10
457 426 10
457 427 10
457 428 10
457 429 10
457 430 10
457 431 10
457 447 10
457 448 10
457 450 10
457 451 10
457 452 10
457 454 10
457 455 10
457 456 10
457 457 10
457 460 10
457 461 10
457 463 10
457 464 10
457 466 10
457 467 10
457 468 10
457 469 10
457 471 10
457 475 10
457 478 10
457 485 10
457 487 10
457 488 10
457 489 10
457 490 10
457 492 10
457 494 10
457 495 10
457 496 10
457 500 10
457 509 10
457 511 10
457 512 10
457 513 10
457 515 10
457 516 10
457 521 10
457 523 10
457 525 10
457 526 10
457 527 10
457 529 10
457 530 10
457 531 10
457 533 10
457 540 10
457 541 10
457 544 10
457 545 10
457 546 10
457 547 10
457 549 10
457 552 10
457 554 10
457 556 10
457 566 10
457 568 10
457 570 10
457 571 10
457 574 10
457 579 10
457 581 10
457 595 10
457 598 10
457 600 10
457 601 10
457 605 10
457 606 10
457 608 10
457 609 10
457 610 10
457 611 10
457 616 10
457 618 10
457 622 10
457 623 10
457 624 10
457 625 10
457 626 10
457 628 10
457 629 10
457 631 10
457 641 10
457 677 10
457 678 10
457 683 10
457 684 10
457 685 10
457 687 10
457 689 10
457 690 10
457 692 10
457 700 10
457 701 10
457 702 10
457 703 10
457 704 10
457 706 10
457 710 10
457 713 10
457 717 10
458 272 10
458 275 10
458 276 10
458 277 10
458 278 10
458 279 10
458 284 10
458 285 10
458 287 10
458 289 10
458 299 10
458 300 10
458 301 10
458 302 10
458 303 10
458 306 10
458 308 10
458 311 10
458 313 10
458 318 10
458 320 10
458 321 10
458 322 10
458 330 10
458 333 10
458 335 10
458 336 10
458 337 10
458 342 10
458 343 10
458 363 10
458 364 10
458 365 10
458 370 10
458 378 10
458 379 10
458 381 10
458 383 10
458 384 10
458 386 10
458 387 10
458 400 10
458 411 10
458 412 10
458 413 10
458 420 10
458 421 10
458 423 10
458 424 10
458 427 10
458 429 10
458 431 10
458 432 10
458 433 10
458 434 10
458 444 10
458 445 10
458 449 10
458 452 10
458 454 10
458 457 10
458 458 10
458 459 10
458 461 10
458 462 10
458 466 10
458 467 10
458 468 10
458 469 10
458 470 10
458 475 10
458 479 10
458 482 10
458 487 10
458 493 10
458 494 10
458 496 10
458 498 10
458 499 10
458 511 10
458 516 10
458 517 10
458 518 10
458 519 10
458 520 10
458 522 10
458 525 10
458 526 10
458 527 10
458 528 10
458 529 10
458 531 10
458 535 10
458 537 10
458 540 10
458 549 10
458 550 10
458 569 10
458 591 10
458 596 10
458 601 10
458 603 10
458 604 10
458 605 10
458 606 10
458 608 10
458 609 10
458 618 10
458 620 10
458 623 10
458 631 10
458 632 10
458 635 10
458 636 10
458 638 10
458 639 10
458 663 10
458 667 10
458 679 10
458 687 10
458 689 10
458 694 10
458 695 10
458 697 10
458 698 10
458 700 10
458 702 10
458 703 10
458 704 10
458 706 10
458 711 10
458 714 10
458 717 10
458 719 10
459 277 10
459 281 10
459 282 10
459 287 10
459 290 10
459 291 10
459 294 10
459 296 10
459 301 10
459 306 10
459 308 10
459 311 10
459 317 10
459 318 10
459 319 10
459 321 10
459 324 10
459 325 10
459 329 10
459 331 10
459 334 10
459 335 10
459 338 10
459 342 10
459 344 10
459 349 10
459 355 10
459 373 10
459 375 10
459 376 10
459 378 10
459 379 10
459 380 10
459 381 10
459 383 10
459 386 10
459 391 10
459 392 10
459 402 10
459 407 10
459 408 10
459 410 10
459 413 10
459 416 10
459 421 10
459 422 10
459 425 10
459 426 10
459 427 10
459 428 10
459 429 10
459 430 10
459 433 10
459 435 10
459 439 10
459 441 10
459 443 10
459 444 10
459 447 10
459 451 10
459 452 10
459 458 10
459 460 10
459 462 10
459 463 10
459 464 10
459 466 10
459 468 10
459 469 10
459 470 10
459 472 10
459 475 10
459 476 10
459 477 10
459 482 10
459 485 10
459 488 10
459 489 10
459 490 10
459 492 10
459 495 10
459 496 10
459 497 10
459 498 10
459 510 10
459 511 10
459 512 10
459 514 10
459 515 10
459 516 10
459 517 10
459 518 10
459 522 10
459 523 10
459 525 10
459 527 10
459 529 10
459 530 10
459 531 10
459 532 10
459 533 10
459 534 10
459 539 10
459 540 10
459 541 10
459 543 10
459 545 10
459 546 10
459 547 10
459 548 10
459 551 10
459 561 10
459 562 10
459 566 10
459 569 10
459 571 10
459 572 10
459 590 10
459 605 10
459 607 10
459 609 10
459 610 10
459 612 10
459 616 10
459 620 10
459 621 10
459 622 10
459 623 10
459 628 10
459 638 10
459 641 10
459 643 10
459 678 10
459 679 10
459 680 10
459 685 10
459 686 10
459 689 10
459 693 10
459 695 10
459 697 10
459 700 10
459 701 10
459 705 10
459 708 10
459 710 10
459 711 10
459 712 10
459 713 10
459 715 10
459 716 10
460 274 10
460 275 10
460 283 10
460 287 10
460 288 10
460 289 10
460 291 10
460 296 10
460 297 10
460 298 10
460 299 10
460 301 10
460 306 10
460 311 10
460 319 10
460 320 10
460 324 10
460 329 10
460 331 10
460 334 10
460 335 10
460 336 10
460 342 10
460 344 10
460 345 10
460 356 10
460 360 10
460 362 10
460 365 10
460 366 10
460 367 10
460 369 10
460 370 10
460 371 10
460 374 10
460 376 10
460 377 10
460 378 10
460 379 10
460 380 10
460 381 10
460 382 10
460 383 10
460 384 10
460 387 10
460 403 10
460 404 10
460 410 10
460 422 10
460 424 10
460 426 10
460 427 10
460 428 10
460 430 10
460 432 10
460 433 10
460 434 10
460 444 10
460 445 10
460 446 10
460 447 10
460 448 10
460 450 10
460 458 10
460 459 10
460 460 10
460 462 10
460 464 10
460 465 10
460 466 10
460 468 10
460 470 10
460 473 10
460 474 10
460 486 10
460 487 10
460 489 10
460 491 10
460 496 10
460 505 10
460 512 10
460 515 10
460 517 10
460 520 10
460 521 10
460 522 10
460 524 10
460 527 10
460 528 10
460 529 10
460 530 10
460 531 10
460 532 10
460 533 10
460 534 10
460 538 10
460 540 10
460 542 10
460 543 10
460 546 10
460 548 10
460 593 10
460 600 10
460 603 10
460 604 10
460 605 10
460 606 10
460 608 10
460 610 10
460 611 10
460 613 10
460 620 10
460 625 10
460 629 10
460 631 10
460 633 10
460 634 10
460 637 10
460 639 10
460 644 10
460 646 10
460 660 10
460 661 10
460 662 10
460 676 10
460 679 10
460 680 10
460 689 10
460 690 10
460 711 10
460 715 10
461 277 10
461 280 10
461 288 10
461 301 10
461 304 10
461 306 10
461 312 10
461 313 10
461 318 10
461 324 10
461 328 10
461 330 10
461 331 10
461 332 10
461 333 10
461 334 10
461 343 10
461 345 10
461 359 10
461 364 10
461 365 10
461 368 10
461 369 10
461 370 10
461 371 10
461 372 10
461 373 10
461 374 10
461 375 10
461 376 10
461 378 10
461 379 10
461 381 10
461 391 10
461 393 10
461 394 10
461 413 10
461 416 10
461 420 10
461 422 10
461 424 10
461 425 10
461 428 10
461 430 10
461 435 10
461 442 10
461 445 10
461 446 10
461 448 10
461 449 10
461 454 10
461 456 10
461 458 10
461 460 10
461 463 10
461 464 10
461 465 10
461 466 10
461 467 10
461 470 10
461 475 10
461 476 10
461 477 10
461 481 10
461 482 10
461 485 10
461 488 10
461 492 10
461 494 10
461 495 10
461 501 10
461 503 10
461 512 10
461 514 10
461 516 10
461 517 10
461 522 10
461 523 10
461 524 10
461 527 10
461 529 10
461 530 10
461 531 10
461 532 10
461 533 10
461 534 10
461 539 10
461 540 10
461 541 10
461 543 10
461 546 10
461 549 10
461 551 10
461 552 10
461 558 10
461 560 10
461 561 10
461 562 10
461 573 10
461 603 10
461 604 10
461 606 10
461 608 10
461 611 10
461 613 10
461 620 10
461 622 10
461 624 10
461 625 10
461 629 10
461 630 10
461 631 10
461 638 10
461 641 10
461 642 10
461 645 10
461 646 10
461 647 10
461 648 10
461 657 10
461 659 10
461 660 10
461 661 10
461 672 10
461 676 10
461 680 10
461 685 10
461 689 10
461 690 10
461 692 10
461 694 10
461 697 10
461 705 10
461 709 10
461 710 10
461 712 10
461 713 10
461 714 10
461 715 10
461 716 10
462 277 10
462 289 10
462 291 10
462 298 10
462 299 10
462 302 10
462 304 10
462 311 10
462 323 10
462 329 10
462 334 10
462 343 10
462 345 10
462 355 10
462 357 10
462 358 10
462 365 10
462 370 10
462 371 10
462 372 10
462 375 10
462 377 10
462 378 10
462 379 10
462 380 10
462 381 10
462 382 10
462 383 10
462 391 10
462 399 10
462 400 10
462 401 10
462 409 10
462 410 10
462 411 10
462 412 10
462 421 10
462 422 10
462 425 10
462 426 10
462 430 10
462 432 10
462 434 10
462 437 10
462 441 10
462 443 10
462 444 10
462 457 10
462 458 10
462 461 10
462 462 10
462 463 10
462 464 10
462 465 10
462 470 10
462 481 10
462 483 10
462 484 10
462 485 10
462 486 10
462 487 10
462 489 10
462 490 10
462 491 10
462 493 10
462 496 10
462 500 10
462 503 10
462 505 10
462 518 10
462 519 10
462 520 10
462 521 10
462 522 10
462 523 10
462 524 10
462 525 10
462 526 10
462 527 10
462 529 10
462 530 10
462 531 10
462 532 10
462 537 10
462 540 10
462 541 10
462 544 10
462 549 10
462 551 10
462 553 10
462 554 10
462 560 10
462 561 10
462 562 10
462 604 10
462 605 10
462 606 10
462 607 10
462 609 10
462 614 10
462 624 10
462 626 10
462 627 10
462 631 10
462 633 10
462 638 10
462 639 10
462 642 10
462 643 10
462 646 10
462 648 10
462 650 10
462 653 10
462 659 10
462 660 10
462 661 10
462 663 10
462 675 10
462 682 10
462 683 10
462 684 10
462 685 10
462 686 10
462 690 10
462 691 10
462 693 10
462 694 10
462 695 10
462 701 10
462 704 10
462 705 10
462 709 10
462 710 10
462 711 10
462 712 10
462 713 10
462 715 10
462 716 10
463 286 10
463 287 10
463 290 10
463 291 10
463 293 10
463 296 10
463 298 10
463 304 10
463 309 10
463 310 10
463 311 10
463 312 10
463 313 10
463 314 10
463 315 10
463 316 10
463 319 10
463 321 10
463 323 10
463 326 10
463 329 10
463 330 10
463 333 10
463 334 10
463 341 10
463 343 10
463 344 10
463 351 10
463 352 10
463 363 10
463 366 10
463 367 10
463 368 10
463 375 10
463 379 10
463 380 10
463 381 10
463 382 10
463 383 10
463 390 10
463 392 10
463 414 10
463 416 10
463 420 10
463 423 10
463 426 10
463 427 10
463 428 10
463 432 10
463 433 10
463 434 10
463 435 10
463 443 10
463 444 10
463 448 10
463 449 10
463 450 10
463 455 10
463 457 10
463 461 10
463 462 10
463 463 10
463 464 10
463 465 10
463 466 10
463 467 10
463 468 10
463 472 10
463 474 10
463 475 10
463 479 10
463 481 10
463 482 10
463 488 10
463 489 10
463 490 10
463 491 10
463 493 10
463 509 10
463 516 10
463 518 10
463 519 10
463 520 10
463 521 10
463 522 10
463 523 10
463 524 10
463 526 10
463 527 10
463 528 10
463 529 10
463 531 10
463 532 10
463 533 10
463 534 10
463 535 10
463 539 10
463 540 10
463 542 10
463 545 10
463 548 10
463 549 10
463 550 10
463 552 10
463 557 10
463 559 10
463 560 10
463 561 10
463 571 10
463 573 10
463 601 10
463 603 10
463 604 10
463 608 10
463 609 10
463 613 10
463 628 10
463 629 10
463 631 10
463 638 10
463 640 10
463 642 10
463 643 10
463 644 10
463 646 10
463 660 10
463 661 10
463 662 10
463 663 10
463 664 10
463 666 10
463 677 10
463 680 10
463 681 10
463 682 10
463 685 10
463 689 10
463 692 10
463 693 10
463 696 10
463 699 10
463 701 10
463 702 10
463 704 10
463 707 10
463 710 10
463 713 10
463 714 10
464 285 10
464 286 10
464 288 10
464 298 10
464 300 10
464 306 10
464 312 10
464 317 10
464 318 10
464 321 10
464 327 10
464 328 10
464 330 10
464 340 10
464 344 10
464 346 10
464 347 10
464 351 10
464 358 10
464 359 10
464 360 10
464 363 10
464 365 10
464 369 10
464 370 10
464 372 10
464 373 10
464 375 10
464 376 10
464 377 10
464 378 10
464 380 10
464 389 10
464 393 10
464 412 10
464 414 10
464 417 10
464 425 10
464 427 10
464 428 10
464 429 10
464 433 10
464 435 10
464 436 10
464 447 10
464 456 10
464 458 10
464 459 10
464 460 10
464 461 10
464 463 10
464 464 10
464 465 10
464 466 10
464 467 10
464 474 10
464 476 10
464 478 10
464 479 10
464 480 10
464 484 10
464 485 10
464 486 10
464 490 10
464 491 10
464 496 10
464 497 10
464 498 10
464 513 10
464 515 10
464 516 10
464 519 10
464 521 10
464 522 10
464 525 10
464 526 10
464 528 10
464 529 10
464 530 10
464 536 10
464 538 10
464 540 10
464 541 10
464 543 10
464 550 10
464 555 10
464 557 10
464 558 10
464 559 10
464 569 10
464 572 10
464 584 10
464 585 10
464 587 10
464 589 10
464 592 10
464 599 10
464 601 10
464 605 10
464 607 10
464 610 10
464 613 10
464 615 10
464 616 10
464 627 10
464 628 10
464 629 10
464 631 10
464 632 10
464 634 10
464 638 10
464 639 10
464 642 10
464 644 10
464 651 10
464 658 10
464 660 10
464 661 10
464 662 10
464 663 10
464 664 10
464 668 10
464 674 10
464 679 10
464 680 10
464 681 10
464 683 10
464 686 10
464 688 10
464 690 10
464 691 10
464 695 10
464 698 10
464 699 10
464 700 10
464 701 10
464 703 10
464 706 10
464 708 10
464 710 10
464 712 10
464 713 10
464 720 10
465 291 10
465 292 10
465 299 10
465 303 10
465 309 10
465 310 10
465 316 10
465 317 10
465 318 10
465 319 10
465 320 10
465 322 10
465 327 10
465 328 10
465 330 10
465 331 10
465 334 10
465 335 10
465 337 10
465 340 10
465 341 10
465 342 10
465 344 10
465 345 10
465 349 10
465 357 10
465 358 10
465 359 10
465 361 10
465 363 10
465 365 10
465 367 10
465 371 10
465 372 10
465 373 10
465 375 10
465 376 10
465 377 10
465 378 10
465 379 10
465 380 10
465 381 10
465 384 10
465 387 10
465 391 10
465 394 10
465 412 10
465 413 10
465 416 10
465 417 10
465 420 10
465 421 10
465 423 10
465 424 10
465 428 10
465 429 10
465 431 10
465 432 10
465 434 10
465 436 10
465 437 10
465 439 10
465 440 10
465 444 10
465 446 10
465 447 10
465 449 10
465 457 10
465 460 10
465 462 10
465 463 10
465 465 10
465 466 10
465 468 10
465 469 10
465 471 10
465 472 10
465 473 10
465 474 10
465 485 10
465 487 10
465 491 10
465 492 10
465 497 10
465 500 10
465 507 10
465 509 10
465 511 10
465 515 10
465 516 10
465 520 10
465 523 10
465 524 10
465 525 10
465 527 10
465 538 10
465 540 10
465 542 10
465 547 10
465 550 10
465 551 10
465 552 10
465 553 10
465 556 10
465 557 10
465 558 10
465 560 10
465 562 10
465 570 10
465 572 10
465 585 10
465 586 10
465 588 10
465 589 10
465 592 10
465 599 10
465 600 10
465 603 10
465 607 10
465 609 10
465 612 10
465 624 10
465 625 10
465 628 10
465 629 10
465 632 10
465 637 10
465 638 10
465 640 10
465 643 10
465 644 10
465 645 10
465 646 10
465 651 10
465 652 10
465 660 10
465 661 10
465 662 10
465 663 10
465 664 10
465 675 10
465 677 10
465 681 10
465 685 10
465 686 10
465 687 10
465 688 10
465 690 10
465 691 10
465 693 10
465 697 10
465 698 10
465 699 10
465 700 10
465 701 10
465 704 10
465 708 10
465 710 10
466 305 10
466 306 10
466 311 10
466 312 10
466 313 10
466 317 10
466 321 10
466 328 10
466 329 10
466 330 10
466 331 10
466 336 10
466 337 10
466 339 10
466 340 10
466 343 10
466 345 10
466 346 10
466 347 10
466 349 10
466 350 10
466 351 10
466 353 10
466 357 10
466 359 10
466 360 10
466 363 10
466 365 10
466 374 10
466 375 10
466 376 10
466 377 10
466 378 10
466 379 10
466 381 10
466 383 10
466 384 10
466 390 10
466 393 10
466 395 10
466 415 10
466 420 10
466 424 10
466 426 10
466 428 10
466 429 10
466 430 10
466 435 10
466 438 10
466 439 10
466 444 10
466 455 10
466 456 10
466 462 10
466 463 10
466 464 10
466 465 10
466 466 10
466 467 10
466 468 10
466 469 10
466 473 10
466 474 10
466 476 10
466 482 10
466 483 10
466 484 10
466 486 10
466 490 10
466 492 10
466 497 10
466 503 10
466 512 10
466 515 10
466 517 10
466 519 10
466 521 10
466 524 10
466 526 10
466 531 10
466 532 10
466 538 10
466 547 10
466 548 10
466 553 10
466 556 10
466 558 10
466 570 10
466 573 10
466 574 10
466 583 10
466 584 10
466 589 10
466 598 10
466 602 10
466 603 10
466 615 10
466 630 10
466 631 10
466 632 10
466 640 10
466 642 10
466 649 10
466 650 10
466 652 10
466 656 10
466 658 10
466 659 10
466 661 10
466 662 10
466 669 10
466 674 10
466 676 10
466 677 10
466 678 10
466 680 10
466 682 10
466 683 10
466 684 10
466 685 10
466 688 10
466 689 10
466 691 10
466 694 10
466 695 10
466 699 10
466 701 10
466 702 10
466 703 10
466 704 10
466 705 10
466 709 10
466 711 10
466 713 10
467 297 10
467 302 10
467 304 10
467 309 10
467 312 10
467 314 10
467 317 10
467 318 10
467 319 10
467 320 10
467 322 10
467 324 10
467 326 10
467 327 10
467 328 10
467 329 10
467 330 10
467 332 10
467 333 10
467 334 10
467 335 10
467 341 10
467 342 10
467 343 10
467 344 10
467 345 10
467 346 10
467 349 10
467 350 10
467 351 10
467 352 10
467 353 10
467 356 10
467 358 10
467 360 10
467 364 10
467 365 10
467 366 10
467 368 10
467 369 10
467 370 10
467 372 10
467 376 10
467 377 10
467 378 10
467 379 10
467 380 10
467 382 10
467 390 10
467 392 10
467 394 10
467 410 10
467 412 10
467 413 10
467 417 10
467 422 10
467 423 10
467 424 10
467 430 10
467 431 10
467 433 10
467 434 10
467 436 10
467 437 10
467 445 10
467 447 10
467 453 10
467 456 10
467 459 10
467 460 10
467 461 10
467 462 10
467 463 10
467 464 10
467 465 10
467 467 10
467 468 10
467 473 10
467 477 10
467 478 10
467 480 10
467 483 10
467 488 10
467 490 10
467 494 10
467 501 10
467 505 10
467 516 10
467 517 10
467 519 10
467 522 10
467 523 10
467 525 10
467 527 10
467 533 10
467 541 10
467 549 10
467 551 10
467 552 10
467 570 10
467 574 10
467 582 10
467 585 10
467 586 10
467 587 10
467 588 10
467 592 10
467 598 10
467 600 10
467 602 10
467 605 10
467 607 10
467 608 10
467 610 10
467 617 10
467 621 10
467 623 10
467 625 10
467 632 10
467 639 10
467 641 10
467 643 10
467 654 10
467 656 10
467 659 10
467 660 10
467 661 10
467 663 10
467 664 10
467 674 10
467 678 10
467 679 10
467 680 10
467 681 10
467 682 10
467 683 10
467 684 10
467 685 10
467 686 10
467 689 10
467 691 10
467 694 10
467 698 10
467 699 10
467 701 10
467 703 10
467 704 10
467 710 10
467 711 10
468 294 10
468 305 10
468 308 10
468 309 10
468 310 10
468 312 10
468 319 10
468 320 10
468 322 10
468 328 10
468 330 10
468 332 10
468 336 10
468 338 10
468 342 10
468 343 10
468 345 10
468 351 10
468 352 10
468 353 10
468 357 10
468 358 10
468 360 10
468 362 10
468 364 10
468 366 10
468 367 10
468 368 10
468 371 10
468 372 10
468 375 10
468 376 10
468 378 10
468 379 10
468 380 10
468 381 10
468 384 10
468 387 10
468 390 10
468 401 10
468 407 10
468 410 10
468 411 10
468 412 10
468 418 10
468 425 10
468 427 10
468 428 10
468 430 10
468 431 10
468 433 10
468 437 10
468 438 10
468 439 10
468 440 10
468 444 10
468 445 10
468 448 10
468 449 10
468 455 10
468 456 10
468 460 10
468 461 10
468 463 10
468 464 10
468 465 10
468 468 10
468 469 10
468 470 10
468 471 10
468 472 10
468 474 10
468 475 10
468 477 10
468 480 10
468 482 10
468 485 10
468 494 10
468 499 10
468 504 10
468 515 10
468 516 10
468 518 10
468 519 10
468 520 10
468 522 10
468 523 10
468 527 10
468 528 10
468 530 10
468 531 10
468 538 10
468 540 10
468 554 10
468 576 10
468 577 10
468 583 10
468 585 10
468 587 10
468 593 10
468 596 10
468 601 10
468 602 10
468 604 10
468 605 10
468 607 10
468 610 10
468 613 10
468 614 10
468 618 10
468 632 10
468 649 10
468 653 10
468 656 10
468 657 10
468 658 10
468 659 10
468 660 10
468 661 10
468 662 10
468 664 10
468 666 10
468 667 10
468 668 10
468 677 10
468 679 10
468 682 10
468 684 10
468 685 10
468 686 10
468 687 10
468 689 10
468 692 10
468 693 10
468 694 10
468 697 10
468 698 10
468 700 10
468 701 10
468 702 10
468 705 10
468 707 10
468 712 10
469 295 10
469 296 10
469 305 10
469 306 10
469 311 10
469 319 10
469 321 10
469 327 10
469 330 10
469 331 10
469 336 10
469 342 10
469 343 10
469 350 10
469 351 10
469 352 10
469 353 10
469 355 10
469 360 10
469 362 10
469 364 10
469 366 10
469 367 10
469 368 10
469 370 10
469 371 10
469 372 10
469 375 10
469 378 10
469 379 10
469 381 10
469 382 10
469 383 10
469 385 10
469 391 10
469 393 10
469 402 10
469 404 10
469 407 10
469 409 10
469 412 10
469 414 10
469 421 10
469 425 10
469 429 10
469 431 10
469 432 10
469 434 10
469 435 10
469 436 10
469 439 10
469 443 10
469 444 10
469 445 10
469 446 10
469 456 10
469 460 10
469 462 10
469 463 10
469 465 10
469 466 10
469 467 10
469 468 10
469 469 10
469 470 10
469 472 10
469 473 10
469 474 10
469 477 10
469 479 10
469 480 10
469 485 10
469 487 10
469 496 10
469 502 10
469 515 10
469 518 10
469 521 10
469 530 10
469 532 10
469 536 10
469 538 10
469 541 10
469 545 10
469 553 10
469 564 10
469 579 10
469 582 10
469 583 10
469 585 10
469 587 10
469 588 10
469 591 10
469 592 10
469 597 10
469 599 10
469 601 10
469 604 10
469 606 10
469 607 10
469 608 10
469 609 10
469 612 10
469 614 10
469 630 10
469 640 10
469 641 10
469 653 10
469 656 10
469 659 10
469 660 10
469 661 10
469 662 10
469 664 10
469 671 10
469 673 10
469 674 10
469 677 10
469 678 10
469 679 10
469 680 10
469 681 10
469 682 10
469 683 10
469 685 10
469 688 10
469 689 10
469 690 10
469 694 10
469 697 10
469 700 10
469 703 10
469 704 10
469 706 10
469 708 10
469 709 10
469 710 10
469 711 10
469 719 10
470 293 10
470 294 10
470 296 10
470 300 10
470 303 10
470 306 10
470 310 10
470 311 10
470 313 10
470 321 10
470 323 10
470 326 10
470 331 10
470 338 10
470 340 10
470 342 10
470 343 10
470 344 10
470 347 10
470 348 10
470 349 10
470 350 10
470 351 10
470 352 10
470 354 10
470 356 10
470 358 10
470 359 10
470 360 10
470 364 10
470 365 10
470 366 10
470 367 10
470 368 10
470 370 10
470 371 10
470 373 10
470 374 10
470 375 10
470 381 10
470 383 10
470 385 10
470 392 10
470 395 10
470 409 10
470 413 10
470 414 10
470 415 10
470 418 10
470 419 10
470 421 10
470 422 10
470 426 10
470 427 10
470 428 10
470 429 10
470 431 10
470 433 10
470 442 10
470 443 10
470 448 10
470 449 10
470 450 10
470 459 10
470 461 10
470 463 10
470 466 10
470 468 10
470 474 10
470 476 10
470 477 10
470 479 10
470 483 10
470 494 10
470 502 10
470 504 10
470 505 10
470 508 10
470 521 10
470 524 10
470 526 10
470 527 10
470 530 10
470 533 10
470 534 10
470 539 10
470 541 10
470 543 10
470 553 10
470 577 10
470 579 10
470 582 10
470 583 10
470 585 10
470 586 10
470 587 10
470 589 10
470 590 10
470 591 10
470 592 10
470 596 10
470 599 10
470 600 10
470 606 10
470 608 10
470 612 10
470 613 10
470 616 10
470 619 10
470 621 10
470 635 10
470 637 10
470 638 10
470 640 10
470 645 10
470 648 10
470 650 10
470 653 10
470 654 10
470 655 10
470 657 10
470 659 10
470 660 10
470 662 10
470 663 10
470 666 10
470 669 10
470 674 10
470 678 10
470 679 10
470 680 10
470 682 10
470 686 10
470 688 10
470 689 10
470 690 10
470 691 10
470 693 10
470 697 10
470 699 10
470 701 10
470 703 10
470 704 10
470 709 10
470 710 10
470 711 10
471 296 10
471 308 10
471 309 10
471 313 10
471 323 10
471 324 10
471 335 10
471 341 10
471 343 10
471 345 10
471 346 10
471 350 10
471 351 10
471 358 10
471 360 10
471 364 10
471 365 10
471 366 10
471 374 10
471 380 10
471 383 10
471 385 10
471 389 10
471 390 10
471 391 10
471 392 10
471 393 10
471 395 10
471 407 10
471 408 10
471 413 10
471 422 10
471 425 10
471 427 10
471 430 10
471 433 10
471 435 10
471 436 10
471 440 10
471 442 10
471 443 10
471 444 10
471 446 10
471 461 10
471 473 10
471 474 10
471 483 10
471 490 10
471 495 10
471 501 10
471 502 10
471 503 10
471 504 10
471 505 10
471 507 10
471 511 10
471 512 10
471 516 10
471 517 10
471 521 10
471 523 10
471 526 10
471 527 10
471 528 10
471 529 10
471 532 10
471 536 10
471 537 10
471 538 10
471 539 10
471 541 10
471 543 10
471 545 10
471 564 10
471 569 10
471 570 10
471 571 10
471 573 10
471 574 10
471 582 10
471 584 10
471 586 10
471 589 10
471 591 10
471 595 10
471 597 10
471 599 10
471 602 10
471 604 10
471 608 10
471 610 10
471 611 10
471 613 10
471 616 10
471 620 10
471 622 10
471 636 10
471 643 10
471 647 10
471 657 10
471 661 10
471 662 10
471 663 10
471 668 10
471 670 10
471 671 10
471 672 10
471 674 10
471 675 10
471 677 10
471 678 10
471 679 10
471 680 10
471 681 10
471 682 10
471 687 10
471 688 10
471 689 10
471 690 10
471 692 10
471 693 10
471 698 10
471 699 10
471 704 10
471 706 10
471 708 10
471 713 10
471 719 10
471 720 10
471 721 10
471 722 10
472 294 10
472 300 10
472 310 10
472 311 10
472 313 10
472 327 10
472 331 10
472 334 10
472 335 10
472 338 10
472 341 10
472 347 10
472 349 10
472 352 10
472 358 10
472 360 10
472 362 10
472 365 10
472 366 10
472 372 10
472 373 10
472 374 10
472 382 10
472 383 10
472 384 10
472 385 10
472 389 10
472 390 10
472 393 10
472 397 10
472 398 10
472 409 10
472 410 10
472 412 10
472 417 10
472 424 10
472 425 10
472 428 10
472 429 10
472 432 10
472 433 10
472 436 10
472 439 10
472 442 10
472 444 10
472 446 10
472 448 10
472 449 10
472 450 10
472 452 10
472 459 10
472 461 10
472 462 10
472 464 10
472 466 10
472 467 10
472 473 10
472 480 10
472 481 10
472 483 10
472 504 10
472 506 10
472 510 10
472 514 10
472 515 10
472 520 10
472 521 10
472 524 10
472 526 10
472 527 10
472 528 10
472 529 10
472 531 10
472 532 10
472 533 10
472 534 10
472 536 10
472 538 10
472 539 10
472 540 10
472 541 10
472 542 10
472 544 10
472 545 10
472 547 10
472 570 10
472 572 10
472 577 10
472 578 10
472 580 10
472 584 10
472 587 10
472 589 10
472 590 10
472 592 10
472 593 10
472 594 10
472 595 10
472 596 10
472 599 10
472 600 10
472 602 10
472 604 10
472 606 10
472 607 10
472 622 10
472 624 10
472 637 10
472 638 10
472 647 10
472 651 10
472 653 10
472 655 10
472 656 10
472 658 10
472 659 10
472 660 10
472 661 10
472 673 10
472 674 10
472 680 10
472 681 10
472 684 10
472 685 10
472 687 10
472 689 10
472 690 10
472 691 10
472 694 10
472 700 10
472 702 10
472 703 10
472 707 10
472 708 10
472 710 10
472 712 10
472 719 10
472 720 10
472 722 10
472 723 10
473 295 10
473 308 10
473 309 10
473 311 10
473 316 10
473 319 10
473 320 10
473 324 10
473 336 10
473 341 10
473 342 10
473 344 10
473 348 10
473 350 10
473 354 10
473 355 10
473 358 10
473 360 10
473 362 10
473 363 10
473 366 10
473 367 10
473 368 10
473 370 10
473 372 10
473 389 10
473 391 10
473 409 10
473 410 10
473 411 10
473 413 10
473 414 10
473 415 10
473 416 10
473 422 10
473 425 10
473 428 10
473 430 10
473 433 10
473 436 10
473 438 10
473 439 10
473 441 10
473 446 10
473 448 10
473 449 10
473 452 10
473 453 10
473 460 10
473 461 10
473 462 10
473 464 10
473 465 10
473 468 10
473 480 10
473 498 10
473 502 10
473 503 10
473 506 10
473 511 10
473 512 10
473 513 10
473 515 10
473 516 10
473 518 10
473 519 10
473 523 10
473 525 10
473 527 10
473 530 10
473 533 10
473 534 10
473 537 10
473 538 10
473 539 10
473 540 10
473 541 10
473 542 10
473 549 10
473 554 10
473 562 10
473 569 10
473 571 10
473 573 10
473 576 10
473 583 10
473 584 10
473 588 10
473 591 10
473 592 10
473 593 10
473 595 10
473 597 10
473 598 10
473 602 10
473 603 10
473 605 10
473 606 10
473 612 10
473 613 10
473 626 10
473 646 10
473 652 10
473 656 10
473 659 10
473 663 10
473 665 10
473 669 10
473 670 10
473 674 10
473 681 10
473 686 10
473 688 10
473 690 10
473 695 10
473 701 10
473 703 10
473 712 10
473 714 10
473 720 10
473 721 10
473 722 10
474 294 10
474 297 10
474 308 10
474 309 10
474 310 10
474 311 10
474 313 10
474 315 10
474 319 10
474 322 10
474 323 10
474 327 10
474 331 10
474 333 10
474 334 10
474 342 10
474 348 10
474 350 10
474 356 10
474 359 10
474 360 10
474 361 10
474 364 10
474 366 10
474 374 10
474 381 10
474 384 10
474 390 10
474 392 10
474 393 10
474 410 10
474 415 10
474 417 10
474 422 10
474 423 10
474 424 10
474 426 10
474 427 10
474 428 10
474 429 10
474 430 10
474 431 10
474 432 10
474 436 10
474 437 10
474 438 10
474 439 10
474 441 10
474 445 10
474 446 10
474 448 10
474 450 10
474 451 10
474 453 10
474 463 10
474 464 10
474 465 10
474 467 10
474 477 10
474 480 10
474 494 10
474 496 10
474 497 10
474 498 10
474 499 10
474 500 10
474 501 10
474 502 10
474 505 10
474 513 10
474 515 10
474 516 10
474 519 10
474 520 10
474 524 10
474 525 10
474 526 10
474 527 10
474 528 10
474 530 10
474 532 10
474 535 10
474 536 10
474 537 10
474 538 10
474 539 10
474 541 10
474 543 10
474 544 10
474 549 10
474 556 10
474 557 10
474 559 10
474 568 10
474 569 10
474 571 10
474 574 10
474 577 10
474 578 10
474 581 10
474 586 10
474 587 10
474 588 10
474 590 10
474 591 10
474 592 10
474 593 10
474 594 10
474 595 10
474 598 10
474 602 10
474 605 10
474 607 10
474 608 10
474 623 10
474 634 10
474 637 10
474 643 10
474 647 10
474 649 10
474 650 10
474 652 10
474 653 10
474 654 10
474 658 10
474 659 10
474 660 10
474 669 10
474 670 10
474 672 10
474 673 10
474 676 10
474 679 10
474 681 10
474 682 10
474 683 10
474 684 10
474 685 10
474 686 10
474 687 10
474 690 10
474 691 10
474 700 10
474 701 10
474 703 10
474 704 10
474 706 10
474 709 10
474 712 10
474 714 10
474 717 10
474 718 10
474 720 10
474 722 10
474 723 10
474 727 10
474 728 10
475 310 10
475 312 10
475 313 10
475 314 10
475 333 10
475 334 10
475 336 10
475 337 10
475 341 10
475 342 10
475 345 10
475 351 10
475 353 10
475 354 10
475 355 10
475 357 10
475 358 10
475 359 10
475 361 10
475 362 10
475 363 10
475 364 10
475 366 10
475 369 10
475 370 10
475 375 10
475 387 10
475 401 10
475 412 10
475 414 10
475 416 10
475 422 10
475 425 10
475 428 10
475 429 10
475 430 10
475 431 10
475 432 10
475 435 10
475 436 10
475 437 10
475 440 10
475 442 10
475 446 10
475 448 10
475 452 10
475 455 10
475 456 10
475 459 10
475 460 10
475 461 10
475 462 10
475 467 10
475 469 10
475 472 10
475 476 10
475 494 10
475 496 10
475 497 10
475 499 10
475 501 10
475 512 10
475 522 10
475 525 10
475 528 10
475 529 10
475 531 10
475 533 10
475 534 10
475 535 10
475 536 10
475 537 10
475 538 10
475 539 10
475 540 10
475 541 10
475 542 10
475 543 10
475 544 10
475 546 10
475 547 10
475 549 10
475 553 10
475 558 10
475 560 10
475 561 10
475 565 10
475 566 10
475 567 10
475 571 10
475 572 10
475 583 10
475 584 10
475 585 10
475 586 10
475 588 10
475 589 10
475 592 10
475 593 10
475 594 10
475 596 10
475 599 10
475 601 10
475 602 10
475 605 10
475 623 10
475 624 10
475 625 10
475 642 10
475 645 10
475 655 10
475 656 10
475 657 10
475 660 10
475 663 10
475 665 10
475 669 10
475 671 10
475 672 10
475 674 10
475 675 10
475 678 10
475 680 10
475 681 10
475 682 10
475 685 10
475 688 10
475 689 10
475 690 10
475 692 10
475 693 10
475 703 10
475 706 10
475 707 10
475 708 10
475 709 10
475 710 10
475 711 10
475 714 10
475 718 10
475 720 10
475 723 10
476 313 10
476 315 10
476 316 10
476 317 10
476 328 10
476 333 10
476 335 10
476 338 10
476 339 10
476 341 10
476 342 10
476 348 10
476 350 10
476 352 10
476 353 10
476 354 10
476 358 10
476 359 10
476 362 10
476 363 10
476 364 10
476 365 10
476 367 10
476 368 10
476 371 10
476 375 10
476 387 10
476 390 10
476 391 10
476 392 10
476 393 10
476 395 10
476 399 10
476 403 10
476 411 10
476 413 10
476 416 10
476 419 10
476 422 10
476 423 10
476 424 10
476 426 10
476 427 10
476 429 10
476 430 10
476 431 10
476 433 10
476 436 10
476 439 10
476 441 10
476 451 10
476 453 10
476 454 10
476 459 10
476 460 10
476 461 10
476 462 10
476 463 10
476 469 10
476 474 10
476 477 10
476 478 10
476 480 10
476 481 10
476 486 10
476 494 10
476 495 10
476 496 10
476 498 10
476 499 10
476 501 10
476 502 10
476 503 10
476 504 10
476 510 10
476 513 10
476 515 10
476 520 10
476 524 10
476 526 10
476 528 10
476 531 10
476 533 10
476 535 10
476 538 10
476 546 10
476 556 10
476 558 10
476 560 10
476 561 10
476 564 10
476 565 10
476 567 10
476 569 10
476 571 10
476 580 10
476 581 10
476 584 10
476 588 10
476 590 10
476 592 10
476 594 10
476 597 10
476 599 10
476 600 10
476 602 10
476 603 10
476 609 10
476 611 10
476 613 10
476 621 10
476 624 10
476 626 10
476 627 10
476 628 10
476 637 10
476 641 10
476 642 10
476 644 10
476 646 10
476 647 10
476 650 10
476 651 10
476 653 10
476 654 10
476 657 10
476 658 10
476 660 10
476 663 10
476 671 10
476 673 10
476 675 10
476 676 10
476 677 10
476 678 10
476 679 10
476 680 10
476 682 10
476 687 10
476 689 10
476 690 10
476 691 10
476 693 10
476 701 10
476 702 10
476 704 10
476 706 10
476 708 10
476 709 10
476 710 10
476 712 10
476 714 10
476 725 10
476 726 10
477 310 10
477 311 10
477 312 10
477 313 10
477 315 10
477 331 10
477 332 10
477 333 10
477 334 10
477 335 10
477 337 10
477 339 10
477 349 10
477 351 10
477 353 10
477 357 10
477 358 10
477 360 10
477 362 10
477 363 10
477 364 10
477 365 10
477 366 10
477 374 10
477 376 10
477 385 10
477 388 10
477 399 10
477 403 10
477 409 10
477 410 10
477 412 10
477 416 10
477 418 10
477 420 10
477 421 10
477 426 10
477 427 10
477 428 10
477 430 10
477 433 10
477 434 10
477 435 10
477 436 10
477 440 10
477 444 10
477 447 10
477 448 10
477 450 10
477 454 10
477 459 10
477 474 10
477 475 10
477 477 10
477 480 10
477 481 10
477 482 10
477 483 10
477 491 10
477 493 10
477 494 10
477 495 10
477 496 10
477 497 10
477 499 10
477 500 10
477 502 10
477 505 10
477 511 10
477 515 10
477 516 10
477 520 10
477 521 10
477 522 10
477 523 10
477 524 10
477 528 10
477 534 10
477 535 10
477 537 10
477 538 10
477 539 10
477 540 10
477 557 10
477 558 10
477 559 10
477 560 10
477 561 10
477 565 10
477 566 10
477 569 10
477 571 10
477 575 10
477 577 10
477 578 10
477 583 10
477 584 10
477 585 10
477 586 10
477 588 10
477 589 10
477 590 10
477 591 10
477 592 10
477 594 10
477 596 10
477 597 10
477 599 10
477 600 10
477 601 10
477 602 10
477 603 10
477 605 10
477 606 10
477 609 10
477 614 10
477 625 10
477 628 10
477 636 10
477 637 10
477 638 10
477 639 10
477 640 10
477 644 10
477 647 10
477 649 10
477 652 10
477 654 10
477 656 10
477 658 10
477 659 10
477 662 10
477 667 10
477 668 10
477 670 10
477 672 10
477 675 10
477 677 10
477 679 10
477 681 10
477 682 10
477 683 10
477 684 10
477 685 10
477 687 10
477 690 10
477 691 10
477 693 10
477 701 10
477 703 10
477 705 10
477 707 10
477 708 10
477 709 10
477 718 10
477 720 10
478 310 10
478 319 10
478 331 10
478 335 10
478 337 10
478 348 10
478 349 10
478 350 10
478 351 10
478 354 10
478 355 10
478 356 10
478 357 10
478 358 10
478 359 10
478 361 10
478 362 10
478 363 10
478 364 10
478 366 10
478 368 10
478 369 10
478 377 10
478 385 10
478 389 10
478 390 10
478 394 10
478 408 10
478 415 10
478 419 10
478 421 10
478 423 10
478 424 10
478 427 10
478 430 10
478 431 10
478 432 10
478 433 10
478 434 10
478 435 10
478 436 10
478 449 10
478 455 10
478 461 10
478 462 10
478 463 10
478 464 10
478 466 10
478 467 10
478 468 10
478 469 10
478 470 10
478 473 10
478 474 10
478 478 10
478 479 10
478 480 10
478 482 10
478 483 10
478 484 10
478 489 10
478 493 10
478 494 10
478 495 10
478 496 10
478 497 10
478 498 10
478 499 10
478 501 10
478 503 10
478 504 10
478 512 10
478 513 10
478 518 10
478 519 10
478 529 10
478 530 10
478 531 10
478 532 10
478 534 10
478 537 10
478 539 10
478 556 10
478 557 10
478 558 10
478 561 10
478 562 10
478 563 10
478 564 10
478 565 10
478 567 10
478 568 10
478 577 10
478 578 10
478 581 10
478 590 10
478 592 10
478 593 10
478 597 10
478 602 10
478 603 10
478 604 10
478 605 10
478 606 10
478 607 10
478 611 10
478 613 10
478 614 10
478 624 10
478 625 10
478 626 10
478 631 10
478 634 10
478 635 10
478 639 10
478 641 10
478 644 10
478 650 10
478 651 10
478 653 10
478 655 10
478 657 10
478 658 10
478 660 10
478 664 10
478 673 10
478 674 10
478 677 10
478 680 10
478 683 10
478 687 10
478 689 10
478 694 10
478 703 10
478 706 10
478 708 10
478 709 10
479 312 10
479 313 10
479 315 10
479 316 10
479 325 10
479 328 10
479 329 10
479 332 10
479 333 10
479 337 10
479 346 10
479 354 10
479 356 10
479 357 10
479 358 10
479 360 10
479 361 10
479 362 10
479 365 10
479 366 10
479 367 10
479 373 10
479 374 10
479 378 10
479 382 10
479 384 10
479 388 10
479 390 10
479 398 10
479 402 10
479 403 10
479 406 10
479 410 10
479 419 10
479 420 10
479 424 10
479 425 10
479 427 10
479 428 10
479 430 10
479 431 10
479 432 10
479 433 10
479 434 10
479 435 10
479 436 10
479 438 10
479 440 10
479 443 10
479 447 10
479 449 10
479 450 10
479 452 10
479 456 10
479 459 10
479 461 10
479 464 10
479 465 10
479 471 10
479 474 10
479 475 10
479 479 10
479 480 10
479 481 10
479 484 10
479 485 10
479 487 10
479 488 10
479 489 10
479 491 10
479 492 10
479 493 10
479 495 10
479 497 10
479 499 10
479 504 10
479 512 10
479 515 10
479 516 10
479 517 10
479 520 10
479 523 10
479 527 10
479 528 10
479 533 10
479 535 10
479 536 10
479 537 10
479 542 10
479 558 10
479 559 10
479 561 10
479 563 10
479 564 10
479 565 10
479 566 10
479 570 10
479 575 10
479 576 10
479 577 10
479 578 10
479 585 10
479 586 10
479 588 10
479 589 10
479 590 10
479 591 10
479 593 10
479 595 10
479 602 10
479 604 10
479 605 10
479 610 10
479 623 10
479 627 10
479 634 10
479 636 10
479 638 10
479 639 10
479 641 10
479 642 10
479 646 10
479 648 10
479 649 10
479 650 10
479 651 10
479 652 10
479 653 10
479 654 10
479 655 10
479 658 10
479 662 10
479 663 10
479 667 10
479 668 10
479 670 10
479 671 10
479 674 10
479 677 10
479 679 10
479 681 10
479 682 10
479 685 10
479 687 10
479 688 10
479 689 10
479 690 10
479 698 10
479 701 10
479 702 10
479 704 10
479 705 10
479 707 10
479 709 10
479 727 10
480 313 10
480 316 10
480 327 10
480 330 10
480 331 10
480 332 10
480 333 10
480 334 10
480 337 10
480 338 10
480 339 10
480 342 10
480 343 10
480 345 10
480 346 10
480 347 10
480 349 10
480 352 10
480 353 10
480 354 10
480 355 10
480 356 10
480 357 10
480 362 10
480 363 10
480 365 10
480 368 10
480 372 10
480 374 10
480 375 10
480 387 10
480 392 10
480 395 10
480 397 10
480 399 10
480 406 10
480 408 10
480 418 10
480 420 10
480 422 10
480 423 10
480 425 10
480 427 10
480 428 10
480 429 10
480 430 10
480 431 10
480 432 10
480 433 10
480 434 10
480 438 10
480 441 10
480 443 10
480 446 10
480 448 10
480 450 10
480 452 10
480 453 10
480 454 10
480 460 10
480 462 10
480 464 10
480 465 10
480 466 10
480 469 10
480 472 10
480 477 10
480 478 10
480 480 10
480 481 10
480 482 10
480 483 10
480 484 10
480 486 10
480 488 10
480 489 10
480 492 10
480 494 10
480 496 10
480 497 10
480 498 10
480 499 10
480 500 10
480 502 10
480 503 10
480 504 10
480 515 10
480 517 10
480 518 10
480 521 10
480 525 10
480 527 10
480 530 10
480 532 10
480 533 10
480 534 10
480 536 10
480 556 10
480 559 10
480 560 10
480 562 10
480 563 10
480 564 10
480 578 10
480 583 10
480 585 10
480 586 10
480 587 10
480 590 10
480 595 10
480 597 10
480 600 10
480 603 10
480 604 10
480 605 10
480 606 10
480 610 10
480 620 10
480 621 10
480 623 10
480 624 10
480 625 10
480 632 10
480 634 10
480 636 10
480 637 10
480 638 10
480 639 10
480 640 10
480 641 10
480 642 10
480 644 10
480 648 10
480 652 10
480 653 10
480 654 10
480 655 10
480 656 10
480 657 10
480 658 10
480 661 10
480 662 10
480 663 10
480 664 10
480 666 10
480 668 10
480 672 10
480 673 10
480 675 10
480 676 10
480 679 10
480 681 10
480 687 10
480 694 10
480 695 10
480 696 10
480 700 10
480 702 10
480 704 10
480 707 10
480 708 10
480 709 10
481 315 10
481 316 10
481 325 10
481 328 10
481 331 10
481 332 10
481 333 10
481 335 10
481 336 10
481 340 10
481 344 10
481 346 10
481 350 10
481 354 10
481 355 10
481 356 10
481 358 10
481 359 10
481 361 10
481 368 10
481 369 10
481 370 10
481 371 10
481 375 10
481 377 10
481 379 10
481 382 10
481 383 10
481 384 10
481 388 10
481 389 10
481 398 10
481 401 10
481 403 10
481 404 10
481 409 10
481 416 10
481 423 10
481 425 10
481 426 10
481 429 10
481 431 10
481 432 10
481 433 10
481 434 10
481 438 10
481 440 10
481 441 10
481 442 10
481 444 10
481 445 10
481 446 10
481 447 10
481 448 10
481 451 10
481 452 10
481 453 10
481 454 10
481 456 10
481 460 10
481 463 10
481 464 10
481 466 10
481 467 10
481 480 10
481 481 10
481 482 10
481 483 10
481 484 10
481 486 10
481 487 10
481 489 10
481 490 10
481 491 10
481 493 10
481 494 10
481 495 10
481 499 10
481 512 10
481 518 10
481 523 10
481 525 10
481 529 10
481 530 10
481 531 10
481 532 10
481 534 10
481 535 10
481 537 10
481 538 10
481 540 10
481 542 10
481 556 10
481 559 10
481 560 10
481 562 10
481 564 10
481 565 10
481 569 10
481 573 10
481 580 10
481 582 10
481 583 10
481 584 10
481 586 10
481 587 10
481 592 10
481 594 10
481 595 10
481 597 10
481 598 10
481 602 10
481 603 10
481 605 10
481 608 10
481 614 10
481 615 10
481 617 10
481 622 10
481 625 10
481 626 10
481 627 10
481 629 10
481 630 10
481 631 10
481 637 10
481 638 10
481 639 10
481 640 10
481 641 10
481 648 10
481 650 10
481 651 10
481 652 10
481 653 10
481 655 10
481 656 10
481 658 10
481 659 10
481 666 10
481 668 10
481 669 10
481 670 10
481 672 10
481 675 10
481 681 10
481 683 10
481 684 10
481 685 10
481 688 10
481 689 10
481 690 10
481 691 10
481 692 10
481 697 10
481 699 10
481 700 10
481 701 10
481 703 10
481 705 10
481 706 10
481 710 10
481 720 10
481 722 10
481 727 10
482 312 10
482 321 10
482 327 10
482 328 10
482 330 10
482 331 10
482 334 10
482 335 10
482 336 10
482 338 10
482 339 10
482 340 10
482 341 10
482 343 10
482 347 10
482 350 10
482 356 10
482 357 10
482 359 10
482 360 10
482 361 10
482 367 10
482 369 10
482 370 10
482 371 10
482 378 10
482 380 10
482 383 10
482 384 10
482 385 10
482 386 10
482 387 10
482 391 10
482 392 10
482 396 10
482 402 10
482 403 10
482 404 10
482 406 10
482 407 10
482 414 10
482 418 10
482 421 10
482 423 10
482 427 10
482 428 10
482 430 10
482 432 10
482 433 10
482 438 10
482 439 10
482 441 10
482 442 10
482 444 10
482 448 10
482 450 10
482 451 10
482 452 10
482 453 10
482 457 10
482 460 10
482 464 10
482 466 10
482 468 10
482 475 10
482 478 10
482 479 10
482 481 10
482 482 10
482 484 10
482 485 10
482 490 10
482 491 10
482 492 10
482 493 10
482 494 10
482 495 10
482 496 10
482 499 10
482 522 10
482 526 10
482 530 10
482 531 10
482 535 10
482 536 10
482 560 10
482 561 10
482 564 10
482 567 10
482 570 10
482 575 10
482 578 10
482 585 10
482 589 10
482 591 10
482 593 10
482 596 10
482 601 10
482 604 10
482 608 10
482 612 10
482 621 10
482 628 10
482 634 10
482 637 10
482 638 10
482 639 10
482 640 10
482 641 10
482 643 10
482 644 10
482 646 10
482 647 10
482 649 10
482 652 10
482 654 10
482 655 10
482 656 10
482 658 10
482 660 10
482 661 10
482 666 10
482 667 10
482 670 10
482 671 10
482 674 10
482 675 10
482 680 10
482 681 10
482 682 10
482 685 10
482 686 10
482 687 10
482 688 10
482 689 10
482 697 10
482 698 10
482 699 10
482 701 10
482 703 10
482 705 10
482 706 10
482 707 10
482 708 10
482 710 10
482 719 10
482 722 10
483 311 10
483 314 10
483 322 10
483 330 10
483 331 10
483 333 10
483 335 10
483 336 10
483 338 10
483 339 10
483 340 10
483 341 10
483 344 10
483 345 10
483 347 10
483 348 10
483 350 10
483 353 10
483 354 10
483 355 10
483 356 10
483 359 10
483 360 10
483 364 10
483 368 10
483 370 10
483 371 10
483 372 10
483 373 10
483 375 10
483 378 10
483 380 10
483 382 10
483 387 10
483 388 10
483 389 10
483 390 10
483 391 10
483 392 10
483 395 10
483 398 10
483 404 10
483 409 10
483 416 10
483 417 10
483 419 10
483 420 10
483 423 10
483 424 10
483 426 10
483 429 10
483 431 10
483 435 10
483 443 10
483 444 10
483 445 10
483 448 10
483 449 10
483 450 10
483 451 10
483 453 10
483 454 10
483 457 10
483 458 10
483 462 10
483 464 10
483 466 10
483 467 10
483 472 10
483 473 10
483 475 10
483 477 10
483 479 10
483 482 10
483 483 10
483 485 10
483 487 10
483 488 10
483 489 10
483 490 10
483 491 10
483 493 10
483 494 10
483 496 10
483 498 10
483 501 10
483 502 10
483 503 10
483 522 10
483 524 10
483 525 10
483 526 10
483 531 10
483 532 10
483 533 10
483 535 10
483 537 10
483 555 10
483 556 10
483 559 10
483 560 10
483 561 10
483 562 10
483 563 10
483 564 10
483 567 10
483 568 10
483 569 10
483 572 10
483 573 10
483 574 10
483 578 10
483 584 10
483 585 10
483 590 10
483 591 10
483 592 10
483 598 10
483 601 10
483 602 10
483 604 10
483 606 10
483 608 10
483 611 10
483 612 10
483 614 10
483 623 10
483 627 10
483 629 10
483 630 10
483 631 10
483 637 10
483 638 10
483 639 10
483 640 10
483 642 10
483 643 10
483 644 10
483 649 10
483 651 10
483 653 10
483 655 10
483 656 10
483 658 10
483 659 10
483 660 10
483 665 10
483 666 10
483 667 10
483 669 10
483 671 10
483 675 10
483 677 10
483 679 10
483 681 10
483 683 10
483 686 10
483 687 10
483 688 10
483 690 10
483 691 10
483 695 10
483 699 10
483 703 10
483 704 10
483 706 10
483 708 10
483 710 10
484 311 10
484 324 10
484 327 10
484 328 10
484 330 10
484 332 10
484 334 10
484 336 10
484 338 10
484 339 10
484 340 10
484 342 10
484 344 10
484 348 10
484 350 10
484 353 10
484 354 10
484 362 10
484 365 10
484 366 10
484 368 10
484 369 10
484 371 10
484 372 10
484 373 10
484 374 10
484 375 10
484 376 10
484 377 10
484 378 10
484 379 10
484 382 10
484 383 10
484 384 10
484 385 10
484 387 10
484 389 10
484 390 10
484 391 10
484 392 10
484 395 10
484 396 10
484 402 10
484 403 10
484 404 10
484 406 10
484 409 10
484 410 10
484 418 10
484 420 10
484 421 10
484 424 10
484 425 10
484 427 10
484 428 10
484 429 10
484 430 10
484 433 10
484 434 10
484 435 10
484 441 10
484 442 10
484 443 10
484 446 10
484 447 10
484 448 10
484 450 10
484 453 10
484 454 10
484 455 10
484 464 10
484 466 10
484 468 10
484 469 10
484 472 10
484 475 10
484 477 10
484 479 10
484 481 10
484 482 10
484 486 10
484 487 10
484 489 10
484 492 10
484 495 10
484 496 10
484 500 10
484 515 10
484 553 10
484 554 10
484 555 10
484 557 10
484 560 10
484 561 10
484 562 10
484 563 10
484 570 10
484 571 10
484 572 10
484 573 10
484 576 10
484 578 10
484 580 10
484 581 10
484 582 10
484 585 10
484 586 10
484 588 10
484 590 10
484 591 10
484 593 10
484 599 10
484 600 10
484 601 10
484 608 10
484 609 10
484 610 10
484 611 10
484 612 10
484 613 10
484 618 10
484 622 10
484 625 10
484 626 10
484 627 10
484 628 10
484 631 10
484 637 10
484 638 10
484 639 10
484 642 10
484 644 10
484 646 10
484 648 10
484 650 10
484 651 10
484 652 10
484 654 10
484 656 10
484 657 10
484 665 10
484 666 10
484 667 10
484 668 10
484 669 10
484 671 10
484 672 10
484 673 10
484 675 10
484 677 10
484 681 10
484 682 10
484 683 10
484 684 10
484 686 10
484 687 10
484 688 10
484 690 10
484 693 10
484 695 10
484 696 10
484 697 10
484 699 10
484 700 10
484 701 10
484 703 10
484 704 10
484 706 10
484 707 10
484 709 10
484 729 10
485 300 10
485 314 10
485 324 10
485 332 10
485 334 10
485 335 10
485 338 10
485 339 10
485 340 10
485 346 10
485 348 10
485 350 10
485 354 10
485 355 10
485 356 10
485 357 10
485 358 10
485 359 10
485 360 10
485 365 10
485 368 10
485 369 10
485 370 10
485 373 10
485 374 10
485 375 10
485 377 10
485 380 10
485 384 10
485 385 10
485 386 10
485 387 10
485 388 10
485 390 10
485 391 10
485 393 10
485 396 10
485 398 10
485 399 10
485 400 10
485 404 10
485 408 10
485 419 10
485 422 10
485 424 10
485 429 10
485 430 10
485 432 10
485 433 10
485 434 10
485 444 10
485 446 10
485 448 10
485 449 10
485 450 10
485 451 10
485 452 10
485 453 10
485 456 10
485 459 10
485 460 10
485 464 10
485 465 10
485 467 10
485 470 10
485 471 10
485 473 10
485 474 10
485 475 10
485 476 10
485 477 10
485 480 10
485 483 10
485 486 10
485 487 10
485 489 10
485 490 10
485 493 10
485 495 10
485 496 10
485 500 10
485 501 10
485 516 10
485 526 10
485 530 10
485 533 10
485 555 10
485 561 10
485 562 10
485 563 10
485 569 10
485 573 10
485 574 10
485 576 10
485 577 10
485 580 10
485 588 10
485 590 10
485 592 10
485 596 10
485 598 10
485 601 10
485 602 10
485 604 10
485 606 10
485 607 10
485 608 10
485 610 10
485 611 10
485 612 10
485 614 10
485 617 10
485 619 10
485 627 10
485 629 10
485 631 10
485 632 10
485 634 10
485 635 10
485 639 10
485 640 10
485 642 10
485 644 10
485 645 10
485 650 10
485 652 10
485 653 10
485 658 10
485 660 10
485 665 10
485 671 10
485 677 10
485 679 10
485 680 10
485 681 10
485 683 10
485 685 10
485 686 10
485 689 10
485 694 10
485 695 10
485 696 10
485 697 10
485 698 10
485 704 10
485 709 10
485 710 10
485 711 10
485 722 10
485 724 10
486 310 10
486 315 10
486 324 10
486 328 10
486 333 10
486 335 10
486 336 10
486 338 10
486 341 10
486 343 10
486 347 10
486 350 10
486 352 10
486 353 10
486 355 10
486 356 10
486 357 10
486 359 10
486 360 10
486 362 10
486 364 10
486 366 10
486 370 10
486 375 10
486 376 10
486 377 10
486 379 10
486 381 10
486 385 10
486 386 10
486 388 10
486 390 10
486 394 10
486 395 10
486 398 10
486 402 10
486 405 10
486 406 10
486 418 10
486 421 10
486 432 10
486 435 10
486 440 10
486 442 10
486 443 10
486 446 10
486 447 10
486 448 10
486 451 10
486 460 10
486 468 10
486 470 10
486 471 10
486 480 10
486 481 10
486 483 10
486 489 10
486 490 10
486 491 10
486 492 10
486 493 10
486 494 10
486 496 10
486 500 10
486 501 10
486 503 10
486 516 10
486 517 10
486 518 10
486 520 10
486 522 10
486 530 10
486 531 10
486 535 10
486 536 10
486 537 10
486 538 10
486 540 10
486 554 10
486 556 10
486 557 10
486 558 10
486 560 10
486 564 10
486 570 10
486 578 10
486 582 10
486 585 10
486 595 10
486 596 10
486 599 10
486 600 10
486 606 10
486 611 10
486 614 10
486 615 10
486 616 10
486 618 10
486 623 10
486 626 10
486 627 10
486 628 10
486 629 10
486 638 10
486 640 10
486 644 10
486 645 10
486 646 10
486 647 10
486 648 10
486 649 10
486 654 10
486 656 10
486 658 10
486 661 10
486 665 10
486 668 10
486 672 10
486 673 10
486 674 10
486 675 10
486 676 10
486 677 10
486 678 10
486 679 10
486 680 10
486 684 10
486 685 10
486 687 10
486 689 10
486 696 10
486 697 10
486 698 10
486 699 10
486 701 10
486 702 10
486 704 10
486 706 10
486 708 10
486 710 10
486 726 10
486 727 10
486 728 10
487 314 10
487 327 10
487 329 10
487 332 10
487 340 10
487 341 10
487 342 10
487 344 10
487 346 10
487 347 10
487 348 10
487 349 10
487 351 10
487 353 10
487 354 10
487 355 10
487 357 10
487 358 10
487 364 10
487 366 10
487 368 10
487 373 10
487 377 10
487 379 10
487 380 10
487 381 10
487 383 10
487 386 10
487 389 10
487 390 10
487 392 10
487 393 10
487 396 10
487 402 10
487 406 10
487 407 10
487 409 10
487 415 10
487 418 10
487 419 10
487 420 10
487 427 10
487 428 10
487 432 10
487 433 10
487 435 10
487 436 10
487 438 10
487 444 10
487 445 10
487 449 10
487 452 10
487 453 10
487 460 10
487 464 10
487 465 10
487 466 10
487 468 10
487 469 10
487 470 10
487 471 10
487 472 10
487 474 10
487 475 10
487 490 10
487 491 10
487 492 10
487 493 10
487 494 10
487 498 10
487 499 10
487 501 10
487 503 10
487 511 10
487 512 10
487 515 10
487 517 10
487 518 10
487 521 10
487 525 10
487 529 10
487 532 10
487 533 10
487 536 10
487 539 10
487 541 10
487 546 10
487 556 10
487 560 10
487 561 10
487 572 10
487 576 10
487 580 10
487 609 10
487 610 10
487 612 10
487 613 10
487 614 10
487 616 10
487 618 10
487 619 10
487 623 10
487 625 10
487 628 10
487 629 10
487 630 10
487 631 10
487 636 10
487 638 10
487 639 10
487 640 10
487 642 10
487 644 10
487 645 10
487 647 10
487 649 10
487 652 10
487 654 10
487 656 10
487 657 10
487 661 10
487 662 10
487 664 10
487 671 10
487 677 10
487 685 10
487 687 10
487 695 10
487 696 10
487 697 10
487 701 10
487 705 10
487 706 10
487 709 10
487 710 10
487 716 10
487 717 10
487 719 10
487 723 10
488 310 10
488 312 10
488 323 10
488 327 10
488 343 10
488 344 10
488 346 10
488 347 10
488 350 10
488 351 10
488 353 10
488 354 10
488 355 10
488 356 10
488 357 10
488 358 10
488 359 10
488 360 10
488 366 10
488 375 10
488 377 10
488 379 10
488 380 10
488 381 10
488 385 10
488 387 10
488 388 10
488 391 10
488 394 10
488 396 10
488 398 10
488 399 10
488 402 10
488 405 10
488 407 10
488 417 10
488 419 10
488 420 10
488 426 10
488 427 10
488 430 10
488 442 10
488 443 10
488 444 10
488 447 10
488 449 10
488 451 10
488 453 10
488 454 10
488 456 10
488 462 10
488 464 10
488 468 10
488 472 10
488 473 10
488 480 10
488 489 10
488 491 10
488 492 10
488 493 10
488 494 10
488 497 10
488 498 10
488 500 10
488 501 10
488 503 10
488 504 10
488 505 10
488 506 10
488 508 10
488 510 10
488 516 10
488 519 10
488 520 10
488 529 10
488 530 10
488 533 10
488 536 10
488 539 10
488 540 10
488 546 10
488 553 10
488 554 10
488 555 10
488 557 10
488 558 10
488 560 10
488 566 10
488 568 10
488 573 10
488 574 10
488 577 10
488 582 10
488 585 10
488 596 10
488 602 10
488 607 10
488 610 10
488 612 10
488 614 10
488 615 10
488 618 10
488 621 10
488 627 10
488 639 10
488 641 10
488 643 10
488 644 10
488 645 10
488 646 10
488 649 10
488 652 10
488 654 10
488 656 10
488 657 10
488 658 10
488 660 10
488 666 10
488 671 10
488 672 10
488 674 10
488 675 10
488 677 10
488 679 10
488 681 10
488 682 10
488 685 10
488 687 10
488 688 10
488 693 10
488 698 10
488 702 10
488 704 10
488 705 10
488 708 10
488 717 10
488 723 10
489 302 10
489 303 10
489 304 10
489 305 10
489 307 10
489 322 10
489 325 10
489 328 10
489 329 10
489 342 10
489 345 10
489 350 10
489 352 10
489 353 10
489 356 10
489 367 10
489 369 10
489 374 10
489 377 10
489 378 10
489 379 10
489 381 10
489 382 10
489 383 10
489 384 10
489 390 10
489 392 10
489 393 10
489 394 10
489 395 10
489 399 10
489 401 10
489 413 10
489 415 10
489 416 10
489 417 10
489 418 10
489 419 10
489 421 10
489 422 10
489 423 10
489 425 10
489 426 10
489 427 10
489 435 10
489 438 10
489 439 10
489 442 10
489 450 10
489 451 10
489 453 10
489 456 10
489 457 10
489 459 10
489 461 10
489 465 10
489 472 10
489 473 10
489 475 10
489 477 10
489 484 10
489 489 10
489 491 10
489 492 10
489 494 10
489 495 10
489 496 10
489 499 10
489 500 10
489 501 10
489 504 10
489 505 10
489 508 10
489 510 10
489 511 10
489 513 10
489 517 10
489 534 10
489 536 10
489 537 10
489 540 10
489 543 10
489 544 10
489 546 10
489 548 10
489 557 10
489 566 10
489 570 10
489 572 10
489 573 10
489 575 10
489 578 10
489 579 10
489 581 10
489 585 10
489 586 10
489 587 10
489 589 10
489 596 10
489 600 10
489 611 10
489 614 10
489 616 10
489 624 10
489 625 10
489 627 10
489 637 10
489 638 10
489 640 10
489 641 10
489 642 10
489 644 10
489 645 10
489 646 10
489 647 10
489 648 10
489 650 10
489 651 10
489 654 10
489 655 10
489 656 10
489 657 10
489 659 10
489 661 10
489 664 10
489 676 10
489 677 10
489 684 10
489 687 10
489 702 10
489 703 10
489 704 10
489 705 10
489 706 10
489 707 10
489 708 10
489 709 10
489 710 10
489 719 10
489 720 10
489 722 10
489 723 10
489 726 10
489 731 10
489 732 10
490 304 10
490 316 10
490 317 10
490 318 10
490 321 10
490 323 10
490 324 10
490 325 10
490 343 10
490 345 10
490 348 10
490 349 10
490 350 10
490 351 10
490 356 10
490 358 10
490 359 10
490 360 10
490 369 10
490 380 10
490 381 10
490 385 10
490 387 10
490 388 10
490 393 10
490 395 10
490 397 10
490 398 10
490 399 10
490 403 10
490 404 10
490 408 10
490 414 10
490 415 10
490 416 10
490 417 10
490 418 10
490 419 10
490 422 10
490 423 10
490 425 10
490 437 10
490 438 10
490 441 10
490 443 10
490 445 10
490 447 10
490 448 10
490 449 10
490 450 10
490 451 10
490 453 10
490 454 10
490 455 10
490 463 10
490 464 10
490 468 10
490 469 10
490 470 10
490 487 10
490 489 10
490 493 10
490 494 10
490 495 10
490 496 10
490 497 10
490 499 10
490 501 10
490 503 10
490 504 10
490 509 10
490 511 10
490 512 10
490 513 10
490 520 10
490 521 10
490 534 10
490 537 10
490 540 10
490 548 10
490 550 10
490 554 10
490 557 10
490 562 10
490 566 10
490 568 10
490 571 10
490 572 10
490 573 10
490 574 10
490 577 10
490 578 10
490 579 10
490 581 10
490 588 10
490 589 10
490 591 10
490 593 10
490 613 10
490 614 10
490 615 10
490 616 10
490 617 10
490 621 10
490 624 10
490 626 10
490 627 10
490 632 10
490 647 10
490 648 10
490 653 10
490 655 10
490 657 10
490 658 10
490 659 10
490 662 10
490 673 10
490 682 10
490 683 10
490 686 10
490 695 10
490 703 10
490 705 10
490 706 10
490 708 10
490 709 10
490 710 10
490 718 10
490 721 10
490 723 10
490 726 10
490 728 10
490 730 10
491 302 10
491 304 10
491 306 10
491 307 10
491 318 10
491 319 10
491 321 10
491 322 10
491 323 10
491 324 10
491 326 10
491 333 10
491 340 10
491 343 10
491 348 10
491 351 10
491 353 10
491 354 10
491 356 10
491 358 10
491 361 10
491 362 10
491 363 10
491 364 10
491 367 10
491 372 10
491 375 10
491 383 10
491 384 10
491 385 10
491 387 10
491 388 10
491 390 10
491 395 10
491 397 10
491 399 10
491 400 10
491 402 10
491 405 10
491 411 10
491 414 10
491 415 10
491 421 10
491 422 10
491 423 10
491 424 10
491 425 10
491 431 10
491 437 10
491 438 10
491 443 10
491 446 10
491 450 10
491 451 10
491 454 10
491 456 10
491 460 10
491 461 10
491 464 10
491 465 10
491 473 10
491 485 10
491 488 10
491 492 10
491 494 10
491 495 10
491 497 10
491 498 10
491 500 10
491 502 10
491 504 10
491 506 10
491 507 10
491 509 10
491 510 10
491 514 10
491 516 10
491 538 10
491 539 10
491 540 10
491 541 10
491 544 10
491 546 10
491 556 10
491 558 10
491 560 10
491 569 10
491 570 10
491 571 10
491 578 10
491 580 10
491 581 10
491 585 10
491 587 10
491 591 10
491 593 10
491 601 10
491 604 10
491 606 10
491 611 10
491 612 10
491 613 10
491 617 10
491 618 10
491 621 10
491 623 10
491 624 10
491 625 10
491 639 10
491 643 10
491 644 10
491 645 10
491 646 10
491 647 10
491 649 10
491 650 10
491 651 10
491 652 10
491 653 10
491 654 10
491 656 10
491 658 10
491 666 10
491 672 10
491 674 10
491 678 10
491 687 10
491 688 10
491 697 10
491 703 10
491 705 10
491 706 10
491 707 10
491 710 10
491 717 10
491 718 10
491 720 10
491 721 10
491 722 10
491 732 10
492 297 10
492 301 10
492 302 10
492 306 10
492 307 10
492 313 10
492 316 10
492 321 10
492 322 10
492 323 10
492 324 10
492 331 10
492 333 10
492 334 10
492 346 10
492 349 10
492 350 10
492 351 10
492 356 10
492 358 10
492 362 10
492 363 10
492 364 10
492 367 10
492 369 10
492 372 10
492 383 10
492 385 10
492 386 10
492 392 10
492 393 10
492 394 10
492 395 10
492 396 10
492 404 10
492 409 10
492 411 10
492 413 10
492 416 10
492 417 10
492 419 10
492 420 10
492 423 10
492 424 10
492 437 10
492 438 10
492 444 10
492 447 10
492 449 10
492 451 10
492 452 10
492 453 10
492 455 10
492 456 10
492 461 10
492 463 10
492 469 10
492 470 10
492 472 10
492 486 10
492 493 10
492 494 10
492 497 10
492 499 10
492 501 10
492 502 10
492 504 10
492 505 10
492 506 10
492 511 10
492 512 10
492 513 10
492 516 10
492 519 10
492 539 10
492 542 10
492 545 10
492 571 10
492 572 10
492 573 10
492 579 10
492 587 10
492 588 10
492 589 10
492 596 10
492 598 10
492 599 10
492 601 10
492 603 10
492 606 10
492 607 10
492 612 10
492 614 10
492 615 10
492 616 10
492 618 10
492 620 10
492 623 10
492 624 10
492 625 10
492 629 10
492 632 10
492 643 10
492 650 10
492 653 10
492 656 10
492 659 10
492 661 10
492 662 10
492 669 10
492 673 10
492 675 10
492 676 10
492 690 10
492 692 10
492 694 10
492 700 10
492 707 10
492 708 10
492 709 10
492 710 10
492 711 10
492 713 10
492 717 10
492 718 10
492 719 10
492 722 10
492 724 10
492 733 10
493 298 10
493 300 10
493 301 10
493 303 10
493 304 10
493 307 10
493 314 10
493 321 10
493 323 10
493 324 10
493 326 10
493 340 10
493 342 10
493 349 10
493 351 10
493 352 10
493 361 10
493 366 10
493 368 10
493 370 10
493 377 10
493 378 10
493 379 10
493 385 10
493 386 10
493 387 10
493 388 10
493 389 10
493 410 10
493 412 10
493 414 10
493 415 10
493 417 10
493 418 10
493 419 10
493 420 10
493 422 10
493 423 10
493 424 10
493 425 10
493 430 10
493 432 10
493 433 10
493 435 10
493 441 10
493 442 10
493 443 10
493 444 10
493 447 10
493 448 10
493 451 10
493 454 10
493 455 10
493 465 10
493 467 10
493 468 10
493 469 10
493 470 10
493 472 10
493 483 10
493 491 10
493 492 10
493 494 10
493 495 10
493 497 10
493 498 10
493 500 10
493 507 10
493 509 10
493 510 10
493 511 10
493 512 10
493 513 10
493 514 10
493 515 10
493 517 10
493 519 10
493 536 10
493 537 10
493 539 10
493 543 10
493 544 10
493 545 10
493 547 10
493 568 10
493 569 10
493 572 10
493 577 10
493 579 10
493 581 10
493 589 10
493 591 10
493 592 10
493 598 10
493 600 10
493 602 10
493 603 10
493 604 10
493 607 10
493 611 10
493 613 10
493 614 10
493 615 10
493 619 10
493 621 10
493 624 10
493 626 10
493 627 10
493 628 10
493 631 10
493 632 10
493 639 10
493 645 10
493 646 10
493 647 10
493 648 10
493 650 10
493 651 10
493 652 10
493 653 10
493 654 10
493 655 10
493 656 10
493 657 10
493 658 10
493 659 10
493 661 10
493 662 10
493 663 10
493 664 10
493 671 10
493 674 10
493 676 10
493 685 10
493 686 10
493 688 10
493 689 10
493 691 10
493 692 10
493 694 10
493 696 10
493 698 10
493 700 10
493 703 10
493 704 10
493 705 10
493 706 10
493 707 10
493 708 10
493 710 10
493 711 10
493 713 10
493 715 10
493 723 10
493 729 10
493 731 10
494 301 10
494 304 10
494 305 10
494 306 10
494 308 10
494 309 10
494 314 10
494 326 10
494 333 10
494 334 10
494 339 10
494 348 10
494 353 10
494 361 10
494 365 10
494 370 10
494 372 10
494 375 10
494 380 10
494 383 10
494 385 10
494 388 10
494 390 10
494 391 10
494 393 10
494 394 10
494 396 10
494 398 10
494 400 10
494 406 10
494 407 10
494 408 10
494 409 10
494 410 10
494 412 10
494 413 10
494 414 10
494 415 10
494 416 10
494 417 10
494 418 10
494 419 10
494 421 10
494 422 10
494 424 10
494 430 10
494 435 10
494 437 10
494 438 10
494 441 10
494 455 10
494 456 10
494 465 10
494 481 10
494 482 10
494 485 10
494 490 10
494 492 10
494 494 10
494 497 10
494 499 10
494 500 10
494 501 10
494 502 10
494 503 10
494 504 10
494 505 10
494 511 10
494 513 10
494 515 10
494 519 10
494 535 10
494 537 10
494 538 10
494 539 10
494 541 10
494 542 10
494 543 10
494 570 10
494 571 10
494 574 10
494 576 10
494 578 10
494 583 10
494 591 10
494 592 10
494 593 10
494 595 10
494 596 10
494 598 10
494 600 10
494 601 10
494 602 10
494 613 10
494 614 10
494 617 10
494 621 10
494 623 10
494 625 10
494 626 10
494 629 10
494 630 10
494 634 10
494 635 10
494 636 10
494 637 10
494 638 10
494 639 10
494 641 10
494 645 10
494 646 10
494 653 10
494 655 10
494 656 10
494 658 10
494 661 10
494 663 10
494 673 10
494 674 10
494 676 10
494 681 10
494 686 10
494 687 10
494 688 10
494 689 10
494 690 10
494 691 10
494 692 10
494 693 10
494 698 10
494 700 10
494 701 10
494 702 10
494 703 10
494 706 10
494 711 10
494 713 10
494 715 10
494 716 10
494 717 10
494 718 10
494 720 10
494 725 10
495 303 10
495 304 10
495 307 10
495 308 10
495 313 10
495 315 10
495 317 10
495 318 10
495 331 10
495 337 10
495 342 10
495 343 10
495 345 10
495 350 10
495 351 10
495 353 10
495 363 10
495 365 10
495 366 10
495 368 10
495 372 10
495 374 10
495 375 10
495 378 10
495 379 10
495 381 10
495 383 10
495 384 10
495 390 10
495 392 10
495 395 10
495 396 10
495 398 10
495 399 10
495 401 10
495 402 10
495 403 10
495 404 10
495 406 10
495 408 10
495 411 10
495 412 10
495 413 10
495 414 10
495 415 10
495 416 10
495 417 10
495 418 10
495 419 10
495 421 10
495 422 10
495 423 10
495 424 10
495 425 10
495 432 10
495 443 10
495 446 10
495 448 10
495 450 10
495 451 10
495 452 10
495 453 10
495 454 10
495 455 10
495 457 10
495 463 10
495 471 10
495 475 10
495 490 10
495 491 10
495 493 10
495 495 10
495 497 10
495 498 10
495 500 10
495 501 10
495 505 10
495 506 10
495 507 10
495 508 10
495 511 10
495 514 10
495 517 10
495 519 10
495 535 10
495 538 10
495 539 10
495 543 10
495 544 10
495 545 10
495 546 10
495 547 10
495 548 10
495 570 10
495 573 10
495 575 10
495 577 10
495 578 10
495 581 10
495 584 10
495 585 10
495 587 10
495 588 10
495 590 10
495 591 10
495 593 10
495 594 10
495 595 10
495 596 10
495 597 10
495 598 10
495 599 10
495 601 10
495 602 10
495 604 10
495 605 10
495 606 10
495 613 10
495 617 10
495 618 10
495 620 10
495 624 10
495 625 10
495 627 10
495 636 10
495 639 10
495 641 10
495 644 10
495 648 10
495 650 10
495 653 10
495 654 10
495 655 10
495 658 10
495 660 10
495 661 10
495 662 10
495 664 10
495 671 10
495 676 10
495 678 10
495 684 10
495 685 10
495 687 10
495 691 10
495 692 10
495 694 10
495 696 10
495 697 10
495 699 10
495 703 10
495 704 10
495 706 10
495 707 10
495 708 10
495 709 10
495 710 10
495 714 10
495 715 10
495 719 10
495 720 10
495 723 10
495 727 10
496 303 10
496 305 10
496 313 10
496 314 10
496 330 10
496 336 10
496 338 10
496 339 10
496 341 10
496 350 10
496 351 10
496 369 10
496 371 10
496 372 10
496 373 10
496 374 10
496 375 10
496 377 10
496 379 10
496 382 10
496 384 10
496 385 10
496 388 10
496 394 10
496 395 10
496 396 10
496 401 10
496 402 10
496 403 10
496 404 10
496 405 10
496 406 10
496 407 10
496 408 10
496 411 10
496 414 10
496 416 10
496 417 10
496 418 10
496 419 10
496 420 10
496 421 10
496 422 10
496 433 10
496 435 10
496 436 10
496 437 10
496 444 10
496 447 10
496 448 10
496 451 10
496 454 10
496 457 10
496 458 10
496 464 10
496 469 10
496 475 10
496 486 10
496 488 10
496 492 10
496 496 10
496 497 10
496 498 10
496 503 10
496 504 10
496 505 10
496 509 10
496 510 10
496 511 10
496 512 10
496 513 10
496 514 10
496 517 10
496 518 10
496 521 10
496 536 10
496 541 10
496 545 10
496 547 10
496 568 10
496 573 10
496 575 10
496 577 10
496 579 10
496 583 10
496 590 10
496 592 10
496 593 10
496 594 10
496 596 10
496 597 10
496 598 10
496 600 10
496 601 10
496 606 10
496 607 10
496 612 10
496 614 10
496 616 10
496 622 10
496 623 10
496 624 10
496 625 10
496 627 10
496 630 10
496 634 10
496 636 10
496 639 10
496 640 10
496 641 10
496 647 10
496 652 10
496 655 10
496 656 10
496 659 10
496 661 10
496 662 10
496 668 10
496 669 10
496 672 10
496 674 10
496 675 10
496 677 10
496 678 10
496 686 10
496 687 10
496 689 10
496 690 10
496 692 10
496 693 10
496 695 10
496 699 10
496 700 10
496 701 10
496 702 10
496 704 10
496 706 10
496 708 10
496 709 10
496 710 10
496 712 10
496 713 10
496 714 10
496 716 10
496 720 10
497 304 10
497 308 10
497 314 10
497 316 10
497 329 10
497 331 10
497 332 10
497 333 10
497 334 10
497 335 10
497 336 10
497 337 10
497 338 10
497 340 10
497 344 10
497 350 10
497 365 10
497 367 10
497 368 10
497 371 10
497 378 10
497 379 10
497 380 10
497 381 10
497 382 10
497 383 10
497 384 10
497 391 10
497 392 10
497 393 10
497 394 10
497 399 10
497 401 10
497 402 10
497 403 10
497 404 10
497 407 10
497 410 10
497 412 10
497 414 10
497 416 10
497 417 10
497 418 10
497 419 10
497 422 10
497 440 10
497 444 10
497 445 10
497 448 10
497 449 10
497 451 10
497 457 10
497 462 10
497 464 10
497 466 10
497 471 10
497 477 10
497 490 10
497 492 10
497 494 10
497 495 10
497 496 10
497 497 10
497 498 10
497 500 10
497 501 10
497 502 10
497 505 10
497 507 10
497 508 10
497 511 10
497 517 10
497 533 10
497 534 10
497 536 10
497 541 10
497 544 10
497 545 10
497 546 10
497 547 10
497 548 10
497 553 10
497 572 10
497 573 10
497 574 10
497 575 10
497 579 10
497 580 10
497 584 10
497 585 10
497 586 10
497 588 10
497 591 10
497 592 10
497 594 10
497 596 10
497 597 10
497 598 10
497 599 10
497 600 10
497 602 10
497 603 10
497 604 10
497 609 10
497 610 10
497 617 10
497 626 10
497 633 10
497 636 10
497 638 10
497 640 10
497 644 10
497 645 10
497 646 10
497 650 10
497 652 10
497 653 10
497 659 10
497 664 10
497 665 10
497 667 10
497 668 10
497 669 10
497 672 10
497 673 10
497 677 10
497 678 10
497 679 10
497 681 10
497 682 10
497 687 10
497 688 10
497 690 10
497 692 10
497 696 10
497 699 10
497 702 10
497 705 10
497 706 10
497 707 10
497 708 10
497 710 10
497 713 10
497 715 10
497 716 10
497 722 10
498 302 10
498 304 10
498 306 10
498 307 10
498 310 10
498 312 10
498 316 10
498 317 10
498 319 10
498 327 10
498 330 10
498 334 10
498 336 10
498 337 10
498 338 10
498 353 10
498 365 10
498 366 10
498 367 10
498 368 10
498 375 10
498 376 10
498 378 10
498 379 10
498 380 10
498 381 10
498 382 10
498 384 10
498 385 10
498 394 10
498 396 10
498 397 10
498 398 10
498 399 10
498 400 10
498 402 10
498 403 10
498 405 10
498 408 10
498 409 10
498 410 10
498 412 10
498 415 10
498 418 10
498 419 10
498 420 10
498 422 10
498 424 10
498 435 10
498 437 10
498 438 10
498 439 10
498 440 10
498 445 10
498 456 10
498 460 10
498 462 10
498 464 10
498 472 10
498 473 10
498 476 10
498 481 10
498 484 10
498 485 10
498 487 10
498 489 10
498 491 10
498 492 10
498 494 10
498 496 10
498 497 10
498 501 10
498 504 10
498 505 10
498 506 10
498 507 10
498 508 10
498 509 10
498 510 10
498 512 10
498 519 10
498 522 10
498 538 10
498 545 10
498 546 10
498 571 10
498 572 10
498 578 10
498 579 10
498 581 10
498 582 10
498 585 10
498 586 10
498 587 10
498 589 10
498 590 10
498 592 10
498 593 10
498 594 10
498 595 10
498 596 10
498 597 10
498 599 10
498 600 10
498 602 10
498 604 10
498 605 10
498 611 10
498 618 10
498 621 10
498 629 10
498 630 10
498 631 10
498 633 10
498 638 10
498 639 10
498 640 10
498 642 10
498 645 10
498 647 10
498 648 10
498 651 10
498 655 10
498 656 10
498 657 10
498 659 10
498 660 10
498 661 10
498 662 10
498 663 10
498 670 10
498 672 10
498 673 10
498 675 10
498 676 10
498 679 10
498 681 10
498 684 10
498 687 10
498 688 10
498 689 10
498 690 10
498 691 10
498 695 10
498 696 10
498 698 10
498 699 10
498 701 10
498 702 10
498 703 10
498 705 10
498 706 10
498 707 10
498 709 10
498 713 10
498 714 10
498 719 10
498 726 10
499 300 10
499 304 10
499 309 10
499 314 10
499 317 10
499 320 10
499 331 10
499 333 10
499 336 10
499 337 10
499 338 10
499 341 10
499 343 10
499 350 10
499 351 10
499 354 10
499 355 10
499 364 10
499 366 10
499 369 10
499 370 10
499 371 10
499 374 10
499 377 10
499 379 10
499 380 10
499 381 10
499 382 10
499 383 10
499 384 10
499 389 10
499 391 10
499 393 10
499 394 10
499 395 10
499 398 10
499 401 10
499 402 10
499 404 10
499 406 10
499 407 10
499 408 10
499 409 10
499 410 10
499 412 10
499 414 10
499 415 10
499 417 10
499 419 10
499 421 10
499 422 10
499 423 10
499 435 10
499 439 10
499 441 10
499 442 10
499 459 10
499 460 10
499 464 10
499 466 10
499 470 10
499 474 10
499 476 10
499 480 10
499 482 10
499 486 10
499 488 10
499 490 10
499 491 10
499 492 10
499 493 10
499 495 10
499 496 10
499 498 10
499 499 10
499 501 10
499 502 10
499 503 10
499 505 10
499 506 10
499 509 10
499 511 10
499 515 10
499 524 10
499 536 10
499 542 10
499 546 10
499 547 10
499 548 10
499 549 10
499 551 10
499 553 10
499 558 10
499 564 10
499 571 10
499 572 10
499 574 10
499 575 10
499 578 10
499 580 10
499 583 10
499 585 10
499 587 10
499 588 10
499 589 10
499 590 10
499 592 10
499 594 10
499 598 10
499 599 10
499 600 10
499 601 10
499 604 10
499 605 10
499 618 10
499 620 10
499 634 10
499 635 10
499 637 10
499 639 10
499 645 10
499 646 10
499 647 10
499 648 10
499 649 10
499 651 10
499 655 10
499 656 10
499 657 10
499 658 10
499 663 10
499 664 10
499 667 10
499 670 10
499 672 10
499 675 10
499 677 10
499 680 10
499 682 10
499 683 10
499 685 10
499 686 10
499 688 10
499 699 10
499 703 10
499 706 10
499 708 10
499 711 10
499 715 10
499 717 10
499 719 10
500 305 10
500 307 10
500 311 10
500 312 10
500 316 10
500 318 10
500 321 10
500 325 10
500 341 10
500 350 10
500 354 10
500 362 10
500 364 10
500 367 10
500 369 10
500 371 10
500 372 10
500 373 10
500 374 10
500 376 10
500 377 10
500 378 10
500 379 10
500 381 10
500 384 10
500 389 10
500 390 10
500 392 10
500 394 10
500 396 10
500 397 10
500 398 10
500 400 10
500 402 10
500 413 10
500 416 10
500 418 10
500 436 10
500 438 10
500 439 10
500 443 10
500 449 10
500 450 10
500 452 10
500 462 10
500 464 10
500 467 10
500 469 10
500 471 10
500 473 10
500 484 10
500 486 10
500 490 10
500 493 10
500 494 10
500 495 10
500 496 10
500 497 10
500 498 10
500 499 10
500 500 10
500 501 10
500 503 10
500 505 10
500 506 10
500 509 10
500 510 10
500 514 10
500 516 10
500 521 10
500 529 10
500 535 10
500 541 10
500 543 10
500 545 10
500 546 10
500 548 10
500 556 10
500 557 10
500 561 10
500 564 10
500 571 10
500 577 10
500 580 10
500 581 10
500 583 10
500 585 10
500 587 10
500 588 10
500 589 10
500 598 10
500 604 10
500 606 10
500 607 10
500 608 10
500 610 10
500 612 10
500 618 10
500 620 10
500 621 10
500 633 10
500 637 10
500 648 10
500 649 10
500 652 10
500 653 10
500 657 10
500 667 10
500 670 10
500 673 10
500 675 10
500 686 10
500 688 10
500 689 10
500 694 10
500 695 10
500 701 10
500 704 10
500 705 10
500 709 10
500 711 10
500 713 10
500 719 10
501 297 10
501 304 10
501 315 10
501 316 10
501 318 10
501 319 10
501 326 10
501 333 10
501 336 10
501 338 10
501 339 10
501 340 10
501 341 10
501 346 10
501 350 10
501 361 10
501 365 10
501 369 10
501 373 10
501 374 10
501 375 10
501 376 10
501 377 10
501 379 10
501 380 10
501 382 10
501 388 10
501 393 10
501 394 10
501 395 10
501 399 10
501 402 10
501 405 10
501 408 10
501 413 10
501 416 10
501 417 10
501 439 10
501 440 10
501 441 10
501 446 10
501 447 10
501 459 10
501 461 10
501 462 10
501 464 10
501 465 10
501 466 10
501 467 10
501 468 10
501 471 10
501 475 10
501 476 10
501 482 10
501 483 10
501 484 10
501 485 10
501 486 10
501 487 10
501 488 10
501 492 10
501 494 10
501 496 10
501 500 10
501 501 10
501 502 10
501 504 10
501 505 10
501 508 10
501 510 10
501 512 10
501 522 10
501 530 10
501 532 10
501 533 10
501 543 10
501 544 10
501 545 10
501 546 10
501 547 10
501 548 10
501 549 10
501 551 10
501 564 10
501 565 10
501 570 10
501 572 10
501 573 10
501 576 10
501 583 10
501 584 10
501 586 10
501 587 10
501 589 10
501 590 10
501 591 10
501 593 10
501 594 10
501 595 10
501 596 10
501 597 10
501 600 10
501 601 10
501 602 10
501 603 10
501 604 10
501 605 10
501 606 10
501 619 10
501 620 10
501 637 10
501 638 10
501 650 10
501 651 10
501 655 10
501 668 10
501 672 10
501 678 10
501 684 10
501 687 10
501 690 10
501 691 10
501 696 10
501 705 10
501 706 10
501 711 10
501 712 10
501 714 10
501 715 10
501 717 10
501 718 10
502 296 10
502 302 10
502 314 10
502 315 10
502 316 10
502 317 10
502 318 10
502 319 10
502 320 10
502 335 10
502 337 10
502 338 10
502 341 10
502 344 10
502 345 10
502 348 10
502 350 10
502 363 10
502 364 10
502 365 10
502 369 10
502 371 10
502 372 10
502 375 10
502 376 10
502 377 10
502 378 10
502 379 10
502 382 10
502 383 10
502 384 10
502 387 10
502 388 10
502 397 10
502 409 10
502 410 10
502 412 10
502 413 10
502 418 10
502 436 10
502 437 10
502 438 10
502 443 10
502 445 10
502 446 10
502 448 10
502 460 10
502 463 10
502 465 10
502 466 10
502 470 10
502 475 10
502 478 10
502 485 10
502 487 10
502 493 10
502 494 10
502 496 10
502 497 10
502 498 10
502 499 10
502 502 10
502 503 10
502 504 10
502 506 10
502 507 10
502 508 10
502 509 10
502 511 10
502 512 10
502 523 10
502 526 10
502 531 10
502 532 10
502 534 10
502 537 10
502 538 10
502 539 10
502 541 10
502 542 10
502 545 10
502 549 10
502 550 10
502 553 10
502 554 10
502 555 10
502 556 10
502 557 10
502 559 10
502 562 10
502 565 10
502 566 10
502 567 10
502 568 10
502 570 10
502 573 10
502 576 10
502 578 10
502 582 10
502 586 10
502 590 10
502 591 10
502 595 10
502 597 10
502 598 10
502 600 10
502 601 10
502 602 10
502 606 10
502 607 10
502 611 10
502 613 10
502 614 10
502 617 10
502 619 10
502 621 10
502 632 10
502 648 10
502 651 10
502 654 10
502 655 10
502 656 10
502 657 10
502 658 10
502 660 10
502 666 10
502 667 10
502 668 10
502 670 10
502 674 10
502 675 10
502 676 10
502 681 10
502 682 10
502 687 10
502 688 10
502 689 10
502 690 10
502 692 10
502 696 10
502 697 10
502 699 10
502 706 10
502 712 10
502 714 10
502 719 10
503 311 10
503 314 10
503 318 10
503 319 10
503 322 10
503 327 10
503 328 10
503 333 10
503 334 10
503 341 10
503 342 10
503 348 10
503 349 10
503 351 10
503 363 10
503 369 10
503 370 10
503 372 10
503 374 10
503 375 10
503 376 10
503 377 10
503 378 10
503 380 10
503 381 10
503 382 10
503 384 10
503 386 10
503 387 10
503 388 10
503 389 10
503 390 10
503 391 10
503 394 10
503 397 10
503 399 10
503 401 10
503 403 10
503 407 10
503 414 10
503 416 10
503 418 10
503 420 10
503 426 10
503 428 10
503 431 10
503 435 10
503 439 10
503 441 10
503 442 10
503 443 10
503 450 10
503 460 10
503 461 10
503 464 10
503 466 10
503 467 10
503 468 10
503 469 10
503 470 10
503 475 10
503 484 10
503 488 10
503 492 10
503 494 10
503 495 10
503 497 10
503 498 10
503 499 10
503 500 10
503 501 10
503 502 10
503 506 10
503 510 10
503 522 10
503 524 10
503 526 10
503 529 10
503 531 10
503 532 10
503 534 10
503 536 10
503 537 10
503 539 10
503 543 10
503 544 10
503 550 10
503 552 10
503 556 10
503 557 10
503 558 10
503 572 10
503 574 10
503 575 10
503 580 10
503 581 10
503 585 10
503 586 10
503 589 10
503 590 10
503 592 10
503 593 10
503 594 10
503 595 10
503 596 10
503 598 10
503 600 10
503 602 10
503 603 10
503 611 10
503 612 10
503 616 10
503 620 10
503 642 10
503 650 10
503 653 10
503 654 10
503 666 10
503 671 10
503 673 10
503 677 10
503 683 10
503 684 10
503 687 10
503 690 10
503 692 10
503 703 10
503 709 10
503 710 10
503 712 10
503 713 10
503 714 10
504 316 10
504 319 10
504 320 10
504 321 10
504 322 10
504 323 10
504 341 10
504 342 10
504 344 10
504 345 10
504 347 10
504 350 10
504 359 10
504 361 10
504 368 10
504 369 10
504 370 10
504 372 10
504 382 10
504 383 10
504 384 10
504 387 10
504 388 10
504 390 10
504 391 10
504 392 10
504 400 10
504 401 10
504 402 10
504 403 10
504 404 10
504 405 10
504 411 10
504 412 10
504 416 10
504 418 10
504 420 10
504 425 10
504 426 10
504 427 10
504 430 10
504 431 10
504 433 10
504 436 10
504 437 10
504 443 10
504 445 10
504 448 10
504 450 10
504 460 10
504 462 10
504 463 10
504 464 10
504 467 10
504 468 10
504 469 10
504 471 10
504 472 10
504 473 10
504 475 10
504 476 10
504 480 10
504 481 10
504 482 10
504 483 10
504 484 10
504 485 10
504 486 10
504 488 10
504 492 10
504 495 10
504 496 10
504 498 10
504 499 10
504 500 10
504 501 10
504 502 10
504 503 10
504 504 10
504 506 10
504 507 10
504 509 10
504 514 10
504 517 10
504 521 10
504 522 10
504 524 10
504 525 10
504 526 10
504 529 10
504 535 10
504 537 10
504 540 10
504 541 10
504 544 10
504 552 10
504 558 10
504 562 10
504 563 10
504 567 10
504 568 10
504 569 10
504 570 10
504 571 10
504 573 10
504 574 10
504 575 10
504 581 10
504 587 10
504 595 10
504 596 10
504 597 10
504 598 10
504 600 10
504 601 10
504 602 10
504 603 10
504 604 10
504 605 10
504 615 10
504 616 10
504 618 10
504 619 10
504 625 10
504 644 10
504 649 10
504 655 10
504 656 10
504 657 10
504 658 10
504 660 10
504 661 10
504 671 10
504 675 10
504 680 10
504 682 10
504 683 10
504 689 10
504 691 10
504 697 10
504 698 10
504 702 10
504 706 10
504 707 10
504 714 10
504 716 10
504 719 10
505 296 10
505 320 10
505 321 10
505 323 10
505 340 10
505 342 10
505 343 10
505 344 10
505 345 10
505 346 10
505 347 10
505 350 10
505 352 10
505 365 10
505 369 10
505 371 10
505 372 10
505 375 10
505 377 10
505 381 10
505 384 10
505 386 10
505 390 10
505 392 10
505 393 10
505 396 10
505 397 10
505 399 10
505 401 10
505 402 10
505 403 10
505 406 10
505 408 10
505 409 10
505 410 10
505 416 10
505 417 10
505 419 10
505 427 10
505 429 10
505 433 10
505 434 10
505 435 10
505 436 10
505 440 10
505 441 10
505 449 10
505 453 10
505 455 10
505 458 10
505 464 10
505 465 10
505 467 10
505 468 10
505 469 10
505 471 10
505 473 10
505 482 10
505 483 10
505 484 10
505 488 10
505 489 10
505 493 10
505 495 10
505 497 10
505 498 10
505 499 10
505 500 10
505 501 10
505 502 10
505 503 10
505 504 10
505 509 10
505 512 10
505 516 10
505 523 10
505 528 10
505 529 10
505 530 10
505 533 10
505 534 10
505 536 10
505 541 10
505 542 10
505 543 10
505 545 10
505 558 10
505 562 10
505 564 10
505 566 10
505 568 10
505 569 10
505 571 10
505 572 10
505 573 10
505 574 10
505 576 10
505 577 10
505 581 10
505 584 10
505 587 10
505 589 10
505 590 10
505 595 10
505 596 10
505 598 10
505 599 10
505 600 10
505 601 10
505 602 10
505 603 10
505 604 10
505 605 10
505 607 10
505 608 10
505 609 10
505 617 10
505 628 10
505 647 10
505 649 10
505 650 10
505 651 10
505 652 10
505 653 10
505 655 10
505 656 10
505 657 10
505 664 10
505 666 10
505 670 10
505 671 10
505 672 10
505 675 10
505 681 10
505 683 10
505 687 10
505 689 10
505 691 10
505 692 10
505 695 10
505 698 10
505 700 10
505 704 10
505 705 10
505 708 10
505 709 10
505 710 10
505 712 10
505 713 10
505 717 10
506 317 10
506 319 10
506 337 10
506 340 10
506 341 10
506 342 10
506 345 10
506 347 10
506 348 10
506 349 10
506 358 10
506 361 10
506 367 10
506 371 10
506 377 10
506 379 10
506 384 10
506 387 10
506 388 10
506 389 10
506 390 10
506 391 10
506 392 10
506 394 10
506 395 10
506 397 10
506 399 10
506 407 10
506 408 10
506 417 10
506 420 10
506 422 10
506 424 10
506 427 10
506 429 10
506 430 10
506 432 10
506 435 10
506 437 10
506 439 10
506 440 10
506 443 10
506 444 10
506 447 10
506 448 10
506 451 10
506 454 10
506 455 10
506 461 10
506 467 10
506 469 10
506 470 10
506 473 10
506 474 10
506 476 10
506 481 10
506 483 10
506 484 10
506 486 10
506 494 10
506 497 10
506 499 10
506 500 10
506 501 10
506 509 10
506 512 10
506 513 10
506 514 10
506 521 10
506 523 10
506 525 10
506 526 10
506 531 10
506 536 10
506 538 10
506 542 10
506 544 10
506 549 10
506 554 10
506 556 10
506 558 10
506 562 10
506 566 10
506 569 10
506 571 10
506 572 10
506 573 10
506 574 10
506 575 10
506 577 10
506 585 10
506 591 10
506 592 10
506 593 10
506 594 10
506 596 10
506 601 10
506 602 10
506 603 10
506 604 10
506 605 10
506 609 10
506 611 10
506 613 10
506 644 10
506 648 10
506 652 10
506 657 10
506 662 10
506 664 10
506 666 10
506 667 10
506 670 10
506 673 10
506 678 10
506 680 10
506 682 10
506 684 10
506 691 10
506 696 10
506 699 10
506 701 10
506 703 10
506 705 10
506 706 10
506 712 10
506 713 10
506 716 10
506 720 10
507 296 10
507 337 10
507 342 10
507 343 10
507 344 10
507 345 10
507 346 10
507 350 10
507 351 10
507 365 10
507 366 10
507 368 10
507 376 10
507 380 10
507 384 10
507 385 10
507 386 10
507 387 10
507 389 10
507 390 10
507 391 10
507 392 10
507 393 10
507 396 10
507 397 10
507 398 10
507 400 10
507 401 10
507 402 10
507 404 10
507 405 10
507 407 10
507 415 10
507 417 10
507 418 10
507 420 10
507 423 10
507 424 10
507 427 10
507 428 10
507 429 10
507 430 10
507 432 10
507 433 10
507 434 10
507 435 10
507 437 10
507 440 10
507 442 10
507 443 10
507 446 10
507 450 10
507 457 10
507 458 10
507 462 10
507 464 10
507 469 10
507 470 10
507 472 10
507 473 10
507 475 10
507 476 10
507 477 10
507 481 10
507 483 10
507 484 10
507 485 10
507 486 10
507 489 10
507 490 10
507 492 10
507 496 10
507 498 10
507 500 10
507 505 10
507 506 10
507 509 10
507 510 10
507 512 10
507 523 10
507 525 10
507 528 10
507 530 10
507 531 10
507 538 10
507 544 10
507 545 10
507 551 10
507 554 10
507 556 10
507 564 10
507 566 10
507 568 10
507 569 10
507 571 10
507 575 10
507 576 10
507 577 10
507 590 10
507 595 10
507 598 10
507 600 10
507 602 10
507 603 10
507 604 10
507 605 10
507 607 10
507 610 10
507 611 10
507 638 10
507 639 10
507 645 10
507 648 10
507 650 10
507 651 10
507 654 10
507 657 10
507 658 10
507 660 10
507 663 10
507 664 10
507 665 10
507 668 10
507 672 10
507 673 10
507 676 10
507 678 10
507 679 10
507 681 10
507 682 10
507 684 10
507 690 10
507 699 10
507 706 10
507 707 10
507 709 10
507 710 10
507 712 10
507 714 10
507 724 10
507 731 10
508 301 10
508 320 10
508 321 10
508 337 10
508 339 10
508 340 10
508 342 10
508 344 10
508 348 10
508 350 10
508 364 10
508 369 10
508 376 10
508 377 10
508 385 10
508 386 10
508 390 10
508 395 10
508 396 10
508 397 10
508 401 10
508 402 10
508 403 10
508 404 10
508 405 10
508 409 10
508 429 10
508 430 10
508 431 10
508 432 10
508 434 10
508 436 10
508 438 10
508 439 10
508 440 10
508 443 10
508 445 10
508 447 10
508 451 10
508 454 10
508 455 10
508 456 10
508 459 10
508 462 10
508 467 10
508 473 10
508 475 10
508 477 10
508 478 10
508 479 10
508 481 10
508 484 10
508 492 10
508 494 10
508 496 10
508 498 10
508 499 10
508 502 10
508 512 10
508 513 10
508 519 10
508 522 10
508 524 10
508 525 10
508 527 10
508 528 10
508 529 10
508 532 10
508 537 10
508 538 10
508 540 10
508 554 10
508 556 10
508 558 10
508 567 10
508 568 10
508 569 10
508 571 10
508 572 10
508 573 10
508 574 10
508 576 10
508 598 10
508 599 10
508 600 10
508 601 10
508 602 10
508 603 10
508 605 10
508 606 10
508 618 10
508 631 10
508 636 10
508 639 10
508 650 10
508 652 10
508 653 10
508 655 10
508 657 10
508 658 10
508 659 10
508 662 10
508 663 10
508 664 10
508 665 10
508 671 10
508 673 10
508 674 10
508 675 10
508 676 10
508 678 10
508 680 10
508 681 10
508 684 10
508 692 10
508 695 10
508 696 10
508 697 10
508 701 10
508 706 10
508 709 10
508 711 10
508 712 10
508 714 10
508 721 10
508 722 10
509 303 10
509 320 10
509 332 10
509 334 10
509 340 10
509 341 10
509 343 10
509 354 10
509 363 10
509 367 10
509 369 10
509 370 10
509 371 10
509 374 10
509 378 10
509 382 10
509 384 10
509 394 10
509 395 10
509 396 10
509 400 10
509 403 10
509 409 10
509 425 10
509 430 10
509 431 10
509 432 10
509 434 10
509 436 10
509 437 10
509 440 10
509 447 10
509 448 10
509 449 10
509 451 10
509 452 10
509 456 10
509 457 10
509 458 10
509 460 10
509 461 10
509 462 10
509 463 10
509 470 10
509 473 10
509 474 10
509 476 10
509 478 10
509 479 10
509 480 10
509 481 10
509 483 10
509 484 10
509 498 10
509 500 10
509 504 10
509 505 10
509 509 10
509 517 10
509 524 10
509 525 10
509 527 10
509 529 10
509 530 10
509 532 10
509 538 10
509 539 10
509 542 10
509 543 10
509 546 10
509 551 10
509 554 10
509 564 10
509 567 10
509 569 10
509 570 10
509 571 10
509 572 10
509 576 10
509 583 10
509 586 10
509 587 10
509 588 10
509 590 10
509 591 10
509 598 10
509 602 10
509 603 10
509 604 10
509 608 10
509 610 10
509 628 10
509 630 10
509 637 10
509 639 10
509 640 10
509 646 10
509 648 10
509 651 10
509 654 10
509 655 10
509 660 10
509 661 10
509 662 10
509 663 10
509 665 10
509 666 10
509 668 10
509 672 10
509 674 10
509 676 10
509 681 10
509 683 10
509 686 10
509 687 10
509 688 10
509 689 10
509 691 10
509 692 10
509 696 10
509 700 10
509 707 10
509 708 10
509 710 10
509 711 10
509 712 10
509 713 10
509 714 10
509 716 10
509 720 10
509 723 10
509 729 10
510 306 10
510 311 10
510 315 10
510 316 10
510 319 10
510 320 10
510 322 10
510 329 10
510 335 10
510 336 10
510 337 10
510 339 10
510 342 10
510 346 10
510 356 10
510 359 10
510 360 10
510 363 10
510 367 10
510 368 10
510 369 10
510 370 10
510 371 10
510 373 10
510 374 10
510 381 10
510 383 10
510 384 10
510 386 10
510 390 10
510 393 10
510 394 10
510 399 10
510 403 10
510 404 10
510 409 10
510 419 10
510 420 10
510 426 10
510 428 10
510 429 10
510 431 10
510 432 10
510 434 10
510 435 10
510 437 10
510 439 10
510 441 10
510 449 10
510 451 10
510 452 10
510 455 10
510 456 10
510 458 10
510 461 10
510 462 10
510 463 10
510 466 10
510 474 10
510 475 10
510 476 10
510 477 10
510 478 10
510 479 10
510 480 10
510 481 10
510 482 10
510 483 10
510 485 10
510 498 10
510 499 10
510 501 10
510 502 10
510 511 10
510 513 10
510 514 10
510 516 10
510 517 10
510 520 10
510 521 10
510 522 10
510 524 10
510 526 10
510 527 10
510 529 10
510 532 10
510 534 10
510 541 10
510 547 10
510 549 10
510 550 10
510 552 10
510 554 10
510 557 10
510 562 10
510 564 10
510 565 10
510 567 10
510 568 10
510 569 10
510 571 10
510 572 10
510 573 10
510 574 10
510 575 10
510 584 10
510 587 10
510 588 10
510 590 10
510 591 10
510 592 10
510 595 10
510 600 10
510 601 10
510 602 10
510 603 10
510 604 10
510 610 10
510 628 10
510 637 10
510 639 10
510 640 10
510 649 10
510 657 10
510 663 10
510 673 10
510 674 10
510 675 10
510 676 10
510 677 10
510 678 10
510 679 10
510 683 10
510 684 10
510 687 10
510 701 10
510 709 10
510 711 10
510 715 10
510 716 10
510 717 10
510 723 10
510 724 10
510 725 10
510 726 10
511 304 10
511 309 10
511 315 10
511 316 10
511 319 10
511 332 10
511 333 10
511 335 10
511 336 10
511 339 10
511 341 10
511 349 10
511 352 10
511 356 10
511 364 10
511 365 10
511 366 10
511 367 10
511 369 10
511 370 10
511 371 10
511 372 10
511 373 10
511 375 10
511 380 10
511 381 10
511 382 10
511 383 10
511 385 10
511 388 10
511 389 10
511 399 10
511 407 10
511 411 10
511 419 10
511 431 10
511 432 10
511 433 10
511 434 10
511 437 10
511 439 10
511 448 10
511 451 10
511 457 10
511 459 10
511 460 10
511 461 10
511 462 10
511 463 10
511 464 10
511 465 10
511 466 10
511 467 10
511 468 10
511 470 10
511 473 10
511 474 10
511 475 10
511 476 10
511 477 10
511 478 10
511 480 10
511 481 10
511 482 10
511 483 10
511 484 10
511 496 10
511 497 10
511 501 10
511 502 10
511 506 10
511 507 10
511 510 10
511 517 10
511 518 10
511 521 10
511 524 10
511 526 10
511 527 10
511 531 10
511 532 10
511 533 10
511 534 10
511 538 10
511 541 10
511 542 10
511 543 10
511 544 10
511 545 10
511 546 10
511 547 10
511 550 10
511 552 10
511 554 10
511 558 10
511 559 10
511 560 10
511 564 10
511 566 10
511 567 10
511 569 10
511 572 10
511 573 10
511 574 10
511 583 10
511 586 10
511 593 10
511 595 10
511 596 10
511 597 10
511 598 10
511 600 10
511 603 10
511 604 10
511 608 10
511 611 10
511 627 10
511 637 10
511 638 10
511 639 10
511 647 10
511 652 10
511 653 10
511 654 10
511 655 10
511 657 10
511 659 10
511 660 10
511 666 10
511 674 10
511 675 10
511 676 10
511 680 10
511 686 10
511 688 10
511 690 10
511 692 10
511 693 10
511 694 10
511 696 10
511 698 10
511 709 10
511 710 10
511 712 10
511 714 10
511 715 10
511 716 10
511 718 10
511 719 10
511 720 10
511 721 10
511 730 10
512 311 10
512 312 10
512 313 10
512 317 10
512 318 10
512 319 10
512 327 10
512 334 10
512 338 10
512 339 10
512 341 10
512 342 10
512 343 10
512 348 10
512 353 10
512 354 10
512 358 10
512 361 10
512 363 10
512 366 10
512 367 10
512 370 10
512 373 10
512 375 10
512 376 10
512 378 10
512 380 10
512 381 10
512 383 10
512 385 10
512 387 10
512 388 10
512 390 10
512 391 10
512 392 10
512 393 10
512 395 10
512 398 10
512 402 10
512 406 10
512 408 10
512 409 10
512 410 10
512 420 10
512 426 10
512 427 10
512 430 10
512 432 10
512 434 10
512 435 10
512 441 10
512 451 10
512 454 10
512 455 10
512 456 10
512 457 10
512 460 10
512 463 10
512 465 10
512 466 10
512 470 10
512 471 10
512 473 10
512 474 10
512 475 10
512 480 10
512 482 10
512 483 10
512 484 10
512 498 10
512 499 10
512 508 10
512 509 10
512 510 10
512 511 10
512 513 10
512 514 10
512 515 10
512 519 10
512 521 10
512 523 10
512 524 10
512 526 10
512 527 10
512 529 10
512 530 10
512 535 10
512 537 10
512 538 10
512 539 10
512 545 10
512 546 10
512 549 10
512 550 10
512 554 10
512 566 10
512 568 10
512 569 10
512 571 10
512 573 10
512 578 10
512 584 10
512 585 10
512 587 10
512 588 10
512 589 10
512 590 10
512 591 10
512 594 10
512 595 10
512 596 10
512 603 10
512 608 10
512 609 10
512 610 10
512 639 10
512 641 10
512 643 10
512 649 10
512 650 10
512 655 10
512 656 10
512 659 10
512 661 10
512 673 10
512 674 10
512 678 10
512 679 10
512 680 10
512 682 10
512 683 10
512 684 10
512 686 10
512 687 10
512 688 10
512 712 10
512 713 10
512 714 10
512 715 10
512 716 10
512 718 10
512 719 10
513 318 10
513 319 10
513 320 10
513 326 10
513 327 10
513 332 10
513 340 10
513 343 10
513 351 10
513 357 10
513 365 10
513 366 10
513 368 10
513 369 10
513 371 10
513 372 10
513 373 10
513 376 10
513 381 10
513 382 10
513 383 10
513 384 10
513 386 10
513 387 10
513 388 10
513 389 10
513 391 10
513 394 10
513 396 10
513 398 10
513 411 10
513 412 10
513 427 10
513 432 10
513 434 10
513 441 10
513 451 10
513 454 10
513 455 10
513 458 10
513 459 10
513 460 10
513 461 10
513 465 10
513 467 10
513 470 10
513 474 10
513 476 10
513 477 10
513 479 10
513 482 10
513 492 10
513 493 10
513 494 10
513 495 10
513 496 10
513 499 10
513 503 10
513 504 10
513 505 10
513 506 10
513 507 10
513 508 10
513 512 10
513 514 10
513 515 10
513 516 10
513 517 10
513 518 10
513 519 10
513 523 10
513 526 10
513 528 10
513 529 10
513 532 10
513 535 10
513 541 10
513 542 10
513 545 10
513 547 10
513 551 10
513 554 10
513 557 10
513 558 10
513 559 10
513 561 10
513 562 10
513 564 10
513 569 10
513 570 10
513 571 10
513 572 10
513 573 10
513 576 10
513 577 10
513 585 10
513 587 10
513 590 10
513 592 10
513 593 10
513 598 10
513 599 10
513 603 10
513 604 10
513 605 10
513 606 10
513 607 10
513 608 10
513 629 10
513 634 10
513 635 10
513 638 10
513 639 10
513 648 10
513 649 10
513 652 10
513 653 10
513 657 10
513 658 10
513 661 10
513 663 10
513 668 10
513 672 10
513 673 10
513 674 10
513 677 10
513 678 10
513 680 10
513 681 10
513 685 10
513 690 10
513 692 10
513 712 10
513 713 10
513 715 10
513 720 10
513 722 10
514 309 10
514 310 10
514 311 10
514 313 10
514 316 10
514 317 10
514 318 10
514 321 10
514 327 10
514 333 10
514 334 10
514 335 10
514 336 10
514 337 10
514 339 10
514 340 10
514 342 10
514 343 10
514 345 10
514 347 10
514 348 10
514 351 10
514 353 10
514 355 10
514 362 10
514 364 10
514 365 10
514 367 10
514 370 10
514 371 10
514 372 10
514 373 10
514 374 10
514 375 10
514 379 10
514 380 10
514 381 10
514 382 10
514 383 10
514 384 10
514 385 10
514 386 10
514 387 10
514 388 10
514 389 10
514 390 10
514 391 10
514 392 10
514 393 10
514 394 10
514 400 10
514 405 10
514 408 10
514 418 10
514 419 10
514 427 10
514 428 10
514 433 10
514 435 10
514 436 10
514 441 10
514 442 10
514 451 10
514 452 10
514 453 10
514 454 10
514 455 10
514 457 10
514 460 10
514 461 10
514 465 10
514 467 10
514 468 10
514 469 10
514 473 10
514 474 10
514 476 10
514 477 10
514 479 10
514 492 10
514 503 10
514 505 10
514 506 10
514 512 10
514 519 10
514 521 10
514 522 10
514 524 10
514 525 10
514 526 10
514 527 10
514 528 10
514 529 10
514 530 10
514 532 10
514 535 10
514 536 10
514 537 10
514 538 10
514 540 10
514 541 10
514 544 10
514 545 10
514 547 10
514 550 10
514 551 10
514 563 10
514 564 10
514 567 10
514 569 10
514 574 10
514 576 10
514 583 10
514 585 10
514 589 10
514 590 10
514 591 10
514 593 10
514 594 10
514 595 10
514 597 10
514 598 10
514 599 10
514 601 10
514 609 10
514 620 10
514 625 10
514 628 10
514 634 10
514 639 10
514 640 10
514 641 10
514 643 10
514 645 10
514 655 10
514 656 10
514 661 10
514 662 10
514 664 10
514 665 10
514 667 10
514 668 10
514 670 10
514 672 10
514 677 10
514 678 10
514 679 10
514 680 10
514 684 10
514 687 10
514 688 10
514 689 10
514 715 10
514 716 10
514 719 10
514 722 10
515 309 10
515 310 10
515 316 10
515 317 10
515 322 10
515 328 10
515 332 10
515 333 10
515 339 10
515 342 10
515 343 10
515 345 10
515 347 10
515 350 10
515 357 10
515 360 10
515 365 10
515 367 10
515 368 10
515 369 10
515 374 10
515 377 10
515 378 10
515 379 10
515 380 10
515 381 10
515 382 10
515 383 10
515 384 10
515 385 10
515 386 10
515 387 10
515 388 10
515 390 10
515 391 10
515 393 10
515 394 10
515 395 10
515 396 10
515 397 10
515 403 10
515 404 10
515 406 10
515 407 10
515 408 10
515 410 10
515 421 10
515 425 10
515 427 10
515 428 10
515 432 10
515 433 10
515 436 10
515 447 10
515 451 10
515 452 10
515 454 10
515 455 10
515 456 10
515 458 10
515 459 10
515 462 10
515 463 10
515 465 10
515 466 10
515 469 10
515 471 10
515 472 10
515 473 10
515 474 10
515 480 10
515 482 10
515 493 10
515 497 10
515 499 10
515 504 10
515 505 10
515 506 10
515 510 10
515 512 10
515 514 10
515 516 10
515 517 10
515 519 10
515 520 10
515 521 10
515 522 10
515 524 10
515 525 10
515 526 10
515 527 10
515 528 10
515 529 10
515 530 10
515 531 10
515 533 10
515 535 10
515 536 10
515 537 10
515 538 10
515 542 10
515 543 10
515 548 10
515 559 10
515 560 10
515 562 10
515 567 10
515 569 10
515 570 10
515 573 10
515 577 10
515 579 10
515 586 10
515 588 10
515 590 10
515 591 10
515 594 10
515 598 10
515 599 10
515 600 10
515 603 10
515 607 10
515 608 10
515 610 10
515 626 10
515 628 10
515 629 10
515 631 10
515 633 10
515 634 10
515 635 10
515 637 10
515 640 10
515 641 10
515 642 10
515 652 10
515 654 10
515 659 10
515 660 10
515 662 10
515 667 10
515 670 10
515 674 10
515 676 10
515 678 10
515 680 10
515 681 10
515 685 10
515 688 10
515 690 10
515 716 10
515 717 10
515 718 10
515 719 10
516 311 10
516 313 10
516 316 10
516 320 10
516 326 10
516 328 10
516 329 10
516 330 10
516 331 10
516 333 10
516 334 10
516 335 10
516 336 10
516 337 10
516 338 10
516 341 10
516 344 10
516 348 10
516 350 10
516 351 10
516 363 10
516 366 10
516 367 10
516 371 10
516 372 10
516 373 10
516 374 10
516 375 10
516 376 10
516 377 10
516 378 10
516 380 10
516 381 10
516 382 10
516 383 10
516 384 10
516 385 10
516 386 10
516 387 10
516 388 10
516 389 10
516 390 10
516 391 10
516 392 10
516 393 10
516 405 10
516 407 10
516 410 10
516 415 10
516 417 10
516 418 10
516 419 10
516 427 10
516 433 10
516 435 10
516 437 10
516 447 10
516 448 10
516 449 10
516 450 10
516 454 10
516 455 10
516 459 10
516 462 10
516 463 10
516 464 10
516 465 10
516 466 10
516 469 10
516 491 10
516 494 10
516 497 10
516 500 10
516 502 10
516 506 10
516 507 10
516 509 10
516 514 10
516 520 10
516 521 10
516 522 10
516 523 10
516 524 10
516 525 10
516 527 10
516 528 10
516 529 10
516 530 10
516 531 10
516 532 10
516 537 10
516 541 10
516 542 10
516 544 10
516 545 10
516 547 10
516 548 10
516 549 10
516 551 10
516 552 10
516 554 10
516 565 10
516 567 10
516 581 10
516 584 10
516 586 10
516 590 10
516 594 10
516 596 10
516 598 10
516 599 10
516 600 10
516 602 10
516 605 10
516 606 10
516 607 10
516 608 10
516 618 10
516 628 10
516 630 10
516 634 10
516 636 10
516 644 10
516 647 10
516 651 10
516 654 10
516 663 10
516 665 10
516 666 10
516 671 10
516 672 10
516 673 10
516 674 10
516 675 10
516 682 10
516 685 10
516 694 10
516 700 10
516 703 10
516 704 10
516 717 10
516 718 10
517 302 10
517 309 10
517 310 10
517 311 10
517 316 10
517 326 10
517 328 10
517 334 10
517 338 10
517 340 10
517 341 10
517 345 10
517 346 10
517 347 10
517 348 10
517 352 10
517 353 10
517 366 10
517 368 10
517 369 10
517 370 10
517 373 10
517 375 10
517 376 10
517 377 10
517 378 10
517 379 10
517 380 10
517 381 10
517 382 10
517 383 10
517 384 10
517 385 10
517 386 10
517 387 10
517 388 10
517 389 10
517 390 10
517 391 10
517 392 10
517 394 10
517 396 10
517 397 10
517 398 10
517 405 10
517 406 10
517 407 10
517 409 10
517 417 10
517 419 10
517 420 10
517 421 10
517 424 10
517 425 10
517 426 10
517 433 10
517 434 10
517 435 10
517 445 10
517 446 10
517 449 10
517 450 10
517 451 10
517 452 10
517 453 10
517 455 10
517 456 10
517 457 10
517 460 10
517 465 10
517 466 10
517 467 10
517 468 10
517 470 10
517 471 10
517 474 10
517 488 10
517 492 10
517 493 10
517 495 10
517 496 10
517 500 10
517 504 10
517 506 10
517 507 10
517 511 10
517 513 10
517 515 10
517 517 10
517 518 10
517 520 10
517 521 10
517 522 10
517 524 10
517 525 10
517 528 10
517 529 10
517 531 10
517 532 10
517 534 10
517 537 10
517 542 10
517 543 10
517 546 10
517 550 10
517 552 10
517 562 10
517 566 10
517 569 10
517 573 10
517 577 10
517 582 10
517 593 10
517 594 10
517 597 10
517 598 10
517 599 10
517 601 10
517 602 10
517 605 10
517 606 10
517 607 10
517 617 10
517 621 10
517 626 10
517 628 10
517 629 10
517 632 10
517 634 10
517 637 10
517 642 10
517 644 10
517 647 10
517 649 10
517 650 10
517 652 10
517 655 10
517 660 10
517 665 10
517 673 10
517 674 10
517 677 10
517 682 10
517 683 10
517 686 10
517 694 10
517 701 10
517 704 10
517 711 10
517 712 10
517 713 10
517 715 10
517 718 10
518 304 10
518 311 10
518 313 10
518 315 10
518 316 10
518 319 10
518 325 10
518 326 10
518 328 10
518 329 10
518 330 10
518 331 10
518 333 10
518 334 10
518 335 10
518 343 10
518 345 10
518 350 10
518 351 10
518 353 10
518 361 10
518 367 10
518 369 10
518 372 10
518 374 10
518 375 10
518 376 10
518 377 10
518 378 10
518 379 10
518 380 10
518 381 10
518 382 10
518 383 10
518 384 10
518 385 10
518 386 10
518 387 10
518 388 10
518 389 10
518 390 10
518 391 10
518 392 10
518 407 10
518 409 10
518 410 10
518 413 10
518 415 10
518 417 10
518 421 10
518 424 10
518 426 10
518 427 10
518 428 10
518 429 10
518 433 10
518 434 10
518 435 10
518 452 10
518 455 10
518 457 10
518 458 10
518 460 10
518 461 10
518 466 10
518 468 10
518 469 10
518 470 10
518 473 10
518 477 10
518 488 10
518 490 10
518 491 10
518 493 10
518 495 10
518 497 10
518 498 10
518 500 10
518 504 10
518 505 10
518 509 10
518 512 10
518 514 10
518 516 10
518 518 10
518 519 10
518 520 10
518 522 10
518 527 10
518 528 10
518 529 10
518 531 10
518 532 10
518 533 10
518 535 10
518 536 10
518 537 10
518 542 10
518 549 10
518 550 10
518 551 10
518 552 10
518 553 10
518 554 10
518 559 10
518 561 10
518 565 10
518 573 10
518 574 10
518 575 10
518 578 10
518 579 10
518 581 10
518 583 10
518 587 10
518 590 10
518 591 10
518 594 10
518 595 10
518 596 10
518 598 10
518 599 10
518 602 10
518 603 10
518 604 10
518 606 10
518 608 10
518 609 10
518 619 10
518 620 10
518 625 10
518 627 10
518 629 10
518 634 10
518 637 10
518 638 10
518 639 10
518 647 10
518 648 10
518 649 10
518 650 10
518 655 10
518 665 10
518 673 10
518 677 10
518 682 10
518 685 10
518 699 10
518 700 10
518 703 10
518 704 10
518 715 10
518 718 10
518 719 10
518 721 10
518 722 10
518 726 10
519 305 10
519 306 10
519 309 10
519 310 10
519 316 10
519 317 10
519 319 10
519 321 10
519 323 10
519 325 10
519 326 10
519 327 10
519 328 10
519 329 10
519 332 10
519 333 10
519 335 10
519 336 10
519 338 10
519 341 10
519 342 10
519 343 10
519 345 10
519 350 10
519 352 10
519 355 10
519 357 10
519 360 10
519 364 10
519 365 10
519 369 10
519 374 10
519 376 10
519 377 10
519 378 10
519 380 10
519 381 10
519 382 10
519 383 10
519 384 10
519 385 10
519 386 10
519 387 10
519 388 10
519 389 10
519 390 10
519 391 10
519 392 10
519 393 10
519 394 10
519 405 10
519 406 10
519 407 10
519 415 10
519 421 10
519 423 10
519 433 10
519 434 10
519 435 10
519 436 10
519 437 10
519 449 10
519 452 10
519 455 10
519 461 10
519 462 10
519 469 10
519 472 10
519 475 10
519 479 10
519 489 10
519 491 10
519 493 10
519 494 10
519 495 10
519 496 10
519 503 10
519 505 10
519 506 10
519 507 10
519 508 10
519 509 10
519 512 10
519 513 10
519 515 10
519 516 10
519 517 10
519 520 10
519 521 10
519 523 10
519 524 10
519 527 10
519 530 10
519 531 10
519 534 10
519 538 10
519 541 10
519 546 10
519 552 10
519 559 10
519 560 10
519 563 10
519 564 10
519 569 10
519 570 10
519 573 10
519 575 10
519 577 10
519 579 10
519 589 10
519 590 10
519 593 10
519 595 10
519 596 10
519 597 10
519 601 10
519 602 10
519 605 10
519 606 10
519 617 10
519 620 10
519 625 10
519 630 10
519 631 10
519 632 10
519 633 10
519 634 10
519 635 10
519 636 10
519 639 10
519 641 10
519 642 10
519 643 10
519 646 10
519 661 10
519 672 10
519 674 10
519 681 10
519 701 10
519 714 10
519 720 10
519 721 10
519 723 10
520 307 10
520 314 10
520 315 10
520 316 10
520 317 10
520 319 10
520 321 10
520 322 10
520 326 10
520 328 10
520 330 10
520 332 10
520 333 10
520 335 10
520 336 10
520 340 10
520 343 10
520 346 10
520 351 10
520 353 10
520 355 10
520 356 10
520 359 10
520 361 10
520 362 10
520 363 10
520 365 10
520 369 10
520 372 10
520 373 10
520 375 10
520 376 10
520 378 10
520 379 10
520 381 10
520 382 10
520 383 10
520 384 10
520 385 10
520 386 10
520 387 10
520 388 10
520 389 10
520 390 10
520 391 10
520 392 10
520 396 10
520 405 10
520 406 10
520 409 10
520 412 10
520 413 10
520 416 10
520 420 10
520 421 10
520 424 10
520 427 10
520 430 10
520 431 10
520 432 10
520 437 10
520 438 10
520 451 10
520 453 10
520 462 10
520 466 10
520 469 10
520 471 10
520 473 10
520 476 10
520 477 10
520 491 10
520 492 10
520 494 10
520 495 10
520 496 10
520 497 10
520 501 10
520 505 10
520 508 10
520 510 10
520 511 10
520 513 10
520 514 10
520 516 10
520 517 10
520 518 10
520 519 10
520 520 10
520 522 10
520 523 10
520 526 10
520 528 10
520 530 10
520 531 10
520 532 10
520 535 10
520 546 10
520 548 10
520 549 10
520 550 10
520 557 10
520 558 10
520 562 10
520 565 10
520 567 10
520 571 10
520 573 10
520 574 10
520 575 10
520 577 10
520 579 10
520 581 10
520 582 10
520 583 10
520 584 10
520 586 10
520 587 10
520 588 10
520 589 10
520 590 10
520 593 10
520 600 10
520 601 10
520 602 10
520 603 10
520 604 10
520 605 10
520 607 10
520 609 10
520 617 10
520 619 10
520 628 10
520 632 10
520 634 10
520 635 10
520 638 10
520 640 10
520 672 10
520 685 10
520 701 10
520 703 10
520 711 10
520 712 10
520 714 10
520 717 10
520 718 10
520 721 10
520 722 10
521 298 10
521 300 10
521 301 10
521 304 10
521 308 10
521 318 10
521 319 10
521 322 10
521 324 10
521 326 10
521 327 10
521 332 10
521 335 10
521 339 10
521 342 10
521 343 10
521 347 10
521 348 10
521 349 10
521 351 10
521 355 10
521 356 10
521 358 10
521 359 10
521 363 10
521 366 10
521 372 10
521 375 10
521 376 10
521 380 10
521 382 10
521 383 10
521 384 10
521 385 10
521 386 10
521 387 10
521 388 10
521 389 10
521 390 10
521 392 10
521 393 10
521 402 10
521 406 10
521 408 10
521 409 10
521 410 10
521 421 10
521 423 10
521 429 10
521 430 10
521 432 10
521 434 10
521 437 10
521 445 10
521 447 10
521 449 10
521 450 10
521 465 10
521 468 10
521 469 10
521 473 10
521 476 10
521 477 10
521 485 10
521 487 10
521 493 10
521 494 10
521 495 10
521 496 10
521 498 10
521 499 10
521 500 10
521 503 10
521 504 10
521 509 10
521 510 10
521 514 10
521 515 10
521 516 10
521 517 10
521 518 10
521 519 10
521 520 10
521 523 10
521 525 10
521 528 10
521 530 10
521 531 10
521 532 10
521 539 10
521 542 10
521 548 10
521 553 10
521 559 10
521 562 10
521 563 10
521 564 10
521 565 10
521 567 10
521 569 10
521 573 10
521 574 10
521 575 10
521 581 10
521 584 10
521 587 10
521 590 10
521 591 10
521 593 10
521 594 10
521 595 10
521 596 10
521 597 10
521 598 10
521 601 10
521 603 10
521 604 10
521 616 10
521 617 10
521 618 10
521 619 10
521 620 10
521 628 10
521 629 10
521 631 10
521 639 10
521 646 10
521 647 10
521 680 10
521 682 10
521 683 10
521 685 10
521 702 10
521 712 10
521 722 10
522 298 10
522 300 10
522 305 10
522 317 10
522 321 10
522 323 10
522 324 10
522 325 10
522 327 10
522 328 10
522 329 10
522 330 10
522 331 10
522 332 10
522 334 10
522 337 10
522 344 10
522 345 10
522 346 10
522 348 10
522 350 10
522 352 10
522 353 10
522 355 10
522 356 10
522 359 10
522 360 10
522 362 10
522 363 10
522 365 10
522 366 10
522 367 10
522 371 10
522 372 10
522 373 10
522 374 10
522 376 10
522 378 10
522 379 10
522 380 10
522 381 10
522 383 10
522 384 10
522 386 10
522 387 10
522 388 10
522 389 10
522 390 10
522 391 10
522 393 10
522 394 10
522 395 10
522 397 10
522 401 10
522 405 10
522 406 10
522 407 10
522 414 10
522 419 10
522 422 10
522 427 10
522 429 10
522 432 10
522 435 10
522 438 10
522 439 10
522 445 10
522 447 10
522 448 10
522 450 10
522 463 10
522 465 10
522 466 10
522 467 10
522 469 10
522 470 10
522 471 10
522 474 10
522 475 10
522 476 10
522 489 10
522 492 10
522 493 10
522 495 10
522 496 10
522 497 10
522 498 10
522 499 10
522 500 10
522 501 10
522 502 10
522 505 10
522 512 10
522 514 10
522 516 10
522 517 10
522 518 10
522 519 10
522 520 10
522 521 10
522 525 10
522 526 10
522 532 10
522 533 10
522 545 10
522 547 10
522 548 10
522 555 10
522 557 10
522 559 10
522 561 10
522 565 10
522 566 10
522 568 10
522 572 10
522 575 10
522 577 10
522 580 10
522 581 10
522 582 10
522 584 10
522 587 10
522 588 10
522 590 10
522 592 10
522 593 10
522 601 10
522 608 10
522 612 10
522 620 10
522 627 10
522 629 10
522 633 10
522 642 10
522 646 10
522 671 10
522 699 10
522 701 10
522 712 10
522 714 10
522 717 10
522 723 10
523 299 10
523 302 10
523 303 10
523 305 10
523 306 10
523 308 10
523 313 10
523 314 10
523 315 10
523 319 10
523 321 10
523 323 10
523 324 10
523 325 10
523 326 10
523 327 10
523 328 10
523 329 10
523 335 10
523 336 10
523 338 10
523 339 10
523 340 10
523 342 10
523 344 10
523 346 10
523 347 10
523 350 10
523 351 10
523 355 10
523 356 10
523 357 10
523 360 10
523 361 10
523 363 10
523 364 10
523 368 10
523 370 10
523 371 10
523 375 10
523 376 10
523 377 10
523 379 10
523 380 10
523 381 10
523 382 10
523 383 10
523 384 10
523 385 10
523 387 10
523 388 10
523 389 10
523 392 10
523 393 10
523 398 10
523 405 10
523 406 10
523 408 10
523 409 10
523 413 10
523 416 10
523 419 10
523 421 10
523 422 10
523 426 10
523 428 10
523 433 10
523 436 10
523 437 10
523 439 10
523 445 10
523 446 10
523 447 10
523 448 10
523 450 10
523 451 10
523 452 10
523 459 10
523 460 10
523 461 10
523 468 10
523 469 10
523 470 10
523 475 10
523 484 10
523 493 10
523 494 10
523 495 10
523 496 10
523 497 10
523 498 10
523 499 10
523 500 10
523 501 10
523 508 10
523 511 10
523 512 10
523 513 10
523 514 10
523 516 10
523 517 10
523 519 10
523 520 10
523 526 10
523 531 10
523 532 10
523 533 10
523 534 10
523 536 10
523 545 10
523 546 10
523 549 10
523 551 10
523 557 10
523 562 10
523 564 10
523 565 10
523 566 10
523 568 10
523 569 10
523 571 10
523 574 10
523 575 10
523 576 10
523 577 10
523 579 10
523 581 10
523 587 10
523 589 10
523 590 10
523 591 10
523 592 10
523 593 10
523 594 10
523 595 10
523 596 10
523 597 10
523 599 10
523 602 10
523 606 10
523 607 10
523 615 10
523 616 10
523 629 10
523 645 10
523 647 10
523 649 10
523 663 10
523 673 10
523 683 10
523 691 10
523 697 10
523 700 10
523 702 10
523 704 10
523 705 10
523 714 10
524 299 10
524 301 10
524 303 10
524 306 10
524 309 10
524 315 10
524 317 10
524 318 10
524 321 10
524 323 10
524 324 10
524 325 10
524 326 10
524 327 10
524 329 10
524 330 10
524 331 10
524 332 10
524 333 10
524 337 10
524 338 10
524 339 10
524 344 10
524 345 10
524 347 10
524 349 10
524 352 10
524 353 10
524 354 10
524 356 10
524 357 10
524 359 10
524 360 10
524 361 10
524 364 10
524 365 10
524 367 10
524 369 10
524 370 10
524 372 10
524 373 10
524 375 10
524 376 10
524 378 10
524 381 10
524 383 10
524 386 10
524 387 10
524 388 10
524 390 10
524 391 10
524 394 10
524 395 10
524 397 10
524 399 10
524 400 10
524 401 10
524 403 10
524 405 10
524 406 10
524 407 10
524 408 10
524 409 10
524 410 10
524 411 10
524 412 10
524 414 10
524 415 10
524 422 10
524 424 10
524 426 10
524 428 10
524 429 10
524 430 10
524 432 10
524 435 10
524 436 10
524 438 10
524 445 10
524 446 10
524 449 10
524 459 10
524 463 10
524 468 10
524 470 10
524 474 10
524 480 10
524 489 10
524 490 10
524 493 10
524 495 10
524 496 10
524 497 10
524 499 10
524 500 10
524 501 10
524 504 10
524 508 10
524 509 10
524 510 10
524 511 10
524 513 10
524 514 10
524 515 10
524 516 100000
524 519 10
524 521 10
524 522 10
524 524 10
524 525 10
524 527 10
524 529 10
524 530 10
524 534 10
524 535 10
524 539 10
524 541 10
524 542 10
524 543 10
524 545 10
524 547 10
524 550 10
524 552 10
524 554 10
524 559 10
524 562 10
524 564 10
524 565 10
524 566 10
524 567 10
524 568 10
524 569 10
524 570 10
524 571 10
524 573 10
524 574 10
524 582 10
524 588 10
524 591 10
524 593 10
524 595 10
524 597 10
524 599 10
524 600 10
524 608 10
524 609 10
524 616 10
524 619 10
524 628 10
524 629 10
524 633 10
524 642 10
524 654 10
524 666 10
524 668 10
524 672 10
524 688 10
524 689 10
524 691 10
524 694 10
524 696 10
524 699 10
524 700 10
524 711 10
524 714 10
524 716 10
525 298 10
525 304 10
525 305 10
525 310 10
525 314 10
525 318 10
525 320 10
525 322 10
525 324 10
525 325 10
525 326 10
525 329 10
525 330 10
525 336 10
525 340 10
525 344 10
525 345 10
525 346 10
525 349 10
525 350 10
525 351 10
525 352 10
525 367 10
525 369 10
525 370 10
525 371 10
525 373 10
525 374 10
525 378 10
525 380 10
525 381 10
525 382 10
525 383 10
525 386 10
525 388 10
525 389 10
525 390 10
525 395 10
525 404 10
525 405 10
525 406 10
525 407 10
525 409 10
525 410 10
525 411 10
525 412 10
525 413 10
525 415 10
525 418 10
525 422 10
525 424 10
525 426 10
525 430 10
525 431 10
525 432 10
525 434 10
525 435 10
525 436 10
525 439 10
525 441 10
525 447 10
525 448 10
525 466 10
525 467 10
525 468 10
525 470 10
525 472 10
525 474 10
525 479 10
525 484 10
525 494 10
525 495 10
525 496 10
525 497 10
525 498 10
525 499 10
525 506 10
525 507 10
525 510 10
525 511 10
525 512 10
525 514 10
525 516 10
525 517 10
525 522 10
525 523 10
525 524 10
525 526 10
525 529 10
525 532 10
525 535 10
525 537 10
525 549 10
525 554 10
525 557 10
525 564 10
525 566 10
525 570 10
525 571 10
525 572 10
525 576 10
525 582 10
525 592 10
525 595 10
525 597 10
525 598 10
525 599 10
525 601 10
525 602 10
525 606 10
525 608 10
525 612 10
525 613 10
525 614 10
525 627 10
525 630 10
525 643 10
525 644 10
525 646 10
525 649 10
525 669 10
525 675 10
525 680 10
525 682 10
525 692 10
525 697 10
525 709 10
526 297 10
526 299 10
526 300 10
526 301 10
526 307 10
526 318 10
526 319 10
526 321 10
526 323 10
526 324 10
526 328 10
526 332 10
526 340 10
526 341 10
526 343 10
526 345 10
526 346 10
526 347 10
526 350 10
526 352 10
526 353 10
526 354 10
526 355 10
526 357 10
526 359 10
526 365 10
526 367 10
526 369 10
526 371 10
526 374 10
526 375 10
526 377 10
526 380 10
526 384 10
526 385 10
526 386 10
526 387 10
526 395 10
526 399 10
526 400 10
526 401 10
526 402 10
526 403 10
526 404 10
526 407 10
526 409 10
526 410 10
526 411 10
526 412 10
526 416 10
526 417 10
526 428 10
526 431 10
526 432 10
526 433 10
526 435 10
526 437 10
526 439 10
526 441 10
526 444 10
526 446 10
526 447 10
526 459 10
526 463 10
526 465 10
526 466 10
526 467 10
526 468 10
526 469 10
526 475 10
526 482 10
526 491 10
526 493 10
526 495 10
526 496 10
526 498 10
526 499 10
526 508 10
526 509 10
526 510 10
526 511 10
526 512 10
526 513 10
526 514 10
526 519 10
526 520 10
526 523 10
526 525 10
526 527 10
526 530 10
526 531 10
526 533 10
526 534 10
526 535 10
526 536 10
526 542 10
526 543 10
526 545 10
526 547 10
526 558 10
526 559 10
526 562 10
526 564 10
526 566 10
526 568 10
526 570 10
526 574 10
526 575 10
526 582 10
526 590 10
526 592 10
526 594 10
526 595 10
526 599 10
526 600 10
526 601 10
526 603 10
526 605 10
526 612 10
526 614 10
526 621 10
526 622 10
526 629 10
526 641 10
526 645 10
526 649 10
526 652 10
526 657 10
526 667 10
526 668 10
526 669 10
526 689 10
526 692 10
526 693 10
526 694 10
526 695 10
526 696 10
526 697 10
526 707 10
526 709 10
526 710 10
526 713 10
527 297 10
527 298 10
527 301 10
527 318 10
527 321 10
527 327 10
527 329 10
527 331 10
527 332 10
527 333 10
527 334 10
527 337 10
527 338 10
527 340 10
527 342 10
527 343 10
527 344 10
527 350 10
527 351 10
527 352 10
527 354 10
527 357 10
527 358 10
527 360 10
527 361 10
527 363 10
527 364 10
527 368 10
527 371 10
527 373 10
527 374 10
527 377 10
527 378 10
527 379 10
527 384 10
527 385 10
527 386 10
527 387 10
527 391 10
527 399 10
527 400 10
527 401 10
527 404 10
527 405 10
527 406 10
527 407 10
527 408 10
527 412 10
527 413 10
527 414 10
527 415 10
527 416 10
527 425 10
527 427 10
527 429 10
527 430 10
527 431 10
527 432 10
527 433 10
527 434 10
527 435 10
527 436 10
527 438 10
527 440 10
527 443 10
527 449 10
527 453 10
527 455 10
527 460 10
527 462 10
527 466 10
527 469 10
527 483 10
527 487 10
527 491 10
527 493 10
527 494 10
527 496 10
527 497 10
527 498 10
527 499 10
527 501 10
527 504 10
527 506 10
527 507 10
527 508 10
527 509 10
527 512 10
527 513 10
527 514 10
527 516 10
527 517 10
527 521 10
527 527 10
527 528 10
527 530 10
527 532 10
527 533 10
527 534 10
527 537 10
527 540 10
527 544 10
527 549 10
527 551 10
527 554 10
527 555 10
527 558 10
527 566 10
527 568 10
527 575 10
527 576 10
527 585 10
527 587 10
527 591 10
527 594 10
527 595 10
527 596 10
527 597 10
527 599 10
527 600 10
527 601 10
527 602 10
527 603 10
527 612 10
527 623 10
527 629 10
527 631 10
527 633 10
527 642 10
527 643 10
527 646 10
527 650 10
527 651 10
527 667 10
527 690 10
527 693 10
527 694 10
527 696 10
527 698 10
527 699 10
527 705 10
527 706 10
527 712 10
528 301 10
528 308 10
528 318 10
528 329 10
528 330 10
528 334 10
528 336 10
528 340 10
528 341 10
528 343 10
528 344 10
528 350 10
528 351 10
528 352 10
528 354 10
528 359 10
528 361 10
528 368 10
528 369 10
528 371 10
528 372 10
528 373 10
528 374 10
528 379 10
528 380 10
528 381 10
528 384 10
528 385 10
528 395 10
528 396 10
528 398 10
528 399 10
528 401 10
528 403 10
528 404 10
528 408 10
528 411 10
528 413 10
528 414 10
528 416 10
528 417 10
528 425 10
528 428 10
528 430 10
528 431 10
528 433 10
528 439 10
528 440 10
528 441 10
528 446 10
528 452 10
528 458 10
528 459 10
528 461 10
528 462 10
528 467 10
528 482 10
528 491 10
528 492 10
528 494 10
528 495 10
528 504 10
528 508 10
528 511 10
528 512 10
528 513 10
528 515 10
528 516 10
528 517 10
528 518 10
528 520 10
528 521 10
528 522 10
528 524 10
528 525 10
528 531 10
528 534 10
528 542 10
528 543 10
528 544 10
528 547 10
528 550 10
528 551 10
528 553 10
528 558 10
528 560 10
528 564 10
528 565 10
528 567 10
528 568 10
528 590 10
528 595 10
528 599 10
528 600 10
528 602 10
528 605 10
528 607 10
528 608 10
528 609 10
528 613 10
528 617 10
528 620 10
528 621 10
528 622 10
528 623 10
528 629 10
528 630 10
528 644 10
528 648 10
528 650 10
528 651 10
528 655 10
528 657 10
528 658 10
528 660 10
528 664 10
528 665 10
528 667 10
528 670 10
528 685 10
528 689 10
528 690 10
528 693 10
528 694 10
528 695 10
528 702 10
528 705 10
528 710 10
528 711 10
528 713 10
529 297 10
529 300 10
529 309 10
529 311 10
529 312 10
529 318 10
529 320 10
529 322 10
529 324 10
529 333 10
529 335 10
529 336 10
529 337 10
529 339 10
529 341 10
529 342 10
529 343 10
529 349 10
529 350 10
529 351 10
529 353 10
529 355 10
529 356 10
529 358 10
529 363 10
529 364 10
529 367 10
529 370 10
529 374 10
529 375 10
529 376 10
529 377 10
529 378 10
529 382 10
529 383 10
529 384 10
529 385 10
529 386 10
529 391 10
529 394 10
529 397 10
529 398 10
529 399 10
529 401 10
529 402 10
529 404 10
529 406 10
529 407 10
529 409 10
529 410 10
529 412 10
529 413 10
529 424 10
529 426 10
529 431 10
529 436 10
529 447 10
529 449 10
529 457 10
529 466 10
529 469 10
529 484 10
529 485 10
529 496 10
529 499 10
529 500 10
529 501 10
529 504 10
529 505 10
529 509 10
529 510 10
529 511 10
529 512 10
529 517 10
529 518 10
529 519 10
529 520 10
529 521 10
529 522 10
529 523 10
529 528 10
529 529 10
529 530 10
529 532 10
529 533 10
529 536 10
529 537 10
529 540 10
529 544 10
529 545 10
529 547 10
529 549 10
529 552 10
529 553 10
529 555 10
529 567 10
529 577 10
529 587 10
529 588 10
529 589 10
529 590 10
529 591 10
529 594 10
529 596 10
529 600 10
529 603 10
529 607 10
529 620 10
529 621 10
529 644 10
529 648 10
529 649 10
529 650 10
529 652 10
529 656 10
529 662 10
529 665 10
529 666 10
529 667 10
529 668 10
529 681 10
529 682 10
529 685 10
529 686 10
529 695 10
529 697 10
529 704 10
529 705 10
529 707 10
529 710 10
529 746 10
530 295 10
530 299 10
530 315 10
530 316 10
530 322 10
530 324 10
530 331 10
530 337 10
530 340 10
530 341 10
530 343 10
530 349 10
530 351 10
530 354 10
530 355 10
530 356 10
530 361 10
530 365 10
530 371 10
530 374 10
530 375 10
530 376 10
530 386 10
530 390 10
530 392 10
530 393 10
530 394 10
530 395 10
530 396 10
530 397 10
530 398 10
530 399 10
530 402 10
530 403 10
530 404 10
530 407 10
530 409 10
530 412 10
530 413 10
530 414 10
530 428 10
530 433 10
530 437 10
530 439 10
530 443 10
530 444 10
530 446 10
530 448 10
530 449 10
530 450 10
530 451 10
530 453 10
530 455 10
530 456 10
530 457 10
530 458 10
530 462 10
530 481 10
530 483 10
530 485 10
530 486 10
530 490 10
530 497 10
530 498 10
530 500 10
530 501 10
530 502 10
530 504 10
530 505 10
530 507 10
530 509 10
530 515 10
530 517 10
530 518 10
530 519 10
530 520 10
530 529 10
530 530 10
530 532 10
530 533 10
530 538 10
530 540 10
530 541 10
530 542 10
530 543 10
530 544 10
530 546 10
530 547 10
530 549 10
530 551 10
530 552 10
530 554 10
530 555 10
530 562 10
530 563 10
530 566 10
530 575 10
530 585 10
530 588 10
530 590 10
530 592 10
530 594 10
530 595 10
530 596 10
530 598 10
530 604 10
530 605 10
530 607 10
530 608 10
530 609 10
530 621 10
530 627 10
530 628 10
530 630 10
530 636 10
530 640 10
530 642 10
530 644 10
530 647 10
530 651 10
530 655 10
530 656 10
530 657 10
530 659 10
530 664 10
530 666 10
530 667 10
530 669 10
530 692 10
530 694 10
530 695 10
530 696 10
530 697 10
530 699 10
530 702 10
530 704 10
530 712 10
531 299 10
531 302 10
531 309 10
531 310 10
531 312 10
531 318 10
531 320 10
531 323 10
531 332 10
531 334 10
531 335 10
531 338 10
531 339 10
531 340 10
531 342 10
531 345 10
531 348 10
531 350 10
531 351 10
531 352 10
531 353 10
531 354 10
531 357 10
531 365 10
531 370 10
531 373 10
531 376 10
531 378 10
531 380 10
531 381 10
531 382 10
531 383 10
531 384 10
531 386 10
531 388 10
531 392 10
531 394 10
531 396 10
531 398 10
531 399 10
531 407 10
531 408 10
531 409 10
531 410 10
531 413 10
531 425 10
531 426 10
531 427 10
531 431 10
531 433 10
531 442 10
531 446 10
531 447 10
531 448 10
531 449 10
531 451 10
531 454 10
531 474 10
531 480 10
531 482 10
531 484 10
531 486 10
531 490 10
531 497 10
531 502 10
531 504 10
531 507 10
531 508 10
531 510 10
531 511 10
531 520 10
531 523 10
531 529 10
531 530 10
531 534 10
531 535 10
531 537 10
531 540 10
531 541 10
531 542 10
531 544 10
531 545 10
531 546 10
531 547 10
531 548 10
531 550 10
531 557 10
531 558 10
531 559 10
531 562 10
531 581 10
531 586 10
531 591 10
531 592 10
531 593 10
531 597 10
531 609 10
531 610 10
531 611 10
531 612 10
531 619 10
531 620 10
531 621 10
531 628 10
531 629 10
531 631 10
531 634 10
531 640 10
531 641 10
531 642 10
531 645 10
531 646 10
531 648 10
531 650 10
531 652 10
531 655 10
531 658 10
531 659 10
531 661 10
531 662 10
531 664 10
531 666 10
531 685 10
531 686 10
531 691 10
531 695 10
531 697 10
531 699 10
531 704 10
531 709 10
531 712 10
531 716 10
531 722 10
531 724 10
531 734 10
531 735 10
532 297 10
532 305 10
532 306 10
532 312 10
532 313 10
532 314 10
532 316 10
532 319 10
532 321 10
532 322 10
532 323 10
532 330 10
532 331 10
532 332 10
532 338 10
532 340 10
532 341 10
532 343 10
532 344 10
532 345 10
532 346 10
532 349 10
532 351 10
532 355 10
532 356 10
532 357 10
532 359 10
532 360 10
532 366 10
532 368 10
532 371 10
532 373 10
532 374 10
532 390 10
532 392 10
532 395 10
532 396 10
532 398 10
532 400 10
532 401 10
532 407 10
532 408 10
532 410 10
532 411 10
532 425 10
532 426 10
532 429 10
532 438 10
532 439 10
532 442 10
532 443 10
532 445 10
532 446 10
532 447 10
532 448 10
532 449 10
532 450 10
532 451 10
532 452 10
532 453 10
532 454 10
532 455 10
532 461 10
532 462 10
532 480 10
532 481 10
532 483 10
532 484 10
532 486 10
532 488 10
532 490 10
532 498 10
532 501 10
532 502 10
532 503 10
532 508 10
532 509 10
532 511 10
532 513 10
532 521 10
532 523 10
532 525 10
532 526 10
532 527 10
532 531 10
532 532 10
532 534 10
532 536 10
532 537 10
532 538 10
532 540 10
532 543 10
532 544 10
532 545 10
532 546 10
532 547 10
532 548 10
532 550 10
532 552 10
532 553 10
532 554 10
532 555 10
532 557 10
532 558 10
532 559 10
532 561 10
532 568 10
532 569 10
532 572 10
532 581 10
532 587 10
532 591 10
532 593 10
532 594 10
532 595 10
532 597 10
532 599 10
532 615 10
532 616 10
532 618 10
532 619 10
532 622 10
532 628 10
532 629 10
532 630 10
532 637 10
532 638 10
532 641 10
532 642 10
532 643 10
532 644 10
532 648 10
532 650 10
532 651 10
532 653 10
532 660 10
532 662 10
532 664 10
532 666 10
532 668 10
532 692 10
532 694 10
532 698 10
532 699 10
532 705 10
532 707 10
532 711 10
532 714 10
532 717 10
532 738 10
532 742 10
532 743 10
533 300 10
533 303 10
533 309 10
533 311 10
533 314 10
533 315 10
533 317 10
533 318 10
533 320 10
533 321 10
533 324 10
533 328 10
533 330 10
533 338 10
533 342 10
533 345 10
533 346 10
533 348 10
533 349 10
533 353 10
533 354 10
533 356 10
533 357 10
533 358 10
533 360 10
533 369 10
533 373 10
533 376 10
533 377 10
533 378 10
533 380 10
533 384 10
533 392 10
533 393 10
533 395 10
533 396 10
533 397 10
533 408 10
533 409 10
533 413 10
533 416 10
533 429 10
533 430 10
533 431 10
533 432 10
533 433 10
533 435 10
533 440 10
533 441 10
533 443 10
533 444 10
533 447 10
533 448 10
533 451 10
533 457 10
533 459 10
533 460 10
533 461 10
533 469 10
533 470 10
533 471 10
533 475 10
533 481 10
533 483 10
533 484 10
533 485 10
533 486 10
533 492 10
533 493 10
533 494 10
533 495 10
533 497 10
533 499 10
533 500 10
533 505 10
533 506 10
533 508 10
533 509 10
533 511 10
533 513 10
533 514 10
533 515 10
533 521 10
533 524 10
533 525 10
533 526 10
533 528 10
533 529 10
533 531 10
533 532 10
533 534 10
533 535 10
533 536 10
533 538 10
533 540 10
533 542 10
533 544 10
533 545 10
533 546 10
533 548 10
533 551 10
533 554 10
533 555 10
533 556 10
533 557 10
533 559 10
533 560 10
533 562 10
533 568 10
533 570 10
533 571 10
533 572 10
533 577 10
533 578 10
533 579 10
533 581 10
533 582 10
533 587 10
533 589 10
533 593 10
533 594 10
533 596 10
533 597 10
533 599 10
533 601 10
533 610 10
533 615 10
533 617 10
533 618 10
533 627 10
533 628 10
533 631 10
533 633 10
533 639 10
533 640 10
533 641 10
533 643 10
533 646 10
533 648 10
533 650 10
533 651 10
533 653 10
533 655 10
533 661 10
533 662 10
533 663 10
533 665 10
533 667 10
533 683 10
533 692 10
533 696 10
533 698 10
533 703 10
533 707 10
533 715 10
533 722 10
533 734 10
533 735 10
534 301 10
534 302 10
534 307 10
534 308 10
534 310 10
534 311 10
534 312 10
534 313 10
534 314 10
534 316 10
534 318 10
534 320 10
534 321 10
534 324 10
534 327 10
534 329 10
534 332 10
534 333 10
534 336 10
534 338 10
534 339 10
534 343 10
534 344 10
534 345 10
534 346 10
534 347 10
534 349 10
534 350 10
534 352 10
534 353 10
534 354 10
534 355 10
534 356 10
534 357 10
534 360 10
534 362 10
534 370 10
534 371 10
534 374 10
534 377 10
534 386 10
534 387 10
534 388 10
534 394 10
534 395 10
534 408 10
534 410 10
534 414 10
534 418 10
534 424 10
534 427 10
534 428 10
534 434 10
534 435 10
534 441 10
534 443 10
534 444 10
534 445 10
534 446 10
534 447 10
534 448 10
534 449 10
534 450 10
534 462 10
534 463 10
534 464 10
534 466 10
534 470 10
534 471 10
534 473 10
534 475 10
534 480 10
534 481 10
534 483 10
534 489 10
534 490 10
534 491 10
534 497 10
534 500 10
534 505 10
534 508 10
534 511 10
534 514 10
534 515 10
534 525 10
534 528 10
534 529 10
534 532 10
534 534 10
534 535 10
534 536 10
534 537 10
534 538 10
534 539 10
534 544 10
534 546 10
534 548 10
534 551 10
534 553 10
534 554 10
534 555 10
534 557 10
534 558 10
534 559 10
534 560 10
534 561 10
534 562 10
534 568 10
534 569 10
534 571 10
534 574 10
534 575 10
534 577 10
534 582 10
534 584 10
534 587 10
534 590 10
534 591 10
534 592 10
534 593 10
534 596 10
534 598 10
534 599 10
534 604 10
534 607 10
534 609 10
534 613 10
534 616 10
534 620 10
534 622 10
534 626 10
534 627 10
534 639 10
534 641 10
534 642 10
534 643 10
534 644 10
534 647 10
534 650 10
534 651 10
534 652 10
534 655 10
534 658 10
534 659 10
534 660 10
534 663 10
534 665 10
534 667 10
534 674 10
534 691 10
534 692 10
534 696 10
534 698 10
534 699 10
534 700 10
534 703 10
534 705 10
534 708 10
534 709 10
534 710 10
534 712 10
534 713 10
534 715 10
534 722 10
534 736 10
534 738 10
534 743 10
534 746 10
535 290 10
535 295 10
535 297 10
535 300 10
535 308 10
535 311 10
535 315 10
535 316 10
535 317 10
535 319 10
535 321 10
535 322 10
535 326 10
535 328 10
535 329 10
535 330 10
535 335 10
535 336 10
535 337 10
535 338 10
535 339 10
535 341 10
535 344 10
535 345 10
535 347 10
535 349 10
535 358 10
535 363 10
535 367 10
535 376 10
535 379 10
535 381 10
535 392 10
535 393 10
535 394 10
535 396 10
535 405 10
535 406 10
535 407 10
535 410 10
535 416 10
535 428 10
535 429 10
535 430 10
535 431 10
535 433 10
535 435 10
535 437 10
535 439 10
535 441 10
535 442 10
535 445 10
535 446 10
535 447 10
535 448 10
535 450 10
535 460 10
535 462 10
535 464 10
535 478 10
535 479 10
535 483 10
535 485 10
535 489 10
535 491 10
535 497 10
535 498 10
535 500 10
535 501 10
535 502 10
535 503 10
535 511 10
535 512 10
535 513 10
535 515 10
535 519 10
535 523 10
535 526 10
535 528 10
535 530 10
535 532 10
535 533 10
535 534 10
535 535 10
535 536 10
535 538 10
535 540 10
535 545 10
535 547 10
535 548 10
535 549 10
535 550 10
535 551 10
535 553 10
535 556 10
535 557 10
535 559 10
535 561 10
535 562 10
535 564 10
535 565 10
535 567 10
535 569 10
535 570 10
535 572 10
535 575 10
535 578 10
535 579 10
535 589 10
535 594 10
535 610 10
535 615 10
535 620 10
535 625 10
535 628 10
535 629 10
535 630 10
535 633 10
535 634 10
535 638 10
535 640 10
535 641 10
535 642 10
535 643 10
535 646 10
535 647 10
535 648 10
535 650 10
535 651 10
535 654 10
535 655 10
535 656 10
535 665 10
535 667 10
535 673 10
535 674 10
535 681 10
535 693 10
535 694 10
535 695 10
535 698 10
535 699 10
535 700 10
535 704 10
535 705 10
535 708 10
535 709 10
535 711 10
535 715 10
535 717 10
535 735 10
536 290 10
536 299 10
536 300 10
536 302 10
536 307 10
536 308 10
536 315 10
536 316 10
536 319 10
536 322 10
536 324 10
536 325 10
536 326 10
536 329 10
536 330 10
536 331 10
536 332 10
536 333 10
536 340 10
536 341 10
536 345 10
536 346 10
536 347 10
536 350 10
536 351 10
536 355 10
536 357 10
536 359 10
536 361 10
536 366 10
536 367 10
536 368 10
536 369 10
536 370 10
536 372 10
536 374 10
536 378 10
536 383 10
536 385 10
536 386 10
536 388 10
536 389 10
536 395 10
536 396 10
536 406 10
536 409 10
536 410 10
536 412 10
536 413 10
536 415 10
536 419 10
536 420 10
536 422 10
536 427 10
536 431 10
536 433 10
536 439 10
536 443 10
536 444 10
536 446 10
536 447 10
536 450 10
536 455 10
536 460 10
536 461 10
536 463 10
536 464 10
536 466 10
536 470 10
536 473 10
536 475 10
536 476 10
536 479 10
536 491 10
536 492 10
536 493 10
536 494 10
536 497 10
536 499 10
536 501 10
536 505 10
536 507 10
536 509 10
536 511 10
536 512 10
536 513 10
536 514 10
536 523 10
536 525 10
536 528 10
536 529 10
536 530 10
536 532 10
536 534 10
536 535 10
536 537 10
536 538 10
536 540 10
536 541 10
536 543 10
536 545 10
536 546 10
536 547 10
536 553 10
536 554 10
536 558 10
536 559 10
536 560 10
536 562 10
536 565 10
536 567 10
536 569 10
536 570 10
536 572 10
536 574 10
536 578 10
536 584 10
536 587 10
536 589 10
536 590 10
536 591 10
536 592 10
536 609 10
536 618 10
536 619 10
536 622 10
536 623 10
536 624 10
536 625 10
536 626 10
536 627 10
536 629 10
536 639 10
536 640 10
536 641 10
536 643 10
536 645 10
536 646 10
536 649 10
536 650 10
536 653 10
536 656 10
536 659 10
536 660 10
536 666 10
536 677 10
536 679 10
536 681 10
536 683 10
536 685 10
536 687 10
536 688 10
536 689 10
536 690 10
536 691 10
536 693 10
536 695 10
536 697 10
536 698 10
536 705 10
536 706 10
536 707 10
536 713 10
536 717 10
536 724 10
536 725 10
537 292 10
537 295 10
537 296 10
537 299 10
537 300 10
537 301 10
537 308 10
537 317 10
537 319 10
537 320 10
537 321 10
537 323 10
537 324 10
537 325 10
537 328 10
537 329 10
537 330 10
537 331 10
537 332 10
537 333 10
537 334 10
537 335 10
537 339 10
537 340 10
537 343 10
537 344 10
537 345 10
537 347 10
537 348 10
537 351 10
537 352 10
537 353 10
537 354 10
537 355 10
537 357 10
537 358 10
537 359 10
537 360 10
537 364 10
537 375 10
537 376 10
537 377 10
537 378 10
537 379 10
537 381 10
537 382 10
537 383 10
537 384 10
537 385 10
537 393 10
537 396 10
537 404 10
537 406 10
537 408 10
537 418 10
537 420 10
537 421 10
537 422 10
537 423 10
537 424 10
537 428 10
537 429 10
537 434 10
537 442 10
537 444 10
537 445 10
537 446 10
537 447 10
537 448 10
537 449 10
537 455 10
537 456 10
537 458 10
537 461 10
537 462 10
537 463 10
537 466 10
537 468 10
537 469 10
537 471 10
537 472 10
537 473 10
537 475 10
537 476 10
537 480 10
537 481 10
537 482 10
537 487 10
537 491 10
537 495 10
537 498 10
537 499 10
537 500 10
537 503 10
537 504 10
537 508 10
537 520 10
537 524 10
537 526 10
537 528 10
537 529 10
537 530 10
537 533 10
537 534 10
537 535 10
537 536 10
537 537 10
537 540 10
537 545 10
537 547 10
537 549 10
537 550 10
537 551 10
537 552 10
537 555 10
537 556 10
537 558 10
537 560 10
537 561 10
537 564 10
537 567 10
537 568 10
537 569 10
537 570 10
537 571 10
537 572 10
537 573 10
537 574 10
537 578 10
537 581 10
537 583 10
537 592 10
537 596 10
537 598 10
537 599 10
537 617 10
537 618 10
537 621 10
537 623 10
537 625 10
537 634 10
537 636 10
537 637 10
537 646 10
537 647 10
537 648 10
537 649 10
537 653 10
537 655 10
537 668 10
537 669 10
537 675 10
537 683 10
537 685 10
537 693 10
537 694 10
537 696 10
537 697 10
537 698 10
537 700 10
537 703 10
537 710 10
537 711 10
537 719 10
537 720 10
537 721 10
537 726 10
538 291 10
538 293 10
538 294 10
538 299 10
538 302 10
538 304 10
538 305 10
538 306 10
538 313 10
538 314 10
538 315 10
538 317 10
538 319 10
538 321 10
538 322 10
538 324 10
538 327 10
538 328 10
538 329 10
538 330 10
538 331 10
538 332 10
538 333 10
538 334 10
538 336 10
538 337 10
538 338 10
538 339 10
538 349 10
538 353 10
538 355 10
538 356 10
538 357 10
538 358 10
538 360 10
538 363 10
538 364 10
538 368 10
538 370 10
538 371 10
538 374 10
538 376 10
538 377 10
538 379 10
538 380 10
538 381 10
538 385 10
538 386 10
538 388 10
538 391 10
538 396 10
538 410 10
538 417 10
538 420 10
538 421 10
538 422 10
538 426 10
538 428 10
538 429 10
538 431 10
538 432 10
538 433 10
538 435 10
538 440 10
538 442 10
538 443 10
538 444 10
538 445 10
538 446 10
538 449 10
538 451 10
538 452 10
538 454 10
538 460 10
538 462 10
538 463 10
538 464 10
538 465 10
538 466 10
538 467 10
538 468 10
538 475 10
538 478 10
538 480 10
538 483 10
538 487 10
538 491 10
538 495 10
538 499 10
538 504 10
538 509 10
538 515 10
538 522 10
538 524 10
538 526 10
538 533 10
538 537 10
538 544 10
538 545 10
538 547 10
538 548 10
538 550 10
538 551 10
538 552 10
538 553 10
538 554 10
538 557 10
538 560 10
538 561 10
538 563 10
538 565 10
538 566 10
538 567 10
538 569 10
538 570 10
538 572 10
538 576 10
538 577 10
538 579 10
538 581 10
538 590 10
538 598 10
538 610 10
538 624 10
538 627 10
538 634 10
538 636 10
538 641 10
538 643 10
538 645 10
538 647 10
538 650 10
538 651 10
538 654 10
538 655 10
538 670 10
538 672 10
538 676 10
538 678 10
538 686 10
538 689 10
538 690 10
538 695 10
538 696 10
538 698 10
538 699 10
538 700 10
538 705 10
538 710 10
538 722 10
538 724 10
538 725 10
538 728 10
538 730 10
538 736 10
538 737 10
539 294 10
539 300 10
539 302 10
539 304 10
539 312 10
539 316 10
539 320 10
539 321 10
539 322 10
539 325 10
539 327 10
539 328 10
539 329 10
539 330 10
539 331 10
539 332 10
539 333 10
539 336 10
539 338 10
539 340 10
539 341 10
539 343 10
539 345 10
539 346 10
539 347 10
539 350 10
539 352 10
539 354 10
539 355 10
539 356 10
539 357 10
539 358 10
539 359 10
539 361 10
539 366 10
539 368 10
539 373 10
539 374 10
539 377 10
539 378 10
539 379 10
539 381 10
539 382 10
539 384 10
539 391 10
539 392 10
539 393 10
539 394 10
539 411 10
539 412 10
539 414 10
539 415 10
539 418 10
539 419 10
539 420 10
539 422 10
539 425 10
539 428 10
539 430 10
539 431 10
539 435 10
539 437 10
539 441 10
539 444 10
539 446 10
539 449 10
539 450 10
539 451 10
539 457 10
539 459 10
539 463 10
539 464 10
539 465 10
539 467 10
539 468 10
539 469 10
539 471 10
539 472 10
539 474 10
539 476 10
539 482 10
539 491 10
539 495 10
539 501 10
539 502 10
539 511 10
539 513 10
539 515 10
539 517 10
539 522 10
539 524 10
539 527 10
539 536 10
539 537 10
539 539 10
539 540 10
539 543 10
539 549 10
539 550 10
539 551 10
539 552 10
539 554 10
539 555 10
539 557 10
539 559 10
539 560 10
539 561 10
539 562 10
539 564 10
539 565 10
539 567 10
539 569 10
539 570 10
539 574 10
539 575 10
539 580 10
539 582 10
539 588 10
539 596 10
539 597 10
539 598 10
539 599 10
539 600 10
539 605 10
539 606 10
539 611 10
539 617 10
539 619 10
539 620 10
539 621 10
539 622 10
539 624 10
539 625 10
539 633 10
539 638 10
539 641 10
539 644 10
539 648 10
539 649 10
539 654 10
539 670 10
539 674 10
539 676 10
539 681 10
539 687 10
539 688 10
539 689 10
539 691 10
539 692 10
539 693 10
539 695 10
539 696 10
539 697 10
539 698 10
539 699 10
539 701 10
539 704 10
539 705 10
539 706 10
539 707 10
539 712 10
539 718 10
539 726 10
539 727 10
539 728 10
539 730 10
539 739 10
540 299 10
540 302 10
540 308 10
540 310 10
540 312 10
540 314 10
540 318 10
540 319 10
540 320 10
540 322 10
540 323 10
540 325 10
540 328 10
540 329 10
540 330 10
540 331 10
540 332 10
540 333 10
540 338 10
540 339 10
540 341 10
540 343 10
540 351 10
540 352 10
540 353 10
540 354 10
540 355 10
540 360 10
540 361 10
540 363 10
540 364 10
540 366 10
540 370 10
540 373 10
540 374 10
540 376 10
540 379 10
540 381 10
540 382 10
540 383 10
540 384 10
540 387 10
540 388 10
540 390 10
540 394 10
540 409 10
540 412 10
540 418 10
540 421 10
540 422 10
540 423 10
540 427 10
540 428 10
540 429 10
540 430 10
540 431 10
540 432 10
540 434 10
540 437 10
540 438 10
540 439 10
540 440 10
540 442 10
540 443 10
540 447 10
540 448 10
540 452 10
540 455 10
540 462 10
540 466 10
540 470 10
540 471 10
540 475 10
540 484 10
540 486 10
540 488 10
540 493 10
540 494 10
540 495 10
540 502 10
540 503 10
540 504 10
540 506 10
540 507 10
540 514 10
540 517 10
540 518 10
540 519 10
540 523 10
540 528 10
540 534 10
540 536 10
540 537 10
540 539 10
540 540 10
540 541 10
540 542 10
540 545 10
540 546 10
540 548 10
540 551 10
540 552 10
540 553 10
540 554 10
540 555 10
540 557 10
540 558 10
540 559 10
540 562 10
540 563 10
540 565 10
540 567 10
540 568 10
540 570 10
540 571 10
540 574 10
540 576 10
540 583 10
540 591 10
540 597 10
540 598 10
540 600 10
540 602 10
540 625 10
540 626 10
540 628 10
540 633 10
540 636 10
540 637 10
540 640 10
540 644 10
540 648 10
540 649 10
540 650 10
540 653 10
540 654 10
540 655 10
540 664 10
540 668 10
540 678 10
540 685 10
540 686 10
540 690 10
540 695 10
540 697 10
540 698 10
540 699 10
540 700 10
540 709 10
540 710 10
540 711 10
540 724 10
540 725 10
540 726 10
540 730 10
540 731 10
540 734 10
541 295 10
541 298 10
541 304 10
541 305 10
541 306 10
541 311 10
541 317 10
541 319 10
541 320 10
541 322 10
541 323 10
541 325 10
541 327 10
541 328 10
541 329 10
541 330 10
541 331 10
541 333 10
541 334 10
541 335 10
541 336 10
541 337 10
541 339 10
541 340 10
541 341 10
541 345 10
541 347 10
541 353 10
541 356 10
541 357 10
541 358 10
541 359 10
541 361 10
541 363 10
541 365 10
541 366 10
541 369 10
541 371 10
541 372 10
541 376 10
541 377 10
541 378 10
541 381 10
541 382 10
541 383 10
541 391 10
541 392 10
541 413 10
541 415 10
541 417 10
541 425 10
541 427 10
541 428 10
541 429 10
541 431 10
541 433 10
541 434 10
541 435 10
541 438 10
541 444 10
541 445 10
541 450 10
541 463 10
541 466 10
541 467 10
541 469 10
541 472 10
541 473 10
541 475 10
541 490 10
541 491 10
541 492 10
541 493 10
541 494 10
541 498 10
541 501 10
541 502 10
541 504 10
541 514 10
541 516 10
541 518 10
541 519 10
541 522 10
541 526 10
541 534 10
541 538 10
541 539 10
541 542 10
541 543 10
541 546 10
541 550 10
541 551 10
541 552 10
541 553 10
541 554 10
541 555 10
541 556 10
541 557 10
541 559 10
541 561 10
541 562 10
541 564 10
541 565 10
541 566 10
541 567 10
541 568 10
541 569 10
541 570 10
541 571 10
541 572 10
541 574 10
541 579 10
541 580 10
541 581 10
541 582 10
541 586 10
541 589 10
541 595 10
541 602 10
541 603 10
541 616 10
541 620 10
541 622 10
541 631 10
541 635 10
541 638 10
541 639 10
541 644 10
541 663 10
541 665 10
541 670 10
541 673 10
541 678 10
541 680 10
541 684 10
541 687 10
541 696 10
541 697 10
541 708 10
541 711 10
541 722 10
541 723 10
541 731 10
541 732 10
541 744 10
541 745 10
542 295 10
542 297 10
542 299 10
542 304 10
542 307 10
542 308 10
542 309 10
542 319 10
542 320 10
542 321 10
542 322 10
542 323 10
542 324 10
542 325 10
542 327 10
542 329 10
542 330 10
542 331 10
542 333 10
542 334 10
542 335 10
542 336 10
542 338 10
542 339 10
542 341 10
542 343 10
542 347 10
542 349 10
542 350 10
542 352 10
542 353 10
542 354 10
542 356 10
542 359 10
542 364 10
542 366 10
542 368 10
542 374 10
542 376 10
542 379 10
542 387 10
542 388 10
542 389 10
542 408 10
542 409 10
542 411 10
542 421 10
542 422 10
542 426 10
542 428 10
542 429 10
542 431 10
542 434 10
542 435 10
542 442 10
542 454 10
542 457 10
542 459 10
542 465 10
542 467 10
542 471 10
542 472 10
542 474 10
542 475 10
542 490 10
542 492 10
542 493 10
542 494 10
542 495 10
542 498 10
542 500 10
542 501 10
542 502 10
542 504 10
542 505 10
542 508 10
542 510 10
542 530 10
542 531 10
542 532 10
542 537 10
542 543 10
542 544 10
542 546 10
542 549 10
542 550 10
542 551 10
542 552 10
542 553 10
542 555 10
542 556 10
542 557 10
542 558 10
542 559 10
542 560 10
542 562 10
542 563 10
542 564 10
542 565 10
542 566 10
542 567 10
542 569 10
542 570 10
542 571 10
542 572 10
542 573 10
542 574 10
542 578 10
542 580 10
542 590 10
542 592 10
542 596 10
542 600 10
542 601 10
542 603 10
542 623 10
542 624 10
542 625 10
542 627 10
542 636 10
542 637 10
542 642 10
542 643 10
542 652 10
542 666 10
542 667 10
542 668 10
542 669 10
542 671 10
542 673 10
542 675 10
542 678 10
542 683 10
542 685 10
542 687 10
542 688 10
542 691 10
542 697 10
542 698 10
542 701 10
542 710 10
542 711 10
542 712 10
542 713 10
542 722 10
542 725 10
542 726 10
542 728 10
542 730 10
542 733 10
542 737 10
543 302 10
543 303 10
543 304 10
543 307 10
543 309 10
543 314 10
543 315 10
543 316 10
543 317 10
543 318 10
543 319 10
543 321 10
543 325 10
543 326 10
543 331 10
543 332 10
543 333 10
543 334 10
543 335 10
543 337 10
543 338 10
543 340 10
543 341 10
543 343 10
543 344 10
543 345 10
543 347 10
543 352 10
543 353 10
543 355 10
543 357 10
543 359 10
543 363 10
543 364 10
543 366 10
543 367 10
543 368 10
543 369 10
543 370 10
543 371 10
543 372 10
543 373 10
543 375 10
543 376 10
543 377 10
543 379 10
543 381 10
543 383 10
543 384 10
543 385 10
543 386 10
543 390 10
543 393 10
543 395 10
543 396 10
543 400 10
543 407 10
543 412 10
543 413 10
543 415 10
543 416 10
543 419 10
543 420 10
543 422 10
543 425 10
543 429 10
543 432 10
543 435 10
543 448 10
543 453 10
543 454 10
543 455 10
543 462 10
543 467 10
543 469 10
543 470 10
543 481 10
543 484 10
543 486 10
543 489 10
543 490 10
543 495 10
543 496 10
543 499 10
543 502 10
543 503 10
543 504 10
543 505 10
543 506 10
543 512 10
543 523 10
543 526 10
543 527 10
543 529 10
543 532 10
543 533 10
543 534 10
543 535 10
543 539 10
543 540 10
543 543 10
543 544 10
543 545 10
543 551 10
543 552 10
543 553 10
543 554 10
543 556 10
543 557 10
543 558 10
543 560 10
543 563 10
543 564 10
543 565 10
543 566 10
543 568 10
543 570 10
543 571 10
543 572 10
543 574 10
543 580 10
543 583 10
543 601 10
543 620 10
543 622 10
543 623 10
543 624 10
543 625 10
543 637 10
543 640 10
543 645 10
543 652 10
543 662 10
543 666 10
543 668 10
543 670 10
543 673 10
543 678 10
543 682 10
543 685 10
543 686 10
543 688 10
543 689 10
543 690 10
543 691 10
543 693 10
543 694 10
543 698 10
543 699 10
543 705 10
543 706 10
543 708 10
543 710 10
543 717 10
543 724 10
543 726 10
543 727 10
543 732 10
543 733 10
543 734 10
543 736 10
543 738 10
543 739 10
543 740 10
544 296 10
544 297 10
544 305 10
544 312 10
544 313 10
544 317 10
544 318 10
544 319 10
544 320 10
544 323 10
544 324 10
544 325 10
544 330 10
544 333 10
544 334 10
544 337 10
544 339 10
544 340 10
544 342 10
544 343 10
544 345 10
544 347 10
544 350 10
544 352 10
544 353 10
544 354 10
544 355 10
544 356 10
544 357 10
544 358 10
544 359 10
544 361 10
544 364 10
544 367 10
544 368 10
544 370 10
544 372 10
544 374 10
544 375 10
544 377 10
544 380 10
544 381 10
544 386 10
544 396 10
544 402 10
544 404 10
544 405 10
544 407 10
544 409 10
544 412 10
544 413 10
544 414 10
544 418 10
544 419 10
544 420 10
544 421 10
544 422 10
544 427 10
544 432 10
544 435 10
544 437 10
544 439 10
544 443 10
544 444 10
544 446 10
544 449 10
544 450 10
544 452 10
544 454 10
544 456 10
544 457 10
544 464 10
544 469 10
544 471 10
544 476 10
544 480 10
544 484 10
544 488 10
544 490 10
544 491 10
544 493 10
544 497 10
544 501 10
544 502 10
544 504 10
544 505 10
544 507 10
544 514 10
544 515 10
544 524 10
544 534 10
544 535 10
544 537 10
544 538 10
544 541 10
544 544 10
544 545 10
544 546 10
544 548 10
544 550 10
544 552 10
544 553 10
544 554 10
544 555 10
544 556 10
544 557 10
544 562 10
544 563 10
544 564 10
544 565 10
544 566 10
544 568 10
544 569 10
544 570 10
544 571 10
544 573 10
544 574 10
544 576 10
544 578 10
544 582 10
544 584 10
544 587 10
544 588 10
544 597 10
544 616 10
544 617 10
544 618 10
544 621 10
544 624 10
544 627 10
544 643 10
544 656 10
544 664 10
544 666 10
544 669 10
544 671 10
544 672 10
544 673 10
544 674 10
544 675 10
544 676 10
544 677 10
544 678 10
544 681 10
544 684 10
544 685 10
544 686 10
544 687 10
544 688 10
544 689 10
544 690 10
544 694 10
544 698 10
544 701 10
544 709 10
544 710 10
544 711 10
544 713 10
544 717 10
544 724 10
544 730 10
544 732 10
544 733 10
544 734 10
544 735 10
544 736 10
544 737 10
544 738 10
544 739 10
544 740 10
544 741 10
545 310 10
545 312 10
545 314 10
545 315 10
545 316 10
545 317 10
545 318 10
545 319 10
545 320 10
545 322 10
545 325 10
545 326 10
545 327 10
545 330 10
545 335 10
545 336 10
545 337 10
545 338 10
545 345 10
545 346 10
545 347 10
545 353 10
545 354 10
545 356 10
545 357 10
545 359 10
545 361 10
545 363 10
545 365 10
545 366 10
545 367 10
545 373 10
545 376 10
545 377 10
545 378 10
545 379 10
545 380 10
545 381 10
545 382 10
545 383 10
545 385 10
545 389 10
545 391 10
545 393 10
545 395 10
545 397 10
545 406 10
545 411 10
545 416 10
545 419 10
545 420 10
545 422 10
545 423 10
545 424 10
545 427 10
545 429 10
545 431 10
545 435 10
545 437 10
545 438 10
545 441 10
545 444 10
545 447 10
545 449 10
545 450 10
545 453 10
545 454 10
545 455 10
545 456 10
545 457 10
545 458 10
545 459 10
545 461 10
545 463 10
545 466 10
545 467 10
545 476 10
545 482 10
545 492 10
545 493 10
545 494 10
545 496 10
545 502 10
545 504 10
545 505 10
545 513 10
545 514 10
545 524 10
545 528 10
545 530 10
545 532 10
545 534 10
545 535 10
545 536 10
545 538 10
545 545 10
545 550 10
545 551 10
545 552 10
545 554 10
545 555 10
545 556 10
545 557 10
545 560 10
545 569 10
545 570 10
545 571 10
545 572 10
545 573 10
545 580 10
545 582 10
545 585 10
545 587 10
545 588 10
545 615 10
545 623 10
545 625 10
545 626 10
545 644 10
545 645 10
545 646 10
545 647 10
545 649 10
545 663 10
545 664 10
545 666 10
545 668 10
545 669 10
545 670 10
545 672 10
545 683 10
545 685 10
545 686 10
545 688 10
545 690 10
545 692 10
545 693 10
545 698 10
545 699 10
545 700 10
545 701 10
545 703 10
545 705 10
545 710 10
545 711 10
545 712 10
545 713 10
545 722 10
545 723 10
545 727 10
545 731 10
545 733 10
545 738 10
545 739 10
545 741 10
546 311 10
546 312 10
546 314 10
546 315 10
546 316 10
546 320 10
546 322 10
546 323 10
546 324 10
546 325 10
546 328 10
546 335 10
546 336 10
546 337 10
546 338 10
546 339 10
546 340 10
546 341 10
546 342 10
546 344 10
546 346 10
546 348 10
546 351 10
546 354 10
546 355 10
546 358 10
546 361 10
546 362 10
546 363 10
546 364 10
546 366 10
546 367 10
546 368 10
546 370 10
546 371 10
546 372 10
546 373 10
546 374 10
546 375 10
546 376 10
546 379 10
546 380 10
546 383 10
546 385 10
546 386 10
546 387 10
546 388 10
546 393 10
546 394 10
546 396 10
546 407 10
546 412 10
546 414 10
546 417 10
546 418 10
546 421 10
546 422 10
546 425 10
546 428 10
546 429 10
546 434 10
546 437 10
546 438 10
546 439 10
546 441 10
546 450 10
546 451 10
546 453 10
546 454 10
546 455 10
546 456 10
546 461 10
546 463 10
546 464 10
546 466 10
546 478 10
546 482 10
546 487 10
546 489 10
546 491 10
546 492 10
546 493 10
546 494 10
546 495 10
546 496 10
546 505 10
546 509 10
546 521 10
546 523 10
546 525 10
546 526 10
546 527 10
546 533 10
546 534 10
546 536 10
546 538 10
546 543 10
546 545 10
546 549 10
546 550 10
546 552 10
546 560 10
546 561 10
546 563 10
546 565 10
546 567 10
546 573 10
546 576 10
546 578 10
546 580 10
546 581 10
546 583 10
546 586 10
546 588 10
546 593 10
546 595 10
546 597 10
546 598 10
546 615 10
546 620 10
546 621 10
546 622 10
546 623 10
546 643 10
546 645 10
546 647 10
546 648 10
546 649 10
546 650 10
546 651 10
546 660 10
546 662 10
546 666 10
546 668 10
546 672 10
546 673 10
546 676 10
546 680 10
546 684 10
546 687 10
546 688 10
546 690 10
546 697 10
546 698 10
546 702 10
546 706 10
546 707 10
546 713 10
546 721 10
546 722 10
546 730 10
546 732 10
546 734 10
546 736 10
546 748 10
547 308 10
547 313 10
547 314 10
547 316 10
547 317 10
547 318 10
547 319 10
547 320 10
547 321 10
547 322 10
547 324 10
547 326 10
547 327 10
547 329 10
547 330 10
547 331 10
547 335 10
547 337 10
547 339 10
547 343 10
547 344 10
547 346 10
547 349 10
547 351 10
547 352 10
547 353 10
547 354 10
547 356 10
547 357 10
547 358 10
547 360 10
547 362 10
547 364 10
547 365 10
547 366 10
547 371 10
547 373 10
547 374 10
547 375 10
547 379 10
547 381 10
547 383 10
547 384 10
547 385 10
547 386 10
547 388 10
547 389 10
547 390 10
547 391 10
547 394 10
547 396 10
547 397 10
547 398 10
547 404 10
547 405 10
547 412 10
547 413 10
547 415 10
547 417 10
547 418 10
547 423 10
547 424 10
547 433 10
547 434 10
547 435 10
547 443 10
547 444 10
547 445 10
547 450 10
547 451 10
547 452 10
547 455 10
547 456 10
547 458 10
547 462 10
547 464 10
547 465 10
547 466 10
547 471 10
547 480 10
547 481 10
547 483 10
547 489 10
547 490 10
547 492 10
547 497 10
547 502 10
547 505 10
547 507 10
547 515 10
547 519 10
547 521 10
547 522 10
547 523 10
547 532 10
547 534 10
547 536 10
547 537 10
547 543 10
547 545 10
547 548 10
547 551 10
547 558 10
547 560 10
547 563 10
547 564 10
547 571 10
547 573 10
547 575 10
547 576 10
547 578 10
547 579 10
547 581 10
547 582 10
547 586 10
547 587 10
547 589 10
547 593 10
547 596 10
547 597 10
547 616 10
547 618 10
547 620 10
547 623 10
547 624 10
547 625 10
547 643 10
547 645 10
547 646 10
547 647 10
547 648 10
547 650 10
547 651 10
547 659 10
547 660 10
547 661 10
547 663 10
547 664 10
547 667 10
547 670 10
547 678 10
547 683 10
547 686 10
547 687 10
547 689 10
547 691 10
547 698 10
547 699 10
547 701 10
547 704 10
547 705 10
547 706 10
547 708 10
547 709 10
547 711 10
547 723 10
547 724 10
547 731 10
547 732 10
547 733 10
547 736 10
547 743 10
547 744 10
547 747 10
548 306 10
548 311 10
548 316 10
548 317 10
548 318 10
548 319 10
548 321 10
548 323 10
548 324 10
548 325 10
548 326 10
548 327 10
548 328 10
548 329 10
548 330 10
548 334 10
548 335 10
548 337 10
548 339 10
548 340 10
548 341 10
548 342 10
548 346 10
548 347 10
548 349 10
548 350 10
548 351 10
548 352 10
548 353 10
548 355 10
548 356 10
548 358 10
548 362 10
548 364 10
548 365 10
548 366 10
548 368 10
548 372 10
548 378 10
548 379 10
548 381 10
548 382 10
548 384 10
548 386 10
548 387 10
548 388 10
548 390 10
548 396 10
548 397 10
548 401 10
548 404 10
548 413 10
548 414 10
548 417 10
548 432 10
548 436 10
548 437 10
548 438 10
548 448 10
548 456 10
548 457 10
548 460 10
548 463 10
548 464 10
548 466 10
548 468 10
548 470 10
548 475 10
548 476 10
548 477 10
548 493 10
548 494 10
548 495 10
548 497 10
548 498 10
548 500 10
548 501 10
548 516 10
548 520 10
548 522 10
548 528 10
548 531 10
548 535 10
548 537 10
548 539 10
548 542 10
548 547 10
548 549 10
548 551 10
548 552 10
548 553 10
548 555 10
548 557 10
548 558 10
548 561 10
548 562 10
548 571 10
548 572 10
548 573 10
548 575 10
548 578 10
548 579 10
548 583 10
548 586 10
548 587 10
548 589 10
548 590 10
548 592 10
548 593 10
548 594 10
548 597 10
548 598 10
548 599 10
548 618 10
548 620 10
548 621 10
548 622 10
548 623 10
548 625 10
548 627 10
548 632 10
548 635 10
548 636 10
548 640 10
548 642 10
548 643 10
548 645 10
548 648 10
548 650 10
548 651 10
548 662 10
548 663 10
548 664 10
548 668 10
548 669 10
548 676 10
548 680 10
548 682 10
548 683 10
548 684 10
548 685 10
548 686 10
548 690 10
548 692 10
548 699 10
548 701 10
548 708 10
548 719 10
548 722 10
548 730 10
548 732 10
548 734 10
548 736 10
548 738 10
548 739 10
548 741 10
548 743 10
548 744 10
548 745 10
548 748 10
549 302 10
549 304 10
549 305 10
549 308 10
549 312 10
549 316 10
549 317 10
549 318 10
549 319 10
549 320 10
549 323 10
549 324 10
549 325 10
549 331 10
549 334 10
549 336 10
549 337 10
549 338 10
549 339 10
549 340 10
549 343 10
549 344 10
549 345 10
549 347 10
549 350 10
549 351 10
549 352 10
549 353 10
549 354 10
549 355 10
549 356 10
549 358 10
549 359 10
549 361 10
549 362 10
549 363 10
549 364 10
549 366 10
549 367 10
549 375 10
549 377 10
549 378 10
549 379 10
549 380 10
549 381 10
549 382 10
549 384 10
549 385 10
549 388 10
549 389 10
549 391 10
549 392 10
549 395 10
549 403 10
549 406 10
549 413 10
549 416 10
549 417 10
549 420 10
549 428 10
549 434 10
549 438 10
549 441 10
549 452 10
549 453 10
549 455 10
549 456 10
549 457 10
549 461 10
549 463 10
549 464 10
549 466 10
549 468 10
549 477 10
549 480 10
549 488 10
549 493 10
549 497 10
549 498 10
549 499 10
549 506 10
549 517 10
549 522 10
549 524 10
549 532 10
549 533 10
549 538 10
549 539 10
549 552 10
549 557 10
549 560 10
549 562 10
549 565 10
549 568 10
549 569 10
549 572 10
549 576 10
549 577 10
549 578 10
549 581 10
549 583 10
549 584 10
549 585 10
549 586 10
549 587 10
549 588 10
549 589 10
549 591 10
549 592 10
549 593 10
549 594 10
549 615 10
549 619 10
549 623 10
549 625 10
549 629 10
549 631 10
549 632 10
549 636 10
549 642 10
549 643 10
549 646 10
549 647 10
549 649 10
549 650 10
549 659 10
549 660 10
549 661 10
549 672 10
549 673 10
549 683 10
549 684 10
549 685 10
549 687 10
549 691 10
549 696 10
549 697 10
549 700 10
549 705 10
549 707 10
549 709 10
549 710 10
549 724 10
549 725 10
549 726 10
549 727 10
549 728 10
549 731 10
549 732 10
549 736 10
549 740 10
549 744 10
549 745 10
549 746 10
550 308 10
550 309 10
550 310 10
550 318 10
550 319 10
550 320 10
550 321 10
550 322 10
550 323 10
550 326 10
550 327 10
550 329 10
550 332 10
550 333 10
550 334 10
550 335 10
550 336 10
550 337 10
550 339 10
550 340 10
550 341 10
550 344 10
550 348 10
550 350 10
550 351 10
550 352 10
550 353 10
550 357 10
550 361 10
550 363 10
550 364 10
550 368 10
550 370 10
550 373 10
550 374 10
550 376 10
550 377 10
550 379 10
550 383 10
550 384 10
550 387 10
550 388 10
550 390 10
550 391 10
550 393 10
550 402 10
550 403 10
550 405 10
550 409 10
550 410 10
550 413 10
550 415 10
550 418 10
550 425 10
550 427 10
550 429 10
550 430 10
550 436 10
550 453 10
550 454 10
550 458 10
550 460 10
550 461 10
550 466 10
550 467 10
550 470 10
550 472 10
550 477 10
550 487 10
550 488 10
550 490 10
550 498 10
550 501 10
550 506 10
550 507 10
550 509 10
550 514 10
550 525 10
550 528 10
550 530 10
550 534 10
550 539 10
550 551 10
550 553 10
550 555 10
550 556 10
550 558 10
550 560 10
550 561 10
550 570 10
550 571 10
550 573 10
550 574 10
550 578 10
550 580 10
550 581 10
550 583 10
550 585 10
550 587 10
550 588 10
550 589 10
550 593 10
550 595 10
550 596 10
550 597 10
550 614 10
550 615 10
550 617 10
550 619 10
550 624 10
550 629 10
550 632 10
550 634 10
550 636 10
550 638 10
550 641 10
550 642 10
550 643 10
550 644 10
550 646 10
550 657 10
550 662 10
550 668 10
550 674 10
550 675 10
550 680 10
550 687 10
550 688 10
550 689 10
550 691 10
550 699 10
550 702 10
550 705 10
550 706 10
550 707 10
550 708 10
550 721 10
550 723 10
550 724 10
550 726 10
550 728 10
550 729 10
550 730 10
550 741 10
550 743 10
551 307 10
551 308 10
551 311 10
551 316 10
551 317 10
551 319 10
551 321 10
551 324 10
551 327 10
551 330 10
551 334 10
551 336 10
551 337 10
551 339 10
551 340 10
551 341 10
551 342 10
551 345 10
551 346 10
551 347 10
551 348 10
551 350 10
551 351 10
551 352 10
551 354 10
551 355 10
551 356 10
551 357 10
551 358 10
551 359 10
551 360 10
551 361 10
551 363 10
551 366 10
551 367 10
551 369 10
551 370 10
551 372 10
551 374 10
551 379 10
551 380 10
551 383 10
551 384 10
551 385 10
551 386 10
551 388 10
551 389 10
551 390 10
551 391 10
551 392 10
551 393 10
551 394 10
551 401 10
551 404 10
551 405 10
551 409 10
551 416 10
551 428 10
551 437 10
551 450 10
551 452 10
551 454 10
551 456 10
551 478 10
551 489 10
551 495 10
551 498 10
551 500 10
551 509 10
551 512 10
551 515 10
551 519 10
551 521 10
551 523 10
551 525 10
551 527 10
551 528 10
551 530 10
551 532 10
551 536 10
551 540 10
551 541 10
551 543 10
551 549 10
551 554 10
551 558 10
551 560 10
551 561 10
551 563 10
551 569 10
551 571 10
551 572 10
551 576 10
551 578 10
551 580 10
551 581 10
551 582 10
551 583 10
551 584 10
551 586 10
551 587 10
551 588 10
551 589 10
551 591 10
551 593 10
551 594 10
551 595 10
551 596 10
551 597 10
551 618 10
551 631 10
551 633 10
551 634 10
551 640 10
551 642 10
551 643 10
551 646 10
551 648 10
551 649 10
551 650 10
551 651 10
551 661 10
551 662 10
551 664 10
551 668 10
551 669 10
551 670 10
551 672 10
551 674 10
551 685 10
551 687 10
551 689 10
551 696 10
551 699 10
551 702 10
551 703 10
551 704 10
551 705 10
551 707 10
551 709 10
551 721 10
551 722 10
551 723 10
551 724 10
551 725 10
551 728 10
551 729 10
551 730 10
551 731 10
551 732 10
551 733 10
551 735 10
551 737 10
551 738 10
551 739 10
551 740 10
551 744 10
552 307 10
552 308 10
552 310 10
552 314 10
552 318 10
552 320 10
552 321 10
552 323 10
552 326 10
552 327 10
552 331 10
552 333 10
552 335 10
552 336 10
552 337 10
552 342 10
552 343 10
552 346 10
552 348 10
552 350 10
552 353 10
552 354 10
552 355 10
552 356 10
552 358 10
552 359 10
552 360 10
552 364 10
552 365 10
552 366 10
552 374 10
552 376 10
552 379 10
552 380 10
552 381 10
552 382 10
552 384 10
552 385 10
552 386 10
552 387 10
552 390 10
552 391 10
552 392 10
552 393 10
552 402 10
552 403 10
552 405 10
552 427 10
552 447 10
552 449 10
552 452 10
552 456 10
552 457 10
552 458 10
552 463 10
552 467 10
552 473 10
552 476 10
552 486 10
552 488 10
552 492 10
552 493 10
552 500 10
552 507 10
552 517 10
552 521 10
552 524 10
552 525 10
552 526 10
552 527 10
552 531 10
552 533 10
552 534 10
552 535 10
552 537 10
552 538 10
552 539 10
552 540 10
552 543 10
552 549 10
552 550 10
552 553 10
552 556 10
552 557 10
552 558 10
552 559 10
552 574 10
552 575 10
552 579 10
552 580 10
552 581 10
552 585 10
552 586 10
552 587 10
552 588 10
552 589 10
552 590 10
552 591 10
552 592 10
552 594 10
552 608 10
552 612 10
552 616 10
552 617 10
552 618 10
552 620 10
552 626 10
552 631 10
552 633 10
552 635 10
552 647 10
552 655 10
552 668 10
552 673 10
552 687 10
552 689 10
552 698 10
552 699 10
552 701 10
552 703 10
552 704 10
552 707 10
552 724 10
552 726 10
552 728 10
552 729 10
552 730 10
552 731 10
552 734 10
553 309 10
553 310 10
553 311 10
553 313 10
553 316 10
553 317 10
553 318 10
553 323 10
553 325 10
553 327 10
553 329 10
553 334 10
553 336 10
553 339 10
553 348 10
553 349 10
553 352 10
553 353 10
553 354 10
553 356 10
553 357 10
553 361 10
553 362 10
553 365 10
553 367 10
553 369 10
553 371 10
553 372 10
553 373 10
553 374 10
553 380 10
553 381 10
553 382 10
553 383 10
553 384 10
553 385 10
553 387 10
553 388 10
553 389 10
553 390 10
553 391 10
553 393 10
553 394 10
553 396 10
553 399 10
553 400 10
553 401 10
553 402 10
553 404 10
553 406 10
553 408 10
553 410 10
553 411 10
553 412 10
553 413 10
553 429 10
553 438 10
553 439 10
553 449 10
553 451 10
553 452 10
553 455 10
553 456 10
553 461 10
553 462 10
553 465 10
553 478 10
553 482 10
553 492 10
553 496 10
553 509 10
553 512 10
553 522 10
553 526 10
553 528 10
553 529 10
553 536 10
553 552 10
553 555 10
553 556 10
553 557 10
553 560 10
553 564 10
553 565 10
553 577 10
553 578 10
553 579 10
553 580 10
553 581 10
553 582 10
553 583 10
553 584 10
553 585 10
553 586 10
553 588 10
553 594 10
553 596 10
553 597 10
553 607 10
553 608 10
553 609 10
553 610 10
553 618 10
553 631 10
553 633 10
553 635 10
553 637 10
553 648 10
553 653 10
553 654 10
553 670 10
553 672 10
553 673 10
553 705 10
553 722 10
553 725 10
553 726 10
553 727 10
553 728 10
553 729 10
553 730 10
553 731 10
553 733 10
553 735 10
553 736 10
553 737 10
553 740 10
553 744 10
554 306 10
554 308 10
554 311 10
554 312 10
554 313 10
554 314 10
554 318 10
554 319 10
554 321 10
554 323 10
554 324 10
554 325 10
554 328 10
554 329 10
554 333 10
554 335 10
554 336 10
554 337 10
554 338 10
554 340 10
554 345 10
554 346 10
554 349 10
554 350 10
554 352 10
554 355 10
554 357 10
554 358 10
554 359 10
554 360 10
554 361 10
554 364 10
554 367 10
554 368 10
554 369 10
554 371 10
554 373 10
554 374 10
554 376 10
554 377 10
554 378 10
554 380 10
554 381 10
554 384 10
554 385 10
554 386 10
554 388 10
554 389 10
554 391 10
554 394 10
554 396 10
554 397 10
554 398 10
554 403 10
554 404 10
554 407 10
554 408 10
554 410 10
554 414 10
554 422 10
554 442 10
554 445 10
554 446 10
554 449 10
554 452 10
554 456 10
554 462 10
554 478 10
554 479 10
554 487 10
554 492 10
554 494 10
554 495 10
554 497 10
554 498 10
554 506 10
554 514 10
554 520 10
554 521 10
554 523 10
554 524 10
554 525 10
554 526 10
554 527 10
554 528 10
554 534 10
554 536 10
554 537 10
554 541 10
554 542 10
554 557 10
554 559 10
554 560 10
554 577 10
554 579 10
554 580 10
554 581 10
554 584 10
554 585 10
554 586 10
554 587 10
554 589 10
554 590 10
554 591 10
554 593 10
554 594 10
554 595 10
554 596 10
554 597 10
554 600 10
554 602 10
554 606 10
554 612 10
554 618 10
554 626 10
554 627 10
554 628 10
554 629 10
554 631 10
554 635 10
554 636 10
554 638 10
554 641 10
554 642 10
554 643 10
554 647 10
554 653 10
554 657 10
554 660 10
554 662 10
554 666 10
554 668 10
554 671 10
554 672 10
554 681 10
554 702 10
554 707 10
554 721 10
554 722 10
554 725 10
554 727 10
554 728 10
554 731 10
554 733 10
554 734 10
554 735 10
554 736 10
554 744 10
555 308 10
555 310 10
555 311 10
555 316 10
555 319 10
555 323 10
555 325 10
555 326 10
555 333 10
555 335 10
555 336 10
555 337 10
555 339 10
555 340 10
555 341 10
555 345 10
555 346 10
555 348 10
555 354 10
555 357 10
555 358 10
555 359 10
555 361 10
555 362 10
555 363 10
555 365 10
555 366 10
555 371 10
555 372 10
555 377 10
555 378 10
555 381 10
555 382 10
555 385 10
555 386 10
555 387 10
555 388 10
555 389 10
555 390 10
555 391 10
555 395 10
555 396 10
555 397 10
555 398 10
555 399 10
555 401 10
555 402 10
555 404 10
555 407 10
555 409 10
555 410 10
555 412 10
555 414 10
555 444 10
555 446 10
555 452 10
555 453 10
555 454 10
555 455 10
555 464 10
555 465 10
555 466 10
555 468 10
555 471 10
555 472 10
555 477 10
555 479 10
555 480 10
555 489 10
555 492 10
555 493 10
555 497 10
555 501 10
555 504 10
555 506 10
555 507 10
555 511 10
555 513 10
555 514 10
555 515 10
555 518 10
555 527 10
555 529 10
555 534 10
555 538 10
555 539 10
555 541 10
555 542 10
555 546 10
555 548 10
555 557 10
555 559 10
555 561 10
555 562 10
555 563 10
555 564 10
555 566 10
555 568 10
555 570 10
555 572 10
555 574 10
555 576 10
555 579 10
555 580 10
555 582 10
555 583 10
555 585 10
555 589 10
555 591 10
555 592 10
555 594 10
555 603 10
555 610 10
555 612 10
555 627 10
555 628 10
555 630 10
555 632 10
555 633 10
555 639 10
555 640 10
555 645 10
555 646 10
555 649 10
555 668 10
555 674 10
555 675 10
555 677 10
555 700 10
555 725 10
555 726 10
555 728 10
555 729 10
555 730 10
555 731 10
555 732 10
555 733 10
555 740 10
556 306 10
556 309 10
556 310 10
556 315 10
556 317 10
556 319 10
556 322 10
556 324 10
556 325 10
556 326 10
556 329 10
556 333 10
556 337 10
556 338 10
556 342 10
556 348 10
556 351 10
556 353 10
556 355 10
556 356 10
556 357 10
556 359 10
556 366 10
556 367 10
556 368 10
556 369 10
556 370 10
556 371 10
556 372 10
556 373 10
556 374 10
556 376 10
556 379 10
556 382 10
556 384 10
556 385 10
556 386 10
556 387 10
556 388 10
556 389 10
556 390 10
556 391 10
556 392 10
556 398 10
556 399 10
556 400 10
556 401 10
556 406 10
556 411 10
556 412 10
556 418 10
556 419 10
556 423 10
556 444 10
556 446 10
556 447 10
556 450 10
556 458 10
556 480 10
556 485 10
556 492 10
556 496 10
556 501 10
556 503 10
556 504 10
556 505 10
556 507 10
556 509 10
556 513 10
556 515 10
556 516 10
556 518 10
556 522 10
556 523 10
556 524 10
556 526 10
556 528 10
556 529 10
556 534 10
556 535 10
556 537 10
556 543 10
556 546 10
556 548 10
556 552 10
556 559 10
556 563 10
556 565 10
556 567 10
556 574 10
556 576 10
556 579 10
556 580 10
556 582 10
556 587 10
556 589 10
556 590 10
556 593 10
556 602 10
556 605 10
556 609 10
556 610 10
556 612 10
556 625 10
556 627 10
556 631 10
556 634 10
556 637 10
556 640 10
556 643 10
556 644 10
556 648 10
556 649 10
556 656 10
556 657 10
556 662 10
556 666 10
556 671 10
556 672 10
556 673 10
556 674 10
556 677 10
556 678 10
556 684 10
556 686 10
556 722 10
556 725 10
556 726 10
556 727 10
556 728 10
556 733 10
556 738 10
556 739 10
557 311 10
557 315 10
557 316 10
557 318 10
557 322 10
557 324 10
557 325 10
557 327 10
557 334 10
557 335 10
557 336 10
557 337 10
557 338 10
557 341 10
557 345 10
557 346 10
557 347 10
557 353 10
557 354 10
557 357 10
557 358 10
557 360 10
557 361 10
557 364 10
557 368 10
557 369 10
557 370 10
557 374 10
557 378 10
557 379 10
557 381 10
557 385 10
557 386 10
557 387 10
557 388 10
557 389 10
557 390 10
557 391 10
557 400 10
557 401 10
557 405 10
557 412 10
557 417 10
557 418 10
557 419 10
557 420 10
557 442 10
557 445 10
557 449 10
557 450 10
557 451 10
557 466 10
557 469 10
557 479 10
557 486 10
557 493 10
557 494 10
557 497 10
557 501 10
557 502 10
557 503 10
557 504 10
557 505 10
557 507 10
557 508 10
557 512 10
557 514 10
557 515 10
557 516 10
557 518 10
557 521 10
557 522 10
557 523 10
557 524 10
557 525 10
557 528 10
557 531 10
557 535 10
557 541 10
557 542 10
557 550 10
557 553 10
557 558 10
557 561 10
557 563 10
557 564 10
557 574 10
557 577 10
557 578 10
557 581 10
557 590 10
557 591 10
557 595 10
557 597 10
557 601 10
557 606 10
557 609 10
557 612 10
557 613 10
557 614 10
557 623 10
557 624 10
557 627 10
557 628 10
557 629 10
557 632 10
557 634 10
557 635 10
557 637 10
557 639 10
557 641 10
557 644 10
557 645 10
557 646 10
557 648 10
557 654 10
557 657 10
557 666 10
557 671 10
557 674 10
557 677 10
557 678 10
557 686 10
557 722 10
557 723 10
557 724 10
557 725 10
557 730 10
557 731 10
557 732 10
557 734 10
557 735 10
557 738 10
557 741 10
558 320 10
558 323 10
558 327 10
558 330 10
558 332 10
558 340 10
558 341 10
558 343 10
558 348 10
558 351 10
558 354 10
558 356 10
558 358 10
558 362 10
558 364 10
558 365 10
558 366 10
558 367 10
558 368 10
558 369 10
558 370 10
558 371 10
558 372 10
558 373 10
558 377 10
558 379 10
558 380 10
558 383 10
558 384 10
558 385 10
558 386 10
558 387 10
558 388 10
558 389 10
558 390 10
558 391 10
558 392 10
558 393 10
558 394 10
558 396 10
558 399 10
558 404 10
558 405 10
558 408 10
558 410 10
558 411 10
558 414 10
558 416 10
558 418 10
558 420 10
558 421 10
558 423 10
558 425 10
558 441 10
558 444 10
558 445 10
558 446 10
558 447 10
558 458 10
558 463 10
558 466 10
558 467 10
558 468 10
558 486 10
558 492 10
558 493 10
558 497 10
558 500 10
558 501 10
558 502 10
558 507 10
558 508 10
558 510 10
558 511 10
558 513 10
558 517 10
558 521 10
558 523 10
558 528 10
558 540 10
558 543 10
558 545 10
558 548 10
558 551 10
558 554 10
558 566 10
558 567 10
558 574 10
558 576 10
558 577 10
558 578 10
558 579 10
558 581 10
558 582 10
558 593 10
558 594 10
558 597 10
558 600 10
558 611 10
558 613 10
558 614 10
558 618 10
558 625 10
558 633 10
558 634 10
558 640 10
558 642 10
558 643 10
558 661 10
558 667 10
558 673 10
558 676 10
558 728 10
558 730 10
558 733 10
558 736 10
558 738 10
559 313 10
559 328 10
559 329 10
559 333 10
559 334 10
559 339 10
559 340 10
559 342 10
559 344 10
559 347 10
559 351 10
559 352 10
559 353 10
559 355 10
559 356 10
559 358 10
559 360 10
559 361 10
559 363 10
559 369 10
559 371 10
559 373 10
559 378 10
559 379 10
559 380 10
559 381 10
559 382 10
559 383 10
559 385 10
559 386 10
559 387 10
559 388 10
559 389 10
559 390 10
559 391 10
559 393 10
559 394 10
559 400 10
559 401 10
559 405 10
559 409 10
559 412 10
559 413 10
559 414 10
559 418 10
559 419 10
559 421 10
559 441 10
559 442 10
559 445 10
559 446 10
559 449 10
559 451 10
559 464 10
559 465 10
559 466 10
559 469 10
559 480 10
559 485 10
559 490 10
559 492 10
559 494 10
559 495 10
559 497 10
559 502 10
559 503 10
559 505 10
559 507 10
559 511 10
559 512 10
559 513 10
559 514 10
559 515 10
559 516 10
559 520 10
559 521 10
559 522 10
559 524 10
559 526 10
559 529 10
559 530 10
559 534 10
559 535 10
559 536 10
559 548 10
559 549 10
559 552 10
559 562 10
559 573 10
559 576 10
559 582 10
559 587 10
559 588 10
559 591 10
559 600 10
559 608 10
559 611 10
559 615 10
559 616 10
559 617 10
559 623 10
559 625 10
559 627 10
559 630 10
559 634 10
559 642 10
559 644 10
559 647 10
559 648 10
559 654 10
559 662 10
559 664 10
559 672 10
559 674 10
559 678 10
559 728 10
559 730 10
559 732 10
559 734 10
560 312 10
560 324 10
560 325 10
560 326 10
560 330 10
560 331 10
560 332 10
560 335 10
560 337 10
560 338 10
560 340 10
560 341 10
560 345 10
560 346 10
560 347 10
560 349 10
560 352 10
560 353 10
560 356 10
560 357 10
560 358 10
560 360 10
560 364 10
560 368 10
560 369 10
560 371 10
560 372 10
560 373 10
560 375 10
560 376 10
560 377 10
560 378 10
560 381 10
560 383 10
560 384 10
560 385 10
560 388 10
560 389 10
560 390 10
560 391 10
560 392 10
560 395 10
560 397 10
560 398 10
560 399 10
560 400 10
560 402 10
560 404 10
560 406 10
560 408 10
560 410 10
560 411 10
560 415 10
560 416 10
560 417 10
560 420 10
560 421 10
560 423 10
560 434 10
560 438 10
560 441 10
560 447 10
560 450 10
560 456 10
560 457 10
560 464 10
560 466 10
560 467 10
560 468 10
560 469 10
560 481 10
560 482 10
560 485 10
560 486 10
560 487 10
560 492 10
560 501 10
560 502 10
560 510 10
560 512 10
560 513 10
560 515 10
560 518 10
560 519 10
560 520 10
560 521 10
560 522 10
560 524 10
560 527 10
560 542 10
560 543 10
560 546 10
560 547 10
560 556 10
560 569 10
560 570 10
560 572 10
560 573 10
560 575 10
560 576 10
560 578 10
560 580 10
560 581 10
560 589 10
560 592 10
560 593 10
560 594 10
560 595 10
560 597 10
560 608 10
560 609 10
560 610 10
560 611 10
560 612 10
560 613 10
560 614 10
560 616 10
560 618 10
560 621 10
560 622 10
560 623 10
560 626 10
560 627 10
560 628 10
560 636 10
560 638 10
560 639 10
560 641 10
560 642 10
560 644 10
560 646 10
560 648 10
560 649 10
560 652 10
560 653 10
560 656 10
560 658 10
560 661 10
560 666 10
560 667 10
560 669 10
560 676 10
560 729 10
560 734 10
561 311 10
561 327 10
561 328 10
561 329 10
561 330 10
561 332 10
561 335 10
561 340 10
561 341 10
561 342 10
561 344 10
561 350 10
561 351 10
561 353 10
561 355 10
561 357 10
561 358 10
561 359 10
561 360 10
561 362 10
561 365 10
561 366 10
561 369 10
561 370 10
561 371 10
561 376 10
561 377 10
561 378 10
561 380 10
561 381 10
561 382 10
561 383 10
561 384 10
561 385 10
561 386 10
561 387 10
561 388 10
561 389 10
561 390 10
561 391 10
561 392 10
561 395 10
561 396 10
561 399 10
561 400 10
561 401 10
561 403 10
561 404 10
561 406 10
561 407 10
561 410 10
561 412 10
561 414 10
561 415 10
561 416 10
561 417 10
561 418 10
561 419 10
561 420 10
561 421 10
561 425 10
561 439 10
561 440 10
561 441 10
561 448 10
561 454 10
561 456 10
561 457 10
561 462 10
561 463 10
561 468 10
561 476 10
561 484 10
561 486 10
561 495 10
561 497 10
561 498 10
561 499 10
561 500 10
561 501 10
561 502 10
561 508 10
561 509 10
561 510 10
561 515 10
561 518 10
561 520 10
561 521 10
561 523 10
561 524 10
561 526 10
561 535 10
561 539 10
561 543 10
561 547 10
561 548 10
561 553 10
561 558 10
561 562 10
561 567 10
561 570 10
561 571 10
561 573 10
561 574 10
561 575 10
561 580 10
561 581 10
561 586 10
561 588 10
561 593 10
561 594 10
561 596 10
561 604 10
561 613 10
561 614 10
561 615 10
561 616 10
561 622 10
561 623 10
561 624 10
561 625 10
561 628 10
561 639 10
561 640 10
561 641 10
561 642 10
561 645 10
561 647 10
561 652 10
561 653 10
561 654 10
561 664 10
561 670 10
561 671 10
561 672 10
561 673 10
561 674 10
561 727 10
561 730 10
561 732 10
561 733 10
562 316 10
562 324 10
562 325 10
562 326 10
562 341 10
562 345 10
562 348 10
562 350 10
562 351 10
562 352 10
562 353 10
562 354 10
562 355 10
562 356 10
562 358 10
562 359 10
562 361 10
562 366 10
562 368 10
562 369 10
562 370 10
562 375 10
562 376 10
562 379 10
562 380 10
562 384 10
562 385 10
562 386 10
562 388 10
562 389 10
562 390 10
562 392 10
562 394 10
562 395 10
562 396 10
562 397 10
562 398 10
562 400 10
562 403 10
562 407 10
562 409 10
562 414 10
562 416 10
562 422 10
562 426 10
562 440 10
562 441 10
562 442 10
562 443 10
562 447 10
562 448 10
562 457 10
562 459 10
562 466 10
562 468 10
562 471 10
562 486 10
562 495 10
562 498 10
562 499 10
562 503 10
562 512 10
562 513 10
562 514 10
562 515 10
562 518 10
562 520 10
562 521 10
562 522 10
562 524 10
562 525 10
562 528 10
562 532 10
562 534 10
562 537 10
562 538 10
562 539 10
562 545 10
562 548 10
562 563 10
562 568 10
562 572 10
562 578 10
562 580 10
562 589 10
562 590 10
562 592 10
562 594 10
562 597 10
562 598 10
562 605 10
562 606 10
562 608 10
562 609 10
562 610 10
562 611 10
562 613 10
562 614 10
562 615 10
562 616 10
562 617 10
562 621 10
562 622 10
562 623 10
562 624 10
562 625 10
562 626 10
562 627 10
562 628 10
562 630 10
562 638 10
562 640 10
562 642 10
562 643 10
562 645 10
562 648 10
562 649 10
562 654 10
562 667 10
562 668 10
562 669 10
562 670 10
562 674 10
562 687 10
562 693 10
562 699 10
562 727 10
562 731 10
562 733 10
563 307 10
563 311 10
563 313 10
563 314 10
563 318 10
563 320 10
563 323 10
563 327 10
563 328 10
563 329 10
563 332 10
563 336 10
563 338 10
563 342 10
563 354 10
563 363 10
563 364 10
563 365 10
563 369 10
563 370 10
563 371 10
563 375 10
563 376 10
563 377 10
563 379 10
563 380 10
563 382 10
563 383 10
563 384 10
563 385 10
563 386 10
563 387 10
563 388 10
563 389 10
563 390 10
563 394 10
563 395 10
563 396 10
563 397 10
563 398 10
563 399 10
563 400 10
563 401 10
563 404 10
563 406 10
563 409 10
563 411 10
563 412 10
563 414 10
563 417 10
563 418 10
563 424 10
563 425 10
563 437 10
563 438 10
563 444 10
563 445 10
563 446 10
563 456 10
563 457 10
563 458 10
563 459 10
563 470 10
563 490 10
563 493 10
563 495 10
563 496 10
563 499 10
563 501 10
563 510 10
563 516 10
563 518 10
563 519 10
563 521 10
563 522 10
563 524 10
563 529 10
563 532 10
563 536 10
563 571 10
563 580 10
563 587 10
563 591 10
563 605 10
563 606 10
563 608 10
563 611 10
563 612 10
563 614 10
563 616 10
563 617 10
563 618 10
563 619 10
563 622 10
563 623 10
563 624 10
563 625 10
563 626 10
563 627 10
563 630 10
563 640 10
563 642 10
563 644 10
563 648 10
563 649 10
563 650 10
563 652 10
563 653 10
563 655 10
563 656 10
563 667 10
563 669 10
563 671 10
563 672 10
563 674 10
563 686 10
563 687 10
563 696 10
563 699 10
563 730 10
563 731 10
564 311 10
564 313 10
564 315 10
564 316 10
564 317 10
564 319 10
564 320 10
564 321 10
564 322 10
564 323 10
564 325 10
564 333 10
564 336 10
564 339 10
564 341 10
564 342 10
564 343 10
564 344 10
564 349 10
564 354 10
564 363 10
564 365 10
564 369 10
564 371 10
564 376 10
564 381 10
564 382 10
564 383 10
564 384 10
564 385 10
564 386 10
564 388 10
564 389 10
564 390 10
564 393 10
564 394 10
564 395 10
564 396 10
564 397 10
564 398 10
564 400 10
564 401 10
564 402 10
564 405 10
564 406 10
564 410 10
564 411 10
564 412 10
564 413 10
564 414 10
564 416 10
564 417 10
564 418 10
564 419 10
564 420 10
564 422 10
564 430 10
564 431 10
564 436 10
564 438 10
564 439 10
564 453 10
564 455 10
564 460 10
564 462 10
564 472 10
564 485 10
564 496 10
564 499 10
564 501 10
564 504 10
564 507 10
564 508 10
564 511 10
564 512 10
564 513 10
564 515 10
564 516 10
564 517 10
564 519 10
564 521 10
564 524 10
564 525 10
564 526 10
564 529 10
564 531 10
564 539 10
564 544 10
564 545 10
564 558 10
564 565 10
564 571 10
564 572 10
564 585 10
564 593 10
564 595 10
564 598 10
564 604 10
564 607 10
564 610 10
564 611 10
564 613 10
564 614 10
564 620 10
564 621 10
564 622 10
564 623 10
564 624 10
564 625 10
564 626 10
564 627 10
564 628 10
564 629 10
564 630 10
564 631 10
564 632 10
564 633 10
564 638 10
564 639 10
564 645 10
564 646 10
564 647 10
564 648 10
564 654 10
564 662 10
564 664 10
564 665 10
564 666 10
564 668 10
564 669 10
564 670 10
564 671 10
564 672 10
564 673 10
564 688 10
564 693 10
564 698 10
564 699 10
564 701 10
564 727 10
564 733 10
564 735 10
565 303 10
565 311 10
565 312 10
565 313 10
565 314 10
565 333 10
565 338 10
565 340 10
565 350 10
565 351 10
565 356 10
565 363 10
565 365 10
565 369 10
565 373 10
565 378 10
565 379 10
565 380 10
565 381 10
565 383 10
565 386 10
565 388 10
565 389 10
565 391 10
565 392 10
565 393 10
565 394 10
565 397 10
565 398 10
565 399 10
565 400 10
565 401 10
565 402 10
565 404 10
565 405 10
565 409 10
565 410 10
565 411 10
565 412 10
565 415 10
565 418 10
565 420 10
565 422 10
565 425 10
565 431 10
565 437 10
565 440 10
565 441 10
565 442 10
565 444 10
565 448 10
565 452 10
565 456 10
565 460 10
565 461 10
565 470 10
565 489 10
565 498 10
565 499 10
565 501 10
565 504 10
565 505 10
565 513 10
565 514 10
565 518 10
565 523 10
565 525 10
565 526 10
565 527 10
565 541 10
565 542 10
565 559 10
565 579 10
565 580 10
565 585 10
565 591 10
565 592 10
565 595 10
565 600 10
565 605 10
565 607 10
565 610 10
565 611 10
565 612 10
565 613 10
565 614 10
565 615 10
565 616 10
565 618 10
565 623 10
565 624 10
565 625 10
565 630 10
565 632 10
565 636 10
565 644 10
565 646 10
565 648 10
565 649 10
565 650 10
565 652 10
565 653 10
565 655 10
565 656 10
565 658 10
565 662 10
565 664 10
565 665 10
565 666 10
565 667 10
565 670 10
565 671 10
565 672 10
565 688 10
565 698 10
565 700 10
565 730 10
565 734 10
566 303 10
566 308 10
566 310 10
566 311 10
566 313 10
566 314 10
566 320 10
566 321 10
566 338 10
566 341 10
566 346 10
566 356 10
566 358 10
566 362 10
566 363 10
566 364 10
566 367 10
566 368 10
566 372 10
566 376 10
566 377 10
566 382 10
566 384 10
566 386 10
566 387 10
566 390 10
566 393 10
566 395 10
566 398 10
566 399 10
566 401 10
566 402 10
566 404 10
566 409 10
566 410 10
566 412 10
566 413 10
566 419 10
566 420 10
566 423 10
566 424 10
566 426 10
566 428 10
566 431 10
566 438 10
566 439 10
566 441 10
566 442 10
566 444 10
566 446 10
566 451 10
566 457 10
566 459 10
566 460 10
566 463 10
566 464 10
566 465 10
566 471 10
566 474 10
566 481 10
566 498 10
566 502 10
566 515 10
566 517 10
566 518 10
566 519 10
566 520 10
566 521 10
566 524 10
566 538 10
566 541 10
566 543 10
566 558 10
566 559 10
566 563 10
566 564 10
566 566 10
566 572 10
566 581 10
566 585 10
566 591 10
566 593 10
566 595 10
566 597 10
566 598 10
566 605 10
566 606 10
566 610 10
566 611 10
566 613 10
566 615 10
566 617 10
566 619 10
566 620 10
566 621 10
566 622 10
566 624 10
566 625 10
566 626 10
566 627 10
566 631 10
566 632 10
566 634 10
566 637 10
566 638 10
566 642 10
566 643 10
566 645 10
566 648 10
566 650 10
566 651 10
566 655 10
566 658 10
566 659 10
566 661 10
566 662 10
566 663 10
566 664 10
566 667 10
566 668 10
566 670 10
566 671 10
566 685 10
566 686 10
566 690 10
566 698 10
566 728 10
566 729 10
566 730 10
566 734 10
566 736 10
567 303 10
567 304 10
567 305 10
567 308 10
567 309 10
567 311 10
567 312 10
567 315 10
567 319 10
567 337 10
567 338 10
567 339 10
567 340 10
567 343 10
567 350 10
567 353 10
567 358 10
567 361 10
567 364 10
567 366 10
567 367 10
567 368 10
567 375 10
567 376 10
567 377 10
567 378 10
567 381 10
567 383 10
567 384 10
567 391 10
567 393 10
567 396 10
567 398 10
567 399 10
567 400 10
567 402 10
567 403 10
567 404 10
567 408 10
567 410 10
567 411 10
567 412 10
567 414 10
567 415 10
567 416 10
567 418 10
567 419 10
567 421 10
567 423 10
567 429 10
567 430 10
567 433 10
567 438 10
567 439 10
567 440 10
567 442 10
567 449 10
567 457 10
567 460 10
567 464 10
567 467 10
567 472 10
567 474 10
567 475 10
567 480 10
567 492 10
567 500 10
567 501 10
567 504 10
567 515 10
567 520 10
567 529 10
567 541 10
567 543 10
567 560 10
567 572 10
567 580 10
567 581 10
567 588 10
567 590 10
567 591 10
567 599 10
567 601 10
567 602 10
567 604 10
567 606 10
567 608 10
567 613 10
567 616 10
567 617 10
567 618 10
567 621 10
567 622 10
567 624 10
567 625 10
567 626 10
567 627 10
567 629 10
567 630 10
567 631 10
567 634 10
567 636 10
567 637 10
567 638 10
567 640 10
567 641 10
567 643 10
567 645 10
567 646 10
567 651 10
567 652 10
567 654 10
567 655 10
567 659 10
567 660 10
567 661 10
567 662 10
567 663 10
567 664 10
567 665 10
567 666 10
567 668 10
567 670 10
567 671 10
567 690 10
567 692 10
567 699 10
567 700 10
567 737 10
568 303 10
568 304 10
568 307 10
568 310 10
568 319 10
568 320 10
568 321 10
568 340 10
568 348 10
568 355 10
568 361 10
568 367 10
568 368 10
568 379 10
568 380 10
568 384 10
568 385 10
568 386 10
568 389 10
568 394 10
568 398 10
568 399 10
568 402 10
568 408 10
568 409 10
568 411 10
568 412 10
568 413 10
568 414 10
568 416 10
568 418 10
568 419 10
568 420 10
568 421 10
568 426 10
568 427 10
568 428 10
568 430 10
568 431 10
568 436 10
568 437 10
568 440 10
568 442 10
568 443 10
568 447 10
568 457 10
568 459 10
568 460 10
568 461 10
568 462 10
568 463 10
568 464 10
568 465 10
568 467 10
568 469 10
568 474 10
568 500 10
568 502 10
568 512 10
568 520 10
568 521 10
568 522 10
568 523 10
568 524 10
568 526 10
568 528 10
568 560 10
568 562 10
568 564 10
568 566 10
568 567 10
568 572 10
568 573 10
568 574 10
568 576 10
568 578 10
568 581 10
568 587 10
568 598 10
568 599 10
568 600 10
568 601 10
568 603 10
568 604 10
568 607 10
568 608 10
568 609 10
568 610 10
568 613 10
568 614 10
568 616 10
568 620 10
568 622 10
568 623 10
568 625 10
568 626 10
568 627 10
568 628 10
568 632 10
568 635 10
568 637 10
568 646 10
568 649 10
568 650 10
568 651 10
568 653 10
568 655 10
568 657 10
568 659 10
568 660 10
568 661 10
568 662 10
568 663 10
568 664 10
568 669 10
568 687 10
568 688 10
568 691 10
568 698 10
568 700 10
568 737 10
569 307 10
569 309 10
569 310 10
569 321 10
569 341 10
569 342 10
569 344 10
569 349 10
569 352 10
569 361 10
569 362 10
569 364 10
569 365 10
569 369 10
569 380 10
569 381 10
569 393 10
569 398 10
569 399 10
569 409 10
569 413 10
569 416 10
569 418 10
569 419 10
569 424 10
569 429 10
569 430 10
569 441 10
569 448 10
569 465 10
569 466 10
569 467 10
569 470 10
569 474 10
569 483 10
569 494 10
569 501 10
569 505 10
569 521 10
569 524 10
569 529 10
569 557 10
569 558 10
569 560 10
569 564 10
569 573 10
569 575 10
569 578 10
569 580 10
569 581 10
569 582 10
569 583 10
569 585 10
569 586 10
569 589 10
569 590 10
569 591 10
569 597 10
569 598 10
569 600 10
569 601 10
569 603 10
569 605 10
569 607 10
569 614 10
569 616 10
569 618 10
569 623 10
569 624 10
569 625 10
569 626 10
569 627 10
569 628 10
569 629 10
569 630 10
569 632 10
569 633 10
569 634 10
569 636 10
569 637 10
569 638 10
569 639 10
569 646 10
569 650 10
569 652 10
569 654 10
569 657 10
569 658 10
569 660 10
569 663 10
569 664 10
569 665 10
569 666 10
569 667 10
569 669 10
569 670 10
569 672 10
569 683 10
569 694 10
569 697 10
570 305 10
570 310 10
570 315 10
570 319 10
570 324 10
570 339 10
570 341 10
570 342 10
570 344 10
570 348 10
570 354 10
570 355 10
570 356 10
570 358 10
570 362 10
570 366 10
570 367 10
570 376 10
570 381 10
570 382 10
570 383 10
570 384 10
570 386 10
570 392 10
570 393 10
570 394 10
570 396 10
570 397 10
570 398 10
570 399 10
570 403 10
570 404 10
570 406 10
570 407 10
570 408 10
570 409 10
570 411 10
570 412 10
570 413 10
570 418 10
570 420 10
570 424 10
570 425 10
570 428 10
570 429 10
570 430 10
570 434 10
570 436 10
570 437 10
570 444 10
570 448 10
570 459 10
570 461 10
570 462 10
570 463 10
570 465 10
570 467 10
570 468 10
570 469 10
570 474 10
570 488 10
570 489 10
570 493 10
570 499 10
570 500 10
570 504 10
570 506 10
570 508 10
570 512 10
570 522 10
570 523 10
570 524 10
570 526 10
570 528 10
570 530 10
570 560 10
570 565 10
570 566 10
570 568 10
570 574 10
570 577 10
570 578 10
570 579 10
570 584 10
570 585 10
570 586 10
570 590 10
570 596 10
570 597 10
570 600 10
570 602 10
570 604 10
570 609 10
570 611 10
570 613 10
570 617 10
570 618 10
570 620 10
570 621 10
570 623 10
570 624 10
570 625 10
570 626 10
570 627 10
570 629 10
570 630 10
570 631 10
570 632 10
570 635 10
570 636 10
570 637 10
570 639 10
570 642 10
570 643 10
570 646 10
570 647 10
570 648 10
570 654 10
570 656 10
570 657 10
570 658 10
570 661 10
570 663 10
570 666 10
570 667 10
570 671 10
570 673 10
570 695 10
570 696 10
570 699 10
571 307 10
571 308 10
571 309 10
571 310 10
571 311 10
571 312 10
571 319 10
571 342 10
571 343 10
571 345 10
571 347 10
571 348 10
571 353 10
571 356 10
571 370 10
571 374 10
571 381 10
571 383 10
571 386 10
571 388 10
571 390 10
571 392 10
571 395 10
571 397 10
571 399 10
571 401 10
571 404 10
571 407 10
571 411 10
571 415 10
571 419 10
571 420 10
571 421 10
571 426 10
571 429 10
571 430 10
571 434 10
571 438 10
571 440 10
571 443 10
571 444 10
571 453 10
571 454 10
571 465 10
571 466 10
571 467 10
571 468 10
571 470 10
571 471 10
571 490 10
571 493 10
571 495 10
571 499 10
571 500 10
571 502 10
571 506 10
571 507 10
571 509 10
571 515 10
571 517 10
571 519 10
571 521 10
571 523 10
571 524 10
571 525 10
571 526 10
571 527 10
571 528 10
571 533 10
571 536 10
571 537 10
571 560 10
571 562 10
571 565 10
571 569 10
571 573 10
571 574 10
571 575 10
571 576 10
571 577 10
571 579 10
571 581 10
571 583 10
571 584 10
571 585 10
571 586 10
571 587 10
571 589 10
571 597 10
571 598 10
571 599 10
571 600 10
571 601 10
571 602 10
571 604 10
571 605 10
571 607 10
571 608 10
571 609 10
571 610 10
571 611 10
571 612 10
571 613 10
571 614 10
571 615 10
571 616 10
571 617 10
571 620 10
571 623 10
571 624 10
571 625 10
571 627 10
571 629 10
571 630 10
571 631 10
571 633 10
571 634 10
571 636 10
571 637 10
571 646 10
571 647 10
571 648 10
571 649 10
571 653 10
571 656 10
571 663 10
571 665 10
571 670 10
571 671 10
571 691 10
571 695 10
571 696 10
571 700 10
572 302 10
572 303 10
572 306 10
572 324 10
572 325 10
572 326 10
572 339 10
572 340 10
572 343 10
572 351 10
572 355 10
572 356 10
572 357 10
572 358 10
572 359 10
572 360 10
572 361 10
572 363 10
572 379 10
572 381 10
572 385 10
572 386 10
572 390 10
572 391 10
572 392 10
572 394 10
572 396 10
572 397 10
572 398 10
572 399 10
572 400 10
572 401 10
572 403 10
572 408 10
572 411 10
572 413 10
572 418 10
572 421 10
572 422 10
572 424 10
572 427 10
572 428 10
572 429 10
572 430 10
572 433 10
572 438 10
572 439 10
572 440 10
572 442 10
572 443 10
572 445 10
572 447 10
572 453 10
572 454 10
572 460 10
572 461 10
572 465 10
572 466 10
572 467 10
572 469 10
572 471 10
572 489 10
572 490 10
572 492 10
572 500 10
572 501 10
572 502 10
572 503 10
572 504 10
572 506 10
572 507 10
572 511 10
572 520 10
572 523 10
572 524 10
572 526 10
572 527 10
572 528 10
572 529 10
572 530 10
572 531 10
572 532 10
572 533 10
572 558 10
572 560 10
572 562 10
572 563 10
572 566 10
572 578 10
572 579 10
572 580 10
572 582 10
572 584 10
572 586 10
572 587 10
572 589 10
572 597 10
572 598 10
572 599 10
572 600 10
572 601 10
572 603 10
572 605 10
572 607 10
572 608 10
572 609 10
572 610 10
572 611 10
572 612 10
572 613 10
572 619 10
572 620 10
572 622 10
572 625 10
572 626 10
572 627 10
572 629 10
572 630 10
572 631 10
572 632 10
572 634 10
572 637 10
572 638 10
572 641 10
572 646 10
572 648 10
572 649 10
572 653 10
572 655 10
572 656 10
572 662 10
572 665 10
572 667 10
572 670 10
572 672 10
572 689 10
572 691 10
572 694 10
572 695 10
572 696 10
572 697 10
572 698 10
572 701 10
572 703 10
572 711 10
573 342 10
573 343 10
573 344 10
573 346 10
573 347 10
573 351 10
573 354 10
573 355 10
573 356 10
573 357 10
573 358 10
573 359 10
573 360 10
573 361 10
573 372 10
573 377 10
573 379 10
573 385 10
573 387 10
573 391 10
573 393 10
573 395 10
573 396 10
573 397 10
573 399 10
573 401 10
573 402 10
573 404 10
573 405 10
573 410 10
573 411 10
573 412 10
573 413 10
573 415 10
573 417 10
573 419 10
573 422 10
573 426 10
573 427 10
573 431 10
573 435 10
573 437 10
573 439 10
573 440 10
573 442 10
573 444 10
573 445 10
573 452 10
573 457 10
573 461 10
573 462 10
573 463 10
573 467 10
573 468 10
573 469 10
573 486 10
573 488 10
573 489 10
573 495 10
573 498 10
573 499 10
573 500 10
573 501 10
573 502 10
573 504 10
573 506 10
573 512 10
573 518 10
573 519 10
573 520 10
573 522 10
573 524 10
573 526 10
573 528 10
573 529 10
573 530 10
573 535 10
573 549 10
573 559 10
573 560 10
573 561 10
573 562 10
573 564 10
573 566 10
573 568 10
573 570 10
573 572 10
573 575 10
573 580 10
573 584 10
573 585 10
573 588 10
573 589 10
573 592 10
573 596 10
573 597 10
573 602 10
573 603 10
573 605 10
573 611 10
573 613 10
573 615 10
573 616 10
573 617 10
573 621 10
573 622 10
573 623 10
573 625 10
573 628 10
573 630 10
573 632 10
573 633 10
573 636 10
573 637 10
573 638 10
573 640 10
573 649 10
573 650 10
573 654 10
573 655 10
573 665 10
573 667 10
573 669 10
573 690 10
573 692 10
573 696 10
573 702 10
573 711 10
574 303 10
574 337 10
574 339 10
574 342 10
574 343 10
574 344 10
574 345 10
574 355 10
574 356 10
574 358 10
574 359 10
574 360 10
574 361 10
574 379 10
574 380 10
574 381 10
574 382 10
574 383 10
574 384 10
574 386 10
574 387 10
574 389 10
574 391 10
574 395 10
574 396 10
574 398 10
574 399 10
574 400 10
574 402 10
574 403 10
574 404 10
574 405 10
574 406 10
574 413 10
574 417 10
574 418 10
574 420 10
574 422 10
574 423 10
574 426 10
574 428 10
574 429 10
574 430 10
574 432 10
574 434 10
574 435 10
574 436 10
574 442 10
574 443 10
574 447 10
574 449 10
574 454 10
574 456 10
574 466 10
574 470 10
574 471 10
574 484 10
574 489 10
574 491 10
574 492 10
574 494 10
574 496 10
574 499 10
574 500 10
574 502 10
574 503 10
574 504 10
574 505 10
574 506 10
574 507 10
574 508 10
574 510 10
574 519 10
574 522 10
574 525 10
574 527 10
574 529 10
574 532 10
574 533 10
574 537 10
574 552 10
574 556 10
574 559 10
574 561 10
574 563 10
574 565 10
574 566 10
574 577 10
574 578 10
574 586 10
574 587 10
574 588 10
574 590 10
574 598 10
574 599 10
574 600 10
574 602 10
574 607 10
574 608 10
574 612 10
574 615 10
574 616 10
574 617 10
574 618 10
574 619 10
574 621 10
574 623 10
574 625 10
574 629 10
574 630 10
574 632 10
574 633 10
574 634 10
574 638 10
574 640 10
574 641 10
574 642 10
574 643 10
574 645 10
574 646 10
574 648 10
574 655 10
574 656 10
574 657 10
574 663 10
574 665 10
574 670 10
574 672 10
574 690 10
574 692 10
574 693 10
574 694 10
574 712 10
575 308 10
575 335 10
575 338 10
575 339 10
575 340 10
575 341 10
575 342 10
575 346 10
575 350 10
575 351 10
575 353 10
575 355 10
575 356 10
575 357 10
575 359 10
575 360 10
575 362 10
575 363 10
575 377 10
575 378 10
575 380 10
575 382 10
575 383 10
575 388 10
575 391 10
575 394 10
575 396 10
575 397 10
575 398 10
575 399 10
575 400 10
575 401 10
575 402 10
575 403 10
575 404 10
575 405 10
575 406 10
575 415 10
575 422 10
575 423 10
575 424 10
575 425 10
575 427 10
575 428 10
575 429 10
575 430 10
575 431 10
575 438 10
575 439 10
575 441 10
575 442 10
575 443 10
575 445 10
575 447 10
575 451 10
575 454 10
575 455 10
575 456 10
575 458 10
575 459 10
575 463 10
575 467 10
575 468 10
575 471 10
575 476 10
575 486 10
575 489 10
575 492 10
575 493 10
575 494 10
575 499 10
575 502 10
575 504 10
575 506 10
575 507 10
575 510 10
575 512 10
575 513 10
575 520 10
575 522 10
575 529 10
575 530 10
575 531 10
575 532 10
575 535 10
575 537 10
575 546 10
575 548 10
575 551 10
575 552 10
575 554 10
575 559 10
575 560 10
575 562 10
575 563 10
575 575 10
575 576 10
575 581 10
575 584 10
575 585 10
575 588 10
575 589 10
575 597 10
575 600 10
575 602 10
575 603 10
575 606 10
575 607 10
575 608 10
575 610 10
575 612 10
575 614 10
575 615 10
575 618 10
575 621 10
575 622 10
575 627 10
575 628 10
575 631 10
575 633 10
575 634 10
575 635 10
575 636 10
575 637 10
575 638 10
575 639 10
575 640 10
575 641 10
575 642 10
575 643 10
575 644 10
575 646 10
575 648 10
575 649 10
575 650 10
575 652 10
575 655 10
575 660 10
575 662 10
575 664 10
575 667 10
575 668 10
575 692 10
575 705 10
576 321 10
576 322 10
576 335 10
576 336 10
576 337 10
576 338 10
576 340 10
576 341 10
576 342 10
576 343 10
576 344 10
576 345 10
576 347 10
576 348 10
576 353 10
576 354 10
576 356 10
576 357 10
576 358 10
576 359 10
576 360 10
576 361 10
576 365 10
576 366 10
576 367 10
576 373 10
576 374 10
576 379 10
576 380 10
576 385 10
576 388 10
576 389 10
576 392 10
576 397 10
576 398 10
576 399 10
576 400 10
576 401 10
576 402 10
576 403 10
576 404 10
576 405 10
576 406 10
576 407 10
576 410 10
576 411 10
576 412 10
576 414 10
576 416 10
576 417 10
576 422 10
576 423 10
576 424 10
576 427 10
576 428 10
576 429 10
576 430 10
576 431 10
576 432 10
576 434 10
576 435 10
576 436 10
576 437 10
576 438 10
576 439 10
576 440 10
576 441 10
576 446 10
576 447 10
576 454 10
576 455 10
576 456 10
576 460 10
576 464 10
576 468 10
576 469 10
576 471 10
576 484 10
576 485 10
576 487 10
576 489 10
576 490 10
576 491 10
576 493 10
576 496 10
576 497 10
576 498 10
576 501 10
576 503 10
576 505 10
576 506 10
576 515 10
576 518 10
576 519 10
576 521 10
576 523 10
576 524 10
576 525 10
576 528 10
576 534 10
576 544 10
576 545 10
576 546 10
576 551 10
576 553 10
576 555 10
576 556 10
576 558 10
576 561 10
576 562 10
576 565 10
576 569 10
576 573 10
576 579 10
576 582 10
576 583 10
576 587 10
576 596 10
576 598 10
576 599 10
576 600 10
576 607 10
576 608 10
576 613 10
576 621 10
576 622 10
576 624 10
576 629 10
576 631 10
576 632 10
576 634 10
576 635 10
576 638 10
576 639 10
576 640 10
576 641 10
576 642 10
576 643 10
576 646 10
576 647 10
576 649 10
576 650 10
576 654 10
576 655 10
576 657 10
576 658 10
576 659 10
576 671 10
576 672 10
576 692 10
576 713 10
577 320 10
577 336 10
577 339 10
577 341 10
577 342 10
577 343 10
577 344 10
577 345 10
577 346 10
577 350 10
577 351 10
577 352 10
577 353 10
577 357 10
577 360 10
577 361 10
577 362 10
577 363 10
577 368 10
577 373 10
577 381 10
577 384 10
577 387 10
577 388 10
577 389 10
577 390 10
577 391 10
577 392 10
577 393 10
577 396 10
577 398 10
577 399 10
577 400 10
577 401 10
577 402 10
577 403 10
577 404 10
577 405 10
577 406 10
577 407 10
577 424 10
577 426 10
577 427 10
577 429 10
577 432 10
577 433 10
577 437 10
577 438 10
577 443 10
577 445 10
577 447 10
577 454 10
577 455 10
577 456 10
577 457 10
577 458 10
577 459 10
577 462 10
577 464 10
577 465 10
577 466 10
577 467 10
577 487 10
577 488 10
577 489 10
577 490 10
577 493 10
577 495 10
577 500 10
577 501 10
577 503 10
577 504 10
577 506 10
577 508 10
577 514 10
577 518 10
577 522 10
577 523 10
577 524 10
577 527 10
577 529 10
577 535 10
577 536 10
577 538 10
577 548 10
577 549 10
577 550 10
577 553 10
577 554 10
577 562 10
577 570 10
577 575 10
577 576 10
577 577 10
577 583 10
577 585 10
577 587 10
577 588 10
577 589 10
577 596 10
577 603 10
577 604 10
577 606 10
577 608 10
577 609 10
577 610 10
577 611 10
577 613 10
577 614 10
577 619 10
577 620 10
577 622 10
577 623 10
577 627 10
577 629 10
577 631 10
577 634 10
577 635 10
577 638 10
577 639 10
577 641 10
577 643 10
577 644 10
577 646 10
577 647 10
577 648 10
577 650 10
577 655 10
577 661 10
577 664 10
577 669 10
578 300 10
578 321 10
578 322 10
578 332 10
578 334 10
578 338 10
578 339 10
578 341 10
578 342 10
578 343 10
578 344 10
578 345 10
578 347 10
578 348 10
578 349 10
578 350 10
578 353 10
578 354 10
578 356 10
578 357 10
578 361 10
578 363 10
578 368 10
578 372 10
578 385 10
578 386 10
578 389 10
578 391 10
578 392 10
578 393 10
578 394 10
578 395 10
578 396 10
578 397 10
578 398 10
578 399 10
578 400 10
578 401 10
578 402 10
578 403 10
578 404 10
578 405 10
578 406 10
578 407 10
578 408 10
578 409 10
578 418 10
578 420 10
578 422 10
578 424 10
578 426 10
578 427 10
578 429 10
578 433 10
578 435 10
578 437 10
578 440 10
578 441 10
578 442 10
578 443 10
578 446 10
578 448 10
578 454 10
578 456 10
578 457 10
578 460 10
578 467 10
578 468 10
578 469 10
578 471 10
578 472 10
578 473 10
578 474 10
578 479 10
578 482 10
578 488 10
578 489 10
578 490 10
578 491 10
578 492 10
578 493 10
578 495 10
578 502 10
578 503 10
578 507 10
578 508 10
578 510 10
578 511 10
578 512 10
578 513 10
578 519 10
578 520 10
578 521 10
578 522 10
578 527 10
578 529 10
578 530 10
578 531 10
578 532 10
578 534 10
578 538 10
578 548 10
578 551 10
578 552 10
578 553 10
578 554 10
578 559 10
578 569 10
578 570 10
578 579 10
578 580 10
578 583 10
578 606 10
578 610 10
578 612 10
578 625 10
578 629 10
578 630 10
578 631 10
578 632 10
578 633 10
578 635 10
578 636 10
578 637 10
578 638 10
578 640 10
578 641 10
578 643 10
578 645 10
578 646 10
578 647 10
578 648 10
578 649 10
578 650 10
578 653 10
578 654 10
578 655 10
578 663 10
578 664 10
578 666 10
578 684 10
578 688 10
578 690 10
578 692 10
578 693 10
579 323 10
579 335 10
579 336 10
579 337 10
579 338 10
579 341 10
579 342 10
579 343 10
579 344 10
579 346 10
579 348 10
579 350 10
579 352 10
579 353 10
579 355 10
579 356 10
579 357 10
579 358 10
579 359 10
579 360 10
579 361 10
579 369 10
579 373 10
579 375 10
579 382 10
579 385 10
579 387 10
579 388 10
579 389 10
579 390 10
579 391 10
579 392 10
579 393 10
579 394 10
579 397 10
579 399 10
579 402 10
579 403 10
579 404 10
579 408 10
579 409 10
579 420 10
579 421 10
579 423 10
579 426 10
579 427 10
579 430 10
579 431 10
579 432 10
579 439 10
579 440 10
579 441 10
579 444 10
579 446 10
579 450 10
579 453 10
579 463 10
579 466 10
579 467 10
579 468 10
579 470 10
579 471 10
579 472 10
579 473 10
579 474 10
579 479 10
579 484 10
579 489 10
579 492 10
579 499 10
579 504 10
579 507 10
579 509 10
579 511 10
579 514 10
579 517 10
579 521 10
579 522 10
579 523 10
579 524 10
579 525 10
579 527 10
579 528 10
579 530 10
579 531 10
579 532 10
579 533 10
579 535 10
579 539 10
579 540 10
579 546 10
579 551 10
579 552 10
579 553 10
579 555 10
579 557 10
579 559 10
579 561 10
579 567 10
579 578 10
579 579 10
579 581 10
579 606 10
579 607 10
579 609 10
579 617 10
579 622 10
579 625 10
579 627 10
579 628 10
579 631 10
579 632 10
579 633 10
579 635 10
579 636 10
579 640 10
579 641 10
579 642 10
579 643 10
579 646 10
579 647 10
579 649 10
579 650 10
579 653 10
579 655 10
579 660 10
579 663 10
579 677 10
579 690 10
579 693 10
579 694 10
579 695 10
579 702 10
579 703 10
579 707 10
579 709 10
580 308 10
580 309 10
580 339 10
580 342 10
580 343 10
580 345 10
580 346 10
580 347 10
580 349 10
580 350 10
580 353 10
580 354 10
580 357 10
580 359 10
580 360 10
580 362 10
580 364 10
580 365 10
580 367 10
580 368 10
580 384 10
580 385 10
580 386 10
580 388 10
580 389 10
580 390 10
580 391 10
580 392 10
580 394 10
580 395 10
580 396 10
580 397 10
580 398 10
580 399 10
580 401 10
580 402 10
580 403 10
580 405 10
580 406 10
580 419 10
580 420 10
580 423 10
580 424 10
580 428 10
580 429 10
580 438 10
580 439 10
580 440 10
580 441 10
580 442 10
580 443 10
580 444 10
580 450 10
580 452 10
580 453 10
580 466 10
580 469 10
580 470 10
580 471 10
580 472 10
580 473 10
580 475 10
580 476 10
580 477 10
580 479 10
580 482 10
580 491 10
580 493 10
580 494 10
580 501 10
580 506 10
580 515 10
580 520 10
580 521 10
580 522 10
580 523 10
580 525 10
580 527 10
580 529 10
580 531 10
580 534 10
580 535 10
580 547 10
580 548 10
580 550 10
580 551 10
580 552 10
580 553 10
580 554 10
580 561 10
580 567 10
580 570 10
580 572 10
580 575 10
580 576 10
580 578 10
580 579 10
580 580 10
580 581 10
580 583 10
580 605 10
580 608 10
580 609 10
580 610 10
580 615 10
580 616 10
580 619 10
580 626 10
580 627 10
580 630 10
580 632 10
580 635 10
580 636 10
580 637 10
580 638 10
580 641 10
580 642 10
580 643 10
580 644 10
580 646 10
580 647 10
580 648 10
580 649 10
580 650 10
580 659 10
580 661 10
580 680 10
580 682 10
580 683 10
580 690 10
580 691 10
580 692 10
580 693 10
580 694 10
580 695 10
580 701 10
580 709 10
580 711 10
581 312 10
581 315 10
581 325 10
581 339 10
581 341 10
581 347 10
581 349 10
581 353 10
581 354 10
581 356 10
581 357 10
581 358 10
581 362 10
581 364 10
581 365 10
581 367 10
581 377 10
581 384 10
581 386 10
581 388 10
581 389 10
581 390 10
581 391 10
581 392 10
581 393 10
581 395 10
581 396 10
581 397 10
581 399 10
581 401 10
581 402 10
581 403 10
581 404 10
581 405 10
581 406 10
581 408 10
581 410 10
581 411 10
581 416 10
581 419 10
581 422 10
581 423 10
581 425 10
581 427 10
581 428 10
581 429 10
581 439 10
581 441 10
581 442 10
581 444 10
581 447 10
581 449 10
581 452 10
581 455 10
581 463 10
581 467 10
581 468 10
581 471 10
581 473 10
581 478 10
581 479 10
581 480 10
581 482 10
581 483 10
581 484 10
581 485 10
581 486 10
581 488 10
581 489 10
581 490 10
581 491 10
581 511 10
581 522 10
581 523 10
581 524 10
581 526 10
581 530 10
581 532 10
581 535 10
581 537 10
581 538 10
581 539 10
581 550 10
581 551 10
581 552 10
581 553 10
581 556 10
581 557 10
581 558 10
581 559 10
581 568 10
581 569 10
581 570 10
581 572 10
581 574 10
581 575 10
581 576 10
581 577 10
581 580 10
581 595 10
581 596 10
581 611 10
581 613 10
581 639 10
581 640 10
581 641 10
581 642 10
581 643 10
581 644 10
581 645 10
581 646 10
581 647 10
581 648 10
581 649 10
581 650 10
581 652 10
581 653 10
581 655 10
581 659 10
581 660 10
581 661 10
581 662 10
581 664 10
581 674 10
581 681 10
581 691 10
581 692 10
581 693 10
581 696 10
581 697 10
581 699 10
581 700 10
582 309 10
582 315 10
582 317 10
582 319 10
582 320 10
582 321 10
582 329 10
582 330 10
582 332 10
582 336 10
582 337 10
582 338 10
582 339 10
582 340 10
582 346 10
582 347 10
582 348 10
582 349 10
582 350 10
582 351 10
582 352 10
582 355 10
582 357 10
582 358 10
582 359 10
582 361 10
582 363 10
582 364 10
582 382 10
582 384 10
582 385 10
582 386 10
582 388 10
582 389 10
582 390 10
582 391 10
582 392 10
582 393 10
582 394 10
582 397 10
582 398 10
582 400 10
582 401 10
582 402 10
582 403 10
582 405 10
582 406 10
582 407 10
582 408 10
582 414 10
582 420 10
582 422 10
582 423 10
582 425 10
582 431 10
582 436 10
582 438 10
582 439 10
582 440 10
582 442 10
582 443 10
582 445 10
582 446 10
582 450 10
582 452 10
582 453 10
582 455 10
582 467 10
582 469 10
582 470 10
582 475 10
582 476 10
582 477 10
582 483 10
582 484 10
582 486 10
582 487 10
582 490 10
582 492 10
582 494 10
582 501 10
582 503 10
582 505 10
582 509 10
582 519 10
582 521 10
582 522 10
582 524 10
582 526 10
582 527 10
582 528 10
582 530 10
582 532 10
582 534 10
582 537 10
582 538 10
582 549 10
582 551 10
582 552 10
582 553 10
582 554 10
582 555 10
582 556 10
582 560 10
582 561 10
582 562 10
582 568 10
582 571 10
582 573 10
582 577 10
582 581 10
582 587 10
582 594 10
582 595 10
582 599 10
582 600 10
582 601 10
582 602 10
582 606 10
582 607 10
582 609 10
582 610 10
582 612 10
582 617 10
582 618 10
582 620 10
582 622 10
582 625 10
582 634 10
582 637 10
582 640 10
582 641 10
582 642 10
582 643 10
582 644 10
582 645 10
582 646 10
582 647 10
582 648 10
582 649 10
582 650 10
582 651 10
582 652 10
582 654 10
582 661 10
582 667 10
582 669 10
582 681 10
582 691 10
582 692 10
582 693 10
582 694 10
582 695 10
582 698 10
582 700 10
582 701 10
583 309 10
583 328 10
583 330 10
583 331 10
583 332 10
583 336 10
583 343 10
583 344 10
583 345 10
583 346 10
583 347 10
583 348 10
583 349 10
583 352 10
583 355 10
583 357 10
583 359 10
583 362 10
583 363 10
583 365 10
583 368 10
583 373 10
583 375 10
583 384 10
583 385 10
583 389 10
583 390 10
583 391 10
583 392 10
583 394 10
583 395 10
583 396 10
583 397 10
583 399 10
583 400 10
583 401 10
583 402 10
583 403 10
583 404 10
583 406 10
583 408 10
583 410 10
583 411 10
583 412 10
583 414 10
583 415 10
583 418 10
583 420 10
583 436 10
583 438 10
583 441 10
583 443 10
583 445 10
583 448 10
583 449 10
583 450 10
583 452 10
583 454 10
583 456 10
583 457 10
583 462 10
583 465 10
583 466 10
583 467 10
583 471 10
583 472 10
583 473 10
583 477 10
583 478 10
583 480 10
583 481 10
583 484 10
583 485 10
583 488 10
583 490 10
583 492 10
583 495 10
583 499 10
583 500 10
583 503 10
583 516 10
583 518 10
583 521 10
583 523 10
583 525 10
583 526 10
583 529 10
583 532 10
583 533 10
583 534 10
583 535 10
583 536 10
583 538 10
583 542 10
583 543 10
583 544 10
583 546 10
583 547 10
583 548 10
583 549 10
583 552 10
583 555 10
583 558 10
583 559 10
583 560 10
583 561 10
583 562 10
583 563 10
583 568 10
583 569 10
583 572 10
583 576 10
583 577 10
583 604 10
583 606 10
583 607 10
583 609 10
583 613 10
583 614 10
583 617 10
583 622 10
583 634 10
583 635 10
583 637 10
583 640 10
583 643 10
583 644 10
583 646 10
583 648 10
583 649 10
583 650 10
583 651 10
583 652 10
583 653 10
583 655 10
583 660 10
583 661 10
583 662 10
583 672 10
583 673 10
583 691 10
583 692 10
583 694 10
583 695 10
583 697 10
583 699 10
583 706 10
584 313 10
584 319 10
584 331 10
584 332 10
584 333 10
584 334 10
584 336 10
584 339 10
584 340 10
584 345 10
584 346 10
584 347 10
584 350 10
584 352 10
584 354 10
584 355 10
584 358 10
584 359 10
584 363 10
584 373 10
584 379 10
584 384 10
584 385 10
584 386 10
584 388 10
584 392 10
584 393 10
584 395 10
584 396 10
584 397 10
584 399 10
584 401 10
584 402 10
584 404 10
584 407 10
584 411 10
584 413 10
584 415 10
584 418 10
584 419 10
584 420 10
584 421 10
584 423 10
584 425 10
584 426 10
584 427 10
584 437 10
584 438 10
584 439 10
584 444 10
584 446 10
584 447 10
584 448 10
584 449 10
584 452 10
584 453 10
584 457 10
584 459 10
584 460 10
584 463 10
584 466 10
584 467 10
584 470 10
584 471 10
584 477 10
584 479 10
584 480 10
584 481 10
584 482 10
584 483 10
584 484 10
584 486 10
584 487 10
584 488 10
584 493 10
584 497 10
584 499 10
584 501 10
584 502 10
584 516 10
584 517 10
584 520 10
584 522 10
584 527 10
584 530 10
584 531 10
584 533 10
584 534 10
584 537 10
584 540 10
584 543 10
584 545 10
584 546 10
584 553 10
584 554 10
584 556 10
584 557 10
584 558 10
584 560 10
584 561 10
584 563 10
584 566 10
584 567 10
584 570 10
584 572 10
584 575 10
584 576 10
584 577 10
584 578 10
584 594 10
584 596 10
584 597 10
584 598 10
584 600 10
584 601 10
584 608 10
584 612 10
584 615 10
584 617 10
584 620 10
584 624 10
584 627 10
584 634 10
584 640 10
584 641 10
584 642 10
584 643 10
584 644 10
584 645 10
584 646 10
584 648 10
584 649 10
584 650 10
584 651 10
584 653 10
584 655 10
584 662 10
584 670 10
584 671 10
584 674 10
584 679 10
584 680 10
584 681 10
584 682 10
584 686 10
584 693 10
584 695 10
584 697 10
584 699 10
584 700 10
584 704 10
584 713 10
585 306 10
585 307 10
585 315 10
585 316 10
585 317 10
585 329 10
585 333 10
585 335 10
585 337 10
585 340 10
585 347 10
585 348 10
585 349 10
585 353 10
585 354 10
585 355 10
585 358 10
585 359 10
585 360 10
585 362 10
585 368 10
585 369 10
585 370 10
585 382 10
585 385 10
585 387 10
585 390 10
585 391 10
585 392 10
585 393 10
585 394 10
585 395 10
585 396 10
585 397 10
585 399 10
585 400 10
585 401 10
585 402 10
585 405 10
585 406 10
585 412 10
585 413 10
585 414 10
585 415 10
585 416 10
585 422 10
585 424 10
585 427 10
585 429 10
585 439 10
585 440 10
585 441 10
585 451 10
585 454 10
585 456 10
585 457 10
585 458 10
585 459 10
585 463 10
585 464 10
585 465 10
585 466 10
585 467 10
585 468 10
585 469 10
585 471 10
585 472 10
585 473 10
585 475 10
585 477 10
585 478 10
585 480 10
585 481 10
585 482 10
585 486 10
585 487 10
585 488 10
585 489 10
585 490 10
585 493 10
585 495 10
585 496 10
585 497 10
585 498 10
585 500 10
585 501 10
585 502 10
585 518 10
585 519 10
585 520 10
585 522 10
585 524 10
585 528 10
585 529 10
585 530 10
585 532 10
585 533 10
585 535 10
585 536 10
585 538 10
585 543 10
585 544 10
585 545 10
585 548 10
585 551 10
585 554 10
585 555 10
585 557 10
585 559 10
585 560 10
585 561 10
585 567 10
585 570 10
585 573 10
585 576 10
585 579 10
585 586 10
585 596 10
585 601 10
585 607 10
585 610 10
585 615 10
585 616 10
585 617 10
585 619 10
585 626 10
585 627 10
585 628 10
585 636 10
585 638 10
585 642 10
585 643 10
585 644 10
585 646 10
585 647 10
585 648 10
585 650 10
585 652 10
585 653 10
585 661 10
585 662 10
585 663 10
585 672 10
585 692 10
585 697 10
585 699 10
585 701 10
585 702 10
585 708 10
585 709 10
586 327 10
586 330 10
586 335 10
586 337 10
586 338 10
586 340 10
586 341 10
586 344 10
586 346 10
586 347 10
586 351 10
586 356 10
586 357 10
586 358 10
586 360 10
586 362 10
586 366 10
586 368 10
586 371 10
586 375 10
586 384 10
586 387 10
586 390 10
586 391 10
586 394 10
586 395 10
586 398 10
586 400 10
586 402 10
586 403 10
586 404 10
586 405 10
586 406 10
586 408 10
586 409 10
586 410 10
586 411 10
586 412 10
586 413 10
586 422 10
586 426 10
586 427 10
586 431 10
586 441 10
586 445 10
586 446 10
586 452 10
586 453 10
586 456 10
586 461 10
586 467 10
586 468 10
586 469 10
586 470 10
586 475 10
586 478 10
586 480 10
586 482 10
586 483 10
586 485 10
586 486 10
586 487 10
586 489 10
586 490 10
586 491 10
586 492 10
586 493 10
586 495 10
586 497 10
586 498 10
586 500 10
586 503 10
586 510 10
586 515 10
586 517 10
586 519 10
586 520 10
586 521 10
586 522 10
586 524 10
586 525 10
586 527 10
586 531 10
586 535 10
586 537 10
586 538 10
586 541 10
586 542 10
586 547 10
586 548 10
586 550 10
586 551 10
586 557 10
586 558 10
586 559 10
586 560 10
586 561 10
586 563 10
586 564 10
586 567 10
586 568 10
586 569 10
586 570 10
586 571 10
586 572 10
586 577 10
586 578 10
586 585 10
586 612 10
586 613 10
586 614 10
586 616 10
586 617 10
586 618 10
586 619 10
586 621 10
586 624 10
586 632 10
586 633 10
586 634 10
586 635 10
586 642 10
586 643 10
586 644 10
586 645 10
586 646 10
586 647 10
586 649 10
586 650 10
586 661 10
586 673 10
586 674 10
586 678 10
586 681 10
586 683 10
586 687 10
586 696 10
586 697 10
586 698 10
586 701 10
586 704 10
586 708 10
586 711 10
587 326 10
587 329 10
587 340 10
587 341 10
587 350 10
587 351 10
587 353 10
587 356 10
587 358 10
587 360 10
587 361 10
587 365 10
587 367 10
587 368 10
587 369 10
587 370 10
587 376 10
587 377 10
587 386 10
587 396 10
587 400 10
587 401 10
587 406 10
587 407 10
587 408 10
587 411 10
587 412 10
587 414 10
587 419 10
587 420 10
587 421 10
587 423 10
587 424 10
587 425 10
587 426 10
587 427 10
587 429 10
587 439 10
587 442 10
587 448 10
587 453 10
587 455 10
587 456 10
587 457 10
587 460 10
587 463 10
587 464 10
587 465 10
587 466 10
587 467 10
587 468 10
587 469 10
587 476 10
587 478 10
587 479 10
587 481 10
587 482 10
587 484 10
587 486 10
587 487 10
587 488 10
587 490 10
587 491 10
587 492 10
587 493 10
587 494 10
587 495 10
587 496 10
587 497 10
587 498 10
587 499 10
587 500 10
587 501 10
587 502 10
587 508 10
587 509 10
587 512 10
587 515 10
587 519 10
587 520 10
587 527 10
587 531 10
587 535 10
587 544 10
587 550 10
587 551 10
587 553 10
587 555 10
587 556 10
587 558 10
587 559 10
587 560 10
587 561 10
587 562 10
587 585 10
587 608 10
587 609 10
587 610 10
587 614 10
587 617 10
587 618 10
587 619 10
587 620 10
587 622 10
587 623 10
587 625 10
587 631 10
587 632 10
587 633 10
587 635 10
587 636 10
587 637 10
587 642 10
587 647 10
587 648 10
587 649 10
587 650 10
587 664 10
587 676 10
587 677 10
587 683 10
587 688 10
587 691 10
587 692 10
587 695 10
587 696 10
587 700 10
587 701 10
587 707 10
587 710 10
587 712 10
588 328 10
588 339 10
588 347 10
588 348 10
588 349 10
588 351 10
588 353 10
588 357 10
588 358 10
588 359 10
588 363 10
588 365 10
588 366 10
588 368 10
588 370 10
588 371 10
588 372 10
588 374 10
588 376 10
588 380 10
588 384 10
588 390 10
588 398 10
588 399 10
588 407 10
588 408 10
588 410 10
588 411 10
588 412 10
588 413 10
588 414 10
588 419 10
588 422 10
588 426 10
588 432 10
588 433 10
588 442 10
588 443 10
588 444 10
588 445 10
588 447 10
588 450 10
588 451 10
588 454 10
588 455 10
588 457 10
588 458 10
588 459 10
588 460 10
588 463 10
588 465 10
588 466 10
588 467 10
588 468 10
588 469 10
588 474 10
588 476 10
588 478 10
588 479 10
588 482 10
588 483 10
588 484 10
588 485 10
588 487 10
588 489 10
588 491 10
588 494 10
588 496 10
588 497 10
588 498 10
588 500 10
588 501 10
588 506 10
588 507 10
588 509 10
588 510 10
588 511 10
588 513 10
588 514 10
588 516 10
588 517 10
588 518 10
588 520 10
588 522 10
588 525 10
588 526 10
588 529 10
588 530 10
588 533 10
588 535 10
588 537 10
588 545 10
588 546 10
588 550 10
588 551 10
588 554 10
588 559 10
588 560 10
588 564 10
588 565 10
588 566 10
588 571 10
588 573 10
588 616 10
588 618 10
588 620 10
588 622 10
588 623 10
588 625 10
588 626 10
588 628 10
588 630 10
588 631 10
588 632 10
588 633 10
588 638 10
588 643 10
588 645 10
588 649 10
588 665 10
588 666 10
588 668 10
588 670 10
588 671 10
588 675 10
588 686 10
588 693 10
588 700 10
588 701 10
588 703 10
588 705 10
588 706 10
588 707 10
588 708 10
589 326 10
589 328 10
589 329 10
589 338 10
589 344 10
589 346 10
589 348 10
589 349 10
589 350 10
589 357 10
589 358 10
589 360 10
589 361 10
589 367 10
589 369 10
589 370 10
589 371 10
589 373 10
589 374 10
589 375 10
589 377 10
589 378 10
589 380 10
589 383 10
589 386 10
589 391 10
589 392 10
589 394 10
589 396 10
589 397 10
589 399 10
589 400 10
589 401 10
589 402 10
589 407 10
589 408 10
589 410 10
589 411 10
589 412 10
589 414 10
589 416 10
589 418 10
589 419 10
589 420 10
589 421 10
589 422 10
589 424 10
589 425 10
589 428 10
589 429 10
589 431 10
589 432 10
589 438 10
589 440 10
589 443 10
589 447 10
589 452 10
589 454 10
589 456 10
589 460 10
589 466 10
589 469 10
589 471 10
589 478 10
589 480 10
589 481 10
589 483 10
589 484 10
589 486 10
589 487 10
589 489 10
589 490 10
589 494 10
589 496 10
589 497 10
589 498 10
589 499 10
589 500 10
589 501 10
589 506 10
589 507 10
589 508 10
589 510 10
589 513 10
589 514 10
589 516 10
589 517 10
589 518 10
589 519 10
589 520 10
589 521 10
589 524 10
589 526 10
589 528 10
589 529 10
589 530 10
589 531 10
589 532 10
589 535 10
589 537 10
589 543 10
589 546 10
589 549 10
589 550 10
589 554 10
589 555 10
589 557 10
589 558 10
589 560 10
589 561 10
589 563 10
589 566 10
589 568 10
589 614 10
589 616 10
589 617 10
589 618 10
589 620 10
589 622 10
589 623 10
589 624 10
589 626 10
589 627 10
589 630 10
589 632 10
589 634 10
589 640 10
589 641 10
589 643 10
589 644 10
589 645 10
589 646 10
589 647 10
589 648 10
589 649 10
589 664 10
589 673 10
589 675 10
589 676 10
589 677 10
589 679 10
589 680 10
589 681 10
589 686 10
589 688 10
589 693 10
589 694 10
589 710 10
590 327 10
590 328 10
590 329 10
590 334 10
590 348 10
590 350 10
590 351 10
590 362 10
590 364 10
590 371 10
590 373 10
590 374 10
590 378 10
590 388 10
590 393 10
590 394 10
590 396 10
590 397 10
590 398 10
590 399 10
590 400 10
590 408 10
590 409 10
590 410 10
590 412 10
590 413 10
590 418 10
590 419 10
590 420 10
590 422 10
590 423 10
590 424 10
590 426 10
590 428 10
590 431 10
590 434 10
590 440 10
590 442 10
590 443 10
590 444 10
590 447 10
590 448 10
590 449 10
590 450 10
590 458 10
590 463 10
590 464 10
590 468 10
590 474 10
590 476 10
590 477 10
590 480 10
590 482 10
590 483 10
590 484 10
590 485 10
590 486 10
590 488 10
590 489 10
590 490 10
590 491 10
590 492 10
590 494 10
590 495 10
590 496 10
590 497 10
590 499 10
590 500 10
590 501 10
590 502 10
590 506 10
590 509 10
590 510 10
590 511 10
590 512 10
590 513 10
590 514 10
590 515 10
590 522 10
590 523 10
590 526 10
590 527 10
590 528 10
590 529 10
590 530 10
590 531 10
590 533 10
590 540 10
590 544 10
590 545 10
590 546 10
590 548 10
590 549 10
590 551 10
590 552 10
590 556 10
590 557 10
590 559 10
590 560 10
590 562 10
590 563 10
590 565 10
590 569 10
590 571 10
590 572 10
590 573 10
590 601 10
590 611 10
590 612 10
590 615 10
590 620 10
590 621 10
590 622 10
590 623 10
590 625 10
590 627 10
590 631 10
590 635 10
590 638 10
590 640 10
590 641 10
590 643 10
590 646 10
590 647 10
590 653 10
590 654 10
590 655 10
590 657 10
590 664 10
590 665 10
590 668 10
590 669 10
590 670 10
590 671 10
590 672 10
590 673 10
590 676 10
590 677 10
590 679 10
590 696 10
591 332 10
591 334 10
591 336 10
591 337 10
591 346 10
591 347 10
591 350 10
591 351 10
591 352 10
591 357 10
591 360 10
591 361 10
591 365 10
591 368 10
591 370 10
591 372 10
591 373 10
591 374 10
591 375 10
591 378 10
591 386 10
591 390 10
591 394 10
591 395 10
591 396 10
591 397 10
591 399 10
591 407 10
591 409 10
591 411 10
591 413 10
591 414 10
591 415 10
591 417 10
591 418 10
591 419 10
591 421 10
591 424 10
591 425 10
591 426 10
591 427 10
591 433 10
591 438 10
591 440 10
591 441 10
591 442 10
591 446 10
591 449 10
591 453 10
591 454 10
591 456 10
591 459 10
591 460 10
591 461 10
591 469 10
591 470 10
591 471 10
591 474 10
591 476 10
591 477 10
591 479 10
591 480 10
591 482 10
591 483 10
591 485 10
591 486 10
591 487 10
591 488 10
591 489 10
591 491 10
591 493 10
591 494 10
591 496 10
591 497 10
591 498 10
591 499 10
591 500 10
591 501 10
591 503 10
591 504 10
591 505 10
591 509 10
591 511 10
591 512 10
591 513 10
591 514 10
591 516 10
591 518 10
591 519 10
591 520 10
591 521 10
591 522 10
591 523 10
591 530 10
591 531 10
591 533 10
591 535 10
591 541 10
591 542 10
591 544 10
591 547 10
591 549 10
591 551 10
591 554 10
591 555 10
591 557 10
591 559 10
591 562 10
591 564 10
591 565 10
591 566 10
591 568 10
591 569 10
591 599 10
591 612 10
591 614 10
591 616 10
591 619 10
591 622 10
591 623 10
591 625 10
591 626 10
591 628 10
591 630 10
591 631 10
591 633 10
591 635 10
591 636 10
591 639 10
591 640 10
591 642 10
591 653 10
591 655 10
591 658 10
591 664 10
591 666 10
591 670 10
591 673 10
591 674 10
591 676 10
591 698 10
591 701 10
591 709 10
592 335 10
592 348 10
592 350 10
592 358 10
592 360 10
592 362 10
592 363 10
592 364 10
592 372 10
592 375 10
592 389 10
592 392 10
592 393 10
592 394 10
592 396 10
592 397 10
592 399 10
592 400 10
592 401 10
592 414 10
592 415 10
592 419 10
592 421 10
592 422 10
592 423 10
592 425 10
592 426 10
592 443 10
592 444 10
592 445 10
592 448 10
592 452 10
592 454 10
592 455 10
592 456 10
592 457 10
592 458 10
592 459 10
592 464 10
592 470 10
592 477 10
592 480 10
592 481 10
592 482 10
592 483 10
592 484 10
592 485 10
592 488 10
592 491 10
592 492 10
592 493 10
592 494 10
592 495 10
592 496 10
592 497 10
592 498 10
592 500 10
592 502 10
592 503 10
592 504 10
592 505 10
592 507 10
592 508 10
592 509 10
592 510 10
592 511 10
592 512 10
592 513 10
592 514 10
592 515 10
592 516 10
592 518 10
592 519 10
592 520 10
592 521 10
592 524 10
592 526 10
592 527 10
592 529 10
592 530 10
592 533 10
592 535 10
592 536 10
592 539 10
592 542 10
592 544 10
592 545 10
592 546 10
592 548 10
592 550 10
592 553 10
592 554 10
592 557 10
592 559 10
592 560 10
592 562 10
592 564 10
592 567 10
592 568 10
592 570 10
592 571 10
592 575 10
592 582 10
592 598 10
592 599 10
592 600 10
592 601 10
592 602 10
592 604 10
592 606 10
592 610 10
592 612 10
592 614 10
592 619 10
592 622 10
592 623 10
592 625 10
592 632 10
592 634 10
592 635 10
592 637 10
592 641 10
592 642 10
592 644 10
592 652 10
592 654 10
592 655 10
592 663 10
592 669 10
592 670 10
592 674 10
592 675 10
592 676 10
592 678 10
592 692 10
592 710 10
592 711 10
593 333 10
593 335 10
593 336 10
593 351 10
593 358 10
593 361 10
593 362 10
593 364 10
593 365 10
593 367 10
593 368 10
593 370 10
593 371 10
593 372 10
593 374 10
593 376 10
593 378 10
593 395 10
593 397 10
593 407 10
593 408 10
593 413 10
593 415 10
593 421 10
593 425 10
593 426 10
593 435 10
593 437 10
593 443 10
593 445 10
593 446 10
593 448 10
593 450 10
593 451 10
593 452 10
593 454 10
593 455 10
593 456 10
593 458 10
593 459 10
593 460 10
593 468 10
593 469 10
593 477 10
593 479 10
593 481 10
593 482 10
593 484 10
593 486 10
593 487 10
593 488 10
593 489 10
593 491 10
593 492 10
593 493 10
593 494 10
593 495 10
593 496 10
593 498 10
593 499 10
593 501 10
593 502 10
593 503 10
593 504 10
593 505 10
593 506 10
593 507 10
593 508 10
593 509 10
593 510 10
593 511 10
593 512 10
593 513 10
593 515 10
593 516 10
593 517 10
593 518 10
593 519 10
593 521 10
593 522 10
593 524 10
593 527 10
593 528 10
593 529 10
593 530 10
593 533 10
593 535 10
593 538 10
593 541 10
593 542 10
593 543 10
593 545 10
593 547 10
593 550 10
593 551 10
593 552 10
593 555 10
593 557 10
593 560 10
593 564 10
593 566 10
593 568 10
593 569 10
593 570 10
593 572 10
593 574 10
593 582 10
593 584 10
593 599 10
593 602 10
593 603 10
593 604 10
593 605 10
593 606 10
593 610 10
593 612 10
593 613 10
593 615 10
593 616 10
593 619 10
593 621 10
593 624 10
593 626 10
593 633 10
593 634 10
593 637 10
593 639 10
593 640 10
593 641 10
593 644 10
593 647 10
593 653 10
593 655 10
593 662 10
593 663 10
593 664 10
593 671 10
593 672 10
593 685 10
593 689 10
593 701 10
593 702 10
593 703 10
593 708 10
594 349 10
594 352 10
594 356 10
594 358 10
594 360 10
594 361 10
594 362 10
594 363 10
594 365 10
594 366 10
594 367 10
594 369 10
594 371 10
594 374 10
594 375 10
594 379 10
594 386 10
594 395 10
594 403 10
594 411 10
594 415 10
594 418 10
594 419 10
594 420 10
594 421 10
594 426 10
594 428 10
594 430 10
594 431 10
594 433 10
594 436 10
594 440 10
594 447 10
594 448 10
594 449 10
594 450 10
594 451 10
594 452 10
594 453 10
594 454 10
594 455 10
594 456 10
594 457 10
594 458 10
594 459 10
594 460 10
594 465 10
594 470 10
594 471 10
594 474 10
594 482 10
594 483 10
594 485 10
594 486 10
594 488 10
594 489 10
594 490 10
594 491 10
594 492 10
594 493 10
594 495 10
594 496 10
594 497 10
594 498 10
594 499 10
594 501 10
594 502 10
594 503 10
594 504 10
594 505 10
594 507 10
594 509 10
594 511 10
594 513 10
594 514 10
594 517 10
594 521 10
594 523 10
594 524 10
594 528 10
594 530 10
594 531 10
594 535 10
594 537 10
594 544 10
594 546 10
594 549 10
594 552 10
594 554 10
594 555 10
594 558 10
594 561 10
594 569 10
594 590 10
594 602 10
594 609 10
594 611 10
594 612 10
594 613 10
594 617 10
594 618 10
594 620 10
594 622 10
594 623 10
594 630 10
594 633 10
594 635 10
594 637 10
594 638 10
594 642 10
594 664 10
594 665 10
594 669 10
594 670 10
594 671 10
594 673 10
594 674 10
594 694 10
594 700 10
594 703 10
595 336 10
595 347 10
595 349 10
595 352 10
595 355 10
595 356 10
595 357 10
595 360 10
595 363 10
595 365 10
595 367 10
595 369 10
595 373 10
595 381 10
595 382 10
595 383 10
595 385 10
595 387 10
595 392 10
595 408 10
595 410 10
595 414 10
595 418 10
595 430 10
595 431 10
595 436 10
595 443 10
595 447 10
595 450 10
595 451 10
595 452 10
595 453 10
595 454 10
595 455 10
595 456 10
595 457 10
595 458 10
595 459 10
595 460 10
595 461 10
595 467 10
595 469 10
595 475 10
595 477 10
595 478 10
595 480 10
595 481 10
595 485 10
595 486 10
595 487 10
595 488 10
595 491 10
595 492 10
595 493 10
595 495 10
595 496 10
595 497 10
595 498 10
595 499 10
595 500 10
595 501 10
595 502 10
595 504 10
595 506 10
595 507 10
595 508 10
595 509 10
595 510 10
595 511 10
595 512 10
595 517 10
595 524 10
595 525 10
595 526 10
595 527 10
595 530 10
595 534 10
595 535 10
595 540 10
595 545 10
595 547 10
595 549 10
595 551 10
595 554 10
595 555 10
595 557 10
595 562 10
595 568 10
595 583 10
595 584 10
595 592 10
595 610 10
595 611 10
595 614 10
595 621 10
595 624 10
595 627 10
595 628 10
595 630 10
595 631 10
595 632 10
595 635 10
595 636 10
595 637 10
595 638 10
595 640 10
595 662 10
595 663 10
595 670 10
595 671 10
595 685 10
595 686 10
595 689 10
595 691 10
595 693 10
595 694 10
595 701 10
595 708 10
596 348 10
596 351 10
596 355 10
596 356 10
596 357 10
596 359 10
596 360 10
596 365 10
596 367 10
596 368 10
596 370 10
596 376 10
596 381 10
596 385 10
596 387 10
596 388 10
596 395 10
596 406 10
596 409 10
596 410 10
596 416 10
596 419 10
596 420 10
596 434 10
596 435 10
596 442 10
596 444 10
596 445 10
596 448 10
596 449 10
596 450 10
596 451 10
596 452 10
596 453 10
596 454 10
596 455 10
596 456 10
596 457 10
596 459 10
596 477 10
596 478 10
596 480 10
596 484 10
596 487 10
596 488 10
596 489 10
596 490 10
596 491 10
596 494 10
596 495 10
596 496 10
596 498 10
596 502 10
596 503 10
596 504 10
596 505 10
596 506 10
596 509 10
596 520 10
596 522 10
596 524 10
596 525 10
596 526 10
596 529 10
596 536 10
596 537 10
596 541 10
596 549 10
596 550 10
596 553 10
596 562 10
596 563 10
596 564 10
596 581 10
596 603 10
596 605 10
596 607 10
596 613 10
596 614 10
596 618 10
596 619 10
596 620 10
596 621 10
596 622 10
596 624 10
596 626 10
596 627 10
596 628 10
596 640 10
596 656 10
596 660 10
596 666 10
596 670 10
596 672 10
596 675 10
596 685 10
596 687 10
596 705 10
597 334 10
597 351 10
597 352 10
597 353 10
597 357 10
597 358 10
597 361 10
597 362 10
597 363 10
597 364 10
597 368 10
597 372 10
597 379 10
597 384 10
597 386 10
597 391 10
597 392 10
597 395 10
597 397 10
597 399 10
597 405 10
597 411 10
597 413 10
597 415 10
597 417 10
597 428 10
597 433 10
597 446 10
597 447 10
597 448 10
597 450 10
597 452 10
597 455 10
597 456 10
597 457 10
597 458 10
597 459 10
597 462 10
597 471 10
597 474 10
597 477 10
597 478 10
597 480 10
597 484 10
597 485 10
597 489 10
597 491 10
597 493 10
597 494 10
597 495 10
597 496 10
597 497 10
597 498 10
597 499 10
597 501 10
597 502 10
597 503 10
597 506 10
597 509 10
597 510 10
597 511 10
597 513 10
597 519 10
597 526 10
597 528 10
597 535 10
597 544 10
597 546 10
597 585 10
597 599 10
597 606 10
597 618 10
597 624 10
597 630 10
597 631 10
597 632 10
597 641 10
597 643 10
597 649 10
597 652 10
597 654 10
597 664 10
597 666 10
597 669 10
597 670 10
597 671 10
597 672 10
597 673 10
597 676 10
597 677 10
597 681 10
597 684 10
597 686 10
597 688 10
597 689 10
597 694 10
598 331 10
598 344 10
598 352 10
598 355 10
598 358 10
598 359 10
598 360 10
598 362 10
598 363 10
598 368 10
598 370 10
598 374 10
598 381 10
598 382 10
598 384 10
598 391 10
598 392 10
598 393 10
598 395 10
598 397 10
598 401 10
598 408 10
598 409 10
598 410 10
598 411 10
598 415 10
598 428 10
598 429 10
598 448 10
598 451 10
598 452 10
598 454 10
598 455 10
598 456 10
598 457 10
598 459 10
598 460 10
598 461 10
598 466 10
598 467 10
598 472 10
598 473 10
598 474 10
598 478 10
598 482 10
598 483 10
598 486 10
598 487 10
598 488 10
598 490 10
598 491 10
598 494 10
598 497 10
598 500 10
598 501 10
598 502 10
598 503 10
598 504 10
598 506 10
598 508 10
598 513 10
598 524 10
598 527 10
598 528 10
598 530 10
598 531 10
598 533 10
598 538 10
598 541 10
598 543 10
598 544 10
598 548 10
598 550 10
598 551 10
598 561 10
598 563 10
598 600 10
598 604 10
598 606 10
598 619 10
598 622 10
598 626 10
598 629 10
598 634 10
598 639 10
598 649 10
598 652 10
598 656 10
598 657 10
598 658 10
598 669 10
598 670 10
598 671 10
598 672 10
598 673 10
598 674 10
598 677 10
598 689 10
599 350 10
599 352 10
599 353 10
599 356 10
599 363 10
599 364 10
599 365 10
599 377 10
599 387 10
599 389 10
599 391 10
599 397 10
599 402 10
599 406 10
599 407 10
599 408 10
599 409 10
599 414 10
599 418 10
599 419 10
599 435 10
599 436 10
599 437 10
599 445 10
599 446 10
599 449 10
599 452 10
599 453 10
599 454 10
599 456 10
599 457 10
599 458 10
599 459 10
599 461 10
599 462 10
599 475 10
599 476 10
599 477 10
599 478 10
599 481 10
599 487 10
599 489 10
599 492 10
599 495 10
599 496 10
599 497 10
599 498 10
599 500 10
599 501 10
599 502 10
599 503 10
599 504 10
599 507 10
599 510 10
599 513 10
599 514 10
599 537 10
599 541 10
599 558 10
599 562 10
599 594 10
599 603 10
599 608 10
599 609 10
599 614 10
599 626 10
599 627 10
599 630 10
599 643 10
599 651 10
599 652 10
599 653 10
599 654 10
599 655 10
599 665 10
599 666 10
599 667 10
599 669 10
599 671 10
599 672 10
599 673 10
599 674 10
599 675 10
599 676 10
599 687 10
599 697 10
599 700 10
600 351 10
600 355 10
600 357 10
600 364 10
600 382 10
600 384 10
600 385 10
600 386 10
600 387 10
600 388 10
600 390 10
600 391 10
600 394 10
600 396 10
600 397 10
600 400 10
600 402 10
600 405 10
600 408 10
600 410 10
600 411 10
600 413 10
600 418 10
600 448 10
600 450 10
600 452 10
600 453 10
600 454 10
600 457 10
600 458 10
600 464 10
600 470 10
600 472 10
600 482 10
600 484 10
600 485 10
600 486 10
600 492 10
600 495 10
600 496 10
600 497 10
600 504 10
600 505 10
600 507 10
600 508 10
600 509 10
600 511 10
600 512 10
600 514 10
600 518 10
600 527 10
600 530 10
600 531 10
600 541 10
600 542 10
600 545 10
600 550 10
600 551 10
600 555 10
600 556 10
600 564 10
600 566 10
600 598 10
600 600 10
600 608 10
600 609 10
600 618 10
600 620 10
600 621 10
600 623 10
600 625 10
600 626 10
600 630 10
600 631 10
600 633 10
600 647 10
600 652 10
600 653 10
600 655 10
600 658 10
600 661 10
600 666 10
600 669 10
600 670 10
600 671 10
600 672 10
600 673 10
600 675 10
600 700 10
600 702 10
600 703 10
601 327 10
601 348 10
601 355 10
601 360 10
601 364 10
601 375 10
601 377 10
601 380 10
601 381 10
601 383 10
601 384 10
601 385 10
601 386 10
601 391 10
601 392 10
601 394 10
601 396 10
601 397 10
601 398 10
601 400 10
601 401 10
601 403 10
601 408 10
601 412 10
601 415 10
601 435 10
601 436 10
601 438 10
601 440 10
601 441 10
601 442 10
601 444 10
601 449 10
601 456 10
601 457 10
601 459 10
601 461 10
601 462 10
601 473 10
601 475 10
601 482 10
601 483 10
601 484 10
601 485 10
601 487 10
601 493 10
601 496 10
601 500 10
601 501 10
601 502 10
601 504 10
601 506 10
601 507 10
601 509 10
601 510 10
601 526 10
601 527 10
601 530 10
601 532 10
601 535 10
601 536 10
601 543 10
601 551 10
601 553 10
601 555 10
601 560 10
601 562 10
601 564 10
601 565 10
601 595 10
601 596 10
601 597 10
601 598 10
601 600 10
601 602 10
601 609 10
601 618 10
601 621 10
601 622 10
601 623 10
601 624 10
601 625 10
601 626 10
601 627 10
601 629 10
601 631 10
601 637 10
601 638 10
601 642 10
601 645 10
601 647 10
601 654 10
601 655 10
601 659 10
601 661 10
601 663 10
601 668 10
601 670 10
601 671 10
601 673 10
601 674 10
601 675 10
601 677 10
601 678 10
601 682 10
601 702 10
601 705 10
602 327 10
602 330 10
602 350 10
602 358 10
602 362 10
602 369 10
602 374 10
602 376 10
602 377 10
602 381 10
602 384 10
602 385 10
602 387 10
602 388 10
602 389 10
602 390 10
602 391 10
602 392 10
602 395 10
602 398 10
602 408 10
602 409 10
602 411 10
602 412 10
602 414 10
602 419 10
602 420 10
602 430 10
602 432 10
602 436 10
602 438 10
602 442 10
602 445 10
602 446 10
602 447 10
602 449 10
602 450 10
602 451 10
602 453 10
602 454 10
602 457 10
602 460 10
602 461 10
602 464 10
602 474 10
602 487 10
602 488 10
602 495 10
602 501 10
602 503 10
602 504 10
602 506 10
602 507 10
602 508 10
602 509 10
602 510 10
602 511 10
602 521 10
602 523 10
602 525 10
602 526 10
602 531 10
602 534 10
602 551 10
602 553 10
602 557 10
602 580 10
602 584 10
602 586 10
602 595 10
602 597 10
602 598 10
602 600 10
602 602 10
602 605 10
602 609 10
602 610 10
602 611 10
602 617 10
602 618 10
602 619 10
602 621 10
602 622 10
602 623 10
602 624 10
602 628 10
602 630 10
602 632 10
602 638 10
602 640 10
602 653 10
602 654 10
602 655 10
602 665 10
602 666 10
602 671 10
602 672 10
602 673 10
602 674 10
602 680 10
602 686 10
603 345 10
603 348 10
603 351 10
603 353 10
603 377 10
603 381 10
603 382 10
603 383 10
603 386 10
603 388 10
603 389 10
603 393 10
603 394 10
603 395 10
603 396 10
603 397 10
603 398 10
603 399 10
603 405 10
603 410 10
603 422 10
603 428 10
603 430 10
603 431 10
603 432 10
603 435 10
603 437 10
603 440 10
603 441 10
603 443 10
603 445 10
603 446 10
603 448 10
603 449 10
603 450 10
603 456 10
603 457 10
603 459 10
603 460 10
603 461 10
603 463 10
603 464 10
603 473 10
603 477 10
603 482 10
603 483 10
603 484 10
603 488 10
603 495 10
603 496 10
603 497 10
603 498 10
603 499 10
603 501 10
603 504 10
603 509 10
603 510 10
603 515 10
603 516 10
603 518 10
603 520 10
603 521 10
603 522 10
603 524 10
603 526 10
603 532 10
603 551 10
603 552 10
603 553 10
603 554 10
603 555 10
603 556 10
603 572 10
603 583 10
603 585 10
603 586 10
603 588 10
603 593 10
603 594 10
603 595 10
603 600 10
603 609 10
603 610 10
603 611 10
603 615 10
603 621 10
603 623 10
603 626 10
603 627 10
603 628 10
603 629 10
603 630 10
603 632 10
603 634 10
603 635 10
603 637 10
603 640 10
603 666 10
603 667 10
603 668 10
603 669 10
603 671 10
603 674 10
603 676 10
603 678 10
603 681 10
604 344 10
604 349 10
604 356 10
604 368 10
604 376 10
604 380 10
604 381 10
604 383 10
604 384 10
604 386 10
604 387 10
604 388 10
604 389 10
604 390 10
604 391 10
604 392 10
604 394 10
604 396 10
604 399 10
604 400 10
604 401 10
604 402 10
604 403 10
604 405 10
604 407 10
604 408 10
604 410 10
604 413 10
604 418 10
604 430 10
604 431 10
604 432 10
604 433 10
604 434 10
604 437 10
604 439 10
604 444 10
604 455 10
604 461 10
604 463 10
604 464 10
604 466 10
604 472 10
604 473 10
604 474 10
604 476 10
604 477 10
604 479 10
604 480 10
604 481 10
604 484 10
604 487 10
604 488 10
604 490 10
604 491 10
604 492 10
604 494 10
604 496 10
604 500 10
604 502 10
604 506 10
604 507 10
604 510 10
604 517 10
604 519 10
604 520 10
604 522 10
604 523 10
604 528 10
604 531 10
604 532 10
604 546 10
604 553 10
604 555 10
604 558 10
604 560 10
604 582 10
604 584 10
604 585 10
604 586 10
604 588 10
604 589 10
604 590 10
604 591 10
604 592 10
604 597 10
604 601 10
604 607 10
604 609 10
604 616 10
604 618 10
604 619 10
604 621 10
604 623 10
604 624 10
604 626 10
604 628 10
604 629 10
604 630 10
604 632 10
604 635 10
604 636 10
604 637 10
604 638 10
604 639 10
604 641 10
604 646 10
604 648 10
604 650 10
604 653 10
604 654 10
604 663 10
604 668 10
604 669 10
604 671 10
604 672 10
604 674 10
604 678 10
604 679 10
604 681 10
604 685 10
605 331 10
605 335 10
605 350 10
605 367 10
605 379 10
605 382 10
605 384 10
605 386 10
605 388 10
605 389 10
605 391 10
605 393 10
605 394 10
605 395 10
605 396 10
605 397 10
605 398 10
605 401 10
605 407 10
605 409 10
605 412 10
605 413 10
605 419 10
605 421 10
605 425 10
605 426 10
605 427 10
605 428 10
605 429 10
605 430 10
605 432 10
605 434 10
605 435 10
605 436 10
605 438 10
605 440 10
605 442 10
605 443 10
605 444 10
605 445 10
605 446 10
605 448 10
605 455 10
605 457 10
605 458 10
605 459 10
605 461 10
605 462 10
605 464 10
605 466 10
605 467 10
605 470 10
605 472 10
605 473 10
605 474 10
605 476 10
605 477 10
605 478 10
605 484 10
605 487 10
605 500 10
605 502 10
605 503 10
605 504 10
605 506 10
605 507 10
605 509 10
605 511 10
605 517 10
605 518 10
605 520 10
605 522 10
605 523 10
605 525 10
605 526 10
605 527 10
605 529 10
605 531 10
605 550 10
605 551 10
605 554 10
605 555 10
605 556 10
605 557 10
605 563 10
605 564 10
605 565 10
605 566 10
605 568 10
605 570 10
605 585 10
605 587 10
605 589 10
605 591 10
605 593 10
605 595 10
605 601 10
605 605 10
605 606 10
605 618 10
605 621 10
605 622 10
605 623 10
605 624 10
605 625 10
605 626 10
605 628 10
605 629 10
605 632 10
605 633 10
605 634 10
605 635 10
605 636 10
605 637 10
605 640 10
605 641 10
605 642 10
605 643 10
605 666 10
605 667 10
605 671 10
605 672 10
605 675 10
605 678 10
605 682 10
605 683 10
605 685 10
606 333 10
606 334 10
606 343 10
606 349 10
606 350 10
606 353 10
606 358 10
606 359 10
606 361 10
606 366 10
606 376 10
606 380 10
606 383 10
606 384 10
606 386 10
606 389 10
606 390 10
606 392 10
606 393 10
606 394 10
606 396 10
606 399 10
606 400 10
606 401 10
606 402 10
606 404 10
606 405 10
606 410 10
606 411 10
606 415 10
606 417 10
606 420 10
606 423 10
606 424 10
606 426 10
606 427 10
606 428 10
606 430 10
606 433 10
606 435 10
606 437 10
606 440 10
606 442 10
606 444 10
606 445 10
606 447 10
606 448 10
606 451 10
606 452 10
606 453 10
606 457 10
606 459 10
606 464 10
606 466 10
606 468 10
606 472 10
606 474 10
606 476 10
606 480 10
606 482 10
606 484 10
606 485 10
606 487 10
606 488 10
606 489 10
606 490 10
606 491 10
606 500 10
606 501 10
606 502 10
606 506 10
606 508 10
606 509 10
606 513 10
606 515 10
606 517 10
606 520 10
606 521 10
606 522 10
606 523 10
606 524 10
606 526 10
606 527 10
606 528 10
606 530 10
606 535 10
606 536 10
606 554 10
606 555 10
606 560 10
606 566 10
606 569 10
606 570 10
606 586 10
606 587 10
606 589 10
606 593 10
606 594 10
606 597 10
606 601 10
606 602 10
606 611 10
606 617 10
606 618 10
606 619 10
606 624 10
606 626 10
606 627 10
606 630 10
606 631 10
606 632 10
606 633 10
606 634 10
606 635 10
606 636 10
606 637 10
606 640 10
606 642 10
606 645 10
606 648 10
606 667 10
606 670 10
606 672 10
606 673 10
606 674 10
606 677 10
606 679 10
606 683 10
606 687 10
607 343 10
607 349 10
607 358 10
607 361 10
607 368 10
607 378 10
607 380 10
607 383 10
607 384 10
607 388 10
607 390 10
607 391 10
607 394 10
607 396 10
607 397 10
607 398 10
607 400 10
607 401 10
607 402 10
607 403 10
607 404 10
607 406 10
607 409 10
607 411 10
607 415 10
607 420 10
607 423 10
607 424 10
607 425 10
607 426 10
607 427 10
607 428 10
607 430 10
607 431 10
607 432 10
607 433 10
607 434 10
607 436 10
607 437 10
607 439 10
607 440 10
607 441 10
607 442 10
607 443 10
607 444 10
607 456 10
607 457 10
607 458 10
607 459 10
607 460 10
607 463 10
607 466 10
607 467 10
607 475 10
607 476 10
607 477 10
607 478 10
607 479 10
607 486 10
607 487 10
607 489 10
607 493 10
607 495 10
607 508 10
607 511 10
607 513 10
607 517 10
607 518 10
607 519 10
607 520 10
607 521 10
607 522 10
607 523 10
607 527 10
607 530 10
607 538 10
607 539 10
607 551 10
607 553 10
607 554 10
607 556 10
607 557 10
607 558 10
607 559 10
607 561 10
607 563 10
607 564 10
607 566 10
607 568 10
607 570 10
607 571 10
607 572 10
607 585 10
607 587 10
607 588 10
607 590 10
607 591 10
607 594 10
607 600 10
607 601 10
607 602 10
607 604 10
607 609 10
607 610 10
607 611 10
607 616 10
607 617 10
607 619 10
607 620 10
607 621 10
607 622 10
607 626 10
607 629 10
607 630 10
607 631 10
607 632 10
607 633 10
607 636 10
607 639 10
607 640 10
607 641 10
607 642 10
607 643 10
607 644 10
607 645 10
607 654 10
607 655 10
607 659 10
607 660 10
607 661 10
607 664 10
607 665 10
607 666 10
607 669 10
607 672 10
607 675 10
607 678 10
607 680 10
608 331 10
608 343 10
608 350 10
608 352 10
608 368 10
608 376 10
608 382 10
608 384 10
608 385 10
608 386 10
608 388 10
608 389 10
608 390 10
608 392 10
608 393 10
608 394 10
608 396 10
608 399 10
608 400 10
608 401 10
608 402 10
608 406 10
608 416 10
608 418 10
608 419 10
608 423 10
608 425 10
608 427 10
608 428 10
608 429 10
608 430 10
608 434 10
608 435 10
608 437 10
608 438 10
608 440 10
608 442 10
608 443 10
608 445 10
608 450 10
608 453 10
608 454 10
608 455 10
608 456 10
608 462 10
608 464 10
608 469 10
608 470 10
608 471 10
608 473 10
608 474 10
608 475 10
608 476 10
608 477 10
608 478 10
608 484 10
608 489 10
608 490 10
608 491 10
608 492 10
608 504 10
608 505 10
608 506 10
608 507 10
608 509 10
608 513 10
608 514 10
608 515 10
608 517 10
608 522 10
608 523 10
608 524 10
608 525 10
608 526 10
608 531 10
608 532 10
608 540 10
608 552 10
608 554 10
608 556 10
608 557 10
608 558 10
608 559 10
608 561 10
608 564 10
608 566 10
608 570 10
608 572 10
608 578 10
608 579 10
608 587 10
608 592 10
608 593 10
608 596 10
608 604 10
608 605 10
608 610 10
608 612 10
608 615 10
608 616 10
608 618 10
608 620 10
608 625 10
608 626 10
608 628 10
608 633 10
608 634 10
608 635 10
608 636 10
608 637 10
608 638 10
608 640 10
608 641 10
608 642 10
608 643 10
608 644 10
608 645 10
608 646 10
608 647 10
608 648 10
608 650 10
608 652 10
608 658 10
608 660 10
608 662 10
608 664 10
608 667 10
608 672 10
608 673 10
608 674 10
609 331 10
609 335 10
609 337 10
609 347 10
609 359 10
609 360 10
609 377 10
609 379 10
609 382 10
609 383 10
609 384 10
609 386 10
609 389 10
609 391 10
609 392 10
609 395 10
609 396 10
609 397 10
609 401 10
609 402 10
609 409 10
609 412 10
609 413 10
609 418 10
609 425 10
609 427 10
609 428 10
609 429 10
609 430 10
609 431 10
609 433 10
609 434 10
609 436 10
609 437 10
609 438 10
609 439 10
609 440 10
609 443 10
609 445 10
609 446 10
609 447 10
609 453 10
609 454 10
609 456 10
609 457 10
609 458 10
609 459 10
609 460 10
609 467 10
609 468 10
609 469 10
609 471 10
609 473 10
609 476 10
609 479 10
609 481 10
609 487 10
609 488 10
609 489 10
609 490 10
609 496 10
609 502 10
609 505 10
609 506 10
609 507 10
609 508 10
609 509 10
609 510 10
609 511 10
609 512 10
609 514 10
609 515 10
609 519 10
609 521 10
609 523 10
609 526 10
609 528 10
609 539 10
609 549 10
609 550 10
609 553 10
609 556 10
609 557 10
609 558 10
609 563 10
609 564 10
609 565 10
609 567 10
609 568 10
609 569 10
609 573 10
609 575 10
609 580 10
609 586 10
609 587 10
609 588 10
609 589 10
609 590 10
609 591 10
609 593 10
609 596 10
609 598 10
609 602 10
609 603 10
609 604 10
609 605 10
609 610 10
609 614 10
609 615 10
609 616 10
609 618 10
609 620 10
609 622 10
609 624 10
609 625 10
609 626 10
609 631 10
609 632 10
609 634 10
609 635 10
609 637 10
609 638 10
609 639 10
609 640 10
609 641 10
609 642 10
609 644 10
609 645 10
609 647 10
609 652 10
609 659 10
609 660 10
609 661 10
609 662 10
609 663 10
609 664 10
609 671 10
609 674 10
609 676 10
609 678 10
609 680 10
609 682 10
610 332 10
610 340 10
610 346 10
610 348 10
610 349 10
610 356 10
610 376 10
610 378 10
610 380 10
610 383 10
610 385 10
610 388 10
610 390 10
610 391 10
610 392 10
610 393 10
610 394 10
610 395 10
610 396 10
610 397 10
610 398 10
610 401 10
610 402 10
610 404 10
610 405 10
610 406 10
610 408 10
610 417 10
610 420 10
610 421 10
610 424 10
610 426 10
610 427 10
610 428 10
610 429 10
610 430 10
610 431 10
610 432 10
610 433 10
610 435 10
610 436 10
610 437 10
610 438 10
610 439 10
610 440 10
610 441 10
610 442 10
610 443 10
610 444 10
610 446 10
610 447 10
610 449 10
610 450 10
610 458 10
610 461 10
610 462 10
610 463 10
610 464 10
610 465 10
610 468 10
610 469 10
610 470 10
610 471 10
610 472 10
610 476 10
610 477 10
610 479 10
610 484 10
610 490 10
610 493 10
610 495 10
610 497 10
610 504 10
610 507 10
610 509 10
610 513 10
610 514 10
610 516 10
610 517 10
610 522 10
610 523 10
610 525 10
610 528 10
610 548 10
610 554 10
610 555 10
610 557 10
610 559 10
610 563 10
610 565 10
610 570 10
610 571 10
610 572 10
610 573 10
610 578 10
610 579 10
610 581 10
610 583 10
610 584 10
610 591 10
610 592 10
610 595 10
610 596 10
610 601 10
610 602 10
610 606 10
610 607 10
610 611 10
610 612 10
610 614 10
610 618 10
610 620 10
610 624 10
610 626 10
610 627 10
610 630 10
610 631 10
610 632 10
610 636 10
610 637 10
610 638 10
610 639 10
610 640 10
610 641 10
610 642 10
610 643 10
610 644 10
610 646 10
610 648 10
610 649 10
610 650 10
610 652 10
610 657 10
610 662 10
610 663 10
610 665 10
610 666 10
610 668 10
610 670 10
610 671 10
610 674 10
610 675 10
610 678 10
610 679 10
610 680 10
610 682 10
610 683 10
610 691 10
611 334 10
611 336 10
611 340 10
611 344 10
611 347 10
611 350 10
611 357 10
611 359 10
611 374 10
611 375 10
611 376 10
611 377 10
611 379 10
611 381 10
611 383 10
611 384 10
611 386 10
611 388 10
611 394 10
611 395 10
611 396 10
611 397 10
611 398 10
611 399 10
611 402 10
611 403 10
611 404 10
611 406 10
611 415 10
611 417 10
611 418 10
611 421 10
611 422 10
611 425 10
611 428 10
611 432 10
611 434 10
611 435 10
611 436 10
611 437 10
611 438 10
611 439 10
611 440 10
611 441 10
611 442 10
611 443 10
611 444 10
611 445 10
611 447 10
611 450 10
611 452 10
611 454 10
611 456 10
611 458 10
611 465 10
611 466 10
611 467 10
611 468 10
611 469 10
611 472 10
611 474 10
611 475 10
611 480 10
611 481 10
611 484 10
611 485 10
611 486 10
611 493 10
611 497 10
611 504 10
611 505 10
611 511 10
611 515 10
611 527 10
611 528 10
611 529 10
611 531 10
611 536 10
611 545 10
611 548 10
611 549 10
611 550 10
611 551 10
611 553 10
611 558 10
611 559 10
611 562 10
611 564 10
611 565 10
611 566 10
611 567 10
611 568 10
611 569 10
611 570 10
611 571 10
611 580 10
611 581 10
611 583 10
611 585 10
611 590 10
611 592 10
611 593 10
611 598 10
611 600 10
611 601 10
611 604 10
611 610 10
611 614 10
611 616 10
611 618 10
611 619 10
611 623 10
611 624 10
611 626 10
611 628 10
611 634 10
611 636 10
611 637 10
611 638 10
611 639 10
611 640 10
611 641 10
611 642 10
611 644 10
611 650 10
611 652 10
611 658 10
611 659 10
611 660 10
611 661 10
611 662 10
611 665 10
611 666 10
611 679 10
611 681 10
611 683 10
611 684 10
611 689 10
611 704 10
612 334 10
612 335 10
612 336 10
612 343 10
612 345 10
612 346 10
612 347 10
612 348 10
612 349 10
612 354 10
612 374 10
612 375 10
612 377 10
612 378 10
612 380 10
612 381 10
612 382 10
612 383 10
612 384 10
612 385 10
612 386 10
612 387 10
612 389 10
612 392 10
612 394 10
612 395 10
612 396 10
612 400 10
612 401 10
612 402 10
612 403 10
612 404 10
612 413 10
612 417 10
612 419 10
612 420 10
612 421 10
612 422 10
612 424 10
612 425 10
612 427 10
612 429 10
612 430 10
612 431 10
612 434 10
612 436 10
612 438 10
612 439 10
612 440 10
612 441 10
612 442 10
612 443 10
612 444 10
612 445 10
612 446 10
612 447 10
612 448 10
612 449 10
612 450 10
612 453 10
612 456 10
612 459 10
612 460 10
612 462 10
612 463 10
612 466 10
612 468 10
612 470 10
612 471 10
612 472 10
612 475 10
612 478 10
612 482 10
612 484 10
612 487 10
612 489 10
612 492 10
612 493 10
612 495 10
612 496 10
612 497 10
612 499 10
612 500 10
612 505 10
612 515 10
612 527 10
612 546 10
612 551 10
612 564 10
612 565 10
612 566 10
612 567 10
612 568 10
612 569 10
612 573 10
612 576 10
612 577 10
612 580 10
612 583 10
612 586 10
612 588 10
612 590 10
612 591 10
612 592 10
612 593 10
612 594 10
612 597 10
612 602 10
612 605 10
612 607 10
612 609 10
612 611 10
612 614 10
612 617 10
612 619 10
612 620 10
612 622 10
612 623 10
612 625 10
612 626 10
612 628 10
612 629 10
612 631 10
612 633 10
612 635 10
612 636 10
612 638 10
612 639 10
612 641 10
612 642 10
612 643 10
612 644 10
612 646 10
612 647 10
612 648 10
612 663 10
612 669 10
612 675 10
612 676 10
612 677 10
612 679 10
612 683 10
612 686 10
612 688 10
612 691 10
612 692 10
612 693 10
612 694 10
612 695 10
612 697 10
612 705 10
613 337 10
613 345 10
613 347 10
613 349 10
613 351 10
613 353 10
613 354 10
613 356 10
613 357 10
613 373 10
613 375 10
613 377 10
613 379 10
613 381 10
613 382 10
613 384 10
613 386 10
613 387 10
613 392 10
613 394 10
613 395 10
613 396 10
613 397 10
613 398 10
613 400 10
613 402 10
613 403 10
613 405 10
613 406 10
613 407 10
613 410 10
613 414 10
613 417 10
613 418 10
613 421 10
613 425 10
613 430 10
613 431 10
613 432 10
613 434 10
613 436 10
613 437 10
613 438 10
613 439 10
613 440 10
613 441 10
613 442 10
613 444 10
613 445 10
613 446 10
613 447 10
613 448 10
613 449 10
613 452 10
613 453 10
613 455 10
613 456 10
613 457 10
613 459 10
613 460 10
613 461 10
613 462 10
613 463 10
613 465 10
613 467 10
613 468 10
613 469 10
613 470 10
613 474 10
613 476 10
613 481 10
613 482 10
613 483 10
613 485 10
613 489 10
613 490 10
613 491 10
613 494 10
613 497 10
613 523 10
613 526 10
613 529 10
613 531 10
613 546 10
613 548 10
613 550 10
613 553 10
613 555 10
613 560 10
613 562 10
613 563 10
613 565 10
613 566 10
613 568 10
613 571 10
613 573 10
613 574 10
613 576 10
613 578 10
613 579 10
613 582 10
613 584 10
613 585 10
613 586 10
613 588 10
613 590 10
613 591 10
613 592 10
613 594 10
613 595 10
613 596 10
613 599 10
613 600 10
613 601 10
613 603 10
613 605 10
613 607 10
613 609 10
613 623 10
613 624 10
613 625 10
613 628 10
613 629 10
613 633 10
613 634 10
613 636 10
613 637 10
613 638 10
613 639 10
613 640 10
613 641 10
613 642 10
613 643 10
613 644 10
613 645 10
613 646 10
613 648 10
613 652 10
613 673 10
613 674 10
613 676 10
613 679 10
613 680 10
613 684 10
613 694 10
613 699 10
613 701 10
613 704 10
614 344 10
614 347 10
614 349 10
614 354 10
614 357 10
614 359 10
614 367 10
614 368 10
614 370 10
614 376 10
614 378 10
614 379 10
614 384 10
614 385 10
614 386 10
614 388 10
614 391 10
614 393 10
614 394 10
614 395 10
614 396 10
614 400 10
614 402 10
614 405 10
614 407 10
614 410 10
614 414 10
614 417 10
614 419 10
614 420 10
614 422 10
614 423 10
614 424 10
614 426 10
614 428 10
614 430 10
614 431 10
614 432 10
614 434 10
614 435 10
614 436 10
614 438 10
614 439 10
614 440 10
614 441 10
614 442 10
614 443 10
614 444 10
614 445 10
614 446 10
614 447 10
614 448 10
614 449 10
614 450 10
614 451 10
614 452 10
614 453 10
614 454 10
614 455 10
614 457 10
614 460 10
614 461 10
614 462 10
614 463 10
614 464 10
614 466 10
614 470 10
614 471 10
614 473 10
614 475 10
614 476 10
614 477 10
614 478 10
614 479 10
614 480 10
614 481 10
614 483 10
614 484 10
614 485 10
614 487 10
614 488 10
614 490 10
614 492 10
614 493 10
614 495 10
614 498 10
614 499 10
614 501 10
614 505 10
614 509 10
614 510 10
614 523 10
614 525 10
614 531 10
614 546 10
614 552 10
614 565 10
614 568 10
614 569 10
614 570 10
614 571 10
614 573 10
614 575 10
614 576 10
614 580 10
614 583 10
614 585 10
614 589 10
614 591 10
614 592 10
614 593 10
614 595 10
614 597 10
614 599 10
614 600 10
614 601 10
614 603 10
614 615 10
614 617 10
614 620 10
614 625 10
614 626 10
614 628 10
614 629 10
614 631 10
614 632 10
614 633 10
614 638 10
614 639 10
614 640 10
614 641 10
614 643 10
614 644 10
614 645 10
614 646 10
614 647 10
614 650 10
614 659 10
614 672 10
614 673 10
614 675 10
614 676 10
614 682 10
614 692 10
614 696 10
614 699 10
614 701 10
614 706 10
615 344 10
615 345 10
615 350 10
615 351 10
615 359 10
615 361 10
615 367 10
615 368 10
615 371 10
615 372 10
615 373 10
615 375 10
615 376 10
615 378 10
615 384 10
615 397 10
615 398 10
615 399 10
615 400 10
615 401 10
615 406 10
615 414 10
615 418 10
615 421 10
615 427 10
615 428 10
615 430 10
615 432 10
615 433 10
615 434 10
615 436 10
615 437 10
615 438 10
615 440 10
615 441 10
615 443 10
615 444 10
615 445 10
615 446 10
615 447 10
615 448 10
615 449 10
615 450 10
615 451 10
615 452 10
615 453 10
615 454 10
615 456 10
615 457 10
615 458 10
615 459 10
615 461 10
615 463 10
615 464 10
615 466 10
615 467 10
615 470 10
615 471 10
615 473 10
615 475 10
615 476 10
615 478 10
615 479 10
615 481 10
615 482 10
615 485 10
615 486 10
615 487 10
615 489 10
615 492 10
615 493 10
615 494 10
615 495 10
615 496 10
615 498 10
615 508 10
615 510 10
615 511 10
615 512 10
615 519 10
615 522 10
615 525 10
615 541 10
615 542 10
615 544 10
615 545 10
615 546 10
615 556 10
615 557 10
615 560 10
615 562 10
615 563 10
615 564 10
615 566 10
615 567 10
615 568 10
615 576 10
615 577 10
615 578 10
615 579 10
615 582 10
615 583 10
615 589 10
615 592 10
615 593 10
615 594 10
615 602 10
615 604 10
615 616 10
615 622 10
615 623 10
615 624 10
615 625 10
615 631 10
615 635 10
615 637 10
615 638 10
615 640 10
615 641 10
615 642 10
615 644 10
615 645 10
615 646 10
615 647 10
615 648 10
615 660 10
615 673 10
615 674 10
615 675 10
615 676 10
615 677 10
615 678 10
615 679 10
615 684 10
615 691 10
615 694 10
615 696 10
615 697 10
615 698 10
615 699 10
615 702 10
615 703 10
615 706 10
616 343 10
616 345 10
616 346 10
616 349 10
616 361 10
616 366 10
616 368 10
616 370 10
616 371 10
616 373 10
616 376 10
616 377 10
616 378 10
616 380 10
616 383 10
616 384 10
616 385 10
616 388 10
616 390 10
616 392 10
616 393 10
616 395 10
616 399 10
616 401 10
616 402 10
616 403 10
616 420 10
616 423 10
616 424 10
616 425 10
616 426 10
616 427 10
616 428 10
616 430 10
616 432 10
616 434 10
616 435 10
616 436 10
616 437 10
616 438 10
616 440 10
616 441 10
616 442 10
616 443 10
616 445 10
616 448 10
616 449 10
616 450 10
616 452 10
616 453 10
616 455 10
616 458 10
616 459 10
616 460 10
616 461 10
616 462 10
616 468 10
616 471 10
616 472 10
616 474 10
616 476 10
616 477 10
616 478 10
616 479 10
616 482 10
616 484 10
616 487 10
616 498 10
616 505 10
616 506 10
616 507 10
616 541 10
616 544 10
616 545 10
616 546 10
616 551 10
616 552 10
616 558 10
616 560 10
616 571 10
616 573 10
616 578 10
616 579 10
616 581 10
616 582 10
616 583 10
616 584 10
616 585 10
616 588 10
616 589 10
616 590 10
616 591 10
616 592 10
616 593 10
616 596 10
616 598 10
616 600 10
616 601 10
616 607 10
616 612 10
616 616 10
616 622 10
616 626 10
616 628 10
616 635 10
616 637 10
616 640 10
616 642 10
616 643 10
616 646 10
616 648 10
616 653 10
616 655 10
616 672 10
616 673 10
616 674 10
616 675 10
616 676 10
616 677 10
616 679 10
616 682 10
616 685 10
616 691 10
616 693 10
616 695 10
616 697 10
616 698 10
616 706 10
617 341 10
617 345 10
617 346 10
617 351 10
617 352 10
617 353 10
617 357 10
617 358 10
617 365 10
617 368 10
617 370 10
617 372 10
617 375 10
617 380 10
617 388 10
617 392 10
617 395 10
617 397 10
617 398 10
617 402 10
617 403 10
617 405 10
617 418 10
617 419 10
617 422 10
617 423 10
617 425 10
617 427 10
617 429 10
617 431 10
617 433 10
617 434 10
617 436 10
617 438 10
617 441 10
617 443 10
617 445 10
617 446 10
617 448 10
617 450 10
617 452 10
617 454 10
617 455 10
617 459 10
617 461 10
617 464 10
617 469 10
617 471 10
617 473 10
617 474 10
617 475 10
617 477 10
617 478 10
617 479 10
617 480 10
617 484 10
617 486 10
617 487 10
617 488 10
617 492 10
617 494 10
617 496 10
617 507 10
617 509 10
617 511 10
617 513 10
617 528 10
617 529 10
617 530 10
617 540 10
617 542 10
617 543 10
617 549 10
617 552 10
617 564 10
617 565 10
617 566 10
617 568 10
617 571 10
617 575 10
617 576 10
617 577 10
617 578 10
617 580 10
617 581 10
617 582 10
617 585 10
617 588 10
617 591 10
617 593 10
617 594 10
617 595 10
617 598 10
617 599 10
617 600 10
617 602 10
617 603 10
617 604 10
617 605 10
617 606 10
617 607 10
617 608 10
617 618 10
617 622 10
617 624 10
617 628 10
617 633 10
617 635 10
617 637 10
617 638 10
617 639 10
617 643 10
617 645 10
617 646 10
617 650 10
617 651 10
617 653 10
617 670 10
617 671 10
617 672 10
617 673 10
617 674 10
617 675 10
617 676 10
617 678 10
617 679 10
617 681 10
617 682 10
617 692 10
617 694 10
617 695 10
617 700 10
617 703 10
618 344 10
618 345 10
618 346 10
618 347 10
618 348 10
618 354 10
618 363 10
618 369 10
618 370 10
618 375 10
618 382 10
618 383 10
618 384 10
618 385 10
618 398 10
618 409 10
618 413 10
618 421 10
618 424 10
618 427 10
618 429 10
618 430 10
618 431 10
618 433 10
618 434 10
618 436 10
618 438 10
618 440 10
618 442 10
618 443 10
618 444 10
618 448 10
618 450 10
618 451 10
618 453 10
618 454 10
618 457 10
618 459 10
618 462 10
618 464 10
618 469 10
618 471 10
618 473 10
618 475 10
618 476 10
618 477 10
618 478 10
618 479 10
618 480 10
618 481 10
618 482 10
618 483 10
618 486 10
618 488 10
618 496 10
618 499 10
618 503 10
618 506 10
618 538 10
618 543 10
618 545 10
618 547 10
618 548 10
618 549 10
618 550 10
618 552 10
618 561 10
618 564 10
618 566 10
618 570 10
618 573 10
618 576 10
618 578 10
618 584 10
618 585 10
618 588 10
618 591 10
618 592 10
618 593 10
618 599 10
618 600 10
618 601 10
618 602 10
618 607 10
618 617 10
618 620 10
618 621 10
618 623 10
618 624 10
618 626 10
618 629 10
618 634 10
618 635 10
618 637 10
618 646 10
618 650 10
618 666 10
618 669 10
618 671 10
618 672 10
618 673 10
618 674 10
618 675 10
618 676 10
618 678 10
618 679 10
618 680 10
618 681 10
618 682 10
618 683 10
618 685 10
618 691 10
618 692 10
618 693 10
618 694 10
618 695 10
618 700 10
618 701 10
618 702 10
618 706 10
619 345 10
619 351 10
619 368 10
619 373 10
619 381 10
619 384 10
619 386 10
619 387 10
619 392 10
619 401 10
619 402 10
619 419 10
619 420 10
619 421 10
619 423 10
619 425 10
619 426 10
619 429 10
619 430 10
619 432 10
619 435 10
619 436 10
619 437 10
619 443 10
619 444 10
619 446 10
619 447 10
619 448 10
619 449 10
619 450 10
619 451 10
619 452 10
619 453 10
619 454 10
619 456 10
619 460 10
619 461 10
619 463 10
619 464 10
619 465 10
619 471 10
619 472 10
619 473 10
619 475 10
619 476 10
619 477 10
619 478 10
619 479 10
619 481 10
619 482 10
619 484 10
619 485 10
619 487 10
619 488 10
619 490 10
619 497 10
619 499 10
619 504 10
619 506 10
619 510 10
619 530 10
619 541 10
619 542 10
619 544 10
619 547 10
619 548 10
619 549 10
619 551 10
619 552 10
619 553 10
619 555 10
619 557 10
619 560 10
619 563 10
619 570 10
619 571 10
619 574 10
619 577 10
619 578 10
619 580 10
619 585 10
619 588 10
619 589 10
619 590 10
619 591 10
619 592 10
619 593 10
619 594 10
619 596 10
619 597 10
619 598 10
619 599 10
619 601 10
619 602 10
619 604 10
619 605 10
619 606 10
619 615 10
619 623 10
619 624 10
619 634 10
619 635 10
619 636 10
619 637 10
619 639 10
619 641 10
619 642 10
619 648 10
619 650 10
619 651 10
619 653 10
619 657 10
619 667 10
619 671 10
619 672 10
619 673 10
619 674 10
619 675 10
619 676 10
619 677 10
619 681 10
619 682 10
619 686 10
619 687 10
619 691 10
619 692 10
619 693 10
619 694 10
619 697 10
620 345 10
620 347 10
620 351 10
620 363 10
620 369 10
620 373 10
620 383 10
620 389 10
620 392 10
620 402 10
620 407 10
620 408 10
620 409 10
620 411 10
620 412 10
620 420 10
620 425 10
620 426 10
620 427 10
620 428 10
620 429 10
620 430 10
620 431 10
620 433 10
620 434 10
620 435 10
620 437 10
620 440 10
620 441 10
620 442 10
620 444 10
620 446 10
620 448 10
620 450 10
620 452 10
620 456 10
620 457 10
620 462 10
620 463 10
620 464 10
620 465 10
620 470 10
620 473 10
620 474 10
620 475 10
620 476 10
620 478 10
620 480 10
620 481 10
620 482 10
620 483 10
620 484 10
620 485 10
620 486 10
620 487 10
620 489 10
620 495 10
620 496 10
620 498 10
620 513 10
620 538 10
620 541 10
620 542 10
620 545 10
620 547 10
620 549 10
620 564 10
620 565 10
620 569 10
620 575 10
620 577 10
620 578 10
620 580 10
620 581 10
620 587 10
620 588 10
620 589 10
620 591 10
620 595 10
620 597 10
620 598 10
620 600 10
620 601 10
620 602 10
620 604 10
620 605 10
620 620 10
620 624 10
620 625 10
620 626 10
620 627 10
620 628 10
620 634 10
620 636 10
620 639 10
620 643 10
620 644 10
620 648 10
620 649 10
620 651 10
620 652 10
620 653 10
620 656 10
620 657 10
620 667 10
620 668 10
620 669 10
620 672 10
620 673 10
620 677 10
620 679 10
620 681 10
620 682 10
620 684 10
620 685 10
620 688 10
620 690 10
620 691 10
620 692 10
620 694 10
620 695 10
620 696 10
620 697 10
620 699 10
620 701 10
621 351 10
621 361 10
621 372 10
621 374 10
621 384 10
621 385 10
621 386 10
621 387 10
621 390 10
621 391 10
621 392 10
621 394 10
621 397 10
621 400 10
621 402 10
621 403 10
621 408 10
621 410 10
621 412 10
621 415 10
621 417 10
621 420 10
621 421 10
621 422 10
621 423 10
621 424 10
621 426 10
621 427 10
621 428 10
621 431 10
621 432 10
621 433 10
621 434 10
621 436 10
621 437 10
621 438 10
621 439 10
621 444 10
621 445 10
621 446 10
621 447 10
621 450 10
621 451 10
621 452 10
621 455 10
621 457 10
621 459 10
621 461 10
621 463 10
621 465 10
621 469 10
621 471 10
621 472 10
621 473 10
621 474 10
621 475 10
621 476 10
621 477 10
621 478 10
621 479 10
621 480 10
621 481 10
621 484 10
621 485 10
621 486 10
621 490 10
621 498 10
621 507 10
621 509 10
621 510 10
621 514 10
621 515 10
621 519 10
621 520 10
621 521 10
621 522 10
621 523 10
621 526 10
621 541 10
621 543 10
621 546 10
621 547 10
621 549 10
621 552 10
621 553 10
621 555 10
621 564 10
621 566 10
621 569 10
621 570 10
621 571 10
621 578 10
621 580 10
621 581 10
621 582 10
621 583 10
621 590 10
621 591 10
621 593 10
621 596 10
621 597 10
621 599 10
621 601 10
621 602 10
621 603 10
621 604 10
621 609 10
621 622 10
621 625 10
621 628 10
621 632 10
621 634 10
621 640 10
621 641 10
621 642 10
621 645 10
621 650 10
621 651 10
621 652 10
621 655 10
621 657 10
621 668 10
621 669 10
621 671 10
621 673 10
621 674 10
621 676 10
621 678 10
621 680 10
621 681 10
621 683 10
621 684 10
621 685 10
621 686 10
621 691 10
621 692 10
621 693 10
621 695 10
621 698 10
621 715 10
621 716 10
622 352 10
622 359 10
622 371 10
622 373 10
622 379 10
622 380 10
622 384 10
622 385 10
622 387 10
622 389 10
622 392 10
622 393 10
622 407 10
622 410 10
622 411 10
622 412 10
622 418 10
622 421 10
622 423 10
622 424 10
622 425 10
622 434 10
622 435 10
622 437 10
622 439 10
622 440 10
622 441 10
622 442 10
622 443 10
622 444 10
622 446 10
622 447 10
622 448 10
622 450 10
622 453 10
622 462 10
622 465 10
622 467 10
622 470 10
622 471 10
622 473 10
622 474 10
622 475 10
622 476 10
622 481 10
622 483 10
622 484 10
622 485 10
622 486 10
622 487 10
622 488 10
622 491 10
622 493 10
622 498 10
622 508 10
622 510 10
622 512 10
622 519 10
622 521 10
622 529 10
622 538 10
622 539 10
622 543 10
622 544 10
622 546 10
622 553 10
622 564 10
622 567 10
622 576 10
622 577 10
622 578 10
622 583 10
622 588 10
622 599 10
622 601 10
622 603 10
622 616 10
622 617 10
622 619 10
622 622 10
622 623 10
622 625 10
622 626 10
622 627 10
622 628 10
622 629 10
622 631 10
622 632 10
622 633 10
622 634 10
622 636 10
622 637 10
622 638 10
622 639 10
622 640 10
622 644 10
622 647 10
622 648 10
622 649 10
622 656 10
622 659 10
622 668 10
622 671 10
622 672 10
622 673 10
622 674 10
622 675 10
622 676 10
622 680 10
622 681 10
622 685 10
622 688 10
622 696 10
622 697 10
622 700 10
623 358 10
623 362 10
623 373 10
623 378 10
623 380 10
623 383 10
623 384 10
623 385 10
623 386 10
623 388 10
623 389 10
623 393 10
623 396 10
623 409 10
623 410 10
623 417 10
623 418 10
623 419 10
623 420 10
623 421 10
623 422 10
623 423 10
623 424 10
623 425 10
623 426 10
623 427 10
623 429 10
623 430 10
623 431 10
623 433 10
623 434 10
623 436 10
623 437 10
623 438 10
623 445 10
623 451 10
623 453 10
623 455 10
623 467 10
623 469 10
623 470 10
623 472 10
623 473 10
623 474 10
623 475 10
623 476 10
623 477 10
623 481 10
623 482 10
623 483 10
623 484 10
623 485 10
623 487 10
623 489 10
623 490 10
623 494 10
623 496 10
623 497 10
623 503 10
623 508 10
623 512 10
623 515 10
623 517 10
623 520 10
623 521 10
623 522 10
623 523 10
623 544 10
623 545 10
623 546 10
623 547 10
623 548 10
623 561 10
623 567 10
623 569 10
623 571 10
623 577 10
623 578 10
623 581 10
623 583 10
623 587 10
623 589 10
623 590 10
623 591 10
623 595 10
623 596 10
623 597 10
623 598 10
623 599 10
623 600 10
623 601 10
623 602 10
623 603 10
623 604 10
623 605 10
623 607 10
623 608 10
623 610 10
623 614 10
623 615 10
623 616 10
623 619 10
623 620 10
623 621 10
623 624 10
623 627 10
623 628 10
623 631 10
623 635 10
623 637 10
623 638 10
623 639 10
623 640 10
623 641 10
623 646 10
623 648 10
623 649 10
623 651 10
623 652 10
623 653 10
623 657 10
623 659 10
623 668 10
623 670 10
623 675 10
623 676 10
623 679 10
623 680 10
623 682 10
623 683 10
623 684 10
623 697 10
623 698 10
623 701 10
623 720 10
624 358 10
624 375 10
624 378 10
624 383 10
624 384 10
624 389 10
624 390 10
624 391 10
624 406 10
624 417 10
624 418 10
624 420 10
624 421 10
624 423 10
624 424 10
624 426 10
624 427 10
624 429 10
624 430 10
624 431 10
624 434 10
624 435 10
624 436 10
624 437 10
624 441 10
624 442 10
624 449 10
624 450 10
624 451 10
624 452 10
624 454 10
624 455 10
624 460 10
624 466 10
624 468 10
624 469 10
624 470 10
624 471 10
624 472 10
624 473 10
624 474 10
624 475 10
624 476 10
624 477 10
624 480 10
624 482 10
624 483 10
624 484 10
624 486 10
624 487 10
624 488 10
624 490 10
624 494 10
624 506 10
624 508 10
624 516 10
624 519 10
624 520 10
624 521 10
624 522 10
624 524 10
624 543 10
624 544 10
624 548 10
624 549 10
624 552 10
624 553 10
624 567 10
624 571 10
624 575 10
624 581 10
624 582 10
624 585 10
624 593 10
624 596 10
624 598 10
624 600 10
624 603 10
624 605 10
624 606 10
624 607 10
624 609 10
624 610 10
624 617 10
624 618 10
624 621 10
624 622 10
624 623 10
624 624 10
624 626 10
624 628 10
624 629 10
624 631 10
624 634 10
624 637 10
624 638 10
624 640 10
624 641 10
624 642 10
624 644 10
624 646 10
624 647 10
624 649 10
624 651 10
624 652 10
624 656 10
624 657 10
624 659 10
624 664 10
624 665 10
624 672 10
624 677 10
624 680 10
624 681 10
624 682 10
624 685 10
624 693 10
624 697 10
624 700 10
624 702 10
624 708 10
624 710 10
624 713 10
625 373 10
625 376 10
625 377 10
625 378 10
625 383 10
625 384 10
625 385 10
625 386 10
625 388 10
625 389 10
625 398 10
625 416 10
625 417 10
625 418 10
625 421 10
625 424 10
625 425 10
625 426 10
625 427 10
625 428 10
625 429 10
625 430 10
625 433 10
625 434 10
625 443 10
625 444 10
625 446 10
625 450 10
625 451 10
625 453 10
625 456 10
625 469 10
625 470 10
625 471 10
625 472 10
625 473 10
625 474 10
625 475 10
625 482 10
625 485 10
625 488 10
625 491 10
625 508 10
625 509 10
625 510 10
625 517 10
625 518 10
625 520 10
625 522 10
625 536 10
625 540 10
625 544 10
625 546 10
625 547 10
625 548 10
625 549 10
625 550 10
625 561 10
625 565 10
625 567 10
625 568 10
625 569 10
625 570 10
625 571 10
625 575 10
625 576 10
625 577 10
625 583 10
625 584 10
625 592 10
625 594 10
625 599 10
625 603 10
625 604 10
625 605 10
625 607 10
625 611 10
625 613 10
625 614 10
625 615 10
625 616 10
625 618 10
625 619 10
625 621 10
625 623 10
625 624 10
625 625 10
625 626 10
625 631 10
625 639 10
625 640 10
625 642 10
625 644 10
625 645 10
625 648 10
625 653 10
625 654 10
625 655 10
625 656 10
625 659 10
625 660 10
625 662 10
625 664 10
625 665 10
625 667 10
625 668 10
625 669 10
625 670 10
625 675 10
625 677 10
625 678 10
625 680 10
625 683 10
625 684 10
625 686 10
625 689 10
625 691 10
625 695 10
625 697 10
625 698 10
625 707 10
625 710 10
625 711 10
625 712 10
626 370 10
626 371 10
626 374 10
626 376 10
626 381 10
626 383 10
626 385 10
626 386 10
626 388 10
626 391 10
626 404 10
626 412 10
626 414 10
626 416 10
626 418 10
626 420 10
626 422 10
626 426 10
626 428 10
626 429 10
626 438 10
626 443 10
626 444 10
626 451 10
626 452 10
626 454 10
626 455 10
626 468 10
626 469 10
626 471 10
626 472 10
626 473 10
626 474 10
626 475 10
626 476 10
626 484 10
626 485 10
626 486 10
626 489 10
626 490 10
626 506 10
626 507 10
626 508 10
626 510 10
626 516 10
626 518 10
626 520 10
626 521 10
626 522 10
626 524 10
626 529 10
626 530 10
626 536 10
626 541 10
626 544 10
626 545 10
626 546 10
626 547 10
626 548 10
626 572 10
626 573 10
626 574 10
626 575 10
626 576 10
626 580 10
626 582 10
626 583 10
626 589 10
626 596 10
626 597 10
626 598 10
626 601 10
626 603 10
626 604 10
626 607 10
626 609 10
626 616 10
626 619 10
626 621 10
626 622 10
626 623 10
626 626 10
626 632 10
626 634 10
626 636 10
626 637 10
626 638 10
626 640 10
626 642 10
626 643 10
626 644 10
626 645 10
626 646 10
626 650 10
626 651 10
626 652 10
626 653 10
626 656 10
626 658 10
626 660 10
626 667 10
626 669 10
626 672 10
626 674 10
626 677 10
626 678 10
626 679 10
626 687 10
626 691 10
626 693 10
626 695 10
626 697 10
626 698 10
626 701 10
626 705 10
626 711 10
627 373 10
627 375 10
627 377 10
627 378 10
627 379 10
627 383 10
627 385 10
627 386 10
627 387 10
627 388 10
627 389 10
627 390 10
627 394 10
627 396 10
627 409 10
627 412 10
627 413 10
627 421 10
627 423 10
627 424 10
627 425 10
627 426 10
627 427 10
627 430 10
627 431 10
627 438 10
627 450 10
627 451 10
627 452 10
627 461 10
627 462 10
627 468 10
627 471 10
627 475 10
627 476 10
627 477 10
627 478 10
627 480 10
627 483 10
627 491 10
627 516 10
627 517 10
627 519 10
627 520 10
627 522 10
627 524 10
627 527 10
627 528 10
627 533 10
627 536 10
627 538 10
627 539 10
627 542 10
627 544 10
627 546 10
627 550 10
627 569 10
627 578 10
627 580 10
627 581 10
627 583 10
627 584 10
627 585 10
627 588 10
627 596 10
627 600 10
627 602 10
627 603 10
627 605 10
627 606 10
627 610 10
627 612 10
627 616 10
627 617 10
627 619 10
627 623 10
627 625 10
627 632 10
627 634 10
627 637 10
627 639 10
627 640 10
627 641 10
627 643 10
627 644 10
627 646 10
627 649 10
627 653 10
627 654 10
627 655 10
627 656 10
627 657 10
627 661 10
627 670 10
627 671 10
627 672 10
627 674 10
627 676 10
627 677 10
627 680 10
627 682 10
627 683 10
627 684 10
627 685 10
627 689 10
627 692 10
627 697 10
627 701 10
627 704 10
627 705 10
627 707 10
627 711 10
627 716 10
628 367 10
628 371 10
628 375 10
628 376 10
628 378 10
628 379 10
628 380 10
628 386 10
628 387 10
628 388 10
628 389 10
628 390 10
628 392 10
628 399 10
628 403 10
628 406 10
628 409 10
628 411 10
628 412 10
628 415 10
628 417 10
628 419 10
628 421 10
628 423 10
628 424 10
628 425 10
628 426 10
628 427 10
628 428 10
628 429 10
628 431 10
628 438 10
628 439 10
628 452 10
628 455 10
628 457 10
628 459 10
628 460 10
628 462 10
628 466 10
628 468 10
628 469 10
628 471 10
628 473 10
628 475 10
628 476 10
628 477 10
628 478 10
628 479 10
628 480 10
628 482 10
628 486 10
628 487 10
628 488 10
628 493 10
628 500 10
628 505 10
628 506 10
628 507 10
628 508 10
628 512 10
628 520 10
628 521 10
628 522 10
628 525 10
628 526 10
628 529 10
628 534 10
628 539 10
628 540 10
628 545 10
628 567 10
628 569 10
628 571 10
628 574 10
628 575 10
628 579 10
628 585 10
628 603 10
628 604 10
628 606 10
628 613 10
628 614 10
628 615 10
628 618 10
628 619 10
628 622 10
628 625 10
628 631 10
628 640 10
628 641 10
628 642 10
628 643 10
628 645 10
628 646 10
628 647 10
628 648 10
628 651 10
628 652 10
628 653 10
628 654 10
628 666 10
628 674 10
628 675 10
628 676 10
628 681 10
628 689 10
628 693 10
628 694 10
628 695 10
628 697 10
628 702 10
628 705 10
628 709 10
628 711 10
628 712 10
628 713 10
628 714 10
629 372 10
629 374 10
629 376 10
629 386 10
629 387 10
629 390 10
629 392 10
629 393 10
629 395 10
629 397 10
629 399 10
629 409 10
629 410 10
629 411 10
629 412 10
629 414 10
629 415 10
629 416 10
629 417 10
629 427 10
629 428 10
629 431 10
629 435 10
629 448 10
629 458 10
629 460 10
629 461 10
629 464 10
629 465 10
629 466 10
629 470 10
629 471 10
629 473 10
629 474 10
629 475 10
629 476 10
629 477 10
629 478 10
629 479 10
629 489 10
629 494 10
629 498 10
629 499 10
629 502 10
629 509 10
629 511 10
629 513 10
629 514 10
629 520 10
629 522 10
629 524 10
629 527 10
629 528 10
629 531 10
629 532 10
629 534 10
629 537 10
629 539 10
629 541 10
629 545 10
629 547 10
629 549 10
629 554 10
629 555 10
629 556 10
629 568 10
629 569 10
629 572 10
629 574 10
629 577 10
629 578 10
629 579 10
629 582 10
629 583 10
629 585 10
629 587 10
629 598 10
629 599 10
629 601 10
629 602 10
629 610 10
629 615 10
629 617 10
629 618 10
629 619 10
629 621 10
629 623 10
629 624 10
629 627 10
629 628 10
629 633 10
629 637 10
629 638 10
629 641 10
629 643 10
629 649 10
629 650 10
629 652 10
629 656 10
629 669 10
629 670 10
629 671 10
629 672 10
629 679 10
629 680 10
629 681 10
629 683 10
629 684 10
629 687 10
629 688 10
629 689 10
629 691 10
629 692 10
629 704 10
629 706 10
629 708 10
629 710 10
629 716 10
630 376 10
630 381 10
630 383 10
630 385 10
630 387 10
630 389 10
630 392 10
630 394 10
630 403 10
630 406 10
630 408 10
630 410 10
630 411 10
630 412 10
630 413 10
630 417 10
630 424 10
630 426 10
630 427 10
630 429 10
630 430 10
630 432 10
630 449 10
630 450 10
630 451 10
630 452 10
630 457 10
630 458 10
630 459 10
630 461 10
630 462 10
630 463 10
630 464 10
630 465 10
630 466 10
630 469 10
630 470 10
630 471 10
630 475 10
630 476 10
630 477 10
630 478 10
630 479 10
630 480 10
630 485 10
630 486 10
630 506 10
630 508 10
630 512 10
630 517 10
630 521 10
630 522 10
630 524 10
630 529 10
630 530 10
630 532 10
630 536 10
630 541 10
630 542 10
630 544 10
630 546 10
630 547 10
630 548 10
630 555 10
630 557 10
630 560 10
630 566 10
630 574 10
630 575 10
630 576 10
630 580 10
630 581 10
630 587 10
630 600 10
630 602 10
630 603 10
630 604 10
630 612 10
630 617 10
630 618 10
630 619 10
630 626 10
630 630 10
630 636 10
630 638 10
630 639 10
630 640 10
630 641 10
630 642 10
630 643 10
630 652 10
630 653 10
630 655 10
630 656 10
630 667 10
630 670 10
630 673 10
630 674 10
630 675 10
630 676 10
630 677 10
630 678 10
630 679 10
630 681 10
630 685 10
630 687 10
630 689 10
630 690 10
630 691 10
630 703 10
630 704 10
630 706 10
630 708 10
630 709 10
630 710 10
630 711 10
630 713 10
630 716 10
631 376 10
631 379 10
631 380 10
631 388 10
631 389 10
631 390 10
631 391 10
631 394 10
631 405 10
631 407 10
631 410 10
631 411 10
631 415 10
631 418 10
631 420 10
631 421 10
631 422 10
631 424 10
631 426 10
631 428 10
631 431 10
631 432 10
631 436 10
631 437 10
631 438 10
631 439 10
631 449 10
631 451 10
631 458 10
631 460 10
631 461 10
631 463 10
631 464 10
631 465 10
631 467 10
631 468 10
631 469 10
631 472 10
631 473 10
631 474 10
631 475 10
631 476 10
631 477 10
631 479 10
631 487 10
631 488 10
631 490 10
631 492 10
631 496 10
631 497 10
631 499 10
631 501 10
631 503 10
631 505 10
631 506 10
631 507 10
631 508 10
631 510 10
631 513 10
631 514 10
631 515 10
631 520 10
631 522 10
631 523 10
631 527 10
631 531 10
631 532 10
631 545 10
631 547 10
631 548 10
631 549 10
631 550 10
631 554 10
631 555 10
631 557 10
631 568 10
631 572 10
631 574 10
631 577 10
631 579 10
631 580 10
631 583 10
631 585 10
631 586 10
631 587 10
631 589 10
631 592 10
631 597 10
631 599 10
631 602 10
631 603 10
631 604 10
631 606 10
631 614 10
631 618 10
631 620 10
631 621 10
631 623 10
631 624 10
631 625 10
631 628 10
631 629 10
631 630 10
631 635 10
631 636 10
631 637 10
631 638 10
631 639 10
631 640 10
631 641 10
631 642 10
631 647 10
631 650 10
631 657 10
631 658 10
631 662 10
631 663 10
631 671 10
631 673 10
631 679 10
631 680 10
631 681 10
631 682 10
631 686 10
631 688 10
631 703 10
631 705 10
631 706 10
631 709 10
631 710 10
631 714 10
631 715 10
631 716 10
632 381 10
632 383 10
632 384 10
632 385 10
632 386 10
632 405 10
632 406 10
632 408 10
632 409 10
632 410 10
632 411 10
632 412 10
632 413 10
632 416 10
632 417 10
632 428 10
632 431 10
632 434 10
632 435 10
632 436 10
632 446 10
632 449 10
632 450 10
632 454 10
632 456 10
632 458 10
632 459 10
632 463 10
632 464 10
632 465 10
632 469 10
632 470 10
632 471 10
632 473 10
632 475 10
632 476 10
632 486 10
632 487 10
632 488 10
632 489 10
632 494 10
632 500 10
632 501 10
632 504 10
632 507 10
632 509 10
632 512 10
632 514 10
632 515 10
632 517 10
632 518 10
632 523 10
632 525 10
632 528 10
632 529 10
632 531 10
632 533 10
632 535 10
632 539 10
632 546 10
632 549 10
632 555 10
632 566 10
632 567 10
632 575 10
632 576 10
632 577 10
632 578 10
632 579 10
632 599 10
632 600 10
632 601 10
632 602 10
632 605 10
632 607 10
632 612 10
632 615 10
632 617 10
632 619 10
632 622 10
632 624 10
632 628 10
632 629 10
632 632 10
632 635 10
632 639 10
632 643 10
632 644 10
632 645 10
632 647 10
632 648 10
632 650 10
632 651 10
632 652 10
632 654 10
632 657 10
632 660 10
632 664 10
632 666 10
632 668 10
632 670 10
632 673 10
632 674 10
632 677 10
632 678 10
632 679 10
632 686 10
632 689 10
632 691 10
632 692 10
632 693 10
632 701 10
632 702 10
632 703 10
632 705 10
632 708 10
632 709 10
632 711 10
632 714 10
632 718 10
633 358 10
633 375 10
633 381 10
633 383 10
633 385 10
633 390 10
633 393 10
633 404 10
633 406 10
633 407 10
633 409 10
633 413 10
633 415 10
633 418 10
633 420 10
633 421 10
633 422 10
633 426 10
633 428 10
633 429 10
633 430 10
633 432 10
633 452 10
633 453 10
633 455 10
633 456 10
633 458 10
633 459 10
633 463 10
633 465 10
633 466 10
633 467 10
633 468 10
633 469 10
633 470 10
633 471 10
633 472 10
633 473 10
633 474 10
633 475 10
633 476 10
633 486 10
633 488 10
633 495 10
633 496 10
633 498 10
633 504 10
633 505 10
633 506 10
633 507 10
633 508 10
633 509 10
633 516 10
633 517 10
633 518 10
633 519 10
633 521 10
633 523 10
633 526 10
633 527 10
633 532 10
633 534 10
633 545 10
633 546 10
633 547 10
633 551 10
633 553 10
633 556 10
633 570 10
633 575 10
633 579 10
633 581 10
633 585 10
633 586 10
633 587 10
633 588 10
633 600 10
633 601 10
633 602 10
633 603 10
633 604 10
633 605 10
633 606 10
633 611 10
633 613 10
633 620 10
633 628 10
633 629 10
633 630 10
633 631 10
633 637 10
633 638 10
633 639 10
633 641 10
633 645 10
633 648 10
633 649 10
633 651 10
633 652 10
633 653 10
633 654 10
633 655 10
633 656 10
633 658 10
633 659 10
633 662 10
633 672 10
633 673 10
633 675 10
633 678 10
633 679 10
633 682 10
633 687 10
633 691 10
633 699 10
633 704 10
633 711 10
633 715 10
633 716 10
633 717 10
634 353 10
634 354 10
634 380 10
634 381 10
634 387 10
634 388 10
634 389 10
634 390 10
634 391 10
634 403 10
634 404 10
634 408 10
634 413 10
634 414 10
634 415 10
634 416 10
634 420 10
634 421 10
634 428 10
634 431 10
634 432 10
634 434 10
634 447 10
634 448 10
634 449 10
634 455 10
634 456 10
634 457 10
634 458 10
634 459 10
634 460 10
634 463 10
634 471 10
634 472 10
634 474 10
634 475 10
634 476 10
634 479 10
634 485 10
634 486 10
634 487 10
634 489 10
634 490 10
634 491 10
634 495 10
634 498 10
634 501 10
634 504 10
634 505 10
634 507 10
634 508 10
634 511 10
634 514 10
634 515 10
634 517 10
634 518 10
634 520 10
634 522 10
634 523 10
634 525 10
634 527 10
634 528 10
634 529 10
634 535 10
634 536 10
634 537 10
634 543 10
634 545 10
634 548 10
634 549 10
634 551 10
634 552 10
634 573 10
634 574 10
634 577 10
634 581 10
634 582 10
634 587 10
634 588 10
634 592 10
634 594 10
634 595 10
634 598 10
634 599 10
634 601 10
634 602 10
634 605 10
634 607 10
634 608 10
634 610 10
634 615 10
634 617 10
634 625 10
634 626 10
634 628 10
634 629 10
634 631 10
634 632 10
634 633 10
634 636 10
634 637 10
634 639 10
634 640 10
634 644 10
634 647 10
634 648 10
634 649 10
634 651 10
634 653 10
634 654 10
634 655 10
634 656 10
634 657 10
634 658 10
634 661 10
634 675 10
634 679 10
634 680 10
634 682 10
634 684 10
634 685 10
634 691 10
634 695 10
634 701 10
634 703 10
634 710 10
634 716 10
635 352 10
635 354 10
635 359 10
635 380 10
635 384 10
635 385 10
635 387 10
635 390 10
635 391 10
635 392 10
635 393 10
635 395 10
635 396 10
635 397 10
635 399 10
635 405 10
635 407 10
635 408 10
635 409 10
635 412 10
635 416 10
635 422 10
635 423 10
635 429 10
635 432 10
635 433 10
635 434 10
635 439 10
635 441 10
635 446 10
635 453 10
635 454 10
635 455 10
635 456 10
635 457 10
635 458 10
635 461 10
635 463 10
635 464 10
635 468 10
635 472 10
635 473 10
635 474 10
635 476 10
635 484 10
635 487 10
635 490 10
635 491 10
635 493 10
635 494 10
635 496 10
635 505 10
635 506 10
635 507 10
635 508 10
635 509 10
635 515 10
635 523 10
635 525 10
635 526 10
635 527 10
635 528 10
635 529 10
635 530 10
635 538 10
635 551 10
635 552 10
635 553 10
635 555 10
635 557 10
635 578 10
635 580 10
635 582 10
635 584 10
635 585 10
635 586 10
635 587 10
635 589 10
635 590 10
635 592 10
635 598 10
635 599 10
635 603 10
635 604 10
635 605 10
635 610 10
635 611 10
635 613 10
635 619 10
635 627 10
635 629 10
635 632 10
635 633 10
635 635 10
635 636 10
635 637 10
635 638 10
635 639 10
635 640 10
635 641 10
635 642 10
635 643 10
635 645 10
635 646 10
635 648 10
635 651 10
635 652 10
635 653 10
635 654 10
635 655 10
635 656 10
635 657 10
635 658 10
635 660 10
635 661 10
635 663 10
635 670 10
635 673 10
635 676 10
635 677 10
635 679 10
635 681 10
635 687 10
635 693 10
635 695 10
635 697 10
635 699 10
635 700 10
635 703 10
635 705 10
635 717 10
635 718 10
636 353 10
636 359 10
636 360 10
636 376 10
636 377 10
636 386 10
636 392 10
636 393 10
636 398 10
636 404 10
636 408 10
636 412 10
636 414 10
636 416 10
636 429 10
636 430 10
636 431 10
636 433 10
636 435 10
636 436 10
636 446 10
636 447 10
636 448 10
636 452 10
636 453 10
636 454 10
636 456 10
636 460 10
636 462 10
636 465 10
636 468 10
636 471 10
636 473 10
636 476 10
636 478 10
636 486 10
636 489 10
636 501 10
636 502 10
636 503 10
636 504 10
636 505 10
636 506 10
636 508 10
636 509 10
636 514 10
636 516 10
636 518 10
636 527 10
636 528 10
636 529 10
636 530 10
636 532 10
636 533 10
636 534 10
636 537 10
636 538 10
636 543 10
636 545 10
636 549 10
636 550 10
636 552 10
636 553 10
636 556 10
636 558 10
636 559 10
636 561 10
636 564 10
636 581 10
636 584 10
636 587 10
636 588 10
636 589 10
636 590 10
636 594 10
636 597 10
636 598 10
636 600 10
636 603 10
636 604 10
636 606 10
636 611 10
636 612 10
636 616 10
636 621 10
636 622 10
636 625 10
636 627 10
636 629 10
636 632 10
636 634 10
636 635 10
636 636 10
636 637 10
636 638 10
636 639 10
636 640 10
636 641 10
636 642 10
636 643 10
636 646 10
636 650 10
636 652 10
636 653 10
636 654 10
636 655 10
636 656 10
636 657 10
636 658 10
636 659 10
636 660 10
636 661 10
636 671 10
636 673 10
636 675 10
636 676 10
636 677 10
636 678 10
636 679 10
636 681 10
636 692 10
636 701 10
636 707 10
637 352 10
637 362 10
637 363 10
637 379 10
637 380 10
637 381 10
637 382 10
637 383 10
637 384 10
637 385 10
637 388 10
637 391 10
637 394 10
637 395 10
637 397 10
637 398 10
637 406 10
637 410 10
637 412 10
637 413 10
637 415 10
637 416 10
637 420 10
637 431 10
637 432 10
637 434 10
637 438 10
637 440 10
637 441 10
637 451 10
637 453 10
637 454 10
637 455 10
637 456 10
637 457 10
637 459 10
637 462 10
637 464 10
637 466 10
637 467 10
637 469 10
637 470 10
637 471 10
637 472 10
637 473 10
637 475 10
637 476 10
637 479 10
637 481 10
637 484 10
637 489 10
637 498 10
637 503 10
637 505 10
637 507 10
637 509 10
637 510 10
637 512 10
637 515 10
637 516 10
637 517 10
637 518 10
637 520 10
637 527 10
637 529 10
637 531 10
637 532 10
637 534 10
637 535 10
637 536 10
637 539 10
637 541 10
637 542 10
637 543 10
637 544 10
637 546 10
637 547 10
637 548 10
637 549 10
637 551 10
637 552 10
637 554 10
637 556 10
637 561 10
637 564 10
637 575 10
637 581 10
637 582 10
637 588 10
637 589 10
637 591 10
637 592 10
637 595 10
637 597 10
637 599 10
637 601 10
637 603 10
637 614 10
637 620 10
637 622 10
637 624 10
637 627 10
637 632 10
637 634 10
637 635 10
637 636 10
637 638 10
637 640 10
637 647 10
637 648 10
637 649 10
637 650 10
637 652 10
637 653 10
637 654 10
637 655 10
637 656 10
637 657 10
637 658 10
637 660 10
637 661 10
637 662 10
637 663 10
637 670 10
637 673 10
637 676 10
637 677 10
637 678 10
637 679 10
637 680 10
637 682 10
637 683 10
637 684 10
637 685 10
637 686 10
637 695 10
637 696 10
637 698 10
637 699 10
637 700 10
637 702 10
638 361 10
638 380 10
638 383 10
638 384 10
638 385 10
638 387 10
638 389 10
638 390 10
638 392 10
638 393 10
638 395 10
638 397 10
638 400 10
638 405 10
638 408 10
638 415 10
638 418 10
638 420 10
638 421 10
638 427 10
638 429 10
638 431 10
638 432 10
638 434 10
638 435 10
638 445 10
638 451 10
638 452 10
638 453 10
638 454 10
638 456 10
638 460 10
638 461 10
638 462 10
638 467 10
638 468 10
638 469 10
638 471 10
638 472 10
638 473 10
638 474 10
638 476 10
638 480 10
638 485 10
638 487 10
638 488 10
638 490 10
638 491 10
638 493 10
638 495 10
638 502 10
638 503 10
638 504 10
638 505 10
638 506 10
638 508 10
638 509 10
638 511 10
638 513 10
638 515 10
638 521 10
638 522 10
638 523 10
638 524 10
638 525 10
638 527 10
638 528 10
638 529 10
638 530 10
638 531 10
638 533 10
638 534 10
638 535 10
638 546 10
638 548 10
638 550 10
638 553 10
638 558 10
638 560 10
638 579 10
638 580 10
638 585 10
638 586 10
638 589 10
638 591 10
638 592 10
638 597 10
638 604 10
638 611 10
638 614 10
638 619 10
638 620 10
638 622 10
638 624 10
638 627 10
638 629 10
638 630 10
638 631 10
638 632 10
638 637 10
638 640 10
638 644 10
638 645 10
638 646 10
638 647 10
638 650 10
638 652 10
638 653 10
638 656 10
638 657 10
638 658 10
638 659 10
638 660 10
638 661 10
638 662 10
638 663 10
638 664 10
638 665 10
638 666 10
638 671 10
638 672 10
638 674 10
638 680 10
638 681 10
638 682 10
638 683 10
638 685 10
638 692 10
638 694 10
638 700 10
638 702 10
638 718 10
638 723 10
639 360 10
639 364 10
639 368 10
639 381 10
639 382 10
639 383 10
639 384 10
639 386 10
639 387 10
639 388 10
639 390 10
639 391 10
639 393 10
639 394 10
639 398 10
639 416 10
639 417 10
639 419 10
639 420 10
639 421 10
639 422 10
639 427 10
639 431 10
639 438 10
639 440 10
639 448 10
639 451 10
639 452 10
639 453 10
639 454 10
639 456 10
639 459 10
639 464 10
639 466 10
639 467 10
639 471 10
639 472 10
639 473 10
639 474 10
639 476 10
639 477 10
639 483 10
639 484 10
639 488 10
639 491 10
639 493 10
639 497 10
639 503 10
639 504 10
639 506 10
639 508 10
639 509 10
639 511 10
639 521 10
639 522 10
639 523 10
639 525 10
639 526 10
639 527 10
639 530 10
639 533 10
639 534 10
639 535 10
639 536 10
639 537 10
639 538 10
639 542 10
639 543 10
639 544 10
639 546 10
639 547 10
639 548 10
639 549 10
639 552 10
639 554 10
639 555 10
639 557 10
639 558 10
639 561 10
639 577 10
639 583 10
639 587 10
639 588 10
639 589 10
639 590 10
639 591 10
639 592 10
639 594 10
639 598 10
639 599 10
639 600 10
639 604 10
639 606 10
639 620 10
639 621 10
639 622 10
639 624 10
639 629 10
639 631 10
639 633 10
639 634 10
639 635 10
639 636 10
639 639 10
639 641 10
639 643 10
639 644 10
639 645 10
639 646 10
639 647 10
639 648 10
639 649 10
639 652 10
639 654 10
639 655 10
639 656 10
639 667 10
639 668 10
639 669 10
639 670 10
639 674 10
639 675 10
639 678 10
639 679 10
639 682 10
639 692 10
639 693 10
639 694 10
639 695 10
639 698 10
639 699 10
639 702 10
639 716 10
640 360 10
640 361 10
640 363 10
640 364 10
640 365 10
640 378 10
640 380 10
640 381 10
640 382 10
640 385 10
640 386 10
640 387 10
640 388 10
640 389 10
640 390 10
640 391 10
640 392 10
640 393 10
640 399 10
640 414 10
640 415 10
640 418 10
640 420 10
640 421 10
640 424 10
640 427 10
640 429 10
640 430 10
640 432 10
640 433 10
640 434 10
640 439 10
640 440 10
640 443 10
640 446 10
640 447 10
640 451 10
640 452 10
640 454 10
640 455 10
640 457 10
640 460 10
640 461 10
640 463 10
640 467 10
640 470 10
640 471 10
640 472 10
640 473 10
640 474 10
640 476 10
640 477 10
640 478 10
640 479 10
640 483 10
640 484 10
640 485 10
640 489 10
640 490 10
640 491 10
640 496 10
640 499 10
640 501 10
640 506 10
640 511 10
640 514 10
640 515 10
640 520 10
640 521 10
640 522 10
640 525 10
640 526 10
640 527 10
640 528 10
640 529 10
640 531 10
640 532 10
640 533 10
640 534 10
640 536 10
640 537 10
640 539 10
640 546 10
640 547 10
640 555 10
640 557 10
640 558 10
640 560 10
640 562 10
640 563 10
640 582 10
640 585 10
640 588 10
640 590 10
640 591 10
640 600 10
640 605 10
640 620 10
640 625 10
640 627 10
640 629 10
640 630 10
640 633 10
640 634 10
640 636 10
640 638 10
640 640 10
640 641 10
640 642 10
640 647 10
640 649 10
640 652 10
640 657 10
640 658 10
640 659 10
640 660 10
640 661 10
640 662 10
640 664 10
640 665 10
640 668 10
640 671 10
640 672 10
640 676 10
640 677 10
640 679 10
640 681 10
640 683 10
640 684 10
640 685 10
640 700 10
640 701 10
640 702 10
640 703 10
640 704 10
640 723 10
640 726 10
641 367 10
641 381 10
641 382 10
641 383 10
641 384 10
641 385 10
641 386 10
641 388 10
641 389 10
641 391 10
641 392 10
641 396 10
641 397 10
641 398 10
641 402 10
641 414 10
641 417 10
641 418 10
641 419 10
641 421 10
641 422 10
641 424 10
641 425 10
641 426 10
641 428 10
641 429 10
641 431 10
641 434 10
641 445 10
641 446 10
641 448 10
641 449 10
641 452 10
641 453 10
641 454 10
641 459 10
641 461 10
641 463 10
641 464 10
641 465 10
641 468 10
641 470 10
641 472 10
641 473 10
641 474 10
641 475 10
641 476 10
641 477 10
641 478 10
641 481 10
641 482 10
641 483 10
641 484 10
641 488 10
641 491 10
641 492 10
641 493 10
641 502 10
641 509 10
641 512 10
641 514 10
641 521 10
641 523 10
641 524 10
641 525 10
641 526 10
641 527 10
641 528 10
641 529 10
641 530 10
641 531 10
641 532 10
641 533 10
641 535 10
641 539 10
641 543 10
641 544 10
641 545 10
641 547 10
641 549 10
641 551 10
641 552 10
641 553 10
641 555 10
641 556 10
641 558 10
641 576 10
641 578 10
641 582 10
641 583 10
641 590 10
641 591 10
641 592 10
641 593 10
641 594 10
641 595 10
641 596 10
641 597 10
641 603 10
641 623 10
641 627 10
641 631 10
641 632 10
641 633 10
641 637 10
641 639 10
641 643 10
641 645 10
641 647 10
641 650 10
641 651 10
641 653 10
641 656 10
641 658 10
641 659 10
641 662 10
641 664 10
641 666 10
641 669 10
641 672 10
641 674 10
641 675 10
641 677 10
641 680 10
641 684 10
641 694 10
641 696 10
641 697 10
641 701 10
641 702 10
641 703 10
641 722 10
641 725 10
641 727 10
642 360 10
642 362 10
642 364 10
642 365 10
642 379 10
642 383 10
642 385 10
642 386 10
642 387 10
642 389 10
642 390 10
642 391 10
642 392 10
642 393 10
642 399 10
642 404 10
642 406 10
642 407 10
642 408 10
642 414 10
642 415 10
642 416 10
642 419 10
642 425 10
642 426 10
642 427 10
642 428 10
642 429 10
642 431 10
642 432 10
642 440 10
642 441 10
642 445 10
642 446 10
642 448 10
642 449 10
642 453 10
642 454 10
642 455 10
642 462 10
642 465 10
642 466 10
642 468 10
642 471 10
642 474 10
642 475 10
642 477 10
642 480 10
642 481 10
642 490 10
642 493 10
642 494 10
642 496 10
642 497 10
642 500 10
642 509 10
642 514 10
642 518 10
642 519 10
642 521 10
642 522 10
642 523 10
642 524 10
642 525 10
642 526 10
642 527 10
642 528 10
642 529 10
642 533 10
642 536 10
642 537 10
642 538 10
642 539 10
642 540 10
642 545 10
642 546 10
642 548 10
642 553 10
642 554 10
642 555 10
642 556 10
642 559 10
642 560 10
642 565 10
642 567 10
642 574 10
642 581 10
642 584 10
642 588 10
642 596 10
642 620 10
642 621 10
642 628 10
642 634 10
642 635 10
642 639 10
642 640 10
642 643 10
642 645 10
642 646 10
642 650 10
642 656 10
642 658 10
642 659 10
642 660 10
642 662 10
642 664 10
642 665 10
642 666 10
642 667 10
642 669 10
642 672 10
642 674 10
642 676 10
642 678 10
642 679 10
642 680 10
642 681 10
642 682 10
642 685 10
642 686 10
642 693 10
642 696 10
642 699 10
642 700 10
642 703 10
642 728 10
642 729 10
643 362 10
643 363 10
643 380 10
643 386 10
643 387 10
643 390 10
643 391 10
643 392 10
643 396 10
643 397 10
643 398 10
643 399 10
643 403 10
643 413 10
643 423 10
643 425 10
643 426 10
643 429 10
643 432 10
643 439 10
643 440 10
643 441 10
643 442 10
643 444 10
643 445 10
643 446 10
643 449 10
643 451 10
643 452 10
643 453 10
643 454 10
643 460 10
643 461 10
643 462 10
643 463 10
643 464 10
643 465 10
643 468 10
643 469 10
643 472 10
643 474 10
643 475 10
643 476 10
643 477 10
643 478 10
643 479 10
643 480 10
643 489 10
643 490 10
643 491 10
643 496 10
643 497 10
643 500 10
643 506 10
643 514 10
643 517 10
643 519 10
643 522 10
643 523 10
643 524 10
643 526 10
643 527 10
643 529 10
643 530 10
643 532 10
643 534 10
643 536 10
643 537 10
643 538 10
643 541 10
643 543 10
643 544 10
643 545 10
643 549 10
643 550 10
643 551 10
643 553 10
643 559 10
643 562 10
643 563 10
643 565 10
643 569 10
643 574 10
643 591 10
643 595 10
643 596 10
643 605 10
643 617 10
643 633 10
643 636 10
643 638 10
643 640 10
643 645 10
643 649 10
643 652 10
643 656 10
643 657 10
643 661 10
643 662 10
643 669 10
643 670 10
643 671 10
643 672 10
643 675 10
643 676 10
643 678 10
643 684 10
643 685 10
643 687 10
643 691 10
643 692 10
643 693 10
643 695 10
643 696 10
643 701 10
643 702 10
643 709 10
643 726 10
644 358 10
644 360 10
644 361 10
644 363 10
644 384 10
644 386 10
644 388 10
644 389 10
644 390 10
644 391 10
644 392 10
644 393 10
644 394 10
644 399 10
644 408 10
644 409 10
644 414 10
644 416 10
644 417 10
644 419 10
644 421 10
644 422 10
644 423 10
644 424 10
644 427 10
644 428 10
644 439 10
644 440 10
644 444 10
644 446 10
644 447 10
644 449 10
644 451 10
644 452 10
644 453 10
644 457 10
644 459 10
644 461 10
644 464 10
644 465 10
644 467 10
644 471 10
644 475 10
644 476 10
644 478 10
644 479 10
644 481 10
644 484 10
644 485 10
644 486 10
644 491 10
644 492 10
644 493 10
644 496 10
644 502 10
644 514 10
644 515 10
644 516 10
644 518 10
644 519 10
644 520 10
644 521 10
644 522 10
644 524 10
644 525 10
644 526 10
644 527 10
644 528 10
644 529 10
644 530 10
644 532 10
644 533 10
644 534 10
644 536 10
644 537 10
644 539 10
644 541 10
644 543 10
644 548 10
644 551 10
644 552 10
644 554 10
644 555 10
644 556 10
644 557 10
644 558 10
644 565 10
644 570 10
644 573 10
644 580 10
644 581 10
644 582 10
644 583 10
644 584 10
644 586 10
644 587 10
644 591 10
644 592 10
644 596 10
644 598 10
644 599 10
644 600 10
644 607 10
644 608 10
644 630 10
644 631 10
644 634 10
644 637 10
644 638 10
644 640 10
644 642 10
644 646 10
644 647 10
644 648 10
644 650 10
644 651 10
644 652 10
644 653 10
644 654 10
644 655 10
644 656 10
644 658 10
644 660 10
644 662 10
644 667 10
644 670 10
644 671 10
644 674 10
644 675 10
644 676 10
644 683 10
644 685 10
644 692 10
644 694 10
644 702 10
644 703 10
644 709 10
645 363 10
645 365 10
645 385 10
645 388 10
645 389 10
645 390 10
645 391 10
645 393 10
645 394 10
645 397 10
645 402 10
645 404 10
645 411 10
645 412 10
645 413 10
645 414 10
645 416 10
645 420 10
645 423 10
645 424 10
645 427 10
645 429 10
645 434 10
645 438 10
645 440 10
645 441 10
645 442 10
645 444 10
645 445 10
645 448 10
645 449 10
645 450 10
645 451 10
645 454 10
645 457 10
645 458 10
645 462 10
645 463 10
645 469 10
645 470 10
645 471 10
645 476 10
645 477 10
645 478 10
645 489 10
645 490 10
645 492 10
645 498 10
645 499 10
645 500 10
645 501 10
645 502 10
645 513 10
645 514 10
645 517 10
645 518 10
645 519 10
645 520 10
645 522 10
645 524 10
645 525 10
645 526 10
645 527 10
645 528 10
645 529 10
645 530 10
645 531 10
645 536 10
645 537 10
645 538 10
645 539 10
645 540 10
645 541 10
645 544 10
645 545 10
645 546 10
645 548 10
645 551 10
645 552 10
645 553 10
645 554 10
645 556 10
645 557 10
645 559 10
645 563 10
645 565 10
645 567 10
645 568 10
645 577 10
645 579 10
645 581 10
645 585 10
645 591 10
645 593 10
645 594 10
645 599 10
645 600 10
645 601 10
645 604 10
645 607 10
645 610 10
645 615 10
645 616 10
645 624 10
645 628 10
645 633 10
645 634 10
645 635 10
645 637 10
645 638 10
645 640 10
645 642 10
645 643 10
645 644 10
645 645 10
645 649 10
645 651 10
645 652 10
645 655 10
645 663 10
645 671 10
645 674 10
645 677 10
645 678 10
645 679 10
645 686 10
645 693 10
645 694 10
645 695 10
645 696 10
645 698 10
645 699 10
645 709 10
645 710 10
646 377 10
646 385 10
646 386 10
646 387 10
646 390 10
646 392 10
646 394 10
646 396 10
646 405 10
646 406 10
646 409 10
646 414 10
646 416 10
646 418 10
646 419 10
646 421 10
646 422 10
646 424 10
646 427 10
646 428 10
646 430 10
646 434 10
646 437 10
646 440 10
646 443 10
646 444 10
646 445 10
646 446 10
646 447 10
646 449 10
646 454 10
646 455 10
646 457 10
646 460 10
646 461 10
646 462 10
646 463 10
646 464 10
646 466 10
646 474 10
646 478 10
646 480 10
646 482 10
646 485 10
646 487 10
646 488 10
646 489 10
646 492 10
646 494 10
646 495 10
646 500 10
646 503 10
646 507 10
646 509 10
646 511 10
646 512 10
646 513 10
646 519 10
646 520 10
646 522 10
646 524 10
646 525 10
646 526 10
646 527 10
646 528 10
646 529 10
646 531 10
646 532 10
646 533 10
646 535 10
646 536 10
646 538 10
646 539 10
646 542 10
646 543 10
646 544 10
646 545 10
646 546 10
646 547 10
646 550 10
646 552 10
646 555 10
646 562 10
646 563 10
646 565 10
646 566 10
646 569 10
646 570 10
646 571 10
646 572 10
646 578 10
646 579 10
646 580 10
646 581 10
646 582 10
646 583 10
646 584 10
646 588 10
646 590 10
646 598 10
646 599 10
646 601 10
646 605 10
646 610 10
646 612 10
646 618 10
646 619 10
646 633 10
646 634 10
646 636 10
646 638 10
646 639 10
646 640 10
646 642 10
646 644 10
646 648 10
646 652 10
646 655 10
646 658 10
646 659 10
646 660 10
646 661 10
646 662 10
646 663 10
646 664 10
646 666 10
646 667 10
646 668 10
646 669 10
646 671 10
646 673 10
646 674 10
646 675 10
646 677 10
646 680 10
646 687 10
646 689 10
646 690 10
646 691 10
646 693 10
646 694 10
646 695 10
646 697 10
646 704 10
646 706 10
646 712 10
647 365 10
647 377 10
647 379 10
647 380 10
647 382 10
647 383 10
647 384 10
647 386 10
647 392 10
647 393 10
647 394 10
647 395 10
647 396 10
647 398 10
647 399 10
647 400 10
647 401 10
647 402 10
647 403 10
647 405 10
647 412 10
647 414 10
647 415 10
647 416 10
647 417 10
647 420 10
647 421 10
647 422 10
647 428 10
647 435 10
647 439 10
647 440 10
647 441 10
647 442 10
647 443 10
647 445 10
647 446 10
647 449 10
647 450 10
647 451 10
647 452 10
647 454 10
647 460 10
647 462 10
647 463 10
647 464 10
647 471 10
647 476 10
647 477 10
647 479 10
647 480 10
647 483 10
647 484 10
647 485 10
647 486 10
647 487 10
647 488 10
647 489 10
647 490 10
647 497 10
647 503 10
647 505 10
647 509 10
647 510 10
647 515 10
647 517 10
647 518 10
647 520 10
647 521 10
647 522 10
647 523 10
647 524 10
647 526 10
647 527 10
647 528 10
647 529 10
647 530 10
647 532 10
647 535 10
647 542 10
647 543 10
647 546 10
647 547 10
647 548 10
647 550 10
647 553 10
647 557 10
647 558 10
647 559 10
647 562 10
647 563 10
647 564 10
647 565 10
647 567 10
647 568 10
647 570 10
647 571 10
647 579 10
647 581 10
647 582 10
647 584 10
647 585 10
647 588 10
647 589 10
647 591 10
647 592 10
647 599 10
647 600 10
647 601 10
647 605 10
647 609 10
647 611 10
647 615 10
647 624 10
647 639 10
647 642 10
647 644 10
647 645 10
647 646 10
647 647 10
647 650 10
647 661 10
647 662 10
647 663 10
647 664 10
647 665 10
647 668 10
647 669 10
647 671 10
647 672 10
647 673 10
647 675 10
647 677 10
647 679 10
647 680 10
647 687 10
647 691 10
647 693 10
647 696 10
647 706 10
647 707 10
647 709 10
648 359 10
648 377 10
648 378 10
648 382 10
648 384 10
648 385 10
648 387 10
648 388 10
648 390 10
648 393 10
648 394 10
648 395 10
648 399 10
648 402 10
648 403 10
648 405 10
648 407 10
648 408 10
648 410 10
648 411 10
648 412 10
648 413 10
648 414 10
648 416 10
648 418 10
648 419 10
648 421 10
648 424 10
648 426 10
648 428 10
648 442 10
648 449 10
648 451 10
648 452 10
648 454 10
648 456 10
648 457 10
648 460 10
648 461 10
648 463 10
648 465 10
648 469 10
648 471 10
648 474 10
648 478 10
648 479 10
648 480 10
648 481 10
648 482 10
648 484 10
648 485 10
648 486 10
648 487 10
648 489 10
648 491 10
648 492 10
648 493 10
648 494 10
648 495 10
648 496 10
648 498 10
648 500 10
648 508 10
648 510 10
648 512 10
648 515 10
648 519 10
648 520 10
648 522 10
648 523 10
648 524 10
648 525 10
648 526 10
648 528 10
648 529 10
648 530 10
648 533 10
648 534 10
648 536 10
648 537 10
648 543 10
648 544 10
648 549 10
648 554 10
648 557 10
648 559 10
648 564 10
648 565 10
648 568 10
648 569 10
648 570 10
648 572 10
648 579 10
648 581 10
648 582 10
648 584 10
648 585 10
648 588 10
648 596 10
648 599 10
648 600 10
648 604 10
648 605 10
648 614 10
648 615 10
648 620 10
648 629 10
648 632 10
648 633 10
648 634 10
648 637 10
648 638 10
648 639 10
648 643 10
648 644 10
648 645 10
648 647 10
648 648 10
648 649 10
648 650 10
648 651 10
648 652 10
648 653 10
648 655 10
648 659 10
648 661 10
648 663 10
648 665 10
648 666 10
648 667 10
648 668 10
648 669 10
648 670 10
648 671 10
648 673 10
648 674 10
648 675 10
648 678 10
648 686 10
648 687 10
648 688 10
648 689 10
648 695 10
648 698 10
648 707 10
649 367 10
649 368 10
649 370 10
649 378 10
649 379 10
649 381 10
649 383 10
649 385 10
649 386 10
649 387 10
649 389 10
649 390 10
649 391 10
649 392 10
649 393 10
649 396 10
649 399 10
649 401 10
649 403 10
649 404 10
649 406 10
649 407 10
649 409 10
649 413 10
649 414 10
649 415 10
649 417 10
649 418 10
649 419 10
649 421 10
649 422 10
649 424 10
649 426 10
649 443 10
649 449 10
649 450 10
649 451 10
649 452 10
649 453 10
649 454 10
649 459 10
649 460 10
649 463 10
649 469 10
649 473 10
649 474 10
649 476 10
649 479 10
649 481 10
649 482 10
649 483 10
649 484 10
649 485 10
649 486 10
649 488 10
649 490 10
649 491 10
649 492 10
649 495 10
649 501 10
649 503 10
649 504 10
649 506 10
649 508 10
649 509 10
649 511 10
649 517 10
649 519 10
649 520 10
649 522 10
649 523 10
649 524 10
649 525 10
649 526 10
649 527 10
649 528 10
649 529 10
649 531 10
649 532 10
649 538 10
649 541 10
649 542 10
649 543 10
649 544 10
649 545 10
649 549 10
649 551 10
649 553 10
649 554 10
649 559 10
649 561 10
649 563 10
649 569 10
649 573 10
649 575 10
649 576 10
649 579 10
649 581 10
649 583 10
649 584 10
649 587 10
649 588 10
649 590 10
649 592 10
649 598 10
649 599 10
649 605 10
649 607 10
649 609 10
649 616 10
649 617 10
649 618 10
649 622 10
649 625 10
649 630 10
649 631 10
649 634 10
649 636 10
649 638 10
649 640 10
649 642 10
649 645 10
649 647 10
649 650 10
649 653 10
649 657 10
649 659 10
649 660 10
649 661 10
649 663 10
649 665 10
649 666 10
649 667 10
649 668 10
649 669 10
649 670 10
649 671 10
649 672 10
649 673 10
649 674 10
649 676 10
649 682 10
649 683 10
649 684 10
649 689 10
649 693 10
649 694 10
649 707 10
649 708 10
650 358 10
650 363 10
650 364 10
650 373 10
650 380 10
650 382 10
650 385 10
650 387 10
650 389 10
650 390 10
650 391 10
650 393 10
650 396 10
650 397 10
650 402 10
650 410 10
650 411 10
650 412 10
650 413 10
650 414 10
650 415 10
650 418 10
650 419 10
650 420 10
650 421 10
650 422 10
650 423 10
650 424 10
650 426 10
650 427 10
650 428 10
650 429 10
650 430 10
650 442 10
650 451 10
650 453 10
650 455 10
650 460 10
650 461 10
650 462 10
650 465 10
650 467 10
650 469 10
650 475 10
650 480 10
650 482 10
650 483 10
650 484 10
650 485 10
650 486 10
650 487 10
650 488 10
650 489 10
650 493 10
650 494 10
650 495 10
650 502 10
650 503 10
650 512 10
650 514 10
650 520 10
650 521 10
650 524 10
650 525 10
650 529 10
650 533 10
650 534 10
650 535 10
650 537 10
650 542 10
650 543 10
650 544 10
650 545 10
650 547 10
650 551 10
650 554 10
650 557 10
650 559 10
650 561 10
650 562 10
650 563 10
650 565 10
650 566 10
650 567 10
650 570 10
650 571 10
650 572 10
650 575 10
650 577 10
650 583 10
650 584 10
650 586 10
650 591 10
650 607 10
650 608 10
650 611 10
650 615 10
650 616 10
650 619 10
650 620 10
650 626 10
650 627 10
650 629 10
650 630 10
650 631 10
650 634 10
650 635 10
650 636 10
650 639 10
650 642 10
650 643 10
650 647 10
650 648 10
650 649 10
650 650 10
650 664 10
650 666 10
650 667 10
650 669 10
650 670 10
650 671 10
650 672 10
650 676 10
650 684 10
650 685 10
650 686 10
650 687 10
650 689 10
650 692 10
650 693 10
650 696 10
650 697 10
650 707 10
650 708 10
650 711 10
651 366 10
651 368 10
651 371 10
651 379 10
651 382 10
651 388 10
651 389 10
651 392 10
651 394 10
651 399 10
651 401 10
651 405 10
651 406 10
651 408 10
651 411 10
651 414 10
651 416 10
651 418 10
651 419 10
651 420 10
651 421 10
651 425 10
651 426 10
651 427 10
651 429 10
651 448 10
651 449 10
651 450 10
651 453 10
651 455 10
651 457 10
651 462 10
651 464 10
651 471 10
651 473 10
651 479 10
651 480 10
651 482 10
651 484 10
651 485 10
651 487 10
651 488 10
651 490 10
651 491 10
651 492 10
651 493 10
651 494 10
651 496 10
651 499 10
651 509 10
651 514 10
651 516 10
651 517 10
651 520 10
651 521 10
651 523 10
651 525 10
651 526 10
651 527 10
651 529 10
651 531 10
651 532 10
651 533 10
651 534 10
651 538 10
651 542 10
651 545 10
651 549 10
651 552 10
651 558 10
651 559 10
651 560 10
651 562 10
651 567 10
651 568 10
651 569 10
651 570 10
651 572 10
651 573 10
651 574 10
651 575 10
651 576 10
651 577 10
651 578 10
651 581 10
651 587 10
651 590 10
651 593 10
651 606 10
651 607 10
651 612 10
651 614 10
651 617 10
651 620 10
651 621 10
651 622 10
651 623 10
651 624 10
651 625 10
651 627 10
651 629 10
651 633 10
651 635 10
651 637 10
651 638 10
651 641 10
651 643 10
651 644 10
651 647 10
651 648 10
651 649 10
651 651 10
651 652 10
651 658 10
651 662 10
651 663 10
651 665 10
651 667 10
651 669 10
651 671 10
651 672 10
651 673 10
651 674 10
651 675 10
651 676 10
651 679 10
651 692 10
651 694 10
651 696 10
651 697 10
651 698 10
651 708 10
651 711 10
651 714 10
652 359 10
652 372 10
652 378 10
652 379 10
652 380 10
652 382 10
652 391 10
652 396 10
652 398 10
652 403 10
652 405 10
652 411 10
652 414 10
652 415 10
652 419 10
652 423 10
652 424 10
652 426 10
652 428 10
652 429 10
652 453 10
652 455 10
652 456 10
652 458 10
652 459 10
652 460 10
652 462 10
652 464 10
652 467 10
652 472 10
652 474 10
652 479 10
652 482 10
652 485 10
652 486 10
652 489 10
652 490 10
652 493 10
652 496 10
652 498 10
652 500 10
652 513 10
652 516 10
652 518 10
652 519 10
652 521 10
652 522 10
652 523 10
652 524 10
652 526 10
652 527 10
652 528 10
652 529 10
652 531 10
652 532 10
652 535 10
652 548 10
652 549 10
652 555 10
652 556 10
652 558 10
652 560 10
652 564 10
652 565 10
652 566 10
652 573 10
652 578 10
652 579 10
652 605 10
652 610 10
652 611 10
652 615 10
652 616 10
652 618 10
652 620 10
652 622 10
652 623 10
652 625 10
652 626 10
652 629 10
652 630 10
652 631 10
652 633 10
652 634 10
652 635 10
652 637 10
652 638 10
652 639 10
652 641 10
652 643 10
652 648 10
652 649 10
652 652 10
652 654 10
652 659 10
652 661 10
652 663 10
652 665 10
652 669 10
652 671 10
652 672 10
652 673 10
652 674 10
652 676 10
652 684 10
652 686 10
652 687 10
652 688 10
652 690 10
652 692 10
652 696 10
652 698 10
652 699 10
652 712 10
652 713 10
652 714 10
652 716 10
653 359 10
653 361 10
653 364 10
653 370 10
653 379 10
653 381 10
653 382 10
653 384 10
653 385 10
653 389 10
653 391 10
653 400 10
653 401 10
653 402 10
653 404 10
653 405 10
653 406 10
653 407 10
653 411 10
653 413 10
653 414 10
653 415 10
653 416 10
653 419 10
653 422 10
653 423 10
653 424 10
653 425 10
653 426 10
653 427 10
653 435 10
653 437 10
653 438 10
653 447 10
653 448 10
653 449 10
653 450 10
653 451 10
653 454 10
653 455 10
653 457 10
653 459 10
653 461 10
653 462 10
653 464 10
653 467 10
653 469 10
653 474 10
653 477 10
653 478 10
653 481 10
653 489 10
653 490 10
653 492 10
653 493 10
653 495 10
653 500 10
653 502 10
653 503 10
653 508 10
653 512 10
653 513 10
653 514 10
653 516 10
653 517 10
653 519 10
653 522 10
653 523 10
653 524 10
653 525 10
653 526 10
653 527 10
653 529 10
653 533 10
653 535 10
653 539 10
653 545 10
653 551 10
653 552 10
653 553 10
653 554 10
653 555 10
653 556 10
653 558 10
653 560 10
653 563 10
653 564 10
653 566 10
653 573 10
653 574 10
653 575 10
653 576 10
653 578 10
653 579 10
653 580 10
653 581 10
653 584 10
653 586 10
653 588 10
653 591 10
653 597 10
653 599 10
653 604 10
653 605 10
653 606 10
653 607 10
653 613 10
653 617 10
653 619 10
653 620 10
653 624 10
653 626 10
653 629 10
653 630 10
653 631 10
653 632 10
653 633 10
653 634 10
653 635 10
653 636 10
653 640 10
653 641 10
653 644 10
653 645 10
653 648 10
653 649 10
653 650 10
653 651 10
653 654 10
653 656 10
653 659 10
653 660 10
653 662 10
653 663 10
653 667 10
653 668 10
653 670 10
653 672 10
653 674 10
653 675 10
653 676 10
653 678 10
653 684 10
653 687 10
653 688 10
653 692 10
653 694 10
653 706 10
653 710 10
653 716 10
654 365 10
654 366 10
654 377 10
654 379 10
654 380 10
654 382 10
654 383 10
654 384 10
654 385 10
654 391 10
654 392 10
654 402 10
654 403 10
654 405 10
654 406 10
654 409 10
654 413 10
654 417 10
654 420 10
654 422 10
654 423 10
654 425 10
654 427 10
654 430 10
654 432 10
654 433 10
654 436 10
654 447 10
654 453 10
654 454 10
654 455 10
654 457 10
654 458 10
654 461 10
654 462 10
654 464 10
654 466 10
654 467 10
654 470 10
654 471 10
654 472 10
654 478 10
654 479 10
654 480 10
654 483 10
654 485 10
654 486 10
654 487 10
654 490 10
654 493 10
654 496 10
654 497 10
654 498 10
654 500 10
654 501 10
654 506 10
654 510 10
654 514 10
654 516 10
654 519 10
654 520 10
654 521 10
654 522 10
654 523 10
654 525 10
654 526 10
654 527 10
654 528 10
654 534 10
654 537 10
654 539 10
654 540 10
654 542 10
654 543 10
654 545 10
654 547 10
654 549 10
654 550 10
654 553 10
654 555 10
654 556 10
654 567 10
654 572 10
654 573 10
654 576 10
654 578 10
654 579 10
654 580 10
654 581 10
654 585 10
654 588 10
654 596 10
654 600 10
654 603 10
654 607 10
654 617 10
654 618 10
654 620 10
654 621 10
654 624 10
654 625 10
654 628 10
654 629 10
654 630 10
654 634 10
654 636 10
654 638 10
654 639 10
654 641 10
654 642 10
654 645 10
654 646 10
654 649 10
654 655 10
654 656 10
654 660 10
654 661 10
654 664 10
654 668 10
654 670 10
654 671 10
654 672 10
654 678 10
654 688 10
654 694 10
654 696 10
654 698 10
654 705 10
654 710 10
654 712 10
654 713 10
654 714 10
654 715 10
655 360 10
655 372 10
655 373 10
655 382 10
655 384 10
655 386 10
655 391 10
655 401 10
655 403 10
655 405 10
655 407 10
655 409 10
655 412 10
655 413 10
655 417 10
655 422 10
655 425 10
655 426 10
655 427 10
655 429 10
655 430 10
655 434 10
655 435 10
655 437 10
655 455 10
655 458 10
655 466 10
655 467 10
655 470 10
655 471 10
655 473 10
655 477 10
655 479 10
655 481 10
655 483 10
655 485 10
655 487 10
655 488 10
655 489 10
655 491 10
655 492 10
655 494 10
655 496 10
655 501 10
655 502 10
655 508 10
655 509 10
655 512 10
655 517 10
655 518 10
655 519 10
655 523 10
655 525 10
655 527 10
655 528 10
655 531 10
655 532 10
655 533 10
655 535 10
655 536 10
655 537 10
655 539 10
655 540 10
655 542 10
655 551 10
655 552 10
655 553 10
655 556 10
655 557 10
655 559 10
655 560 10
655 561 10
655 562 10
655 563 10
655 567 10
655 569 10
655 570 10
655 571 10
655 573 10
655 575 10
655 576 10
655 579 10
655 580 10
655 583 10
655 588 10
655 589 10
655 590 10
655 591 10
655 595 10
655 598 10
655 604 10
655 606 10
655 611 10
655 619 10
655 621 10
655 622 10
655 625 10
655 632 10
655 634 10
655 635 10
655 636 10
655 637 10
655 638 10
655 640 10
655 648 10
655 652 10
655 653 10
655 654 10
655 656 10
655 658 10
655 662 10
655 663 10
655 664 10
655 665 10
655 667 10
655 669 10
655 670 10
655 673 10
655 674 10
655 675 10
655 684 10
655 685 10
655 686 10
655 690 10
655 697 10
655 707 10
655 708 10
655 709 10
655 711 10
655 715 10
656 367 10
656 368 10
656 369 10
656 379 10
656 380 10
656 383 10
656 384 10
656 385 10
656 392 10
656 395 10
656 404 10
656 405 10
656 407 10
656 408 10
656 409 10
656 410 10
656 411 10
656 417 10
656 418 10
656 424 10
656 425 10
656 427 10
656 429 10
656 431 10
656 443 10
656 447 10
656 451 10
656 452 10
656 456 10
656 460 10
656 462 10
656 463 10
656 464 10
656 468 10
656 469 10
656 472 10
656 474 10
656 478 10
656 479 10
656 480 10
656 481 10
656 486 10
656 489 10
656 490 10
656 493 10
656 496 10
656 497 10
656 498 10
656 499 10
656 500 10
656 501 10
656 504 10
656 511 10
656 513 10
656 514 10
656 515 10
656 518 10
656 519 10
656 520 10
656 521 10
656 522 10
656 523 10
656 524 10
656 525 10
656 528 10
656 529 10
656 530 10
656 534 10
656 536 10
656 541 10
656 543 10
656 553 10
656 555 10
656 556 10
656 557 10
656 558 10
656 561 10
656 565 10
656 566 10
656 567 10
656 569 10
656 573 10
656 574 10
656 575 10
656 577 10
656 579 10
656 581 10
656 582 10
656 584 10
656 585 10
656 587 10
656 591 10
656 595 10
656 598 10
656 599 10
656 603 10
656 604 10
656 612 10
656 615 10
656 617 10
656 626 10
656 632 10
656 633 10
656 636 10
656 638 10
656 639 10
656 641 10
656 642 10
656 651 10
656 657 10
656 662 10
656 664 10
656 665 10
656 668 10
656 669 10
656 670 10
656 672 10
656 673 10
656 674 10
656 677 10
656 678 10
656 679 10
656 684 10
656 685 10
656 686 10
656 689 10
656 693 10
656 696 10
656 697 10
656 700 10
656 708 10
656 713 10
656 714 10
656 715 10
656 716 10
656 717 10
657 354 10
657 366 10
657 370 10
657 375 10
657 383 10
657 394 10
657 403 10
657 404 10
657 407 10
657 408 10
657 409 10
657 419 10
657 420 10
657 422 10
657 424 10
657 425 10
657 427 10
657 428 10
657 429 10
657 430 10
657 431 10
657 434 10
657 437 10
657 439 10
657 443 10
657 450 10
657 452 10
657 455 10
657 457 10
657 458 10
657 461 10
657 467 10
657 469 10
657 478 10
657 480 10
657 481 10
657 484 10
657 486 10
657 488 10
657 489 10
657 492 10
657 494 10
657 499 10
657 500 10
657 501 10
657 508 10
657 512 10
657 515 10
657 516 10
657 518 10
657 520 10
657 523 10
657 524 10
657 525 10
657 526 10
657 527 10
657 529 10
657 530 10
657 532 10
657 536 10
657 537 10
657 539 10
657 540 10
657 542 10
657 544 10
657 546 10
657 547 10
657 560 10
657 561 10
657 562 10
657 563 10
657 568 10
657 571 10
657 572 10
657 575 10
657 578 10
657 579 10
657 583 10
657 584 10
657 587 10
657 588 10
657 595 10
657 597 10
657 598 10
657 599 10
657 600 10
657 616 10
657 617 10
657 620 10
657 621 10
657 624 10
657 627 10
657 629 10
657 630 10
657 631 10
657 635 10
657 636 10
657 638 10
657 639 10
657 640 10
657 641 10
657 643 10
657 650 10
657 652 10
657 655 10
657 659 10
657 660 10
657 661 10
657 662 10
657 664 10
657 665 10
657 668 10
657 669 10
657 671 10
657 672 10
657 673 10
657 674 10
657 675 10
657 677 10
657 678 10
657 683 10
657 686 10
657 687 10
657 690 10
657 693 10
657 709 10
657 712 10
658 356 10
658 374 10
658 376 10
658 379 10
658 383 10
658 388 10
658 402 10
658 405 10
658 406 10
658 407 10
658 410 10
658 413 10
658 415 10
658 418 10
658 420 10
658 423 10
658 424 10
658 426 10
658 428 10
658 430 10
658 432 10
658 434 10
658 437 10
658 442 10
658 450 10
658 453 10
658 458 10
658 464 10
658 468 10
658 471 10
658 475 10
658 476 10
658 478 10
658 481 10
658 483 10
658 484 10
658 486 10
658 488 10
658 489 10
658 491 10
658 492 10
658 496 10
658 500 10
658 502 10
658 503 10
658 507 10
658 508 10
658 510 10
658 511 10
658 512 10
658 516 10
658 517 10
658 518 10
658 519 10
658 520 10
658 523 10
658 524 10
658 525 10
658 526 10
658 527 10
658 528 10
658 531 10
658 532 10
658 533 10
658 535 10
658 536 10
658 538 10
658 542 10
658 544 10
658 546 10
658 548 10
658 549 10
658 552 10
658 555 10
658 557 10
658 558 10
658 562 10
658 563 10
658 564 10
658 565 10
658 571 10
658 574 10
658 578 10
658 579 10
658 580 10
658 581 10
658 584 10
658 589 10
658 590 10
658 592 10
658 595 10
658 596 10
658 597 10
658 598 10
658 603 10
658 617 10
658 619 10
658 626 10
658 634 10
658 635 10
658 637 10
658 639 10
658 641 10
658 643 10
658 650 10
658 654 10
658 658 10
658 659 10
658 660 10
658 661 10
658 662 10
658 667 10
658 669 10
658 670 10
658 671 10
658 672 10
658 673 10
658 675 10
658 676 10
658 683 10
658 686 10
658 687 10
658 690 10
658 697 10
658 700 10
658 707 10
659 372 10
659 379 10
659 381 10
659 383 10
659 385 10
659 404 10
659 406 10
659 408 10
659 409 10
659 412 10
659 414 10
659 417 10
659 419 10
659 420 10
659 421 10
659 424 10
659 429 10
659 430 10
659 432 10
659 437 10
659 446 10
659 452 10
659 453 10
659 454 10
659 456 10
659 457 10
659 464 10
659 474 10
659 477 10
659 478 10
659 482 10
659 488 10
659 489 10
659 490 10
659 491 10
659 493 10
659 499 10
659 500 10
659 501 10
659 502 10
659 503 10
659 506 10
659 508 10
659 511 10
659 513 10
659 517 10
659 519 10
659 521 10
659 522 10
659 523 10
659 525 10
659 529 10
659 531 10
659 532 10
659 533 10
659 534 10
659 539 10
659 541 10
659 542 10
659 543 10
659 544 10
659 546 10
659 551 10
659 555 10
659 557 10
659 558 10
659 559 10
659 561 10
659 562 10
659 566 10
659 567 10
659 568 10
659 571 10
659 572 10
659 574 10
659 575 10
659 576 10
659 577 10
659 580 10
659 581 10
659 582 10
659 583 10
659 584 10
659 587 10
659 588 10
659 590 10
659 598 10
659 621 10
659 625 10
659 627 10
659 629 10
659 633 10
659 634 10
659 636 10
659 637 10
659 638 10
659 640 10
659 642 10
659 643 10
659 653 10
659 654 10
659 656 10
659 657 10
659 661 10
659 663 10
659 667 10
659 670 10
659 672 10
659 674 10
659 675 10
659 676 10
659 679 10
659 681 10
659 684 10
659 685 10
659 686 10
659 689 10
659 691 10
659 693 10
659 694 10
659 705 10
659 706 10
659 707 10
659 709 10
659 710 10
659 712 10
659 714 10
660 364 10
660 366 10
660 385 10
660 389 10
660 390 10
660 405 10
660 407 10
660 409 10
660 410 10
660 413 10
660 417 10
660 419 10
660 420 10
660 421 10
660 422 10
660 426 10
660 428 10
660 429 10
660 431 10
660 432 10
660 446 10
660 448 10
660 452 10
660 454 10
660 457 10
660 466 10
660 468 10
660 476 10
660 477 10
660 478 10
660 479 10
660 485 10
660 487 10
660 488 10
660 490 10
660 492 10
660 493 10
660 494 10
660 498 10
660 507 10
660 511 10
660 514 10
660 515 10
660 516 10
660 520 10
660 521 10
660 522 10
660 523 10
660 524 10
660 525 10
660 531 10
660 532 10
660 533 10
660 534 10
660 540 10
660 542 10
660 544 10
660 545 10
660 546 10
660 547 10
660 548 10
660 552 10
660 553 10
660 554 10
660 557 10
660 561 10
660 563 10
660 564 10
660 565 10
660 566 10
660 569 10
660 572 10
660 574 10
660 575 10
660 576 10
660 577 10
660 580 10
660 585 10
660 586 10
660 590 10
660 606 10
660 608 10
660 612 10
660 613 10
660 617 10
660 620 10
660 623 10
660 626 10
660 627 10
660 629 10
660 633 10
660 634 10
660 635 10
660 636 10
660 637 10
660 638 10
660 639 10
660 641 10
660 655 10
660 656 10
660 657 10
660 659 10
660 660 10
660 661 10
660 664 10
660 665 10
660 667 10
660 670 10
660 672 10
660 674 10
660 675 10
660 683 10
660 686 10
660 688 10
660 691 10
660 692 10
660 696 10
660 700 10
660 701 10
660 705 10
660 711 10
661 364 10
661 365 10
661 366 10
661 381 10
661 382 10
661 384 10
661 385 10
661 405 10
661 406 10
661 407 10
661 409 10
661 412 10
661 413 10
661 416 10
661 417 10
661 420 10
661 425 10
661 426 10
661 428 10
661 430 10
661 436 10
661 446 10
661 447 10
661 448 10
661 454 10
661 462 10
661 464 10
661 475 10
661 477 10
661 479 10
661 480 10
661 483 10
661 484 10
661 486 10
661 487 10
661 488 10
661 489 10
661 492 10
661 493 10
661 508 10
661 509 10
661 510 10
661 515 10
661 516 10
661 518 10
661 519 10
661 521 10
661 522 10
661 524 10
661 525 10
661 530 10
661 532 10
661 533 10
661 535 10
661 536 10
661 538 10
661 539 10
661 540 10
661 542 10
661 543 10
661 545 10
661 547 10
661 548 10
661 550 10
661 553 10
661 554 10
661 557 10
661 561 10
661 562 10
661 563 10
661 567 10
661 570 10
661 573 10
661 574 10
661 576 10
661 577 10
661 579 10
661 581 10
661 582 10
661 587 10
661 612 10
661 617 10
661 618 10
661 619 10
661 622 10
661 633 10
661 635 10
661 636 10
661 639 10
661 641 10
661 654 10
661 657 10
661 658 10
661 661 10
661 666 10
661 670 10
661 672 10
661 675 10
661 677 10
661 679 10
661 686 10
661 688 10
661 691 10
661 692 10
661 694 10
661 700 10
661 704 10
661 708 10
662 362 10
662 368 10
662 383 10
662 389 10
662 400 10
662 406 10
662 408 10
662 409 10
662 410 10
662 412 10
662 417 10
662 418 10
662 420 10
662 422 10
662 424 10
662 428 10
662 429 10
662 431 10
662 432 10
662 448 10
662 449 10
662 452 10
662 453 10
662 455 10
662 456 10
662 460 10
662 461 10
662 462 10
662 466 10
662 474 10
662 476 10
662 478 10
662 486 10
662 489 10
662 490 10
662 491 10
662 492 10
662 493 10
662 505 10
662 507 10
662 509 10
662 510 10
662 511 10
662 515 10
662 516 10
662 519 10
662 521 10
662 522 10
662 523 10
662 524 10
662 526 10
662 527 10
662 528 10
662 529 10
662 530 10
662 531 10
662 532 10
662 534 10
662 537 10
662 541 10
662 547 10
662 549 10
662 552 10
662 553 10
662 556 10
662 557 10
662 558 10
662 559 10
662 560 10
662 562 10
662 563 10
662 565 10
662 567 10
662 571 10
662 572 10
662 574 10
662 575 10
662 577 10
662 578 10
662 579 10
662 580 10
662 583 10
662 586 10
662 587 10
662 598 10
662 617 10
662 622 10
662 632 10
662 633 10
662 634 10
662 635 10
662 636 10
662 637 10
662 638 10
662 653 10
662 654 10
662 655 10
662 656 10
662 657 10
662 659 10
662 660 10
662 661 10
662 663 10
662 668 10
662 669 10
662 670 10
662 673 10
662 674 10
662 675 10
662 676 10
662 679 10
662 684 10
662 689 10
662 691 10
662 693 10
662 697 10
662 705 10
662 706 10
662 708 10
662 709 10
662 711 10
662 712 10
662 713 10
663 364 10
663 405 10
663 410 10
663 411 10
663 414 10
663 415 10
663 417 10
663 419 10
663 420 10
663 424 10
663 425 10
663 426 10
663 427 10
663 428 10
663 447 10
663 448 10
663 451 10
663 452 10
663 457 10
663 458 10
663 460 10
663 464 10
663 468 10
663 477 10
663 478 10
663 479 10
663 481 10
663 485 10
663 488 10
663 490 10
663 491 10
663 493 10
663 497 10
663 500 10
663 507 10
663 509 10
663 511 10
663 512 10
663 518 10
663 519 10
663 522 10
663 523 10
663 524 10
663 525 10
663 527 10
663 532 10
663 533 10
663 535 10
663 536 10
663 537 10
663 538 10
663 540 10
663 541 10
663 543 10
663 545 10
663 547 10
663 549 10
663 551 10
663 552 10
663 554 10
663 555 10
663 557 10
663 561 10
663 566 10
663 568 10
663 570 10
663 571 10
663 572 10
663 574 10
663 575 10
663 576 10
663 577 10
663 578 10
663 580 10
663 581 10
663 582 10
663 606 10
663 608 10
663 613 10
663 616 10
663 620 10
663 622 10
663 623 10
663 624 10
663 626 10
663 628 10
663 629 10
663 632 10
663 637 10
663 647 10
663 654 10
663 655 10
663 658 10
663 660 10
663 661 10
663 663 10
663 666 10
663 667 10
663 668 10
663 669 10
663 670 10
663 673 10
663 677 10
663 693 10
663 694 10
663 696 10
663 704 10
663 707 10
663 712 10
663 714 10
664 367 10
664 384 10
664 408 10
664 409 10
664 410 10
664 411 10
664 412 10
664 418 10
664 420 10
664 421 10
664 422 10
664 423 10
664 424 10
664 425 10
664 426 10
664 429 10
664 435 10
664 445 10
664 446 10
664 448 10
664 449 10
664 450 10
664 452 10
664 453 10
664 454 10
664 455 10
664 456 10
664 458 10
664 460 10
664 462 10
664 468 10
664 475 10
664 477 10
664 478 10
664 481 10
664 482 10
664 486 10
664 487 10
664 488 10
664 490 10
664 491 10
664 498 10
664 501 10
664 503 10
664 508 10
664 511 10
664 513 10
664 516 10
664 517 10
664 519 10
664 521 10
664 522 10
664 523 10
664 524 10
664 525 10
664 526 10
664 528 10
664 529 10
664 530 10
664 533 10
664 534 10
664 536 10
664 537 10
664 541 10
664 543 10
664 547 10
664 549 10
664 550 10
664 552 10
664 553 10
664 555 10
664 556 10
664 560 10
664 561 10
664 563 10
664 566 10
664 567 10
664 569 10
664 570 10
664 571 10
664 572 10
664 573 10
664 574 10
664 575 10
664 576 10
664 577 10
664 578 10
664 579 10
664 580 10
664 604 10
664 605 10
664 613 10
664 615 10
664 626 10
664 628 10
664 634 10
664 635 10
664 637 10
664 641 10
664 643 10
664 654 10
664 656 10
664 657 10
664 658 10
664 659 10
664 661 10
664 663 10
664 666 10
664 667 10
664 668 10
664 669 10
664 670 10
664 671 10
664 672 10
664 674 10
664 675 10
664 678 10
664 692 10
664 695 10
664 696 10
664 701 10
665 406 10
665 407 10
665 408 10
665 410 10
665 411 10
665 413 10
665 414 10
665 415 10
665 416 10
665 417 10
665 420 10
665 421 10
665 423 10
665 424 10
665 425 10
665 426 10
665 430 10
665 431 10
665 434 10
665 449 10
665 452 10
665 453 10
665 454 10
665 456 10
665 457 10
665 460 10
665 463 10
665 466 10
665 469 10
665 475 10
665 476 10
665 478 10
665 481 10
665 483 10
665 490 10
665 491 10
665 496 10
665 500 10
665 501 10
665 502 10
665 503 10
665 506 10
665 509 10
665 510 10
665 512 10
665 517 10
665 518 10
665 520 10
665 521 10
665 523 10
665 524 10
665 528 10
665 529 10
665 532 10
665 534 10
665 535 10
665 541 10
665 542 10
665 547 10
665 549 10
665 550 10
665 552 10
665 553 10
665 555 10
665 558 10
665 559 10
665 561 10
665 562 10
665 566 10
665 569 10
665 571 10
665 572 10
665 573 10
665 575 10
665 576 10
665 577 10
665 578 10
665 579 10
665 580 10
665 581 10
665 583 10
665 585 10
665 604 10
665 606 10
665 613 10
665 616 10
665 621 10
665 623 10
665 624 10
665 625 10
665 628 10
665 635 10
665 636 10
665 637 10
665 639 10
665 640 10
665 641 10
665 643 10
665 654 10
665 664 10
665 665 10
665 667 10
665 669 10
665 670 10
665 671 10
665 672 10
665 673 10
665 690 10
665 691 10
665 693 10
665 696 10
666 407 10
666 409 10
666 411 10
666 412 10
666 413 10
666 414 10
666 415 10
666 416 10
666 419 10
666 421 10
666 423 10
666 424 10
666 425 10
666 426 10
666 432 10
666 436 10
666 438 10
666 447 10
666 448 10
666 450 10
666 455 10
666 459 10
666 469 10
666 470 10
666 473 10
666 474 10
666 476 10
666 479 10
666 480 10
666 481 10
666 482 10
666 486 10
666 487 10
666 489 10
666 490 10
666 491 10
666 492 10
666 495 10
666 498 10
666 499 10
666 509 10
666 510 10
666 511 10
666 513 10
666 514 10
666 515 10
666 517 10
666 518 10
666 519 10
666 520 10
666 521 10
666 522 10
666 528 10
666 530 10
666 531 10
666 532 10
666 535 10
666 537 10
666 538 10
666 539 10
666 542 10
666 544 10
666 545 10
666 548 10
666 549 10
666 550 10
666 558 10
666 560 10
666 563 10
666 569 10
666 573 10
666 574 10
666 575 10
666 576 10
666 577 10
666 578 10
666 579 10
666 580 10
666 581 10
666 582 10
666 583 10
666 584 10
666 585 10
666 611 10
666 614 10
666 615 10
666 618 10
666 622 10
666 625 10
666 627 10
666 628 10
666 637 10
666 644 10
666 646 10
666 649 10
666 652 10
666 654 10
666 655 10
666 656 10
666 663 10
666 664 10
666 665 10
666 667 10
666 668 10
666 669 10
666 670 10
666 671 10
666 672 10
666 675 10
666 678 10
666 690 10
666 694 10
666 701 10
666 707 10
667 405 10
667 407 10
667 409 10
667 412 10
667 414 10
667 415 10
667 417 10
667 419 10
667 420 10
667 421 10
667 423 10
667 425 10
667 426 10
667 430 10
667 432 10
667 433 10
667 435 10
667 449 10
667 450 10
667 454 10
667 455 10
667 456 10
667 457 10
667 458 10
667 459 10
667 461 10
667 466 10
667 471 10
667 476 10
667 479 10
667 480 10
667 481 10
667 485 10
667 486 10
667 488 10
667 491 10
667 501 10
667 506 10
667 511 10
667 513 10
667 514 10
667 517 10
667 519 10
667 521 10
667 522 10
667 523 10
667 526 10
667 528 10
667 529 10
667 530 10
667 532 10
667 534 10
667 543 10
667 545 10
667 547 10
667 548 10
667 553 10
667 554 10
667 555 10
667 563 10
667 565 10
667 568 10
667 570 10
667 571 10
667 572 10
667 573 10
667 575 10
667 576 10
667 577 10
667 578 10
667 579 10
667 582 10
667 583 10
667 606 10
667 615 10
667 618 10
667 622 10
667 623 10
667 626 10
667 627 10
667 628 10
667 631 10
667 635 10
667 640 10
667 641 10
667 642 10
667 643 10
667 646 10
667 653 10
667 666 10
667 667 10
667 668 10
667 670 10
667 671 10
667 672 10
667 673 10
667 674 10
667 689 10
667 690 10
667 691 10
667 692 10
667 696 10
667 699 10
667 706 10
667 717 10
668 404 10
668 407 10
668 413 10
668 417 10
668 419 10
668 421 10
668 422 10
668 425 10
668 426 10
668 428 10
668 429 10
668 430 10
668 433 10
668 435 10
668 437 10
668 446 10
668 447 10
668 452 10
668 454 10
668 459 10
668 460 10
668 461 10
668 464 10
668 465 10
668 466 10
668 468 10
668 469 10
668 470 10
668 474 10
668 478 10
668 480 10
668 481 10
668 482 10
668 483 10
668 485 10
668 487 10
668 488 10
668 498 10
668 505 10
668 508 10
668 511 10
668 512 10
668 514 10
668 516 10
668 520 10
668 522 10
668 529 10
668 530 10
668 534 10
668 535 10
668 536 10
668 537 10
668 542 10
668 544 10
668 550 10
668 552 10
668 554 10
668 555 10
668 577 10
668 578 10
668 579 10
668 582 10
668 584 10
668 587 10
668 604 10
668 612 10
668 613 10
668 617 10
668 622 10
668 623 10
668 625 10
668 628 10
668 629 10
668 630 10
668 632 10
668 645 10
668 646 10
668 648 10
668 651 10
668 662 10
668 663 10
668 664 10
668 665 10
668 667 10
668 669 10
668 670 10
668 671 10
668 673 10
668 688 10
668 692 10
668 693 10
668 697 10
668 704 10
669 410 10
669 415 10
669 418 10
669 419 10
669 424 10
669 425 10
669 427 10
669 428 10
669 429 10
669 430 10
669 432 10
669 433 10
669 436 10
669 444 10
669 445 10
669 446 10
669 448 10
669 449 10
669 451 10
669 458 10
669 460 10
669 461 10
669 462 10
669 473 10
669 474 10
669 475 10
669 476 10
669 477 10
669 479 10
669 483 10
669 488 10
669 489 10
669 494 10
669 498 10
669 500 10
669 502 10
669 503 10
669 504 10
669 507 10
669 508 10
669 509 10
669 510 10
669 511 10
669 512 10
669 513 10
669 516 10
669 517 10
669 520 10
669 521 10
669 528 10
669 530 10
669 531 10
669 533 10
669 539 10
669 540 10
669 542 10
669 543 10
669 544 10
669 548 10
669 550 10
669 552 10
669 553 10
669 556 10
669 561 10
669 564 10
669 567 10
669 568 10
669 573 10
669 574 10
669 575 10
669 576 10
669 577 10
669 578 10
669 579 10
669 580 10
669 581 10
669 600 10
669 602 10
669 610 10
669 612 10
669 623 10
669 624 10
669 625 10
669 629 10
669 631 10
669 633 10
669 634 10
669 635 10
669 636 10
669 637 10
669 640 10
669 643 10
669 645 10
669 646 10
669 648 10
669 653 10
669 654 10
669 655 10
669 656 10
669 657 10
669 662 10
669 664 10
669 665 10
669 666 10
669 669 10
669 676 10
669 678 10
669 690 10
669 691 10
669 693 10
669 698 10
669 700 10
669 706 10
669 708 10
670 408 10
670 409 10
670 415 10
670 416 10
670 417 10
670 419 10
670 420 10
670 423 10
670 425 10
670 426 10
670 427 10
670 431 10
670 433 10
670 435 10
670 443 10
670 445 10
670 447 10
670 453 10
670 454 10
670 462 10
670 466 10
670 468 10
670 474 10
670 475 10
670 476 10
670 478 10
670 481 10
670 485 10
670 487 10
670 488 10
670 491 10
670 492 10
670 499 10
670 500 10
670 501 10
670 502 10
670 504 10
670 505 10
670 506 10
670 508 10
670 509 10
670 511 10
670 512 10
670 513 10
670 514 10
670 515 10
670 516 10
670 524 10
670 525 10
670 526 10
670 530 10
670 535 10
670 536 10
670 538 10
670 540 10
670 541 10
670 542 10
670 543 10
670 545 10
670 546 10
670 549 10
670 555 10
670 560 10
670 566 10
670 568 10
670 574 10
670 576 10
670 577 10
670 578 10
670 584 10
670 587 10
670 597 10
670 598 10
670 600 10
670 601 10
670 602 10
670 604 10
670 605 10
670 611 10
670 612 10
670 617 10
670 618 10
670 619 10
670 621 10
670 622 10
670 625 10
670 626 10
670 627 10
670 628 10
670 630 10
670 632 10
670 634 10
670 636 10
670 637 10
670 640 10
670 643 10
670 650 10
670 651 10
670 652 10
670 654 10
670 655 10
670 656 10
670 661 10
670 662 10
670 666 10
670 670 10
670 678 10
670 680 10
670 693 10
670 695 10
671 409 10
671 417 10
671 419 10
671 420 10
671 422 10
671 424 10
671 425 10
671 427 10
671 428 10
671 431 10
671 433 10
671 443 10
671 446 10
671 447 10
671 449 10
671 451 10
671 453 10
671 455 10
671 456 10
671 459 10
671 461 10
671 462 10
671 464 10
671 466 10
671 469 10
671 470 10
671 475 10
671 476 10
671 477 10
671 478 10
671 479 10
671 480 10
671 487 10
671 490 10
671 492 10
671 496 10
671 501 10
671 502 10
671 503 10
671 506 10
671 508 10
671 509 10
671 510 10
671 511 10
671 513 10
671 514 10
671 515 10
671 516 10
671 519 10
671 523 10
671 528 10
671 531 10
671 535 10
671 536 10
671 537 10
671 539 10
671 540 10
671 542 10
671 548 10
671 550 10
671 551 10
671 552 10
671 553 10
671 556 10
671 559 10
671 568 10
671 569 10
671 574 10
671 575 10
671 578 10
671 582 10
671 583 10
671 584 10
671 585 10
671 596 10
671 598 10
671 601 10
671 605 10
671 607 10
671 616 10
671 618 10
671 619 10
671 620 10
671 622 10
671 623 10
671 626 10
671 627 10
671 628 10
671 629 10
671 631 10
671 632 10
671 635 10
671 638 10
671 640 10
671 641 10
671 648 10
671 650 10
671 651 10
671 652 10
671 653 10
671 654 10
671 655 10
671 656 10
671 658 10
671 661 10
671 666 10
671 670 10
671 671 10
671 672 10
671 673 10
671 674 10
671 696 10
671 698 10
671 699 10
671 700 10
671 702 10
671 707 10
671 708 10
672 407 10
672 409 10
672 415 10
672 416 10
672 417 10
672 419 10
672 420 10
672 421 10
672 422 10
672 425 10
672 426 10
672 432 10
672 446 10
672 449 10
672 453 10
672 455 10
672 457 10
672 458 10
672 460 10
672 462 10
672 464 10
672 466 10
672 473 10
672 475 10
672 477 10
672 480 10
672 482 10
672 483 10
672 485 10
672 487 10
672 488 10
672 498 10
672 500 10
672 502 10
672 503 10
672 505 10
672 506 10
672 511 10
672 512 10
672 513 10
672 514 10
672 516 10
672 524 10
672 530 10
672 532 10
672 533 10
672 535 10
672 537 10
672 538 10
672 539 10
672 540 10
672 541 10
672 543 10
672 544 10
672 548 10
672 549 10
672 551 10
672 552 10
672 553 10
672 554 10
672 560 10
672 561 10
672 562 10
672 569 10
672 572 10
672 575 10
672 576 10
672 579 10
672 581 10
672 584 10
672 596 10
672 597 10
672 599 10
672 600 10
672 604 10
672 612 10
672 615 10
672 616 10
672 618 10
672 619 10
672 620 10
672 622 10
672 628 10
672 632 10
672 633 10
672 634 10
672 635 10
672 637 10
672 641 10
672 645 10
672 650 10
672 651 10
672 652 10
672 653 10
672 654 10
672 655 10
672 657 10
672 658 10
672 660 10
672 666 10
672 669 10
672 672 10
672 674 10
672 675 10
672 685 10
672 693 10
672 697 10
672 698 10
673 409 10
673 418 10
673 435 10
673 444 10
673 445 10
673 446 10
673 453 10
673 455 10
673 458 10
673 459 10
673 469 10
673 474 10
673 475 10
673 481 10
673 482 10
673 485 10
673 486 10
673 495 10
673 498 10
673 499 10
673 500 10
673 501 10
673 502 10
673 503 10
673 504 10
673 507 10
673 512 10
673 517 10
673 527 10
673 529 10
673 531 10
673 533 10
673 538 10
673 539 10
673 549 10
673 555 10
673 556 10
673 561 10
673 564 10
673 565 10
673 575 10
673 577 10
673 578 10
673 579 10
673 581 10
673 584 10
673 601 10
673 607 10
673 611 10
673 613 10
673 614 10
673 620 10
673 622 10
673 625 10
673 626 10
673 630 10
673 632 10
673 635 10
673 636 10
673 637 10
673 638 10
673 639 10
673 640 10
673 645 10
673 649 10
673 652 10
673 653 10
673 654 10
673 655 10
673 656 10
673 657 10
673 658 10
673 660 10
673 663 10
673 664 10
673 666 10
673 667 10
673 668 10
673 669 10
673 671 10
673 673 10
673 676 10
673 699 10
673 704 10
673 707 10
673 710 10
674 412 10
674 413 10
674 414 10
674 417 10
674 418 10
674 420 10
674 421 10
674 422 10
674 423 10
674 424 10
674 425 10
674 427 10
674 445 10
674 453 10
674 457 10
674 458 10
674 460 10
674 461 10
674 463 10
674 465 10
674 477 10
674 479 10
674 481 10
674 487 10
674 495 10
674 496 10
674 499 10
674 500 10
674 501 10
674 502 10
674 504 10
674 505 10
674 509 10
674 511 10
674 513 10
674 514 10
674 516 10
674 520 10
674 528 10
674 531 10
674 533 10
674 534 10
674 537 10
674 540 10
674 548 10
674 550 10
674 551 10
674 555 10
674 557 10
674 559 10
674 566 10
674 572 10
674 576 10
674 580 10
674 582 10
674 601 10
674 609 10
674 610 10
674 611 10
674 612 10
674 616 10
674 617 10
674 618 10
674 624 10
674 628 10
674 629 10
674 632 10
674 633 10
674 634 10
674 635 10
674 636 10
674 639 10
674 641 10
674 650 10
674 651 10
674 653 10
674 655 10
674 656 10
674 657 10
674 661 10
674 662 10
674 664 10
674 673 10
674 675 10
674 677 10
674 684 10
674 686 10
674 698 10
674 700 10
674 703 10
674 705 10
675 407 10
675 417 10
675 418 10
675 419 10
675 423 10
675 435 10
675 452 10
675 454 10
675 455 10
675 457 10
675 458 10
675 459 10
675 460 10
675 461 10
675 466 10
675 470 10
675 476 10
675 480 10
675 481 10
675 485 10
675 494 10
675 499 10
675 500 10
675 502 10
675 509 10
675 511 10
675 512 10
675 513 10
675 514 10
675 517 10
675 518 10
675 520 10
675 526 10
675 527 10
675 529 10
675 530 10
675 533 10
675 534 10
675 537 10
675 539 10
675 545 10
675 547 10
675 548 10
675 550 10
675 552 10
675 554 10
675 555 10
675 557 10
675 562 10
675 564 10
675 570 10
675 572 10
675 573 10
675 574 10
675 575 10
675 585 10
675 588 10
675 604 10
675 613 10
675 614 10
675 616 10
675 617 10
675 619 10
675 621 10
675 622 10
675 624 10
675 626 10
675 632 10
675 634 10
675 636 10
675 637 10
675 638 10
675 641 10
675 642 10
675 649 10
675 651 10
675 653 10
675 654 10
675 655 10
675 661 10
675 662 10
675 666 10
675 669 10
675 673 10
675 674 10
675 675 10
675 681 10
675 686 10
675 690 10
675 691 10
675 696 10
675 698 10
675 699 10
675 700 10
675 701 10
675 702 10
675 706 10
675 713 10
676 418 10
676 419 10
676 420 10
676 422 10
676 451 10
676 452 10
676 456 10
676 457 10
676 458 10
676 461 10
676 466 10
676 467 10
676 471 10
676 473 10
676 475 10
676 487 10
676 488 10
676 489 10
676 492 10
676 493 10
676 498 10
676 502 10
676 504 10
676 515 10
676 532 10
676 535 10
676 538 10
676 539 10
676 541 10
676 545 10
676 547 10
676 548 10
676 550 10
676 553 10
676 554 10
676 556 10
676 561 10
676 562 10
676 566 10
676 567 10
676 569 10
676 570 10
676 571 10
676 573 10
676 574 10
676 576 10
676 577 10
676 579 10
676 580 10
676 582 10
676 584 10
676 601 10
676 608 10
676 609 10
676 610 10
676 611 10
676 612 10
676 613 10
676 614 10
676 617 10
676 619 10
676 621 10
676 625 10
676 629 10
676 630 10
676 631 10
676 633 10
676 634 10
676 635 10
676 638 10
676 650 10
676 652 10
676 654 10
676 657 10
676 668 10
676 670 10
676 675 10
676 676 10
676 677 10
676 680 10
676 686 10
676 687 10
676 688 10
676 693 10
676 701 10
676 702 10
676 704 10
676 705 10
676 707 10
676 711 10
677 418 10
677 422 10
677 423 10
677 424 10
677 425 10
677 427 10
677 434 10
677 435 10
677 436 10
677 453 10
677 459 10
677 460 10
677 461 10
677 462 10
677 463 10
677 464 10
677 468 10
677 470 10
677 471 10
677 473 10
677 474 10
677 478 10
677 480 10
677 486 10
677 488 10
677 489 10
677 497 10
677 498 10
677 499 10
677 500 10
677 501 10
677 503 10
677 506 10
677 508 10
677 511 10
677 512 10
677 513 10
677 514 10
677 515 10
677 518 10
677 524 10
677 526 10
677 528 10
677 530 10
677 532 10
677 533 10
677 534 10
677 536 10
677 548 10
677 549 10
677 551 10
677 552 10
677 553 10
677 554 10
677 556 10
677 561 10
677 564 10
677 567 10
677 570 10
677 571 10
677 574 10
677 582 10
677 584 10
677 585 10
677 586 10
677 587 10
677 589 10
677 612 10
677 613 10
677 614 10
677 615 10
677 616 10
677 617 10
677 621 10
677 625 10
677 629 10
677 631 10
677 636 10
677 637 10
677 638 10
677 642 10
677 643 10
677 645 10
677 652 10
677 654 10
677 659 10
677 660 10
677 672 10
677 675 10
677 676 10
677 679 10
677 683 10
677 686 10
677 690 10
677 691 10
677 693 10
677 699 10
677 705 10
678 422 10
678 430 10
678 433 10
678 435 10
678 451 10
678 454 10
678 456 10
678 457 10
678 459 10
678 462 10
678 464 10
678 465 10
678 471 10
678 473 10
678 474 10
678 477 10
678 478 10
678 481 10
678 482 10
678 484 10
678 485 10
678 486 10
678 489 10
678 491 10
678 497 10
678 498 10
678 499 10
678 503 10
678 506 10
678 511 10
678 512 10
678 513 10
678 517 10
678 524 10
678 526 10
678 532 10
678 535 10
678 538 10
678 548 10
678 549 10
678 550 10
678 551 10
678 552 10
678 553 10
678 554 10
678 556 10
678 557 10
678 569 10
678 570 10
678 572 10
678 573 10
678 576 10
678 579 10
678 582 10
678 585 10
678 589 10
678 593 10
678 610 10
678 611 10
678 615 10
678 625 10
678 627 10
678 628 10
678 631 10
678 634 10
678 635 10
678 636 10
678 637 10
678 639 10
678 641 10
678 642 10
678 647 10
678 652 10
678 653 10
678 654 10
678 655 10
678 656 10
678 658 10
678 659 10
678 673 10
678 674 10
678 686 10
678 687 10
678 703 10
678 706 10
678 707 10
679 427 10
679 429 10
679 430 10
679 433 10
679 434 10
679 435 10
679 436 10
679 437 10
679 442 10
679 451 10
679 454 10
679 457 10
679 458 10
679 459 10
679 460 10
679 461 10
679 466 10
679 468 10
679 469 10
679 472 10
679 473 10
679 478 10
679 479 10
679 487 10
679 488 10
679 490 10
679 492 10
679 495 10
679 497 10
679 498 10
679 499 10
679 508 10
679 510 10
679 511 10
679 512 10
679 513 10
679 514 10
679 515 10
679 519 10
679 520 10
679 521 10
679 524 10
679 526 10
679 534 10
679 536 10
679 538 10
679 541 10
679 543 10
679 544 10
679 545 10
679 547 10
679 549 10
679 551 10
679 553 10
679 554 10
679 558 10
679 559 10
679 560 10
679 569 10
679 571 10
679 573 10
679 574 10
679 575 10
679 576 10
679 577 10
679 578 10
679 582 10
679 585 10
679 586 10
679 588 10
679 591 10
679 593 10
679 614 10
679 615 10
679 621 10
679 623 10
679 625 10
679 626 10
679 628 10
679 629 10
679 632 10
679 635 10
679 636 10
679 638 10
679 639 10
679 640 10
679 641 10
679 642 10
679 644 10
679 650 10
679 651 10
679 652 10
679 653 10
679 654 10
679 655 10
679 656 10
679 658 10
679 659 10
679 681 10
679 684 10
679 688 10
679 690 10
679 692 10
679 695 10
679 699 10
679 700 10
679 703 10
679 706 10
680 419 10
680 427 10
680 428 10
680 432 10
680 433 10
680 434 10
680 436 10
680 446 10
680 457 10
680 460 10
680 461 10
680 462 10
680 465 10
680 468 10
680 472 10
680 473 10
680 476 10
680 478 10
680 485 10
680 488 10
680 492 10
680 495 10
680 497 10
680 504 10
680 511 10
680 512 10
680 515 10
680 516 10
680 529 10
680 537 10
680 538 10
680 544 10
680 549 10
680 553 10
680 557 10
680 570 10
680 571 10
680 575 10
680 578 10
680 579 10
680 581 10
680 583 10
680 584 10
680 586 10
680 587 10
680 592 10
680 593 10
680 614 10
680 616 10
680 619 10
680 620 10
680 627 10
680 629 10
680 631 10
680 633 10
680 635 10
680 639 10
680 640 10
680 641 10
680 643 10
680 644 10
680 648 10
680 650 10
680 651 10
680 652 10
680 653 10
680 654 10
680 655 10
680 656 10
680 658 10
680 659 10
680 662 10
680 677 10
680 678 10
680 679 10
680 681 10
680 682 10
680 684 10
680 688 10
680 689 10
680 691 10
680 693 10
680 695 10
680 696 10
681 427 10
681 428 10
681 429 10
681 430 10
681 432 10
681 435 10
681 436 10
681 444 10
681 452 10
681 454 10
681 455 10
681 456 10
681 457 10
681 458 10
681 461 10
681 462 10
681 470 10
681 474 10
681 476 10
681 478 10
681 488 10
681 491 10
681 494 10
681 504 10
681 508 10
681 510 10
681 511 10
681 512 10
681 514 10
681 515 10
681 516 10
681 517 10
681 519 10
681 521 10
681 523 10
681 524 10
681 527 10
681 528 10
681 533 10
681 534 10
681 536 10
681 537 10
681 538 10
681 540 10
681 543 10
681 545 10
681 547 10
681 548 10
681 549 10
681 551 10
681 552 10
681 553 10
681 555 10
681 559 10
681 569 10
681 570 10
681 571 10
681 576 10
681 579 10
681 581 10
681 586 10
681 589 10
681 592 10
681 605 10
681 606 10
681 616 10
681 617 10
681 618 10
681 620 10
681 629 10
681 634 10
681 635 10
681 636 10
681 639 10
681 641 10
681 642 10
681 647 10
681 648 10
681 649 10
681 652 10
681 653 10
681 654 10
681 655 10
681 656 10
681 659 10
681 663 10
681 671 10
681 673 10
681 674 10
681 676 10
681 678 10
681 680 10
681 681 10
681 682 10
681 684 10
681 685 10
681 689 10
681 690 10
681 691 10
681 698 10
681 699 10
681 700 10
681 703 10
681 707 10
682 420 10
682 421 10
682 422 10
682 426 10
682 427 10
682 429 10
682 430 10
682 435 10
682 441 10
682 446 10
682 452 10
682 453 10
682 454 10
682 455 10
682 457 10
682 458 10
682 459 10
682 460 10
682 463 10
682 468 10
682 471 10
682 475 10
682 478 10
682 479 10
682 484 10
682 491 10
682 493 10
682 498 10
682 500 10
682 507 10
682 510 10
682 513 10
682 514 10
682 515 10
682 516 10
682 517 10
682 518 10
682 519 10
682 521 10
682 522 10
682 527 10
682 536 10
682 537 10
682 538 10
682 540 10
682 541 10
682 543 10
682 545 10
682 549 10
682 551 10
682 553 10
682 554 10
682 555 10
682 556 10
682 558 10
682 561 10
682 565 10
682 566 10
682 570 10
682 573 10
682 574 10
682 578 10
682 583 10
682 584 10
682 587 10
682 590 10
682 592 10
682 593 10
682 605 10
682 606 10
682 612 10
682 614 10
682 618 10
682 620 10
682 624 10
682 625 10
682 632 10
682 633 10
682 637 10
682 639 10
682 642 10
682 644 10
682 647 10
682 650 10
682 651 10
682 653 10
682 654 10
682 656 10
682 657 10
682 662 10
682 669 10
682 671 10
682 673 10
682 674 10
682 675 10
682 680 10
682 681 10
682 682 10
682 683 10
682 684 10
682 687 10
682 688 10
682 689 10
682 691 10
682 697 10
682 698 10
683 427 10
683 441 10
683 443 10
683 451 10
683 452 10
683 453 10
683 454 10
683 456 10
683 457 10
683 459 10
683 462 10
683 463 10
683 475 10
683 477 10
683 480 10
683 484 10
683 486 10
683 488 10
683 493 10
683 495 10
683 501 10
683 502 10
683 509 10
683 510 10
683 513 10
683 514 10
683 516 10
683 517 10
683 519 10
683 521 10
683 522 10
683 524 10
683 525 10
683 527 10
683 533 10
683 534 10
683 535 10
683 536 10
683 537 10
683 539 10
683 540 10
683 541 10
683 542 10
683 544 10
683 546 10
683 547 10
683 549 10
683 552 10
683 554 10
683 557 10
683 559 10
683 563 10
683 574 10
683 576 10
683 578 10
683 584 10
683 585 10
683 592 10
683 593 10
683 596 10
683 599 10
683 618 10
683 619 10
683 620 10
683 632 10
683 635 10
683 636 10
683 637 10
683 639 10
683 641 10
683 643 10
683 647 10
683 650 10
683 652 10
683 654 10
683 657 10
683 658 10
683 659 10
683 660 10
683 661 10
683 666 10
683 667 10
683 671 10
683 674 10
683 675 10
683 676 10
683 677 10
683 678 10
683 682 10
683 686 10
683 689 10
683 692 10
683 693 10
683 694 10
683 695 10
683 699 10
683 700 10
684 429 10
684 444 10
684 447 10
684 451 10
684 453 10
684 454 10
684 456 10
684 457 10
684 463 10
684 466 10
684 469 10
684 471 10
684 476 10
684 478 10
684 479 10
684 481 10
684 485 10
684 488 10
684 490 10
684 491 10
684 494 10
684 497 10
684 498 10
684 499 10
684 500 10
684 505 10
684 510 10
684 511 10
684 512 10
684 513 10
684 514 10
684 515 10
684 516 10
684 517 10
684 518 10
684 519 10
684 520 10
684 521 10
684 522 10
684 524 10
684 525 10
684 536 10
684 537 10
684 538 10
684 540 10
684 541 10
684 542 10
684 543 10
684 550 10
684 556 10
684 559 10
684 560 10
684 563 10
684 565 10
684 568 10
684 572 10
684 574 10
684 581 10
684 586 10
684 588 10
684 589 10
684 598 10
684 606 10
684 607 10
684 615 10
684 617 10
684 619 10
684 622 10
684 623 10
684 625 10
684 628 10
684 633 10
684 637 10
684 638 10
684 642 10
684 648 10
684 649 10
684 653 10
684 654 10
684 655 10
684 657 10
684 658 10
684 659 10
684 660 10
684 661 10
684 663 10
684 665 10
684 667 10
684 670 10
684 671 10
684 672 10
684 673 10
684 675 10
684 679 10
684 680 10
684 684 10
684 691 10
684 692 10
684 698 10
684 699 10
684 701 10
685 429 10
685 431 10
685 435 10
685 441 10
685 442 10
685 445 10
685 447 10
685 451 10
685 453 10
685 454 10
685 456 10
685 458 10
685 461 10
685 462 10
685 463 10
685 465 10
685 468 10
685 472 10
685 476 10
685 477 10
685 478 10
685 479 10
685 481 10
685 482 10
685 484 10
685 493 10
685 494 10
685 495 10
685 499 10
685 502 10
685 503 10
685 507 10
685 509 10
685 510 10
685 511 10
685 513 10
685 515 10
685 516 10
685 518 10
685 519 10
685 520 10
685 521 10
685 525 10
685 538 10
685 540 10
685 557 10
685 560 10
685 565 10
685 566 10
685 567 10
685 572 10
685 574 10
685 580 10
685 582 10
685 585 10
685 587 10
685 613 10
685 614 10
685 616 10
685 620 10
685 627 10
685 633 10
685 635 10
685 641 10
685 643 10
685 644 10
685 645 10
685 648 10
685 650 10
685 656 10
685 660 10
685 661 10
685 663 10
685 666 10
685 667 10
685 669 10
685 672 10
685 676 10
685 677 10
685 678 10
685 680 10
685 682 10
685 686 10
685 689 10
685 693 10
685 698 10
686 424 10
686 426 10
686 427 10
686 437 10
686 451 10
686 452 10
686 453 10
686 455 10
686 459 10
686 461 10
686 463 10
686 467 10
686 469 10
686 470 10
686 471 10
686 473 10
686 474 10
686 475 10
686 476 10
686 477 10
686 478 10
686 479 10
686 481 10
686 483 10
686 484 10
686 485 10
686 487 10
686 489 10
686 494 10
686 498 10
686 500 10
686 501 10
686 506 10
686 507 10
686 509 10
686 510 10
686 511 10
686 512 10
686 513 10
686 516 10
686 517 10
686 518 10
686 519 10
686 520 10
686 521 10
686 522 10
686 523 10
686 524 10
686 526 10
686 528 10
686 533 10
686 535 10
686 557 10
686 558 10
686 559 10
686 560 10
686 568 10
686 571 10
686 574 10
686 585 10
686 586 10
686 607 10
686 621 10
686 641 10
686 643 10
686 644 10
686 647 10
686 648 10
686 649 10
686 651 10
686 652 10
686 654 10
686 656 10
686 657 10
686 658 10
686 659 10
686 660 10
686 661 10
686 663 10
686 664 10
686 666 10
686 667 10
686 668 10
686 669 10
686 670 10
686 672 10
686 674 10
686 675 10
686 677 10
686 678 10
686 679 10
686 682 10
686 683 10
686 687 10
686 691 10
686 692 10
687 424 10
687 429 10
687 432 10
687 434 10
687 452 10
687 453 10
687 454 10
687 460 10
687 461 10
687 462 10
687 466 10
687 468 10
687 476 10
687 479 10
687 480 10
687 484 10
687 485 10
687 486 10
687 487 10
687 491 10
687 493 10
687 495 10
687 496 10
687 498 10
687 499 10
687 501 10
687 508 10
687 509 10
687 511 10
687 512 10
687 513 10
687 514 10
687 518 10
687 528 10
687 533 10
687 535 10
687 536 10
687 537 10
687 538 10
687 539 10
687 556 10
687 559 10
687 560 10
687 561 10
687 563 10
687 564 10
687 569 10
687 570 10
687 571 10
687 572 10
687 578 10
687 580 10
687 582 10
687 607 10
687 615 10
687 616 10
687 626 10
687 629 10
687 632 10
687 637 10
687 641 10
687 645 10
687 646 10
687 647 10
687 652 10
687 653 10
687 654 10
687 655 10
687 656 10
687 658 10
687 659 10
687 660 10
687 662 10
687 665 10
687 666 10
687 667 10
687 669 10
687 670 10
687 679 10
687 685 10
687 690 10
687 694 10
687 695 10
688 426 10
688 428 10
688 431 10
688 451 10
688 453 10
688 460 10
688 461 10
688 462 10
688 463 10
688 464 10
688 466 10
688 473 10
688 475 10
688 476 10
688 477 10
688 478 10
688 483 10
688 484 10
688 485 10
688 486 10
688 487 10
688 489 10
688 491 10
688 493 10
688 494 10
688 501 10
688 508 10
688 509 10
688 511 10
688 512 10
688 514 10
688 519 10
688 528 10
688 533 10
688 536 10
688 573 10
688 581 10
688 583 10
688 613 10
688 615 10
688 617 10
688 629 10
688 642 10
688 643 10
688 645 10
688 647 10
688 649 10
688 651 10
688 652 10
688 653 10
688 655 10
688 656 10
688 658 10
688 659 10
688 660 10
688 663 10
688 667 10
688 668 10
688 671 10
688 674 10
688 675 10
688 679 10
688 681 10
688 683 10
688 692 10
689 418 10
689 424 10
689 425 10
689 426 10
689 427 10
689 454 10
689 474 10
689 475 10
689 476 10
689 477 10
689 479 10
689 480 10
689 487 10
689 489 10
689 491 10
689 493 10
689 496 10
689 499 10
689 503 10
689 504 10
689 505 10
689 506 10
689 507 10
689 508 10
689 509 10
689 511 10
689 512 10
689 514 10
689 515 10
689 519 10
689 521 10
689 522 10
689 529 10
689 532 10
689 535 10
689 539 10
689 573 10
689 576 10
689 584 10
689 611 10
689 643 10
689 646 10
689 650 10
689 651 10
689 652 10
689 654 10
689 655 10
689 656 10
689 658 10
689 660 10
689 661 10
689 666 10
689 669 10
689 671 10
689 672 10
689 677 10
689 678 10
689 679 10
689 680 10
689 684 10
689 685 10
689 686 10
689 688 10
689 689 10
689 690 10
689 702 10
690 415 10
690 427 10
690 475 10
690 477 10
690 478 10
690 479 10
690 489 10
690 490 10
690 493 10
690 494 10
690 495 10
690 501 10
690 505 10
690 509 10
690 510 10
690 511 10
690 517 10
690 518 10
690 519 10
690 526 10
690 528 10
690 530 10
690 534 10
690 570 10
690 573 10
690 582 10
690 597 10
690 609 10
690 611 10
690 617 10
690 619 10
690 626 10
690 629 10
690 638 10
690 640 10
690 644 10
690 646 10
690 647 10
690 648 10
690 649 10
690 650 10
690 651 10
690 652 10
690 653 10
690 654 10
690 657 10
690 661 10
690 663 10
690 674 10
690 675 10
690 676 10
690 680 10
690 681 10
690 682 10
690 686 10
690 689 10
690 693 10
690 701 10
691 416 10
691 425 10
691 474 10
691 475 10
691 476 10
691 485 10
691 487 10
691 488 10
691 490 10
691 492 10
691 494 10
691 497 10
691 499 10
691 501 10
691 502 10
691 503 10
691 504 10
691 507 10
691 508 10
691 509 10
691 510 10
691 511 10
691 513 10
691 515 10
691 519 10
691 531 10
691 533 10
691 573 10
691 575 10
691 584 10
691 585 10
691 596 10
691 612 10
691 613 10
691 615 10
691 624 10
691 628 10
691 631 10
691 633 10
691 639 10
691 640 10
691 645 10
691 647 10
691 649 10
691 650 10
691 652 10
691 653 10
691 654 10
691 655 10
691 657 10
691 658 10
691 661 10
691 663 10
691 666 10
691 679 10
691 682 10
691 685 10
691 695 10
691 696 10
692 416 10
692 466 10
692 482 10
692 486 10
692 488 10
692 489 10
692 490 10
692 493 10
692 494 10
692 498 10
692 499 10
692 500 10
692 502 10
692 503 10
692 504 10
692 507 10
692 510 10
692 511 10
692 514 10
692 515 10
692 516 10
692 519 10
692 520 10
692 569 10
692 573 10
692 575 10
692 576 10
692 599 10
692 609 10
692 624 10
692 625 10
692 626 10
692 634 10
692 635 10
692 638 10
692 642 10
692 645 10
692 648 10
692 650 10
692 651 10
692 655 10
692 656 10
692 659 10
692 666 10
692 667 10
692 678 10
692 680 10
692 681 10
692 688 10
692 689 10
692 695 10
693 480 10
693 481 10
693 486 10
693 488 10
693 491 10
693 494 10
693 495 10
693 497 10
693 499 10
693 500 10
693 502 10
693 504 10
693 510 10
693 511 10
693 513 10
693 516 10
693 536 10
693 569 10
693 570 10
693 571 10
693 574 10
693 575 10
693 610 10
693 611 10
693 612 10
693 614 10
693 617 10
693 624 10
693 639 10
693 640 10
693 644 10
693 646 10
693 648 10
693 650 10
693 653 10
693 654 10
693 656 10
693 658 10
693 665 10
693 680 10
693 681 10
693 682 10
693 690 10
693 691 10
694 476 10
694 478 10
694 479 10
694 488 10
694 489 10
694 491 10
694 492 10
694 494 10
694 497 10
694 498 10
694 499 10
694 501 10
694 502 10
694 504 10
694 509 10
694 510 10
694 512 10
694 513 10
694 517 10
694 519 10
694 568 10
694 569 10
694 571 10
694 572 10
694 573 10
694 574 10
694 575 10
694 611 10
694 618 10
694 621 10
694 623 10
694 626 10
694 627 10
694 635 10
694 636 10
694 641 10
694 643 10
694 646 10
694 648 10
694 649 10
694 651 10
694 653 10
694 654 10
694 655 10
694 657 10
694 658 10
694 666 10
694 677 10
694 681 10
694 682 10
694 691 10
695 478 10
695 479 10
695 481 10
695 482 10
695 487 10
695 488 10
695 489 10
695 491 10
695 492 10
695 495 10
695 496 10
695 503 10
695 511 10
695 512 10
695 517 10
695 565 10
695 568 10
695 569 10
695 571 10
695 573 10
695 576 10
695 577 10
695 579 10
695 625 10
695 642 10
695 643 10
695 644 10
695 650 10
695 653 10
695 655 10
695 657 10
695 658 10
695 659 10
695 661 10
695 687 10
696 494 10
696 495 10
696 496 10
696 498 10
696 499 10
696 509 10
696 510 10
696 512 10
696 513 10
696 514 10
696 516 10
696 517 10
696 518 10
696 570 10
696 573 10
696 574 10
696 576 10
696 577 10
696 579 10
696 584 10
696 632 10
696 641 10
696 643 10
696 644 10
696 646 10
696 647 10
696 648 10
696 650 10
696 653 10
696 657 10
696 659 10
696 660 10
696 661 10
696 662 10
696 675 10
696 677 10
696 689 10
696 691 10
697 467 10
697 478 10
697 480 10
697 486 10
697 491 10
697 492 10
697 496 10
697 498 10
697 499 10
697 503 10
697 507 10
697 513 10
697 514 10
697 516 10
697 517 10
697 520 10
697 569 10
697 570 10
697 571 10
697 572 10
697 575 10
697 579 10
697 582 10
697 584 10
697 621 10
697 625 10
697 634 10
697 643 10
697 645 10
697 646 10
697 647 10
697 648 10
697 649 10
697 651 10
697 654 10
697 655 10
697 656 10
697 657 10
697 659 10
697 662 10
697 664 10
697 665 10
697 667 10
697 668 10
697 689 10
697 699 10
698 464 10
698 478 10
698 491 10
698 494 10
698 497 10
698 506 10
698 510 10
698 512 10
698 515 10
698 516 10
698 517 10
698 563 10
698 564 10
698 567 10
698 568 10
698 570 10
698 572 10
698 573 10
698 575 10
698 580 10
698 582 10
698 616 10
698 618 10
698 621 10
698 622 10
698 626 10
698 632 10
698 641 10
698 643 10
698 645 10
698 646 10
698 650 10
698 651 10
698 653 10
698 656 10
698 658 10
698 660 10
698 661 10
698 662 10
698 667 10
698 668 10
698 680 10
698 681 10
699 469 10
699 475 10
699 477 10
699 478 10
699 479 10
699 480 10
699 481 10
699 482 10
699 483 10
699 488 10
699 490 10
699 493 10
699 495 10
699 498 10
699 501 10
699 506 10
699 507 10
699 508 10
699 511 10
699 512 10
699 515 10
699 523 10
699 563 10
699 565 10
699 571 10
699 572 10
699 578 10
699 615 10
699 617 10
699 618 10
699 621 10
699 625 10
699 627 10
699 635 10
699 641 10
699 643 10
699 645 10
699 647 10
699 652 10
699 653 10
699 659 10
699 660 10
699 662 10
699 664 10
699 665 10
699 668 10
699 670 10
700 464 10
700 465 10
700 466 10
700 474 10
700 476 10
700 477 10
700 482 10
700 489 10
700 490 10
700 491 10
700 492 10
700 494 10
700 498 10
700 499 10
700 501 10
700 506 10
700 515 10
700 519 10
700 523 10
700 564 10
700 565 10
700 566 10
700 574 10
700 580 10
700 584 10
700 616 10
700 617 10
700 619 10
700 634 10
700 639 10
700 640 10
700 643 10
700 646 10
700 649 10
700 651 10
700 653 10
700 661 10
700 667 10
700 668 10
700 669 10
700 681 10
700 682 10
700 683 10
700 685 10
701 464 10
701 471 10
701 475 10
701 479 10
701 482 10
701 489 10
701 493 10
701 495 10
701 499 10
701 500 10
701 501 10
701 511 10
701 514 10
701 516 10
701 517 10
701 518 10
701 522 10
701 564 10
701 582 10
701 584 10
701 615 10
701 617 10
701 618 10
701 619 10
701 620 10
701 622 10
701 633 10
701 634 10
701 635 10
701 636 10
701 637 10
701 640 10
701 642 10
701 643 10
701 644 10
701 645 10
701 647 10
701 649 10
701 651 10
701 666 10
701 671 10
701 677 10
701 680 10
702 464 10
702 465 10
702 477 10
702 479 10
702 481 10
702 483 10
702 490 10
702 492 10
702 496 10
702 497 10
702 500 10
702 501 10
702 502 10
702 503 10
702 506 10
702 508 10
702 516 10
702 517 10
702 518 10
702 519 10
702 520 10
702 521 10
702 524 10
702 525 10
702 568 10
702 571 10
702 573 10
702 575 10
702 578 10
702 579 10
702 585 10
702 586 10
702 613 10
702 616 10
702 619 10
702 635 10
702 636 10
702 639 10
702 641 10
702 648 10
702 650 10
702 652 10
702 666 10
702 667 10
702 669 10
702 676 10
702 679 10
702 681 10
702 683 10
702 684 10
702 685 10
703 467 10
703 470 10
703 471 10
703 475 10
703 478 10
703 479 10
703 481 10
703 489 10
703 491 10
703 495 10
703 497 10
703 498 10
703 500 10
703 503 10
703 506 10
703 511 10
703 513 10
703 514 10
703 515 10
703 516 10
703 517 10
703 518 10
703 519 10
703 566 10
703 573 10
703 578 10
703 583 10
703 587 10
703 612 10
703 613 10
703 614 10
703 615 10
703 616 10
703 617 10
703 618 10
703 619 10
703 620 10
703 622 10
703 630 10
703 631 10
703 633 10
703 634 10
703 636 10
703 638 10
703 639 10
703 641 10
703 642 10
703 644 10
703 645 10
703 649 10
703 650 10
703 654 10
703 679 10
703 680 10
704 465 10
704 467 10
704 471 10
704 476 10
704 477 10
704 479 10
704 480 10
704 482 10
704 483 10
704 484 10
704 489 10
704 491 10
704 496 10
704 499 10
704 508 10
704 509 10
704 510 10
704 511 10
704 512 10
704 514 10
704 519 10
704 520 10
704 574 10
704 577 10
704 578 10
704 581 10
704 586 10
704 587 10
704 610 10
704 614 10
704 618 10
704 620 10
704 621 10
704 630 10
704 634 10
704 635 10
704 640 10
704 641 10
704 642 10
704 643 10
704 651 10
704 656 10
704 680 10
704 683 10
704 684 10
705 467 10
705 469 10
705 470 10
705 480 10
705 483 10
705 486 10
705 489 10
705 492 10
705 495 10
705 496 10
705 497 10
705 498 10
705 499 10
705 503 10
705 504 10
705 507 10
705 510 10
705 515 10
705 516 10
705 518 10
705 519 10
705 521 10
705 609 10
705 613 10
705 614 10
705 617 10
705 619 10
705 620 10
705 630 10
705 632 10
705 633 10
705 637 10
705 640 10
705 641 10
705 686 10
706 469 10
706 480 10
706 481 10
706 482 10
706 483 10
706 484 10
706 486 10
706 492 10
706 497 10
706 498 10
706 501 10
706 502 10
706 504 10
706 505 10
706 508 10
706 509 10
706 510 10
706 514 10
706 517 10
706 518 10
706 519 10
706 520 10
706 521 10
706 522 10
706 523 10
706 524 10
706 586 10
706 615 10
706 617 10
706 620 10
706 633 10
706 635 10
706 636 10
706 637 10
706 638 10
706 640 10
706 642 10
706 676 10
707 470 10
707 471 10
707 496 10
707 497 10
707 498 10
707 499 10
707 500 10
707 505 10
707 506 10
707 507 10
707 514 10
707 516 10
707 517 10
707 521 10
707 522 10
707 523 10
707 576 10
707 577 10
707 586 10
707 588 10
707 620 10
707 630 10
707 634 10
707 635 10
707 636 10
707 638 10
707 642 10
707 677 10
707 678 10
707 684 10
708 472 10
708 484 10
708 486 10
708 492 10
708 493 10
708 498 10
708 500 10
708 502 10
708 503 10
708 504 10
708 505 10
708 509 10
708 511 10
708 518 10
708 519 10
708 520 10
708 521 10
708 523 10
708 524 10
708 588 10
708 589 10
708 634 10
708 636 10
708 637 10
708 638 10
708 641 10
708 656 10
708 657 10
709 472 10
709 473 10
709 492 10
709 497 10
709 498 10
709 499 10
709 500 10
709 501 10
709 502 10
709 503 10
709 504 10
709 506 10
709 507 10
709 508 10
709 509 10
709 510 10
709 515 10
709 517 10
709 518 10
709 519 10
709 520 10
709 522 10
709 523 10
709 582 10
709 617 10
709 634 10
710 471 10
710 495 10
710 497 10
710 498 10
710 500 10
710 501 10
710 502 10
710 503 10
710 504 10
710 505 10
710 506 10
710 508 10
710 509 10
710 510 10
710 515 10
710 516 10
710 517 10
710 520 10
710 522 10
710 612 10
710 619 10
710 625 10
710 635 10
710 643 10
711 498 10
711 499 10
711 501 10
711 502 10
711 506 10
711 510 10
711 513 10
711 517 10
711 518 10
711 576 10
711 611 10
711 613 10
711 636 10
712 496 10
712 498 10
712 499 10
712 500 10
712 502 10
712 503 10
712 504 10
712 507 10
712 508 10
712 510 10
712 514 10
712 516 10
712 518 10
712 519 10
712 520 10
713 496 10
713 499 10
713 501 10
713 503 10
713 508 10
713 510 10
713 512 10
713 515 10
713 516 10
713 518 10
713 519 10
713 612 10
713 613 10
713 615 10
714 493 10
714 495 10
714 496 10
714 500 10
714 501 10
714 502 10
714 503 10
714 510 10
714 512 10
714 513 10
714 514 10
714 515 10
714 517 10
714 519 10
714 520 10
714 613 10
714 614 10
714 629 10
715 495 10
715 497 10
715 498 10
715 499 10
715 501 10
715 503 10
715 504 10
715 506 10
715 508 10
715 509 10
715 510 10
715 511 10
715 515 10
715 615 10
715 629 10
716 496 10
716 497 10
716 508 10
716 516 10
716 612 10
716 628 10
717 509 10
718 504 10
718 507 10
719 504 10
719 507 10
720 504 10
720 505 10
720 506 10
720 509 10
721 505 10
721 509 10
721 511 10
721 520 10
