1024
198 399 10
198 401 10
199 408 10
200 404 10
201 408 10
201 518 10
201 521 10
202 399 10
202 400 10
202 402 10
202 405 10
202 407 10
202 516 10
202 520 10
202 530 10
203 400 10
203 402 10
203 405 10
203 435 10
203 441 10
203 516 10
203 520 10
204 431 10
204 432 10
204 500 10
204 517 10
204 518 10
204 519 10
204 521 10
204 522 10
204 524 10
204 527 10
205 403 10
205 407 10
205 429 10
205 430 10
205 433 10
205 439 10
205 498 10
205 500 10
205 521 10
205 522 10
205 527 10
205 532 10
206 403 10
206 426 10
206 431 10
206 436 10
206 485 10
206 504 10
206 520 10
206 521 10
206 522 10
206 525 10
206 528 10
206 531 10
206 539 10
207 354 10
207 355 10
207 402 10
207 403 10
207 404 10
207 424 10
207 426 10
207 429 10
207 432 10
207 435 10
207 443 10
207 445 10
207 447 10
207 473 10
207 499 10
207 507 10
207 519 10
207 521 10
207 524 10
207 538 10
207 541 10
208 399 10
208 423 10
208 425 10
208 427 10
208 431 10
208 432 10
208 433 10
208 436 10
208 472 10
208 484 10
208 517 10
208 522 10
208 524 10
208 526 10
208 529 10
208 533 10
208 536 10
208 538 10
208 540 10
208 542 10
209 355 10
209 404 10
209 436 10
209 440 10
209 443 10
209 445 10
209 447 10
209 476 10
209 481 10
209 483 10
209 485 10
209 506 10
209 507 10
209 508 10
209 523 10
209 531 10
209 532 10
209 533 10
209 537 10
209 543 10
209 545 10
209 546 10
210 347 10
210 350 10
210 355 10
210 357 10
210 409 10
210 415 10
210 422 10
210 424 10
210 428 10
210 433 10
210 434 10
210 435 10
210 442 10
210 477 10
210 481 10
210 483 10
210 484 10
210 509 10
210 510 10
210 526 10
210 527 10
210 528 10
210 530 10
210 534 10
210 535 10
210 536 10
210 538 10
210 543 10
210 545 10
210 546 10
211 357 10
211 378 10
211 405 10
211 411 10
211 428 10
211 443 10
211 472 10
211 474 10
211 475 10
211 485 10
211 506 10
211 509 10
211 512 10
211 524 10
211 531 10
211 532 10
211 534 10
211 536 10
211 537 10
211 540 10
211 542 10
211 544 10
211 546 10
212 347 10
212 348 10
212 350 10
212 357 10
212 359 10
212 409 10
212 413 10
212 429 10
212 434 10
212 436 10
212 447 10
212 449 10
212 483 10
212 488 10
212 502 10
212 503 10
212 506 10
212 512 10
212 526 10
212 528 10
212 529 10
212 530 10
212 531 10
212 533 10
212 534 10
212 536 10
212 538 10
212 542 10
212 544 10
212 551 10
213 377 10
213 401 10
213 403 10
213 410 10
213 412 10
213 418 10
213 427 10
213 429 10
213 430 10
213 436 10
213 443 10
213 446 10
213 447 10
213 506 10
213 508 10
213 509 10
213 512 10
213 529 10
213 531 10
213 532 10
213 533 10
213 540 10
213 542 10
213 543 10
214 379 10
214 412 10
214 414 10
214 420 10
214 435 10
214 436 10
214 438 10
214 448 10
214 465 10
214 498 10
214 507 10
214 508 10
214 509 10
214 521 10
214 522 10
214 523 10
214 526 10
214 527 10
214 528 10
214 531 10
214 532 10
214 534 10
214 542 10
215 352 10
215 354 10
215 382 10
215 383 10
215 403 10
215 405 10
215 406 10
215 409 10
215 410 10
215 416 10
215 417 10
215 425 10
215 433 10
215 443 10
215 445 10
215 450 10
215 479 10
215 481 10
215 483 10
215 498 10
215 503 10
215 506 10
215 507 10
215 509 10
215 513 10
215 515 10
215 523 10
215 524 10
215 525 10
215 526 10
215 527 10
215 528 10
215 529 10
215 531 10
215 533 10
215 542 10
216 354 10
216 383 10
216 412 10
216 413 10
216 414 10
216 416 10
216 430 10
216 431 10
216 435 10
216 436 10
216 441 10
216 442 10
216 445 10
216 472 10
216 476 10
216 477 10
216 478 10
216 481 10
216 482 10
216 483 10
216 485 10
216 501 10
216 511 10
216 512 10
216 514 10
216 515 10
216 516 10
216 517 10
216 519 10
216 523 10
216 525 10
216 526 10
216 528 10
216 530 10
216 531 10
216 540 10
216 545 10
217 380 10
217 385 10
217 406 10
217 409 10
217 411 10
217 412 10
217 415 10
217 416 10
217 418 10
217 434 10
217 438 10
217 441 10
217 443 10
217 448 10
217 450 10
217 472 10
217 478 10
217 479 10
217 481 10
217 483 10
217 484 10
217 499 10
217 500 10
217 502 10
217 503 10
217 504 10
217 507 10
217 508 10
217 514 10
217 519 10
217 523 10
217 525 10
217 526 10
217 528 10
217 530 10
217 533 10
217 536 10
217 537 10
217 542 10
218 356 10
218 375 10
218 380 10
218 388 10
218 390 10
218 402 10
218 403 10
218 404 10
218 405 10
218 406 10
218 409 10
218 411 10
218 414 10
218 415 10
218 420 10
218 427 10
218 429 10
218 431 10
218 432 10
218 433 10
218 435 10
218 442 10
218 443 10
218 444 10
218 463 10
218 464 10
218 478 10
218 481 10
218 482 10
218 484 10
218 488 10
218 495 10
218 496 10
218 497 10
218 499 10
218 504 10
218 505 10
218 507 10
218 509 10
218 515 10
218 519 10
218 526 10
218 527 10
218 528 10
218 529 10
218 531 10
218 532 10
218 538 10
218 539 10
218 541 10
218 546 10
218 548 10
218 550 10
219 374 10
219 376 10
219 377 10
219 387 10
219 399 10
219 400 10
219 401 10
219 402 10
219 411 10
219 413 10
219 414 10
219 415 10
219 418 10
219 421 10
219 427 10
219 429 10
219 431 10
219 432 10
219 433 10
219 434 10
219 435 10
219 438 10
219 440 10
219 441 10
219 442 10
219 445 10
219 449 10
219 462 10
219 477 10
219 478 10
219 480 10
219 482 10
219 489 10
219 490 10
219 491 10
219 494 10
219 496 10
219 497 10
219 498 10
219 507 10
219 515 10
219 516 10
219 517 10
219 519 10
219 523 10
219 524 10
219 525 10
219 526 10
219 529 10
219 530 10
219 535 10
219 536 10
219 538 10
219 539 10
219 540 10
219 541 10
219 542 10
219 545 10
220 341 10
220 374 10
220 376 10
220 377 10
220 378 10
220 382 10
220 390 10
220 391 10
220 404 10
220 407 10
220 409 10
220 417 10
220 418 10
220 420 10
220 423 10
220 429 10
220 430 10
220 441 10
220 442 10
220 443 10
220 449 10
220 450 10
220 451 10
220 464 10
220 480 10
220 482 10
220 483 10
220 484 10
220 485 10
220 489 10
220 490 10
220 491 10
220 492 10
220 496 10
220 497 10
220 499 10
220 503 10
220 504 10
220 509 10
220 513 10
220 520 10
220 523 10
220 524 10
220 526 10
220 527 10
220 530 10
220 534 10
220 535 10
220 537 10
220 540 10
220 541 10
220 543 10
220 545 10
220 547 10
220 553 10
220 555 10
221 352 10
221 375 10
221 378 10
221 397 10
221 404 10
221 405 10
221 408 10
221 409 10
221 412 10
221 416 10
221 418 10
221 419 10
221 421 10
221 422 10
221 424 10
221 428 10
221 430 10
221 432 10
221 433 10
221 438 10
221 443 10
221 444 10
221 450 10
221 452 10
221 462 10
221 463 10
221 465 10
221 471 10
221 478 10
221 479 10
221 481 10
221 483 10
221 484 10
221 486 10
221 488 10
221 489 10
221 490 10
221 493 10
221 494 10
221 500 10
221 503 10
221 505 10
221 506 10
221 510 10
221 513 10
221 514 10
221 515 10
221 516 10
221 521 10
221 522 10
221 525 10
221 527 10
221 529 10
221 531 10
221 532 10
221 534 10
221 535 10
221 536 10
221 537 10
221 539 10
221 545 10
222 340 10
222 344 10
222 375 10
222 376 10
222 401 10
222 402 10
222 405 10
222 408 10
222 409 10
222 410 10
222 417 10
222 418 10
222 422 10
222 426 10
222 427 10
222 431 10
222 433 10
222 439 10
222 440 10
222 443 10
222 449 10
222 457 10
222 459 10
222 479 10
222 483 10
222 484 10
222 486 10
222 487 10
222 489 10
222 490 10
222 491 10
222 492 10
222 494 10
222 499 10
222 503 10
222 505 10
222 507 10
222 510 10
222 511 10
222 515 10
222 519 10
222 522 10
222 524 10
222 527 10
222 531 10
222 532 10
222 533 10
222 535 10
222 536 10
222 537 10
222 538 10
223 342 10
223 373 10
223 374 10
223 375 10
223 376 10
223 377 10
223 379 10
223 383 10
223 396 10
223 401 10
223 403 10
223 404 10
223 406 10
223 407 10
223 408 10
223 410 10
223 419 10
223 424 10
223 427 10
223 428 10
223 430 10
223 431 10
223 433 10
223 434 10
223 435 10
223 437 10
223 441 10
223 448 10
223 449 10
223 450 10
223 456 10
223 457 10
223 459 10
223 461 10
223 462 10
223 467 10
223 475 10
223 478 10
223 481 10
223 482 10
223 484 10
223 485 10
223 487 10
223 488 10
223 489 10
223 491 10
223 492 10
223 493 10
223 494 10
223 496 10
223 499 10
223 500 10
223 504 10
223 505 10
223 507 10
223 508 10
223 509 10
223 510 10
223 512 10
223 514 10
223 517 10
223 520 10
223 521 10
223 524 10
223 526 10
223 529 10
223 532 10
223 533 10
223 534 10
223 536 10
223 537 10
223 539 10
223 551 10
223 563 10
224 342 10
224 343 10
224 344 10
224 345 10
224 346 10
224 351 10
224 354 10
224 364 10
224 368 10
224 385 10
224 394 10
224 397 10
224 409 10
224 410 10
224 413 10
224 416 10
224 417 10
224 419 10
224 421 10
224 425 10
224 426 10
224 427 10
224 428 10
224 429 10
224 430 10
224 431 10
224 435 10
224 438 10
224 439 10
224 440 10
224 441 10
224 442 10
224 445 10
224 447 10
224 453 10
224 456 10
224 458 10
224 459 10
224 465 10
224 466 10
224 473 10
224 479 10
224 480 10
224 481 10
224 482 10
224 488 10
224 489 10
224 490 10
224 491 10
224 492 10
224 493 10
224 494 10
224 495 10
224 497 10
224 500 10
224 502 10
224 506 10
224 507 10
224 511 10
224 515 10
224 517 10
224 519 10
224 524 10
224 527 10
224 528 10
224 529 10
224 530 10
224 533 10
224 534 10
224 535 10
224 537 10
224 538 10
224 539 10
224 542 10
224 565 10
225 341 10
225 342 10
225 343 10
225 344 10
225 351 10
225 354 10
225 356 10
225 361 10
225 363 10
225 373 10
225 384 10
225 394 10
225 395 10
225 397 10
225 402 10
225 403 10
225 404 10
225 405 10
225 407 10
225 408 10
225 409 10
225 410 10
225 414 10
225 415 10
225 416 10
225 417 10
225 419 10
225 420 10
225 422 10
225 425 10
225 427 10
225 428 10
225 431 10
225 433 10
225 434 10
225 436 10
225 443 10
225 445 10
225 449 10
225 452 10
225 453 10
225 455 10
225 459 10
225 465 10
225 466 10
225 471 10
225 473 10
225 475 10
225 477 10
225 479 10
225 480 10
225 481 10
225 482 10
225 483 10
225 484 10
225 485 10
225 487 10
225 488 10
225 489 10
225 490 10
225 491 10
225 493 10
225 495 10
225 498 10
225 502 10
225 507 10
225 508 10
225 509 10
225 512 10
225 513 10
225 518 10
225 519 10
225 522 10
225 523 10
225 524 10
225 531 10
225 535 10
225 537 10
225 539 10
225 544 10
225 547 10
225 567 10
226 342 10
226 344 10
226 349 10
226 350 10
226 351 10
226 353 10
226 356 10
226 363 10
226 366 10
226 367 10
226 385 10
226 386 10
226 389 10
226 394 10
226 398 10
226 399 10
226 400 10
226 402 10
226 406 10
226 408 10
226 410 10
226 412 10
226 413 10
226 414 10
226 415 10
226 418 10
226 419 10
226 420 10
226 428 10
226 429 10
226 430 10
226 431 10
226 432 10
226 434 10
226 436 10
226 438 10
226 440 10
226 443 10
226 446 10
226 447 10
226 449 10
226 451 10
226 452 10
226 456 10
226 461 10
226 466 10
226 468 10
226 473 10
226 479 10
226 481 10
226 482 10
226 484 10
226 490 10
226 492 10
226 493 10
226 494 10
226 495 10
226 496 10
226 500 10
226 501 10
226 503 10
226 506 10
226 508 10
226 511 10
226 512 10
226 516 10
226 519 10
226 521 10
226 523 10
226 525 10
226 526 10
226 527 10
226 528 10
226 531 10
226 537 10
226 543 10
226 546 10
227 340 10
227 348 10
227 353 10
227 354 10
227 357 10
227 359 10
227 362 10
227 363 10
227 364 10
227 380 10
227 384 10
227 396 10
227 397 10
227 398 10
227 399 10
227 400 10
227 402 10
227 403 10
227 404 10
227 405 10
227 409 10
227 411 10
227 413 10
227 417 10
227 418 10
227 419 10
227 420 10
227 421 10
227 425 10
227 428 10
227 429 10
227 431 10
227 433 10
227 436 10
227 437 10
227 440 10
227 443 10
227 446 10
227 448 10
227 453 10
227 461 10
227 463 10
227 466 10
227 481 10
227 483 10
227 485 10
227 486 10
227 487 10
227 491 10
227 492 10
227 493 10
227 503 10
227 507 10
227 508 10
227 509 10
227 510 10
227 511 10
227 513 10
227 516 10
227 518 10
227 519 10
227 520 10
227 565 10
228 342 10
228 343 10
228 344 10
228 346 10
228 347 10
228 352 10
228 359 10
228 360 10
228 361 10
228 365 10
228 367 10
228 380 10
228 381 10
228 383 10
228 384 10
228 386 10
228 387 10
228 396 10
228 398 10
228 399 10
228 400 10
228 402 10
228 411 10
228 413 10
228 415 10
228 417 10
228 419 10
228 421 10
228 422 10
228 424 10
228 425 10
228 427 10
228 429 10
228 430 10
228 434 10
228 439 10
228 443 10
228 444 10
228 445 10
228 452 10
228 458 10
228 459 10
228 460 10
228 462 10
228 463 10
228 464 10
228 466 10
228 483 10
228 484 10
228 490 10
228 492 10
228 494 10
228 495 10
228 496 10
228 497 10
228 499 10
228 500 10
228 501 10
228 506 10
228 507 10
228 509 10
228 512 10
228 515 10
228 518 10
228 523 10
228 525 10
228 526 10
228 527 10
228 528 10
228 529 10
228 532 10
228 533 10
228 543 10
228 545 10
228 546 10
228 553 10
228 559 10
228 567 10
229 336 10
229 341 10
229 343 10
229 344 10
229 345 10
229 346 10
229 350 10
229 351 10
229 353 10
229 354 10
229 359 10
229 363 10
229 364 10
229 366 10
229 385 10
229 386 10
229 396 10
229 397 10
229 398 10
229 399 10
229 400 10
229 402 10
229 403 10
229 404 10
229 411 10
229 413 10
229 416 10
229 417 10
229 418 10
229 419 10
229 421 10
229 422 10
229 424 10
229 425 10
229 427 10
229 432 10
229 435 10
229 437 10
229 441 10
229 443 10
229 445 10
229 447 10
229 449 10
229 453 10
229 454 10
229 457 10
229 460 10
229 461 10
229 465 10
229 467 10
229 470 10
229 471 10
229 483 10
229 488 10
229 490 10
229 491 10
229 492 10
229 493 10
229 494 10
229 496 10
229 502 10
229 510 10
229 511 10
229 513 10
229 515 10
229 518 10
229 520 10
229 521 10
229 522 10
229 523 10
229 529 10
229 538 10
229 554 10
229 560 10
230 336 10
230 343 10
230 344 10
230 346 10
230 352 10
230 354 10
230 357 10
230 358 10
230 360 10
230 361 10
230 364 10
230 365 10
230 366 10
230 367 10
230 370 10
230 382 10
230 384 10
230 385 10
230 387 10
230 396 10
230 397 10
230 398 10
230 399 10
230 400 10
230 403 10
230 412 10
230 413 10
230 414 10
230 415 10
230 419 10
230 426 10
230 427 10
230 435 10
230 436 10
230 437 10
230 441 10
230 443 10
230 444 10
230 447 10
230 451 10
230 452 10
230 454 10
230 456 10
230 459 10
230 465 10
230 466 10
230 467 10
230 468 10
230 470 10
230 477 10
230 485 10
230 487 10
230 488 10
230 492 10
230 494 10
230 500 10
230 501 10
230 506 10
230 513 10
230 514 10
230 515 10
230 516 10
230 518 10
230 522 10
230 525 10
230 527 10
230 529 10
230 530 10
230 536 10
230 554 10
230 555 10
230 556 10
231 335 10
231 337 10
231 350 10
231 351 10
231 354 10
231 355 10
231 361 10
231 364 10
231 365 10
231 367 10
231 368 10
231 369 10
231 370 10
231 380 10
231 381 10
231 382 10
231 384 10
231 388 10
231 396 10
231 397 10
231 399 10
231 401 10
231 404 10
231 409 10
231 411 10
231 413 10
231 415 10
231 416 10
231 419 10
231 421 10
231 422 10
231 424 10
231 425 10
231 429 10
231 438 10
231 439 10
231 440 10
231 444 10
231 445 10
231 447 10
231 448 10
231 449 10
231 451 10
231 454 10
231 463 10
231 464 10
231 465 10
231 466 10
231 467 10
231 468 10
231 469 10
231 484 10
231 487 10
231 488 10
231 490 10
231 491 10
231 494 10
231 495 10
231 496 10
231 501 10
231 506 10
231 509 10
231 512 10
231 513 10
231 515 10
231 517 10
231 520 10
231 522 10
231 523 10
231 524 10
231 526 10
231 527 10
231 529 10
231 534 10
231 536 10
231 541 10
231 549 10
231 553 10
231 557 10
231 558 10
231 559 10
232 332 10
232 334 10
232 335 10
232 336 10
232 337 10
232 340 10
232 341 10
232 344 10
232 351 10
232 354 10
232 356 10
232 360 10
232 361 10
232 362 10
232 363 10
232 366 10
232 367 10
232 370 10
232 372 10
232 375 10
232 376 10
232 378 10
232 379 10
232 397 10
232 399 10
232 401 10
232 402 10
232 404 10
232 405 10
232 408 10
232 409 10
232 412 10
232 413 10
232 414 10
232 415 10
232 416 10
232 423 10
232 424 10
232 425 10
232 426 10
232 428 10
232 431 10
232 443 10
232 444 10
232 445 10
232 447 10
232 448 10
232 449 10
232 452 10
232 454 10
232 465 10
232 466 10
232 468 10
232 470 10
232 476 10
232 477 10
232 478 10
232 487 10
232 488 10
232 491 10
232 494 10
232 502 10
232 505 10
232 506 10
232 507 10
232 511 10
232 512 10
232 513 10
232 514 10
232 515 10
232 516 10
232 518 10
232 521 10
232 524 10
232 525 10
232 529 10
232 530 10
232 531 10
232 532 10
232 533 10
232 534 10
232 536 10
232 549 10
232 551 10
232 556 10
232 557 10
233 332 10
233 336 10
233 338 10
233 339 10
233 340 10
233 344 10
233 345 10
233 354 10
233 362 10
233 364 10
233 365 10
233 372 10
233 375 10
233 378 10
233 397 10
233 398 10
233 400 10
233 404 10
233 406 10
233 410 10
233 413 10
233 414 10
233 418 10
233 420 10
233 421 10
233 424 10
233 425 10
233 427 10
233 429 10
233 436 10
233 443 10
233 444 10
233 446 10
233 447 10
233 448 10
233 456 10
233 458 10
233 460 10
233 463 10
233 466 10
233 469 10
233 472 10
233 474 10
233 475 10
233 477 10
233 480 10
233 485 10
233 486 10
233 487 10
233 493 10
233 495 10
233 504 10
233 508 10
233 509 10
233 511 10
233 516 10
233 520 10
233 522 10
233 523 10
233 529 10
233 530 10
233 531 10
233 537 10
233 549 10
233 552 10
233 554 10
233 556 10
233 559 10
234 333 10
234 334 10
234 337 10
234 338 10
234 340 10
234 342 10
234 344 10
234 353 10
234 354 10
234 355 10
234 361 10
234 363 10
234 368 10
234 372 10
234 379 10
234 380 10
234 381 10
234 383 10
234 393 10
234 397 10
234 399 10
234 402 10
234 403 10
234 404 10
234 406 10
234 409 10
234 413 10
234 416 10
234 418 10
234 419 10
234 420 10
234 422 10
234 423 10
234 427 10
234 432 10
234 434 10
234 436 10
234 438 10
234 442 10
234 444 10
234 445 10
234 447 10
234 448 10
234 449 10
234 451 10
234 466 10
234 467 10
234 468 10
234 475 10
234 477 10
234 479 10
234 482 10
234 483 10
234 484 10
234 485 10
234 487 10
234 488 10
234 489 10
234 496 10
234 515 10
234 516 10
234 518 10
234 519 10
234 534 10
234 535 10
234 536 10
234 550 10
234 552 10
234 553 10
234 554 10
234 555 10
234 557 10
234 558 10
234 559 10
235 337 10
235 340 10
235 342 10
235 344 10
235 345 10
235 346 10
235 355 10
235 356 10
235 361 10
235 362 10
235 363 10
235 364 10
235 365 10
235 367 10
235 371 10
235 372 10
235 378 10
235 379 10
235 385 10
235 392 10
235 393 10
235 394 10
235 395 10
235 400 10
235 401 10
235 402 10
235 404 10
235 405 10
235 406 10
235 407 10
235 408 10
235 409 10
235 411 10
235 412 10
235 415 10
235 416 10
235 417 10
235 418 10
235 423 10
235 426 10
235 427 10
235 430 10
235 431 10
235 432 10
235 433 10
235 438 10
235 440 10
235 441 10
235 442 10
235 444 10
235 445 10
235 446 10
235 447 10
235 449 10
235 450 10
235 451 10
235 462 10
235 467 10
235 468 10
235 470 10
235 472 10
235 473 10
235 482 10
235 484 10
235 488 10
235 491 10
235 495 10
235 512 10
235 513 10
235 523 10
235 524 10
235 526 10
235 531 10
235 534 10
235 535 10
235 536 10
235 549 10
235 550 10
235 552 10
235 556 10
235 557 10
236 333 10
236 337 10
236 340 10
236 342 10
236 343 10
236 344 10
236 345 10
236 347 10
236 354 10
236 355 10
236 356 10
236 357 10
236 365 10
236 367 10
236 372 10
236 375 10
236 377 10
236 378 10
236 379 10
236 383 10
236 389 10
236 390 10
236 391 10
236 392 10
236 394 10
236 395 10
236 398 10
236 399 10
236 400 10
236 402 10
236 403 10
236 404 10
236 406 10
236 407 10
236 408 10
236 409 10
236 410 10
236 414 10
236 415 10
236 416 10
236 418 10
236 420 10
236 426 10
236 428 10
236 430 10
236 434 10
236 438 10
236 440 10
236 443 10
236 445 10
236 446 10
236 447 10
236 449 10
236 451 10
236 459 10
236 460 10
236 466 10
236 467 10
236 469 10
236 470 10
236 473 10
236 474 10
236 475 10
236 477 10
236 478 10
236 481 10
236 484 10
236 486 10
236 487 10
236 488 10
236 490 10
236 491 10
236 493 10
236 495 10
236 497 10
236 521 10
236 524 10
236 532 10
236 533 10
236 538 10
236 552 10
236 555 10
236 556 10
237 335 10
237 336 10
237 337 10
237 340 10
237 342 10
237 343 10
237 344 10
237 351 10
237 352 10
237 353 10
237 357 10
237 358 10
237 361 10
237 363 10
237 365 10
237 366 10
237 367 10
237 368 10
237 370 10
237 372 10
237 374 10
237 375 10
237 376 10
237 378 10
237 380 10
237 381 10
237 389 10
237 391 10
237 392 10
237 393 10
237 394 10
237 395 10
237 396 10
237 397 10
237 398 10
237 399 10
237 400 10
237 402 10
237 403 10
237 404 10
237 405 10
237 406 10
237 409 10
237 410 10
237 413 10
237 418 10
237 419 10
237 421 10
237 425 10
237 430 10
237 431 10
237 432 10
237 433 10
237 435 10
237 437 10
237 438 10
237 439 10
237 444 10
237 445 10
237 446 10
237 447 10
237 448 10
237 451 10
237 460 10
237 467 10
237 469 10
237 472 10
237 475 10
237 477 10
237 479 10
237 480 10
237 482 10
237 490 10
237 492 10
237 493 10
237 497 10
237 498 10
237 499 10
237 516 10
237 521 10
237 523 10
237 524 10
237 533 10
237 534 10
237 544 10
237 549 10
237 552 10
237 553 10
237 555 10
237 558 10
237 561 10
238 337 10
238 338 10
238 340 10
238 341 10
238 344 10
238 345 10
238 346 10
238 347 10
238 348 10
238 350 10
238 355 10
238 356 10
238 357 10
238 358 10
238 364 10
238 366 10
238 368 10
238 370 10
238 371 10
238 372 10
238 376 10
238 377 10
238 378 10
238 384 10
238 385 10
238 386 10
238 390 10
238 391 10
238 394 10
238 395 10
238 398 10
238 399 10
238 400 10
238 401 10
238 402 10
238 404 10
238 405 10
238 406 10
238 407 10
238 408 10
238 415 10
238 417 10
238 419 10
238 424 10
238 427 10
238 429 10
238 430 10
238 432 10
238 433 10
238 434 10
238 437 10
238 439 10
238 440 10
238 441 10
238 442 10
238 443 10
238 445 10
238 447 10
238 448 10
238 451 10
238 452 10
238 462 10
238 463 10
238 468 10
238 472 10
238 474 10
238 476 10
238 478 10
238 479 10
238 480 10
238 482 10
238 484 10
238 485 10
238 486 10
238 488 10
238 492 10
238 493 10
238 494 10
238 496 10
238 502 10
238 503 10
238 518 10
238 519 10
238 520 10
238 521 10
238 524 10
238 526 10
238 532 10
238 535 10
238 538 10
238 539 10
238 541 10
238 542 10
238 552 10
238 554 10
238 555 10
238 557 10
238 558 10
238 559 10
238 572 10
239 337 10
239 341 10
239 344 10
239 351 10
239 353 10
239 354 10
239 355 10
239 357 10
239 359 10
239 361 10
239 363 10
239 365 10
239 366 10
239 368 10
239 369 10
239 370 10
239 373 10
239 377 10
239 380 10
239 394 10
239 396 10
239 400 10
239 401 10
239 402 10
239 403 10
239 404 10
239 405 10
239 408 10
239 410 10
239 411 10
239 412 10
239 413 10
239 416 10
239 417 10
239 418 10
239 419 10
239 423 10
239 426 10
239 427 10
239 429 10
239 432 10
239 433 10
239 434 10
239 436 10
239 437 10
239 438 10
239 439 10
239 440 10
239 441 10
239 447 10
239 449 10
239 450 10
239 451 10
239 452 10
239 453 10
239 463 10
239 464 10
239 467 10
239 470 10
239 473 10
239 474 10
239 476 10
239 479 10
239 480 10
239 482 10
239 486 10
239 487 10
239 489 10
239 496 10
239 497 10
239 498 10
239 500 10
239 522 10
239 524 10
239 530 10
239 540 10
239 554 10
239 555 10
239 558 10
239 560 10
239 570 10
240 332 10
240 344 10
240 345 10
240 347 10
240 357 10
240 359 10
240 360 10
240 362 10
240 366 10
240 367 10
240 370 10
240 377 10
240 379 10
240 380 10
240 400 10
240 401 10
240 403 10
240 404 10
240 408 10
240 409 10
240 418 10
240 419 10
240 423 10
240 429 10
240 431 10
240 432 10
240 436 10
240 437 10
240 438 10
240 440 10
240 441 10
240 443 10
240 444 10
240 447 10
240 449 10
240 453 10
240 462 10
240 463 10
240 470 10
240 472 10
240 475 10
240 477 10
240 478 10
240 480 10
240 481 10
240 482 10
240 485 10
240 487 10
240 489 10
240 492 10
240 499 10
240 520 10
240 522 10
240 524 10
240 526 10
240 548 10
240 551 10
240 553 10
240 555 10
240 557 10
240 558 10
240 559 10
240 560 10
240 563 10
240 565 10
240 568 10
241 332 10
241 334 10
241 342 10
241 344 10
241 351 10
241 353 10
241 354 10
241 355 10
241 358 10
241 359 10
241 363 10
241 364 10
241 365 10
241 367 10
241 369 10
241 370 10
241 371 10
241 373 10
241 375 10
241 376 10
241 377 10
241 378 10
241 379 10
241 389 10
241 394 10
241 398 10
241 400 10
241 401 10
241 402 10
241 405 10
241 406 10
241 407 10
241 408 10
241 410 10
241 411 10
241 412 10
241 413 10
241 415 10
241 417 10
241 418 10
241 420 10
241 422 10
241 423 10
241 424 10
241 428 10
241 431 10
241 435 10
241 438 10
241 439 10
241 442 10
241 449 10
241 450 10
241 452 10
241 461 10
241 464 10
241 466 10
241 468 10
241 469 10
241 473 10
241 475 10
241 476 10
241 477 10
241 479 10
241 480 10
241 481 10
241 482 10
241 483 10
241 484 10
241 486 10
241 487 10
241 489 10
241 490 10
241 491 10
241 493 10
241 497 10
241 498 10
241 499 10
241 517 10
241 524 10
241 530 10
241 542 10
241 543 10
241 552 10
241 555 10
241 557 10
241 558 10
241 563 10
241 567 10
241 571 10
242 340 10
242 343 10
242 346 10
242 347 10
242 352 10
242 354 10
242 355 10
242 357 10
242 358 10
242 362 10
242 364 10
242 368 10
242 369 10
242 370 10
242 371 10
242 372 10
242 375 10
242 376 10
242 377 10
242 378 10
242 383 10
242 385 10
242 390 10
242 396 10
242 398 10
242 400 10
242 403 10
242 404 10
242 406 10
242 409 10
242 410 10
242 412 10
242 413 10
242 415 10
242 417 10
242 418 10
242 423 10
242 427 10
242 431 10
242 435 10
242 438 10
242 439 10
242 440 10
242 444 10
242 446 10
242 448 10
242 450 10
242 452 10
242 458 10
242 460 10
242 463 10
242 465 10
242 468 10
242 471 10
242 472 10
242 474 10
242 475 10
242 476 10
242 479 10
242 482 10
242 484 10
242 486 10
242 488 10
242 489 10
242 491 10
242 494 10
242 497 10
242 500 10
242 501 10
242 502 10
242 526 10
242 528 10
242 544 10
242 545 10
242 546 10
242 553 10
242 557 10
242 559 10
242 561 10
242 562 10
242 567 10
242 570 10
242 571 10
242 572 10
242 573 10
243 343 10
243 346 10
243 348 10
243 350 10
243 355 10
243 356 10
243 357 10
243 358 10
243 362 10
243 364 10
243 371 10
243 373 10
243 376 10
243 379 10
243 389 10
243 393 10
243 396 10
243 397 10
243 399 10
243 402 10
243 405 10
243 406 10
243 407 10
243 408 10
243 410 10
243 411 10
243 417 10
243 419 10
243 420 10
243 424 10
243 425 10
243 426 10
243 434 10
243 444 10
243 449 10
243 451 10
243 452 10
243 457 10
243 458 10
243 459 10
243 460 10
243 462 10
243 467 10
243 468 10
243 469 10
243 470 10
243 471 10
243 473 10
243 474 10
243 476 10
243 477 10
243 478 10
243 480 10
243 482 10
243 489 10
243 491 10
243 494 10
243 495 10
243 497 10
243 498 10
243 499 10
243 500 10
243 529 10
243 554 10
243 555 10
243 557 10
243 559 10
243 561 10
243 564 10
243 567 10
243 569 10
243 573 10
244 343 10
244 344 10
244 345 10
244 346 10
244 348 10
244 353 10
244 354 10
244 355 10
244 357 10
244 358 10
244 359 10
244 361 10
244 363 10
244 365 10
244 368 10
244 369 10
244 370 10
244 371 10
244 373 10
244 374 10
244 377 10
244 380 10
244 382 10
244 388 10
244 390 10
244 392 10
244 401 10
244 404 10
244 405 10
244 406 10
244 407 10
244 409 10
244 410 10
244 413 10
244 414 10
244 415 10
244 420 10
244 424 10
244 426 10
244 431 10
244 432 10
244 435 10
244 438 10
244 443 10
244 446 10
244 450 10
244 451 10
244 453 10
244 455 10
244 456 10
244 457 10
244 458 10
244 459 10
244 460 10
244 461 10
244 463 10
244 465 10
244 467 10
244 469 10
244 471 10
244 472 10
244 473 10
244 474 10
244 475 10
244 478 10
244 479 10
244 483 10
244 497 10
244 498 10
244 501 10
244 502 10
244 503 10
244 545 10
244 547 10
244 549 10
244 553 10
244 555 10
244 560 10
244 563 10
244 569 10
244 570 10
244 571 10
245 355 10
245 357 10
245 361 10
245 371 10
245 372 10
245 379 10
245 380 10
245 388 10
245 391 10
245 392 10
245 394 10
245 397 10
245 398 10
245 403 10
245 405 10
245 406 10
245 407 10
245 408 10
245 410 10
245 411 10
245 422 10
245 423 10
245 424 10
245 425 10
245 427 10
245 428 10
245 432 10
245 434 10
245 439 10
245 440 10
245 443 10
245 444 10
245 447 10
245 448 10
245 451 10
245 457 10
245 460 10
245 461 10
245 464 10
245 469 10
245 471 10
245 473 10
245 474 10
245 475 10
245 476 10
245 477 10
245 478 10
245 482 10
245 485 10
245 487 10
245 492 10
245 493 10
245 495 10
245 497 10
245 498 10
245 509 10
245 540 10
245 544 10
245 551 10
245 553 10
245 557 10
245 571 10
245 572 10
245 573 10
246 346 10
246 347 10
246 354 10
246 357 10
246 358 10
246 360 10
246 368 10
246 372 10
246 388 10
246 391 10
246 396 10
246 397 10
246 400 10
246 402 10
246 403 10
246 405 10
246 406 10
246 407 10
246 410 10
246 415 10
246 416 10
246 418 10
246 425 10
246 426 10
246 427 10
246 428 10
246 430 10
246 433 10
246 434 10
246 435 10
246 437 10
246 441 10
246 445 10
246 446 10
246 447 10
246 448 10
246 451 10
246 452 10
246 454 10
246 455 10
246 458 10
246 459 10
246 460 10
246 461 10
246 465 10
246 469 10
246 474 10
246 476 10
246 483 10
246 486 10
246 498 10
246 499 10
246 500 10
246 521 10
246 523 10
246 536 10
246 541 10
246 542 10
246 546 10
246 553 10
246 555 10
246 557 10
246 558 10
247 353 10
247 354 10
247 355 10
247 357 10
247 361 10
247 363 10
247 370 10
247 372 10
247 373 10
247 376 10
247 388 10
247 390 10
247 391 10
247 405 10
247 406 10
247 407 10
247 408 10
247 423 10
247 425 10
247 426 10
247 427 10
247 430 10
247 433 10
247 434 10
247 435 10
247 437 10
247 439 10
247 441 10
247 443 10
247 444 10
247 446 10
247 449 10
247 453 10
247 454 10
247 457 10
247 462 10
247 468 10
247 475 10
247 494 10
247 496 10
247 498 10
247 500 10
247 519 10
247 523 10
247 524 10
247 535 10
247 538 10
247 540 10
247 542 10
247 544 10
247 551 10
247 552 10
247 554 10
247 556 10
247 557 10
247 570 10
247 571 10
247 574 10
248 334 10
248 355 10
248 356 10
248 357 10
248 360 10
248 365 10
248 367 10
248 370 10
248 374 10
248 376 10
248 383 10
248 388 10
248 389 10
248 391 10
248 396 10
248 398 10
248 400 10
248 402 10
248 403 10
248 404 10
248 405 10
248 406 10
248 413 10
248 415 10
248 416 10
248 417 10
248 421 10
248 425 10
248 426 10
248 430 10
248 431 10
248 434 10
248 435 10
248 436 10
248 437 10
248 444 10
248 445 10
248 447 10
248 448 10
248 452 10
248 453 10
248 454 10
248 456 10
248 459 10
248 466 10
248 475 10
248 476 10
248 477 10
248 485 10
248 488 10
248 493 10
248 494 10
248 496 10
248 530 10
248 535 10
248 537 10
248 546 10
248 553 10
248 556 10
248 557 10
248 560 10
248 561 10
248 568 10
248 597 10
248 599 10
248 601 10
249 324 10
249 328 10
249 342 10
249 353 10
249 354 10
249 355 10
249 358 10
249 359 10
249 360 10
249 361 10
249 366 10
249 369 10
249 372 10
249 374 10
249 383 10
249 386 10
249 387 10
249 388 10
249 390 10
249 391 10
249 392 10
249 393 10
249 396 10
249 400 10
249 404 10
249 406 10
249 407 10
249 408 10
249 410 10
249 414 10
249 415 10
249 419 10
249 423 10
249 425 10
249 430 10
249 433 10
249 434 10
249 436 10
249 438 10
249 443 10
249 450 10
249 453 10
249 454 10
249 461 10
249 470 10
249 474 10
249 487 10
249 527 10
249 528 10
249 530 10
249 531 10
249 532 10
249 536 10
249 538 10
249 541 10
249 551 10
249 552 10
249 553 10
249 554 10
249 555 10
249 556 10
249 557 10
249 558 10
249 571 10
249 573 10
249 592 10
250 326 10
250 328 10
250 333 10
250 343 10
250 344 10
250 350 10
250 353 10
250 355 10
250 356 10
250 357 10
250 358 10
250 362 10
250 366 10
250 369 10
250 371 10
250 374 10
250 376 10
250 377 10
250 391 10
250 392 10
250 393 10
250 394 10
250 395 10
250 399 10
250 404 10
250 406 10
250 407 10
250 411 10
250 412 10
250 413 10
250 414 10
250 415 10
250 416 10
250 418 10
250 419 10
250 420 10
250 421 10
250 425 10
250 427 10
250 429 10
250 430 10
250 432 10
250 434 10
250 438 10
250 443 10
250 447 10
250 454 10
250 455 10
250 456 10
250 457 10
250 468 10
250 469 10
250 476 10
250 489 10
250 492 10
250 493 10
250 526 10
250 528 10
250 529 10
250 530 10
250 532 10
250 534 10
250 536 10
250 541 10
250 544 10
250 545 10
250 546 10
250 548 10
250 550 10
250 551 10
250 552 10
250 555 10
250 557 10
250 559 10
250 587 10
250 603 10
251 342 10
251 344 10
251 350 10
251 352 10
251 356 10
251 357 10
251 358 10
251 359 10
251 360 10
251 362 10
251 364 10
251 365 10
251 366 10
251 371 10
251 373 10
251 374 10
251 378 10
251 384 10
251 385 10
251 387 10
251 388 10
251 389 10
251 391 10
251 392 10
251 393 10
251 394 10
251 411 10
251 414 10
251 416 10
251 417 10
251 420 10
251 431 10
251 432 10
251 436 10
251 437 10
251 438 10
251 444 10
251 447 10
251 450 10
251 457 10
251 459 10
251 463 10
251 473 10
251 474 10
251 480 10
251 483 10
251 491 10
251 502 10
251 527 10
251 528 10
251 529 10
251 531 10
251 532 10
251 533 10
251 542 10
251 547 10
251 548 10
251 549 10
251 554 10
251 555 10
251 562 10
251 563 10
251 574 10
251 588 10
251 594 10
251 598 10
251 603 10
251 605 10
252 323 10
252 324 10
252 326 10
252 340 10
252 341 10
252 345 10
252 354 10
252 355 10
252 356 10
252 358 10
252 360 10
252 362 10
252 370 10
252 372 10
252 376 10
252 383 10
252 389 10
252 390 10
252 391 10
252 392 10
252 393 10
252 394 10
252 399 10
252 402 10
252 404 10
252 405 10
252 407 10
252 412 10
252 413 10
252 416 10
252 417 10
252 418 10
252 419 10
252 427 10
252 428 10
252 429 10
252 430 10
252 435 10
252 441 10
252 447 10
252 448 10
252 449 10
252 450 10
252 454 10
252 457 10
252 462 10
252 463 10
252 464 10
252 466 10
252 470 10
252 471 10
252 473 10
252 477 10
252 488 10
252 491 10
252 493 10
252 494 10
252 502 10
252 511 10
252 521 10
252 523 10
252 527 10
252 529 10
252 534 10
252 536 10
252 537 10
252 550 10
252 552 10
252 554 10
252 555 10
252 556 10
252 557 10
252 559 10
252 560 10
252 562 10
252 585 10
252 597 10
252 601 10
252 608 10
253 324 10
253 329 10
253 337 10
253 339 10
253 341 10
253 342 10
253 343 10
253 346 10
253 349 10
253 352 10
253 355 10
253 358 10
253 360 10
253 361 10
253 362 10
253 364 10
253 367 10
253 368 10
253 369 10
253 370 10
253 375 10
253 378 10
253 379 10
253 382 10
253 384 10
253 390 10
253 391 10
253 392 10
253 397 10
253 399 10
253 405 10
253 406 10
253 410 10
253 415 10
253 416 10
253 423 10
253 427 10
253 428 10
253 430 10
253 431 10
253 432 10
253 434 10
253 438 10
253 442 10
253 449 10
253 453 10
253 454 10
253 455 10
253 457 10
253 459 10
253 461 10
253 464 10
253 465 10
253 468 10
253 471 10
253 473 10
253 487 10
253 488 10
253 497 10
253 511 10
253 515 10
253 517 10
253 521 10
253 523 10
253 525 10
253 527 10
253 529 10
253 531 10
253 532 10
253 534 10
253 535 10
253 542 10
253 543 10
253 547 10
253 548 10
253 550 10
253 552 10
253 554 10
253 555 10
253 556 10
253 565 10
253 572 10
253 580 10
253 591 10
253 595 10
253 597 10
253 598 10
253 599 10
253 601 10
253 610 10
254 336 10
254 339 10
254 340 10
254 342 10
254 343 10
254 344 10
254 345 10
254 346 10
254 354 10
254 358 10
254 363 10
254 365 10
254 367 10
254 369 10
254 371 10
254 380 10
254 388 10
254 389 10
254 390 10
254 392 10
254 394 10
254 395 10
254 397 10
254 399 10
254 401 10
254 402 10
254 403 10
254 404 10
254 405 10
254 407 10
254 408 10
254 412 10
254 415 10
254 416 10
254 424 10
254 425 10
254 426 10
254 428 10
254 443 10
254 444 10
254 445 10
254 448 10
254 449 10
254 451 10
254 452 10
254 454 10
254 457 10
254 461 10
254 462 10
254 463 10
254 464 10
254 465 10
254 466 10
254 471 10
254 474 10
254 475 10
254 486 10
254 499 10
254 500 10
254 517 10
254 525 10
254 533 10
254 534 10
254 539 10
254 543 10
254 552 10
254 554 10
254 555 10
254 556 10
254 557 10
254 562 10
254 563 10
254 564 10
254 579 10
254 580 10
254 581 10
254 582 10
254 584 10
254 599 10
254 600 10
254 601 10
255 330 10
255 332 10
255 333 10
255 340 10
255 341 10
255 342 10
255 355 10
255 356 10
255 365 10
255 366 10
255 368 10
255 381 10
255 385 10
255 390 10
255 391 10
255 396 10
255 398 10
255 402 10
255 403 10
255 404 10
255 405 10
255 406 10
255 415 10
255 418 10
255 422 10
255 423 10
255 436 10
255 438 10
255 439 10
255 445 10
255 449 10
255 451 10
255 454 10
255 455 10
255 461 10
255 471 10
255 473 10
255 483 10
255 484 10
255 485 10
255 488 10
255 490 10
255 497 10
255 511 10
255 523 10
255 526 10
255 527 10
255 528 10
255 530 10
255 531 10
255 532 10
255 534 10
255 536 10
255 537 10
255 539 10
255 540 10
255 547 10
255 552 10
255 553 10
255 554 10
255 556 10
255 558 10
255 563 10
255 564 10
255 577 10
255 578 10
255 579 10
255 582 10
255 583 10
255 596 10
255 598 10
255 599 10
255 604 10
255 606 10
255 610 10
255 611 10
256 334 10
256 338 10
256 339 10
256 342 10
256 343 10
256 345 10
256 346 10
256 352 10
256 353 10
256 354 10
256 356 10
256 359 10
256 364 10
256 385 10
256 388 10
256 390 10
256 392 10
256 393 10
256 394 10
256 396 10
256 398 10
256 400 10
256 402 10
256 406 10
256 407 10
256 409 10
256 414 10
256 420 10
256 421 10
256 422 10
256 423 10
256 424 10
256 425 10
256 426 10
256 427 10
256 429 10
256 431 10
256 432 10
256 434 10
256 436 10
256 442 10
256 446 10
256 448 10
256 449 10
256 453 10
256 456 10
256 457 10
256 459 10
256 464 10
256 468 10
256 487 10
256 495 10
256 520 10
256 522 10
256 524 10
256 525 10
256 529 10
256 530 10
256 531 10
256 532 10
256 533 10
256 537 10
256 538 10
256 545 10
256 554 10
256 555 10
256 556 10
256 561 10
256 563 10
256 565 10
256 566 10
256 571 10
256 597 10
256 610 10
256 611 10
257 318 10
257 321 10
257 324 10
257 332 10
257 333 10
257 340 10
257 341 10
257 343 10
257 344 10
257 357 10
257 363 10
257 365 10
257 366 10
257 367 10
257 387 10
257 388 10
257 389 10
257 390 10
257 391 10
257 400 10
257 402 10
257 404 10
257 406 10
257 408 10
257 410 10
257 411 10
257 413 10
257 422 10
257 429 10
257 430 10
257 441 10
257 445 10
257 449 10
257 451 10
257 452 10
257 456 10
257 457 10
257 458 10
257 459 10
257 461 10
257 462 10
257 464 10
257 466 10
257 480 10
257 497 10
257 498 10
257 510 10
257 522 10
257 524 10
257 525 10
257 527 10
257 529 10
257 530 10
257 532 10
257 535 10
257 537 10
257 547 10
257 551 10
257 552 10
257 553 10
257 554 10
257 557 10
257 558 10
257 561 10
257 562 10
257 563 10
257 567 10
257 594 10
257 598 10
257 600 10
257 601 10
257 604 10
258 317 10
258 321 10
258 324 10
258 339 10
258 347 10
258 355 10
258 357 10
258 358 10
258 359 10
258 364 10
258 366 10
258 367 10
258 370 10
258 371 10
258 377 10
258 378 10
258 379 10
258 387 10
258 388 10
258 391 10
258 392 10
258 393 10
258 394 10
258 395 10
258 400 10
258 401 10
258 403 10
258 409 10
258 410 10
258 411 10
258 415 10
258 421 10
258 422 10
258 423 10
258 424 10
258 427 10
258 434 10
258 443 10
258 447 10
258 450 10
258 454 10
258 455 10
258 456 10
258 463 10
258 464 10
258 467 10
258 468 10
258 481 10
258 486 10
258 512 10
258 513 10
258 519 10
258 521 10
258 522 10
258 523 10
258 524 10
258 527 10
258 528 10
258 530 10
258 531 10
258 533 10
258 535 10
258 539 10
258 544 10
258 550 10
258 552 10
258 554 10
258 556 10
258 557 10
258 568 10
258 583 10
258 603 10
258 609 10
258 611 10
258 612 10
258 613 10
259 319 10
259 323 10
259 343 10
259 344 10
259 347 10
259 359 10
259 365 10
259 366 10
259 367 10
259 368 10
259 370 10
259 373 10
259 376 10
259 386 10
259 387 10
259 388 10
259 390 10
259 391 10
259 392 10
259 393 10
259 397 10
259 398 10
259 399 10
259 401 10
259 402 10
259 404 10
259 405 10
259 406 10
259 407 10
259 411 10
259 413 10
259 415 10
259 416 10
259 421 10
259 422 10
259 423 10
259 424 10
259 425 10
259 427 10
259 429 10
259 431 10
259 434 10
259 441 10
259 442 10
259 445 10
259 451 10
259 454 10
259 456 10
259 457 10
259 458 10
259 459 10
259 460 10
259 462 10
259 464 10
259 471 10
259 481 10
259 486 10
259 510 10
259 519 10
259 520 10
259 521 10
259 522 10
259 523 10
259 525 10
259 526 10
259 527 10
259 528 10
259 544 10
259 548 10
259 553 10
259 554 10
259 556 10
259 558 10
259 561 10
259 566 10
259 607 10
259 611 10
259 612 10
259 614 10
260 301 10
260 317 10
260 318 10
260 320 10
260 343 10
260 345 10
260 352 10
260 359 10
260 363 10
260 365 10
260 366 10
260 369 10
260 376 10
260 388 10
260 392 10
260 393 10
260 394 10
260 396 10
260 399 10
260 402 10
260 406 10
260 409 10
260 414 10
260 419 10
260 421 10
260 422 10
260 424 10
260 431 10
260 442 10
260 454 10
260 458 10
260 459 10
260 460 10
260 462 10
260 480 10
260 481 10
260 483 10
260 485 10
260 497 10
260 504 10
260 506 10
260 508 10
260 512 10
260 520 10
260 521 10
260 522 10
260 523 10
260 524 10
260 525 10
260 526 10
260 532 10
260 533 10
260 536 10
260 538 10
260 539 10
260 540 10
260 542 10
260 543 10
260 550 10
260 552 10
260 555 10
260 557 10
260 559 10
260 561 10
260 562 10
260 566 10
260 567 10
260 572 10
260 577 10
260 596 10
260 599 10
260 604 10
260 609 10
260 611 10
260 612 10
261 289 10
261 290 10
261 303 10
261 305 10
261 306 10
261 319 10
261 320 10
261 339 10
261 345 10
261 350 10
261 351 10
261 359 10
261 361 10
261 363 10
261 364 10
261 368 10
261 371 10
261 376 10
261 379 10
261 381 10
261 385 10
261 387 10
261 388 10
261 390 10
261 391 10
261 394 10
261 395 10
261 396 10
261 398 10
261 400 10
261 402 10
261 403 10
261 407 10
261 408 10
261 420 10
261 421 10
261 422 10
261 423 10
261 424 10
261 429 10
261 430 10
261 431 10
261 433 10
261 442 10
261 443 10
261 445 10
261 446 10
261 448 10
261 450 10
261 455 10
261 457 10
261 459 10
261 461 10
261 462 10
261 464 10
261 483 10
261 494 10
261 496 10
261 504 10
261 510 10
261 512 10
261 516 10
261 517 10
261 518 10
261 519 10
261 521 10
261 522 10
261 523 10
261 524 10
261 525 10
261 526 10
261 527 10
261 528 10
261 529 10
261 534 10
261 535 10
261 536 10
261 540 10
261 541 10
261 544 10
261 546 10
261 550 10
261 551 10
261 552 10
261 556 10
261 557 10
261 561 10
261 562 10
261 563 10
261 596 10
261 603 10
261 604 10
261 609 10
262 288 10
262 290 10
262 306 10
262 307 10
262 318 10
262 319 10
262 321 10
262 326 10
262 327 10
262 330 10
262 339 10
262 343 10
262 349 10
262 352 10
262 364 10
262 366 10
262 368 10
262 370 10
262 372 10
262 373 10
262 377 10
262 385 10
262 387 10
262 388 10
262 391 10
262 392 10
262 395 10
262 396 10
262 398 10
262 399 10
262 400 10
262 401 10
262 402 10
262 403 10
262 404 10
262 405 10
262 406 10
262 408 10
262 409 10
262 410 10
262 411 10
262 413 10
262 414 10
262 415 10
262 418 10
262 421 10
262 425 10
262 426 10
262 427 10
262 428 10
262 431 10
262 442 10
262 448 10
262 449 10
262 452 10
262 458 10
262 460 10
262 464 10
262 480 10
262 481 10
262 482 10
262 483 10
262 497 10
262 498 10
262 502 10
262 505 10
262 518 10
262 520 10
262 521 10
262 522 10
262 523 10
262 524 10
262 525 10
262 526 10
262 527 10
262 531 10
262 534 10
262 538 10
262 539 10
262 542 10
262 543 10
262 545 10
262 546 10
262 547 10
262 549 10
262 550 10
262 551 10
262 554 10
262 555 10
262 557 10
262 562 10
262 574 10
262 575 10
262 600 10
262 601 10
262 602 10
262 605 10
262 607 10
262 609 10
262 613 10
263 288 10
263 301 10
263 309 10
263 311 10
263 321 10
263 334 10
263 342 10
263 346 10
263 351 10
263 355 10
263 357 10
263 359 10
263 361 10
263 364 10
263 365 10
263 367 10
263 369 10
263 370 10
263 372 10
263 389 10
263 390 10
263 391 10
263 393 10
263 396 10
263 398 10
263 399 10
263 402 10
263 404 10
263 406 10
263 412 10
263 413 10
263 416 10
263 418 10
263 420 10
263 421 10
263 422 10
263 424 10
263 428 10
263 431 10
263 433 10
263 442 10
263 448 10
263 449 10
263 450 10
263 460 10
263 461 10
263 463 10
263 495 10
263 496 10
263 507 10
263 512 10
263 517 10
263 521 10
263 522 10
263 524 10
263 525 10
263 526 10
263 527 10
263 528 10
263 530 10
263 540 10
263 544 10
263 548 10
263 549 10
263 551 10
263 554 10
263 555 10
263 561 10
263 562 10
263 563 10
263 573 10
263 575 10
263 596 10
263 597 10
263 603 10
263 611 10
263 612 10
264 291 10
264 305 10
264 306 10
264 312 10
264 313 10
264 326 10
264 327 10
264 330 10
264 334 10
264 342 10
264 344 10
264 348 10
264 357 10
264 360 10
264 361 10
264 366 10
264 367 10
264 373 10
264 386 10
264 388 10
264 389 10
264 391 10
264 392 10
264 396 10
264 400 10
264 401 10
264 402 10
264 403 10
264 405 10
264 406 10
264 409 10
264 410 10
264 412 10
264 413 10
264 414 10
264 416 10
264 423 10
264 424 10
264 427 10
264 429 10
264 430 10
264 448 10
264 450 10
264 452 10
264 458 10
264 478 10
264 480 10
264 490 10
264 508 10
264 509 10
264 516 10
264 520 10
264 521 10
264 522 10
264 524 10
264 526 10
264 527 10
264 528 10
264 532 10
264 542 10
264 544 10
264 547 10
264 550 10
264 552 10
264 554 10
264 556 10
264 557 10
264 560 10
264 561 10
264 568 10
264 578 10
264 580 10
264 602 10
264 603 10
264 604 10
264 606 10
265 294 10
265 295 10
265 299 10
265 305 10
265 308 10
265 310 10
265 324 10
265 327 10
265 328 10
265 329 10
265 334 10
265 335 10
265 336 10
265 343 10
265 347 10
265 348 10
265 351 10
265 358 10
265 359 10
265 360 10
265 363 10
265 365 10
265 366 10
265 367 10
265 368 10
265 372 10
265 375 10
265 381 10
265 386 10
265 389 10
265 390 10
265 391 10
265 392 10
265 393 10
265 395 10
265 399 10
265 403 10
265 404 10
265 405 10
265 406 10
265 407 10
265 408 10
265 409 10
265 410 10
265 416 10
265 417 10
265 420 10
265 421 10
265 423 10
265 428 10
265 429 10
265 431 10
265 435 10
265 448 10
265 456 10
265 458 10
265 459 10
265 460 10
265 462 10
265 464 10
265 478 10
265 489 10
265 496 10
265 500 10
265 501 10
265 508 10
265 519 10
265 520 10
265 521 10
265 522 10
265 523 10
265 524 10
265 525 10
265 527 10
265 529 10
265 538 10
265 545 10
265 554 10
265 555 10
265 558 10
265 562 10
265 564 10
265 566 10
265 569 10
265 572 10
265 573 10
265 580 10
265 585 10
265 606 10
266 290 10
266 293 10
266 295 10
266 297 10
266 302 10
266 305 10
266 308 10
266 309 10
266 310 10
266 329 10
266 333 10
266 341 10
266 344 10
266 345 10
266 349 10
266 360 10
266 361 10
266 362 10
266 363 10
266 364 10
266 365 10
266 367 10
266 368 10
266 369 10
266 370 10
266 373 10
266 374 10
266 376 10
266 380 10
266 381 10
266 382 10
266 383 10
266 384 10
266 387 10
266 388 10
266 389 10
266 390 10
266 392 10
266 397 10
266 402 10
266 403 10
266 404 10
266 405 10
266 407 10
266 408 10
266 410 10
266 413 10
266 414 10
266 415 10
266 416 10
266 418 10
266 419 10
266 423 10
266 424 10
266 425 10
266 426 10
266 428 10
266 431 10
266 433 10
266 459 10
266 489 10
266 496 10
266 498 10
266 499 10
266 501 10
266 503 10
266 516 10
266 519 10
266 520 10
266 521 10
266 522 10
266 523 10
266 524 10
266 525 10
266 526 10
266 527 10
266 528 10
266 529 10
266 537 10
266 541 10
266 542 10
266 543 10
266 553 10
266 555 10
266 560 10
266 566 10
266 568 10
266 569 10
266 570 10
266 576 10
266 580 10
266 588 10
266 589 10
266 591 10
266 592 10
266 602 10
266 603 10
266 609 10
267 295 10
267 298 10
267 300 10
267 301 10
267 304 10
267 305 10
267 306 10
267 309 10
267 320 10
267 329 10
267 333 10
267 339 10
267 347 10
267 350 10
267 354 10
267 360 10
267 365 10
267 367 10
267 370 10
267 371 10
267 375 10
267 379 10
267 380 10
267 381 10
267 388 10
267 389 10
267 390 10
267 392 10
267 394 10
267 395 10
267 397 10
267 402 10
267 403 10
267 404 10
267 405 10
267 406 10
267 410 10
267 411 10
267 412 10
267 414 10
267 415 10
267 416 10
267 417 10
267 418 10
267 420 10
267 421 10
267 422 10
267 423 10
267 424 10
267 425 10
267 426 10
267 428 10
267 429 10
267 432 10
267 434 10
267 436 10
267 437 10
267 440 10
267 452 10
267 458 10
267 459 10
267 468 10
267 469 10
267 494 10
267 496 10
267 498 10
267 503 10
267 516 10
267 518 10
267 520 10
267 521 10
267 522 10
267 523 10
267 524 10
267 525 10
267 526 10
267 527 10
267 535 10
267 544 10
267 545 10
267 552 10
267 554 10
267 557 10
267 558 10
267 563 10
267 566 10
267 567 10
267 568 10
267 570 10
267 585 10
267 590 10
267 597 10
267 598 10
267 599 10
267 605 10
267 613 10
268 292 10
268 295 10
268 296 10
268 300 10
268 302 10
268 304 10
268 305 10
268 308 10
268 315 10
268 317 10
268 327 10
268 330 10
268 341 10
268 347 10
268 349 10
268 351 10
268 353 10
268 355 10
268 356 10
268 361 10
268 362 10
268 363 10
268 367 10
268 368 10
268 379 10
268 381 10
268 383 10
268 385 10
268 386 10
268 387 10
268 388 10
268 390 10
268 394 10
268 395 10
268 397 10
268 398 10
268 400 10
268 402 10
268 403 10
268 404 10
268 408 10
268 409 10
268 411 10
268 412 10
268 414 10
268 415 10
268 419 10
268 420 10
268 422 10
268 430 10
268 431 10
268 435 10
268 436 10
268 440 10
268 443 10
268 444 10
268 451 10
268 456 10
268 457 10
268 461 10
268 466 10
268 477 10
268 480 10
268 493 10
268 496 10
268 497 10
268 498 10
268 499 10
268 500 10
268 502 10
268 503 10
268 515 10
268 516 10
268 517 10
268 518 10
268 519 10
268 521 10
268 522 10
268 523 10
268 524 10
268 525 10
268 526 10
268 527 10
268 529 10
268 543 10
268 545 10
268 550 10
268 551 10
268 554 10
268 556 10
268 560 10
268 565 10
268 567 10
268 570 10
268 572 10
268 577 10
268 578 10
268 579 10
268 582 10
268 585 10
268 588 10
268 589 10
269 301 10
269 302 10
269 303 10
269 306 10
269 331 10
269 334 10
269 335 10
269 344 10
269 348 10
269 351 10
269 355 10
269 360 10
269 364 10
269 368 10
269 370 10
269 371 10
269 375 10
269 376 10
269 387 10
269 389 10
269 390 10
269 392 10
269 395 10
269 396 10
269 398 10
269 401 10
269 407 10
269 416 10
269 418 10
269 419 10
269 425 10
269 427 10
269 428 10
269 429 10
269 431 10
269 432 10
269 435 10
269 439 10
269 453 10
269 459 10
269 460 10
269 461 10
269 463 10
269 466 10
269 469 10
269 475 10
269 477 10
269 478 10
269 493 10
269 495 10
269 497 10
269 499 10
269 500 10
269 501 10
269 517 10
269 518 10
269 519 10
269 521 10
269 522 10
269 523 10
269 525 10
269 526 10
269 529 10
269 533 10
269 536 10
269 538 10
269 539 10
269 540 10
269 541 10
269 550 10
269 552 10
269 553 10
269 563 10
269 567 10
269 569 10
269 572 10
269 575 10
269 579 10
269 581 10
269 582 10
269 585 10
269 588 10
269 603 10
269 605 10
269 610 10
269 613 10
270 291 10
270 292 10
270 293 10
270 297 10
270 298 10
270 300 10
270 305 10
270 308 10
270 329 10
270 330 10
270 341 10
270 342 10
270 346 10
270 348 10
270 351 10
270 353 10
270 354 10
270 357 10
270 364 10
270 365 10
270 366 10
270 368 10
270 378 10
270 388 10
270 391 10
270 395 10
270 397 10
270 402 10
270 404 10
270 406 10
270 410 10
270 411 10
270 415 10
270 420 10
270 422 10
270 423 10
270 427 10
270 434 10
270 435 10
270 442 10
270 443 10
270 462 10
270 463 10
270 475 10
270 476 10
270 479 10
270 480 10
270 498 10
270 503 10
270 504 10
270 516 10
270 517 10
270 518 10
270 520 10
270 521 10
270 522 10
270 523 10
270 524 10
270 528 10
270 536 10
270 539 10
270 542 10
270 544 10
270 545 10
270 546 10
270 549 10
270 550 10
270 552 10
270 557 10
270 569 10
270 575 10
270 578 10
270 582 10
270 584 10
270 586 10
270 587 10
271 300 10
271 301 10
271 306 10
271 308 10
271 312 10
271 318 10
271 327 10
271 331 10
271 333 10
271 340 10
271 342 10
271 345 10
271 346 10
271 348 10
271 349 10
271 350 10
271 351 10
271 352 10
271 354 10
271 356 10
271 357 10
271 358 10
271 368 10
271 372 10
271 373 10
271 374 10
271 375 10
271 390 10
271 394 10
271 395 10
271 397 10
271 398 10
271 399 10
271 400 10
271 401 10
271 408 10
271 409 10
271 410 10
271 411 10
271 412 10
271 413 10
271 417 10
271 418 10
271 421 10
271 425 10
271 427 10
271 428 10
271 429 10
271 430 10
271 433 10
271 437 10
271 452 10
271 461 10
271 464 10
271 465 10
271 468 10
271 477 10
271 479 10
271 493 10
271 497 10
271 499 10
271 500 10
271 502 10
271 512 10
271 517 10
271 519 10
271 520 10
271 521 10
271 522 10
271 523 10
271 524 10
271 525 10
271 526 10
271 530 10
271 532 10
271 542 10
271 543 10
271 545 10
271 547 10
271 551 10
271 566 10
271 570 10
271 575 10
271 578 10
271 579 10
271 580 10
271 581 10
271 583 10
271 585 10
271 589 10
271 590 10
271 616 10
272 300 10
272 301 10
272 302 10
272 307 10
272 323 10
272 325 10
272 331 10
272 333 10
272 335 10
272 336 10
272 342 10
272 344 10
272 345 10
272 347 10
272 348 10
272 351 10
272 353 10
272 354 10
272 355 10
272 357 10
272 359 10
272 360 10
272 364 10
272 366 10
272 368 10
272 370 10
272 371 10
272 374 10
272 377 10
272 379 10
272 381 10
272 392 10
272 393 10
272 404 10
272 406 10
272 407 10
272 409 10
272 410 10
272 413 10
272 419 10
272 424 10
272 425 10
272 427 10
272 428 10
272 431 10
272 437 10
272 450 10
272 461 10
272 468 10
272 476 10
272 481 10
272 495 10
272 496 10
272 497 10
272 512 10
272 517 10
272 519 10
272 521 10
272 522 10
272 523 10
272 524 10
272 528 10
272 530 10
272 531 10
272 532 10
272 534 10
272 536 10
272 537 10
272 538 10
272 541 10
272 543 10
272 544 10
272 545 10
272 546 10
272 547 10
272 569 10
272 570 10
272 572 10
272 573 10
272 578 10
272 579 10
272 581 10
272 582 10
272 585 10
272 588 10
272 589 10
272 594 10
272 601 10
273 309 10
273 310 10
273 323 10
273 341 10
273 342 10
273 344 10
273 345 10
273 347 10
273 348 10
273 349 10
273 352 10
273 354 10
273 355 10
273 357 10
273 358 10
273 360 10
273 363 10
273 368 10
273 370 10
273 377 10
273 379 10
273 380 10
273 385 10
273 386 10
273 393 10
273 394 10
273 395 10
273 396 10
273 397 10
273 399 10
273 406 10
273 410 10
273 411 10
273 412 10
273 413 10
273 414 10
273 416 10
273 419 10
273 421 10
273 422 10
273 424 10
273 425 10
273 426 10
273 437 10
273 452 10
273 453 10
273 457 10
273 459 10
273 465 10
273 494 10
273 497 10
273 518 10
273 519 10
273 520 10
273 521 10
273 522 10
273 525 10
273 526 10
273 529 10
273 530 10
273 531 10
273 532 10
273 534 10
273 535 10
273 537 10
273 538 10
273 539 10
273 540 10
273 541 10
273 543 10
273 545 10
273 546 10
273 549 10
273 551 10
273 566 10
273 571 10
273 576 10
273 581 10
273 584 10
273 586 10
273 588 10
273 589 10
273 592 10
273 602 10
273 605 10
274 295 10
274 297 10
274 299 10
274 301 10
274 302 10
274 303 10
274 304 10
274 306 10
274 307 10
274 308 10
274 309 10
274 336 10
274 339 10
274 340 10
274 341 10
274 343 10
274 345 10
274 346 10
274 348 10
274 349 10
274 350 10
274 351 10
274 352 10
274 355 10
274 356 10
274 358 10
274 365 10
274 366 10
274 369 10
274 370 10
274 375 10
274 377 10
274 378 10
274 380 10
274 381 10
274 397 10
274 405 10
274 407 10
274 408 10
274 410 10
274 411 10
274 427 10
274 428 10
274 429 10
274 430 10
274 432 10
274 436 10
274 438 10
274 454 10
274 459 10
274 460 10
274 461 10
274 463 10
274 464 10
274 465 10
274 466 10
274 467 10
274 468 10
274 469 10
274 470 10
274 472 10
274 479 10
274 491 10
274 493 10
274 494 10
274 496 10
274 497 10
274 517 10
274 518 10
274 519 10
274 520 10
274 522 10
274 523 10
274 524 10
274 526 10
274 529 10
274 530 10
274 531 10
274 532 10
274 534 10
274 536 10
274 537 10
274 539 10
274 544 10
274 545 10
274 546 10
274 547 10
274 549 10
274 552 10
274 553 10
274 555 10
274 564 10
274 565 10
274 567 10
274 569 10
274 572 10
274 573 10
274 576 10
274 578 10
274 587 10
274 588 10
274 589 10
274 591 10
274 592 10
274 603 10
275 295 10
275 296 10
275 298 10
275 300 10
275 301 10
275 302 10
275 304 10
275 306 10
275 310 10
275 322 10
275 324 10
275 337 10
275 338 10
275 341 10
275 344 10
275 345 10
275 347 10
275 350 10
275 352 10
275 354 10
275 358 10
275 359 10
275 367 10
275 381 10
275 384 10
275 392 10
275 393 10
275 394 10
275 395 10
275 396 10
275 409 10
275 410 10
275 411 10
275 413 10
275 417 10
275 419 10
275 421 10
275 425 10
275 426 10
275 429 10
275 433 10
275 436 10
275 438 10
275 439 10
275 440 10
275 452 10
275 454 10
275 462 10
275 463 10
275 464 10
275 466 10
275 467 10
275 473 10
275 474 10
275 475 10
275 476 10
275 490 10
275 492 10
275 494 10
275 497 10
275 506 10
275 516 10
275 521 10
275 522 10
275 523 10
275 524 10
275 525 10
275 528 10
275 529 10
275 533 10
275 534 10
275 535 10
275 536 10
275 537 10
275 538 10
275 546 10
275 554 10
275 557 10
275 575 10
275 582 10
275 583 10
275 585 10
275 586 10
276 296 10
276 298 10
276 299 10
276 304 10
276 305 10
276 306 10
276 307 10
276 311 10
276 315 10
276 323 10
276 335 10
276 337 10
276 340 10
276 343 10
276 344 10
276 348 10
276 350 10
276 351 10
276 352 10
276 354 10
276 360 10
276 362 10
276 363 10
276 365 10
276 369 10
276 370 10
276 371 10
276 372 10
276 376 10
276 377 10
276 378 10
276 380 10
276 384 10
276 386 10
276 387 10
276 389 10
276 393 10
276 396 10
276 411 10
276 412 10
276 416 10
276 418 10
276 419 10
276 421 10
276 427 10
276 428 10
276 429 10
276 430 10
276 434 10
276 436 10
276 437 10
276 439 10
276 444 10
276 449 10
276 454 10
276 455 10
276 461 10
276 462 10
276 465 10
276 466 10
276 469 10
276 472 10
276 477 10
276 478 10
276 479 10
276 493 10
276 495 10
276 496 10
276 498 10
276 512 10
276 513 10
276 519 10
276 521 10
276 522 10
276 523 10
276 524 10
276 525 10
276 526 10
276 530 10
276 537 10
276 540 10
276 542 10
276 547 10
276 551 10
276 555 10
276 557 10
276 565 10
276 566 10
276 567 10
276 570 10
276 576 10
276 580 10
276 583 10
276 584 10
276 585 10
276 589 10
276 591 10
277 294 10
277 295 10
277 297 10
277 298 10
277 299 10
277 301 10
277 302 10
277 304 10
277 305 10
277 306 10
277 309 10
277 310 10
277 312 10
277 320 10
277 338 10
277 339 10
277 340 10
277 342 10
277 344 10
277 346 10
277 348 10
277 349 10
277 350 10
277 351 10
277 352 10
277 355 10
277 357 10
277 359 10
277 362 10
277 365 10
277 366 10
277 371 10
277 372 10
277 373 10
277 374 10
277 375 10
277 377 10
277 378 10
277 379 10
277 380 10
277 381 10
277 382 10
277 385 10
277 386 10
277 392 10
277 393 10
277 395 10
277 396 10
277 409 10
277 410 10
277 412 10
277 413 10
277 414 10
277 415 10
277 420 10
277 422 10
277 426 10
277 427 10
277 432 10
277 434 10
277 435 10
277 437 10
277 438 10
277 440 10
277 441 10
277 442 10
277 447 10
277 449 10
277 451 10
277 456 10
277 465 10
277 467 10
277 470 10
277 472 10
277 473 10
277 474 10
277 475 10
277 488 10
277 491 10
277 492 10
277 493 10
277 494 10
277 496 10
277 516 10
277 519 10
277 520 10
277 521 10
277 523 10
277 524 10
277 525 10
277 526 10
277 529 10
277 531 10
277 532 10
277 533 10
277 534 10
277 541 10
277 546 10
277 549 10
277 553 10
277 554 10
277 563 10
277 564 10
277 565 10
277 572 10
277 574 10
277 575 10
277 577 10
277 580 10
277 582 10
277 584 10
277 585 10
277 586 10
277 587 10
277 588 10
277 589 10
277 590 10
277 591 10
277 595 10
278 297 10
278 300 10
278 305 10
278 307 10
278 310 10
278 312 10
278 314 10
278 316 10
278 317 10
278 320 10
278 322 10
278 340 10
278 342 10
278 343 10
278 344 10
278 346 10
278 350 10
278 351 10
278 353 10
278 354 10
278 355 10
278 357 10
278 361 10
278 362 10
278 368 10
278 371 10
278 372 10
278 373 10
278 375 10
278 376 10
278 377 10
278 379 10
278 380 10
278 384 10
278 388 10
278 391 10
278 397 10
278 411 10
278 416 10
278 418 10
278 420 10
278 422 10
278 428 10
278 430 10
278 432 10
278 435 10
278 436 10
278 437 10
278 438 10
278 442 10
278 445 10
278 446 10
278 447 10
278 448 10
278 449 10
278 450 10
278 453 10
278 454 10
278 455 10
278 456 10
278 458 10
278 463 10
278 464 10
278 465 10
278 467 10
278 468 10
278 470 10
278 471 10
278 473 10
278 477 10
278 486 10
278 488 10
278 490 10
278 493 10
278 495 10
278 496 10
278 497 10
278 498 10
278 521 10
278 522 10
278 524 10
278 525 10
278 528 10
278 531 10
278 532 10
278 533 10
278 534 10
278 538 10
278 541 10
278 547 10
278 549 10
278 552 10
278 558 10
278 560 10
278 562 10
278 563 10
278 564 10
278 573 10
278 574 10
278 577 10
278 578 10
278 579 10
278 582 10
278 586 10
278 589 10
278 590 10
278 593 10
278 613 10
278 615 10
278 616 10
278 617 10
278 618 10
279 292 10
279 297 10
279 300 10
279 304 10
279 306 10
279 308 10
279 309 10
279 310 10
279 312 10
279 325 10
279 342 10
279 344 10
279 345 10
279 346 10
279 347 10
279 349 10
279 350 10
279 351 10
279 352 10
279 353 10
279 355 10
279 364 10
279 367 10
279 368 10
279 370 10
279 371 10
279 375 10
279 376 10
279 378 10
279 380 10
279 381 10
279 388 10
279 393 10
279 398 10
279 400 10
279 407 10
279 413 10
279 415 10
279 418 10
279 422 10
279 423 10
279 425 10
279 427 10
279 433 10
279 434 10
279 436 10
279 437 10
279 439 10
279 440 10
279 441 10
279 449 10
279 453 10
279 458 10
279 463 10
279 469 10
279 470 10
279 472 10
279 474 10
279 481 10
279 486 10
279 488 10
279 489 10
279 490 10
279 493 10
279 495 10
279 498 10
279 519 10
279 520 10
279 522 10
279 523 10
279 528 10
279 529 10
279 530 10
279 531 10
279 532 10
279 533 10
279 534 10
279 536 10
279 538 10
279 540 10
279 550 10
279 551 10
279 556 10
279 560 10
279 561 10
279 563 10
279 565 10
279 568 10
279 570 10
279 571 10
279 575 10
279 576 10
279 577 10
279 581 10
279 584 10
279 586 10
279 587 10
279 588 10
279 609 10
279 614 10
279 616 10
280 290 10
280 299 10
280 301 10
280 303 10
280 304 10
280 306 10
280 309 10
280 310 10
280 321 10
280 339 10
280 341 10
280 342 10
280 344 10
280 345 10
280 350 10
280 351 10
280 355 10
280 357 10
280 367 10
280 369 10
280 370 10
280 372 10
280 373 10
280 374 10
280 376 10
280 377 10
280 378 10
280 379 10
280 381 10
280 397 10
280 398 10
280 400 10
280 401 10
280 409 10
280 410 10
280 413 10
280 414 10
280 432 10
280 436 10
280 437 10
280 438 10
280 439 10
280 442 10
280 445 10
280 447 10
280 450 10
280 454 10
280 457 10
280 460 10
280 461 10
280 464 10
280 465 10
280 466 10
280 469 10
280 475 10
280 480 10
280 481 10
280 482 10
280 485 10
280 486 10
280 487 10
280 488 10
280 491 10
280 492 10
280 495 10
280 510 10
280 520 10
280 521 10
280 522 10
280 525 10
280 526 10
280 528 10
280 530 10
280 531 10
280 532 10
280 533 10
280 534 10
280 535 10
280 543 10
280 556 10
280 558 10
280 562 10
280 563 10
280 564 10
280 566 10
280 567 10
280 569 10
280 570 10
280 573 10
280 574 10
280 576 10
280 577 10
280 578 10
280 580 10
280 584 10
280 585 10
280 587 10
280 588 10
280 589 10
280 590 10
280 592 10
280 593 10
280 607 10
280 610 10
280 616 10
280 617 10
281 290 10
281 298 10
281 300 10
281 304 10
281 307 10
281 350 10
281 351 10
281 354 10
281 355 10
281 368 10
281 370 10
281 372 10
281 374 10
281 376 10
281 377 10
281 381 10
281 386 10
281 393 10
281 396 10
281 398 10
281 399 10
281 401 10
281 403 10
281 404 10
281 405 10
281 413 10
281 414 10
281 415 10
281 421 10
281 429 10
281 431 10
281 433 10
281 434 10
281 435 10
281 436 10
281 438 10
281 439 10
281 441 10
281 442 10
281 445 10
281 448 10
281 450 10
281 452 10
281 455 10
281 460 10
281 461 10
281 462 10
281 463 10
281 464 10
281 466 10
281 468 10
281 469 10
281 470 10
281 471 10
281 473 10
281 485 10
281 489 10
281 490 10
281 494 10
281 507 10
281 522 10
281 523 10
281 524 10
281 527 10
281 528 10
281 529 10
281 531 10
281 532 10
281 533 10
281 534 10
281 536 10
281 543 10
281 544 10
281 547 10
281 556 10
281 557 10
281 558 10
281 562 10
281 564 10
281 568 10
281 570 10
281 571 10
281 573 10
281 580 10
281 581 10
281 582 10
281 584 10
281 586 10
281 588 10
281 589 10
281 590 10
281 591 10
281 592 10
281 594 10
281 606 10
281 607 10
281 608 10
281 609 10
281 615 10
281 617 10
282 292 10
282 298 10
282 300 10
282 302 10
282 303 10
282 304 10
282 307 10
282 316 10
282 320 10
282 339 10
282 346 10
282 351 10
282 353 10
282 355 10
282 359 10
282 366 10
282 370 10
282 371 10
282 372 10
282 373 10
282 375 10
282 376 10
282 378 10
282 381 10
282 387 10
282 396 10
282 397 10
282 399 10
282 401 10
282 402 10
282 403 10
282 404 10
282 406 10
282 407 10
282 409 10
282 410 10
282 411 10
282 414 10
282 416 10
282 417 10
282 431 10
282 434 10
282 435 10
282 436 10
282 438 10
282 439 10
282 443 10
282 444 10
282 450 10
282 453 10
282 455 10
282 457 10
282 458 10
282 461 10
282 462 10
282 463 10
282 466 10
282 470 10
282 471 10
282 477 10
282 478 10
282 481 10
282 484 10
282 486 10
282 489 10
282 490 10
282 493 10
282 504 10
282 507 10
282 508 10
282 523 10
282 526 10
282 527 10
282 528 10
282 529 10
282 531 10
282 532 10
282 533 10
282 534 10
282 535 10
282 536 10
282 537 10
282 540 10
282 543 10
282 545 10
282 551 10
282 555 10
282 556 10
282 559 10
282 560 10
282 562 10
282 563 10
282 564 10
282 566 10
282 567 10
282 569 10
282 573 10
282 578 10
282 585 10
282 588 10
282 589 10
282 591 10
282 592 10
282 594 10
282 596 10
282 607 10
282 611 10
282 613 10
282 614 10
282 615 10
282 616 10
283 291 10
283 302 10
283 304 10
283 307 10
283 308 10
283 336 10
283 348 10
283 349 10
283 351 10
283 354 10
283 359 10
283 361 10
283 362 10
283 366 10
283 371 10
283 372 10
283 375 10
283 377 10
283 384 10
283 387 10
283 395 10
283 398 10
283 399 10
283 400 10
283 402 10
283 403 10
283 404 10
283 412 10
283 416 10
283 421 10
283 434 10
283 436 10
283 438 10
283 439 10
283 441 10
283 443 10
283 452 10
283 453 10
283 455 10
283 458 10
283 460 10
283 462 10
283 463 10
283 464 10
283 467 10
283 468 10
283 469 10
283 470 10
283 472 10
283 473 10
283 474 10
283 475 10
283 485 10
283 492 10
283 494 10
283 500 10
283 502 10
283 504 10
283 505 10
283 510 10
283 511 10
283 520 10
283 526 10
283 530 10
283 531 10
283 532 10
283 534 10
283 535 10
283 538 10
283 554 10
283 556 10
283 557 10
283 558 10
283 561 10
283 563 10
283 565 10
283 567 10
283 572 10
283 573 10
283 575 10
283 576 10
283 580 10
283 581 10
283 585 10
283 587 10
283 592 10
283 594 10
283 604 10
283 606 10
283 614 10
283 615 10
283 616 10
283 617 10
284 294 10
284 297 10
284 300 10
284 303 10
284 305 10
284 316 10
284 318 10
284 319 10
284 332 10
284 334 10
284 337 10
284 346 10
284 349 10
284 358 10
284 359 10
284 360 10
284 369 10
284 371 10
284 373 10
284 375 10
284 377 10
284 378 10
284 380 10
284 386 10
284 389 10
284 390 10
284 393 10
284 395 10
284 398 10
284 399 10
284 400 10
284 403 10
284 408 10
284 409 10
284 411 10
284 412 10
284 413 10
284 414 10
284 420 10
284 421 10
284 422 10
284 423 10
284 430 10
284 432 10
284 433 10
284 436 10
284 437 10
284 438 10
284 440 10
284 442 10
284 445 10
284 447 10
284 449 10
284 454 10
284 457 10
284 458 10
284 463 10
284 465 10
284 468 10
284 469 10
284 471 10
284 472 10
284 473 10
284 474 10
284 475 10
284 481 10
284 483 10
284 484 10
284 486 10
284 488 10
284 494 10
284 499 10
284 507 10
284 508 10
284 511 10
284 516 10
284 519 10
284 521 10
284 526 10
284 527 10
284 528 10
284 531 10
284 533 10
284 534 10
284 535 10
284 539 10
284 542 10
284 544 10
284 555 10
284 558 10
284 559 10
284 560 10
284 561 10
284 563 10
284 564 10
284 565 10
284 566 10
284 567 10
284 570 10
284 571 10
284 572 10
284 574 10
284 577 10
284 580 10
284 585 10
284 587 10
284 588 10
284 589 10
284 590 10
284 591 10
284 606 10
284 607 10
284 611 10
284 613 10
284 615 10
284 616 10
284 618 10
285 292 10
285 303 10
285 304 10
285 308 10
285 309 10
285 311 10
285 336 10
285 337 10
285 338 10
285 339 10
285 344 10
285 347 10
285 349 10
285 351 10
285 353 10
285 355 10
285 357 10
285 360 10
285 361 10
285 362 10
285 363 10
285 364 10
285 366 10
285 368 10
285 371 10
285 373 10
285 375 10
285 378 10
285 384 10
285 386 10
285 390 10
285 393 10
285 397 10
285 398 10
285 399 10
285 400 10
285 401 10
285 402 10
285 404 10
285 405 10
285 410 10
285 411 10
285 414 10
285 422 10
285 425 10
285 431 10
285 432 10
285 434 10
285 435 10
285 436 10
285 440 10
285 441 10
285 442 10
285 446 10
285 448 10
285 452 10
285 454 10
285 457 10
285 459 10
285 460 10
285 462 10
285 463 10
285 464 10
285 466 10
285 471 10
285 475 10
285 477 10
285 483 10
285 490 10
285 492 10
285 495 10
285 498 10
285 499 10
285 504 10
285 506 10
285 508 10
285 518 10
285 519 10
285 520 10
285 522 10
285 524 10
285 525 10
285 527 10
285 529 10
285 531 10
285 532 10
285 533 10
285 534 10
285 535 10
285 536 10
285 537 10
285 539 10
285 540 10
285 559 10
285 560 10
285 561 10
285 563 10
285 565 10
285 571 10
285 574 10
285 575 10
285 576 10
285 578 10
285 580 10
285 587 10
285 593 10
285 608 10
285 612 10
285 614 10
285 615 10
286 306 10
286 307 10
286 314 10
286 315 10
286 318 10
286 320 10
286 321 10
286 327 10
286 331 10
286 332 10
286 336 10
286 339 10
286 340 10
286 344 10
286 346 10
286 347 10
286 355 10
286 357 10
286 359 10
286 361 10
286 363 10
286 366 10
286 369 10
286 375 10
286 377 10
286 378 10
286 379 10
286 381 10
286 384 10
286 387 10
286 396 10
286 398 10
286 400 10
286 402 10
286 403 10
286 404 10
286 405 10
286 407 10
286 409 10
286 412 10
286 413 10
286 416 10
286 421 10
286 422 10
286 423 10
286 424 10
286 425 10
286 433 10
286 435 10
286 436 10
286 437 10
286 439 10
286 440 10
286 443 10
286 444 10
286 445 10
286 446 10
286 447 10
286 448 10
286 449 10
286 450 10
286 456 10
286 461 10
286 462 10
286 464 10
286 468 10
286 473 10
286 474 10
286 483 10
286 484 10
286 486 10
286 487 10
286 488 10
286 495 10
286 503 10
286 505 10
286 514 10
286 517 10
286 523 10
286 524 10
286 525 10
286 527 10
286 529 10
286 531 10
286 532 10
286 536 10
286 537 10
286 538 10
286 539 10
286 540 10
286 541 10
286 543 10
286 547 10
286 550 10
286 551 10
286 554 10
286 556 10
286 558 10
286 559 10
286 560 10
286 562 10
286 564 10
286 568 10
286 575 10
286 578 10
286 579 10
286 587 10
286 588 10
286 591 10
286 592 10
286 601 10
286 603 10
286 606 10
286 611 10
287 303 10
287 305 10
287 307 10
287 308 10
287 309 10
287 311 10
287 318 10
287 332 10
287 333 10
287 335 10
287 337 10
287 338 10
287 339 10
287 345 10
287 346 10
287 351 10
287 357 10
287 358 10
287 359 10
287 363 10
287 368 10
287 370 10
287 374 10
287 375 10
287 376 10
287 377 10
287 381 10
287 383 10
287 385 10
287 390 10
287 391 10
287 396 10
287 398 10
287 399 10
287 400 10
287 401 10
287 402 10
287 403 10
287 407 10
287 410 10
287 411 10
287 415 10
287 418 10
287 419 10
287 420 10
287 425 10
287 429 10
287 430 10
287 433 10
287 434 10
287 435 10
287 437 10
287 441 10
287 442 10
287 445 10
287 446 10
287 447 10
287 448 10
287 454 10
287 456 10
287 457 10
287 459 10
287 460 10
287 461 10
287 463 10
287 466 10
287 471 10
287 475 10
287 478 10
287 492 10
287 493 10
287 501 10
287 503 10
287 506 10
287 511 10
287 512 10
287 516 10
287 517 10
287 522 10
287 523 10
287 527 10
287 528 10
287 529 10
287 531 10
287 534 10
287 544 10
287 547 10
287 548 10
287 551 10
287 553 10
287 554 10
287 556 10
287 557 10
287 558 10
287 559 10
287 561 10
287 562 10
287 563 10
287 565 10
287 566 10
287 577 10
287 578 10
287 586 10
287 589 10
287 590 10
287 597 10
287 622 10
288 297 10
288 300 10
288 302 10
288 304 10
288 305 10
288 307 10
288 308 10
288 309 10
288 310 10
288 315 10
288 327 10
288 328 10
288 330 10
288 333 10
288 335 10
288 338 10
288 359 10
288 360 10
288 361 10
288 364 10
288 368 10
288 370 10
288 372 10
288 374 10
288 375 10
288 377 10
288 378 10
288 381 10
288 383 10
288 396 10
288 400 10
288 401 10
288 402 10
288 403 10
288 404 10
288 405 10
288 407 10
288 408 10
288 413 10
288 418 10
288 419 10
288 420 10
288 421 10
288 425 10
288 434 10
288 437 10
288 438 10
288 439 10
288 440 10
288 443 10
288 444 10
288 445 10
288 447 10
288 449 10
288 451 10
288 452 10
288 456 10
288 457 10
288 460 10
288 461 10
288 462 10
288 465 10
288 470 10
288 473 10
288 474 10
288 476 10
288 478 10
288 486 10
288 493 10
288 502 10
288 503 10
288 504 10
288 506 10
288 521 10
288 526 10
288 529 10
288 532 10
288 537 10
288 539 10
288 547 10
288 548 10
288 549 10
288 555 10
288 557 10
288 559 10
288 561 10
288 562 10
288 563 10
288 565 10
288 572 10
288 575 10
288 577 10
288 585 10
288 589 10
288 590 10
288 592 10
288 594 10
288 601 10
288 607 10
288 608 10
288 610 10
288 617 10
288 619 10
288 621 10
288 623 10
289 300 10
289 302 10
289 310 10
289 311 10
289 312 10
289 313 10
289 317 10
289 319 10
289 320 10
289 321 10
289 328 10
289 329 10
289 336 10
289 338 10
289 341 10
289 343 10
289 353 10
289 365 10
289 369 10
289 370 10
289 373 10
289 390 10
289 398 10
289 399 10
289 400 10
289 401 10
289 402 10
289 403 10
289 404 10
289 406 10
289 413 10
289 414 10
289 420 10
289 422 10
289 423 10
289 424 10
289 425 10
289 426 10
289 427 10
289 428 10
289 430 10
289 433 10
289 434 10
289 435 10
289 436 10
289 437 10
289 439 10
289 440 10
289 446 10
289 447 10
289 449 10
289 454 10
289 458 10
289 460 10
289 461 10
289 464 10
289 465 10
289 467 10
289 468 10
289 470 10
289 472 10
289 474 10
289 479 10
289 480 10
289 482 10
289 488 10
289 491 10
289 493 10
289 501 10
289 503 10
289 504 10
289 505 10
289 507 10
289 521 10
289 524 10
289 525 10
289 526 10
289 531 10
289 535 10
289 536 10
289 538 10
289 546 10
289 547 10
289 550 10
289 552 10
289 554 10
289 555 10
289 556 10
289 559 10
289 560 10
289 561 10
289 562 10
289 565 10
289 575 10
289 576 10
289 577 10
289 585 10
289 587 10
289 595 10
289 603 10
289 608 10
289 611 10
289 612 10
289 613 10
289 614 10
289 615 10
289 616 10
289 617 10
289 621 10
290 297 10
290 299 10
290 302 10
290 303 10
290 304 10
290 306 10
290 310 10
290 315 10
290 317 10
290 319 10
290 324 10
290 325 10
290 326 10
290 331 10
290 332 10
290 335 10
290 337 10
290 339 10
290 342 10
290 347 10
290 357 10
290 359 10
290 360 10
290 362 10
290 364 10
290 366 10
290 367 10
290 368 10
290 397 10
290 399 10
290 400 10
290 401 10
290 402 10
290 403 10
290 404 10
290 405 10
290 407 10
290 408 10
290 411 10
290 416 10
290 419 10
290 420 10
290 421 10
290 422 10
290 423 10
290 425 10
290 428 10
290 430 10
290 438 10
290 440 10
290 451 10
290 456 10
290 458 10
290 459 10
290 460 10
290 461 10
290 462 10
290 463 10
290 465 10
290 467 10
290 468 10
290 469 10
290 471 10
290 474 10
290 476 10
290 480 10
290 485 10
290 490 10
290 494 10
290 497 10
290 520 10
290 528 10
290 529 10
290 532 10
290 533 10
290 536 10
290 538 10
290 544 10
290 546 10
290 548 10
290 550 10
290 551 10
290 554 10
290 559 10
290 561 10
290 567 10
290 568 10
290 569 10
290 575 10
290 576 10
290 582 10
290 585 10
290 587 10
290 590 10
290 592 10
290 593 10
290 594 10
290 595 10
290 596 10
290 604 10
290 605 10
290 606 10
290 614 10
290 615 10
290 616 10
290 618 10
290 619 10
290 621 10
290 622 10
290 625 10
290 627 10
291 298 10
291 299 10
291 301 10
291 302 10
291 303 10
291 305 10
291 313 10
291 320 10
291 321 10
291 322 10
291 323 10
291 325 10
291 329 10
291 330 10
291 339 10
291 341 10
291 342 10
291 344 10
291 347 10
291 356 10
291 358 10
291 360 10
291 361 10
291 364 10
291 366 10
291 369 10
291 371 10
291 373 10
291 374 10
291 397 10
291 399 10
291 400 10
291 401 10
291 402 10
291 403 10
291 404 10
291 405 10
291 406 10
291 407 10
291 408 10
291 409 10
291 410 10
291 414 10
291 419 10
291 423 10
291 425 10
291 428 10
291 429 10
291 431 10
291 432 10
291 436 10
291 437 10
291 438 10
291 442 10
291 447 10
291 451 10
291 453 10
291 456 10
291 457 10
291 458 10
291 459 10
291 463 10
291 464 10
291 465 10
291 466 10
291 467 10
291 470 10
291 472 10
291 474 10
291 477 10
291 478 10
291 481 10
291 484 10
291 487 10
291 493 10
291 495 10
291 499 10
291 501 10
291 502 10
291 503 10
291 507 10
291 519 10
291 531 10
291 533 10
291 534 10
291 536 10
291 537 10
291 548 10
291 551 10
291 553 10
291 554 10
291 556 10
291 557 10
291 558 10
291 559 10
291 561 10
291 563 10
291 566 10
291 568 10
291 569 10
291 570 10
291 571 10
291 575 10
291 582 10
291 584 10
291 587 10
291 588 10
291 589 10
291 590 10
291 592 10
291 594 10
291 595 10
291 599 10
291 607 10
291 610 10
291 611 10
291 612 10
291 614 10
291 615 10
291 616 10
291 617 10
291 618 10
291 620 10
291 622 10
292 298 10
292 300 10
292 301 10
292 304 10
292 307 10
292 315 10
292 317 10
292 319 10
292 320 10
292 327 10
292 330 10
292 335 10
292 337 10
292 341 10
292 344 10
292 355 10
292 356 10
292 358 10
292 359 10
292 360 10
292 361 10
292 362 10
292 364 10
292 366 10
292 367 10
292 372 10
292 398 10
292 399 10
292 400 10
292 401 10
292 402 10
292 403 10
292 404 10
292 405 10
292 406 10
292 407 10
292 414 10
292 415 10
292 417 10
292 419 10
292 420 10
292 421 10
292 423 10
292 426 10
292 428 10
292 429 10
292 430 10
292 431 10
292 433 10
292 435 10
292 436 10
292 439 10
292 440 10
292 444 10
292 447 10
292 449 10
292 452 10
292 459 10
292 460 10
292 461 10
292 462 10
292 463 10
292 464 10
292 466 10
292 468 10
292 469 10
292 470 10
292 471 10
292 472 10
292 473 10
292 474 10
292 475 10
292 476 10
292 477 10
292 478 10
292 483 10
292 484 10
292 486 10
292 500 10
292 517 10
292 518 10
292 519 10
292 529 10
292 531 10
292 533 10
292 534 10
292 536 10
292 538 10
292 543 10
292 544 10
292 545 10
292 546 10
292 548 10
292 549 10
292 550 10
292 551 10
292 552 10
292 553 10
292 554 10
292 555 10
292 556 10
292 557 10
292 558 10
292 559 10
292 560 10
292 563 10
292 569 10
292 570 10
292 574 10
292 582 10
292 585 10
292 589 10
292 591 10
292 592 10
292 596 10
292 604 10
292 605 10
292 606 10
292 609 10
292 611 10
292 616 10
292 617 10
292 618 10
292 620 10
292 622 10
292 624 10
292 647 10
293 290 10
293 296 10
293 297 10
293 298 10
293 299 10
293 300 10
293 304 10
293 306 10
293 314 10
293 321 10
293 324 10
293 325 10
293 326 10
293 327 10
293 332 10
293 336 10
293 337 10
293 346 10
293 357 10
293 359 10
293 360 10
293 361 10
293 362 10
293 363 10
293 365 10
293 366 10
293 370 10
293 390 10
293 400 10
293 401 10
293 402 10
293 403 10
293 404 10
293 405 10
293 406 10
293 407 10
293 409 10
293 410 10
293 412 10
293 413 10
293 414 10
293 415 10
293 418 10
293 419 10
293 420 10
293 421 10
293 423 10
293 428 10
293 429 10
293 430 10
293 431 10
293 433 10
293 435 10
293 436 10
293 439 10
293 450 10
293 452 10
293 456 10
293 457 10
293 458 10
293 459 10
293 460 10
293 462 10
293 465 10
293 466 10
293 468 10
293 471 10
293 472 10
293 474 10
293 475 10
293 476 10
293 479 10
293 482 10
293 483 10
293 484 10
293 491 10
293 495 10
293 496 10
293 497 10
293 498 10
293 502 10
293 504 10
293 510 10
293 512 10
293 513 10
293 516 10
293 517 10
293 518 10
293 529 10
293 531 10
293 532 10
293 533 10
293 534 10
293 535 10
293 536 10
293 537 10
293 542 10
293 543 10
293 545 10
293 546 10
293 547 10
293 549 10
293 551 10
293 552 10
293 557 10
293 558 10
293 559 10
293 561 10
293 564 10
293 569 10
293 572 10
293 574 10
293 575 10
293 577 10
293 588 10
293 589 10
293 597 10
293 599 10
293 600 10
293 601 10
293 604 10
293 607 10
293 610 10
293 613 10
293 614 10
293 615 10
293 616 10
293 618 10
293 627 10
293 629 10
293 631 10
293 654 10
294 290 10
294 296 10
294 298 10
294 299 10
294 301 10
294 302 10
294 306 10
294 307 10
294 323 10
294 324 10
294 326 10
294 329 10
294 330 10
294 332 10
294 333 10
294 342 10
294 344 10
294 354 10
294 356 10
294 357 10
294 358 10
294 359 10
294 360 10
294 361 10
294 362 10
294 363 10
294 397 10
294 398 10
294 399 10
294 400 10
294 401 10
294 402 10
294 403 10
294 404 10
294 405 10
294 406 10
294 407 10
294 408 10
294 409 10
294 411 10
294 414 10
294 430 10
294 433 10
294 435 10
294 436 10
294 438 10
294 439 10
294 441 10
294 442 10
294 443 10
294 444 10
294 448 10
294 453 10
294 455 10
294 457 10
294 458 10
294 459 10
294 460 10
294 463 10
294 465 10
294 466 10
294 468 10
294 469 10
294 471 10
294 474 10
294 475 10
294 476 10
294 478 10
294 480 10
294 482 10
294 484 10
294 485 10
294 486 10
294 487 10
294 488 10
294 491 10
294 493 10
294 498 10
294 499 10
294 501 10
294 503 10
294 504 10
294 506 10
294 525 10
294 527 10
294 532 10
294 533 10
294 534 10
294 535 10
294 536 10
294 537 10
294 539 10
294 540 10
294 541 10
294 545 10
294 546 10
294 547 10
294 548 10
294 549 10
294 551 10
294 552 10
294 554 10
294 555 10
294 556 10
294 557 10
294 559 10
294 561 10
294 563 10
294 567 10
294 568 10
294 571 10
294 578 10
294 581 10
294 584 10
294 585 10
294 589 10
294 594 10
294 598 10
294 599 10
294 605 10
294 610 10
294 612 10
294 613 10
294 619 10
294 622 10
294 623 10
294 624 10
294 627 10
294 655 10
294 657 10
294 658 10
295 288 10
295 292 10
295 295 10
295 297 10
295 298 10
295 299 10
295 301 10
295 303 10
295 305 10
295 307 10
295 312 10
295 314 10
295 321 10
295 322 10
295 323 10
295 325 10
295 327 10
295 330 10
295 331 10
295 334 10
295 335 10
295 336 10
295 337 10
295 347 10
295 348 10
295 349 10
295 357 10
295 358 10
295 360 10
295 361 10
295 362 10
295 364 10
295 365 10
295 370 10
295 371 10
295 372 10
295 383 10
295 384 10
295 388 10
295 399 10
295 401 10
295 402 10
295 403 10
295 404 10
295 405 10
295 406 10
295 407 10
295 408 10
295 409 10
295 418 10
295 420 10
295 422 10
295 423 10
295 431 10
295 433 10
295 434 10
295 436 10
295 440 10
295 441 10
295 442 10
295 445 10
295 446 10
295 447 10
295 453 10
295 456 10
295 457 10
295 458 10
295 459 10
295 461 10
295 462 10
295 463 10
295 465 10
295 466 10
295 468 10
295 469 10
295 473 10
295 474 10
295 477 10
295 480 10
295 482 10
295 488 10
295 490 10
295 493 10
295 494 10
295 501 10
295 503 10
295 512 10
295 513 10
295 518 10
295 520 10
295 524 10
295 528 10
295 530 10
295 531 10
295 532 10
295 533 10
295 534 10
295 535 10
295 536 10
295 537 10
295 539 10
295 540 10
295 542 10
295 543 10
295 544 10
295 545 10
295 546 10
295 548 10
295 550 10
295 554 10
295 557 10
295 558 10
295 559 10
295 560 10
295 569 10
295 570 10
295 571 10
295 572 10
295 574 10
295 578 10
295 580 10
295 597 10
295 599 10
295 604 10
295 609 10
295 610 10
295 620 10
295 621 10
295 627 10
295 628 10
295 630 10
295 646 10
295 653 10
295 654 10
295 655 10
296 286 10
296 290 10
296 293 10
296 296 10
296 300 10
296 305 10
296 307 10
296 308 10
296 311 10
296 314 10
296 315 10
296 322 10
296 323 10
296 325 10
296 326 10
296 327 10
296 328 10
296 330 10
296 331 10
296 332 10
296 334 10
296 335 10
296 343 10
296 345 10
296 346 10
296 347 10
296 353 10
296 354 10
296 360 10
296 361 10
296 362 10
296 363 10
296 364 10
296 365 10
296 366 10
296 372 10
296 373 10
296 376 10
296 383 10
296 384 10
296 385 10
296 386 10
296 387 10
296 389 10
296 396 10
296 399 10
296 401 10
296 402 10
296 403 10
296 404 10
296 405 10
296 406 10
296 407 10
296 408 10
296 409 10
296 412 10
296 418 10
296 419 10
296 425 10
296 436 10
296 437 10
296 442 10
296 444 10
296 447 10
296 448 10
296 455 10
296 456 10
296 458 10
296 460 10
296 464 10
296 465 10
296 466 10
296 467 10
296 469 10
296 474 10
296 475 10
296 478 10
296 480 10
296 482 10
296 485 10
296 486 10
296 487 10
296 488 10
296 490 10
296 492 10
296 495 10
296 496 10
296 498 10
296 500 10
296 501 10
296 503 10
296 504 10
296 505 10
296 508 10
296 509 10
296 511 10
296 513 10
296 514 10
296 516 10
296 525 10
296 529 10
296 530 10
296 531 10
296 532 10
296 533 10
296 535 10
296 536 10
296 538 10
296 539 10
296 541 10
296 542 10
296 543 10
296 545 10
296 547 10
296 548 10
296 549 10
296 551 10
296 553 10
296 556 10
296 564 10
296 565 10
296 569 10
296 570 10
296 571 10
296 572 10
296 573 10
296 575 10
296 576 10
296 577 10
296 578 10
296 580 10
296 581 10
296 583 10
296 586 10
296 590 10
296 597 10
296 604 10
296 607 10
296 608 10
296 609 10
296 611 10
296 616 10
296 619 10
296 621 10
296 628 10
296 640 10
296 649 10
296 650 10
296 655 10
297 279 10
297 281 10
297 286 10
297 291 10
297 293 10
297 294 10
297 298 10
297 304 10
297 305 10
297 306 10
297 307 10
297 308 10
297 309 10
297 311 10
297 313 10
297 314 10
297 316 10
297 319 10
297 320 10
297 321 10
297 322 10
297 323 10
297 325 10
297 327 10
297 328 10
297 331 10
297 334 10
297 337 10
297 341 10
297 344 10
297 345 10
297 347 10
297 348 10
297 349 10
297 356 10
297 364 10
297 365 10
297 370 10
297 372 10
297 375 10
297 376 10
297 377 10
297 379 10
297 384 10
297 388 10
297 389 10
297 402 10
297 404 10
297 405 10
297 406 10
297 407 10
297 409 10
297 410 10
297 411 10
297 418 10
297 421 10
297 422 10
297 439 10
297 441 10
297 448 10
297 450 10
297 452 10
297 453 10
297 454 10
297 455 10
297 456 10
297 457 10
297 458 10
297 461 10
297 462 10
297 463 10
297 466 10
297 467 10
297 470 10
297 471 10
297 474 10
297 475 10
297 476 10
297 479 10
297 480 10
297 482 10
297 483 10
297 485 10
297 486 10
297 487 10
297 488 10
297 489 10
297 491 10
297 496 10
297 500 10
297 501 10
297 502 10
297 510 10
297 513 10
297 514 10
297 519 10
297 520 10
297 521 10
297 522 10
297 524 10
297 526 10
297 527 10
297 529 10
297 531 10
297 534 10
297 535 10
297 536 10
297 537 10
297 538 10
297 540 10
297 542 10
297 545 10
297 546 10
297 547 10
297 548 10
297 549 10
297 550 10
297 551 10
297 552 10
297 557 10
297 558 10
297 559 10
297 561 10
297 563 10
297 565 10
297 568 10
297 569 10
297 571 10
297 572 10
297 573 10
297 576 10
297 577 10
297 578 10
297 579 10
297 580 10
297 581 10
297 583 10
297 586 10
297 588 10
297 602 10
297 603 10
297 607 10
297 609 10
297 610 10
297 611 10
297 613 10
297 614 10
297 621 10
297 623 10
297 624 10
297 629 10
297 637 10
297 640 10
297 641 10
297 642 10
297 643 10
297 649 10
297 653 10
297 654 10
297 658 10
298 284 10
298 287 10
298 295 10
298 296 10
298 298 10
298 299 10
298 301 10
298 302 10
298 304 10
298 305 10
298 306 10
298 307 10
298 309 10
298 310 10
298 311 10
298 316 10
298 322 10
298 323 10
298 324 10
298 328 10
298 331 10
298 333 10
298 334 10
298 342 10
298 344 10
298 345 10
298 346 10
298 347 10
298 348 10
298 349 10
298 350 10
298 351 10
298 356 10
298 358 10
298 361 10
298 363 10
298 365 10
298 366 10
298 368 10
298 376 10
298 382 10
298 383 10
298 384 10
298 385 10
298 386 10
298 388 10
298 390 10
298 401 10
298 403 10
298 406 10
298 408 10
298 409 10
298 410 10
298 413 10
298 415 10
298 417 10
298 418 10
298 419 10
298 420 10
298 423 10
298 425 10
298 439 10
298 441 10
298 454 10
298 455 10
298 456 10
298 457 10
298 458 10
298 459 10
298 460 10
298 462 10
298 463 10
298 464 10
298 466 10
298 468 10
298 470 10
298 473 10
298 475 10
298 477 10
298 478 10
298 479 10
298 480 10
298 481 10
298 483 10
298 484 10
298 485 10
298 486 10
298 487 10
298 488 10
298 489 10
298 491 10
298 506 10
298 507 10
298 509 10
298 510 10
298 512 10
298 515 10
298 517 10
298 522 10
298 524 10
298 527 10
298 531 10
298 532 10
298 534 10
298 535 10
298 536 10
298 539 10
298 542 10
298 545 10
298 547 10
298 548 10
298 549 10
298 553 10
298 555 10
298 559 10
298 561 10
298 562 10
298 564 10
298 565 10
298 566 10
298 568 10
298 570 10
298 572 10
298 573 10
298 574 10
298 576 10
298 577 10
298 581 10
298 588 10
298 589 10
298 590 10
298 592 10
298 597 10
298 598 10
298 601 10
298 605 10
298 606 10
298 608 10
298 609 10
298 610 10
298 611 10
298 612 10
298 618 10
298 620 10
298 621 10
298 622 10
298 624 10
298 625 10
298 626 10
298 628 10
298 630 10
298 637 10
298 639 10
298 640 10
298 641 10
298 644 10
298 647 10
298 648 10
298 651 10
298 654 10
298 659 10
299 278 10
299 279 10
299 286 10
299 287 10
299 288 10
299 292 10
299 293 10
299 294 10
299 296 10
299 299 10
299 300 10
299 301 10
299 302 10
299 303 10
299 304 10
299 305 10
299 306 10
299 307 10
299 308 10
299 309 10
299 311 10
299 312 10
299 319 10
299 320 10
299 321 10
299 322 10
299 323 10
299 324 10
299 325 10
299 328 10
299 330 10
299 331 10
299 332 10
299 335 10
299 339 10
299 341 10
299 342 10
299 346 10
299 358 10
299 365 10
299 367 10
299 371 10
299 372 10
299 373 10
299 376 10
299 378 10
299 379 10
299 380 10
299 381 10
299 383 10
299 388 10
299 390 10
299 401 10
299 403 10
299 404 10
299 407 10
299 409 10
299 410 10
299 411 10
299 413 10
299 418 10
299 419 10
299 423 10
299 434 10
299 435 10
299 438 10
299 439 10
299 440 10
299 444 10
299 448 10
299 450 10
299 451 10
299 454 10
299 455 10
299 456 10
299 457 10
299 458 10
299 461 10
299 463 10
299 464 10
299 468 10
299 475 10
299 479 10
299 480 10
299 481 10
299 482 10
299 483 10
299 484 10
299 485 10
299 486 10
299 487 10
299 488 10
299 489 10
299 490 10
299 491 10
299 495 10
299 498 10
299 502 10
299 503 10
299 506 10
299 508 10
299 510 10
299 511 10
299 514 10
299 518 10
299 522 10
299 525 10
299 526 10
299 527 10
299 528 10
299 533 10
299 534 10
299 535 10
299 536 10
299 537 10
299 538 10
299 539 10
299 540 10
299 541 10
299 542 10
299 543 10
299 544 10
299 548 10
299 551 10
299 552 10
299 553 10
299 555 10
299 557 10
299 559 10
299 561 10
299 562 10
299 564 10
299 565 10
299 566 10
299 567 10
299 571 10
299 572 10
299 573 10
299 574 10
299 575 10
299 577 10
299 582 10
299 583 10
299 584 10
299 585 10
299 588 10
299 589 10
299 590 10
299 591 10
299 594 10
299 601 10
299 602 10
299 603 10
299 606 10
299 607 10
299 608 10
299 611 10
299 613 10
299 616 10
299 618 10
299 622 10
299 623 10
299 624 10
299 638 10
299 639 10
299 642 10
299 643 10
299 647 10
299 649 10
299 650 10
299 652 10
299 653 10
300 278 10
300 284 10
300 287 10
300 288 10
300 291 10
300 294 10
300 297 10
300 299 10
300 300 10
300 302 10
300 303 10
300 305 10
300 306 10
300 310 10
300 312 10
300 316 10
300 317 10
300 319 10
300 321 10
300 322 10
300 323 10
300 324 10
300 325 10
300 326 10
300 328 10
300 329 10
300 332 10
300 333 10
300 335 10
300 340 10
300 347 10
300 348 10
300 349 10
300 350 10
300 352 10
300 365 10
300 368 10
300 371 10
300 375 10
300 377 10
300 379 10
300 381 10
300 383 10
300 384 10
300 386 10
300 388 10
300 389 10
300 397 10
300 398 10
300 399 10
300 400 10
300 401 10
300 405 10
300 406 10
300 408 10
300 409 10
300 410 10
300 411 10
300 412 10
300 415 10
300 416 10
300 417 10
300 424 10
300 431 10
300 434 10
300 439 10
300 442 10
300 443 10
300 448 10
300 450 10
300 453 10
300 454 10
300 456 10
300 458 10
300 459 10
300 463 10
300 464 10
300 465 10
300 466 10
300 468 10
300 471 10
300 475 10
300 476 10
300 477 10
300 478 10
300 480 10
300 481 10
300 482 10
300 483 10
300 484 10
300 486 10
300 487 10
300 488 10
300 489 10
300 490 10
300 491 10
300 501 10
300 504 10
300 505 10
300 506 10
300 507 10
300 508 10
300 509 10
300 510 10
300 512 10
300 515 10
300 516 10
300 519 10
300 520 10
300 521 10
300 523 10
300 524 10
300 525 10
300 526 10
300 528 10
300 529 10
300 532 10
300 533 10
300 535 10
300 536 10
300 538 10
300 540 10
300 546 10
300 547 10
300 548 10
300 549 10
300 550 10
300 551 10
300 553 10
300 555 10
300 556 10
300 557 10
300 560 10
300 561 10
300 562 10
300 563 10
300 564 10
300 567 10
300 568 10
300 569 10
300 570 10
300 575 10
300 576 10
300 577 10
300 578 10
300 584 10
300 585 10
300 586 10
300 588 10
300 589 10
300 594 10
300 598 10
300 600 10
300 605 10
300 607 10
300 608 10
300 611 10
300 613 10
300 619 10
300 623 10
300 625 10
300 627 10
300 629 10
300 639 10
300 640 10
300 642 10
300 645 10
300 646 10
300 649 10
300 650 10
300 655 10
301 281 10
301 285 10
301 292 10
301 293 10
301 294 10
301 295 10
301 298 10
301 300 10
301 301 10
301 302 10
301 304 10
301 305 10
301 308 10
301 310 10
301 312 10
301 314 10
301 315 10
301 316 10
301 319 10
301 320 10
301 321 10
301 322 10
301 323 10
301 324 10
301 325 10
301 328 10
301 331 10
301 332 10
301 334 10
301 335 10
301 336 10
301 339 10
301 342 10
301 347 10
301 360 10
301 361 10
301 375 10
301 377 10
301 378 10
301 380 10
301 382 10
301 383 10
301 385 10
301 386 10
301 388 10
301 389 10
301 394 10
301 395 10
301 396 10
301 399 10
301 400 10
301 401 10
301 402 10
301 405 10
301 406 10
301 409 10
301 410 10
301 411 10
301 413 10
301 414 10
301 415 10
301 416 10
301 418 10
301 421 10
301 422 10
301 438 10
301 439 10
301 443 10
301 448 10
301 449 10
301 455 10
301 457 10
301 458 10
301 459 10
301 461 10
301 463 10
301 464 10
301 465 10
301 467 10
301 469 10
301 475 10
301 478 10
301 479 10
301 480 10
301 481 10
301 482 10
301 483 10
301 484 10
301 485 10
301 486 10
301 487 10
301 488 10
301 489 10
301 490 10
301 494 10
301 500 10
301 505 10
301 507 10
301 508 10
301 509 10
301 512 10
301 513 10
301 515 10
301 518 10
301 520 10
301 523 10
301 524 10
301 525 10
301 526 10
301 530 10
301 531 10
301 533 10
301 535 10
301 536 10
301 541 10
301 543 10
301 545 10
301 547 10
301 548 10
301 550 10
301 551 10
301 552 10
301 556 10
301 562 10
301 564 10
301 565 10
301 566 10
301 567 10
301 570 10
301 571 10
301 572 10
301 573 10
301 574 10
301 575 10
301 576 10
301 578 10
301 582 10
301 583 10
301 587 10
301 588 10
301 589 10
301 590 10
301 591 10
301 594 10
301 595 10
301 596 10
301 601 10
301 602 10
301 603 10
301 605 10
301 607 10
301 613 10
301 614 10
301 615 10
301 619 10
301 625 10
301 628 10
301 629 10
301 631 10
301 632 10
301 633 10
301 638 10
301 641 10
301 642 10
301 643 10
301 645 10
301 648 10
301 650 10
301 652 10
302 273 10
302 278 10
302 282 10
302 286 10
302 291 10
302 292 10
302 293 10
302 297 10
302 298 10
302 299 10
302 300 10
302 301 10
302 302 10
302 303 10
302 308 10
302 311 10
302 312 10
302 313 10
302 315 10
302 317 10
302 318 10
302 320 10
302 322 10
302 323 10
302 324 10
302 325 10
302 326 10
302 328 10
302 333 10
302 336 10
302 340 10
302 341 10
302 343 10
302 354 10
302 356 10
302 366 10
302 376 10
302 380 10
302 387 10
302 388 10
302 389 10
302 394 10
302 397 10
302 400 10
302 401 10
302 403 10
302 405 10
302 406 10
302 407 10
302 409 10
302 414 10
302 422 10
302 423 10
302 432 10
302 444 10
302 445 10
302 447 10
302 449 10
302 452 10
302 458 10
302 459 10
302 461 10
302 462 10
302 465 10
302 468 10
302 469 10
302 470 10
302 473 10
302 476 10
302 478 10
302 479 10
302 480 10
302 481 10
302 483 10
302 485 10
302 486 10
302 487 10
302 489 10
302 490 10
302 493 10
302 501 10
302 503 10
302 505 10
302 506 10
302 507 10
302 510 10
302 511 10
302 517 10
302 522 10
302 525 10
302 526 10
302 528 10
302 530 10
302 534 10
302 535 10
302 536 10
302 537 10
302 539 10
302 541 10
302 545 10
302 546 10
302 547 10
302 548 10
302 549 10
302 552 10
302 553 10
302 555 10
302 557 10
302 559 10
302 561 10
302 562 10
302 563 10
302 564 10
302 568 10
302 569 10
302 572 10
302 575 10
302 577 10
302 581 10
302 583 10
302 586 10
302 587 10
302 589 10
302 590 10
302 591 10
302 592 10
302 594 10
302 595 10
302 598 10
302 599 10
302 603 10
302 607 10
302 608 10
302 609 10
302 611 10
302 617 10
302 622 10
302 624 10
302 625 10
302 627 10
302 628 10
302 630 10
302 631 10
302 632 10
302 640 10
302 641 10
302 642 10
302 643 10
302 646 10
302 647 10
302 650 10
302 654 10
302 655 10
303 274 10
303 275 10
303 277 10
303 279 10
303 284 10
303 288 10
303 289 10
303 290 10
303 291 10
303 303 10
303 304 10
303 305 10
303 307 10
303 309 10
303 310 10
303 311 10
303 312 10
303 314 10
303 315 10
303 319 10
303 320 10
303 322 10
303 323 10
303 324 10
303 325 10
303 327 10
303 328 10
303 330 10
303 332 10
303 334 10
303 335 10
303 356 10
303 366 10
303 383 10
303 384 10
303 386 10
303 393 10
303 394 10
303 396 10
303 397 10
303 400 10
303 402 10
303 408 10
303 410 10
303 413 10
303 415 10
303 416 10
303 418 10
303 420 10
303 422 10
303 445 10
303 449 10
303 451 10
303 453 10
303 454 10
303 456 10
303 457 10
303 459 10
303 460 10
303 463 10
303 465 10
303 467 10
303 474 10
303 476 10
303 477 10
303 480 10
303 481 10
303 482 10
303 483 10
303 484 10
303 485 10
303 487 10
303 488 10
303 489 10
303 490 10
303 497 10
303 499 10
303 500 10
303 502 10
303 503 10
303 505 10
303 507 10
303 508 10
303 510 10
303 516 10
303 519 10
303 524 10
303 526 10
303 528 10
303 531 10
303 532 10
303 539 10
303 543 10
303 544 10
303 545 10
303 546 10
303 547 10
303 548 10
303 549 10
303 550 10
303 553 10
303 555 10
303 556 10
303 559 10
303 560 10
303 562 10
303 564 10
303 566 10
303 568 10
303 570 10
303 571 10
303 572 10
303 573 10
303 574 10
303 576 10
303 577 10
303 578 10
303 582 10
303 585 10
303 588 10
303 590 10
303 596 10
303 598 10
303 599 10
303 600 10
303 601 10
303 603 10
303 604 10
303 605 10
303 606 10
303 609 10
303 612 10
303 614 10
303 615 10
303 618 10
303 622 10
303 628 10
303 629 10
303 630 10
303 631 10
303 632 10
303 634 10
303 636 10
303 639 10
303 642 10
303 643 10
303 645 10
303 647 10
303 648 10
303 649 10
304 273 10
304 277 10
304 279 10
304 280 10
304 289 10
304 290 10
304 294 10
304 296 10
304 297 10
304 301 10
304 302 10
304 305 10
304 307 10
304 309 10
304 310 10
304 311 10
304 312 10
304 313 10
304 314 10
304 316 10
304 321 10
304 322 10
304 325 10
304 326 10
304 328 10
304 335 10
304 336 10
304 341 10
304 342 10
304 346 10
304 362 10
304 371 10
304 389 10
304 391 10
304 392 10
304 396 10
304 397 10
304 401 10
304 402 10
304 403 10
304 405 10
304 406 10
304 407 10
304 410 10
304 416 10
304 417 10
304 446 10
304 447 10
304 449 10
304 450 10
304 451 10
304 456 10
304 457 10
304 458 10
304 459 10
304 460 10
304 461 10
304 462 10
304 463 10
304 464 10
304 467 10
304 471 10
304 473 10
304 475 10
304 477 10
304 480 10
304 481 10
304 482 10
304 484 10
304 485 10
304 487 10
304 488 10
304 489 10
304 492 10
304 498 10
304 501 10
304 505 10
304 510 10
304 511 10
304 515 10
304 516 10
304 519 10
304 522 10
304 524 10
304 526 10
304 528 10
304 531 10
304 533 10
304 536 10
304 543 10
304 544 10
304 546 10
304 552 10
304 558 10
304 559 10
304 562 10
304 563 10
304 565 10
304 566 10
304 567 10
304 577 10
304 578 10
304 579 10
304 581 10
304 590 10
304 591 10
304 593 10
304 594 10
304 595 10
304 596 10
304 597 10
304 598 10
304 600 10
304 601 10
304 604 10
304 605 10
304 606 10
304 607 10
304 608 10
304 611 10
304 612 10
304 616 10
304 618 10
304 622 10
304 626 10
304 627 10
304 628 10
304 629 10
304 630 10
304 631 10
304 632 10
304 633 10
304 639 10
304 640 10
304 641 10
304 642 10
304 643 10
304 645 10
304 648 10
304 650 10
304 651 10
304 652 10
305 275 10
305 286 10
305 287 10
305 292 10
305 293 10
305 294 10
305 311 10
305 312 10
305 313 10
305 315 10
305 318 10
305 320 10
305 321 10
305 322 10
305 337 10
305 341 10
305 342 10
305 345 10
305 346 10
305 352 10
305 353 10
305 359 10
305 364 10
305 365 10
305 366 10
305 367 10
305 369 10
305 375 10
305 382 10
305 383 10
305 384 10
305 385 10
305 386 10
305 392 10
305 395 10
305 402 10
305 403 10
305 407 10
305 409 10
305 416 10
305 417 10
305 419 10
305 421 10
305 422 10
305 440 10
305 446 10
305 448 10
305 449 10
305 451 10
305 452 10
305 454 10
305 456 10
305 457 10
305 458 10
305 460 10
305 461 10
305 463 10
305 464 10
305 469 10
305 474 10
305 475 10
305 477 10
305 481 10
305 482 10
305 483 10
305 486 10
305 488 10
305 489 10
305 490 10
305 496 10
305 498 10
305 502 10
305 503 10
305 504 10
305 505 10
305 507 10
305 511 10
305 512 10
305 513 10
305 514 10
305 516 10
305 518 10
305 520 10
305 522 10
305 523 10
305 526 10
305 529 10
305 530 10
305 531 10
305 532 10
305 533 10
305 534 10
305 537 10
305 541 10
305 543 10
305 544 10
305 546 10
305 547 10
305 554 10
305 557 10
305 558 10
305 561 10
305 563 10
305 564 10
305 568 10
305 569 10
305 571 10
305 574 10
305 576 10
305 578 10
305 582 10
305 584 10
305 586 10
305 588 10
305 589 10
305 590 10
305 591 10
305 593 10
305 594 10
305 595 10
305 597 10
305 600 10
305 603 10
305 604 10
305 605 10
305 606 10
305 607 10
305 608 10
305 609 10
305 610 10
305 611 10
305 612 10
305 615 10
305 616 10
305 617 10
305 619 10
305 621 10
305 628 10
305 629 10
305 631 10
305 638 10
305 640 10
305 643 10
305 644 10
305 646 10
305 648 10
305 649 10
305 650 10
305 651 10
305 652 10
306 275 10
306 285 10
306 287 10
306 288 10
306 289 10
306 290 10
306 292 10
306 296 10
306 300 10
306 303 10
306 304 10
306 310 10
306 311 10
306 317 10
306 320 10
306 324 10
306 325 10
306 327 10
306 333 10
306 337 10
306 339 10
306 344 10
306 346 10
306 351 10
306 354 10
306 355 10
306 356 10
306 357 10
306 359 10
306 362 10
306 364 10
306 367 10
306 372 10
306 384 10
306 387 10
306 391 10
306 392 10
306 393 10
306 397 10
306 398 10
306 400 10
306 402 10
306 403 10
306 405 10
306 407 10
306 408 10
306 415 10
306 416 10
306 419 10
306 420 10
306 421 10
306 425 10
306 440 10
306 441 10
306 450 10
306 456 10
306 459 10
306 462 10
306 463 10
306 465 10
306 466 10
306 478 10
306 483 10
306 484 10
306 487 10
306 488 10
306 489 10
306 490 10
306 491 10
306 501 10
306 505 10
306 506 10
306 508 10
306 509 10
306 510 10
306 511 10
306 512 10
306 513 10
306 514 10
306 515 10
306 516 10
306 520 10
306 524 10
306 525 10
306 526 10
306 527 10
306 528 10
306 529 10
306 530 10
306 531 10
306 545 10
306 547 10
306 549 10
306 550 10
306 551 10
306 553 10
306 557 10
306 558 10
306 561 10
306 562 10
306 563 10
306 565 10
306 567 10
306 569 10
306 572 10
306 573 10
306 576 10
306 578 10
306 579 10
306 584 10
306 587 10
306 591 10
306 594 10
306 595 10
306 597 10
306 599 10
306 601 10
306 602 10
306 603 10
306 604 10
306 605 10
306 606 10
306 607 10
306 608 10
306 609 10
306 610 10
306 611 10
306 615 10
306 617 10
306 619 10
306 622 10
306 628 10
306 629 10
306 630 10
306 637 10
306 638 10
306 642 10
306 644 10
306 645 10
306 648 10
306 651 10
306 654 10
307 285 10
307 286 10
307 289 10
307 291 10
307 295 10
307 300 10
307 309 10
307 325 10
307 326 10
307 329 10
307 337 10
307 339 10
307 340 10
307 341 10
307 342 10
307 346 10
307 353 10
307 354 10
307 359 10
307 365 10
307 366 10
307 367 10
307 368 10
307 369 10
307 373 10
307 374 10
307 376 10
307 377 10
307 378 10
307 385 10
307 394 10
307 396 10
307 398 10
307 401 10
307 402 10
307 406 10
307 408 10
307 413 10
307 418 10
307 419 10
307 427 10
307 429 10
307 434 10
307 442 10
307 443 10
307 444 10
307 445 10
307 446 10
307 447 10
307 450 10
307 451 10
307 454 10
307 455 10
307 457 10
307 458 10
307 459 10
307 460 10
307 462 10
307 467 10
307 472 10
307 473 10
307 474 10
307 475 10
307 476 10
307 478 10
307 480 10
307 484 10
307 488 10
307 489 10
307 490 10
307 491 10
307 492 10
307 493 10
307 498 10
307 508 10
307 510 10
307 512 10
307 513 10
307 514 10
307 515 10
307 516 10
307 520 10
307 522 10
307 524 10
307 525 10
307 527 10
307 528 10
307 530 10
307 531 10
307 532 10
307 533 10
307 535 10
307 538 10
307 541 10
307 545 10
307 553 10
307 555 10
307 560 10
307 563 10
307 564 10
307 566 10
307 567 10
307 568 10
307 569 10
307 570 10
307 573 10
307 574 10
307 575 10
307 576 10
307 577 10
307 579 10
307 580 10
307 585 10
307 587 10
307 588 10
307 590 10
307 594 10
307 597 10
307 601 10
307 602 10
307 603 10
307 604 10
307 605 10
307 606 10
307 607 10
307 608 10
307 609 10
307 612 10
307 613 10
307 614 10
307 615 10
307 617 10
307 619 10
307 622 10
307 632 10
307 641 10
307 642 10
307 644 10
307 648 10
308 281 10
308 283 10
308 285 10
308 287 10
308 288 10
308 290 10
308 299 10
308 300 10
308 301 10
308 302 10
308 303 10
308 304 10
308 305 10
308 306 10
308 307 10
308 309 10
308 316 10
308 317 10
308 324 10
308 327 10
308 328 10
308 335 10
308 336 10
308 341 10
308 342 10
308 355 10
308 362 10
308 363 10
308 366 10
308 367 10
308 368 10
308 376 10
308 378 10
308 391 10
308 393 10
308 396 10
308 403 10
308 404 10
308 407 10
308 408 10
308 416 10
308 417 10
308 419 10
308 426 10
308 440 10
308 441 10
308 448 10
308 454 10
308 455 10
308 461 10
308 462 10
308 463 10
308 472 10
308 474 10
308 480 10
308 481 10
308 485 10
308 486 10
308 487 10
308 489 10
308 490 10
308 495 10
308 501 10
308 502 10
308 508 10
308 509 10
308 510 10
308 511 10
308 512 10
308 513 10
308 514 10
308 515 10
308 519 10
308 521 10
308 523 10
308 524 10
308 525 10
308 526 10
308 530 10
308 534 10
308 543 10
308 545 10
308 554 10
308 555 10
308 558 10
308 560 10
308 561 10
308 563 10
308 564 10
308 565 10
308 566 10
308 567 10
308 568 10
308 569 10
308 571 10
308 572 10
308 573 10
308 574 10
308 576 10
308 577 10
308 578 10
308 579 10
308 581 10
308 583 10
308 584 10
308 588 10
308 589 10
308 590 10
308 596 10
308 601 10
308 602 10
308 603 10
308 604 10
308 605 10
308 606 10
308 607 10
308 608 10
308 609 10
308 610 10
308 611 10
308 612 10
308 613 10
308 614 10
308 615 10
308 617 10
308 618 10
308 619 10
308 620 10
308 621 10
308 624 10
308 625 10
308 638 10
308 641 10
308 642 10
308 643 10
308 646 10
308 648 10
309 279 10
309 280 10
309 281 10
309 284 10
309 286 10
309 288 10
309 289 10
309 291 10
309 292 10
309 297 10
309 300 10
309 301 10
309 306 10
309 307 10
309 308 10
309 311 10
309 315 10
309 316 10
309 322 10
309 326 10
309 337 10
309 338 10
309 341 10
309 342 10
309 344 10
309 346 10
309 347 10
309 352 10
309 355 10
309 358 10
309 361 10
309 362 10
309 363 10
309 364 10
309 366 10
309 382 10
309 384 10
309 393 10
309 394 10
309 396 10
309 398 10
309 401 10
309 403 10
309 405 10
309 407 10
309 408 10
309 409 10
309 410 10
309 412 10
309 413 10
309 419 10
309 420 10
309 442 10
309 449 10
309 455 10
309 456 10
309 457 10
309 459 10
309 464 10
309 466 10
309 468 10
309 470 10
309 472 10
309 477 10
309 478 10
309 480 10
309 484 10
309 485 10
309 486 10
309 487 10
309 488 10
309 489 10
309 490 10
309 493 10
309 494 10
309 498 10
309 500 10
309 501 10
309 508 10
309 510 10
309 512 10
309 513 10
309 514 10
309 516 10
309 518 10
309 520 10
309 523 10
309 525 10
309 526 10
309 527 10
309 529 10
309 530 10
309 532 10
309 533 10
309 534 10
309 535 10
309 538 10
309 541 10
309 542 10
309 543 10
309 544 10
309 545 10
309 563 10
309 565 10
309 568 10
309 569 10
309 570 10
309 571 10
309 573 10
309 574 10
309 576 10
309 578 10
309 580 10
309 581 10
309 583 10
309 585 10
309 588 10
309 590 10
309 593 10
309 599 10
309 605 10
309 606 10
309 607 10
309 608 10
309 611 10
309 612 10
309 613 10
309 615 10
309 616 10
309 618 10
309 620 10
309 631 10
309 643 10
310 279 10
310 281 10
310 284 10
310 286 10
310 295 10
310 296 10
310 299 10
310 300 10
310 302 10
310 313 10
310 314 10
310 319 10
310 325 10
310 326 10
310 329 10
310 333 10
310 338 10
310 343 10
310 354 10
310 360 10
310 366 10
310 374 10
310 375 10
310 376 10
310 383 10
310 384 10
310 386 10
310 388 10
310 389 10
310 393 10
310 396 10
310 403 10
310 410 10
310 416 10
310 417 10
310 419 10
310 420 10
310 423 10
310 439 10
310 442 10
310 446 10
310 447 10
310 450 10
310 463 10
310 465 10
310 469 10
310 474 10
310 475 10
310 476 10
310 479 10
310 481 10
310 483 10
310 484 10
310 486 10
310 487 10
310 489 10
310 491 10
310 492 10
310 493 10
310 494 10
310 495 10
310 496 10
310 498 10
310 499 10
310 501 10
310 508 10
310 509 10
310 510 10
310 511 10
310 512 10
310 513 10
310 516 10
310 521 10
310 522 10
310 524 10
310 525 10
310 526 10
310 527 10
310 530 10
310 532 10
310 533 10
310 535 10
310 536 10
310 539 10
310 544 10
310 556 10
310 557 10
310 558 10
310 561 10
310 564 10
310 565 10
310 567 10
310 568 10
310 569 10
310 570 10
310 571 10
310 575 10
310 577 10
310 583 10
310 586 10
310 587 10
310 588 10
310 590 10
310 591 10
310 593 10
310 595 10
310 596 10
310 597 10
310 601 10
310 602 10
310 604 10
310 605 10
310 606 10
310 607 10
310 608 10
310 609 10
310 611 10
310 612 10
310 613 10
310 614 10
310 616 10
310 617 10
310 621 10
310 622 10
310 623 10
310 626 10
310 631 10
310 641 10
310 644 10
310 645 10
310 646 10
311 276 10
311 280 10
311 282 10
311 284 10
311 286 10
311 287 10
311 289 10
311 291 10
311 292 10
311 300 10
311 301 10
311 308 10
311 314 10
311 320 10
311 321 10
311 322 10
311 334 10
311 337 10
311 342 10
311 350 10
311 351 10
311 364 10
311 388 10
311 407 10
311 408 10
311 417 10
311 418 10
311 419 10
311 420 10
311 422 10
311 425 10
311 426 10
311 440 10
311 445 10
311 447 10
311 453 10
311 457 10
311 463 10
311 464 10
311 465 10
311 466 10
311 468 10
311 469 10
311 470 10
311 473 10
311 474 10
311 475 10
311 476 10
311 478 10
311 481 10
311 489 10
311 491 10
311 497 10
311 509 10
311 510 10
311 511 10
311 512 10
311 513 10
311 514 10
311 515 10
311 516 10
311 517 10
311 518 10
311 520 10
311 521 10
311 522 10
311 523 10
311 524 10
311 525 10
311 526 10
311 527 10
311 530 10
311 532 10
311 534 10
311 540 10
311 541 10
311 544 10
311 547 10
311 563 10
311 567 10
311 569 10
311 570 10
311 572 10
311 575 10
311 576 10
311 577 10
311 578 10
311 579 10
311 580 10
311 582 10
311 585 10
311 587 10
311 588 10
311 591 10
311 597 10
311 601 10
311 602 10
311 603 10
311 605 10
311 607 10
311 609 10
311 612 10
311 613 10
311 620 10
311 621 10
311 622 10
311 623 10
311 625 10
311 649 10
311 651 10
312 278 10
312 279 10
312 281 10
312 284 10
312 290 10
312 296 10
312 298 10
312 299 10
312 305 10
312 306 10
312 307 10
312 308 10
312 315 10
312 319 10
312 320 10
312 321 10
312 337 10
312 342 10
312 343 10
312 344 10
312 347 10
312 373 10
312 376 10
312 377 10
312 387 10
312 388 10
312 395 10
312 396 10
312 397 10
312 398 10
312 399 10
312 404 10
312 406 10
312 407 10
312 409 10
312 410 10
312 411 10
312 415 10
312 420 10
312 425 10
312 426 10
312 428 10
312 430 10
312 435 10
312 439 10
312 442 10
312 446 10
312 447 10
312 450 10
312 451 10
312 452 10
312 460 10
312 464 10
312 465 10
312 466 10
312 471 10
312 474 10
312 476 10
312 479 10
312 484 10
312 486 10
312 487 10
312 489 10
312 491 10
312 493 10
312 494 10
312 495 10
312 496 10
312 498 10
312 501 10
312 505 10
312 507 10
312 509 10
312 510 10
312 511 10
312 512 10
312 517 10
312 518 10
312 519 10
312 524 10
312 526 10
312 527 10
312 528 10
312 529 10
312 533 10
312 534 10
312 536 10
312 542 10
312 546 10
312 547 10
312 548 10
312 549 10
312 559 10
312 567 10
312 568 10
312 570 10
312 571 10
312 572 10
312 573 10
312 575 10
312 579 10
312 582 10
312 584 10
312 586 10
312 593 10
312 594 10
312 597 10
312 600 10
312 603 10
312 607 10
312 611 10
312 612 10
312 614 10
312 621 10
312 622 10
312 623 10
312 626 10
312 631 10
312 632 10
312 645 10
312 646 10
312 649 10
312 650 10
312 651 10
313 267 10
313 271 10
313 272 10
313 281 10
313 282 10
313 286 10
313 287 10
313 288 10
313 292 10
313 293 10
313 294 10
313 302 10
313 303 10
313 306 10
313 307 10
313 308 10
313 309 10
313 312 10
313 314 10
313 318 10
313 319 10
313 320 10
313 321 10
313 323 10
313 324 10
313 335 10
313 338 10
313 342 10
313 343 10
313 345 10
313 347 10
313 352 10
313 363 10
313 364 10
313 367 10
313 376 10
313 379 10
313 388 10
313 389 10
313 391 10
313 395 10
313 397 10
313 400 10
313 402 10
313 403 10
313 407 10
313 417 10
313 420 10
313 422 10
313 424 10
313 426 10
313 428 10
313 429 10
313 437 10
313 443 10
313 453 10
313 464 10
313 469 10
313 470 10
313 471 10
313 475 10
313 478 10
313 479 10
313 481 10
313 482 10
313 484 10
313 486 10
313 487 10
313 489 10
313 494 10
313 495 10
313 498 10
313 500 10
313 501 10
313 503 10
313 504 10
313 508 10
313 509 10
313 510 10
313 511 10
313 512 10
313 513 10
313 514 10
313 515 10
313 520 10
313 521 10
313 523 10
313 527 10
313 529 10
313 530 10
313 532 10
313 535 10
313 537 10
313 540 10
313 541 10
313 542 10
313 553 10
313 555 10
313 557 10
313 559 10
313 566 10
313 568 10
313 569 10
313 571 10
313 573 10
313 574 10
313 577 10
313 582 10
313 585 10
313 586 10
313 587 10
313 588 10
313 596 10
313 598 10
313 599 10
313 606 10
313 610 10
313 613 10
313 615 10
313 616 10
313 617 10
313 618 10
313 619 10
313 621 10
313 627 10
313 631 10
313 633 10
313 634 10
313 640 10
313 643 10
313 645 10
313 647 10
313 653 10
314 268 10
314 269 10
314 280 10
314 282 10
314 283 10
314 286 10
314 289 10
314 291 10
314 292 10
314 294 10
314 295 10
314 297 10
314 298 10
314 299 10
314 303 10
314 305 10
314 306 10
314 313 10
314 314 10
314 317 10
314 318 10
314 320 10
314 321 10
314 323 10
314 324 10
314 328 10
314 329 10
314 331 10
314 334 10
314 336 10
314 338 10
314 345 10
314 347 10
314 348 10
314 349 10
314 364 10
314 366 10
314 367 10
314 374 10
314 375 10
314 376 10
314 382 10
314 387 10
314 389 10
314 392 10
314 400 10
314 401 10
314 402 10
314 403 10
314 406 10
314 408 10
314 409 10
314 420 10
314 422 10
314 425 10
314 426 10
314 430 10
314 435 10
314 442 10
314 443 10
314 444 10
314 445 10
314 449 10
314 454 10
314 466 10
314 469 10
314 470 10
314 471 10
314 472 10
314 474 10
314 475 10
314 477 10
314 478 10
314 482 10
314 486 10
314 491 10
314 493 10
314 496 10
314 499 10
314 502 10
314 503 10
314 508 10
314 509 10
314 510 10
314 511 10
314 512 10
314 513 10
314 514 10
314 515 10
314 518 10
314 521 10
314 523 10
314 524 10
314 525 10
314 527 10
314 532 10
314 533 10
314 534 10
314 538 10
314 539 10
314 540 10
314 545 10
314 546 10
314 547 10
314 549 10
314 556 10
314 564 10
314 565 10
314 566 10
314 570 10
314 571 10
314 573 10
314 578 10
314 583 10
314 584 10
314 585 10
314 586 10
314 589 10
314 591 10
314 595 10
314 605 10
314 607 10
314 612 10
314 613 10
314 614 10
314 616 10
314 617 10
314 621 10
314 625 10
314 628 10
314 632 10
314 635 10
314 638 10
315 268 10
315 274 10
315 283 10
315 284 10
315 285 10
315 286 10
315 287 10
315 300 10
315 301 10
315 303 10
315 304 10
315 307 10
315 313 10
315 318 10
315 320 10
315 321 10
315 323 10
315 324 10
315 328 10
315 332 10
315 333 10
315 335 10
315 338 10
315 340 10
315 343 10
315 346 10
315 347 10
315 349 10
315 359 10
315 363 10
315 364 10
315 365 10
315 366 10
315 367 10
315 374 10
315 376 10
315 377 10
315 385 10
315 386 10
315 387 10
315 389 10
315 390 10
315 398 10
315 400 10
315 403 10
315 407 10
315 408 10
315 409 10
315 415 10
315 416 10
315 424 10
315 425 10
315 426 10
315 431 10
315 436 10
315 437 10
315 441 10
315 443 10
315 444 10
315 446 10
315 451 10
315 462 10
315 464 10
315 466 10
315 467 10
315 469 10
315 470 10
315 471 10
315 477 10
315 478 10
315 479 10
315 484 10
315 486 10
315 489 10
315 493 10
315 495 10
315 497 10
315 498 10
315 500 10
315 506 10
315 507 10
315 508 10
315 509 10
315 510 10
315 511 10
315 512 10
315 513 10
315 514 10
315 517 10
315 520 10
315 521 10
315 522 10
315 523 10
315 524 10
315 528 10
315 530 10
315 531 10
315 532 10
315 533 10
315 535 10
315 536 10
315 537 10
315 538 10
315 539 10
315 541 10
315 542 10
315 545 10
315 546 10
315 550 10
315 552 10
315 553 10
315 556 10
315 559 10
315 560 10
315 562 10
315 564 10
315 567 10
315 569 10
315 571 10
315 575 10
315 578 10
315 583 10
315 586 10
315 587 10
315 591 10
315 594 10
315 600 10
315 604 10
315 605 10
315 608 10
315 609 10
315 610 10
315 612 10
315 613 10
315 614 10
315 615 10
315 618 10
315 619 10
315 621 10
315 624 10
315 626 10
315 627 10
315 631 10
315 639 10
315 640 10
315 641 10
315 650 10
315 652 10
316 268 10
316 283 10
316 284 10
316 285 10
316 286 10
316 289 10
316 296 10
316 297 10
316 299 10
316 305 10
316 309 10
316 311 10
316 313 10
316 314 10
316 317 10
316 322 10
316 326 10
316 331 10
316 332 10
316 336 10
316 337 10
316 338 10
316 340 10
316 341 10
316 343 10
316 346 10
316 347 10
316 363 10
316 366 10
316 367 10
316 368 10
316 372 10
316 375 10
316 377 10
316 384 10
316 385 10
316 386 10
316 388 10
316 390 10
316 392 10
316 395 10
316 398 10
316 401 10
316 402 10
316 403 10
316 410 10
316 412 10
316 414 10
316 419 10
316 420 10
316 433 10
316 435 10
316 439 10
316 445 10
316 450 10
316 453 10
316 462 10
316 470 10
316 471 10
316 476 10
316 477 10
316 478 10
316 480 10
316 484 10
316 486 10
316 487 10
316 489 10
316 491 10
316 495 10
316 500 10
316 501 10
316 504 10
316 507 10
316 508 10
316 509 10
316 510 10
316 511 10
316 513 10
316 515 10
316 520 10
316 521 10
316 522 10
316 523 10
316 524 10
316 528 10
316 529 10
316 531 10
316 533 10
316 535 10
316 536 10
316 538 10
316 539 10
316 540 10
316 549 10
316 551 10
316 557 10
316 559 10
316 562 10
316 564 10
316 569 10
316 571 10
316 572 10
316 574 10
316 576 10
316 585 10
316 589 10
316 590 10
316 594 10
316 600 10
316 602 10
316 604 10
316 607 10
316 608 10
316 609 10
316 611 10
316 612 10
316 613 10
316 616 10
316 617 10
316 618 10
316 619 10
316 622 10
316 623 10
316 625 10
316 626 10
316 628 10
316 630 10
316 631 10
316 633 10
316 638 10
316 640 10
316 641 10
316 642 10
316 644 10
316 649 10
317 267 10
317 277 10
317 280 10
317 292 10
317 293 10
317 294 10
317 295 10
317 298 10
317 299 10
317 303 10
317 305 10
317 306 10
317 310 10
317 315 10
317 319 10
317 320 10
317 321 10
317 323 10
317 324 10
317 328 10
317 332 10
317 335 10
317 336 10
317 340 10
317 342 10
317 344 10
317 345 10
317 348 10
317 349 10
317 356 10
317 357 10
317 360 10
317 362 10
317 363 10
317 375 10
317 387 10
317 389 10
317 392 10
317 393 10
317 401 10
317 410 10
317 413 10
317 414 10
317 415 10
317 416 10
317 418 10
317 419 10
317 426 10
317 429 10
317 431 10
317 433 10
317 441 10
317 444 10
317 446 10
317 448 10
317 453 10
317 460 10
317 464 10
317 465 10
317 466 10
317 468 10
317 470 10
317 472 10
317 473 10
317 479 10
317 480 10
317 484 10
317 486 10
317 491 10
317 492 10
317 502 10
317 504 10
317 506 10
317 508 10
317 509 10
317 510 10
317 511 10
317 512 10
317 514 10
317 516 10
317 517 10
317 518 10
317 519 10
317 521 10
317 522 10
317 523 10
317 527 10
317 528 10
317 529 10
317 530 10
317 533 10
317 534 10
317 536 10
317 537 10
317 538 10
317 540 10
317 544 10
317 546 10
317 549 10
317 550 10
317 555 10
317 559 10
317 561 10
317 562 10
317 567 10
317 569 10
317 570 10
317 580 10
317 585 10
317 586 10
317 587 10
317 588 10
317 589 10
317 591 10
317 592 10
317 593 10
317 595 10
317 600 10
317 601 10
317 604 10
317 606 10
317 608 10
317 610 10
317 611 10
317 613 10
317 614 10
317 615 10
317 616 10
317 617 10
317 620 10
317 621 10
317 624 10
317 625 10
317 626 10
317 628 10
317 630 10
317 637 10
317 639 10
317 640 10
317 641 10
317 642 10
317 645 10
317 648 10
317 654 10
318 282 10
318 283 10
318 285 10
318 287 10
318 288 10
318 289 10
318 291 10
318 296 10
318 297 10
318 301 10
318 312 10
318 315 10
318 316 10
318 317 10
318 319 10
318 321 10
318 322 10
318 326 10
318 330 10
318 331 10
318 333 10
318 335 10
318 337 10
318 338 10
318 340 10
318 343 10
318 345 10
318 348 10
318 350 10
318 352 10
318 357 10
318 359 10
318 360 10
318 375 10
318 382 10
318 386 10
318 388 10
318 390 10
318 394 10
318 397 10
318 404 10
318 408 10
318 411 10
318 413 10
318 414 10
318 415 10
318 417 10
318 418 10
318 420 10
318 422 10
318 423 10
318 424 10
318 429 10
318 433 10
318 442 10
318 445 10
318 450 10
318 454 10
318 459 10
318 461 10
318 465 10
318 466 10
318 467 10
318 469 10
318 470 10
318 471 10
318 472 10
318 477 10
318 478 10
318 479 10
318 480 10
318 482 10
318 490 10
318 494 10
318 496 10
318 504 10
318 506 10
318 507 10
318 508 10
318 510 10
318 511 10
318 512 10
318 513 10
318 519 10
318 521 10
318 522 10
318 523 10
318 529 10
318 530 10
318 531 10
318 533 10
318 536 10
318 537 10
318 538 10
318 539 10
318 540 10
318 542 10
318 543 10
318 545 10
318 546 10
318 547 10
318 549 10
318 550 10
318 551 10
318 553 10
318 554 10
318 555 10
318 556 10
318 557 10
318 559 10
318 560 10
318 561 10
318 562 10
318 563 10
318 564 10
318 569 10
318 572 10
318 573 10
318 574 10
318 575 10
318 578 10
318 579 10
318 592 10
318 593 10
318 595 10
318 597 10
318 599 10
318 600 10
318 602 10
318 607 10
318 608 10
318 610 10
318 611 10
318 613 10
318 614 10
318 615 10
318 618 10
318 620 10
318 626 10
318 627 10
318 628 10
318 629 10
318 631 10
318 633 10
318 641 10
318 643 10
318 648 10
318 651 10
318 654 10
319 276 10
319 279 10
319 280 10
319 282 10
319 283 10
319 285 10
319 286 10
319 290 10
319 291 10
319 297 10
319 300 10
319 303 10
319 305 10
319 307 10
319 308 10
319 310 10
319 312 10
319 315 10
319 316 10
319 321 10
319 323 10
319 325 10
319 329 10
319 330 10
319 334 10
319 335 10
319 337 10
319 338 10
319 339 10
319 340 10
319 342 10
319 344 10
319 345 10
319 346 10
319 347 10
319 349 10
319 352 10
319 359 10
319 362 10
319 364 10
319 365 10
319 368 10
319 376 10
319 378 10
319 386 10
319 387 10
319 395 10
319 397 10
319 398 10
319 400 10
319 401 10
319 402 10
319 411 10
319 412 10
319 413 10
319 415 10
319 416 10
319 417 10
319 419 10
319 420 10
319 424 10
319 432 10
319 439 10
319 440 10
319 443 10
319 449 10
319 452 10
319 455 10
319 461 10
319 470 10
319 472 10
319 473 10
319 474 10
319 477 10
319 479 10
319 480 10
319 481 10
319 483 10
319 489 10
319 491 10
319 492 10
319 494 10
319 503 10
319 504 10
319 507 10
319 508 10
319 509 10
319 510 10
319 512 10
319 513 10
319 514 10
319 515 10
319 516 10
319 520 10
319 521 10
319 522 10
319 523 10
319 524 10
319 525 10
319 526 10
319 527 10
319 528 10
319 530 10
319 531 10
319 533 10
319 534 10
319 535 10
319 536 10
319 537 10
319 538 10
319 539 10
319 542 10
319 543 10
319 544 10
319 545 10
319 546 10
319 547 10
319 549 10
319 550 10
319 552 10
319 554 10
319 556 10
319 557 10
319 558 10
319 560 10
319 567 10
319 579 10
319 580 10
319 582 10
319 585 10
319 589 10
319 593 10
319 594 10
319 596 10
319 601 10
319 602 10
319 603 10
319 605 10
319 606 10
319 607 10
319 608 10
319 611 10
319 612 10
319 614 10
319 615 10
319 616 10
319 618 10
319 619 10
319 620 10
319 621 10
319 623 10
319 624 10
319 625 10
319 627 10
319 629 10
319 630 10
319 632 10
319 635 10
319 637 10
319 638 10
319 641 10
319 642 10
319 644 10
319 645 10
319 648 10
320 268 10
320 270 10
320 271 10
320 272 10
320 281 10
320 282 10
320 283 10
320 285 10
320 286 10
320 290 10
320 296 10
320 297 10
320 298 10
320 300 10
320 306 10
320 314 10
320 315 10
320 316 10
320 317 10
320 318 10
320 319 10
320 325 10
320 326 10
320 327 10
320 329 10
320 331 10
320 332 10
320 333 10
320 334 10
320 335 10
320 338 10
320 340 10
320 341 10
320 342 10
320 343 10
320 344 10
320 345 10
320 347 10
320 349 10
320 350 10
320 354 10
320 355 10
320 356 10
320 357 10
320 358 10
320 360 10
320 366 10
320 367 10
320 374 10
320 385 10
320 386 10
320 387 10
320 388 10
320 389 10
320 390 10
320 393 10
320 395 10
320 396 10
320 397 10
320 398 10
320 400 10
320 406 10
320 407 10
320 408 10
320 411 10
320 413 10
320 414 10
320 415 10
320 416 10
320 417 10
320 418 10
320 420 10
320 434 10
320 438 10
320 441 10
320 443 10
320 445 10
320 447 10
320 451 10
320 452 10
320 465 10
320 474 10
320 476 10
320 478 10
320 479 10
320 481 10
320 482 10
320 483 10
320 502 10
320 503 10
320 504 10
320 507 10
320 508 10
320 510 10
320 513 10
320 515 10
320 517 10
320 519 10
320 521 10
320 522 10
320 526 10
320 527 10
320 529 10
320 531 10
320 532 10
320 533 10
320 534 10
320 535 10
320 537 10
320 540 10
320 544 10
320 545 10
320 549 10
320 552 10
320 553 10
320 554 10
320 556 10
320 557 10
320 559 10
320 561 10
320 564 10
320 569 10
320 575 10
320 581 10
320 594 10
320 596 10
320 598 10
320 600 10
320 601 10
320 604 10
320 606 10
320 607 10
320 609 10
320 610 10
320 611 10
320 612 10
320 614 10
320 615 10
320 616 10
320 617 10
320 618 10
320 619 10
320 622 10
320 625 10
320 626 10
320 627 10
320 630 10
320 631 10
320 633 10
320 635 10
320 637 10
320 638 10
320 640 10
320 642 10
320 645 10
320 654 10
321 269 10
321 270 10
321 278 10
321 280 10
321 283 10
321 284 10
321 287 10
321 288 10
321 289 10
321 303 10
321 304 10
321 314 10
321 315 10
321 316 10
321 317 10
321 318 10
321 324 10
321 327 10
321 333 10
321 335 10
321 337 10
321 341 10
321 343 10
321 344 10
321 345 10
321 349 10
321 352 10
321 353 10
321 359 10
321 364 10
321 368 10
321 369 10
321 375 10
321 383 10
321 385 10
321 388 10
321 394 10
321 395 10
321 397 10
321 398 10
321 399 10
321 401 10
321 402 10
321 403 10
321 404 10
321 407 10
321 411 10
321 412 10
321 413 10
321 414 10
321 415 10
321 416 10
321 417 10
321 418 10
321 421 10
321 423 10
321 425 10
321 426 10
321 427 10
321 428 10
321 429 10
321 436 10
321 440 10
321 444 10
321 452 10
321 453 10
321 455 10
321 457 10
321 472 10
321 473 10
321 474 10
321 477 10
321 478 10
321 479 10
321 485 10
321 487 10
321 488 10
321 489 10
321 491 10
321 502 10
321 503 10
321 504 10
321 505 10
321 506 10
321 507 10
321 508 10
321 513 10
321 517 10
321 521 10
321 524 10
321 527 10
321 529 10
321 533 10
321 534 10
321 535 10
321 537 10
321 538 10
321 539 10
321 540 10
321 543 10
321 547 10
321 549 10
321 550 10
321 553 10
321 557 10
321 558 10
321 559 10
321 560 10
321 561 10
321 563 10
321 564 10
321 566 10
321 570 10
321 580 10
321 585 10
321 588 10
321 591 10
321 592 10
321 596 10
321 597 10
321 600 10
321 602 10
321 603 10
321 604 10
321 605 10
321 606 10
321 607 10
321 608 10
321 609 10
321 610 10
321 611 10
321 613 10
321 614 10
321 616 10
321 618 10
321 620 10
321 621 10
321 622 10
321 623 10
321 624 10
321 627 10
321 628 10
321 629 10
321 630 10
321 631 10
321 632 10
321 633 10
321 635 10
321 636 10
321 637 10
321 639 10
321 640 10
321 645 10
321 646 10
322 269 10
322 275 10
322 280 10
322 281 10
322 282 10
322 286 10
322 287 10
322 293 10
322 295 10
322 298 10
322 305 10
322 307 10
322 310 10
322 313 10
322 314 10
322 316 10
322 317 10
322 318 10
322 320 10
322 326 10
322 333 10
322 338 10
322 340 10
322 342 10
322 343 10
322 346 10
322 347 10
322 350 10
322 351 10
322 353 10
322 356 10
322 357 10
322 359 10
322 363 10
322 368 10
322 373 10
322 385 10
322 386 10
322 387 10
322 394 10
322 395 10
322 396 10
322 397 10
322 399 10
322 400 10
322 401 10
322 403 10
322 412 10
322 413 10
322 414 10
322 415 10
322 417 10
322 418 10
322 419 10
322 420 10
322 425 10
322 426 10
322 428 10
322 433 10
322 438 10
322 442 10
322 444 10
322 445 10
322 447 10
322 452 10
322 472 10
322 474 10
322 475 10
322 478 10
322 482 10
322 484 10
322 485 10
322 486 10
322 488 10
322 489 10
322 496 10
322 497 10
322 502 10
322 505 10
322 506 10
322 507 10
322 508 10
322 510 10
322 511 10
322 513 10
322 514 10
322 518 10
322 521 10
322 524 10
322 525 10
322 528 10
322 535 10
322 536 10
322 538 10
322 541 10
322 542 10
322 543 10
322 544 10
322 545 10
322 546 10
322 547 10
322 552 10
322 553 10
322 555 10
322 556 10
322 558 10
322 559 10
322 562 10
322 567 10
322 568 10
322 569 10
322 582 10
322 583 10
322 590 10
322 592 10
322 593 10
322 594 10
322 596 10
322 598 10
322 599 10
322 600 10
322 601 10
322 602 10
322 603 10
322 604 10
322 606 10
322 607 10
322 608 10
322 610 10
322 611 10
322 612 10
322 613 10
322 615 10
322 616 10
322 618 10
322 619 10
322 620 10
322 622 10
322 624 10
322 625 10
322 626 10
322 630 10
322 631 10
322 632 10
322 636 10
322 638 10
322 640 10
322 642 10
322 647 10
322 652 10
322 654 10
323 269 10
323 274 10
323 276 10
323 279 10
323 281 10
323 283 10
323 284 10
323 288 10
323 289 10
323 290 10
323 292 10
323 296 10
323 298 10
323 300 10
323 302 10
323 303 10
323 307 10
323 312 10
323 313 10
323 316 10
323 319 10
323 320 10
323 326 10
323 330 10
323 331 10
323 333 10
323 337 10
323 342 10
323 344 10
323 345 10
323 347 10
323 348 10
323 350 10
323 351 10
323 353 10
323 354 10
323 355 10
323 356 10
323 357 10
323 358 10
323 359 10
323 368 10
323 369 10
323 372 10
323 383 10
323 384 10
323 386 10
323 387 10
323 391 10
323 395 10
323 396 10
323 398 10
323 399 10
323 400 10
323 402 10
323 412 10
323 413 10
323 414 10
323 415 10
323 416 10
323 417 10
323 424 10
323 430 10
323 431 10
323 435 10
323 436 10
323 443 10
323 444 10
323 445 10
323 449 10
323 454 10
323 462 10
323 468 10
323 469 10
323 477 10
323 478 10
323 479 10
323 483 10
323 488 10
323 490 10
323 496 10
323 506 10
323 508 10
323 516 10
323 522 10
323 523 10
323 524 10
323 526 10
323 528 10
323 532 10
323 534 10
323 535 10
323 536 10
323 537 10
323 539 10
323 540 10
323 549 10
323 551 10
323 553 10
323 556 10
323 559 10
323 561 10
323 565 10
323 568 10
323 579 10
323 587 10
323 591 10
323 593 10
323 594 10
323 596 10
323 598 10
323 601 10
323 602 10
323 603 10
323 604 10
323 605 10
323 606 10
323 607 10
323 611 10
323 612 10
323 615 10
323 616 10
323 619 10
323 620 10
323 621 10
323 623 10
323 624 10
323 627 10
323 628 10
323 636 10
323 639 10
323 640 10
323 642 10
323 643 10
323 644 10
323 646 10
323 647 10
323 648 10
324 275 10
324 279 10
324 280 10
324 281 10
324 284 10
324 291 10
324 293 10
324 294 10
324 301 10
324 302 10
324 306 10
324 307 10
324 309 10
324 315 10
324 317 10
324 318 10
324 319 10
324 320 10
324 322 10
324 324 10
324 327 10
324 332 10
324 333 10
324 338 10
324 340 10
324 341 10
324 343 10
324 345 10
324 346 10
324 349 10
324 351 10
324 352 10
324 353 10
324 355 10
324 356 10
324 358 10
324 362 10
324 363 10
324 367 10
324 369 10
324 370 10
324 375 10
324 376 10
324 395 10
324 396 10
324 401 10
324 402 10
324 403 10
324 410 10
324 411 10
324 413 10
324 414 10
324 415 10
324 416 10
324 418 10
324 422 10
324 424 10
324 425 10
324 427 10
324 431 10
324 433 10
324 434 10
324 447 10
324 453 10
324 462 10
324 474 10
324 475 10
324 477 10
324 481 10
324 483 10
324 484 10
324 486 10
324 487 10
324 489 10
324 490 10
324 491 10
324 492 10
324 493 10
324 494 10
324 503 10
324 505 10
324 508 10
324 512 10
324 513 10
324 514 10
324 518 10
324 526 10
324 528 10
324 529 10
324 532 10
324 534 10
324 536 10
324 537 10
324 538 10
324 540 10
324 541 10
324 542 10
324 543 10
324 544 10
324 545 10
324 546 10
324 547 10
324 548 10
324 551 10
324 553 10
324 554 10
324 557 10
324 562 10
324 563 10
324 566 10
324 568 10
324 580 10
324 584 10
324 585 10
324 587 10
324 592 10
324 593 10
324 594 10
324 595 10
324 596 10
324 597 10
324 598 10
324 599 10
324 600 10
324 605 10
324 606 10
324 607 10
324 608 10
324 609 10
324 610 10
324 611 10
324 614 10
324 615 10
324 617 10
324 618 10
324 619 10
324 621 10
324 628 10
324 638 10
324 639 10
324 644 10
324 645 10
324 646 10
324 647 10
325 267 10
325 270 10
325 271 10
325 278 10
325 279 10
325 284 10
325 286 10
325 289 10
325 293 10
325 294 10
325 295 10
325 296 10
325 297 10
325 298 10
325 299 10
325 300 10
325 302 10
325 305 10
325 306 10
325 307 10
325 308 10
325 309 10
325 319 10
325 320 10
325 321 10
325 323 10
325 327 10
325 330 10
325 331 10
325 339 10
325 340 10
325 341 10
325 343 10
325 344 10
325 345 10
325 346 10
325 347 10
325 349 10
325 351 10
325 352 10
325 353 10
325 357 10
325 364 10
325 368 10
325 369 10
325 370 10
325 371 10
325 379 10
325 383 10
325 396 10
325 401 10
325 408 10
325 409 10
325 415 10
325 419 10
325 420 10
325 421 10
325 423 10
325 425 10
325 426 10
325 428 10
325 429 10
325 434 10
325 435 10
325 436 10
325 437 10
325 440 10
325 445 10
325 448 10
325 450 10
325 471 10
325 477 10
325 479 10
325 482 10
325 484 10
325 490 10
325 491 10
325 498 10
325 499 10
325 501 10
325 508 10
325 510 10
325 513 10
325 522 10
325 523 10
325 526 10
325 529 10
325 531 10
325 533 10
325 535 10
325 536 10
325 542 10
325 545 10
325 547 10
325 548 10
325 550 10
325 551 10
325 552 10
325 553 10
325 555 10
325 559 10
325 561 10
325 564 10
325 580 10
325 581 10
325 582 10
325 583 10
325 585 10
325 586 10
325 588 10
325 589 10
325 590 10
325 591 10
325 592 10
325 598 10
325 599 10
325 600 10
325 601 10
325 602 10
325 604 10
325 606 10
325 607 10
325 608 10
325 609 10
325 610 10
325 613 10
325 614 10
325 615 10
325 618 10
325 619 10
325 621 10
325 622 10
325 623 10
325 625 10
325 626 10
325 627 10
325 628 10
325 629 10
325 630 10
325 631 10
325 635 10
325 637 10
325 642 10
325 643 10
325 644 10
325 646 10
325 650 10
326 276 10
326 280 10
326 281 10
326 284 10
326 288 10
326 289 10
326 291 10
326 292 10
326 295 10
326 297 10
326 298 10
326 301 10
326 304 10
326 305 10
326 307 10
326 309 10
326 312 10
326 318 10
326 319 10
326 321 10
326 322 10
326 324 10
326 326 10
326 327 10
326 328 10
326 329 10
326 331 10
326 338 10
326 339 10
326 341 10
326 343 10
326 344 10
326 351 10
326 352 10
326 353 10
326 354 10
326 355 10
326 356 10
326 358 10
326 359 10
326 360 10
326 364 10
326 367 10
326 368 10
326 369 10
326 370 10
326 371 10
326 372 10
326 382 10
326 397 10
326 414 10
326 415 10
326 416 10
326 418 10
326 421 10
326 422 10
326 423 10
326 425 10
326 426 10
326 427 10
326 428 10
326 436 10
326 443 10
326 448 10
326 450 10
326 451 10
326 469 10
326 478 10
326 481 10
326 483 10
326 484 10
326 485 10
326 486 10
326 487 10
326 488 10
326 492 10
326 493 10
326 502 10
326 510 10
326 511 10
326 514 10
326 520 10
326 521 10
326 523 10
326 527 10
326 528 10
326 532 10
326 535 10
326 540 10
326 541 10
326 543 10
326 545 10
326 546 10
326 547 10
326 548 10
326 551 10
326 553 10
326 554 10
326 555 10
326 557 10
326 563 10
326 564 10
326 565 10
326 566 10
326 569 10
326 581 10
326 583 10
326 587 10
326 588 10
326 590 10
326 593 10
326 594 10
326 595 10
326 607 10
326 608 10
326 610 10
326 612 10
326 614 10
326 615 10
326 616 10
326 621 10
326 624 10
326 629 10
326 631 10
326 644 10
327 271 10
327 272 10
327 278 10
327 280 10
327 282 10
327 285 10
327 287 10
327 293 10
327 296 10
327 297 10
327 299 10
327 301 10
327 303 10
327 305 10
327 306 10
327 309 10
327 311 10
327 319 10
327 321 10
327 322 10
327 325 10
327 327 10
327 329 10
327 330 10
327 333 10
327 334 10
327 340 10
327 341 10
327 342 10
327 346 10
327 347 10
327 351 10
327 353 10
327 358 10
327 362 10
327 363 10
327 369 10
327 370 10
327 371 10
327 397 10
327 410 10
327 411 10
327 415 10
327 417 10
327 419 10
327 421 10
327 423 10
327 424 10
327 426 10
327 430 10
327 431 10
327 436 10
327 440 10
327 441 10
327 468 10
327 480 10
327 481 10
327 486 10
327 487 10
327 488 10
327 489 10
327 490 10
327 491 10
327 494 10
327 495 10
327 498 10
327 499 10
327 500 10
327 505 10
327 515 10
327 523 10
327 533 10
327 541 10
327 542 10
327 545 10
327 546 10
327 549 10
327 551 10
327 552 10
327 553 10
327 554 10
327 558 10
327 561 10
327 563 10
327 566 10
327 571 10
327 581 10
327 583 10
327 584 10
327 586 10
327 587 10
327 588 10
327 593 10
327 596 10
327 599 10
327 600 10
327 601 10
327 604 10
327 605 10
327 606 10
327 611 10
327 616 10
327 617 10
327 618 10
327 623 10
327 624 10
327 625 10
327 626 10
328 272 10
328 280 10
328 285 10
328 294 10
328 295 10
328 296 10
328 302 10
328 305 10
328 307 10
328 309 10
328 323 10
328 326 10
328 330 10
328 332 10
328 334 10
328 341 10
328 342 10
328 343 10
328 346 10
328 348 10
328 351 10
328 354 10
328 355 10
328 363 10
328 364 10
328 365 10
328 367 10
328 368 10
328 370 10
328 372 10
328 376 10
328 383 10
328 384 10
328 410 10
328 415 10
328 417 10
328 419 10
328 422 10
328 424 10
328 426 10
328 427 10
328 428 10
328 430 10
328 435 10
328 437 10
328 470 10
328 480 10
328 482 10
328 485 10
328 487 10
328 488 10
328 489 10
328 493 10
328 494 10
328 497 10
328 499 10
328 501 10
328 508 10
328 509 10
328 512 10
328 518 10
328 521 10
328 522 10
328 531 10
328 533 10
328 536 10
328 540 10
328 542 10
328 544 10
328 546 10
328 548 10
328 549 10
328 550 10
328 552 10
328 553 10
328 554 10
328 556 10
328 558 10
328 562 10
328 563 10
328 564 10
328 566 10
328 568 10
328 569 10
328 571 10
328 573 10
328 575 10
328 581 10
328 582 10
328 588 10
328 590 10
328 591 10
328 592 10
328 593 10
328 601 10
328 602 10
328 607 10
328 608 10
328 610 10
328 611 10
328 612 10
328 613 10
328 615 10
328 617 10
328 619 10
328 620 10
328 622 10
328 623 10
328 631 10
328 640 10
328 646 10
329 268 10
329 270 10
329 271 10
329 273 10
329 282 10
329 284 10
329 287 10
329 294 10
329 300 10
329 302 10
329 303 10
329 305 10
329 306 10
329 308 10
329 310 10
329 311 10
329 319 10
329 321 10
329 324 10
329 325 10
329 327 10
329 329 10
329 331 10
329 334 10
329 339 10
329 341 10
329 342 10
329 343 10
329 346 10
329 349 10
329 353 10
329 354 10
329 364 10
329 366 10
329 368 10
329 371 10
329 373 10
329 375 10
329 376 10
329 378 10
329 379 10
329 408 10
329 414 10
329 415 10
329 417 10
329 419 10
329 420 10
329 421 10
329 422 10
329 423 10
329 424 10
329 425 10
329 427 10
329 428 10
329 431 10
329 470 10
329 475 10
329 478 10
329 480 10
329 481 10
329 482 10
329 484 10
329 485 10
329 486 10
329 487 10
329 490 10
329 491 10
329 501 10
329 502 10
329 503 10
329 505 10
329 511 10
329 518 10
329 522 10
329 524 10
329 529 10
329 533 10
329 534 10
329 535 10
329 537 10
329 543 10
329 544 10
329 545 10
329 549 10
329 550 10
329 551 10
329 552 10
329 553 10
329 554 10
329 560 10
329 562 10
329 563 10
329 564 10
329 567 10
329 571 10
329 589 10
329 590 10
329 594 10
329 595 10
329 596 10
329 597 10
329 598 10
329 599 10
329 603 10
329 604 10
329 606 10
329 607 10
329 608 10
329 609 10
329 610 10
329 611 10
329 612 10
329 613 10
329 615 10
329 617 10
329 618 10
329 621 10
329 623 10
329 624 10
329 626 10
329 629 10
329 639 10
329 640 10
329 643 10
329 644 10
329 668 10
329 688 10
330 266 10
330 269 10
330 270 10
330 274 10
330 287 10
330 297 10
330 302 10
330 304 10
330 305 10
330 309 10
330 312 10
330 317 10
330 324 10
330 325 10
330 326 10
330 327 10
330 328 10
330 329 10
330 331 10
330 333 10
330 334 10
330 340 10
330 344 10
330 348 10
330 350 10
330 352 10
330 353 10
330 357 10
330 359 10
330 364 10
330 367 10
330 373 10
330 374 10
330 375 10
330 376 10
330 396 10
330 401 10
330 404 10
330 411 10
330 415 10
330 417 10
330 419 10
330 421 10
330 426 10
330 428 10
330 434 10
330 438 10
330 481 10
330 483 10
330 485 10
330 487 10
330 497 10
330 504 10
330 505 10
330 509 10
330 510 10
330 516 10
330 523 10
330 524 10
330 530 10
330 534 10
330 536 10
330 537 10
330 538 10
330 539 10
330 540 10
330 541 10
330 543 10
330 544 10
330 546 10
330 547 10
330 548 10
330 550 10
330 551 10
330 553 10
330 556 10
330 559 10
330 563 10
330 564 10
330 566 10
330 568 10
330 570 10
330 572 10
330 579 10
330 582 10
330 588 10
330 590 10
330 593 10
330 594 10
330 596 10
330 599 10
330 600 10
330 601 10
330 603 10
330 606 10
330 607 10
330 611 10
330 612 10
330 613 10
330 614 10
330 617 10
330 620 10
330 622 10
330 624 10
330 625 10
330 627 10
330 632 10
330 645 10
331 269 10
331 273 10
331 276 10
331 280 10
331 283 10
331 284 10
331 286 10
331 300 10
331 304 10
331 320 10
331 325 10
331 327 10
331 329 10
331 331 10
331 332 10
331 334 10
331 344 10
331 345 10
331 346 10
331 347 10
331 350 10
331 355 10
331 358 10
331 359 10
331 362 10
331 365 10
331 371 10
331 395 10
331 401 10
331 410 10
331 415 10
331 421 10
331 424 10
331 428 10
331 430 10
331 433 10
331 434 10
331 435 10
331 436 10
331 449 10
331 452 10
331 467 10
331 469 10
331 479 10
331 481 10
331 482 10
331 484 10
331 499 10
331 505 10
331 508 10
331 509 10
331 510 10
331 520 10
331 521 10
331 525 10
331 527 10
331 531 10
331 533 10
331 535 10
331 536 10
331 538 10
331 539 10
331 543 10
331 544 10
331 547 10
331 548 10
331 549 10
331 550 10
331 551 10
331 553 10
331 554 10
331 555 10
331 558 10
331 560 10
331 561 10
331 562 10
331 563 10
331 565 10
331 568 10
331 569 10
331 582 10
331 583 10
331 585 10
331 587 10
331 590 10
331 592 10
331 593 10
331 594 10
331 596 10
331 597 10
331 598 10
331 599 10
331 602 10
331 604 10
331 605 10
331 606 10
331 607 10
331 609 10
331 610 10
331 611 10
331 615 10
331 619 10
331 625 10
331 626 10
331 628 10
331 629 10
331 630 10
331 631 10
331 632 10
331 633 10
331 641 10
331 651 10
331 652 10
331 686 10
331 694 10
332 269 10
332 271 10
332 274 10
332 275 10
332 276 10
332 278 10
332 279 10
332 281 10
332 282 10
332 284 10
332 285 10
332 286 10
332 292 10
332 300 10
332 309 10
332 312 10
332 313 10
332 319 10
332 326 10
332 328 10
332 329 10
332 331 10
332 332 10
332 337 10
332 338 10
332 340 10
332 343 10
332 353 10
332 355 10
332 356 10
332 358 10
332 359 10
332 360 10
332 361 10
332 362 10
332 364 10
332 366 10
332 368 10
332 369 10
332 375 10
332 394 10
332 400 10
332 405 10
332 409 10
332 411 10
332 413 10
332 416 10
332 421 10
332 422 10
332 424 10
332 428 10
332 429 10
332 434 10
332 438 10
332 446 10
332 448 10
332 450 10
332 471 10
332 478 10
332 483 10
332 486 10
332 488 10
332 492 10
332 531 10
332 535 10
332 536 10
332 542 10
332 544 10
332 545 10
332 546 10
332 547 10
332 551 10
332 552 10
332 555 10
332 556 10
332 558 10
332 559 10
332 562 10
332 563 10
332 564 10
332 565 10
332 566 10
332 567 10
332 568 10
332 570 10
332 571 10
332 576 10
332 580 10
332 581 10
332 584 10
332 585 10
332 586 10
332 590 10
332 591 10
332 592 10
332 594 10
332 595 10
332 597 10
332 599 10
332 600 10
332 602 10
332 604 10
332 606 10
332 609 10
332 610 10
332 611 10
332 612 10
332 613 10
332 614 10
332 618 10
332 625 10
332 629 10
332 630 10
332 635 10
332 639 10
332 640 10
332 641 10
332 647 10
332 649 10
332 651 10
332 673 10
333 271 10
333 272 10
333 273 10
333 274 10
333 279 10
333 280 10
333 281 10
333 282 10
333 285 10
333 290 10
333 292 10
333 297 10
333 299 10
333 302 10
333 310 10
333 311 10
333 320 10
333 324 10
333 327 10
333 328 10
333 329 10
333 334 10
333 348 10
333 349 10
333 351 10
333 354 10
333 356 10
333 357 10
333 358 10
333 359 10
333 360 10
333 361 10
333 363 10
333 364 10
333 366 10
333 367 10
333 369 10
333 405 10
333 406 10
333 413 10
333 414 10
333 415 10
333 423 10
333 428 10
333 435 10
333 436 10
333 437 10
333 438 10
333 443 10
333 444 10
333 446 10
333 447 10
333 448 10
333 449 10
333 450 10
333 456 10
333 464 10
333 467 10
333 468 10
333 473 10
333 474 10
333 479 10
333 481 10
333 482 10
333 484 10
333 485 10
333 486 10
333 490 10
333 495 10
333 504 10
333 505 10
333 509 10
333 510 10
333 511 10
333 512 10
333 522 10
333 524 10
333 533 10
333 535 10
333 536 10
333 541 10
333 545 10
333 547 10
333 548 10
333 549 10
333 551 10
333 554 10
333 563 10
333 568 10
333 569 10
333 570 10
333 571 10
333 574 10
333 581 10
333 582 10
333 583 10
333 585 10
333 586 10
333 587 10
333 589 10
333 592 10
333 594 10
333 601 10
333 603 10
333 605 10
333 608 10
333 610 10
333 611 10
333 614 10
333 616 10
333 617 10
333 622 10
333 626 10
333 628 10
333 629 10
333 630 10
333 631 10
333 632 10
333 633 10
333 638 10
333 639 10
333 641 10
333 642 10
333 643 10
333 649 10
334 269 10
334 275 10
334 280 10
334 281 10
334 282 10
334 283 10
334 285 10
334 298 10
334 301 10
334 308 10
334 311 10
334 314 10
334 319 10
334 326 10
334 327 10
334 328 10
334 334 10
334 336 10
334 345 10
334 347 10
334 348 10
334 349 10
334 350 10
334 351 10
334 353 10
334 354 10
334 355 10
334 356 10
334 358 10
334 359 10
334 360 10
334 361 10
334 362 10
334 364 10
334 367 10
334 368 10
334 369 10
334 370 10
334 371 10
334 374 10
334 375 10
334 376 10
334 399 10
334 408 10
334 412 10
334 414 10
334 417 10
334 422 10
334 428 10
334 434 10
334 436 10
334 448 10
334 450 10
334 458 10
334 459 10
334 466 10
334 468 10
334 469 10
334 471 10
334 478 10
334 479 10
334 480 10
334 491 10
334 503 10
334 507 10
334 508 10
334 510 10
334 511 10
334 513 10
334 520 10
334 521 10
334 534 10
334 536 10
334 544 10
334 546 10
334 549 10
334 551 10
334 552 10
334 555 10
334 556 10
334 558 10
334 562 10
334 571 10
334 572 10
334 575 10
334 576 10
334 577 10
334 579 10
334 584 10
334 585 10
334 587 10
334 590 10
334 592 10
334 594 10
334 595 10
334 596 10
334 597 10
334 599 10
334 606 10
334 609 10
334 610 10
334 611 10
334 612 10
334 614 10
334 615 10
334 616 10
334 617 10
334 619 10
334 620 10
334 621 10
334 623 10
334 624 10
334 628 10
334 630 10
334 631 10
334 639 10
334 641 10
334 642 10
334 643 10
334 646 10
334 672 10
334 673 10
334 674 10
334 689 10
334 690 10
335 278 10
335 281 10
335 282 10
335 283 10
335 285 10
335 292 10
335 294 10
335 296 10
335 299 10
335 300 10
335 302 10
335 311 10
335 315 10
335 325 10
335 327 10
335 329 10
335 333 10
335 334 10
335 338 10
335 342 10
335 349 10
335 351 10
335 352 10
335 353 10
335 354 10
335 355 10
335 356 10
335 357 10
335 358 10
335 359 10
335 360 10
335 361 10
335 362 10
335 363 10
335 365 10
335 367 10
335 369 10
335 372 10
335 373 10
335 377 10
335 388 10
335 389 10
335 406 10
335 407 10
335 408 10
335 412 10
335 430 10
335 431 10
335 434 10
335 436 10
335 438 10
335 440 10
335 446 10
335 451 10
335 453 10
335 455 10
335 460 10
335 468 10
335 471 10
335 473 10
335 484 10
335 490 10
335 491 10
335 505 10
335 509 10
335 512 10
335 513 10
335 515 10
335 519 10
335 521 10
335 522 10
335 535 10
335 536 10
335 537 10
335 538 10
335 539 10
335 540 10
335 541 10
335 543 10
335 544 10
335 546 10
335 547 10
335 553 10
335 555 10
335 561 10
335 568 10
335 573 10
335 574 10
335 577 10
335 578 10
335 579 10
335 580 10
335 582 10
335 583 10
335 587 10
335 589 10
335 590 10
335 591 10
335 596 10
335 598 10
335 599 10
335 601 10
335 603 10
335 606 10
335 608 10
335 610 10
335 611 10
335 613 10
335 615 10
335 622 10
335 627 10
335 637 10
335 639 10
335 640 10
335 644 10
335 689 10
336 272 10
336 273 10
336 281 10
336 283 10
336 284 10
336 292 10
336 294 10
336 298 10
336 299 10
336 302 10
336 313 10
336 314 10
336 315 10
336 327 10
336 331 10
336 332 10
336 334 10
336 335 10
336 337 10
336 338 10
336 342 10
336 343 10
336 344 10
336 345 10
336 349 10
336 356 10
336 358 10
336 359 10
336 360 10
336 361 10
336 362 10
336 364 10
336 367 10
336 369 10
336 375 10
336 383 10
336 398 10
336 399 10
336 401 10
336 409 10
336 410 10
336 414 10
336 416 10
336 430 10
336 434 10
336 435 10
336 449 10
336 455 10
336 456 10
336 457 10
336 463 10
336 464 10
336 465 10
336 466 10
336 467 10
336 469 10
336 470 10
336 471 10
336 473 10
336 478 10
336 483 10
336 484 10
336 489 10
336 492 10
336 502 10
336 504 10
336 510 10
336 511 10
336 512 10
336 513 10
336 515 10
336 517 10
336 518 10
336 519 10
336 520 10
336 521 10
336 522 10
336 525 10
336 535 10
336 536 10
336 540 10
336 543 10
336 547 10
336 548 10
336 549 10
336 550 10
336 551 10
336 552 10
336 553 10
336 554 10
336 555 10
336 576 10
336 581 10
336 582 10
336 583 10
336 585 10
336 586 10
336 589 10
336 591 10
336 593 10
336 599 10
336 602 10
336 604 10
336 605 10
336 606 10
336 608 10
336 609 10
336 611 10
336 612 10
336 613 10
336 614 10
336 616 10
336 618 10
336 621 10
336 640 10
336 643 10
336 644 10
336 645 10
336 647 10
336 653 10
336 654 10
336 671 10
336 673 10
336 685 10
336 687 10
336 690 10
337 274 10
337 276 10
337 277 10
337 283 10
337 284 10
337 285 10
337 286 10
337 288 10
337 293 10
337 303 10
337 306 10
337 310 10
337 312 10
337 313 10
337 315 10
337 325 10
337 331 10
337 334 10
337 335 10
337 337 10
337 339 10
337 342 10
337 347 10
337 348 10
337 350 10
337 351 10
337 353 10
337 358 10
337 359 10
337 362 10
337 363 10
337 369 10
337 370 10
337 384 10
337 385 10
337 386 10
337 390 10
337 397 10
337 407 10
337 408 10
337 409 10
337 412 10
337 414 10
337 418 10
337 420 10
337 423 10
337 434 10
337 440 10
337 441 10
337 449 10
337 451 10
337 453 10
337 455 10
337 456 10
337 457 10
337 459 10
337 460 10
337 462 10
337 463 10
337 465 10
337 466 10
337 467 10
337 469 10
337 473 10
337 482 10
337 484 10
337 485 10
337 490 10
337 491 10
337 492 10
337 494 10
337 509 10
337 511 10
337 514 10
337 515 10
337 516 10
337 517 10
337 518 10
337 519 10
337 520 10
337 521 10
337 524 10
337 537 10
337 538 10
337 540 10
337 545 10
337 546 10
337 549 10
337 550 10
337 551 10
337 553 10
337 556 10
337 558 10
337 559 10
337 560 10
337 561 10
337 562 10
337 573 10
337 576 10
337 581 10
337 582 10
337 584 10
337 586 10
337 588 10
337 589 10
337 591 10
337 592 10
337 601 10
337 603 10
337 605 10
337 608 10
337 609 10
337 610 10
337 611 10
337 612 10
337 613 10
337 614 10
337 615 10
337 617 10
337 618 10
337 619 10
337 623 10
337 626 10
337 628 10
337 642 10
337 643 10
337 644 10
337 649 10
337 676 10
337 687 10
337 700 10
338 273 10
338 277 10
338 279 10
338 281 10
338 283 10
338 285 10
338 287 10
338 290 10
338 293 10
338 298 10
338 302 10
338 306 10
338 307 10
338 309 10
338 310 10
338 311 10
338 313 10
338 314 10
338 315 10
338 316 10
338 318 10
338 324 10
338 326 10
338 328 10
338 331 10
338 332 10
338 337 10
338 338 10
338 339 10
338 340 10
338 343 10
338 344 10
338 345 10
338 351 10
338 352 10
338 353 10
338 355 10
338 357 10
338 358 10
338 359 10
338 360 10
338 362 10
338 364 10
338 365 10
338 369 10
338 375 10
338 382 10
338 385 10
338 401 10
338 412 10
338 413 10
338 414 10
338 416 10
338 418 10
338 420 10
338 426 10
338 431 10
338 432 10
338 436 10
338 437 10
338 438 10
338 451 10
338 452 10
338 453 10
338 454 10
338 456 10
338 457 10
338 458 10
338 462 10
338 465 10
338 466 10
338 467 10
338 468 10
338 469 10
338 471 10
338 473 10
338 474 10
338 476 10
338 477 10
338 483 10
338 488 10
338 490 10
338 491 10
338 495 10
338 508 10
338 512 10
338 513 10
338 516 10
338 517 10
338 518 10
338 520 10
338 522 10
338 523 10
338 532 10
338 535 10
338 537 10
338 538 10
338 539 10
338 541 10
338 546 10
338 548 10
338 549 10
338 552 10
338 553 10
338 555 10
338 561 10
338 562 10
338 572 10
338 579 10
338 585 10
338 587 10
338 589 10
338 590 10
338 591 10
338 595 10
338 598 10
338 599 10
338 601 10
338 606 10
338 607 10
338 608 10
338 610 10
338 611 10
338 612 10
338 613 10
338 615 10
338 616 10
338 617 10
338 618 10
338 621 10
338 623 10
338 624 10
338 626 10
338 628 10
338 629 10
338 630 10
338 644 10
338 645 10
338 648 10
338 653 10
338 654 10
338 678 10
338 687 10
338 698 10
338 699 10
339 271 10
339 275 10
339 283 10
339 284 10
339 286 10
339 288 10
339 297 10
339 305 10
339 307 10
339 308 10
339 309 10
339 310 10
339 312 10
339 313 10
339 315 10
339 322 10
339 327 10
339 332 10
339 333 10
339 334 10
339 335 10
339 336 10
339 340 10
339 341 10
339 343 10
339 344 10
339 345 10
339 346 10
339 347 10
339 348 10
339 349 10
339 352 10
339 354 10
339 355 10
339 356 10
339 358 10
339 359 10
339 360 10
339 362 10
339 363 10
339 365 10
339 370 10
339 382 10
339 385 10
339 390 10
339 391 10
339 392 10
339 396 10
339 398 10
339 406 10
339 408 10
339 410 10
339 411 10
339 412 10
339 413 10
339 414 10
339 416 10
339 419 10
339 421 10
339 426 10
339 434 10
339 435 10
339 436 10
339 449 10
339 451 10
339 452 10
339 453 10
339 454 10
339 455 10
339 456 10
339 457 10
339 458 10
339 459 10
339 460 10
339 463 10
339 464 10
339 465 10
339 468 10
339 471 10
339 474 10
339 477 10
339 481 10
339 483 10
339 489 10
339 507 10
339 509 10
339 510 10
339 511 10
339 512 10
339 513 10
339 514 10
339 515 10
339 516 10
339 518 10
339 519 10
339 524 10
339 526 10
339 534 10
339 535 10
339 536 10
339 538 10
339 539 10
339 540 10
339 542 10
339 543 10
339 546 10
339 548 10
339 552 10
339 553 10
339 558 10
339 560 10
339 562 10
339 563 10
339 576 10
339 579 10
339 584 10
339 587 10
339 591 10
339 592 10
339 594 10
339 595 10
339 600 10
339 601 10
339 603 10
339 604 10
339 607 10
339 608 10
339 609 10
339 610 10
339 611 10
339 612 10
339 613 10
339 615 10
339 618 10
339 624 10
339 626 10
339 644 10
339 645 10
339 647 10
339 649 10
339 683 10
339 688 10
340 271 10
340 276 10
340 277 10
340 296 10
340 297 10
340 299 10
340 301 10
340 303 10
340 305 10
340 307 10
340 308 10
340 309 10
340 310 10
340 311 10
340 312 10
340 316 10
340 325 10
340 327 10
340 329 10
340 330 10
340 332 10
340 336 10
340 340 10
340 341 10
340 342 10
340 344 10
340 345 10
340 346 10
340 348 10
340 352 10
340 356 10
340 357 10
340 358 10
340 359 10
340 360 10
340 361 10
340 362 10
340 363 10
340 364 10
340 369 10
340 375 10
340 377 10
340 380 10
340 383 10
340 384 10
340 388 10
340 394 10
340 398 10
340 399 10
340 401 10
340 411 10
340 412 10
340 413 10
340 416 10
340 418 10
340 423 10
340 427 10
340 429 10
340 433 10
340 434 10
340 435 10
340 436 10
340 439 10
340 444 10
340 449 10
340 452 10
340 453 10
340 454 10
340 455 10
340 456 10
340 457 10
340 458 10
340 459 10
340 460 10
340 461 10
340 462 10
340 463 10
340 464 10
340 466 10
340 467 10
340 469 10
340 472 10
340 473 10
340 474 10
340 476 10
340 478 10
340 479 10
340 480 10
340 481 10
340 482 10
340 494 10
340 495 10
340 497 10
340 502 10
340 503 10
340 506 10
340 510 10
340 511 10
340 512 10
340 513 10
340 514 10
340 515 10
340 517 10
340 518 10
340 520 10
340 521 10
340 522 10
340 523 10
340 534 10
340 536 10
340 537 10
340 538 10
340 539 10
340 540 10
340 541 10
340 542 10
340 548 10
340 551 10
340 554 10
340 560 10
340 563 10
340 572 10
340 573 10
340 581 10
340 583 10
340 584 10
340 585 10
340 586 10
340 587 10
340 591 10
340 593 10
340 598 10
340 599 10
340 601 10
340 603 10
340 606 10
340 607 10
340 608 10
340 610 10
340 613 10
340 615 10
340 619 10
340 628 10
340 629 10
340 630 10
340 639 10
340 640 10
340 646 10
340 677 10
340 678 10
340 690 10
340 696 10
340 703 10
341 275 10
341 279 10
341 286 10
341 295 10
341 304 10
341 306 10
341 307 10
341 308 10
341 309 10
341 311 10
341 312 10
341 315 10
341 326 10
341 333 10
341 334 10
341 335 10
341 339 10
341 341 10
341 342 10
341 343 10
341 344 10
341 345 10
341 346 10
341 347 10
341 348 10
341 349 10
341 350 10
341 351 10
341 352 10
341 356 10
341 357 10
341 358 10
341 359 10
341 360 10
341 361 10
341 362 10
341 368 10
341 373 10
341 378 10
341 379 10
341 380 10
341 381 10
341 382 10
341 384 10
341 385 10
341 387 10
341 389 10
341 392 10
341 398 10
341 404 10
341 413 10
341 414 10
341 416 10
341 417 10
341 423 10
341 424 10
341 428 10
341 429 10
341 430 10
341 435 10
341 450 10
341 451 10
341 456 10
341 457 10
341 458 10
341 461 10
341 462 10
341 463 10
341 464 10
341 465 10
341 467 10
341 469 10
341 470 10
341 471 10
341 472 10
341 473 10
341 474 10
341 475 10
341 476 10
341 477 10
341 478 10
341 479 10
341 481 10
341 482 10
341 492 10
341 495 10
341 496 10
341 499 10
341 501 10
341 505 10
341 510 10
341 511 10
341 512 10
341 513 10
341 514 10
341 515 10
341 516 10
341 517 10
341 519 10
341 520 10
341 522 10
341 531 10
341 534 10
341 536 10
341 538 10
341 539 10
341 542 10
341 543 10
341 545 10
341 547 10
341 551 10
341 554 10
341 558 10
341 561 10
341 562 10
341 568 10
341 570 10
341 572 10
341 573 10
341 579 10
341 585 10
341 586 10
341 588 10
341 589 10
341 590 10
341 601 10
341 602 10
341 603 10
341 604 10
341 605 10
341 609 10
341 614 10
341 618 10
341 619 10
341 626 10
341 629 10
341 630 10
341 631 10
341 642 10
341 643 10
341 645 10
341 647 10
341 648 10
341 650 10
341 653 10
341 660 10
341 666 10
341 676 10
341 678 10
341 679 10
341 681 10
341 690 10
341 693 10
341 724 10
342 270 10
342 272 10
342 275 10
342 276 10
342 286 10
342 294 10
342 303 10
342 306 10
342 308 10
342 309 10
342 310 10
342 311 10
342 312 10
342 314 10
342 315 10
342 318 10
342 319 10
342 327 10
342 328 10
342 332 10
342 336 10
342 338 10
342 339 10
342 340 10
342 341 10
342 342 10
342 343 10
342 344 10
342 345 10
342 346 10
342 347 10
342 348 10
342 349 10
342 351 10
342 352 10
342 353 10
342 354 10
342 356 10
342 357 10
342 358 10
342 359 10
342 360 10
342 361 10
342 370 10
342 371 10
342 376 10
342 379 10
342 380 10
342 381 10
342 382 10
342 383 10
342 386 10
342 387 10
342 395 10
342 403 10
342 404 10
342 405 10
342 406 10
342 408 10
342 410 10
342 412 10
342 416 10
342 418 10
342 421 10
342 423 10
342 424 10
342 426 10
342 429 10
342 432 10
342 433 10
342 436 10
342 437 10
342 439 10
342 442 10
342 449 10
342 451 10
342 454 10
342 456 10
342 457 10
342 459 10
342 460 10
342 461 10
342 462 10
342 464 10
342 468 10
342 469 10
342 470 10
342 472 10
342 476 10
342 477 10
342 478 10
342 479 10
342 480 10
342 481 10
342 482 10
342 483 10
342 484 10
342 485 10
342 486 10
342 492 10
342 494 10
342 510 10
342 511 10
342 512 10
342 513 10
342 514 10
342 516 10
342 517 10
342 518 10
342 520 10
342 521 10
342 522 10
342 523 10
342 524 10
342 527 10
342 529 10
342 533 10
342 536 10
342 538 10
342 540 10
342 543 10
342 547 10
342 549 10
342 558 10
342 559 10
342 560 10
342 561 10
342 562 10
342 566 10
342 570 10
342 571 10
342 572 10
342 574 10
342 576 10
342 577 10
342 578 10
342 583 10
342 584 10
342 585 10
342 589 10
342 592 10
342 595 10
342 597 10
342 599 10
342 601 10
342 603 10
342 605 10
342 606 10
342 609 10
342 612 10
342 614 10
342 616 10
342 619 10
342 625 10
342 628 10
342 631 10
342 632 10
342 636 10
342 637 10
342 638 10
342 639 10
342 649 10
342 662 10
342 665 10
342 668 10
342 669 10
342 675 10
342 677 10
342 681 10
342 682 10
342 684 10
342 688 10
342 695 10
342 721 10
342 725 10
343 274 10
343 277 10
343 278 10
343 295 10
343 297 10
343 303 10
343 307 10
343 308 10
343 309 10
343 311 10
343 312 10
343 313 10
343 314 10
343 323 10
343 324 10
343 328 10
343 334 10
343 338 10
343 339 10
343 340 10
343 341 10
343 342 10
343 343 10
343 344 10
343 345 10
343 346 10
343 347 10
343 348 10
343 349 10
343 350 10
343 351 10
343 352 10
343 356 10
343 358 10
343 359 10
343 360 10
343 361 10
343 364 10
343 373 10
343 378 10
343 380 10
343 382 10
343 384 10
343 385 10
343 391 10
343 393 10
343 395 10
343 396 10
343 398 10
343 403 10
343 410 10
343 411 10
343 417 10
343 419 10
343 421 10
343 422 10
343 423 10
343 424 10
343 427 10
343 428 10
343 429 10
343 431 10
343 437 10
343 439 10
343 455 10
343 456 10
343 457 10
343 459 10
343 460 10
343 461 10
343 464 10
343 466 10
343 468 10
343 469 10
343 473 10
343 474 10
343 475 10
343 478 10
343 480 10
343 481 10
343 482 10
343 484 10
343 485 10
343 494 10
343 495 10
343 497 10
343 499 10
343 500 10
343 501 10
343 510 10
343 511 10
343 512 10
343 513 10
343 514 10
343 515 10
343 516 10
343 517 10
343 518 10
343 520 10
343 521 10
343 523 10
343 528 10
343 529 10
343 532 10
343 534 10
343 537 10
343 538 10
343 539 10
343 540 10
343 543 10
343 546 10
343 548 10
343 549 10
343 554 10
343 557 10
343 558 10
343 559 10
343 561 10
343 563 10
343 564 10
343 568 10
343 571 10
343 572 10
343 581 10
343 583 10
343 585 10
343 586 10
343 587 10
343 588 10
343 592 10
343 593 10
343 599 10
343 600 10
343 601 10
343 602 10
343 603 10
343 604 10
343 608 10
343 609 10
343 611 10
343 612 10
343 615 10
343 616 10
343 617 10
343 622 10
343 623 10
343 625 10
343 629 10
343 630 10
343 632 10
343 633 10
343 634 10
343 637 10
343 638 10
343 639 10
343 641 10
343 643 10
343 644 10
343 646 10
343 654 10
343 663 10
343 666 10
343 667 10
343 669 10
343 679 10
343 685 10
343 686 10
343 690 10
344 268 10
344 293 10
344 295 10
344 299 10
344 302 10
344 305 10
344 307 10
344 308 10
344 310 10
344 314 10
344 317 10
344 324 10
344 329 10
344 331 10
344 332 10
344 334 10
344 338 10
344 339 10
344 340 10
344 343 10
344 345 10
344 346 10
344 347 10
344 348 10
344 349 10
344 351 10
344 352 10
344 353 10
344 354 10
344 355 10
344 356 10
344 357 10
344 359 10
344 361 10
344 362 10
344 370 10
344 372 10
344 377 10
344 379 10
344 385 10
344 386 10
344 387 10
344 388 10
344 389 10
344 390 10
344 396 10
344 403 10
344 405 10
344 411 10
344 413 10
344 414 10
344 415 10
344 416 10
344 423 10
344 424 10
344 425 10
344 428 10
344 431 10
344 438 10
344 442 10
344 456 10
344 459 10
344 461 10
344 467 10
344 469 10
344 470 10
344 472 10
344 476 10
344 477 10
344 479 10
344 480 10
344 481 10
344 482 10
344 494 10
344 499 10
344 506 10
344 507 10
344 508 10
344 509 10
344 511 10
344 512 10
344 513 10
344 514 10
344 517 10
344 519 10
344 521 10
344 523 10
344 525 10
344 527 10
344 528 10
344 529 10
344 531 10
344 533 10
344 535 10
344 536 10
344 537 10
344 539 10
344 540 10
344 542 10
344 545 10
344 546 10
344 547 10
344 548 10
344 551 10
344 552 10
344 553 10
344 554 10
344 556 10
344 558 10
344 560 10
344 561 10
344 562 10
344 565 10
344 567 10
344 571 10
344 572 10
344 573 10
344 574 10
344 575 10
344 576 10
344 581 10
344 583 10
344 585 10
344 587 10
344 589 10
344 591 10
344 592 10
344 596 10
344 599 10
344 601 10
344 603 10
344 605 10
344 606 10
344 607 10
344 608 10
344 610 10
344 613 10
344 620 10
344 626 10
344 627 10
344 629 10
344 630 10
344 631 10
344 633 10
344 635 10
344 636 10
344 637 10
344 638 10
344 640 10
344 641 10
344 645 10
344 646 10
344 647 10
344 654 10
344 663 10
344 666 10
344 667 10
344 679 10
344 680 10
344 682 10
344 684 10
344 685 10
344 688 10
344 690 10
344 720 10
344 726 10
344 727 10
345 291 10
345 295 10
345 296 10
345 300 10
345 303 10
345 304 10
345 305 10
345 312 10
345 329 10
345 330 10
345 331 10
345 332 10
345 333 10
345 339 10
345 340 10
345 341 10
345 342 10
345 343 10
345 345 10
345 346 10
345 347 10
345 348 10
345 349 10
345 350 10
345 351 10
345 352 10
345 353 10
345 357 10
345 358 10
345 359 10
345 360 10
345 363 10
345 368 10
345 369 10
345 374 10
345 380 10
345 382 10
345 384 10
345 385 10
345 386 10
345 387 10
345 389 10
345 390 10
345 391 10
345 393 10
345 394 10
345 396 10
345 402 10
345 403 10
345 404 10
345 409 10
345 412 10
345 413 10
345 414 10
345 415 10
345 416 10
345 417 10
345 418 10
345 420 10
345 421 10
345 425 10
345 426 10
345 427 10
345 428 10
345 429 10
345 431 10
345 434 10
345 435 10
345 436 10
345 437 10
345 439 10
345 445 10
345 446 10
345 447 10
345 457 10
345 458 10
345 459 10
345 460 10
345 462 10
345 465 10
345 466 10
345 467 10
345 469 10
345 470 10
345 471 10
345 473 10
345 475 10
345 476 10
345 478 10
345 479 10
345 480 10
345 481 10
345 482 10
345 484 10
345 485 10
345 491 10
345 494 10
345 496 10
345 497 10
345 499 10
345 501 10
345 503 10
345 511 10
345 512 10
345 513 10
345 514 10
345 515 10
345 516 10
345 517 10
345 518 10
345 519 10
345 520 10
345 521 10
345 522 10
345 526 10
345 528 10
345 530 10
345 531 10
345 532 10
345 533 10
345 534 10
345 541 10
345 543 10
345 545 10
345 546 10
345 548 10
345 549 10
345 552 10
345 553 10
345 558 10
345 560 10
345 563 10
345 565 10
345 566 10
345 569 10
345 571 10
345 573 10
345 575 10
345 577 10
345 579 10
345 580 10
345 581 10
345 583 10
345 584 10
345 587 10
345 595 10
345 598 10
345 599 10
345 600 10
345 601 10
345 602 10
345 606 10
345 607 10
345 608 10
345 609 10
345 611 10
345 614 10
345 622 10
345 623 10
345 625 10
345 628 10
345 635 10
345 636 10
345 637 10
345 640 10
345 641 10
345 658 10
345 663 10
345 664 10
345 668 10
345 672 10
345 677 10
345 678 10
345 684 10
345 685 10
345 687 10
345 689 10
345 690 10
345 694 10
345 697 10
345 699 10
345 722 10
345 725 10
345 728 10
346 294 10
346 296 10
346 298 10
346 300 10
346 301 10
346 303 10
346 305 10
346 314 10
346 316 10
346 320 10
346 328 10
346 332 10
346 333 10
346 336 10
346 338 10
346 339 10
346 340 10
346 342 10
346 343 10
346 344 10
346 345 10
346 346 10
346 347 10
346 348 10
346 349 10
346 350 10
346 352 10
346 356 10
346 357 10
346 358 10
346 360 10
346 361 10
346 363 10
346 369 10
346 372 10
346 373 10
346 381 10
346 382 10
346 383 10
346 384 10
346 385 10
346 386 10
346 387 10
346 388 10
346 389 10
346 390 10
346 391 10
346 392 10
346 393 10
346 394 10
346 403 10
346 405 10
346 406 10
346 409 10
346 410 10
346 411 10
346 413 10
346 415 10
346 416 10
346 417 10
346 418 10
346 421 10
346 424 10
346 425 10
346 426 10
346 428 10
346 429 10
346 431 10
346 443 10
346 444 10
346 452 10
346 454 10
346 458 10
346 459 10
346 460 10
346 462 10
346 463 10
346 465 10
346 468 10
346 470 10
346 473 10
346 476 10
346 480 10
346 481 10
346 482 10
346 484 10
346 488 10
346 489 10
346 497 10
346 500 10
346 505 10
346 506 10
346 509 10
346 511 10
346 512 10
346 513 10
346 514 10
346 515 10
346 516 10
346 517 10
346 518 10
346 520 10
346 523 10
346 531 10
346 535 10
346 541 10
346 542 10
346 544 10
346 546 10
346 550 10
346 551 10
346 553 10
346 555 10
346 557 10
346 558 10
346 560 10
346 562 10
346 563 10
346 565 10
346 567 10
346 568 10
346 569 10
346 571 10
346 572 10
346 573 10
346 574 10
346 576 10
346 577 10
346 579 10
346 580 10
346 582 10
346 584 10
346 588 10
346 591 10
346 592 10
346 593 10
346 598 10
346 599 10
346 600 10
346 601 10
346 602 10
346 604 10
346 607 10
346 608 10
346 615 10
346 616 10
346 619 10
346 620 10
346 627 10
346 630 10
346 631 10
346 637 10
346 638 10
346 639 10
346 642 10
346 645 10
346 659 10
346 660 10
346 661 10
346 662 10
346 663 10
346 668 10
346 680 10
346 682 10
346 683 10
346 684 10
346 685 10
346 686 10
346 687 10
346 690 10
346 693 10
346 695 10
346 700 10
346 701 10
346 720 10
346 723 10
346 725 10
346 727 10
346 728 10
347 292 10
347 293 10
347 296 10
347 306 10
347 307 10
347 320 10
347 322 10
347 324 10
347 325 10
347 326 10
347 327 10
347 330 10
347 331 10
347 337 10
347 338 10
347 339 10
347 340 10
347 341 10
347 342 10
347 343 10
347 344 10
347 345 10
347 346 10
347 348 10
347 350 10
347 351 10
347 352 10
347 357 10
347 360 10
347 368 10
347 373 10
347 375 10
347 376 10
347 380 10
347 382 10
347 383 10
347 384 10
347 385 10
347 386 10
347 387 10
347 393 10
347 396 10
347 397 10
347 400 10
347 404 10
347 407 10
347 411 10
347 413 10
347 416 10
347 417 10
347 420 10
347 421 10
347 423 10
347 426 10
347 427 10
347 428 10
347 430 10
347 440 10
347 441 10
347 443 10
347 444 10
347 445 10
347 446 10
347 447 10
347 448 10
347 449 10
347 450 10
347 451 10
347 457 10
347 458 10
347 460 10
347 462 10
347 463 10
347 465 10
347 466 10
347 468 10
347 469 10
347 470 10
347 471 10
347 473 10
347 475 10
347 476 10
347 478 10
347 479 10
347 480 10
347 481 10
347 482 10
347 484 10
347 485 10
347 496 10
347 501 10
347 503 10
347 509 10
347 510 10
347 512 10
347 513 10
347 514 10
347 515 10
347 516 10
347 518 10
347 528 10
347 533 10
347 535 10
347 542 10
347 543 10
347 544 10
347 548 10
347 549 10
347 550 10
347 553 10
347 556 10
347 558 10
347 563 10
347 565 10
347 568 10
347 572 10
347 573 10
347 575 10
347 577 10
347 578 10
347 580 10
347 584 10
347 585 10
347 586 10
347 587 10
347 590 10
347 591 10
347 599 10
347 600 10
347 602 10
347 603 10
347 605 10
347 607 10
347 608 10
347 610 10
347 611 10
347 613 10
347 617 10
347 618 10
347 619 10
347 622 10
347 623 10
347 625 10
347 626 10
347 627 10
347 628 10
347 629 10
347 630 10
347 634 10
347 635 10
347 636 10
347 638 10
347 640 10
347 642 10
347 646 10
347 653 10
347 659 10
347 660 10
347 664 10
347 666 10
347 667 10
347 668 10
347 670 10
347 671 10
347 676 10
347 678 10
347 680 10
347 682 10
347 683 10
347 685 10
347 687 10
347 689 10
347 690 10
347 693 10
347 697 10
347 698 10
347 699 10
347 703 10
347 719 10
347 722 10
347 725 10
347 727 10
348 291 10
348 292 10
348 293 10
348 295 10
348 297 10
348 298 10
348 300 10
348 303 10
348 304 10
348 305 10
348 306 10
348 308 10
348 313 10
348 314 10
348 318 10
348 319 10
348 320 10
348 321 10
348 323 10
348 327 10
348 330 10
348 332 10
348 334 10
348 335 10
348 337 10
348 339 10
348 340 10
348 341 10
348 342 10
348 343 10
348 344 10
348 345 10
348 346 10
348 348 10
348 349 10
348 350 10
348 351 10
348 352 10
348 356 10
348 361 10
348 371 10
348 373 10
348 374 10
348 380 10
348 382 10
348 384 10
348 385 10
348 386 10
348 399 10
348 404 10
348 407 10
348 409 10
348 411 10
348 412 10
348 414 10
348 416 10
348 417 10
348 418 10
348 419 10
348 420 10
348 421 10
348 425 10
348 429 10
348 434 10
348 435 10
348 437 10
348 440 10
348 441 10
348 445 10
348 450 10
348 452 10
348 461 10
348 462 10
348 463 10
348 464 10
348 469 10
348 475 10
348 476 10
348 477 10
348 478 10
348 479 10
348 480 10
348 481 10
348 482 10
348 484 10
348 489 10
348 495 10
348 496 10
348 498 10
348 501 10
348 502 10
348 503 10
348 505 10
348 510 10
348 511 10
348 512 10
348 515 10
348 517 10
348 519 10
348 522 10
348 525 10
348 529 10
348 534 10
348 538 10
348 540 10
348 541 10
348 546 10
348 550 10
348 551 10
348 553 10
348 554 10
348 555 10
348 556 10
348 560 10
348 562 10
348 564 10
348 567 10
348 569 10
348 570 10
348 572 10
348 574 10
348 576 10
348 578 10
348 587 10
348 588 10
348 589 10
348 590 10
348 591 10
348 601 10
348 604 10
348 605 10
348 609 10
348 610 10
348 611 10
348 613 10
348 614 10
348 615 10
348 620 10
348 622 10
348 625 10
348 627 10
348 628 10
348 629 10
348 632 10
348 636 10
348 637 10
348 638 10
348 655 10
348 658 10
348 659 10
348 660 10
348 661 10
348 666 10
348 671 10
348 680 10
348 682 10
348 683 10
348 688 10
348 689 10
348 690 10
348 691 10
348 693 10
348 700 10
348 704 10
348 713 10
348 716 10
348 727 10
348 728 10
349 277 10
349 290 10
349 291 10
349 292 10
349 294 10
349 295 10
349 296 10
349 298 10
349 305 10
349 306 10
349 308 10
349 310 10
349 321 10
349 325 10
349 326 10
349 329 10
349 334 10
349 335 10
349 336 10
349 337 10
349 339 10
349 340 10
349 341 10
349 342 10
349 345 10
349 346 10
349 347 10
349 348 10
349 356 10
349 360 10
349 362 10
349 366 10
349 367 10
349 377 10
349 384 10
349 386 10
349 388 10
349 389 10
349 390 10
349 392 10
349 398 10
349 399 10
349 401 10
349 405 10
349 407 10
349 413 10
349 415 10
349 416 10
349 417 10
349 418 10
349 419 10
349 420 10
349 421 10
349 423 10
349 425 10
349 426 10
349 428 10
349 429 10
349 430 10
349 437 10
349 438 10
349 440 10
349 441 10
349 442 10
349 443 10
349 445 10
349 446 10
349 448 10
349 450 10
349 454 10
349 455 10
349 458 10
349 460 10
349 461 10
349 464 10
349 468 10
349 475 10
349 476 10
349 478 10
349 479 10
349 480 10
349 481 10
349 482 10
349 483 10
349 485 10
349 486 10
349 499 10
349 500 10
349 502 10
349 511 10
349 512 10
349 513 10
349 515 10
349 516 10
349 517 10
349 518 10
349 536 10
349 541 10
349 545 10
349 547 10
349 548 10
349 550 10
349 551 10
349 552 10
349 553 10
349 560 10
349 561 10
349 562 10
349 563 10
349 565 10
349 566 10
349 567 10
349 569 10
349 571 10
349 572 10
349 573 10
349 574 10
349 577 10
349 578 10
349 582 10
349 588 10
349 592 10
349 593 10
349 597 10
349 598 10
349 600 10
349 601 10
349 607 10
349 610 10
349 612 10
349 614 10
349 616 10
349 618 10
349 619 10
349 620 10
349 622 10
349 623 10
349 625 10
349 628 10
349 630 10
349 633 10
349 634 10
349 636 10
349 638 10
349 653 10
349 654 10
349 655 10
349 658 10
349 664 10
349 667 10
349 670 10
349 679 10
349 680 10
349 685 10
349 693 10
349 695 10
349 697 10
349 698 10
349 700 10
349 704 10
349 714 10
349 716 10
349 718 10
349 719 10
349 721 10
349 722 10
349 724 10
349 727 10
350 278 10
350 292 10
350 295 10
350 298 10
350 303 10
350 307 10
350 318 10
350 320 10
350 321 10
350 327 10
350 328 10
350 331 10
350 333 10
350 336 10
350 337 10
350 338 10
350 339 10
350 340 10
350 341 10
350 342 10
350 344 10
350 345 10
350 346 10
350 347 10
350 348 10
350 349 10
350 351 10
350 352 10
350 364 10
350 368 10
350 372 10
350 373 10
350 375 10
350 377 10
350 379 10
350 383 10
350 385 10
350 387 10
350 390 10
350 400 10
350 403 10
350 404 10
350 412 10
350 413 10
350 416 10
350 417 10
350 418 10
350 419 10
350 420 10
350 421 10
350 427 10
350 430 10
350 434 10
350 435 10
350 437 10
350 440 10
350 441 10
350 442 10
350 445 10
350 448 10
350 455 10
350 456 10
350 458 10
350 473 10
350 476 10
350 477 10
350 478 10
350 479 10
350 480 10
350 481 10
350 483 10
350 485 10
350 486 10
350 497 10
350 504 10
350 506 10
350 508 10
350 509 10
350 510 10
350 511 10
350 513 10
350 514 10
350 515 10
350 517 10
350 522 10
350 523 10
350 524 10
350 536 10
350 538 10
350 540 10
350 541 10
350 542 10
350 548 10
350 550 10
350 553 10
350 555 10
350 556 10
350 557 10
350 558 10
350 559 10
350 560 10
350 561 10
350 563 10
350 569 10
350 570 10
350 571 10
350 572 10
350 573 10
350 574 10
350 575 10
350 576 10
350 579 10
350 586 10
350 588 10
350 591 10
350 592 10
350 595 10
350 598 10
350 600 10
350 607 10
350 609 10
350 611 10
350 612 10
350 613 10
350 617 10
350 618 10
350 619 10
350 620 10
350 621 10
350 623 10
350 624 10
350 626 10
350 628 10
350 630 10
350 633 10
350 635 10
350 636 10
350 637 10
350 650 10
350 651 10
350 652 10
350 653 10
350 681 10
350 683 10
350 684 10
350 685 10
350 696 10
350 700 10
350 704 10
350 706 10
350 711 10
350 712 10
350 713 10
350 717 10
350 719 10
350 723 10
351 280 10
351 282 10
351 291 10
351 292 10
351 294 10
351 297 10
351 324 10
351 327 10
351 329 10
351 331 10
351 335 10
351 339 10
351 340 10
351 341 10
351 343 10
351 344 10
351 346 10
351 348 10
351 357 10
351 362 10
351 364 10
351 365 10
351 368 10
351 372 10
351 377 10
351 381 10
351 383 10
351 384 10
351 385 10
351 386 10
351 387 10
351 399 10
351 400 10
351 401 10
351 402 10
351 406 10
351 409 10
351 410 10
351 411 10
351 412 10
351 413 10
351 415 10
351 418 10
351 420 10
351 422 10
351 430 10
351 436 10
351 439 10
351 442 10
351 443 10
351 444 10
351 446 10
351 447 10
351 449 10
351 460 10
351 466 10
351 471 10
351 475 10
351 478 10
351 479 10
351 480 10
351 481 10
351 482 10
351 484 10
351 486 10
351 492 10
351 493 10
351 499 10
351 508 10
351 509 10
351 510 10
351 511 10
351 512 10
351 514 10
351 515 10
351 517 10
351 518 10
351 533 10
351 534 10
351 535 10
351 536 10
351 537 10
351 539 10
351 541 10
351 542 10
351 543 10
351 550 10
351 551 10
351 552 10
351 553 10
351 554 10
351 556 10
351 559 10
351 560 10
351 561 10
351 564 10
351 565 10
351 566 10
351 567 10
351 568 10
351 569 10
351 571 10
351 572 10
351 573 10
351 576 10
351 578 10
351 579 10
351 580 10
351 583 10
351 584 10
351 588 10
351 591 10
351 593 10
351 594 10
351 596 10
351 604 10
351 606 10
351 607 10
351 608 10
351 611 10
351 612 10
351 613 10
351 614 10
351 615 10
351 617 10
351 619 10
351 620 10
351 622 10
351 623 10
351 624 10
351 625 10
351 628 10
351 629 10
351 630 10
351 634 10
351 635 10
351 636 10
351 647 10
351 649 10
351 651 10
351 652 10
351 654 10
351 655 10
351 679 10
351 680 10
351 682 10
351 683 10
351 685 10
351 689 10
351 696 10
351 697 10
351 700 10
351 706 10
351 717 10
351 721 10
351 727 10
352 293 10
352 294 10
352 295 10
352 301 10
352 304 10
352 324 10
352 326 10
352 339 10
352 340 10
352 343 10
352 344 10
352 348 10
352 356 10
352 360 10
352 361 10
352 363 10
352 368 10
352 373 10
352 382 10
352 386 10
352 389 10
352 397 10
352 409 10
352 414 10
352 418 10
352 421 10
352 429 10
352 430 10
352 431 10
352 433 10
352 434 10
352 436 10
352 438 10
352 440 10
352 443 10
352 444 10
352 446 10
352 448 10
352 449 10
352 451 10
352 462 10
352 464 10
352 468 10
352 469 10
352 470 10
352 472 10
352 473 10
352 475 10
352 477 10
352 478 10
352 480 10
352 481 10
352 483 10
352 508 10
352 509 10
352 511 10
352 512 10
352 515 10
352 516 10
352 520 10
352 524 10
352 526 10
352 527 10
352 529 10
352 532 10
352 533 10
352 535 10
352 536 10
352 537 10
352 538 10
352 540 10
352 541 10
352 543 10
352 544 10
352 545 10
352 546 10
352 547 10
352 548 10
352 550 10
352 551 10
352 553 10
352 557 10
352 558 10
352 561 10
352 562 10
352 563 10
352 564 10
352 565 10
352 569 10
352 570 10
352 571 10
352 572 10
352 574 10
352 575 10
352 576 10
352 577 10
352 579 10
352 580 10
352 588 10
352 589 10
352 594 10
352 596 10
352 599 10
352 600 10
352 601 10
352 605 10
352 607 10
352 609 10
352 611 10
352 614 10
352 618 10
352 619 10
352 621 10
352 622 10
352 624 10
352 632 10
352 633 10
352 634 10
352 635 10
352 637 10
352 646 10
352 647 10
352 650 10
352 651 10
352 653 10
352 656 10
352 695 10
352 697 10
352 698 10
352 710 10
352 712 10
352 714 10
352 716 10
352 717 10
352 720 10
353 289 10
353 290 10
353 292 10
353 296 10
353 299 10
353 300 10
353 309 10
353 327 10
353 328 10
353 337 10
353 341 10
353 342 10
353 343 10
353 346 10
353 354 10
353 361 10
353 362 10
353 371 10
353 373 10
353 380 10
353 382 10
353 384 10
353 400 10
353 404 10
353 406 10
353 407 10
353 409 10
353 415 10
353 417 10
353 418 10
353 421 10
353 422 10
353 426 10
353 428 10
353 440 10
353 441 10
353 442 10
353 443 10
353 444 10
353 445 10
353 446 10
353 447 10
353 449 10
353 453 10
353 460 10
353 463 10
353 469 10
353 472 10
353 474 10
353 475 10
353 476 10
353 477 10
353 478 10
353 479 10
353 480 10
353 481 10
353 509 10
353 510 10
353 511 10
353 512 10
353 513 10
353 514 10
353 516 10
353 517 10
353 519 10
353 520 10
353 522 10
353 525 10
353 526 10
353 528 10
353 530 10
353 532 10
353 535 10
353 537 10
353 538 10
353 540 10
353 542 10
353 543 10
353 544 10
353 546 10
353 547 10
353 550 10
353 551 10
353 552 10
353 553 10
353 555 10
353 556 10
353 559 10
353 560 10
353 561 10
353 564 10
353 566 10
353 569 10
353 570 10
353 571 10
353 572 10
353 573 10
353 574 10
353 575 10
353 578 10
353 579 10
353 580 10
353 581 10
353 583 10
353 587 10
353 590 10
353 594 10
353 598 10
353 608 10
353 610 10
353 611 10
353 612 10
353 621 10
353 622 10
353 624 10
353 625 10
353 626 10
353 627 10
353 628 10
353 632 10
353 633 10
353 634 10
353 646 10
353 647 10
353 654 10
353 656 10
353 660 10
353 678 10
353 679 10
353 682 10
353 695 10
353 700 10
353 704 10
353 712 10
353 717 10
353 718 10
353 720 10
353 722 10
354 280 10
354 288 10
354 290 10
354 291 10
354 294 10
354 295 10
354 298 10
354 301 10
354 307 10
354 309 10
354 324 10
354 325 10
354 326 10
354 341 10
354 344 10
354 354 10
354 355 10
354 359 10
354 360 10
354 361 10
354 362 10
354 370 10
354 374 10
354 385 10
354 386 10
354 389 10
354 394 10
354 395 10
354 404 10
354 406 10
354 408 10
354 412 10
354 414 10
354 423 10
354 426 10
354 429 10
354 431 10
354 435 10
354 437 10
354 438 10
354 441 10
354 443 10
354 444 10
354 446 10
354 447 10
354 448 10
354 450 10
354 459 10
354 460 10
354 462 10
354 463 10
354 470 10
354 471 10
354 472 10
354 479 10
354 482 10
354 489 10
354 490 10
354 508 10
354 510 10
354 512 10
354 513 10
354 514 10
354 515 10
354 516 10
354 517 10
354 521 10
354 523 10
354 525 10
354 526 10
354 527 10
354 528 10
354 529 10
354 532 10
354 535 10
354 537 10
354 541 10
354 542 10
354 543 10
354 544 10
354 545 10
354 547 10
354 548 10
354 549 10
354 551 10
354 553 10
354 555 10
354 556 10
354 558 10
354 559 10
354 562 10
354 564 10
354 567 10
354 568 10
354 569 10
354 570 10
354 572 10
354 573 10
354 576 10
354 580 10
354 581 10
354 584 10
354 585 10
354 587 10
354 588 10
354 593 10
354 598 10
354 601 10
354 604 10
354 607 10
354 608 10
354 610 10
354 617 10
354 618 10
354 620 10
354 626 10
354 630 10
354 636 10
354 643 10
354 645 10
354 646 10
354 653 10
354 654 10
354 655 10
354 656 10
354 657 10
354 699 10
354 700 10
354 702 10
354 705 10
354 709 10
354 713 10
354 717 10
354 718 10
354 719 10
355 282 10
355 288 10
355 289 10
355 290 10
355 292 10
355 293 10
355 296 10
355 298 10
355 300 10
355 301 10
355 317 10
355 325 10
355 327 10
355 340 10
355 346 10
355 356 10
355 357 10
355 372 10
355 373 10
355 378 10
355 379 10
355 383 10
355 384 10
355 389 10
355 391 10
355 392 10
355 399 10
355 405 10
355 406 10
355 407 10
355 408 10
355 409 10
355 410 10
355 411 10
355 412 10
355 414 10
355 415 10
355 416 10
355 422 10
355 425 10
355 427 10
355 429 10
355 433 10
355 434 10
355 438 10
355 439 10
355 441 10
355 443 10
355 446 10
355 448 10
355 449 10
355 450 10
355 460 10
355 464 10
355 465 10
355 473 10
355 474 10
355 477 10
355 480 10
355 481 10
355 490 10
355 499 10
355 511 10
355 512 10
355 516 10
355 520 10
355 525 10
355 526 10
355 527 10
355 529 10
355 537 10
355 541 10
355 542 10
355 543 10
355 544 10
355 546 10
355 548 10
355 550 10
355 551 10
355 555 10
355 558 10
355 559 10
355 564 10
355 566 10
355 570 10
355 572 10
355 573 10
355 574 10
355 575 10
355 576 10
355 577 10
355 578 10
355 579 10
355 580 10
355 584 10
355 586 10
355 587 10
355 589 10
355 590 10
355 599 10
355 602 10
355 604 10
355 609 10
355 611 10
355 619 10
355 621 10
355 622 10
355 623 10
355 625 10
355 626 10
355 627 10
355 630 10
355 631 10
355 632 10
355 633 10
355 634 10
355 647 10
355 649 10
355 652 10
355 654 10
355 656 10
355 661 10
355 699 10
355 701 10
355 705 10
355 708 10
355 710 10
355 712 10
355 713 10
355 714 10
355 716 10
355 719 10
355 722 10
356 285 10
356 291 10
356 293 10
356 298 10
356 317 10
356 318 10
356 319 10
356 320 10
356 321 10
356 323 10
356 324 10
356 326 10
356 327 10
356 328 10
356 354 10
356 355 10
356 359 10
356 361 10
356 363 10
356 366 10
356 367 10
356 370 10
356 371 10
356 376 10
356 384 10
356 385 10
356 386 10
356 388 10
356 390 10
356 391 10
356 395 10
356 397 10
356 400 10
356 403 10
356 405 10
356 406 10
356 408 10
356 409 10
356 410 10
356 413 10
356 416 10
356 417 10
356 419 10
356 421 10
356 422 10
356 433 10
356 440 10
356 441 10
356 445 10
356 452 10
356 454 10
356 458 10
356 459 10
356 463 10
356 478 10
356 479 10
356 480 10
356 481 10
356 482 10
356 487 10
356 488 10
356 489 10
356 490 10
356 491 10
356 497 10
356 499 10
356 505 10
356 506 10
356 507 10
356 511 10
356 513 10
356 514 10
356 515 10
356 516 10
356 518 10
356 519 10
356 520 10
356 521 10
356 522 10
356 524 10
356 525 10
356 526 10
356 527 10
356 528 10
356 531 10
356 540 10
356 541 10
356 543 10
356 544 10
356 545 10
356 546 10
356 547 10
356 549 10
356 551 10
356 552 10
356 553 10
356 554 10
356 555 10
356 556 10
356 558 10
356 559 10
356 560 10
356 563 10
356 564 10
356 565 10
356 567 10
356 568 10
356 569 10
356 570 10
356 579 10
356 584 10
356 587 10
356 588 10
356 590 10
356 604 10
356 608 10
356 611 10
356 613 10
356 620 10
356 621 10
356 622 10
356 624 10
356 628 10
356 633 10
356 641 10
356 646 10
356 652 10
356 653 10
356 655 10
356 656 10
356 660 10
356 687 10
356 688 10
356 698 10
356 701 10
356 708 10
356 711 10
356 716 10
357 282 10
357 284 10
357 287 10
357 289 10
357 290 10
357 292 10
357 294 10
357 295 10
357 297 10
357 298 10
357 317 10
357 318 10
357 320 10
357 321 10
357 322 10
357 348 10
357 357 10
357 361 10
357 363 10
357 367 10
357 368 10
357 369 10
357 370 10
357 372 10
357 373 10
357 374 10
357 384 10
357 391 10
357 392 10
357 393 10
357 398 10
357 400 10
357 404 10
357 405 10
357 406 10
357 408 10
357 410 10
357 412 10
357 414 10
357 417 10
357 418 10
357 419 10
357 421 10
357 426 10
357 427 10
357 431 10
357 433 10
357 435 10
357 444 10
357 453 10
357 466 10
357 471 10
357 472 10
357 474 10
357 479 10
357 488 10
357 489 10
357 490 10
357 491 10
357 492 10
357 496 10
357 497 10
357 499 10
357 501 10
357 502 10
357 505 10
357 507 10
357 513 10
357 514 10
357 515 10
357 516 10
357 517 10
357 524 10
357 525 10
357 530 10
357 537 10
357 538 10
357 540 10
357 542 10
357 550 10
357 554 10
357 556 10
357 557 10
357 566 10
357 569 10
357 572 10
357 579 10
357 584 10
357 586 10
357 591 10
357 608 10
357 609 10
357 623 10
357 626 10
357 632 10
357 643 10
357 656 10
357 658 10
357 660 10
357 661 10
357 662 10
357 710 10
357 713 10
357 716 10
358 283 10
358 284 10
358 285 10
358 288 10
358 289 10
358 290 10
358 292 10
358 294 10
358 317 10
358 319 10
358 321 10
358 322 10
358 325 10
358 326 10
358 329 10
358 341 10
358 342 10
358 346 10
358 348 10
358 357 10
358 359 10
358 360 10
358 363 10
358 368 10
358 369 10
358 370 10
358 371 10
358 372 10
358 374 10
358 375 10
358 386 10
358 389 10
358 390 10
358 391 10
358 395 10
358 400 10
358 404 10
358 406 10
358 407 10
358 408 10
358 409 10
358 410 10
358 411 10
358 412 10
358 414 10
358 416 10
358 417 10
358 419 10
358 426 10
358 428 10
358 433 10
358 443 10
358 444 10
358 446 10
358 448 10
358 460 10
358 470 10
358 471 10
358 472 10
358 474 10
358 477 10
358 478 10
358 482 10
358 483 10
358 486 10
358 488 10
358 491 10
358 494 10
358 497 10
358 498 10
358 500 10
358 502 10
358 503 10
358 506 10
358 508 10
358 513 10
358 515 10
358 518 10
358 519 10
358 521 10
358 523 10
358 525 10
358 526 10
358 528 10
358 536 10
358 538 10
358 541 10
358 542 10
358 543 10
358 545 10
358 546 10
358 548 10
358 549 10
358 550 10
358 552 10
358 553 10
358 555 10
358 556 10
358 565 10
358 566 10
358 567 10
358 570 10
358 571 10
358 578 10
358 580 10
358 581 10
358 588 10
358 604 10
358 610 10
358 619 10
358 628 10
358 630 10
358 632 10
358 634 10
358 635 10
358 641 10
358 643 10
358 657 10
358 659 10
358 694 10
358 711 10
358 712 10
358 713 10
359 288 10
359 289 10
359 317 10
359 318 10
359 319 10
359 320 10
359 321 10
359 322 10
359 325 10
359 329 10
359 346 10
359 355 10
359 356 10
359 357 10
359 358 10
359 361 10
359 364 10
359 366 10
359 368 10
359 369 10
359 370 10
359 371 10
359 372 10
359 376 10
359 382 10
359 386 10
359 389 10
359 393 10
359 395 10
359 396 10
359 402 10
359 404 10
359 405 10
359 406 10
359 407 10
359 408 10
359 409 10
359 410 10
359 411 10
359 412 10
359 413 10
359 414 10
359 415 10
359 416 10
359 418 10
359 420 10
359 426 10
359 427 10
359 428 10
359 429 10
359 431 10
359 433 10
359 435 10
359 448 10
359 452 10
359 454 10
359 459 10
359 460 10
359 461 10
359 463 10
359 466 10
359 472 10
359 473 10
359 474 10
359 480 10
359 483 10
359 484 10
359 486 10
359 488 10
359 489 10
359 493 10
359 494 10
359 497 10
359 499 10
359 503 10
359 504 10
359 505 10
359 507 10
359 514 10
359 515 10
359 516 10
359 517 10
359 518 10
359 519 10
359 520 10
359 524 10
359 525 10
359 527 10
359 529 10
359 541 10
359 542 10
359 544 10
359 545 10
359 549 10
359 550 10
359 551 10
359 552 10
359 554 10
359 555 10
359 559 10
359 563 10
359 565 10
359 570 10
359 578 10
359 585 10
359 601 10
359 602 10
359 629 10
359 635 10
359 641 10
359 643 10
359 647 10
359 654 10
359 656 10
359 662 10
359 696 10
359 712 10
360 287 10
360 324 10
360 325 10
360 326 10
360 333 10
360 340 10
360 341 10
360 343 10
360 344 10
360 349 10
360 355 10
360 357 10
360 358 10
360 360 10
360 362 10
360 363 10
360 365 10
360 368 10
360 369 10
360 372 10
360 380 10
360 390 10
360 391 10
360 398 10
360 399 10
360 400 10
360 401 10
360 404 10
360 405 10
360 406 10
360 408 10
360 411 10
360 412 10
360 413 10
360 416 10
360 417 10
360 420 10
360 422 10
360 423 10
360 425 10
360 430 10
360 432 10
360 439 10
360 448 10
360 452 10
360 457 10
360 459 10
360 460 10
360 461 10
360 462 10
360 467 10
360 470 10
360 471 10
360 476 10
360 479 10
360 491 10
360 492 10
360 494 10
360 495 10
360 501 10
360 503 10
360 505 10
360 506 10
360 509 10
360 516 10
360 517 10
360 519 10
360 523 10
360 524 10
360 527 10
360 529 10
360 535 10
360 536 10
360 539 10
360 541 10
360 546 10
360 549 10
360 550 10
360 553 10
360 554 10
360 555 10
360 556 10
360 557 10
360 561 10
360 564 10
360 571 10
360 580 10
360 581 10
360 597 10
360 604 10
360 605 10
360 629 10
360 631 10
360 633 10
360 636 10
360 637 10
360 639 10
360 640 10
360 641 10
360 651 10
360 653 10
360 654 10
360 655 10
360 656 10
360 660 10
360 694 10
360 713 10
360 715 10
361 285 10
361 290 10
361 321 10
361 323 10
361 326 10
361 341 10
361 343 10
361 345 10
361 346 10
361 361 10
361 365 10
361 369 10
361 370 10
361 371 10
361 372 10
361 373 10
361 377 10
361 381 10
361 382 10
361 384 10
361 385 10
361 389 10
361 399 10
361 401 10
361 402 10
361 403 10
361 404 10
361 406 10
361 408 10
361 409 10
361 411 10
361 416 10
361 417 10
361 418 10
361 419 10
361 420 10
361 421 10
361 422 10
361 423 10
361 425 10
361 426 10
361 430 10
361 431 10
361 433 10
361 446 10
361 447 10
361 449 10
361 450 10
361 451 10
361 459 10
361 460 10
361 461 10
361 463 10
361 464 10
361 472 10
361 495 10
361 502 10
361 503 10
361 504 10
361 505 10
361 509 10
361 513 10
361 518 10
361 525 10
361 527 10
361 543 10
361 549 10
361 552 10
361 553 10
361 554 10
361 555 10
361 558 10
361 562 10
361 564 10
361 568 10
361 592 10
361 593 10
361 602 10
361 605 10
361 606 10
361 607 10
361 627 10
361 628 10
361 631 10
361 633 10
361 638 10
361 642 10
361 644 10
361 647 10
361 657 10
361 658 10
361 683 10
361 701 10
361 703 10
361 713 10
362 288 10
362 324 10
362 325 10
362 339 10
362 341 10
362 344 10
362 345 10
362 346 10
362 347 10
362 359 10
362 361 10
362 364 10
362 365 10
362 380 10
362 381 10
362 382 10
362 383 10
362 384 10
362 387 10
362 393 10
362 399 10
362 400 10
362 405 10
362 406 10
362 408 10
362 411 10
362 412 10
362 413 10
362 414 10
362 415 10
362 417 10
362 418 10
362 420 10
362 423 10
362 424 10
362 428 10
362 429 10
362 432 10
362 440 10
362 444 10
362 448 10
362 451 10
362 452 10
362 456 10
362 458 10
362 460 10
362 463 10
362 468 10
362 469 10
362 476 10
362 492 10
362 494 10
362 495 10
362 498 10
362 503 10
362 504 10
362 509 10
362 510 10
362 511 10
362 513 10
362 518 10
362 527 10
362 529 10
362 540 10
362 543 10
362 546 10
362 547 10
362 548 10
362 550 10
362 551 10
362 552 10
362 553 10
362 556 10
362 557 10
362 559 10
362 560 10
362 565 10
362 570 10
362 584 10
362 592 10
362 594 10
362 597 10
362 600 10
362 610 10
362 611 10
362 624 10
362 629 10
362 630 10
362 631 10
362 634 10
362 635 10
362 636 10
362 637 10
362 646 10
362 650 10
362 654 10
362 680 10
362 683 10
362 686 10
362 692 10
362 695 10
362 696 10
362 697 10
362 698 10
362 699 10
362 700 10
362 702 10
363 326 10
363 328 10
363 335 10
363 336 10
363 341 10
363 342 10
363 343 10
363 344 10
363 345 10
363 349 10
363 357 10
363 361 10
363 364 10
363 365 10
363 368 10
363 369 10
363 386 10
363 387 10
363 389 10
363 390 10
363 399 10
363 400 10
363 401 10
363 403 10
363 404 10
363 405 10
363 406 10
363 408 10
363 410 10
363 411 10
363 412 10
363 413 10
363 416 10
363 418 10
363 419 10
363 420 10
363 421 10
363 422 10
363 423 10
363 424 10
363 425 10
363 426 10
363 432 10
363 433 10
363 438 10
363 440 10
363 446 10
363 449 10
363 450 10
363 452 10
363 454 10
363 458 10
363 461 10
363 464 10
363 468 10
363 470 10
363 471 10
363 476 10
363 481 10
363 482 10
363 483 10
363 487 10
363 497 10
363 500 10
363 502 10
363 504 10
363 511 10
363 514 10
363 518 10
363 528 10
363 538 10
363 539 10
363 543 10
363 545 10
363 546 10
363 552 10
363 553 10
363 554 10
363 555 10
363 556 10
363 557 10
363 560 10
363 561 10
363 562 10
363 563 10
363 568 10
363 569 10
363 571 10
363 589 10
363 605 10
363 606 10
363 608 10
363 625 10
363 627 10
363 628 10
363 630 10
363 631 10
363 632 10
363 634 10
363 635 10
363 637 10
363 646 10
363 648 10
363 650 10
363 652 10
363 686 10
363 701 10
363 702 10
363 713 10
364 295 10
364 324 10
364 331 10
364 333 10
364 339 10
364 342 10
364 345 10
364 346 10
364 347 10
364 348 10
364 359 10
364 362 10
364 363 10
364 365 10
364 366 10
364 367 10
364 371 10
364 373 10
364 375 10
364 376 10
364 378 10
364 379 10
364 381 10
364 382 10
364 384 10
364 385 10
364 387 10
364 400 10
364 403 10
364 405 10
364 406 10
364 407 10
364 409 10
364 414 10
364 416 10
364 417 10
364 418 10
364 419 10
364 420 10
364 423 10
364 424 10
364 425 10
364 429 10
364 430 10
364 431 10
364 436 10
364 440 10
364 442 10
364 449 10
364 450 10
364 452 10
364 454 10
364 458 10
364 463 10
364 464 10
364 465 10
364 469 10
364 486 10
364 487 10
364 489 10
364 491 10
364 492 10
364 498 10
364 499 10
364 501 10
364 502 10
364 504 10
364 508 10
364 509 10
364 510 10
364 514 10
364 515 10
364 518 10
364 522 10
364 523 10
364 529 10
364 530 10
364 534 10
364 537 10
364 538 10
364 541 10
364 549 10
364 550 10
364 551 10
364 556 10
364 559 10
364 560 10
364 564 10
364 565 10
364 566 10
364 568 10
364 569 10
364 570 10
364 571 10
364 573 10
364 579 10
364 582 10
364 584 10
364 594 10
364 601 10
364 604 10
364 608 10
364 611 10
364 623 10
364 626 10
364 627 10
364 628 10
364 629 10
364 630 10
364 631 10
364 632 10
364 633 10
364 634 10
364 635 10
364 637 10
364 643 10
364 645 10
364 646 10
364 648 10
364 649 10
364 650 10
364 651 10
364 652 10
364 654 10
364 658 10
364 682 10
364 686 10
364 691 10
364 698 10
364 700 10
364 701 10
364 702 10
364 704 10
364 705 10
364 706 10
364 713 10
364 722 10
365 293 10
365 295 10
365 313 10
365 315 10
365 316 10
365 319 10
365 329 10
365 330 10
365 334 10
365 335 10
365 337 10
365 344 10
365 348 10
365 349 10
365 358 10
365 362 10
365 363 10
365 364 10
365 371 10
365 375 10
365 377 10
365 380 10
365 383 10
365 386 10
365 387 10
365 388 10
365 389 10
365 398 10
365 404 10
365 406 10
365 407 10
365 408 10
365 413 10
365 414 10
365 415 10
365 417 10
365 418 10
365 419 10
365 420 10
365 421 10
365 422 10
365 424 10
365 425 10
365 432 10
365 433 10
365 434 10
365 435 10
365 437 10
365 438 10
365 439 10
365 458 10
365 465 10
365 467 10
365 469 10
365 470 10
365 471 10
365 478 10
365 482 10
365 487 10
365 488 10
365 492 10
365 506 10
365 523 10
365 524 10
365 528 10
365 531 10
365 532 10
365 533 10
365 542 10
365 543 10
365 545 10
365 546 10
365 549 10
365 555 10
365 556 10
365 559 10
365 564 10
365 566 10
365 567 10
365 568 10
365 569 10
365 579 10
365 580 10
365 582 10
365 591 10
365 606 10
365 623 10
365 625 10
365 626 10
365 628 10
365 629 10
365 630 10
365 632 10
365 633 10
365 634 10
365 635 10
365 636 10
365 637 10
365 638 10
365 643 10
365 644 10
365 645 10
365 647 10
365 648 10
365 649 10
365 681 10
365 694 10
365 706 10
365 707 10
365 737 10
365 753 10
366 295 10
366 311 10
366 312 10
366 324 10
366 328 10
366 329 10
366 330 10
366 332 10
366 335 10
366 336 10
366 338 10
366 341 10
366 342 10
366 347 10
366 348 10
366 354 10
366 355 10
366 356 10
366 357 10
366 358 10
366 359 10
366 360 10
366 363 10
366 365 10
366 367 10
366 368 10
366 369 10
366 370 10
366 371 10
366 378 10
366 384 10
366 385 10
366 388 10
366 389 10
366 390 10
366 401 10
366 404 10
366 405 10
366 406 10
366 407 10
366 409 10
366 410 10
366 411 10
366 412 10
366 417 10
366 418 10
366 419 10
366 420 10
366 421 10
366 424 10
366 425 10
366 426 10
366 428 10
366 429 10
366 431 10
366 432 10
366 450 10
366 451 10
366 457 10
366 459 10
366 460 10
366 461 10
366 463 10
366 466 10
366 469 10
366 472 10
366 479 10
366 480 10
366 485 10
366 486 10
366 488 10
366 491 10
366 492 10
366 493 10
366 496 10
366 498 10
366 499 10
366 500 10
366 504 10
366 506 10
366 508 10
366 510 10
366 512 10
366 515 10
366 524 10
366 528 10
366 532 10
366 533 10
366 537 10
366 538 10
366 542 10
366 545 10
366 548 10
366 549 10
366 554 10
366 561 10
366 564 10
366 565 10
366 566 10
366 567 10
366 569 10
366 573 10
366 576 10
366 577 10
366 578 10
366 582 10
366 588 10
366 594 10
366 611 10
366 613 10
366 625 10
366 626 10
366 627 10
366 629 10
366 630 10
366 631 10
366 632 10
366 633 10
366 634 10
366 635 10
366 636 10
366 637 10
366 639 10
366 641 10
366 647 10
366 648 10
366 649 10
366 650 10
366 651 10
366 680 10
366 696 10
366 699 10
366 702 10
366 704 10
366 705 10
366 708 10
366 719 10
366 739 10
366 746 10
366 750 10
366 751 10
367 310 10
367 312 10
367 314 10
367 315 10
367 327 10
367 328 10
367 329 10
367 330 10
367 331 10
367 333 10
367 338 10
367 346 10
367 349 10
367 356 10
367 357 10
367 363 10
367 367 10
367 375 10
367 376 10
367 379 10
367 381 10
367 383 10
367 385 10
367 386 10
367 388 10
367 393 10
367 395 10
367 397 10
367 407 10
367 409 10
367 410 10
367 411 10
367 413 10
367 414 10
367 416 10
367 417 10
367 418 10
367 419 10
367 420 10
367 421 10
367 422 10
367 423 10
367 424 10
367 429 10
367 434 10
367 436 10
367 444 10
367 446 10
367 458 10
367 463 10
367 465 10
367 468 10
367 469 10
367 475 10
367 480 10
367 481 10
367 487 10
367 488 10
367 489 10
367 491 10
367 492 10
367 493 10
367 496 10
367 498 10
367 506 10
367 508 10
367 513 10
367 517 10
367 518 10
367 525 10
367 530 10
367 538 10
367 539 10
367 545 10
367 548 10
367 557 10
367 559 10
367 566 10
367 579 10
367 580 10
367 582 10
367 583 10
367 584 10
367 595 10
367 599 10
367 603 10
367 611 10
367 615 10
367 616 10
367 619 10
367 623 10
367 624 10
367 625 10
367 626 10
367 627 10
367 629 10
367 631 10
367 632 10
367 634 10
367 635 10
367 636 10
367 641 10
367 643 10
367 646 10
367 647 10
367 648 10
367 649 10
367 650 10
367 680 10
367 684 10
367 690 10
367 694 10
367 696 10
367 698 10
367 700 10
367 701 10
367 702 10
367 703 10
367 704 10
367 705 10
367 706 10
367 736 10
367 750 10
367 753 10
368 316 10
368 324 10
368 325 10
368 326 10
368 327 10
368 331 10
368 337 10
368 340 10
368 347 10
368 355 10
368 359 10
368 361 10
368 362 10
368 363 10
368 364 10
368 366 10
368 367 10
368 368 10
368 369 10
368 371 10
368 378 10
368 380 10
368 381 10
368 382 10
368 385 10
368 387 10
368 388 10
368 389 10
368 392 10
368 395 10
368 397 10
368 401 10
368 405 10
368 409 10
368 413 10
368 414 10
368 416 10
368 418 10
368 419 10
368 420 10
368 421 10
368 422 10
368 423 10
368 424 10
368 425 10
368 426 10
368 430 10
368 431 10
368 432 10
368 433 10
368 441 10
368 443 10
368 446 10
368 454 10
368 457 10
368 464 10
368 465 10
368 468 10
368 469 10
368 470 10
368 471 10
368 472 10
368 485 10
368 486 10
368 490 10
368 491 10
368 493 10
368 495 10
368 496 10
368 498 10
368 499 10
368 500 10
368 503 10
368 507 10
368 508 10
368 509 10
368 510 10
368 514 10
368 523 10
368 524 10
368 528 10
368 530 10
368 531 10
368 532 10
368 536 10
368 537 10
368 540 10
368 541 10
368 544 10
368 547 10
368 549 10
368 550 10
368 551 10
368 553 10
368 555 10
368 557 10
368 560 10
368 563 10
368 564 10
368 566 10
368 567 10
368 577 10
368 578 10
368 579 10
368 581 10
368 583 10
368 587 10
368 596 10
368 597 10
368 602 10
368 611 10
368 613 10
368 615 10
368 616 10
368 617 10
368 621 10
368 625 10
368 626 10
368 627 10
368 629 10
368 630 10
368 633 10
368 634 10
368 636 10
368 637 10
368 639 10
368 640 10
368 642 10
368 645 10
368 646 10
368 648 10
368 649 10
368 650 10
368 651 10
368 670 10
368 671 10
368 690 10
368 691 10
368 693 10
368 697 10
368 699 10
368 701 10
368 702 10
368 703 10
368 705 10
368 706 10
368 707 10
368 708 10
368 709 10
368 721 10
368 735 10
368 737 10
368 745 10
368 747 10
368 750 10
368 751 10
368 752 10
369 308 10
369 312 10
369 313 10
369 314 10
369 315 10
369 316 10
369 317 10
369 318 10
369 319 10
369 320 10
369 323 10
369 324 10
369 329 10
369 330 10
369 334 10
369 339 10
369 346 10
369 347 10
369 352 10
369 353 10
369 354 10
369 356 10
369 358 10
369 361 10
369 363 10
369 364 10
369 365 10
369 366 10
369 367 10
369 370 10
369 380 10
369 381 10
369 382 10
369 383 10
369 384 10
369 386 10
369 387 10
369 390 10
369 393 10
369 397 10
369 398 10
369 405 10
369 406 10
369 407 10
369 408 10
369 409 10
369 416 10
369 419 10
369 420 10
369 421 10
369 422 10
369 423 10
369 424 10
369 426 10
369 427 10
369 441 10
369 442 10
369 443 10
369 444 10
369 446 10
369 455 10
369 456 10
369 459 10
369 460 10
369 462 10
369 468 10
369 469 10
369 474 10
369 476 10
369 478 10
369 480 10
369 485 10
369 488 10
369 489 10
369 491 10
369 493 10
369 494 10
369 496 10
369 497 10
369 498 10
369 499 10
369 501 10
369 502 10
369 507 10
369 508 10
369 511 10
369 515 10
369 524 10
369 529 10
369 531 10
369 533 10
369 540 10
369 541 10
369 545 10
369 550 10
369 551 10
369 552 10
369 553 10
369 554 10
369 555 10
369 560 10
369 569 10
369 570 10
369 571 10
369 576 10
369 577 10
369 581 10
369 582 10
369 585 10
369 589 10
369 591 10
369 597 10
369 599 10
369 602 10
369 616 10
369 618 10
369 621 10
369 622 10
369 624 10
369 625 10
369 626 10
369 628 10
369 632 10
369 641 10
369 642 10
369 645 10
369 647 10
369 649 10
369 650 10
369 652 10
369 653 10
369 670 10
369 671 10
369 695 10
369 696 10
369 697 10
369 699 10
369 700 10
369 701 10
369 702 10
369 705 10
369 708 10
369 709 10
369 721 10
369 726 10
369 728 10
369 736 10
369 750 10
369 751 10
369 753 10
370 313 10
370 314 10
370 316 10
370 318 10
370 320 10
370 321 10
370 322 10
370 324 10
370 327 10
370 328 10
370 329 10
370 333 10
370 346 10
370 354 10
370 355 10
370 358 10
370 361 10
370 365 10
370 366 10
370 367 10
370 368 10
370 369 10
370 372 10
370 373 10
370 375 10
370 380 10
370 381 10
370 384 10
370 385 10
370 386 10
370 387 10
370 388 10
370 389 10
370 390 10
370 396 10
370 400 10
370 410 10
370 412 10
370 413 10
370 416 10
370 417 10
370 418 10
370 419 10
370 420 10
370 422 10
370 423 10
370 425 10
370 426 10
370 429 10
370 430 10
370 431 10
370 433 10
370 442 10
370 458 10
370 459 10
370 461 10
370 465 10
370 466 10
370 469 10
370 470 10
370 486 10
370 495 10
370 498 10
370 499 10
370 501 10
370 504 10
370 506 10
370 508 10
370 509 10
370 514 10
370 516 10
370 522 10
370 523 10
370 524 10
370 525 10
370 526 10
370 527 10
370 528 10
370 529 10
370 530 10
370 531 10
370 533 10
370 535 10
370 536 10
370 537 10
370 538 10
370 541 10
370 552 10
370 553 10
370 554 10
370 557 10
370 558 10
370 560 10
370 561 10
370 566 10
370 568 10
370 571 10
370 573 10
370 575 10
370 576 10
370 579 10
370 581 10
370 582 10
370 589 10
370 594 10
370 596 10
370 598 10
370 607 10
370 609 10
370 610 10
370 611 10
370 612 10
370 613 10
370 616 10
370 617 10
370 623 10
370 624 10
370 625 10
370 626 10
370 633 10
370 643 10
370 645 10
370 646 10
370 647 10
370 648 10
370 649 10
370 650 10
370 651 10
370 652 10
370 666 10
370 668 10
370 669 10
370 670 10
370 671 10
370 672 10
370 681 10
370 683 10
370 687 10
370 689 10
370 695 10
370 699 10
370 700 10
370 704 10
370 706 10
370 707 10
370 730 10
370 732 10
370 737 10
370 741 10
370 742 10
370 743 10
370 745 10
370 749 10
370 751 10
370 752 10
370 753 10
371 307 10
371 312 10
371 314 10
371 316 10
371 317 10
371 318 10
371 319 10
371 322 10
371 329 10
371 334 10
371 336 10
371 346 10
371 351 10
371 353 10
371 356 10
371 357 10
371 360 10
371 361 10
371 364 10
371 365 10
371 366 10
371 373 10
371 377 10
371 379 10
371 380 10
371 383 10
371 384 10
371 386 10
371 388 10
371 395 10
371 401 10
371 402 10
371 405 10
371 410 10
371 411 10
371 413 10
371 414 10
371 415 10
371 416 10
371 417 10
371 418 10
371 419 10
371 420 10
371 422 10
371 426 10
371 427 10
371 428 10
371 445 10
371 447 10
371 450 10
371 454 10
371 457 10
371 460 10
371 463 10
371 470 10
371 479 10
371 487 10
371 488 10
371 493 10
371 497 10
371 501 10
371 504 10
371 506 10
371 508 10
371 513 10
371 516 10
371 525 10
371 526 10
371 527 10
371 529 10
371 530 10
371 531 10
371 533 10
371 535 10
371 538 10
371 540 10
371 541 10
371 547 10
371 548 10
371 551 10
371 553 10
371 556 10
371 557 10
371 558 10
371 559 10
371 563 10
371 565 10
371 568 10
371 569 10
371 571 10
371 573 10
371 577 10
371 578 10
371 579 10
371 580 10
371 581 10
371 582 10
371 583 10
371 584 10
371 587 10
371 590 10
371 596 10
371 599 10
371 600 10
371 602 10
371 605 10
371 606 10
371 609 10
371 613 10
371 614 10
371 615 10
371 616 10
371 618 10
371 619 10
371 621 10
371 622 10
371 626 10
371 627 10
371 628 10
371 630 10
371 633 10
371 634 10
371 644 10
371 653 10
371 667 10
371 669 10
371 670 10
371 682 10
371 684 10
371 690 10
371 691 10
371 697 10
371 699 10
371 700 10
371 706 10
371 707 10
371 708 10
371 722 10
371 726 10
371 727 10
371 729 10
371 734 10
371 741 10
371 744 10
371 752 10
371 753 10
371 756 10
372 310 10
372 313 10
372 314 10
372 315 10
372 316 10
372 318 10
372 319 10
372 321 10
372 322 10
372 325 10
372 346 10
372 347 10
372 353 10
372 354 10
372 355 10
372 356 10
372 358 10
372 361 10
372 364 10
372 367 10
372 371 10
372 373 10
372 374 10
372 376 10
372 379 10
372 381 10
372 383 10
372 385 10
372 386 10
372 388 10
372 389 10
372 397 10
372 401 10
372 403 10
372 405 10
372 406 10
372 410 10
372 411 10
372 412 10
372 413 10
372 414 10
372 415 10
372 416 10
372 417 10
372 418 10
372 420 10
372 421 10
372 423 10
372 424 10
372 425 10
372 430 10
372 431 10
372 436 10
372 454 10
372 455 10
372 456 10
372 458 10
372 461 10
372 465 10
372 467 10
372 469 10
372 470 10
372 471 10
372 472 10
372 486 10
372 496 10
372 501 10
372 502 10
372 504 10
372 506 10
372 507 10
372 511 10
372 513 10
372 519 10
372 520 10
372 524 10
372 525 10
372 526 10
372 527 10
372 531 10
372 535 10
372 536 10
372 537 10
372 538 10
372 541 10
372 545 10
372 548 10
372 549 10
372 550 10
372 551 10
372 552 10
372 553 10
372 555 10
372 558 10
372 560 10
372 568 10
372 570 10
372 572 10
372 574 10
372 575 10
372 577 10
372 579 10
372 580 10
372 584 10
372 586 10
372 590 10
372 592 10
372 593 10
372 595 10
372 596 10
372 600 10
372 602 10
372 604 10
372 606 10
372 607 10
372 612 10
372 613 10
372 615 10
372 616 10
372 617 10
372 628 10
372 630 10
372 631 10
372 635 10
372 637 10
372 638 10
372 643 10
372 644 10
372 647 10
372 649 10
372 650 10
372 656 10
372 657 10
372 671 10
372 672 10
372 680 10
372 682 10
372 684 10
372 685 10
372 693 10
372 695 10
372 699 10
372 700 10
372 702 10
372 706 10
372 707 10
372 710 10
372 722 10
372 725 10
372 735 10
372 737 10
372 742 10
372 743 10
372 751 10
373 306 10
373 307 10
373 308 10
373 312 10
373 314 10
373 316 10
373 319 10
373 320 10
373 322 10
373 328 10
373 329 10
373 349 10
373 353 10
373 354 10
373 355 10
373 356 10
373 357 10
373 358 10
373 371 10
373 372 10
373 373 10
373 378 10
373 384 10
373 386 10
373 387 10
373 388 10
373 392 10
373 399 10
373 402 10
373 403 10
373 404 10
373 407 10
373 408 10
373 410 10
373 412 10
373 413 10
373 414 10
373 415 10
373 416 10
373 417 10
373 419 10
373 420 10
373 422 10
373 423 10
373 424 10
373 425 10
373 426 10
373 434 10
373 435 10
373 441 10
373 453 10
373 454 10
373 458 10
373 459 10
373 465 10
373 468 10
373 478 10
373 489 10
373 490 10
373 492 10
373 498 10
373 499 10
373 502 10
373 503 10
373 504 10
373 505 10
373 510 10
373 520 10
373 521 10
373 524 10
373 526 10
373 527 10
373 528 10
373 529 10
373 531 10
373 532 10
373 533 10
373 535 10
373 536 10
373 537 10
373 538 10
373 541 10
373 545 10
373 547 10
373 549 10
373 550 10
373 552 10
373 555 10
373 557 10
373 568 10
373 572 10
373 574 10
373 576 10
373 577 10
373 578 10
373 580 10
373 581 10
373 583 10
373 584 10
373 588 10
373 590 10
373 591 10
373 593 10
373 594 10
373 596 10
373 604 10
373 606 10
373 609 10
373 610 10
373 611 10
373 614 10
373 615 10
373 616 10
373 617 10
373 626 10
373 628 10
373 630 10
373 645 10
373 649 10
373 657 10
373 665 10
373 669 10
373 670 10
373 682 10
373 683 10
373 685 10
373 687 10
373 690 10
373 693 10
373 698 10
373 700 10
373 702 10
373 705 10
373 710 10
373 722 10
373 724 10
373 726 10
373 727 10
373 728 10
373 731 10
373 736 10
373 739 10
373 740 10
373 741 10
373 744 10
373 746 10
373 750 10
373 755 10
373 756 10
373 758 10
374 309 10
374 310 10
374 312 10
374 316 10
374 317 10
374 321 10
374 322 10
374 348 10
374 349 10
374 352 10
374 353 10
374 354 10
374 355 10
374 356 10
374 357 10
374 359 10
374 360 10
374 363 10
374 364 10
374 365 10
374 366 10
374 370 10
374 372 10
374 374 10
374 376 10
374 377 10
374 380 10
374 381 10
374 382 10
374 383 10
374 385 10
374 388 10
374 393 10
374 395 10
374 396 10
374 399 10
374 402 10
374 405 10
374 408 10
374 411 10
374 412 10
374 414 10
374 415 10
374 417 10
374 419 10
374 420 10
374 421 10
374 422 10
374 423 10
374 424 10
374 425 10
374 426 10
374 435 10
374 440 10
374 451 10
374 452 10
374 453 10
374 455 10
374 461 10
374 463 10
374 466 10
374 467 10
374 470 10
374 488 10
374 492 10
374 493 10
374 496 10
374 497 10
374 498 10
374 499 10
374 500 10
374 501 10
374 505 10
374 507 10
374 509 10
374 510 10
374 513 10
374 517 10
374 521 10
374 522 10
374 523 10
374 524 10
374 527 10
374 528 10
374 529 10
374 531 10
374 532 10
374 535 10
374 547 10
374 548 10
374 551 10
374 552 10
374 556 10
374 563 10
374 565 10
374 575 10
374 576 10
374 577 10
374 578 10
374 580 10
374 583 10
374 585 10
374 586 10
374 587 10
374 588 10
374 590 10
374 591 10
374 592 10
374 593 10
374 594 10
374 600 10
374 602 10
374 603 10
374 605 10
374 608 10
374 610 10
374 611 10
374 612 10
374 613 10
374 614 10
374 616 10
374 618 10
374 625 10
374 627 10
374 631 10
374 636 10
374 637 10
374 639 10
374 645 10
374 647 10
374 652 10
374 656 10
374 657 10
374 664 10
374 668 10
374 671 10
374 676 10
374 678 10
374 682 10
374 683 10
374 684 10
374 691 10
374 693 10
374 695 10
374 697 10
374 699 10
374 703 10
374 724 10
374 728 10
374 729 10
374 735 10
374 739 10
374 741 10
374 755 10
374 757 10
374 758 10
375 311 10
375 312 10
375 313 10
375 314 10
375 315 10
375 316 10
375 320 10
375 321 10
375 323 10
375 326 10
375 341 10
375 350 10
375 352 10
375 355 10
375 358 10
375 359 10
375 360 10
375 367 10
375 369 10
375 371 10
375 375 10
375 377 10
375 380 10
375 381 10
375 382 10
375 385 10
375 386 10
375 387 10
375 390 10
375 393 10
375 394 10
375 396 10
375 399 10
375 401 10
375 403 10
375 404 10
375 405 10
375 412 10
375 413 10
375 414 10
375 416 10
375 418 10
375 419 10
375 420 10
375 421 10
375 422 10
375 425 10
375 430 10
375 431 10
375 433 10
375 434 10
375 440 10
375 459 10
375 461 10
375 464 10
375 466 10
375 477 10
375 482 10
375 488 10
375 490 10
375 493 10
375 501 10
375 502 10
375 503 10
375 504 10
375 505 10
375 508 10
375 510 10
375 514 10
375 519 10
375 520 10
375 521 10
375 525 10
375 527 10
375 531 10
375 536 10
375 537 10
375 538 10
375 541 10
375 542 10
375 544 10
375 545 10
375 547 10
375 548 10
375 549 10
375 550 10
375 552 10
375 553 10
375 554 10
375 558 10
375 566 10
375 578 10
375 580 10
375 581 10
375 582 10
375 585 10
375 586 10
375 589 10
375 590 10
375 591 10
375 592 10
375 593 10
375 600 10
375 602 10
375 610 10
375 611 10
375 612 10
375 613 10
375 614 10
375 615 10
375 616 10
375 617 10
375 618 10
375 620 10
375 624 10
375 625 10
375 629 10
375 630 10
375 636 10
375 638 10
375 640 10
375 641 10
375 645 10
375 651 10
375 654 10
375 655 10
375 659 10
375 664 10
375 665 10
375 667 10
375 669 10
375 680 10
375 682 10
375 686 10
375 691 10
375 693 10
375 695 10
375 696 10
375 702 10
375 707 10
375 725 10
375 731 10
375 732 10
375 737 10
375 738 10
375 740 10
375 742 10
375 743 10
375 744 10
375 746 10
375 747 10
375 757 10
376 312 10
376 315 10
376 317 10
376 321 10
376 322 10
376 323 10
376 324 10
376 328 10
376 329 10
376 348 10
376 353 10
376 358 10
376 359 10
376 362 10
376 364 10
376 365 10
376 367 10
376 371 10
376 378 10
376 379 10
376 380 10
376 392 10
376 394 10
376 400 10
376 402 10
376 403 10
376 406 10
376 407 10
376 409 10
376 410 10
376 411 10
376 412 10
376 413 10
376 415 10
376 416 10
376 417 10
376 418 10
376 419 10
376 423 10
376 424 10
376 425 10
376 428 10
376 435 10
376 436 10
376 440 10
376 456 10
376 460 10
376 461 10
376 462 10
376 463 10
376 465 10
376 481 10
376 482 10
376 487 10
376 490 10
376 495 10
376 497 10
376 498 10
376 499 10
376 510 10
376 513 10
376 514 10
376 522 10
376 523 10
376 528 10
376 529 10
376 531 10
376 532 10
376 533 10
376 534 10
376 540 10
376 543 10
376 546 10
376 547 10
376 553 10
376 556 10
376 558 10
376 561 10
376 565 10
376 574 10
376 575 10
376 577 10
376 578 10
376 579 10
376 580 10
376 582 10
376 583 10
376 584 10
376 585 10
376 589 10
376 591 10
376 595 10
376 599 10
376 600 10
376 603 10
376 605 10
376 606 10
376 608 10
376 610 10
376 612 10
376 613 10
376 614 10
376 615 10
376 617 10
376 623 10
376 626 10
376 627 10
376 628 10
376 630 10
376 631 10
376 636 10
376 643 10
376 646 10
376 648 10
376 651 10
376 652 10
376 654 10
376 655 10
376 661 10
376 673 10
376 675 10
376 678 10
376 680 10
376 681 10
376 682 10
376 683 10
376 689 10
376 693 10
376 696 10
376 698 10
376 700 10
376 701 10
376 702 10
376 707 10
376 709 10
376 711 10
376 729 10
376 732 10
376 733 10
376 736 10
376 737 10
376 738 10
376 740 10
376 741 10
376 743 10
377 307 10
377 316 10
377 317 10
377 319 10
377 322 10
377 326 10
377 348 10
377 349 10
377 350 10
377 356 10
377 357 10
377 362 10
377 365 10
377 367 10
377 368 10
377 369 10
377 371 10
377 373 10
377 377 10
377 379 10
377 380 10
377 381 10
377 383 10
377 385 10
377 394 10
377 397 10
377 400 10
377 403 10
377 405 10
377 406 10
377 409 10
377 411 10
377 412 10
377 415 10
377 416 10
377 417 10
377 418 10
377 419 10
377 421 10
377 424 10
377 425 10
377 428 10
377 429 10
377 432 10
377 434 10
377 446 10
377 451 10
377 452 10
377 455 10
377 459 10
377 460 10
377 461 10
377 481 10
377 486 10
377 487 10
377 494 10
377 497 10
377 499 10
377 500 10
377 502 10
377 507 10
377 511 10
377 512 10
377 514 10
377 516 10
377 520 10
377 521 10
377 522 10
377 524 10
377 525 10
377 529 10
377 531 10
377 533 10
377 537 10
377 548 10
377 549 10
377 552 10
377 555 10
377 556 10
377 565 10
377 566 10
377 567 10
377 572 10
377 574 10
377 577 10
377 578 10
377 581 10
377 583 10
377 584 10
377 585 10
377 587 10
377 588 10
377 589 10
377 590 10
377 591 10
377 592 10
377 593 10
377 595 10
377 596 10
377 598 10
377 603 10
377 608 10
377 610 10
377 612 10
377 613 10
377 614 10
377 615 10
377 616 10
377 617 10
377 618 10
377 619 10
377 623 10
377 625 10
377 628 10
377 629 10
377 631 10
377 632 10
377 633 10
377 634 10
377 638 10
377 640 10
377 643 10
377 645 10
377 648 10
377 657 10
377 658 10
377 659 10
377 660 10
377 662 10
377 666 10
377 667 10
377 669 10
377 672 10
377 673 10
377 677 10
377 681 10
377 687 10
377 694 10
377 695 10
377 697 10
377 698 10
377 700 10
377 707 10
377 726 10
377 729 10
377 732 10
377 733 10
377 734 10
377 737 10
377 738 10
377 739 10
377 740 10
377 741 10
377 742 10
377 743 10
377 744 10
377 746 10
377 748 10
378 311 10
378 313 10
378 315 10
378 316 10
378 319 10
378 321 10
378 324 10
378 337 10
378 344 10
378 352 10
378 356 10
378 357 10
378 358 10
378 359 10
378 360 10
378 361 10
378 362 10
378 363 10
378 364 10
378 370 10
378 371 10
378 374 10
378 377 10
378 381 10
378 382 10
378 383 10
378 386 10
378 389 10
378 397 10
378 399 10
378 401 10
378 406 10
378 407 10
378 409 10
378 410 10
378 411 10
378 412 10
378 413 10
378 414 10
378 416 10
378 419 10
378 423 10
378 431 10
378 432 10
378 434 10
378 437 10
378 438 10
378 439 10
378 440 10
378 442 10
378 443 10
378 445 10
378 448 10
378 474 10
378 476 10
378 477 10
378 479 10
378 483 10
378 489 10
378 490 10
378 491 10
378 494 10
378 496 10
378 501 10
378 505 10
378 513 10
378 516 10
378 517 10
378 518 10
378 520 10
378 521 10
378 522 10
378 523 10
378 524 10
378 525 10
378 527 10
378 530 10
378 542 10
378 544 10
378 545 10
378 546 10
378 547 10
378 551 10
378 552 10
378 557 10
378 558 10
378 563 10
378 564 10
378 565 10
378 566 10
378 567 10
378 569 10
378 570 10
378 575 10
378 576 10
378 579 10
378 582 10
378 583 10
378 584 10
378 587 10
378 592 10
378 595 10
378 596 10
378 598 10
378 599 10
378 600 10
378 602 10
378 604 10
378 605 10
378 606 10
378 610 10
378 611 10
378 612 10
378 617 10
378 621 10
378 625 10
378 631 10
378 635 10
378 636 10
378 639 10
378 646 10
378 648 10
378 649 10
378 650 10
378 653 10
378 654 10
378 658 10
378 670 10
378 671 10
378 674 10
378 675 10
378 679 10
378 682 10
378 683 10
378 687 10
378 688 10
378 690 10
378 697 10
378 698 10
378 699 10
378 725 10
378 726 10
378 727 10
378 728 10
378 732 10
378 733 10
378 734 10
378 735 10
378 736 10
378 740 10
378 742 10
378 744 10
378 745 10
378 747 10
378 752 10
378 758 10
378 759 10
378 760 10
379 305 10
379 306 10
379 311 10
379 314 10
379 315 10
379 319 10
379 320 10
379 321 10
379 322 10
379 324 10
379 354 10
379 357 10
379 359 10
379 363 10
379 369 10
379 371 10
379 378 10
379 379 10
379 380 10
379 381 10
379 385 10
379 387 10
379 388 10
379 394 10
379 396 10
379 398 10
379 399 10
379 404 10
379 405 10
379 406 10
379 408 10
379 409 10
379 411 10
379 416 10
379 418 10
379 419 10
379 420 10
379 421 10
379 422 10
379 423 10
379 426 10
379 431 10
379 434 10
379 435 10
379 443 10
379 445 10
379 457 10
379 476 10
379 477 10
379 478 10
379 480 10
379 482 10
379 483 10
379 484 10
379 485 10
379 487 10
379 488 10
379 495 10
379 496 10
379 503 10
379 504 10
379 510 10
379 511 10
379 512 10
379 513 10
379 515 10
379 519 10
379 523 10
379 524 10
379 528 10
379 529 10
379 530 10
379 531 10
379 532 10
379 534 10
379 539 10
379 541 10
379 542 10
379 543 10
379 545 10
379 553 10
379 558 10
379 559 10
379 560 10
379 561 10
379 564 10
379 566 10
379 567 10
379 568 10
379 569 10
379 575 10
379 578 10
379 579 10
379 581 10
379 582 10
379 583 10
379 584 10
379 585 10
379 586 10
379 587 10
379 589 10
379 590 10
379 592 10
379 593 10
379 594 10
379 595 10
379 596 10
379 600 10
379 601 10
379 602 10
379 603 10
379 606 10
379 607 10
379 609 10
379 612 10
379 613 10
379 614 10
379 621 10
379 623 10
379 625 10
379 627 10
379 630 10
379 631 10
379 632 10
379 633 10
379 653 10
379 655 10
379 667 10
379 668 10
379 673 10
379 676 10
379 678 10
379 686 10
379 687 10
379 689 10
379 691 10
379 694 10
379 695 10
379 697 10
379 698 10
379 699 10
379 700 10
379 701 10
379 702 10
379 711 10
379 724 10
379 727 10
379 729 10
379 730 10
379 734 10
379 736 10
379 737 10
379 738 10
379 739 10
379 740 10
379 741 10
379 743 10
379 744 10
379 750 10
379 752 10
380 304 10
380 316 10
380 319 10
380 320 10
380 321 10
380 322 10
380 323 10
380 325 10
380 335 10
380 341 10
380 342 10
380 345 10
380 349 10
380 352 10
380 356 10
380 358 10
380 359 10
380 360 10
380 362 10
380 363 10
380 364 10
380 366 10
380 367 10
380 369 10
380 370 10
380 372 10
380 375 10
380 376 10
380 379 10
380 382 10
380 383 10
380 387 10
380 392 10
380 394 10
380 404 10
380 406 10
380 411 10
380 413 10
380 414 10
380 415 10
380 419 10
380 421 10
380 423 10
380 433 10
380 435 10
380 440 10
380 443 10
380 447 10
380 477 10
380 478 10
380 485 10
380 487 10
380 488 10
380 496 10
380 498 10
380 502 10
380 503 10
380 507 10
380 509 10
380 513 10
380 514 10
380 515 10
380 516 10
380 517 10
380 518 10
380 519 10
380 521 10
380 522 10
380 523 10
380 531 10
380 533 10
380 539 10
380 541 10
380 543 10
380 544 10
380 545 10
380 546 10
380 547 10
380 548 10
380 551 10
380 552 10
380 557 10
380 558 10
380 559 10
380 560 10
380 565 10
380 567 10
380 568 10
380 569 10
380 578 10
380 579 10
380 580 10
380 581 10
380 582 10
380 583 10
380 584 10
380 586 10
380 588 10
380 597 10
380 598 10
380 605 10
380 606 10
380 608 10
380 611 10
380 614 10
380 616 10
380 620 10
380 623 10
380 629 10
380 632 10
380 633 10
380 634 10
380 635 10
380 638 10
380 651 10
380 652 10
380 658 10
380 659 10
380 660 10
380 667 10
380 670 10
380 687 10
380 691 10
380 694 10
380 711 10
380 725 10
380 726 10
380 727 10
380 728 10
380 730 10
380 735 10
380 736 10
380 737 10
380 738 10
380 741 10
380 742 10
380 743 10
380 747 10
380 750 10
380 752 10
380 760 10
381 280 10
381 281 10
381 282 10
381 285 10
381 304 10
381 315 10
381 316 10
381 318 10
381 319 10
381 320 10
381 321 10
381 324 10
381 325 10
381 326 10
381 330 10
381 338 10
381 345 10
381 349 10
381 355 10
381 356 10
381 357 10
381 359 10
381 362 10
381 364 10
381 367 10
381 368 10
381 369 10
381 370 10
381 371 10
381 372 10
381 373 10
381 374 10
381 377 10
381 381 10
381 382 10
381 389 10
381 390 10
381 393 10
381 394 10
381 395 10
381 397 10
381 403 10
381 407 10
381 408 10
381 409 10
381 410 10
381 411 10
381 416 10
381 418 10
381 421 10
381 423 10
381 424 10
381 425 10
381 426 10
381 428 10
381 431 10
381 433 10
381 434 10
381 438 10
381 440 10
381 445 10
381 446 10
381 447 10
381 458 10
381 466 10
381 478 10
381 480 10
381 481 10
381 483 10
381 485 10
381 495 10
381 496 10
381 498 10
381 499 10
381 500 10
381 502 10
381 503 10
381 506 10
381 507 10
381 508 10
381 509 10
381 513 10
381 514 10
381 516 10
381 517 10
381 522 10
381 524 10
381 525 10
381 526 10
381 534 10
381 542 10
381 545 10
381 548 10
381 549 10
381 551 10
381 552 10
381 553 10
381 554 10
381 557 10
381 561 10
381 562 10
381 566 10
381 576 10
381 577 10
381 578 10
381 580 10
381 581 10
381 584 10
381 585 10
381 586 10
381 588 10
381 592 10
381 594 10
381 597 10
381 601 10
381 612 10
381 614 10
381 615 10
381 618 10
381 626 10
381 629 10
381 634 10
381 635 10
381 652 10
381 654 10
381 655 10
381 658 10
381 662 10
381 670 10
381 673 10
381 676 10
381 686 10
381 689 10
381 690 10
381 693 10
381 698 10
381 701 10
381 708 10
381 710 10
381 713 10
381 724 10
381 726 10
381 728 10
381 737 10
381 739 10
381 749 10
381 753 10
382 284 10
382 312 10
382 316 10
382 317 10
382 318 10
382 319 10
382 320 10
382 321 10
382 322 10
382 323 10
382 324 10
382 328 10
382 329 10
382 330 10
382 334 10
382 341 10
382 349 10
382 350 10
382 352 10
382 355 10
382 356 10
382 358 10
382 359 10
382 361 10
382 362 10
382 363 10
382 364 10
382 365 10
382 366 10
382 368 10
382 369 10
382 370 10
382 375 10
382 377 10
382 387 10
382 388 10
382 390 10
382 391 10
382 394 10
382 395 10
382 401 10
382 403 10
382 405 10
382 406 10
382 409 10
382 410 10
382 413 10
382 417 10
382 419 10
382 420 10
382 427 10
382 432 10
382 434 10
382 437 10
382 440 10
382 445 10
382 460 10
382 463 10
382 465 10
382 471 10
382 479 10
382 480 10
382 483 10
382 489 10
382 490 10
382 498 10
382 502 10
382 504 10
382 507 10
382 511 10
382 512 10
382 514 10
382 517 10
382 519 10
382 520 10
382 522 10
382 525 10
382 526 10
382 527 10
382 528 10
382 529 10
382 532 10
382 533 10
382 535 10
382 536 10
382 541 10
382 542 10
382 546 10
382 547 10
382 549 10
382 550 10
382 551 10
382 552 10
382 553 10
382 554 10
382 555 10
382 556 10
382 557 10
382 560 10
382 564 10
382 566 10
382 578 10
382 579 10
382 581 10
382 583 10
382 585 10
382 587 10
382 589 10
382 591 10
382 592 10
382 594 10
382 599 10
382 608 10
382 614 10
382 619 10
382 620 10
382 621 10
382 622 10
382 624 10
382 625 10
382 627 10
382 629 10
382 634 10
382 658 10
382 661 10
382 670 10
382 671 10
382 674 10
382 676 10
382 677 10
382 678 10
382 688 10
382 695 10
382 696 10
382 697 10
382 725 10
382 728 10
382 738 10
382 739 10
382 741 10
382 742 10
382 745 10
382 748 10
383 278 10
383 281 10
383 282 10
383 283 10
383 311 10
383 312 10
383 320 10
383 321 10
383 323 10
383 324 10
383 325 10
383 327 10
383 328 10
383 330 10
383 332 10
383 335 10
383 338 10
383 341 10
383 344 10
383 346 10
383 351 10
383 356 10
383 359 10
383 361 10
383 362 10
383 366 10
383 367 10
383 369 10
383 370 10
383 371 10
383 372 10
383 375 10
383 376 10
383 378 10
383 387 10
383 393 10
383 394 10
383 395 10
383 399 10
383 402 10
383 404 10
383 405 10
383 406 10
383 409 10
383 410 10
383 415 10
383 418 10
383 419 10
383 420 10
383 421 10
383 422 10
383 423 10
383 425 10
383 426 10
383 428 10
383 430 10
383 432 10
383 436 10
383 438 10
383 440 10
383 441 10
383 442 10
383 444 10
383 445 10
383 448 10
383 449 10
383 459 10
383 460 10
383 461 10
383 463 10
383 466 10
383 472 10
383 479 10
383 481 10
383 487 10
383 494 10
383 497 10
383 500 10
383 501 10
383 503 10
383 506 10
383 507 10
383 509 10
383 510 10
383 511 10
383 514 10
383 516 10
383 517 10
383 518 10
383 519 10
383 521 10
383 523 10
383 524 10
383 526 10
383 527 10
383 528 10
383 529 10
383 532 10
383 533 10
383 534 10
383 535 10
383 537 10
383 538 10
383 544 10
383 545 10
383 547 10
383 548 10
383 550 10
383 551 10
383 552 10
383 554 10
383 557 10
383 568 10
383 576 10
383 580 10
383 581 10
383 587 10
383 591 10
383 594 10
383 596 10
383 599 10
383 613 10
383 620 10
383 623 10
383 630 10
383 635 10
383 637 10
383 653 10
383 654 10
383 659 10
383 660 10
383 661 10
383 662 10
383 667 10
383 670 10
383 672 10
383 673 10
383 676 10
383 690 10
383 691 10
383 693 10
383 697 10
383 718 10
383 730 10
383 731 10
383 734 10
383 739 10
383 741 10
383 751 10
383 753 10
383 754 10
384 279 10
384 281 10
384 285 10
384 315 10
384 323 10
384 325 10
384 326 10
384 332 10
384 334 10
384 335 10
384 340 10
384 344 10
384 346 10
384 350 10
384 352 10
384 357 10
384 358 10
384 359 10
384 361 10
384 365 10
384 366 10
384 367 10
384 368 10
384 369 10
384 374 10
384 377 10
384 378 10
384 379 10
384 385 10
384 388 10
384 389 10
384 390 10
384 391 10
384 392 10
384 394 10
384 399 10
384 401 10
384 402 10
384 404 10
384 406 10
384 407 10
384 408 10
384 414 10
384 417 10
384 421 10
384 423 10
384 425 10
384 426 10
384 429 10
384 430 10
384 439 10
384 442 10
384 444 10
384 445 10
384 447 10
384 448 10
384 449 10
384 450 10
384 455 10
384 460 10
384 465 10
384 469 10
384 470 10
384 481 10
384 482 10
384 483 10
384 500 10
384 503 10
384 505 10
384 507 10
384 508 10
384 509 10
384 512 10
384 517 10
384 519 10
384 520 10
384 521 10
384 529 10
384 531 10
384 532 10
384 533 10
384 536 10
384 537 10
384 541 10
384 542 10
384 543 10
384 547 10
384 548 10
384 550 10
384 551 10
384 552 10
384 553 10
384 554 10
384 555 10
384 556 10
384 565 10
384 574 10
384 578 10
384 581 10
384 582 10
384 583 10
384 584 10
384 587 10
384 589 10
384 590 10
384 592 10
384 594 10
384 596 10
384 598 10
384 618 10
384 620 10
384 621 10
384 636 10
384 637 10
384 651 10
384 654 10
384 659 10
384 669 10
384 670 10
384 671 10
384 672 10
384 674 10
384 675 10
384 676 10
384 678 10
384 680 10
384 697 10
384 698 10
384 699 10
384 702 10
384 710 10
384 717 10
384 718 10
384 734 10
384 737 10
384 738 10
384 740 10
384 742 10
384 743 10
384 750 10
385 277 10
385 279 10
385 289 10
385 291 10
385 323 10
385 325 10
385 326 10
385 327 10
385 330 10
385 332 10
385 333 10
385 334 10
385 335 10
385 336 10
385 338 10
385 341 10
385 342 10
385 344 10
385 345 10
385 348 10
385 350 10
385 351 10
385 361 10
385 363 10
385 367 10
385 368 10
385 370 10
385 371 10
385 372 10
385 373 10
385 375 10
385 379 10
385 380 10
385 383 10
385 385 10
385 386 10
385 387 10
385 390 10
385 391 10
385 392 10
385 393 10
385 394 10
385 395 10
385 398 10
385 401 10
385 404 10
385 405 10
385 406 10
385 407 10
385 408 10
385 410 10
385 413 10
385 416 10
385 417 10
385 419 10
385 427 10
385 429 10
385 432 10
385 433 10
385 435 10
385 441 10
385 443 10
385 447 10
385 458 10
385 460 10
385 462 10
385 464 10
385 466 10
385 471 10
385 491 10
385 498 10
385 502 10
385 503 10
385 504 10
385 505 10
385 506 10
385 508 10
385 509 10
385 510 10
385 513 10
385 514 10
385 518 10
385 521 10
385 526 10
385 527 10
385 529 10
385 530 10
385 531 10
385 532 10
385 533 10
385 534 10
385 535 10
385 536 10
385 538 10
385 539 10
385 540 10
385 546 10
385 547 10
385 549 10
385 550 10
385 555 10
385 556 10
385 557 10
385 565 10
385 566 10
385 567 10
385 568 10
385 570 10
385 574 10
385 575 10
385 576 10
385 578 10
385 579 10
385 582 10
385 583 10
385 587 10
385 589 10
385 594 10
385 599 10
385 610 10
385 612 10
385 613 10
385 616 10
385 621 10
385 622 10
385 623 10
385 625 10
385 630 10
385 631 10
385 633 10
385 635 10
385 653 10
385 654 10
385 655 10
385 659 10
385 661 10
385 666 10
385 668 10
385 672 10
385 673 10
385 675 10
385 688 10
385 694 10
385 695 10
385 700 10
385 701 10
385 709 10
385 718 10
385 719 10
385 732 10
385 741 10
385 742 10
385 743 10
385 744 10
385 745 10
385 751 10
386 321 10
386 327 10
386 329 10
386 330 10
386 333 10
386 334 10
386 335 10
386 337 10
386 338 10
386 339 10
386 340 10
386 341 10
386 344 10
386 345 10
386 346 10
386 347 10
386 349 10
386 350 10
386 352 10
386 355 10
386 356 10
386 359 10
386 369 10
386 371 10
386 373 10
386 374 10
386 377 10
386 378 10
386 379 10
386 382 10
386 383 10
386 384 10
386 385 10
386 387 10
386 388 10
386 390 10
386 392 10
386 393 10
386 395 10
386 398 10
386 400 10
386 403 10
386 404 10
386 408 10
386 410 10
386 414 10
386 417 10
386 418 10
386 419 10
386 421 10
386 427 10
386 429 10
386 430 10
386 432 10
386 434 10
386 435 10
386 438 10
386 439 10
386 440 10
386 441 10
386 442 10
386 444 10
386 445 10
386 446 10
386 447 10
386 450 10
386 451 10
386 458 10
386 460 10
386 470 10
386 472 10
386 473 10
386 493 10
386 495 10
386 498 10
386 500 10
386 502 10
386 504 10
386 505 10
386 506 10
386 508 10
386 511 10
386 516 10
386 520 10
386 521 10
386 522 10
386 524 10
386 525 10
386 528 10
386 530 10
386 531 10
386 533 10
386 536 10
386 538 10
386 539 10
386 547 10
386 548 10
386 550 10
386 552 10
386 553 10
386 555 10
386 557 10
386 560 10
386 562 10
386 564 10
386 566 10
386 567 10
386 568 10
386 569 10
386 574 10
386 576 10
386 579 10
386 583 10
386 585 10
386 586 10
386 590 10
386 591 10
386 592 10
386 593 10
386 599 10
386 600 10
386 602 10
386 604 10
386 613 10
386 614 10
386 615 10
386 622 10
386 627 10
386 628 10
386 635 10
386 656 10
386 659 10
386 666 10
386 668 10
386 670 10
386 672 10
386 673 10
386 674 10
386 675 10
386 680 10
386 693 10
386 699 10
386 703 10
386 705 10
386 710 10
386 711 10
386 716 10
386 717 10
386 721 10
386 734 10
386 736 10
386 738 10
386 739 10
386 740 10
387 256 10
387 277 10
387 282 10
387 286 10
387 319 10
387 325 10
387 327 10
387 328 10
387 329 10
387 330 10
387 331 10
387 332 10
387 335 10
387 338 10
387 339 10
387 341 10
387 342 10
387 343 10
387 344 10
387 346 10
387 347 10
387 350 10
387 354 10
387 356 10
387 368 10
387 369 10
387 371 10
387 377 10
387 378 10
387 382 10
387 383 10
387 385 10
387 389 10
387 390 10
387 392 10
387 394 10
387 395 10
387 397 10
387 399 10
387 401 10
387 402 10
387 403 10
387 405 10
387 407 10
387 410 10
387 412 10
387 415 10
387 417 10
387 431 10
387 433 10
387 434 10
387 436 10
387 437 10
387 439 10
387 440 10
387 442 10
387 443 10
387 444 10
387 448 10
387 449 10
387 465 10
387 471 10
387 487 10
387 489 10
387 502 10
387 506 10
387 507 10
387 508 10
387 510 10
387 514 10
387 515 10
387 516 10
387 520 10
387 522 10
387 529 10
387 532 10
387 535 10
387 536 10
387 537 10
387 539 10
387 540 10
387 541 10
387 543 10
387 544 10
387 545 10
387 546 10
387 551 10
387 552 10
387 554 10
387 556 10
387 558 10
387 562 10
387 564 10
387 565 10
387 567 10
387 573 10
387 576 10
387 577 10
387 578 10
387 580 10
387 581 10
387 582 10
387 585 10
387 590 10
387 591 10
387 592 10
387 593 10
387 602 10
387 604 10
387 606 10
387 607 10
387 608 10
387 609 10
387 610 10
387 612 10
387 615 10
387 616 10
387 619 10
387 621 10
387 624 10
387 629 10
387 632 10
387 635 10
387 654 10
387 656 10
387 666 10
387 670 10
387 674 10
387 675 10
387 691 10
387 694 10
387 695 10
387 696 10
387 702 10
387 705 10
387 708 10
387 718 10
387 731 10
387 735 10
387 736 10
387 741 10
387 743 10
387 745 10
387 747 10
388 253 10
388 256 10
388 285 10
388 287 10
388 291 10
388 295 10
388 325 10
388 329 10
388 330 10
388 331 10
388 335 10
388 336 10
388 340 10
388 348 10
388 349 10
388 350 10
388 357 10
388 358 10
388 370 10
388 372 10
388 373 10
388 379 10
388 386 10
388 389 10
388 390 10
388 391 10
388 393 10
388 396 10
388 398 10
388 399 10
388 400 10
388 402 10
388 403 10
388 405 10
388 410 10
388 411 10
388 417 10
388 419 10
388 420 10
388 429 10
388 432 10
388 434 10
388 435 10
388 437 10
388 438 10
388 439 10
388 441 10
388 442 10
388 444 10
388 445 10
388 446 10
388 450 10
388 458 10
388 459 10
388 460 10
388 474 10
388 496 10
388 499 10
388 500 10
388 502 10
388 503 10
388 508 10
388 509 10
388 517 10
388 518 10
388 519 10
388 520 10
388 521 10
388 522 10
388 524 10
388 525 10
388 526 10
388 529 10
388 532 10
388 535 10
388 536 10
388 537 10
388 538 10
388 540 10
388 547 10
388 548 10
388 550 10
388 551 10
388 556 10
388 558 10
388 559 10
388 561 10
388 562 10
388 564 10
388 565 10
388 566 10
388 567 10
388 568 10
388 571 10
388 572 10
388 573 10
388 575 10
388 576 10
388 577 10
388 580 10
388 582 10
388 583 10
388 584 10
388 585 10
388 586 10
388 587 10
388 588 10
388 591 10
388 593 10
388 596 10
388 607 10
388 609 10
388 612 10
388 614 10
388 615 10
388 616 10
388 618 10
388 623 10
388 625 10
388 626 10
388 627 10
388 630 10
388 632 10
388 633 10
388 637 10
388 654 10
388 662 10
388 663 10
388 664 10
388 688 10
388 696 10
388 697 10
388 705 10
388 707 10
388 713 10
388 716 10
388 718 10
388 724 10
388 734 10
388 735 10
388 737 10
388 738 10
388 740 10
388 741 10
388 743 10
388 745 10
389 254 10
389 284 10
389 286 10
389 325 10
389 328 10
389 329 10
389 332 10
389 333 10
389 334 10
389 336 10
389 337 10
389 339 10
389 343 10
389 345 10
389 346 10
389 347 10
389 348 10
389 349 10
389 362 10
389 376 10
389 384 10
389 388 10
389 389 10
389 390 10
389 391 10
389 392 10
389 395 10
389 396 10
389 398 10
389 402 10
389 405 10
389 410 10
389 413 10
389 423 10
389 425 10
389 430 10
389 433 10
389 434 10
389 435 10
389 436 10
389 437 10
389 438 10
389 439 10
389 440 10
389 442 10
389 444 10
389 446 10
389 447 10
389 448 10
389 456 10
389 457 10
389 458 10
389 459 10
389 466 10
389 470 10
389 472 10
389 474 10
389 499 10
389 504 10
389 505 10
389 506 10
389 509 10
389 515 10
389 517 10
389 518 10
389 521 10
389 524 10
389 530 10
389 536 10
389 537 10
389 538 10
389 541 10
389 542 10
389 544 10
389 548 10
389 554 10
389 556 10
389 557 10
389 561 10
389 563 10
389 564 10
389 565 10
389 568 10
389 569 10
389 570 10
389 571 10
389 573 10
389 574 10
389 580 10
389 583 10
389 585 10
389 587 10
389 590 10
389 607 10
389 609 10
389 610 10
389 611 10
389 612 10
389 614 10
389 615 10
389 616 10
389 621 10
389 622 10
389 623 10
389 627 10
389 629 10
389 634 10
389 636 10
389 647 10
389 648 10
389 688 10
389 689 10
389 692 10
389 694 10
389 696 10
389 698 10
389 706 10
389 708 10
389 715 10
389 718 10
389 735 10
389 738 10
389 740 10
389 743 10
389 745 10
389 746 10
389 747 10
390 253 10
390 256 10
390 259 10
390 283 10
390 286 10
390 287 10
390 292 10
390 294 10
390 296 10
390 297 10
390 319 10
390 320 10
390 322 10
390 323 10
390 329 10
390 330 10
390 333 10
390 335 10
390 343 10
390 346 10
390 347 10
390 348 10
390 350 10
390 358 10
390 362 10
390 364 10
390 365 10
390 369 10
390 373 10
390 387 10
390 389 10
390 390 10
390 393 10
390 397 10
390 398 10
390 399 10
390 401 10
390 402 10
390 403 10
390 405 10
390 407 10
390 409 10
390 411 10
390 418 10
390 429 10
390 431 10
390 433 10
390 434 10
390 435 10
390 436 10
390 437 10
390 438 10
390 440 10
390 442 10
390 445 10
390 446 10
390 447 10
390 448 10
390 465 10
390 469 10
390 473 10
390 475 10
390 493 10
390 495 10
390 497 10
390 498 10
390 499 10
390 500 10
390 504 10
390 506 10
390 514 10
390 515 10
390 517 10
390 518 10
390 519 10
390 521 10
390 523 10
390 525 10
390 526 10
390 527 10
390 531 10
390 533 10
390 538 10
390 544 10
390 545 10
390 555 10
390 556 10
390 557 10
390 559 10
390 563 10
390 565 10
390 567 10
390 568 10
390 571 10
390 572 10
390 573 10
390 581 10
390 582 10
390 583 10
390 584 10
390 585 10
390 587 10
390 589 10
390 592 10
390 593 10
390 598 10
390 605 10
390 606 10
390 607 10
390 611 10
390 612 10
390 613 10
390 614 10
390 615 10
390 617 10
390 618 10
390 621 10
390 624 10
390 625 10
390 628 10
390 629 10
390 633 10
390 634 10
390 640 10
390 642 10
390 646 10
390 649 10
390 650 10
390 661 10
390 662 10
390 663 10
390 664 10
390 678 10
390 686 10
390 687 10
390 697 10
390 701 10
390 705 10
390 706 10
390 708 10
390 710 10
390 711 10
390 716 10
390 732 10
390 735 10
390 736 10
390 738 10
390 740 10
390 743 10
390 745 10
390 746 10
390 747 10
390 748 10
391 254 10
391 284 10
391 287 10
391 288 10
391 319 10
391 321 10
391 328 10
391 329 10
391 330 10
391 332 10
391 335 10
391 338 10
391 339 10
391 340 10
391 341 10
391 342 10
391 344 10
391 346 10
391 349 10
391 350 10
391 351 10
391 352 10
391 360 10
391 361 10
391 365 10
391 386 10
391 388 10
391 391 10
391 394 10
391 399 10
391 400 10
391 403 10
391 405 10
391 408 10
391 409 10
391 410 10
391 412 10
391 413 10
391 414 10
391 416 10
391 425 10
391 429 10
391 432 10
391 433 10
391 434 10
391 436 10
391 438 10
391 440 10
391 441 10
391 443 10
391 445 10
391 446 10
391 448 10
391 455 10
391 457 10
391 458 10
391 463 10
391 466 10
391 471 10
391 474 10
391 492 10
391 494 10
391 495 10
391 496 10
391 497 10
391 498 10
391 499 10
391 501 10
391 502 10
391 507 10
391 509 10
391 516 10
391 518 10
391 519 10
391 525 10
391 531 10
391 536 10
391 538 10
391 544 10
391 547 10
391 551 10
391 555 10
391 557 10
391 558 10
391 559 10
391 560 10
391 563 10
391 564 10
391 569 10
391 571 10
391 574 10
391 575 10
391 577 10
391 578 10
391 579 10
391 580 10
391 581 10
391 583 10
391 589 10
391 592 10
391 593 10
391 594 10
391 595 10
391 607 10
391 608 10
391 614 10
391 615 10
391 617 10
391 618 10
391 622 10
391 623 10
391 627 10
391 629 10
391 632 10
391 635 10
391 638 10
391 639 10
391 646 10
391 648 10
391 649 10
391 660 10
391 661 10
391 672 10
391 678 10
391 680 10
391 681 10
391 693 10
391 694 10
391 697 10
391 706 10
391 708 10
391 713 10
391 714 10
391 716 10
391 717 10
391 718 10
391 719 10
391 727 10
391 729 10
391 732 10
391 733 10
391 734 10
391 736 10
391 737 10
391 738 10
391 740 10
391 742 10
391 743 10
391 745 10
391 748 10
391 750 10
392 249 10
392 253 10
392 283 10
392 284 10
392 286 10
392 293 10
392 297 10
392 317 10
392 319 10
392 321 10
392 322 10
392 329 10
392 330 10
392 333 10
392 334 10
392 335 10
392 339 10
392 340 10
392 342 10
392 343 10
392 344 10
392 347 10
392 348 10
392 358 10
392 361 10
392 363 10
392 366 10
392 367 10
392 378 10
392 388 10
392 390 10
392 391 10
392 396 10
392 397 10
392 398 10
392 401 10
392 403 10
392 404 10
392 410 10
392 415 10
392 416 10
392 419 10
392 421 10
392 423 10
392 425 10
392 427 10
392 432 10
392 437 10
392 438 10
392 439 10
392 440 10
392 441 10
392 444 10
392 445 10
392 446 10
392 448 10
392 449 10
392 453 10
392 456 10
392 460 10
392 465 10
392 466 10
392 467 10
392 468 10
392 470 10
392 490 10
392 493 10
392 494 10
392 496 10
392 497 10
392 498 10
392 502 10
392 506 10
392 508 10
392 510 10
392 513 10
392 516 10
392 518 10
392 520 10
392 521 10
392 523 10
392 524 10
392 525 10
392 529 10
392 532 10
392 536 10
392 538 10
392 544 10
392 545 10
392 546 10
392 551 10
392 557 10
392 558 10
392 561 10
392 562 10
392 563 10
392 564 10
392 565 10
392 567 10
392 568 10
392 569 10
392 570 10
392 574 10
392 575 10
392 576 10
392 577 10
392 578 10
392 580 10
392 584 10
392 586 10
392 588 10
392 589 10
392 591 10
392 592 10
392 594 10
392 611 10
392 613 10
392 615 10
392 617 10
392 624 10
392 625 10
392 628 10
392 634 10
392 649 10
392 651 10
392 660 10
392 662 10
392 668 10
392 676 10
392 677 10
392 679 10
392 682 10
392 686 10
392 708 10
392 709 10
392 713 10
392 714 10
392 719 10
392 721 10
392 725 10
392 727 10
392 729 10
392 731 10
392 733 10
392 734 10
392 736 10
392 738 10
392 742 10
392 744 10
392 745 10
392 746 10
392 748 10
392 751 10
393 251 10
393 255 10
393 285 10
393 317 10
393 318 10
393 324 10
393 327 10
393 329 10
393 330 10
393 332 10
393 333 10
393 335 10
393 339 10
393 342 10
393 346 10
393 349 10
393 351 10
393 356 10
393 357 10
393 361 10
393 362 10
393 363 10
393 366 10
393 385 10
393 387 10
393 390 10
393 394 10
393 395 10
393 399 10
393 400 10
393 401 10
393 402 10
393 409 10
393 412 10
393 414 10
393 415 10
393 417 10
393 420 10
393 421 10
393 424 10
393 425 10
393 426 10
393 427 10
393 435 10
393 437 10
393 440 10
393 442 10
393 443 10
393 444 10
393 445 10
393 446 10
393 447 10
393 454 10
393 456 10
393 461 10
393 464 10
393 465 10
393 467 10
393 471 10
393 472 10
393 479 10
393 490 10
393 491 10
393 494 10
393 496 10
393 497 10
393 499 10
393 500 10
393 504 10
393 505 10
393 506 10
393 510 10
393 511 10
393 515 10
393 517 10
393 518 10
393 519 10
393 520 10
393 522 10
393 528 10
393 529 10
393 530 10
393 531 10
393 534 10
393 535 10
393 536 10
393 537 10
393 540 10
393 542 10
393 544 10
393 547 10
393 549 10
393 554 10
393 557 10
393 558 10
393 559 10
393 561 10
393 562 10
393 563 10
393 564 10
393 565 10
393 566 10
393 567 10
393 570 10
393 571 10
393 573 10
393 574 10
393 576 10
393 577 10
393 579 10
393 581 10
393 582 10
393 583 10
393 584 10
393 586 10
393 588 10
393 590 10
393 591 10
393 592 10
393 594 10
393 595 10
393 598 10
393 611 10
393 614 10
393 615 10
393 616 10
393 617 10
393 623 10
393 628 10
393 636 10
393 638 10
393 648 10
393 679 10
393 712 10
393 714 10
393 716 10
393 717 10
393 719 10
393 720 10
393 723 10
393 725 10
393 726 10
393 727 10
393 729 10
393 730 10
393 735 10
393 737 10
393 738 10
393 739 10
393 740 10
393 741 10
393 746 10
393 747 10
393 749 10
393 754 10
394 248 10
394 249 10
394 250 10
394 251 10
394 254 10
394 255 10
394 259 10
394 260 10
394 278 10
394 286 10
394 314 10
394 317 10
394 325 10
394 326 10
394 327 10
394 328 10
394 329 10
394 331 10
394 332 10
394 333 10
394 334 10
394 335 10
394 336 10
394 337 10
394 338 10
394 340 10
394 341 10
394 342 10
394 344 10
394 345 10
394 346 10
394 347 10
394 351 10
394 352 10
394 356 10
394 357 10
394 363 10
394 364 10
394 386 10
394 389 10
394 392 10
394 393 10
394 394 10
394 395 10
394 396 10
394 398 10
394 399 10
394 402 10
394 403 10
394 405 10
394 407 10
394 412 10
394 414 10
394 417 10
394 429 10
394 438 10
394 442 10
394 443 10
394 445 10
394 446 10
394 447 10
394 450 10
394 456 10
394 465 10
394 466 10
394 469 10
394 473 10
394 476 10
394 477 10
394 488 10
394 492 10
394 495 10
394 497 10
394 498 10
394 502 10
394 509 10
394 512 10
394 514 10
394 515 10
394 519 10
394 522 10
394 524 10
394 526 10
394 528 10
394 530 10
394 531 10
394 532 10
394 534 10
394 537 10
394 543 10
394 549 10
394 554 10
394 555 10
394 559 10
394 560 10
394 561 10
394 562 10
394 563 10
394 564 10
394 565 10
394 566 10
394 567 10
394 568 10
394 569 10
394 573 10
394 574 10
394 576 10
394 577 10
394 578 10
394 580 10
394 582 10
394 584 10
394 586 10
394 587 10
394 588 10
394 589 10
394 590 10
394 602 10
394 615 10
394 619 10
394 623 10
394 624 10
394 631 10
394 632 10
394 634 10
394 639 10
394 649 10
394 662 10
394 666 10
394 667 10
394 675 10
394 677 10
394 678 10
394 696 10
394 698 10
394 700 10
394 712 10
394 722 10
394 724 10
394 729 10
394 731 10
394 733 10
394 736 10
394 737 10
394 739 10
394 744 10
394 747 10
394 748 10
394 752 10
395 250 10
395 253 10
395 256 10
395 262 10
395 280 10
395 288 10
395 313 10
395 316 10
395 317 10
395 323 10
395 324 10
395 327 10
395 328 10
395 329 10
395 330 10
395 331 10
395 332 10
395 333 10
395 334 10
395 335 10
395 336 10
395 337 10
395 339 10
395 340 10
395 342 10
395 344 10
395 345 10
395 347 10
395 349 10
395 353 10
395 355 10
395 356 10
395 358 10
395 365 10
395 366 10
395 370 10
395 372 10
395 376 10
395 377 10
395 384 10
395 389 10
395 390 10
395 392 10
395 395 10
395 397 10
395 398 10
395 399 10
395 400 10
395 401 10
395 406 10
395 407 10
395 409 10
395 412 10
395 414 10
395 415 10
395 416 10
395 420 10
395 422 10
395 423 10
395 424 10
395 427 10
395 429 10
395 431 10
395 436 10
395 442 10
395 443 10
395 444 10
395 445 10
395 448 10
395 463 10
395 466 10
395 467 10
395 468 10
395 474 10
395 477 10
395 478 10
395 493 10
395 494 10
395 497 10
395 499 10
395 500 10
395 509 10
395 510 10
395 513 10
395 514 10
395 517 10
395 518 10
395 519 10
395 529 10
395 531 10
395 536 10
395 537 10
395 538 10
395 539 10
395 545 10
395 547 10
395 550 10
395 554 10
395 557 10
395 558 10
395 560 10
395 561 10
395 563 10
395 564 10
395 565 10
395 567 10
395 568 10
395 569 10
395 570 10
395 572 10
395 576 10
395 577 10
395 578 10
395 579 10
395 580 10
395 582 10
395 583 10
395 584 10
395 589 10
395 590 10
395 591 10
395 593 10
395 614 10
395 616 10
395 621 10
395 622 10
395 623 10
395 624 10
395 625 10
395 626 10
395 628 10
395 630 10
395 632 10
395 634 10
395 639 10
395 664 10
395 665 10
395 670 10
395 671 10
395 672 10
395 673 10
395 674 10
395 675 10
395 680 10
395 694 10
395 695 10
395 708 10
395 709 10
395 721 10
395 723 10
395 724 10
395 725 10
395 726 10
395 728 10
395 729 10
395 730 10
395 731 10
395 738 10
395 739 10
395 740 10
395 742 10
395 745 10
395 746 10
395 748 10
396 247 10
396 248 10
396 251 10
396 252 10
396 253 10
396 254 10
396 256 10
396 257 10
396 259 10
396 263 10
396 280 10
396 281 10
396 283 10
396 313 10
396 315 10
396 320 10
396 322 10
396 325 10
396 326 10
396 327 10
396 328 10
396 329 10
396 330 10
396 331 10
396 332 10
396 333 10
396 334 10
396 335 10
396 337 10
396 339 10
396 340 10
396 341 10
396 343 10
396 345 10
396 347 10
396 349 10
396 355 10
396 356 10
396 357 10
396 359 10
396 361 10
396 370 10
396 371 10
396 377 10
396 382 10
396 387 10
396 389 10
396 391 10
396 395 10
396 396 10
396 397 10
396 399 10
396 400 10
396 402 10
396 403 10
396 404 10
396 405 10
396 409 10
396 412 10
396 413 10
396 415 10
396 416 10
396 417 10
396 418 10
396 419 10
396 422 10
396 427 10
396 440 10
396 441 10
396 442 10
396 445 10
396 447 10
396 452 10
396 493 10
396 494 10
396 496 10
396 498 10
396 499 10
396 508 10
396 509 10
396 510 10
396 511 10
396 513 10
396 514 10
396 516 10
396 518 10
396 519 10
396 521 10
396 528 10
396 530 10
396 531 10
396 532 10
396 536 10
396 540 10
396 544 10
396 545 10
396 546 10
396 547 10
396 550 10
396 554 10
396 556 10
396 557 10
396 560 10
396 561 10
396 562 10
396 563 10
396 564 10
396 565 10
396 566 10
396 567 10
396 568 10
396 569 10
396 572 10
396 573 10
396 575 10
396 577 10
396 578 10
396 579 10
396 580 10
396 581 10
396 582 10
396 584 10
396 587 10
396 588 10
396 590 10
396 595 10
396 597 10
396 601 10
396 606 10
396 607 10
396 608 10
396 609 10
396 613 10
396 614 10
396 617 10
396 620 10
396 621 10
396 622 10
396 625 10
396 626 10
396 627 10
396 628 10
396 629 10
396 630 10
396 632 10
396 633 10
396 639 10
396 642 10
396 644 10
396 669 10
396 670 10
396 671 10
396 672 10
396 673 10
396 674 10
396 675 10
396 676 10
396 680 10
396 692 10
396 693 10
396 695 10
396 715 10
396 721 10
396 722 10
396 723 10
396 724 10
396 725 10
396 726 10
396 729 10
396 737 10
396 738 10
396 740 10
396 741 10
396 742 10
396 744 10
396 745 10
396 746 10
396 747 10
397 247 10
397 248 10
397 251 10
397 253 10
397 254 10
397 256 10
397 257 10
397 277 10
397 284 10
397 286 10
397 288 10
397 314 10
397 315 10
397 317 10
397 319 10
397 321 10
397 322 10
397 324 10
397 325 10
397 326 10
397 327 10
397 329 10
397 330 10
397 331 10
397 332 10
397 333 10
397 334 10
397 335 10
397 337 10
397 338 10
397 339 10
397 340 10
397 341 10
397 342 10
397 343 10
397 344 10
397 346 10
397 350 10
397 351 10
397 353 10
397 356 10
397 358 10
397 360 10
397 362 10
397 363 10
397 366 10
397 370 10
397 376 10
397 377 10
397 385 10
397 386 10
397 387 10
397 390 10
397 391 10
397 392 10
397 393 10
397 394 10
397 395 10
397 396 10
397 397 10
397 398 10
397 399 10
397 400 10
397 401 10
397 402 10
397 403 10
397 405 10
397 406 10
397 407 10
397 409 10
397 410 10
397 417 10
397 420 10
397 421 10
397 422 10
397 429 10
397 436 10
397 441 10
397 442 10
397 444 10
397 463 10
397 471 10
397 475 10
397 476 10
397 477 10
397 485 10
397 491 10
397 492 10
397 493 10
397 495 10
397 497 10
397 500 10
397 507 10
397 509 10
397 510 10
397 511 10
397 512 10
397 513 10
397 514 10
397 517 10
397 519 10
397 521 10
397 522 10
397 527 10
397 528 10
397 529 10
397 530 10
397 531 10
397 533 10
397 536 10
397 539 10
397 541 10
397 543 10
397 547 10
397 549 10
397 551 10
397 552 10
397 553 10
397 555 10
397 556 10
397 557 10
397 559 10
397 560 10
397 562 10
397 563 10
397 565 10
397 568 10
397 570 10
397 573 10
397 574 10
397 576 10
397 577 10
397 578 10
397 579 10
397 580 10
397 583 10
397 584 10
397 585 10
397 586 10
397 588 10
397 592 10
397 605 10
397 611 10
397 613 10
397 615 10
397 616 10
397 620 10
397 622 10
397 623 10
397 625 10
397 627 10
397 630 10
397 637 10
397 638 10
397 639 10
397 663 10
397 664 10
397 667 10
397 671 10
397 672 10
397 673 10
397 681 10
397 683 10
397 687 10
397 688 10
397 689 10
397 702 10
397 704 10
397 707 10
397 712 10
397 716 10
397 717 10
397 718 10
397 720 10
397 721 10
397 723 10
397 727 10
397 729 10
397 731 10
397 732 10
397 733 10
397 734 10
397 735 10
397 736 10
397 740 10
397 742 10
397 743 10
397 749 10
397 750 10
397 754 10
398 244 10
398 245 10
398 248 10
398 249 10
398 250 10
398 251 10
398 252 10
398 254 10
398 256 10
398 258 10
398 259 10
398 281 10
398 282 10
398 284 10
398 285 10
398 309 10
398 311 10
398 313 10
398 315 10
398 316 10
398 318 10
398 319 10
398 323 10
398 325 10
398 326 10
398 327 10
398 329 10
398 330 10
398 331 10
398 332 10
398 333 10
398 335 10
398 336 10
398 337 10
398 338 10
398 339 10
398 340 10
398 341 10
398 342 10
398 346 10
398 347 10
398 353 10
398 354 10
398 355 10
398 359 10
398 362 10
398 365 10
398 373 10
398 374 10
398 385 10
398 388 10
398 395 10
398 396 10
398 397 10
398 398 10
398 399 10
398 400 10
398 401 10
398 402 10
398 403 10
398 404 10
398 405 10
398 409 10
398 412 10
398 414 10
398 415 10
398 419 10
398 420 10
398 421 10
398 423 10
398 426 10
398 429 10
398 435 10
398 436 10
398 440 10
398 441 10
398 443 10
398 444 10
398 445 10
398 446 10
398 447 10
398 452 10
398 453 10
398 460 10
398 461 10
398 467 10
398 468 10
398 470 10
398 471 10
398 491 10
398 493 10
398 494 10
398 495 10
398 496 10
398 498 10
398 500 10
398 506 10
398 507 10
398 508 10
398 509 10
398 512 10
398 515 10
398 516 10
398 517 10
398 518 10
398 519 10
398 520 10
398 522 10
398 523 10
398 524 10
398 531 10
398 536 10
398 541 10
398 543 10
398 544 10
398 545 10
398 546 10
398 549 10
398 550 10
398 561 10
398 563 10
398 564 10
398 567 10
398 568 10
398 569 10
398 570 10
398 573 10
398 574 10
398 575 10
398 576 10
398 577 10
398 578 10
398 579 10
398 580 10
398 581 10
398 582 10
398 583 10
398 584 10
398 588 10
398 592 10
398 599 10
398 605 10
398 607 10
398 611 10
398 612 10
398 614 10
398 620 10
398 622 10
398 623 10
398 624 10
398 625 10
398 626 10
398 627 10
398 628 10
398 629 10
398 631 10
398 633 10
398 635 10
398 638 10
398 669 10
398 672 10
398 673 10
398 674 10
398 683 10
398 686 10
398 690 10
398 693 10
398 699 10
398 700 10
398 701 10
398 702 10
398 709 10
398 710 10
398 716 10
398 717 10
398 718 10
398 720 10
398 722 10
398 723 10
398 731 10
398 733 10
398 735 10
398 737 10
398 738 10
398 739 10
398 740 10
398 741 10
398 742 10
398 743 10
398 746 10
398 747 10
398 748 10
399 243 10
399 245 10
399 247 10
399 248 10
399 249 10
399 251 10
399 252 10
399 253 10
399 254 10
399 257 10
399 259 10
399 260 10
399 261 10
399 262 10
399 279 10
399 282 10
399 283 10
399 286 10
399 287 10
399 288 10
399 290 10
399 310 10
399 319 10
399 321 10
399 323 10
399 325 10
399 326 10
399 329 10
399 331 10
399 332 10
399 334 10
399 337 10
399 338 10
399 339 10
399 341 10
399 342 10
399 343 10
399 344 10
399 345 10
399 346 10
399 347 10
399 351 10
399 353 10
399 358 10
399 359 10
399 360 10
399 362 10
399 363 10
399 364 10
399 365 10
399 375 10
399 381 10
399 383 10
399 385 10
399 386 10
399 388 10
399 393 10
399 394 10
399 395 10
399 396 10
399 397 10
399 398 10
399 399 10
399 400 10
399 401 10
399 402 10
399 403 10
399 404 10
399 405 10
399 406 10
399 407 10
399 408 10
399 414 10
399 415 10
399 418 10
399 421 10
399 427 10
399 432 10
399 433 10
399 436 10
399 438 10
399 443 10
399 448 10
399 449 10
399 450 10
399 451 10
399 457 10
399 459 10
399 461 10
399 462 10
399 463 10
399 465 10
399 466 10
399 467 10
399 469 10
399 471 10
399 481 10
399 484 10
399 485 10
399 492 10
399 494 10
399 497 10
399 505 10
399 506 10
399 507 10
399 508 10
399 509 10
399 510 10
399 511 10
399 512 10
399 513 10
399 515 10
399 519 10
399 520 10
399 521 10
399 523 10
399 527 10
399 528 10
399 529 10
399 533 10
399 534 10
399 538 10
399 539 10
399 542 10
399 547 10
399 548 10
399 549 10
399 550 10
399 551 10
399 556 10
399 557 10
399 564 10
399 566 10
399 567 10
399 568 10
399 569 10
399 574 10
399 575 10
399 576 10
399 577 10
399 578 10
399 580 10
399 581 10
399 582 10
399 585 10
399 587 10
399 588 10
399 593 10
399 595 10
399 596 10
399 597 10
399 604 10
399 606 10
399 609 10
399 613 10
399 614 10
399 618 10
399 620 10
399 622 10
399 623 10
399 624 10
399 625 10
399 627 10
399 628 10
399 629 10
399 630 10
399 631 10
399 632 10
399 634 10
399 638 10
399 640 10
399 662 10
399 665 10
399 671 10
399 672 10
399 673 10
399 674 10
399 679 10
399 688 10
399 689 10
399 690 10
399 691 10
399 693 10
399 697 10
399 701 10
399 702 10
399 706 10
399 707 10
399 715 10
399 717 10
399 718 10
399 720 10
399 725 10
399 729 10
399 730 10
399 733 10
399 734 10
399 735 10
399 736 10
399 737 10
399 738 10
399 739 10
399 740 10
399 741 10
399 743 10
399 745 10
399 746 10
399 750 10
399 751 10
399 754 10
400 243 10
400 244 10
400 245 10
400 246 10
400 247 10
400 248 10
400 249 10
400 254 10
400 255 10
400 256 10
400 257 10
400 259 10
400 260 10
400 280 10
400 281 10
400 287 10
400 288 10
400 312 10
400 316 10
400 319 10
400 323 10
400 324 10
400 328 10
400 329 10
400 331 10
400 332 10
400 333 10
400 334 10
400 335 10
400 336 10
400 337 10
400 338 10
400 340 10
400 341 10
400 344 10
400 345 10
400 347 10
400 349 10
400 350 10
400 351 10
400 356 10
400 357 10
400 358 10
400 364 10
400 369 10
400 371 10
400 373 10
400 374 10
400 384 10
400 385 10
400 387 10
400 388 10
400 391 10
400 393 10
400 394 10
400 396 10
400 397 10
400 398 10
400 399 10
400 400 10
400 401 10
400 402 10
400 403 10
400 404 10
400 405 10
400 406 10
400 407 10
400 409 10
400 411 10
400 416 10
400 421 10
400 422 10
400 424 10
400 426 10
400 427 10
400 432 10
400 434 10
400 437 10
400 439 10
400 440 10
400 441 10
400 442 10
400 443 10
400 444 10
400 448 10
400 449 10
400 450 10
400 451 10
400 453 10
400 461 10
400 463 10
400 465 10
400 471 10
400 479 10
400 480 10
400 481 10
400 482 10
400 490 10
400 492 10
400 494 10
400 495 10
400 502 10
400 505 10
400 506 10
400 507 10
400 508 10
400 513 10
400 514 10
400 515 10
400 516 10
400 518 10
400 519 10
400 521 10
400 527 10
400 531 10
400 533 10
400 539 10
400 545 10
400 548 10
400 549 10
400 551 10
400 556 10
400 560 10
400 565 10
400 566 10
400 569 10
400 570 10
400 572 10
400 573 10
400 574 10
400 575 10
400 576 10
400 577 10
400 578 10
400 580 10
400 581 10
400 582 10
400 583 10
400 585 10
400 588 10
400 591 10
400 595 10
400 596 10
400 597 10
400 598 10
400 600 10
400 603 10
400 604 10
400 606 10
400 608 10
400 609 10
400 612 10
400 615 10
400 616 10
400 618 10
400 620 10
400 622 10
400 626 10
400 627 10
400 628 10
400 633 10
400 636 10
400 659 10
400 666 10
400 672 10
400 681 10
400 683 10
400 685 10
400 686 10
400 687 10
400 689 10
400 690 10
400 691 10
400 693 10
400 695 10
400 697 10
400 701 10
400 710 10
400 711 10
400 714 10
400 718 10
400 720 10
400 721 10
400 728 10
400 729 10
400 730 10
400 732 10
400 734 10
400 739 10
400 740 10
400 741 10
400 743 10
400 745 10
400 746 10
400 747 10
400 748 10
401 247 10
401 248 10
401 249 10
401 250 10
401 253 10
401 254 10
401 256 10
401 257 10
401 258 10
401 259 10
401 261 10
401 262 10
401 282 10
401 283 10
401 285 10
401 286 10
401 287 10
401 311 10
401 314 10
401 315 10
401 316 10
401 317 10
401 319 10
401 322 10
401 325 10
401 326 10
401 329 10
401 331 10
401 332 10
401 335 10
401 340 10
401 342 10
401 349 10
401 354 10
401 361 10
401 363 10
401 364 10
401 371 10
401 372 10
401 373 10
401 374 10
401 378 10
401 381 10
401 389 10
401 390 10
401 391 10
401 393 10
401 394 10
401 395 10
401 397 10
401 398 10
401 399 10
401 400 10
401 401 10
401 403 10
401 404 10
401 406 10
401 407 10
401 408 10
401 410 10
401 418 10
401 432 10
401 433 10
401 434 10
401 435 10
401 437 10
401 440 10
401 441 10
401 443 10
401 444 10
401 446 10
401 455 10
401 456 10
401 461 10
401 464 10
401 465 10
401 467 10
401 471 10
401 472 10
401 473 10
401 480 10
401 483 10
401 486 10
401 494 10
401 496 10
401 497 10
401 502 10
401 503 10
401 505 10
401 506 10
401 507 10
401 508 10
401 509 10
401 510 10
401 511 10
401 514 10
401 515 10
401 516 10
401 517 10
401 518 10
401 520 10
401 522 10
401 523 10
401 528 10
401 529 10
401 531 10
401 532 10
401 534 10
401 542 10
401 543 10
401 547 10
401 548 10
401 549 10
401 550 10
401 551 10
401 556 10
401 557 10
401 562 10
401 565 10
401 567 10
401 570 10
401 573 10
401 574 10
401 575 10
401 576 10
401 577 10
401 578 10
401 580 10
401 581 10
401 582 10
401 583 10
401 585 10
401 586 10
401 588 10
401 591 10
401 594 10
401 596 10
401 599 10
401 600 10
401 602 10
401 603 10
401 604 10
401 605 10
401 606 10
401 610 10
401 611 10
401 612 10
401 615 10
401 617 10
401 618 10
401 622 10
401 624 10
401 625 10
401 626 10
401 627 10
401 628 10
401 629 10
401 630 10
401 631 10
401 632 10
401 633 10
401 636 10
401 641 10
401 661 10
401 662 10
401 663 10
401 666 10
401 668 10
401 678 10
401 679 10
401 684 10
401 685 10
401 686 10
401 687 10
401 688 10
401 689 10
401 690 10
401 691 10
401 692 10
401 693 10
401 696 10
401 697 10
401 698 10
401 699 10
401 700 10
401 701 10
401 712 10
401 714 10
401 715 10
401 716 10
401 718 10
401 720 10
401 722 10
401 723 10
401 730 10
401 732 10
401 736 10
401 738 10
401 742 10
401 743 10
401 747 10
401 748 10
401 749 10
401 751 10
401 752 10
401 753 10
402 239 10
402 243 10
402 244 10
402 248 10
402 250 10
402 253 10
402 258 10
402 259 10
402 260 10
402 261 10
402 283 10
402 284 10
402 286 10
402 287 10
402 288 10
402 313 10
402 315 10
402 316 10
402 319 10
402 320 10
402 321 10
402 323 10
402 324 10
402 326 10
402 327 10
402 329 10
402 331 10
402 333 10
402 334 10
402 336 10
402 338 10
402 340 10
402 344 10
402 345 10
402 348 10
402 350 10
402 352 10
402 353 10
402 355 10
402 356 10
402 357 10
402 361 10
402 366 10
402 369 10
402 371 10
402 372 10
402 373 10
402 375 10
402 383 10
402 390 10
402 392 10
402 393 10
402 396 10
402 397 10
402 398 10
402 399 10
402 400 10
402 401 10
402 402 10
402 403 10
402 404 10
402 405 10
402 407 10
402 409 10
402 413 10
402 417 10
402 419 10
402 422 10
402 426 10
402 427 10
402 428 10
402 429 10
402 432 10
402 434 10
402 437 10
402 439 10
402 440 10
402 441 10
402 442 10
402 443 10
402 444 10
402 446 10
402 447 10
402 449 10
402 451 10
402 453 10
402 455 10
402 457 10
402 462 10
402 465 10
402 481 10
402 483 10
402 485 10
402 486 10
402 491 10
402 492 10
402 494 10
402 495 10
402 499 10
402 502 10
402 503 10
402 504 10
402 505 10
402 506 10
402 507 10
402 508 10
402 509 10
402 510 10
402 511 10
402 512 10
402 513 10
402 514 10
402 517 10
402 518 10
402 519 10
402 521 10
402 529 10
402 531 10
402 535 10
402 540 10
402 541 10
402 542 10
402 544 10
402 547 10
402 549 10
402 550 10
402 551 10
402 552 10
402 554 10
402 555 10
402 557 10
402 563 10
402 568 10
402 575 10
402 576 10
402 577 10
402 578 10
402 579 10
402 581 10
402 582 10
402 583 10
402 584 10
402 586 10
402 587 10
402 588 10
402 592 10
402 594 10
402 596 10
402 597 10
402 603 10
402 604 10
402 605 10
402 608 10
402 609 10
402 612 10
402 613 10
402 616 10
402 619 10
402 620 10
402 622 10
402 624 10
402 626 10
402 627 10
402 628 10
402 629 10
402 630 10
402 631 10
402 633 10
402 635 10
402 636 10
402 637 10
402 657 10
402 661 10
402 662 10
402 664 10
402 665 10
402 666 10
402 673 10
402 675 10
402 677 10
402 678 10
402 679 10
402 681 10
402 683 10
402 684 10
402 685 10
402 686 10
402 687 10
402 689 10
402 691 10
402 692 10
402 693 10
402 694 10
402 699 10
402 710 10
402 711 10
402 713 10
402 716 10
402 717 10
402 718 10
402 719 10
402 720 10
402 721 10
402 723 10
402 725 10
402 731 10
402 744 10
402 747 10
402 749 10
402 753 10
402 755 10
403 239 10
403 246 10
403 247 10
403 248 10
403 251 10
403 254 10
403 255 10
403 257 10
403 258 10
403 259 10
403 282 10
403 285 10
403 313 10
403 314 10
403 315 10
403 316 10
403 317 10
403 319 10
403 321 10
403 329 10
403 332 10
403 333 10
403 336 10
403 337 10
403 338 10
403 340 10
403 342 10
403 344 10
403 348 10
403 349 10
403 350 10
403 353 10
403 356 10
403 357 10
403 372 10
403 373 10
403 374 10
403 386 10
403 389 10
403 391 10
403 393 10
403 396 10
403 398 10
403 399 10
403 400 10
403 401 10
403 402 10
403 403 10
403 408 10
403 419 10
403 423 10
403 424 10
403 426 10
403 427 10
403 428 10
403 429 10
403 433 10
403 435 10
403 438 10
403 439 10
403 440 10
403 441 10
403 442 10
403 443 10
403 444 10
403 446 10
403 449 10
403 450 10
403 460 10
403 461 10
403 465 10
403 466 10
403 471 10
403 473 10
403 474 10
403 481 10
403 493 10
403 494 10
403 496 10
403 502 10
403 504 10
403 506 10
403 507 10
403 509 10
403 513 10
403 515 10
403 516 10
403 517 10
403 518 10
403 520 10
403 524 10
403 530 10
403 535 10
403 539 10
403 540 10
403 541 10
403 542 10
403 543 10
403 545 10
403 550 10
403 552 10
403 553 10
403 554 10
403 555 10
403 558 10
403 559 10
403 561 10
403 563 10
403 568 10
403 572 10
403 574 10
403 575 10
403 576 10
403 580 10
403 581 10
403 582 10
403 583 10
403 584 10
403 585 10
403 587 10
403 590 10
403 593 10
403 595 10
403 596 10
403 597 10
403 598 10
403 599 10
403 602 10
403 605 10
403 606 10
403 607 10
403 608 10
403 609 10
403 610 10
403 614 10
403 618 10
403 621 10
403 622 10
403 624 10
403 626 10
403 627 10
403 628 10
403 629 10
403 631 10
403 633 10
403 635 10
403 636 10
403 653 10
403 661 10
403 662 10
403 668 10
403 675 10
403 678 10
403 680 10
403 681 10
403 683 10
403 685 10
403 686 10
403 690 10
403 691 10
403 694 10
403 700 10
403 703 10
403 704 10
403 705 10
403 714 10
403 715 10
403 716 10
403 717 10
403 718 10
403 721 10
403 722 10
403 725 10
403 732 10
403 736 10
403 742 10
403 743 10
403 744 10
403 745 10
403 746 10
403 754 10
403 755 10
403 758 10
404 243 10
404 246 10
404 249 10
404 253 10
404 256 10
404 257 10
404 280 10
404 283 10
404 289 10
404 314 10
404 315 10
404 316 10
404 318 10
404 319 10
404 324 10
404 333 10
404 335 10
404 338 10
404 340 10
404 350 10
404 353 10
404 355 10
404 356 10
404 358 10
404 370 10
404 372 10
404 377 10
404 379 10
404 385 10
404 386 10
404 388 10
404 391 10
404 392 10
404 393 10
404 394 10
404 395 10
404 396 10
404 398 10
404 399 10
404 400 10
404 401 10
404 402 10
404 403 10
404 404 10
404 406 10
404 408 10
404 417 10
404 419 10
404 423 10
404 427 10
404 428 10
404 429 10
404 430 10
404 432 10
404 433 10
404 435 10
404 436 10
404 439 10
404 440 10
404 441 10
404 442 10
404 443 10
404 444 10
404 445 10
404 450 10
404 451 10
404 454 10
404 456 10
404 464 10
404 468 10
404 473 10
404 474 10
404 480 10
404 483 10
404 484 10
404 491 10
404 494 10
404 505 10
404 507 10
404 509 10
404 511 10
404 514 10
404 516 10
404 517 10
404 518 10
404 519 10
404 524 10
404 525 10
404 530 10
404 531 10
404 532 10
404 533 10
404 539 10
404 540 10
404 541 10
404 544 10
404 546 10
404 549 10
404 550 10
404 552 10
404 553 10
404 557 10
404 558 10
404 561 10
404 562 10
404 564 10
404 573 10
404 574 10
404 575 10
404 576 10
404 577 10
404 578 10
404 579 10
404 581 10
404 582 10
404 585 10
404 587 10
404 592 10
404 596 10
404 597 10
404 598 10
404 599 10
404 601 10
404 603 10
404 604 10
404 608 10
404 611 10
404 617 10
404 618 10
404 619 10
404 629 10
404 631 10
404 633 10
404 635 10
404 637 10
404 638 10
404 651 10
404 652 10
404 657 10
404 659 10
404 660 10
404 661 10
404 662 10
404 664 10
404 665 10
404 666 10
404 667 10
404 668 10
404 669 10
404 670 10
404 677 10
404 681 10
404 682 10
404 684 10
404 687 10
404 689 10
404 690 10
404 691 10
404 692 10
404 698 10
404 699 10
404 701 10
404 702 10
404 703 10
404 704 10
404 710 10
404 711 10
404 712 10
404 713 10
404 717 10
404 718 10
404 720 10
404 721 10
404 722 10
404 723 10
404 724 10
404 725 10
404 727 10
404 736 10
404 743 10
404 748 10
404 749 10
404 753 10
404 754 10
404 759 10
404 762 10
405 242 10
405 243 10
405 244 10
405 246 10
405 247 10
405 249 10
405 251 10
405 253 10
405 254 10
405 261 10
405 278 10
405 279 10
405 282 10
405 286 10
405 313 10
405 315 10
405 316 10
405 317 10
405 318 10
405 327 10
405 328 10
405 332 10
405 335 10
405 337 10
405 342 10
405 350 10
405 354 10
405 356 10
405 357 10
405 358 10
405 359 10
405 363 10
405 374 10
405 376 10
405 377 10
405 379 10
405 383 10
405 385 10
405 388 10
405 389 10
405 392 10
405 395 10
405 397 10
405 398 10
405 399 10
405 400 10
405 401 10
405 402 10
405 404 10
405 405 10
405 408 10
405 409 10
405 415 10
405 416 10
405 417 10
405 423 10
405 425 10
405 426 10
405 427 10
405 429 10
405 431 10
405 438 10
405 440 10
405 442 10
405 443 10
405 444 10
405 445 10
405 447 10
405 449 10
405 452 10
405 453 10
405 454 10
405 455 10
405 456 10
405 457 10
405 461 10
405 465 10
405 466 10
405 467 10
405 470 10
405 471 10
405 473 10
405 474 10
405 475 10
405 478 10
405 480 10
405 481 10
405 483 10
405 485 10
405 493 10
405 494 10
405 496 10
405 497 10
405 498 10
405 507 10
405 509 10
405 510 10
405 512 10
405 513 10
405 514 10
405 517 10
405 521 10
405 524 10
405 527 10
405 529 10
405 530 10
405 532 10
405 534 10
405 539 10
405 541 10
405 542 10
405 545 10
405 546 10
405 548 10
405 551 10
405 556 10
405 558 10
405 576 10
405 581 10
405 582 10
405 583 10
405 584 10
405 587 10
405 594 10
405 596 10
405 599 10
405 600 10
405 602 10
405 606 10
405 607 10
405 608 10
405 609 10
405 611 10
405 618 10
405 621 10
405 622 10
405 624 10
405 626 10
405 628 10
405 633 10
405 634 10
405 635 10
405 636 10
405 637 10
405 639 10
405 649 10
405 657 10
405 658 10
405 663 10
405 669 10
405 673 10
405 685 10
405 687 10
405 689 10
405 690 10
405 691 10
405 693 10
405 696 10
405 697 10
405 700 10
405 704 10
405 705 10
405 706 10
405 709 10
405 710 10
405 713 10
405 714 10
405 715 10
405 716 10
405 718 10
405 719 10
405 720 10
405 721 10
405 722 10
405 723 10
405 724 10
405 725 10
405 726 10
405 733 10
405 734 10
405 735 10
405 738 10
405 744 10
405 750 10
405 752 10
405 754 10
405 757 10
405 759 10
406 239 10
406 247 10
406 249 10
406 250 10
406 251 10
406 254 10
406 285 10
406 287 10
406 309 10
406 312 10
406 313 10
406 314 10
406 315 10
406 316 10
406 319 10
406 350 10
406 351 10
406 352 10
406 354 10
406 365 10
406 366 10
406 367 10
406 368 10
406 369 10
406 372 10
406 373 10
406 376 10
406 377 10
406 383 10
406 386 10
406 387 10
406 389 10
406 390 10
406 391 10
406 392 10
406 394 10
406 395 10
406 396 10
406 400 10
406 401 10
406 402 10
406 403 10
406 404 10
406 405 10
406 406 10
406 407 10
406 409 10
406 417 10
406 419 10
406 425 10
406 426 10
406 428 10
406 430 10
406 433 10
406 436 10
406 437 10
406 438 10
406 440 10
406 441 10
406 442 10
406 443 10
406 445 10
406 446 10
406 451 10
406 452 10
406 453 10
406 454 10
406 455 10
406 456 10
406 457 10
406 464 10
406 467 10
406 468 10
406 469 10
406 475 10
406 479 10
406 481 10
406 491 10
406 492 10
406 494 10
406 498 10
406 512 10
406 519 10
406 521 10
406 524 10
406 531 10
406 532 10
406 533 10
406 535 10
406 538 10
406 540 10
406 541 10
406 542 10
406 543 10
406 554 10
406 577 10
406 582 10
406 583 10
406 586 10
406 587 10
406 597 10
406 599 10
406 600 10
406 601 10
406 603 10
406 604 10
406 610 10
406 619 10
406 629 10
406 630 10
406 631 10
406 633 10
406 635 10
406 636 10
406 637 10
406 638 10
406 639 10
406 648 10
406 651 10
406 653 10
406 654 10
406 657 10
406 658 10
406 659 10
406 660 10
406 661 10
406 662 10
406 664 10
406 674 10
406 675 10
406 676 10
406 679 10
406 681 10
406 682 10
406 683 10
406 684 10
406 685 10
406 686 10
406 689 10
406 690 10
406 692 10
406 694 10
406 695 10
406 699 10
406 702 10
406 705 10
406 708 10
406 709 10
406 711 10
406 713 10
406 717 10
406 719 10
406 720 10
406 721 10
406 722 10
406 723 10
406 730 10
406 733 10
406 734 10
406 736 10
406 737 10
406 744 10
406 746 10
406 748 10
406 752 10
406 757 10
406 759 10
406 761 10
407 237 10
407 238 10
407 242 10
407 243 10
407 245 10
407 246 10
407 247 10
407 249 10
407 250 10
407 253 10
407 256 10
407 282 10
407 284 10
407 309 10
407 310 10
407 311 10
407 315 10
407 317 10
407 335 10
407 337 10
407 338 10
407 340 10
407 354 10
407 356 10
407 359 10
407 362 10
407 370 10
407 373 10
407 378 10
407 379 10
407 383 10
407 384 10
407 386 10
407 388 10
407 391 10
407 392 10
407 396 10
407 397 10
407 398 10
407 399 10
407 400 10
407 401 10
407 402 10
407 403 10
407 404 10
407 405 10
407 406 10
407 407 10
407 409 10
407 412 10
407 420 10
407 422 10
407 425 10
407 427 10
407 431 10
407 437 10
407 439 10
407 440 10
407 441 10
407 446 10
407 447 10
407 451 10
407 454 10
407 455 10
407 456 10
407 462 10
407 464 10
407 465 10
407 466 10
407 471 10
407 472 10
407 473 10
407 476 10
407 479 10
407 482 10
407 493 10
407 495 10
407 497 10
407 504 10
407 505 10
407 506 10
407 507 10
407 510 10
407 512 10
407 514 10
407 517 10
407 518 10
407 521 10
407 528 10
407 529 10
407 531 10
407 532 10
407 538 10
407 539 10
407 540 10
407 542 10
407 543 10
407 546 10
407 547 10
407 549 10
407 554 10
407 557 10
407 558 10
407 560 10
407 562 10
407 576 10
407 579 10
407 581 10
407 586 10
407 587 10
407 593 10
407 594 10
407 598 10
407 600 10
407 602 10
407 608 10
407 614 10
407 615 10
407 619 10
407 623 10
407 628 10
407 631 10
407 632 10
407 635 10
407 637 10
407 638 10
407 639 10
407 645 10
407 647 10
407 648 10
407 650 10
407 651 10
407 654 10
407 658 10
407 661 10
407 667 10
407 684 10
407 685 10
407 686 10
407 689 10
407 690 10
407 691 10
407 692 10
407 694 10
407 697 10
407 700 10
407 703 10
407 704 10
407 705 10
407 710 10
407 715 10
407 718 10
407 720 10
407 722 10
407 723 10
407 724 10
407 726 10
407 728 10
407 732 10
407 733 10
407 735 10
407 737 10
407 739 10
407 740 10
407 741 10
407 743 10
407 744 10
407 748 10
407 749 10
407 752 10
407 753 10
407 756 10
407 757 10
407 761 10
407 763 10
408 240 10
408 243 10
408 244 10
408 245 10
408 246 10
408 247 10
408 248 10
408 249 10
408 250 10
408 251 10
408 252 10
408 253 10
408 284 10
408 286 10
408 288 10
408 304 10
408 314 10
408 315 10
408 316 10
408 317 10
408 325 10
408 336 10
408 339 10
408 351 10
408 354 10
408 356 10
408 361 10
408 363 10
408 364 10
408 366 10
408 370 10
408 373 10
408 374 10
408 375 10
408 376 10
408 384 10
408 388 10
408 389 10
408 390 10
408 392 10
408 398 10
408 399 10
408 400 10
408 401 10
408 403 10
408 404 10
408 408 10
408 409 10
408 417 10
408 422 10
408 424 10
408 425 10
408 426 10
408 427 10
408 433 10
408 437 10
408 439 10
408 440 10
408 442 10
408 443 10
408 446 10
408 448 10
408 450 10
408 452 10
408 455 10
408 456 10
408 463 10
408 465 10
408 466 10
408 478 10
408 480 10
408 481 10
408 494 10
408 495 10
408 496 10
408 501 10
408 502 10
408 505 10
408 506 10
408 507 10
408 509 10
408 510 10
408 512 10
408 513 10
408 516 10
408 528 10
408 531 10
408 532 10
408 534 10
408 537 10
408 538 10
408 540 10
408 541 10
408 545 10
408 547 10
408 549 10
408 550 10
408 551 10
408 555 10
408 556 10
408 558 10
408 562 10
408 579 10
408 581 10
408 582 10
408 583 10
408 584 10
408 589 10
408 592 10
408 598 10
408 599 10
408 602 10
408 603 10
408 608 10
408 609 10
408 610 10
408 624 10
408 625 10
408 626 10
408 628 10
408 634 10
408 636 10
408 637 10
408 638 10
408 639 10
408 645 10
408 646 10
408 647 10
408 648 10
408 649 10
408 650 10
408 653 10
408 655 10
408 657 10
408 658 10
408 660 10
408 671 10
408 673 10
408 674 10
408 679 10
408 680 10
408 681 10
408 682 10
408 683 10
408 684 10
408 685 10
408 686 10
408 687 10
408 688 10
408 690 10
408 691 10
408 692 10
408 694 10
408 696 10
408 699 10
408 702 10
408 705 10
408 706 10
408 708 10
408 713 10
408 719 10
408 720 10
408 721 10
408 722 10
408 723 10
408 724 10
408 726 10
408 734 10
408 735 10
408 737 10
408 739 10
408 740 10
408 741 10
408 747 10
408 748 10
408 750 10
408 751 10
408 758 10
408 760 10
408 762 10
409 243 10
409 244 10
409 246 10
409 247 10
409 248 10
409 249 10
409 250 10
409 251 10
409 255 10
409 258 10
409 283 10
409 284 10
409 286 10
409 287 10
409 288 10
409 302 10
409 307 10
409 311 10
409 312 10
409 313 10
409 316 10
409 317 10
409 319 10
409 322 10
409 335 10
409 338 10
409 339 10
409 351 10
409 355 10
409 356 10
409 357 10
409 360 10
409 362 10
409 364 10
409 368 10
409 370 10
409 373 10
409 377 10
409 383 10
409 387 10
409 388 10
409 389 10
409 396 10
409 397 10
409 399 10
409 401 10
409 402 10
409 403 10
409 404 10
409 406 10
409 407 10
409 408 10
409 409 10
409 410 10
409 411 10
409 412 10
409 434 10
409 438 10
409 441 10
409 442 10
409 444 10
409 447 10
409 449 10
409 450 10
409 452 10
409 465 10
409 466 10
409 469 10
409 477 10
409 478 10
409 481 10
409 489 10
409 493 10
409 495 10
409 500 10
409 501 10
409 502 10
409 504 10
409 506 10
409 509 10
409 510 10
409 512 10
409 517 10
409 518 10
409 520 10
409 522 10
409 523 10
409 524 10
409 525 10
409 532 10
409 535 10
409 541 10
409 542 10
409 543 10
409 549 10
409 551 10
409 552 10
409 557 10
409 560 10
409 561 10
409 581 10
409 587 10
409 599 10
409 600 10
409 601 10
409 614 10
409 615 10
409 616 10
409 621 10
409 622 10
409 623 10
409 625 10
409 632 10
409 634 10
409 635 10
409 648 10
409 652 10
409 653 10
409 654 10
409 661 10
409 662 10
409 670 10
409 681 10
409 682 10
409 683 10
409 684 10
409 685 10
409 686 10
409 688 10
409 689 10
409 690 10
409 692 10
409 696 10
409 699 10
409 700 10
409 701 10
409 705 10
409 708 10
409 710 10
409 714 10
409 717 10
409 719 10
409 721 10
409 722 10
409 725 10
409 738 10
409 740 10
409 744 10
409 745 10
409 746 10
409 747 10
409 749 10
409 750 10
409 753 10
409 761 10
409 762 10
410 243 10
410 245 10
410 246 10
410 248 10
410 251 10
410 252 10
410 253 10
410 259 10
410 305 10
410 311 10
410 312 10
410 314 10
410 315 10
410 317 10
410 325 10
410 352 10
410 353 10
410 354 10
410 357 10
410 365 10
410 367 10
410 369 10
410 371 10
410 374 10
410 375 10
410 376 10
410 377 10
410 384 10
410 386 10
410 387 10
410 389 10
410 394 10
410 398 10
410 401 10
410 404 10
410 406 10
410 407 10
410 408 10
410 409 10
410 410 10
410 411 10
410 413 10
410 437 10
410 439 10
410 440 10
410 441 10
410 442 10
410 450 10
410 461 10
410 462 10
410 463 10
410 468 10
410 475 10
410 476 10
410 477 10
410 479 10
410 486 10
410 489 10
410 492 10
410 494 10
410 495 10
410 499 10
410 502 10
410 504 10
410 506 10
410 508 10
410 511 10
410 513 10
410 515 10
410 517 10
410 518 10
410 522 10
410 525 10
410 528 10
410 529 10
410 531 10
410 537 10
410 539 10
410 541 10
410 546 10
410 548 10
410 549 10
410 556 10
410 560 10
410 562 10
410 564 10
410 565 10
410 568 10
410 580 10
410 594 10
410 596 10
410 598 10
410 601 10
410 603 10
410 607 10
410 608 10
410 610 10
410 612 10
410 615 10
410 621 10
410 624 10
410 625 10
410 626 10
410 632 10
410 641 10
410 643 10
410 645 10
410 646 10
410 648 10
410 658 10
410 659 10
410 660 10
410 663 10
410 664 10
410 665 10
410 672 10
410 677 10
410 678 10
410 679 10
410 680 10
410 683 10
410 684 10
410 686 10
410 687 10
410 688 10
410 689 10
410 692 10
410 693 10
410 695 10
410 696 10
410 705 10
410 707 10
410 716 10
410 717 10
410 718 10
410 719 10
410 720 10
410 721 10
410 723 10
410 742 10
410 748 10
410 749 10
410 751 10
410 753 10
410 755 10
411 245 10
411 246 10
411 250 10
411 252 10
411 253 10
411 254 10
411 286 10
411 287 10
411 289 10
411 291 10
411 310 10
411 311 10
411 313 10
411 314 10
411 315 10
411 319 10
411 321 10
411 340 10
411 348 10
411 351 10
411 354 10
411 355 10
411 356 10
411 357 10
411 358 10
411 359 10
411 362 10
411 364 10
411 371 10
411 373 10
411 374 10
411 386 10
411 389 10
411 395 10
411 399 10
411 400 10
411 404 10
411 405 10
411 407 10
411 408 10
411 411 10
411 436 10
411 439 10
411 440 10
411 451 10
411 454 10
411 456 10
411 460 10
411 462 10
411 463 10
411 465 10
411 467 10
411 470 10
411 471 10
411 474 10
411 479 10
411 481 10
411 482 10
411 483 10
411 487 10
411 491 10
411 493 10
411 495 10
411 496 10
411 497 10
411 500 10
411 501 10
411 504 10
411 505 10
411 507 10
411 508 10
411 510 10
411 511 10
411 512 10
411 513 10
411 515 10
411 519 10
411 525 10
411 526 10
411 528 10
411 529 10
411 530 10
411 532 10
411 534 10
411 541 10
411 544 10
411 545 10
411 546 10
411 551 10
411 561 10
411 562 10
411 563 10
411 564 10
411 565 10
411 568 10
411 581 10
411 585 10
411 601 10
411 605 10
411 607 10
411 609 10
411 610 10
411 611 10
411 612 10
411 613 10
411 614 10
411 618 10
411 621 10
411 622 10
411 623 10
411 624 10
411 632 10
411 640 10
411 641 10
411 646 10
411 648 10
411 649 10
411 651 10
411 652 10
411 654 10
411 659 10
411 660 10
411 661 10
411 668 10
411 681 10
411 682 10
411 683 10
411 685 10
411 686 10
411 687 10
411 688 10
411 689 10
411 690 10
411 692 10
411 693 10
411 694 10
411 696 10
411 701 10
411 703 10
411 705 10
411 707 10
411 708 10
411 711 10
411 712 10
411 715 10
411 716 10
411 719 10
411 740 10
411 742 10
411 743 10
411 744 10
411 745 10
411 748 10
411 749 10
411 751 10
412 244 10
412 246 10
412 248 10
412 249 10
412 250 10
412 255 10
412 280 10
412 290 10
412 292 10
412 309 10
412 310 10
412 317 10
412 319 10
412 320 10
412 321 10
412 325 10
412 337 10
412 347 10
412 350 10
412 353 10
412 355 10
412 356 10
412 357 10
412 358 10
412 359 10
412 365 10
412 375 10
412 382 10
412 386 10
412 388 10
412 400 10
412 402 10
412 404 10
412 405 10
412 408 10
412 409 10
412 410 10
412 412 10
412 414 10
412 415 10
412 424 10
412 438 10
412 444 10
412 449 10
412 450 10
412 451 10
412 453 10
412 455 10
412 457 10
412 461 10
412 464 10
412 467 10
412 469 10
412 481 10
412 488 10
412 489 10
412 491 10
412 494 10
412 495 10
412 496 10
412 499 10
412 500 10
412 501 10
412 502 10
412 505 10
412 507 10
412 508 10
412 510 10
412 511 10
412 512 10
412 514 10
412 516 10
412 518 10
412 520 10
412 523 10
412 525 10
412 532 10
412 534 10
412 537 10
412 547 10
412 549 10
412 551 10
412 561 10
412 562 10
412 563 10
412 564 10
412 583 10
412 587 10
412 597 10
412 608 10
412 610 10
412 615 10
412 618 10
412 621 10
412 623 10
412 629 10
412 630 10
412 633 10
412 639 10
412 640 10
412 642 10
412 644 10
412 646 10
412 649 10
412 654 10
412 655 10
412 657 10
412 658 10
412 668 10
412 680 10
412 681 10
412 683 10
412 685 10
412 686 10
412 687 10
412 688 10
412 689 10
412 692 10
412 693 10
412 694 10
412 700 10
412 706 10
412 707 10
412 711 10
412 723 10
412 724 10
412 731 10
412 739 10
412 749 10
412 751 10
412 752 10
412 755 10
412 756 10
412 757 10
412 760 10
413 246 10
413 254 10
413 270 10
413 308 10
413 311 10
413 312 10
413 314 10
413 315 10
413 317 10
413 319 10
413 320 10
413 344 10
413 347 10
413 352 10
413 357 10
413 358 10
413 359 10
413 368 10
413 370 10
413 378 10
413 379 10
413 381 10
413 384 10
413 385 10
413 388 10
413 391 10
413 398 10
413 401 10
413 402 10
413 407 10
413 410 10
413 411 10
413 412 10
413 414 10
413 417 10
413 419 10
413 436 10
413 440 10
413 441 10
413 444 10
413 447 10
413 450 10
413 453 10
413 454 10
413 458 10
413 460 10
413 462 10
413 463 10
413 464 10
413 465 10
413 468 10
413 470 10
413 473 10
413 476 10
413 479 10
413 480 10
413 482 10
413 483 10
413 487 10
413 488 10
413 489 10
413 490 10
413 496 10
413 499 10
413 500 10
413 501 10
413 502 10
413 503 10
413 504 10
413 506 10
413 508 10
413 509 10
413 510 10
413 512 10
413 513 10
413 514 10
413 515 10
413 516 10
413 518 10
413 522 10
413 523 10
413 526 10
413 527 10
413 528 10
413 529 10
413 531 10
413 533 10
413 534 10
413 539 10
413 545 10
413 547 10
413 549 10
413 562 10
413 563 10
413 565 10
413 568 10
413 605 10
413 611 10
413 612 10
413 613 10
413 614 10
413 615 10
413 619 10
413 620 10
413 625 10
413 626 10
413 629 10
413 630 10
413 633 10
413 638 10
413 639 10
413 642 10
413 643 10
413 646 10
413 647 10
413 648 10
413 651 10
413 656 10
413 657 10
413 658 10
413 660 10
413 664 10
413 680 10
413 682 10
413 683 10
413 684 10
413 685 10
413 686 10
413 687 10
413 688 10
413 689 10
413 690 10
413 691 10
413 696 10
413 697 10
413 698 10
413 701 10
413 704 10
413 705 10
413 706 10
413 710 10
413 716 10
413 719 10
413 721 10
413 722 10
413 723 10
413 742 10
413 751 10
413 752 10
413 759 10
413 762 10
414 240 10
414 242 10
414 251 10
414 254 10
414 255 10
414 260 10
414 264 10
414 265 10
414 267 10
414 307 10
414 311 10
414 313 10
414 316 10
414 317 10
414 325 10
414 334 10
414 342 10
414 344 10
414 345 10
414 346 10
414 347 10
414 349 10
414 351 10
414 353 10
414 354 10
414 356 10
414 357 10
414 358 10
414 359 10
414 360 10
414 363 10
414 364 10
414 368 10
414 370 10
414 375 10
414 379 10
414 382 10
414 383 10
414 395 10
414 396 10
414 397 10
414 399 10
414 401 10
414 404 10
414 405 10
414 406 10
414 407 10
414 408 10
414 409 10
414 410 10
414 411 10
414 412 10
414 414 10
414 415 10
414 424 10
414 436 10
414 437 10
414 439 10
414 441 10
414 443 10
414 447 10
414 448 10
414 452 10
414 454 10
414 455 10
414 456 10
414 457 10
414 461 10
414 466 10
414 467 10
414 470 10
414 481 10
414 493 10
414 494 10
414 497 10
414 498 10
414 501 10
414 504 10
414 505 10
414 506 10
414 507 10
414 508 10
414 510 10
414 511 10
414 513 10
414 515 10
414 517 10
414 518 10
414 520 10
414 521 10
414 524 10
414 526 10
414 528 10
414 535 10
414 536 10
414 537 10
414 539 10
414 543 10
414 545 10
414 546 10
414 547 10
414 549 10
414 559 10
414 561 10
414 562 10
414 563 10
414 566 10
414 595 10
414 598 10
414 607 10
414 609 10
414 613 10
414 614 10
414 615 10
414 617 10
414 619 10
414 622 10
414 626 10
414 628 10
414 638 10
414 639 10
414 640 10
414 642 10
414 643 10
414 645 10
414 646 10
414 647 10
414 648 10
414 649 10
414 650 10
414 653 10
414 657 10
414 658 10
414 660 10
414 662 10
414 669 10
414 681 10
414 683 10
414 684 10
414 685 10
414 686 10
414 687 10
414 688 10
414 691 10
414 692 10
414 693 10
414 694 10
414 695 10
414 696 10
414 697 10
414 701 10
414 704 10
414 705 10
414 706 10
414 708 10
414 709 10
414 710 10
414 712 10
414 715 10
414 716 10
414 717 10
414 719 10
414 721 10
414 723 10
414 725 10
414 726 10
414 732 10
414 742 10
414 744 10
414 745 10
414 752 10
414 754 10
414 758 10
415 243 10
415 244 10
415 245 10
415 259 10
415 262 10
415 265 10
415 285 10
415 287 10
415 305 10
415 308 10
415 310 10
415 315 10
415 319 10
415 322 10
415 324 10
415 340 10
415 344 10
415 345 10
415 346 10
415 349 10
415 351 10
415 353 10
415 354 10
415 355 10
415 356 10
415 357 10
415 358 10
415 359 10
415 360 10
415 361 10
415 365 10
415 366 10
415 367 10
415 368 10
415 371 10
415 375 10
415 379 10
415 383 10
415 384 10
415 385 10
415 387 10
415 393 10
415 397 10
415 399 10
415 400 10
415 401 10
415 403 10
415 406 10
415 407 10
415 408 10
415 409 10
415 412 10
415 417 10
415 418 10
415 420 10
415 421 10
415 442 10
415 445 10
415 448 10
415 450 10
415 452 10
415 453 10
415 454 10
415 455 10
415 456 10
415 457 10
415 459 10
415 460 10
415 466 10
415 468 10
415 472 10
415 476 10
415 477 10
415 478 10
415 480 10
415 481 10
415 483 10
415 486 10
415 490 10
415 498 10
415 500 10
415 503 10
415 504 10
415 506 10
415 508 10
415 509 10
415 511 10
415 512 10
415 514 10
415 517 10
415 518 10
415 519 10
415 522 10
415 523 10
415 524 10
415 526 10
415 530 10
415 532 10
415 534 10
415 536 10
415 538 10
415 539 10
415 541 10
415 544 10
415 545 10
415 546 10
415 547 10
415 548 10
415 551 10
415 560 10
415 561 10
415 563 10
415 565 10
415 566 10
415 573 10
415 575 10
415 601 10
415 611 10
415 626 10
415 632 10
415 634 10
415 635 10
415 637 10
415 638 10
415 640 10
415 641 10
415 642 10
415 644 10
415 646 10
415 648 10
415 658 10
415 659 10
415 662 10
415 663 10
415 664 10
415 668 10
415 674 10
415 677 10
415 680 10
415 681 10
415 682 10
415 683 10
415 684 10
415 685 10
415 686 10
415 687 10
415 688 10
415 691 10
415 692 10
415 693 10
415 695 10
415 696 10
415 697 10
415 698 10
415 702 10
415 703 10
415 704 10
415 706 10
415 707 10
415 709 10
415 715 10
415 718 10
415 719 10
415 720 10
415 723 10
415 725 10
415 734 10
415 735 10
415 742 10
415 750 10
415 752 10
415 755 10
415 757 10
415 758 10
416 253 10
416 264 10
416 266 10
416 270 10
416 286 10
416 287 10
416 309 10
416 315 10
416 316 10
416 320 10
416 321 10
416 325 10
416 334 10
416 336 10
416 339 10
416 340 10
416 342 10
416 346 10
416 351 10
416 352 10
416 353 10
416 354 10
416 355 10
416 356 10
416 357 10
416 358 10
416 359 10
416 362 10
416 366 10
416 368 10
416 370 10
416 371 10
416 372 10
416 385 10
416 390 10
416 395 10
416 398 10
416 399 10
416 403 10
416 405 10
416 406 10
416 407 10
416 408 10
416 409 10
416 410 10
416 411 10
416 412 10
416 414 10
416 416 10
416 417 10
416 418 10
416 420 10
416 422 10
416 437 10
416 440 10
416 442 10
416 443 10
416 445 10
416 447 10
416 455 10
416 459 10
416 460 10
416 461 10
416 465 10
416 466 10
416 467 10
416 476 10
416 477 10
416 478 10
416 479 10
416 481 10
416 488 10
416 489 10
416 490 10
416 491 10
416 493 10
416 497 10
416 502 10
416 505 10
416 508 10
416 510 10
416 511 10
416 513 10
416 517 10
416 518 10
416 523 10
416 525 10
416 529 10
416 534 10
416 535 10
416 536 10
416 537 10
416 539 10
416 540 10
416 542 10
416 543 10
416 544 10
416 545 10
416 546 10
416 547 10
416 557 10
416 563 10
416 566 10
416 575 10
416 592 10
416 603 10
416 612 10
416 613 10
416 622 10
416 623 10
416 625 10
416 628 10
416 632 10
416 634 10
416 635 10
416 636 10
416 638 10
416 640 10
416 641 10
416 642 10
416 643 10
416 646 10
416 647 10
416 648 10
416 650 10
416 654 10
416 656 10
416 660 10
416 661 10
416 663 10
416 680 10
416 682 10
416 683 10
416 685 10
416 686 10
416 687 10
416 688 10
416 689 10
416 690 10
416 691 10
416 692 10
416 693 10
416 694 10
416 696 10
416 698 10
416 702 10
416 703 10
416 704 10
416 705 10
416 706 10
416 709 10
416 714 10
416 716 10
416 718 10
416 719 10
416 723 10
416 725 10
416 733 10
416 737 10
416 744 10
416 746 10
416 748 10
416 759 10
417 243 10
417 244 10
417 245 10
417 262 10
417 264 10
417 266 10
417 267 10
417 268 10
417 280 10
417 281 10
417 282 10
417 307 10
417 309 10
417 310 10
417 311 10
417 314 10
417 319 10
417 326 10
417 328 10
417 331 10
417 342 10
417 345 10
417 348 10
417 351 10
417 352 10
417 353 10
417 354 10
417 355 10
417 356 10
417 357 10
417 358 10
417 359 10
417 360 10
417 361 10
417 362 10
417 365 10
417 367 10
417 369 10
417 382 10
417 385 10
417 395 10
417 396 10
417 401 10
417 404 10
417 407 10
417 410 10
417 411 10
417 412 10
417 414 10
417 418 10
417 422 10
417 423 10
417 435 10
417 437 10
417 438 10
417 442 10
417 443 10
417 445 10
417 452 10
417 454 10
417 455 10
417 456 10
417 457 10
417 458 10
417 459 10
417 460 10
417 462 10
417 464 10
417 476 10
417 480 10
417 487 10
417 488 10
417 490 10
417 495 10
417 498 10
417 501 10
417 503 10
417 505 10
417 507 10
417 509 10
417 511 10
417 513 10
417 514 10
417 517 10
417 519 10
417 520 10
417 522 10
417 525 10
417 527 10
417 528 10
417 529 10
417 533 10
417 534 10
417 539 10
417 543 10
417 544 10
417 545 10
417 550 10
417 557 10
417 559 10
417 564 10
417 574 10
417 591 10
417 599 10
417 603 10
417 606 10
417 620 10
417 625 10
417 627 10
417 631 10
417 634 10
417 635 10
417 636 10
417 637 10
417 638 10
417 639 10
417 640 10
417 641 10
417 642 10
417 644 10
417 645 10
417 649 10
417 653 10
417 655 10
417 656 10
417 657 10
417 659 10
417 662 10
417 664 10
417 667 10
417 675 10
417 679 10
417 680 10
417 681 10
417 682 10
417 683 10
417 684 10
417 685 10
417 686 10
417 687 10
417 688 10
417 689 10
417 690 10
417 691 10
417 692 10
417 693 10
417 695 10
417 696 10
417 697 10
417 703 10
417 704 10
417 708 10
417 716 10
417 717 10
417 718 10
417 719 10
417 720 10
417 721 10
417 722 10
417 723 10
417 725 10
417 727 10
417 732 10
417 735 10
417 740 10
417 742 10
417 751 10
417 754 10
417 755 10
417 756 10
417 757 10
418 261 10
418 262 10
418 264 10
418 266 10
418 270 10
418 281 10
418 283 10
418 306 10
418 311 10
418 312 10
418 313 10
418 318 10
418 319 10
418 320 10
418 328 10
418 331 10
418 337 10
418 338 10
418 340 10
418 351 10
418 352 10
418 353 10
418 355 10
418 356 10
418 357 10
418 363 10
418 364 10
418 367 10
418 368 10
418 369 10
418 370 10
418 371 10
418 374 10
418 382 10
418 384 10
418 385 10
418 396 10
418 399 10
418 402 10
418 405 10
418 407 10
418 409 10
418 410 10
418 412 10
418 420 10
418 424 10
418 434 10
418 443 10
418 447 10
418 448 10
418 452 10
418 458 10
418 459 10
418 460 10
418 461 10
418 464 10
418 465 10
418 468 10
418 472 10
418 477 10
418 478 10
418 479 10
418 480 10
418 481 10
418 482 10
418 487 10
418 489 10
418 490 10
418 491 10
418 492 10
418 494 10
418 502 10
418 504 10
418 505 10
418 507 10
418 513 10
418 515 10
418 516 10
418 517 10
418 518 10
418 519 10
418 520 10
418 521 10
418 522 10
418 524 10
418 527 10
418 530 10
418 533 10
418 534 10
418 536 10
418 537 10
418 539 10
418 540 10
418 541 10
418 544 10
418 545 10
418 546 10
418 547 10
418 548 10
418 554 10
418 557 10
418 559 10
418 564 10
418 566 10
418 587 10
418 595 10
418 604 10
418 606 10
418 611 10
418 612 10
418 615 10
418 620 10
418 624 10
418 625 10
418 626 10
418 627 10
418 629 10
418 630 10
418 631 10
418 634 10
418 635 10
418 636 10
418 637 10
418 638 10
418 639 10
418 640 10
418 642 10
418 644 10
418 647 10
418 648 10
418 650 10
418 651 10
418 652 10
418 654 10
418 659 10
418 664 10
418 665 10
418 670 10
418 673 10
418 677 10
418 678 10
418 682 10
418 683 10
418 684 10
418 685 10
418 687 10
418 690 10
418 691 10
418 692 10
418 693 10
418 694 10
418 695 10
418 696 10
418 697 10
418 699 10
418 700 10
418 701 10
418 704 10
418 708 10
418 716 10
418 721 10
418 723 10
418 724 10
418 733 10
418 734 10
418 735 10
418 738 10
418 741 10
418 743 10
418 746 10
418 748 10
418 752 10
418 757 10
419 244 10
419 253 10
419 256 10
419 259 10
419 271 10
419 277 10
419 281 10
419 308 10
419 309 10
419 311 10
419 313 10
419 314 10
419 316 10
419 320 10
419 322 10
419 332 10
419 341 10
419 351 10
419 352 10
419 353 10
419 354 10
419 355 10
419 360 10
419 361 10
419 363 10
419 364 10
419 366 10
419 371 10
419 373 10
419 374 10
419 375 10
419 377 10
419 381 10
419 382 10
419 388 10
419 389 10
419 390 10
419 396 10
419 397 10
419 398 10
419 405 10
419 408 10
419 409 10
419 411 10
419 412 10
419 413 10
419 416 10
419 418 10
419 421 10
419 422 10
419 423 10
419 424 10
419 434 10
419 436 10
419 438 10
419 440 10
419 448 10
419 461 10
419 464 10
419 465 10
419 475 10
419 482 10
419 484 10
419 486 10
419 487 10
419 488 10
419 489 10
419 490 10
419 491 10
419 493 10
419 494 10
419 495 10
419 497 10
419 499 10
419 506 10
419 507 10
419 508 10
419 509 10
419 514 10
419 515 10
419 517 10
419 518 10
419 519 10
419 520 10
419 525 10
419 526 10
419 528 10
419 530 10
419 531 10
419 532 10
419 534 10
419 536 10
419 537 10
419 538 10
419 542 10
419 544 10
419 546 10
419 548 10
419 550 10
419 556 10
419 557 10
419 564 10
419 585 10
419 586 10
419 587 10
419 588 10
419 593 10
419 594 10
419 595 10
419 597 10
419 599 10
419 607 10
419 615 10
419 632 10
419 633 10
419 634 10
419 636 10
419 637 10
419 638 10
419 639 10
419 640 10
419 641 10
419 644 10
419 646 10
419 654 10
419 656 10
419 657 10
419 658 10
419 660 10
419 661 10
419 662 10
419 667 10
419 671 10
419 678 10
419 679 10
419 680 10
419 684 10
419 686 10
419 687 10
419 689 10
419 692 10
419 695 10
419 697 10
419 698 10
419 699 10
419 701 10
419 702 10
419 703 10
419 704 10
419 706 10
419 709 10
419 710 10
419 717 10
419 718 10
419 719 10
419 720 10
419 721 10
419 723 10
419 724 10
419 727 10
419 730 10
419 741 10
419 742 10
419 748 10
419 754 10
419 755 10
419 756 10
420 273 10
420 276 10
420 282 10
420 285 10
420 306 10
420 307 10
420 309 10
420 310 10
420 312 10
420 314 10
420 317 10
420 318 10
420 319 10
420 321 10
420 322 10
420 324 10
420 325 10
420 326 10
420 330 10
420 332 10
420 339 10
420 340 10
420 346 10
420 348 10
420 350 10
420 351 10
420 353 10
420 355 10
420 356 10
420 357 10
420 358 10
420 359 10
420 365 10
420 366 10
420 375 10
420 382 10
420 383 10
420 384 10
420 387 10
420 390 10
420 394 10
420 396 10
420 398 10
420 411 10
420 412 10
420 414 10
420 416 10
420 420 10
420 423 10
420 432 10
420 433 10
420 435 10
420 436 10
420 438 10
420 441 10
420 445 10
420 446 10
420 448 10
420 449 10
420 453 10
420 454 10
420 455 10
420 457 10
420 460 10
420 461 10
420 462 10
420 463 10
420 464 10
420 474 10
420 477 10
420 478 10
420 480 10
420 481 10
420 482 10
420 485 10
420 486 10
420 487 10
420 488 10
420 490 10
420 491 10
420 492 10
420 494 10
420 497 10
420 500 10
420 502 10
420 505 10
420 508 10
420 509 10
420 510 10
420 513 10
420 514 10
420 516 10
420 518 10
420 526 10
420 529 10
420 530 10
420 531 10
420 532 10
420 533 10
420 534 10
420 536 10
420 547 10
420 549 10
420 559 10
420 564 10
420 584 10
420 586 10
420 588 10
420 590 10
420 591 10
420 594 10
420 595 10
420 619 10
420 621 10
420 622 10
420 623 10
420 627 10
420 629 10
420 630 10
420 631 10
420 633 10
420 634 10
420 635 10
420 637 10
420 638 10
420 639 10
420 640 10
420 643 10
420 644 10
420 645 10
420 648 10
420 649 10
420 651 10
420 653 10
420 655 10
420 657 10
420 658 10
420 659 10
420 660 10
420 661 10
420 663 10
420 667 10
420 669 10
420 678 10
420 679 10
420 683 10
420 685 10
420 686 10
420 689 10
420 691 10
420 693 10
420 694 10
420 697 10
420 698 10
420 699 10
420 700 10
420 701 10
420 702 10
420 705 10
420 706 10
420 708 10
420 709 10
420 712 10
420 714 10
420 720 10
420 721 10
420 723 10
420 724 10
420 726 10
420 727 10
420 736 10
420 741 10
420 746 10
420 747 10
420 750 10
420 753 10
420 754 10
420 756 10
420 759 10
421 244 10
421 257 10
421 258 10
421 260 10
421 275 10
421 297 10
421 311 10
421 312 10
421 313 10
421 314 10
421 316 10
421 317 10
421 321 10
421 328 10
421 330 10
421 331 10
421 333 10
421 334 10
421 335 10
421 339 10
421 341 10
421 342 10
421 343 10
421 353 10
421 358 10
421 365 10
421 370 10
421 371 10
421 375 10
421 379 10
421 383 10
421 386 10
421 388 10
421 389 10
421 391 10
421 395 10
421 397 10
421 398 10
421 403 10
421 407 10
421 410 10
421 413 10
421 415 10
421 422 10
421 423 10
421 425 10
421 438 10
421 439 10
421 441 10
421 452 10
421 455 10
421 459 10
421 461 10
421 462 10
421 464 10
421 466 10
421 472 10
421 476 10
421 477 10
421 478 10
421 479 10
421 480 10
421 483 10
421 484 10
421 485 10
421 487 10
421 488 10
421 489 10
421 491 10
421 492 10
421 498 10
421 506 10
421 509 10
421 510 10
421 513 10
421 514 10
421 515 10
421 516 10
421 517 10
421 518 10
421 520 10
421 521 10
421 523 10
421 525 10
421 526 10
421 527 10
421 529 10
421 530 10
421 531 10
421 532 10
421 533 10
421 534 10
421 536 10
421 537 10
421 538 10
421 539 10
421 540 10
421 541 10
421 542 10
421 546 10
421 550 10
421 558 10
421 594 10
421 606 10
421 614 10
421 631 10
421 633 10
421 634 10
421 635 10
421 638 10
421 639 10
421 640 10
421 641 10
421 642 10
421 643 10
421 651 10
421 652 10
421 653 10
421 657 10
421 658 10
421 659 10
421 661 10
421 662 10
421 667 10
421 670 10
421 671 10
421 672 10
421 676 10
421 683 10
421 686 10
421 687 10
421 688 10
421 689 10
421 690 10
421 692 10
421 694 10
421 695 10
421 697 10
421 698 10
421 699 10
421 700 10
421 702 10
421 703 10
421 705 10
421 718 10
421 721 10
421 723 10
421 728 10
421 745 10
421 753 10
421 754 10
421 756 10
422 253 10
422 254 10
422 273 10
422 276 10
422 278 10
422 280 10
422 306 10
422 307 10
422 310 10
422 311 10
422 312 10
422 314 10
422 316 10
422 318 10
422 320 10
422 321 10
422 323 10
422 325 10
422 327 10
422 328 10
422 330 10
422 331 10
422 332 10
422 333 10
422 335 10
422 336 10
422 342 10
422 344 10
422 346 10
422 358 10
422 360 10
422 362 10
422 365 10
422 368 10
422 371 10
422 375 10
422 377 10
422 379 10
422 383 10
422 386 10
422 395 10
422 397 10
422 399 10
422 404 10
422 407 10
422 409 10
422 412 10
422 413 10
422 414 10
422 417 10
422 419 10
422 421 10
422 423 10
422 425 10
422 433 10
422 437 10
422 443 10
422 444 10
422 445 10
422 446 10
422 447 10
422 449 10
422 454 10
422 455 10
422 456 10
422 457 10
422 458 10
422 459 10
422 460 10
422 461 10
422 462 10
422 463 10
422 464 10
422 465 10
422 471 10
422 475 10
422 477 10
422 478 10
422 481 10
422 482 10
422 483 10
422 485 10
422 486 10
422 488 10
422 492 10
422 493 10
422 494 10
422 496 10
422 497 10
422 498 10
422 499 10
422 500 10
422 506 10
422 507 10
422 508 10
422 509 10
422 510 10
422 511 10
422 513 10
422 514 10
422 515 10
422 516 10
422 518 10
422 521 10
422 523 10
422 524 10
422 526 10
422 528 10
422 530 10
422 531 10
422 533 10
422 534 10
422 535 10
422 536 10
422 537 10
422 538 10
422 540 10
422 543 10
422 544 10
422 545 10
422 546 10
422 552 10
422 561 10
422 584 10
422 585 10
422 588 10
422 590 10
422 591 10
422 592 10
422 593 10
422 594 10
422 596 10
422 623 10
422 624 10
422 633 10
422 635 10
422 636 10
422 638 10
422 640 10
422 650 10
422 652 10
422 654 10
422 656 10
422 657 10
422 658 10
422 659 10
422 660 10
422 662 10
422 663 10
422 664 10
422 669 10
422 670 10
422 671 10
422 672 10
422 673 10
422 683 10
422 687 10
422 689 10
422 690 10
422 691 10
422 692 10
422 693 10
422 695 10
422 696 10
422 698 10
422 701 10
422 702 10
422 705 10
422 706 10
422 710 10
422 711 10
422 714 10
422 719 10
422 720 10
422 721 10
422 723 10
422 724 10
422 727 10
422 729 10
422 731 10
422 736 10
422 738 10
422 743 10
422 745 10
422 747 10
422 749 10
422 755 10
423 252 10
423 258 10
423 260 10
423 278 10
423 281 10
423 282 10
423 287 10
423 289 10
423 290 10
423 291 10
423 309 10
423 312 10
423 314 10
423 315 10
423 319 10
423 320 10
423 326 10
423 329 10
423 330 10
423 331 10
423 333 10
423 336 10
423 340 10
423 342 10
423 363 10
423 367 10
423 368 10
423 369 10
423 372 10
423 381 10
423 385 10
423 387 10
423 388 10
423 392 10
423 393 10
423 396 10
423 399 10
423 405 10
423 407 10
423 414 10
423 416 10
423 419 10
423 420 10
423 421 10
423 426 10
423 428 10
423 429 10
423 434 10
423 439 10
423 444 10
423 447 10
423 448 10
423 449 10
423 451 10
423 454 10
423 457 10
423 458 10
423 459 10
423 460 10
423 461 10
423 462 10
423 464 10
423 468 10
423 473 10
423 475 10
423 476 10
423 478 10
423 481 10
423 483 10
423 484 10
423 486 10
423 487 10
423 488 10
423 489 10
423 490 10
423 492 10
423 494 10
423 497 10
423 499 10
423 501 10
423 503 10
423 504 10
423 506 10
423 508 10
423 509 10
423 512 10
423 517 10
423 522 10
423 523 10
423 525 10
423 526 10
423 527 10
423 529 10
423 530 10
423 531 10
423 532 10
423 533 10
423 534 10
423 535 10
423 536 10
423 537 10
423 538 10
423 541 10
423 542 10
423 543 10
423 548 10
423 550 10
423 561 10
423 562 10
423 585 10
423 587 10
423 591 10
423 593 10
423 594 10
423 595 10
423 596 10
423 598 10
423 601 10
423 603 10
423 604 10
423 631 10
423 632 10
423 634 10
423 636 10
423 637 10
423 639 10
423 643 10
423 644 10
423 645 10
423 651 10
423 652 10
423 653 10
423 655 10
423 658 10
423 662 10
423 664 10
423 666 10
423 667 10
423 669 10
423 673 10
423 674 10
423 683 10
423 684 10
423 687 10
423 688 10
423 689 10
423 690 10
423 691 10
423 692 10
423 693 10
423 694 10
423 695 10
423 697 10
423 698 10
423 700 10
423 702 10
423 703 10
423 706 10
423 708 10
423 711 10
423 713 10
423 714 10
423 715 10
423 720 10
423 724 10
423 728 10
423 729 10
423 735 10
423 736 10
423 738 10
423 739 10
423 740 10
423 742 10
423 743 10
423 745 10
423 746 10
423 753 10
423 763 10
424 253 10
424 254 10
424 255 10
424 256 10
424 258 10
424 260 10
424 271 10
424 275 10
424 286 10
424 288 10
424 289 10
424 307 10
424 308 10
424 310 10
424 311 10
424 312 10
424 313 10
424 320 10
424 321 10
424 322 10
424 323 10
424 326 10
424 329 10
424 330 10
424 333 10
424 336 10
424 337 10
424 344 10
424 346 10
424 365 10
424 366 10
424 368 10
424 370 10
424 372 10
424 378 10
424 380 10
424 384 10
424 391 10
424 396 10
424 397 10
424 398 10
424 399 10
424 403 10
424 410 10
424 411 10
424 414 10
424 416 10
424 417 10
424 418 10
424 420 10
424 422 10
424 423 10
424 424 10
424 425 10
424 430 10
424 441 10
424 447 10
424 449 10
424 451 10
424 455 10
424 457 10
424 458 10
424 459 10
424 460 10
424 461 10
424 462 10
424 463 10
424 464 10
424 465 10
424 467 10
424 468 10
424 469 10
424 476 10
424 477 10
424 478 10
424 481 10
424 483 10
424 484 10
424 485 10
424 486 10
424 488 10
424 489 10
424 491 10
424 492 10
424 506 10
424 508 10
424 510 10
424 512 10
424 522 10
424 524 10
424 525 10
424 529 10
424 530 10
424 531 10
424 532 10
424 533 10
424 534 10
424 535 10
424 538 10
424 539 10
424 542 10
424 543 10
424 561 10
424 562 10
424 582 10
424 584 10
424 589 10
424 590 10
424 591 10
424 593 10
424 604 10
424 607 10
424 623 10
424 630 10
424 631 10
424 636 10
424 639 10
424 640 10
424 641 10
424 643 10
424 655 10
424 659 10
424 661 10
424 668 10
424 669 10
424 671 10
424 674 10
424 681 10
424 684 10
424 685 10
424 691 10
424 692 10
424 696 10
424 698 10
424 699 10
424 700 10
424 702 10
424 704 10
424 706 10
424 708 10
424 709 10
424 710 10
424 711 10
424 713 10
424 717 10
424 718 10
424 722 10
424 724 10
424 726 10
424 727 10
424 729 10
424 732 10
424 736 10
424 738 10
424 740 10
424 743 10
424 748 10
424 751 10
424 753 10
424 755 10
424 756 10
424 757 10
424 758 10
424 762 10
424 763 10
425 259 10
425 260 10
425 266 10
425 274 10
425 275 10
425 279 10
425 280 10
425 281 10
425 283 10
425 284 10
425 286 10
425 289 10
425 291 10
425 300 10
425 309 10
425 315 10
425 317 10
425 319 10
425 320 10
425 321 10
425 323 10
425 326 10
425 328 10
425 329 10
425 330 10
425 335 10
425 336 10
425 344 10
425 347 10
425 348 10
425 363 10
425 364 10
425 365 10
425 376 10
425 381 10
425 384 10
425 387 10
425 392 10
425 394 10
425 396 10
425 408 10
425 409 10
425 411 10
425 415 10
425 416 10
425 424 10
425 430 10
425 441 10
425 443 10
425 446 10
425 447 10
425 450 10
425 451 10
425 453 10
425 454 10
425 456 10
425 458 10
425 459 10
425 461 10
425 469 10
425 471 10
425 473 10
425 475 10
425 476 10
425 477 10
425 479 10
425 480 10
425 481 10
425 482 10
425 483 10
425 484 10
425 485 10
425 488 10
425 493 10
425 500 10
425 504 10
425 505 10
425 506 10
425 508 10
425 509 10
425 512 10
425 514 10
425 523 10
425 524 10
425 527 10
425 528 10
425 530 10
425 532 10
425 533 10
425 535 10
425 536 10
425 537 10
425 541 10
425 544 10
425 584 10
425 587 10
425 590 10
425 591 10
425 603 10
425 605 10
425 606 10
425 614 10
425 619 10
425 623 10
425 624 10
425 638 10
425 644 10
425 649 10
425 652 10
425 653 10
425 654 10
425 655 10
425 657 10
425 659 10
425 661 10
425 662 10
425 664 10
425 665 10
425 667 10
425 672 10
425 673 10
425 681 10
425 683 10
425 684 10
425 689 10
425 691 10
425 694 10
425 696 10
425 697 10
425 698 10
425 702 10
425 704 10
425 706 10
425 709 10
425 711 10
425 712 10
425 713 10
425 717 10
425 719 10
425 722 10
425 724 10
425 727 10
425 730 10
425 733 10
425 734 10
425 737 10
425 740 10
425 741 10
425 743 10
425 748 10
425 749 10
425 750 10
425 751 10
425 757 10
425 758 10
425 759 10
425 763 10
426 258 10
426 261 10
426 262 10
426 263 10
426 265 10
426 273 10
426 276 10
426 277 10
426 279 10
426 284 10
426 285 10
426 286 10
426 287 10
426 289 10
426 291 10
426 297 10
426 300 10
426 305 10
426 308 10
426 310 10
426 313 10
426 316 10
426 320 10
426 337 10
426 338 10
426 339 10
426 340 10
426 345 10
426 349 10
426 350 10
426 360 10
426 363 10
426 365 10
426 366 10
426 368 10
426 376 10
426 377 10
426 378 10
426 379 10
426 380 10
426 384 10
426 385 10
426 386 10
426 389 10
426 392 10
426 393 10
426 395 10
426 397 10
426 399 10
426 414 10
426 415 10
426 416 10
426 419 10
426 421 10
426 425 10
426 427 10
426 428 10
426 438 10
426 444 10
426 447 10
426 450 10
426 451 10
426 455 10
426 456 10
426 457 10
426 458 10
426 459 10
426 461 10
426 462 10
426 464 10
426 465 10
426 466 10
426 467 10
426 473 10
426 475 10
426 477 10
426 479 10
426 480 10
426 482 10
426 484 10
426 486 10
426 488 10
426 490 10
426 491 10
426 492 10
426 493 10
426 494 10
426 495 10
426 499 10
426 500 10
426 501 10
426 502 10
426 503 10
426 504 10
426 505 10
426 506 10
426 507 10
426 508 10
426 509 10
426 511 10
426 512 10
426 513 10
426 515 10
426 523 10
426 525 10
426 526 10
426 527 10
426 530 10
426 531 10
426 532 10
426 533 10
426 534 10
426 535 10
426 536 10
426 537 10
426 541 10
426 542 10
426 545 10
426 583 10
426 591 10
426 594 10
426 596 10
426 597 10
426 598 10
426 605 10
426 612 10
426 620 10
426 621 10
426 622 10
426 637 10
426 640 10
426 641 10
426 642 10
426 652 10
426 655 10
426 657 10
426 659 10
426 665 10
426 666 10
426 667 10
426 668 10
426 670 10
426 671 10
426 672 10
426 674 10
426 676 10
426 685 10
426 693 10
426 694 10
426 695 10
426 699 10
426 700 10
426 703 10
426 704 10
426 705 10
426 706 10
426 709 10
426 710 10
426 711 10
426 712 10
426 713 10
426 716 10
426 718 10
426 724 10
426 726 10
426 727 10
426 728 10
426 729 10
426 730 10
426 731 10
426 732 10
426 733 10
426 734 10
426 735 10
426 736 10
426 741 10
426 742 10
426 747 10
426 749 10
426 752 10
426 754 10
426 756 10
426 759 10
427 254 10
427 255 10
427 257 10
427 260 10
427 261 10
427 262 10
427 263 10
427 264 10
427 265 10
427 267 10
427 271 10
427 272 10
427 273 10
427 281 10
427 283 10
427 286 10
427 287 10
427 289 10
427 291 10
427 295 10
427 298 10
427 299 10
427 300 10
427 301 10
427 302 10
427 303 10
427 304 10
427 306 10
427 308 10
427 316 10
427 319 10
427 321 10
427 324 10
427 330 10
427 331 10
427 336 10
427 337 10
427 338 10
427 340 10
427 347 10
427 348 10
427 362 10
427 365 10
427 366 10
427 379 10
427 380 10
427 381 10
427 385 10
427 389 10
427 390 10
427 397 10
427 398 10
427 399 10
427 400 10
427 405 10
427 407 10
427 411 10
427 414 10
427 417 10
427 419 10
427 422 10
427 423 10
427 424 10
427 426 10
427 442 10
427 444 10
427 447 10
427 449 10
427 450 10
427 452 10
427 453 10
427 456 10
427 459 10
427 460 10
427 461 10
427 462 10
427 465 10
427 466 10
427 467 10
427 472 10
427 474 10
427 475 10
427 477 10
427 478 10
427 480 10
427 483 10
427 484 10
427 486 10
427 488 10
427 489 10
427 492 10
427 499 10
427 500 10
427 501 10
427 504 10
427 505 10
427 506 10
427 507 10
427 516 10
427 518 10
427 520 10
427 521 10
427 523 10
427 525 10
427 527 10
427 529 10
427 530 10
427 531 10
427 532 10
427 533 10
427 537 10
427 545 10
427 546 10
427 559 10
427 566 10
427 567 10
427 570 10
427 571 10
427 599 10
427 602 10
427 618 10
427 619 10
427 620 10
427 621 10
427 623 10
427 628 10
427 638 10
427 639 10
427 642 10
427 643 10
427 653 10
427 655 10
427 657 10
427 659 10
427 661 10
427 662 10
427 664 10
427 665 10
427 666 10
427 667 10
427 668 10
427 669 10
427 670 10
427 671 10
427 672 10
427 673 10
427 674 10
427 676 10
427 683 10
427 684 10
427 685 10
427 686 10
427 689 10
427 691 10
427 696 10
427 697 10
427 700 10
427 702 10
427 704 10
427 705 10
427 712 10
427 722 10
427 724 10
427 726 10
427 729 10
427 731 10
427 732 10
427 734 10
427 736 10
427 738 10
427 739 10
427 740 10
427 748 10
427 749 10
427 750 10
427 751 10
427 753 10
427 754 10
427 758 10
427 760 10
428 253 10
428 254 10
428 258 10
428 259 10
428 262 10
428 266 10
428 273 10
428 274 10
428 275 10
428 278 10
428 284 10
428 285 10
428 286 10
428 289 10
428 293 10
428 304 10
428 310 10
428 313 10
428 314 10
428 315 10
428 318 10
428 319 10
428 322 10
428 324 10
428 327 10
428 328 10
428 330 10
428 337 10
428 338 10
428 340 10
428 341 10
428 343 10
428 344 10
428 345 10
428 346 10
428 359 10
428 363 10
428 364 10
428 365 10
428 366 10
428 371 10
428 375 10
428 376 10
428 377 10
428 381 10
428 382 10
428 383 10
428 388 10
428 389 10
428 391 10
428 392 10
428 394 10
428 395 10
428 402 10
428 407 10
428 411 10
428 414 10
428 415 10
428 417 10
428 420 10
428 422 10
428 424 10
428 425 10
428 429 10
428 431 10
428 433 10
428 435 10
428 437 10
428 446 10
428 447 10
428 449 10
428 453 10
428 454 10
428 456 10
428 457 10
428 458 10
428 459 10
428 465 10
428 466 10
428 470 10
428 473 10
428 476 10
428 478 10
428 479 10
428 480 10
428 482 10
428 483 10
428 485 10
428 490 10
428 491 10
428 493 10
428 495 10
428 500 10
428 504 10
428 505 10
428 506 10
428 508 10
428 509 10
428 511 10
428 512 10
428 513 10
428 515 10
428 517 10
428 519 10
428 524 10
428 528 10
428 529 10
428 530 10
428 531 10
428 545 10
428 548 10
428 552 10
428 565 10
428 567 10
428 568 10
428 584 10
428 588 10
428 590 10
428 592 10
428 598 10
428 599 10
428 600 10
428 601 10
428 605 10
428 609 10
428 610 10
428 611 10
428 620 10
428 622 10
428 624 10
428 626 10
428 627 10
428 633 10
428 635 10
428 637 10
428 639 10
428 640 10
428 652 10
428 654 10
428 655 10
428 657 10
428 658 10
428 660 10
428 661 10
428 664 10
428 665 10
428 666 10
428 667 10
428 668 10
428 669 10
428 670 10
428 671 10
428 672 10
428 673 10
428 676 10
428 678 10
428 679 10
428 683 10
428 688 10
428 694 10
428 695 10
428 696 10
428 697 10
428 707 10
428 710 10
428 712 10
428 715 10
428 717 10
428 724 10
428 727 10
428 728 10
428 730 10
428 732 10
428 733 10
428 735 10
428 736 10
428 738 10
428 739 10
428 740 10
428 748 10
428 756 10
428 758 10
429 253 10
429 254 10
429 255 10
429 256 10
429 257 10
429 259 10
429 260 10
429 261 10
429 264 10
429 276 10
429 279 10
429 288 10
429 289 10
429 290 10
429 291 10
429 293 10
429 294 10
429 295 10
429 298 10
429 299 10
429 300 10
429 301 10
429 302 10
429 308 10
429 313 10
429 314 10
429 329 10
429 331 10
429 337 10
429 338 10
429 340 10
429 343 10
429 344 10
429 347 10
429 348 10
429 359 10
429 361 10
429 364 10
429 367 10
429 376 10
429 377 10
429 381 10
429 385 10
429 386 10
429 389 10
429 390 10
429 392 10
429 393 10
429 398 10
429 401 10
429 411 10
429 416 10
429 417 10
429 418 10
429 419 10
429 420 10
429 422 10
429 425 10
429 426 10
429 429 10
429 431 10
429 432 10
429 433 10
429 435 10
429 443 10
429 444 10
429 445 10
429 446 10
429 447 10
429 448 10
429 449 10
429 450 10
429 451 10
429 452 10
429 455 10
429 457 10
429 458 10
429 460 10
429 461 10
429 463 10
429 464 10
429 465 10
429 466 10
429 474 10
429 475 10
429 476 10
429 477 10
429 479 10
429 480 10
429 481 10
429 486 10
429 487 10
429 490 10
429 492 10
429 494 10
429 495 10
429 499 10
429 502 10
429 505 10
429 508 10
429 509 10
429 512 10
429 516 10
429 517 10
429 522 10
429 523 10
429 525 10
429 526 10
429 527 10
429 528 10
429 531 10
429 534 10
429 536 10
429 544 10
429 545 10
429 548 10
429 566 10
429 567 10
429 570 10
429 571 10
429 572 10
429 574 10
429 584 10
429 588 10
429 589 10
429 592 10
429 598 10
429 599 10
429 612 10
429 617 10
429 618 10
429 622 10
429 623 10
429 629 10
429 633 10
429 635 10
429 637 10
429 638 10
429 639 10
429 640 10
429 641 10
429 642 10
429 646 10
429 647 10
429 652 10
429 654 10
429 656 10
429 657 10
429 658 10
429 660 10
429 662 10
429 663 10
429 665 10
429 666 10
429 667 10
429 668 10
429 669 10
429 670 10
429 671 10
429 672 10
429 674 10
429 676 10
429 678 10
429 680 10
429 684 10
429 685 10
429 689 10
429 690 10
429 692 10
429 696 10
429 697 10
429 698 10
429 699 10
429 704 10
429 705 10
429 708 10
429 712 10
429 714 10
429 715 10
429 716 10
429 717 10
429 718 10
429 722 10
429 725 10
429 726 10
429 727 10
429 729 10
429 732 10
429 735 10
429 737 10
429 738 10
429 741 10
429 742 10
429 749 10
430 247 10
430 254 10
430 256 10
430 262 10
430 264 10
430 273 10
430 285 10
430 286 10
430 287 10
430 288 10
430 295 10
430 298 10
430 302 10
430 304 10
430 308 10
430 311 10
430 312 10
430 316 10
430 319 10
430 322 10
430 325 10
430 327 10
430 329 10
430 330 10
430 333 10
430 334 10
430 335 10
430 337 10
430 338 10
430 340 10
430 344 10
430 352 10
430 353 10
430 362 10
430 363 10
430 365 10
430 366 10
430 375 10
430 378 10
430 379 10
430 380 10
430 381 10
430 384 10
430 385 10
430 387 10
430 388 10
430 390 10
430 391 10
430 392 10
430 393 10
430 394 10
430 395 10
430 398 10
430 414 10
430 415 10
430 417 10
430 418 10
430 420 10
430 421 10
430 422 10
430 423 10
430 424 10
430 430 10
430 435 10
430 438 10
430 446 10
430 448 10
430 449 10
430 472 10
430 473 10
430 474 10
430 477 10
430 478 10
430 479 10
430 487 10
430 489 10
430 495 10
430 499 10
430 501 10
430 502 10
430 503 10
430 504 10
430 506 10
430 508 10
430 510 10
430 515 10
430 516 10
430 517 10
430 519 10
430 523 10
430 524 10
430 525 10
430 526 10
430 529 10
430 531 10
430 534 10
430 535 10
430 540 10
430 546 10
430 550 10
430 567 10
430 569 10
430 570 10
430 571 10
430 572 10
430 589 10
430 594 10
430 596 10
430 598 10
430 600 10
430 601 10
430 610 10
430 614 10
430 618 10
430 620 10
430 623 10
430 624 10
430 635 10
430 636 10
430 642 10
430 643 10
430 644 10
430 645 10
430 647 10
430 648 10
430 649 10
430 650 10
430 653 10
430 657 10
430 658 10
430 660 10
430 663 10
430 664 10
430 666 10
430 667 10
430 668 10
430 669 10
430 670 10
430 671 10
430 672 10
430 674 10
430 675 10
430 676 10
430 678 10
430 679 10
430 681 10
430 683 10
430 688 10
430 690 10
430 691 10
430 692 10
430 695 10
430 697 10
430 698 10
430 701 10
430 702 10
430 707 10
430 709 10
430 710 10
430 711 10
430 712 10
430 713 10
430 714 10
430 715 10
430 716 10
430 717 10
430 719 10
430 721 10
430 723 10
430 724 10
430 726 10
430 729 10
430 735 10
430 737 10
430 740 10
431 253 10
431 254 10
431 256 10
431 263 10
431 273 10
431 286 10
431 290 10
431 292 10
431 295 10
431 297 10
431 298 10
431 299 10
431 303 10
431 304 10
431 305 10
431 306 10
431 307 10
431 309 10
431 311 10
431 313 10
431 317 10
431 321 10
431 324 10
431 326 10
431 328 10
431 336 10
431 337 10
431 343 10
431 345 10
431 346 10
431 347 10
431 350 10
431 352 10
431 354 10
431 364 10
431 375 10
431 378 10
431 381 10
431 382 10
431 383 10
431 386 10
431 388 10
431 389 10
431 390 10
431 391 10
431 392 10
431 393 10
431 396 10
431 415 10
431 417 10
431 419 10
431 420 10
431 425 10
431 428 10
431 429 10
431 436 10
431 439 10
431 441 10
431 442 10
431 444 10
431 446 10
431 449 10
431 450 10
431 451 10
431 452 10
431 456 10
431 458 10
431 461 10
431 475 10
431 476 10
431 479 10
431 480 10
431 481 10
431 482 10
431 484 10
431 486 10
431 487 10
431 488 10
431 492 10
431 495 10
431 503 10
431 504 10
431 505 10
431 506 10
431 510 10
431 518 10
431 520 10
431 521 10
431 522 10
431 524 10
431 526 10
431 527 10
431 528 10
431 535 10
431 536 10
431 552 10
431 564 10
431 570 10
431 571 10
431 573 10
431 575 10
431 577 10
431 583 10
431 585 10
431 588 10
431 592 10
431 593 10
431 594 10
431 596 10
431 597 10
431 598 10
431 599 10
431 600 10
431 602 10
431 616 10
431 621 10
431 622 10
431 624 10
431 628 10
431 629 10
431 635 10
431 637 10
431 640 10
431 641 10
431 650 10
431 651 10
431 652 10
431 654 10
431 656 10
431 658 10
431 659 10
431 661 10
431 666 10
431 668 10
431 669 10
431 670 10
431 672 10
431 674 10
431 675 10
431 683 10
431 684 10
431 694 10
431 696 10
431 698 10
431 700 10
431 702 10
431 706 10
431 709 10
431 712 10
431 715 10
431 716 10
431 718 10
431 725 10
431 726 10
431 727 10
431 735 10
431 738 10
431 744 10
431 746 10
431 747 10
431 748 10
431 750 10
431 751 10
432 248 10
432 255 10
432 256 10
432 263 10
432 265 10
432 289 10
432 291 10
432 293 10
432 294 10
432 297 10
432 298 10
432 299 10
432 302 10
432 309 10
432 311 10
432 315 10
432 319 10
432 324 10
432 325 10
432 326 10
432 329 10
432 331 10
432 334 10
432 335 10
432 338 10
432 339 10
432 340 10
432 341 10
432 342 10
432 343 10
432 345 10
432 346 10
432 349 10
432 354 10
432 381 10
432 389 10
432 391 10
432 392 10
432 393 10
432 395 10
432 396 10
432 398 10
432 400 10
432 407 10
432 409 10
432 416 10
432 420 10
432 421 10
432 423 10
432 424 10
432 425 10
432 434 10
432 439 10
432 446 10
432 447 10
432 449 10
432 454 10
432 455 10
432 465 10
432 470 10
432 472 10
432 474 10
432 475 10
432 476 10
432 479 10
432 480 10
432 486 10
432 493 10
432 494 10
432 495 10
432 499 10
432 500 10
432 502 10
432 503 10
432 505 10
432 508 10
432 514 10
432 515 10
432 516 10
432 518 10
432 519 10
432 520 10
432 522 10
432 523 10
432 524 10
432 525 10
432 526 10
432 527 10
432 529 10
432 530 10
432 532 10
432 533 10
432 534 10
432 535 10
432 548 10
432 549 10
432 550 10
432 551 10
432 554 10
432 562 10
432 565 10
432 566 10
432 567 10
432 569 10
432 571 10
432 572 10
432 573 10
432 581 10
432 582 10
432 583 10
432 584 10
432 586 10
432 587 10
432 595 10
432 596 10
432 597 10
432 632 10
432 636 10
432 638 10
432 640 10
432 642 10
432 645 10
432 648 10
432 650 10
432 652 10
432 654 10
432 656 10
432 658 10
432 659 10
432 662 10
432 663 10
432 665 10
432 666 10
432 668 10
432 670 10
432 671 10
432 679 10
432 680 10
432 684 10
432 688 10
432 689 10
432 692 10
432 693 10
432 694 10
432 695 10
432 696 10
432 697 10
432 702 10
432 704 10
432 706 10
432 711 10
432 712 10
432 713 10
432 714 10
432 715 10
432 717 10
432 718 10
432 721 10
432 722 10
432 723 10
432 726 10
432 727 10
432 735 10
432 746 10
432 749 10
432 751 10
432 753 10
432 754 10
432 756 10
432 757 10
432 758 10
432 767 10
433 250 10
433 255 10
433 256 10
433 266 10
433 267 10
433 289 10
433 293 10
433 296 10
433 297 10
433 304 10
433 306 10
433 307 10
433 308 10
433 310 10
433 312 10
433 313 10
433 314 10
433 323 10
433 324 10
433 329 10
433 330 10
433 332 10
433 333 10
433 337 10
433 340 10
433 341 10
433 343 10
433 344 10
433 345 10
433 346 10
433 347 10
433 350 10
433 369 10
433 372 10
433 383 10
433 384 10
433 385 10
433 386 10
433 388 10
433 389 10
433 390 10
433 391 10
433 392 10
433 393 10
433 394 10
433 395 10
433 396 10
433 407 10
433 412 10
433 416 10
433 423 10
433 425 10
433 427 10
433 430 10
433 432 10
433 436 10
433 437 10
433 442 10
433 444 10
433 449 10
433 450 10
433 451 10
433 452 10
433 460 10
433 467 10
433 474 10
433 476 10
433 477 10
433 478 10
433 479 10
433 480 10
433 482 10
433 483 10
433 491 10
433 494 10
433 497 10
433 498 10
433 499 10
433 500 10
433 501 10
433 502 10
433 503 10
433 504 10
433 506 10
433 510 10
433 511 10
433 512 10
433 513 10
433 515 10
433 516 10
433 518 10
433 519 10
433 520 10
433 521 10
433 522 10
433 523 10
433 524 10
433 526 10
433 528 10
433 530 10
433 533 10
433 536 10
433 540 10
433 542 10
433 543 10
433 544 10
433 550 10
433 551 10
433 552 10
433 553 10
433 554 10
433 561 10
433 566 10
433 568 10
433 569 10
433 570 10
433 573 10
433 574 10
433 575 10
433 583 10
433 584 10
433 585 10
433 587 10
433 591 10
433 595 10
433 596 10
433 597 10
433 599 10
433 616 10
433 622 10
433 624 10
433 625 10
433 626 10
433 628 10
433 629 10
433 630 10
433 632 10
433 635 10
433 636 10
433 639 10
433 640 10
433 641 10
433 643 10
433 651 10
433 654 10
433 655 10
433 656 10
433 658 10
433 663 10
433 666 10
433 667 10
433 668 10
433 669 10
433 670 10
433 671 10
433 673 10
433 683 10
433 687 10
433 688 10
433 689 10
433 690 10
433 692 10
433 695 10
433 697 10
433 700 10
433 701 10
433 705 10
433 707 10
433 708 10
433 714 10
433 715 10
433 718 10
433 719 10
433 721 10
433 724 10
433 725 10
433 727 10
433 732 10
433 733 10
433 735 10
433 736 10
433 748 10
433 752 10
433 760 10
433 762 10
434 246 10
434 249 10
434 263 10
434 266 10
434 268 10
434 281 10
434 289 10
434 290 10
434 295 10
434 299 10
434 300 10
434 301 10
434 303 10
434 304 10
434 305 10
434 306 10
434 308 10
434 309 10
434 311 10
434 313 10
434 319 10
434 320 10
434 321 10
434 323 10
434 325 10
434 326 10
434 328 10
434 333 10
434 335 10
434 337 10
434 340 10
434 341 10
434 343 10
434 344 10
434 345 10
434 348 10
434 350 10
434 353 10
434 354 10
434 357 10
434 361 10
434 374 10
434 376 10
434 379 10
434 380 10
434 382 10
434 384 10
434 387 10
434 388 10
434 391 10
434 396 10
434 400 10
434 401 10
434 408 10
434 410 10
434 417 10
434 422 10
434 424 10
434 425 10
434 430 10
434 432 10
434 433 10
434 434 10
434 437 10
434 438 10
434 445 10
434 446 10
434 447 10
434 449 10
434 450 10
434 451 10
434 452 10
434 453 10
434 455 10
434 456 10
434 459 10
434 460 10
434 465 10
434 469 10
434 472 10
434 475 10
434 477 10
434 478 10
434 479 10
434 481 10
434 482 10
434 491 10
434 497 10
434 498 10
434 499 10
434 500 10
434 501 10
434 502 10
434 504 10
434 506 10
434 510 10
434 511 10
434 513 10
434 515 10
434 516 10
434 519 10
434 520 10
434 521 10
434 523 10
434 524 10
434 525 10
434 526 10
434 527 10
434 531 10
434 533 10
434 534 10
434 535 10
434 542 10
434 546 10
434 554 10
434 557 10
434 561 10
434 563 10
434 565 10
434 566 10
434 568 10
434 573 10
434 579 10
434 582 10
434 583 10
434 586 10
434 587 10
434 596 10
434 597 10
434 599 10
434 601 10
434 615 10
434 623 10
434 627 10
434 631 10
434 632 10
434 633 10
434 634 10
434 638 10
434 640 10
434 641 10
434 642 10
434 643 10
434 645 10
434 652 10
434 654 10
434 661 10
434 662 10
434 663 10
434 665 10
434 667 10
434 668 10
434 670 10
434 671 10
434 674 10
434 687 10
434 690 10
434 692 10
434 694 10
434 696 10
434 698 10
434 709 10
434 710 10
434 711 10
434 712 10
434 714 10
434 715 10
434 719 10
434 725 10
434 726 10
434 727 10
434 728 10
434 730 10
434 748 10
434 750 10
434 751 10
434 752 10
434 754 10
434 756 10
434 757 10
434 761 10
434 762 10
434 767 10
435 245 10
435 246 10
435 252 10
435 265 10
435 266 10
435 268 10
435 271 10
435 272 10
435 293 10
435 295 10
435 306 10
435 311 10
435 314 10
435 318 10
435 320 10
435 321 10
435 322 10
435 323 10
435 324 10
435 325 10
435 328 10
435 331 10
435 333 10
435 334 10
435 338 10
435 339 10
435 340 10
435 341 10
435 342 10
435 343 10
435 344 10
435 345 10
435 362 10
435 365 10
435 372 10
435 375 10
435 377 10
435 381 10
435 382 10
435 383 10
435 384 10
435 386 10
435 388 10
435 389 10
435 396 10
435 403 10
435 413 10
435 415 10
435 421 10
435 423 10
435 425 10
435 426 10
435 429 10
435 433 10
435 434 10
435 435 10
435 436 10
435 437 10
435 439 10
435 442 10
435 444 10
435 446 10
435 448 10
435 449 10
435 451 10
435 453 10
435 458 10
435 461 10
435 470 10
435 472 10
435 473 10
435 476 10
435 477 10
435 478 10
435 480 10
435 482 10
435 484 10
435 490 10
435 491 10
435 492 10
435 495 10
435 500 10
435 501 10
435 503 10
435 505 10
435 506 10
435 508 10
435 512 10
435 514 10
435 517 10
435 519 10
435 520 10
435 521 10
435 523 10
435 524 10
435 525 10
435 532 10
435 538 10
435 539 10
435 541 10
435 543 10
435 547 10
435 548 10
435 552 10
435 554 10
435 555 10
435 558 10
435 559 10
435 562 10
435 563 10
435 564 10
435 565 10
435 567 10
435 568 10
435 573 10
435 574 10
435 575 10
435 581 10
435 583 10
435 585 10
435 586 10
435 594 10
435 595 10
435 597 10
435 602 10
435 617 10
435 622 10
435 623 10
435 625 10
435 629 10
435 635 10
435 639 10
435 640 10
435 641 10
435 645 10
435 650 10
435 652 10
435 654 10
435 660 10
435 662 10
435 664 10
435 666 10
435 668 10
435 669 10
435 670 10
435 674 10
435 675 10
435 682 10
435 683 10
435 684 10
435 686 10
435 687 10
435 688 10
435 690 10
435 691 10
435 692 10
435 699 10
435 701 10
435 702 10
435 703 10
435 705 10
435 706 10
435 707 10
435 710 10
435 712 10
435 714 10
435 716 10
435 717 10
435 718 10
435 719 10
435 727 10
435 731 10
435 732 10
435 733 10
435 734 10
435 749 10
435 751 10
435 755 10
435 756 10
435 758 10
435 759 10
435 760 10
435 763 10
435 766 10
436 255 10
436 256 10
436 257 10
436 265 10
436 266 10
436 267 10
436 268 10
436 269 10
436 270 10
436 281 10
436 286 10
436 291 10
436 295 10
436 297 10
436 298 10
436 300 10
436 304 10
436 306 10
436 308 10
436 311 10
436 314 10
436 315 10
436 318 10
436 319 10
436 320 10
436 323 10
436 324 10
436 329 10
436 330 10
436 333 10
436 335 10
436 336 10
436 338 10
436 339 10
436 340 10
436 341 10
436 342 10
436 343 10
436 345 10
436 346 10
436 347 10
436 349 10
436 350 10
436 355 10
436 356 10
436 373 10
436 376 10
436 386 10
436 388 10
436 390 10
436 392 10
436 393 10
436 394 10
436 395 10
436 396 10
436 411 10
436 415 10
436 416 10
436 417 10
436 420 10
436 421 10
436 422 10
436 424 10
436 425 10
436 426 10
436 430 10
436 431 10
436 432 10
436 433 10
436 434 10
436 435 10
436 436 10
436 437 10
436 443 10
436 444 10
436 445 10
436 446 10
436 447 10
436 452 10
436 453 10
436 454 10
436 465 10
436 469 10
436 471 10
436 472 10
436 475 10
436 476 10
436 477 10
436 480 10
436 481 10
436 482 10
436 492 10
436 493 10
436 496 10
436 503 10
436 511 10
436 512 10
436 513 10
436 514 10
436 516 10
436 517 10
436 518 10
436 520 10
436 521 10
436 522 10
436 523 10
436 525 10
436 526 10
436 527 10
436 533 10
436 534 10
436 535 10
436 542 10
436 543 10
436 552 10
436 554 10
436 555 10
436 556 10
436 560 10
436 561 10
436 564 10
436 565 10
436 566 10
436 567 10
436 568 10
436 569 10
436 575 10
436 583 10
436 586 10
436 588 10
436 599 10
436 606 10
436 624 10
436 627 10
436 629 10
436 633 10
436 635 10
436 636 10
436 638 10
436 643 10
436 647 10
436 648 10
436 651 10
436 653 10
436 655 10
436 656 10
436 659 10
436 660 10
436 661 10
436 665 10
436 666 10
436 668 10
436 671 10
436 681 10
436 686 10
436 687 10
436 688 10
436 689 10
436 690 10
436 691 10
436 692 10
436 695 10
436 696 10
436 698 10
436 699 10
436 700 10
436 701 10
436 704 10
436 709 10
436 711 10
436 714 10
436 715 10
436 724 10
436 726 10
436 731 10
436 732 10
436 744 10
436 746 10
436 747 10
436 749 10
436 755 10
436 758 10
436 760 10
436 763 10
436 765 10
436 769 10
437 253 10
437 257 10
437 259 10
437 263 10
437 266 10
437 267 10
437 270 10
437 273 10
437 283 10
437 284 10
437 285 10
437 288 10
437 297 10
437 298 10
437 299 10
437 303 10
437 304 10
437 305 10
437 309 10
437 310 10
437 311 10
437 312 10
437 313 10
437 318 10
437 320 10
437 321 10
437 322 10
437 323 10
437 324 10
437 332 10
437 333 10
437 335 10
437 337 10
437 339 10
437 340 10
437 341 10
437 342 10
437 344 10
437 345 10
437 346 10
437 352 10
437 357 10
437 362 10
437 372 10
437 373 10
437 374 10
437 382 10
437 383 10
437 385 10
437 386 10
437 387 10
437 389 10
437 390 10
437 391 10
437 392 10
437 393 10
437 394 10
437 395 10
437 396 10
437 397 10
437 405 10
437 410 10
437 416 10
437 417 10
437 418 10
437 420 10
437 421 10
437 424 10
437 430 10
437 432 10
437 434 10
437 435 10
437 437 10
437 438 10
437 440 10
437 442 10
437 445 10
437 463 10
437 469 10
437 470 10
437 471 10
437 474 10
437 475 10
437 476 10
437 477 10
437 479 10
437 483 10
437 487 10
437 488 10
437 490 10
437 491 10
437 493 10
437 494 10
437 498 10
437 499 10
437 507 10
437 508 10
437 509 10
437 511 10
437 512 10
437 514 10
437 515 10
437 516 10
437 520 10
437 521 10
437 523 10
437 524 10
437 525 10
437 526 10
437 529 10
437 533 10
437 539 10
437 540 10
437 541 10
437 546 10
437 547 10
437 548 10
437 550 10
437 554 10
437 556 10
437 562 10
437 563 10
437 564 10
437 566 10
437 567 10
437 568 10
437 573 10
437 579 10
437 582 10
437 583 10
437 586 10
437 588 10
437 590 10
437 592 10
437 594 10
437 595 10
437 597 10
437 602 10
437 603 10
437 606 10
437 613 10
437 614 10
437 622 10
437 627 10
437 631 10
437 635 10
437 640 10
437 641 10
437 652 10
437 655 10
437 656 10
437 657 10
437 662 10
437 663 10
437 665 10
437 667 10
437 680 10
437 681 10
437 682 10
437 683 10
437 684 10
437 686 10
437 687 10
437 689 10
437 690 10
437 691 10
437 692 10
437 693 10
437 694 10
437 696 10
437 698 10
437 700 10
437 702 10
437 704 10
437 705 10
437 706 10
437 708 10
437 709 10
437 715 10
437 716 10
437 717 10
437 718 10
437 743 10
437 750 10
437 751 10
437 752 10
437 753 10
437 754 10
437 757 10
437 758 10
437 759 10
437 761 10
437 762 10
437 763 10
437 765 10
437 768 10
438 239 10
438 248 10
438 250 10
438 252 10
438 253 10
438 255 10
438 256 10
438 257 10
438 259 10
438 263 10
438 264 10
438 266 10
438 267 10
438 283 10
438 284 10
438 290 10
438 296 10
438 297 10
438 298 10
438 302 10
438 303 10
438 305 10
438 307 10
438 309 10
438 311 10
438 316 10
438 317 10
438 320 10
438 322 10
438 323 10
438 327 10
438 329 10
438 332 10
438 334 10
438 335 10
438 336 10
438 338 10
438 339 10
438 340 10
438 342 10
438 343 10
438 344 10
438 348 10
438 349 10
438 350 10
438 351 10
438 355 10
438 358 10
438 364 10
438 374 10
438 375 10
438 381 10
438 384 10
438 386 10
438 388 10
438 389 10
438 390 10
438 391 10
438 392 10
438 393 10
438 394 10
438 395 10
438 396 10
438 398 10
438 403 10
438 404 10
438 409 10
438 415 10
438 416 10
438 424 10
438 428 10
438 431 10
438 433 10
438 434 10
438 435 10
438 436 10
438 437 10
438 438 10
438 439 10
438 442 10
438 447 10
438 454 10
438 460 10
438 462 10
438 463 10
438 465 10
438 469 10
438 471 10
438 474 10
438 476 10
438 477 10
438 478 10
438 479 10
438 488 10
438 494 10
438 498 10
438 499 10
438 505 10
438 506 10
438 511 10
438 522 10
438 523 10
438 524 10
438 528 10
438 531 10
438 532 10
438 537 10
438 549 10
438 550 10
438 552 10
438 555 10
438 564 10
438 565 10
438 566 10
438 567 10
438 569 10
438 580 10
438 581 10
438 582 10
438 583 10
438 586 10
438 587 10
438 590 10
438 592 10
438 595 10
438 596 10
438 597 10
438 600 10
438 604 10
438 605 10
438 607 10
438 611 10
438 612 10
438 613 10
438 628 10
438 629 10
438 631 10
438 633 10
438 641 10
438 642 10
438 648 10
438 649 10
438 651 10
438 652 10
438 655 10
438 658 10
438 664 10
438 669 10
438 683 10
438 684 10
438 685 10
438 686 10
438 688 10
438 690 10
438 691 10
438 693 10
438 696 10
438 697 10
438 698 10
438 699 10
438 700 10
438 701 10
438 702 10
438 704 10
438 705 10
438 706 10
438 707 10
438 708 10
438 709 10
438 711 10
438 718 10
438 743 10
438 745 10
438 746 10
438 751 10
438 754 10
438 756 10
438 757 10
438 759 10
438 760 10
438 763 10
438 769 10
438 772 10
439 238 10
439 246 10
439 249 10
439 252 10
439 255 10
439 256 10
439 258 10
439 263 10
439 273 10
439 275 10
439 297 10
439 298 10
439 302 10
439 304 10
439 306 10
439 317 10
439 319 10
439 321 10
439 322 10
439 323 10
439 327 10
439 329 10
439 332 10
439 337 10
439 338 10
439 341 10
439 342 10
439 343 10
439 344 10
439 345 10
439 346 10
439 347 10
439 353 10
439 354 10
439 358 10
439 362 10
439 363 10
439 368 10
439 369 10
439 370 10
439 377 10
439 379 10
439 382 10
439 385 10
439 387 10
439 389 10
439 391 10
439 392 10
439 393 10
439 395 10
439 396 10
439 398 10
439 399 10
439 401 10
439 406 10
439 412 10
439 416 10
439 418 10
439 419 10
439 431 10
439 432 10
439 433 10
439 434 10
439 435 10
439 437 10
439 439 10
439 441 10
439 442 10
439 444 10
439 455 10
439 459 10
439 460 10
439 471 10
439 473 10
439 486 10
439 501 10
439 503 10
439 504 10
439 505 10
439 507 10
439 509 10
439 510 10
439 513 10
439 519 10
439 523 10
439 525 10
439 526 10
439 527 10
439 528 10
439 533 10
439 534 10
439 536 10
439 540 10
439 541 10
439 542 10
439 548 10
439 549 10
439 550 10
439 551 10
439 554 10
439 559 10
439 563 10
439 564 10
439 565 10
439 566 10
439 568 10
439 569 10
439 577 10
439 581 10
439 584 10
439 586 10
439 587 10
439 588 10
439 590 10
439 591 10
439 592 10
439 593 10
439 595 10
439 601 10
439 602 10
439 604 10
439 605 10
439 607 10
439 615 10
439 634 10
439 635 10
439 636 10
439 637 10
439 638 10
439 639 10
439 640 10
439 642 10
439 647 10
439 649 10
439 650 10
439 653 10
439 656 10
439 658 10
439 663 10
439 669 10
439 671 10
439 672 10
439 673 10
439 679 10
439 681 10
439 687 10
439 688 10
439 690 10
439 691 10
439 692 10
439 693 10
439 695 10
439 698 10
439 700 10
439 701 10
439 702 10
439 703 10
439 704 10
439 705 10
439 706 10
439 707 10
439 708 10
439 709 10
439 711 10
439 713 10
439 714 10
439 738 10
439 747 10
439 749 10
439 751 10
439 753 10
439 755 10
439 756 10
439 758 10
439 759 10
439 760 10
439 762 10
439 763 10
440 238 10
440 249 10
440 252 10
440 254 10
440 255 10
440 262 10
440 263 10
440 264 10
440 266 10
440 274 10
440 284 10
440 287 10
440 290 10
440 293 10
440 294 10
440 296 10
440 298 10
440 299 10
440 300 10
440 302 10
440 305 10
440 306 10
440 308 10
440 310 10
440 320 10
440 323 10
440 333 10
440 336 10
440 339 10
440 340 10
440 341 10
440 342 10
440 343 10
440 345 10
440 350 10
440 353 10
440 355 10
440 357 10
440 360 10
440 363 10
440 370 10
440 373 10
440 374 10
440 375 10
440 376 10
440 378 10
440 379 10
440 380 10
440 385 10
440 389 10
440 390 10
440 391 10
440 393 10
440 395 10
440 396 10
440 397 10
440 400 10
440 404 10
440 407 10
440 410 10
440 412 10
440 417 10
440 424 10
440 427 10
440 431 10
440 433 10
440 435 10
440 436 10
440 437 10
440 438 10
440 441 10
440 446 10
440 448 10
440 453 10
440 461 10
440 468 10
440 470 10
440 471 10
440 473 10
440 474 10
440 479 10
440 480 10
440 492 10
440 493 10
440 495 10
440 496 10
440 497 10
440 499 10
440 501 10
440 503 10
440 504 10
440 506 10
440 507 10
440 508 10
440 510 10
440 511 10
440 518 10
440 529 10
440 531 10
440 533 10
440 534 10
440 536 10
440 539 10
440 548 10
440 555 10
440 565 10
440 567 10
440 568 10
440 578 10
440 581 10
440 582 10
440 583 10
440 584 10
440 586 10
440 587 10
440 590 10
440 592 10
440 593 10
440 602 10
440 610 10
440 611 10
440 614 10
440 623 10
440 624 10
440 625 10
440 629 10
440 630 10
440 631 10
440 632 10
440 633 10
440 636 10
440 637 10
440 638 10
440 639 10
440 640 10
440 643 10
440 647 10
440 649 10
440 653 10
440 659 10
440 660 10
440 662 10
440 668 10
440 669 10
440 683 10
440 684 10
440 686 10
440 691 10
440 692 10
440 693 10
440 695 10
440 697 10
440 698 10
440 699 10
440 701 10
440 702 10
440 704 10
440 705 10
440 706 10
440 707 10
440 724 10
440 726 10
440 742 10
440 743 10
440 744 10
440 750 10
440 751 10
440 752 10
440 755 10
440 756 10
440 757 10
440 758 10
440 759 10
440 760 10
440 762 10
440 769 10
441 236 10
441 238 10
441 245 10
441 248 10
441 250 10
441 251 10
441 252 10
441 253 10
441 254 10
441 256 10
441 258 10
441 264 10
441 274 10
441 285 10
441 289 10
441 290 10
441 291 10
441 295 10
441 297 10
441 299 10
441 300 10
441 302 10
441 305 10
441 307 10
441 329 10
441 331 10
441 332 10
441 333 10
441 334 10
441 335 10
441 337 10
441 338 10
441 341 10
441 342 10
441 344 10
441 346 10
441 347 10
441 348 10
441 350 10
441 355 10
441 360 10
441 361 10
441 362 10
441 371 10
441 372 10
441 374 10
441 377 10
441 378 10
441 382 10
441 386 10
441 387 10
441 391 10
441 392 10
441 394 10
441 396 10
441 398 10
441 404 10
441 408 10
441 412 10
441 413 10
441 415 10
441 417 10
441 419 10
441 427 10
441 429 10
441 432 10
441 433 10
441 434 10
441 435 10
441 436 10
441 437 10
441 438 10
441 439 10
441 442 10
441 446 10
441 452 10
441 456 10
441 459 10
441 470 10
441 472 10
441 474 10
441 476 10
441 490 10
441 491 10
441 493 10
441 494 10
441 495 10
441 498 10
441 499 10
441 500 10
441 502 10
441 503 10
441 504 10
441 505 10
441 506 10
441 507 10
441 510 10
441 512 10
441 513 10
441 516 10
441 535 10
441 536 10
441 538 10
441 542 10
441 544 10
441 546 10
441 549 10
441 556 10
441 557 10
441 559 10
441 560 10
441 563 10
441 567 10
441 568 10
441 569 10
441 584 10
441 586 10
441 587 10
441 588 10
441 589 10
441 590 10
441 592 10
441 595 10
441 597 10
441 600 10
441 602 10
441 603 10
441 604 10
441 605 10
441 606 10
441 607 10
441 611 10
441 618 10
441 619 10
441 626 10
441 631 10
441 633 10
441 634 10
441 641 10
441 642 10
441 643 10
441 651 10
441 655 10
441 656 10
441 658 10
441 664 10
441 665 10
441 666 10
441 667 10
441 686 10
441 687 10
441 688 10
441 689 10
441 690 10
441 691 10
441 693 10
441 697 10
441 698 10
441 699 10
441 700 10
441 701 10
441 704 10
441 706 10
441 707 10
441 708 10
441 712 10
441 721 10
441 735 10
441 745 10
441 746 10
441 748 10
441 749 10
441 751 10
441 753 10
441 757 10
441 759 10
441 760 10
441 764 10
441 766 10
441 767 10
441 770 10
442 246 10
442 248 10
442 250 10
442 251 10
442 252 10
442 253 10
442 254 10
442 255 10
442 256 10
442 257 10
442 261 10
442 262 10
442 263 10
442 264 10
442 267 10
442 272 10
442 273 10
442 274 10
442 289 10
442 291 10
442 292 10
442 293 10
442 294 10
442 297 10
442 299 10
442 306 10
442 311 10
442 316 10
442 319 10
442 328 10
442 330 10
442 331 10
442 332 10
442 333 10
442 334 10
442 336 10
442 339 10
442 341 10
442 342 10
442 344 10
442 345 10
442 346 10
442 347 10
442 348 10
442 350 10
442 352 10
442 353 10
442 355 10
442 356 10
442 358 10
442 359 10
442 360 10
442 367 10
442 372 10
442 373 10
442 375 10
442 376 10
442 378 10
442 380 10
442 382 10
442 383 10
442 385 10
442 387 10
442 390 10
442 391 10
442 392 10
442 394 10
442 395 10
442 397 10
442 399 10
442 404 10
442 406 10
442 409 10
442 410 10
442 413 10
442 414 10
442 415 10
442 417 10
442 420 10
442 421 10
442 423 10
442 425 10
442 428 10
442 429 10
442 432 10
442 433 10
442 434 10
442 436 10
442 437 10
442 438 10
442 440 10
442 444 10
442 445 10
442 447 10
442 471 10
442 474 10
442 480 10
442 493 10
442 495 10
442 502 10
442 505 10
442 506 10
442 508 10
442 510 10
442 512 10
442 516 10
442 527 10
442 528 10
442 533 10
442 545 10
442 552 10
442 554 10
442 556 10
442 561 10
442 565 10
442 585 10
442 587 10
442 591 10
442 592 10
442 594 10
442 595 10
442 603 10
442 605 10
442 606 10
442 607 10
442 608 10
442 611 10
442 618 10
442 621 10
442 623 10
442 624 10
442 626 10
442 627 10
442 632 10
442 634 10
442 636 10
442 638 10
442 639 10
442 642 10
442 651 10
442 654 10
442 656 10
442 662 10
442 665 10
442 666 10
442 668 10
442 669 10
442 670 10
442 671 10
442 676 10
442 679 10
442 688 10
442 691 10
442 692 10
442 698 10
442 699 10
442 703 10
442 704 10
442 708 10
442 709 10
442 710 10
442 711 10
442 712 10
442 722 10
442 724 10
442 726 10
442 746 10
442 747 10
442 749 10
442 750 10
442 751 10
442 756 10
442 758 10
442 759 10
442 760 10
442 762 10
442 764 10
442 765 10
443 235 10
443 249 10
443 251 10
443 253 10
443 254 10
443 257 10
443 258 10
443 259 10
443 262 10
443 265 10
443 267 10
443 271 10
443 272 10
443 274 10
443 287 10
443 289 10
443 291 10
443 293 10
443 299 10
443 301 10
443 302 10
443 303 10
443 306 10
443 308 10
443 322 10
443 326 10
443 329 10
443 331 10
443 333 10
443 335 10
443 336 10
443 338 10
443 342 10
443 343 10
443 344 10
443 346 10
443 349 10
443 350 10
443 351 10
443 356 10
443 357 10
443 361 10
443 362 10
443 363 10
443 368 10
443 371 10
443 376 10
443 381 10
443 382 10
443 383 10
443 384 10
443 385 10
443 391 10
443 394 10
443 395 10
443 397 10
443 398 10
443 399 10
443 401 10
443 404 10
443 406 10
443 408 10
443 410 10
443 414 10
443 415 10
443 422 10
443 423 10
443 424 10
443 425 10
443 428 10
443 430 10
443 435 10
443 494 10
443 498 10
443 501 10
443 502 10
443 503 10
443 504 10
443 505 10
443 512 10
443 518 10
443 520 10
443 532 10
443 546 10
443 549 10
443 557 10
443 560 10
443 562 10
443 567 10
443 568 10
443 569 10
443 573 10
443 577 10
443 581 10
443 585 10
443 586 10
443 587 10
443 595 10
443 596 10
443 598 10
443 600 10
443 602 10
443 603 10
443 608 10
443 610 10
443 624 10
443 625 10
443 626 10
443 627 10
443 632 10
443 642 10
443 644 10
443 646 10
443 647 10
443 651 10
443 657 10
443 658 10
443 659 10
443 664 10
443 666 10
443 668 10
443 669 10
443 670 10
443 676 10
443 678 10
443 687 10
443 689 10
443 692 10
443 694 10
443 702 10
443 703 10
443 704 10
443 705 10
443 706 10
443 707 10
443 708 10
443 709 10
443 710 10
443 711 10
443 713 10
443 723 10
443 725 10
443 738 10
443 739 10
443 743 10
443 744 10
443 748 10
443 749 10
443 750 10
443 760 10
443 761 10
443 764 10
443 766 10
443 771 10
443 776 10
444 251 10
444 254 10
444 258 10
444 259 10
444 263 10
444 266 10
444 267 10
444 268 10
444 273 10
444 274 10
444 295 10
444 299 10
444 300 10
444 307 10
444 308 10
444 322 10
444 326 10
444 328 10
444 331 10
444 332 10
444 333 10
444 334 10
444 335 10
444 338 10
444 339 10
444 341 10
444 342 10
444 343 10
444 344 10
444 346 10
444 347 10
444 348 10
444 349 10
444 352 10
444 353 10
444 354 10
444 355 10
444 357 10
444 358 10
444 369 10
444 374 10
444 378 10
444 379 10
444 380 10
444 381 10
444 382 10
444 383 10
444 385 10
444 386 10
444 387 10
444 388 10
444 390 10
444 392 10
444 398 10
444 399 10
444 408 10
444 411 10
444 413 10
444 420 10
444 423 10
444 426 10
444 429 10
444 433 10
444 434 10
444 435 10
444 436 10
444 440 10
444 441 10
444 442 10
444 445 10
444 447 10
444 449 10
444 462 10
444 466 10
444 469 10
444 473 10
444 474 10
444 475 10
444 494 10
444 498 10
444 502 10
444 503 10
444 504 10
444 505 10
444 506 10
444 507 10
444 508 10
444 511 10
444 514 10
444 515 10
444 516 10
444 530 10
444 531 10
444 534 10
444 550 10
444 551 10
444 562 10
444 564 10
444 565 10
444 571 10
444 590 10
444 592 10
444 593 10
444 594 10
444 595 10
444 597 10
444 601 10
444 603 10
444 605 10
444 606 10
444 611 10
444 612 10
444 613 10
444 625 10
444 626 10
444 627 10
444 628 10
444 642 10
444 649 10
444 651 10
444 655 10
444 661 10
444 663 10
444 664 10
444 665 10
444 667 10
444 669 10
444 671 10
444 672 10
444 686 10
444 689 10
444 690 10
444 691 10
444 692 10
444 694 10
444 696 10
444 699 10
444 703 10
444 704 10
444 707 10
444 711 10
444 712 10
444 723 10
444 743 10
444 746 10
444 747 10
444 755 10
444 757 10
444 759 10
444 762 10
444 763 10
444 766 10
444 770 10
444 771 10
444 772 10
445 249 10
445 252 10
445 254 10
445 255 10
445 256 10
445 258 10
445 259 10
445 261 10
445 262 10
445 275 10
445 284 10
445 295 10
445 296 10
445 297 10
445 299 10
445 300 10
445 303 10
445 305 10
445 320 10
445 322 10
445 323 10
445 328 10
445 330 10
445 332 10
445 336 10
445 337 10
445 339 10
445 340 10
445 342 10
445 343 10
445 344 10
445 345 10
445 346 10
445 347 10
445 348 10
445 350 10
445 356 10
445 362 10
445 363 10
445 364 10
445 365 10
445 368 10
445 372 10
445 374 10
445 375 10
445 383 10
445 386 10
445 388 10
445 389 10
445 392 10
445 393 10
445 395 10
445 398 10
445 410 10
445 412 10
445 413 10
445 426 10
445 427 10
445 428 10
445 429 10
445 432 10
445 435 10
445 436 10
445 439 10
445 440 10
445 444 10
445 446 10
445 448 10
445 470 10
445 490 10
445 493 10
445 494 10
445 500 10
445 501 10
445 502 10
445 503 10
445 504 10
445 505 10
445 507 10
445 508 10
445 512 10
445 527 10
445 531 10
445 536 10
445 539 10
445 549 10
445 551 10
445 557 10
445 569 10
445 581 10
445 589 10
445 591 10
445 592 10
445 596 10
445 597 10
445 599 10
445 601 10
445 602 10
445 603 10
445 605 10
445 607 10
445 611 10
445 622 10
445 623 10
445 625 10
445 626 10
445 628 10
445 642 10
445 658 10
445 660 10
445 661 10
445 662 10
445 663 10
445 664 10
445 665 10
445 666 10
445 677 10
445 679 10
445 690 10
445 691 10
445 696 10
445 701 10
445 703 10
445 704 10
445 705 10
445 708 10
445 709 10
445 740 10
445 744 10
445 745 10
445 746 10
445 747 10
445 749 10
445 756 10
445 758 10
445 759 10
445 760 10
445 762 10
445 770 10
445 771 10
446 249 10
446 250 10
446 256 10
446 257 10
446 260 10
446 262 10
446 267 10
446 269 10
446 271 10
446 293 10
446 297 10
446 298 10
446 300 10
446 302 10
446 304 10
446 309 10
446 312 10
446 318 10
446 320 10
446 321 10
446 322 10
446 323 10
446 324 10
446 328 10
446 329 10
446 330 10
446 332 10
446 333 10
446 334 10
446 337 10
446 340 10
446 341 10
446 342 10
446 343 10
446 346 10
446 347 10
446 350 10
446 354 10
446 358 10
446 361 10
446 362 10
446 364 10
446 367 10
446 370 10
446 371 10
446 372 10
446 373 10
446 376 10
446 377 10
446 380 10
446 381 10
446 384 10
446 385 10
446 386 10
446 388 10
446 389 10
446 391 10
446 393 10
446 396 10
446 399 10
446 412 10
446 424 10
446 427 10
446 429 10
446 431 10
446 432 10
446 433 10
446 435 10
446 436 10
446 437 10
446 448 10
446 460 10
446 462 10
446 464 10
446 465 10
446 468 10
446 472 10
446 473 10
446 474 10
446 490 10
446 495 10
446 501 10
446 503 10
446 504 10
446 505 10
446 508 10
446 514 10
446 520 10
446 529 10
446 531 10
446 533 10
446 536 10
446 538 10
446 550 10
446 553 10
446 554 10
446 555 10
446 559 10
446 565 10
446 573 10
446 579 10
446 584 10
446 595 10
446 603 10
446 604 10
446 605 10
446 606 10
446 621 10
446 623 10
446 625 10
446 626 10
446 627 10
446 628 10
446 629 10
446 632 10
446 644 10
446 645 10
446 647 10
446 648 10
446 650 10
446 654 10
446 658 10
446 660 10
446 661 10
446 662 10
446 663 10
446 666 10
446 667 10
446 671 10
446 685 10
446 695 10
446 702 10
446 731 10
446 743 10
446 745 10
446 746 10
446 751 10
446 757 10
446 762 10
446 766 10
446 767 10
446 768 10
446 773 10
447 252 10
447 255 10
447 256 10
447 262 10
447 265 10
447 267 10
447 268 10
447 283 10
447 287 10
447 288 10
447 292 10
447 301 10
447 303 10
447 310 10
447 312 10
447 320 10
447 322 10
447 323 10
447 327 10
447 331 10
447 332 10
447 335 10
447 337 10
447 338 10
447 341 10
447 342 10
447 344 10
447 346 10
447 347 10
447 348 10
447 349 10
447 350 10
447 352 10
447 354 10
447 355 10
447 363 10
447 365 10
447 370 10
447 372 10
447 373 10
447 374 10
447 375 10
447 376 10
447 380 10
447 381 10
447 382 10
447 383 10
447 386 10
447 387 10
447 391 10
447 392 10
447 398 10
447 403 10
447 409 10
447 414 10
447 416 10
447 427 10
447 428 10
447 429 10
447 434 10
447 435 10
447 436 10
447 439 10
447 440 10
447 444 10
447 446 10
447 462 10
447 464 10
447 465 10
447 468 10
447 469 10
447 470 10
447 472 10
447 474 10
447 487 10
447 491 10
447 492 10
447 493 10
447 496 10
447 505 10
447 507 10
447 509 10
447 510 10
447 518 10
447 528 10
447 532 10
447 533 10
447 534 10
447 556 10
447 568 10
447 572 10
447 579 10
447 589 10
447 590 10
447 595 10
447 597 10
447 600 10
447 601 10
447 602 10
447 604 10
447 605 10
447 619 10
447 621 10
447 623 10
447 624 10
447 626 10
447 643 10
447 647 10
447 651 10
447 653 10
447 654 10
447 659 10
447 660 10
447 661 10
447 664 10
447 671 10
447 676 10
447 678 10
447 687 10
447 692 10
447 695 10
447 738 10
447 739 10
447 740 10
447 743 10
447 744 10
447 745 10
447 746 10
447 747 10
447 752 10
447 756 10
447 757 10
447 758 10
447 759 10
447 760 10
447 761 10
447 762 10
447 764 10
447 766 10
447 768 10
447 770 10
447 773 10
448 254 10
448 257 10
448 258 10
448 260 10
448 264 10
448 265 10
448 266 10
448 267 10
448 285 10
448 286 10
448 287 10
448 290 10
448 297 10
448 299 10
448 310 10
448 311 10
448 315 10
448 317 10
448 322 10
448 323 10
448 324 10
448 327 10
448 328 10
448 330 10
448 332 10
448 333 10
448 335 10
448 336 10
448 337 10
448 338 10
448 340 10
448 345 10
448 346 10
448 347 10
448 350 10
448 353 10
448 367 10
448 369 10
448 371 10
448 372 10
448 374 10
448 375 10
448 376 10
448 377 10
448 380 10
448 381 10
448 382 10
448 383 10
448 384 10
448 385 10
448 387 10
448 388 10
448 390 10
448 391 10
448 396 10
448 397 10
448 398 10
448 403 10
448 413 10
448 414 10
448 417 10
448 425 10
448 426 10
448 429 10
448 430 10
448 431 10
448 432 10
448 434 10
448 436 10
448 437 10
448 439 10
448 442 10
448 450 10
448 451 10
448 452 10
448 454 10
448 461 10
448 464 10
448 472 10
448 475 10
448 493 10
448 502 10
448 504 10
448 506 10
448 515 10
448 518 10
448 519 10
448 525 10
448 526 10
448 531 10
448 532 10
448 533 10
448 534 10
448 545 10
448 548 10
448 555 10
448 557 10
448 558 10
448 559 10
448 560 10
448 561 10
448 572 10
448 575 10
448 580 10
448 581 10
448 584 10
448 586 10
448 597 10
448 598 10
448 599 10
448 604 10
448 606 10
448 608 10
448 609 10
448 613 10
448 621 10
448 626 10
448 628 10
448 644 10
448 645 10
448 650 10
448 651 10
448 654 10
448 656 10
448 657 10
448 659 10
448 660 10
448 661 10
448 662 10
448 663 10
448 665 10
448 666 10
448 670 10
448 688 10
448 690 10
448 699 10
448 707 10
448 708 10
448 725 10
448 744 10
448 745 10
448 747 10
448 750 10
448 756 10
448 757 10
448 767 10
448 770 10
448 771 10
449 256 10
449 257 10
449 262 10
449 263 10
449 264 10
449 266 10
449 267 10
449 270 10
449 271 10
449 285 10
449 286 10
449 287 10
449 288 10
449 289 10
449 292 10
449 293 10
449 295 10
449 297 10
449 303 10
449 314 10
449 317 10
449 320 10
449 321 10
449 323 10
449 324 10
449 326 10
449 329 10
449 331 10
449 333 10
449 337 10
449 338 10
449 339 10
449 340 10
449 342 10
449 343 10
449 344 10
449 345 10
449 347 10
449 348 10
449 350 10
449 351 10
449 352 10
449 353 10
449 358 10
449 361 10
449 366 10
449 369 10
449 374 10
449 375 10
449 378 10
449 379 10
449 381 10
449 382 10
449 387 10
449 389 10
449 390 10
449 391 10
449 392 10
449 393 10
449 396 10
449 397 10
449 399 10
449 411 10
449 415 10
449 418 10
449 425 10
449 429 10
449 430 10
449 432 10
449 433 10
449 434 10
449 436 10
449 439 10
449 441 10
449 447 10
449 448 10
449 459 10
449 463 10
449 466 10
449 469 10
449 473 10
449 474 10
449 476 10
449 478 10
449 491 10
449 506 10
449 508 10
449 510 10
449 517 10
449 524 10
449 525 10
449 526 10
449 528 10
449 530 10
449 531 10
449 533 10
449 536 10
449 542 10
449 547 10
449 555 10
449 558 10
449 567 10
449 568 10
449 570 10
449 573 10
449 575 10
449 577 10
449 580 10
449 588 10
449 590 10
449 598 10
449 599 10
449 601 10
449 603 10
449 608 10
449 612 10
449 614 10
449 620 10
449 621 10
449 622 10
449 623 10
449 624 10
449 625 10
449 630 10
449 633 10
449 645 10
449 646 10
449 649 10
449 651 10
449 652 10
449 654 10
449 660 10
449 662 10
449 664 10
449 665 10
449 676 10
449 678 10
449 681 10
449 689 10
449 702 10
449 703 10
449 705 10
449 707 10
449 710 10
449 713 10
449 725 10
449 727 10
449 729 10
449 737 10
449 739 10
449 742 10
449 749 10
449 752 10
449 756 10
449 757 10
449 759 10
449 761 10
449 771 10
449 773 10
450 247 10
450 248 10
450 253 10
450 263 10
450 266 10
450 268 10
450 285 10
450 287 10
450 289 10
450 290 10
450 291 10
450 293 10
450 294 10
450 298 10
450 299 10
450 300 10
450 310 10
450 311 10
450 312 10
450 314 10
450 315 10
450 316 10
450 317 10
450 319 10
450 323 10
450 326 10
450 332 10
450 336 10
450 338 10
450 341 10
450 342 10
450 343 10
450 344 10
450 345 10
450 347 10
450 348 10
450 349 10
450 350 10
450 353 10
450 357 10
450 362 10
450 363 10
450 373 10
450 376 10
450 379 10
450 380 10
450 383 10
450 386 10
450 390 10
450 391 10
450 393 10
450 395 10
450 396 10
450 398 10
450 400 10
450 405 10
450 409 10
450 412 10
450 416 10
450 418 10
450 419 10
450 424 10
450 425 10
450 426 10
450 430 10
450 431 10
450 432 10
450 433 10
450 434 10
450 435 10
450 436 10
450 437 10
450 438 10
450 439 10
450 441 10
450 442 10
450 444 10
450 447 10
450 452 10
450 453 10
450 467 10
450 471 10
450 472 10
450 476 10
450 477 10
450 478 10
450 489 10
450 491 10
450 492 10
450 493 10
450 496 10
450 497 10
450 499 10
450 508 10
450 519 10
450 520 10
450 522 10
450 525 10
450 527 10
450 531 10
450 535 10
450 538 10
450 542 10
450 544 10
450 571 10
450 572 10
450 573 10
450 576 10
450 578 10
450 592 10
450 596 10
450 598 10
450 599 10
450 601 10
450 604 10
450 605 10
450 606 10
450 607 10
450 609 10
450 612 10
450 617 10
450 621 10
450 623 10
450 626 10
450 627 10
450 628 10
450 629 10
450 633 10
450 642 10
450 643 10
450 645 10
450 649 10
450 651 10
450 652 10
450 653 10
450 655 10
450 656 10
450 658 10
450 660 10
450 661 10
450 662 10
450 666 10
450 668 10
450 672 10
450 675 10
450 676 10
450 680 10
450 682 10
450 689 10
450 697 10
450 698 10
450 700 10
450 708 10
450 709 10
450 713 10
450 747 10
450 748 10
450 750 10
450 751 10
450 753 10
450 756 10
450 765 10
450 770 10
450 771 10
450 788 10
451 241 10
451 242 10
451 249 10
451 250 10
451 252 10
451 263 10
451 264 10
451 265 10
451 269 10
451 286 10
451 288 10
451 290 10
451 293 10
451 295 10
451 296 10
451 303 10
451 305 10
451 307 10
451 309 10
451 314 10
451 317 10
451 319 10
451 321 10
451 322 10
451 326 10
451 328 10
451 329 10
451 330 10
451 333 10
451 336 10
451 339 10
451 340 10
451 341 10
451 342 10
451 344 10
451 345 10
451 346 10
451 347 10
451 350 10
451 351 10
451 352 10
451 353 10
451 354 10
451 357 10
451 360 10
451 376 10
451 377 10
451 378 10
451 380 10
451 383 10
451 386 10
451 387 10
451 388 10
451 389 10
451 392 10
451 396 10
451 397 10
451 398 10
451 399 10
451 401 10
451 409 10
451 411 10
451 414 10
451 424 10
451 426 10
451 427 10
451 429 10
451 430 10
451 431 10
451 432 10
451 435 10
451 437 10
451 439 10
451 451 10
451 461 10
451 466 10
451 472 10
451 475 10
451 477 10
451 479 10
451 488 10
451 489 10
451 491 10
451 504 10
451 505 10
451 519 10
451 523 10
451 525 10
451 529 10
451 530 10
451 532 10
451 533 10
451 538 10
451 541 10
451 543 10
451 570 10
451 571 10
451 581 10
451 582 10
451 584 10
451 588 10
451 589 10
451 591 10
451 594 10
451 599 10
451 600 10
451 601 10
451 608 10
451 609 10
451 610 10
451 611 10
451 612 10
451 614 10
451 618 10
451 622 10
451 625 10
451 628 10
451 631 10
451 634 10
451 635 10
451 636 10
451 637 10
451 643 10
451 644 10
451 648 10
451 654 10
451 655 10
451 656 10
451 658 10
451 659 10
451 660 10
451 661 10
451 664 10
451 665 10
451 675 10
451 676 10
451 677 10
451 678 10
451 681 10
451 682 10
451 683 10
451 694 10
451 695 10
451 697 10
451 700 10
451 704 10
451 705 10
451 706 10
451 707 10
451 708 10
451 710 10
451 711 10
451 713 10
451 714 10
451 727 10
451 737 10
451 739 10
451 745 10
451 746 10
451 747 10
451 750 10
451 751 10
451 760 10
451 764 10
451 789 10
452 239 10
452 242 10
452 243 10
452 248 10
452 249 10
452 251 10
452 252 10
452 254 10
452 255 10
452 270 10
452 273 10
452 275 10
452 285 10
452 286 10
452 287 10
452 289 10
452 291 10
452 292 10
452 293 10
452 294 10
452 295 10
452 300 10
452 304 10
452 305 10
452 308 10
452 311 10
452 313 10
452 317 10
452 319 10
452 323 10
452 324 10
452 330 10
452 331 10
452 332 10
452 337 10
452 339 10
452 342 10
452 343 10
452 344 10
452 345 10
452 346 10
452 349 10
452 350 10
452 351 10
452 353 10
452 358 10
452 359 10
452 362 10
452 365 10
452 370 10
452 371 10
452 373 10
452 374 10
452 375 10
452 387 10
452 388 10
452 389 10
452 390 10
452 392 10
452 393 10
452 397 10
452 399 10
452 402 10
452 408 10
452 411 10
452 412 10
452 414 10
452 415 10
452 417 10
452 418 10
452 422 10
452 423 10
452 426 10
452 427 10
452 429 10
452 431 10
452 432 10
452 433 10
452 436 10
452 437 10
452 439 10
452 440 10
452 444 10
452 452 10
452 454 10
452 459 10
452 466 10
452 474 10
452 475 10
452 478 10
452 488 10
452 490 10
452 504 10
452 506 10
452 519 10
452 521 10
452 522 10
452 523 10
452 524 10
452 530 10
452 531 10
452 532 10
452 533 10
452 536 10
452 538 10
452 541 10
452 559 10
452 572 10
452 574 10
452 579 10
452 582 10
452 588 10
452 589 10
452 597 10
452 599 10
452 601 10
452 602 10
452 603 10
452 604 10
452 607 10
452 608 10
452 610 10
452 611 10
452 617 10
452 618 10
452 623 10
452 624 10
452 625 10
452 631 10
452 632 10
452 634 10
452 637 10
452 640 10
452 647 10
452 651 10
452 652 10
452 653 10
452 655 10
452 658 10
452 659 10
452 660 10
452 661 10
452 662 10
452 663 10
452 664 10
452 668 10
452 676 10
452 699 10
452 700 10
452 701 10
452 702 10
452 705 10
452 707 10
452 710 10
452 711 10
452 712 10
452 713 10
452 716 10
452 723 10
452 734 10
452 755 10
452 756 10
452 757 10
452 758 10
452 760 10
452 766 10
452 771 10
453 237 10
453 240 10
453 245 10
453 248 10
453 250 10
453 251 10
453 252 10
453 255 10
453 258 10
453 260 10
453 265 10
453 269 10
453 271 10
453 272 10
453 285 10
453 288 10
453 289 10
453 291 10
453 293 10
453 296 10
453 302 10
453 303 10
453 304 10
453 305 10
453 307 10
453 310 10
453 311 10
453 312 10
453 314 10
453 315 10
453 318 10
453 319 10
453 320 10
453 321 10
453 324 10
453 326 10
453 327 10
453 328 10
453 332 10
453 335 10
453 337 10
453 340 10
453 343 10
453 344 10
453 346 10
453 347 10
453 348 10
453 349 10
453 350 10
453 354 10
453 355 10
453 359 10
453 360 10
453 362 10
453 372 10
453 377 10
453 379 10
453 380 10
453 381 10
453 385 10
453 387 10
453 388 10
453 389 10
453 390 10
453 392 10
453 393 10
453 394 10
453 396 10
453 398 10
453 400 10
453 401 10
453 402 10
453 405 10
453 407 10
453 410 10
453 412 10
453 416 10
453 420 10
453 425 10
453 428 10
453 431 10
453 432 10
453 433 10
453 434 10
453 435 10
453 438 10
453 441 10
453 443 10
453 444 10
453 451 10
453 455 10
453 457 10
453 459 10
453 461 10
453 464 10
453 466 10
453 467 10
453 477 10
453 478 10
453 491 10
453 492 10
453 494 10
453 498 10
453 500 10
453 502 10
453 503 10
453 504 10
453 505 10
453 506 10
453 524 10
453 528 10
453 531 10
453 535 10
453 536 10
453 559 10
453 562 10
453 574 10
453 577 10
453 581 10
453 582 10
453 588 10
453 593 10
453 594 10
453 595 10
453 597 10
453 598 10
453 599 10
453 600 10
453 601 10
453 604 10
453 605 10
453 609 10
453 611 10
453 616 10
453 617 10
453 619 10
453 621 10
453 627 10
453 628 10
453 630 10
453 631 10
453 633 10
453 634 10
453 635 10
453 641 10
453 646 10
453 655 10
453 657 10
453 658 10
453 659 10
453 660 10
453 661 10
453 662 10
453 663 10
453 666 10
453 668 10
453 670 10
453 672 10
453 675 10
453 681 10
453 696 10
453 697 10
453 702 10
453 705 10
453 706 10
453 707 10
453 708 10
453 710 10
453 711 10
453 713 10
453 714 10
453 720 10
453 722 10
453 731 10
453 732 10
453 734 10
453 735 10
453 748 10
453 752 10
453 756 10
453 757 10
453 759 10
453 764 10
453 767 10
453 790 10
454 241 10
454 249 10
454 250 10
454 252 10
454 253 10
454 255 10
454 257 10
454 260 10
454 261 10
454 262 10
454 263 10
454 268 10
454 269 10
454 272 10
454 285 10
454 287 10
454 288 10
454 291 10
454 292 10
454 293 10
454 294 10
454 295 10
454 299 10
454 300 10
454 301 10
454 306 10
454 307 10
454 312 10
454 317 10
454 321 10
454 326 10
454 329 10
454 331 10
454 333 10
454 334 10
454 335 10
454 336 10
454 340 10
454 341 10
454 342 10
454 343 10
454 344 10
454 345 10
454 347 10
454 348 10
454 350 10
454 351 10
454 352 10
454 353 10
454 354 10
454 357 10
454 358 10
454 365 10
454 372 10
454 374 10
454 377 10
454 380 10
454 392 10
454 393 10
454 395 10
454 397 10
454 398 10
454 399 10
454 402 10
454 406 10
454 416 10
454 420 10
454 421 10
454 422 10
454 423 10
454 427 10
454 428 10
454 429 10
454 431 10
454 432 10
454 433 10
454 435 10
454 439 10
454 441 10
454 442 10
454 448 10
454 451 10
454 452 10
454 453 10
454 454 10
454 456 10
454 459 10
454 462 10
454 467 10
454 474 10
454 476 10
454 477 10
454 478 10
454 488 10
454 498 10
454 501 10
454 503 10
454 505 10
454 511 10
454 517 10
454 518 10
454 519 10
454 522 10
454 524 10
454 525 10
454 528 10
454 531 10
454 532 10
454 533 10
454 537 10
454 538 10
454 540 10
454 541 10
454 544 10
454 546 10
454 554 10
454 557 10
454 576 10
454 578 10
454 580 10
454 582 10
454 588 10
454 593 10
454 595 10
454 596 10
454 597 10
454 602 10
454 606 10
454 607 10
454 609 10
454 618 10
454 619 10
454 620 10
454 622 10
454 623 10
454 624 10
454 625 10
454 626 10
454 632 10
454 633 10
454 641 10
454 643 10
454 644 10
454 645 10
454 646 10
454 647 10
454 648 10
454 650 10
454 651 10
454 652 10
454 653 10
454 654 10
454 655 10
454 656 10
454 657 10
454 658 10
454 659 10
454 660 10
454 661 10
454 664 10
454 665 10
454 669 10
454 671 10
454 675 10
454 677 10
454 678 10
454 683 10
454 698 10
454 700 10
454 701 10
454 702 10
454 703 10
454 705 10
454 706 10
454 707 10
454 709 10
454 711 10
454 712 10
454 713 10
454 714 10
454 719 10
454 721 10
454 722 10
454 735 10
454 740 10
454 747 10
454 751 10
454 754 10
454 756 10
454 760 10
454 763 10
455 239 10
455 248 10
455 251 10
455 252 10
455 253 10
455 254 10
455 260 10
455 265 10
455 268 10
455 284 10
455 285 10
455 287 10
455 288 10
455 293 10
455 294 10
455 296 10
455 299 10
455 303 10
455 304 10
455 305 10
455 307 10
455 314 10
455 321 10
455 323 10
455 324 10
455 327 10
455 330 10
455 331 10
455 332 10
455 333 10
455 334 10
455 335 10
455 337 10
455 338 10
455 340 10
455 342 10
455 344 10
455 345 10
455 346 10
455 347 10
455 348 10
455 349 10
455 351 10
455 352 10
455 353 10
455 355 10
455 358 10
455 359 10
455 360 10
455 363 10
455 367 10
455 369 10
455 370 10
455 372 10
455 376 10
455 378 10
455 380 10
455 381 10
455 384 10
455 386 10
455 388 10
455 390 10
455 391 10
455 392 10
455 393 10
455 396 10
455 398 10
455 399 10
455 400 10
455 401 10
455 402 10
455 410 10
455 412 10
455 418 10
455 420 10
455 422 10
455 423 10
455 424 10
455 426 10
455 433 10
455 434 10
455 435 10
455 436 10
455 437 10
455 439 10
455 442 10
455 451 10
455 452 10
455 454 10
455 456 10
455 457 10
455 458 10
455 464 10
455 465 10
455 468 10
455 472 10
455 474 10
455 475 10
455 477 10
455 479 10
455 494 10
455 500 10
455 503 10
455 505 10
455 507 10
455 523 10
455 525 10
455 529 10
455 532 10
455 533 10
455 534 10
455 540 10
455 541 10
455 542 10
455 543 10
455 547 10
455 548 10
455 549 10
455 551 10
455 552 10
455 556 10
455 559 10
455 561 10
455 577 10
455 578 10
455 585 10
455 586 10
455 590 10
455 592 10
455 594 10
455 595 10
455 599 10
455 601 10
455 602 10
455 603 10
455 606 10
455 607 10
455 608 10
455 609 10
455 610 10
455 612 10
455 614 10
455 615 10
455 616 10
455 617 10
455 618 10
455 619 10
455 620 10
455 621 10
455 624 10
455 626 10
455 629 10
455 630 10
455 631 10
455 632 10
455 633 10
455 635 10
455 644 10
455 645 10
455 646 10
455 648 10
455 649 10
455 653 10
455 656 10
455 657 10
455 658 10
455 660 10
455 661 10
455 663 10
455 667 10
455 668 10
455 672 10
455 674 10
455 676 10
455 679 10
455 693 10
455 695 10
455 698 10
455 700 10
455 701 10
455 704 10
455 709 10
455 712 10
455 713 10
455 714 10
455 715 10
455 719 10
455 724 10
455 726 10
455 731 10
455 732 10
455 733 10
455 736 10
455 737 10
455 741 10
455 743 10
455 745 10
455 749 10
455 752 10
455 754 10
455 756 10
455 758 10
455 759 10
455 760 10
455 762 10
455 763 10
455 765 10
455 767 10
455 769 10
455 785 10
455 786 10
456 240 10
456 249 10
456 250 10
456 253 10
456 254 10
456 259 10
456 260 10
456 263 10
456 265 10
456 266 10
456 268 10
456 274 10
456 285 10
456 287 10
456 288 10
456 289 10
456 290 10
456 291 10
456 293 10
456 295 10
456 299 10
456 311 10
456 312 10
456 316 10
456 324 10
456 328 10
456 329 10
456 333 10
456 335 10
456 336 10
456 339 10
456 340 10
456 342 10
456 350 10
456 352 10
456 353 10
456 354 10
456 355 10
456 356 10
456 364 10
456 372 10
456 378 10
456 380 10
456 381 10
456 384 10
456 386 10
456 387 10
456 388 10
456 391 10
456 392 10
456 393 10
456 395 10
456 398 10
456 400 10
456 411 10
456 412 10
456 424 10
456 427 10
456 428 10
456 429 10
456 432 10
456 434 10
456 435 10
456 439 10
456 441 10
456 443 10
456 444 10
456 450 10
456 456 10
456 457 10
456 465 10
456 466 10
456 472 10
456 473 10
456 476 10
456 492 10
456 501 10
456 502 10
456 509 10
456 516 10
456 521 10
456 523 10
456 525 10
456 526 10
456 527 10
456 533 10
456 534 10
456 536 10
456 537 10
456 539 10
456 540 10
456 546 10
456 552 10
456 553 10
456 554 10
456 568 10
456 582 10
456 583 10
456 584 10
456 585 10
456 586 10
456 587 10
456 588 10
456 590 10
456 601 10
456 603 10
456 607 10
456 608 10
456 613 10
456 615 10
456 617 10
456 618 10
456 619 10
456 620 10
456 622 10
456 624 10
456 626 10
456 627 10
456 629 10
456 630 10
456 631 10
456 632 10
456 633 10
456 642 10
456 644 10
456 645 10
456 646 10
456 648 10
456 650 10
456 651 10
456 653 10
456 654 10
456 655 10
456 658 10
456 660 10
456 661 10
456 663 10
456 668 10
456 672 10
456 673 10
456 680 10
456 682 10
456 685 10
456 694 10
456 695 10
456 698 10
456 699 10
456 700 10
456 702 10
456 707 10
456 708 10
456 709 10
456 710 10
456 711 10
456 712 10
456 718 10
456 721 10
456 732 10
456 734 10
456 736 10
456 744 10
456 758 10
456 763 10
456 769 10
457 250 10
457 251 10
457 252 10
457 257 10
457 260 10
457 262 10
457 263 10
457 283 10
457 284 10
457 285 10
457 286 10
457 288 10
457 290 10
457 291 10
457 293 10
457 300 10
457 302 10
457 326 10
457 329 10
457 331 10
457 332 10
457 333 10
457 334 10
457 335 10
457 336 10
457 339 10
457 343 10
457 345 10
457 348 10
457 349 10
457 350 10
457 352 10
457 353 10
457 354 10
457 357 10
457 358 10
457 363 10
457 365 10
457 367 10
457 368 10
457 370 10
457 371 10
457 373 10
457 376 10
457 377 10
457 378 10
457 381 10
457 383 10
457 386 10
457 390 10
457 391 10
457 394 10
457 396 10
457 400 10
457 411 10
457 412 10
457 414 10
457 424 10
457 425 10
457 426 10
457 429 10
457 431 10
457 434 10
457 435 10
457 436 10
457 437 10
457 438 10
457 441 10
457 443 10
457 444 10
457 447 10
457 450 10
457 451 10
457 453 10
457 455 10
457 456 10
457 466 10
457 467 10
457 470 10
457 471 10
457 473 10
457 474 10
457 476 10
457 478 10
457 480 10
457 484 10
457 504 10
457 516 10
457 517 10
457 519 10
457 520 10
457 522 10
457 523 10
457 525 10
457 526 10
457 531 10
457 532 10
457 534 10
457 537 10
457 539 10
457 540 10
457 541 10
457 543 10
457 546 10
457 549 10
457 553 10
457 554 10
457 565 10
457 575 10
457 576 10
457 584 10
457 585 10
457 593 10
457 595 10
457 597 10
457 599 10
457 601 10
457 603 10
457 605 10
457 606 10
457 608 10
457 613 10
457 615 10
457 618 10
457 619 10
457 620 10
457 622 10
457 624 10
457 628 10
457 630 10
457 634 10
457 635 10
457 641 10
457 643 10
457 645 10
457 648 10
457 651 10
457 654 10
457 655 10
457 656 10
457 658 10
457 661 10
457 662 10
457 663 10
457 665 10
457 666 10
457 667 10
457 670 10
457 671 10
457 672 10
457 674 10
457 675 10
457 678 10
457 679 10
457 687 10
457 689 10
457 693 10
457 696 10
457 701 10
457 702 10
457 705 10
457 707 10
457 710 10
457 713 10
457 715 10
457 719 10
457 724 10
457 725 10
457 726 10
457 729 10
457 731 10
457 732 10
457 734 10
457 735 10
457 737 10
457 741 10
457 745 10
457 747 10
457 759 10
457 760 10
457 761 10
457 763 10
457 764 10
457 769 10
457 770 10
457 773 10
457 787 10
458 248 10
458 250 10
458 251 10
458 253 10
458 254 10
458 255 10
458 258 10
458 261 10
458 262 10
458 263 10
458 277 10
458 286 10
458 287 10
458 289 10
458 292 10
458 293 10
458 294 10
458 295 10
458 296 10
458 298 10
458 300 10
458 301 10
458 317 10
458 326 10
458 327 10
458 328 10
458 331 10
458 332 10
458 333 10
458 335 10
458 337 10
458 338 10
458 339 10
458 341 10
458 342 10
458 343 10
458 346 10
458 348 10
458 350 10
458 351 10
458 353 10
458 354 10
458 358 10
458 364 10
458 365 10
458 370 10
458 375 10
458 376 10
458 377 10
458 378 10
458 379 10
458 381 10
458 382 10
458 385 10
458 386 10
458 388 10
458 389 10
458 391 10
458 394 10
458 395 10
458 396 10
458 399 10
458 405 10
458 407 10
458 411 10
458 413 10
458 414 10
458 415 10
458 418 10
458 419 10
458 424 10
458 426 10
458 429 10
458 432 10
458 435 10
458 437 10
458 439 10
458 440 10
458 442 10
458 447 10
458 449 10
458 450 10
458 464 10
458 465 10
458 466 10
458 467 10
458 468 10
458 469 10
458 470 10
458 472 10
458 473 10
458 474 10
458 475 10
458 477 10
458 478 10
458 479 10
458 483 10
458 484 10
458 486 10
458 504 10
458 506 10
458 514 10
458 515 10
458 519 10
458 524 10
458 525 10
458 526 10
458 533 10
458 534 10
458 535 10
458 536 10
458 548 10
458 550 10
458 555 10
458 561 10
458 569 10
458 570 10
458 575 10
458 581 10
458 583 10
458 584 10
458 587 10
458 588 10
458 589 10
458 590 10
458 591 10
458 601 10
458 602 10
458 604 10
458 607 10
458 616 10
458 617 10
458 618 10
458 619 10
458 626 10
458 632 10
458 633 10
458 640 10
458 643 10
458 644 10
458 646 10
458 647 10
458 648 10
458 649 10
458 651 10
458 652 10
458 653 10
458 654 10
458 656 10
458 657 10
458 658 10
458 659 10
458 660 10
458 661 10
458 663 10
458 664 10
458 666 10
458 668 10
458 669 10
458 670 10
458 673 10
458 674 10
458 676 10
458 683 10
458 687 10
458 691 10
458 692 10
458 693 10
458 695 10
458 703 10
458 705 10
458 707 10
458 708 10
458 711 10
458 713 10
458 714 10
458 717 10
458 718 10
458 720 10
458 725 10
458 727 10
458 731 10
458 733 10
458 736 10
458 740 10
458 750 10
458 755 10
458 756 10
458 758 10
458 759 10
458 760 10
458 766 10
458 767 10
458 792 10
458 793 10
459 248 10
459 253 10
459 261 10
459 264 10
459 265 10
459 285 10
459 289 10
459 291 10
459 292 10
459 293 10
459 295 10
459 296 10
459 297 10
459 301 10
459 307 10
459 313 10
459 318 10
459 325 10
459 333 10
459 334 10
459 336 10
459 337 10
459 339 10
459 340 10
459 341 10
459 342 10
459 343 10
459 344 10
459 348 10
459 353 10
459 355 10
459 358 10
459 363 10
459 365 10
459 367 10
459 369 10
459 370 10
459 372 10
459 377 10
459 379 10
459 380 10
459 384 10
459 387 10
459 390 10
459 395 10
459 396 10
459 403 10
459 404 10
459 407 10
459 408 10
459 409 10
459 410 10
459 411 10
459 412 10
459 413 10
459 414 10
459 415 10
459 424 10
459 425 10
459 430 10
459 431 10
459 432 10
459 433 10
459 434 10
459 437 10
459 440 10
459 441 10
459 444 10
459 446 10
459 449 10
459 453 10
459 458 10
459 461 10
459 463 10
459 464 10
459 465 10
459 466 10
459 467 10
459 473 10
459 475 10
459 480 10
459 481 10
459 489 10
459 495 10
459 505 10
459 509 10
459 510 10
459 511 10
459 519 10
459 520 10
459 523 10
459 525 10
459 533 10
459 539 10
459 540 10
459 541 10
459 543 10
459 544 10
459 548 10
459 555 10
459 560 10
459 561 10
459 565 10
459 571 10
459 576 10
459 577 10
459 579 10
459 583 10
459 584 10
459 585 10
459 586 10
459 587 10
459 588 10
459 590 10
459 591 10
459 593 10
459 595 10
459 596 10
459 598 10
459 602 10
459 605 10
459 609 10
459 614 10
459 618 10
459 620 10
459 622 10
459 626 10
459 628 10
459 629 10
459 631 10
459 634 10
459 642 10
459 643 10
459 645 10
459 646 10
459 647 10
459 648 10
459 653 10
459 654 10
459 655 10
459 656 10
459 657 10
459 658 10
459 659 10
459 662 10
459 665 10
459 667 10
459 669 10
459 670 10
459 671 10
459 672 10
459 673 10
459 675 10
459 682 10
459 687 10
459 689 10
459 690 10
459 691 10
459 692 10
459 693 10
459 694 10
459 696 10
459 701 10
459 706 10
459 707 10
459 710 10
459 712 10
459 713 10
459 715 10
459 717 10
459 719 10
459 721 10
459 722 10
459 723 10
459 728 10
459 730 10
459 731 10
459 732 10
459 733 10
459 734 10
459 736 10
459 742 10
459 743 10
459 744 10
459 751 10
459 754 10
459 755 10
459 757 10
459 758 10
459 766 10
459 782 10
459 784 10
459 786 10
459 787 10
459 788 10
459 789 10
459 794 10
460 237 10
460 246 10
460 250 10
460 251 10
460 252 10
460 254 10
460 256 10
460 257 10
460 262 10
460 263 10
460 286 10
460 288 10
460 289 10
460 290 10
460 291 10
460 293 10
460 294 10
460 295 10
460 296 10
460 298 10
460 316 10
460 321 10
460 328 10
460 329 10
460 331 10
460 333 10
460 334 10
460 335 10
460 339 10
460 341 10
460 342 10
460 343 10
460 345 10
460 346 10
460 347 10
460 354 10
460 358 10
460 365 10
460 366 10
460 367 10
460 370 10
460 375 10
460 377 10
460 378 10
460 379 10
460 380 10
460 381 10
460 382 10
460 387 10
460 388 10
460 395 10
460 397 10
460 399 10
460 405 10
460 409 10
460 411 10
460 412 10
460 413 10
460 414 10
460 415 10
460 428 10
460 430 10
460 431 10
460 432 10
460 435 10
460 437 10
460 440 10
460 442 10
460 443 10
460 444 10
460 445 10
460 450 10
460 451 10
460 452 10
460 453 10
460 454 10
460 455 10
460 464 10
460 466 10
460 467 10
460 468 10
460 470 10
460 471 10
460 477 10
460 478 10
460 479 10
460 480 10
460 483 10
460 491 10
460 492 10
460 493 10
460 495 10
460 506 10
460 510 10
460 511 10
460 513 10
460 516 10
460 521 10
460 524 10
460 532 10
460 534 10
460 536 10
460 539 10
460 540 10
460 541 10
460 542 10
460 544 10
460 571 10
460 575 10
460 580 10
460 583 10
460 584 10
460 588 10
460 597 10
460 601 10
460 605 10
460 606 10
460 607 10
460 608 10
460 611 10
460 616 10
460 619 10
460 625 10
460 626 10
460 627 10
460 636 10
460 638 10
460 640 10
460 642 10
460 645 10
460 650 10
460 657 10
460 660 10
460 662 10
460 664 10
460 665 10
460 667 10
460 668 10
460 669 10
460 670 10
460 672 10
460 673 10
460 674 10
460 675 10
460 676 10
460 678 10
460 685 10
460 688 10
460 691 10
460 692 10
460 693 10
460 694 10
460 695 10
460 700 10
460 701 10
460 706 10
460 708 10
460 709 10
460 717 10
460 719 10
460 723 10
460 724 10
460 725 10
460 727 10
460 729 10
460 730 10
460 731 10
460 733 10
460 734 10
460 735 10
460 737 10
460 742 10
460 748 10
460 749 10
460 754 10
460 757 10
460 759 10
460 763 10
460 765 10
460 766 10
460 768 10
460 769 10
460 770 10
460 782 10
460 787 10
461 241 10
461 243 10
461 244 10
461 245 10
461 251 10
461 252 10
461 263 10
461 283 10
461 285 10
461 286 10
461 287 10
461 288 10
461 290 10
461 291 10
461 292 10
461 293 10
461 294 10
461 297 10
461 300 10
461 306 10
461 312 10
461 317 10
461 319 10
461 324 10
461 327 10
461 331 10
461 333 10
461 336 10
461 337 10
461 338 10
461 342 10
461 343 10
461 344 10
461 346 10
461 348 10
461 353 10
461 363 10
461 365 10
461 367 10
461 368 10
461 372 10
461 374 10
461 377 10
461 380 10
461 386 10
461 394 10
461 395 10
461 399 10
461 405 10
461 407 10
461 408 10
461 411 10
461 412 10
461 413 10
461 419 10
461 420 10
461 421 10
461 432 10
461 433 10
461 435 10
461 438 10
461 440 10
461 443 10
461 444 10
461 445 10
461 448 10
461 451 10
461 452 10
461 457 10
461 460 10
461 462 10
461 465 10
461 468 10
461 472 10
461 474 10
461 476 10
461 477 10
461 480 10
461 481 10
461 491 10
461 504 10
461 512 10
461 513 10
461 531 10
461 533 10
461 535 10
461 536 10
461 539 10
461 540 10
461 543 10
461 546 10
461 549 10
461 564 10
461 565 10
461 573 10
461 577 10
461 583 10
461 585 10
461 586 10
461 589 10
461 593 10
461 600 10
461 609 10
461 611 10
461 614 10
461 617 10
461 619 10
461 622 10
461 627 10
461 629 10
461 635 10
461 636 10
461 643 10
461 646 10
461 647 10
461 648 10
461 649 10
461 650 10
461 651 10
461 656 10
461 657 10
461 663 10
461 664 10
461 667 10
461 668 10
461 669 10
461 671 10
461 672 10
461 674 10
461 675 10
461 679 10
461 680 10
461 682 10
461 683 10
461 684 10
461 686 10
461 687 10
461 688 10
461 689 10
461 691 10
461 692 10
461 693 10
461 694 10
461 696 10
461 697 10
461 701 10
461 702 10
461 704 10
461 706 10
461 707 10
461 708 10
461 717 10
461 721 10
461 723 10
461 724 10
461 727 10
461 728 10
461 729 10
461 731 10
461 738 10
461 747 10
461 750 10
461 754 10
461 755 10
461 756 10
461 757 10
461 760 10
461 763 10
461 768 10
461 769 10
461 781 10
461 783 10
461 785 10
461 789 10
461 790 10
461 794 10
462 237 10
462 240 10
462 241 10
462 244 10
462 247 10
462 248 10
462 249 10
462 250 10
462 254 10
462 256 10
462 257 10
462 265 10
462 266 10
462 284 10
462 285 10
462 288 10
462 298 10
462 305 10
462 310 10
462 316 10
462 318 10
462 323 10
462 324 10
462 325 10
462 327 10
462 328 10
462 332 10
462 334 10
462 335 10
462 337 10
462 338 10
462 340 10
462 342 10
462 343 10
462 344 10
462 345 10
462 346 10
462 354 10
462 372 10
462 373 10
462 374 10
462 376 10
462 378 10
462 380 10
462 382 10
462 384 10
462 399 10
462 405 10
462 410 10
462 411 10
462 413 10
462 414 10
462 424 10
462 425 10
462 433 10
462 436 10
462 437 10
462 438 10
462 439 10
462 440 10
462 444 10
462 445 10
462 447 10
462 453 10
462 460 10
462 467 10
462 469 10
462 470 10
462 475 10
462 476 10
462 477 10
462 478 10
462 479 10
462 480 10
462 487 10
462 494 10
462 496 10
462 510 10
462 511 10
462 523 10
462 524 10
462 525 10
462 535 10
462 536 10
462 538 10
462 544 10
462 545 10
462 547 10
462 559 10
462 561 10
462 563 10
462 568 10
462 573 10
462 577 10
462 580 10
462 581 10
462 582 10
462 585 10
462 586 10
462 588 10
462 595 10
462 604 10
462 610 10
462 611 10
462 613 10
462 614 10
462 618 10
462 619 10
462 620 10
462 622 10
462 627 10
462 628 10
462 629 10
462 638 10
462 641 10
462 642 10
462 644 10
462 645 10
462 646 10
462 647 10
462 648 10
462 653 10
462 655 10
462 657 10
462 661 10
462 662 10
462 664 10
462 666 10
462 669 10
462 670 10
462 673 10
462 676 10
462 677 10
462 682 10
462 683 10
462 686 10
462 688 10
462 689 10
462 690 10
462 691 10
462 695 10
462 699 10
462 701 10
462 702 10
462 703 10
462 705 10
462 706 10
462 707 10
462 709 10
462 710 10
462 712 10
462 717 10
462 719 10
462 724 10
462 730 10
462 731 10
462 733 10
462 754 10
462 755 10
462 757 10
462 758 10
462 763 10
462 764 10
462 765 10
462 791 10
463 239 10
463 241 10
463 243 10
463 247 10
463 250 10
463 254 10
463 263 10
463 267 10
463 282 10
463 285 10
463 288 10
463 291 10
463 293 10
463 294 10
463 296 10
463 298 10
463 301 10
463 312 10
463 314 10
463 315 10
463 322 10
463 323 10
463 324 10
463 327 10
463 335 10
463 338 10
463 339 10
463 340 10
463 341 10
463 343 10
463 347 10
463 348 10
463 352 10
463 355 10
463 362 10
463 364 10
463 370 10
463 374 10
463 378 10
463 380 10
463 381 10
463 382 10
463 386 10
463 389 10
463 406 10
463 409 10
463 411 10
463 412 10
463 417 10
463 426 10
463 427 10
463 434 10
463 436 10
463 437 10
463 439 10
463 441 10
463 443 10
463 445 10
463 446 10
463 448 10
463 450 10
463 459 10
463 461 10
463 463 10
463 468 10
463 472 10
463 473 10
463 479 10
463 480 10
463 483 10
463 485 10
463 487 10
463 489 10
463 495 10
463 499 10
463 507 10
463 511 10
463 518 10
463 522 10
463 524 10
463 540 10
463 544 10
463 545 10
463 555 10
463 556 10
463 561 10
463 562 10
463 563 10
463 564 10
463 567 10
463 568 10
463 571 10
463 580 10
463 581 10
463 582 10
463 584 10
463 585 10
463 589 10
463 592 10
463 593 10
463 594 10
463 596 10
463 601 10
463 610 10
463 612 10
463 613 10
463 615 10
463 617 10
463 618 10
463 619 10
463 620 10
463 622 10
463 623 10
463 624 10
463 629 10
463 636 10
463 641 10
463 644 10
463 646 10
463 652 10
463 653 10
463 655 10
463 657 10
463 660 10
463 666 10
463 667 10
463 669 10
463 671 10
463 672 10
463 673 10
463 677 10
463 679 10
463 683 10
463 685 10
463 689 10
463 691 10
463 693 10
463 695 10
463 696 10
463 699 10
463 712 10
463 715 10
463 718 10
463 720 10
463 721 10
463 723 10
463 725 10
463 726 10
463 728 10
463 729 10
463 731 10
463 732 10
463 734 10
463 735 10
463 752 10
463 754 10
463 756 10
463 760 10
463 761 10
463 763 10
463 766 10
463 769 10
463 771 10
463 774 10
463 780 10
463 781 10
463 790 10
464 237 10
464 241 10
464 243 10
464 244 10
464 246 10
464 249 10
464 288 10
464 290 10
464 291 10
464 292 10
464 297 10
464 298 10
464 304 10
464 317 10
464 318 10
464 319 10
464 321 10
464 326 10
464 338 10
464 341 10
464 344 10
464 355 10
464 357 10
464 358 10
464 374 10
464 376 10
464 378 10
464 379 10
464 380 10
464 381 10
464 383 10
464 390 10
464 391 10
464 401 10
464 404 10
464 406 10
464 408 10
464 409 10
464 412 10
464 435 10
464 437 10
464 443 10
464 448 10
464 450 10
464 461 10
464 465 10
464 467 10
464 470 10
464 475 10
464 476 10
464 477 10
464 481 10
464 489 10
464 490 10
464 491 10
464 492 10
464 493 10
464 494 10
464 510 10
464 522 10
464 525 10
464 534 10
464 536 10
464 545 10
464 546 10
464 548 10
464 554 10
464 557 10
464 561 10
464 565 10
464 569 10
464 570 10
464 572 10
464 580 10
464 584 10
464 585 10
464 590 10
464 591 10
464 593 10
464 612 10
464 613 10
464 615 10
464 617 10
464 622 10
464 628 10
464 629 10
464 636 10
464 637 10
464 639 10
464 643 10
464 648 10
464 649 10
464 650 10
464 654 10
464 656 10
464 663 10
464 666 10
464 667 10
464 668 10
464 669 10
464 671 10
464 673 10
464 674 10
464 680 10
464 681 10
464 688 10
464 691 10
464 692 10
464 694 10
464 696 10
464 702 10
464 703 10
464 705 10
464 706 10
464 707 10
464 709 10
464 713 10
464 714 10
464 715 10
464 717 10
464 727 10
464 728 10
464 729 10
464 730 10
464 732 10
464 757 10
464 759 10
464 760 10
464 762 10
464 763 10
464 767 10
464 771 10
464 772 10
464 773 10
464 774 10
464 776 10
464 779 10
464 788 10
465 241 10
465 242 10
465 243 10
465 246 10
465 247 10
465 249 10
465 250 10
465 252 10
465 254 10
465 257 10
465 282 10
465 285 10
465 286 10
465 290 10
465 294 10
465 295 10
465 296 10
465 298 10
465 315 10
465 317 10
465 318 10
465 321 10
465 333 10
465 337 10
465 338 10
465 339 10
465 340 10
465 341 10
465 344 10
465 345 10
465 349 10
465 359 10
465 362 10
465 374 10
465 377 10
465 379 10
465 380 10
465 381 10
465 383 10
465 394 10
465 395 10
465 396 10
465 397 10
465 398 10
465 400 10
465 409 10
465 410 10
465 411 10
465 417 10
465 430 10
465 437 10
465 447 10
465 449 10
465 450 10
465 451 10
465 460 10
465 463 10
465 465 10
465 467 10
465 469 10
465 474 10
465 476 10
465 477 10
465 479 10
465 480 10
465 481 10
465 483 10
465 486 10
465 487 10
465 488 10
465 489 10
465 496 10
465 507 10
465 509 10
465 511 10
465 520 10
465 540 10
465 544 10
465 545 10
465 547 10
465 552 10
465 554 10
465 555 10
465 562 10
465 564 10
465 571 10
465 572 10
465 577 10
465 580 10
465 582 10
465 583 10
465 588 10
465 590 10
465 593 10
465 594 10
465 595 10
465 597 10
465 599 10
465 610 10
465 613 10
465 614 10
465 615 10
465 616 10
465 619 10
465 620 10
465 621 10
465 631 10
465 632 10
465 633 10
465 635 10
465 637 10
465 638 10
465 643 10
465 646 10
465 647 10
465 650 10
465 652 10
465 654 10
465 655 10
465 657 10
465 658 10
465 660 10
465 661 10
465 664 10
465 666 10
465 668 10
465 671 10
465 672 10
465 675 10
465 676 10
465 677 10
465 679 10
465 681 10
465 687 10
465 689 10
465 691 10
465 692 10
465 700 10
465 703 10
465 705 10
465 708 10
465 717 10
465 724 10
465 728 10
465 730 10
465 731 10
465 733 10
465 752 10
465 753 10
465 754 10
465 756 10
465 757 10
465 758 10
465 759 10
465 760 10
465 761 10
465 763 10
465 767 10
465 768 10
465 769 10
465 775 10
465 779 10
465 786 10
465 789 10
465 797 10
466 240 10
466 241 10
466 242 10
466 243 10
466 245 10
466 247 10
466 249 10
466 250 10
466 252 10
466 257 10
466 286 10
466 289 10
466 292 10
466 296 10
466 300 10
466 303 10
466 304 10
466 313 10
466 317 10
466 319 10
466 321 10
466 325 10
466 334 10
466 338 10
466 341 10
466 343 10
466 345 10
466 357 10
466 359 10
466 363 10
466 374 10
466 375 10
466 377 10
466 378 10
466 380 10
466 382 10
466 384 10
466 385 10
466 386 10
466 389 10
466 390 10
466 393 10
466 394 10
466 397 10
466 400 10
466 405 10
466 414 10
466 432 10
466 435 10
466 442 10
466 443 10
466 447 10
466 461 10
466 463 10
466 466 10
466 467 10
466 468 10
466 471 10
466 472 10
466 473 10
466 475 10
466 477 10
466 479 10
466 480 10
466 483 10
466 486 10
466 488 10
466 489 10
466 491 10
466 492 10
466 499 10
466 503 10
466 504 10
466 508 10
466 509 10
466 513 10
466 521 10
466 522 10
466 523 10
466 524 10
466 525 10
466 526 10
466 530 10
466 533 10
466 534 10
466 538 10
466 540 10
466 542 10
466 547 10
466 550 10
466 556 10
466 557 10
466 561 10
466 562 10
466 563 10
466 564 10
466 569 10
466 570 10
466 576 10
466 581 10
466 582 10
466 584 10
466 586 10
466 588 10
466 590 10
466 592 10
466 595 10
466 597 10
466 601 10
466 608 10
466 610 10
466 612 10
466 613 10
466 615 10
466 616 10
466 617 10
466 619 10
466 620 10
466 622 10
466 624 10
466 628 10
466 638 10
466 639 10
466 647 10
466 649 10
466 650 10
466 651 10
466 653 10
466 654 10
466 657 10
466 659 10
466 664 10
466 668 10
466 670 10
466 671 10
466 672 10
466 673 10
466 674 10
466 678 10
466 680 10
466 682 10
466 683 10
466 685 10
466 689 10
466 694 10
466 695 10
466 702 10
466 703 10
466 704 10
466 705 10
466 707 10
466 708 10
466 716 10
466 726 10
466 730 10
466 752 10
466 754 10
466 756 10
466 757 10
466 760 10
466 762 10
466 776 10
466 777 10
466 778 10
466 787 10
466 788 10
466 789 10
467 244 10
467 247 10
467 249 10
467 250 10
467 252 10
467 288 10
467 292 10
467 296 10
467 298 10
467 300 10
467 303 10
467 317 10
467 332 10
467 333 10
467 338 10
467 339 10
467 340 10
467 341 10
467 343 10
467 344 10
467 348 10
467 355 10
467 357 10
467 377 10
467 378 10
467 379 10
467 381 10
467 382 10
467 386 10
467 387 10
467 388 10
467 389 10
467 394 10
467 395 10
467 396 10
467 398 10
467 399 10
467 400 10
467 401 10
467 403 10
467 414 10
467 416 10
467 421 10
467 432 10
467 438 10
467 439 10
467 443 10
467 447 10
467 449 10
467 451 10
467 460 10
467 463 10
467 467 10
467 468 10
467 469 10
467 471 10
467 472 10
467 474 10
467 481 10
467 485 10
467 486 10
467 487 10
467 500 10
467 502 10
467 504 10
467 506 10
467 507 10
467 508 10
467 509 10
467 523 10
467 527 10
467 528 10
467 533 10
467 534 10
467 538 10
467 539 10
467 541 10
467 550 10
467 563 10
467 568 10
467 569 10
467 577 10
467 579 10
467 580 10
467 584 10
467 589 10
467 591 10
467 592 10
467 593 10
467 594 10
467 595 10
467 599 10
467 600 10
467 601 10
467 606 10
467 607 10
467 610 10
467 611 10
467 613 10
467 614 10
467 617 10
467 619 10
467 622 10
467 623 10
467 624 10
467 626 10
467 628 10
467 632 10
467 634 10
467 635 10
467 638 10
467 646 10
467 647 10
467 650 10
467 651 10
467 653 10
467 654 10
467 656 10
467 657 10
467 660 10
467 661 10
467 662 10
467 663 10
467 664 10
467 666 10
467 668 10
467 669 10
467 670 10
467 676 10
467 685 10
467 687 10
467 689 10
467 692 10
467 698 10
467 699 10
467 704 10
467 710 10
467 718 10
467 719 10
467 722 10
467 730 10
467 740 10
467 744 10
467 750 10
467 753 10
467 755 10
467 756 10
467 760 10
467 765 10
467 766 10
467 769 10
467 788 10
467 789 10
467 790 10
467 791 10
468 247 10
468 248 10
468 249 10
468 250 10
468 251 10
468 253 10
468 256 10
468 285 10
468 296 10
468 298 10
468 299 10
468 300 10
468 313 10
468 314 10
468 316 10
468 324 10
468 325 10
468 327 10
468 328 10
468 331 10
468 332 10
468 337 10
468 338 10
468 339 10
468 340 10
468 341 10
468 342 10
468 344 10
468 345 10
468 347 10
468 353 10
468 378 10
468 380 10
468 381 10
468 382 10
468 383 10
468 385 10
468 386 10
468 394 10
468 395 10
468 397 10
468 399 10
468 401 10
468 404 10
468 408 10
468 413 10
468 415 10
468 427 10
468 429 10
468 430 10
468 439 10
468 442 10
468 443 10
468 444 10
468 447 10
468 448 10
468 452 10
468 462 10
468 466 10
468 467 10
468 471 10
468 472 10
468 475 10
468 476 10
468 477 10
468 478 10
468 482 10
468 486 10
468 490 10
468 492 10
468 498 10
468 500 10
468 501 10
468 505 10
468 506 10
468 507 10
468 508 10
468 509 10
468 510 10
468 512 10
468 514 10
468 522 10
468 525 10
468 526 10
468 527 10
468 528 10
468 531 10
468 532 10
468 533 10
468 534 10
468 535 10
468 536 10
468 538 10
468 545 10
468 551 10
468 553 10
468 563 10
468 564 10
468 567 10
468 569 10
468 570 10
468 571 10
468 578 10
468 579 10
468 582 10
468 584 10
468 591 10
468 594 10
468 595 10
468 597 10
468 600 10
468 607 10
468 608 10
468 610 10
468 611 10
468 615 10
468 618 10
468 619 10
468 621 10
468 623 10
468 624 10
468 626 10
468 628 10
468 636 10
468 638 10
468 639 10
468 648 10
468 649 10
468 660 10
468 661 10
468 662 10
468 666 10
468 668 10
468 672 10
468 680 10
468 681 10
468 682 10
468 685 10
468 686 10
468 687 10
468 691 10
468 692 10
468 693 10
468 695 10
468 697 10
468 699 10
468 701 10
468 702 10
468 704 10
468 705 10
468 716 10
468 719 10
468 721 10
468 732 10
468 746 10
468 749 10
468 750 10
468 752 10
468 753 10
468 756 10
468 757 10
468 758 10
468 759 10
468 760 10
468 762 10
468 764 10
468 765 10
468 766 10
468 770 10
468 772 10
468 786 10
468 788 10
468 789 10
468 790 10
468 794 10
469 247 10
469 251 10
469 253 10
469 254 10
469 281 10
469 288 10
469 296 10
469 313 10
469 314 10
469 315 10
469 316 10
469 323 10
469 328 10
469 329 10
469 331 10
469 332 10
469 337 10
469 339 10
469 341 10
469 342 10
469 344 10
469 349 10
469 350 10
469 351 10
469 369 10
469 374 10
469 375 10
469 377 10
469 379 10
469 380 10
469 381 10
469 382 10
469 383 10
469 384 10
469 385 10
469 386 10
469 387 10
469 388 10
469 389 10
469 396 10
469 397 10
469 398 10
469 402 10
469 403 10
469 404 10
469 406 10
469 413 10
469 414 10
469 415 10
469 419 10
469 421 10
469 422 10
469 441 10
469 446 10
469 447 10
469 452 10
469 457 10
469 459 10
469 461 10
469 463 10
469 467 10
469 468 10
469 469 10
469 470 10
469 471 10
469 473 10
469 475 10
469 476 10
469 477 10
469 480 10
469 482 10
469 485 10
469 487 10
469 493 10
469 497 10
469 498 10
469 499 10
469 500 10
469 501 10
469 504 10
469 507 10
469 529 10
469 531 10
469 534 10
469 536 10
469 538 10
469 539 10
469 541 10
469 542 10
469 543 10
469 548 10
469 549 10
469 555 10
469 564 10
469 565 10
469 569 10
469 570 10
469 577 10
469 579 10
469 581 10
469 590 10
469 591 10
469 592 10
469 593 10
469 594 10
469 595 10
469 596 10
469 597 10
469 599 10
469 601 10
469 607 10
469 609 10
469 612 10
469 615 10
469 616 10
469 617 10
469 618 10
469 622 10
469 625 10
469 627 10
469 631 10
469 632 10
469 634 10
469 635 10
469 637 10
469 647 10
469 648 10
469 651 10
469 658 10
469 663 10
469 664 10
469 665 10
469 667 10
469 668 10
469 671 10
469 676 10
469 684 10
469 689 10
469 693 10
469 697 10
469 701 10
469 705 10
469 707 10
469 721 10
469 723 10
469 726 10
469 730 10
469 731 10
469 734 10
469 736 10
469 742 10
469 746 10
469 747 10
469 748 10
469 749 10
469 752 10
469 753 10
469 755 10
469 756 10
469 757 10
469 758 10
469 763 10
469 764 10
469 767 10
469 771 10
469 790 10
469 792 10
470 238 10
470 239 10
470 249 10
470 250 10
470 251 10
470 252 10
470 276 10
470 279 10
470 281 10
470 291 10
470 299 10
470 311 10
470 313 10
470 316 10
470 324 10
470 326 10
470 327 10
470 330 10
470 332 10
470 338 10
470 340 10
470 341 10
470 345 10
470 347 10
470 358 10
470 360 10
470 370 10
470 372 10
470 373 10
470 377 10
470 379 10
470 381 10
470 383 10
470 386 10
470 387 10
470 392 10
470 395 10
470 403 10
470 406 10
470 407 10
470 411 10
470 414 10
470 425 10
470 427 10
470 428 10
470 429 10
470 432 10
470 438 10
470 441 10
470 443 10
470 444 10
470 446 10
470 452 10
470 465 10
470 469 10
470 472 10
470 473 10
470 475 10
470 477 10
470 478 10
470 479 10
470 480 10
470 483 10
470 484 10
470 491 10
470 492 10
470 498 10
470 500 10
470 501 10
470 502 10
470 504 10
470 507 10
470 509 10
470 510 10
470 521 10
470 526 10
470 527 10
470 528 10
470 532 10
470 534 10
470 536 10
470 539 10
470 541 10
470 542 10
470 543 10
470 545 10
470 546 10
470 548 10
470 550 10
470 551 10
470 562 10
470 563 10
470 564 10
470 566 10
470 567 10
470 569 10
470 573 10
470 578 10
470 583 10
470 589 10
470 592 10
470 596 10
470 597 10
470 610 10
470 612 10
470 613 10
470 616 10
470 617 10
470 619 10
470 620 10
470 624 10
470 626 10
470 628 10
470 629 10
470 631 10
470 632 10
470 633 10
470 634 10
470 649 10
470 651 10
470 656 10
470 659 10
470 660 10
470 662 10
470 663 10
470 665 10
470 666 10
470 672 10
470 684 10
470 685 10
470 686 10
470 688 10
470 689 10
470 690 10
470 691 10
470 694 10
470 698 10
470 699 10
470 700 10
470 703 10
470 712 10
470 723 10
470 724 10
470 730 10
470 731 10
470 733 10
470 744 10
470 745 10
470 747 10
470 750 10
470 751 10
470 752 10
470 753 10
470 754 10
470 758 10
470 762 10
470 764 10
470 765 10
470 767 10
470 768 10
470 770 10
470 771 10
470 772 10
470 774 10
470 775 10
470 792 10
471 238 10
471 249 10
471 252 10
471 286 10
471 287 10
471 288 10
471 298 10
471 302 10
471 312 10
471 313 10
471 314 10
471 323 10
471 325 10
471 327 10
471 331 10
471 333 10
471 336 10
471 339 10
471 341 10
471 344 10
471 346 10
471 366 10
471 367 10
471 368 10
471 379 10
471 380 10
471 381 10
471 382 10
471 389 10
471 396 10
471 399 10
471 404 10
471 406 10
471 407 10
471 409 10
471 411 10
471 413 10
471 415 10
471 420 10
471 429 10
471 431 10
471 438 10
471 441 10
471 443 10
471 447 10
471 458 10
471 459 10
471 463 10
471 466 10
471 468 10
471 469 10
471 470 10
471 472 10
471 474 10
471 476 10
471 477 10
471 478 10
471 480 10
471 482 10
471 485 10
471 486 10
471 488 10
471 497 10
471 498 10
471 499 10
471 501 10
471 503 10
471 504 10
471 520 10
471 522 10
471 528 10
471 529 10
471 530 10
471 537 10
471 538 10
471 540 10
471 543 10
471 547 10
471 548 10
471 549 10
471 560 10
471 578 10
471 580 10
471 582 10
471 591 10
471 594 10
471 597 10
471 598 10
471 599 10
471 607 10
471 609 10
471 610 10
471 613 10
471 615 10
471 618 10
471 619 10
471 620 10
471 621 10
471 623 10
471 627 10
471 629 10
471 630 10
471 636 10
471 637 10
471 640 10
471 643 10
471 646 10
471 647 10
471 648 10
471 649 10
471 651 10
471 654 10
471 656 10
471 657 10
471 659 10
471 660 10
471 664 10
471 665 10
471 667 10
471 668 10
471 670 10
471 674 10
471 676 10
471 677 10
471 679 10
471 686 10
471 687 10
471 688 10
471 690 10
471 691 10
471 692 10
471 693 10
471 694 10
471 695 10
471 697 10
471 705 10
471 710 10
471 716 10
471 726 10
471 729 10
471 730 10
471 733 10
471 734 10
471 738 10
471 739 10
471 743 10
471 744 10
471 746 10
471 747 10
471 750 10
471 752 10
471 760 10
471 763 10
471 766 10
471 767 10
471 772 10
471 776 10
471 789 10
471 798 10
472 234 10
472 236 10
472 238 10
472 240 10
472 245 10
472 248 10
472 249 10
472 250 10
472 253 10
472 255 10
472 278 10
472 283 10
472 286 10
472 313 10
472 326 10
472 327 10
472 328 10
472 330 10
472 331 10
472 335 10
472 336 10
472 343 10
472 344 10
472 346 10
472 362 10
472 366 10
472 368 10
472 369 10
472 370 10
472 371 10
472 374 10
472 375 10
472 377 10
472 379 10
472 380 10
472 381 10
472 383 10
472 385 10
472 386 10
472 392 10
472 393 10
472 397 10
472 400 10
472 401 10
472 403 10
472 406 10
472 411 10
472 427 10
472 429 10
472 432 10
472 433 10
472 440 10
472 441 10
472 461 10
472 462 10
472 463 10
472 464 10
472 466 10
472 467 10
472 470 10
472 474 10
472 478 10
472 485 10
472 489 10
472 496 10
472 498 10
472 501 10
472 503 10
472 504 10
472 505 10
472 507 10
472 508 10
472 514 10
472 516 10
472 523 10
472 527 10
472 528 10
472 531 10
472 534 10
472 535 10
472 536 10
472 538 10
472 539 10
472 540 10
472 545 10
472 546 10
472 550 10
472 551 10
472 563 10
472 571 10
472 572 10
472 583 10
472 594 10
472 608 10
472 610 10
472 611 10
472 614 10
472 615 10
472 616 10
472 617 10
472 618 10
472 622 10
472 625 10
472 629 10
472 630 10
472 631 10
472 632 10
472 634 10
472 637 10
472 638 10
472 641 10
472 642 10
472 643 10
472 644 10
472 646 10
472 647 10
472 649 10
472 650 10
472 651 10
472 658 10
472 660 10
472 661 10
472 663 10
472 664 10
472 666 10
472 667 10
472 668 10
472 670 10
472 672 10
472 673 10
472 675 10
472 678 10
472 679 10
472 683 10
472 684 10
472 685 10
472 687 10
472 688 10
472 689 10
472 690 10
472 691 10
472 692 10
472 694 10
472 702 10
472 707 10
472 708 10
472 715 10
472 716 10
472 719 10
472 723 10
472 724 10
472 730 10
472 732 10
472 741 10
472 743 10
472 744 10
472 746 10
472 747 10
472 748 10
472 749 10
472 752 10
472 755 10
472 756 10
472 758 10
472 761 10
472 763 10
472 765 10
472 767 10
472 773 10
472 774 10
472 776 10
473 231 10
473 232 10
473 243 10
473 251 10
473 252 10
473 254 10
473 256 10
473 278 10
473 286 10
473 316 10
473 319 10
473 323 10
473 325 10
473 333 10
473 339 10
473 345 10
473 346 10
473 347 10
473 356 10
473 360 10
473 362 10
473 368 10
473 370 10
473 371 10
473 373 10
473 374 10
473 375 10
473 380 10
473 384 10
473 387 10
473 390 10
473 402 10
473 404 10
473 406 10
473 412 10
473 414 10
473 415 10
473 416 10
473 422 10
473 426 10
473 427 10
473 429 10
473 430 10
473 434 10
473 440 10
473 443 10
473 448 10
473 460 10
473 461 10
473 464 10
473 469 10
473 470 10
473 474 10
473 475 10
473 477 10
473 478 10
473 479 10
473 480 10
473 481 10
473 482 10
473 483 10
473 487 10
473 489 10
473 495 10
473 498 10
473 499 10
473 500 10
473 502 10
473 503 10
473 507 10
473 508 10
473 510 10
473 521 10
473 522 10
473 527 10
473 536 10
473 537 10
473 538 10
473 539 10
473 540 10
473 542 10
473 543 10
473 546 10
473 551 10
473 553 10
473 555 10
473 568 10
473 581 10
473 586 10
473 604 10
473 605 10
473 608 10
473 612 10
473 613 10
473 614 10
473 615 10
473 616 10
473 618 10
473 619 10
473 620 10
473 623 10
473 624 10
473 629 10
473 630 10
473 631 10
473 632 10
473 633 10
473 634 10
473 636 10
473 640 10
473 643 10
473 645 10
473 649 10
473 650 10
473 652 10
473 654 10
473 658 10
473 659 10
473 662 10
473 663 10
473 667 10
473 669 10
473 672 10
473 673 10
473 674 10
473 675 10
473 676 10
473 677 10
473 679 10
473 680 10
473 681 10
473 688 10
473 689 10
473 691 10
473 693 10
473 694 10
473 696 10
473 698 10
473 700 10
473 701 10
473 707 10
473 710 10
473 716 10
473 724 10
473 729 10
473 742 10
473 743 10
473 744 10
473 747 10
473 749 10
473 750 10
473 751 10
473 752 10
473 753 10
473 754 10
473 755 10
473 760 10
473 764 10
473 765 10
473 767 10
473 770 10
473 772 10
473 775 10
473 776 10
474 231 10
474 232 10
474 234 10
474 236 10
474 238 10
474 243 10
474 245 10
474 246 10
474 247 10
474 248 10
474 251 10
474 253 10
474 274 10
474 282 10
474 293 10
474 297 10
474 303 10
474 321 10
474 326 10
474 328 10
474 331 10
474 336 10
474 341 10
474 344 10
474 347 10
474 348 10
474 356 10
474 359 10
474 368 10
474 369 10
474 371 10
474 372 10
474 373 10
474 375 10
474 379 10
474 382 10
474 406 10
474 407 10
474 408 10
474 414 10
474 415 10
474 417 10
474 440 10
474 457 10
474 459 10
474 461 10
474 462 10
474 463 10
474 464 10
474 465 10
474 467 10
474 469 10
474 472 10
474 473 10
474 474 10
474 476 10
474 479 10
474 480 10
474 481 10
474 482 10
474 483 10
474 485 10
474 497 10
474 499 10
474 500 10
474 501 10
474 502 10
474 503 10
474 504 10
474 506 10
474 507 10
474 509 10
474 520 10
474 522 10
474 523 10
474 524 10
474 526 10
474 528 10
474 529 10
474 540 10
474 542 10
474 543 10
474 544 10
474 548 10
474 549 10
474 555 10
474 559 10
474 573 10
474 579 10
474 584 10
474 586 10
474 594 10
474 599 10
474 602 10
474 603 10
474 604 10
474 606 10
474 607 10
474 608 10
474 609 10
474 610 10
474 613 10
474 616 10
474 617 10
474 618 10
474 620 10
474 621 10
474 625 10
474 626 10
474 628 10
474 629 10
474 630 10
474 633 10
474 637 10
474 647 10
474 648 10
474 651 10
474 652 10
474 653 10
474 655 10
474 656 10
474 657 10
474 658 10
474 659 10
474 660 10
474 663 10
474 666 10
474 667 10
474 675 10
474 676 10
474 678 10
474 679 10
474 680 10
474 681 10
474 683 10
474 686 10
474 687 10
474 688 10
474 690 10
474 691 10
474 692 10
474 693 10
474 694 10
474 695 10
474 697 10
474 698 10
474 700 10
474 707 10
474 710 10
474 715 10
474 718 10
474 719 10
474 724 10
474 725 10
474 731 10
474 739 10
474 740 10
474 741 10
474 744 10
474 745 10
474 749 10
474 750 10
474 752 10
474 756 10
474 757 10
474 763 10
474 765 10
474 767 10
474 769 10
474 770 10
474 772 10
474 773 10
474 774 10
475 242 10
475 270 10
475 272 10
475 274 10
475 284 10
475 296 10
475 299 10
475 305 10
475 316 10
475 317 10
475 318 10
475 319 10
475 322 10
475 325 10
475 326 10
475 328 10
475 337 10
475 339 10
475 340 10
475 341 10
475 343 10
475 344 10
475 346 10
475 348 10
475 362 10
475 366 10
475 371 10
475 374 10
475 379 10
475 381 10
475 386 10
475 387 10
475 396 10
475 414 10
475 415 10
475 418 10
475 436 10
475 455 10
475 456 10
475 457 10
475 459 10
475 460 10
475 462 10
475 463 10
475 464 10
475 467 10
475 468 10
475 472 10
475 474 10
475 477 10
475 481 10
475 482 10
475 487 10
475 493 10
475 495 10
475 499 10
475 502 10
475 504 10
475 506 10
475 507 10
475 509 10
475 510 10
475 511 10
475 512 10
475 518 10
475 526 10
475 527 10
475 529 10
475 536 10
475 538 10
475 541 10
475 542 10
475 543 10
475 545 10
475 547 10
475 549 10
475 557 10
475 559 10
475 574 10
475 583 10
475 595 10
475 597 10
475 599 10
475 600 10
475 601 10
475 602 10
475 605 10
475 610 10
475 611 10
475 614 10
475 615 10
475 616 10
475 617 10
475 620 10
475 623 10
475 624 10
475 628 10
475 631 10
475 632 10
475 634 10
475 635 10
475 638 10
475 639 10
475 641 10
475 642 10
475 644 10
475 645 10
475 648 10
475 650 10
475 656 10
475 658 10
475 661 10
475 662 10
475 668 10
475 669 10
475 671 10
475 673 10
475 677 10
475 678 10
475 679 10
475 681 10
475 683 10
475 684 10
475 686 10
475 690 10
475 691 10
475 692 10
475 694 10
475 695 10
475 697 10
475 698 10
475 707 10
475 708 10
475 712 10
475 713 10
475 716 10
475 717 10
475 719 10
475 735 10
475 736 10
475 741 10
475 742 10
475 748 10
475 749 10
475 750 10
475 751 10
475 753 10
475 755 10
475 756 10
475 758 10
475 762 10
475 763 10
475 765 10
475 767 10
475 769 10
475 770 10
475 771 10
475 773 10
475 774 10
475 781 10
476 232 10
476 234 10
476 239 10
476 240 10
476 241 10
476 242 10
476 249 10
476 270 10
476 293 10
476 294 10
476 302 10
476 305 10
476 306 10
476 307 10
476 308 10
476 314 10
476 315 10
476 316 10
476 317 10
476 318 10
476 319 10
476 320 10
476 321 10
476 323 10
476 328 10
476 331 10
476 336 10
476 340 10
476 341 10
476 354 10
476 358 10
476 366 10
476 371 10
476 372 10
476 375 10
476 378 10
476 379 10
476 380 10
476 386 10
476 387 10
476 388 10
476 390 10
476 413 10
476 415 10
476 418 10
476 429 10
476 430 10
476 438 10
476 439 10
476 457 10
476 458 10
476 459 10
476 460 10
476 463 10
476 467 10
476 469 10
476 470 10
476 474 10
476 475 10
476 476 10
476 480 10
476 482 10
476 493 10
476 494 10
476 495 10
476 496 10
476 498 10
476 501 10
476 504 10
476 507 10
476 510 10
476 518 10
476 519 10
476 524 10
476 525 10
476 526 10
476 539 10
476 543 10
476 546 10
476 548 10
476 552 10
476 554 10
476 556 10
476 558 10
476 572 10
476 573 10
476 580 10
476 581 10
476 582 10
476 584 10
476 587 10
476 589 10
476 590 10
476 592 10
476 593 10
476 595 10
476 600 10
476 603 10
476 604 10
476 605 10
476 607 10
476 608 10
476 609 10
476 610 10
476 612 10
476 613 10
476 617 10
476 618 10
476 619 10
476 620 10
476 624 10
476 627 10
476 628 10
476 632 10
476 638 10
476 639 10
476 640 10
476 644 10
476 645 10
476 646 10
476 647 10
476 648 10
476 650 10
476 651 10
476 652 10
476 653 10
476 656 10
476 658 10
476 660 10
476 661 10
476 662 10
476 666 10
476 667 10
476 668 10
476 669 10
476 670 10
476 672 10
476 673 10
476 674 10
476 675 10
476 676 10
476 682 10
476 684 10
476 686 10
476 687 10
476 692 10
476 695 10
476 696 10
476 697 10
476 700 10
476 702 10
476 704 10
476 706 10
476 723 10
476 732 10
476 734 10
476 735 10
476 736 10
476 741 10
476 748 10
476 752 10
476 756 10
476 758 10
476 760 10
476 761 10
476 762 10
476 768 10
476 769 10
476 770 10
476 771 10
476 777 10
477 233 10
477 235 10
477 240 10
477 242 10
477 244 10
477 274 10
477 295 10
477 296 10
477 297 10
477 298 10
477 300 10
477 311 10
477 315 10
477 316 10
477 318 10
477 323 10
477 324 10
477 325 10
477 326 10
477 327 10
477 328 10
477 330 10
477 336 10
477 340 10
477 344 10
477 346 10
477 353 10
477 356 10
477 367 10
477 368 10
477 369 10
477 370 10
477 373 10
477 374 10
477 375 10
477 377 10
477 383 10
477 388 10
477 392 10
477 395 10
477 411 10
477 414 10
477 415 10
477 418 10
477 436 10
477 458 10
477 459 10
477 462 10
477 463 10
477 466 10
477 467 10
477 473 10
477 474 10
477 475 10
477 478 10
477 480 10
477 485 10
477 493 10
477 498 10
477 500 10
477 501 10
477 502 10
477 506 10
477 508 10
477 510 10
477 512 10
477 513 10
477 514 10
477 516 10
477 536 10
477 537 10
477 539 10
477 544 10
477 548 10
477 553 10
477 556 10
477 557 10
477 558 10
477 583 10
477 584 10
477 587 10
477 589 10
477 592 10
477 594 10
477 595 10
477 596 10
477 598 10
477 599 10
477 604 10
477 605 10
477 609 10
477 611 10
477 613 10
477 621 10
477 622 10
477 632 10
477 637 10
477 638 10
477 640 10
477 642 10
477 644 10
477 645 10
477 646 10
477 649 10
477 650 10
477 651 10
477 654 10
477 655 10
477 656 10
477 658 10
477 660 10
477 661 10
477 663 10
477 666 10
477 667 10
477 671 10
477 673 10
477 674 10
477 677 10
477 678 10
477 679 10
477 681 10
477 682 10
477 686 10
477 690 10
477 691 10
477 692 10
477 693 10
477 694 10
477 698 10
477 699 10
477 706 10
477 711 10
477 736 10
477 738 10
477 739 10
477 743 10
477 746 10
477 747 10
477 749 10
477 752 10
477 753 10
477 756 10
477 759 10
477 760 10
477 761 10
477 762 10
477 764 10
477 766 10
477 767 10
477 769 10
477 773 10
477 774 10
477 775 10
477 776 10
477 778 10
477 780 10
478 232 10
478 234 10
478 250 10
478 273 10
478 274 10
478 275 10
478 284 10
478 299 10
478 302 10
478 303 10
478 305 10
478 310 10
478 312 10
478 313 10
478 315 10
478 316 10
478 317 10
478 318 10
478 319 10
478 320 10
478 323 10
478 326 10
478 340 10
478 355 10
478 357 10
478 369 10
478 370 10
478 371 10
478 372 10
478 373 10
478 375 10
478 376 10
478 377 10
478 378 10
478 379 10
478 380 10
478 381 10
478 385 10
478 386 10
478 387 10
478 389 10
478 391 10
478 413 10
478 415 10
478 420 10
478 426 10
478 437 10
478 439 10
478 460 10
478 462 10
478 463 10
478 465 10
478 467 10
478 468 10
478 469 10
478 470 10
478 473 10
478 474 10
478 476 10
478 479 10
478 483 10
478 494 10
478 496 10
478 503 10
478 504 10
478 505 10
478 507 10
478 508 10
478 510 10
478 511 10
478 514 10
478 515 10
478 516 10
478 517 10
478 518 10
478 519 10
478 526 10
478 538 10
478 539 10
478 540 10
478 541 10
478 554 10
478 556 10
478 565 10
478 566 10
478 578 10
478 589 10
478 591 10
478 593 10
478 594 10
478 596 10
478 604 10
478 605 10
478 607 10
478 608 10
478 609 10
478 611 10
478 613 10
478 622 10
478 623 10
478 625 10
478 638 10
478 642 10
478 643 10
478 644 10
478 646 10
478 647 10
478 648 10
478 649 10
478 650 10
478 651 10
478 652 10
478 660 10
478 661 10
478 662 10
478 664 10
478 666 10
478 668 10
478 669 10
478 674 10
478 675 10
478 676 10
478 678 10
478 686 10
478 688 10
478 690 10
478 693 10
478 698 10
478 703 10
478 704 10
478 705 10
478 707 10
478 711 10
478 716 10
478 718 10
478 734 10
478 735 10
478 736 10
478 737 10
478 753 10
478 755 10
478 758 10
478 760 10
478 761 10
478 763 10
478 764 10
478 765 10
478 766 10
478 767 10
478 769 10
478 774 10
478 776 10
478 779 10
478 781 10
478 783 10
479 237 10
479 239 10
479 242 10
479 243 10
479 245 10
479 246 10
479 250 10
479 253 10
479 272 10
479 273 10
479 275 10
479 276 10
479 277 10
479 294 10
479 299 10
479 305 10
479 310 10
479 311 10
479 313 10
479 315 10
479 316 10
479 317 10
479 318 10
479 319 10
479 321 10
479 322 10
479 324 10
479 328 10
479 329 10
479 330 10
479 351 10
479 352 10
479 353 10
479 355 10
479 358 10
479 359 10
479 368 10
479 370 10
479 372 10
479 375 10
479 376 10
479 377 10
479 378 10
479 379 10
479 380 10
479 383 10
479 384 10
479 386 10
479 391 10
479 393 10
479 394 10
479 400 10
479 401 10
479 410 10
479 411 10
479 414 10
479 420 10
479 422 10
479 427 10
479 428 10
479 437 10
479 439 10
479 444 10
479 448 10
479 458 10
479 460 10
479 462 10
479 465 10
479 467 10
479 469 10
479 470 10
479 471 10
479 472 10
479 473 10
479 475 10
479 477 10
479 478 10
479 490 10
479 491 10
479 492 10
479 493 10
479 494 10
479 503 10
479 504 10
479 509 10
479 512 10
479 513 10
479 516 10
479 517 10
479 521 10
479 522 10
479 524 10
479 534 10
479 535 10
479 536 10
479 537 10
479 541 10
479 547 10
479 548 10
479 556 10
479 558 10
479 559 10
479 572 10
479 574 10
479 575 10
479 576 10
479 577 10
479 581 10
479 582 10
479 583 10
479 587 10
479 591 10
479 594 10
479 595 10
479 596 10
479 598 10
479 599 10
479 603 10
479 605 10
479 608 10
479 609 10
479 616 10
479 627 10
479 629 10
479 638 10
479 639 10
479 641 10
479 644 10
479 645 10
479 646 10
479 647 10
479 648 10
479 651 10
479 654 10
479 655 10
479 657 10
479 659 10
479 660 10
479 661 10
479 662 10
479 664 10
479 666 10
479 667 10
479 669 10
479 673 10
479 679 10
479 686 10
479 690 10
479 691 10
479 698 10
479 702 10
479 705 10
479 706 10
479 708 10
479 709 10
479 712 10
479 716 10
479 718 10
479 734 10
479 737 10
479 739 10
479 742 10
479 743 10
479 744 10
479 745 10
479 746 10
479 752 10
479 755 10
479 757 10
479 759 10
479 761 10
479 762 10
479 764 10
479 769 10
479 778 10
480 234 10
480 241 10
480 242 10
480 253 10
480 256 10
480 261 10
480 272 10
480 274 10
480 275 10
480 276 10
480 286 10
480 289 10
480 295 10
480 296 10
480 299 10
480 300 10
480 303 10
480 309 10
480 310 10
480 313 10
480 314 10
480 315 10
480 316 10
480 317 10
480 318 10
480 319 10
480 320 10
480 323 10
480 324 10
480 325 10
480 326 10
480 328 10
480 329 10
480 338 10
480 348 10
480 351 10
480 354 10
480 356 10
480 357 10
480 359 10
480 360 10
480 369 10
480 370 10
480 371 10
480 372 10
480 374 10
480 375 10
480 376 10
480 377 10
480 378 10
480 380 10
480 381 10
480 382 10
480 383 10
480 388 10
480 389 10
480 390 10
480 391 10
480 395 10
480 397 10
480 407 10
480 415 10
480 416 10
480 417 10
480 418 10
480 419 10
480 423 10
480 425 10
480 426 10
480 440 10
480 445 10
480 457 10
480 460 10
480 463 10
480 466 10
480 467 10
480 468 10
480 469 10
480 470 10
480 472 10
480 473 10
480 477 10
480 478 10
480 480 10
480 492 10
480 494 10
480 497 10
480 499 10
480 502 10
480 504 10
480 507 10
480 509 10
480 514 10
480 515 10
480 516 10
480 517 10
480 518 10
480 519 10
480 524 10
480 534 10
480 541 10
480 548 10
480 555 10
480 557 10
480 558 10
480 569 10
480 576 10
480 581 10
480 583 10
480 584 10
480 587 10
480 588 10
480 590 10
480 591 10
480 592 10
480 594 10
480 596 10
480 598 10
480 604 10
480 605 10
480 606 10
480 610 10
480 611 10
480 612 10
480 614 10
480 629 10
480 636 10
480 637 10
480 640 10
480 644 10
480 646 10
480 647 10
480 648 10
480 649 10
480 650 10
480 652 10
480 653 10
480 657 10
480 660 10
480 661 10
480 662 10
480 666 10
480 668 10
480 669 10
480 671 10
480 673 10
480 674 10
480 675 10
480 678 10
480 681 10
480 686 10
480 688 10
480 690 10
480 691 10
480 695 10
480 699 10
480 703 10
480 704 10
480 707 10
480 716 10
480 717 10
480 718 10
480 729 10
480 730 10
480 737 10
480 741 10
480 742 10
480 744 10
480 746 10
480 747 10
480 749 10
480 751 10
480 753 10
480 755 10
480 758 10
480 759 10
480 764 10
480 765 10
480 766 10
480 768 10
480 771 10
480 772 10
480 778 10
481 238 10
481 245 10
481 249 10
481 251 10
481 258 10
481 270 10
481 271 10
481 273 10
481 274 10
481 284 10
481 286 10
481 292 10
481 294 10
481 299 10
481 311 10
481 312 10
481 316 10
481 318 10
481 320 10
481 321 10
481 322 10
481 323 10
481 324 10
481 325 10
481 327 10
481 328 10
481 329 10
481 330 10
481 331 10
481 339 10
481 348 10
481 350 10
481 351 10
481 352 10
481 353 10
481 354 10
481 359 10
481 361 10
481 370 10
481 372 10
481 373 10
481 374 10
481 375 10
481 376 10
481 377 10
481 379 10
481 380 10
481 384 10
481 385 10
481 391 10
481 392 10
481 398 10
481 416 10
481 419 10
481 423 10
481 425 10
481 426 10
481 427 10
481 433 10
481 440 10
481 441 10
481 447 10
481 451 10
481 460 10
481 463 10
481 464 10
481 466 10
481 469 10
481 470 10
481 471 10
481 472 10
481 473 10
481 478 10
481 486 10
481 488 10
481 491 10
481 493 10
481 494 10
481 495 10
481 496 10
481 498 10
481 499 10
481 500 10
481 501 10
481 502 10
481 509 10
481 513 10
481 515 10
481 516 10
481 517 10
481 524 10
481 525 10
481 536 10
481 537 10
481 538 10
481 541 10
481 544 10
481 547 10
481 548 10
481 555 10
481 561 10
481 574 10
481 579 10
481 581 10
481 583 10
481 585 10
481 586 10
481 590 10
481 591 10
481 594 10
481 595 10
481 602 10
481 604 10
481 605 10
481 609 10
481 614 10
481 627 10
481 629 10
481 632 10
481 633 10
481 635 10
481 636 10
481 637 10
481 638 10
481 639 10
481 641 10
481 642 10
481 644 10
481 645 10
481 646 10
481 647 10
481 651 10
481 654 10
481 662 10
481 663 10
481 664 10
481 668 10
481 669 10
481 671 10
481 673 10
481 676 10
481 677 10
481 679 10
481 687 10
481 689 10
481 692 10
481 693 10
481 696 10
481 700 10
481 702 10
481 704 10
481 706 10
481 707 10
481 708 10
481 709 10
481 712 10
481 715 10
481 719 10
481 739 10
481 743 10
481 747 10
481 748 10
481 756 10
481 761 10
481 762 10
481 764 10
481 765 10
481 766 10
481 767 10
481 771 10
481 772 10
482 244 10
482 245 10
482 251 10
482 257 10
482 259 10
482 261 10
482 272 10
482 273 10
482 274 10
482 275 10
482 277 10
482 300 10
482 302 10
482 303 10
482 304 10
482 306 10
482 309 10
482 311 10
482 313 10
482 314 10
482 316 10
482 317 10
482 318 10
482 319 10
482 320 10
482 321 10
482 324 10
482 325 10
482 326 10
482 327 10
482 328 10
482 338 10
482 339 10
482 348 10
482 351 10
482 354 10
482 357 10
482 359 10
482 360 10
482 362 10
482 368 10
482 370 10
482 373 10
482 374 10
482 376 10
482 377 10
482 378 10
482 382 10
482 383 10
482 388 10
482 390 10
482 392 10
482 393 10
482 394 10
482 400 10
482 407 10
482 408 10
482 413 10
482 415 10
482 422 10
482 424 10
482 444 10
482 447 10
482 448 10
482 449 10
482 457 10
482 461 10
482 463 10
482 464 10
482 465 10
482 468 10
482 469 10
482 470 10
482 471 10
482 477 10
482 495 10
482 498 10
482 499 10
482 500 10
482 502 10
482 503 10
482 504 10
482 505 10
482 506 10
482 507 10
482 510 10
482 514 10
482 515 10
482 522 10
482 523 10
482 527 10
482 528 10
482 529 10
482 534 10
482 540 10
482 541 10
482 545 10
482 546 10
482 548 10
482 549 10
482 552 10
482 557 10
482 558 10
482 559 10
482 565 10
482 566 10
482 574 10
482 580 10
482 581 10
482 582 10
482 584 10
482 585 10
482 587 10
482 591 10
482 593 10
482 595 10
482 596 10
482 598 10
482 600 10
482 603 10
482 604 10
482 607 10
482 608 10
482 610 10
482 611 10
482 615 10
482 616 10
482 629 10
482 636 10
482 637 10
482 638 10
482 639 10
482 643 10
482 644 10
482 645 10
482 646 10
482 647 10
482 648 10
482 650 10
482 651 10
482 652 10
482 653 10
482 654 10
482 655 10
482 657 10
482 661 10
482 663 10
482 664 10
482 665 10
482 666 10
482 667 10
482 672 10
482 673 10
482 676 10
482 677 10
482 678 10
482 679 10
482 680 10
482 681 10
482 682 10
482 684 10
482 686 10
482 687 10
482 690 10
482 694 10
482 702 10
482 705 10
482 707 10
482 710 10
482 713 10
482 715 10
482 716 10
482 717 10
482 724 10
482 725 10
482 729 10
482 730 10
482 731 10
482 732 10
482 738 10
482 740 10
482 741 10
482 745 10
482 752 10
482 755 10
482 756 10
482 757 10
482 758 10
482 761 10
482 765 10
482 766 10
482 768 10
482 771 10
482 778 10
483 258 10
483 259 10
483 269 10
483 272 10
483 297 10
483 302 10
483 303 10
483 307 10
483 312 10
483 314 10
483 315 10
483 318 10
483 319 10
483 322 10
483 323 10
483 324 10
483 325 10
483 326 10
483 329 10
483 332 10
483 333 10
483 338 10
483 349 10
483 350 10
483 352 10
483 353 10
483 354 10
483 355 10
483 356 10
483 358 10
483 360 10
483 368 10
483 370 10
483 371 10
483 375 10
483 380 10
483 381 10
483 388 10
483 390 10
483 391 10
483 392 10
483 393 10
483 399 10
483 403 10
483 407 10
483 414 10
483 420 10
483 422 10
483 423 10
483 433 10
483 437 10
483 442 10
483 443 10
483 444 10
483 446 10
483 452 10
483 459 10
483 460 10
483 464 10
483 465 10
483 466 10
483 468 10
483 469 10
483 470 10
483 471 10
483 477 10
483 491 10
483 497 10
483 499 10
483 500 10
483 501 10
483 502 10
483 503 10
483 504 10
483 505 10
483 508 10
483 509 10
483 511 10
483 515 10
483 516 10
483 519 10
483 521 10
483 522 10
483 523 10
483 525 10
483 527 10
483 528 10
483 539 10
483 541 10
483 545 10
483 547 10
483 555 10
483 560 10
483 563 10
483 567 10
483 577 10
483 578 10
483 580 10
483 582 10
483 583 10
483 587 10
483 589 10
483 590 10
483 591 10
483 593 10
483 596 10
483 597 10
483 598 10
483 601 10
483 605 10
483 607 10
483 608 10
483 613 10
483 615 10
483 625 10
483 628 10
483 630 10
483 633 10
483 637 10
483 638 10
483 640 10
483 641 10
483 642 10
483 644 10
483 647 10
483 648 10
483 651 10
483 652 10
483 653 10
483 655 10
483 656 10
483 657 10
483 659 10
483 660 10
483 661 10
483 662 10
483 663 10
483 664 10
483 665 10
483 672 10
483 675 10
483 679 10
483 682 10
483 689 10
483 691 10
483 693 10
483 694 10
483 696 10
483 700 10
483 701 10
483 706 10
483 710 10
483 717 10
483 718 10
483 719 10
483 723 10
483 727 10
483 729 10
483 730 10
483 731 10
483 733 10
483 734 10
483 736 10
483 737 10
483 743 10
483 753 10
483 757 10
483 764 10
483 766 10
483 768 10
483 772 10
483 773 10
483 776 10
483 777 10
483 785 10
484 261 10
484 275 10
484 297 10
484 299 10
484 303 10
484 305 10
484 306 10
484 307 10
484 308 10
484 311 10
484 314 10
484 316 10
484 318 10
484 320 10
484 321 10
484 322 10
484 324 10
484 325 10
484 326 10
484 327 10
484 328 10
484 329 10
484 331 10
484 333 10
484 351 10
484 352 10
484 353 10
484 354 10
484 357 10
484 358 10
484 359 10
484 360 10
484 372 10
484 373 10
484 375 10
484 382 10
484 386 10
484 387 10
484 389 10
484 390 10
484 392 10
484 394 10
484 395 10
484 405 10
484 444 10
484 447 10
484 449 10
484 453 10
484 460 10
484 468 10
484 469 10
484 472 10
484 480 10
484 488 10
484 489 10
484 490 10
484 491 10
484 492 10
484 493 10
484 494 10
484 495 10
484 501 10
484 502 10
484 505 10
484 514 10
484 515 10
484 517 10
484 523 10
484 524 10
484 525 10
484 528 10
484 530 10
484 531 10
484 534 10
484 536 10
484 540 10
484 541 10
484 543 10
484 547 10
484 548 10
484 549 10
484 553 10
484 560 10
484 562 10
484 566 10
484 574 10
484 579 10
484 580 10
484 585 10
484 586 10
484 588 10
484 590 10
484 593 10
484 594 10
484 596 10
484 597 10
484 599 10
484 603 10
484 606 10
484 611 10
484 614 10
484 625 10
484 626 10
484 627 10
484 628 10
484 633 10
484 634 10
484 635 10
484 636 10
484 638 10
484 640 10
484 641 10
484 642 10
484 643 10
484 644 10
484 645 10
484 646 10
484 647 10
484 648 10
484 649 10
484 650 10
484 651 10
484 652 10
484 657 10
484 659 10
484 660 10
484 661 10
484 663 10
484 664 10
484 669 10
484 671 10
484 672 10
484 674 10
484 675 10
484 680 10
484 681 10
484 682 10
484 695 10
484 696 10
484 697 10
484 698 10
484 699 10
484 704 10
484 706 10
484 709 10
484 710 10
484 712 10
484 713 10
484 716 10
484 717 10
484 719 10
484 720 10
484 721 10
484 726 10
484 732 10
484 734 10
484 735 10
484 736 10
484 738 10
484 739 10
484 741 10
484 743 10
484 748 10
484 756 10
484 757 10
484 758 10
484 762 10
484 764 10
484 766 10
484 767 10
484 769 10
484 771 10
484 774 10
484 775 10
484 784 10
485 259 10
485 272 10
485 276 10
485 293 10
485 297 10
485 302 10
485 303 10
485 306 10
485 307 10
485 308 10
485 309 10
485 310 10
485 314 10
485 318 10
485 325 10
485 326 10
485 328 10
485 330 10
485 333 10
485 334 10
485 343 10
485 351 10
485 353 10
485 355 10
485 369 10
485 372 10
485 380 10
485 382 10
485 383 10
485 385 10
485 398 10
485 399 10
485 407 10
485 433 10
485 455 10
485 456 10
485 462 10
485 463 10
485 464 10
485 472 10
485 474 10
485 481 10
485 485 10
485 486 10
485 491 10
485 495 10
485 496 10
485 501 10
485 503 10
485 512 10
485 513 10
485 516 10
485 517 10
485 522 10
485 523 10
485 527 10
485 528 10
485 530 10
485 534 10
485 539 10
485 543 10
485 547 10
485 548 10
485 550 10
485 552 10
485 553 10
485 556 10
485 561 10
485 565 10
485 567 10
485 570 10
485 572 10
485 573 10
485 574 10
485 575 10
485 579 10
485 582 10
485 583 10
485 585 10
485 586 10
485 588 10
485 591 10
485 593 10
485 594 10
485 596 10
485 599 10
485 600 10
485 605 10
485 606 10
485 607 10
485 612 10
485 624 10
485 625 10
485 629 10
485 631 10
485 632 10
485 633 10
485 634 10
485 636 10
485 637 10
485 638 10
485 640 10
485 642 10
485 643 10
485 644 10
485 645 10
485 646 10
485 647 10
485 648 10
485 649 10
485 650 10
485 651 10
485 652 10
485 653 10
485 655 10
485 657 10
485 660 10
485 661 10
485 663 10
485 667 10
485 669 10
485 673 10
485 676 10
485 677 10
485 688 10
485 690 10
485 691 10
485 692 10
485 694 10
485 697 10
485 698 10
485 699 10
485 701 10
485 702 10
485 703 10
485 706 10
485 710 10
485 711 10
485 716 10
485 719 10
485 720 10
485 723 10
485 733 10
485 734 10
485 737 10
485 738 10
485 739 10
485 741 10
485 743 10
485 753 10
485 764 10
485 765 10
485 766 10
485 771 10
485 775 10
485 777 10
486 259 10
486 260 10
486 276 10
486 304 10
486 306 10
486 307 10
486 308 10
486 309 10
486 310 10
486 313 10
486 315 10
486 317 10
486 319 10
486 322 10
486 323 10
486 324 10
486 325 10
486 327 10
486 330 10
486 333 10
486 339 10
486 341 10
486 349 10
486 351 10
486 352 10
486 354 10
486 355 10
486 356 10
486 358 10
486 361 10
486 362 10
486 363 10
486 370 10
486 376 10
486 386 10
486 399 10
486 401 10
486 405 10
486 432 10
486 464 10
486 469 10
486 489 10
486 493 10
486 494 10
486 501 10
486 503 10
486 505 10
486 511 10
486 512 10
486 513 10
486 516 10
486 517 10
486 531 10
486 539 10
486 541 10
486 543 10
486 544 10
486 545 10
486 552 10
486 554 10
486 556 10
486 558 10
486 559 10
486 560 10
486 566 10
486 567 10
486 568 10
486 571 10
486 573 10
486 574 10
486 580 10
486 582 10
486 583 10
486 586 10
486 590 10
486 591 10
486 592 10
486 593 10
486 595 10
486 596 10
486 597 10
486 598 10
486 606 10
486 611 10
486 618 10
486 626 10
486 629 10
486 630 10
486 631 10
486 634 10
486 636 10
486 637 10
486 638 10
486 640 10
486 641 10
486 643 10
486 644 10
486 645 10
486 646 10
486 649 10
486 650 10
486 654 10
486 657 10
486 658 10
486 659 10
486 660 10
486 663 10
486 665 10
486 666 10
486 667 10
486 669 10
486 670 10
486 672 10
486 673 10
486 677 10
486 678 10
486 679 10
486 680 10
486 682 10
486 683 10
486 684 10
486 686 10
486 690 10
486 691 10
486 694 10
486 696 10
486 697 10
486 700 10
486 702 10
486 703 10
486 710 10
486 711 10
486 712 10
486 713 10
486 714 10
486 717 10
486 718 10
486 719 10
486 721 10
486 730 10
486 731 10
486 733 10
486 734 10
486 736 10
486 737 10
486 742 10
486 751 10
486 753 10
486 754 10
486 755 10
486 762 10
486 763 10
486 769 10
486 775 10
486 776 10
486 777 10
486 778 10
486 780 10
486 782 10
487 304 10
487 307 10
487 309 10
487 310 10
487 312 10
487 313 10
487 315 10
487 320 10
487 321 10
487 322 10
487 323 10
487 326 10
487 327 10
487 330 10
487 342 10
487 348 10
487 349 10
487 351 10
487 352 10
487 354 10
487 360 10
487 361 10
487 373 10
487 374 10
487 375 10
487 377 10
487 380 10
487 383 10
487 389 10
487 402 10
487 403 10
487 405 10
487 407 10
487 451 10
487 467 10
487 469 10
487 473 10
487 475 10
487 488 10
487 489 10
487 491 10
487 509 10
487 510 10
487 511 10
487 513 10
487 514 10
487 516 10
487 524 10
487 525 10
487 526 10
487 527 10
487 532 10
487 533 10
487 536 10
487 539 10
487 541 10
487 542 10
487 543 10
487 545 10
487 546 10
487 550 10
487 551 10
487 552 10
487 556 10
487 563 10
487 564 10
487 565 10
487 567 10
487 568 10
487 570 10
487 572 10
487 576 10
487 577 10
487 581 10
487 582 10
487 583 10
487 584 10
487 587 10
487 588 10
487 589 10
487 590 10
487 592 10
487 593 10
487 594 10
487 596 10
487 600 10
487 607 10
487 613 10
487 626 10
487 627 10
487 631 10
487 634 10
487 636 10
487 643 10
487 646 10
487 647 10
487 648 10
487 649 10
487 650 10
487 651 10
487 652 10
487 664 10
487 665 10
487 668 10
487 670 10
487 671 10
487 673 10
487 674 10
487 675 10
487 676 10
487 677 10
487 680 10
487 682 10
487 685 10
487 687 10
487 688 10
487 689 10
487 691 10
487 692 10
487 696 10
487 697 10
487 699 10
487 702 10
487 705 10
487 710 10
487 711 10
487 712 10
487 715 10
487 716 10
487 717 10
487 721 10
487 722 10
487 723 10
487 725 10
487 729 10
487 731 10
487 733 10
487 734 10
487 736 10
487 738 10
487 743 10
487 744 10
487 748 10
487 751 10
487 752 10
487 754 10
487 755 10
487 767 10
487 768 10
487 769 10
487 771 10
487 775 10
487 780 10
487 782 10
488 301 10
488 305 10
488 310 10
488 311 10
488 312 10
488 315 10
488 316 10
488 317 10
488 324 10
488 326 10
488 327 10
488 328 10
488 329 10
488 333 10
488 338 10
488 339 10
488 341 10
488 343 10
488 349 10
488 353 10
488 354 10
488 355 10
488 358 10
488 359 10
488 361 10
488 368 10
488 370 10
488 371 10
488 373 10
488 375 10
488 386 10
488 389 10
488 393 10
488 398 10
488 399 10
488 401 10
488 405 10
488 408 10
488 430 10
488 431 10
488 451 10
488 463 10
488 467 10
488 469 10
488 471 10
488 472 10
488 473 10
488 476 10
488 482 10
488 486 10
488 490 10
488 497 10
488 506 10
488 509 10
488 510 10
488 511 10
488 512 10
488 517 10
488 518 10
488 522 10
488 524 10
488 526 10
488 527 10
488 528 10
488 531 10
488 536 10
488 538 10
488 539 10
488 540 10
488 543 10
488 545 10
488 546 10
488 547 10
488 552 10
488 565 10
488 566 10
488 567 10
488 568 10
488 569 10
488 571 10
488 573 10
488 580 10
488 581 10
488 582 10
488 584 10
488 585 10
488 586 10
488 587 10
488 588 10
488 590 10
488 592 10
488 594 10
488 595 10
488 596 10
488 598 10
488 604 10
488 605 10
488 607 10
488 626 10
488 629 10
488 630 10
488 631 10
488 637 10
488 649 10
488 650 10
488 653 10
488 655 10
488 657 10
488 663 10
488 664 10
488 665 10
488 666 10
488 667 10
488 668 10
488 669 10
488 675 10
488 679 10
488 687 10
488 688 10
488 690 10
488 691 10
488 698 10
488 699 10
488 707 10
488 708 10
488 714 10
488 718 10
488 719 10
488 720 10
488 721 10
488 724 10
488 727 10
488 728 10
488 730 10
488 733 10
488 734 10
488 736 10
488 738 10
488 742 10
488 744 10
488 746 10
488 747 10
488 750 10
488 751 10
488 753 10
488 754 10
488 763 10
488 769 10
488 771 10
488 779 10
489 274 10
489 275 10
489 276 10
489 277 10
489 301 10
489 304 10
489 305 10
489 306 10
489 307 10
489 309 10
489 310 10
489 311 10
489 312 10
489 316 10
489 317 10
489 319 10
489 321 10
489 322 10
489 324 10
489 325 10
489 327 10
489 339 10
489 340 10
489 342 10
489 344 10
489 345 10
489 348 10
489 350 10
489 351 10
489 353 10
489 354 10
489 357 10
489 360 10
489 363 10
489 373 10
489 376 10
489 391 10
489 402 10
489 404 10
489 406 10
489 432 10
489 438 10
489 441 10
489 450 10
489 451 10
489 455 10
489 466 10
489 468 10
489 469 10
489 470 10
489 471 10
489 476 10
489 485 10
489 486 10
489 488 10
489 490 10
489 495 10
489 501 10
489 502 10
489 505 10
489 507 10
489 508 10
489 510 10
489 511 10
489 512 10
489 514 10
489 516 10
489 517 10
489 518 10
489 519 10
489 520 10
489 523 10
489 525 10
489 535 10
489 540 10
489 541 10
489 543 10
489 545 10
489 546 10
489 550 10
489 557 10
489 558 10
489 559 10
489 560 10
489 562 10
489 563 10
489 565 10
489 569 10
489 576 10
489 578 10
489 579 10
489 583 10
489 584 10
489 585 10
489 586 10
489 587 10
489 588 10
489 590 10
489 591 10
489 592 10
489 593 10
489 595 10
489 598 10
489 599 10
489 601 10
489 604 10
489 606 10
489 628 10
489 632 10
489 633 10
489 634 10
489 635 10
489 636 10
489 638 10
489 642 10
489 645 10
489 646 10
489 647 10
489 648 10
489 649 10
489 650 10
489 660 10
489 665 10
489 667 10
489 668 10
489 671 10
489 676 10
489 689 10
489 693 10
489 696 10
489 697 10
489 702 10
489 704 10
489 705 10
489 711 10
489 712 10
489 714 10
489 715 10
489 716 10
489 718 10
489 720 10
489 721 10
489 725 10
489 731 10
489 732 10
489 733 10
489 734 10
489 736 10
489 742 10
489 744 10
489 750 10
489 752 10
489 753 10
489 755 10
489 757 10
489 761 10
489 765 10
489 768 10
489 776 10
489 778 10
489 780 10
490 272 10
490 275 10
490 279 10
490 304 10
490 305 10
490 307 10
490 308 10
490 317 10
490 321 10
490 323 10
490 324 10
490 325 10
490 328 10
490 333 10
490 334 10
490 343 10
490 346 10
490 349 10
490 354 10
490 357 10
490 358 10
490 359 10
490 360 10
490 362 10
490 367 10
490 370 10
490 371 10
490 373 10
490 374 10
490 378 10
490 392 10
490 400 10
490 402 10
490 406 10
490 411 10
490 412 10
490 414 10
490 416 10
490 418 10
490 419 10
490 421 10
490 422 10
490 425 10
490 438 10
490 440 10
490 450 10
490 453 10
490 455 10
490 457 10
490 458 10
490 459 10
490 460 10
490 462 10
490 464 10
490 465 10
490 467 10
490 468 10
490 469 10
490 473 10
490 474 10
490 476 10
490 488 10
490 494 10
490 496 10
490 500 10
490 502 10
490 503 10
490 504 10
490 506 10
490 507 10
490 508 10
490 510 10
490 511 10
490 513 10
490 518 10
490 520 10
490 521 10
490 523 10
490 531 10
490 535 10
490 542 10
490 549 10
490 552 10
490 559 10
490 560 10
490 561 10
490 563 10
490 565 10
490 567 10
490 568 10
490 572 10
490 576 10
490 578 10
490 581 10
490 584 10
490 585 10
490 586 10
490 587 10
490 588 10
490 589 10
490 590 10
490 591 10
490 592 10
490 593 10
490 594 10
490 595 10
490 597 10
490 601 10
490 633 10
490 634 10
490 635 10
490 636 10
490 638 10
490 639 10
490 640 10
490 646 10
490 647 10
490 651 10
490 654 10
490 657 10
490 662 10
490 663 10
490 664 10
490 665 10
490 666 10
490 667 10
490 668 10
490 669 10
490 670 10
490 675 10
490 676 10
490 677 10
490 693 10
490 694 10
490 695 10
490 698 10
490 702 10
490 707 10
490 708 10
490 709 10
490 714 10
490 715 10
490 716 10
490 720 10
490 721 10
490 723 10
490 725 10
490 726 10
490 731 10
490 732 10
490 733 10
490 740 10
490 742 10
490 746 10
490 748 10
490 752 10
490 761 10
491 271 10
491 273 10
491 274 10
491 276 10
491 277 10
491 283 10
491 304 10
491 306 10
491 307 10
491 310 10
491 312 10
491 315 10
491 316 10
491 317 10
491 319 10
491 320 10
491 323 10
491 326 10
491 328 10
491 329 10
491 330 10
491 339 10
491 342 10
491 354 10
491 357 10
491 358 10
491 359 10
491 361 10
491 363 10
491 368 10
491 370 10
491 371 10
491 372 10
491 374 10
491 375 10
491 387 10
491 389 10
491 390 10
491 391 10
491 392 10
491 396 10
491 400 10
491 402 10
491 403 10
491 404 10
491 405 10
491 412 10
491 415 10
491 418 10
491 421 10
491 426 10
491 444 10
491 447 10
491 451 10
491 453 10
491 455 10
491 457 10
491 458 10
491 459 10
491 464 10
491 467 10
491 469 10
491 472 10
491 475 10
491 486 10
491 487 10
491 492 10
491 494 10
491 495 10
491 499 10
491 502 10
491 503 10
491 504 10
491 505 10
491 506 10
491 508 10
491 509 10
491 511 10
491 514 10
491 515 10
491 517 10
491 522 10
491 524 10
491 528 10
491 533 10
491 538 10
491 540 10
491 546 10
491 549 10
491 551 10
491 552 10
491 558 10
491 559 10
491 561 10
491 563 10
491 564 10
491 565 10
491 566 10
491 568 10
491 569 10
491 574 10
491 577 10
491 578 10
491 582 10
491 583 10
491 584 10
491 585 10
491 586 10
491 587 10
491 588 10
491 589 10
491 590 10
491 591 10
491 592 10
491 593 10
491 594 10
491 596 10
491 600 10
491 611 10
491 627 10
491 630 10
491 631 10
491 635 10
491 636 10
491 640 10
491 643 10
491 644 10
491 649 10
491 652 10
491 654 10
491 658 10
491 662 10
491 663 10
491 664 10
491 665 10
491 666 10
491 668 10
491 669 10
491 670 10
491 671 10
491 672 10
491 676 10
491 677 10
491 678 10
491 679 10
491 681 10
491 683 10
491 690 10
491 702 10
491 703 10
491 714 10
491 715 10
491 716 10
491 718 10
491 719 10
491 726 10
491 727 10
491 728 10
491 730 10
491 734 10
491 746 10
491 751 10
491 752 10
491 753 10
491 755 10
491 770 10
491 772 10
491 773 10
492 273 10
492 276 10
492 282 10
492 284 10
492 285 10
492 287 10
492 295 10
492 304 10
492 306 10
492 307 10
492 308 10
492 311 10
492 314 10
492 316 10
492 317 10
492 318 10
492 319 10
492 321 10
492 323 10
492 327 10
492 328 10
492 330 10
492 331 10
492 336 10
492 340 10
492 341 10
492 343 10
492 358 10
492 359 10
492 370 10
492 372 10
492 390 10
492 392 10
492 398 10
492 400 10
492 402 10
492 403 10
492 404 10
492 405 10
492 406 10
492 411 10
492 415 10
492 421 10
492 432 10
492 438 10
492 444 10
492 447 10
492 448 10
492 452 10
492 453 10
492 457 10
492 458 10
492 463 10
492 464 10
492 469 10
492 470 10
492 472 10
492 473 10
492 475 10
492 484 10
492 485 10
492 487 10
492 490 10
492 495 10
492 496 10
492 499 10
492 502 10
492 503 10
492 505 10
492 507 10
492 511 10
492 512 10
492 516 10
492 524 10
492 525 10
492 526 10
492 530 10
492 531 10
492 532 10
492 534 10
492 538 10
492 541 10
492 544 10
492 545 10
492 550 10
492 558 10
492 561 10
492 562 10
492 563 10
492 565 10
492 566 10
492 569 10
492 574 10
492 578 10
492 579 10
492 581 10
492 583 10
492 584 10
492 585 10
492 586 10
492 588 10
492 589 10
492 590 10
492 592 10
492 593 10
492 594 10
492 595 10
492 613 10
492 635 10
492 637 10
492 638 10
492 640 10
492 645 10
492 647 10
492 652 10
492 662 10
492 663 10
492 665 10
492 667 10
492 668 10
492 669 10
492 670 10
492 673 10
492 675 10
492 676 10
492 677 10
492 678 10
492 679 10
492 680 10
492 691 10
492 696 10
492 697 10
492 698 10
492 699 10
492 703 10
492 704 10
492 707 10
492 711 10
492 712 10
492 713 10
492 714 10
492 715 10
492 716 10
492 717 10
492 720 10
492 722 10
492 726 10
492 727 10
492 732 10
492 734 10
492 742 10
492 744 10
492 746 10
492 747 10
492 749 10
492 750 10
492 752 10
492 754 10
492 774 10
493 278 10
493 279 10
493 280 10
493 281 10
493 282 10
493 284 10
493 291 10
493 306 10
493 308 10
493 309 10
493 311 10
493 313 10
493 314 10
493 317 10
493 318 10
493 319 10
493 320 10
493 323 10
493 325 10
493 326 10
493 327 10
493 328 10
493 331 10
493 333 10
493 341 10
493 343 10
493 351 10
493 358 10
493 362 10
493 386 10
493 390 10
493 398 10
493 405 10
493 406 10
493 410 10
493 411 10
493 415 10
493 416 10
493 417 10
493 429 10
493 438 10
493 440 10
493 444 10
493 445 10
493 447 10
493 450 10
493 455 10
493 457 10
493 461 10
493 464 10
493 466 10
493 468 10
493 469 10
493 471 10
493 473 10
493 486 10
493 488 10
493 491 10
493 493 10
493 494 10
493 497 10
493 498 10
493 500 10
493 502 10
493 505 10
493 508 10
493 509 10
493 510 10
493 511 10
493 512 10
493 515 10
493 516 10
493 517 10
493 518 10
493 523 10
493 525 10
493 527 10
493 530 10
493 532 10
493 533 10
493 538 10
493 539 10
493 540 10
493 541 10
493 542 10
493 543 10
493 545 10
493 547 10
493 548 10
493 550 10
493 554 10
493 557 10
493 558 10
493 559 10
493 561 10
493 563 10
493 565 10
493 566 10
493 570 10
493 573 10
493 578 10
493 581 10
493 582 10
493 586 10
493 587 10
493 590 10
493 591 10
493 592 10
493 594 10
493 595 10
493 596 10
493 597 10
493 625 10
493 627 10
493 630 10
493 634 10
493 636 10
493 640 10
493 646 10
493 650 10
493 652 10
493 653 10
493 654 10
493 659 10
493 662 10
493 664 10
493 665 10
493 666 10
493 668 10
493 671 10
493 672 10
493 673 10
493 674 10
493 675 10
493 676 10
493 677 10
493 679 10
493 689 10
493 691 10
493 692 10
493 697 10
493 703 10
493 706 10
493 711 10
493 717 10
493 718 10
493 719 10
493 723 10
493 724 10
493 729 10
493 745 10
493 752 10
493 755 10
493 757 10
493 760 10
493 762 10
493 764 10
493 772 10
493 773 10
493 776 10
494 276 10
494 278 10
494 279 10
494 288 10
494 297 10
494 302 10
494 305 10
494 309 10
494 312 10
494 315 10
494 316 10
494 317 10
494 318 10
494 319 10
494 320 10
494 323 10
494 324 10
494 325 10
494 327 10
494 328 10
494 335 10
494 337 10
494 338 10
494 340 10
494 342 10
494 343 10
494 344 10
494 360 10
494 368 10
494 371 10
494 376 10
494 377 10
494 386 10
494 389 10
494 400 10
494 401 10
494 402 10
494 403 10
494 404 10
494 405 10
494 425 10
494 435 10
494 436 10
494 442 10
494 443 10
494 444 10
494 446 10
494 447 10
494 449 10
494 452 10
494 454 10
494 455 10
494 457 10
494 458 10
494 461 10
494 462 10
494 467 10
494 468 10
494 469 10
494 470 10
494 471 10
494 472 10
494 487 10
494 495 10
494 498 10
494 500 10
494 501 10
494 507 10
494 508 10
494 509 10
494 510 10
494 512 10
494 517 10
494 521 10
494 523 10
494 524 10
494 531 10
494 532 10
494 539 10
494 540 10
494 541 10
494 544 10
494 545 10
494 547 10
494 551 10
494 554 10
494 555 10
494 556 10
494 558 10
494 560 10
494 570 10
494 573 10
494 574 10
494 585 10
494 587 10
494 590 10
494 591 10
494 592 10
494 593 10
494 595 10
494 597 10
494 609 10
494 610 10
494 611 10
494 627 10
494 630 10
494 634 10
494 635 10
494 636 10
494 639 10
494 641 10
494 649 10
494 651 10
494 652 10
494 659 10
494 660 10
494 663 10
494 665 10
494 673 10
494 674 10
494 675 10
494 676 10
494 677 10
494 695 10
494 696 10
494 701 10
494 705 10
494 711 10
494 712 10
494 713 10
494 714 10
494 715 10
494 717 10
494 718 10
494 720 10
494 721 10
494 726 10
494 727 10
494 729 10
494 730 10
494 741 10
494 742 10
494 743 10
494 745 10
494 746 10
494 747 10
494 752 10
494 754 10
494 762 10
494 763 10
494 772 10
495 271 10
495 273 10
495 279 10
495 280 10
495 281 10
495 293 10
495 299 10
495 302 10
495 303 10
495 307 10
495 308 10
495 310 10
495 311 10
495 315 10
495 316 10
495 317 10
495 322 10
495 326 10
495 327 10
495 328 10
495 335 10
495 339 10
495 342 10
495 345 10
495 351 10
495 358 10
495 363 10
495 364 10
495 365 10
495 401 10
495 404 10
495 406 10
495 407 10
495 410 10
495 412 10
495 423 10
495 426 10
495 432 10
495 439 10
495 440 10
495 443 10
495 446 10
495 451 10
495 454 10
495 456 10
495 457 10
495 459 10
495 462 10
495 467 10
495 470 10
495 471 10
495 474 10
495 476 10
495 483 10
495 486 10
495 491 10
495 493 10
495 494 10
495 495 10
495 496 10
495 497 10
495 498 10
495 499 10
495 500 10
495 501 10
495 502 10
495 503 10
495 506 10
495 512 10
495 513 10
495 515 10
495 524 10
495 529 10
495 530 10
495 532 10
495 536 10
495 542 10
495 544 10
495 550 10
495 553 10
495 556 10
495 565 10
495 567 10
495 572 10
495 576 10
495 577 10
495 587 10
495 589 10
495 590 10
495 591 10
495 592 10
495 594 10
495 596 10
495 598 10
495 602 10
495 604 10
495 608 10
495 609 10
495 610 10
495 611 10
495 625 10
495 634 10
495 635 10
495 636 10
495 637 10
495 638 10
495 639 10
495 640 10
495 652 10
495 653 10
495 654 10
495 658 10
495 659 10
495 662 10
495 663 10
495 668 10
495 669 10
495 670 10
495 672 10
495 673 10
495 674 10
495 675 10
495 676 10
495 691 10
495 692 10
495 698 10
495 699 10
495 700 10
495 711 10
495 712 10
495 714 10
495 717 10
495 719 10
495 720 10
495 721 10
495 722 10
495 727 10
495 730 10
495 740 10
495 741 10
495 742 10
495 745 10
495 748 10
495 755 10
495 764 10
495 769 10
495 771 10
495 775 10
496 274 10
496 275 10
496 280 10
496 281 10
496 282 10
496 283 10
496 298 10
496 300 10
496 307 10
496 308 10
496 312 10
496 315 10
496 317 10
496 318 10
496 319 10
496 321 10
496 325 10
496 336 10
496 337 10
496 338 10
496 339 10
496 343 10
496 349 10
496 356 10
496 358 10
496 361 10
496 369 10
496 386 10
496 387 10
496 388 10
496 400 10
496 402 10
496 404 10
496 405 10
496 407 10
496 424 10
496 429 10
496 432 10
496 439 10
496 443 10
496 444 10
496 456 10
496 463 10
496 467 10
496 468 10
496 469 10
496 470 10
496 472 10
496 483 10
496 484 10
496 485 10
496 493 10
496 494 10
496 495 10
496 496 10
496 497 10
496 498 10
496 499 10
496 500 10
496 503 10
496 506 10
496 509 10
496 510 10
496 511 10
496 512 10
496 514 10
496 515 10
496 517 10
496 518 10
496 522 10
496 527 10
496 529 10
496 531 10
496 535 10
496 536 10
496 537 10
496 539 10
496 540 10
496 541 10
496 554 10
496 555 10
496 556 10
496 567 10
496 574 10
496 578 10
496 579 10
496 585 10
496 586 10
496 587 10
496 588 10
496 591 10
496 593 10
496 594 10
496 595 10
496 596 10
496 597 10
496 598 10
496 604 10
496 608 10
496 609 10
496 613 10
496 623 10
496 625 10
496 626 10
496 634 10
496 636 10
496 637 10
496 641 10
496 649 10
496 650 10
496 654 10
496 657 10
496 659 10
496 660 10
496 661 10
496 662 10
496 665 10
496 666 10
496 667 10
496 668 10
496 670 10
496 673 10
496 676 10
496 680 10
496 682 10
496 713 10
496 715 10
496 716 10
496 717 10
496 718 10
496 719 10
496 720 10
496 721 10
496 722 10
496 724 10
496 725 10
496 726 10
496 727 10
496 729 10
496 730 10
496 731 10
496 740 10
496 741 10
496 742 10
496 743 10
496 744 10
496 746 10
496 747 10
496 748 10
496 749 10
496 770 10
497 273 10
497 274 10
497 275 10
497 278 10
497 283 10
497 286 10
497 296 10
497 303 10
497 307 10
497 313 10
497 317 10
497 319 10
497 320 10
497 333 10
497 338 10
497 339 10
497 356 10
497 361 10
497 363 10
497 365 10
497 367 10
497 368 10
497 372 10
497 383 10
497 391 10
497 402 10
497 403 10
497 406 10
497 409 10
497 410 10
497 411 10
497 413 10
497 421 10
497 423 10
497 425 10
497 426 10
497 428 10
497 429 10
497 439 10
497 441 10
497 447 10
497 454 10
497 455 10
497 456 10
497 457 10
497 458 10
497 467 10
497 472 10
497 473 10
497 477 10
497 492 10
497 496 10
497 497 10
497 499 10
497 500 10
497 501 10
497 502 10
497 504 10
497 505 10
497 507 10
497 510 10
497 511 10
497 512 10
497 513 10
497 514 10
497 525 10
497 526 10
497 527 10
497 529 10
497 530 10
497 532 10
497 533 10
497 537 10
497 538 10
497 539 10
497 540 10
497 541 10
497 547 10
497 548 10
497 567 10
497 572 10
497 573 10
497 577 10
497 578 10
497 584 10
497 586 10
497 591 10
497 592 10
497 594 10
497 598 10
497 602 10
497 604 10
497 605 10
497 607 10
497 614 10
497 618 10
497 626 10
497 627 10
497 630 10
497 639 10
497 640 10
497 641 10
497 651 10
497 652 10
497 653 10
497 654 10
497 655 10
497 657 10
497 658 10
497 659 10
497 660 10
497 661 10
497 662 10
497 663 10
497 669 10
497 672 10
497 673 10
497 675 10
497 676 10
497 677 10
497 680 10
497 681 10
497 683 10
497 691 10
497 695 10
497 697 10
497 699 10
497 701 10
497 711 10
497 713 10
497 715 10
497 716 10
497 717 10
497 718 10
497 721 10
497 722 10
497 723 10
497 724 10
497 726 10
497 728 10
497 729 10
497 731 10
497 740 10
497 742 10
497 743 10
497 746 10
497 752 10
497 754 10
497 755 10
497 771 10
498 273 10
498 276 10
498 280 10
498 281 10
498 284 10
498 288 10
498 298 10
498 305 10
498 309 10
498 313 10
498 315 10
498 317 10
498 319 10
498 320 10
498 321 10
498 326 10
498 327 10
498 328 10
498 338 10
498 339 10
498 347 10
498 349 10
498 350 10
498 351 10
498 360 10
498 361 10
498 364 10
498 365 10
498 366 10
498 369 10
498 370 10
498 371 10
498 373 10
498 385 10
498 389 10
498 399 10
498 400 10
498 401 10
498 402 10
498 404 10
498 405 10
498 406 10
498 424 10
498 426 10
498 431 10
498 432 10
498 435 10
498 442 10
498 444 10
498 451 10
498 452 10
498 453 10
498 455 10
498 460 10
498 461 10
498 462 10
498 467 10
498 472 10
498 473 10
498 476 10
498 482 10
498 484 10
498 490 10
498 493 10
498 494 10
498 495 10
498 496 10
498 498 10
498 499 10
498 501 10
498 502 10
498 503 10
498 509 10
498 510 10
498 511 10
498 512 10
498 513 10
498 514 10
498 517 10
498 522 10
498 523 10
498 525 10
498 528 10
498 529 10
498 530 10
498 532 10
498 534 10
498 536 10
498 540 10
498 546 10
498 547 10
498 550 10
498 557 10
498 558 10
498 562 10
498 568 10
498 570 10
498 578 10
498 582 10
498 587 10
498 589 10
498 591 10
498 594 10
498 596 10
498 599 10
498 600 10
498 601 10
498 606 10
498 608 10
498 613 10
498 616 10
498 621 10
498 623 10
498 624 10
498 625 10
498 630 10
498 635 10
498 639 10
498 645 10
498 647 10
498 649 10
498 650 10
498 651 10
498 652 10
498 653 10
498 654 10
498 655 10
498 656 10
498 657 10
498 658 10
498 659 10
498 660 10
498 664 10
498 666 10
498 667 10
498 668 10
498 671 10
498 673 10
498 674 10
498 678 10
498 682 10
498 699 10
498 701 10
498 711 10
498 715 10
498 716 10
498 718 10
498 720 10
498 721 10
498 723 10
498 724 10
498 726 10
498 727 10
498 729 10
498 730 10
498 732 10
498 741 10
498 742 10
498 744 10
498 747 10
498 749 10
498 751 10
498 752 10
498 753 10
498 754 10
498 766 10
499 271 10
499 275 10
499 303 10
499 305 10
499 306 10
499 307 10
499 311 10
499 312 10
499 313 10
499 317 10
499 318 10
499 327 10
499 328 10
499 331 10
499 337 10
499 342 10
499 349 10
499 357 10
499 363 10
499 368 10
499 382 10
499 385 10
499 389 10
499 395 10
499 403 10
499 404 10
499 408 10
499 410 10
499 412 10
499 414 10
499 422 10
499 423 10
499 424 10
499 426 10
499 427 10
499 429 10
499 430 10
499 431 10
499 435 10
499 437 10
499 438 10
499 439 10
499 441 10
499 442 10
499 454 10
499 455 10
499 457 10
499 461 10
499 462 10
499 468 10
499 476 10
499 480 10
499 484 10
499 488 10
499 489 10
499 490 10
499 491 10
499 493 10
499 497 10
499 500 10
499 501 10
499 502 10
499 503 10
499 504 10
499 505 10
499 506 10
499 508 10
499 510 10
499 512 10
499 513 10
499 515 10
499 516 10
499 519 10
499 522 10
499 524 10
499 530 10
499 531 10
499 532 10
499 533 10
499 535 10
499 536 10
499 537 10
499 538 10
499 539 10
499 546 10
499 548 10
499 573 10
499 574 10
499 576 10
499 577 10
499 580 10
499 581 10
499 582 10
499 585 10
499 586 10
499 590 10
499 591 10
499 592 10
499 593 10
499 594 10
499 595 10
499 596 10
499 597 10
499 598 10
499 614 10
499 617 10
499 618 10
499 620 10
499 621 10
499 626 10
499 629 10
499 636 10
499 642 10
499 643 10
499 644 10
499 646 10
499 647 10
499 649 10
499 654 10
499 655 10
499 656 10
499 657 10
499 658 10
499 659 10
499 660 10
499 663 10
499 666 10
499 668 10
499 669 10
499 670 10
499 672 10
499 674 10
499 676 10
499 678 10
499 680 10
499 684 10
499 688 10
499 689 10
499 690 10
499 691 10
499 696 10
499 699 10
499 700 10
499 703 10
499 714 10
499 715 10
499 716 10
499 718 10
499 719 10
499 720 10
499 723 10
499 724 10
499 727 10
499 728 10
499 730 10
499 732 10
499 734 10
499 750 10
499 751 10
499 753 10
499 761 10
499 766 10
499 767 10
499 768 10
499 769 10
500 273 10
500 284 10
500 292 10
500 302 10
500 303 10
500 305 10
500 306 10
500 310 10
500 311 10
500 313 10
500 314 10
500 318 10
500 319 10
500 320 10
500 321 10
500 332 10
500 347 10
500 359 10
500 360 10
500 361 10
500 362 10
500 364 10
500 371 10
500 383 10
500 391 10
500 416 10
500 420 10
500 422 10
500 423 10
500 426 10
500 428 10
500 429 10
500 430 10
500 431 10
500 432 10
500 434 10
500 439 10
500 456 10
500 460 10
500 462 10
500 463 10
500 466 10
500 474 10
500 475 10
500 478 10
500 493 10
500 494 10
500 495 10
500 499 10
500 501 10
500 504 10
500 506 10
500 510 10
500 514 10
500 515 10
500 516 10
500 517 10
500 519 10
500 521 10
500 522 10
500 523 10
500 524 10
500 527 10
500 533 10
500 534 10
500 536 10
500 540 10
500 545 10
500 554 10
500 556 10
500 558 10
500 559 10
500 570 10
500 573 10
500 577 10
500 579 10
500 581 10
500 584 10
500 585 10
500 587 10
500 592 10
500 595 10
500 597 10
500 598 10
500 601 10
500 602 10
500 603 10
500 605 10
500 607 10
500 611 10
500 612 10
500 614 10
500 618 10
500 620 10
500 622 10
500 624 10
500 633 10
500 643 10
500 644 10
500 646 10
500 651 10
500 652 10
500 654 10
500 657 10
500 658 10
500 661 10
500 663 10
500 667 10
500 668 10
500 669 10
500 672 10
500 673 10
500 676 10
500 679 10
500 680 10
500 683 10
500 685 10
500 686 10
500 691 10
500 694 10
500 713 10
500 715 10
500 716 10
500 717 10
500 718 10
500 720 10
500 721 10
500 722 10
500 723 10
500 724 10
500 726 10
500 727 10
500 728 10
500 729 10
500 730 10
500 732 10
500 740 10
500 742 10
500 745 10
500 746 10
500 747 10
500 748 10
500 749 10
500 751 10
500 752 10
500 753 10
500 755 10
500 756 10
500 761 10
500 763 10
500 764 10
500 769 10
501 297 10
501 298 10
501 301 10
501 304 10
501 306 10
501 310 10
501 316 10
501 317 10
501 319 10
501 320 10
501 327 10
501 328 10
501 330 10
501 331 10
501 347 10
501 358 10
501 360 10
501 363 10
501 367 10
501 382 10
501 384 10
501 410 10
501 418 10
501 419 10
501 420 10
501 421 10
501 423 10
501 425 10
501 426 10
501 427 10
501 428 10
501 431 10
501 432 10
501 433 10
501 434 10
501 436 10
501 437 10
501 439 10
501 440 10
501 441 10
501 443 10
501 458 10
501 461 10
501 464 10
501 468 10
501 478 10
501 484 10
501 485 10
501 488 10
501 492 10
501 493 10
501 495 10
501 496 10
501 497 10
501 498 10
501 501 10
501 503 10
501 506 10
501 507 10
501 517 10
501 518 10
501 520 10
501 522 10
501 524 10
501 526 10
501 532 10
501 536 10
501 538 10
501 539 10
501 541 10
501 542 10
501 553 10
501 555 10
501 557 10
501 571 10
501 572 10
501 573 10
501 574 10
501 576 10
501 577 10
501 578 10
501 582 10
501 585 10
501 586 10
501 589 10
501 590 10
501 592 10
501 593 10
501 596 10
501 597 10
501 598 10
501 599 10
501 601 10
501 604 10
501 605 10
501 607 10
501 609 10
501 610 10
501 612 10
501 614 10
501 616 10
501 617 10
501 620 10
501 621 10
501 622 10
501 625 10
501 626 10
501 633 10
501 634 10
501 639 10
501 640 10
501 642 10
501 643 10
501 648 10
501 649 10
501 650 10
501 651 10
501 655 10
501 656 10
501 657 10
501 658 10
501 659 10
501 660 10
501 661 10
501 663 10
501 664 10
501 666 10
501 670 10
501 671 10
501 672 10
501 677 10
501 680 10
501 681 10
501 682 10
501 683 10
501 684 10
501 685 10
501 711 10
501 713 10
501 716 10
501 719 10
501 721 10
501 723 10
501 724 10
501 725 10
501 726 10
501 730 10
501 732 10
501 740 10
501 741 10
501 743 10
501 744 10
501 748 10
501 749 10
501 750 10
501 751 10
501 752 10
501 753 10
501 755 10
501 756 10
501 761 10
501 762 10
501 763 10
501 764 10
501 765 10
501 766 10
501 767 10
502 282 10
502 284 10
502 285 10
502 290 10
502 292 10
502 294 10
502 303 10
502 307 10
502 308 10
502 309 10
502 311 10
502 312 10
502 313 10
502 315 10
502 318 10
502 329 10
502 330 10
502 346 10
502 357 10
502 360 10
502 361 10
502 362 10
502 363 10
502 366 10
502 386 10
502 387 10
502 400 10
502 402 10
502 416 10
502 417 10
502 422 10
502 423 10
502 424 10
502 426 10
502 427 10
502 428 10
502 431 10
502 432 10
502 434 10
502 436 10
502 441 10
502 456 10
502 457 10
502 458 10
502 459 10
502 462 10
502 464 10
502 465 10
502 470 10
502 475 10
502 476 10
502 478 10
502 481 10
502 484 10
502 488 10
502 489 10
502 490 10
502 491 10
502 497 10
502 500 10
502 503 10
502 504 10
502 505 10
502 506 10
502 507 10
502 514 10
502 515 10
502 517 10
502 519 10
502 520 10
502 521 10
502 522 10
502 524 10
502 531 10
502 532 10
502 533 10
502 534 10
502 536 10
502 537 10
502 538 10
502 540 10
502 542 10
502 544 10
502 548 10
502 549 10
502 555 10
502 559 10
502 574 10
502 575 10
502 577 10
502 582 10
502 584 10
502 586 10
502 587 10
502 588 10
502 590 10
502 594 10
502 595 10
502 596 10
502 597 10
502 603 10
502 605 10
502 610 10
502 611 10
502 612 10
502 615 10
502 616 10
502 617 10
502 618 10
502 619 10
502 620 10
502 622 10
502 623 10
502 624 10
502 626 10
502 634 10
502 636 10
502 640 10
502 643 10
502 645 10
502 655 10
502 656 10
502 659 10
502 661 10
502 662 10
502 665 10
502 669 10
502 672 10
502 673 10
502 674 10
502 675 10
502 677 10
502 680 10
502 681 10
502 683 10
502 685 10
502 686 10
502 692 10
502 706 10
502 709 10
502 712 10
502 714 10
502 718 10
502 719 10
502 720 10
502 721 10
502 723 10
502 725 10
502 729 10
502 730 10
502 734 10
502 736 10
502 738 10
502 740 10
502 743 10
502 744 10
502 746 10
502 747 10
502 748 10
502 750 10
502 751 10
502 752 10
502 755 10
502 758 10
502 765 10
503 282 10
503 284 10
503 288 10
503 291 10
503 294 10
503 298 10
503 301 10
503 306 10
503 308 10
503 314 10
503 315 10
503 316 10
503 318 10
503 322 10
503 324 10
503 325 10
503 337 10
503 338 10
503 347 10
503 349 10
503 353 10
503 355 10
503 358 10
503 363 10
503 388 10
503 391 10
503 397 10
503 399 10
503 411 10
503 413 10
503 414 10
503 415 10
503 416 10
503 417 10
503 419 10
503 422 10
503 423 10
503 424 10
503 425 10
503 427 10
503 429 10
503 431 10
503 435 10
503 437 10
503 438 10
503 440 10
503 443 10
503 454 10
503 455 10
503 457 10
503 458 10
503 460 10
503 461 10
503 463 10
503 464 10
503 471 10
503 482 10
503 484 10
503 486 10
503 489 10
503 498 10
503 500 10
503 501 10
503 504 10
503 505 10
503 506 10
503 507 10
503 513 10
503 519 10
503 532 10
503 533 10
503 534 10
503 535 10
503 536 10
503 537 10
503 539 10
503 544 10
503 546 10
503 547 10
503 548 10
503 549 10
503 554 10
503 555 10
503 557 10
503 562 10
503 572 10
503 573 10
503 576 10
503 584 10
503 585 10
503 586 10
503 588 10
503 589 10
503 590 10
503 592 10
503 593 10
503 594 10
503 595 10
503 597 10
503 598 10
503 601 10
503 605 10
503 606 10
503 607 10
503 610 10
503 611 10
503 612 10
503 615 10
503 618 10
503 621 10
503 622 10
503 625 10
503 634 10
503 640 10
503 642 10
503 643 10
503 644 10
503 655 10
503 656 10
503 657 10
503 658 10
503 659 10
503 664 10
503 665 10
503 667 10
503 669 10
503 671 10
503 680 10
503 681 10
503 683 10
503 685 10
503 693 10
503 695 10
503 697 10
503 699 10
503 703 10
503 704 10
503 705 10
503 706 10
503 708 10
503 709 10
503 712 10
503 713 10
503 716 10
503 720 10
503 722 10
503 725 10
503 726 10
503 727 10
503 730 10
503 734 10
503 735 10
503 737 10
503 738 10
503 739 10
503 741 10
503 742 10
503 744 10
503 746 10
503 747 10
503 748 10
503 751 10
503 752 10
503 753 10
503 754 10
503 756 10
503 757 10
504 285 10
504 291 10
504 296 10
504 298 10
504 300 10
504 302 10
504 307 10
504 311 10
504 312 10
504 322 10
504 325 10
504 326 10
504 327 10
504 331 10
504 341 10
504 346 10
504 354 10
504 360 10
504 362 10
504 367 10
504 370 10
504 373 10
504 393 10
504 398 10
504 411 10
504 413 10
504 415 10
504 416 10
504 417 10
504 418 10
504 419 10
504 420 10
504 421 10
504 422 10
504 423 10
504 425 10
504 426 10
504 427 10
504 428 10
504 429 10
504 431 10
504 432 10
504 440 10
504 454 10
504 457 10
504 459 10
504 460 10
504 464 10
504 465 10
504 466 10
504 467 10
504 468 10
504 469 10
504 486 10
504 487 10
504 488 10
504 489 10
504 495 10
504 498 10
504 500 10
504 501 10
504 502 10
504 503 10
504 504 10
504 505 10
504 506 10
504 507 10
504 509 10
504 518 10
504 531 10
504 532 10
504 533 10
504 534 10
504 538 10
504 544 10
504 546 10
504 548 10
504 552 10
504 556 10
504 557 10
504 559 10
504 560 10
504 562 10
504 574 10
504 575 10
504 581 10
504 582 10
504 584 10
504 586 10
504 588 10
504 591 10
504 592 10
504 598 10
504 599 10
504 603 10
504 607 10
504 610 10
504 616 10
504 617 10
504 618 10
504 619 10
504 620 10
504 621 10
504 624 10
504 625 10
504 633 10
504 634 10
504 635 10
504 637 10
504 640 10
504 641 10
504 643 10
504 653 10
504 654 10
504 657 10
504 660 10
504 661 10
504 663 10
504 664 10
504 669 10
504 672 10
504 674 10
504 680 10
504 681 10
504 682 10
504 684 10
504 686 10
504 698 10
504 701 10
504 703 10
504 704 10
504 705 10
504 706 10
504 710 10
504 713 10
504 716 10
504 719 10
504 720 10
504 721 10
504 724 10
504 726 10
504 729 10
504 730 10
504 731 10
504 733 10
504 736 10
504 738 10
504 739 10
504 740 10
504 745 10
504 749 10
504 751 10
504 754 10
504 756 10
504 761 10
504 767 10
505 285 10
505 287 10
505 288 10
505 291 10
505 293 10
505 296 10
505 297 10
505 301 10
505 308 10
505 309 10
505 311 10
505 313 10
505 314 10
505 316 10
505 317 10
505 319 10
505 325 10
505 326 10
505 333 10
505 334 10
505 335 10
505 336 10
505 339 10
505 347 10
505 348 10
505 363 10
505 381 10
505 385 10
505 390 10
505 393 10
505 395 10
505 397 10
505 401 10
505 402 10
505 413 10
505 414 10
505 415 10
505 416 10
505 417 10
505 418 10
505 419 10
505 420 10
505 422 10
505 423 10
505 424 10
505 425 10
505 427 10
505 428 10
505 429 10
505 430 10
505 432 10
505 433 10
505 434 10
505 438 10
505 439 10
505 440 10
505 448 10
505 449 10
505 450 10
505 456 10
505 457 10
505 458 10
505 460 10
505 461 10
505 463 10
505 464 10
505 465 10
505 466 10
505 483 10
505 488 10
505 489 10
505 494 10
505 497 10
505 499 10
505 503 10
505 504 10
505 505 10
505 506 10
505 507 10
505 508 10
505 509 10
505 512 10
505 517 10
505 518 10
505 519 10
505 520 10
505 522 10
505 531 10
505 532 10
505 533 10
505 536 10
505 537 10
505 539 10
505 542 10
505 543 10
505 544 10
505 546 10
505 552 10
505 554 10
505 557 10
505 564 10
505 571 10
505 581 10
505 582 10
505 586 10
505 587 10
505 589 10
505 590 10
505 592 10
505 593 10
505 598 10
505 601 10
505 603 10
505 605 10
505 610 10
505 614 10
505 616 10
505 617 10
505 619 10
505 621 10
505 623 10
505 625 10
505 632 10
505 633 10
505 635 10
505 636 10
505 638 10
505 639 10
505 640 10
505 642 10
505 643 10
505 655 10
505 657 10
505 661 10
505 662 10
505 665 10
505 666 10
505 667 10
505 672 10
505 673 10
505 674 10
505 675 10
505 676 10
505 680 10
505 682 10
505 683 10
505 691 10
505 693 10
505 694 10
505 700 10
505 701 10
505 702 10
505 703 10
505 704 10
505 706 10
505 708 10
505 710 10
505 714 10
505 715 10
505 717 10
505 718 10
505 719 10
505 720 10
505 722 10
505 723 10
505 725 10
505 726 10
505 727 10
505 731 10
505 733 10
505 738 10
505 739 10
505 740 10
505 746 10
505 747 10
505 748 10
505 754 10
505 757 10
505 766 10
505 770 10
506 267 10
506 286 10
506 287 10
506 294 10
506 296 10
506 297 10
506 299 10
506 306 10
506 307 10
506 315 10
506 316 10
506 322 10
506 328 10
506 342 10
506 345 10
506 346 10
506 347 10
506 357 10
506 367 10
506 369 10
506 384 10
506 395 10
506 396 10
506 399 10
506 400 10
506 402 10
506 405 10
506 414 10
506 417 10
506 418 10
506 419 10
506 420 10
506 424 10
506 425 10
506 426 10
506 427 10
506 428 10
506 431 10
506 436 10
506 437 10
506 439 10
506 442 10
506 444 10
506 445 10
506 446 10
506 448 10
506 452 10
506 453 10
506 458 10
506 461 10
506 462 10
506 463 10
506 468 10
506 470 10
506 480 10
506 481 10
506 485 10
506 487 10
506 497 10
506 499 10
506 500 10
506 501 10
506 502 10
506 503 10
506 504 10
506 505 10
506 506 10
506 507 10
506 508 10
506 509 10
506 515 10
506 529 10
506 532 10
506 533 10
506 535 10
506 537 10
506 539 10
506 540 10
506 551 10
506 552 10
506 556 10
506 557 10
506 558 10
506 561 10
506 585 10
506 587 10
506 588 10
506 590 10
506 592 10
506 594 10
506 595 10
506 596 10
506 597 10
506 599 10
506 610 10
506 611 10
506 612 10
506 613 10
506 617 10
506 618 10
506 620 10
506 621 10
506 622 10
506 623 10
506 624 10
506 626 10
506 631 10
506 632 10
506 633 10
506 634 10
506 636 10
506 637 10
506 642 10
506 643 10
506 644 10
506 645 10
506 649 10
506 652 10
506 655 10
506 657 10
506 661 10
506 674 10
506 675 10
506 676 10
506 678 10
506 680 10
506 681 10
506 685 10
506 689 10
506 690 10
506 691 10
506 692 10
506 693 10
506 694 10
506 695 10
506 698 10
506 699 10
506 703 10
506 704 10
506 705 10
506 707 10
506 711 10
506 712 10
506 713 10
506 714 10
506 718 10
506 719 10
506 720 10
506 721 10
506 723 10
506 727 10
506 730 10
506 731 10
506 735 10
506 739 10
506 743 10
506 745 10
506 749 10
506 750 10
506 753 10
506 754 10
506 755 10
506 759 10
506 767 10
507 285 10
507 288 10
507 293 10
507 297 10
507 301 10
507 303 10
507 309 10
507 312 10
507 313 10
507 320 10
507 327 10
507 335 10
507 344 10
507 345 10
507 349 10
507 357 10
507 365 10
507 366 10
507 367 10
507 370 10
507 382 10
507 385 10
507 387 10
507 394 10
507 399 10
507 401 10
507 403 10
507 404 10
507 407 10
507 409 10
507 415 10
507 416 10
507 417 10
507 420 10
507 421 10
507 422 10
507 423 10
507 424 10
507 425 10
507 428 10
507 430 10
507 431 10
507 432 10
507 434 10
507 436 10
507 439 10
507 444 10
507 445 10
507 447 10
507 449 10
507 450 10
507 451 10
507 452 10
507 458 10
507 459 10
507 461 10
507 462 10
507 463 10
507 464 10
507 465 10
507 468 10
507 470 10
507 478 10
507 479 10
507 483 10
507 488 10
507 489 10
507 491 10
507 493 10
507 496 10
507 498 10
507 500 10
507 503 10
507 505 10
507 518 10
507 522 10
507 535 10
507 537 10
507 538 10
507 539 10
507 541 10
507 543 10
507 548 10
507 553 10
507 554 10
507 555 10
507 558 10
507 559 10
507 560 10
507 563 10
507 564 10
507 574 10
507 578 10
507 579 10
507 580 10
507 582 10
507 583 10
507 586 10
507 590 10
507 591 10
507 594 10
507 595 10
507 603 10
507 609 10
507 610 10
507 612 10
507 613 10
507 614 10
507 615 10
507 616 10
507 619 10
507 621 10
507 622 10
507 624 10
507 626 10
507 630 10
507 633 10
507 640 10
507 641 10
507 643 10
507 646 10
507 650 10
507 654 10
507 658 10
507 659 10
507 660 10
507 664 10
507 670 10
507 673 10
507 674 10
507 675 10
507 676 10
507 683 10
507 689 10
507 690 10
507 692 10
507 693 10
507 697 10
507 698 10
507 700 10
507 701 10
507 706 10
507 709 10
507 710 10
507 712 10
507 713 10
507 715 10
507 716 10
507 717 10
507 718 10
507 719 10
507 721 10
507 722 10
507 725 10
507 726 10
507 730 10
507 731 10
507 732 10
507 733 10
507 734 10
507 735 10
507 738 10
507 740 10
507 744 10
507 747 10
507 748 10
507 752 10
507 753 10
507 754 10
507 765 10
507 769 10
507 772 10
508 266 10
508 285 10
508 287 10
508 288 10
508 296 10
508 300 10
508 302 10
508 307 10
508 309 10
508 318 10
508 320 10
508 324 10
508 348 10
508 356 10
508 357 10
508 358 10
508 363 10
508 365 10
508 368 10
508 372 10
508 373 10
508 380 10
508 382 10
508 383 10
508 384 10
508 387 10
508 395 10
508 396 10
508 397 10
508 401 10
508 402 10
508 408 10
508 411 10
508 412 10
508 413 10
508 415 10
508 416 10
508 417 10
508 418 10
508 419 10
508 421 10
508 424 10
508 426 10
508 429 10
508 431 10
508 434 10
508 435 10
508 436 10
508 441 10
508 442 10
508 445 10
508 446 10
508 447 10
508 449 10
508 453 10
508 455 10
508 463 10
508 466 10
508 468 10
508 470 10
508 475 10
508 478 10
508 479 10
508 483 10
508 485 10
508 486 10
508 487 10
508 488 10
508 493 10
508 495 10
508 499 10
508 501 10
508 502 10
508 503 10
508 504 10
508 505 10
508 508 10
508 510 10
508 515 10
508 533 10
508 535 10
508 538 10
508 541 10
508 544 10
508 546 10
508 548 10
508 551 10
508 553 10
508 558 10
508 559 10
508 560 10
508 563 10
508 566 10
508 575 10
508 578 10
508 580 10
508 585 10
508 586 10
508 588 10
508 591 10
508 592 10
508 593 10
508 594 10
508 595 10
508 597 10
508 598 10
508 599 10
508 602 10
508 609 10
508 611 10
508 613 10
508 614 10
508 615 10
508 616 10
508 619 10
508 620 10
508 622 10
508 623 10
508 624 10
508 625 10
508 627 10
508 629 10
508 632 10
508 633 10
508 641 10
508 643 10
508 644 10
508 645 10
508 648 10
508 649 10
508 651 10
508 658 10
508 662 10
508 670 10
508 671 10
508 672 10
508 673 10
508 674 10
508 676 10
508 680 10
508 683 10
508 687 10
508 688 10
508 691 10
508 694 10
508 695 10
508 696 10
508 697 10
508 698 10
508 699 10
508 702 10
508 704 10
508 705 10
508 709 10
508 711 10
508 713 10
508 714 10
508 717 10
508 720 10
508 721 10
508 723 10
508 726 10
508 728 10
508 730 10
508 739 10
508 740 10
508 746 10
508 751 10
508 760 10
508 767 10
508 769 10
509 249 10
509 289 10
509 309 10
509 318 10
509 319 10
509 322 10
509 335 10
509 336 10
509 337 10
509 339 10
509 344 10
509 345 10
509 347 10
509 353 10
509 366 10
509 367 10
509 368 10
509 370 10
509 384 10
509 385 10
509 388 10
509 390 10
509 392 10
509 394 10
509 396 10
509 398 10
509 399 10
509 400 10
509 401 10
509 404 10
509 406 10
509 413 10
509 415 10
509 417 10
509 418 10
509 420 10
509 422 10
509 424 10
509 427 10
509 429 10
509 430 10
509 431 10
509 433 10
509 434 10
509 435 10
509 437 10
509 438 10
509 440 10
509 442 10
509 445 10
509 446 10
509 459 10
509 470 10
509 473 10
509 475 10
509 476 10
509 477 10
509 478 10
509 485 10
509 486 10
509 487 10
509 489 10
509 490 10
509 492 10
509 496 10
509 498 10
509 501 10
509 504 10
509 506 10
509 508 10
509 517 10
509 521 10
509 522 10
509 523 10
509 525 10
509 526 10
509 527 10
509 529 10
509 532 10
509 535 10
509 536 10
509 537 10
509 538 10
509 539 10
509 540 10
509 541 10
509 543 10
509 544 10
509 545 10
509 546 10
509 549 10
509 550 10
509 551 10
509 552 10
509 555 10
509 561 10
509 564 10
509 575 10
509 576 10
509 577 10
509 578 10
509 581 10
509 582 10
509 583 10
509 584 10
509 586 10
509 590 10
509 592 10
509 597 10
509 600 10
509 602 10
509 603 10
509 607 10
509 608 10
509 609 10
509 611 10
509 612 10
509 615 10
509 617 10
509 618 10
509 619 10
509 620 10
509 621 10
509 622 10
509 623 10
509 624 10
509 625 10
509 629 10
509 630 10
509 631 10
509 634 10
509 635 10
509 638 10
509 639 10
509 640 10
509 641 10
509 644 10
509 650 10
509 655 10
509 657 10
509 659 10
509 670 10
509 671 10
509 672 10
509 673 10
509 674 10
509 676 10
509 680 10
509 686 10
509 688 10
509 692 10
509 693 10
509 694 10
509 696 10
509 697 10
509 699 10
509 700 10
509 701 10
509 703 10
509 705 10
509 706 10
509 707 10
509 708 10
509 709 10
509 710 10
509 711 10
509 712 10
509 713 10
509 714 10
509 715 10
509 717 10
509 718 10
509 719 10
509 720 10
509 722 10
509 723 10
509 726 10
509 730 10
509 734 10
509 736 10
509 737 10
509 738 10
509 739 10
509 741 10
509 747 10
509 748 10
509 749 10
509 763 10
509 764 10
509 766 10
509 769 10
509 771 10
510 253 10
510 263 10
510 265 10
510 286 10
510 287 10
510 293 10
510 295 10
510 301 10
510 302 10
510 320 10
510 329 10
510 339 10
510 341 10
510 346 10
510 351 10
510 352 10
510 354 10
510 362 10
510 368 10
510 370 10
510 373 10
510 374 10
510 375 10
510 385 10
510 388 10
510 395 10
510 397 10
510 398 10
510 399 10
510 401 10
510 402 10
510 403 10
510 408 10
510 416 10
510 417 10
510 423 10
510 424 10
510 425 10
510 426 10
510 427 10
510 430 10
510 431 10
510 432 10
510 439 10
510 441 10
510 443 10
510 447 10
510 449 10
510 451 10
510 453 10
510 470 10
510 473 10
510 475 10
510 476 10
510 479 10
510 481 10
510 483 10
510 487 10
510 492 10
510 497 10
510 502 10
510 504 10
510 505 10
510 509 10
510 512 10
510 519 10
510 523 10
510 524 10
510 525 10
510 527 10
510 532 10
510 535 10
510 536 10
510 537 10
510 539 10
510 542 10
510 544 10
510 547 10
510 548 10
510 549 10
510 550 10
510 551 10
510 552 10
510 553 10
510 554 10
510 555 10
510 557 10
510 558 10
510 559 10
510 561 10
510 567 10
510 569 10
510 570 10
510 576 10
510 584 10
510 585 10
510 587 10
510 592 10
510 593 10
510 595 10
510 596 10
510 597 10
510 598 10
510 599 10
510 600 10
510 608 10
510 609 10
510 610 10
510 611 10
510 612 10
510 613 10
510 614 10
510 615 10
510 617 10
510 618 10
510 619 10
510 621 10
510 624 10
510 627 10
510 628 10
510 629 10
510 633 10
510 634 10
510 637 10
510 639 10
510 642 10
510 643 10
510 647 10
510 649 10
510 650 10
510 651 10
510 652 10
510 656 10
510 657 10
510 670 10
510 671 10
510 672 10
510 673 10
510 674 10
510 675 10
510 676 10
510 678 10
510 684 10
510 686 10
510 690 10
510 691 10
510 692 10
510 693 10
510 694 10
510 696 10
510 697 10
510 698 10
510 699 10
510 700 10
510 701 10
510 702 10
510 703 10
510 706 10
510 707 10
510 708 10
510 709 10
510 711 10
510 713 10
510 717 10
510 725 10
510 727 10
510 728 10
510 732 10
510 736 10
510 737 10
510 739 10
510 740 10
510 744 10
510 745 10
510 746 10
510 747 10
510 748 10
510 749 10
510 750 10
510 761 10
510 764 10
510 765 10
510 766 10
510 767 10
510 768 10
511 251 10
511 269 10
511 290 10
511 298 10
511 301 10
511 303 10
511 307 10
511 309 10
511 311 10
511 313 10
511 319 10
511 327 10
511 333 10
511 338 10
511 339 10
511 340 10
511 351 10
511 358 10
511 361 10
511 362 10
511 366 10
511 367 10
511 368 10
511 369 10
511 370 10
511 379 10
511 381 10
511 383 10
511 387 10
511 394 10
511 398 10
511 400 10
511 401 10
511 403 10
511 404 10
511 412 10
511 415 10
511 420 10
511 421 10
511 423 10
511 424 10
511 430 10
511 431 10
511 432 10
511 435 10
511 438 10
511 439 10
511 441 10
511 442 10
511 443 10
511 447 10
511 451 10
511 461 10
511 470 10
511 473 10
511 477 10
511 478 10
511 480 10
511 489 10
511 493 10
511 496 10
511 497 10
511 499 10
511 506 10
511 508 10
511 509 10
511 522 10
511 523 10
511 525 10
511 526 10
511 528 10
511 529 10
511 531 10
511 537 10
511 538 10
511 541 10
511 544 10
511 545 10
511 546 10
511 549 10
511 550 10
511 552 10
511 553 10
511 554 10
511 555 10
511 559 10
511 560 10
511 564 10
511 569 10
511 583 10
511 584 10
511 586 10
511 587 10
511 588 10
511 589 10
511 591 10
511 593 10
511 597 10
511 598 10
511 599 10
511 600 10
511 601 10
511 607 10
511 608 10
511 609 10
511 611 10
511 612 10
511 613 10
511 614 10
511 615 10
511 616 10
511 618 10
511 621 10
511 622 10
511 624 10
511 625 10
511 626 10
511 628 10
511 630 10
511 631 10
511 633 10
511 636 10
511 637 10
511 639 10
511 640 10
511 642 10
511 644 10
511 645 10
511 651 10
511 656 10
511 660 10
511 661 10
511 662 10
511 665 10
511 671 10
511 672 10
511 673 10
511 675 10
511 676 10
511 691 10
511 696 10
511 699 10
511 700 10
511 701 10
511 702 10
511 703 10
511 704 10
511 705 10
511 706 10
511 707 10
511 708 10
511 711 10
511 713 10
511 716 10
511 717 10
511 718 10
511 720 10
511 722 10
511 724 10
511 726 10
511 727 10
511 730 10
511 731 10
511 735 10
511 741 10
511 742 10
511 743 10
511 753 10
511 765 10
511 767 10
511 768 10
512 247 10
512 249 10
512 253 10
512 264 10
512 265 10
512 266 10
512 267 10
512 282 10
512 286 10
512 291 10
512 292 10
512 293 10
512 294 10
512 297 10
512 301 10
512 303 10
512 307 10
512 314 10
512 318 10
512 331 10
512 334 10
512 337 10
512 341 10
512 344 10
512 345 10
512 347 10
512 350 10
512 358 10
512 360 10
512 363 10
512 369 10
512 370 10
512 372 10
512 373 10
512 374 10
512 379 10
512 382 10
512 387 10
512 388 10
512 396 10
512 397 10
512 398 10
512 399 10
512 400 10
512 401 10
512 402 10
512 404 10
512 406 10
512 417 10
512 419 10
512 423 10
512 424 10
512 426 10
512 429 10
512 430 10
512 431 10
512 432 10
512 441 10
512 442 10
512 449 10
512 450 10
512 455 10
512 472 10
512 475 10
512 476 10
512 477 10
512 481 10
512 484 10
512 491 10
512 494 10
512 496 10
512 497 10
512 498 10
512 501 10
512 504 10
512 505 10
512 513 10
512 514 10
512 515 10
512 518 10
512 520 10
512 522 10
512 523 10
512 526 10
512 527 10
512 528 10
512 531 10
512 533 10
512 534 10
512 535 10
512 536 10
512 537 10
512 541 10
512 543 10
512 545 10
512 546 10
512 548 10
512 549 10
512 551 10
512 564 10
512 566 10
512 571 10
512 573 10
512 576 10
512 579 10
512 580 10
512 583 10
512 585 10
512 586 10
512 587 10
512 589 10
512 590 10
512 592 10
512 593 10
512 595 10
512 596 10
512 598 10
512 602 10
512 608 10
512 609 10
512 610 10
512 611 10
512 612 10
512 615 10
512 616 10
512 617 10
512 618 10
512 619 10
512 620 10
512 623 10
512 625 10
512 626 10
512 628 10
512 633 10
512 635 10
512 636 10
512 637 10
512 638 10
512 641 10
512 643 10
512 647 10
512 652 10
512 654 10
512 656 10
512 658 10
512 660 10
512 661 10
512 665 10
512 671 10
512 674 10
512 675 10
512 676 10
512 689 10
512 690 10
512 694 10
512 695 10
512 697 10
512 698 10
512 699 10
512 701 10
512 702 10
512 703 10
512 704 10
512 705 10
512 706 10
512 707 10
512 709 10
512 710 10
512 711 10
512 714 10
512 718 10
512 719 10
512 721 10
512 723 10
512 724 10
512 725 10
512 726 10
512 730 10
512 733 10
512 734 10
512 735 10
512 736 10
512 740 10
512 743 10
512 749 10
512 751 10
512 766 10
512 767 10
513 250 10
513 277 10
513 278 10
513 281 10
513 282 10
513 284 10
513 295 10
513 298 10
513 299 10
513 300 10
513 305 10
513 306 10
513 313 10
513 332 10
513 333 10
513 337 10
513 338 10
513 339 10
513 344 10
513 347 10
513 348 10
513 350 10
513 352 10
513 353 10
513 359 10
513 360 10
513 363 10
513 368 10
513 369 10
513 370 10
513 371 10
513 377 10
513 378 10
513 384 10
513 386 10
513 392 10
513 393 10
513 394 10
513 395 10
513 396 10
513 398 10
513 401 10
513 402 10
513 404 10
513 405 10
513 418 10
513 419 10
513 420 10
513 421 10
513 422 10
513 425 10
513 426 10
513 427 10
513 428 10
513 429 10
513 431 10
513 432 10
513 433 10
513 434 10
513 437 10
513 439 10
513 441 10
513 442 10
513 452 10
513 456 10
513 462 10
513 472 10
513 477 10
513 479 10
513 482 10
513 485 10
513 492 10
513 493 10
513 494 10
513 497 10
513 498 10
513 500 10
513 501 10
513 503 10
513 504 10
513 506 10
513 520 10
513 524 10
513 525 10
513 526 10
513 531 10
513 532 10
513 533 10
513 535 10
513 537 10
513 544 10
513 548 10
513 550 10
513 553 10
513 554 10
513 555 10
513 557 10
513 559 10
513 560 10
513 562 10
513 564 10
513 565 10
513 571 10
513 573 10
513 579 10
513 583 10
513 585 10
513 586 10
513 591 10
513 593 10
513 594 10
513 598 10
513 600 10
513 603 10
513 607 10
513 608 10
513 609 10
513 610 10
513 611 10
513 612 10
513 614 10
513 618 10
513 619 10
513 620 10
513 621 10
513 622 10
513 623 10
513 627 10
513 630 10
513 635 10
513 640 10
513 642 10
513 644 10
513 645 10
513 646 10
513 647 10
513 648 10
513 652 10
513 654 10
513 656 10
513 657 10
513 658 10
513 659 10
513 661 10
513 662 10
513 663 10
513 673 10
513 674 10
513 675 10
513 679 10
513 687 10
513 688 10
513 689 10
513 692 10
513 693 10
513 694 10
513 696 10
513 698 10
513 699 10
513 701 10
513 703 10
513 704 10
513 705 10
513 706 10
513 707 10
513 708 10
513 709 10
513 716 10
513 717 10
513 719 10
513 720 10
513 721 10
513 722 10
513 723 10
513 724 10
513 725 10
513 726 10
513 730 10
513 732 10
513 733 10
513 741 10
513 743 10
513 744 10
513 745 10
513 746 10
513 765 10
513 766 10
514 264 10
514 265 10
514 267 10
514 268 10
514 275 10
514 277 10
514 288 10
514 289 10
514 290 10
514 291 10
514 293 10
514 294 10
514 296 10
514 297 10
514 298 10
514 301 10
514 302 10
514 303 10
514 304 10
514 312 10
514 314 10
514 315 10
514 319 10
514 326 10
514 329 10
514 333 10
514 334 10
514 336 10
514 337 10
514 340 10
514 341 10
514 342 10
514 345 10
514 347 10
514 349 10
514 352 10
514 354 10
514 360 10
514 363 10
514 368 10
514 370 10
514 373 10
514 377 10
514 380 10
514 393 10
514 395 10
514 396 10
514 397 10
514 398 10
514 399 10
514 401 10
514 402 10
514 403 10
514 405 10
514 410 10
514 412 10
514 413 10
514 415 10
514 416 10
514 417 10
514 418 10
514 419 10
514 420 10
514 421 10
514 422 10
514 423 10
514 424 10
514 425 10
514 427 10
514 428 10
514 430 10
514 431 10
514 432 10
514 436 10
514 438 10
514 439 10
514 440 10
514 442 10
514 445 10
514 446 10
514 451 10
514 457 10
514 464 10
514 472 10
514 475 10
514 476 10
514 477 10
514 483 10
514 491 10
514 492 10
514 493 10
514 501 10
514 504 10
514 507 10
514 513 10
514 518 10
514 520 10
514 523 10
514 524 10
514 526 10
514 528 10
514 531 10
514 532 10
514 533 10
514 534 10
514 537 10
514 538 10
514 539 10
514 540 10
514 541 10
514 543 10
514 545 10
514 548 10
514 550 10
514 551 10
514 553 10
514 555 10
514 565 10
514 566 10
514 573 10
514 575 10
514 578 10
514 584 10
514 585 10
514 586 10
514 589 10
514 591 10
514 592 10
514 593 10
514 594 10
514 595 10
514 596 10
514 602 10
514 606 10
514 608 10
514 609 10
514 611 10
514 613 10
514 615 10
514 618 10
514 619 10
514 620 10
514 622 10
514 623 10
514 626 10
514 628 10
514 633 10
514 638 10
514 639 10
514 640 10
514 641 10
514 643 10
514 645 10
514 646 10
514 652 10
514 655 10
514 659 10
514 661 10
514 663 10
514 664 10
514 666 10
514 673 10
514 675 10
514 676 10
514 687 10
514 691 10
514 693 10
514 695 10
514 696 10
514 697 10
514 701 10
514 702 10
514 703 10
514 704 10
514 705 10
514 706 10
514 707 10
514 708 10
514 709 10
514 710 10
514 711 10
514 712 10
514 715 10
514 717 10
514 718 10
514 720 10
514 722 10
514 723 10
514 726 10
514 728 10
514 732 10
514 737 10
514 740 10
514 743 10
514 744 10
514 749 10
514 751 10
514 752 10
514 763 10
515 262 10
515 263 10
515 264 10
515 277 10
515 282 10
515 284 10
515 285 10
515 292 10
515 295 10
515 296 10
515 297 10
515 312 10
515 326 10
515 329 10
515 330 10
515 331 10
515 332 10
515 333 10
515 334 10
515 338 10
515 339 10
515 341 10
515 343 10
515 344 10
515 345 10
515 346 10
515 348 10
515 349 10
515 358 10
515 365 10
515 366 10
515 369 10
515 392 10
515 394 10
515 396 10
515 397 10
515 398 10
515 399 10
515 401 10
515 402 10
515 404 10
515 410 10
515 412 10
515 414 10
515 415 10
515 416 10
515 419 10
515 420 10
515 421 10
515 422 10
515 423 10
515 425 10
515 426 10
515 430 10
515 436 10
515 438 10
515 439 10
515 440 10
515 449 10
515 451 10
515 453 10
515 454 10
515 468 10
515 473 10
515 476 10
515 478 10
515 479 10
515 480 10
515 481 10
515 482 10
515 483 10
515 484 10
515 489 10
515 490 10
515 492 10
515 493 10
515 494 10
515 499 10
515 500 10
515 501 10
515 510 10
515 517 10
515 520 10
515 521 10
515 522 10
515 524 10
515 525 10
515 526 10
515 528 10
515 529 10
515 530 10
515 531 10
515 533 10
515 534 10
515 535 10
515 536 10
515 537 10
515 541 10
515 543 10
515 545 10
515 548 10
515 552 10
515 561 10
515 563 10
515 564 10
515 572 10
515 575 10
515 578 10
515 579 10
515 584 10
515 586 10
515 589 10
515 592 10
515 593 10
515 595 10
515 597 10
515 601 10
515 604 10
515 608 10
515 609 10
515 610 10
515 611 10
515 612 10
515 614 10
515 616 10
515 617 10
515 618 10
515 620 10
515 621 10
515 624 10
515 626 10
515 628 10
515 631 10
515 632 10
515 633 10
515 635 10
515 637 10
515 638 10
515 642 10
515 644 10
515 646 10
515 648 10
515 650 10
515 651 10
515 655 10
515 658 10
515 659 10
515 660 10
515 661 10
515 663 10
515 670 10
515 671 10
515 672 10
515 674 10
515 675 10
515 686 10
515 688 10
515 693 10
515 695 10
515 696 10
515 698 10
515 700 10
515 701 10
515 703 10
515 704 10
515 706 10
515 707 10
515 708 10
515 710 10
515 712 10
515 714 10
515 715 10
515 716 10
515 717 10
515 719 10
515 721 10
515 726 10
515 727 10
515 730 10
515 732 10
515 734 10
515 737 10
515 739 10
515 741 10
515 745 10
515 746 10
515 748 10
515 767 10
515 770 10
516 265 10
516 266 10
516 267 10
516 268 10
516 281 10
516 285 10
516 290 10
516 293 10
516 295 10
516 296 10
516 299 10
516 300 10
516 303 10
516 304 10
516 306 10
516 309 10
516 313 10
516 322 10
516 324 10
516 330 10
516 331 10
516 332 10
516 334 10
516 335 10
516 336 10
516 337 10
516 338 10
516 341 10
516 343 10
516 344 10
516 347 10
516 348 10
516 349 10
516 356 10
516 357 10
516 359 10
516 365 10
516 369 10
516 372 10
516 376 10
516 390 10
516 391 10
516 392 10
516 393 10
516 394 10
516 395 10
516 396 10
516 397 10
516 399 10
516 400 10
516 401 10
516 403 10
516 405 10
516 408 10
516 409 10
516 411 10
516 412 10
516 414 10
516 416 10
516 417 10
516 418 10
516 419 10
516 420 10
516 421 10
516 422 10
516 423 10
516 426 10
516 428 10
516 429 10
516 430 10
516 434 10
516 437 10
516 438 10
516 439 10
516 440 10
516 441 10
516 442 10
516 449 10
516 452 10
516 453 10
516 455 10
516 456 10
516 457 10
516 460 10
516 461 10
516 463 10
516 464 10
516 466 10
516 475 10
516 476 10
516 477 10
516 478 10
516 480 10
516 481 10
516 482 10
516 483 10
516 484 10
516 485 10
516 490 10
516 491 10
516 498 10
516 499 10
516 501 10
516 504 10
516 506 10
516 509 10
516 512 10
516 513 10
516 520 10
516 521 10
516 522 10
516 524 10
516 526 10
516 527 10
516 528 10
516 530 10
516 531 10
516 532 10
516 533 10
516 534 10
516 537 10
516 538 10
516 539 10
516 540 10
516 542 10
516 552 10
516 561 10
516 562 10
516 573 10
516 575 10
516 576 10
516 583 10
516 584 10
516 585 10
516 586 10
516 588 10
516 592 10
516 593 10
516 594 10
516 596 10
516 597 10
516 599 10
516 600 10
516 602 10
516 603 10
516 604 10
516 610 10
516 611 10
516 616 10
516 617 10
516 618 10
516 622 10
516 623 10
516 624 10
516 626 10
516 627 10
516 634 10
516 644 10
516 645 10
516 646 10
516 649 10
516 652 10
516 658 10
516 662 10
516 665 10
516 669 10
516 673 10
516 674 10
516 677 10
516 678 10
516 679 10
516 687 10
516 688 10
516 692 10
516 693 10
516 695 10
516 696 10
516 697 10
516 698 10
516 699 10
516 700 10
516 702 10
516 703 10
516 704 10
516 705 10
516 706 10
516 707 10
516 708 10
516 709 10
516 710 10
516 712 10
516 713 10
516 715 10
516 716 10
516 717 10
516 718 10
516 721 10
516 727 10
516 731 10
516 742 10
516 744 10
516 745 10
516 746 10
516 747 10
516 751 10
516 767 10
517 264 10
517 265 10
517 267 10
517 275 10
517 282 10
517 283 10
517 296 10
517 298 10
517 302 10
517 303 10
517 304 10
517 306 10
517 311 10
517 314 10
517 320 10
517 323 10
517 324 10
517 326 10
517 327 10
517 328 10
517 331 10
517 333 10
517 338 10
517 339 10
517 342 10
517 346 10
517 347 10
517 350 10
517 354 10
517 357 10
517 359 10
517 365 10
517 366 10
517 367 10
517 371 10
517 372 10
517 378 10
517 382 10
517 388 10
517 392 10
517 395 10
517 399 10
517 400 10
517 402 10
517 403 10
517 404 10
517 406 10
517 408 10
517 409 10
517 411 10
517 418 10
517 419 10
517 420 10
517 421 10
517 424 10
517 426 10
517 428 10
517 434 10
517 435 10
517 436 10
517 437 10
517 438 10
517 439 10
517 441 10
517 444 10
517 445 10
517 447 10
517 448 10
517 450 10
517 451 10
517 452 10
517 460 10
517 463 10
517 467 10
517 474 10
517 475 10
517 478 10
517 481 10
517 483 10
517 485 10
517 486 10
517 495 10
517 496 10
517 503 10
517 506 10
517 512 10
517 514 10
517 516 10
517 517 10
517 520 10
517 521 10
517 526 10
517 528 10
517 529 10
517 530 10
517 532 10
517 534 10
517 537 10
517 538 10
517 539 10
517 541 10
517 543 10
517 544 10
517 545 10
517 550 10
517 552 10
517 560 10
517 561 10
517 575 10
517 576 10
517 584 10
517 586 10
517 587 10
517 591 10
517 592 10
517 593 10
517 595 10
517 597 10
517 598 10
517 599 10
517 600 10
517 601 10
517 602 10
517 603 10
517 604 10
517 605 10
517 606 10
517 607 10
517 608 10
517 618 10
517 619 10
517 620 10
517 625 10
517 628 10
517 632 10
517 633 10
517 638 10
517 651 10
517 653 10
517 656 10
517 657 10
517 664 10
517 672 10
517 675 10
517 676 10
517 687 10
517 689 10
517 690 10
517 691 10
517 693 10
517 694 10
517 695 10
517 696 10
517 697 10
517 699 10
517 701 10
517 704 10
517 705 10
517 706 10
517 707 10
517 709 10
517 712 10
517 713 10
517 716 10
517 719 10
517 720 10
517 722 10
517 730 10
517 731 10
517 741 10
517 743 10
517 744 10
517 745 10
517 746 10
517 748 10
517 749 10
518 278 10
518 279 10
518 280 10
518 281 10
518 286 10
518 290 10
518 291 10
518 292 10
518 293 10
518 296 10
518 298 10
518 299 10
518 300 10
518 302 10
518 303 10
518 310 10
518 312 10
518 314 10
518 329 10
518 330 10
518 334 10
518 336 10
518 337 10
518 339 10
518 344 10
518 346 10
518 347 10
518 348 10
518 349 10
518 352 10
518 354 10
518 355 10
518 356 10
518 365 10
518 367 10
518 370 10
518 373 10
518 376 10
518 380 10
518 392 10
518 393 10
518 394 10
518 395 10
518 396 10
518 397 10
518 399 10
518 400 10
518 402 10
518 403 10
518 404 10
518 406 10
518 407 10
518 409 10
518 410 10
518 411 10
518 413 10
518 417 10
518 418 10
518 419 10
518 420 10
518 421 10
518 422 10
518 423 10
518 424 10
518 425 10
518 429 10
518 430 10
518 434 10
518 436 10
518 437 10
518 439 10
518 441 10
518 444 10
518 448 10
518 459 10
518 460 10
518 461 10
518 462 10
518 476 10
518 477 10
518 478 10
518 480 10
518 481 10
518 482 10
518 484 10
518 485 10
518 486 10
518 487 10
518 492 10
518 499 10
518 505 10
518 508 10
518 514 10
518 516 10
518 517 10
518 520 10
518 521 10
518 524 10
518 526 10
518 527 10
518 528 10
518 529 10
518 534 10
518 535 10
518 537 10
518 540 10
518 541 10
518 542 10
518 545 10
518 547 10
518 550 10
518 553 10
518 560 10
518 563 10
518 564 10
518 567 10
518 577 10
518 578 10
518 580 10
518 584 10
518 585 10
518 586 10
518 589 10
518 590 10
518 593 10
518 595 10
518 596 10
518 599 10
518 601 10
518 602 10
518 603 10
518 604 10
518 605 10
518 606 10
518 608 10
518 611 10
518 612 10
518 616 10
518 617 10
518 626 10
518 627 10
518 629 10
518 632 10
518 636 10
518 637 10
518 640 10
518 643 10
518 648 10
518 650 10
518 652 10
518 653 10
518 654 10
518 657 10
518 664 10
518 669 10
518 670 10
518 673 10
518 674 10
518 675 10
518 676 10
518 677 10
518 678 10
518 682 10
518 688 10
518 695 10
518 696 10
518 697 10
518 698 10
518 699 10
518 701 10
518 702 10
518 703 10
518 704 10
518 705 10
518 706 10
518 707 10
518 709 10
518 713 10
518 715 10
518 716 10
518 717 10
518 718 10
518 720 10
518 721 10
518 723 10
518 727 10
518 728 10
518 739 10
518 742 10
518 743 10
518 745 10
518 746 10
518 747 10
518 748 10
518 758 10
519 265 10
519 271 10
519 272 10
519 274 10
519 279 10
519 280 10
519 282 10
519 284 10
519 287 10
519 289 10
519 290 10
519 293 10
519 294 10
519 295 10
519 298 10
519 306 10
519 307 10
519 309 10
519 311 10
519 313 10
519 314 10
519 327 10
519 328 10
519 332 10
519 336 10
519 341 10
519 343 10
519 351 10
519 353 10
519 355 10
519 356 10
519 357 10
519 366 10
519 367 10
519 370 10
519 373 10
519 387 10
519 388 10
519 392 10
519 393 10
519 394 10
519 395 10
519 396 10
519 398 10
519 399 10
519 400 10
519 401 10
519 402 10
519 403 10
519 404 10
519 405 10
519 407 10
519 408 10
519 409 10
519 410 10
519 411 10
519 412 10
519 416 10
519 417 10
519 418 10
519 419 10
519 420 10
519 425 10
519 426 10
519 428 10
519 431 10
519 432 10
519 434 10
519 436 10
519 437 10
519 438 10
519 440 10
519 445 10
519 446 10
519 450 10
519 462 10
519 463 10
519 465 10
519 468 10
519 476 10
519 479 10
519 480 10
519 481 10
519 483 10
519 484 10
519 485 10
519 486 10
519 489 10
519 493 10
519 497 10
519 505 10
519 507 10
519 511 10
519 515 10
519 521 10
519 524 10
519 525 10
519 527 10
519 528 10
519 529 10
519 530 10
519 531 10
519 532 10
519 533 10
519 535 10
519 536 10
519 537 10
519 538 10
519 539 10
519 544 10
519 546 10
519 550 10
519 551 10
519 553 10
519 555 10
519 557 10
519 560 10
519 561 10
519 563 10
519 564 10
519 565 10
519 566 10
519 568 10
519 574 10
519 575 10
519 576 10
519 581 10
519 584 10
519 587 10
519 588 10
519 593 10
519 594 10
519 597 10
519 598 10
519 599 10
519 600 10
519 601 10
519 603 10
519 608 10
519 610 10
519 620 10
519 632 10
519 634 10
519 635 10
519 639 10
519 641 10
519 643 10
519 646 10
519 649 10
519 650 10
519 651 10
519 652 10
519 654 10
519 657 10
519 658 10
519 662 10
519 663 10
519 667 10
519 673 10
519 675 10
519 689 10
519 690 10
519 691 10
519 692 10
519 693 10
519 696 10
519 697 10
519 699 10
519 700 10
519 706 10
519 707 10
519 710 10
519 712 10
519 713 10
519 715 10
519 716 10
519 717 10
519 718 10
519 720 10
519 721 10
519 730 10
519 731 10
519 739 10
519 742 10
519 743 10
519 744 10
519 745 10
519 746 10
519 747 10
520 268 10
520 273 10
520 275 10
520 281 10
520 283 10
520 286 10
520 288 10
520 289 10
520 293 10
520 294 10
520 295 10
520 296 10
520 297 10
520 298 10
520 299 10
520 300 10
520 303 10
520 305 10
520 306 10
520 308 10
520 309 10
520 310 10
520 311 10
520 312 10
520 313 10
520 314 10
520 319 10
520 320 10
520 321 10
520 324 10
520 327 10
520 332 10
520 333 10
520 342 10
520 344 10
520 349 10
520 350 10
520 352 10
520 354 10
520 355 10
520 356 10
520 357 10
520 358 10
520 371 10
520 375 10
520 389 10
520 390 10
520 395 10
520 396 10
520 398 10
520 399 10
520 400 10
520 402 10
520 403 10
520 404 10
520 405 10
520 406 10
520 407 10
520 410 10
520 412 10
520 415 10
520 418 10
520 419 10
520 420 10
520 421 10
520 422 10
520 423 10
520 425 10
520 426 10
520 428 10
520 429 10
520 435 10
520 436 10
520 438 10
520 439 10
520 440 10
520 442 10
520 443 10
520 444 10
520 445 10
520 450 10
520 457 10
520 458 10
520 460 10
520 462 10
520 470 10
520 477 10
520 481 10
520 482 10
520 483 10
520 484 10
520 485 10
520 486 10
520 490 10
520 491 10
520 492 10
520 497 10
520 501 10
520 517 10
520 521 10
520 522 10
520 525 10
520 527 10
520 529 10
520 530 10
520 536 10
520 537 10
520 538 10
520 539 10
520 541 10
520 544 10
520 545 10
520 546 10
520 550 10
520 552 10
520 553 10
520 555 10
520 558 10
520 559 10
520 560 10
520 561 10
520 562 10
520 564 10
520 566 10
520 568 10
520 575 10
520 579 10
520 580 10
520 582 10
520 583 10
520 586 10
520 589 10
520 590 10
520 591 10
520 592 10
520 596 10
520 597 10
520 599 10
520 602 10
520 603 10
520 604 10
520 605 10
520 608 10
520 616 10
520 618 10
520 626 10
520 627 10
520 629 10
520 630 10
520 631 10
520 632 10
520 633 10
520 635 10
520 640 10
520 641 10
520 642 10
520 643 10
520 644 10
520 645 10
520 647 10
520 648 10
520 649 10
520 651 10
520 652 10
520 653 10
520 654 10
520 656 10
520 658 10
520 669 10
520 672 10
520 674 10
520 675 10
520 676 10
520 677 10
520 679 10
520 683 10
520 688 10
520 694 10
520 696 10
520 698 10
520 699 10
520 700 10
520 702 10
520 704 10
520 705 10
520 706 10
520 707 10
520 713 10
520 715 10
520 716 10
520 718 10
520 719 10
520 720 10
520 728 10
520 730 10
520 731 10
520 742 10
520 744 10
520 745 10
520 747 10
520 748 10
521 267 10
521 273 10
521 275 10
521 278 10
521 279 10
521 281 10
521 282 10
521 283 10
521 289 10
521 290 10
521 291 10
521 298 10
521 301 10
521 302 10
521 308 10
521 309 10
521 311 10
521 318 10
521 321 10
521 326 10
521 329 10
521 343 10
521 349 10
521 352 10
521 354 10
521 356 10
521 360 10
521 361 10
521 362 10
521 364 10
521 367 10
521 369 10
521 373 10
521 390 10
521 391 10
521 392 10
521 393 10
521 394 10
521 395 10
521 397 10
521 398 10
521 399 10
521 400 10
521 401 10
521 404 10
521 406 10
521 408 10
521 410 10
521 415 10
521 416 10
521 417 10
521 418 10
521 423 10
521 424 10
521 428 10
521 431 10
521 432 10
521 436 10
521 440 10
521 441 10
521 444 10
521 456 10
521 458 10
521 459 10
521 460 10
521 462 10
521 464 10
521 469 10
521 474 10
521 476 10
521 477 10
521 479 10
521 481 10
521 482 10
521 483 10
521 484 10
521 486 10
521 489 10
521 491 10
521 492 10
521 493 10
521 500 10
521 510 10
521 516 10
521 518 10
521 520 10
521 521 10
521 522 10
521 523 10
521 524 10
521 526 10
521 527 10
521 528 10
521 529 10
521 530 10
521 531 10
521 537 10
521 539 10
521 540 10
521 542 10
521 543 10
521 544 10
521 545 10
521 555 10
521 560 10
521 561 10
521 566 10
521 567 10
521 577 10
521 578 10
521 582 10
521 586 10
521 589 10
521 591 10
521 593 10
521 594 10
521 597 10
521 603 10
521 604 10
521 606 10
521 610 10
521 615 10
521 618 10
521 626 10
521 627 10
521 631 10
521 633 10
521 635 10
521 639 10
521 642 10
521 647 10
521 648 10
521 649 10
521 651 10
521 652 10
521 653 10
521 654 10
521 660 10
521 664 10
521 665 10
521 672 10
521 688 10
521 689 10
521 692 10
521 697 10
521 701 10
521 703 10
521 705 10
521 707 10
521 708 10
521 709 10
521 710 10
521 711 10
521 713 10
521 715 10
521 716 10
521 717 10
521 718 10
521 719 10
521 720 10
521 722 10
521 730 10
521 742 10
521 745 10
521 748 10
522 268 10
522 277 10
522 293 10
522 306 10
522 311 10
522 314 10
522 340 10
522 349 10
522 350 10
522 351 10
522 352 10
522 354 10
522 356 10
522 357 10
522 358 10
522 365 10
522 381 10
522 382 10
522 395 10
522 396 10
522 397 10
522 398 10
522 399 10
522 400 10
522 401 10
522 402 10
522 403 10
522 404 10
522 405 10
522 408 10
522 410 10
522 411 10
522 412 10
522 413 10
522 415 10
522 417 10
522 419 10
522 421 10
522 422 10
522 425 10
522 426 10
522 428 10
522 429 10
522 430 10
522 435 10
522 438 10
522 440 10
522 442 10
522 444 10
522 449 10
522 458 10
522 461 10
522 462 10
522 463 10
522 464 10
522 465 10
522 470 10
522 474 10
522 478 10
522 480 10
522 481 10
522 483 10
522 484 10
522 485 10
522 486 10
522 491 10
522 495 10
522 512 10
522 516 10
522 517 10
522 520 10
522 521 10
522 524 10
522 526 100000
522 529 10
522 530 10
522 537 10
522 542 10
522 546 10
522 549 10
522 555 10
522 556 10
522 558 10
522 561 10
522 563 10
522 564 10
522 565 10
522 566 10
522 567 10
522 569 10
522 570 10
522 575 10
522 577 10
522 581 10
522 586 10
522 588 10
522 590 10
522 593 10
522 596 10
522 597 10
522 598 10
522 601 10
522 603 10
522 604 10
522 606 10
522 607 10
522 608 10
522 609 10
522 613 10
522 617 10
522 626 10
522 627 10
522 629 10
522 631 10
522 632 10
522 633 10
522 636 10
522 639 10
522 645 10
522 652 10
522 653 10
522 654 10
522 655 10
522 656 10
522 661 10
522 665 10
522 667 10
522 668 10
522 673 10
522 675 10
522 676 10
522 677 10
522 681 10
522 682 10
522 689 10
522 690 10
522 691 10
522 694 10
522 697 10
522 698 10
522 699 10
522 701 10
522 703 10
522 704 10
522 706 10
522 712 10
522 715 10
522 720 10
522 725 10
522 726 10
522 729 10
522 742 10
522 743 10
522 744 10
522 745 10
522 746 10
522 749 10
523 271 10
523 275 10
523 278 10
523 282 10
523 284 10
523 289 10
523 292 10
523 306 10
523 307 10
523 311 10
523 312 10
523 313 10
523 318 10
523 322 10
523 323 10
523 348 10
523 349 10
523 352 10
523 353 10
523 357 10
523 358 10
523 360 10
523 363 10
523 366 10
523 374 10
523 385 10
523 387 10
523 392 10
523 393 10
523 396 10
523 399 10
523 400 10
523 402 10
523 403 10
523 404 10
523 405 10
523 406 10
523 408 10
523 409 10
523 410 10
523 411 10
523 412 10
523 415 10
523 417 10
523 424 10
523 427 10
523 428 10
523 430 10
523 434 10
523 436 10
523 440 10
523 441 10
523 444 10
523 445 10
523 446 10
523 448 10
523 450 10
523 451 10
523 457 10
523 459 10
523 460 10
523 461 10
523 462 10
523 468 10
523 469 10
523 472 10
523 475 10
523 476 10
523 477 10
523 481 10
523 482 10
523 483 10
523 486 10
523 488 10
523 494 10
523 501 10
523 510 10
523 513 10
523 514 10
523 515 10
523 519 10
523 520 10
523 524 10
523 527 10
523 528 10
523 529 10
523 530 10
523 532 10
523 547 10
523 548 10
523 551 10
523 552 10
523 553 10
523 554 10
523 555 10
523 557 10
523 559 10
523 561 10
523 563 10
523 564 10
523 565 10
523 567 10
523 568 10
523 572 10
523 575 10
523 576 10
523 581 10
523 582 10
523 583 10
523 584 10
523 586 10
523 588 10
523 593 10
523 594 10
523 595 10
523 596 10
523 597 10
523 599 10
523 602 10
523 603 10
523 610 10
523 611 10
523 613 10
523 628 10
523 629 10
523 632 10
523 635 10
523 636 10
523 640 10
523 642 10
523 644 10
523 645 10
523 649 10
523 651 10
523 653 10
523 654 10
523 655 10
523 660 10
523 662 10
523 663 10
523 668 10
523 670 10
523 676 10
523 677 10
523 678 10
523 679 10
523 681 10
523 689 10
523 691 10
523 692 10
523 693 10
523 695 10
523 696 10
523 699 10
523 701 10
523 702 10
523 704 10
523 707 10
523 709 10
523 710 10
523 711 10
523 713 10
523 715 10
523 716 10
523 717 10
523 722 10
523 723 10
523 727 10
523 732 10
523 746 10
523 748 10
523 750 10
523 753 10
524 272 10
524 276 10
524 277 10
524 278 10
524 298 10
524 303 10
524 319 10
524 321 10
524 322 10
524 349 10
524 351 10
524 352 10
524 354 10
524 355 10
524 357 10
524 358 10
524 363 10
524 364 10
524 375 10
524 384 10
524 386 10
524 389 10
524 390 10
524 391 10
524 394 10
524 395 10
524 396 10
524 397 10
524 399 10
524 400 10
524 401 10
524 403 10
524 404 10
524 405 10
524 407 10
524 410 10
524 411 10
524 412 10
524 413 10
524 414 10
524 417 10
524 418 10
524 419 10
524 420 10
524 426 10
524 427 10
524 428 10
524 431 10
524 432 10
524 433 10
524 434 10
524 438 10
524 439 10
524 441 10
524 443 10
524 446 10
524 448 10
524 449 10
524 450 10
524 452 10
524 453 10
524 457 10
524 459 10
524 460 10
524 461 10
524 463 10
524 465 10
524 477 10
524 480 10
524 484 10
524 485 10
524 497 10
524 499 10
524 500 10
524 502 10
524 512 10
524 516 10
524 517 10
524 521 10
524 523 10
524 525 10
524 528 10
524 529 10
524 531 10
524 532 10
524 533 10
524 536 10
524 539 10
524 540 10
524 541 10
524 542 10
524 543 10
524 546 10
524 548 10
524 552 10
524 555 10
524 556 10
524 558 10
524 559 10
524 565 10
524 567 10
524 569 10
524 570 10
524 574 10
524 580 10
524 581 10
524 582 10
524 584 10
524 585 10
524 586 10
524 588 10
524 593 10
524 594 10
524 596 10
524 597 10
524 599 10
524 600 10
524 603 10
524 604 10
524 605 10
524 607 10
524 610 10
524 612 10
524 613 10
524 615 10
524 617 10
524 621 10
524 624 10
524 627 10
524 630 10
524 632 10
524 633 10
524 634 10
524 636 10
524 638 10
524 639 10
524 648 10
524 649 10
524 652 10
524 654 10
524 655 10
524 665 10
524 666 10
524 667 10
524 671 10
524 677 10
524 679 10
524 682 10
524 683 10
524 694 10
524 697 10
524 701 10
524 703 10
524 704 10
524 705 10
524 706 10
524 707 10
524 709 10
524 714 10
524 717 10
524 721 10
524 725 10
524 726 10
524 737 10
524 740 10
524 742 10
524 744 10
524 745 10
524 747 10
525 273 10
525 277 10
525 279 10
525 284 10
525 289 10
525 292 10
525 302 10
525 303 10
525 313 10
525 314 10
525 316 10
525 330 10
525 334 10
525 336 10
525 346 10
525 349 10
525 354 10
525 355 10
525 356 10
525 357 10
525 359 10
525 361 10
525 363 10
525 370 10
525 372 10
525 379 10
525 381 10
525 384 10
525 385 10
525 388 10
525 389 10
525 392 10
525 393 10
525 394 10
525 396 10
525 399 10
525 400 10
525 401 10
525 402 10
525 403 10
525 405 10
525 406 10
525 407 10
525 412 10
525 415 10
525 418 10
525 419 10
525 420 10
525 421 10
525 422 10
525 423 10
525 424 10
525 427 10
525 430 10
525 431 10
525 438 10
525 440 10
525 441 10
525 446 10
525 447 10
525 450 10
525 452 10
525 453 10
525 454 10
525 459 10
525 464 10
525 472 10
525 474 10
525 481 10
525 483 10
525 492 10
525 493 10
525 494 10
525 497 10
525 500 10
525 508 10
525 517 10
525 518 10
525 521 10
525 522 10
525 527 10
525 528 10
525 529 10
525 530 10
525 531 10
525 532 10
525 536 10
525 538 10
525 546 10
525 547 10
525 549 10
525 551 10
525 552 10
525 559 10
525 561 10
525 562 10
525 564 10
525 566 10
525 568 10
525 569 10
525 573 10
525 574 10
525 575 10
525 576 10
525 577 10
525 578 10
525 579 10
525 581 10
525 583 10
525 586 10
525 588 10
525 591 10
525 593 10
525 595 10
525 596 10
525 598 10
525 599 10
525 602 10
525 605 10
525 606 10
525 607 10
525 612 10
525 614 10
525 615 10
525 616 10
525 618 10
525 619 10
525 620 10
525 630 10
525 631 10
525 632 10
525 633 10
525 635 10
525 644 10
525 645 10
525 648 10
525 651 10
525 655 10
525 657 10
525 658 10
525 660 10
525 670 10
525 674 10
525 675 10
525 676 10
525 677 10
525 681 10
525 686 10
525 687 10
525 688 10
525 690 10
525 696 10
525 700 10
525 702 10
525 704 10
525 706 10
525 707 10
525 708 10
525 711 10
525 718 10
525 720 10
525 721 10
525 726 10
525 741 10
525 744 10
525 747 10
525 749 10
525 751 10
525 752 10
525 753 10
526 267 10
526 274 10
526 280 10
526 298 10
526 302 10
526 304 10
526 306 10
526 311 10
526 313 10
526 316 10
526 317 10
526 321 10
526 322 10
526 325 10
526 334 10
526 346 10
526 348 10
526 350 10
526 353 10
526 355 10
526 358 10
526 360 10
526 361 10
526 363 10
526 369 10
526 373 10
526 379 10
526 381 10
526 383 10
526 384 10
526 385 10
526 386 10
526 387 10
526 390 10
526 392 10
526 393 10
526 394 10
526 395 10
526 396 10
526 397 10
526 399 10
526 403 10
526 404 10
526 408 10
526 409 10
526 410 10
526 411 10
526 412 10
526 413 10
526 417 10
526 418 10
526 419 10
526 421 10
526 422 10
526 423 10
526 424 10
526 425 10
526 426 10
526 427 10
526 428 10
526 429 10
526 431 10
526 436 10
526 442 10
526 446 10
526 447 10
526 459 10
526 464 10
526 475 10
526 483 10
526 492 10
526 496 10
526 498 10
526 500 10
526 502 10
526 508 10
526 509 10
526 516 10
526 519 10
526 529 10
526 531 10
526 532 10
526 534 10
526 536 10
526 543 10
526 545 10
526 551 10
526 552 10
526 554 10
526 555 10
526 556 10
526 557 10
526 559 10
526 560 10
526 561 10
526 562 10
526 563 10
526 564 10
526 567 10
526 570 10
526 572 10
526 574 10
526 575 10
526 579 10
526 580 10
526 581 10
526 583 10
526 585 10
526 587 10
526 588 10
526 589 10
526 591 10
526 593 10
526 594 10
526 595 10
526 596 10
526 597 10
526 598 10
526 601 10
526 602 10
526 604 10
526 605 10
526 609 10
526 610 10
526 611 10
526 617 10
526 621 10
526 622 10
526 628 10
526 629 10
526 633 10
526 635 10
526 638 10
526 652 10
526 654 10
526 655 10
526 656 10
526 657 10
526 659 10
526 660 10
526 666 10
526 670 10
526 672 10
526 674 10
526 675 10
526 676 10
526 678 10
526 679 10
526 681 10
526 682 10
526 684 10
526 685 10
526 688 10
526 689 10
526 691 10
526 692 10
526 693 10
526 697 10
526 701 10
526 702 10
526 704 10
526 705 10
526 706 10
526 707 10
526 709 10
526 715 10
526 719 10
526 736 10
526 739 10
526 744 10
526 745 10
526 746 10
527 269 10
527 272 10
527 284 10
527 291 10
527 292 10
527 302 10
527 306 10
527 308 10
527 311 10
527 313 10
527 314 10
527 316 10
527 317 10
527 320 10
527 321 10
527 338 10
527 340 10
527 344 10
527 346 10
527 350 10
527 352 10
527 355 10
527 356 10
527 357 10
527 359 10
527 361 10
527 362 10
527 364 10
527 372 10
527 385 10
527 386 10
527 387 10
527 388 10
527 389 10
527 390 10
527 391 10
527 392 10
527 393 10
527 394 10
527 395 10
527 396 10
527 397 10
527 398 10
527 400 10
527 403 10
527 406 10
527 407 10
527 410 10
527 411 10
527 413 10
527 414 10
527 416 10
527 418 10
527 420 10
527 421 10
527 422 10
527 424 10
527 425 10
527 426 10
527 427 10
527 428 10
527 429 10
527 430 10
527 434 10
527 438 10
527 439 10
527 441 10
527 442 10
527 443 10
527 458 10
527 491 10
527 494 10
527 496 10
527 498 10
527 499 10
527 500 10
527 508 10
527 515 10
527 517 10
527 519 10
527 527 10
527 530 10
527 532 10
527 538 10
527 552 10
527 553 10
527 554 10
527 556 10
527 558 10
527 562 10
527 563 10
527 570 10
527 575 10
527 580 10
527 585 10
527 590 10
527 594 10
527 596 10
527 602 10
527 603 10
527 604 10
527 614 10
527 615 10
527 616 10
527 618 10
527 619 10
527 621 10
527 625 10
527 632 10
527 633 10
527 634 10
527 648 10
527 650 10
527 654 10
527 656 10
527 657 10
527 658 10
527 659 10
527 670 10
527 673 10
527 675 10
527 677 10
527 678 10
527 679 10
527 680 10
527 681 10
527 684 10
527 685 10
527 686 10
527 688 10
527 690 10
527 696 10
527 702 10
527 704 10
527 708 10
527 709 10
527 720 10
527 727 10
527 740 10
528 281 10
528 287 10
528 303 10
528 304 10
528 305 10
528 307 10
528 308 10
528 309 10
528 314 10
528 315 10
528 317 10
528 320 10
528 333 10
528 335 10
528 339 10
528 346 10
528 348 10
528 349 10
528 350 10
528 360 10
528 362 10
528 364 10
528 368 10
528 369 10
528 379 10
528 382 10
528 383 10
528 385 10
528 389 10
528 390 10
528 391 10
528 392 10
528 393 10
528 394 10
528 396 10
528 398 10
528 399 10
528 400 10
528 401 10
528 402 10
528 403 10
528 404 10
528 406 10
528 407 10
528 410 10
528 411 10
528 413 10
528 414 10
528 415 10
528 416 10
528 417 10
528 418 10
528 419 10
528 420 10
528 423 10
528 424 10
528 425 10
528 426 10
528 427 10
528 428 10
528 430 10
528 431 10
528 433 10
528 436 10
528 439 10
528 445 10
528 447 10
528 448 10
528 452 10
528 454 10
528 456 10
528 457 10
528 460 10
528 480 10
528 482 10
528 489 10
528 490 10
528 496 10
528 497 10
528 498 10
528 508 10
528 509 10
528 512 10
528 513 10
528 515 10
528 516 10
528 517 10
528 518 10
528 519 10
528 524 10
528 525 10
528 526 10
528 528 10
528 530 10
528 549 10
528 550 10
528 551 10
528 554 10
528 560 10
528 562 10
528 563 10
528 567 10
528 569 10
528 570 10
528 571 10
528 572 10
528 573 10
528 574 10
528 575 10
528 576 10
528 577 10
528 582 10
528 583 10
528 584 10
528 588 10
528 589 10
528 594 10
528 601 10
528 602 10
528 609 10
528 614 10
528 615 10
528 618 10
528 620 10
528 621 10
528 622 10
528 623 10
528 631 10
528 634 10
528 635 10
528 637 10
528 639 10
528 649 10
528 650 10
528 651 10
528 654 10
528 655 10
528 656 10
528 657 10
528 659 10
528 660 10
528 662 10
528 672 10
528 673 10
528 675 10
528 676 10
528 680 10
528 682 10
528 683 10
528 684 10
528 686 10
528 687 10
528 688 10
528 689 10
528 690 10
528 692 10
528 695 10
528 697 10
528 703 10
528 704 10
528 705 10
528 707 10
528 708 10
528 709 10
528 720 10
528 724 10
528 742 10
529 271 10
529 285 10
529 301 10
529 302 10
529 304 10
529 307 10
529 311 10
529 313 10
529 316 10
529 318 10
529 319 10
529 320 10
529 337 10
529 338 10
529 340 10
529 346 10
529 348 10
529 352 10
529 363 10
529 368 10
529 374 10
529 378 10
529 380 10
529 383 10
529 384 10
529 385 10
529 387 10
529 388 10
529 389 10
529 390 10
529 391 10
529 393 10
529 394 10
529 395 10
529 396 10
529 398 10
529 399 10
529 400 10
529 401 10
529 402 10
529 403 10
529 404 10
529 406 10
529 407 10
529 408 10
529 409 10
529 410 10
529 413 10
529 417 10
529 418 10
529 421 10
529 422 10
529 423 10
529 424 10
529 425 10
529 426 10
529 428 10
529 429 10
529 431 10
529 432 10
529 434 10
529 436 10
529 441 10
529 443 10
529 445 10
529 449 10
529 450 10
529 452 10
529 455 10
529 457 10
529 458 10
529 460 10
529 462 10
529 465 10
529 482 10
529 485 10
529 486 10
529 503 10
529 506 10
529 510 10
529 514 10
529 515 10
529 516 10
529 523 10
529 527 10
529 532 10
529 558 10
529 559 10
529 561 10
529 562 10
529 564 10
529 565 10
529 568 10
529 575 10
529 576 10
529 579 10
529 580 10
529 582 10
529 583 10
529 585 10
529 588 10
529 596 10
529 599 10
529 601 10
529 602 10
529 607 10
529 609 10
529 610 10
529 612 10
529 613 10
529 615 10
529 616 10
529 617 10
529 620 10
529 632 10
529 640 10
529 649 10
529 651 10
529 652 10
529 653 10
529 654 10
529 655 10
529 656 10
529 657 10
529 659 10
529 662 10
529 664 10
529 670 10
529 672 10
529 673 10
529 674 10
529 675 10
529 678 10
529 680 10
529 681 10
529 682 10
529 684 10
529 685 10
529 686 10
529 687 10
529 688 10
529 689 10
529 705 10
529 706 10
529 722 10
529 723 10
529 727 10
529 738 10
529 745 10
530 267 10
530 271 10
530 273 10
530 278 10
530 287 10
530 294 10
530 296 10
530 297 10
530 298 10
530 299 10
530 301 10
530 302 10
530 304 10
530 305 10
530 307 10
530 314 10
530 315 10
530 317 10
530 322 10
530 334 10
530 335 10
530 336 10
530 337 10
530 338 10
530 339 10
530 340 10
530 341 10
530 343 10
530 344 10
530 356 10
530 361 10
530 362 10
530 364 10
530 375 10
530 376 10
530 382 10
530 383 10
530 385 10
530 387 10
530 388 10
530 389 10
530 390 10
530 391 10
530 392 10
530 393 10
530 394 10
530 396 10
530 398 10
530 399 10
530 400 10
530 401 10
530 402 10
530 403 10
530 404 10
530 405 10
530 407 10
530 411 10
530 415 10
530 417 10
530 420 10
530 421 10
530 423 10
530 425 10
530 430 10
530 432 10
530 435 10
530 436 10
530 437 10
530 440 10
530 442 10
530 443 10
530 444 10
530 456 10
530 460 10
530 462 10
530 463 10
530 465 10
530 483 10
530 505 10
530 511 10
530 515 10
530 519 10
530 521 10
530 528 10
530 529 10
530 537 10
530 550 10
530 554 10
530 555 10
530 560 10
530 562 10
530 563 10
530 569 10
530 570 10
530 571 10
530 573 10
530 574 10
530 575 10
530 577 10
530 579 10
530 582 10
530 595 10
530 609 10
530 610 10
530 613 10
530 614 10
530 617 10
530 619 10
530 620 10
530 630 10
530 631 10
530 649 10
530 652 10
530 653 10
530 657 10
530 660 10
530 663 10
530 665 10
530 674 10
530 676 10
530 678 10
530 680 10
530 681 10
530 683 10
530 685 10
530 686 10
530 688 10
530 690 10
530 691 10
530 696 10
530 698 10
530 699 10
530 705 10
530 708 10
530 712 10
530 720 10
530 722 10
530 724 10
530 741 10
530 742 10
530 745 10
530 751 10
531 269 10
531 272 10
531 274 10
531 275 10
531 276 10
531 289 10
531 294 10
531 295 10
531 299 10
531 301 10
531 304 10
531 307 10
531 311 10
531 316 10
531 318 10
531 323 10
531 338 10
531 341 10
531 363 10
531 364 10
531 369 10
531 375 10
531 377 10
531 380 10
531 382 10
531 383 10
531 385 10
531 386 10
531 388 10
531 389 10
531 391 10
531 393 10
531 394 10
531 395 10
531 396 10
531 397 10
531 398 10
531 399 10
531 401 10
531 403 10
531 404 10
531 405 10
531 410 10
531 411 10
531 413 10
531 414 10
531 415 10
531 416 10
531 418 10
531 419 10
531 420 10
531 421 10
531 422 10
531 423 10
531 425 10
531 430 10
531 433 10
531 436 10
531 439 10
531 440 10
531 441 10
531 447 10
531 448 10
531 450 10
531 452 10
531 454 10
531 455 10
531 457 10
531 458 10
531 461 10
531 463 10
531 465 10
531 486 10
531 488 10
531 505 10
531 510 10
531 513 10
531 514 10
531 517 10
531 518 10
531 520 10
531 523 10
531 524 10
531 525 10
531 527 10
531 530 10
531 532 10
531 550 10
531 557 10
531 559 10
531 562 10
531 563 10
531 565 10
531 568 10
531 572 10
531 574 10
531 575 10
531 577 10
531 578 10
531 580 10
531 581 10
531 582 10
531 583 10
531 584 10
531 586 10
531 588 10
531 589 10
531 599 10
531 607 10
531 614 10
531 616 10
531 618 10
531 619 10
531 620 10
531 631 10
531 651 10
531 652 10
531 653 10
531 654 10
531 655 10
531 658 10
531 659 10
531 661 10
531 662 10
531 665 10
531 669 10
531 672 10
531 674 10
531 675 10
531 676 10
531 677 10
531 678 10
531 679 10
531 680 10
531 683 10
531 685 10
531 687 10
531 688 10
531 689 10
531 696 10
531 697 10
531 698 10
531 699 10
531 700 10
531 701 10
531 702 10
531 703 10
531 705 10
531 706 10
531 708 10
531 710 10
531 715 10
531 716 10
531 728 10
532 266 10
532 269 10
532 271 10
532 272 10
532 293 10
532 295 10
532 296 10
532 297 10
532 302 10
532 304 10
532 305 10
532 318 10
532 320 10
532 324 10
532 336 10
532 343 10
532 345 10
532 348 10
532 350 10
532 356 10
532 359 10
532 362 10
532 372 10
532 377 10
532 378 10
532 379 10
532 380 10
532 381 10
532 383 10
532 384 10
532 385 10
532 388 10
532 389 10
532 390 10
532 391 10
532 392 10
532 394 10
532 396 10
532 397 10
532 398 10
532 399 10
532 402 10
532 403 10
532 406 10
532 410 10
532 411 10
532 412 10
532 417 10
532 418 10
532 421 10
532 422 10
532 424 10
532 425 10
532 428 10
532 432 10
532 436 10
532 446 10
532 452 10
532 456 10
532 459 10
532 462 10
532 463 10
532 465 10
532 483 10
532 486 10
532 512 10
532 523 10
532 527 10
532 533 10
532 534 10
532 536 10
532 554 10
532 556 10
532 557 10
532 558 10
532 564 10
532 565 10
532 566 10
532 567 10
532 569 10
532 573 10
532 577 10
532 579 10
532 581 10
532 584 10
532 596 10
532 598 10
532 604 10
532 612 10
532 613 10
532 614 10
532 615 10
532 618 10
532 619 10
532 631 10
532 632 10
532 633 10
532 638 10
532 640 10
532 649 10
532 650 10
532 651 10
532 652 10
532 653 10
532 654 10
532 656 10
532 657 10
532 658 10
532 659 10
532 660 10
532 661 10
532 662 10
532 664 10
532 666 10
532 667 10
532 670 10
532 671 10
532 676 10
532 677 10
532 679 10
532 680 10
532 681 10
532 682 10
532 683 10
532 684 10
532 689 10
532 698 10
532 702 10
532 704 10
532 705 10
532 706 10
532 708 10
532 715 10
532 729 10
532 735 10
532 737 10
532 742 10
532 749 10
533 264 10
533 265 10
533 268 10
533 271 10
533 272 10
533 273 10
533 274 10
533 275 10
533 276 10
533 277 10
533 280 10
533 287 10
533 289 10
533 291 10
533 292 10
533 293 10
533 296 10
533 297 10
533 298 10
533 300 10
533 301 10
533 303 10
533 307 10
533 310 10
533 314 10
533 321 10
533 329 10
533 330 10
533 331 10
533 339 10
533 341 10
533 343 10
533 346 10
533 365 10
533 366 10
533 368 10
533 375 10
533 376 10
533 377 10
533 385 10
533 386 10
533 387 10
533 388 10
533 390 10
533 392 10
533 393 10
533 395 10
533 396 10
533 397 10
533 398 10
533 399 10
533 400 10
533 402 10
533 403 10
533 404 10
533 405 10
533 409 10
533 410 10
533 411 10
533 416 10
533 417 10
533 419 10
533 420 10
533 421 10
533 425 10
533 427 10
533 430 10
533 432 10
533 439 10
533 441 10
533 448 10
533 449 10
533 456 10
533 458 10
533 460 10
533 461 10
533 481 10
533 482 10
533 483 10
533 486 10
533 496 10
533 498 10
533 499 10
533 507 10
533 515 10
533 518 10
533 520 10
533 521 10
533 522 10
533 523 10
533 524 10
533 525 10
533 526 10
533 528 10
533 532 10
533 533 10
533 557 10
533 559 10
533 561 10
533 564 10
533 566 10
533 572 10
533 573 10
533 574 10
533 576 10
533 577 10
533 578 10
533 580 10
533 581 10
533 582 10
533 583 10
533 585 10
533 587 10
533 595 10
533 611 10
533 612 10
533 614 10
533 615 10
533 620 10
533 629 10
533 630 10
533 631 10
533 636 10
533 640 10
533 646 10
533 648 10
533 649 10
533 652 10
533 654 10
533 655 10
533 656 10
533 657 10
533 658 10
533 659 10
533 661 10
533 662 10
533 667 10
533 672 10
533 675 10
533 678 10
533 680 10
533 681 10
533 682 10
533 692 10
533 698 10
533 700 10
533 703 10
533 704 10
533 705 10
533 707 10
533 710 10
533 711 10
533 726 10
533 727 10
533 729 10
533 735 10
533 750 10
534 266 10
534 272 10
534 278 10
534 281 10
534 283 10
534 284 10
534 289 10
534 291 10
534 293 10
534 294 10
534 295 10
534 296 10
534 297 10
534 299 10
534 300 10
534 302 10
534 303 10
534 305 10
534 306 10
534 307 10
534 308 10
534 310 10
534 314 10
534 317 10
534 319 10
534 323 10
534 328 10
534 329 10
534 330 10
534 331 10
534 338 10
534 340 10
534 343 10
534 349 10
534 364 10
534 365 10
534 366 10
534 373 10
534 374 10
534 379 10
534 387 10
534 388 10
534 389 10
534 390 10
534 391 10
534 393 10
534 395 10
534 396 10
534 397 10
534 398 10
534 399 10
534 403 10
534 404 10
534 406 10
534 408 10
534 409 10
534 411 10
534 413 10
534 418 10
534 419 10
534 421 10
534 422 10
534 424 10
534 425 10
534 426 10
534 429 10
534 430 10
534 432 10
534 457 10
534 462 10
534 482 10
534 487 10
534 492 10
534 496 10
534 499 10
534 500 10
534 515 10
534 517 10
534 518 10
534 520 10
534 522 10
534 533 10
534 549 10
534 550 10
534 551 10
534 557 10
534 560 10
534 561 10
534 563 10
534 566 10
534 575 10
534 577 10
534 579 10
534 580 10
534 589 10
534 594 10
534 595 10
534 596 10
534 608 10
534 611 10
534 612 10
534 613 10
534 614 10
534 615 10
534 616 10
534 618 10
534 619 10
534 633 10
534 635 10
534 636 10
534 639 10
534 642 10
534 649 10
534 653 10
534 654 10
534 656 10
534 658 10
534 659 10
534 660 10
534 662 10
534 663 10
534 669 10
534 670 10
534 671 10
534 672 10
534 673 10
534 674 10
534 679 10
534 680 10
534 682 10
534 688 10
534 689 10
534 690 10
534 695 10
534 696 10
534 698 10
534 700 10
534 701 10
534 702 10
534 704 10
534 705 10
534 710 10
534 712 10
534 714 10
534 717 10
534 727 10
534 728 10
534 729 10
535 268 10
535 270 10
535 273 10
535 274 10
535 276 10
535 291 10
535 303 10
535 305 10
535 306 10
535 309 10
535 310 10
535 314 10
535 315 10
535 317 10
535 320 10
535 331 10
535 363 10
535 364 10
535 366 10
535 368 10
535 375 10
535 376 10
535 377 10
535 378 10
535 384 10
535 386 10
535 387 10
535 388 10
535 389 10
535 392 10
535 393 10
535 394 10
535 395 10
535 396 10
535 397 10
535 398 10
535 400 10
535 401 10
535 403 10
535 404 10
535 407 10
535 410 10
535 411 10
535 412 10
535 416 10
535 422 10
535 423 10
535 424 10
535 426 10
535 428 10
535 429 10
535 440 10
535 462 10
535 464 10
535 465 10
535 488 10
535 491 10
535 495 10
535 497 10
535 498 10
535 499 10
535 500 10
535 517 10
535 518 10
535 519 10
535 520 10
535 522 10
535 526 10
535 527 10
535 528 10
535 536 10
535 551 10
535 552 10
535 555 10
535 556 10
535 560 10
535 562 10
535 563 10
535 564 10
535 565 10
535 568 10
535 569 10
535 570 10
535 571 10
535 573 10
535 575 10
535 576 10
535 577 10
535 579 10
535 581 10
535 587 10
535 591 10
535 592 10
535 594 10
535 596 10
535 597 10
535 598 10
535 602 10
535 615 10
535 619 10
535 628 10
535 629 10
535 630 10
535 632 10
535 634 10
535 636 10
535 638 10
535 639 10
535 640 10
535 641 10
535 643 10
535 646 10
535 647 10
535 648 10
535 655 10
535 657 10
535 659 10
535 660 10
535 661 10
535 663 10
535 665 10
535 666 10
535 667 10
535 669 10
535 670 10
535 672 10
535 673 10
535 676 10
535 678 10
535 680 10
535 682 10
535 686 10
535 687 10
535 694 10
535 697 10
535 699 10
535 700 10
535 701 10
535 702 10
535 703 10
535 704 10
535 705 10
535 707 10
535 726 10
535 729 10
535 731 10
535 732 10
535 734 10
535 741 10
535 749 10
535 751 10
536 270 10
536 272 10
536 277 10
536 284 10
536 285 10
536 286 10
536 289 10
536 295 10
536 301 10
536 302 10
536 303 10
536 304 10
536 305 10
536 308 10
536 311 10
536 312 10
536 313 10
536 314 10
536 316 10
536 318 10
536 329 10
536 356 10
536 361 10
536 362 10
536 378 10
536 386 10
536 387 10
536 388 10
536 389 10
536 390 10
536 391 10
536 392 10
536 393 10
536 395 10
536 397 10
536 399 10
536 400 10
536 403 10
536 404 10
536 406 10
536 407 10
536 408 10
536 409 10
536 410 10
536 412 10
536 415 10
536 417 10
536 419 10
536 420 10
536 422 10
536 423 10
536 424 10
536 427 10
536 430 10
536 434 10
536 436 10
536 437 10
536 439 10
536 440 10
536 444 10
536 449 10
536 450 10
536 463 10
536 467 10
536 480 10
536 481 10
536 488 10
536 490 10
536 493 10
536 495 10
536 498 10
536 520 10
536 522 10
536 524 10
536 525 10
536 533 10
536 537 10
536 538 10
536 539 10
536 545 10
536 549 10
536 550 10
536 551 10
536 552 10
536 553 10
536 554 10
536 555 10
536 556 10
536 557 10
536 558 10
536 559 10
536 560 10
536 561 10
536 563 10
536 564 10
536 567 10
536 569 10
536 572 10
536 575 10
536 576 10
536 577 10
536 578 10
536 579 10
536 582 10
536 589 10
536 593 10
536 594 10
536 595 10
536 603 10
536 610 10
536 615 10
536 619 10
536 631 10
536 633 10
536 634 10
536 636 10
536 639 10
536 640 10
536 641 10
536 642 10
536 644 10
536 645 10
536 646 10
536 648 10
536 649 10
536 650 10
536 651 10
536 652 10
536 653 10
536 655 10
536 657 10
536 659 10
536 661 10
536 666 10
536 667 10
536 669 10
536 671 10
536 673 10
536 676 10
536 677 10
536 678 10
536 679 10
536 680 10
536 681 10
536 683 10
536 685 10
536 687 10
536 688 10
536 690 10
536 692 10
536 697 10
536 698 10
536 699 10
536 700 10
536 701 10
536 702 10
536 704 10
536 705 10
536 706 10
536 708 10
536 709 10
536 713 10
536 732 10
536 736 10
536 737 10
536 738 10
536 739 10
536 758 10
536 759 10
536 766 10
536 767 10
537 268 10
537 270 10
537 272 10
537 275 10
537 290 10
537 294 10
537 302 10
537 303 10
537 306 10
537 308 10
537 311 10
537 312 10
537 313 10
537 315 10
537 316 10
537 317 10
537 323 10
537 330 10
537 331 10
537 343 10
537 363 10
537 364 10
537 365 10
537 366 10
537 368 10
537 383 10
537 385 10
537 387 10
537 388 10
537 389 10
537 390 10
537 392 10
537 393 10
537 394 10
537 396 10
537 397 10
537 398 10
537 404 10
537 405 10
537 406 10
537 407 10
537 408 10
537 410 10
537 411 10
537 412 10
537 416 10
537 419 10
537 420 10
537 421 10
537 424 10
537 425 10
537 426 10
537 429 10
537 430 10
537 431 10
537 432 10
537 435 10
537 438 10
537 440 10
537 441 10
537 442 10
537 443 10
537 444 10
537 463 10
537 489 10
537 496 10
537 497 10
537 499 10
537 511 10
537 515 10
537 516 10
537 518 10
537 519 10
537 520 10
537 525 10
537 536 10
537 538 10
537 540 10
537 548 10
537 551 10
537 552 10
537 553 10
537 554 10
537 555 10
537 556 10
537 557 10
537 559 10
537 560 10
537 561 10
537 562 10
537 564 10
537 565 10
537 567 10
537 568 10
537 573 10
537 576 10
537 577 10
537 578 10
537 584 10
537 589 10
537 595 10
537 600 10
537 608 10
537 611 10
537 612 10
537 613 10
537 614 10
537 615 10
537 616 10
537 625 10
537 627 10
537 629 10
537 631 10
537 634 10
537 638 10
537 639 10
537 640 10
537 642 10
537 643 10
537 646 10
537 647 10
537 648 10
537 650 10
537 651 10
537 653 10
537 655 10
537 656 10
537 657 10
537 658 10
537 662 10
537 664 10
537 668 10
537 669 10
537 670 10
537 671 10
537 673 10
537 675 10
537 677 10
537 678 10
537 679 10
537 680 10
537 681 10
537 684 10
537 685 10
537 686 10
537 687 10
537 695 10
537 698 10
537 699 10
537 700 10
537 701 10
537 703 10
537 704 10
537 706 10
537 711 10
537 726 10
537 727 10
537 732 10
537 733 10
537 734 10
537 736 10
538 285 10
538 287 10
538 289 10
538 292 10
538 295 10
538 303 10
538 306 10
538 308 10
538 309 10
538 310 10
538 312 10
538 314 10
538 316 10
538 317 10
538 320 10
538 322 10
538 323 10
538 334 10
538 337 10
538 340 10
538 345 10
538 347 10
538 356 10
538 361 10
538 382 10
538 384 10
538 385 10
538 387 10
538 388 10
538 389 10
538 391 10
538 392 10
538 393 10
538 394 10
538 395 10
538 396 10
538 397 10
538 398 10
538 400 10
538 402 10
538 404 10
538 405 10
538 408 10
538 409 10
538 410 10
538 411 10
538 415 10
538 416 10
538 417 10
538 421 10
538 424 10
538 426 10
538 427 10
538 429 10
538 430 10
538 431 10
538 432 10
538 437 10
538 438 10
538 439 10
538 441 10
538 444 10
538 463 10
538 466 10
538 487 10
538 488 10
538 490 10
538 493 10
538 495 10
538 496 10
538 498 10
538 500 10
538 513 10
538 523 10
538 532 10
538 534 10
538 536 10
538 538 10
538 540 10
538 546 10
538 550 10
538 551 10
538 552 10
538 553 10
538 554 10
538 555 10
538 557 10
538 559 10
538 560 10
538 561 10
538 562 10
538 563 10
538 564 10
538 565 10
538 566 10
538 569 10
538 570 10
538 574 10
538 577 10
538 587 10
538 594 10
538 595 10
538 596 10
538 599 10
538 609 10
538 611 10
538 612 10
538 613 10
538 615 10
538 616 10
538 618 10
538 628 10
538 629 10
538 630 10
538 632 10
538 638 10
538 641 10
538 643 10
538 644 10
538 645 10
538 648 10
538 649 10
538 650 10
538 651 10
538 654 10
538 656 10
538 660 10
538 661 10
538 662 10
538 668 10
538 669 10
538 670 10
538 671 10
538 674 10
538 677 10
538 678 10
538 679 10
538 681 10
538 682 10
538 684 10
538 686 10
538 687 10
538 688 10
538 689 10
538 690 10
538 692 10
538 694 10
538 696 10
538 697 10
538 699 10
538 700 10
538 701 10
538 702 10
538 703 10
538 707 10
538 708 10
538 709 10
538 711 10
538 738 10
538 740 10
538 746 10
538 748 10
538 757 10
538 763 10
539 289 10
539 291 10
539 295 10
539 302 10
539 303 10
539 304 10
539 307 10
539 308 10
539 310 10
539 312 10
539 313 10
539 315 10
539 316 10
539 317 10
539 321 10
539 324 10
539 326 10
539 330 10
539 331 10
539 332 10
539 333 10
539 334 10
539 335 10
539 336 10
539 339 10
539 363 10
539 364 10
539 389 10
539 390 10
539 391 10
539 392 10
539 393 10
539 394 10
539 397 10
539 398 10
539 399 10
539 400 10
539 402 10
539 405 10
539 407 10
539 409 10
539 410 10
539 412 10
539 413 10
539 415 10
539 416 10
539 417 10
539 419 10
539 420 10
539 423 10
539 424 10
539 425 10
539 426 10
539 428 10
539 429 10
539 431 10
539 432 10
539 436 10
539 439 10
539 441 10
539 445 10
539 469 10
539 486 10
539 490 10
539 492 10
539 493 10
539 495 10
539 496 10
539 499 10
539 501 10
539 502 10
539 505 10
539 508 10
539 511 10
539 513 10
539 515 10
539 524 10
539 525 10
539 528 10
539 531 10
539 532 10
539 533 10
539 534 10
539 535 10
539 537 10
539 539 10
539 541 10
539 542 10
539 543 10
539 544 10
539 545 10
539 546 10
539 547 10
539 548 10
539 549 10
539 550 10
539 552 10
539 554 10
539 555 10
539 558 10
539 559 10
539 560 10
539 561 10
539 562 10
539 564 10
539 565 10
539 566 10
539 567 10
539 568 10
539 571 10
539 575 10
539 577 10
539 578 10
539 580 10
539 586 10
539 589 10
539 595 10
539 601 10
539 612 10
539 613 10
539 614 10
539 615 10
539 617 10
539 618 10
539 624 10
539 626 10
539 629 10
539 632 10
539 633 10
539 634 10
539 635 10
539 636 10
539 638 10
539 639 10
539 641 10
539 642 10
539 643 10
539 645 10
539 646 10
539 648 10
539 651 10
539 653 10
539 656 10
539 661 10
539 664 10
539 668 10
539 669 10
539 671 10
539 673 10
539 674 10
539 675 10
539 676 10
539 678 10
539 679 10
539 680 10
539 681 10
539 685 10
539 686 10
539 689 10
539 690 10
539 691 10
539 694 10
539 696 10
539 698 10
539 699 10
539 700 10
539 701 10
539 703 10
539 704 10
539 705 10
539 707 10
539 708 10
539 737 10
539 739 10
539 740 10
539 745 10
539 760 10
540 287 10
540 292 10
540 293 10
540 296 10
540 297 10
540 298 10
540 299 10
540 301 10
540 309 10
540 310 10
540 312 10
540 313 10
540 315 10
540 316 10
540 317 10
540 319 10
540 320 10
540 321 10
540 322 10
540 324 10
540 326 10
540 330 10
540 333 10
540 334 10
540 336 10
540 345 10
540 347 10
540 360 10
540 365 10
540 390 10
540 391 10
540 394 10
540 402 10
540 403 10
540 404 10
540 406 10
540 407 10
540 409 10
540 413 10
540 415 10
540 416 10
540 420 10
540 425 10
540 427 10
540 429 10
540 430 10
540 431 10
540 432 10
540 433 10
540 436 10
540 437 10
540 443 10
540 446 10
540 451 10
540 465 10
540 466 10
540 469 10
540 482 10
540 486 10
540 489 10
540 493 10
540 499 10
540 502 10
540 503 10
540 505 10
540 507 10
540 513 10
540 522 10
540 523 10
540 536 10
540 537 10
540 538 10
540 539 10
540 540 10
540 543 10
540 544 10
540 547 10
540 548 10
540 551 10
540 552 10
540 553 10
540 556 10
540 560 10
540 561 10
540 562 10
540 563 10
540 564 10
540 565 10
540 566 10
540 568 10
540 570 10
540 571 10
540 575 10
540 576 10
540 586 10
540 591 10
540 592 10
540 593 10
540 595 10
540 597 10
540 598 10
540 599 10
540 600 10
540 603 10
540 606 10
540 611 10
540 612 10
540 614 10
540 615 10
540 616 10
540 619 10
540 631 10
540 632 10
540 636 10
540 639 10
540 641 10
540 642 10
540 643 10
540 644 10
540 645 10
540 648 10
540 649 10
540 654 10
540 659 10
540 662 10
540 663 10
540 664 10
540 665 10
540 667 10
540 670 10
540 675 10
540 677 10
540 678 10
540 679 10
540 680 10
540 681 10
540 682 10
540 683 10
540 684 10
540 689 10
540 691 10
540 692 10
540 694 10
540 695 10
540 696 10
540 697 10
540 698 10
540 703 10
540 704 10
540 705 10
540 706 10
540 707 10
540 710 10
540 718 10
540 722 10
540 746 10
540 747 10
540 751 10
540 764 10
540 780 10
541 288 10
541 292 10
541 294 10
541 299 10
541 307 10
541 308 10
541 309 10
541 311 10
541 322 10
541 325 10
541 327 10
541 330 10
541 331 10
541 332 10
541 333 10
541 336 10
541 350 10
541 360 10
541 361 10
541 364 10
541 367 10
541 386 10
541 388 10
541 390 10
541 392 10
541 394 10
541 399 10
541 403 10
541 404 10
541 405 10
541 406 10
541 407 10
541 410 10
541 411 10
541 413 10
541 416 10
541 417 10
541 420 10
541 422 10
541 423 10
541 424 10
541 432 10
541 435 10
541 438 10
541 441 10
541 444 10
541 445 10
541 466 10
541 467 10
541 484 10
541 485 10
541 486 10
541 488 10
541 490 10
541 491 10
541 494 10
541 496 10
541 501 10
541 502 10
541 503 10
541 507 10
541 510 10
541 514 10
541 522 10
541 523 10
541 527 10
541 532 10
541 539 10
541 542 10
541 543 10
541 544 10
541 545 10
541 546 10
541 547 10
541 548 10
541 550 10
541 551 10
541 552 10
541 553 10
541 554 10
541 555 10
541 557 10
541 558 10
541 559 10
541 562 10
541 563 10
541 564 10
541 565 10
541 566 10
541 567 10
541 568 10
541 570 10
541 572 10
541 574 10
541 576 10
541 577 10
541 578 10
541 579 10
541 588 10
541 589 10
541 594 10
541 596 10
541 598 10
541 600 10
541 607 10
541 611 10
541 614 10
541 615 10
541 616 10
541 618 10
541 623 10
541 625 10
541 628 10
541 631 10
541 632 10
541 636 10
541 642 10
541 645 10
541 646 10
541 650 10
541 652 10
541 656 10
541 657 10
541 658 10
541 661 10
541 666 10
541 670 10
541 671 10
541 674 10
541 678 10
541 679 10
541 681 10
541 686 10
541 688 10
541 690 10
541 691 10
541 692 10
541 694 10
541 695 10
541 696 10
541 697 10
541 698 10
541 700 10
541 702 10
541 704 10
541 705 10
541 706 10
541 707 10
541 716 10
541 718 10
541 719 10
541 729 10
541 745 10
541 751 10
541 759 10
542 284 10
542 286 10
542 288 10
542 292 10
542 293 10
542 295 10
542 297 10
542 300 10
542 308 10
542 311 10
542 312 10
542 314 10
542 315 10
542 317 10
542 321 10
542 322 10
542 327 10
542 328 10
542 329 10
542 332 10
542 334 10
542 336 10
542 339 10
542 347 10
542 348 10
542 352 10
542 355 10
542 360 10
542 362 10
542 365 10
542 367 10
542 368 10
542 385 10
542 387 10
542 388 10
542 389 10
542 391 10
542 402 10
542 403 10
542 404 10
542 406 10
542 407 10
542 408 10
542 413 10
542 417 10
542 420 10
542 424 10
542 425 10
542 427 10
542 430 10
542 432 10
542 437 10
542 438 10
542 439 10
542 440 10
542 449 10
542 465 10
542 468 10
542 469 10
542 482 10
542 489 10
542 490 10
542 492 10
542 501 10
542 502 10
542 504 10
542 505 10
542 506 10
542 509 10
542 510 10
542 511 10
542 518 10
542 519 10
542 521 10
542 523 10
542 524 10
542 525 10
542 530 10
542 537 10
542 538 10
542 541 10
542 544 10
542 546 10
542 547 10
542 549 10
542 550 10
542 556 10
542 559 10
542 561 10
542 563 10
542 564 10
542 566 10
542 568 10
542 570 10
542 571 10
542 579 10
542 581 10
542 588 10
542 594 10
542 597 10
542 598 10
542 599 10
542 602 10
542 605 10
542 611 10
542 612 10
542 616 10
542 617 10
542 618 10
542 623 10
542 625 10
542 626 10
542 628 10
542 630 10
542 631 10
542 635 10
542 640 10
542 643 10
542 644 10
542 645 10
542 647 10
542 654 10
542 660 10
542 664 10
542 665 10
542 667 10
542 669 10
542 670 10
542 677 10
542 680 10
542 682 10
542 683 10
542 685 10
542 686 10
542 687 10
542 689 10
542 690 10
542 691 10
542 692 10
542 695 10
542 696 10
542 698 10
542 699 10
542 700 10
542 703 10
542 704 10
542 705 10
542 706 10
542 707 10
542 709 10
542 714 10
542 719 10
542 721 10
542 732 10
542 734 10
542 735 10
542 746 10
542 750 10
542 756 10
542 759 10
542 761 10
542 764 10
542 780 10
543 261 10
543 262 10
543 290 10
543 291 10
543 292 10
543 295 10
543 297 10
543 299 10
543 301 10
543 302 10
543 305 10
543 309 10
543 311 10
543 314 10
543 315 10
543 318 10
543 319 10
543 320 10
543 324 10
543 326 10
543 329 10
543 331 10
543 334 10
543 342 10
543 343 10
543 350 10
543 352 10
543 353 10
543 354 10
543 357 10
543 359 10
543 360 10
543 364 10
543 365 10
543 381 10
543 382 10
543 385 10
543 387 10
543 389 10
543 390 10
543 391 10
543 393 10
543 395 10
543 404 10
543 406 10
543 407 10
543 408 10
543 410 10
543 412 10
543 417 10
543 419 10
543 421 10
543 423 10
543 424 10
543 431 10
543 435 10
543 436 10
543 438 10
543 439 10
543 441 10
543 464 10
543 465 10
543 466 10
543 467 10
543 469 10
543 473 10
543 489 10
543 490 10
543 492 10
543 493 10
543 494 10
543 496 10
543 498 10
543 501 10
543 509 10
543 512 10
543 515 10
543 516 10
543 517 10
543 520 10
543 521 10
543 522 10
543 524 10
543 526 10
543 532 10
543 539 10
543 541 10
543 544 10
543 545 10
543 546 10
543 549 10
543 551 10
543 557 10
543 558 10
543 561 10
543 564 10
543 566 10
543 567 10
543 568 10
543 569 10
543 570 10
543 573 10
543 574 10
543 577 10
543 578 10
543 579 10
543 581 10
543 605 10
543 608 10
543 611 10
543 615 10
543 617 10
543 623 10
543 632 10
543 646 10
543 647 10
543 648 10
543 652 10
543 653 10
543 654 10
543 656 10
543 657 10
543 662 10
543 665 10
543 667 10
543 668 10
543 669 10
543 677 10
543 679 10
543 683 10
543 685 10
543 689 10
543 692 10
543 693 10
543 694 10
543 697 10
543 698 10
543 699 10
543 700 10
543 701 10
543 702 10
543 703 10
543 704 10
543 705 10
543 706 10
543 708 10
543 710 10
543 733 10
543 736 10
543 745 10
543 749 10
543 761 10
543 762 10
543 764 10
544 284 10
544 287 10
544 288 10
544 290 10
544 292 10
544 293 10
544 294 10
544 298 10
544 299 10
544 300 10
544 303 10
544 304 10
544 306 10
544 309 10
544 311 10
544 312 10
544 315 10
544 316 10
544 324 10
544 325 10
544 327 10
544 328 10
544 329 10
544 330 10
544 331 10
544 332 10
544 333 10
544 334 10
544 335 10
544 336 10
544 340 10
544 343 10
544 347 10
544 348 10
544 350 10
544 352 10
544 362 10
544 365 10
544 368 10
544 377 10
544 380 10
544 381 10
544 382 10
544 385 10
544 388 10
544 389 10
544 403 10
544 404 10
544 407 10
544 410 10
544 414 10
544 420 10
544 424 10
544 428 10
544 429 10
544 431 10
544 441 10
544 444 10
544 447 10
544 467 10
544 468 10
544 469 10
544 483 10
544 484 10
544 488 10
544 490 10
544 492 10
544 495 10
544 498 10
544 500 10
544 502 10
544 504 10
544 507 10
544 509 10
544 513 10
544 515 10
544 517 10
544 518 10
544 520 10
544 521 10
544 523 10
544 524 10
544 528 10
544 531 10
544 532 10
544 534 10
544 537 10
544 539 10
544 541 10
544 544 10
544 546 10
544 547 10
544 548 10
544 549 10
544 551 10
544 552 10
544 557 10
544 559 10
544 560 10
544 561 10
544 566 10
544 567 10
544 568 10
544 569 10
544 570 10
544 571 10
544 574 10
544 588 10
544 602 10
544 605 10
544 607 10
544 617 10
544 631 10
544 641 10
544 642 10
544 644 10
544 656 10
544 659 10
544 666 10
544 667 10
544 675 10
544 677 10
544 681 10
544 684 10
544 686 10
544 687 10
544 688 10
544 690 10
544 692 10
544 693 10
544 697 10
544 698 10
544 700 10
544 701 10
544 702 10
544 703 10
544 704 10
544 705 10
544 706 10
544 707 10
544 708 10
544 709 10
544 711 10
544 715 10
544 718 10
544 720 10
544 721 10
544 724 10
544 725 10
544 731 10
544 732 10
544 735 10
544 737 10
544 744 10
544 745 10
544 746 10
544 747 10
544 754 10
544 755 10
544 756 10
544 757 10
544 758 10
544 761 10
544 780 10
544 782 10
545 261 10
545 291 10
545 292 10
545 293 10
545 294 10
545 295 10
545 296 10
545 301 10
545 302 10
545 303 10
545 304 10
545 309 10
545 310 10
545 314 10
545 316 10
545 319 10
545 320 10
545 321 10
545 323 10
545 329 10
545 332 10
545 334 10
545 335 10
545 336 10
545 337 10
545 338 10
545 339 10
545 342 10
545 343 10
545 344 10
545 350 10
545 351 10
545 352 10
545 356 10
545 358 10
545 359 10
545 360 10
545 363 10
545 364 10
545 365 10
545 366 10
545 368 10
545 370 10
545 373 10
545 376 10
545 382 10
545 384 10
545 389 10
545 392 10
545 393 10
545 394 10
545 395 10
545 404 10
545 407 10
545 410 10
545 412 10
545 414 10
545 417 10
545 418 10
545 420 10
545 421 10
545 422 10
545 424 10
545 428 10
545 430 10
545 431 10
545 435 10
545 436 10
545 437 10
545 439 10
545 441 10
545 443 10
545 445 10
545 446 10
545 464 10
545 466 10
545 468 10
545 470 10
545 479 10
545 482 10
545 487 10
545 492 10
545 493 10
545 496 10
545 497 10
545 498 10
545 500 10
545 502 10
545 515 10
545 516 10
545 517 10
545 518 10
545 519 10
545 520 10
545 521 10
545 522 10
545 523 10
545 524 10
545 525 10
545 526 10
545 527 10
545 529 10
545 531 10
545 532 10
545 533 10
545 538 10
545 539 10
545 544 10
545 545 10
545 546 10
545 547 10
545 549 10
545 551 10
545 553 10
545 556 10
545 557 10
545 558 10
545 559 10
545 561 10
545 563 10
545 565 10
545 567 10
545 568 10
545 569 10
545 571 10
545 579 10
545 580 10
545 589 10
545 606 10
545 607 10
545 608 10
545 612 10
545 642 10
545 644 10
545 646 10
545 648 10
545 649 10
545 650 10
545 656 10
545 657 10
545 658 10
545 660 10
545 661 10
545 663 10
545 665 10
545 666 10
545 677 10
545 681 10
545 682 10
545 683 10
545 685 10
545 688 10
545 691 10
545 693 10
545 695 10
545 700 10
545 701 10
545 702 10
545 703 10
545 704 10
545 705 10
545 706 10
545 709 10
545 725 10
545 726 10
545 733 10
545 735 10
545 746 10
545 747 10
545 752 10
545 756 10
545 758 10
545 759 10
545 761 10
545 762 10
545 763 10
545 781 10
545 785 10
546 261 10
546 264 10
546 283 10
546 285 10
546 288 10
546 291 10
546 292 10
546 293 10
546 294 10
546 299 10
546 304 10
546 307 10
546 309 10
546 314 10
546 315 10
546 317 10
546 318 10
546 319 10
546 325 10
546 328 10
546 329 10
546 331 10
546 332 10
546 333 10
546 334 10
546 335 10
546 339 10
546 342 10
546 344 10
546 346 10
546 348 10
546 350 10
546 352 10
546 353 10
546 354 10
546 356 10
546 357 10
546 360 10
546 361 10
546 362 10
546 363 10
546 364 10
546 365 10
546 366 10
546 367 10
546 369 10
546 373 10
546 375 10
546 381 10
546 385 10
546 391 10
546 396 10
546 407 10
546 408 10
546 409 10
546 410 10
546 411 10
546 412 10
546 413 10
546 414 10
546 415 10
546 423 10
546 425 10
546 428 10
546 429 10
546 432 10
546 433 10
546 436 10
546 437 10
546 443 10
546 444 10
546 446 10
546 467 10
546 469 10
546 480 10
546 481 10
546 486 10
546 489 10
546 490 10
546 491 10
546 493 10
546 494 10
546 499 10
546 500 10
546 501 10
546 502 10
546 509 10
546 511 10
546 512 10
546 513 10
546 514 10
546 515 10
546 516 10
546 517 10
546 518 10
546 519 10
546 520 10
546 521 10
546 522 10
546 523 10
546 524 10
546 525 10
546 527 10
546 528 10
546 529 10
546 531 10
546 532 10
546 535 10
546 540 10
546 546 10
546 549 10
546 552 10
546 553 10
546 557 10
546 559 10
546 560 10
546 561 10
546 562 10
546 563 10
546 565 10
546 567 10
546 568 10
546 569 10
546 570 10
546 572 10
546 574 10
546 575 10
546 579 10
546 580 10
546 584 10
546 585 10
546 586 10
546 587 10
546 588 10
546 604 10
546 613 10
546 616 10
546 622 10
546 634 10
546 636 10
546 637 10
546 638 10
546 639 10
546 641 10
546 642 10
546 644 10
546 645 10
546 653 10
546 655 10
546 658 10
546 660 10
546 661 10
546 662 10
546 663 10
546 667 10
546 671 10
546 672 10
546 680 10
546 682 10
546 683 10
546 690 10
546 696 10
546 697 10
546 698 10
546 699 10
546 701 10
546 702 10
546 703 10
546 704 10
546 705 10
546 706 10
546 708 10
546 725 10
546 730 10
546 733 10
546 734 10
546 735 10
546 739 10
546 745 10
546 753 10
546 756 10
546 757 10
546 761 10
546 764 10
546 788 10
547 253 10
547 283 10
547 293 10
547 294 10
547 296 10
547 297 10
547 299 10
547 300 10
547 301 10
547 303 10
547 304 10
547 305 10
547 308 10
547 319 10
547 320 10
547 321 10
547 327 10
547 328 10
547 329 10
547 330 10
547 331 10
547 333 10
547 334 10
547 335 10
547 337 10
547 339 10
547 340 10
547 344 10
547 345 10
547 346 10
547 347 10
547 352 10
547 353 10
547 354 10
547 356 10
547 357 10
547 359 10
547 360 10
547 361 10
547 362 10
547 363 10
547 364 10
547 365 10
547 366 10
547 367 10
547 370 10
547 377 10
547 381 10
547 383 10
547 392 10
547 396 10
547 410 10
547 411 10
547 412 10
547 413 10
547 414 10
547 416 10
547 422 10
547 424 10
547 426 10
547 427 10
547 428 10
547 429 10
547 431 10
547 433 10
547 434 10
547 436 10
547 440 10
547 468 10
547 477 10
547 481 10
547 485 10
547 488 10
547 489 10
547 490 10
547 491 10
547 492 10
547 493 10
547 494 10
547 495 10
547 496 10
547 498 10
547 502 10
547 504 10
547 505 10
547 506 10
547 507 10
547 510 10
547 511 10
547 513 10
547 514 10
547 515 10
547 516 10
547 517 10
547 518 10
547 519 10
547 520 10
547 521 10
547 522 10
547 523 10
547 524 10
547 526 10
547 529 10
547 530 10
547 531 10
547 532 10
547 533 10
547 534 10
547 535 10
547 536 10
547 537 10
547 538 10
547 539 10
547 541 10
547 551 10
547 556 10
547 557 10
547 558 10
547 559 10
547 560 10
547 561 10
547 563 10
547 564 10
547 565 10
547 570 10
547 573 10
547 574 10
547 578 10
547 579 10
547 582 10
547 584 10
547 592 10
547 593 10
547 594 10
547 605 10
547 606 10
547 607 10
547 609 10
547 615 10
547 630 10
547 632 10
547 633 10
547 640 10
547 641 10
547 642 10
547 643 10
547 646 10
547 647 10
547 648 10
547 653 10
547 656 10
547 658 10
547 661 10
547 662 10
547 663 10
547 665 10
547 666 10
547 669 10
547 670 10
547 674 10
547 685 10
547 696 10
547 697 10
547 699 10
547 701 10
547 704 10
547 706 10
547 707 10
547 708 10
547 710 10
547 720 10
547 726 10
547 737 10
547 738 10
547 744 10
547 745 10
547 746 10
547 759 10
547 762 10
547 764 10
547 783 10
548 256 10
548 263 10
548 264 10
548 284 10
548 285 10
548 286 10
548 290 10
548 298 10
548 305 10
548 306 10
548 310 10
548 311 10
548 314 10
548 316 10
548 318 10
548 321 10
548 322 10
548 324 10
548 331 10
548 332 10
548 333 10
548 334 10
548 336 10
548 337 10
548 343 10
548 345 10
548 348 10
548 349 10
548 350 10
548 351 10
548 355 10
548 357 10
548 358 10
548 359 10
548 362 10
548 363 10
548 364 10
548 366 10
548 367 10
548 368 10
548 369 10
548 370 10
548 375 10
548 392 10
548 394 10
548 397 10
548 398 10
548 407 10
548 408 10
548 410 10
548 411 10
548 412 10
548 413 10
548 415 10
548 416 10
548 418 10
548 419 10
548 422 10
548 425 10
548 429 10
548 430 10
548 431 10
548 432 10
548 433 10
548 434 10
548 435 10
548 438 10
548 439 10
548 445 10
548 446 10
548 469 10
548 477 10
548 478 10
548 479 10
548 480 10
548 488 10
548 490 10
548 491 10
548 492 10
548 494 10
548 495 10
548 496 10
548 498 10
548 499 10
548 501 10
548 506 10
548 508 10
548 511 10
548 514 10
548 515 10
548 516 10
548 517 10
548 518 10
548 519 10
548 520 10
548 521 10
548 522 10
548 523 10
548 524 10
548 529 10
548 531 10
548 534 10
548 535 10
548 543 10
548 545 10
548 546 10
548 553 10
548 554 10
548 555 10
548 556 10
548 557 10
548 558 10
548 559 10
548 560 10
548 561 10
548 562 10
548 564 10
548 565 10
548 566 10
548 567 10
548 569 10
548 570 10
548 571 10
548 572 10
548 574 10
548 575 10
548 576 10
548 577 10
548 581 10
548 582 10
548 583 10
548 586 10
548 591 10
548 593 10
548 607 10
548 615 10
548 618 10
548 630 10
548 635 10
548 637 10
548 638 10
548 639 10
548 641 10
548 642 10
548 643 10
548 644 10
548 645 10
548 648 10
548 650 10
548 655 10
548 656 10
548 657 10
548 659 10
548 660 10
548 661 10
548 662 10
548 663 10
548 664 10
548 667 10
548 674 10
548 681 10
548 682 10
548 683 10
548 684 10
548 688 10
548 690 10
548 691 10
548 697 10
548 700 10
548 701 10
548 702 10
548 704 10
548 706 10
548 707 10
548 710 10
548 714 10
548 715 10
548 733 10
548 735 10
548 736 10
548 738 10
548 742 10
548 743 10
548 744 10
548 746 10
548 748 10
548 749 10
548 756 10
548 758 10
548 759 10
548 760 10
548 762 10
548 765 10
549 254 10
549 255 10
549 263 10
549 288 10
549 292 10
549 293 10
549 302 10
549 312 10
549 316 10
549 317 10
549 323 10
549 325 10
549 326 10
549 327 10
549 331 10
549 332 10
549 333 10
549 334 10
549 335 10
549 338 10
549 339 10
549 342 10
549 344 10
549 351 10
549 353 10
549 355 10
549 359 10
549 360 10
549 361 10
549 362 10
549 363 10
549 365 10
549 366 10
549 367 10
549 368 10
549 369 10
549 370 10
549 374 10
549 376 10
549 381 10
549 382 10
549 386 10
549 388 10
549 396 10
549 409 10
549 410 10
549 411 10
549 412 10
549 413 10
549 414 10
549 415 10
549 416 10
549 418 10
549 419 10
549 421 10
549 422 10
549 424 10
549 425 10
549 426 10
549 427 10
549 428 10
549 430 10
549 431 10
549 432 10
549 433 10
549 435 10
549 438 10
549 440 10
549 441 10
549 443 10
549 446 10
549 447 10
549 448 10
549 465 10
549 468 10
549 478 10
549 485 10
549 486 10
549 487 10
549 489 10
549 490 10
549 491 10
549 493 10
549 494 10
549 495 10
549 496 10
549 499 10
549 500 10
549 501 10
549 504 10
549 511 10
549 515 10
549 516 10
549 517 10
549 518 10
549 519 10
549 520 10
549 521 10
549 522 10
549 524 10
549 525 10
549 526 10
549 527 10
549 530 10
549 534 10
549 535 10
549 537 10
549 538 10
549 539 10
549 540 10
549 542 10
549 553 10
549 554 10
549 558 10
549 559 10
549 560 10
549 561 10
549 562 10
549 566 10
549 568 10
549 569 10
549 570 10
549 571 10
549 572 10
549 574 10
549 576 10
549 577 10
549 584 10
549 590 10
549 592 10
549 596 10
549 608 10
549 609 10
549 614 10
549 619 10
549 621 10
549 625 10
549 630 10
549 632 10
549 633 10
549 635 10
549 637 10
549 640 10
549 641 10
549 642 10
549 645 10
549 649 10
549 654 10
549 658 10
549 660 10
549 661 10
549 662 10
549 663 10
549 665 10
549 668 10
549 677 10
549 683 10
549 684 10
549 686 10
549 687 10
549 688 10
549 689 10
549 690 10
549 694 10
549 696 10
549 698 10
549 700 10
549 703 10
549 705 10
549 706 10
549 707 10
549 708 10
549 709 10
549 710 10
549 719 10
549 722 10
549 725 10
549 726 10
549 727 10
549 731 10
549 733 10
549 734 10
549 736 10
549 747 10
549 748 10
549 749 10
549 750 10
549 751 10
549 752 10
549 756 10
549 757 10
549 759 10
549 760 10
549 763 10
549 766 10
550 253 10
550 288 10
550 289 10
550 290 10
550 291 10
550 293 10
550 294 10
550 296 10
550 297 10
550 299 10
550 300 10
550 305 10
550 306 10
550 310 10
550 311 10
550 312 10
550 317 10
550 318 10
550 319 10
550 320 10
550 321 10
550 324 10
550 327 10
550 328 10
550 332 10
550 333 10
550 334 10
550 339 10
550 346 10
550 352 10
550 353 10
550 358 10
550 359 10
550 360 10
550 361 10
550 363 10
550 365 10
550 369 10
550 370 10
550 371 10
550 379 10
550 380 10
550 382 10
550 387 10
550 393 10
550 394 10
550 397 10
550 398 10
550 399 10
550 408 10
550 409 10
550 412 10
550 413 10
550 418 10
550 419 10
550 420 10
550 421 10
550 422 10
550 423 10
550 425 10
550 428 10
550 429 10
550 430 10
550 432 10
550 433 10
550 434 10
550 436 10
550 437 10
550 439 10
550 440 10
550 441 10
550 443 10
550 445 10
550 449 10
550 456 10
550 474 10
550 475 10
550 479 10
550 482 10
550 485 10
550 486 10
550 489 10
550 491 10
550 493 10
550 495 10
550 496 10
550 497 10
550 498 10
550 500 10
550 501 10
550 502 10
550 503 10
550 505 10
550 506 10
550 507 10
550 509 10
550 516 10
550 517 10
550 518 10
550 519 10
550 520 10
550 521 10
550 523 10
550 524 10
550 525 10
550 526 10
550 527 10
550 528 10
550 530 10
550 532 10
550 533 10
550 536 10
550 537 10
550 538 10
550 539 10
550 541 10
550 542 10
550 543 10
550 545 10
550 555 10
550 557 10
550 560 10
550 562 10
550 563 10
550 564 10
550 565 10
550 566 10
550 569 10
550 570 10
550 571 10
550 572 10
550 574 10
550 576 10
550 577 10
550 578 10
550 580 10
550 581 10
550 582 10
550 584 10
550 590 10
550 591 10
550 593 10
550 595 10
550 597 10
550 599 10
550 600 10
550 602 10
550 607 10
550 609 10
550 614 10
550 615 10
550 616 10
550 619 10
550 621 10
550 629 10
550 630 10
550 639 10
550 640 10
550 641 10
550 642 10
550 643 10
550 644 10
550 645 10
550 646 10
550 647 10
550 648 10
550 649 10
550 650 10
550 656 10
550 658 10
550 659 10
550 661 10
550 663 10
550 664 10
550 671 10
550 679 10
550 681 10
550 683 10
550 684 10
550 686 10
550 687 10
550 691 10
550 693 10
550 697 10
550 699 10
550 700 10
550 701 10
550 704 10
550 707 10
550 710 10
550 711 10
550 713 10
550 715 10
550 717 10
550 723 10
550 724 10
550 726 10
550 733 10
550 735 10
550 737 10
550 738 10
550 741 10
550 743 10
550 747 10
550 748 10
550 749 10
550 751 10
550 757 10
550 758 10
550 759 10
550 760 10
550 761 10
550 762 10
550 764 10
550 766 10
550 768 10
550 784 10
550 785 10
551 288 10
551 289 10
551 290 10
551 292 10
551 294 10
551 298 10
551 299 10
551 306 10
551 313 10
551 324 10
551 325 10
551 330 10
551 333 10
551 335 10
551 337 10
551 343 10
551 344 10
551 350 10
551 352 10
551 359 10
551 361 10
551 362 10
551 364 10
551 365 10
551 366 10
551 367 10
551 372 10
551 379 10
551 381 10
551 383 10
551 384 10
551 385 10
551 408 10
551 411 10
551 413 10
551 414 10
551 416 10
551 419 10
551 420 10
551 422 10
551 423 10
551 424 10
551 426 10
551 430 10
551 432 10
551 433 10
551 434 10
551 435 10
551 439 10
551 440 10
551 441 10
551 443 10
551 447 10
551 449 10
551 458 10
551 477 10
551 481 10
551 482 10
551 483 10
551 484 10
551 485 10
551 486 10
551 491 10
551 493 10
551 494 10
551 496 10
551 497 10
551 499 10
551 500 10
551 502 10
551 503 10
551 504 10
551 505 10
551 506 10
551 509 10
551 510 10
551 511 10
551 514 10
551 516 10
551 518 10
551 519 10
551 521 10
551 524 10
551 528 10
551 530 10
551 532 10
551 538 10
551 541 10
551 544 10
551 547 10
551 550 10
551 553 10
551 555 10
551 556 10
551 557 10
551 558 10
551 559 10
551 561 10
551 563 10
551 565 10
551 566 10
551 567 10
551 570 10
551 571 10
551 572 10
551 573 10
551 574 10
551 576 10
551 577 10
551 579 10
551 580 10
551 583 10
551 588 10
551 593 10
551 595 10
551 597 10
551 598 10
551 599 10
551 601 10
551 602 10
551 606 10
551 607 10
551 609 10
551 616 10
551 617 10
551 618 10
551 619 10
551 620 10
551 633 10
551 636 10
551 638 10
551 639 10
551 641 10
551 643 10
551 645 10
551 648 10
551 652 10
551 653 10
551 656 10
551 658 10
551 660 10
551 662 10
551 663 10
551 665 10
551 666 10
551 669 10
551 673 10
551 675 10
551 685 10
551 687 10
551 688 10
551 689 10
551 690 10
551 692 10
551 693 10
551 694 10
551 698 10
551 702 10
551 705 10
551 707 10
551 711 10
551 713 10
551 722 10
551 727 10
551 733 10
551 734 10
551 735 10
551 740 10
551 741 10
551 742 10
551 746 10
551 748 10
551 750 10
551 751 10
551 752 10
551 753 10
551 756 10
551 758 10
551 759 10
551 760 10
551 761 10
551 763 10
551 764 10
551 765 10
551 766 10
551 768 10
551 783 10
551 785 10
552 247 10
552 261 10
552 289 10
552 290 10
552 291 10
552 292 10
552 294 10
552 296 10
552 297 10
552 301 10
552 303 10
552 304 10
552 315 10
552 319 10
552 320 10
552 321 10
552 322 10
552 323 10
552 324 10
552 325 10
552 329 10
552 331 10
552 332 10
552 333 10
552 336 10
552 337 10
552 338 10
552 341 10
552 342 10
552 345 10
552 346 10
552 361 10
552 362 10
552 364 10
552 365 10
552 368 10
552 370 10
552 374 10
552 397 10
552 407 10
552 416 10
552 419 10
552 420 10
552 424 10
552 426 10
552 429 10
552 430 10
552 431 10
552 432 10
552 433 10
552 434 10
552 438 10
552 439 10
552 440 10
552 458 10
552 459 10
552 478 10
552 479 10
552 480 10
552 481 10
552 484 10
552 486 10
552 494 10
552 495 10
552 499 10
552 501 10
552 502 10
552 503 10
552 504 10
552 505 10
552 507 10
552 510 10
552 514 10
552 515 10
552 518 10
552 524 10
552 525 10
552 526 10
552 527 10
552 528 10
552 529 10
552 533 10
552 534 10
552 536 10
552 537 10
552 539 10
552 541 10
552 542 10
552 543 10
552 544 10
552 545 10
552 546 10
552 547 10
552 551 10
552 553 10
552 555 10
552 557 10
552 561 10
552 565 10
552 567 10
552 568 10
552 569 10
552 570 10
552 572 10
552 573 10
552 575 10
552 576 10
552 578 10
552 579 10
552 580 10
552 581 10
552 585 10
552 586 10
552 587 10
552 593 10
552 594 10
552 600 10
552 605 10
552 606 10
552 612 10
552 613 10
552 615 10
552 616 10
552 617 10
552 618 10
552 619 10
552 621 10
552 622 10
552 632 10
552 633 10
552 637 10
552 640 10
552 643 10
552 647 10
552 650 10
552 652 10
552 653 10
552 654 10
552 656 10
552 657 10
552 658 10
552 661 10
552 662 10
552 663 10
552 672 10
552 674 10
552 675 10
552 676 10
552 683 10
552 685 10
552 686 10
552 687 10
552 688 10
552 690 10
552 692 10
552 693 10
552 694 10
552 695 10
552 698 10
552 700 10
552 702 10
552 704 10
552 706 10
552 707 10
552 708 10
552 709 10
552 710 10
552 713 10
552 717 10
552 736 10
552 741 10
552 744 10
552 749 10
552 752 10
552 753 10
552 760 10
552 761 10
552 762 10
552 764 10
552 766 10
552 767 10
552 768 10
552 770 10
552 786 10
553 259 10
553 293 10
553 298 10
553 300 10
553 302 10
553 303 10
553 304 10
553 313 10
553 325 10
553 327 10
553 331 10
553 332 10
553 343 10
553 344 10
553 345 10
553 347 10
553 349 10
553 350 10
553 356 10
553 357 10
553 359 10
553 360 10
553 363 10
553 365 10
553 384 10
553 385 10
553 395 10
553 397 10
553 411 10
553 412 10
553 429 10
553 430 10
553 431 10
553 432 10
553 433 10
553 439 10
553 441 10
553 442 10
553 443 10
553 444 10
553 445 10
553 447 10
553 448 10
553 449 10
553 478 10
553 479 10
553 480 10
553 483 10
553 485 10
553 486 10
553 488 10
553 494 10
553 495 10
553 497 10
553 498 10
553 499 10
553 500 10
553 501 10
553 503 10
553 504 10
553 505 10
553 506 10
553 507 10
553 508 10
553 509 10
553 510 10
553 511 10
553 518 10
553 519 10
553 524 10
553 525 10
553 526 10
553 527 10
553 532 10
553 533 10
553 537 10
553 539 10
553 544 10
553 546 10
553 550 10
553 553 10
553 554 10
553 557 10
553 558 10
553 559 10
553 560 10
553 562 10
553 564 10
553 565 10
553 568 10
553 570 10
553 572 10
553 574 10
553 576 10
553 577 10
553 578 10
553 579 10
553 580 10
553 582 10
553 583 10
553 586 10
553 587 10
553 591 10
553 595 10
553 601 10
553 603 10
553 607 10
553 611 10
553 612 10
553 613 10
553 614 10
553 615 10
553 616 10
553 617 10
553 618 10
553 619 10
553 620 10
553 621 10
553 626 10
553 628 10
553 630 10
553 633 10
553 635 10
553 638 10
553 639 10
553 640 10
553 641 10
553 642 10
553 643 10
553 644 10
553 646 10
553 647 10
553 648 10
553 649 10
553 652 10
553 653 10
553 654 10
553 656 10
553 657 10
553 659 10
553 660 10
553 662 10
553 663 10
553 678 10
553 679 10
553 680 10
553 682 10
553 685 10
553 688 10
553 689 10
553 690 10
553 691 10
553 692 10
553 693 10
553 694 10
553 697 10
553 700 10
553 701 10
553 707 10
553 708 10
553 709 10
553 710 10
553 712 10
553 714 10
553 737 10
553 743 10
553 744 10
553 746 10
553 748 10
553 749 10
553 751 10
553 752 10
553 753 10
553 755 10
553 757 10
553 758 10
553 759 10
553 760 10
553 762 10
553 767 10
554 290 10
554 293 10
554 316 10
554 320 10
554 322 10
554 323 10
554 324 10
554 325 10
554 326 10
554 328 10
554 332 10
554 341 10
554 357 10
554 364 10
554 366 10
554 371 10
554 373 10
554 374 10
554 380 10
554 415 10
554 417 10
554 419 10
554 420 10
554 421 10
554 423 10
554 427 10
554 431 10
554 432 10
554 436 10
554 437 10
554 442 10
554 443 10
554 445 10
554 448 10
554 451 10
554 452 10
554 455 10
554 478 10
554 480 10
554 484 10
554 486 10
554 491 10
554 493 10
554 496 10
554 498 10
554 501 10
554 504 10
554 506 10
554 508 10
554 521 10
554 525 10
554 526 10
554 528 10
554 529 10
554 531 10
554 532 10
554 533 10
554 534 10
554 540 10
554 541 10
554 545 10
554 546 10
554 548 10
554 550 10
554 551 10
554 552 10
554 553 10
554 556 10
554 557 10
554 565 10
554 571 10
554 572 10
554 574 10
554 579 10
554 580 10
554 582 10
554 583 10
554 584 10
554 585 10
554 586 10
554 587 10
554 588 10
554 589 10
554 590 10
554 592 10
554 593 10
554 595 10
554 606 10
554 607 10
554 611 10
554 612 10
554 614 10
554 615 10
554 616 10
554 617 10
554 618 10
554 619 10
554 620 10
554 632 10
554 634 10
554 641 10
554 642 10
554 646 10
554 648 10
554 649 10
554 651 10
554 655 10
554 656 10
554 657 10
554 658 10
554 659 10
554 660 10
554 661 10
554 662 10
554 663 10
554 664 10
554 665 10
554 667 10
554 668 10
554 677 10
554 684 10
554 685 10
554 687 10
554 688 10
554 689 10
554 690 10
554 691 10
554 692 10
554 695 10
554 696 10
554 699 10
554 703 10
554 705 10
554 708 10
554 710 10
554 735 10
554 738 10
554 741 10
554 743 10
554 744 10
554 745 10
554 746 10
554 747 10
554 748 10
554 749 10
554 755 10
554 756 10
554 757 10
554 758 10
554 759 10
554 760 10
554 761 10
554 763 10
554 764 10
554 769 10
554 781 10
554 785 10
555 290 10
555 291 10
555 295 10
555 296 10
555 300 10
555 316 10
555 324 10
555 329 10
555 330 10
555 332 10
555 337 10
555 338 10
555 350 10
555 351 10
555 353 10
555 357 10
555 359 10
555 361 10
555 370 10
555 378 10
555 379 10
555 380 10
555 381 10
555 382 10
555 392 10
555 405 10
555 411 10
555 426 10
555 427 10
555 429 10
555 430 10
555 431 10
555 432 10
555 433 10
555 434 10
555 439 10
555 441 10
555 442 10
555 445 10
555 446 10
555 448 10
555 449 10
555 450 10
555 452 10
555 453 10
555 457 10
555 458 10
555 479 10
555 481 10
555 488 10
555 489 10
555 490 10
555 491 10
555 493 10
555 501 10
555 503 10
555 505 10
555 506 10
555 512 10
555 514 10
555 515 10
555 522 10
555 524 10
555 526 10
555 527 10
555 529 10
555 530 10
555 534 10
555 535 10
555 536 10
555 537 10
555 538 10
555 539 10
555 543 10
555 544 10
555 549 10
555 552 10
555 557 10
555 559 10
555 560 10
555 564 10
555 565 10
555 566 10
555 567 10
555 568 10
555 574 10
555 575 10
555 576 10
555 577 10
555 579 10
555 580 10
555 581 10
555 584 10
555 588 10
555 589 10
555 590 10
555 602 10
555 603 10
555 604 10
555 607 10
555 610 10
555 611 10
555 612 10
555 613 10
555 614 10
555 615 10
555 616 10
555 617 10
555 618 10
555 619 10
555 621 10
555 631 10
555 632 10
555 633 10
555 635 10
555 636 10
555 638 10
555 640 10
555 644 10
555 645 10
555 648 10
555 650 10
555 651 10
555 655 10
555 656 10
555 657 10
555 658 10
555 659 10
555 660 10
555 661 10
555 662 10
555 663 10
555 665 10
555 666 10
555 667 10
555 668 10
555 669 10
555 671 10
555 672 10
555 678 10
555 679 10
555 687 10
555 689 10
555 690 10
555 691 10
555 692 10
555 693 10
555 694 10
555 695 10
555 698 10
555 700 10
555 705 10
555 707 10
555 708 10
555 710 10
555 711 10
555 714 10
555 715 10
555 719 10
555 736 10
555 742 10
555 744 10
555 746 10
555 747 10
555 748 10
555 749 10
555 751 10
555 752 10
555 755 10
555 757 10
555 761 10
555 762 10
555 779 10
556 297 10
556 299 10
556 300 10
556 302 10
556 317 10
556 321 10
556 322 10
556 324 10
556 327 10
556 332 10
556 333 10
556 335 10
556 339 10
556 342 10
556 343 10
556 344 10
556 347 10
556 350 10
556 352 10
556 356 10
556 358 10
556 359 10
556 361 10
556 366 10
556 370 10
556 371 10
556 372 10
556 373 10
556 380 10
556 382 10
556 384 10
556 392 10
556 400 10
556 402 10
556 403 10
556 404 10
556 405 10
556 416 10
556 418 10
556 420 10
556 429 10
556 438 10
556 441 10
556 443 10
556 444 10
556 449 10
556 450 10
556 453 10
556 454 10
556 482 10
556 485 10
556 486 10
556 489 10
556 493 10
556 501 10
556 503 10
556 504 10
556 505 10
556 507 10
556 510 10
556 511 10
556 520 10
556 522 10
556 523 10
556 527 10
556 536 10
556 537 10
556 538 10
556 539 10
556 541 10
556 543 10
556 545 10
556 546 10
556 551 10
556 552 10
556 553 10
556 554 10
556 558 10
556 559 10
556 562 10
556 563 10
556 565 10
556 566 10
556 567 10
556 576 10
556 577 10
556 580 10
556 581 10
556 582 10
556 583 10
556 585 10
556 586 10
556 590 10
556 592 10
556 593 10
556 596 10
556 600 10
556 602 10
556 604 10
556 605 10
556 606 10
556 609 10
556 611 10
556 614 10
556 616 10
556 617 10
556 630 10
556 633 10
556 635 10
556 638 10
556 639 10
556 641 10
556 642 10
556 643 10
556 646 10
556 647 10
556 649 10
556 652 10
556 654 10
556 656 10
556 658 10
556 659 10
556 660 10
556 661 10
556 662 10
556 664 10
556 665 10
556 666 10
556 668 10
556 671 10
556 673 10
556 674 10
556 676 10
556 678 10
556 683 10
556 687 10
556 688 10
556 689 10
556 690 10
556 691 10
556 692 10
556 695 10
556 696 10
556 698 10
556 700 10
556 706 10
556 709 10
556 716 10
556 734 10
556 743 10
556 751 10
556 752 10
556 753 10
556 754 10
556 757 10
556 758 10
556 759 10
556 760 10
556 761 10
556 780 10
557 284 10
557 291 10
557 297 10
557 302 10
557 306 10
557 308 10
557 315 10
557 320 10
557 321 10
557 322 10
557 328 10
557 329 10
557 330 10
557 338 10
557 340 10
557 344 10
557 351 10
557 354 10
557 356 10
557 357 10
557 358 10
557 361 10
557 364 10
557 365 10
557 371 10
557 372 10
557 380 10
557 381 10
557 384 10
557 393 10
557 395 10
557 404 10
557 410 10
557 413 10
557 416 10
557 418 10
557 419 10
557 439 10
557 440 10
557 445 10
557 451 10
557 452 10
557 453 10
557 456 10
557 464 10
557 466 10
557 469 10
557 471 10
557 484 10
557 485 10
557 487 10
557 491 10
557 492 10
557 497 10
557 499 10
557 503 10
557 508 10
557 510 10
557 512 10
557 514 10
557 515 10
557 516 10
557 518 10
557 519 10
557 526 10
557 528 10
557 531 10
557 536 10
557 537 10
557 538 10
557 539 10
557 543 10
557 544 10
557 545 10
557 546 10
557 547 10
557 550 10
557 555 10
557 556 10
557 559 10
557 560 10
557 561 10
557 563 10
557 564 10
557 565 10
557 566 10
557 570 10
557 571 10
557 573 10
557 576 10
557 578 10
557 581 10
557 582 10
557 584 10
557 585 10
557 587 10
557 591 10
557 600 10
557 601 10
557 602 10
557 604 10
557 605 10
557 607 10
557 608 10
557 609 10
557 612 10
557 614 10
557 615 10
557 616 10
557 617 10
557 618 10
557 620 10
557 621 10
557 623 10
557 633 10
557 634 10
557 637 10
557 640 10
557 643 10
557 645 10
557 646 10
557 647 10
557 649 10
557 650 10
557 651 10
557 652 10
557 653 10
557 654 10
557 655 10
557 658 10
557 660 10
557 661 10
557 663 10
557 665 10
557 666 10
557 667 10
557 668 10
557 669 10
557 673 10
557 674 10
557 680 10
557 681 10
557 682 10
557 684 10
557 686 10
557 687 10
557 688 10
557 689 10
557 690 10
557 693 10
557 694 10
557 695 10
557 698 10
557 699 10
557 705 10
557 706 10
557 709 10
557 710 10
557 714 10
557 715 10
557 717 10
557 732 10
557 733 10
557 736 10
557 743 10
557 744 10
557 745 10
557 747 10
557 753 10
557 754 10
557 755 10
557 758 10
557 780 10
557 781 10
558 282 10
558 284 10
558 287 10
558 289 10
558 301 10
558 304 10
558 307 10
558 316 10
558 317 10
558 318 10
558 319 10
558 322 10
558 325 10
558 326 10
558 333 10
558 340 10
558 343 10
558 346 10
558 347 10
558 348 10
558 350 10
558 354 10
558 355 10
558 358 10
558 359 10
558 360 10
558 362 10
558 364 10
558 369 10
558 370 10
558 371 10
558 372 10
558 373 10
558 375 10
558 378 10
558 383 10
558 387 10
558 388 10
558 389 10
558 390 10
558 391 10
558 397 10
558 413 10
558 414 10
558 417 10
558 419 10
558 422 10
558 437 10
558 440 10
558 442 10
558 450 10
558 454 10
558 457 10
558 465 10
558 472 10
558 481 10
558 483 10
558 484 10
558 486 10
558 490 10
558 491 10
558 497 10
558 501 10
558 503 10
558 510 10
558 511 10
558 512 10
558 513 10
558 518 10
558 528 10
558 534 10
558 535 10
558 536 10
558 538 10
558 540 10
558 541 10
558 543 10
558 544 10
558 547 10
558 548 10
558 550 10
558 552 10
558 555 10
558 556 10
558 557 10
558 559 10
558 561 10
558 562 10
558 564 10
558 569 10
558 570 10
558 572 10
558 576 10
558 577 10
558 578 10
558 579 10
558 580 10
558 581 10
558 582 10
558 585 10
558 586 10
558 589 10
558 592 10
558 597 10
558 598 10
558 603 10
558 604 10
558 606 10
558 607 10
558 608 10
558 609 10
558 610 10
558 611 10
558 612 10
558 613 10
558 616 10
558 617 10
558 619 10
558 622 10
558 626 10
558 627 10
558 631 10
558 633 10
558 634 10
558 636 10
558 637 10
558 639 10
558 641 10
558 644 10
558 648 10
558 649 10
558 651 10
558 653 10
558 654 10
558 655 10
558 656 10
558 657 10
558 658 10
558 660 10
558 663 10
558 664 10
558 665 10
558 668 10
558 669 10
558 671 10
558 674 10
558 676 10
558 677 10
558 679 10
558 682 10
558 685 10
558 688 10
558 689 10
558 690 10
558 691 10
558 692 10
558 696 10
558 697 10
558 698 10
558 699 10
558 700 10
558 701 10
558 704 10
558 705 10
558 706 10
558 707 10
558 708 10
558 711 10
558 715 10
558 719 10
558 720 10
558 743 10
558 744 10
558 745 10
558 747 10
558 751 10
558 754 10
558 758 10
558 759 10
558 760 10
559 254 10
559 256 10
559 287 10
559 289 10
559 293 10
559 295 10
559 300 10
559 316 10
559 319 10
559 320 10
559 322 10
559 329 10
559 334 10
559 340 10
559 342 10
559 344 10
559 346 10
559 347 10
559 348 10
559 349 10
559 354 10
559 355 10
559 357 10
559 359 10
559 361 10
559 363 10
559 366 10
559 369 10
559 370 10
559 371 10
559 373 10
559 378 10
559 382 10
559 383 10
559 384 10
559 386 10
559 392 10
559 394 10
559 397 10
559 399 10
559 402 10
559 406 10
559 410 10
559 411 10
559 420 10
559 422 10
559 439 10
559 442 10
559 450 10
559 452 10
559 453 10
559 458 10
559 460 10
559 465 10
559 472 10
559 491 10
559 492 10
559 496 10
559 503 10
559 509 10
559 511 10
559 513 10
559 514 10
559 518 10
559 520 10
559 521 10
559 526 10
559 527 10
559 528 10
559 530 10
559 533 10
559 534 10
559 536 10
559 537 10
559 538 10
559 540 10
559 543 10
559 545 10
559 547 10
559 550 10
559 553 10
559 556 10
559 559 10
559 560 10
559 561 10
559 562 10
559 566 10
559 567 10
559 580 10
559 582 10
559 586 10
559 587 10
559 590 10
559 592 10
559 593 10
559 594 10
559 595 10
559 599 10
559 600 10
559 603 10
559 606 10
559 612 10
559 613 10
559 615 10
559 616 10
559 617 10
559 618 10
559 619 10
559 621 10
559 622 10
559 624 10
559 631 10
559 632 10
559 633 10
559 634 10
559 635 10
559 640 10
559 641 10
559 642 10
559 643 10
559 644 10
559 645 10
559 647 10
559 648 10
559 649 10
559 650 10
559 652 10
559 655 10
559 658 10
559 659 10
559 660 10
559 662 10
559 665 10
559 666 10
559 670 10
559 678 10
559 679 10
559 681 10
559 682 10
559 684 10
559 685 10
559 686 10
559 688 10
559 689 10
559 691 10
559 694 10
559 695 10
559 697 10
559 698 10
559 703 10
559 705 10
559 707 10
559 708 10
559 709 10
559 710 10
559 711 10
559 714 10
559 716 10
559 717 10
559 718 10
559 730 10
559 734 10
559 736 10
559 737 10
559 738 10
559 739 10
559 742 10
559 747 10
559 760 10
560 284 10
560 293 10
560 296 10
560 297 10
560 300 10
560 301 10
560 304 10
560 306 10
560 307 10
560 317 10
560 318 10
560 319 10
560 320 10
560 322 10
560 323 10
560 333 10
560 338 10
560 341 10
560 343 10
560 345 10
560 347 10
560 349 10
560 357 10
560 359 10
560 360 10
560 361 10
560 363 10
560 364 10
560 366 10
560 367 10
560 368 10
560 369 10
560 372 10
560 376 10
560 379 10
560 384 10
560 385 10
560 391 10
560 392 10
560 394 10
560 412 10
560 413 10
560 414 10
560 420 10
560 423 10
560 439 10
560 441 10
560 448 10
560 449 10
560 454 10
560 455 10
560 456 10
560 462 10
560 463 10
560 464 10
560 465 10
560 466 10
560 468 10
560 469 10
560 470 10
560 482 10
560 483 10
560 487 10
560 489 10
560 490 10
560 491 10
560 495 10
560 497 10
560 498 10
560 506 10
560 509 10
560 514 10
560 520 10
560 522 10
560 524 10
560 530 10
560 534 10
560 536 10
560 537 10
560 539 10
560 541 10
560 545 10
560 546 10
560 547 10
560 548 10
560 549 10
560 550 10
560 552 10
560 553 10
560 555 10
560 558 10
560 560 10
560 561 10
560 562 10
560 563 10
560 564 10
560 565 10
560 567 10
560 576 10
560 579 10
560 581 10
560 583 10
560 584 10
560 586 10
560 587 10
560 589 10
560 591 10
560 593 10
560 594 10
560 596 10
560 597 10
560 598 10
560 599 10
560 600 10
560 603 10
560 605 10
560 609 10
560 610 10
560 611 10
560 612 10
560 613 10
560 616 10
560 617 10
560 618 10
560 619 10
560 620 10
560 623 10
560 625 10
560 626 10
560 627 10
560 628 10
560 631 10
560 632 10
560 634 10
560 636 10
560 637 10
560 639 10
560 641 10
560 642 10
560 644 10
560 645 10
560 646 10
560 647 10
560 649 10
560 650 10
560 651 10
560 652 10
560 653 10
560 655 10
560 656 10
560 657 10
560 659 10
560 661 10
560 668 10
560 669 10
560 670 10
560 671 10
560 672 10
560 678 10
560 679 10
560 681 10
560 687 10
560 688 10
560 689 10
560 692 10
560 693 10
560 694 10
560 695 10
560 699 10
560 701 10
560 705 10
560 706 10
560 707 10
560 708 10
560 712 10
560 715 10
560 716 10
560 717 10
560 718 10
560 733 10
560 735 10
560 739 10
560 744 10
560 745 10
560 746 10
560 748 10
560 749 10
560 750 10
560 753 10
560 758 10
561 256 10
561 283 10
561 292 10
561 318 10
561 319 10
561 321 10
561 325 10
561 327 10
561 328 10
561 330 10
561 332 10
561 333 10
561 334 10
561 341 10
561 344 10
561 346 10
561 366 10
561 368 10
561 369 10
561 371 10
561 372 10
561 375 10
561 376 10
561 377 10
561 380 10
561 381 10
561 385 10
561 387 10
561 390 10
561 392 10
561 393 10
561 410 10
561 418 10
561 425 10
561 427 10
561 435 10
561 446 10
561 449 10
561 453 10
561 456 10
561 461 10
561 463 10
561 466 10
561 468 10
561 485 10
561 486 10
561 487 10
561 489 10
561 490 10
561 493 10
561 495 10
561 496 10
561 504 10
561 509 10
561 511 10
561 513 10
561 516 10
561 520 10
561 525 10
561 527 10
561 528 10
561 529 10
561 536 10
561 537 10
561 542 10
561 544 10
561 545 10
561 546 10
561 547 10
561 548 10
561 551 10
561 554 10
561 556 10
561 557 10
561 558 10
561 559 10
561 560 10
561 561 10
561 563 10
561 564 10
561 565 10
561 567 10
561 568 10
561 569 10
561 570 10
561 571 10
561 572 10
561 578 10
561 580 10
561 581 10
561 583 10
561 588 10
561 589 10
561 592 10
561 596 10
561 597 10
561 599 10
561 602 10
561 605 10
561 613 10
561 614 10
561 616 10
561 617 10
561 618 10
561 620 10
561 622 10
561 624 10
561 627 10
561 629 10
561 631 10
561 632 10
561 633 10
561 634 10
561 635 10
561 636 10
561 638 10
561 639 10
561 640 10
561 641 10
561 643 10
561 646 10
561 647 10
561 648 10
561 649 10
561 652 10
561 654 10
561 655 10
561 656 10
561 657 10
561 658 10
561 659 10
561 664 10
561 666 10
561 668 10
561 671 10
561 681 10
561 683 10
561 684 10
561 686 10
561 687 10
561 689 10
561 691 10
561 692 10
561 696 10
561 697 10
561 698 10
561 699 10
561 700 10
561 702 10
561 703 10
561 704 10
561 705 10
561 708 10
561 710 10
561 711 10
561 712 10
561 713 10
561 716 10
561 717 10
561 719 10
561 720 10
561 726 10
561 728 10
561 734 10
561 737 10
561 738 10
561 739 10
561 744 10
561 749 10
561 750 10
561 752 10
561 755 10
561 756 10
561 757 10
561 762 10
562 285 10
562 292 10
562 294 10
562 296 10
562 306 10
562 307 10
562 312 10
562 314 10
562 315 10
562 319 10
562 321 10
562 322 10
562 323 10
562 325 10
562 328 10
562 347 10
562 368 10
562 370 10
562 373 10
562 381 10
562 382 10
562 384 10
562 387 10
562 389 10
562 391 10
562 392 10
562 393 10
562 401 10
562 411 10
562 414 10
562 415 10
562 420 10
562 421 10
562 436 10
562 438 10
562 449 10
562 453 10
562 455 10
562 456 10
562 461 10
562 465 10
562 466 10
562 470 10
562 479 10
562 487 10
562 488 10
562 490 10
562 493 10
562 497 10
562 506 10
562 512 10
562 513 10
562 514 10
562 515 10
562 516 10
562 526 10
562 528 10
562 531 10
562 534 10
562 544 10
562 545 10
562 546 10
562 548 10
562 549 10
562 550 10
562 551 10
562 552 10
562 553 10
562 556 10
562 558 10
562 559 10
562 560 10
562 562 10
562 563 10
562 570 10
562 571 10
562 572 10
562 573 10
562 579 10
562 580 10
562 582 10
562 583 10
562 584 10
562 585 10
562 586 10
562 587 10
562 588 10
562 591 10
562 593 10
562 594 10
562 598 10
562 604 10
562 608 10
562 613 10
562 615 10
562 617 10
562 618 10
562 619 10
562 620 10
562 622 10
562 625 10
562 628 10
562 629 10
562 633 10
562 635 10
562 636 10
562 637 10
562 642 10
562 644 10
562 648 10
562 649 10
562 650 10
562 651 10
562 652 10
562 653 10
562 656 10
562 657 10
562 658 10
562 663 10
562 664 10
562 665 10
562 668 10
562 669 10
562 670 10
562 671 10
562 678 10
562 681 10
562 682 10
562 683 10
562 684 10
562 685 10
562 686 10
562 688 10
562 689 10
562 690 10
562 691 10
562 692 10
562 693 10
562 694 10
562 696 10
562 697 10
562 698 10
562 700 10
562 703 10
562 704 10
562 705 10
562 706 10
562 707 10
562 710 10
562 712 10
562 714 10
562 718 10
562 720 10
562 725 10
562 728 10
562 732 10
562 733 10
562 742 10
562 745 10
562 747 10
562 751 10
562 753 10
562 761 10
562 763 10
562 766 10
563 280 10
563 283 10
563 293 10
563 302 10
563 303 10
563 317 10
563 326 10
563 328 10
563 331 10
563 332 10
563 333 10
563 335 10
563 336 10
563 350 10
563 363 10
563 371 10
563 375 10
563 376 10
563 378 10
563 380 10
563 381 10
563 382 10
563 387 10
563 388 10
563 389 10
563 400 10
563 411 10
563 412 10
563 413 10
563 415 10
563 417 10
563 418 10
563 422 10
563 423 10
563 425 10
563 426 10
563 428 10
563 431 10
563 432 10
563 438 10
563 440 10
563 455 10
563 463 10
563 469 10
563 481 10
563 482 10
563 484 10
563 486 10
563 489 10
563 490 10
563 491 10
563 492 10
563 506 10
563 508 10
563 511 10
563 514 10
563 517 10
563 527 10
563 529 10
563 534 10
563 535 10
563 541 10
563 542 10
563 544 10
563 545 10
563 546 10
563 549 10
563 551 10
563 552 10
563 553 10
563 554 10
563 556 10
563 558 10
563 561 10
563 568 10
563 570 10
563 574 10
563 575 10
563 576 10
563 577 10
563 578 10
563 580 10
563 581 10
563 582 10
563 583 10
563 584 10
563 585 10
563 588 10
563 591 10
563 597 10
563 598 10
563 599 10
563 602 10
563 615 10
563 616 10
563 617 10
563 618 10
563 620 10
563 621 10
563 624 10
563 627 10
563 628 10
563 631 10
563 632 10
563 633 10
563 634 10
563 638 10
563 640 10
563 641 10
563 642 10
563 645 10
563 650 10
563 653 10
563 659 10
563 662 10
563 667 10
563 669 10
563 671 10
563 679 10
563 680 10
563 681 10
563 682 10
563 684 10
563 686 10
563 687 10
563 688 10
563 689 10
563 692 10
563 694 10
563 697 10
563 699 10
563 700 10
563 701 10
563 702 10
563 703 10
563 704 10
563 706 10
563 708 10
563 723 10
563 725 10
563 726 10
563 727 10
563 729 10
563 734 10
563 735 10
563 737 10
563 739 10
563 742 10
563 744 10
563 745 10
563 747 10
563 748 10
563 754 10
563 755 10
563 756 10
563 758 10
563 759 10
563 761 10
563 765 10
564 270 10
564 280 10
564 284 10
564 285 10
564 288 10
564 292 10
564 299 10
564 300 10
564 303 10
564 306 10
564 312 10
564 316 10
564 323 10
564 324 10
564 325 10
564 328 10
564 331 10
564 332 10
564 333 10
564 334 10
564 337 10
564 341 10
564 350 10
564 351 10
564 354 10
564 356 10
564 359 10
564 366 10
564 368 10
564 369 10
564 371 10
564 373 10
564 377 10
564 381 10
564 384 10
564 385 10
564 386 10
564 387 10
564 389 10
564 390 10
564 413 10
564 415 10
564 417 10
564 422 10
564 430 10
564 435 10
564 439 10
564 462 10
564 463 10
564 466 10
564 470 10
564 471 10
564 482 10
564 484 10
564 486 10
564 488 10
564 489 10
564 490 10
564 491 10
564 492 10
564 493 10
564 494 10
564 497 10
564 508 10
564 511 10
564 513 10
564 514 10
564 516 10
564 517 10
564 522 10
564 523 10
564 525 10
564 530 10
564 531 10
564 533 10
564 534 10
564 535 10
564 538 10
564 539 10
564 542 10
564 545 10
564 547 10
564 550 10
564 552 10
564 555 10
564 558 10
564 559 10
564 568 10
564 569 10
564 572 10
564 575 10
564 579 10
564 583 10
564 584 10
564 585 10
564 587 10
564 591 10
564 593 10
564 594 10
564 597 10
564 600 10
564 601 10
564 602 10
564 603 10
564 606 10
564 607 10
564 609 10
564 612 10
564 613 10
564 614 10
564 616 10
564 621 10
564 625 10
564 628 10
564 629 10
564 630 10
564 631 10
564 632 10
564 635 10
564 637 10
564 638 10
564 645 10
564 646 10
564 649 10
564 650 10
564 651 10
564 652 10
564 653 10
564 655 10
564 664 10
564 665 10
564 667 10
564 668 10
564 670 10
564 671 10
564 672 10
564 677 10
564 680 10
564 682 10
564 683 10
564 685 10
564 686 10
564 687 10
564 688 10
564 689 10
564 690 10
564 691 10
564 692 10
564 693 10
564 695 10
564 697 10
564 698 10
564 699 10
564 700 10
564 701 10
564 706 10
564 707 10
564 718 10
564 719 10
564 720 10
564 723 10
564 724 10
564 726 10
564 728 10
564 732 10
564 740 10
564 745 10
564 746 10
564 747 10
564 748 10
564 749 10
564 750 10
564 758 10
564 759 10
564 762 10
565 260 10
565 278 10
565 281 10
565 285 10
565 292 10
565 294 10
565 298 10
565 299 10
565 302 10
565 306 10
565 309 10
565 311 10
565 314 10
565 315 10
565 321 10
565 322 10
565 327 10
565 329 10
565 331 10
565 332 10
565 333 10
565 337 10
565 341 10
565 353 10
565 356 10
565 361 10
565 363 10
565 365 10
565 366 10
565 368 10
565 370 10
565 371 10
565 373 10
565 378 10
565 379 10
565 380 10
565 381 10
565 388 10
565 412 10
565 415 10
565 417 10
565 418 10
565 420 10
565 422 10
565 423 10
565 424 10
565 428 10
565 429 10
565 439 10
565 454 10
565 455 10
565 468 10
565 469 10
565 470 10
565 472 10
565 477 10
565 482 10
565 486 10
565 489 10
565 490 10
565 491 10
565 493 10
565 494 10
565 506 10
565 508 10
565 509 10
565 514 10
565 515 10
565 518 10
565 519 10
565 522 10
565 533 10
565 538 10
565 540 10
565 545 10
565 548 10
565 549 10
565 551 10
565 552 10
565 553 10
565 555 10
565 556 10
565 557 10
565 558 10
565 563 10
565 564 10
565 570 10
565 571 10
565 575 10
565 577 10
565 578 10
565 580 10
565 581 10
565 583 10
565 585 10
565 587 10
565 589 10
565 590 10
565 593 10
565 594 10
565 595 10
565 596 10
565 597 10
565 598 10
565 611 10
565 613 10
565 625 10
565 627 10
565 628 10
565 630 10
565 631 10
565 633 10
565 638 10
565 640 10
565 642 10
565 646 10
565 648 10
565 650 10
565 651 10
565 652 10
565 654 10
565 655 10
565 658 10
565 663 10
565 664 10
565 665 10
565 666 10
565 667 10
565 668 10
565 669 10
565 670 10
565 673 10
565 675 10
565 678 10
565 679 10
565 682 10
565 683 10
565 684 10
565 686 10
565 687 10
565 688 10
565 689 10
565 690 10
565 691 10
565 692 10
565 693 10
565 694 10
565 695 10
565 697 10
565 698 10
565 699 10
565 700 10
565 701 10
565 702 10
565 708 10
565 720 10
565 721 10
565 723 10
565 733 10
565 735 10
565 736 10
565 738 10
565 739 10
565 740 10
565 741 10
565 743 10
565 744 10
565 747 10
565 750 10
565 751 10
565 754 10
565 757 10
565 758 10
565 759 10
565 762 10
566 263 10
566 281 10
566 282 10
566 283 10
566 284 10
566 286 10
566 289 10
566 294 10
566 295 10
566 298 10
566 306 10
566 317 10
566 318 10
566 323 10
566 327 10
566 328 10
566 329 10
566 330 10
566 331 10
566 333 10
566 334 10
566 336 10
566 337 10
566 338 10
566 339 10
566 343 10
566 345 10
566 347 10
566 352 10
566 362 10
566 364 10
566 365 10
566 366 10
566 367 10
566 368 10
566 369 10
566 370 10
566 372 10
566 383 10
566 385 10
566 387 10
566 389 10
566 390 10
566 391 10
566 406 10
566 410 10
566 411 10
566 416 10
566 417 10
566 427 10
566 428 10
566 437 10
566 457 10
566 466 10
566 469 10
566 470 10
566 477 10
566 481 10
566 482 10
566 485 10
566 488 10
566 489 10
566 490 10
566 491 10
566 492 10
566 497 10
566 506 10
566 507 10
566 508 10
566 509 10
566 512 10
566 515 10
566 516 10
566 519 10
566 520 10
566 522 10
566 524 10
566 525 10
566 532 10
566 533 10
566 534 10
566 535 10
566 536 10
566 538 10
566 542 10
566 543 10
566 546 10
566 548 10
566 551 10
566 553 10
566 554 10
566 555 10
566 556 10
566 557 10
566 562 10
566 563 10
566 565 10
566 568 10
566 569 10
566 576 10
566 577 10
566 578 10
566 581 10
566 582 10
566 583 10
566 586 10
566 590 10
566 593 10
566 595 10
566 600 10
566 606 10
566 610 10
566 612 10
566 620 10
566 622 10
566 625 10
566 626 10
566 627 10
566 629 10
566 632 10
566 633 10
566 634 10
566 635 10
566 638 10
566 640 10
566 641 10
566 643 10
566 647 10
566 648 10
566 650 10
566 652 10
566 655 10
566 656 10
566 660 10
566 662 10
566 664 10
566 666 10
566 667 10
566 670 10
566 671 10
566 672 10
566 675 10
566 677 10
566 680 10
566 681 10
566 682 10
566 683 10
566 684 10
566 685 10
566 686 10
566 687 10
566 688 10
566 689 10
566 690 10
566 691 10
566 692 10
566 693 10
566 694 10
566 695 10
566 696 10
566 697 10
566 698 10
566 699 10
566 700 10
566 701 10
566 704 10
566 706 10
566 708 10
566 716 10
566 721 10
566 731 10
566 732 10
566 733 10
566 739 10
566 740 10
566 744 10
566 745 10
566 746 10
566 747 10
566 748 10
566 757 10
566 758 10
566 760 10
566 762 10
567 256 10
567 257 10
567 260 10
567 262 10
567 285 10
567 293 10
567 296 10
567 299 10
567 305 10
567 307 10
567 316 10
567 325 10
567 326 10
567 328 10
567 330 10
567 331 10
567 333 10
567 334 10
567 335 10
567 336 10
567 338 10
567 340 10
567 342 10
567 343 10
567 344 10
567 351 10
567 364 10
567 365 10
567 366 10
567 372 10
567 373 10
567 378 10
567 380 10
567 381 10
567 383 10
567 387 10
567 389 10
567 392 10
567 393 10
567 416 10
567 417 10
567 418 10
567 419 10
567 422 10
567 425 10
567 432 10
567 436 10
567 437 10
567 467 10
567 468 10
567 477 10
567 478 10
567 483 10
567 485 10
567 490 10
567 491 10
567 493 10
567 495 10
567 496 10
567 509 10
567 510 10
567 511 10
567 512 10
567 514 10
567 517 10
567 519 10
567 520 10
567 522 10
567 523 10
567 527 10
567 531 10
567 533 10
567 538 10
567 540 10
567 542 10
567 544 10
567 547 10
567 548 10
567 549 10
567 552 10
567 554 10
567 556 10
567 558 10
567 559 10
567 560 10
567 564 10
567 566 10
567 570 10
567 573 10
567 574 10
567 575 10
567 578 10
567 580 10
567 583 10
567 591 10
567 592 10
567 594 10
567 596 10
567 597 10
567 611 10
567 612 10
567 613 10
567 614 10
567 622 10
567 625 10
567 628 10
567 635 10
567 638 10
567 639 10
567 640 10
567 642 10
567 645 10
567 646 10
567 649 10
567 652 10
567 653 10
567 654 10
567 656 10
567 657 10
567 658 10
567 660 10
567 665 10
567 668 10
567 669 10
567 670 10
567 672 10
567 676 10
567 678 10
567 679 10
567 681 10
567 684 10
567 685 10
567 686 10
567 687 10
567 688 10
567 689 10
567 690 10
567 691 10
567 692 10
567 693 10
567 696 10
567 697 10
567 698 10
567 700 10
567 701 10
567 702 10
567 705 10
567 710 10
567 711 10
567 718 10
567 719 10
567 725 10
567 731 10
567 734 10
567 736 10
567 737 10
567 739 10
567 740 10
567 741 10
567 742 10
567 746 10
567 747 10
567 749 10
567 750 10
567 751 10
567 752 10
567 755 10
567 756 10
567 757 10
567 758 10
567 760 10
567 762 10
568 258 10
568 260 10
568 261 10
568 262 10
568 263 10
568 264 10
568 278 10
568 280 10
568 281 10
568 283 10
568 287 10
568 289 10
568 293 10
568 294 10
568 299 10
568 316 10
568 317 10
568 318 10
568 319 10
568 320 10
568 321 10
568 323 10
568 325 10
568 326 10
568 327 10
568 329 10
568 330 10
568 331 10
568 332 10
568 335 10
568 336 10
568 338 10
568 339 10
568 340 10
568 344 10
568 349 10
568 350 10
568 354 10
568 357 10
568 363 10
568 369 10
568 371 10
568 375 10
568 376 10
568 385 10
568 387 10
568 392 10
568 412 10
568 413 10
568 414 10
568 416 10
568 420 10
568 423 10
568 425 10
568 427 10
568 459 10
568 460 10
568 470 10
568 475 10
568 476 10
568 480 10
568 483 10
568 484 10
568 486 10
568 487 10
568 489 10
568 491 10
568 493 10
568 507 10
568 510 10
568 511 10
568 514 10
568 515 10
568 516 10
568 520 10
568 522 10
568 523 10
568 525 10
568 526 10
568 528 10
568 530 10
568 533 10
568 534 10
568 536 10
568 539 10
568 540 10
568 541 10
568 542 10
568 545 10
568 547 10
568 551 10
568 552 10
568 553 10
568 554 10
568 557 10
568 558 10
568 562 10
568 565 10
568 572 10
568 574 10
568 575 10
568 576 10
568 578 10
568 579 10
568 587 10
568 588 10
568 590 10
568 591 10
568 592 10
568 593 10
568 595 10
568 596 10
568 597 10
568 601 10
568 606 10
568 611 10
568 612 10
568 613 10
568 614 10
568 618 10
568 619 10
568 622 10
568 625 10
568 626 10
568 628 10
568 636 10
568 639 10
568 640 10
568 642 10
568 648 10
568 649 10
568 650 10
568 651 10
568 654 10
568 659 10
568 660 10
568 662 10
568 663 10
568 664 10
568 665 10
568 667 10
568 668 10
568 670 10
568 671 10
568 672 10
568 675 10
568 677 10
568 681 10
568 683 10
568 684 10
568 685 10
568 686 10
568 687 10
568 689 10
568 690 10
568 691 10
568 692 10
568 693 10
568 694 10
568 695 10
568 696 10
568 697 10
568 698 10
568 700 10
568 703 10
568 707 10
568 708 10
568 710 10
568 711 10
568 714 10
568 719 10
568 720 10
568 724 10
568 725 10
568 731 10
568 732 10
568 734 10
568 735 10
568 736 10
568 737 10
568 743 10
568 744 10
568 746 10
568 747 10
568 749 10
568 750 10
568 751 10
568 754 10
568 756 10
569 259 10
569 261 10
569 262 10
569 264 10
569 265 10
569 270 10
569 278 10
569 279 10
569 281 10
569 282 10
569 283 10
569 285 10
569 286 10
569 287 10
569 291 10
569 294 10
569 299 10
569 306 10
569 307 10
569 310 10
569 315 10
569 320 10
569 321 10
569 323 10
569 324 10
569 326 10
569 330 10
569 331 10
569 333 10
569 335 10
569 337 10
569 338 10
569 339 10
569 342 10
569 343 10
569 344 10
569 347 10
569 350 10
569 351 10
569 352 10
569 354 10
569 355 10
569 357 10
569 364 10
569 372 10
569 375 10
569 377 10
569 379 10
569 382 10
569 384 10
569 385 10
569 393 10
569 394 10
569 395 10
569 408 10
569 410 10
569 411 10
569 420 10
569 421 10
569 424 10
569 429 10
569 435 10
569 437 10
569 438 10
569 446 10
569 456 10
569 459 10
569 461 10
569 478 10
569 481 10
569 482 10
569 483 10
569 484 10
569 488 10
569 492 10
569 493 10
569 495 10
569 507 10
569 509 10
569 512 10
569 514 10
569 516 10
569 518 10
569 524 10
569 525 10
569 529 10
569 533 10
569 539 10
569 542 10
569 544 10
569 547 10
569 548 10
569 549 10
569 550 10
569 555 10
569 556 10
569 559 10
569 560 10
569 561 10
569 563 10
569 566 10
569 567 10
569 572 10
569 573 10
569 574 10
569 576 10
569 577 10
569 579 10
569 580 10
569 590 10
569 591 10
569 592 10
569 593 10
569 594 10
569 597 10
569 600 10
569 612 10
569 613 10
569 614 10
569 616 10
569 618 10
569 620 10
569 621 10
569 622 10
569 623 10
569 624 10
569 626 10
569 628 10
569 629 10
569 630 10
569 637 10
569 638 10
569 639 10
569 643 10
569 647 10
569 649 10
569 650 10
569 652 10
569 655 10
569 658 10
569 660 10
569 663 10
569 664 10
569 668 10
569 669 10
569 670 10
569 671 10
569 672 10
569 673 10
569 674 10
569 677 10
569 678 10
569 680 10
569 681 10
569 682 10
569 683 10
569 684 10
569 685 10
569 686 10
569 687 10
569 688 10
569 689 10
569 690 10
569 691 10
569 692 10
569 693 10
569 694 10
569 695 10
569 697 10
569 701 10
569 705 10
569 716 10
569 720 10
569 721 10
569 722 10
569 724 10
569 725 10
569 728 10
569 729 10
569 730 10
569 732 10
569 740 10
569 741 10
569 742 10
569 743 10
569 745 10
569 747 10
569 750 10
569 751 10
569 752 10
569 753 10
569 754 10
569 759 10
569 760 10
569 766 10
570 255 10
570 257 10
570 260 10
570 261 10
570 262 10
570 264 10
570 265 10
570 269 10
570 270 10
570 272 10
570 278 10
570 283 10
570 284 10
570 292 10
570 294 10
570 295 10
570 296 10
570 302 10
570 304 10
570 306 10
570 308 10
570 320 10
570 322 10
570 323 10
570 324 10
570 325 10
570 328 10
570 329 10
570 330 10
570 331 10
570 336 10
570 339 10
570 340 10
570 342 10
570 343 10
570 348 10
570 350 10
570 354 10
570 356 10
570 357 10
570 365 10
570 366 10
570 369 10
570 374 10
570 376 10
570 378 10
570 381 10
570 387 10
570 391 10
570 393 10
570 398 10
570 407 10
570 411 10
570 412 10
570 415 10
570 417 10
570 419 10
570 422 10
570 426 10
570 432 10
570 435 10
570 437 10
570 439 10
570 445 10
570 447 10
570 452 10
570 454 10
570 456 10
570 459 10
570 471 10
570 473 10
570 475 10
570 477 10
570 479 10
570 480 10
570 486 10
570 489 10
570 493 10
570 494 10
570 495 10
570 497 10
570 498 10
570 500 10
570 501 10
570 502 10
570 508 10
570 509 10
570 511 10
570 512 10
570 513 10
570 515 10
570 525 10
570 527 10
570 528 10
570 531 10
570 532 10
570 534 10
570 537 10
570 540 10
570 547 10
570 548 10
570 550 10
570 551 10
570 553 10
570 557 10
570 561 10
570 562 10
570 563 10
570 564 10
570 569 10
570 570 10
570 574 10
570 577 10
570 579 10
570 580 10
570 583 10
570 593 10
570 594 10
570 596 10
570 597 10
570 600 10
570 601 10
570 602 10
570 604 10
570 608 10
570 609 10
570 612 10
570 613 10
570 614 10
570 615 10
570 616 10
570 617 10
570 618 10
570 619 10
570 621 10
570 622 10
570 623 10
570 625 10
570 626 10
570 627 10
570 628 10
570 629 10
570 630 10
570 633 10
570 634 10
570 638 10
570 639 10
570 648 10
570 652 10
570 653 10
570 654 10
570 655 10
570 656 10
570 657 10
570 658 10
570 661 10
570 663 10
570 665 10
570 671 10
570 672 10
570 673 10
570 674 10
570 678 10
570 680 10
570 681 10
570 686 10
570 687 10
570 688 10
570 689 10
570 690 10
570 691 10
570 692 10
570 693 10
570 694 10
570 696 10
570 697 10
570 701 10
570 702 10
570 703 10
570 707 10
570 709 10
570 711 10
570 714 10
570 718 10
570 720 10
570 723 10
570 728 10
570 732 10
570 734 10
570 739 10
570 745 10
570 746 10
570 748 10
570 749 10
570 750 10
570 751 10
570 752 10
570 753 10
570 755 10
570 756 10
570 757 10
570 760 10
570 767 10
571 254 10
571 255 10
571 257 10
571 259 10
571 260 10
571 261 10
571 262 10
571 263 10
571 264 10
571 266 10
571 268 10
571 273 10
571 276 10
571 280 10
571 281 10
571 287 10
571 290 10
571 296 10
571 298 10
571 304 10
571 309 10
571 310 10
571 313 10
571 318 10
571 320 10
571 321 10
571 322 10
571 323 10
571 325 10
571 327 10
571 330 10
571 332 10
571 336 10
571 340 10
571 342 10
571 344 10
571 362 10
571 372 10
571 378 10
571 379 10
571 380 10
571 386 10
571 387 10
571 390 10
571 392 10
571 393 10
571 394 10
571 395 10
571 413 10
571 414 10
571 417 10
571 422 10
571 424 10
571 427 10
571 433 10
571 434 10
571 435 10
571 436 10
571 437 10
571 438 10
571 441 10
571 443 10
571 446 10
571 449 10
571 454 10
571 457 10
571 458 10
571 459 10
571 461 10
571 462 10
571 470 10
571 473 10
571 478 10
571 480 10
571 483 10
571 484 10
571 485 10
571 486 10
571 487 10
571 489 10
571 490 10
571 491 10
571 492 10
571 502 10
571 503 10
571 504 10
571 505 10
571 506 10
571 510 10
571 512 10
571 513 10
571 515 10
571 516 10
571 518 10
571 520 10
571 522 10
571 525 10
571 527 10
571 529 10
571 530 10
571 531 10
571 532 10
571 533 10
571 534 10
571 540 10
571 541 10
571 545 10
571 554 10
571 556 10
571 558 10
571 562 10
571 563 10
571 564 10
571 565 10
571 567 10
571 569 10
571 571 10
571 572 10
571 573 10
571 574 10
571 575 10
571 576 10
571 577 10
571 579 10
571 581 10
571 582 10
571 598 10
571 600 10
571 602 10
571 613 10
571 614 10
571 615 10
571 618 10
571 619 10
571 620 10
571 621 10
571 623 10
571 624 10
571 625 10
571 630 10
571 632 10
571 634 10
571 635 10
571 637 10
571 643 10
571 652 10
571 653 10
571 660 10
571 662 10
571 665 10
571 666 10
571 667 10
571 670 10
571 671 10
571 672 10
571 674 10
571 679 10
571 680 10
571 683 10
571 684 10
571 685 10
571 686 10
571 688 10
571 689 10
571 690 10
571 691 10
571 692 10
571 693 10
571 695 10
571 696 10
571 698 10
571 700 10
571 701 10
571 703 10
571 705 10
571 709 10
571 718 10
571 719 10
571 720 10
571 721 10
571 723 10
571 726 10
571 729 10
571 735 10
571 736 10
571 739 10
571 743 10
571 744 10
571 745 10
571 747 10
571 749 10
571 753 10
571 755 10
571 757 10
571 759 10
571 763 10
572 254 10
572 259 10
572 260 10
572 262 10
572 264 10
572 265 10
572 266 10
572 269 10
572 271 10
572 278 10
572 279 10
572 283 10
572 284 10
572 287 10
572 288 10
572 294 10
572 295 10
572 296 10
572 298 10
572 306 10
572 308 10
572 313 10
572 319 10
572 320 10
572 321 10
572 322 10
572 324 10
572 328 10
572 333 10
572 336 10
572 338 10
572 341 10
572 344 10
572 346 10
572 351 10
572 354 10
572 356 10
572 357 10
572 364 10
572 366 10
572 367 10
572 368 10
572 376 10
572 378 10
572 379 10
572 380 10
572 382 10
572 390 10
572 392 10
572 394 10
572 395 10
572 411 10
572 413 10
572 415 10
572 416 10
572 419 10
572 421 10
572 422 10
572 424 10
572 426 10
572 429 10
572 434 10
572 435 10
572 437 10
572 439 10
572 441 10
572 444 10
572 447 10
572 452 10
572 456 10
572 462 10
572 469 10
572 476 10
572 481 10
572 483 10
572 485 10
572 489 10
572 490 10
572 491 10
572 494 10
572 495 10
572 496 10
572 497 10
572 498 10
572 499 10
572 500 10
572 502 10
572 504 10
572 506 10
572 507 10
572 515 10
572 517 10
572 519 10
572 525 10
572 526 10
572 527 10
572 529 10
572 531 10
572 537 10
572 543 10
572 563 10
572 564 10
572 565 10
572 566 10
572 568 10
572 571 10
572 572 10
572 575 10
572 576 10
572 577 10
572 578 10
572 579 10
572 582 10
572 584 10
572 585 10
572 597 10
572 606 10
572 610 10
572 611 10
572 612 10
572 619 10
572 621 10
572 622 10
572 628 10
572 630 10
572 633 10
572 634 10
572 637 10
572 639 10
572 640 10
572 647 10
572 648 10
572 649 10
572 650 10
572 651 10
572 655 10
572 657 10
572 658 10
572 661 10
572 663 10
572 665 10
572 667 10
572 668 10
572 670 10
572 672 10
572 686 10
572 688 10
572 689 10
572 692 10
572 694 10
572 695 10
572 697 10
572 698 10
572 700 10
572 701 10
572 703 10
572 706 10
572 708 10
572 711 10
572 719 10
572 721 10
572 722 10
572 723 10
572 725 10
572 727 10
572 731 10
572 736 10
572 738 10
572 740 10
572 744 10
572 746 10
572 748 10
572 750 10
572 751 10
572 752 10
572 755 10
572 756 10
572 757 10
572 758 10
572 759 10
572 760 10
572 761 10
573 255 10
573 259 10
573 261 10
573 264 10
573 267 10
573 271 10
573 273 10
573 274 10
573 275 10
573 276 10
573 277 10
573 278 10
573 280 10
573 282 10
573 284 10
573 286 10
573 287 10
573 296 10
573 299 10
573 309 10
573 310 10
573 323 10
573 326 10
573 327 10
573 329 10
573 332 10
573 334 10
573 335 10
573 339 10
573 340 10
573 342 10
573 344 10
573 345 10
573 348 10
573 352 10
573 360 10
573 363 10
573 364 10
573 367 10
573 373 10
573 389 10
573 391 10
573 392 10
573 393 10
573 394 10
573 395 10
573 398 10
573 403 10
573 406 10
573 411 10
573 412 10
573 413 10
573 414 10
573 415 10
573 416 10
573 417 10
573 418 10
573 420 10
573 421 10
573 422 10
573 423 10
573 424 10
573 425 10
573 430 10
573 432 10
573 433 10
573 434 10
573 436 10
573 437 10
573 438 10
573 440 10
573 444 10
573 447 10
573 458 10
573 460 10
573 461 10
573 462 10
573 476 10
573 480 10
573 481 10
573 485 10
573 487 10
573 488 10
573 489 10
573 490 10
573 491 10
573 498 10
573 501 10
573 502 10
573 503 10
573 507 10
573 509 10
573 510 10
573 513 10
573 524 10
573 527 10
573 529 10
573 532 10
573 535 10
573 539 10
573 555 10
573 556 10
573 559 10
573 560 10
573 564 10
573 565 10
573 568 10
573 570 10
573 571 10
573 572 10
573 573 10
573 574 10
573 576 10
573 581 10
573 584 10
573 586 10
573 587 10
573 589 10
573 596 10
573 597 10
573 600 10
573 601 10
573 605 10
573 607 10
573 608 10
573 610 10
573 613 10
573 615 10
573 616 10
573 618 10
573 620 10
573 622 10
573 623 10
573 624 10
573 625 10
573 626 10
573 627 10
573 628 10
573 629 10
573 630 10
573 632 10
573 633 10
573 634 10
573 635 10
573 636 10
573 638 10
573 642 10
573 643 10
573 647 10
573 649 10
573 650 10
573 656 10
573 658 10
573 663 10
573 666 10
573 667 10
573 668 10
573 681 10
573 682 10
573 684 10
573 687 10
573 690 10
573 691 10
573 694 10
573 695 10
573 701 10
573 702 10
573 703 10
573 704 10
573 705 10
573 706 10
573 708 10
573 718 10
573 719 10
573 720 10
573 721 10
573 723 10
573 724 10
573 725 10
573 726 10
573 750 10
573 752 10
573 754 10
573 755 10
573 756 10
573 757 10
573 758 10
573 759 10
574 256 10
574 258 10
574 261 10
574 263 10
574 265 10
574 266 10
574 267 10
574 274 10
574 280 10
574 281 10
574 282 10
574 283 10
574 284 10
574 285 10
574 286 10
574 294 10
574 295 10
574 309 10
574 318 10
574 319 10
574 321 10
574 324 10
574 329 10
574 339 10
574 341 10
574 343 10
574 348 10
574 350 10
574 351 10
574 355 10
574 357 10
574 358 10
574 359 10
574 361 10
574 362 10
574 365 10
574 366 10
574 378 10
574 379 10
574 391 10
574 392 10
574 394 10
574 395 10
574 401 10
574 406 10
574 408 10
574 409 10
574 410 10
574 411 10
574 413 10
574 414 10
574 421 10
574 422 10
574 425 10
574 426 10
574 427 10
574 429 10
574 431 10
574 432 10
574 434 10
574 435 10
574 436 10
574 438 10
574 445 10
574 446 10
574 450 10
574 456 10
574 458 10
574 461 10
574 470 10
574 480 10
574 481 10
574 482 10
574 483 10
574 485 10
574 487 10
574 488 10
574 492 10
574 495 10
574 498 10
574 499 10
574 500 10
574 501 10
574 502 10
574 508 10
574 516 10
574 518 10
574 526 10
574 528 10
574 529 10
574 530 10
574 534 10
574 542 10
574 543 10
574 546 10
574 553 10
574 555 10
574 556 10
574 565 10
574 568 10
574 572 10
574 581 10
574 583 10
574 585 10
574 600 10
574 601 10
574 604 10
574 608 10
574 610 10
574 613 10
574 618 10
574 623 10
574 624 10
574 625 10
574 628 10
574 629 10
574 630 10
574 632 10
574 635 10
574 639 10
574 640 10
574 642 10
574 650 10
574 656 10
574 657 10
574 661 10
574 663 10
574 665 10
574 670 10
574 671 10
574 678 10
574 679 10
574 686 10
574 688 10
574 689 10
574 690 10
574 691 10
574 693 10
574 696 10
574 697 10
574 700 10
574 705 10
574 716 10
574 718 10
574 719 10
574 721 10
574 722 10
574 728 10
574 729 10
574 742 10
574 743 10
574 746 10
574 752 10
574 755 10
574 756 10
574 757 10
574 759 10
574 761 10
575 262 10
575 263 10
575 266 10
575 268 10
575 272 10
575 274 10
575 277 10
575 280 10
575 281 10
575 287 10
575 288 10
575 289 10
575 291 10
575 297 10
575 304 10
575 307 10
575 308 10
575 310 10
575 312 10
575 323 10
575 326 10
575 330 10
575 334 10
575 337 10
575 343 10
575 346 10
575 348 10
575 351 10
575 352 10
575 353 10
575 356 10
575 358 10
575 360 10
575 366 10
575 371 10
575 372 10
575 373 10
575 377 10
575 382 10
575 390 10
575 392 10
575 395 10
575 397 10
575 398 10
575 402 10
575 404 10
575 405 10
575 407 10
575 411 10
575 414 10
575 415 10
575 417 10
575 419 10
575 420 10
575 422 10
575 423 10
575 424 10
575 425 10
575 427 10
575 429 10
575 433 10
575 434 10
575 438 10
575 439 10
575 441 10
575 445 10
575 455 10
575 456 10
575 458 10
575 468 10
575 478 10
575 479 10
575 484 10
575 485 10
575 486 10
575 488 10
575 489 10
575 491 10
575 492 10
575 494 10
575 496 10
575 499 10
575 501 10
575 502 10
575 503 10
575 510 10
575 515 10
575 520 10
575 522 10
575 523 10
575 527 10
575 529 10
575 530 10
575 531 10
575 532 10
575 533 10
575 534 10
575 539 10
575 547 10
575 554 10
575 555 10
575 556 10
575 558 10
575 562 10
575 563 10
575 568 10
575 569 10
575 571 10
575 584 10
575 585 10
575 587 10
575 589 10
575 590 10
575 593 10
575 594 10
575 595 10
575 596 10
575 599 10
575 602 10
575 611 10
575 617 10
575 620 10
575 621 10
575 622 10
575 623 10
575 624 10
575 627 10
575 630 10
575 631 10
575 632 10
575 634 10
575 636 10
575 638 10
575 639 10
575 648 10
575 650 10
575 651 10
575 652 10
575 654 10
575 655 10
575 656 10
575 659 10
575 661 10
575 664 10
575 667 10
575 668 10
575 670 10
575 672 10
575 673 10
575 679 10
575 680 10
575 682 10
575 685 10
575 686 10
575 693 10
575 696 10
575 701 10
575 702 10
575 705 10
575 707 10
575 709 10
575 710 10
575 713 10
575 720 10
575 721 10
575 723 10
575 724 10
575 725 10
575 733 10
575 737 10
575 743 10
575 750 10
575 751 10
575 752 10
575 755 10
575 756 10
575 757 10
575 759 10
575 760 10
575 761 10
576 258 10
576 260 10
576 272 10
576 273 10
576 276 10
576 278 10
576 284 10
576 287 10
576 291 10
576 299 10
576 300 10
576 304 10
576 309 10
576 312 10
576 324 10
576 326 10
576 333 10
576 334 10
576 336 10
576 339 10
576 340 10
576 344 10
576 346 10
576 347 10
576 348 10
576 351 10
576 352 10
576 353 10
576 354 10
576 355 10
576 356 10
576 357 10
576 358 10
576 359 10
576 362 10
576 372 10
576 373 10
576 380 10
576 382 10
576 390 10
576 392 10
576 393 10
576 395 10
576 403 10
576 405 10
576 406 10
576 409 10
576 411 10
576 414 10
576 415 10
576 419 10
576 423 10
576 424 10
576 427 10
576 432 10
576 434 10
576 435 10
576 436 10
576 451 10
576 453 10
576 466 10
576 469 10
576 477 10
576 480 10
576 481 10
576 482 10
576 483 10
576 484 10
576 485 10
576 486 10
576 487 10
576 488 10
576 489 10
576 490 10
576 491 10
576 492 10
576 493 10
576 498 10
576 499 10
576 500 10
576 503 10
576 505 10
576 506 10
576 507 10
576 508 10
576 510 10
576 511 10
576 516 10
576 519 10
576 524 10
576 525 10
576 526 10
576 527 10
576 529 10
576 531 10
576 534 10
576 535 10
576 541 10
576 555 10
576 556 10
576 557 10
576 561 10
576 566 10
576 567 10
576 571 10
576 577 10
576 579 10
576 580 10
576 583 10
576 585 10
576 586 10
576 587 10
576 588 10
576 591 10
576 594 10
576 595 10
576 596 10
576 597 10
576 598 10
576 599 10
576 600 10
576 601 10
576 605 10
576 610 10
576 612 10
576 613 10
576 615 10
576 620 10
576 624 10
576 627 10
576 630 10
576 631 10
576 633 10
576 642 10
576 647 10
576 650 10
576 660 10
576 663 10
576 669 10
576 672 10
576 674 10
576 677 10
576 682 10
576 688 10
576 691 10
576 695 10
576 696 10
576 701 10
576 703 10
576 708 10
576 709 10
576 711 10
576 715 10
576 718 10
576 724 10
576 725 10
576 729 10
576 733 10
576 736 10
576 738 10
576 740 10
576 744 10
576 745 10
576 754 10
576 756 10
576 759 10
577 264 10
577 270 10
577 271 10
577 272 10
577 274 10
577 277 10
577 279 10
577 281 10
577 286 10
577 287 10
577 288 10
577 289 10
577 290 10
577 293 10
577 300 10
577 301 10
577 310 10
577 311 10
577 313 10
577 314 10
577 321 10
577 322 10
577 323 10
577 325 10
577 330 10
577 331 10
577 332 10
577 333 10
577 336 10
577 337 10
577 338 10
577 342 10
577 345 10
577 346 10
577 349 10
577 350 10
577 351 10
577 354 10
577 355 10
577 357 10
577 361 10
577 367 10
577 368 10
577 369 10
577 379 10
577 381 10
577 382 10
577 392 10
577 394 10
577 397 10
577 401 10
577 405 10
577 406 10
577 409 10
577 411 10
577 413 10
577 418 10
577 419 10
577 421 10
577 423 10
577 425 10
577 427 10
577 435 10
577 437 10
577 440 10
577 443 10
577 444 10
577 447 10
577 453 10
577 454 10
577 455 10
577 456 10
577 463 10
577 471 10
577 479 10
577 482 10
577 483 10
577 485 10
577 486 10
577 487 10
577 488 10
577 489 10
577 491 10
577 492 10
577 494 10
577 496 10
577 497 10
577 498 10
577 499 10
577 500 10
577 502 10
577 504 10
577 506 10
577 507 10
577 508 10
577 509 10
577 510 10
577 514 10
577 516 10
577 517 10
577 518 10
577 522 10
577 527 10
577 528 10
577 530 10
577 531 10
577 532 10
577 541 10
577 563 10
577 564 10
577 567 10
577 568 10
577 569 10
577 571 10
577 573 10
577 574 10
577 579 10
577 580 10
577 581 10
577 582 10
577 583 10
577 587 10
577 590 10
577 593 10
577 595 10
577 597 10
577 600 10
577 602 10
577 605 10
577 609 10
577 612 10
577 627 10
577 628 10
577 629 10
577 635 10
577 639 10
577 641 10
577 642 10
577 644 10
577 646 10
577 649 10
577 654 10
577 671 10
577 678 10
577 679 10
577 685 10
577 687 10
577 690 10
577 693 10
577 694 10
577 698 10
577 699 10
577 709 10
577 720 10
577 721 10
577 722 10
577 723 10
577 725 10
577 731 10
577 734 10
577 736 10
577 740 10
577 741 10
577 742 10
577 743 10
577 745 10
577 746 10
577 754 10
577 757 10
577 762 10
578 268 10
578 269 10
578 270 10
578 279 10
578 285 10
578 286 10
578 287 10
578 288 10
578 290 10
578 291 10
578 292 10
578 293 10
578 295 10
578 297 10
578 308 10
578 311 10
578 312 10
578 321 10
578 328 10
578 329 10
578 331 10
578 333 10
578 335 10
578 339 10
578 343 10
578 344 10
578 346 10
578 350 10
578 352 10
578 353 10
578 354 10
578 355 10
578 358 10
578 359 10
578 360 10
578 361 10
578 365 10
578 366 10
578 370 10
578 372 10
578 374 10
578 375 10
578 381 10
578 403 10
578 405 10
578 406 10
578 407 10
578 410 10
578 415 10
578 416 10
578 418 10
578 419 10
578 420 10
578 421 10
578 424 10
578 425 10
578 429 10
578 435 10
578 442 10
578 446 10
578 448 10
578 449 10
578 450 10
578 451 10
578 454 10
578 455 10
578 458 10
578 465 10
578 468 10
578 471 10
578 474 10
578 478 10
578 479 10
578 481 10
578 483 10
578 484 10
578 485 10
578 486 10
578 487 10
578 488 10
578 489 10
578 490 10
578 493 10
578 497 10
578 499 10
578 505 10
578 507 10
578 508 10
578 512 10
578 514 10
578 516 10
578 517 10
578 520 10
578 524 10
578 525 10
578 528 10
578 529 10
578 534 10
578 535 10
578 538 10
578 542 10
578 546 10
578 560 10
578 564 10
578 565 10
578 566 10
578 567 10
578 570 10
578 572 10
578 573 10
578 575 10
578 576 10
578 577 10
578 579 10
578 580 10
578 581 10
578 582 10
578 584 10
578 585 10
578 587 10
578 588 10
578 590 10
578 592 10
578 595 10
578 597 10
578 598 10
578 600 10
578 601 10
578 602 10
578 610 10
578 617 10
578 619 10
578 624 10
578 626 10
578 633 10
578 635 10
578 643 10
578 644 10
578 645 10
578 646 10
578 648 10
578 651 10
578 654 10
578 660 10
578 664 10
578 668 10
578 671 10
578 674 10
578 676 10
578 678 10
578 680 10
578 683 10
578 684 10
578 686 10
578 692 10
578 703 10
578 714 10
578 715 10
578 719 10
578 721 10
578 722 10
578 723 10
578 724 10
578 730 10
578 731 10
578 737 10
578 740 10
578 742 10
578 743 10
578 756 10
578 758 10
578 759 10
578 760 10
579 277 10
579 278 10
579 280 10
579 285 10
579 287 10
579 289 10
579 290 10
579 291 10
579 292 10
579 294 10
579 295 10
579 299 10
579 306 10
579 307 10
579 309 10
579 310 10
579 312 10
579 313 10
579 319 10
579 322 10
579 323 10
579 324 10
579 328 10
579 330 10
579 333 10
579 335 10
579 336 10
579 337 10
579 338 10
579 340 10
579 343 10
579 346 10
579 348 10
579 350 10
579 351 10
579 352 10
579 353 10
579 354 10
579 356 10
579 357 10
579 359 10
579 361 10
579 363 10
579 364 10
579 367 10
579 369 10
579 371 10
579 372 10
579 390 10
579 391 10
579 392 10
579 397 10
579 398 10
579 400 10
579 401 10
579 404 10
579 406 10
579 407 10
579 408 10
579 412 10
579 413 10
579 419 10
579 420 10
579 422 10
579 423 10
579 426 10
579 427 10
579 428 10
579 429 10
579 431 10
579 438 10
579 439 10
579 444 10
579 445 10
579 446 10
579 449 10
579 450 10
579 453 10
579 454 10
579 455 10
579 456 10
579 458 10
579 459 10
579 460 10
579 461 10
579 462 10
579 466 10
579 476 10
579 480 10
579 481 10
579 484 10
579 485 10
579 486 10
579 487 10
579 488 10
579 489 10
579 490 10
579 491 10
579 492 10
579 495 10
579 498 10
579 500 10
579 502 10
579 504 10
579 505 10
579 506 10
579 515 10
579 519 10
579 521 10
579 522 10
579 523 10
579 526 10
579 527 10
579 528 10
579 530 10
579 531 10
579 534 10
579 536 10
579 537 10
579 538 10
579 539 10
579 540 10
579 554 10
579 558 10
579 562 10
579 567 10
579 569 10
579 572 10
579 573 10
579 574 10
579 575 10
579 578 10
579 579 10
579 581 10
579 582 10
579 586 10
579 588 10
579 591 10
579 593 10
579 596 10
579 597 10
579 598 10
579 599 10
579 600 10
579 601 10
579 602 10
579 603 10
579 604 10
579 605 10
579 606 10
579 608 10
579 609 10
579 610 10
579 611 10
579 616 10
579 619 10
579 620 10
579 622 10
579 625 10
579 627 10
579 628 10
579 632 10
579 637 10
579 643 10
579 653 10
579 654 10
579 661 10
579 669 10
579 672 10
579 673 10
579 674 10
579 675 10
579 676 10
579 678 10
579 679 10
579 682 10
579 683 10
579 687 10
579 691 10
579 701 10
579 703 10
579 713 10
579 717 10
579 719 10
579 720 10
579 721 10
579 722 10
579 726 10
579 733 10
579 734 10
579 738 10
579 739 10
579 740 10
579 747 10
579 755 10
579 756 10
580 268 10
580 270 10
580 286 10
580 288 10
580 290 10
580 291 10
580 293 10
580 294 10
580 298 10
580 306 10
580 307 10
580 308 10
580 310 10
580 311 10
580 312 10
580 313 10
580 318 10
580 320 10
580 338 10
580 339 10
580 341 10
580 342 10
580 346 10
580 348 10
580 351 10
580 352 10
580 354 10
580 355 10
580 357 10
580 361 10
580 365 10
580 375 10
580 386 10
580 394 10
580 396 10
580 401 10
580 403 10
580 408 10
580 409 10
580 410 10
580 411 10
580 412 10
580 414 10
580 417 10
580 419 10
580 421 10
580 423 10
580 426 10
580 432 10
580 433 10
580 435 10
580 437 10
580 439 10
580 440 10
580 442 10
580 443 10
580 445 10
580 446 10
580 447 10
580 448 10
580 449 10
580 451 10
580 454 10
580 457 10
580 459 10
580 461 10
580 462 10
580 463 10
580 464 10
580 471 10
580 473 10
580 475 10
580 476 10
580 478 10
580 479 10
580 480 10
580 481 10
580 482 10
580 484 10
580 485 10
580 487 10
580 488 10
580 489 10
580 492 10
580 493 10
580 494 10
580 508 10
580 509 10
580 513 10
580 514 10
580 516 10
580 517 10
580 518 10
580 520 10
580 524 10
580 525 10
580 527 10
580 528 10
580 530 10
580 541 10
580 552 10
580 565 10
580 569 10
580 571 10
580 580 10
580 581 10
580 582 10
580 583 10
580 585 10
580 589 10
580 591 10
580 592 10
580 593 10
580 594 10
580 595 10
580 596 10
580 597 10
580 599 10
580 600 10
580 602 10
580 612 10
580 617 10
580 618 10
580 619 10
580 620 10
580 622 10
580 625 10
580 627 10
580 629 10
580 630 10
580 632 10
580 634 10
580 639 10
580 643 10
580 644 10
580 649 10
580 650 10
580 651 10
580 653 10
580 663 10
580 666 10
580 667 10
580 668 10
580 670 10
580 673 10
580 675 10
580 677 10
580 678 10
580 681 10
580 683 10
580 691 10
580 692 10
580 693 10
580 695 10
580 706 10
580 710 10
580 713 10
580 720 10
580 721 10
580 722 10
580 723 10
580 730 10
580 731 10
580 732 10
580 733 10
580 735 10
580 736 10
580 737 10
580 738 10
580 757 10
580 761 10
581 276 10
581 285 10
581 288 10
581 290 10
581 291 10
581 292 10
581 294 10
581 296 10
581 298 10
581 306 10
581 308 10
581 311 10
581 313 10
581 325 10
581 335 10
581 336 10
581 338 10
581 341 10
581 344 10
581 350 10
581 351 10
581 352 10
581 353 10
581 354 10
581 355 10
581 358 10
581 359 10
581 360 10
581 362 10
581 366 10
581 374 10
581 375 10
581 376 10
581 378 10
581 380 10
581 391 10
581 392 10
581 393 10
581 397 10
581 399 10
581 400 10
581 402 10
581 403 10
581 404 10
581 405 10
581 407 10
581 411 10
581 413 10
581 418 10
581 419 10
581 420 10
581 421 10
581 422 10
581 423 10
581 425 10
581 432 10
581 433 10
581 439 10
581 444 10
581 445 10
581 446 10
581 448 10
581 449 10
581 450 10
581 454 10
581 455 10
581 456 10
581 457 10
581 458 10
581 461 10
581 464 10
581 478 10
581 480 10
581 482 10
581 485 10
581 487 10
581 489 10
581 491 10
581 494 10
581 495 10
581 496 10
581 499 10
581 503 10
581 505 10
581 514 10
581 516 10
581 520 10
581 522 10
581 525 10
581 527 10
581 528 10
581 529 10
581 530 10
581 531 10
581 533 10
581 536 10
581 542 10
581 545 10
581 554 10
581 555 10
581 557 10
581 561 10
581 562 10
581 565 10
581 566 10
581 567 10
581 570 10
581 571 10
581 573 10
581 574 10
581 575 10
581 577 10
581 579 10
581 580 10
581 581 10
581 582 10
581 583 10
581 584 10
581 585 10
581 587 10
581 589 10
581 591 10
581 594 10
581 595 10
581 596 10
581 597 10
581 598 10
581 601 10
581 604 10
581 605 10
581 606 10
581 607 10
581 609 10
581 611 10
581 613 10
581 614 10
581 616 10
581 617 10
581 618 10
581 622 10
581 623 10
581 624 10
581 625 10
581 628 10
581 632 10
581 636 10
581 637 10
581 647 10
581 648 10
581 649 10
581 655 10
581 657 10
581 661 10
581 663 10
581 664 10
581 666 10
581 668 10
581 670 10
581 672 10
581 673 10
581 677 10
581 678 10
581 679 10
581 686 10
581 692 10
581 695 10
581 704 10
581 710 10
581 711 10
581 712 10
581 714 10
581 720 10
581 721 10
581 723 10
581 725 10
581 731 10
581 733 10
581 734 10
581 735 10
581 737 10
581 738 10
581 739 10
581 744 10
581 748 10
581 750 10
582 285 10
582 287 10
582 292 10
582 297 10
582 305 10
582 306 10
582 308 10
582 310 10
582 311 10
582 325 10
582 333 10
582 334 10
582 342 10
582 348 10
582 349 10
582 351 10
582 354 10
582 355 10
582 356 10
582 357 10
582 358 10
582 359 10
582 362 10
582 364 10
582 386 10
582 388 10
582 392 10
582 393 10
582 411 10
582 413 10
582 415 10
582 416 10
582 419 10
582 420 10
582 423 10
582 424 10
582 432 10
582 443 10
582 445 10
582 447 10
582 452 10
582 453 10
582 454 10
582 455 10
582 456 10
582 459 10
582 460 10
582 461 10
582 462 10
582 465 10
582 466 10
582 481 10
582 483 10
582 486 10
582 488 10
582 490 10
582 491 10
582 494 10
582 495 10
582 499 10
582 501 10
582 503 10
582 509 10
582 520 10
582 522 10
582 523 10
582 525 10
582 527 10
582 528 10
582 529 10
582 533 10
582 537 10
582 556 10
582 559 10
582 562 10
582 563 10
582 564 10
582 567 10
582 568 10
582 569 10
582 575 10
582 577 10
582 579 10
582 580 10
582 581 10
582 582 10
582 583 10
582 585 10
582 586 10
582 587 10
582 589 10
582 591 10
582 592 10
582 593 10
582 594 10
582 595 10
582 596 10
582 597 10
582 598 10
582 599 10
582 600 10
582 607 10
582 609 10
582 612 10
582 613 10
582 614 10
582 615 10
582 616 10
582 621 10
582 622 10
582 623 10
582 625 10
582 626 10
582 627 10
582 628 10
582 629 10
582 630 10
582 632 10
582 636 10
582 645 10
582 647 10
582 648 10
582 652 10
582 654 10
582 655 10
582 657 10
582 659 10
582 663 10
582 665 10
582 666 10
582 668 10
582 670 10
582 674 10
582 676 10
582 678 10
582 680 10
582 681 10
582 688 10
582 691 10
582 692 10
582 696 10
582 702 10
582 708 10
582 710 10
582 713 10
582 715 10
582 716 10
582 718 10
582 719 10
582 726 10
582 727 10
582 732 10
582 733 10
582 734 10
582 735 10
582 736 10
582 737 10
582 739 10
583 283 10
583 286 10
583 287 10
583 296 10
583 306 10
583 308 10
583 310 10
583 311 10
583 317 10
583 325 10
583 332 10
583 345 10
583 346 10
583 348 10
583 349 10
583 351 10
583 353 10
583 354 10
583 355 10
583 356 10
583 357 10
583 358 10
583 359 10
583 361 10
583 363 10
583 365 10
583 366 10
583 368 10
583 369 10
583 374 10
583 375 10
583 376 10
583 378 10
583 379 10
583 388 10
583 397 10
583 399 10
583 403 10
583 407 10
583 412 10
583 413 10
583 415 10
583 416 10
583 420 10
583 422 10
583 424 10
583 427 10
583 429 10
583 433 10
583 434 10
583 437 10
583 442 10
583 444 10
583 447 10
583 448 10
583 450 10
583 452 10
583 453 10
583 454 10
583 456 10
583 457 10
583 465 10
583 474 10
583 480 10
583 484 10
583 485 10
583 486 10
583 487 10
583 492 10
583 503 10
583 511 10
583 513 10
583 515 10
583 520 10
583 524 10
583 526 10
583 527 10
583 528 10
583 530 10
583 531 10
583 535 10
583 539 10
583 540 10
583 553 10
583 554 10
583 558 10
583 562 10
583 564 10
583 565 10
583 566 10
583 569 10
583 570 10
583 573 10
583 574 10
583 576 10
583 577 10
583 579 10
583 581 10
583 584 10
583 586 10
583 587 10
583 588 10
583 591 10
583 592 10
583 593 10
583 594 10
583 596 10
583 597 10
583 598 10
583 599 10
583 600 10
583 601 10
583 604 10
583 607 10
583 609 10
583 611 10
583 617 10
583 618 10
583 619 10
583 620 10
583 621 10
583 625 10
583 626 10
583 628 10
583 629 10
583 631 10
583 635 10
583 643 10
583 648 10
583 649 10
583 654 10
583 655 10
583 656 10
583 661 10
583 662 10
583 664 10
583 668 10
583 669 10
583 671 10
583 675 10
583 676 10
583 680 10
583 681 10
583 686 10
583 688 10
583 691 10
583 693 10
583 699 10
583 700 10
583 703 10
583 704 10
583 710 10
583 711 10
583 712 10
583 713 10
583 715 10
583 719 10
583 720 10
583 723 10
583 724 10
583 725 10
583 726 10
583 728 10
583 732 10
583 735 10
583 736 10
583 737 10
583 751 10
584 285 10
584 291 10
584 293 10
584 307 10
584 308 10
584 311 10
584 313 10
584 317 10
584 319 10
584 325 10
584 331 10
584 332 10
584 333 10
584 334 10
584 336 10
584 341 10
584 345 10
584 349 10
584 353 10
584 355 10
584 356 10
584 357 10
584 358 10
584 360 10
584 361 10
584 363 10
584 364 10
584 370 10
584 372 10
584 388 10
584 404 10
584 405 10
584 412 10
584 416 10
584 417 10
584 418 10
584 419 10
584 420 10
584 422 10
584 423 10
584 424 10
584 425 10
584 426 10
584 429 10
584 439 10
584 440 10
584 442 10
584 443 10
584 444 10
584 445 10
584 447 10
584 449 10
584 453 10
584 455 10
584 457 10
584 461 10
584 462 10
584 463 10
584 464 10
584 476 10
584 477 10
584 485 10
584 486 10
584 488 10
584 489 10
584 491 10
584 492 10
584 493 10
584 498 10
584 499 10
584 500 10
584 502 10
584 504 10
584 508 10
584 509 10
584 513 10
584 516 10
584 517 10
584 518 10
584 519 10
584 523 10
584 529 10
584 530 10
584 531 10
584 542 10
584 555 10
584 557 10
584 558 10
584 560 10
584 561 10
584 564 10
584 565 10
584 567 10
584 568 10
584 577 10
584 580 10
584 581 10
584 585 10
584 586 10
584 588 10
584 590 10
584 591 10
584 592 10
584 593 10
584 594 10
584 596 10
584 598 10
584 599 10
584 600 10
584 601 10
584 602 10
584 603 10
584 608 10
584 614 10
584 615 10
584 616 10
584 617 10
584 618 10
584 620 10
584 622 10
584 623 10
584 624 10
584 625 10
584 626 10
584 628 10
584 629 10
584 630 10
584 631 10
584 633 10
584 634 10
584 646 10
584 647 10
584 652 10
584 654 10
584 657 10
584 660 10
584 665 10
584 671 10
584 673 10
584 683 10
584 685 10
584 688 10
584 692 10
584 694 10
584 696 10
584 699 10
584 703 10
584 707 10
584 708 10
584 709 10
584 710 10
584 711 10
584 714 10
584 717 10
584 718 10
584 719 10
584 721 10
584 722 10
584 723 10
584 724 10
584 725 10
584 731 10
584 732 10
584 734 10
584 735 10
584 745 10
584 747 10
584 748 10
584 752 10
584 753 10
585 282 10
585 296 10
585 297 10
585 298 10
585 317 10
585 318 10
585 328 10
585 330 10
585 339 10
585 340 10
585 343 10
585 345 10
585 347 10
585 348 10
585 350 10
585 351 10
585 353 10
585 354 10
585 355 10
585 356 10
585 357 10
585 359 10
585 362 10
585 364 10
585 366 10
585 376 10
585 379 10
585 383 10
585 396 10
585 408 10
585 409 10
585 413 10
585 418 10
585 420 10
585 421 10
585 422 10
585 423 10
585 424 10
585 427 10
585 431 10
585 432 10
585 434 10
585 436 10
585 437 10
585 439 10
585 440 10
585 441 10
585 442 10
585 444 10
585 446 10
585 447 10
585 455 10
585 457 10
585 458 10
585 460 10
585 461 10
585 462 10
585 471 10
585 472 10
585 473 10
585 482 10
585 483 10
585 484 10
585 486 10
585 487 10
585 488 10
585 489 10
585 490 10
585 492 10
585 493 10
585 494 10
585 496 10
585 498 10
585 499 10
585 509 10
585 513 10
585 514 10
585 517 10
585 519 10
585 520 10
585 521 10
585 541 10
585 542 10
585 558 10
585 561 10
585 562 10
585 563 10
585 564 10
585 566 10
585 571 10
585 575 10
585 576 10
585 578 10
585 579 10
585 580 10
585 581 10
585 583 10
585 586 10
585 587 10
585 590 10
585 592 10
585 593 10
585 594 10
585 595 10
585 596 10
585 597 10
585 598 10
585 600 10
585 604 10
585 607 10
585 608 10
585 609 10
585 611 10
585 616 10
585 618 10
585 619 10
585 620 10
585 622 10
585 623 10
585 625 10
585 626 10
585 628 10
585 632 10
585 635 10
585 642 10
585 645 10
585 646 10
585 652 10
585 656 10
585 659 10
585 661 10
585 662 10
585 663 10
585 666 10
585 667 10
585 671 10
585 673 10
585 684 10
585 685 10
585 686 10
585 687 10
585 689 10
585 692 10
585 696 10
585 699 10
585 701 10
585 702 10
585 705 10
585 708 10
585 709 10
585 710 10
585 713 10
585 715 10
585 719 10
585 721 10
585 723 10
585 724 10
585 726 10
585 732 10
585 734 10
585 735 10
585 737 10
585 740 10
585 745 10
585 748 10
585 750 10
585 751 10
585 754 10
585 755 10
586 284 10
586 293 10
586 296 10
586 307 10
586 312 10
586 313 10
586 314 10
586 324 10
586 340 10
586 342 10
586 344 10
586 345 10
586 346 10
586 349 10
586 353 10
586 354 10
586 355 10
586 356 10
586 359 10
586 361 10
586 369 10
586 371 10
586 373 10
586 376 10
586 380 10
586 384 10
586 389 10
586 398 10
586 406 10
586 410 10
586 411 10
586 413 10
586 414 10
586 415 10
586 416 10
586 417 10
586 419 10
586 420 10
586 421 10
586 422 10
586 423 10
586 424 10
586 425 10
586 426 10
586 427 10
586 428 10
586 432 10
586 434 10
586 438 10
586 439 10
586 440 10
586 441 10
586 442 10
586 443 10
586 445 10
586 448 10
586 451 10
586 453 10
586 454 10
586 460 10
586 462 10
586 464 10
586 468 10
586 471 10
586 476 10
586 477 10
586 478 10
586 484 10
586 487 10
586 488 10
586 491 10
586 495 10
586 496 10
586 497 10
586 499 10
586 500 10
586 502 10
586 511 10
586 513 10
586 514 10
586 519 10
586 521 10
586 528 10
586 543 10
586 546 10
586 554 10
586 555 10
586 556 10
586 557 10
586 558 10
586 559 10
586 560 10
586 562 10
586 567 10
586 577 10
586 578 10
586 585 10
586 590 10
586 591 10
586 592 10
586 593 10
586 594 10
586 595 10
586 596 10
586 597 10
586 598 10
586 601 10
586 604 10
586 605 10
586 607 10
586 610 10
586 611 10
586 613 10
586 614 10
586 615 10
586 616 10
586 617 10
586 618 10
586 619 10
586 620 10
586 621 10
586 623 10
586 624 10
586 628 10
586 629 10
586 631 10
586 633 10
586 640 10
586 643 10
586 645 10
586 647 10
586 648 10
586 649 10
586 650 10
586 652 10
586 654 10
586 660 10
586 672 10
586 675 10
586 685 10
586 686 10
586 688 10
586 689 10
586 694 10
586 697 10
586 698 10
586 699 10
586 702 10
586 703 10
586 708 10
586 709 10
586 710 10
586 711 10
586 713 10
586 716 10
586 718 10
586 722 10
586 724 10
586 733 10
586 739 10
586 745 10
586 746 10
586 747 10
586 748 10
587 279 10
587 294 10
587 320 10
587 330 10
587 332 10
587 336 10
587 337 10
587 338 10
587 341 10
587 343 10
587 348 10
587 355 10
587 356 10
587 357 10
587 359 10
587 361 10
587 362 10
587 364 10
587 366 10
587 368 10
587 371 10
587 376 10
587 381 10
587 383 10
587 385 10
587 387 10
587 388 10
587 389 10
587 408 10
587 414 10
587 415 10
587 416 10
587 418 10
587 419 10
587 420 10
587 421 10
587 424 10
587 425 10
587 426 10
587 427 10
587 431 10
587 432 10
587 435 10
587 436 10
587 438 10
587 441 10
587 442 10
587 443 10
587 445 10
587 446 10
587 449 10
587 453 10
587 454 10
587 460 10
587 462 10
587 463 10
587 471 10
587 472 10
587 473 10
587 476 10
587 482 10
587 486 10
587 488 10
587 493 10
587 499 10
587 501 10
587 502 10
587 509 10
587 512 10
587 513 10
587 515 10
587 516 10
587 517 10
587 518 10
587 519 10
587 520 10
587 522 10
587 524 10
587 525 10
587 528 10
587 531 10
587 536 10
587 540 10
587 541 10
587 542 10
587 543 10
587 544 10
587 545 10
587 548 10
587 552 10
587 554 10
587 555 10
587 557 10
587 558 10
587 559 10
587 561 10
587 567 10
587 588 10
587 591 10
587 593 10
587 594 10
587 595 10
587 596 10
587 597 10
587 599 10
587 600 10
587 601 10
587 604 10
587 606 10
587 608 10
587 612 10
587 613 10
587 614 10
587 616 10
587 617 10
587 618 10
587 619 10
587 620 10
587 622 10
587 624 10
587 640 10
587 643 10
587 648 10
587 653 10
587 656 10
587 657 10
587 659 10
587 665 10
587 670 10
587 672 10
587 673 10
587 675 10
587 679 10
587 680 10
587 688 10
587 691 10
587 692 10
587 696 10
587 711 10
587 714 10
587 717 10
587 719 10
587 721 10
587 723 10
587 724 10
587 735 10
587 736 10
587 741 10
587 744 10
587 748 10
587 749 10
587 750 10
588 277 10
588 279 10
588 295 10
588 314 10
588 315 10
588 319 10
588 324 10
588 325 10
588 330 10
588 331 10
588 332 10
588 334 10
588 335 10
588 339 10
588 340 10
588 341 10
588 342 10
588 345 10
588 347 10
588 364 10
588 365 10
588 366 10
588 367 10
588 372 10
588 380 10
588 382 10
588 384 10
588 404 10
588 406 10
588 408 10
588 410 10
588 411 10
588 414 10
588 416 10
588 418 10
588 419 10
588 420 10
588 421 10
588 422 10
588 423 10
588 424 10
588 425 10
588 427 10
588 431 10
588 432 10
588 439 10
588 440 10
588 441 10
588 442 10
588 450 10
588 451 10
588 464 10
588 473 10
588 481 10
588 485 10
588 486 10
588 500 10
588 508 10
588 509 10
588 511 10
588 512 10
588 514 10
588 515 10
588 517 10
588 519 10
588 522 10
588 525 10
588 529 10
588 530 10
588 535 10
588 537 10
588 539 10
588 540 10
588 541 10
588 542 10
588 543 10
588 544 10
588 547 10
588 548 10
588 553 10
588 554 10
588 555 10
588 556 10
588 557 10
588 559 10
588 560 10
588 561 10
588 562 10
588 564 10
588 565 10
588 570 10
588 575 10
588 576 10
588 578 10
588 585 10
588 587 10
588 590 10
588 591 10
588 594 10
588 595 10
588 597 10
588 599 10
588 601 10
588 602 10
588 603 10
588 604 10
588 609 10
588 612 10
588 613 10
588 614 10
588 615 10
588 616 10
588 617 10
588 618 10
588 619 10
588 620 10
588 629 10
588 633 10
588 638 10
588 641 10
588 645 10
588 646 10
588 647 10
588 648 10
588 650 10
588 651 10
588 653 10
588 658 10
588 661 10
588 669 10
588 676 10
588 678 10
588 689 10
588 690 10
588 693 10
588 694 10
588 698 10
588 699 10
588 707 10
588 710 10
588 712 10
588 714 10
588 717 10
588 718 10
588 719 10
588 722 10
588 723 10
588 724 10
588 727 10
588 745 10
588 746 10
588 747 10
589 277 10
589 311 10
589 318 10
589 322 10
589 326 10
589 330 10
589 331 10
589 332 10
589 334 10
589 336 10
589 337 10
589 339 10
589 342 10
589 343 10
589 344 10
589 345 10
589 346 10
589 363 10
589 364 10
589 365 10
589 368 10
589 375 10
589 377 10
589 408 10
589 410 10
589 411 10
589 412 10
589 413 10
589 415 10
589 418 10
589 419 10
589 421 10
589 422 10
589 424 10
589 425 10
589 426 10
589 430 10
589 432 10
589 434 10
589 436 10
589 438 10
589 439 10
589 441 10
589 442 10
589 446 10
589 460 10
589 461 10
589 462 10
589 463 10
589 464 10
589 465 10
589 467 10
589 469 10
589 471 10
589 473 10
589 474 10
589 475 10
589 481 10
589 490 10
589 491 10
589 493 10
589 494 10
589 496 10
589 501 10
589 507 10
589 509 10
589 510 10
589 511 10
589 512 10
589 513 10
589 514 10
589 516 10
589 517 10
589 520 10
589 524 10
589 527 10
589 529 10
589 536 10
589 537 10
589 538 10
589 539 10
589 541 10
589 542 10
589 543 10
589 544 10
589 546 10
589 549 10
589 555 10
589 557 10
589 558 10
589 559 10
589 564 10
589 565 10
589 566 10
589 567 10
589 569 10
589 572 10
589 579 10
589 586 10
589 587 10
589 589 10
589 590 10
589 594 10
589 599 10
589 601 10
589 602 10
589 604 10
589 605 10
589 606 10
589 607 10
589 609 10
589 612 10
589 613 10
589 614 10
589 615 10
589 616 10
589 617 10
589 618 10
589 619 10
589 620 10
589 621 10
589 622 10
589 624 10
589 628 10
589 641 10
589 642 10
589 644 10
589 648 10
589 649 10
589 651 10
589 653 10
589 654 10
589 656 10
589 667 10
589 669 10
589 670 10
589 671 10
589 674 10
589 677 10
589 680 10
589 682 10
589 685 10
589 686 10
589 689 10
589 691 10
589 692 10
589 694 10
589 695 10
589 696 10
589 698 10
589 705 10
589 706 10
589 708 10
589 710 10
589 714 10
589 715 10
589 717 10
589 721 10
589 735 10
589 748 10
589 749 10
589 751 10
590 319 10
590 320 10
590 321 10
590 322 10
590 323 10
590 324 10
590 326 10
590 328 10
590 330 10
590 333 10
590 334 10
590 338 10
590 339 10
590 340 10
590 342 10
590 343 10
590 347 10
590 351 10
590 362 10
590 363 10
590 364 10
590 365 10
590 368 10
590 369 10
590 371 10
590 378 10
590 379 10
590 387 10
590 407 10
590 409 10
590 410 10
590 411 10
590 414 10
590 415 10
590 421 10
590 422 10
590 423 10
590 424 10
590 425 10
590 428 10
590 432 10
590 433 10
590 436 10
590 438 10
590 439 10
590 440 10
590 441 10
590 442 10
590 443 10
590 452 10
590 469 10
590 473 10
590 474 10
590 488 10
590 489 10
590 495 10
590 496 10
590 500 10
590 502 10
590 503 10
590 506 10
590 507 10
590 508 10
590 509 10
590 510 10
590 511 10
590 512 10
590 513 10
590 515 10
590 516 10
590 518 10
590 519 10
590 521 10
590 522 10
590 523 10
590 527 10
590 533 10
590 534 10
590 539 10
590 540 10
590 543 10
590 544 10
590 548 10
590 552 10
590 553 10
590 557 10
590 558 10
590 559 10
590 561 10
590 564 10
590 569 10
590 570 10
590 577 10
590 585 10
590 590 10
590 591 10
590 592 10
590 593 10
590 595 10
590 603 10
590 604 10
590 605 10
590 607 10
590 608 10
590 609 10
590 611 10
590 612 10
590 614 10
590 615 10
590 616 10
590 617 10
590 618 10
590 619 10
590 620 10
590 621 10
590 622 10
590 623 10
590 624 10
590 626 10
590 646 10
590 648 10
590 649 10
590 651 10
590 652 10
590 665 10
590 667 10
590 669 10
590 670 10
590 672 10
590 673 10
590 675 10
590 681 10
590 685 10
590 690 10
590 691 10
590 693 10
590 695 10
590 699 10
590 703 10
590 705 10
590 706 10
590 713 10
590 724 10
590 745 10
590 746 10
591 314 10
591 321 10
591 322 10
591 325 10
591 326 10
591 331 10
591 334 10
591 336 10
591 337 10
591 338 10
591 339 10
591 340 10
591 341 10
591 343 10
591 345 10
591 346 10
591 349 10
591 361 10
591 362 10
591 363 10
591 364 10
591 365 10
591 366 10
591 367 10
591 368 10
591 369 10
591 379 10
591 382 10
591 398 10
591 405 10
591 409 10
591 411 10
591 412 10
591 422 10
591 423 10
591 424 10
591 425 10
591 427 10
591 428 10
591 430 10
591 431 10
591 432 10
591 436 10
591 437 10
591 438 10
591 442 10
591 459 10
591 460 10
591 462 10
591 463 10
591 464 10
591 467 10
591 469 10
591 473 10
591 474 10
591 475 10
591 477 10
591 478 10
591 481 10
591 482 10
591 486 10
591 487 10
591 489 10
591 493 10
591 494 10
591 495 10
591 498 10
591 500 10
591 506 10
591 508 10
591 509 10
591 511 10
591 512 10
591 513 10
591 514 10
591 515 10
591 517 10
591 518 10
591 520 10
591 525 10
591 527 10
591 528 10
591 529 10
591 532 10
591 533 10
591 534 10
591 537 10
591 538 10
591 539 10
591 540 10
591 542 10
591 543 10
591 544 10
591 547 10
591 556 10
591 558 10
591 566 10
591 573 10
591 574 10
591 578 10
591 586 10
591 587 10
591 588 10
591 590 10
591 592 10
591 593 10
591 595 10
591 596 10
591 598 10
591 600 10
591 602 10
591 605 10
591 606 10
591 607 10
591 608 10
591 609 10
591 610 10
591 611 10
591 612 10
591 616 10
591 617 10
591 618 10
591 620 10
591 621 10
591 624 10
591 625 10
591 626 10
591 628 10
591 646 10
591 647 10
591 648 10
591 651 10
591 654 10
591 673 10
591 677 10
591 680 10
591 684 10
591 685 10
591 687 10
591 688 10
591 689 10
591 690 10
591 691 10
591 692 10
591 693 10
591 694 10
591 695 10
591 697 10
591 699 10
591 703 10
591 706 10
591 716 10
591 722 10
591 723 10
591 724 10
591 739 10
592 315 10
592 316 10
592 317 10
592 321 10
592 322 10
592 323 10
592 324 10
592 327 10
592 328 10
592 329 10
592 334 10
592 335 10
592 336 10
592 338 10
592 339 10
592 340 10
592 345 10
592 352 10
592 356 10
592 358 10
592 361 10
592 363 10
592 364 10
592 366 10
592 367 10
592 370 10
592 381 10
592 384 10
592 412 10
592 414 10
592 416 10
592 418 10
592 422 10
592 425 10
592 427 10
592 428 10
592 429 10
592 431 10
592 433 10
592 435 10
592 436 10
592 437 10
592 441 10
592 443 10
592 452 10
592 462 10
592 466 10
592 471 10
592 473 10
592 475 10
592 476 10
592 483 10
592 485 10
592 488 10
592 489 10
592 490 10
592 499 10
592 503 10
592 504 10
592 505 10
592 508 10
592 512 10
592 515 10
592 517 10
592 520 10
592 523 10
592 524 10
592 525 10
592 526 10
592 531 10
592 532 10
592 533 10
592 534 10
592 538 10
592 539 10
592 541 10
592 543 10
592 545 10
592 556 10
592 558 10
592 565 10
592 568 10
592 569 10
592 585 10
592 589 10
592 590 10
592 592 10
592 597 10
592 598 10
592 599 10
592 601 10
592 602 10
592 603 10
592 605 10
592 606 10
592 607 10
592 608 10
592 609 10
592 610 10
592 611 10
592 612 10
592 614 10
592 615 10
592 616 10
592 617 10
592 618 10
592 619 10
592 620 10
592 621 10
592 626 10
592 628 10
592 648 10
592 649 10
592 650 10
592 654 10
592 656 10
592 657 10
592 668 10
592 669 10
592 670 10
592 671 10
592 673 10
592 675 10
592 682 10
592 684 10
592 687 10
592 688 10
592 689 10
592 690 10
592 695 10
592 696 10
592 698 10
592 699 10
592 702 10
592 705 10
592 706 10
592 707 10
592 708 10
592 713 10
593 313 10
593 320 10
593 325 10
593 326 10
593 329 10
593 330 10
593 333 10
593 334 10
593 336 10
593 339 10
593 340 10
593 341 10
593 342 10
593 343 10
593 352 10
593 353 10
593 355 10
593 357 10
593 362 10
593 363 10
593 365 10
593 366 10
593 367 10
593 368 10
593 370 10
593 379 10
593 410 10
593 416 10
593 421 10
593 422 10
593 423 10
593 424 10
593 425 10
593 426 10
593 427 10
593 428 10
593 429 10
593 433 10
593 434 10
593 438 10
593 439 10
593 440 10
593 442 10
593 443 10
593 449 10
593 450 10
593 460 10
593 471 10
593 472 10
593 473 10
593 475 10
593 481 10
593 484 10
593 486 10
593 489 10
593 490 10
593 495 10
593 497 10
593 499 10
593 503 10
593 508 10
593 511 10
593 513 10
593 514 10
593 519 10
593 520 10
593 523 10
593 524 10
593 525 10
593 528 10
593 534 10
593 535 10
593 537 10
593 538 10
593 539 10
593 540 10
593 541 10
593 545 10
593 551 10
593 553 10
593 555 10
593 556 10
593 557 10
593 562 10
593 569 10
593 570 10
593 571 10
593 574 10
593 575 10
593 583 10
593 585 10
593 587 10
593 588 10
593 589 10
593 593 10
593 594 10
593 596 10
593 597 10
593 600 10
593 602 10
593 603 10
593 604 10
593 605 10
593 606 10
593 607 10
593 608 10
593 609 10
593 611 10
593 616 10
593 618 10
593 621 10
593 623 10
593 625 10
593 649 10
593 650 10
593 661 10
593 668 10
593 671 10
593 678 10
593 685 10
593 686 10
593 689 10
593 690 10
593 691 10
593 692 10
593 695 10
593 696 10
593 697 10
593 698 10
593 699 10
593 700 10
593 702 10
593 703 10
593 710 10
593 713 10
593 722 10
593 724 10
593 740 10
594 295 10
594 302 10
594 311 10
594 320 10
594 321 10
594 322 10
594 327 10
594 328 10
594 331 10
594 335 10
594 336 10
594 337 10
594 338 10
594 340 10
594 346 10
594 350 10
594 351 10
594 353 10
594 355 10
594 360 10
594 362 10
594 363 10
594 364 10
594 365 10
594 366 10
594 368 10
594 369 10
594 375 10
594 379 10
594 381 10
594 384 10
594 400 10
594 405 10
594 408 10
594 409 10
594 413 10
594 414 10
594 416 10
594 423 10
594 425 10
594 427 10
594 429 10
594 430 10
594 433 10
594 437 10
594 441 10
594 442 10
594 443 10
594 444 10
594 446 10
594 458 10
594 460 10
594 462 10
594 469 10
594 471 10
594 473 10
594 475 10
594 476 10
594 484 10
594 485 10
594 488 10
594 489 10
594 493 10
594 496 10
594 497 10
594 498 10
594 501 10
594 503 10
594 505 10
594 507 10
594 511 10
594 513 10
594 516 10
594 525 10
594 533 10
594 534 10
594 536 10
594 538 10
594 539 10
594 543 10
594 556 10
594 557 10
594 560 10
594 566 10
594 568 10
594 570 10
594 571 10
594 573 10
594 575 10
594 577 10
594 583 10
594 590 10
594 591 10
594 592 10
594 596 10
594 597 10
594 598 10
594 599 10
594 601 10
594 602 10
594 604 10
594 605 10
594 607 10
594 608 10
594 609 10
594 610 10
594 611 10
594 613 10
594 614 10
594 620 10
594 622 10
594 647 10
594 650 10
594 655 10
594 656 10
594 665 10
594 666 10
594 668 10
594 670 10
594 671 10
594 673 10
594 675 10
594 676 10
594 677 10
594 686 10
594 687 10
594 689 10
594 690 10
594 691 10
594 693 10
594 694 10
594 695 10
594 696 10
594 697 10
594 698 10
594 702 10
594 703 10
594 706 10
594 730 10
594 731 10
594 733 10
594 739 10
594 740 10
594 741 10
595 290 10
595 294 10
595 312 10
595 313 10
595 314 10
595 319 10
595 323 10
595 324 10
595 326 10
595 327 10
595 328 10
595 332 10
595 333 10
595 342 10
595 344 10
595 345 10
595 352 10
595 356 10
595 358 10
595 361 10
595 362 10
595 363 10
595 364 10
595 365 10
595 368 10
595 374 10
595 382 10
595 383 10
595 395 10
595 408 10
595 409 10
595 416 10
595 420 10
595 422 10
595 423 10
595 424 10
595 426 10
595 427 10
595 428 10
595 429 10
595 430 10
595 436 10
595 437 10
595 438 10
595 439 10
595 440 10
595 441 10
595 442 10
595 448 10
595 459 10
595 475 10
595 486 10
595 488 10
595 493 10
595 495 10
595 498 10
595 500 10
595 501 10
595 512 10
595 513 10
595 514 10
595 516 10
595 519 10
595 523 10
595 527 10
595 531 10
595 532 10
595 533 10
595 536 10
595 537 10
595 538 10
595 539 10
595 541 10
595 542 10
595 546 10
595 549 10
595 551 10
595 552 10
595 557 10
595 558 10
595 567 10
595 568 10
595 570 10
595 571 10
595 572 10
595 573 10
595 574 10
595 588 10
595 589 10
595 590 10
595 591 10
595 593 10
595 594 10
595 595 10
595 596 10
595 597 10
595 598 10
595 600 10
595 601 10
595 602 10
595 603 10
595 606 10
595 607 10
595 608 10
595 609 10
595 610 10
595 611 10
595 612 10
595 614 10
595 615 10
595 616 10
595 617 10
595 619 10
595 648 10
595 650 10
595 663 10
595 670 10
595 677 10
595 678 10
595 679 10
595 686 10
595 687 10
595 688 10
595 689 10
595 690 10
595 691 10
595 692 10
595 693 10
595 696 10
595 697 10
595 698 10
595 699 10
595 700 10
595 701 10
595 703 10
595 710 10
595 714 10
595 730 10
595 738 10
596 293 10
596 301 10
596 321 10
596 326 10
596 327 10
596 329 10
596 331 10
596 332 10
596 339 10
596 342 10
596 358 10
596 360 10
596 363 10
596 364 10
596 366 10
596 372 10
596 374 10
596 375 10
596 377 10
596 381 10
596 396 10
596 397 10
596 403 10
596 405 10
596 407 10
596 410 10
596 412 10
596 413 10
596 418 10
596 421 10
596 424 10
596 426 10
596 431 10
596 438 10
596 439 10
596 440 10
596 441 10
596 442 10
596 443 10
596 448 10
596 451 10
596 474 10
596 482 10
596 483 10
596 484 10
596 485 10
596 490 10
596 493 10
596 494 10
596 496 10
596 497 10
596 500 10
596 501 10
596 503 10
596 510 10
596 512 10
596 514 10
596 516 10
596 517 10
596 518 10
596 519 10
596 520 10
596 526 10
596 529 10
596 533 10
596 534 10
596 537 10
596 538 10
596 539 10
596 550 10
596 568 10
596 575 10
596 576 10
596 590 10
596 591 10
596 593 10
596 595 10
596 596 10
596 597 10
596 598 10
596 599 10
596 600 10
596 601 10
596 602 10
596 603 10
596 605 10
596 608 10
596 609 10
596 610 10
596 611 10
596 614 10
596 615 10
596 616 10
596 617 10
596 622 10
596 623 10
596 645 10
596 647 10
596 648 10
596 666 10
596 671 10
596 675 10
596 686 10
596 687 10
596 689 10
596 690 10
596 693 10
596 694 10
596 696 10
596 706 10
596 710 10
596 713 10
596 729 10
596 737 10
596 738 10
596 740 10
596 742 10
597 291 10
597 297 10
597 313 10
597 314 10
597 320 10
597 321 10
597 324 10
597 325 10
597 328 10
597 330 10
597 334 10
597 339 10
597 341 10
597 344 10
597 347 10
597 351 10
597 352 10
597 359 10
597 365 10
597 367 10
597 368 10
597 376 10
597 378 10
597 379 10
597 380 10
597 403 10
597 408 10
597 409 10
597 410 10
597 411 10
597 419 10
597 420 10
597 423 10
597 425 10
597 427 10
597 429 10
597 432 10
597 434 10
597 437 10
597 442 10
597 443 10
597 446 10
597 453 10
597 469 10
597 477 10
597 483 10
597 484 10
597 486 10
597 487 10
597 488 10
597 494 10
597 495 10
597 496 10
597 500 10
597 503 10
597 510 10
597 513 10
597 514 10
597 521 10
597 526 10
597 527 10
597 528 10
597 529 10
597 530 10
597 531 10
597 535 10
597 536 10
597 537 10
597 538 10
597 539 10
597 540 10
597 542 10
597 548 10
597 553 10
597 569 10
597 570 10
597 572 10
597 573 10
597 578 10
597 580 10
597 584 10
597 586 10
597 587 10
597 588 10
597 589 10
597 591 10
597 593 10
597 594 10
597 596 10
597 597 10
597 599 10
597 605 10
597 607 10
597 608 10
597 610 10
597 612 10
597 613 10
597 614 10
597 615 10
597 618 10
597 620 10
597 642 10
597 648 10
597 650 10
597 668 10
597 670 10
597 673 10
597 682 10
597 684 10
597 685 10
597 687 10
597 689 10
597 690 10
597 692 10
597 693 10
597 694 10
597 696 10
597 700 10
597 706 10
597 708 10
597 729 10
597 732 10
597 738 10
597 741 10
597 743 10
598 299 10
598 301 10
598 322 10
598 323 10
598 327 10
598 330 10
598 332 10
598 338 10
598 345 10
598 349 10
598 354 10
598 357 10
598 358 10
598 359 10
598 365 10
598 368 10
598 371 10
598 372 10
598 373 10
598 379 10
598 382 10
598 409 10
598 410 10
598 413 10
598 415 10
598 416 10
598 422 10
598 423 10
598 424 10
598 426 10
598 429 10
598 431 10
598 433 10
598 435 10
598 438 10
598 440 10
598 442 10
598 450 10
598 451 10
598 455 10
598 465 10
598 469 10
598 470 10
598 477 10
598 479 10
598 482 10
598 485 10
598 491 10
598 500 10
598 512 10
598 513 10
598 514 10
598 517 10
598 519 10
598 521 10
598 522 10
598 529 10
598 531 10
598 532 10
598 534 10
598 536 10
598 537 10
598 539 10
598 540 10
598 541 10
598 543 10
598 549 10
598 552 10
598 554 10
598 555 10
598 578 10
598 591 10
598 596 10
598 601 10
598 606 10
598 607 10
598 608 10
598 609 10
598 611 10
598 612 10
598 614 10
598 615 10
598 616 10
598 619 10
598 620 10
598 621 10
598 627 10
598 641 10
598 644 10
598 654 10
598 661 10
598 668 10
598 672 10
598 673 10
598 675 10
598 686 10
598 688 10
598 689 10
598 691 10
598 692 10
598 706 10
598 716 10
598 734 10
598 740 10
598 744 10
599 290 10
599 292 10
599 294 10
599 300 10
599 315 10
599 319 10
599 320 10
599 321 10
599 323 10
599 324 10
599 325 10
599 328 10
599 330 10
599 334 10
599 336 10
599 338 10
599 341 10
599 342 10
599 347 10
599 353 10
599 355 10
599 356 10
599 358 10
599 361 10
599 370 10
599 373 10
599 380 10
599 382 10
599 398 10
599 407 10
599 408 10
599 410 10
599 411 10
599 419 10
599 420 10
599 423 10
599 424 10
599 426 10
599 427 10
599 428 10
599 431 10
599 435 10
599 438 10
599 440 10
599 442 10
599 446 10
599 447 10
599 448 10
599 450 10
599 453 10
599 464 10
599 465 10
599 466 10
599 467 10
599 468 10
599 481 10
599 484 10
599 485 10
599 487 10
599 489 10
599 494 10
599 495 10
599 496 10
599 500 10
599 502 10
599 504 10
599 505 10
599 508 10
599 513 10
599 517 10
599 519 10
599 521 10
599 523 10
599 525 10
599 526 10
599 528 10
599 531 10
599 532 10
599 536 10
599 541 10
599 542 10
599 543 10
599 567 10
599 568 10
599 577 10
599 578 10
599 579 10
599 590 10
599 591 10
599 592 10
599 593 10
599 594 10
599 596 10
599 597 10
599 599 10
599 601 10
599 603 10
599 604 10
599 605 10
599 606 10
599 607 10
599 610 10
599 611 10
599 613 10
599 614 10
599 616 10
599 618 10
599 620 10
599 622 10
599 641 10
599 667 10
599 668 10
599 674 10
599 679 10
599 681 10
599 684 10
599 690 10
599 691 10
599 694 10
599 695 10
599 699 10
599 705 10
599 707 10
599 713 10
599 714 10
599 730 10
599 732 10
599 733 10
599 736 10
599 746 10
599 748 10
600 292 10
600 294 10
600 315 10
600 326 10
600 327 10
600 328 10
600 331 10
600 332 10
600 334 10
600 336 10
600 343 10
600 345 10
600 349 10
600 353 10
600 354 10
600 355 10
600 356 10
600 357 10
600 359 10
600 360 10
600 364 10
600 373 10
600 374 10
600 399 10
600 401 10
600 410 10
600 413 10
600 415 10
600 418 10
600 423 10
600 427 10
600 429 10
600 435 10
600 439 10
600 440 10
600 442 10
600 445 10
600 450 10
600 451 10
600 452 10
600 453 10
600 454 10
600 455 10
600 457 10
600 464 10
600 466 10
600 470 10
600 471 10
600 474 10
600 476 10
600 479 10
600 487 10
600 488 10
600 489 10
600 493 10
600 495 10
600 496 10
600 498 10
600 503 10
600 509 10
600 511 10
600 512 10
600 516 10
600 521 10
600 523 10
600 527 10
600 530 10
600 531 10
600 532 10
600 536 10
600 537 10
600 541 10
600 542 10
600 543 10
600 545 10
600 556 10
600 567 10
600 572 10
600 573 10
600 579 10
600 592 10
600 595 10
600 596 10
600 598 10
600 599 10
600 602 10
600 603 10
600 609 10
600 610 10
600 611 10
600 613 10
600 614 10
600 615 10
600 619 10
600 620 10
600 621 10
600 633 10
600 647 10
600 650 10
600 659 10
600 660 10
600 661 10
600 664 10
600 678 10
600 685 10
600 689 10
600 693 10
600 709 10
600 711 10
600 715 10
600 716 10
600 718 10
600 729 10
600 730 10
600 733 10
600 735 10
600 739 10
600 744 10
601 293 10
601 295 10
601 301 10
601 317 10
601 318 10
601 319 10
601 320 10
601 321 10
601 322 10
601 323 10
601 329 10
601 330 10
601 334 10
601 336 10
601 339 10
601 340 10
601 342 10
601 351 10
601 352 10
601 353 10
601 354 10
601 356 10
601 357 10
601 359 10
601 361 10
601 362 10
601 363 10
601 364 10
601 365 10
601 367 10
601 370 10
601 372 10
601 374 10
601 394 10
601 402 10
601 404 10
601 409 10
601 411 10
601 412 10
601 416 10
601 417 10
601 418 10
601 419 10
601 421 10
601 422 10
601 423 10
601 426 10
601 427 10
601 429 10
601 433 10
601 434 10
601 435 10
601 436 10
601 437 10
601 438 10
601 440 10
601 442 10
601 448 10
601 450 10
601 452 10
601 464 10
601 465 10
601 468 10
601 473 10
601 475 10
601 476 10
601 477 10
601 478 10
601 479 10
601 481 10
601 484 10
601 487 10
601 489 10
601 492 10
601 494 10
601 495 10
601 496 10
601 498 10
601 500 10
601 505 10
601 506 10
601 507 10
601 509 10
601 510 10
601 512 10
601 515 10
601 517 10
601 519 10
601 524 10
601 530 10
601 533 10
601 536 10
601 537 10
601 538 10
601 540 10
601 541 10
601 557 10
601 558 10
601 560 10
601 566 10
601 567 10
601 568 10
601 570 10
601 571 10
601 572 10
601 574 10
601 579 10
601 595 10
601 596 10
601 598 10
601 600 10
601 602 10
601 606 10
601 607 10
601 609 10
601 613 10
601 614 10
601 616 10
601 617 10
601 618 10
601 620 10
601 621 10
601 622 10
601 632 10
601 637 10
601 647 10
601 649 10
601 651 10
601 657 10
601 658 10
601 663 10
601 664 10
601 669 10
601 674 10
601 676 10
601 705 10
601 710 10
601 712 10
601 714 10
601 716 10
601 729 10
601 734 10
601 735 10
601 737 10
601 739 10
601 745 10
602 295 10
602 319 10
602 321 10
602 323 10
602 326 10
602 327 10
602 329 10
602 331 10
602 332 10
602 333 10
602 337 10
602 340 10
602 342 10
602 350 10
602 351 10
602 353 10
602 354 10
602 355 10
602 356 10
602 357 10
602 358 10
602 359 10
602 368 10
602 369 10
602 373 10
602 374 10
602 392 10
602 394 10
602 395 10
602 398 10
602 400 10
602 403 10
602 407 10
602 413 10
602 415 10
602 416 10
602 418 10
602 419 10
602 422 10
602 424 10
602 425 10
602 426 10
602 427 10
602 428 10
602 429 10
602 430 10
602 435 10
602 436 10
602 437 10
602 438 10
602 439 10
602 441 10
602 446 10
602 447 10
602 448 10
602 450 10
602 473 10
602 476 10
602 480 10
602 486 10
602 490 10
602 491 10
602 493 10
602 494 10
602 495 10
602 496 10
602 498 10
602 501 10
602 505 10
602 508 10
602 510 10
602 512 10
602 516 10
602 519 10
602 521 10
602 523 10
602 525 10
602 526 10
602 527 10
602 528 10
602 530 10
602 532 10
602 534 10
602 535 10
602 536 10
602 537 10
602 539 10
602 542 10
602 544 10
602 546 10
602 555 10
602 556 10
602 559 10
602 560 10
602 569 10
602 570 10
602 589 10
602 593 10
602 594 10
602 596 10
602 597 10
602 602 10
602 603 10
602 605 10
602 608 10
602 610 10
602 611 10
602 612 10
602 613 10
602 615 10
602 617 10
602 618 10
602 619 10
602 621 10
602 622 10
602 646 10
602 647 10
602 648 10
602 649 10
602 658 10
602 661 10
602 662 10
602 664 10
602 667 10
602 671 10
602 672 10
602 678 10
602 683 10
602 687 10
602 688 10
602 708 10
602 709 10
602 710 10
602 711 10
602 712 10
602 713 10
602 714 10
602 715 10
602 717 10
602 718 10
602 719 10
602 726 10
602 728 10
602 732 10
602 733 10
602 735 10
602 738 10
602 748 10
602 757 10
603 300 10
603 317 10
603 318 10
603 320 10
603 326 10
603 327 10
603 328 10
603 329 10
603 330 10
603 334 10
603 335 10
603 338 10
603 340 10
603 341 10
603 351 10
603 353 10
603 354 10
603 355 10
603 357 10
603 359 10
603 360 10
603 361 10
603 362 10
603 363 10
603 373 10
603 392 10
603 393 10
603 394 10
603 396 10
603 397 10
603 401 10
603 404 10
603 406 10
603 410 10
603 412 10
603 413 10
603 416 10
603 417 10
603 419 10
603 426 10
603 429 10
603 431 10
603 432 10
603 433 10
603 434 10
603 435 10
603 437 10
603 440 10
603 446 10
603 464 10
603 468 10
603 470 10
603 472 10
603 474 10
603 479 10
603 480 10
603 483 10
603 485 10
603 486 10
603 487 10
603 489 10
603 490 10
603 492 10
603 493 10
603 495 10
603 496 10
603 505 10
603 506 10
603 510 10
603 514 10
603 516 10
603 518 10
603 519 10
603 521 10
603 522 10
603 523 10
603 524 10
603 526 10
603 532 10
603 536 10
603 537 10
603 539 10
603 540 10
603 541 10
603 547 10
603 548 10
603 557 10
603 560 10
603 561 10
603 564 10
603 569 10
603 574 10
603 576 10
603 583 10
603 584 10
603 592 10
603 597 10
603 598 10
603 600 10
603 603 10
603 605 10
603 608 10
603 613 10
603 614 10
603 615 10
603 616 10
603 622 10
603 632 10
603 633 10
603 640 10
603 650 10
603 655 10
603 659 10
603 660 10
603 672 10
603 673 10
603 674 10
603 675 10
603 677 10
603 678 10
603 679 10
603 680 10
603 681 10
603 682 10
603 684 10
603 687 10
603 708 10
603 719 10
603 724 10
603 728 10
603 729 10
603 730 10
603 733 10
603 735 10
603 737 10
603 740 10
603 757 10
604 293 10
604 294 10
604 313 10
604 322 10
604 323 10
604 327 10
604 328 10
604 333 10
604 341 10
604 347 10
604 348 10
604 349 10
604 350 10
604 351 10
604 354 10
604 358 10
604 359 10
604 360 10
604 361 10
604 362 10
604 363 10
604 364 10
604 367 10
604 369 10
604 374 10
604 382 10
604 384 10
604 393 10
604 394 10
604 398 10
604 399 10
604 400 10
604 402 10
604 403 10
604 414 10
604 418 10
604 419 10
604 420 10
604 424 10
604 431 10
604 433 10
604 434 10
604 436 10
604 437 10
604 440 10
604 442 10
604 445 10
604 447 10
604 449 10
604 456 10
604 458 10
604 460 10
604 464 10
604 468 10
604 472 10
604 473 10
604 474 10
604 475 10
604 476 10
604 479 10
604 485 10
604 487 10
604 493 10
604 495 10
604 498 10
604 499 10
604 500 10
604 504 10
604 507 10
604 508 10
604 510 10
604 511 10
604 515 10
604 516 10
604 518 10
604 519 10
604 521 10
604 522 10
604 525 10
604 526 10
604 527 10
604 528 10
604 529 10
604 530 10
604 531 10
604 532 10
604 533 10
604 534 10
604 535 10
604 536 10
604 537 10
604 538 10
604 539 10
604 540 10
604 541 10
604 542 10
604 543 10
604 551 10
604 553 10
604 554 10
604 555 10
604 560 10
604 568 10
604 569 10
604 582 10
604 584 10
604 592 10
604 593 10
604 595 10
604 596 10
604 601 10
604 604 10
604 605 10
604 610 10
604 612 10
604 615 10
604 618 10
604 631 10
604 632 10
604 635 10
604 642 10
604 646 10
604 651 10
604 652 10
604 658 10
604 661 10
604 662 10
604 674 10
604 675 10
604 676 10
604 677 10
604 678 10
604 682 10
604 687 10
604 689 10
604 692 10
604 700 10
604 705 10
604 709 10
604 710 10
604 712 10
604 714 10
604 715 10
604 716 10
604 718 10
604 721 10
604 723 10
604 725 10
604 726 10
604 727 10
604 730 10
604 732 10
604 734 10
604 740 10
604 741 10
605 298 10
605 301 10
605 312 10
605 320 10
605 325 10
605 329 10
605 330 10
605 332 10
605 334 10
605 337 10
605 343 10
605 344 10
605 346 10
605 353 10
605 359 10
605 360 10
605 362 10
605 364 10
605 366 10
605 368 10
605 373 10
605 374 10
605 394 10
605 398 10
605 405 10
605 407 10
605 408 10
605 409 10
605 416 10
605 417 10
605 418 10
605 424 10
605 425 10
605 426 10
605 430 10
605 431 10
605 432 10
605 434 10
605 442 10
605 455 10
605 457 10
605 460 10
605 461 10
605 466 10
605 469 10
605 470 10
605 473 10
605 475 10
605 477 10
605 482 10
605 485 10
605 487 10
605 488 10
605 489 10
605 491 10
605 494 10
605 495 10
605 496 10
605 498 10
605 502 10
605 504 10
605 505 10
605 506 10
605 507 10
605 509 10
605 510 10
605 511 10
605 512 10
605 520 10
605 522 10
605 528 10
605 530 10
605 531 10
605 533 10
605 534 10
605 535 10
605 537 10
605 538 10
605 539 10
605 540 10
605 542 10
605 549 10
605 560 10
605 565 10
605 567 10
605 580 10
605 581 10
605 587 10
605 588 10
605 591 10
605 592 10
605 594 10
605 595 10
605 599 10
605 608 10
605 609 10
605 614 10
605 615 10
605 618 10
605 622 10
605 623 10
605 624 10
605 626 10
605 631 10
605 632 10
605 635 10
605 637 10
605 641 10
605 645 10
605 649 10
605 650 10
605 659 10
605 661 10
605 676 10
605 679 10
605 686 10
605 687 10
605 688 10
605 689 10
605 708 10
605 709 10
605 711 10
605 712 10
605 714 10
605 718 10
605 720 10
605 721 10
605 724 10
605 725 10
605 726 10
605 728 10
605 730 10
605 732 10
605 736 10
606 299 10
606 318 10
606 322 10
606 323 10
606 324 10
606 326 10
606 330 10
606 331 10
606 332 10
606 333 10
606 334 10
606 338 10
606 345 10
606 346 10
606 351 10
606 354 10
606 356 10
606 357 10
606 358 10
606 359 10
606 360 10
606 369 10
606 384 10
606 399 10
606 400 10
606 401 10
606 402 10
606 412 10
606 413 10
606 415 10
606 416 10
606 418 10
606 420 10
606 423 10
606 424 10
606 426 10
606 430 10
606 431 10
606 443 10
606 457 10
606 462 10
606 463 10
606 464 10
606 465 10
606 466 10
606 467 10
606 468 10
606 469 10
606 472 10
606 473 10
606 475 10
606 477 10
606 478 10
606 479 10
606 481 10
606 482 10
606 484 10
606 486 10
606 488 10
606 490 10
606 493 10
606 496 10
606 500 10
606 501 10
606 502 10
606 506 10
606 507 10
606 509 10
606 510 10
606 511 10
606 512 10
606 515 10
606 516 10
606 517 10
606 518 10
606 519 10
606 520 10
606 527 10
606 529 10
606 530 10
606 531 10
606 532 10
606 533 10
606 534 10
606 535 10
606 536 10
606 537 10
606 540 10
606 543 10
606 549 10
606 550 10
606 552 10
606 554 10
606 567 10
606 581 10
606 583 10
606 585 10
606 589 10
606 591 10
606 592 10
606 593 10
606 594 10
606 595 10
606 596 10
606 597 10
606 598 10
606 599 10
606 607 10
606 613 10
606 614 10
606 616 10
606 617 10
606 619 10
606 620 10
606 621 10
606 622 10
606 626 10
606 634 10
606 635 10
606 636 10
606 637 10
606 638 10
606 640 10
606 641 10
606 649 10
606 651 10
606 654 10
606 660 10
606 663 10
606 665 10
606 670 10
606 673 10
606 674 10
606 675 10
606 676 10
606 678 10
606 680 10
606 681 10
606 683 10
606 684 10
606 687 10
606 690 10
606 694 10
606 700 10
606 704 10
606 705 10
606 706 10
606 708 10
606 709 10
606 711 10
606 714 10
606 716 10
606 718 10
606 719 10
606 721 10
606 722 10
606 723 10
606 725 10
606 728 10
606 736 10
606 740 10
606 741 10
607 326 10
607 328 10
607 329 10
607 332 10
607 333 10
607 335 10
607 340 10
607 345 10
607 348 10
607 350 10
607 351 10
607 356 10
607 357 10
607 358 10
607 360 10
607 361 10
607 362 10
607 364 10
607 365 10
607 366 10
607 372 10
607 383 10
607 384 10
607 386 10
607 399 10
607 402 10
607 404 10
607 405 10
607 407 10
607 409 10
607 410 10
607 413 10
607 421 10
607 423 10
607 424 10
607 425 10
607 433 10
607 457 10
607 461 10
607 464 10
607 467 10
607 469 10
607 470 10
607 471 10
607 472 10
607 476 10
607 478 10
607 480 10
607 481 10
607 485 10
607 486 10
607 487 10
607 488 10
607 489 10
607 491 10
607 494 10
607 496 10
607 497 10
607 502 10
607 503 10
607 504 10
607 505 10
607 506 10
607 507 10
607 508 10
607 509 10
607 510 10
607 512 10
607 514 10
607 516 10
607 519 10
607 520 10
607 524 10
607 525 10
607 526 10
607 529 10
607 530 10
607 532 10
607 533 10
607 534 10
607 535 10
607 538 10
607 539 10
607 540 10
607 541 10
607 542 10
607 543 10
607 548 10
607 583 10
607 584 10
607 586 10
607 595 10
607 597 10
607 598 10
607 599 10
607 600 10
607 612 10
607 613 10
607 615 10
607 618 10
607 621 10
607 622 10
607 623 10
607 624 10
607 632 10
607 634 10
607 635 10
607 636 10
607 637 10
607 640 10
607 641 10
607 649 10
607 652 10
607 653 10
607 661 10
607 664 10
607 676 10
607 678 10
607 687 10
607 688 10
607 691 10
607 699 10
607 701 10
607 702 10
607 703 10
607 706 10
607 707 10
607 709 10
607 711 10
607 712 10
607 714 10
607 718 10
607 720 10
607 721 10
607 723 10
607 724 10
607 726 10
607 728 10
607 729 10
607 731 10
608 301 10
608 317 10
608 320 10
608 325 10
608 329 10
608 331 10
608 333 10
608 334 10
608 335 10
608 336 10
608 342 10
608 343 10
608 347 10
608 348 10
608 350 10
608 357 10
608 358 10
608 359 10
608 360 10
608 362 10
608 363 10
608 364 10
608 370 10
608 380 10
608 387 10
608 395 10
608 396 10
608 397 10
608 398 10
608 400 10
608 403 10
608 404 10
608 407 10
608 408 10
608 409 10
608 411 10
608 412 10
608 415 10
608 423 10
608 426 10
608 428 10
608 430 10
608 431 10
608 433 10
608 434 10
608 435 10
608 436 10
608 438 10
608 450 10
608 452 10
608 455 10
608 466 10
608 469 10
608 470 10
608 471 10
608 473 10
608 474 10
608 484 10
608 486 10
608 487 10
608 488 10
608 489 10
608 490 10
608 493 10
608 495 10
608 496 10
608 501 10
608 502 10
608 503 10
608 507 10
608 508 10
608 509 10
608 510 10
608 511 10
608 515 10
608 517 10
608 518 10
608 520 10
608 524 10
608 526 10
608 527 10
608 528 10
608 529 10
608 530 10
608 531 10
608 535 10
608 536 10
608 543 10
608 545 10
608 558 10
608 560 10
608 561 10
608 562 10
608 582 10
608 586 10
608 592 10
608 593 10
608 594 10
608 596 10
608 598 10
608 599 10
608 600 10
608 608 10
608 611 10
608 614 10
608 619 10
608 620 10
608 623 10
608 624 10
608 625 10
608 630 10
608 631 10
608 636 10
608 637 10
608 638 10
608 640 10
608 641 10
608 650 10
608 651 10
608 655 10
608 658 10
608 659 10
608 664 10
608 666 10
608 672 10
608 674 10
608 675 10
608 676 10
608 678 10
608 679 10
608 680 10
608 689 10
608 690 10
608 692 10
608 698 10
608 700 10
608 701 10
608 702 10
608 703 10
608 704 10
608 705 10
608 708 10
608 710 10
608 711 10
608 716 10
608 717 10
608 720 10
608 721 10
608 722 10
608 723 10
608 725 10
608 726 10
608 730 10
608 731 10
608 732 10
608 733 10
608 735 10
608 743 10
609 327 10
609 328 10
609 329 10
609 331 10
609 334 10
609 337 10
609 341 10
609 344 10
609 345 10
609 348 10
609 349 10
609 351 10
609 352 10
609 353 10
609 354 10
609 355 10
609 356 10
609 357 10
609 359 10
609 360 10
609 361 10
609 363 10
609 369 10
609 372 10
609 377 10
609 383 10
609 386 10
609 387 10
609 394 10
609 399 10
609 400 10
609 402 10
609 404 10
609 405 10
609 406 10
609 410 10
609 412 10
609 420 10
609 421 10
609 422 10
609 423 10
609 424 10
609 425 10
609 426 10
609 427 10
609 428 10
609 429 10
609 432 10
609 435 10
609 436 10
609 437 10
609 445 10
609 448 10
609 451 10
609 452 10
609 455 10
609 456 10
609 457 10
609 460 10
609 462 10
609 465 10
609 469 10
609 472 10
609 477 10
609 478 10
609 479 10
609 480 10
609 486 10
609 487 10
609 488 10
609 489 10
609 490 10
609 491 10
609 492 10
609 493 10
609 496 10
609 500 10
609 501 10
609 504 10
609 505 10
609 506 10
609 507 10
609 509 10
609 510 10
609 511 10
609 512 10
609 516 10
609 518 10
609 519 10
609 523 10
609 524 10
609 525 10
609 526 10
609 527 10
609 528 10
609 529 10
609 530 10
609 531 10
609 537 10
609 538 10
609 540 10
609 541 10
609 543 10
609 544 10
609 545 10
609 559 10
609 562 10
609 563 10
609 579 10
609 584 10
609 585 10
609 587 10
609 592 10
609 593 10
609 595 10
609 597 10
609 601 10
609 604 10
609 611 10
609 614 10
609 616 10
609 618 10
609 619 10
609 620 10
609 621 10
609 625 10
609 626 10
609 628 10
609 631 10
609 632 10
609 634 10
609 635 10
609 637 10
609 638 10
609 640 10
609 656 10
609 664 10
609 665 10
609 666 10
609 672 10
609 675 10
609 676 10
609 677 10
609 687 10
609 688 10
609 693 10
609 701 10
609 708 10
609 710 10
609 712 10
609 713 10
609 715 10
609 719 10
609 721 10
609 723 10
609 724 10
609 731 10
609 732 10
609 733 10
609 734 10
609 735 10
610 324 10
610 325 10
610 328 10
610 330 10
610 332 10
610 334 10
610 344 10
610 346 10
610 348 10
610 350 10
610 351 10
610 352 10
610 353 10
610 354 10
610 355 10
610 357 10
610 360 10
610 361 10
610 362 10
610 377 10
610 380 10
610 381 10
610 382 10
610 383 10
610 394 10
610 399 10
610 400 10
610 402 10
610 403 10
610 406 10
610 407 10
610 409 10
610 410 10
610 412 10
610 418 10
610 419 10
610 424 10
610 425 10
610 426 10
610 429 10
610 430 10
610 432 10
610 433 10
610 435 10
610 438 10
610 446 10
610 448 10
610 450 10
610 451 10
610 453 10
610 454 10
610 463 10
610 467 10
610 469 10
610 471 10
610 472 10
610 476 10
610 477 10
610 480 10
610 482 10
610 483 10
610 484 10
610 485 10
610 488 10
610 490 10
610 491 10
610 492 10
610 495 10
610 498 10
610 502 10
610 503 10
610 505 10
610 506 10
610 508 10
610 511 10
610 513 10
610 514 10
610 518 10
610 519 10
610 520 10
610 523 10
610 525 10
610 527 10
610 528 10
610 529 10
610 530 10
610 531 10
610 534 10
610 539 10
610 540 10
610 541 10
610 548 10
610 560 10
610 565 10
610 587 10
610 589 10
610 590 10
610 591 10
610 599 10
610 601 10
610 606 10
610 608 10
610 611 10
610 612 10
610 614 10
610 616 10
610 618 10
610 619 10
610 622 10
610 627 10
610 630 10
610 633 10
610 635 10
610 636 10
610 637 10
610 639 10
610 644 10
610 645 10
610 655 10
610 657 10
610 663 10
610 664 10
610 666 10
610 672 10
610 674 10
610 675 10
610 676 10
610 684 10
610 686 10
610 687 10
610 690 10
610 691 10
610 692 10
610 695 10
610 699 10
610 701 10
610 708 10
610 710 10
610 712 10
610 713 10
610 717 10
610 718 10
610 720 10
610 721 10
610 723 10
610 726 10
611 328 10
611 329 10
611 330 10
611 332 10
611 333 10
611 334 10
611 340 10
611 344 10
611 346 10
611 349 10
611 350 10
611 352 10
611 353 10
611 354 10
611 355 10
611 356 10
611 362 10
611 363 10
611 370 10
611 377 10
611 379 10
611 383 10
611 384 10
611 385 10
611 386 10
611 393 10
611 397 10
611 398 10
611 402 10
611 404 10
611 406 10
611 407 10
611 408 10
611 409 10
611 410 10
611 411 10
611 413 10
611 414 10
611 417 10
611 418 10
611 419 10
611 424 10
611 427 10
611 429 10
611 430 10
611 431 10
611 432 10
611 433 10
611 443 10
611 445 10
611 451 10
611 452 10
611 454 10
611 456 10
611 457 10
611 462 10
611 468 10
611 470 10
611 471 10
611 473 10
611 478 10
611 483 10
611 484 10
611 486 10
611 487 10
611 488 10
611 489 10
611 490 10
611 492 10
611 493 10
611 495 10
611 498 10
611 500 10
611 503 10
611 504 10
611 505 10
611 506 10
611 507 10
611 508 10
611 510 10
611 511 10
611 512 10
611 513 10
611 518 10
611 519 10
611 520 10
611 523 10
611 527 10
611 528 10
611 530 10
611 531 10
611 535 10
611 536 10
611 537 10
611 538 10
611 540 10
611 543 10
611 545 10
611 549 10
611 565 10
611 568 10
611 569 10
611 571 10
611 586 10
611 587 10
611 597 10
611 604 10
611 605 10
611 611 10
611 614 10
611 619 10
611 621 10
611 622 10
611 626 10
611 629 10
611 632 10
611 633 10
611 635 10
611 636 10
611 647 10
611 648 10
611 653 10
611 663 10
611 673 10
611 674 10
611 675 10
611 677 10
611 678 10
611 679 10
611 684 10
611 686 10
611 688 10
611 689 10
611 691 10
611 692 10
611 694 10
611 695 10
611 697 10
611 699 10
611 701 10
611 702 10
611 703 10
611 704 10
611 707 10
611 709 10
611 710 10
611 711 10
611 712 10
611 714 10
611 715 10
611 716 10
611 717 10
611 720 10
611 721 10
611 730 10
611 732 10
612 328 10
612 339 10
612 348 10
612 350 10
612 351 10
612 353 10
612 354 10
612 356 10
612 371 10
612 373 10
612 377 10
612 380 10
612 381 10
612 382 10
612 385 10
612 400 10
612 401 10
612 405 10
612 407 10
612 409 10
612 411 10
612 413 10
612 417 10
612 418 10
612 419 10
612 420 10
612 422 10
612 424 10
612 425 10
612 427 10
612 429 10
612 430 10
612 431 10
612 432 10
612 449 10
612 450 10
612 451 10
612 462 10
612 464 10
612 469 10
612 472 10
612 473 10
612 478 10
612 481 10
612 482 10
612 483 10
612 484 10
612 485 10
612 486 10
612 487 10
612 489 10
612 491 10
612 494 10
612 501 10
612 505 10
612 506 10
612 507 10
612 509 10
612 519 10
612 520 10
612 525 10
612 526 10
612 527 10
612 528 10
612 532 10
612 533 10
612 534 10
612 537 10
612 538 10
612 540 10
612 542 10
612 543 10
612 545 10
612 548 10
612 550 10
612 553 10
612 555 10
612 563 10
612 564 10
612 565 10
612 566 10
612 587 10
612 600 10
612 603 10
612 607 10
612 609 10
612 611 10
612 612 10
612 615 10
612 616 10
612 617 10
612 620 10
612 625 10
612 627 10
612 628 10
612 632 10
612 634 10
612 635 10
612 638 10
612 663 10
612 665 10
612 667 10
612 670 10
612 671 10
612 672 10
612 674 10
612 676 10
612 685 10
612 688 10
612 689 10
612 691 10
612 694 10
612 697 10
612 698 10
612 699 10
612 701 10
612 702 10
612 703 10
612 705 10
612 707 10
612 708 10
612 709 10
612 714 10
612 716 10
612 718 10
612 721 10
612 724 10
612 725 10
612 731 10
612 733 10
613 330 10
613 343 10
613 345 10
613 348 10
613 349 10
613 350 10
613 351 10
613 352 10
613 353 10
613 354 10
613 355 10
613 362 10
613 368 10
613 373 10
613 374 10
613 382 10
613 385 10
613 386 10
613 388 10
613 397 10
613 403 10
613 404 10
613 405 10
613 406 10
613 407 10
613 408 10
613 409 10
613 413 10
613 414 10
613 415 10
613 420 10
613 421 10
613 422 10
613 424 10
613 425 10
613 427 10
613 429 10
613 430 10
613 438 10
613 440 10
613 447 10
613 448 10
613 449 10
613 450 10
613 451 10
613 467 10
613 468 10
613 471 10
613 474 10
613 476 10
613 480 10
613 481 10
613 486 10
613 489 10
613 490 10
613 491 10
613 493 10
613 496 10
613 501 10
613 502 10
613 509 10
613 510 10
613 512 10
613 513 10
613 519 10
613 520 10
613 522 10
613 523 10
613 524 10
613 525 10
613 526 10
613 527 10
613 528 10
613 530 10
613 531 10
613 533 10
613 534 10
613 535 10
613 537 10
613 541 10
613 543 10
613 549 10
613 552 10
613 556 10
613 557 10
613 559 10
613 561 10
613 563 10
613 566 10
613 570 10
613 582 10
613 591 10
613 595 10
613 604 10
613 607 10
613 611 10
613 612 10
613 614 10
613 619 10
613 630 10
613 632 10
613 635 10
613 637 10
613 661 10
613 662 10
613 673 10
613 674 10
613 680 10
613 688 10
613 690 10
613 691 10
613 692 10
613 694 10
613 698 10
613 699 10
613 702 10
613 703 10
613 710 10
613 711 10
613 716 10
613 724 10
613 725 10
613 728 10
613 729 10
613 730 10
613 732 10
613 734 10
614 331 10
614 333 10
614 341 10
614 342 10
614 348 10
614 351 10
614 352 10
614 353 10
614 356 10
614 360 10
614 368 10
614 369 10
614 371 10
614 373 10
614 380 10
614 381 10
614 384 10
614 386 10
614 396 10
614 398 10
614 403 10
614 406 10
614 407 10
614 409 10
614 410 10
614 412 10
614 416 10
614 417 10
614 418 10
614 422 10
614 428 10
614 430 10
614 431 10
614 463 10
614 464 10
614 465 10
614 466 10
614 467 10
614 473 10
614 474 10
614 482 10
614 483 10
614 488 10
614 490 10
614 494 10
614 504 10
614 505 10
614 508 10
614 511 10
614 520 10
614 521 10
614 524 10
614 526 10
614 528 10
614 529 10
614 530 10
614 531 10
614 533 10
614 535 10
614 537 10
614 539 10
614 541 10
614 543 10
614 548 10
614 550 10
614 553 10
614 554 10
614 557 10
614 564 10
614 565 10
614 567 10
614 594 10
614 596 10
614 597 10
614 600 10
614 604 10
614 605 10
614 607 10
614 608 10
614 609 10
614 612 10
614 613 10
614 614 10
614 616 10
614 617 10
614 619 10
614 620 10
614 621 10
614 625 10
614 630 10
614 653 10
614 656 10
614 660 10
614 664 10
614 665 10
614 667 10
614 678 10
614 685 10
614 686 10
614 688 10
614 690 10
614 691 10
614 693 10
614 696 10
614 697 10
614 701 10
614 702 10
614 704 10
614 707 10
614 708 10
614 717 10
614 724 10
614 727 10
614 728 10
614 730 10
615 332 10
615 336 10
615 351 10
615 352 10
615 353 10
615 358 10
615 371 10
615 372 10
615 374 10
615 387 10
615 391 10
615 392 10
615 396 10
615 399 10
615 400 10
615 402 10
615 404 10
615 405 10
615 406 10
615 408 10
615 410 10
615 411 10
615 413 10
615 415 10
615 417 10
615 419 10
615 420 10
615 421 10
615 423 10
615 426 10
615 427 10
615 428 10
615 430 10
615 432 10
615 434 10
615 438 10
615 440 10
615 444 10
615 449 10
615 450 10
615 451 10
615 462 10
615 464 10
615 465 10
615 466 10
615 470 10
615 481 10
615 484 10
615 486 10
615 487 10
615 488 10
615 489 10
615 490 10
615 494 10
615 496 10
615 504 10
615 505 10
615 506 10
615 510 10
615 511 10
615 512 10
615 514 10
615 522 10
615 523 10
615 524 10
615 525 10
615 527 10
615 528 10
615 530 10
615 531 10
615 533 10
615 534 10
615 535 10
615 537 10
615 538 10
615 539 10
615 543 10
615 546 10
615 547 10
615 549 10
615 551 10
615 555 10
615 558 10
615 560 10
615 563 10
615 566 10
615 567 10
615 568 10
615 581 10
615 582 10
615 584 10
615 591 10
615 592 10
615 593 10
615 595 10
615 597 10
615 603 10
615 605 10
615 609 10
615 610 10
615 611 10
615 612 10
615 614 10
615 618 10
615 622 10
615 624 10
615 628 10
615 631 10
615 635 10
615 636 10
615 637 10
615 641 10
615 642 10
615 643 10
615 644 10
615 649 10
615 651 10
615 655 10
615 657 10
615 660 10
615 661 10
615 663 10
615 665 10
615 671 10
615 674 10
615 677 10
615 688 10
615 690 10
615 692 10
615 693 10
615 698 10
615 699 10
615 704 10
615 705 10
615 706 10
615 718 10
615 731 10
616 329 10
616 331 10
616 332 10
616 340 10
616 351 10
616 352 10
616 353 10
616 354 10
616 355 10
616 359 10
616 372 10
616 374 10
616 384 10
616 389 10
616 393 10
616 398 10
616 400 10
616 404 10
616 408 10
616 409 10
616 410 10
616 411 10
616 414 10
616 415 10
616 420 10
616 421 10
616 424 10
616 425 10
616 428 10
616 429 10
616 433 10
616 462 10
616 464 10
616 465 10
616 466 10
616 468 10
616 482 10
616 484 10
616 486 10
616 488 10
616 489 10
616 491 10
616 494 10
616 495 10
616 496 10
616 497 10
616 498 10
616 499 10
616 503 10
616 505 10
616 506 10
616 517 10
616 519 10
616 520 10
616 521 10
616 523 10
616 524 10
616 526 10
616 527 10
616 528 10
616 530 10
616 531 10
616 534 10
616 535 10
616 537 10
616 541 10
616 543 10
616 544 10
616 545 10
616 546 10
616 547 10
616 548 10
616 551 10
616 556 10
616 565 10
616 570 10
616 578 10
616 582 10
616 583 10
616 586 10
616 588 10
616 589 10
616 591 10
616 597 10
616 599 10
616 607 10
616 609 10
616 610 10
616 611 10
616 613 10
616 614 10
616 615 10
616 617 10
616 618 10
616 620 10
616 622 10
616 625 10
616 626 10
616 628 10
616 629 10
616 630 10
616 636 10
616 653 10
616 655 10
616 659 10
616 662 10
616 665 10
616 686 10
616 695 10
616 703 10
616 704 10
616 710 10
616 716 10
616 717 10
616 718 10
616 719 10
616 721 10
616 722 10
616 728 10
616 730 10
616 731 10
616 732 10
616 736 10
616 740 10
616 743 10
616 744 10
617 341 10
617 356 10
617 361 10
617 363 10
617 368 10
617 369 10
617 371 10
617 373 10
617 375 10
617 382 10
617 385 10
617 387 10
617 395 10
617 396 10
617 399 10
617 404 10
617 406 10
617 409 10
617 412 10
617 413 10
617 420 10
617 421 10
617 422 10
617 424 10
617 428 10
617 429 10
617 431 10
617 433 10
617 443 10
617 463 10
617 464 10
617 465 10
617 466 10
617 482 10
617 483 10
617 487 10
617 493 10
617 494 10
617 495 10
617 496 10
617 497 10
617 498 10
617 503 10
617 505 10
617 519 10
617 524 10
617 525 10
617 526 10
617 527 10
617 528 10
617 529 10
617 531 10
617 532 10
617 533 10
617 534 10
617 535 10
617 536 10
617 539 10
617 548 10
617 552 10
617 554 10
617 556 10
617 559 10
617 561 10
617 563 10
617 565 10
617 566 10
617 567 10
617 582 10
617 583 10
617 587 10
617 589 10
617 590 10
617 594 10
617 596 10
617 597 10
617 601 10
617 605 10
617 607 10
617 609 10
617 612 10
617 613 10
617 615 10
617 616 10
617 617 10
617 620 10
617 624 10
617 628 10
617 640 10
617 642 10
617 644 10
617 645 10
617 648 10
617 651 10
617 652 10
617 653 10
617 655 10
617 674 10
617 675 10
617 690 10
617 692 10
617 697 10
617 698 10
617 704 10
617 705 10
617 706 10
617 714 10
617 715 10
617 717 10
617 718 10
617 719 10
617 721 10
617 723 10
617 724 10
617 725 10
617 726 10
617 730 10
617 732 10
617 735 10
617 736 10
617 737 10
618 336 10
618 338 10
618 339 10
618 348 10
618 352 10
618 355 10
618 359 10
618 360 10
618 369 10
618 371 10
618 373 10
618 375 10
618 392 10
618 396 10
618 397 10
618 398 10
618 400 10
618 402 10
618 412 10
618 414 10
618 417 10
618 418 10
618 419 10
618 420 10
618 421 10
618 424 10
618 426 10
618 428 10
618 430 10
618 432 10
618 458 10
618 461 10
618 463 10
618 464 10
618 467 10
618 468 10
618 474 10
618 481 10
618 482 10
618 484 10
618 486 10
618 487 10
618 492 10
618 493 10
618 494 10
618 495 10
618 497 10
618 498 10
618 505 10
618 522 10
618 523 10
618 524 10
618 525 10
618 526 10
618 528 10
618 529 10
618 530 10
618 531 10
618 532 10
618 533 10
618 536 10
618 538 10
618 542 10
618 543 10
618 546 10
618 548 10
618 549 10
618 555 10
618 556 10
618 557 10
618 560 10
618 563 10
618 564 10
618 565 10
618 567 10
618 568 10
618 569 10
618 573 10
618 579 10
618 580 10
618 581 10
618 582 10
618 586 10
618 587 10
618 594 10
618 597 10
618 599 10
618 600 10
618 601 10
618 602 10
618 605 10
618 608 10
618 610 10
618 611 10
618 612 10
618 613 10
618 614 10
618 615 10
618 616 10
618 617 10
618 618 10
618 623 10
618 625 10
618 629 10
618 635 10
618 638 10
618 643 10
618 651 10
618 652 10
618 656 10
618 659 10
618 672 10
618 690 10
618 691 10
618 693 10
618 695 10
618 697 10
618 698 10
618 700 10
618 704 10
618 706 10
618 708 10
618 715 10
618 717 10
618 718 10
618 720 10
618 729 10
618 730 10
618 731 10
618 734 10
618 735 10
618 737 10
618 743 10
618 744 10
619 336 10
619 337 10
619 338 10
619 339 10
619 345 10
619 346 10
619 347 10
619 349 10
619 352 10
619 354 10
619 359 10
619 368 10
619 369 10
619 371 10
619 382 10
619 384 10
619 385 10
619 386 10
619 387 10
619 389 10
619 390 10
619 392 10
619 394 10
619 396 10
619 398 10
619 401 10
619 404 10
619 408 10
619 413 10
619 415 10
619 417 10
619 423 10
619 424 10
619 426 10
619 428 10
619 431 10
619 432 10
619 435 10
619 436 10
619 457 10
619 459 10
619 460 10
619 461 10
619 466 10
619 477 10
619 481 10
619 485 10
619 488 10
619 489 10
619 492 10
619 493 10
619 494 10
619 495 10
619 496 10
619 498 10
619 499 10
619 523 10
619 525 10
619 527 10
619 529 10
619 532 10
619 533 10
619 534 10
619 535 10
619 544 10
619 546 10
619 552 10
619 554 10
619 555 10
619 556 10
619 557 10
619 558 10
619 559 10
619 560 10
619 561 10
619 565 10
619 566 10
619 567 10
619 568 10
619 571 10
619 573 10
619 575 10
619 578 10
619 582 10
619 592 10
619 595 10
619 597 10
619 598 10
619 602 10
619 604 10
619 605 10
619 606 10
619 609 10
619 610 10
619 611 10
619 612 10
619 613 10
619 614 10
619 616 10
619 624 10
619 628 10
619 638 10
619 641 10
619 642 10
619 646 10
619 649 10
619 655 10
619 657 10
619 658 10
619 693 10
619 694 10
619 696 10
619 699 10
619 702 10
619 703 10
619 704 10
619 705 10
619 707 10
619 715 10
619 716 10
619 717 10
619 718 10
619 719 10
619 720 10
619 721 10
619 722 10
619 731 10
619 732 10
619 733 10
619 738 10
619 739 10
620 339 10
620 341 10
620 345 10
620 347 10
620 358 10
620 360 10
620 365 10
620 367 10
620 370 10
620 371 10
620 377 10
620 383 10
620 389 10
620 391 10
620 392 10
620 393 10
620 397 10
620 398 10
620 399 10
620 409 10
620 410 10
620 411 10
620 413 10
620 415 10
620 417 10
620 418 10
620 420 10
620 421 10
620 422 10
620 426 10
620 439 10
620 459 10
620 460 10
620 462 10
620 483 10
620 484 10
620 485 10
620 486 10
620 487 10
620 489 10
620 491 10
620 493 10
620 494 10
620 495 10
620 496 10
620 497 10
620 503 10
620 521 10
620 525 10
620 526 10
620 527 10
620 528 10
620 529 10
620 530 10
620 532 10
620 535 10
620 536 10
620 548 10
620 549 10
620 550 10
620 555 10
620 556 10
620 557 10
620 558 10
620 559 10
620 560 10
620 561 10
620 562 10
620 563 10
620 564 10
620 569 10
620 570 10
620 571 10
620 573 10
620 575 10
620 577 10
620 578 10
620 579 10
620 580 10
620 582 10
620 583 10
620 584 10
620 595 10
620 596 10
620 597 10
620 599 10
620 600 10
620 607 10
620 608 10
620 609 10
620 612 10
620 613 10
620 614 10
620 615 10
620 616 10
620 617 10
620 619 10
620 637 10
620 643 10
620 649 10
620 650 10
620 651 10
620 652 10
620 653 10
620 655 10
620 659 10
620 663 10
620 688 10
620 692 10
620 695 10
620 702 10
620 707 10
620 713 10
620 717 10
620 722 10
620 723 10
620 727 10
620 729 10
620 732 10
620 735 10
620 738 10
620 739 10
620 743 10
621 338 10
621 341 10
621 345 10
621 346 10
621 347 10
621 348 10
621 349 10
621 355 10
621 358 10
621 371 10
621 376 10
621 379 10
621 382 10
621 384 10
621 388 10
621 390 10
621 392 10
621 399 10
621 400 10
621 401 10
621 405 10
621 414 10
621 418 10
621 428 10
621 429 10
621 431 10
621 432 10
621 433 10
621 436 10
621 437 10
621 459 10
621 460 10
621 461 10
621 463 10
621 470 10
621 481 10
621 482 10
621 485 10
621 487 10
621 488 10
621 490 10
621 493 10
621 494 10
621 496 10
621 517 10
621 519 10
621 520 10
621 524 10
621 526 10
621 529 10
621 532 10
621 535 10
621 537 10
621 542 10
621 545 10
621 546 10
621 547 10
621 548 10
621 550 10
621 552 10
621 553 10
621 555 10
621 556 10
621 557 10
621 558 10
621 559 10
621 560 10
621 561 10
621 562 10
621 563 10
621 564 10
621 574 10
621 579 10
621 580 10
621 582 10
621 588 10
621 592 10
621 599 10
621 605 10
621 610 10
621 613 10
621 616 10
621 617 10
621 620 10
621 628 10
621 631 10
621 638 10
621 640 10
621 641 10
621 643 10
621 645 10
621 646 10
621 649 10
621 653 10
621 655 10
621 656 10
621 657 10
621 659 10
621 661 10
621 663 10
621 687 10
621 688 10
621 691 10
621 693 10
621 696 10
621 697 10
621 698 10
621 699 10
621 711 10
621 714 10
621 719 10
621 721 10
621 722 10
621 727 10
621 730 10
621 732 10
621 735 10
621 740 10
621 744 10
621 745 10
621 746 10
622 336 10
622 340 10
622 341 10
622 342 10
622 344 10
622 345 10
622 346 10
622 347 10
622 348 10
622 349 10
622 350 10
622 355 10
622 356 10
622 359 10
622 360 10
622 367 10
622 372 10
622 377 10
622 378 10
622 379 10
622 383 10
622 385 10
622 387 10
622 399 10
622 405 10
622 406 10
622 408 10
622 418 10
622 422 10
622 425 10
622 439 10
622 440 10
622 441 10
622 452 10
622 453 10
622 461 10
622 462 10
622 463 10
622 476 10
622 478 10
622 483 10
622 485 10
622 486 10
622 488 10
622 490 10
622 491 10
622 493 10
622 494 10
622 495 10
622 506 10
622 519 10
622 521 10
622 523 10
622 526 10
622 527 10
622 530 10
622 534 10
622 535 10
622 545 10
622 550 10
622 555 10
622 557 10
622 558 10
622 559 10
622 560 10
622 561 10
622 562 10
622 566 10
622 573 10
622 574 10
622 578 10
622 584 10
622 591 10
622 593 10
622 594 10
622 598 10
622 600 10
622 606 10
622 608 10
622 609 10
622 612 10
622 615 10
622 616 10
622 618 10
622 619 10
622 621 10
622 630 10
622 648 10
622 650 10
622 651 10
622 652 10
622 653 10
622 654 10
622 660 10
622 664 10
622 689 10
622 690 10
622 691 10
622 692 10
622 695 10
622 698 10
622 701 10
622 703 10
622 712 10
622 713 10
622 718 10
622 719 10
622 720 10
622 722 10
622 732 10
622 733 10
622 743 10
623 337 10
623 341 10
623 342 10
623 343 10
623 344 10
623 345 10
623 346 10
623 347 10
623 348 10
623 349 10
623 354 10
623 356 10
623 357 10
623 358 10
623 362 10
623 365 10
623 370 10
623 371 10
623 377 10
623 385 10
623 386 10
623 387 10
623 389 10
623 392 10
623 396 10
623 399 10
623 401 10
623 406 10
623 408 10
623 409 10
623 419 10
623 420 10
623 422 10
623 424 10
623 425 10
623 427 10
623 435 10
623 438 10
623 439 10
623 451 10
623 452 10
623 464 10
623 466 10
623 476 10
623 477 10
623 479 10
623 481 10
623 483 10
623 484 10
623 485 10
623 508 10
623 517 10
623 519 10
623 522 10
623 526 10
623 527 10
623 535 10
623 542 10
623 544 10
623 548 10
623 549 10
623 552 10
623 553 10
623 554 10
623 555 10
623 556 10
623 557 10
623 558 10
623 559 10
623 561 10
623 562 10
623 565 10
623 568 10
623 580 10
623 581 10
623 582 10
623 583 10
623 584 10
623 589 10
623 609 10
623 610 10
623 612 10
623 613 10
623 615 10
623 616 10
623 617 10
623 618 10
623 619 10
623 620 10
623 623 10
623 633 10
623 644 10
623 645 10
623 646 10
623 648 10
623 650 10
623 652 10
623 653 10
623 654 10
623 657 10
623 661 10
623 664 10
623 691 10
623 692 10
623 696 10
623 697 10
623 699 10
623 700 10
623 701 10
623 702 10
623 703 10
623 704 10
623 705 10
623 706 10
623 712 10
623 713 10
623 716 10
623 717 10
623 721 10
623 722 10
623 729 10
623 736 10
623 737 10
623 742 10
623 745 10
624 340 10
624 343 10
624 346 10
624 348 10
624 349 10
624 356 10
624 359 10
624 360 10
624 361 10
624 363 10
624 365 10
624 371 10
624 374 10
624 385 10
624 386 10
624 387 10
624 388 10
624 389 10
624 391 10
624 395 10
624 400 10
624 409 10
624 410 10
624 413 10
624 418 10
624 422 10
624 424 10
624 425 10
624 436 10
624 440 10
624 453 10
624 454 10
624 458 10
624 460 10
624 467 10
624 468 10
624 470 10
624 471 10
624 472 10
624 473 10
624 476 10
624 477 10
624 478 10
624 486 10
624 489 10
624 492 10
624 493 10
624 494 10
624 506 10
624 507 10
624 509 10
624 515 10
624 520 10
624 521 10
624 525 10
624 530 10
624 533 10
624 542 10
624 545 10
624 550 10
624 551 10
624 553 10
624 554 10
624 555 10
624 556 10
624 557 10
624 558 10
624 559 10
624 560 10
624 561 10
624 562 10
624 563 10
624 564 10
624 572 10
624 578 10
624 579 10
624 582 10
624 584 10
624 586 10
624 589 10
624 606 10
624 609 10
624 617 10
624 618 10
624 619 10
624 622 10
624 623 10
624 624 10
624 625 10
624 629 10
624 630 10
624 645 10
624 646 10
624 647 10
624 648 10
624 649 10
624 650 10
624 652 10
624 654 10
624 656 10
624 657 10
624 658 10
624 664 10
624 670 10
624 680 10
624 689 10
624 693 10
624 695 10
624 697 10
624 698 10
624 702 10
624 704 10
624 706 10
624 707 10
624 710 10
624 711 10
624 712 10
624 713 10
624 714 10
624 715 10
624 716 10
624 718 10
624 719 10
624 720 10
624 726 10
624 737 10
624 739 10
624 743 10
625 338 10
625 339 10
625 340 10
625 341 10
625 342 10
625 343 10
625 344 10
625 350 10
625 351 10
625 352 10
625 354 10
625 356 10
625 361 10
625 367 10
625 368 10
625 369 10
625 370 10
625 374 10
625 375 10
625 383 10
625 384 10
625 385 10
625 387 10
625 388 10
625 389 10
625 390 10
625 391 10
625 392 10
625 396 10
625 403 10
625 404 10
625 406 10
625 407 10
625 409 10
625 410 10
625 411 10
625 412 10
625 420 10
625 422 10
625 424 10
625 426 10
625 427 10
625 437 10
625 438 10
625 440 10
625 455 10
625 456 10
625 458 10
625 459 10
625 469 10
625 473 10
625 474 10
625 477 10
625 480 10
625 481 10
625 482 10
625 483 10
625 484 10
625 486 10
625 491 10
625 496 10
625 503 10
625 514 10
625 516 10
625 530 10
625 537 10
625 539 10
625 540 10
625 541 10
625 543 10
625 544 10
625 546 10
625 547 10
625 548 10
625 550 10
625 551 10
625 554 10
625 556 10
625 558 10
625 559 10
625 560 10
625 561 10
625 568 10
625 574 10
625 575 10
625 576 10
625 577 10
625 579 10
625 580 10
625 581 10
625 583 10
625 584 10
625 586 10
625 588 10
625 589 10
625 590 10
625 594 10
625 603 10
625 604 10
625 605 10
625 606 10
625 607 10
625 609 10
625 613 10
625 615 10
625 617 10
625 618 10
625 622 10
625 623 10
625 639 10
625 643 10
625 644 10
625 646 10
625 647 10
625 648 10
625 654 10
625 655 10
625 656 10
625 658 10
625 663 10
625 670 10
625 689 10
625 693 10
625 695 10
625 696 10
625 697 10
625 699 10
625 700 10
625 703 10
625 705 10
625 708 10
625 712 10
625 713 10
625 715 10
625 716 10
625 717 10
625 721 10
625 723 10
625 724 10
625 739 10
626 339 10
626 341 10
626 342 10
626 346 10
626 347 10
626 350 10
626 351 10
626 359 10
626 363 10
626 366 10
626 370 10
626 371 10
626 374 10
626 376 10
626 377 10
626 384 10
626 386 10
626 387 10
626 391 10
626 397 10
626 398 10
626 405 10
626 407 10
626 412 10
626 413 10
626 414 10
626 415 10
626 416 10
626 418 10
626 419 10
626 420 10
626 421 10
626 423 10
626 426 10
626 435 10
626 439 10
626 453 10
626 457 10
626 469 10
626 470 10
626 472 10
626 477 10
626 489 10
626 492 10
626 495 10
626 505 10
626 512 10
626 519 10
626 522 10
626 535 10
626 537 10
626 538 10
626 540 10
626 542 10
626 546 10
626 550 10
626 552 10
626 554 10
626 557 10
626 560 10
626 564 10
626 567 10
626 569 10
626 573 10
626 574 10
626 579 10
626 581 10
626 582 10
626 586 10
626 588 10
626 591 10
626 594 10
626 600 10
626 602 10
626 603 10
626 605 10
626 606 10
626 607 10
626 608 10
626 609 10
626 610 10
626 612 10
626 613 10
626 614 10
626 617 10
626 618 10
626 620 10
626 623 10
626 624 10
626 629 10
626 641 10
626 645 10
626 646 10
626 647 10
626 648 10
626 649 10
626 650 10
626 651 10
626 652 10
626 654 10
626 656 10
626 657 10
626 658 10
626 661 10
626 665 10
626 668 10
626 673 10
626 687 10
626 691 10
626 695 10
626 698 10
626 699 10
626 700 10
626 701 10
626 703 10
626 704 10
626 709 10
626 711 10
626 714 10
626 717 10
626 719 10
626 735 10
626 737 10
626 739 10
626 740 10
626 742 10
627 337 10
627 344 10
627 345 10
627 347 10
627 348 10
627 349 10
627 351 10
627 352 10
627 353 10
627 360 10
627 361 10
627 363 10
627 365 10
627 371 10
627 372 10
627 373 10
627 379 10
627 380 10
627 381 10
627 383 10
627 384 10
627 387 10
627 388 10
627 389 10
627 391 10
627 395 10
627 400 10
627 404 10
627 405 10
627 410 10
627 411 10
627 412 10
627 414 10
627 415 10
627 416 10
627 418 10
627 421 10
627 423 10
627 425 10
627 426 10
627 427 10
627 428 10
627 433 10
627 439 10
627 440 10
627 455 10
627 457 10
627 458 10
627 459 10
627 460 10
627 469 10
627 470 10
627 471 10
627 473 10
627 474 10
627 488 10
627 497 10
627 500 10
627 508 10
627 516 10
627 520 10
627 522 10
627 524 10
627 528 10
627 531 10
627 536 10
627 538 10
627 540 10
627 542 10
627 545 10
627 546 10
627 548 10
627 549 10
627 550 10
627 553 10
627 554 10
627 555 10
627 556 10
627 557 10
627 558 10
627 559 10
627 560 10
627 561 10
627 564 10
627 565 10
627 568 10
627 574 10
627 580 10
627 582 10
627 583 10
627 588 10
627 591 10
627 604 10
627 605 10
627 606 10
627 607 10
627 608 10
627 611 10
627 612 10
627 628 10
627 634 10
627 643 10
627 644 10
627 646 10
627 648 10
627 649 10
627 650 10
627 652 10
627 653 10
627 654 10
627 656 10
627 657 10
627 660 10
627 668 10
627 669 10
627 670 10
627 671 10
627 672 10
627 673 10
627 674 10
627 681 10
627 687 10
627 688 10
627 689 10
627 690 10
627 692 10
627 694 10
627 702 10
627 705 10
627 708 10
627 709 10
627 713 10
627 714 10
627 716 10
627 717 10
627 718 10
627 720 10
627 721 10
627 722 10
627 732 10
627 735 10
627 740 10
627 742 10
627 743 10
627 744 10
628 343 10
628 351 10
628 352 10
628 353 10
628 355 10
628 356 10
628 357 10
628 362 10
628 365 10
628 371 10
628 372 10
628 373 10
628 376 10
628 378 10
628 380 10
628 381 10
628 382 10
628 383 10
628 384 10
628 385 10
628 387 10
628 388 10
628 389 10
628 394 10
628 401 10
628 402 10
628 403 10
628 406 10
628 409 10
628 410 10
628 412 10
628 413 10
628 414 10
628 415 10
628 417 10
628 418 10
628 422 10
628 425 10
628 426 10
628 430 10
628 433 10
628 455 10
628 458 10
628 467 10
628 468 10
628 470 10
628 475 10
628 476 10
628 488 10
628 492 10
628 493 10
628 495 10
628 502 10
628 509 10
628 513 10
628 514 10
628 524 10
628 525 10
628 529 10
628 532 10
628 535 10
628 536 10
628 538 10
628 542 10
628 543 10
628 544 10
628 545 10
628 547 10
628 548 10
628 553 10
628 554 10
628 559 10
628 561 10
628 562 10
628 563 10
628 564 10
628 566 10
628 570 10
628 574 10
628 575 10
628 576 10
628 577 10
628 578 10
628 580 10
628 581 10
628 582 10
628 583 10
628 585 10
628 586 10
628 587 10
628 588 10
628 589 10
628 590 10
628 591 10
628 593 10
628 594 10
628 598 10
628 600 10
628 603 10
628 604 10
628 606 10
628 607 10
628 608 10
628 609 10
628 610 10
628 612 10
628 613 10
628 614 10
628 615 10
628 616 10
628 618 10
628 619 10
628 620 10
628 630 10
628 631 10
628 633 10
628 635 10
628 641 10
628 643 10
628 644 10
628 651 10
628 653 10
628 654 10
628 655 10
628 670 10
628 672 10
628 682 10
628 689 10
628 697 10
628 701 10
628 710 10
628 716 10
628 718 10
628 729 10
628 733 10
628 738 10
628 739 10
628 740 10
628 741 10
628 742 10
628 745 10
629 340 10
629 341 10
629 342 10
629 343 10
629 354 10
629 356 10
629 358 10
629 363 10
629 366 10
629 369 10
629 374 10
629 375 10
629 379 10
629 380 10
629 381 10
629 382 10
629 383 10
629 386 10
629 387 10
629 399 10
629 402 10
629 403 10
629 404 10
629 406 10
629 407 10
629 409 10
629 411 10
629 412 10
629 413 10
629 415 10
629 416 10
629 418 10
629 421 10
629 423 10
629 426 10
629 428 10
629 430 10
629 457 10
629 458 10
629 461 10
629 465 10
629 467 10
629 484 10
629 504 10
629 510 10
629 512 10
629 513 10
629 515 10
629 516 10
629 523 10
629 527 10
629 530 10
629 539 10
629 540 10
629 541 10
629 542 10
629 543 10
629 546 10
629 547 10
629 549 10
629 552 10
629 553 10
629 555 10
629 558 10
629 560 10
629 561 10
629 562 10
629 564 10
629 567 10
629 571 10
629 577 10
629 579 10
629 581 10
629 585 10
629 587 10
629 590 10
629 592 10
629 595 10
629 596 10
629 597 10
629 598 10
629 604 10
629 605 10
629 606 10
629 607 10
629 608 10
629 609 10
629 610 10
629 611 10
629 613 10
629 614 10
629 615 10
629 617 10
629 619 10
629 625 10
629 629 10
629 631 10
629 632 10
629 638 10
629 640 10
629 644 10
629 647 10
629 652 10
629 653 10
629 654 10
629 655 10
629 656 10
629 657 10
629 659 10
629 660 10
629 661 10
629 662 10
629 663 10
629 665 10
629 666 10
629 667 10
629 668 10
629 674 10
629 677 10
629 681 10
629 682 10
629 690 10
629 691 10
629 699 10
629 706 10
629 707 10
629 708 10
629 710 10
629 712 10
629 714 10
629 715 10
629 716 10
629 717 10
629 718 10
629 723 10
629 727 10
629 732 10
629 733 10
629 734 10
629 738 10
629 740 10
629 741 10
629 742 10
629 743 10
629 745 10
629 747 10
629 749 10
630 334 10
630 343 10
630 355 10
630 357 10
630 359 10
630 366 10
630 368 10
630 370 10
630 371 10
630 372 10
630 379 10
630 380 10
630 384 10
630 385 10
630 386 10
630 387 10
630 399 10
630 400 10
630 401 10
630 404 10
630 405 10
630 407 10
630 410 10
630 414 10
630 418 10
630 419 10
630 420 10
630 423 10
630 425 10
630 427 10
630 428 10
630 430 10
630 431 10
630 432 10
630 440 10
630 443 10
630 456 10
630 458 10
630 459 10
630 460 10
630 463 10
630 464 10
630 468 10
630 469 10
630 470 10
630 473 10
630 474 10
630 482 10
630 485 10
630 492 10
630 503 10
630 507 10
630 510 10
630 514 10
630 515 10
630 516 10
630 519 10
630 521 10
630 526 10
630 532 10
630 533 10
630 535 10
630 539 10
630 540 10
630 541 10
630 542 10
630 543 10
630 544 10
630 545 10
630 546 10
630 548 10
630 549 10
630 550 10
630 551 10
630 554 10
630 556 10
630 557 10
630 558 10
630 559 10
630 560 10
630 563 10
630 566 10
630 567 10
630 568 10
630 570 10
630 571 10
630 577 10
630 580 10
630 581 10
630 582 10
630 583 10
630 585 10
630 587 10
630 588 10
630 590 10
630 591 10
630 592 10
630 595 10
630 596 10
630 598 10
630 601 10
630 602 10
630 603 10
630 605 10
630 608 10
630 611 10
630 612 10
630 615 10
630 619 10
630 620 10
630 622 10
630 625 10
630 627 10
630 629 10
630 632 10
630 642 10
630 649 10
630 650 10
630 652 10
630 654 10
630 655 10
630 656 10
630 657 10
630 659 10
630 665 10
630 666 10
630 667 10
630 668 10
630 673 10
630 679 10
630 687 10
630 688 10
630 689 10
630 699 10
630 700 10
630 701 10
630 703 10
630 710 10
630 712 10
630 714 10
630 716 10
630 717 10
630 718 10
630 732 10
630 734 10
630 735 10
630 736 10
630 739 10
630 741 10
630 743 10
630 744 10
630 745 10
630 752 10
631 343 10
631 344 10
631 358 10
631 362 10
631 366 10
631 368 10
631 369 10
631 371 10
631 374 10
631 375 10
631 378 10
631 382 10
631 383 10
631 384 10
631 385 10
631 400 10
631 406 10
631 408 10
631 409 10
631 410 10
631 411 10
631 412 10
631 413 10
631 415 10
631 417 10
631 418 10
631 420 10
631 422 10
631 424 10
631 429 10
631 431 10
631 437 10
631 441 10
631 443 10
631 455 10
631 457 10
631 458 10
631 463 10
631 470 10
631 471 10
631 472 10
631 476 10
631 477 10
631 478 10
631 480 10
631 484 10
631 487 10
631 489 10
631 517 10
631 518 10
631 523 10
631 524 10
631 525 10
631 526 10
631 527 10
631 528 10
631 530 10
631 539 10
631 540 10
631 541 10
631 542 10
631 543 10
631 544 10
631 545 10
631 546 10
631 547 10
631 548 10
631 549 10
631 550 10
631 551 10
631 552 10
631 553 10
631 554 10
631 555 10
631 558 10
631 560 10
631 563 10
631 565 10
631 566 10
631 567 10
631 571 10
631 579 10
631 581 10
631 582 10
631 583 10
631 585 10
631 586 10
631 588 10
631 590 10
631 591 10
631 593 10
631 596 10
631 597 10
631 599 10
631 605 10
631 606 10
631 607 10
631 608 10
631 609 10
631 610 10
631 612 10
631 613 10
631 614 10
631 625 10
631 635 10
631 636 10
631 638 10
631 642 10
631 645 10
631 648 10
631 649 10
631 652 10
631 653 10
631 654 10
631 655 10
631 657 10
631 658 10
631 659 10
631 663 10
631 664 10
631 667 10
631 673 10
631 675 10
631 683 10
631 688 10
631 690 10
631 691 10
631 692 10
631 702 10
631 706 10
631 707 10
631 710 10
631 713 10
631 715 10
631 719 10
631 727 10
631 732 10
631 736 10
631 739 10
631 740 10
631 741 10
631 742 10
631 743 10
632 333 10
632 344 10
632 345 10
632 358 10
632 360 10
632 364 10
632 366 10
632 368 10
632 369 10
632 373 10
632 374 10
632 377 10
632 379 10
632 385 10
632 386 10
632 387 10
632 398 10
632 399 10
632 401 10
632 411 10
632 413 10
632 419 10
632 422 10
632 425 10
632 427 10
632 429 10
632 432 10
632 440 10
632 449 10
632 464 10
632 465 10
632 466 10
632 472 10
632 474 10
632 476 10
632 477 10
632 478 10
632 481 10
632 482 10
632 483 10
632 484 10
632 487 10
632 512 10
632 514 10
632 517 10
632 518 10
632 521 10
632 524 10
632 526 10
632 528 10
632 530 10
632 531 10
632 539 10
632 542 10
632 543 10
632 544 10
632 545 10
632 546 10
632 547 10
632 548 10
632 549 10
632 553 10
632 555 10
632 557 10
632 558 10
632 561 10
632 563 10
632 564 10
632 565 10
632 567 10
632 579 10
632 580 10
632 585 10
632 587 10
632 588 10
632 589 10
632 590 10
632 591 10
632 592 10
632 593 10
632 595 10
632 596 10
632 597 10
632 599 10
632 600 10
632 601 10
632 602 10
632 605 10
632 609 10
632 610 10
632 611 10
632 612 10
632 614 10
632 616 10
632 617 10
632 618 10
632 621 10
632 642 10
632 644 10
632 646 10
632 647 10
632 650 10
632 651 10
632 652 10
632 653 10
632 655 10
632 656 10
632 657 10
632 660 10
632 662 10
632 663 10
632 665 10
632 668 10
632 670 10
632 671 10
632 673 10
632 674 10
632 676 10
632 680 10
632 689 10
632 702 10
632 703 10
632 714 10
632 715 10
632 732 10
632 733 10
632 734 10
632 736 10
632 742 10
632 745 10
632 747 10
632 749 10
633 337 10
633 339 10
633 342 10
633 359 10
633 362 10
633 366 10
633 371 10
633 372 10
633 385 10
633 390 10
633 394 10
633 396 10
633 402 10
633 403 10
633 404 10
633 405 10
633 406 10
633 407 10
633 409 10
633 410 10
633 415 10
633 416 10
633 418 10
633 419 10
633 420 10
633 422 10
633 423 10
633 424 10
633 425 10
633 427 10
633 429 10
633 438 10
633 444 10
633 446 10
633 449 10
633 457 10
633 465 10
633 468 10
633 469 10
633 470 10
633 471 10
633 475 10
633 476 10
633 479 10
633 480 10
633 481 10
633 483 10
633 484 10
633 486 10
633 490 10
633 508 10
633 512 10
633 513 10
633 515 10
633 516 10
633 518 10
633 522 10
633 523 10
633 524 10
633 525 10
633 539 10
633 540 10
633 541 10
633 542 10
633 544 10
633 545 10
633 546 10
633 547 10
633 548 10
633 550 10
633 551 10
633 556 10
633 559 10
633 561 10
633 562 10
633 564 10
633 576 10
633 579 10
633 580 10
633 581 10
633 582 10
633 583 10
633 584 10
633 585 10
633 587 10
633 588 10
633 590 10
633 594 10
633 596 10
633 598 10
633 599 10
633 603 10
633 604 10
633 606 10
633 608 10
633 609 10
633 612 10
633 613 10
633 615 10
633 617 10
633 618 10
633 619 10
633 622 10
633 623 10
633 624 10
633 626 10
633 636 10
633 640 10
633 641 10
633 645 10
633 651 10
633 653 10
633 654 10
633 657 10
633 663 10
633 664 10
633 669 10
633 671 10
633 697 10
633 698 10
633 702 10
633 711 10
633 735 10
633 742 10
633 745 10
633 746 10
633 747 10
633 749 10
634 335 10
634 338 10
634 341 10
634 343 10
634 346 10
634 348 10
634 354 10
634 355 10
634 356 10
634 357 10
634 360 10
634 361 10
634 363 10
634 368 10
634 369 10
634 370 10
634 372 10
634 374 10
634 377 10
634 378 10
634 379 10
634 380 10
634 381 10
634 383 10
634 384 10
634 390 10
634 395 10
634 397 10
634 398 10
634 400 10
634 401 10
634 402 10
634 403 10
634 410 10
634 412 10
634 414 10
634 417 10
634 419 10
634 431 10
634 438 10
634 439 10
634 441 10
634 444 10
634 455 10
634 461 10
634 465 10
634 473 10
634 474 10
634 476 10
634 477 10
634 478 10
634 479 10
634 480 10
634 481 10
634 482 10
634 483 10
634 484 10
634 490 10
634 502 10
634 504 10
634 512 10
634 513 10
634 517 10
634 519 10
634 520 10
634 521 10
634 527 10
634 540 10
634 541 10
634 542 10
634 544 10
634 545 10
634 546 10
634 547 10
634 548 10
634 549 10
634 550 10
634 551 10
634 552 10
634 553 10
634 554 10
634 560 10
634 561 10
634 563 10
634 564 10
634 570 10
634 571 10
634 573 10
634 574 10
634 576 10
634 577 10
634 579 10
634 580 10
634 581 10
634 583 10
634 585 10
634 586 10
634 587 10
634 590 10
634 591 10
634 592 10
634 593 10
634 594 10
634 595 10
634 597 10
634 598 10
634 600 10
634 602 10
634 604 10
634 606 10
634 608 10
634 609 10
634 610 10
634 614 10
634 624 10
634 636 10
634 647 10
634 649 10
634 650 10
634 651 10
634 654 10
634 656 10
634 658 10
634 659 10
634 660 10
634 663 10
634 666 10
634 668 10
634 669 10
634 675 10
634 680 10
634 682 10
634 683 10
634 684 10
634 700 10
634 703 10
634 712 10
634 713 10
634 715 10
634 735 10
634 737 10
634 740 10
634 741 10
634 743 10
634 744 10
634 748 10
634 749 10
634 751 10
634 752 10
634 757 10
635 339 10
635 341 10
635 344 10
635 352 10
635 355 10
635 356 10
635 360 10
635 362 10
635 364 10
635 365 10
635 367 10
635 376 10
635 378 10
635 382 10
635 383 10
635 385 10
635 388 10
635 390 10
635 391 10
635 392 10
635 399 10
635 400 10
635 402 10
635 403 10
635 408 10
635 415 10
635 416 10
635 417 10
635 418 10
635 420 10
635 421 10
635 424 10
635 426 10
635 427 10
635 430 10
635 438 10
635 440 10
635 444 10
635 445 10
635 449 10
635 463 10
635 466 10
635 476 10
635 479 10
635 482 10
635 483 10
635 484 10
635 485 10
635 486 10
635 487 10
635 500 10
635 505 10
635 510 10
635 512 10
635 513 10
635 515 10
635 516 10
635 517 10
635 520 10
635 521 10
635 523 10
635 540 10
635 541 10
635 542 10
635 544 10
635 545 10
635 546 10
635 547 10
635 548 10
635 550 10
635 551 10
635 552 10
635 553 10
635 555 10
635 557 10
635 558 10
635 562 10
635 564 10
635 566 10
635 568 10
635 572 10
635 573 10
635 574 10
635 578 10
635 579 10
635 583 10
635 584 10
635 585 10
635 586 10
635 587 10
635 592 10
635 595 10
635 596 10
635 598 10
635 599 10
635 601 10
635 602 10
635 603 10
635 605 10
635 607 10
635 609 10
635 612 10
635 613 10
635 614 10
635 615 10
635 616 10
635 617 10
635 618 10
635 620 10
635 621 10
635 622 10
635 627 10
635 633 10
635 635 10
635 640 10
635 641 10
635 642 10
635 646 10
635 647 10
635 648 10
635 649 10
635 650 10
635 651 10
635 652 10
635 657 10
635 658 10
635 664 10
635 668 10
635 669 10
635 670 10
635 671 10
635 680 10
635 693 10
635 695 10
635 717 10
635 718 10
635 725 10
635 737 10
635 738 10
635 739 10
635 744 10
635 748 10
635 749 10
635 750 10
636 337 10
636 340 10
636 352 10
636 356 10
636 357 10
636 359 10
636 360 10
636 365 10
636 367 10
636 368 10
636 370 10
636 378 10
636 382 10
636 384 10
636 386 10
636 391 10
636 394 10
636 398 10
636 411 10
636 413 10
636 415 10
636 417 10
636 419 10
636 422 10
636 423 10
636 424 10
636 427 10
636 440 10
636 442 10
636 444 10
636 446 10
636 453 10
636 454 10
636 474 10
636 476 10
636 477 10
636 483 10
636 484 10
636 485 10
636 487 10
636 489 10
636 505 10
636 510 10
636 513 10
636 514 10
636 516 10
636 517 10
636 518 10
636 519 10
636 520 10
636 521 10
636 522 10
636 531 10
636 537 10
636 538 10
636 540 10
636 541 10
636 543 10
636 544 10
636 545 10
636 546 10
636 547 10
636 549 10
636 550 10
636 551 10
636 552 10
636 553 10
636 554 10
636 556 10
636 557 10
636 569 10
636 570 10
636 574 10
636 576 10
636 580 10
636 583 10
636 584 10
636 585 10
636 586 10
636 587 10
636 588 10
636 590 10
636 591 10
636 592 10
636 593 10
636 594 10
636 596 10
636 597 10
636 600 10
636 602 10
636 604 10
636 605 10
636 607 10
636 608 10
636 609 10
636 613 10
636 617 10
636 620 10
636 622 10
636 641 10
636 648 10
636 650 10
636 651 10
636 652 10
636 654 10
636 655 10
636 657 10
636 658 10
636 659 10
636 661 10
636 663 10
636 664 10
636 665 10
636 675 10
636 677 10
636 681 10
636 695 10
636 696 10
636 705 10
636 715 10
636 716 10
636 725 10
636 726 10
636 727 10
636 728 10
636 729 10
636 739 10
636 740 10
636 742 10
636 744 10
636 745 10
636 755 10
636 757 10
636 758 10
636 760 10
636 761 10
636 763 10
637 337 10
637 338 10
637 349 10
637 355 10
637 356 10
637 358 10
637 363 10
637 366 10
637 367 10
637 368 10
637 375 10
637 383 10
637 384 10
637 392 10
637 393 10
637 394 10
637 397 10
637 399 10
637 400 10
637 408 10
637 409 10
637 411 10
637 414 10
637 416 10
637 418 10
637 419 10
637 420 10
637 421 10
637 427 10
637 430 10
637 434 10
637 438 10
637 440 10
637 446 10
637 449 10
637 452 10
637 453 10
637 457 10
637 460 10
637 463 10
637 464 10
637 481 10
637 482 10
637 483 10
637 485 10
637 486 10
637 487 10
637 488 10
637 489 10
637 490 10
637 504 10
637 508 10
637 513 10
637 517 10
637 530 10
637 531 10
637 536 10
637 539 10
637 541 10
637 542 10
637 544 10
637 545 10
637 548 10
637 549 10
637 551 10
637 552 10
637 553 10
637 562 10
637 566 10
637 567 10
637 578 10
637 580 10
637 581 10
637 584 10
637 587 10
637 595 10
637 596 10
637 598 10
637 600 10
637 601 10
637 604 10
637 605 10
637 607 10
637 608 10
637 610 10
637 616 10
637 619 10
637 624 10
637 633 10
637 637 10
637 639 10
637 647 10
637 648 10
637 649 10
637 650 10
637 652 10
637 653 10
637 654 10
637 655 10
637 656 10
637 657 10
637 658 10
637 660 10
637 661 10
637 664 10
637 665 10
637 666 10
637 669 10
637 675 10
637 693 10
637 694 10
637 696 10
637 702 10
637 703 10
637 704 10
637 715 10
637 726 10
637 727 10
637 728 10
637 730 10
637 734 10
637 739 10
637 740 10
637 742 10
637 743 10
637 746 10
637 748 10
637 753 10
637 759 10
638 354 10
638 356 10
638 358 10
638 361 10
638 362 10
638 366 10
638 377 10
638 390 10
638 391 10
638 395 10
638 397 10
638 405 10
638 407 10
638 408 10
638 409 10
638 411 10
638 414 10
638 416 10
638 420 10
638 421 10
638 422 10
638 423 10
638 424 10
638 425 10
638 426 10
638 427 10
638 429 10
638 430 10
638 431 10
638 433 10
638 438 10
638 439 10
638 440 10
638 444 10
638 446 10
638 449 10
638 450 10
638 451 10
638 452 10
638 454 10
638 463 10
638 465 10
638 466 10
638 472 10
638 476 10
638 477 10
638 484 10
638 486 10
638 510 10
638 516 10
638 519 10
638 520 10
638 521 10
638 537 10
638 539 10
638 545 10
638 547 10
638 548 10
638 549 10
638 551 10
638 560 10
638 564 10
638 569 10
638 571 10
638 573 10
638 574 10
638 575 10
638 576 10
638 578 10
638 583 10
638 584 10
638 586 10
638 591 10
638 593 10
638 594 10
638 597 10
638 598 10
638 600 10
638 601 10
638 602 10
638 604 10
638 605 10
638 606 10
638 612 10
638 618 10
638 624 10
638 625 10
638 641 10
638 644 10
638 646 10
638 647 10
638 648 10
638 651 10
638 653 10
638 654 10
638 655 10
638 657 10
638 660 10
638 662 10
638 667 10
638 668 10
638 669 10
638 670 10
638 675 10
638 712 10
638 714 10
638 729 10
638 730 10
638 731 10
638 733 10
638 735 10
638 736 10
638 737 10
638 738 10
638 740 10
638 741 10
638 743 10
638 744 10
638 745 10
638 748 10
638 759 10
638 763 10
639 338 10
639 341 10
639 357 10
639 358 10
639 359 10
639 360 10
639 362 10
639 364 10
639 367 10
639 375 10
639 378 10
639 388 10
639 394 10
639 398 10
639 399 10
639 406 10
639 411 10
639 414 10
639 415 10
639 416 10
639 417 10
639 419 10
639 420 10
639 425 10
639 426 10
639 427 10
639 428 10
639 429 10
639 432 10
639 434 10
639 435 10
639 442 10
639 443 10
639 444 10
639 448 10
639 449 10
639 451 10
639 452 10
639 453 10
639 466 10
639 467 10
639 469 10
639 482 10
639 486 10
639 488 10
639 504 10
639 505 10
639 511 10
639 513 10
639 514 10
639 515 10
639 516 10
639 518 10
639 521 10
639 531 10
639 532 10
639 538 10
639 541 10
639 545 10
639 546 10
639 549 10
639 551 10
639 553 10
639 560 10
639 561 10
639 562 10
639 563 10
639 569 10
639 575 10
639 577 10
639 579 10
639 583 10
639 585 10
639 586 10
639 588 10
639 589 10
639 590 10
639 592 10
639 594 10
639 595 10
639 599 10
639 601 10
639 603 10
639 605 10
639 607 10
639 613 10
639 615 10
639 619 10
639 622 10
639 635 10
639 641 10
639 647 10
639 648 10
639 649 10
639 650 10
639 651 10
639 652 10
639 653 10
639 654 10
639 655 10
639 656 10
639 657 10
639 658 10
639 662 10
639 668 10
639 670 10
639 698 10
639 713 10
639 715 10
639 726 10
639 727 10
639 728 10
639 729 10
639 733 10
639 734 10
639 740 10
639 742 10
639 743 10
639 744 10
639 751 10
639 753 10
639 755 10
639 761 10
640 339 10
640 340 10
640 352 10
640 357 10
640 359 10
640 360 10
640 361 10
640 362 10
640 366 10
640 368 10
640 370 10
640 376 10
640 379 10
640 386 10
640 390 10
640 391 10
640 392 10
640 394 10
640 412 10
640 413 10
640 414 10
640 415 10
640 416 10
640 420 10
640 421 10
640 424 10
640 425 10
640 433 10
640 436 10
640 440 10
640 441 10
640 442 10
640 454 10
640 459 10
640 464 10
640 468 10
640 470 10
640 485 10
640 493 10
640 498 10
640 499 10
640 500 10
640 511 10
640 512 10
640 513 10
640 521 10
640 522 10
640 529 10
640 534 10
640 540 10
640 541 10
640 544 10
640 546 10
640 547 10
640 551 10
640 553 10
640 556 10
640 562 10
640 564 10
640 565 10
640 567 10
640 570 10
640 574 10
640 575 10
640 578 10
640 581 10
640 582 10
640 583 10
640 588 10
640 590 10
640 597 10
640 598 10
640 599 10
640 600 10
640 603 10
640 605 10
640 606 10
640 607 10
640 609 10
640 620 10
640 621 10
640 639 10
640 647 10
640 648 10
640 650 10
640 653 10
640 654 10
640 655 10
640 656 10
640 658 10
640 659 10
640 660 10
640 663 10
640 664 10
640 666 10
640 667 10
640 674 10
640 697 10
640 699 10
640 709 10
640 711 10
640 712 10
640 717 10
640 718 10
640 719 10
640 722 10
640 723 10
640 727 10
640 729 10
640 730 10
640 731 10
640 734 10
640 735 10
640 736 10
640 737 10
640 739 10
640 740 10
640 742 10
640 744 10
640 745 10
640 746 10
640 750 10
640 756 10
640 761 10
640 764 10
640 766 10
641 334 10
641 336 10
641 338 10
641 353 10
641 354 10
641 355 10
641 356 10
641 358 10
641 359 10
641 367 10
641 368 10
641 372 10
641 375 10
641 377 10
641 380 10
641 389 10
641 390 10
641 399 10
641 400 10
641 402 10
641 405 10
641 407 10
641 409 10
641 413 10
641 415 10
641 416 10
641 420 10
641 421 10
641 422 10
641 423 10
641 425 10
641 427 10
641 430 10
641 431 10
641 434 10
641 436 10
641 440 10
641 442 10
641 444 10
641 449 10
641 451 10
641 452 10
641 459 10
641 467 10
641 469 10
641 471 10
641 474 10
641 499 10
641 500 10
641 502 10
641 505 10
641 511 10
641 514 10
641 517 10
641 520 10
641 521 10
641 522 10
641 525 10
641 537 10
641 541 10
641 543 10
641 544 10
641 545 10
641 546 10
641 547 10
641 554 10
641 559 10
641 566 10
641 571 10
641 572 10
641 573 10
641 575 10
641 576 10
641 577 10
641 580 10
641 583 10
641 588 10
641 589 10
641 590 10
641 592 10
641 596 10
641 597 10
641 600 10
641 604 10
641 607 10
641 608 10
641 609 10
641 610 10
641 614 10
641 616 10
641 617 10
641 619 10
641 631 10
641 632 10
641 640 10
641 641 10
641 644 10
641 648 10
641 649 10
641 650 10
641 651 10
641 652 10
641 653 10
641 654 10
641 655 10
641 656 10
641 661 10
641 662 10
641 663 10
641 674 10
641 697 10
641 699 10
641 700 10
641 709 10
641 711 10
641 718 10
641 721 10
641 727 10
641 732 10
641 734 10
641 738 10
641 741 10
641 743 10
641 744 10
641 746 10
641 747 10
641 751 10
641 753 10
641 754 10
641 755 10
641 756 10
641 758 10
641 760 10
641 762 10
641 763 10
641 764 10
642 334 10
642 338 10
642 354 10
642 355 10
642 357 10
642 358 10
642 359 10
642 360 10
642 361 10
642 362 10
642 363 10
642 371 10
642 377 10
642 378 10
642 393 10
642 400 10
642 405 10
642 407 10
642 414 10
642 415 10
642 416 10
642 418 10
642 419 10
642 423 10
642 424 10
642 425 10
642 428 10
642 430 10
642 431 10
642 433 10
642 434 10
642 435 10
642 436 10
642 438 10
642 439 10
642 440 10
642 442 10
642 449 10
642 456 10
642 457 10
642 458 10
642 459 10
642 465 10
642 467 10
642 474 10
642 499 10
642 502 10
642 510 10
642 511 10
642 512 10
642 517 10
642 518 10
642 519 10
642 520 10
642 521 10
642 522 10
642 523 10
642 525 10
642 532 10
642 533 10
642 535 10
642 536 10
642 537 10
642 538 10
642 540 10
642 542 10
642 544 10
642 545 10
642 547 10
642 549 10
642 550 10
642 558 10
642 560 10
642 561 10
642 562 10
642 563 10
642 566 10
642 568 10
642 570 10
642 573 10
642 575 10
642 576 10
642 577 10
642 578 10
642 582 10
642 584 10
642 586 10
642 588 10
642 591 10
642 592 10
642 593 10
642 595 10
642 597 10
642 599 10
642 601 10
642 603 10
642 604 10
642 606 10
642 607 10
642 608 10
642 611 10
642 612 10
642 614 10
642 619 10
642 623 10
642 630 10
642 634 10
642 637 10
642 641 10
642 642 10
642 643 10
642 644 10
642 652 10
642 653 10
642 654 10
642 655 10
642 657 10
642 660 10
642 661 10
642 664 10
642 667 10
642 668 10
642 671 10
642 672 10
642 674 10
642 698 10
642 700 10
642 707 10
642 709 10
642 710 10
642 711 10
642 712 10
642 714 10
642 717 10
642 719 10
642 720 10
642 721 10
642 723 10
642 725 10
642 726 10
642 727 10
642 731 10
642 735 10
642 737 10
642 740 10
642 743 10
642 744 10
642 745 10
642 747 10
642 761 10
642 762 10
643 334 10
643 344 10
643 355 10
643 356 10
643 357 10
643 363 10
643 379 10
643 386 10
643 400 10
643 401 10
643 402 10
643 403 10
643 405 10
643 407 10
643 408 10
643 415 10
643 416 10
643 417 10
643 418 10
643 421 10
643 422 10
643 426 10
643 428 10
643 430 10
643 431 10
643 432 10
643 433 10
643 435 10
643 437 10
643 439 10
643 443 10
643 453 10
643 454 10
643 455 10
643 456 10
643 457 10
643 461 10
643 462 10
643 463 10
643 465 10
643 468 10
643 471 10
643 486 10
643 497 10
643 499 10
643 500 10
643 511 10
643 512 10
643 513 10
643 515 10
643 516 10
643 519 10
643 522 10
643 523 10
643 530 10
643 532 10
643 543 10
643 544 10
643 545 10
643 546 10
643 547 10
643 558 10
643 559 10
643 564 10
643 565 10
643 566 10
643 567 10
643 571 10
643 576 10
643 579 10
643 581 10
643 582 10
643 584 10
643 585 10
643 586 10
643 590 10
643 594 10
643 604 10
643 606 10
643 607 10
643 608 10
643 610 10
643 612 10
643 614 10
643 615 10
643 616 10
643 617 10
643 618 10
643 621 10
643 623 10
643 630 10
643 633 10
643 638 10
643 640 10
643 647 10
643 648 10
643 654 10
643 655 10
643 657 10
643 658 10
643 660 10
643 661 10
643 662 10
643 663 10
643 664 10
643 668 10
643 669 10
643 670 10
643 671 10
643 674 10
643 683 10
643 696 10
643 711 10
643 712 10
643 713 10
643 716 10
643 718 10
643 719 10
643 720 10
643 721 10
643 723 10
643 724 10
643 725 10
643 727 10
643 738 10
643 740 10
643 742 10
643 744 10
643 745 10
643 753 10
644 336 10
644 354 10
644 359 10
644 360 10
644 361 10
644 362 10
644 373 10
644 378 10
644 381 10
644 387 10
644 389 10
644 396 10
644 399 10
644 403 10
644 408 10
644 412 10
644 413 10
644 415 10
644 416 10
644 418 10
644 420 10
644 421 10
644 422 10
644 423 10
644 424 10
644 428 10
644 429 10
644 430 10
644 433 10
644 434 10
644 436 10
644 438 10
644 439 10
644 443 10
644 449 10
644 453 10
644 456 10
644 458 10
644 462 10
644 464 10
644 471 10
644 472 10
644 473 10
644 475 10
644 496 10
644 501 10
644 509 10
644 511 10
644 513 10
644 514 10
644 515 10
644 517 10
644 518 10
644 521 10
644 534 10
644 535 10
644 538 10
644 544 10
644 548 10
644 550 10
644 552 10
644 553 10
644 555 10
644 556 10
644 557 10
644 558 10
644 559 10
644 560 10
644 563 10
644 567 10
644 569 10
644 570 10
644 571 10
644 574 10
644 579 10
644 581 10
644 584 10
644 589 10
644 590 10
644 593 10
644 597 10
644 598 10
644 599 10
644 600 10
644 601 10
644 605 10
644 606 10
644 607 10
644 608 10
644 609 10
644 612 10
644 616 10
644 622 10
644 623 10
644 625 10
644 628 10
644 630 10
644 635 10
644 638 10
644 639 10
644 640 10
644 642 10
644 643 10
644 648 10
644 654 10
644 655 10
644 656 10
644 658 10
644 665 10
644 666 10
644 668 10
644 670 10
644 671 10
644 673 10
644 682 10
644 685 10
644 705 10
644 706 10
644 708 10
644 714 10
644 715 10
644 721 10
644 723 10
644 724 10
644 728 10
644 735 10
644 737 10
644 738 10
644 739 10
644 741 10
644 742 10
644 743 10
644 744 10
644 745 10
644 747 10
644 767 10
645 329 10
645 330 10
645 332 10
645 340 10
645 341 10
645 343 10
645 344 10
645 352 10
645 354 10
645 355 10
645 356 10
645 358 10
645 359 10
645 360 10
645 363 10
645 364 10
645 365 10
645 366 10
645 370 10
645 375 10
645 384 10
645 385 10
645 386 10
645 387 10
645 388 10
645 391 10
645 402 10
645 407 10
645 412 10
645 415 10
645 419 10
645 421 10
645 424 10
645 425 10
645 426 10
645 427 10
645 433 10
645 435 10
645 436 10
645 437 10
645 438 10
645 439 10
645 440 10
645 441 10
645 442 10
645 444 10
645 450 10
645 451 10
645 452 10
645 454 10
645 455 10
645 456 10
645 457 10
645 459 10
645 464 10
645 496 10
645 498 10
645 499 10
645 516 10
645 521 10
645 522 10
645 531 10
645 533 10
645 534 10
645 538 10
645 542 10
645 545 10
645 546 10
645 555 10
645 556 10
645 559 10
645 564 10
645 565 10
645 572 10
645 573 10
645 574 10
645 580 10
645 582 10
645 593 10
645 595 10
645 596 10
645 599 10
645 600 10
645 601 10
645 602 10
645 604 10
645 605 10
645 606 10
645 608 10
645 609 10
645 612 10
645 615 10
645 616 10
645 617 10
645 618 10
645 620 10
645 622 10
645 624 10
645 625 10
645 628 10
645 644 10
645 650 10
645 653 10
645 654 10
645 655 10
645 657 10
645 658 10
645 659 10
645 662 10
645 663 10
645 664 10
645 666 10
645 670 10
645 672 10
645 673 10
645 674 10
645 682 10
645 683 10
645 697 10
645 698 10
645 699 10
645 707 10
645 709 10
645 713 10
645 715 10
645 716 10
645 718 10
645 721 10
645 723 10
645 724 10
645 726 10
645 727 10
645 729 10
645 730 10
645 734 10
645 736 10
645 738 10
645 739 10
645 740 10
645 742 10
645 744 10
645 746 10
645 747 10
645 753 10
645 754 10
646 327 10
646 330 10
646 332 10
646 334 10
646 339 10
646 343 10
646 344 10
646 349 10
646 351 10
646 352 10
646 353 10
646 356 10
646 358 10
646 359 10
646 361 10
646 362 10
646 368 10
646 374 10
646 400 10
646 405 10
646 407 10
646 413 10
646 416 10
646 417 10
646 419 10
646 420 10
646 421 10
646 422 10
646 424 10
646 429 10
646 441 10
646 442 10
646 451 10
646 454 10
646 456 10
646 457 10
646 458 10
646 460 10
646 465 10
646 471 10
646 472 10
646 479 10
646 482 10
646 484 10
646 497 10
646 502 10
646 505 10
646 512 10
646 513 10
646 517 10
646 519 10
646 523 10
646 536 10
646 538 10
646 543 10
646 544 10
646 547 10
646 548 10
646 550 10
646 552 10
646 556 10
646 557 10
646 561 10
646 562 10
646 563 10
646 564 10
646 566 10
646 571 10
646 572 10
646 574 10
646 578 10
646 580 10
646 582 10
646 586 10
646 588 10
646 593 10
646 596 10
646 600 10
646 601 10
646 606 10
646 608 10
646 610 10
646 611 10
646 614 10
646 617 10
646 620 10
646 627 10
646 628 10
646 636 10
646 639 10
646 640 10
646 642 10
646 643 10
646 644 10
646 648 10
646 654 10
646 655 10
646 658 10
646 659 10
646 664 10
646 667 10
646 669 10
646 671 10
646 672 10
646 675 10
646 677 10
646 680 10
646 684 10
646 699 10
646 703 10
646 704 10
646 707 10
646 708 10
646 709 10
646 712 10
646 717 10
646 720 10
646 722 10
646 723 10
646 725 10
646 726 10
646 727 10
646 730 10
646 733 10
646 734 10
646 735 10
646 736 10
646 739 10
646 740 10
646 741 10
646 743 10
646 744 10
646 745 10
646 747 10
646 750 10
646 752 10
646 762 10
647 326 10
647 329 10
647 331 10
647 332 10
647 334 10
647 337 10
647 338 10
647 342 10
647 350 10
647 352 10
647 353 10
647 354 10
647 356 10
647 357 10
647 358 10
647 361 10
647 368 10
647 373 10
647 374 10
647 376 10
647 377 10
647 389 10
647 406 10
647 409 10
647 414 10
647 415 10
647 416 10
647 417 10
647 418 10
647 420 10
647 424 10
647 426 10
647 429 10
647 434 10
647 435 10
647 439 10
647 440 10
647 450 10
647 452 10
647 455 10
647 459 10
647 460 10
647 463 10
647 468 10
647 471 10
647 472 10
647 473 10
647 480 10
647 481 10
647 482 10
647 490 10
647 494 10
647 496 10
647 498 10
647 499 10
647 500 10
647 501 10
647 504 10
647 505 10
647 506 10
647 508 10
647 512 10
647 513 10
647 518 10
647 520 10
647 521 10
647 524 10
647 528 10
647 529 10
647 531 10
647 536 10
647 537 10
647 542 10
647 543 10
647 545 10
647 547 10
647 548 10
647 551 10
647 555 10
647 557 10
647 558 10
647 567 10
647 571 10
647 572 10
647 573 10
647 577 10
647 579 10
647 580 10
647 594 10
647 599 10
647 601 10
647 602 10
647 603 10
647 607 10
647 609 10
647 613 10
647 617 10
647 618 10
647 620 10
647 621 10
647 626 10
647 628 10
647 632 10
647 636 10
647 639 10
647 642 10
647 645 10
647 648 10
647 655 10
647 656 10
647 658 10
647 659 10
647 665 10
647 666 10
647 667 10
647 669 10
647 671 10
647 672 10
647 673 10
647 675 10
647 677 10
647 679 10
647 682 10
647 691 10
647 697 10
647 702 10
647 703 10
647 708 10
647 709 10
647 711 10
647 714 10
647 717 10
647 718 10
647 719 10
647 720 10
647 721 10
647 723 10
647 724 10
647 725 10
647 734 10
647 738 10
647 739 10
647 741 10
647 742 10
647 743 10
647 744 10
647 745 10
647 747 10
647 749 10
647 751 10
647 752 10
647 753 10
647 755 10
647 757 10
647 758 10
647 764 10
648 328 10
648 329 10
648 330 10
648 331 10
648 334 10
648 339 10
648 341 10
648 343 10
648 347 10
648 350 10
648 352 10
648 354 10
648 356 10
648 357 10
648 360 10
648 370 10
648 376 10
648 378 10
648 382 10
648 383 10
648 402 10
648 404 10
648 406 10
648 407 10
648 409 10
648 414 10
648 415 10
648 416 10
648 417 10
648 419 10
648 420 10
648 422 10
648 423 10
648 424 10
648 427 10
648 430 10
648 433 10
648 435 10
648 436 10
648 437 10
648 439 10
648 440 10
648 443 10
648 444 10
648 446 10
648 450 10
648 451 10
648 458 10
648 461 10
648 463 10
648 470 10
648 480 10
648 493 10
648 494 10
648 495 10
648 498 10
648 502 10
648 507 10
648 512 10
648 520 10
648 522 10
648 523 10
648 524 10
648 528 10
648 530 10
648 532 10
648 544 10
648 545 10
648 546 10
648 547 10
648 553 10
648 556 10
648 563 10
648 565 10
648 567 10
648 568 10
648 571 10
648 576 10
648 577 10
648 579 10
648 580 10
648 582 10
648 583 10
648 584 10
648 594 10
648 595 10
648 597 10
648 599 10
648 600 10
648 601 10
648 605 10
648 607 10
648 609 10
648 610 10
648 613 10
648 614 10
648 616 10
648 617 10
648 622 10
648 623 10
648 624 10
648 625 10
648 628 10
648 630 10
648 637 10
648 638 10
648 639 10
648 643 10
648 646 10
648 648 10
648 654 10
648 657 10
648 659 10
648 663 10
648 664 10
648 665 10
648 667 10
648 668 10
648 673 10
648 674 10
648 675 10
648 677 10
648 681 10
648 687 10
648 688 10
648 690 10
648 691 10
648 697 10
648 699 10
648 705 10
648 707 10
648 708 10
648 711 10
648 714 10
648 718 10
648 719 10
648 722 10
648 723 10
648 725 10
648 727 10
648 729 10
648 733 10
648 734 10
648 735 10
648 736 10
648 737 10
648 738 10
648 739 10
648 740 10
648 741 10
648 744 10
648 745 10
648 752 10
648 753 10
648 759 10
648 760 10
648 762 10
649 325 10
649 327 10
649 328 10
649 330 10
649 332 10
649 333 10
649 335 10
649 336 10
649 340 10
649 341 10
649 350 10
649 353 10
649 377 10
649 380 10
649 385 10
649 400 10
649 404 10
649 405 10
649 407 10
649 409 10
649 410 10
649 412 10
649 415 10
649 416 10
649 417 10
649 419 10
649 420 10
649 421 10
649 422 10
649 423 10
649 424 10
649 425 10
649 426 10
649 427 10
649 434 10
649 435 10
649 437 10
649 443 10
649 458 10
649 459 10
649 461 10
649 467 10
649 469 10
649 480 10
649 481 10
649 483 10
649 486 10
649 495 10
649 500 10
649 502 10
649 504 10
649 505 10
649 506 10
649 507 10
649 508 10
649 511 10
649 520 10
649 522 10
649 526 10
649 528 10
649 530 10
649 532 10
649 534 10
649 536 10
649 547 10
649 556 10
649 560 10
649 561 10
649 567 10
649 569 10
649 571 10
649 576 10
649 580 10
649 592 10
649 593 10
649 595 10
649 596 10
649 607 10
649 608 10
649 612 10
649 615 10
649 616 10
649 617 10
649 619 10
649 620 10
649 623 10
649 626 10
649 627 10
649 629 10
649 636 10
649 640 10
649 641 10
649 642 10
649 643 10
649 648 10
649 650 10
649 657 10
649 658 10
649 661 10
649 662 10
649 667 10
649 668 10
649 670 10
649 671 10
649 673 10
649 674 10
649 677 10
649 682 10
649 683 10
649 684 10
649 687 10
649 689 10
649 690 10
649 693 10
649 698 10
649 704 10
649 705 10
649 707 10
649 709 10
649 710 10
649 718 10
649 719 10
649 721 10
649 724 10
649 725 10
649 731 10
649 733 10
649 738 10
649 740 10
649 742 10
649 751 10
649 755 10
649 757 10
649 763 10
650 326 10
650 327 10
650 330 10
650 332 10
650 336 10
650 338 10
650 340 10
650 344 10
650 349 10
650 352 10
650 353 10
650 354 10
650 355 10
650 359 10
650 363 10
650 375 10
650 376 10
650 377 10
650 378 10
650 379 10
650 383 10
650 384 10
650 391 10
650 402 10
650 404 10
650 406 10
650 408 10
650 409 10
650 411 10
650 412 10
650 416 10
650 418 10
650 419 10
650 420 10
650 422 10
650 423 10
650 426 10
650 428 10
650 431 10
650 435 10
650 436 10
650 437 10
650 448 10
650 463 10
650 469 10
650 471 10
650 472 10
650 475 10
650 480 10
650 481 10
650 482 10
650 488 10
650 491 10
650 492 10
650 497 10
650 498 10
650 499 10
650 500 10
650 501 10
650 509 10
650 510 10
650 519 10
650 522 10
650 523 10
650 525 10
650 526 10
650 527 10
650 528 10
650 529 10
650 531 10
650 532 10
650 537 10
650 542 10
650 547 10
650 548 10
650 549 10
650 550 10
650 551 10
650 554 10
650 556 10
650 564 10
650 566 10
650 574 10
650 576 10
650 577 10
650 579 10
650 580 10
650 581 10
650 585 10
650 587 10
650 588 10
650 592 10
650 593 10
650 597 10
650 600 10
650 601 10
650 604 10
650 612 10
650 613 10
650 614 10
650 615 10
650 619 10
650 620 10
650 621 10
650 622 10
650 623 10
650 625 10
650 627 10
650 629 10
650 630 10
650 631 10
650 633 10
650 634 10
650 640 10
650 643 10
650 644 10
650 646 10
650 647 10
650 651 10
650 653 10
650 659 10
650 666 10
650 667 10
650 669 10
650 670 10
650 671 10
650 672 10
650 673 10
650 677 10
650 680 10
650 688 10
650 690 10
650 693 10
650 696 10
650 697 10
650 700 10
650 704 10
650 709 10
650 714 10
650 717 10
650 718 10
650 719 10
650 720 10
650 723 10
650 729 10
650 734 10
650 740 10
650 742 10
650 743 10
650 744 10
650 749 10
650 755 10
650 765 10
650 770 10
651 326 10
651 332 10
651 336 10
651 337 10
651 338 10
651 339 10
651 341 10
651 350 10
651 351 10
651 352 10
651 361 10
651 370 10
651 375 10
651 377 10
651 378 10
651 380 10
651 381 10
651 382 10
651 386 10
651 390 10
651 404 10
651 407 10
651 410 10
651 412 10
651 413 10
651 414 10
651 415 10
651 416 10
651 417 10
651 419 10
651 421 10
651 422 10
651 423 10
651 425 10
651 426 10
651 427 10
651 428 10
651 430 10
651 433 10
651 434 10
651 435 10
651 436 10
651 447 10
651 448 10
651 454 10
651 467 10
651 468 10
651 477 10
651 478 10
651 480 10
651 481 10
651 484 10
651 488 10
651 489 10
651 490 10
651 491 10
651 493 10
651 494 10
651 499 10
651 500 10
651 502 10
651 504 10
651 509 10
651 511 10
651 520 10
651 526 10
651 527 10
651 529 10
651 531 10
651 534 10
651 535 10
651 536 10
651 537 10
651 540 10
651 544 10
651 546 10
651 548 10
651 551 10
651 553 10
651 556 10
651 557 10
651 558 10
651 561 10
651 562 10
651 564 10
651 566 10
651 567 10
651 569 10
651 580 10
651 583 10
651 584 10
651 585 10
651 586 10
651 587 10
651 588 10
651 591 10
651 594 10
651 595 10
651 600 10
651 606 10
651 613 10
651 617 10
651 619 10
651 622 10
651 624 10
651 625 10
651 628 10
651 629 10
651 631 10
651 632 10
651 633 10
651 636 10
651 637 10
651 641 10
651 642 10
651 650 10
651 652 10
651 653 10
651 654 10
651 655 10
651 658 10
651 660 10
651 665 10
651 666 10
651 667 10
651 668 10
651 673 10
651 674 10
651 675 10
651 683 10
651 686 10
651 690 10
651 698 10
651 699 10
651 701 10
651 702 10
651 703 10
651 704 10
651 706 10
651 709 10
651 716 10
651 717 10
651 718 10
651 720 10
651 731 10
651 732 10
651 733 10
651 734 10
651 738 10
651 739 10
651 740 10
651 743 10
651 745 10
651 751 10
651 757 10
651 761 10
651 764 10
651 765 10
651 768 10
652 326 10
652 329 10
652 335 10
652 341 10
652 346 10
652 347 10
652 359 10
652 360 10
652 361 10
652 364 10
652 365 10
652 369 10
652 371 10
652 377 10
652 379 10
652 382 10
652 384 10
652 385 10
652 387 10
652 389 10
652 390 10
652 391 10
652 406 10
652 407 10
652 408 10
652 409 10
652 410 10
652 411 10
652 413 10
652 415 10
652 416 10
652 417 10
652 418 10
652 419 10
652 421 10
652 422 10
652 423 10
652 424 10
652 425 10
652 426 10
652 429 10
652 430 10
652 432 10
652 433 10
652 438 10
652 439 10
652 441 10
652 455 10
652 463 10
652 464 10
652 467 10
652 468 10
652 469 10
652 471 10
652 482 10
652 483 10
652 488 10
652 489 10
652 490 10
652 492 10
652 494 10
652 495 10
652 497 10
652 499 10
652 501 10
652 502 10
652 503 10
652 507 10
652 508 10
652 511 10
652 513 10
652 518 10
652 526 10
652 527 10
652 529 10
652 533 10
652 535 10
652 537 10
652 539 10
652 542 10
652 543 10
652 544 10
652 545 10
652 546 10
652 547 10
652 548 10
652 549 10
652 551 10
652 552 10
652 553 10
652 555 10
652 556 10
652 558 10
652 559 10
652 564 10
652 565 10
652 566 10
652 572 10
652 579 10
652 580 10
652 583 10
652 587 10
652 588 10
652 594 10
652 595 10
652 596 10
652 598 10
652 600 10
652 612 10
652 615 10
652 616 10
652 617 10
652 618 10
652 620 10
652 621 10
652 622 10
652 630 10
652 631 10
652 633 10
652 634 10
652 635 10
652 637 10
652 640 10
652 642 10
652 644 10
652 647 10
652 651 10
652 653 10
652 654 10
652 655 10
652 657 10
652 658 10
652 660 10
652 661 10
652 665 10
652 669 10
652 670 10
652 672 10
652 674 10
652 677 10
652 678 10
652 680 10
652 681 10
652 683 10
652 684 10
652 686 10
652 687 10
652 689 10
652 690 10
652 691 10
652 692 10
652 693 10
652 694 10
652 695 10
652 696 10
652 697 10
652 698 10
652 714 10
652 716 10
652 717 10
652 718 10
652 720 10
652 721 10
652 722 10
652 725 10
652 726 10
652 727 10
652 734 10
652 739 10
652 740 10
652 744 10
652 745 10
652 746 10
652 747 10
652 751 10
652 753 10
652 755 10
652 760 10
652 765 10
652 767 10
653 326 10
653 328 10
653 336 10
653 337 10
653 339 10
653 343 10
653 344 10
653 352 10
653 354 10
653 361 10
653 362 10
653 368 10
653 372 10
653 373 10
653 374 10
653 375 10
653 377 10
653 378 10
653 381 10
653 382 10
653 383 10
653 384 10
653 386 10
653 388 10
653 389 10
653 391 10
653 392 10
653 393 10
653 407 10
653 408 10
653 410 10
653 413 10
653 416 10
653 417 10
653 418 10
653 419 10
653 420 10
653 421 10
653 422 10
653 423 10
653 427 10
653 428 10
653 429 10
653 430 10
653 431 10
653 434 10
653 436 10
653 443 10
653 447 10
653 448 10
653 458 10
653 459 10
653 466 10
653 468 10
653 469 10
653 477 10
653 478 10
653 481 10
653 487 10
653 490 10
653 491 10
653 493 10
653 495 10
653 496 10
653 497 10
653 499 10
653 503 10
653 505 10
653 506 10
653 507 10
653 508 10
653 509 10
653 510 10
653 512 10
653 523 10
653 524 10
653 525 10
653 527 10
653 530 10
653 533 10
653 536 10
653 537 10
653 538 10
653 539 10
653 540 10
653 542 10
653 543 10
653 544 10
653 545 10
653 546 10
653 547 10
653 548 10
653 552 10
653 554 10
653 555 10
653 558 10
653 559 10
653 561 10
653 562 10
653 563 10
653 564 10
653 565 10
653 566 10
653 567 10
653 570 10
653 571 10
653 577 10
653 581 10
653 582 10
653 583 10
653 588 10
653 591 10
653 592 10
653 606 10
653 615 10
653 618 10
653 619 10
653 621 10
653 622 10
653 628 10
653 629 10
653 632 10
653 635 10
653 637 10
653 638 10
653 643 10
653 644 10
653 646 10
653 647 10
653 651 10
653 652 10
653 653 10
653 655 10
653 656 10
653 658 10
653 660 10
653 661 10
653 666 10
653 667 10
653 668 10
653 670 10
653 671 10
653 673 10
653 676 10
653 680 10
653 689 10
653 690 10
653 692 10
653 697 10
653 698 10
653 699 10
653 701 10
653 712 10
653 714 10
653 717 10
653 720 10
653 721 10
653 724 10
653 725 10
653 726 10
653 730 10
653 733 10
653 734 10
653 737 10
653 738 10
653 740 10
653 741 10
653 742 10
653 743 10
653 747 10
653 750 10
653 751 10
653 756 10
653 759 10
653 763 10
653 765 10
653 766 10
653 767 10
653 768 10
654 329 10
654 336 10
654 337 10
654 341 10
654 344 10
654 347 10
654 356 10
654 357 10
654 369 10
654 370 10
654 371 10
654 373 10
654 375 10
654 377 10
654 378 10
654 379 10
654 380 10
654 381 10
654 382 10
654 388 10
654 389 10
654 391 10
654 394 10
654 396 10
654 405 10
654 406 10
654 408 10
654 409 10
654 410 10
654 412 10
654 415 10
654 417 10
654 418 10
654 419 10
654 420 10
654 421 10
654 422 10
654 424 10
654 425 10
654 426 10
654 427 10
654 428 10
654 429 10
654 431 10
654 436 10
654 437 10
654 439 10
654 440 10
654 443 10
654 457 10
654 467 10
654 468 10
654 475 10
654 487 10
654 492 10
654 495 10
654 496 10
654 497 10
654 498 10
654 499 10
654 500 10
654 501 10
654 503 10
654 504 10
654 506 10
654 507 10
654 511 10
654 513 10
654 520 10
654 525 10
654 527 10
654 528 10
654 530 10
654 531 10
654 532 10
654 535 10
654 538 10
654 540 10
654 541 10
654 543 10
654 545 10
654 546 10
654 547 10
654 549 10
654 550 10
654 551 10
654 552 10
654 553 10
654 554 10
654 555 10
654 558 10
654 560 10
654 561 10
654 563 10
654 564 10
654 565 10
654 566 10
654 568 10
654 570 10
654 574 10
654 578 10
654 580 10
654 582 10
654 586 10
654 596 10
654 598 10
654 603 10
654 610 10
654 617 10
654 618 10
654 620 10
654 623 10
654 627 10
654 629 10
654 631 10
654 633 10
654 634 10
654 637 10
654 638 10
654 649 10
654 650 10
654 652 10
654 653 10
654 657 10
654 659 10
654 668 10
654 669 10
654 673 10
654 675 10
654 677 10
654 678 10
654 680 10
654 681 10
654 690 10
654 691 10
654 692 10
654 694 10
654 696 10
654 697 10
654 698 10
654 699 10
654 700 10
654 702 10
654 713 10
654 714 10
654 716 10
654 717 10
654 718 10
654 719 10
654 720 10
654 721 10
654 722 10
654 723 10
654 725 10
654 726 10
654 727 10
654 729 10
654 732 10
654 733 10
654 734 10
654 735 10
654 737 10
654 739 10
654 744 10
654 746 10
654 749 10
654 750 10
654 752 10
654 753 10
654 754 10
654 757 10
654 762 10
654 764 10
654 766 10
654 768 10
655 323 10
655 325 10
655 326 10
655 328 10
655 329 10
655 337 10
655 339 10
655 346 10
655 347 10
655 352 10
655 359 10
655 360 10
655 361 10
655 362 10
655 364 10
655 366 10
655 371 10
655 373 10
655 374 10
655 377 10
655 378 10
655 379 10
655 380 10
655 381 10
655 385 10
655 387 10
655 389 10
655 390 10
655 391 10
655 392 10
655 394 10
655 398 10
655 399 10
655 402 10
655 403 10
655 406 10
655 416 10
655 417 10
655 418 10
655 419 10
655 421 10
655 422 10
655 424 10
655 426 10
655 427 10
655 428 10
655 432 10
655 436 10
655 437 10
655 438 10
655 446 10
655 448 10
655 452 10
655 459 10
655 461 10
655 464 10
655 478 10
655 480 10
655 482 10
655 484 10
655 487 10
655 488 10
655 489 10
655 490 10
655 491 10
655 493 10
655 494 10
655 497 10
655 499 10
655 501 10
655 502 10
655 504 10
655 505 10
655 506 10
655 509 10
655 510 10
655 511 10
655 512 10
655 513 10
655 516 10
655 520 10
655 523 10
655 524 10
655 528 10
655 529 10
655 530 10
655 535 10
655 537 10
655 538 10
655 539 10
655 541 10
655 542 10
655 544 10
655 546 10
655 547 10
655 549 10
655 550 10
655 551 10
655 553 10
655 554 10
655 555 10
655 556 10
655 557 10
655 560 10
655 563 10
655 580 10
655 581 10
655 583 10
655 598 10
655 603 10
655 609 10
655 610 10
655 615 10
655 616 10
655 621 10
655 624 10
655 625 10
655 626 10
655 627 10
655 628 10
655 629 10
655 630 10
655 631 10
655 632 10
655 635 10
655 637 10
655 648 10
655 652 10
655 660 10
655 661 10
655 663 10
655 665 10
655 666 10
655 667 10
655 668 10
655 670 10
655 671 10
655 672 10
655 674 10
655 678 10
655 679 10
655 683 10
655 685 10
655 687 10
655 689 10
655 690 10
655 691 10
655 692 10
655 693 10
655 695 10
655 696 10
655 697 10
655 698 10
655 699 10
655 702 10
655 713 10
655 714 10
655 715 10
655 716 10
655 718 10
655 719 10
655 723 10
655 725 10
655 726 10
655 730 10
655 731 10
655 735 10
655 737 10
655 738 10
655 739 10
655 740 10
655 746 10
655 752 10
655 753 10
655 754 10
655 755 10
655 756 10
655 757 10
656 324 10
656 328 10
656 329 10
656 333 10
656 337 10
656 339 10
656 347 10
656 356 10
656 358 10
656 359 10
656 360 10
656 362 10
656 365 10
656 367 10
656 370 10
656 374 10
656 375 10
656 376 10
656 377 10
656 378 10
656 381 10
656 384 10
656 387 10
656 388 10
656 390 10
656 394 10
656 395 10
656 396 10
656 400 10
656 401 10
656 408 10
656 412 10
656 416 10
656 418 10
656 420 10
656 421 10
656 422 10
656 423 10
656 424 10
656 426 10
656 428 10
656 430 10
656 431 10
656 433 10
656 434 10
656 435 10
656 437 10
656 439 10
656 440 10
656 444 10
656 446 10
656 447 10
656 450 10
656 451 10
656 456 10
656 457 10
656 459 10
656 460 10
656 465 10
656 466 10
656 467 10
656 468 10
656 476 10
656 477 10
656 480 10
656 481 10
656 484 10
656 487 10
656 490 10
656 491 10
656 494 10
656 496 10
656 497 10
656 501 10
656 503 10
656 505 10
656 506 10
656 507 10
656 508 10
656 509 10
656 510 10
656 513 10
656 514 10
656 515 10
656 520 10
656 522 10
656 525 10
656 527 10
656 529 10
656 538 10
656 542 10
656 544 10
656 545 10
656 550 10
656 552 10
656 553 10
656 555 10
656 556 10
656 557 10
656 562 10
656 565 10
656 566 10
656 567 10
656 568 10
656 569 10
656 570 10
656 571 10
656 572 10
656 578 10
656 584 10
656 588 10
656 590 10
656 591 10
656 592 10
656 611 10
656 615 10
656 621 10
656 622 10
656 623 10
656 625 10
656 629 10
656 630 10
656 631 10
656 633 10
656 634 10
656 635 10
656 645 10
656 647 10
656 649 10
656 651 10
656 653 10
656 655 10
656 659 10
656 660 10
656 661 10
656 662 10
656 663 10
656 664 10
656 666 10
656 667 10
656 668 10
656 669 10
656 671 10
656 674 10
656 675 10
656 676 10
656 680 10
656 686 10
656 690 10
656 692 10
656 694 10
656 695 10
656 696 10
656 697 10
656 698 10
656 700 10
656 709 10
656 712 10
656 715 10
656 719 10
656 720 10
656 722 10
656 723 10
656 727 10
656 728 10
656 729 10
656 730 10
656 732 10
656 733 10
656 734 10
656 735 10
656 736 10
656 737 10
656 739 10
656 740 10
656 742 10
656 750 10
656 753 10
656 755 10
656 756 10
656 757 10
656 758 10
656 766 10
656 767 10
656 772 10
657 325 10
657 329 10
657 330 10
657 342 10
657 344 10
657 345 10
657 346 10
657 355 10
657 358 10
657 359 10
657 360 10
657 361 10
657 364 10
657 367 10
657 368 10
657 369 10
657 371 10
657 373 10
657 377 10
657 378 10
657 380 10
657 381 10
657 385 10
657 387 10
657 388 10
657 391 10
657 392 10
657 393 10
657 395 10
657 398 10
657 399 10
657 403 10
657 404 10
657 410 10
657 419 10
657 420 10
657 421 10
657 422 10
657 424 10
657 427 10
657 428 10
657 433 10
657 434 10
657 436 10
657 437 10
657 441 10
657 443 10
657 445 10
657 447 10
657 449 10
657 450 10
657 455 10
657 459 10
657 460 10
657 461 10
657 462 10
657 464 10
657 466 10
657 467 10
657 477 10
657 478 10
657 480 10
657 485 10
657 488 10
657 489 10
657 490 10
657 493 10
657 494 10
657 499 10
657 501 10
657 505 10
657 509 10
657 511 10
657 512 10
657 513 10
657 519 10
657 524 10
657 525 10
657 526 10
657 529 10
657 531 10
657 532 10
657 538 10
657 539 10
657 543 10
657 544 10
657 545 10
657 546 10
657 547 10
657 548 10
657 549 10
657 550 10
657 551 10
657 552 10
657 554 10
657 558 10
657 561 10
657 563 10
657 564 10
657 567 10
657 569 10
657 570 10
657 573 10
657 574 10
657 581 10
657 582 10
657 584 10
657 595 10
657 597 10
657 608 10
657 611 10
657 612 10
657 615 10
657 617 10
657 620 10
657 627 10
657 628 10
657 630 10
657 631 10
657 633 10
657 645 10
657 651 10
657 655 10
657 658 10
657 659 10
657 660 10
657 661 10
657 662 10
657 665 10
657 668 10
657 669 10
657 672 10
657 673 10
657 675 10
657 676 10
657 677 10
657 678 10
657 679 10
657 682 10
657 685 10
657 688 10
657 689 10
657 690 10
657 691 10
657 692 10
657 695 10
657 699 10
657 700 10
657 709 10
657 712 10
657 713 10
657 716 10
657 718 10
657 721 10
657 723 10
657 724 10
657 726 10
657 727 10
657 729 10
657 731 10
657 733 10
657 734 10
657 735 10
657 736 10
657 739 10
657 740 10
657 741 10
657 743 10
657 744 10
657 755 10
658 326 10
658 329 10
658 330 10
658 331 10
658 344 10
658 345 10
658 346 10
658 354 10
658 355 10
658 357 10
658 358 10
658 359 10
658 362 10
658 365 10
658 366 10
658 368 10
658 373 10
658 374 10
658 375 10
658 379 10
658 382 10
658 385 10
658 387 10
658 391 10
658 392 10
658 393 10
658 399 10
658 400 10
658 401 10
658 417 10
658 418 10
658 420 10
658 421 10
658 422 10
658 423 10
658 425 10
658 426 10
658 427 10
658 428 10
658 429 10
658 430 10
658 432 10
658 439 10
658 440 10
658 443 10
658 445 10
658 447 10
658 452 10
658 454 10
658 457 10
658 458 10
658 460 10
658 461 10
658 463 10
658 464 10
658 479 10
658 489 10
658 491 10
658 493 10
658 494 10
658 496 10
658 498 10
658 499 10
658 503 10
658 505 10
658 506 10
658 508 10
658 509 10
658 512 10
658 513 10
658 517 10
658 519 10
658 520 10
658 522 10
658 523 10
658 526 10
658 528 10
658 530 10
658 531 10
658 532 10
658 533 10
658 536 10
658 538 10
658 540 10
658 543 10
658 546 10
658 547 10
658 550 10
658 551 10
658 552 10
658 555 10
658 556 10
658 558 10
658 559 10
658 561 10
658 563 10
658 566 10
658 568 10
658 569 10
658 570 10
658 571 10
658 572 10
658 574 10
658 581 10
658 584 10
658 585 10
658 586 10
658 588 10
658 589 10
658 591 10
658 592 10
658 595 10
658 598 10
658 599 10
658 607 10
658 609 10
658 610 10
658 611 10
658 612 10
658 614 10
658 628 10
658 629 10
658 632 10
658 636 10
658 638 10
658 643 10
658 644 10
658 646 10
658 647 10
658 650 10
658 652 10
658 653 10
658 655 10
658 657 10
658 658 10
658 659 10
658 660 10
658 661 10
658 662 10
658 664 10
658 665 10
658 666 10
658 667 10
658 668 10
658 670 10
658 672 10
658 673 10
658 675 10
658 676 10
658 678 10
658 680 10
658 685 10
658 686 10
658 688 10
658 690 10
658 693 10
658 694 10
658 695 10
658 696 10
658 701 10
658 704 10
658 705 10
658 707 10
658 708 10
658 712 10
658 714 10
658 717 10
658 718 10
658 720 10
658 725 10
658 727 10
658 729 10
658 730 10
658 735 10
658 737 10
658 738 10
658 739 10
658 740 10
658 741 10
658 743 10
658 744 10
658 750 10
658 751 10
658 755 10
658 756 10
658 758 10
658 760 10
658 761 10
658 767 10
658 772 10
659 328 10
659 329 10
659 331 10
659 343 10
659 345 10
659 355 10
659 356 10
659 360 10
659 363 10
659 365 10
659 366 10
659 367 10
659 368 10
659 370 10
659 371 10
659 372 10
659 375 10
659 376 10
659 377 10
659 379 10
659 381 10
659 383 10
659 385 10
659 387 10
659 388 10
659 389 10
659 390 10
659 391 10
659 404 10
659 419 10
659 421 10
659 422 10
659 423 10
659 424 10
659 425 10
659 427 10
659 428 10
659 433 10
659 434 10
659 435 10
659 439 10
659 440 10
659 443 10
659 444 10
659 445 10
659 447 10
659 448 10
659 458 10
659 461 10
659 463 10
659 464 10
659 465 10
659 467 10
659 468 10
659 473 10
659 475 10
659 477 10
659 479 10
659 483 10
659 486 10
659 488 10
659 490 10
659 491 10
659 494 10
659 497 10
659 498 10
659 503 10
659 509 10
659 511 10
659 513 10
659 515 10
659 517 10
659 518 10
659 520 10
659 521 10
659 522 10
659 524 10
659 525 10
659 526 10
659 529 10
659 530 10
659 531 10
659 532 10
659 533 10
659 539 10
659 544 10
659 554 10
659 555 10
659 558 10
659 560 10
659 562 10
659 563 10
659 565 10
659 566 10
659 567 10
659 568 10
659 569 10
659 572 10
659 576 10
659 584 10
659 588 10
659 590 10
659 593 10
659 596 10
659 597 10
659 602 10
659 607 10
659 608 10
659 612 10
659 629 10
659 640 10
659 654 10
659 655 10
659 659 10
659 660 10
659 661 10
659 662 10
659 663 10
659 664 10
659 671 10
659 672 10
659 673 10
659 674 10
659 675 10
659 679 10
659 684 10
659 687 10
659 691 10
659 694 10
659 701 10
659 704 10
659 706 10
659 707 10
659 710 10
659 711 10
659 714 10
659 715 10
659 716 10
659 717 10
659 719 10
659 720 10
659 723 10
659 726 10
659 727 10
659 728 10
659 730 10
659 732 10
659 733 10
659 736 10
659 740 10
659 747 10
659 749 10
659 750 10
659 751 10
659 752 10
659 754 10
659 757 10
659 758 10
660 356 10
660 357 10
660 362 10
660 364 10
660 365 10
660 367 10
660 368 10
660 371 10
660 373 10
660 374 10
660 375 10
660 377 10
660 378 10
660 382 10
660 383 10
660 385 10
660 386 10
660 387 10
660 389 10
660 390 10
660 392 10
660 414 10
660 420 10
660 421 10
660 424 10
660 425 10
660 427 10
660 428 10
660 429 10
660 430 10
660 432 10
660 434 10
660 437 10
660 442 10
660 445 10
660 446 10
660 447 10
660 448 10
660 450 10
660 453 10
660 454 10
660 455 10
660 456 10
660 457 10
660 458 10
660 460 10
660 465 10
660 477 10
660 479 10
660 483 10
660 484 10
660 490 10
660 491 10
660 493 10
660 495 10
660 497 10
660 499 10
660 503 10
660 506 10
660 509 10
660 510 10
660 513 10
660 515 10
660 516 10
660 517 10
660 518 10
660 519 10
660 521 10
660 522 10
660 524 10
660 528 10
660 531 10
660 539 10
660 541 10
660 552 10
660 553 10
660 556 10
660 558 10
660 559 10
660 560 10
660 565 10
660 568 10
660 569 10
660 571 10
660 572 10
660 573 10
660 575 10
660 577 10
660 587 10
660 589 10
660 590 10
660 592 10
660 593 10
660 594 10
660 596 10
660 597 10
660 598 10
660 599 10
660 601 10
660 607 10
660 609 10
660 610 10
660 611 10
660 620 10
660 628 10
660 631 10
660 641 10
660 643 10
660 646 10
660 650 10
660 656 10
660 659 10
660 660 10
660 661 10
660 662 10
660 663 10
660 664 10
660 666 10
660 670 10
660 672 10
660 673 10
660 674 10
660 675 10
660 676 10
660 678 10
660 679 10
660 687 10
660 692 10
660 693 10
660 696 10
660 702 10
660 704 10
660 707 10
660 710 10
660 712 10
660 714 10
660 718 10
660 722 10
660 727 10
660 730 10
660 731 10
660 732 10
660 735 10
660 736 10
660 737 10
660 738 10
660 740 10
660 741 10
660 746 10
660 749 10
660 751 10
660 752 10
660 753 10
660 754 10
660 758 10
660 760 10
661 327 10
661 353 10
661 354 10
661 356 10
661 357 10
661 359 10
661 362 10
661 364 10
661 365 10
661 367 10
661 368 10
661 369 10
661 374 10
661 376 10
661 377 10
661 379 10
661 383 10
661 386 10
661 388 10
661 391 10
661 404 10
661 408 10
661 410 10
661 411 10
661 412 10
661 414 10
661 421 10
661 424 10
661 425 10
661 426 10
661 428 10
661 429 10
661 432 10
661 434 10
661 435 10
661 444 10
661 445 10
661 447 10
661 448 10
661 449 10
661 451 10
661 457 10
661 458 10
661 460 10
661 462 10
661 464 10
661 479 10
661 486 10
661 489 10
661 490 10
661 491 10
661 492 10
661 493 10
661 494 10
661 508 10
661 513 10
661 514 10
661 516 10
661 518 10
661 519 10
661 520 10
661 524 10
661 526 10
661 528 10
661 530 10
661 542 10
661 544 10
661 547 10
661 549 10
661 550 10
661 553 10
661 555 10
661 557 10
661 558 10
661 559 10
661 560 10
661 561 10
661 562 10
661 564 10
661 565 10
661 566 10
661 568 10
661 569 10
661 570 10
661 572 10
661 575 10
661 577 10
661 579 10
661 585 10
661 587 10
661 588 10
661 589 10
661 590 10
661 591 10
661 592 10
661 593 10
661 594 10
661 595 10
661 596 10
661 597 10
661 598 10
661 599 10
661 600 10
661 601 10
661 602 10
661 603 10
661 604 10
661 609 10
661 616 10
661 620 10
661 626 10
661 628 10
661 636 10
661 640 10
661 650 10
661 654 10
661 655 10
661 657 10
661 658 10
661 659 10
661 660 10
661 661 10
661 662 10
661 663 10
661 665 10
661 666 10
661 667 10
661 668 10
661 672 10
661 673 10
661 677 10
661 680 10
661 682 10
661 684 10
661 685 10
661 686 10
661 687 10
661 688 10
661 697 10
661 699 10
661 703 10
661 705 10
661 710 10
661 711 10
661 712 10
661 713 10
661 720 10
661 724 10
661 725 10
661 726 10
661 729 10
661 730 10
661 733 10
661 734 10
661 735 10
661 736 10
661 739 10
661 740 10
661 742 10
661 743 10
661 744 10
661 745 10
661 746 10
661 748 10
661 749 10
661 750 10
661 751 10
661 752 10
661 753 10
661 754 10
661 756 10
661 757 10
661 759 10
661 761 10
662 331 10
662 356 10
662 357 10
662 359 10
662 362 10
662 363 10
662 366 10
662 367 10
662 368 10
662 372 10
662 373 10
662 374 10
662 376 10
662 377 10
662 378 10
662 379 10
662 381 10
662 386 10
662 388 10
662 389 10
662 390 10
662 424 10
662 426 10
662 427 10
662 428 10
662 429 10
662 431 10
662 432 10
662 433 10
662 437 10
662 440 10
662 442 10
662 448 10
662 450 10
662 452 10
662 453 10
662 454 10
662 455 10
662 456 10
662 458 10
662 459 10
662 461 10
662 463 10
662 464 10
662 478 10
662 483 10
662 487 10
662 489 10
662 490 10
662 491 10
662 495 10
662 496 10
662 503 10
662 505 10
662 506 10
662 507 10
662 508 10
662 509 10
662 510 10
662 511 10
662 513 10
662 514 10
662 515 10
662 516 10
662 521 10
662 522 10
662 524 10
662 528 10
662 529 10
662 532 10
662 533 10
662 538 10
662 540 10
662 542 10
662 546 10
662 552 10
662 554 10
662 555 10
662 556 10
662 557 10
662 558 10
662 559 10
662 560 10
662 561 10
662 562 10
662 563 10
662 564 10
662 565 10
662 567 10
662 568 10
662 570 10
662 577 10
662 584 10
662 589 10
662 590 10
662 591 10
662 592 10
662 593 10
662 594 10
662 595 10
662 596 10
662 597 10
662 598 10
662 601 10
662 602 10
662 604 10
662 611 10
662 612 10
662 615 10
662 630 10
662 632 10
662 640 10
662 647 10
662 648 10
662 651 10
662 655 10
662 657 10
662 658 10
662 659 10
662 660 10
662 661 10
662 662 10
662 663 10
662 665 10
662 671 10
662 676 10
662 678 10
662 679 10
662 682 10
662 685 10
662 686 10
662 687 10
662 693 10
662 694 10
662 695 10
662 696 10
662 697 10
662 701 10
662 702 10
662 707 10
662 709 10
662 710 10
662 714 10
662 715 10
662 728 10
662 731 10
662 732 10
662 733 10
662 734 10
662 735 10
662 736 10
662 738 10
662 739 10
662 742 10
662 743 10
662 745 10
662 747 10
662 749 10
662 750 10
662 751 10
662 756 10
662 760 10
662 762 10
662 763 10
663 345 10
663 354 10
663 356 10
663 361 10
663 374 10
663 375 10
663 376 10
663 377 10
663 379 10
663 380 10
663 381 10
663 382 10
663 384 10
663 387 10
663 389 10
663 390 10
663 392 10
663 393 10
663 419 10
663 420 10
663 423 10
663 428 10
663 431 10
663 432 10
663 433 10
663 434 10
663 436 10
663 437 10
663 438 10
663 440 10
663 443 10
663 445 10
663 446 10
663 447 10
663 448 10
663 451 10
663 452 10
663 453 10
663 454 10
663 458 10
663 460 10
663 461 10
663 463 10
663 465 10
663 480 10
663 481 10
663 487 10
663 488 10
663 489 10
663 490 10
663 491 10
663 493 10
663 494 10
663 497 10
663 503 10
663 504 10
663 514 10
663 515 10
663 516 10
663 518 10
663 519 10
663 521 10
663 523 10
663 525 10
663 529 10
663 538 10
663 542 10
663 544 10
663 547 10
663 548 10
663 551 10
663 554 10
663 555 10
663 557 10
663 558 10
663 559 10
663 561 10
663 564 10
663 567 10
663 568 10
663 570 10
663 571 10
663 572 10
663 575 10
663 577 10
663 578 10
663 579 10
663 584 10
663 585 10
663 587 10
663 589 10
663 593 10
663 595 10
663 597 10
663 600 10
663 601 10
663 602 10
663 604 10
663 606 10
663 607 10
663 608 10
663 610 10
663 611 10
663 612 10
663 613 10
663 614 10
663 615 10
663 616 10
663 618 10
663 629 10
663 633 10
663 634 10
663 646 10
663 653 10
663 655 10
663 657 10
663 658 10
663 659 10
663 660 10
663 661 10
663 662 10
663 663 10
663 664 10
663 665 10
663 666 10
663 667 10
663 671 10
663 672 10
663 673 10
663 674 10
663 681 10
663 684 10
663 688 10
663 689 10
663 691 10
663 693 10
663 695 10
663 699 10
663 706 10
663 708 10
663 709 10
663 712 10
663 713 10
663 719 10
663 730 10
663 731 10
663 732 10
663 733 10
663 734 10
663 738 10
663 741 10
663 748 10
663 751 10
663 752 10
663 753 10
663 754 10
663 757 10
663 758 10
664 340 10
664 357 10
664 358 10
664 359 10
664 360 10
664 363 10
664 366 10
664 367 10
664 368 10
664 369 10
664 370 10
664 374 10
664 375 10
664 377 10
664 378 10
664 379 10
664 380 10
664 382 10
664 390 10
664 391 10
664 393 10
664 397 10
664 408 10
664 409 10
664 416 10
664 421 10
664 422 10
664 427 10
664 429 10
664 430 10
664 438 10
664 440 10
664 441 10
664 442 10
664 446 10
664 452 10
664 454 10
664 455 10
664 456 10
664 457 10
664 458 10
664 460 10
664 461 10
664 462 10
664 464 10
664 465 10
664 480 10
664 487 10
664 488 10
664 489 10
664 491 10
664 492 10
664 494 10
664 497 10
664 504 10
664 506 10
664 508 10
664 511 10
664 512 10
664 513 10
664 514 10
664 515 10
664 516 10
664 517 10
664 519 10
664 520 10
664 521 10
664 522 10
664 523 10
664 524 10
664 529 10
664 530 10
664 538 10
664 540 10
664 549 10
664 550 10
664 551 10
664 552 10
664 554 10
664 555 10
664 556 10
664 563 10
664 564 10
664 569 10
664 570 10
664 574 10
664 576 10
664 577 10
664 580 10
664 588 10
664 589 10
664 590 10
664 591 10
664 592 10
664 595 10
664 598 10
664 599 10
664 600 10
664 603 10
664 605 10
664 606 10
664 607 10
664 610 10
664 613 10
664 614 10
664 620 10
664 627 10
664 629 10
664 630 10
664 633 10
664 634 10
664 636 10
664 637 10
664 639 10
664 641 10
664 642 10
664 643 10
664 645 10
664 646 10
664 647 10
664 651 10
664 653 10
664 655 10
664 656 10
664 657 10
664 660 10
664 661 10
664 662 10
664 663 10
664 664 10
664 665 10
664 666 10
664 667 10
664 668 10
664 669 10
664 671 10
664 672 10
664 673 10
664 676 10
664 679 10
664 680 10
664 681 10
664 685 10
664 686 10
664 687 10
664 693 10
664 694 10
664 695 10
664 697 10
664 698 10
664 708 10
664 709 10
664 710 10
664 711 10
664 716 10
664 724 10
664 729 10
664 730 10
664 733 10
664 734 10
664 735 10
664 736 10
664 739 10
664 740 10
664 741 10
664 744 10
664 749 10
664 750 10
664 751 10
664 760 10
664 761 10
664 763 10
665 355 10
665 364 10
665 369 10
665 370 10
665 377 10
665 378 10
665 385 10
665 386 10
665 387 10
665 388 10
665 389 10
665 400 10
665 410 10
665 418 10
665 420 10
665 421 10
665 423 10
665 427 10
665 428 10
665 429 10
665 431 10
665 434 10
665 436 10
665 438 10
665 442 10
665 443 10
665 447 10
665 452 10
665 454 10
665 455 10
665 456 10
665 458 10
665 460 10
665 464 10
665 477 10
665 480 10
665 481 10
665 482 10
665 490 10
665 491 10
665 492 10
665 493 10
665 498 10
665 499 10
665 502 10
665 504 10
665 506 10
665 509 10
665 510 10
665 511 10
665 512 10
665 513 10
665 514 10
665 517 10
665 518 10
665 519 10
665 520 10
665 523 10
665 524 10
665 526 10
665 532 10
665 533 10
665 534 10
665 546 10
665 548 10
665 554 10
665 555 10
665 556 10
665 557 10
665 559 10
665 562 10
665 570 10
665 571 10
665 572 10
665 575 10
665 576 10
665 579 10
665 580 10
665 581 10
665 582 10
665 588 10
665 589 10
665 591 10
665 592 10
665 593 10
665 594 10
665 595 10
665 596 10
665 597 10
665 598 10
665 603 10
665 607 10
665 611 10
665 613 10
665 614 10
665 616 10
665 629 10
665 631 10
665 632 10
665 635 10
665 637 10
665 638 10
665 644 10
665 647 10
665 648 10
665 649 10
665 651 10
665 652 10
665 653 10
665 658 10
665 659 10
665 660 10
665 661 10
665 662 10
665 663 10
665 664 10
665 665 10
665 666 10
665 667 10
665 668 10
665 669 10
665 670 10
665 672 10
665 674 10
665 676 10
665 677 10
665 680 10
665 684 10
665 686 10
665 688 10
665 692 10
665 693 10
665 694 10
665 695 10
665 697 10
665 700 10
665 702 10
665 704 10
665 707 10
665 712 10
665 713 10
665 714 10
665 723 10
665 726 10
665 731 10
665 733 10
665 734 10
665 736 10
665 737 10
665 739 10
665 741 10
665 743 10
665 744 10
665 751 10
665 753 10
666 340 10
666 341 10
666 366 10
666 367 10
666 368 10
666 371 10
666 372 10
666 378 10
666 379 10
666 381 10
666 383 10
666 386 10
666 389 10
666 390 10
666 419 10
666 420 10
666 422 10
666 423 10
666 424 10
666 426 10
666 427 10
666 429 10
666 431 10
666 433 10
666 440 10
666 442 10
666 444 10
666 445 10
666 451 10
666 458 10
666 460 10
666 462 10
666 463 10
666 464 10
666 465 10
666 477 10
666 481 10
666 482 10
666 483 10
666 484 10
666 485 10
666 490 10
666 491 10
666 496 10
666 497 10
666 500 10
666 507 10
666 508 10
666 509 10
666 510 10
666 511 10
666 512 10
666 513 10
666 515 10
666 516 10
666 518 10
666 520 10
666 523 10
666 524 10
666 525 10
666 526 10
666 528 10
666 529 10
666 532 10
666 552 10
666 553 10
666 554 10
666 555 10
666 563 10
666 566 10
666 573 10
666 575 10
666 576 10
666 578 10
666 579 10
666 580 10
666 581 10
666 584 10
666 587 10
666 590 10
666 591 10
666 593 10
666 595 10
666 596 10
666 597 10
666 598 10
666 599 10
666 600 10
666 601 10
666 606 10
666 607 10
666 608 10
666 609 10
666 627 10
666 628 10
666 629 10
666 631 10
666 632 10
666 633 10
666 634 10
666 635 10
666 636 10
666 637 10
666 638 10
666 639 10
666 640 10
666 645 10
666 647 10
666 650 10
666 651 10
666 652 10
666 653 10
666 655 10
666 656 10
666 657 10
666 658 10
666 659 10
666 660 10
666 661 10
666 662 10
666 663 10
666 664 10
666 665 10
666 666 10
666 667 10
666 668 10
666 671 10
666 672 10
666 673 10
666 676 10
666 678 10
666 679 10
666 680 10
666 686 10
666 687 10
666 689 10
666 693 10
666 695 10
666 698 10
666 699 10
666 700 10
666 701 10
666 702 10
666 704 10
666 712 10
666 724 10
666 731 10
666 735 10
666 737 10
666 738 10
666 739 10
666 741 10
666 742 10
666 743 10
666 748 10
666 750 10
666 751 10
667 369 10
667 372 10
667 373 10
667 377 10
667 379 10
667 380 10
667 384 10
667 386 10
667 396 10
667 397 10
667 400 10
667 405 10
667 414 10
667 418 10
667 419 10
667 420 10
667 421 10
667 422 10
667 426 10
667 427 10
667 428 10
667 429 10
667 430 10
667 431 10
667 432 10
667 444 10
667 447 10
667 456 10
667 457 10
667 458 10
667 459 10
667 460 10
667 461 10
667 463 10
667 478 10
667 479 10
667 480 10
667 481 10
667 482 10
667 491 10
667 492 10
667 494 10
667 495 10
667 498 10
667 500 10
667 504 10
667 506 10
667 507 10
667 510 10
667 511 10
667 512 10
667 513 10
667 514 10
667 515 10
667 517 10
667 519 10
667 522 10
667 523 10
667 524 10
667 528 10
667 531 10
667 532 10
667 534 10
667 536 10
667 541 10
667 542 10
667 552 10
667 554 10
667 558 10
667 562 10
667 572 10
667 573 10
667 580 10
667 584 10
667 586 10
667 589 10
667 590 10
667 593 10
667 596 10
667 597 10
667 598 10
667 601 10
667 602 10
667 604 10
667 614 10
667 617 10
667 618 10
667 619 10
667 620 10
667 631 10
667 632 10
667 633 10
667 634 10
667 637 10
667 638 10
667 644 10
667 645 10
667 647 10
667 652 10
667 653 10
667 656 10
667 657 10
667 660 10
667 662 10
667 663 10
667 664 10
667 666 10
667 667 10
667 668 10
667 670 10
667 671 10
667 675 10
667 676 10
667 677 10
667 682 10
667 685 10
667 687 10
667 689 10
667 694 10
667 698 10
667 700 10
667 701 10
667 703 10
667 704 10
667 705 10
667 733 10
667 740 10
667 744 10
667 750 10
668 358 10
668 366 10
668 367 10
668 369 10
668 371 10
668 374 10
668 375 10
668 376 10
668 379 10
668 380 10
668 382 10
668 383 10
668 385 10
668 389 10
668 392 10
668 393 10
668 394 10
668 395 10
668 401 10
668 402 10
668 405 10
668 416 10
668 420 10
668 421 10
668 422 10
668 424 10
668 426 10
668 429 10
668 430 10
668 431 10
668 432 10
668 433 10
668 434 10
668 435 10
668 437 10
668 441 10
668 445 10
668 446 10
668 447 10
668 448 10
668 453 10
668 459 10
668 460 10
668 463 10
668 464 10
668 465 10
668 476 10
668 484 10
668 492 10
668 494 10
668 497 10
668 498 10
668 499 10
668 503 10
668 505 10
668 506 10
668 508 10
668 510 10
668 511 10
668 512 10
668 513 10
668 515 10
668 516 10
668 517 10
668 518 10
668 520 10
668 522 10
668 528 10
668 532 10
668 539 10
668 541 10
668 543 10
668 544 10
668 553 10
668 554 10
668 558 10
668 560 10
668 566 10
668 568 10
668 574 10
668 579 10
668 583 10
668 584 10
668 585 10
668 586 10
668 588 10
668 589 10
668 591 10
668 592 10
668 593 10
668 595 10
668 596 10
668 598 10
668 600 10
668 604 10
668 607 10
668 608 10
668 610 10
668 611 10
668 613 10
668 615 10
668 616 10
668 626 10
668 628 10
668 630 10
668 631 10
668 632 10
668 634 10
668 635 10
668 637 10
668 640 10
668 642 10
668 649 10
668 651 10
668 653 10
668 654 10
668 655 10
668 661 10
668 662 10
668 663 10
668 665 10
668 666 10
668 667 10
668 669 10
668 671 10
668 672 10
668 675 10
668 676 10
668 678 10
668 679 10
668 680 10
668 681 10
668 682 10
668 684 10
668 685 10
668 686 10
668 688 10
668 689 10
668 690 10
668 696 10
668 697 10
668 698 10
668 699 10
668 702 10
668 703 10
668 704 10
668 705 10
668 709 10
668 717 10
668 719 10
668 735 10
668 738 10
668 741 10
668 742 10
668 743 10
668 745 10
669 357 10
669 359 10
669 371 10
669 375 10
669 376 10
669 377 10
669 378 10
669 379 10
669 381 10
669 382 10
669 383 10
669 384 10
669 386 10
669 388 10
669 389 10
669 394 10
669 396 10
669 398 10
669 407 10
669 413 10
669 415 10
669 424 10
669 427 10
669 429 10
669 431 10
669 433 10
669 434 10
669 435 10
669 439 10
669 441 10
669 447 10
669 456 10
669 458 10
669 459 10
669 460 10
669 461 10
669 462 10
669 463 10
669 473 10
669 475 10
669 478 10
669 484 10
669 490 10
669 492 10
669 495 10
669 497 10
669 503 10
669 508 10
669 510 10
669 513 10
669 515 10
669 516 10
669 517 10
669 518 10
669 519 10
669 526 10
669 531 10
669 533 10
669 535 10
669 539 10
669 552 10
669 555 10
669 556 10
669 559 10
669 561 10
669 565 10
669 566 10
669 568 10
669 569 10
669 570 10
669 571 10
669 577 10
669 578 10
669 583 10
669 587 10
669 588 10
669 589 10
669 594 10
669 595 10
669 596 10
669 597 10
669 598 10
669 599 10
669 600 10
669 602 10
669 611 10
669 612 10
669 613 10
669 617 10
669 621 10
669 622 10
669 623 10
669 630 10
669 632 10
669 635 10
669 636 10
669 638 10
669 639 10
669 640 10
669 642 10
669 643 10
669 644 10
669 648 10
669 649 10
669 650 10
669 651 10
669 652 10
669 654 10
669 657 10
669 658 10
669 661 10
669 662 10
669 663 10
669 664 10
669 665 10
669 668 10
669 672 10
669 673 10
669 674 10
669 675 10
669 678 10
669 680 10
669 681 10
669 685 10
669 687 10
669 688 10
669 689 10
669 690 10
669 694 10
669 695 10
669 697 10
669 698 10
669 699 10
669 700 10
669 701 10
669 703 10
669 706 10
669 708 10
669 717 10
669 733 10
669 734 10
669 737 10
669 738 10
669 740 10
669 741 10
669 744 10
670 323 10
670 356 10
670 369 10
670 370 10
670 375 10
670 377 10
670 382 10
670 391 10
670 393 10
670 394 10
670 396 10
670 406 10
670 414 10
670 415 10
670 416 10
670 420 10
670 421 10
670 427 10
670 431 10
670 432 10
670 433 10
670 435 10
670 438 10
670 443 10
670 445 10
670 449 10
670 451 10
670 455 10
670 460 10
670 461 10
670 462 10
670 473 10
670 479 10
670 482 10
670 483 10
670 484 10
670 486 10
670 487 10
670 488 10
670 492 10
670 498 10
670 499 10
670 501 10
670 503 10
670 504 10
670 505 10
670 506 10
670 509 10
670 511 10
670 515 10
670 517 10
670 518 10
670 519 10
670 520 10
670 540 10
670 542 10
670 544 10
670 550 10
670 555 10
670 561 10
670 564 10
670 565 10
670 569 10
670 571 10
670 572 10
670 574 10
670 575 10
670 576 10
670 582 10
670 583 10
670 584 10
670 585 10
670 588 10
670 589 10
670 592 10
670 593 10
670 594 10
670 595 10
670 596 10
670 597 10
670 598 10
670 599 10
670 600 10
670 601 10
670 602 10
670 603 10
670 606 10
670 609 10
670 610 10
670 615 10
670 619 10
670 621 10
670 623 10
670 629 10
670 630 10
670 631 10
670 637 10
670 639 10
670 640 10
670 642 10
670 644 10
670 648 10
670 650 10
670 651 10
670 655 10
670 660 10
670 661 10
670 662 10
670 663 10
670 669 10
670 670 10
670 671 10
670 673 10
670 674 10
670 675 10
670 676 10
670 677 10
670 678 10
670 679 10
670 680 10
670 681 10
670 682 10
670 685 10
670 686 10
670 687 10
670 688 10
670 689 10
670 698 10
670 699 10
670 700 10
670 702 10
670 703 10
670 704 10
670 707 10
670 708 10
670 710 10
670 714 10
670 717 10
670 733 10
670 735 10
670 737 10
670 744 10
671 365 10
671 369 10
671 371 10
671 378 10
671 379 10
671 380 10
671 383 10
671 384 10
671 388 10
671 392 10
671 394 10
671 398 10
671 399 10
671 408 10
671 410 10
671 412 10
671 415 10
671 420 10
671 421 10
671 422 10
671 433 10
671 434 10
671 443 10
671 447 10
671 450 10
671 452 10
671 457 10
671 459 10
671 460 10
671 461 10
671 473 10
671 475 10
671 480 10
671 483 10
671 485 10
671 497 10
671 501 10
671 503 10
671 504 10
671 507 10
671 508 10
671 512 10
671 514 10
671 518 10
671 519 10
671 527 10
671 533 10
671 536 10
671 539 10
671 550 10
671 553 10
671 556 10
671 557 10
671 559 10
671 561 10
671 567 10
671 572 10
671 574 10
671 580 10
671 581 10
671 582 10
671 584 10
671 588 10
671 591 10
671 593 10
671 594 10
671 595 10
671 597 10
671 598 10
671 599 10
671 601 10
671 602 10
671 605 10
671 606 10
671 607 10
671 608 10
671 609 10
671 610 10
671 612 10
671 613 10
671 614 10
671 621 10
671 624 10
671 625 10
671 626 10
671 628 10
671 629 10
671 633 10
671 635 10
671 636 10
671 637 10
671 647 10
671 648 10
671 649 10
671 651 10
671 653 10
671 654 10
671 656 10
671 658 10
671 659 10
671 661 10
671 662 10
671 664 10
671 669 10
671 670 10
671 671 10
671 673 10
671 674 10
671 675 10
671 676 10
671 680 10
671 684 10
671 685 10
671 690 10
671 694 10
671 701 10
671 703 10
671 704 10
671 705 10
671 707 10
671 708 10
671 715 10
671 732 10
671 733 10
671 734 10
671 735 10
671 736 10
671 737 10
671 738 10
671 740 10
671 742 10
671 743 10
671 744 10
672 365 10
672 369 10
672 371 10
672 373 10
672 375 10
672 377 10
672 379 10
672 380 10
672 382 10
672 390 10
672 392 10
672 393 10
672 395 10
672 396 10
672 397 10
672 398 10
672 399 10
672 408 10
672 410 10
672 412 10
672 415 10
672 418 10
672 420 10
672 430 10
672 432 10
672 433 10
672 434 10
672 436 10
672 437 10
672 438 10
672 440 10
672 441 10
672 442 10
672 444 10
672 445 10
672 452 10
672 454 10
672 459 10
672 460 10
672 461 10
672 462 10
672 473 10
672 474 10
672 476 10
672 477 10
672 478 10
672 479 10
672 481 10
672 482 10
672 485 10
672 490 10
672 492 10
672 494 10
672 497 10
672 499 10
672 500 10
672 510 10
672 511 10
672 512 10
672 513 10
672 515 10
672 516 10
672 517 10
672 518 10
672 520 10
672 526 10
672 529 10
672 530 10
672 531 10
672 533 10
672 537 10
672 539 10
672 543 10
672 549 10
672 553 10
672 562 10
672 563 10
672 572 10
672 574 10
672 577 10
672 583 10
672 585 10
672 592 10
672 593 10
672 594 10
672 595 10
672 597 10
672 598 10
672 599 10
672 600 10
672 602 10
672 603 10
672 604 10
672 606 10
672 607 10
672 610 10
672 616 10
672 619 10
672 621 10
672 623 10
672 626 10
672 629 10
672 631 10
672 632 10
672 633 10
672 634 10
672 640 10
672 642 10
672 643 10
672 649 10
672 652 10
672 653 10
672 654 10
672 655 10
672 660 10
672 661 10
672 662 10
672 666 10
672 668 10
672 672 10
672 673 10
672 674 10
672 675 10
672 688 10
672 689 10
672 699 10
672 700 10
672 702 10
672 703 10
672 706 10
672 707 10
672 710 10
672 715 10
672 732 10
672 734 10
672 739 10
672 740 10
673 371 10
673 375 10
673 377 10
673 380 10
673 381 10
673 382 10
673 385 10
673 391 10
673 394 10
673 395 10
673 396 10
673 397 10
673 398 10
673 399 10
673 400 10
673 405 10
673 407 10
673 408 10
673 410 10
673 413 10
673 415 10
673 433 10
673 439 10
673 441 10
673 442 10
673 444 10
673 452 10
673 453 10
673 454 10
673 456 10
673 457 10
673 459 10
673 463 10
673 473 10
673 474 10
673 476 10
673 485 10
673 488 10
673 490 10
673 497 10
673 501 10
673 512 10
673 514 10
673 515 10
673 516 10
673 518 10
673 528 10
673 531 10
673 539 10
673 551 10
673 552 10
673 559 10
673 561 10
673 563 10
673 564 10
673 567 10
673 570 10
673 571 10
673 574 10
673 576 10
673 577 10
673 579 10
673 580 10
673 582 10
673 583 10
673 590 10
673 591 10
673 592 10
673 593 10
673 596 10
673 597 10
673 598 10
673 599 10
673 600 10
673 601 10
673 602 10
673 604 10
673 605 10
673 607 10
673 608 10
673 609 10
673 615 10
673 619 10
673 621 10
673 622 10
673 625 10
673 627 10
673 628 10
673 638 10
673 640 10
673 642 10
673 645 10
673 647 10
673 649 10
673 650 10
673 652 10
673 653 10
673 656 10
673 657 10
673 658 10
673 659 10
673 660 10
673 662 10
673 663 10
673 667 10
673 674 10
673 675 10
673 676 10
673 677 10
673 679 10
673 680 10
673 682 10
673 685 10
673 686 10
673 690 10
673 692 10
673 700 10
673 701 10
673 702 10
673 705 10
673 706 10
673 707 10
673 708 10
673 713 10
673 733 10
673 734 10
673 735 10
673 736 10
673 737 10
673 738 10
673 740 10
673 741 10
673 744 10
673 748 10
674 367 10
674 375 10
674 377 10
674 379 10
674 380 10
674 381 10
674 389 10
674 390 10
674 391 10
674 392 10
674 397 10
674 398 10
674 399 10
674 400 10
674 403 10
674 405 10
674 407 10
674 410 10
674 411 10
674 412 10
674 422 10
674 429 10
674 431 10
674 433 10
674 434 10
674 438 10
674 439 10
674 440 10
674 443 10
674 447 10
674 449 10
674 450 10
674 453 10
674 454 10
674 463 10
674 473 10
674 474 10
674 475 10
674 476 10
674 477 10
674 478 10
674 479 10
674 481 10
674 483 10
674 485 10
674 486 10
674 488 10
674 489 10
674 491 10
674 496 10
674 500 10
674 502 10
674 504 10
674 506 10
674 507 10
674 509 10
674 510 10
674 511 10
674 512 10
674 513 10
674 514 10
674 520 10
674 526 10
674 528 10
674 530 10
674 531 10
674 533 10
674 538 10
674 539 10
674 540 10
674 543 10
674 544 10
674 545 10
674 547 10
674 550 10
674 554 10
674 563 10
674 564 10
674 565 10
674 575 10
674 578 10
674 579 10
674 580 10
674 581 10
674 582 10
674 584 10
674 590 10
674 592 10
674 595 10
674 596 10
674 598 10
674 599 10
674 600 10
674 601 10
674 602 10
674 603 10
674 605 10
674 606 10
674 607 10
674 608 10
674 609 10
674 613 10
674 618 10
674 622 10
674 624 10
674 625 10
674 626 10
674 630 10
674 632 10
674 633 10
674 635 10
674 638 10
674 640 10
674 641 10
674 645 10
674 648 10
674 649 10
674 650 10
674 652 10
674 653 10
674 654 10
674 655 10
674 656 10
674 658 10
674 659 10
674 660 10
674 661 10
674 662 10
674 668 10
674 673 10
674 675 10
674 677 10
674 678 10
674 679 10
674 682 10
674 685 10
674 687 10
674 688 10
674 699 10
674 704 10
674 706 10
674 709 10
674 714 10
674 715 10
674 739 10
674 741 10
674 742 10
675 365 10
675 366 10
675 369 10
675 375 10
675 376 10
675 379 10
675 380 10
675 381 10
675 382 10
675 384 10
675 387 10
675 389 10
675 391 10
675 392 10
675 394 10
675 395 10
675 396 10
675 398 10
675 399 10
675 402 10
675 404 10
675 405 10
675 411 10
675 413 10
675 418 10
675 419 10
675 422 10
675 423 10
675 434 10
675 435 10
675 436 10
675 440 10
675 442 10
675 443 10
675 444 10
675 447 10
675 448 10
675 452 10
675 453 10
675 454 10
675 456 10
675 463 10
675 464 10
675 486 10
675 497 10
675 503 10
675 504 10
675 508 10
675 510 10
675 511 10
675 512 10
675 513 10
675 520 10
675 521 10
675 523 10
675 524 10
675 525 10
675 526 10
675 528 10
675 529 10
675 532 10
675 533 10
675 535 10
675 539 10
675 543 10
675 544 10
675 546 10
675 552 10
675 557 10
675 559 10
675 562 10
675 563 10
675 564 10
675 565 10
675 567 10
675 572 10
675 573 10
675 575 10
675 576 10
675 577 10
675 578 10
675 580 10
675 581 10
675 582 10
675 583 10
675 585 10
675 589 10
675 594 10
675 595 10
675 596 10
675 597 10
675 599 10
675 600 10
675 601 10
675 602 10
675 603 10
675 604 10
675 605 10
675 606 10
675 607 10
675 610 10
675 615 10
675 617 10
675 620 10
675 621 10
675 623 10
675 624 10
675 625 10
675 626 10
675 627 10
675 629 10
675 633 10
675 634 10
675 639 10
675 641 10
675 643 10
675 644 10
675 647 10
675 649 10
675 651 10
675 653 10
675 660 10
675 661 10
675 663 10
675 665 10
675 667 10
675 668 10
675 678 10
675 679 10
675 685 10
675 699 10
675 701 10
675 706 10
675 707 10
675 711 10
675 712 10
675 713 10
675 715 10
675 735 10
675 736 10
675 739 10
675 740 10
675 741 10
675 742 10
675 743 10
675 745 10
676 377 10
676 378 10
676 379 10
676 380 10
676 381 10
676 382 10
676 384 10
676 385 10
676 387 10
676 390 10
676 391 10
676 392 10
676 394 10
676 395 10
676 396 10
676 397 10
676 398 10
676 399 10
676 402 10
676 404 10
676 406 10
676 408 10
676 410 10
676 413 10
676 415 10
676 416 10
676 420 10
676 426 10
676 430 10
676 431 10
676 433 10
676 436 10
676 439 10
676 442 10
676 444 10
676 445 10
676 448 10
676 451 10
676 452 10
676 454 10
676 455 10
676 473 10
676 476 10
676 479 10
676 484 10
676 485 10
676 488 10
676 489 10
676 490 10
676 491 10
676 502 10
676 505 10
676 510 10
676 513 10
676 514 10
676 515 10
676 516 10
676 518 10
676 519 10
676 524 10
676 525 10
676 526 10
676 527 10
676 528 10
676 531 10
676 536 10
676 539 10
676 540 10
676 541 10
676 542 10
676 544 10
676 556 10
676 557 10
676 560 10
676 561 10
676 570 10
676 573 10
676 574 10
676 575 10
676 576 10
676 577 10
676 578 10
676 579 10
676 580 10
676 583 10
676 587 10
676 588 10
676 590 10
676 591 10
676 593 10
676 595 10
676 596 10
676 597 10
676 599 10
676 600 10
676 602 10
676 603 10
676 606 10
676 609 10
676 618 10
676 620 10
676 623 10
676 626 10
676 627 10
676 629 10
676 632 10
676 636 10
676 639 10
676 641 10
676 644 10
676 646 10
676 650 10
676 652 10
676 654 10
676 655 10
676 656 10
676 657 10
676 658 10
676 659 10
676 661 10
676 662 10
676 663 10
676 670 10
676 679 10
676 683 10
676 684 10
676 687 10
676 689 10
676 701 10
676 705 10
676 708 10
676 709 10
676 712 10
676 713 10
676 716 10
676 740 10
676 743 10
677 378 10
677 379 10
677 381 10
677 385 10
677 386 10
677 387 10
677 388 10
677 390 10
677 391 10
677 394 10
677 395 10
677 397 10
677 398 10
677 399 10
677 400 10
677 407 10
677 408 10
677 414 10
677 418 10
677 419 10
677 424 10
677 427 10
677 429 10
677 431 10
677 436 10
677 442 10
677 443 10
677 444 10
677 446 10
677 451 10
677 452 10
677 463 10
677 478 10
677 479 10
677 480 10
677 481 10
677 485 10
677 488 10
677 491 10
677 492 10
677 494 10
677 503 10
677 507 10
677 509 10
677 511 10
677 512 10
677 513 10
677 521 10
677 522 10
677 525 10
677 526 10
677 527 10
677 528 10
677 529 10
677 531 10
677 534 10
677 535 10
677 542 10
677 543 10
677 544 10
677 545 10
677 547 10
677 548 10
677 549 10
677 557 10
677 558 10
677 563 10
677 572 10
677 573 10
677 576 10
677 577 10
677 580 10
677 585 10
677 587 10
677 588 10
677 598 10
677 599 10
677 601 10
677 602 10
677 603 10
677 604 10
677 607 10
677 621 10
677 624 10
677 626 10
677 627 10
677 630 10
677 633 10
677 642 10
677 643 10
677 646 10
677 648 10
677 659 10
677 661 10
677 662 10
677 666 10
677 667 10
677 669 10
677 674 10
677 676 10
677 677 10
677 679 10
677 680 10
677 684 10
677 690 10
677 700 10
677 701 10
677 710 10
677 712 10
677 715 10
677 719 10
677 727 10
677 738 10
677 741 10
677 743 10
677 745 10
678 368 10
678 370 10
678 378 10
678 381 10
678 382 10
678 383 10
678 385 10
678 388 10
678 389 10
678 391 10
678 392 10
678 393 10
678 395 10
678 396 10
678 398 10
678 399 10
678 400 10
678 401 10
678 402 10
678 405 10
678 411 10
678 413 10
678 414 10
678 415 10
678 419 10
678 424 10
678 429 10
678 431 10
678 433 10
678 434 10
678 459 10
678 475 10
678 478 10
678 488 10
678 493 10
678 495 10
678 502 10
678 506 10
678 510 10
678 512 10
678 514 10
678 517 10
678 519 10
678 521 10
678 523 10
678 524 10
678 525 10
678 526 10
678 527 10
678 528 10
678 530 10
678 531 10
678 533 10
678 541 10
678 542 10
678 543 10
678 544 10
678 546 10
678 549 10
678 550 10
678 551 10
678 555 10
678 560 10
678 562 10
678 568 10
678 570 10
678 571 10
678 572 10
678 573 10
678 574 10
678 575 10
678 577 10
678 578 10
678 579 10
678 580 10
678 581 10
678 582 10
678 584 10
678 590 10
678 592 10
678 596 10
678 599 10
678 600 10
678 601 10
678 602 10
678 603 10
678 604 10
678 606 10
678 608 10
678 609 10
678 614 10
678 616 10
678 619 10
678 620 10
678 622 10
678 625 10
678 626 10
678 628 10
678 630 10
678 631 10
678 632 10
678 633 10
678 634 10
678 637 10
678 644 10
678 646 10
678 652 10
678 654 10
678 655 10
678 657 10
678 658 10
678 659 10
678 660 10
678 661 10
678 663 10
678 664 10
678 665 10
678 666 10
678 676 10
678 677 10
678 689 10
678 690 10
678 691 10
678 692 10
678 703 10
678 711 10
678 712 10
678 718 10
678 739 10
678 740 10
678 742 10
678 743 10
679 368 10
679 374 10
679 376 10
679 383 10
679 384 10
679 385 10
679 387 10
679 389 10
679 390 10
679 394 10
679 396 10
679 397 10
679 398 10
679 399 10
679 400 10
679 401 10
679 402 10
679 406 10
679 407 10
679 409 10
679 410 10
679 415 10
679 417 10
679 422 10
679 424 10
679 425 10
679 428 10
679 430 10
679 433 10
679 441 10
679 443 10
679 444 10
679 446 10
679 450 10
679 463 10
679 464 10
679 470 10
679 474 10
679 478 10
679 482 10
679 505 10
679 508 10
679 509 10
679 510 10
679 512 10
679 513 10
679 514 10
679 520 10
679 521 10
679 523 10
679 524 10
679 527 10
679 528 10
679 530 10
679 533 10
679 535 10
679 536 10
679 540 10
679 541 10
679 542 10
679 543 10
679 544 10
679 545 10
679 546 10
679 547 10
679 548 10
679 553 10
679 557 10
679 558 10
679 561 10
679 562 10
679 567 10
679 569 10
679 570 10
679 572 10
679 573 10
679 574 10
679 577 10
679 579 10
679 584 10
679 587 10
679 592 10
679 595 10
679 597 10
679 598 10
679 600 10
679 601 10
679 603 10
679 606 10
679 607 10
679 618 10
679 620 10
679 621 10
679 623 10
679 626 10
679 627 10
679 629 10
679 643 10
679 653 10
679 656 10
679 658 10
679 660 10
679 661 10
679 662 10
679 663 10
679 666 10
679 667 10
679 676 10
679 679 10
679 687 10
679 691 10
679 693 10
679 698 10
679 699 10
679 711 10
679 719 10
679 726 10
679 737 10
679 744 10
679 746 10
680 366 10
680 381 10
680 384 10
680 385 10
680 386 10
680 389 10
680 391 10
680 393 10
680 397 10
680 398 10
680 405 10
680 411 10
680 413 10
680 416 10
680 417 10
680 423 10
680 427 10
680 431 10
680 440 10
680 444 10
680 451 10
680 452 10
680 455 10
680 456 10
680 461 10
680 471 10
680 473 10
680 474 10
680 475 10
680 481 10
680 482 10
680 483 10
680 484 10
680 493 10
680 495 10
680 504 10
680 507 10
680 509 10
680 510 10
680 513 10
680 515 10
680 516 10
680 518 10
680 521 10
680 526 10
680 531 10
680 532 10
680 533 10
680 534 10
680 535 10
680 536 10
680 539 10
680 543 10
680 544 10
680 545 10
680 547 10
680 548 10
680 550 10
680 552 10
680 560 10
680 562 10
680 567 10
680 569 10
680 570 10
680 571 10
680 574 10
680 575 10
680 576 10
680 580 10
680 582 10
680 592 10
680 593 10
680 594 10
680 595 10
680 597 10
680 599 10
680 603 10
680 604 10
680 605 10
680 609 10
680 612 10
680 614 10
680 616 10
680 617 10
680 619 10
680 620 10
680 621 10
680 622 10
680 623 10
680 625 10
680 626 10
680 627 10
680 629 10
680 632 10
680 635 10
680 636 10
680 640 10
680 644 10
680 645 10
680 646 10
680 647 10
680 650 10
680 655 10
680 657 10
680 659 10
680 661 10
680 662 10
680 663 10
680 665 10
680 666 10
680 674 10
680 678 10
680 679 10
680 689 10
680 693 10
680 701 10
680 707 10
680 710 10
680 725 10
680 726 10
680 727 10
680 728 10
680 737 10
680 741 10
680 745 10
681 364 10
681 365 10
681 372 10
681 373 10
681 379 10
681 385 10
681 386 10
681 387 10
681 389 10
681 392 10
681 394 10
681 396 10
681 397 10
681 398 10
681 399 10
681 402 10
681 405 10
681 406 10
681 407 10
681 409 10
681 410 10
681 412 10
681 416 10
681 421 10
681 424 10
681 425 10
681 427 10
681 429 10
681 430 10
681 431 10
681 436 10
681 437 10
681 439 10
681 441 10
681 444 10
681 445 10
681 446 10
681 452 10
681 455 10
681 460 10
681 461 10
681 479 10
681 480 10
681 481 10
681 483 10
681 484 10
681 485 10
681 486 10
681 503 10
681 504 10
681 506 10
681 509 10
681 510 10
681 513 10
681 515 10
681 516 10
681 517 10
681 518 10
681 519 10
681 520 10
681 521 10
681 522 10
681 523 10
681 526 10
681 528 10
681 531 10
681 533 10
681 534 10
681 537 10
681 538 10
681 541 10
681 542 10
681 544 10
681 545 10
681 549 10
681 550 10
681 552 10
681 559 10
681 561 10
681 562 10
681 563 10
681 564 10
681 567 10
681 568 10
681 569 10
681 570 10
681 571 10
681 572 10
681 573 10
681 576 10
681 577 10
681 578 10
681 580 10
681 581 10
681 582 10
681 583 10
681 589 10
681 593 10
681 594 10
681 595 10
681 596 10
681 597 10
681 598 10
681 602 10
681 603 10
681 604 10
681 617 10
681 618 10
681 619 10
681 620 10
681 622 10
681 623 10
681 625 10
681 626 10
681 631 10
681 633 10
681 635 10
681 636 10
681 643 10
681 645 10
681 648 10
681 649 10
681 652 10
681 656 10
681 657 10
681 658 10
681 659 10
681 662 10
681 663 10
681 667 10
681 675 10
681 678 10
681 679 10
681 681 10
681 690 10
681 691 10
681 692 10
681 693 10
681 707 10
681 710 10
681 714 10
681 715 10
681 722 10
681 726 10
681 729 10
681 730 10
681 733 10
681 734 10
681 736 10
681 737 10
681 741 10
681 743 10
681 746 10
682 374 10
682 376 10
682 381 10
682 383 10
682 384 10
682 385 10
682 388 10
682 389 10
682 391 10
682 392 10
682 393 10
682 395 10
682 397 10
682 398 10
682 400 10
682 406 10
682 409 10
682 410 10
682 411 10
682 412 10
682 422 10
682 425 10
682 426 10
682 436 10
682 439 10
682 441 10
682 442 10
682 444 10
682 445 10
682 446 10
682 447 10
682 449 10
682 457 10
682 463 10
682 471 10
682 482 10
682 486 10
682 487 10
682 492 10
682 494 10
682 501 10
682 502 10
682 504 10
682 506 10
682 509 10
682 510 10
682 511 10
682 512 10
682 513 10
682 514 10
682 516 10
682 518 10
682 520 10
682 526 10
682 528 10
682 529 10
682 531 10
682 532 10
682 534 10
682 536 10
682 538 10
682 540 10
682 543 10
682 544 10
682 546 10
682 547 10
682 548 10
682 552 10
682 559 10
682 560 10
682 562 10
682 563 10
682 564 10
682 573 10
682 574 10
682 575 10
682 579 10
682 581 10
682 583 10
682 586 10
682 593 10
682 595 10
682 596 10
682 598 10
682 599 10
682 603 10
682 605 10
682 606 10
682 613 10
682 615 10
682 616 10
682 619 10
682 620 10
682 621 10
682 623 10
682 624 10
682 626 10
682 630 10
682 631 10
682 634 10
682 635 10
682 637 10
682 638 10
682 642 10
682 645 10
682 647 10
682 649 10
682 650 10
682 654 10
682 655 10
682 656 10
682 657 10
682 658 10
682 659 10
682 660 10
682 662 10
682 663 10
682 665 10
682 666 10
682 668 10
682 670 10
682 671 10
682 689 10
682 698 10
682 699 10
682 709 10
682 715 10
682 717 10
682 738 10
682 744 10
683 371 10
683 379 10
683 381 10
683 382 10
683 383 10
683 384 10
683 385 10
683 386 10
683 387 10
683 390 10
683 391 10
683 393 10
683 395 10
683 396 10
683 399 10
683 407 10
683 408 10
683 410 10
683 411 10
683 413 10
683 420 10
683 423 10
683 424 10
683 427 10
683 428 10
683 430 10
683 436 10
683 438 10
683 441 10
683 442 10
683 443 10
683 444 10
683 446 10
683 448 10
683 452 10
683 453 10
683 455 10
683 456 10
683 462 10
683 463 10
683 464 10
683 465 10
683 466 10
683 474 10
683 479 10
683 481 10
683 483 10
683 484 10
683 485 10
683 486 10
683 487 10
683 501 10
683 504 10
683 506 10
683 508 10
683 509 10
683 510 10
683 512 10
683 513 10
683 515 10
683 516 10
683 517 10
683 518 10
683 522 10
683 524 10
683 525 10
683 530 10
683 533 10
683 535 10
683 538 10
683 541 10
683 542 10
683 543 10
683 544 10
683 545 10
683 549 10
683 550 10
683 551 10
683 552 10
683 557 10
683 558 10
683 559 10
683 560 10
683 562 10
683 570 10
683 572 10
683 575 10
683 576 10
683 577 10
683 578 10
683 580 10
683 581 10
683 583 10
683 584 10
683 592 10
683 594 10
683 597 10
683 599 10
683 601 10
683 603 10
683 605 10
683 608 10
683 609 10
683 615 10
683 617 10
683 618 10
683 619 10
683 621 10
683 622 10
683 625 10
683 629 10
683 632 10
683 633 10
683 634 10
683 637 10
683 640 10
683 647 10
683 648 10
683 650 10
683 652 10
683 654 10
683 655 10
683 656 10
683 657 10
683 659 10
683 661 10
683 663 10
683 678 10
683 679 10
683 680 10
683 682 10
683 683 10
683 689 10
683 702 10
683 708 10
683 710 10
683 712 10
683 713 10
683 732 10
683 734 10
683 747 10
684 370 10
684 373 10
684 374 10
684 381 10
684 384 10
684 386 10
684 387 10
684 388 10
684 392 10
684 394 10
684 395 10
684 403 10
684 407 10
684 409 10
684 410 10
684 412 10
684 416 10
684 418 10
684 420 10
684 426 10
684 427 10
684 428 10
684 431 10
684 432 10
684 435 10
684 437 10
684 439 10
684 440 10
684 443 10
684 444 10
684 445 10
684 447 10
684 454 10
684 456 10
684 476 10
684 480 10
684 482 10
684 483 10
684 485 10
684 489 10
684 490 10
684 503 10
684 505 10
684 507 10
684 512 10
684 513 10
684 515 10
684 517 10
684 518 10
684 519 10
684 520 10
684 521 10
684 525 10
684 527 10
684 528 10
684 530 10
684 531 10
684 535 10
684 536 10
684 537 10
684 541 10
684 542 10
684 543 10
684 545 10
684 547 10
684 548 10
684 549 10
684 550 10
684 553 10
684 558 10
684 561 10
684 563 10
684 565 10
684 567 10
684 570 10
684 572 10
684 574 10
684 580 10
684 584 10
684 592 10
684 596 10
684 607 10
684 608 10
684 613 10
684 616 10
684 617 10
684 618 10
684 619 10
684 620 10
684 621 10
684 622 10
684 624 10
684 626 10
684 627 10
684 629 10
684 630 10
684 631 10
684 634 10
684 646 10
684 647 10
684 649 10
684 654 10
684 657 10
684 658 10
684 667 10
684 669 10
684 673 10
684 677 10
684 682 10
684 683 10
684 685 10
684 689 10
684 690 10
684 702 10
684 705 10
684 706 10
684 729 10
684 730 10
684 737 10
684 739 10
684 743 10
684 744 10
684 745 10
685 370 10
685 381 10
685 388 10
685 390 10
685 391 10
685 394 10
685 405 10
685 406 10
685 410 10
685 411 10
685 412 10
685 418 10
685 422 10
685 424 10
685 429 10
685 433 10
685 434 10
685 435 10
685 436 10
685 438 10
685 439 10
685 440 10
685 441 10
685 447 10
685 459 10
685 461 10
685 462 10
685 467 10
685 474 10
685 476 10
685 477 10
685 479 10
685 480 10
685 485 10
685 486 10
685 492 10
685 501 10
685 503 10
685 505 10
685 509 10
685 512 10
685 513 10
685 514 10
685 516 10
685 517 10
685 518 10
685 519 10
685 520 10
685 521 10
685 522 10
685 524 10
685 527 10
685 530 10
685 534 10
685 537 10
685 539 10
685 544 10
685 545 10
685 546 10
685 547 10
685 562 10
685 564 10
685 570 10
685 574 10
685 575 10
685 577 10
685 582 10
685 583 10
685 585 10
685 586 10
685 592 10
685 595 10
685 597 10
685 598 10
685 600 10
685 601 10
685 604 10
685 606 10
685 608 10
685 613 10
685 614 10
685 615 10
685 617 10
685 618 10
685 619 10
685 620 10
685 621 10
685 622 10
685 623 10
685 624 10
685 630 10
685 632 10
685 635 10
685 648 10
685 649 10
685 650 10
685 653 10
685 654 10
685 655 10
685 657 10
685 658 10
685 668 10
685 670 10
685 672 10
685 673 10
685 677 10
685 678 10
685 679 10
685 680 10
685 683 10
685 687 10
685 694 10
685 699 10
685 700 10
685 702 10
685 705 10
685 707 10
685 708 10
685 728 10
685 731 10
685 742 10
685 745 10
685 746 10
686 369 10
686 371 10
686 379 10
686 386 10
686 389 10
686 391 10
686 392 10
686 400 10
686 403 10
686 409 10
686 412 10
686 415 10
686 416 10
686 418 10
686 421 10
686 422 10
686 423 10
686 424 10
686 426 10
686 430 10
686 431 10
686 438 10
686 441 10
686 442 10
686 443 10
686 446 10
686 451 10
686 452 10
686 454 10
686 456 10
686 457 10
686 458 10
686 464 10
686 465 10
686 469 10
686 476 10
686 479 10
686 482 10
686 483 10
686 484 10
686 490 10
686 498 10
686 499 10
686 500 10
686 507 10
686 509 10
686 510 10
686 511 10
686 513 10
686 516 10
686 518 10
686 523 10
686 530 10
686 540 10
686 542 10
686 544 10
686 545 10
686 556 10
686 557 10
686 558 10
686 560 10
686 561 10
686 570 10
686 574 10
686 575 10
686 576 10
686 577 10
686 582 10
686 583 10
686 585 10
686 588 10
686 589 10
686 593 10
686 613 10
686 616 10
686 617 10
686 618 10
686 620 10
686 621 10
686 622 10
686 623 10
686 625 10
686 627 10
686 630 10
686 632 10
686 642 10
686 645 10
686 649 10
686 650 10
686 651 10
686 655 10
686 656 10
686 658 10
686 659 10
686 661 10
686 664 10
686 667 10
686 670 10
686 677 10
686 678 10
686 679 10
686 680 10
686 681 10
686 682 10
686 685 10
686 688 10
686 689 10
686 690 10
686 691 10
686 692 10
686 693 10
686 694 10
686 699 10
686 701 10
686 704 10
686 707 10
686 729 10
686 731 10
686 736 10
686 739 10
686 740 10
686 742 10
686 743 10
686 745 10
687 382 10
687 388 10
687 400 10
687 408 10
687 412 10
687 415 10
687 424 10
687 425 10
687 429 10
687 439 10
687 440 10
687 443 10
687 445 10
687 447 10
687 449 10
687 455 10
687 456 10
687 457 10
687 459 10
687 460 10
687 461 10
687 462 10
687 463 10
687 469 10
687 471 10
687 477 10
687 478 10
687 479 10
687 480 10
687 484 10
687 493 10
687 500 10
687 501 10
687 502 10
687 503 10
687 506 10
687 507 10
687 508 10
687 509 10
687 510 10
687 511 10
687 512 10
687 514 10
687 515 10
687 516 10
687 517 10
687 518 10
687 519 10
687 520 10
687 521 10
687 522 10
687 526 10
687 530 10
687 533 10
687 541 10
687 542 10
687 543 10
687 546 10
687 548 10
687 550 10
687 551 10
687 560 10
687 562 10
687 574 10
687 578 10
687 579 10
687 581 10
687 584 10
687 585 10
687 588 10
687 592 10
687 594 10
687 595 10
687 597 10
687 598 10
687 599 10
687 601 10
687 602 10
687 609 10
687 610 10
687 611 10
687 613 10
687 614 10
687 616 10
687 617 10
687 618 10
687 619 10
687 620 10
687 621 10
687 622 10
687 623 10
687 624 10
687 627 10
687 629 10
687 630 10
687 632 10
687 643 10
687 644 10
687 645 10
687 649 10
687 652 10
687 653 10
687 654 10
687 656 10
687 657 10
687 658 10
687 659 10
687 660 10
687 666 10
687 668 10
687 669 10
687 677 10
687 678 10
687 679 10
687 680 10
687 684 10
687 686 10
687 687 10
687 688 10
687 690 10
687 691 10
687 693 10
687 695 10
687 702 10
687 703 10
687 704 10
687 705 10
687 706 10
687 708 10
687 729 10
687 731 10
687 732 10
687 739 10
687 740 10
687 743 10
688 378 10
688 387 10
688 388 10
688 389 10
688 392 10
688 395 10
688 405 10
688 410 10
688 420 10
688 422 10
688 423 10
688 424 10
688 439 10
688 440 10
688 441 10
688 442 10
688 445 10
688 446 10
688 447 10
688 454 10
688 455 10
688 461 10
688 463 10
688 464 10
688 478 10
688 479 10
688 480 10
688 481 10
688 482 10
688 485 10
688 486 10
688 487 10
688 499 10
688 500 10
688 503 10
688 504 10
688 506 10
688 507 10
688 508 10
688 509 10
688 510 10
688 511 10
688 512 10
688 513 10
688 515 10
688 517 10
688 518 10
688 519 10
688 520 10
688 523 10
688 524 10
688 527 10
688 531 10
688 533 10
688 539 10
688 540 10
688 544 10
688 546 10
688 547 10
688 549 10
688 559 10
688 560 10
688 562 10
688 572 10
688 574 10
688 577 10
688 578 10
688 579 10
688 582 10
688 583 10
688 584 10
688 585 10
688 586 10
688 587 10
688 588 10
688 592 10
688 593 10
688 594 10
688 597 10
688 599 10
688 601 10
688 604 10
688 613 10
688 614 10
688 615 10
688 617 10
688 621 10
688 622 10
688 623 10
688 624 10
688 625 10
688 627 10
688 632 10
688 633 10
688 646 10
688 648 10
688 660 10
688 663 10
688 665 10
688 668 10
688 669 10
688 675 10
688 676 10
688 678 10
688 679 10
688 680 10
688 681 10
688 682 10
688 685 10
688 691 10
688 702 10
688 703 10
688 704 10
688 705 10
688 728 10
688 731 10
688 738 10
688 739 10
688 740 10
688 744 10
689 385 10
689 387 10
689 388 10
689 390 10
689 391 10
689 392 10
689 393 10
689 394 10
689 403 10
689 404 10
689 410 10
689 418 10
689 427 10
689 441 10
689 442 10
689 443 10
689 444 10
689 445 10
689 447 10
689 453 10
689 455 10
689 456 10
689 465 10
689 466 10
689 469 10
689 471 10
689 472 10
689 475 10
689 476 10
689 477 10
689 478 10
689 481 10
689 482 10
689 484 10
689 485 10
689 487 10
689 501 10
689 504 10
689 505 10
689 507 10
689 509 10
689 510 10
689 511 10
689 513 10
689 515 10
689 516 10
689 517 10
689 518 10
689 519 10
689 521 10
689 522 10
689 524 10
689 526 10
689 528 10
689 532 10
689 534 10
689 539 10
689 544 10
689 545 10
689 547 10
689 553 10
689 556 10
689 572 10
689 574 10
689 575 10
689 576 10
689 579 10
689 580 10
689 586 10
689 587 10
689 590 10
689 595 10
689 599 10
689 602 10
689 603 10
689 604 10
689 611 10
689 613 10
689 616 10
689 618 10
689 619 10
689 621 10
689 622 10
689 623 10
689 627 10
689 629 10
689 631 10
689 632 10
689 634 10
689 643 10
689 644 10
689 645 10
689 652 10
689 656 10
689 657 10
689 658 10
689 659 10
689 662 10
689 663 10
689 675 10
689 676 10
689 677 10
689 678 10
689 680 10
689 681 10
689 682 10
689 683 10
689 689 10
689 692 10
689 695 10
689 696 10
689 701 10
689 703 10
689 705 10
689 707 10
689 711 10
690 386 10
690 388 10
690 389 10
690 390 10
690 391 10
690 393 10
690 394 10
690 395 10
690 399 10
690 401 10
690 405 10
690 406 10
690 408 10
690 411 10
690 417 10
690 422 10
690 423 10
690 441 10
690 442 10
690 443 10
690 444 10
690 445 10
690 446 10
690 447 10
690 452 10
690 456 10
690 459 10
690 460 10
690 462 10
690 467 10
690 468 10
690 470 10
690 471 10
690 472 10
690 473 10
690 474 10
690 477 10
690 478 10
690 479 10
690 480 10
690 482 10
690 483 10
690 486 10
690 487 10
690 488 10
690 499 10
690 501 10
690 502 10
690 503 10
690 504 10
690 505 10
690 507 10
690 509 10
690 510 10
690 511 10
690 514 10
690 515 10
690 516 10
690 517 10
690 518 10
690 519 10
690 520 10
690 521 10
690 522 10
690 523 10
690 525 10
690 526 10
690 527 10
690 528 10
690 529 10
690 536 10
690 542 10
690 543 10
690 545 10
690 548 10
690 549 10
690 550 10
690 551 10
690 556 10
690 559 10
690 571 10
690 572 10
690 574 10
690 576 10
690 577 10
690 579 10
690 580 10
690 581 10
690 582 10
690 583 10
690 584 10
690 586 10
690 588 10
690 589 10
690 591 10
690 592 10
690 593 10
690 597 10
690 598 10
690 599 10
690 600 10
690 603 10
690 610 10
690 614 10
690 618 10
690 619 10
690 622 10
690 623 10
690 624 10
690 626 10
690 629 10
690 631 10
690 634 10
690 635 10
690 642 10
690 645 10
690 652 10
690 655 10
690 661 10
690 664 10
690 666 10
690 673 10
690 675 10
690 679 10
690 680 10
690 681 10
690 683 10
690 685 10
690 690 10
690 693 10
690 698 10
690 702 10
690 707 10
690 711 10
690 712 10
690 736 10
690 739 10
690 740 10
691 387 10
691 388 10
691 389 10
691 392 10
691 393 10
691 405 10
691 407 10
691 414 10
691 420 10
691 422 10
691 429 10
691 442 10
691 445 10
691 447 10
691 448 10
691 452 10
691 453 10
691 466 10
691 468 10
691 470 10
691 471 10
691 472 10
691 475 10
691 476 10
691 479 10
691 480 10
691 484 10
691 490 10
691 501 10
691 502 10
691 503 10
691 506 10
691 507 10
691 508 10
691 510 10
691 515 10
691 516 10
691 517 10
691 518 10
691 520 10
691 521 10
691 522 10
691 524 10
691 527 10
691 528 10
691 536 10
691 537 10
691 538 10
691 539 10
691 540 10
691 541 10
691 543 10
691 545 10
691 546 10
691 548 10
691 551 10
691 552 10
691 554 10
691 555 10
691 574 10
691 577 10
691 578 10
691 581 10
691 584 10
691 586 10
691 592 10
691 593 10
691 594 10
691 600 10
691 601 10
691 603 10
691 611 10
691 617 10
691 618 10
691 621 10
691 622 10
691 623 10
691 624 10
691 625 10
691 628 10
691 629 10
691 631 10
691 632 10
691 635 10
691 637 10
691 638 10
691 641 10
691 642 10
691 644 10
691 649 10
691 650 10
691 652 10
691 659 10
691 660 10
691 661 10
691 668 10
691 673 10
691 677 10
691 682 10
691 684 10
691 689 10
691 691 10
691 692 10
691 693 10
691 694 10
691 698 10
691 702 10
691 703 10
691 706 10
691 707 10
691 708 10
691 712 10
691 713 10
692 388 10
692 389 10
692 390 10
692 391 10
692 392 10
692 394 10
692 399 10
692 401 10
692 407 10
692 409 10
692 413 10
692 414 10
692 415 10
692 416 10
692 417 10
692 418 10
692 419 10
692 420 10
692 423 10
692 425 10
692 427 10
692 431 10
692 440 10
692 442 10
692 443 10
692 444 10
692 445 10
692 449 10
692 455 10
692 459 10
692 460 10
692 466 10
692 467 10
692 468 10
692 469 10
692 470 10
692 471 10
692 472 10
692 473 10
692 474 10
692 476 10
692 478 10
692 479 10
692 480 10
692 486 10
692 489 10
692 491 10
692 501 10
692 504 10
692 505 10
692 507 10
692 508 10
692 509 10
692 510 10
692 511 10
692 512 10
692 518 10
692 519 10
692 521 10
692 522 10
692 524 10
692 525 10
692 526 10
692 528 10
692 530 10
692 541 10
692 542 10
692 544 10
692 546 10
692 547 10
692 548 10
692 552 10
692 553 10
692 554 10
692 555 10
692 556 10
692 557 10
692 566 10
692 571 10
692 572 10
692 573 10
692 574 10
692 575 10
692 578 10
692 579 10
692 580 10
692 581 10
692 582 10
692 583 10
692 585 10
692 586 10
692 592 10
692 597 10
692 598 10
692 601 10
692 602 10
692 604 10
692 610 10
692 611 10
692 615 10
692 624 10
692 627 10
692 628 10
692 631 10
692 632 10
692 633 10
692 642 10
692 644 10
692 645 10
692 648 10
692 652 10
692 653 10
692 654 10
692 656 10
692 658 10
692 659 10
692 667 10
692 670 10
692 671 10
692 679 10
692 680 10
692 682 10
692 685 10
692 691 10
692 693 10
692 696 10
692 702 10
692 703 10
692 704 10
692 705 10
692 707 10
692 708 10
692 710 10
692 711 10
692 715 10
693 386 10
693 387 10
693 388 10
693 392 10
693 393 10
693 397 10
693 406 10
693 407 10
693 408 10
693 413 10
693 416 10
693 418 10
693 420 10
693 422 10
693 427 10
693 428 10
693 438 10
693 440 10
693 446 10
693 447 10
693 450 10
693 452 10
693 453 10
693 460 10
693 466 10
693 467 10
693 468 10
693 470 10
693 471 10
693 472 10
693 478 10
693 479 10
693 482 10
693 484 10
693 487 10
693 490 10
693 491 10
693 494 10
693 495 10
693 499 10
693 501 10
693 502 10
693 505 10
693 506 10
693 508 10
693 513 10
693 515 10
693 517 10
693 520 10
693 521 10
693 523 10
693 526 10
693 527 10
693 528 10
693 531 10
693 536 10
693 537 10
693 539 10
693 543 10
693 544 10
693 545 10
693 547 10
693 548 10
693 549 10
693 550 10
693 552 10
693 554 10
693 555 10
693 556 10
693 567 10
693 573 10
693 574 10
693 576 10
693 578 10
693 579 10
693 580 10
693 582 10
693 583 10
693 585 10
693 586 10
693 591 10
693 596 10
693 597 10
693 599 10
693 600 10
693 602 10
693 606 10
693 619 10
693 621 10
693 623 10
693 625 10
693 627 10
693 629 10
693 631 10
693 632 10
693 633 10
693 636 10
693 641 10
693 646 10
693 647 10
693 649 10
693 650 10
693 652 10
693 657 10
693 660 10
693 661 10
693 663 10
693 664 10
693 666 10
693 667 10
693 671 10
693 675 10
693 679 10
693 689 10
693 690 10
693 695 10
693 701 10
693 702 10
693 703 10
693 705 10
693 707 10
693 711 10
693 712 10
694 384 10
694 386 10
694 388 10
694 389 10
694 391 10
694 392 10
694 395 10
694 415 10
694 417 10
694 418 10
694 419 10
694 422 10
694 425 10
694 426 10
694 439 10
694 441 10
694 444 10
694 445 10
694 449 10
694 453 10
694 454 10
694 455 10
694 456 10
694 459 10
694 460 10
694 466 10
694 467 10
694 469 10
694 470 10
694 473 10
694 474 10
694 475 10
694 476 10
694 480 10
694 481 10
694 483 10
694 485 10
694 494 10
694 499 10
694 501 10
694 503 10
694 504 10
694 505 10
694 508 10
694 510 10
694 512 10
694 513 10
694 514 10
694 522 10
694 523 10
694 524 10
694 527 10
694 528 10
694 529 10
694 531 10
694 533 10
694 535 10
694 537 10
694 540 10
694 545 10
694 548 10
694 550 10
694 552 10
694 556 10
694 557 10
694 564 10
694 566 10
694 570 10
694 571 10
694 573 10
694 574 10
694 575 10
694 577 10
694 579 10
694 581 10
694 582 10
694 583 10
694 584 10
694 588 10
694 593 10
694 600 10
694 601 10
694 604 10
694 616 10
694 621 10
694 622 10
694 623 10
694 629 10
694 630 10
694 641 10
694 644 10
694 645 10
694 646 10
694 648 10
694 650 10
694 651 10
694 655 10
694 656 10
694 667 10
694 670 10
694 676 10
694 679 10
694 691 10
694 692 10
694 693 10
694 694 10
694 704 10
694 705 10
694 707 10
694 710 10
694 713 10
695 387 10
695 390 10
695 392 10
695 393 10
695 394 10
695 399 10
695 412 10
695 413 10
695 416 10
695 417 10
695 419 10
695 428 10
695 430 10
695 431 10
695 442 10
695 443 10
695 446 10
695 448 10
695 450 10
695 452 10
695 453 10
695 455 10
695 456 10
695 457 10
695 458 10
695 464 10
695 465 10
695 467 10
695 468 10
695 470 10
695 472 10
695 473 10
695 474 10
695 476 10
695 479 10
695 480 10
695 482 10
695 483 10
695 484 10
695 485 10
695 487 10
695 492 10
695 493 10
695 499 10
695 509 10
695 510 10
695 523 10
695 529 10
695 531 10
695 535 10
695 537 10
695 545 10
695 546 10
695 547 10
695 548 10
695 549 10
695 550 10
695 551 10
695 552 10
695 553 10
695 554 10
695 556 10
695 558 10
695 566 10
695 567 10
695 569 10
695 572 10
695 573 10
695 574 10
695 575 10
695 576 10
695 577 10
695 579 10
695 580 10
695 581 10
695 582 10
695 583 10
695 585 10
695 587 10
695 588 10
695 591 10
695 594 10
695 595 10
695 598 10
695 606 10
695 617 10
695 618 10
695 620 10
695 622 10
695 625 10
695 626 10
695 627 10
695 628 10
695 630 10
695 631 10
695 632 10
695 634 10
695 635 10
695 636 10
695 637 10
695 638 10
695 642 10
695 643 10
695 644 10
695 646 10
695 647 10
695 649 10
695 650 10
695 652 10
695 653 10
695 655 10
695 656 10
695 657 10
695 658 10
695 660 10
695 665 10
695 667 10
695 671 10
695 682 10
695 684 10
695 687 10
695 689 10
695 701 10
695 702 10
695 704 10
695 706 10
695 709 10
695 710 10
696 384 10
696 387 10
696 389 10
696 392 10
696 394 10
696 395 10
696 397 10
696 410 10
696 413 10
696 414 10
696 417 10
696 419 10
696 424 10
696 425 10
696 426 10
696 427 10
696 428 10
696 430 10
696 431 10
696 439 10
696 444 10
696 447 10
696 451 10
696 455 10
696 457 10
696 459 10
696 461 10
696 470 10
696 473 10
696 474 10
696 475 10
696 476 10
696 477 10
696 479 10
696 480 10
696 481 10
696 482 10
696 483 10
696 486 10
696 504 10
696 508 10
696 511 10
696 514 10
696 516 10
696 522 10
696 524 10
696 525 10
696 527 10
696 533 10
696 534 10
696 539 10
696 540 10
696 546 10
696 547 10
696 548 10
696 549 10
696 550 10
696 551 10
696 552 10
696 553 10
696 555 10
696 556 10
696 557 10
696 558 10
696 561 10
696 564 10
696 567 10
696 568 10
696 569 10
696 571 10
696 572 10
696 573 10
696 574 10
696 577 10
696 578 10
696 579 10
696 580 10
696 581 10
696 583 10
696 588 10
696 590 10
696 593 10
696 594 10
696 596 10
696 597 10
696 598 10
696 601 10
696 605 10
696 611 10
696 616 10
696 620 10
696 622 10
696 623 10
696 624 10
696 628 10
696 631 10
696 641 10
696 644 10
696 646 10
696 647 10
696 649 10
696 650 10
696 651 10
696 652 10
696 654 10
696 656 10
696 658 10
696 664 10
696 669 10
696 670 10
696 675 10
696 676 10
696 677 10
696 682 10
696 684 10
696 702 10
696 703 10
696 704 10
696 705 10
696 707 10
696 708 10
696 712 10
697 385 10
697 388 10
697 397 10
697 398 10
697 412 10
697 413 10
697 414 10
697 415 10
697 416 10
697 419 10
697 420 10
697 423 10
697 424 10
697 425 10
697 427 10
697 431 10
697 433 10
697 434 10
697 440 10
697 442 10
697 443 10
697 444 10
697 447 10
697 449 10
697 450 10
697 453 10
697 454 10
697 456 10
697 458 10
697 460 10
697 470 10
697 471 10
697 472 10
697 474 10
697 475 10
697 476 10
697 477 10
697 478 10
697 482 10
697 484 10
697 485 10
697 487 10
697 489 10
697 510 10
697 522 10
697 524 10
697 526 10
697 528 10
697 530 10
697 531 10
697 535 10
697 537 10
697 539 10
697 541 10
697 545 10
697 547 10
697 548 10
697 549 10
697 550 10
697 551 10
697 552 10
697 553 10
697 554 10
697 555 10
697 556 10
697 558 10
697 560 10
697 568 10
697 569 10
697 570 10
697 571 10
697 572 10
697 573 10
697 574 10
697 576 10
697 578 10
697 579 10
697 580 10
697 581 10
697 583 10
697 585 10
697 586 10
697 589 10
697 590 10
697 591 10
697 592 10
697 596 10
697 597 10
697 598 10
697 599 10
697 605 10
697 613 10
697 620 10
697 621 10
697 622 10
697 623 10
697 624 10
697 625 10
697 627 10
697 631 10
697 633 10
697 638 10
697 640 10
697 644 10
697 645 10
697 648 10
697 649 10
697 650 10
697 653 10
697 656 10
697 657 10
697 658 10
697 659 10
697 660 10
697 668 10
697 669 10
697 673 10
697 674 10
697 675 10
697 676 10
697 677 10
697 680 10
697 682 10
697 688 10
697 693 10
697 699 10
697 705 10
697 707 10
697 710 10
698 384 10
698 387 10
698 388 10
698 393 10
698 394 10
698 395 10
698 397 10
698 398 10
698 399 10
698 402 10
698 404 10
698 405 10
698 413 10
698 414 10
698 415 10
698 417 10
698 422 10
698 423 10
698 424 10
698 426 10
698 428 10
698 429 10
698 440 10
698 441 10
698 443 10
698 444 10
698 450 10
698 451 10
698 453 10
698 455 10
698 457 10
698 458 10
698 460 10
698 463 10
698 464 10
698 466 10
698 467 10
698 468 10
698 469 10
698 471 10
698 472 10
698 473 10
698 474 10
698 475 10
698 476 10
698 477 10
698 478 10
698 479 10
698 480 10
698 481 10
698 482 10
698 483 10
698 484 10
698 504 10
698 505 10
698 507 10
698 508 10
698 511 10
698 526 10
698 528 10
698 529 10
698 533 10
698 534 10
698 535 10
698 536 10
698 537 10
698 539 10
698 544 10
698 546 10
698 549 10
698 550 10
698 551 10
698 552 10
698 553 10
698 554 10
698 555 10
698 556 10
698 557 10
698 558 10
698 560 10
698 562 10
698 565 10
698 567 10
698 569 10
698 571 10
698 572 10
698 573 10
698 577 10
698 578 10
698 579 10
698 581 10
698 583 10
698 585 10
698 586 10
698 588 10
698 589 10
698 590 10
698 593 10
698 594 10
698 597 10
698 598 10
698 599 10
698 601 10
698 609 10
698 610 10
698 617 10
698 618 10
698 620 10
698 624 10
698 625 10
698 626 10
698 627 10
698 632 10
698 642 10
698 645 10
698 646 10
698 648 10
698 650 10
698 653 10
698 656 10
698 658 10
698 668 10
698 670 10
698 680 10
698 706 10
698 709 10
698 710 10
698 711 10
698 713 10
698 716 10
699 393 10
699 397 10
699 398 10
699 399 10
699 400 10
699 401 10
699 415 10
699 419 10
699 421 10
699 422 10
699 424 10
699 425 10
699 428 10
699 443 10
699 445 10
699 446 10
699 448 10
699 449 10
699 451 10
699 452 10
699 453 10
699 456 10
699 460 10
699 462 10
699 464 10
699 472 10
699 474 10
699 476 10
699 477 10
699 479 10
699 481 10
699 482 10
699 485 10
699 486 10
699 501 10
699 522 10
699 525 10
699 526 10
699 529 10
699 530 10
699 531 10
699 532 10
699 533 10
699 535 10
699 536 10
699 537 10
699 538 10
699 547 10
699 548 10
699 551 10
699 552 10
699 553 10
699 554 10
699 555 10
699 556 10
699 557 10
699 567 10
699 568 10
699 570 10
699 573 10
699 575 10
699 577 10
699 578 10
699 579 10
699 580 10
699 581 10
699 582 10
699 583 10
699 585 10
699 586 10
699 587 10
699 590 10
699 591 10
699 592 10
699 593 10
699 595 10
699 596 10
699 597 10
699 599 10
699 600 10
699 604 10
699 612 10
699 620 10
699 623 10
699 624 10
699 625 10
699 627 10
699 630 10
699 631 10
699 635 10
699 637 10
699 641 10
699 643 10
699 644 10
699 645 10
699 647 10
699 648 10
699 650 10
699 651 10
699 652 10
699 654 10
699 655 10
699 657 10
699 658 10
699 659 10
699 667 10
699 669 10
699 670 10
699 673 10
699 674 10
699 675 10
699 679 10
699 698 10
699 700 10
699 705 10
699 708 10
699 709 10
699 711 10
699 712 10
700 392 10
700 393 10
700 394 10
700 395 10
700 396 10
700 398 10
700 403 10
700 415 10
700 423 10
700 426 10
700 440 10
700 442 10
700 443 10
700 446 10
700 449 10
700 450 10
700 451 10
700 452 10
700 453 10
700 454 10
700 456 10
700 458 10
700 460 10
700 461 10
700 462 10
700 463 10
700 466 10
700 467 10
700 468 10
700 469 10
700 471 10
700 472 10
700 473 10
700 474 10
700 475 10
700 477 10
700 479 10
700 480 10
700 484 10
700 503 10
700 504 10
700 505 10
700 530 10
700 531 10
700 532 10
700 534 10
700 535 10
700 537 10
700 538 10
700 543 10
700 545 10
700 546 10
700 548 10
700 550 10
700 551 10
700 552 10
700 553 10
700 554 10
700 555 10
700 556 10
700 557 10
700 563 10
700 565 10
700 566 10
700 568 10
700 569 10
700 570 10
700 573 10
700 574 10
700 575 10
700 578 10
700 580 10
700 581 10
700 583 10
700 584 10
700 585 10
700 586 10
700 588 10
700 589 10
700 590 10
700 592 10
700 593 10
700 604 10
700 606 10
700 608 10
700 618 10
700 619 10
700 620 10
700 621 10
700 622 10
700 623 10
700 633 10
700 636 10
700 638 10
700 643 10
700 644 10
700 647 10
700 648 10
700 649 10
700 653 10
700 654 10
700 655 10
700 656 10
700 667 10
700 668 10
700 669 10
700 670 10
700 671 10
700 672 10
700 675 10
700 676 10
700 677 10
700 679 10
700 681 10
700 689 10
700 691 10
700 695 10
700 705 10
700 710 10
700 712 10
700 713 10
700 715 10
700 716 10
701 394 10
701 395 10
701 396 10
701 397 10
701 399 10
701 400 10
701 401 10
701 403 10
701 417 10
701 418 10
701 419 10
701 422 10
701 423 10
701 428 10
701 429 10
701 445 10
701 449 10
701 450 10
701 452 10
701 453 10
701 455 10
701 456 10
701 457 10
701 458 10
701 462 10
701 463 10
701 464 10
701 470 10
701 473 10
701 475 10
701 479 10
701 482 10
701 505 10
701 506 10
701 507 10
701 529 10
701 532 10
701 534 10
701 542 10
701 543 10
701 544 10
701 547 10
701 548 10
701 550 10
701 551 10
701 553 10
701 554 10
701 555 10
701 556 10
701 557 10
701 560 10
701 561 10
701 562 10
701 563 10
701 568 10
701 569 10
701 570 10
701 572 10
701 573 10
701 576 10
701 581 10
701 582 10
701 583 10
701 584 10
701 586 10
701 588 10
701 590 10
701 591 10
701 592 10
701 594 10
701 595 10
701 596 10
701 598 10
701 599 10
701 601 10
701 602 10
701 612 10
701 622 10
701 623 10
701 625 10
701 632 10
701 634 10
701 635 10
701 638 10
701 640 10
701 641 10
701 645 10
701 646 10
701 647 10
701 649 10
701 650 10
701 653 10
701 655 10
701 658 10
701 668 10
701 669 10
701 670 10
701 677 10
701 680 10
701 689 10
701 693 10
701 694 10
701 697 10
701 709 10
701 716 10
702 394 10
702 398 10
702 403 10
702 411 10
702 420 10
702 421 10
702 423 10
702 424 10
702 425 10
702 426 10
702 427 10
702 428 10
702 429 10
702 434 10
702 441 10
702 442 10
702 447 10
702 448 10
702 449 10
702 453 10
702 454 10
702 455 10
702 456 10
702 458 10
702 460 10
702 461 10
702 462 10
702 465 10
702 467 10
702 471 10
702 472 10
702 473 10
702 474 10
702 475 10
702 476 10
702 477 10
702 478 10
702 479 10
702 487 10
702 488 10
702 528 10
702 530 10
702 531 10
702 532 10
702 533 10
702 534 10
702 544 10
702 547 10
702 548 10
702 549 10
702 550 10
702 551 10
702 552 10
702 553 10
702 555 10
702 563 10
702 565 10
702 566 10
702 569 10
702 570 10
702 571 10
702 573 10
702 574 10
702 578 10
702 582 10
702 585 10
702 589 10
702 591 10
702 592 10
702 595 10
702 598 10
702 599 10
702 600 10
702 603 10
702 606 10
702 607 10
702 612 10
702 613 10
702 615 10
702 617 10
702 620 10
702 622 10
702 625 10
702 636 10
702 640 10
702 642 10
702 643 10
702 649 10
702 653 10
702 662 10
702 668 10
702 669 10
702 673 10
702 687 10
702 692 10
702 699 10
702 710 10
703 395 10
703 396 10
703 399 10
703 400 10
703 403 10
703 404 10
703 412 10
703 417 10
703 419 10
703 424 10
703 426 10
703 427 10
703 436 10
703 441 10
703 442 10
703 445 10
703 450 10
703 451 10
703 452 10
703 457 10
703 462 10
703 464 10
703 465 10
703 467 10
703 468 10
703 469 10
703 474 10
703 477 10
703 478 10
703 479 10
703 481 10
703 482 10
703 488 10
703 508 10
703 514 10
703 533 10
703 534 10
703 535 10
703 541 10
703 543 10
703 545 10
703 548 10
703 549 10
703 551 10
703 552 10
703 554 10
703 557 10
703 562 10
703 563 10
703 564 10
703 567 10
703 568 10
703 570 10
703 571 10
703 572 10
703 574 10
703 575 10
703 576 10
703 578 10
703 580 10
703 582 10
703 583 10
703 584 10
703 585 10
703 586 10
703 587 10
703 588 10
703 589 10
703 590 10
703 593 10
703 594 10
703 597 10
703 600 10
703 601 10
703 603 10
703 605 10
703 609 10
703 613 10
703 643 10
703 648 10
703 649 10
703 654 10
703 661 10
703 662 10
703 667 10
703 669 10
703 685 10
703 693 10
703 696 10
703 700 10
704 398 10
704 400 10
704 404 10
704 411 10
704 421 10
704 422 10
704 425 10
704 426 10
704 427 10
704 432 10
704 437 10
704 441 10
704 444 10
704 445 10
704 448 10
704 451 10
704 453 10
704 454 10
704 456 10
704 457 10
704 458 10
704 459 10
704 460 10
704 466 10
704 467 10
704 475 10
704 476 10
704 477 10
704 478 10
704 479 10
704 481 10
704 485 10
704 486 10
704 488 10
704 505 10
704 511 10
704 528 10
704 530 10
704 531 10
704 532 10
704 533 10
704 534 10
704 535 10
704 536 10
704 543 10
704 544 10
704 545 10
704 546 10
704 547 10
704 549 10
704 550 10
704 551 10
704 553 10
704 554 10
704 555 10
704 557 10
704 560 10
704 563 10
704 564 10
704 568 10
704 569 10
704 570 10
704 571 10
704 572 10
704 576 10
704 577 10
704 579 10
704 582 10
704 586 10
704 587 10
704 588 10
704 593 10
704 595 10
704 597 10
704 598 10
704 600 10
704 603 10
704 605 10
704 608 10
704 609 10
704 610 10
704 611 10
704 612 10
704 616 10
704 617 10
704 632 10
704 642 10
704 643 10
704 646 10
704 647 10
704 648 10
704 654 10
704 661 10
704 662 10
704 665 10
704 666 10
704 668 10
704 682 10
704 683 10
704 685 10
704 700 10
704 705 10
704 711 10
705 400 10
705 402 10
705 412 10
705 415 10
705 420 10
705 421 10
705 425 10
705 429 10
705 430 10
705 436 10
705 438 10
705 441 10
705 443 10
705 445 10
705 449 10
705 450 10
705 452 10
705 455 10
705 457 10
705 464 10
705 465 10
705 466 10
705 468 10
705 476 10
705 477 10
705 478 10
705 480 10
705 481 10
705 482 10
705 483 10
705 497 10
705 534 10
705 535 10
705 536 10
705 541 10
705 543 10
705 545 10
705 546 10
705 547 10
705 548 10
705 549 10
705 550 10
705 551 10
705 553 10
705 554 10
705 563 10
705 564 10
705 566 10
705 567 10
705 569 10
705 571 10
705 574 10
705 579 10
705 581 10
705 586 10
705 589 10
705 590 10
705 591 10
705 592 10
705 593 10
705 595 10
705 596 10
705 597 10
705 598 10
705 600 10
705 602 10
705 604 10
705 607 10
705 609 10
705 610 10
705 612 10
705 613 10
705 635 10
705 637 10
705 649 10
705 652 10
705 662 10
705 664 10
705 665 10
705 667 10
705 670 10
705 672 10
705 677 10
705 683 10
705 685 10
705 698 10
705 700 10
706 398 10
706 404 10
706 405 10
706 408 10
706 409 10
706 410 10
706 413 10
706 414 10
706 415 10
706 416 10
706 418 10
706 428 10
706 429 10
706 430 10
706 432 10
706 433 10
706 434 10
706 440 10
706 441 10
706 442 10
706 445 10
706 446 10
706 447 10
706 452 10
706 456 10
706 460 10
706 462 10
706 464 10
706 472 10
706 475 10
706 476 10
706 477 10
706 478 10
706 479 10
706 484 10
706 485 10
706 491 10
706 505 10
706 508 10
706 512 10
706 513 10
706 517 10
706 534 10
706 536 10
706 537 10
706 545 10
706 546 10
706 549 10
706 550 10
706 551 10
706 552 10
706 553 10
706 560 10
706 562 10
706 564 10
706 565 10
706 566 10
706 570 10
706 571 10
706 573 10
706 574 10
706 575 10
706 577 10
706 585 10
706 588 10
706 589 10
706 590 10
706 591 10
706 592 10
706 593 10
706 595 10
706 597 10
706 598 10
706 599 10
706 601 10
706 602 10
706 604 10
706 606 10
706 607 10
706 608 10
706 609 10
706 610 10
706 612 10
706 614 10
706 616 10
706 621 10
706 625 10
706 637 10
706 649 10
706 650 10
706 654 10
706 655 10
706 656 10
706 657 10
706 658 10
706 659 10
706 662 10
706 663 10
706 665 10
706 686 10
706 687 10
706 697 10
706 698 10
706 701 10
706 703 10
706 715 10
707 408 10
707 413 10
707 414 10
707 416 10
707 417 10
707 422 10
707 424 10
707 427 10
707 429 10
707 430 10
707 433 10
707 436 10
707 437 10
707 440 10
707 442 10
707 446 10
707 450 10
707 452 10
707 454 10
707 456 10
707 457 10
707 458 10
707 460 10
707 463 10
707 465 10
707 471 10
707 473 10
707 476 10
707 478 10
707 481 10
707 485 10
707 488 10
707 490 10
707 493 10
707 510 10
707 514 10
707 524 10
707 532 10
707 533 10
707 535 10
707 537 10
707 539 10
707 543 10
707 544 10
707 546 10
707 549 10
707 550 10
707 554 10
707 555 10
707 562 10
707 563 10
707 564 10
707 565 10
707 567 10
707 569 10
707 570 10
707 572 10
707 573 10
707 575 10
707 584 10
707 587 10
707 589 10
707 590 10
707 591 10
707 592 10
707 593 10
707 594 10
707 595 10
707 596 10
707 597 10
707 599 10
707 601 10
707 602 10
707 604 10
707 607 10
707 608 10
707 609 10
707 611 10
707 612 10
707 613 10
707 632 10
707 633 10
707 634 10
707 635 10
707 653 10
707 654 10
707 656 10
707 658 10
707 659 10
707 665 10
707 666 10
707 669 10
707 684 10
707 700 10
707 703 10
707 705 10
707 713 10
708 400 10
708 404 10
708 405 10
708 409 10
708 411 10
708 415 10
708 416 10
708 418 10
708 419 10
708 420 10
708 421 10
708 426 10
708 428 10
708 429 10
708 430 10
708 431 10
708 432 10
708 433 10
708 434 10
708 435 10
708 436 10
708 437 10
708 438 10
708 439 10
708 441 10
708 442 10
708 446 10
708 447 10
708 451 10
708 452 10
708 455 10
708 460 10
708 462 10
708 470 10
708 478 10
708 481 10
708 484 10
708 486 10
708 491 10
708 492 10
708 493 10
708 499 10
708 507 10
708 508 10
708 537 10
708 538 10
708 539 10
708 547 10
708 548 10
708 561 10
708 564 10
708 565 10
708 567 10
708 568 10
708 569 10
708 572 10
708 575 10
708 576 10
708 578 10
708 579 10
708 580 10
708 583 10
708 586 10
708 587 10
708 589 10
708 590 10
708 591 10
708 592 10
708 593 10
708 594 10
708 595 10
708 596 10
708 598 10
708 601 10
708 602 10
708 605 10
708 606 10
708 610 10
708 624 10
708 632 10
708 637 10
708 639 10
708 652 10
708 653 10
708 655 10
708 656 10
708 657 10
708 658 10
708 659 10
708 660 10
708 666 10
708 667 10
708 669 10
708 682 10
708 683 10
708 699 10
708 700 10
708 703 10
708 709 10
708 711 10
709 398 10
709 409 10
709 410 10
709 412 10
709 413 10
709 416 10
709 418 10
709 422 10
709 425 10
709 427 10
709 428 10
709 429 10
709 431 10
709 433 10
709 436 10
709 437 10
709 438 10
709 439 10
709 440 10
709 442 10
709 443 10
709 444 10
709 446 10
709 457 10
709 461 10
709 465 10
709 476 10
709 478 10
709 483 10
709 484 10
709 486 10
709 488 10
709 491 10
709 494 10
709 498 10
709 503 10
709 508 10
709 509 10
709 511 10
709 512 10
709 516 10
709 517 10
709 533 10
709 534 10
709 536 10
709 537 10
709 544 10
709 546 10
709 547 10
709 548 10
709 550 10
709 561 10
709 562 10
709 563 10
709 564 10
709 566 10
709 569 10
709 570 10
709 571 10
709 578 10
709 579 10
709 580 10
709 582 10
709 583 10
709 584 10
709 586 10
709 587 10
709 588 10
709 591 10
709 592 10
709 594 10
709 596 10
709 597 10
709 603 10
709 604 10
709 605 10
709 606 10
709 639 10
709 641 10
709 651 10
709 653 10
709 654 10
709 656 10
709 657 10
709 658 10
709 659 10
709 661 10
709 662 10
709 663 10
709 665 10
709 668 10
709 697 10
709 703 10
709 707 10
709 709 10
709 711 10
709 712 10
710 399 10
710 411 10
710 414 10
710 416 10
710 420 10
710 421 10
710 425 10
710 427 10
710 428 10
710 429 10
710 430 10
710 431 10
710 435 10
710 436 10
710 437 10
710 438 10
710 439 10
710 440 10
710 441 10
710 444 10
710 446 10
710 453 10
710 461 10
710 463 10
710 465 10
710 472 10
710 483 10
710 489 10
710 496 10
710 498 10
710 500 10
710 501 10
710 506 10
710 508 10
710 510 10
710 512 10
710 514 10
710 516 10
710 536 10
710 537 10
710 542 10
710 543 10
710 544 10
710 546 10
710 547 10
710 550 10
710 564 10
710 565 10
710 566 10
710 567 10
710 573 10
710 574 10
710 578 10
710 579 10
710 580 10
710 581 10
710 583 10
710 584 10
710 585 10
710 586 10
710 587 10
710 589 10
710 590 10
710 593 10
710 595 10
710 596 10
710 598 10
710 599 10
710 600 10
710 602 10
710 642 10
710 650 10
710 652 10
710 655 10
710 657 10
710 659 10
710 660 10
710 663 10
710 665 10
710 666 10
710 684 10
710 685 10
710 705 10
710 710 10
711 412 10
711 413 10
711 415 10
711 416 10
711 417 10
711 418 10
711 426 10
711 427 10
711 428 10
711 431 10
711 432 10
711 433 10
711 435 10
711 436 10
711 437 10
711 438 10
711 439 10
711 440 10
711 441 10
711 442 10
711 443 10
711 445 10
711 448 10
711 449 10
711 457 10
711 463 10
711 467 10
711 473 10
711 474 10
711 475 10
711 476 10
711 489 10
711 497 10
711 503 10
711 510 10
711 511 10
711 512 10
711 514 10
711 517 10
711 518 10
711 524 10
711 525 10
711 538 10
711 539 10
711 542 10
711 545 10
711 552 10
711 563 10
711 572 10
711 579 10
711 582 10
711 585 10
711 586 10
711 587 10
711 588 10
711 590 10
711 591 10
711 593 10
711 594 10
711 595 10
711 597 10
711 598 10
711 601 10
711 602 10
711 603 10
711 604 10
711 605 10
711 644 10
711 656 10
711 657 10
711 662 10
711 664 10
711 666 10
711 705 10
711 709 10
712 400 10
712 401 10
712 412 10
712 414 10
712 415 10
712 418 10
712 419 10
712 420 10
712 423 10
712 424 10
712 426 10
712 427 10
712 438 10
712 439 10
712 441 10
712 444 10
712 452 10
712 458 10
712 463 10
712 464 10
712 466 10
712 472 10
712 487 10
712 498 10
712 499 10
712 500 10
712 501 10
712 503 10
712 504 10
712 505 10
712 510 10
712 512 10
712 515 10
712 523 10
712 536 10
712 540 10
712 541 10
712 544 10
712 547 10
712 550 10
712 553 10
712 564 10
712 565 10
712 566 10
712 567 10
712 569 10
712 570 10
712 575 10
712 578 10
712 581 10
712 583 10
712 586 10
712 587 10
712 588 10
712 589 10
712 590 10
712 591 10
712 592 10
712 593 10
712 594 10
712 595 10
712 597 10
712 598 10
712 601 10
712 602 10
712 625 10
712 652 10
712 653 10
712 654 10
712 655 10
712 656 10
712 657 10
712 659 10
712 660 10
712 662 10
712 663 10
712 664 10
712 667 10
712 698 10
712 699 10
712 705 10
713 419 10
713 423 10
713 424 10
713 427 10
713 428 10
713 429 10
713 431 10
713 433 10
713 436 10
713 439 10
713 440 10
713 458 10
713 459 10
713 460 10
713 462 10
713 463 10
713 465 10
713 466 10
713 467 10
713 468 10
713 469 10
713 470 10
713 474 10
713 478 10
713 479 10
713 488 10
713 491 10
713 496 10
713 498 10
713 499 10
713 500 10
713 501 10
713 507 10
713 508 10
713 513 10
713 524 10
713 540 10
713 542 10
713 545 10
713 546 10
713 547 10
713 549 10
713 559 10
713 563 10
713 566 10
713 567 10
713 572 10
713 580 10
713 582 10
713 583 10
713 585 10
713 587 10
713 588 10
713 589 10
713 592 10
713 595 10
713 596 10
713 598 10
713 602 10
713 604 10
713 625 10
713 627 10
713 629 10
713 647 10
713 651 10
713 652 10
713 655 10
713 661 10
713 663 10
713 664 10
713 666 10
713 678 10
713 680 10
713 693 10
713 698 10
713 711 10
714 397 10
714 400 10
714 409 10
714 411 10
714 413 10
714 414 10
714 415 10
714 416 10
714 417 10
714 421 10
714 423 10
714 424 10
714 425 10
714 426 10
714 427 10
714 429 10
714 432 10
714 433 10
714 435 10
714 436 10
714 443 10
714 451 10
714 462 10
714 466 10
714 468 10
714 469 10
714 470 10
714 475 10
714 476 10
714 477 10
714 489 10
714 497 10
714 498 10
714 501 10
714 502 10
714 504 10
714 506 10
714 507 10
714 509 10
714 511 10
714 513 10
714 521 10
714 523 10
714 527 10
714 535 10
714 542 10
714 560 10
714 561 10
714 562 10
714 564 10
714 565 10
714 566 10
714 567 10
714 569 10
714 578 10
714 582 10
714 583 10
714 584 10
714 585 10
714 586 10
714 587 10
714 589 10
714 591 10
714 592 10
714 594 10
714 598 10
714 599 10
714 600 10
714 601 10
714 630 10
714 647 10
714 649 10
714 650 10
714 655 10
714 656 10
714 657 10
714 658 10
714 660 10
714 665 10
714 666 10
714 696 10
714 697 10
714 700 10
714 701 10
715 398 10
715 400 10
715 403 10
715 415 10
715 416 10
715 419 10
715 420 10
715 421 10
715 426 10
715 427 10
715 428 10
715 429 10
715 430 10
715 432 10
715 434 10
715 435 10
715 441 10
715 444 10
715 459 10
715 461 10
715 463 10
715 464 10
715 465 10
715 466 10
715 467 10
715 468 10
715 469 10
715 470 10
715 471 10
715 474 10
715 475 10
715 476 10
715 478 10
715 489 10
715 497 10
715 500 10
715 501 10
715 502 10
715 503 10
715 504 10
715 509 10
715 512 10
715 513 10
715 514 10
715 518 10
715 524 10
715 525 10
715 527 10
715 529 10
715 533 10
715 537 10
715 540 10
715 545 10
715 548 10
715 550 10
715 551 10
715 557 10
715 565 10
715 568 10
715 569 10
715 570 10
715 572 10
715 575 10
715 579 10
715 581 10
715 583 10
715 584 10
715 585 10
715 588 10
715 589 10
715 590 10
715 591 10
715 592 10
715 598 10
715 605 10
715 626 10
715 627 10
715 630 10
715 631 10
715 650 10
715 652 10
715 653 10
715 654 10
715 655 10
715 657 10
715 658 10
715 660 10
715 661 10
715 663 10
715 664 10
715 665 10
715 675 10
715 711 10
716 406 10
716 407 10
716 408 10
716 410 10
716 412 10
716 415 10
716 418 10
716 419 10
716 425 10
716 427 10
716 429 10
716 430 10
716 434 10
716 437 10
716 460 10
716 462 10
716 463 10
716 466 10
716 467 10
716 468 10
716 469 10
716 470 10
716 471 10
716 472 10
716 473 10
716 474 10
716 475 10
716 476 10
716 477 10
716 478 10
716 480 10
716 481 10
716 503 10
716 506 10
716 509 10
716 511 10
716 512 10
716 521 10
716 523 10
716 527 10
716 530 10
716 531 10
716 535 10
716 541 10
716 543 10
716 544 10
716 545 10
716 546 10
716 553 10
716 555 10
716 562 10
716 569 10
716 571 10
716 572 10
716 582 10
716 583 10
716 584 10
716 586 10
716 587 10
716 590 10
716 594 10
716 598 10
716 599 10
716 600 10
716 603 10
716 604 10
716 611 10
716 625 10
716 628 10
716 630 10
716 648 10
716 651 10
716 652 10
716 653 10
716 655 10
716 657 10
716 676 10
716 697 10
716 702 10
716 711 10
717 392 10
717 399 10
717 400 10
717 403 10
717 404 10
717 405 10
717 406 10
717 414 10
717 415 10
717 416 10
717 417 10
717 426 10
717 429 10
717 431 10
717 432 10
717 433 10
717 436 10
717 441 10
717 457 10
717 460 10
717 461 10
717 462 10
717 463 10
717 464 10
717 465 10
717 466 10
717 467 10
717 468 10
717 469 10
717 471 10
717 472 10
717 473 10
717 474 10
717 475 10
717 476 10
717 477 10
717 478 10
717 480 10
717 485 10
717 488 10
717 493 10
717 504 10
717 508 10
717 509 10
717 510 10
717 512 10
717 514 10
717 517 10
717 519 10
717 525 10
717 526 10
717 527 10
717 529 10
717 533 10
717 534 10
717 536 10
717 544 10
717 548 10
717 553 10
717 557 10
717 564 10
717 566 10
717 569 10
717 571 10
717 573 10
717 579 10
717 581 10
717 582 10
717 583 10
717 584 10
717 585 10
717 586 10
717 587 10
717 588 10
717 589 10
717 590 10
717 591 10
717 593 10
717 594 10
717 596 10
717 598 10
717 599 10
717 601 10
717 602 10
717 604 10
717 628 10
717 630 10
717 631 10
717 644 10
717 648 10
717 651 10
717 653 10
717 654 10
717 655 10
717 656 10
717 657 10
717 658 10
717 659 10
717 666 10
717 667 10
717 675 10
717 677 10
717 682 10
717 696 10
717 697 10
717 700 10
717 703 10
717 709 10
717 710 10
717 711 10
718 392 10
718 395 10
718 406 10
718 409 10
718 410 10
718 413 10
718 419 10
718 427 10
718 428 10
718 429 10
718 434 10
718 436 10
718 446 10
718 457 10
718 459 10
718 461 10
718 462 10
718 463 10
718 464 10
718 465 10
718 466 10
718 467 10
718 468 10
718 470 10
718 471 10
718 474 10
718 475 10
718 477 10
718 478 10
718 479 10
718 481 10
718 484 10
718 486 10
718 487 10
718 489 10
718 491 10
718 501 10
718 504 10
718 505 10
718 508 10
718 509 10
718 510 10
718 512 10
718 514 10
718 522 10
718 523 10
718 524 10
718 525 10
718 530 10
718 531 10
718 533 10
718 537 10
718 542 10
718 543 10
718 552 10
718 561 10
718 567 10
718 569 10
718 571 10
718 572 10
718 573 10
718 577 10
718 580 10
718 582 10
718 583 10
718 584 10
718 586 10
718 587 10
718 588 10
718 589 10
718 592 10
718 594 10
718 597 10
718 599 10
718 600 10
718 601 10
718 603 10
718 606 10
718 623 10
718 625 10
718 626 10
718 628 10
718 631 10
718 635 10
718 648 10
718 652 10
718 653 10
718 655 10
718 656 10
718 657 10
718 660 10
718 664 10
718 666 10
718 671 10
718 675 10
718 678 10
718 683 10
718 708 10
718 711 10
718 712 10
719 392 10
719 396 10
719 397 10
719 399 10
719 403 10
719 413 10
719 423 10
719 428 10
719 431 10
719 434 10
719 435 10
719 439 10
719 445 10
719 454 10
719 458 10
719 459 10
719 460 10
719 461 10
719 462 10
719 463 10
719 464 10
719 465 10
719 466 10
719 467 10
719 468 10
719 469 10
719 472 10
719 473 10
719 474 10
719 475 10
719 476 10
719 479 10
719 481 10
719 483 10
719 484 10
719 489 10
719 491 10
719 499 10
719 500 10
719 502 10
719 506 10
719 507 10
719 508 10
719 509 10
719 512 10
719 516 10
719 521 10
719 524 10
719 527 10
719 528 10
719 529 10
719 531 10
719 532 10
719 534 10
719 536 10
719 539 10
719 545 10
719 554 10
719 555 10
719 562 10
719 564 10
719 568 10
719 569 10
719 570 10
719 572 10
719 576 10
719 578 10
719 580 10
719 581 10
719 582 10
719 583 10
719 585 10
719 588 10
719 589 10
719 590 10
719 591 10
719 595 10
719 601 10
719 606 10
719 607 10
719 624 10
719 636 10
719 648 10
719 650 10
719 651 10
719 656 10
719 657 10
719 659 10
719 668 10
719 677 10
719 680 10
719 681 10
719 695 10
719 696 10
719 697 10
719 705 10
719 707 10
719 709 10
719 710 10
720 391 10
720 395 10
720 397 10
720 399 10
720 401 10
720 403 10
720 404 10
720 405 10
720 413 10
720 423 10
720 426 10
720 429 10
720 430 10
720 431 10
720 432 10
720 439 10
720 446 10
720 448 10
720 450 10
720 456 10
720 459 10
720 460 10
720 461 10
720 462 10
720 463 10
720 464 10
720 465 10
720 466 10
720 467 10
720 468 10
720 469 10
720 470 10
720 472 10
720 473 10
720 474 10
720 476 10
720 477 10
720 478 10
720 479 10
720 482 10
720 483 10
720 484 10
720 486 10
720 488 10
720 494 10
720 503 10
720 504 10
720 507 10
720 508 10
720 509 10
720 511 10
720 514 10
720 515 10
720 518 10
720 523 10
720 525 10
720 529 10
720 531 10
720 532 10
720 533 10
720 536 10
720 537 10
720 539 10
720 540 10
720 551 10
720 553 10
720 562 10
720 563 10
720 565 10
720 570 10
720 571 10
720 573 10
720 575 10
720 579 10
720 580 10
720 581 10
720 582 10
720 583 10
720 584 10
720 585 10
720 586 10
720 587 10
720 591 10
720 594 10
720 595 10
720 598 10
720 600 10
720 602 10
720 607 10
720 612 10
720 614 10
720 625 10
720 632 10
720 635 10
720 636 10
720 648 10
720 652 10
720 654 10
720 657 10
720 658 10
720 659 10
720 660 10
720 663 10
720 665 10
720 666 10
720 668 10
720 672 10
720 673 10
720 676 10
720 680 10
720 682 10
720 702 10
720 703 10
720 704 10
720 705 10
720 711 10
721 393 10
721 395 10
721 397 10
721 399 10
721 400 10
721 403 10
721 405 10
721 406 10
721 407 10
721 431 10
721 433 10
721 435 10
721 446 10
721 451 10
721 452 10
721 454 10
721 455 10
721 456 10
721 457 10
721 458 10
721 459 10
721 460 10
721 462 10
721 463 10
721 464 10
721 465 10
721 466 10
721 467 10
721 468 10
721 470 10
721 476 10
721 479 10
721 480 10
721 484 10
721 485 10
721 486 10
721 498 10
721 499 10
721 500 10
721 503 10
721 509 10
721 510 10
721 514 10
721 515 10
721 516 10
721 524 10
721 526 10
721 530 10
721 533 10
721 534 10
721 536 10
721 539 10
721 540 10
721 543 10
721 552 10
721 553 10
721 554 10
721 558 10
721 560 10
721 562 10
721 563 10
721 568 10
721 569 10
721 570 10
721 571 10
721 572 10
721 576 10
721 577 10
721 579 10
721 580 10
721 582 10
721 584 10
721 586 10
721 587 10
721 593 10
721 594 10
721 598 10
721 607 10
721 612 10
721 613 10
721 634 10
721 635 10
721 637 10
721 638 10
721 641 10
721 652 10
721 658 10
721 661 10
721 664 10
721 667 10
721 668 10
721 670 10
721 673 10
721 674 10
721 677 10
721 678 10
721 702 10
721 709 10
721 712 10
721 713 10
722 395 10
722 399 10
722 403 10
722 404 10
722 405 10
722 408 10
722 435 10
722 436 10
722 445 10
722 449 10
722 450 10
722 452 10
722 456 10
722 459 10
722 460 10
722 461 10
722 462 10
722 463 10
722 464 10
722 465 10
722 466 10
722 467 10
722 468 10
722 469 10
722 470 10
722 471 10
722 474 10
722 482 10
722 483 10
722 485 10
722 486 10
722 488 10
722 493 10
722 501 10
722 504 10
722 505 10
722 507 10
722 509 10
722 511 10
722 512 10
722 515 10
722 521 10
722 524 10
722 525 10
722 527 10
722 530 10
722 532 10
722 533 10
722 534 10
722 535 10
722 539 10
722 540 10
722 541 10
722 542 10
722 547 10
722 553 10
722 554 10
722 555 10
722 557 10
722 558 10
722 561 10
722 563 10
722 564 10
722 566 10
722 568 10
722 569 10
722 570 10
722 571 10
722 572 10
722 574 10
722 575 10
722 578 10
722 579 10
722 580 10
722 581 10
722 585 10
722 586 10
722 588 10
722 593 10
722 594 10
722 595 10
722 596 10
722 597 10
722 606 10
722 615 10
722 633 10
722 637 10
722 641 10
722 643 10
722 645 10
722 651 10
722 652 10
722 655 10
722 657 10
722 661 10
722 664 10
722 665 10
722 666 10
722 669 10
722 670 10
722 675 10
722 688 10
722 689 10
722 690 10
722 703 10
722 706 10
722 708 10
722 709 10
722 711 10
723 392 10
723 393 10
723 394 10
723 395 10
723 398 10
723 402 10
723 403 10
723 404 10
723 405 10
723 406 10
723 409 10
723 411 10
723 441 10
723 446 10
723 453 10
723 454 10
723 455 10
723 458 10
723 459 10
723 460 10
723 461 10
723 462 10
723 463 10
723 464 10
723 465 10
723 466 10
723 467 10
723 468 10
723 469 10
723 470 10
723 471 10
723 473 10
723 479 10
723 481 10
723 482 10
723 483 10
723 484 10
723 485 10
723 489 10
723 490 10
723 491 10
723 498 10
723 499 10
723 503 10
723 504 10
723 506 10
723 508 10
723 509 10
723 510 10
723 511 10
723 512 10
723 515 10
723 516 10
723 517 10
723 518 10
723 522 10
723 523 10
723 525 10
723 526 10
723 527 10
723 528 10
723 531 10
723 533 10
723 539 10
723 540 10
723 546 10
723 550 10
723 555 10
723 557 10
723 559 10
723 560 10
723 561 10
723 563 10
723 565 10
723 567 10
723 570 10
723 571 10
723 572 10
723 573 10
723 576 10
723 577 10
723 579 10
723 580 10
723 581 10
723 582 10
723 583 10
723 584 10
723 585 10
723 586 10
723 588 10
723 592 10
723 593 10
723 596 10
723 603 10
723 613 10
723 632 10
723 634 10
723 635 10
723 637 10
723 642 10
723 643 10
723 646 10
723 647 10
723 648 10
723 649 10
723 657 10
723 658 10
723 660 10
723 661 10
723 662 10
723 663 10
723 665 10
723 667 10
723 675 10
723 687 10
723 690 10
723 709 10
723 710 10
724 394 10
724 396 10
724 397 10
724 398 10
724 399 10
724 404 10
724 405 10
724 406 10
724 417 10
724 419 10
724 430 10
724 431 10
724 446 10
724 448 10
724 450 10
724 452 10
724 455 10
724 457 10
724 459 10
724 462 10
724 464 10
724 465 10
724 466 10
724 467 10
724 468 10
724 471 10
724 473 10
724 474 10
724 478 10
724 480 10
724 481 10
724 483 10
724 484 10
724 485 10
724 487 10
724 491 10
724 495 10
724 497 10
724 502 10
724 503 10
724 504 10
724 506 10
724 509 10
724 512 10
724 513 10
724 514 10
724 515 10
724 517 10
724 518 10
724 519 10
724 521 10
724 522 10
724 524 10
724 525 10
724 526 10
724 528 10
724 530 10
724 534 10
724 535 10
724 540 10
724 552 10
724 555 10
724 556 10
724 557 10
724 558 10
724 560 10
724 561 10
724 563 10
724 564 10
724 569 10
724 573 10
724 574 10
724 578 10
724 579 10
724 580 10
724 586 10
724 588 10
724 589 10
724 590 10
724 594 10
724 599 10
724 600 10
724 602 10
724 606 10
724 633 10
724 634 10
724 636 10
724 642 10
724 644 10
724 650 10
724 651 10
724 655 10
724 657 10
724 658 10
724 659 10
724 660 10
724 661 10
724 662 10
724 666 10
724 669 10
724 671 10
724 688 10
724 704 10
725 394 10
725 397 10
725 402 10
725 404 10
725 409 10
725 410 10
725 412 10
725 418 10
725 419 10
725 446 10
725 448 10
725 450 10
725 451 10
725 456 10
725 457 10
725 459 10
725 462 10
725 463 10
725 464 10
725 465 10
725 467 10
725 468 10
725 469 10
725 470 10
725 471 10
725 472 10
725 473 10
725 477 10
725 478 10
725 481 10
725 483 10
725 484 10
725 485 10
725 486 10
725 487 10
725 489 10
725 491 10
725 494 10
725 495 10
725 497 10
725 500 10
725 504 10
725 505 10
725 511 10
725 512 10
725 513 10
725 517 10
725 523 10
725 524 10
725 525 10
725 527 10
725 529 10
725 540 10
725 551 10
725 553 10
725 554 10
725 555 10
725 558 10
725 559 10
725 560 10
725 563 10
725 564 10
725 566 10
725 570 10
725 572 10
725 575 10
725 576 10
725 577 10
725 579 10
725 580 10
725 583 10
725 584 10
725 585 10
725 587 10
725 588 10
725 591 10
725 594 10
725 597 10
725 633 10
725 647 10
725 650 10
725 655 10
725 660 10
725 661 10
725 664 10
725 665 10
725 673 10
725 679 10
725 687 10
725 690 10
725 707 10
726 404 10
726 411 10
726 413 10
726 415 10
726 416 10
726 429 10
726 431 10
726 446 10
726 447 10
726 448 10
726 453 10
726 454 10
726 460 10
726 462 10
726 464 10
726 467 10
726 468 10
726 469 10
726 470 10
726 471 10
726 472 10
726 475 10
726 478 10
726 480 10
726 483 10
726 484 10
726 485 10
726 488 10
726 489 10
726 490 10
726 491 10
726 494 10
726 495 10
726 504 10
726 509 10
726 510 10
726 511 10
726 512 10
726 513 10
726 516 10
726 518 10
726 519 10
726 521 10
726 523 10
726 526 10
726 527 10
726 539 10
726 540 10
726 543 10
726 544 10
726 545 10
726 546 10
726 548 10
726 551 10
726 556 10
726 557 10
726 560 10
726 561 10
726 562 10
726 563 10
726 564 10
726 566 10
726 570 10
726 575 10
726 576 10
726 577 10
726 578 10
726 581 10
726 582 10
726 584 10
726 586 10
726 587 10
726 595 10
726 601 10
726 607 10
726 627 10
726 629 10
726 641 10
726 642 10
726 662 10
726 667 10
726 679 10
726 680 10
726 682 10
726 687 10
727 414 10
727 417 10
727 432 10
727 433 10
727 447 10
727 450 10
727 451 10
727 452 10
727 453 10
727 454 10
727 457 10
727 461 10
727 462 10
727 464 10
727 465 10
727 466 10
727 468 10
727 471 10
727 472 10
727 473 10
727 475 10
727 476 10
727 477 10
727 478 10
727 480 10
727 482 10
727 483 10
727 485 10
727 486 10
727 487 10
727 489 10
727 490 10
727 492 10
727 504 10
727 508 10
727 510 10
727 516 10
727 523 10
727 524 10
727 526 10
727 531 10
727 533 10
727 534 10
727 535 10
727 539 10
727 540 10
727 541 10
727 543 10
727 548 10
727 550 10
727 551 10
727 553 10
727 554 10
727 557 10
727 559 10
727 562 10
727 563 10
727 565 10
727 567 10
727 573 10
727 574 10
727 578 10
727 582 10
727 583 10
727 584 10
727 585 10
727 590 10
727 594 10
727 595 10
727 597 10
727 624 10
727 626 10
727 632 10
727 633 10
727 640 10
727 647 10
727 648 10
727 649 10
727 651 10
727 655 10
727 657 10
727 661 10
727 662 10
727 663 10
727 665 10
727 667 10
727 669 10
727 674 10
727 675 10
727 676 10
727 678 10
727 681 10
727 683 10
727 684 10
728 396 10
728 403 10
728 414 10
728 419 10
728 426 10
728 431 10
728 432 10
728 450 10
728 453 10
728 455 10
728 460 10
728 462 10
728 463 10
728 464 10
728 465 10
728 466 10
728 467 10
728 468 10
728 474 10
728 475 10
728 478 10
728 480 10
728 482 10
728 484 10
728 486 10
728 487 10
728 488 10
728 489 10
728 491 10
728 492 10
728 493 10
728 495 10
728 504 10
728 507 10
728 510 10
728 511 10
728 513 10
728 518 10
728 519 10
728 520 10
728 524 10
728 533 10
728 535 10
728 536 10
728 540 10
728 541 10
728 542 10
728 543 10
728 545 10
728 547 10
728 548 10
728 549 10
728 550 10
728 551 10
728 552 10
728 554 10
728 557 10
728 560 10
728 562 10
728 564 10
728 565 10
728 566 10
728 579 10
728 582 10
728 583 10
728 585 10
728 588 10
728 598 10
728 600 10
728 605 10
728 632 10
728 639 10
728 641 10
728 643 10
728 647 10
728 649 10
728 650 10
728 657 10
728 661 10
728 662 10
728 663 10
728 664 10
728 665 10
728 669 10
728 673 10
728 674 10
728 675 10
728 676 10
728 677 10
728 679 10
728 680 10
728 681 10
728 682 10
728 683 10
729 413 10
729 414 10
729 415 10
729 422 10
729 424 10
729 426 10
729 432 10
729 445 10
729 446 10
729 447 10
729 449 10
729 453 10
729 455 10
729 460 10
729 462 10
729 463 10
729 467 10
729 470 10
729 471 10
729 472 10
729 476 10
729 479 10
729 480 10
729 481 10
729 485 10
729 487 10
729 488 10
729 490 10
729 495 10
729 497 10
729 498 10
729 502 10
729 504 10
729 505 10
729 508 10
729 510 10
729 511 10
729 513 10
729 514 10
729 516 10
729 518 10
729 519 10
729 525 10
729 538 10
729 539 10
729 540 10
729 541 10
729 542 10
729 547 10
729 550 10
729 553 10
729 555 10
729 561 10
729 563 10
729 564 10
729 570 10
729 571 10
729 572 10
729 575 10
729 579 10
729 581 10
729 585 10
729 598 10
729 599 10
729 601 10
729 621 10
729 626 10
729 627 10
729 629 10
729 634 10
729 636 10
729 643 10
729 648 10
729 649 10
729 656 10
729 661 10
729 663 10
729 669 10
729 672 10
729 673 10
729 675 10
729 678 10
729 679 10
729 680 10
729 681 10
729 684 10
730 395 10
730 396 10
730 397 10
730 398 10
730 401 10
730 402 10
730 414 10
730 425 10
730 460 10
730 462 10
730 463 10
730 468 10
730 470 10
730 473 10
730 478 10
730 483 10
730 484 10
730 486 10
730 487 10
730 488 10
730 489 10
730 490 10
730 492 10
730 493 10
730 494 10
730 496 10
730 502 10
730 503 10
730 504 10
730 507 10
730 508 10
730 509 10
730 510 10
730 511 10
730 513 10
730 515 10
730 517 10
730 519 10
730 522 10
730 523 10
730 525 10
730 526 10
730 528 10
730 535 10
730 541 10
730 544 10
730 549 10
730 550 10
730 551 10
730 553 10
730 555 10
730 560 10
730 569 10
730 574 10
730 577 10
730 578 10
730 579 10
730 580 10
730 582 10
730 583 10
730 584 10
730 589 10
730 596 10
730 598 10
730 603 10
730 604 10
730 606 10
730 622 10
730 623 10
730 625 10
730 628 10
730 633 10
730 647 10
730 649 10
730 650 10
730 651 10
730 652 10
730 657 10
730 662 10
730 663 10
730 668 10
730 669 10
730 670 10
730 674 10
730 678 10
730 681 10
730 682 10
730 683 10
731 393 10
731 394 10
731 395 10
731 397 10
731 399 10
731 417 10
731 422 10
731 461 10
731 464 10
731 466 10
731 467 10
731 468 10
731 472 10
731 483 10
731 484 10
731 485 10
731 486 10
731 489 10
731 491 10
731 496 10
731 500 10
731 505 10
731 508 10
731 510 10
731 511 10
731 512 10
731 513 10
731 514 10
731 519 10
731 521 10
731 524 10
731 526 10
731 527 10
731 528 10
731 530 10
731 534 10
731 536 10
731 540 10
731 542 10
731 544 10
731 545 10
731 551 10
731 554 10
731 558 10
731 562 10
731 565 10
731 570 10
731 575 10
731 576 10
731 577 10
731 581 10
731 582 10
731 584 10
731 587 10
731 605 10
731 606 10
731 607 10
731 626 10
731 631 10
731 634 10
731 636 10
731 646 10
731 648 10
731 650 10
731 658 10
731 667 10
731 669 10
731 670 10
731 673 10
731 674 10
731 679 10
731 681 10
731 682 10
731 683 10
731 687 10
732 394 10
732 397 10
732 399 10
732 401 10
732 417 10
732 427 10
732 455 10
732 460 10
732 463 10
732 464 10
732 467 10
732 470 10
732 471 10
732 482 10
732 487 10
732 491 10
732 492 10
732 494 10
732 495 10
732 503 10
732 504 10
732 507 10
732 508 10
732 510 10
732 512 10
732 515 10
732 517 10
732 523 10
732 524 10
732 526 10
732 539 10
732 540 10
732 542 10
732 553 10
732 556 10
732 559 10
732 560 10
732 561 10
732 562 10
732 570 10
732 585 10
732 587 10
732 608 10
732 617 10
732 623 10
732 627 10
732 628 10
732 629 10
732 631 10
732 632 10
732 635 10
732 641 10
732 642 10
732 648 10
732 649 10
732 657 10
732 661 10
732 662 10
732 665 10
732 667 10
732 669 10
732 673 10
732 679 10
733 395 10
733 398 10
733 417 10
733 460 10
733 462 10
733 464 10
733 472 10
733 482 10
733 489 10
733 497 10
733 498 10
733 505 10
733 509 10
733 510 10
733 511 10
733 512 10
733 513 10
733 518 10
733 521 10
733 524 10
733 527 10
733 528 10
733 529 10
733 530 10
733 534 10
733 539 10
733 541 10
733 548 10
733 567 10
733 569 10
733 571 10
733 577 10
733 582 10
733 589 10
733 590 10
733 591 10
733 608 10
733 613 10
733 622 10
733 627 10
733 629 10
733 630 10
733 634 10
733 635 10
733 637 10
733 639 10
733 655 10
733 657 10
733 659 10
733 663 10
733 669 10
733 672 10
733 678 10
733 679 10
733 680 10
734 397 10
734 398 10
734 399 10
734 400 10
734 459 10
734 461 10
734 466 10
734 483 10
734 485 10
734 486 10
734 488 10
734 491 10
734 498 10
734 501 10
734 502 10
734 503 10
734 505 10
734 506 10
734 507 10
734 508 10
734 509 10
734 510 10
734 511 10
734 513 10
734 514 10
734 516 10
734 520 10
734 521 10
734 524 10
734 527 10
734 536 10
734 537 10
734 540 10
734 550 10
734 559 10
734 560 10
734 562 10
734 577 10
734 582 10
734 584 10
734 586 10
734 604 10
734 605 10
734 621 10
734 626 10
734 627 10
734 628 10
734 629 10
734 630 10
734 632 10
734 637 10
734 644 10
734 655 10
734 657 10
734 665 10
734 668 10
734 669 10
734 676 10
734 677 10
734 680 10
734 683 10
735 393 10
735 394 10
735 398 10
735 459 10
735 461 10
735 464 10
735 465 10
735 473 10
735 499 10
735 502 10
735 503 10
735 504 10
735 508 10
735 509 10
735 510 10
735 521 10
735 522 10
735 523 10
735 524 10
735 534 10
735 535 10
735 540 10
735 542 10
735 552 10
735 560 10
735 565 10
735 567 10
735 568 10
735 579 10
735 585 10
735 586 10
735 587 10
735 589 10
735 592 10
735 609 10
735 614 10
735 626 10
735 628 10
735 630 10
735 633 10
735 634 10
735 635 10
735 636 10
735 637 10
735 646 10
735 656 10
735 657 10
735 660 10
735 664 10
735 668 10
735 679 10
735 680 10
736 395 10
736 396 10
736 397 10
736 398 10
736 399 10
736 458 10
736 463 10
736 471 10
736 476 10
736 486 10
736 487 10
736 498 10
736 500 10
736 502 10
736 503 10
736 504 10
736 505 10
736 506 10
736 507 10
736 508 10
736 509 10
736 510 10
736 512 10
736 513 10
736 515 10
736 517 10
736 519 10
736 521 10
736 535 10
736 536 10
736 538 10
736 539 10
736 552 10
736 560 10
736 561 10
736 562 10
736 563 10
736 564 10
736 565 10
736 567 10
736 570 10
736 575 10
736 578 10
736 579 10
736 581 10
736 582 10
736 589 10
736 590 10
736 592 10
736 593 10
736 609 10
736 613 10
736 614 10
736 620 10
736 624 10
736 627 10
736 629 10
736 632 10
736 633 10
736 635 10
736 658 10
736 660 10
736 663 10
736 668 10
736 669 10
736 677 10
736 678 10
736 679 10
737 394 10
737 400 10
737 458 10
737 478 10
737 496 10
737 497 10
737 498 10
737 499 10
737 501 10
737 503 10
737 505 10
737 506 10
737 507 10
737 508 10
737 509 10
737 510 10
737 511 10
737 514 10
737 516 10
737 525 10
737 527 10
737 533 10
737 553 10
737 560 10
737 561 10
737 565 10
737 568 10
737 572 10
737 573 10
737 583 10
737 584 10
737 611 10
737 620 10
737 621 10
737 624 10
737 626 10
737 629 10
737 634 10
737 635 10
737 645 10
737 649 10
737 662 10
737 677 10
737 679 10
737 681 10
738 393 10
738 396 10
738 397 10
738 458 10
738 459 10
738 472 10
738 500 10
738 501 10
738 503 10
738 504 10
738 505 10
738 506 10
738 507 10
738 512 10
738 516 10
738 526 10
738 527 10
738 537 10
738 539 10
738 559 10
738 563 10
738 569 10
738 570 10
738 574 10
738 584 10
738 585 10
738 586 10
738 592 10
738 619 10
738 621 10
738 622 10
738 623 10
738 625 10
738 627 10
738 628 10
738 632 10
738 661 10
738 677 10
738 678 10
739 395 10
739 399 10
739 497 10
739 498 10
739 499 10
739 501 10
739 505 10
739 508 10
739 558 10
739 561 10
739 563 10
739 565 10
739 572 10
739 573 10
739 575 10
739 582 10
739 614 10
739 617 10
739 619 10
739 620 10
739 621 10
739 624 10
739 632 10
739 634 10
739 638 10
739 639 10
739 679 10
740 395 10
740 398 10
740 494 10
740 495 10
740 497 10
740 499 10
740 500 10
740 506 10
740 507 10
740 508 10
740 537 10
740 542 10
740 560 10
740 574 10
740 581 10
740 585 10
740 586 10
740 592 10
740 615 10
740 616 10
740 617 10
740 618 10
740 620 10
740 621 10
740 622 10
740 624 10
740 625 10
740 632 10
740 633 10
740 639 10
740 640 10
741 493 10
741 497 10
741 498 10
741 499 10
741 503 10
741 508 10
741 509 10
741 513 10
741 514 10
741 540 10
741 559 10
741 560 10
741 572 10
741 573 10
741 575 10
741 586 10
741 595 10
741 606 10
741 607 10
741 615 10
741 620 10
741 622 10
741 623 10
741 624 10
741 626 10
741 632 10
741 634 10
741 635 10
741 667 10
742 393 10
742 467 10
742 470 10
742 497 10
742 500 10
742 508 10
742 513 10
742 565 10
742 573 10
742 574 10
742 584 10
742 589 10
742 592 10
742 617 10
742 619 10
742 620 10
742 621 10
742 625 10
742 627 10
742 628 10
742 633 10
742 634 10
742 636 10
742 638 10
742 639 10
742 640 10
743 468 10
743 486 10
743 487 10
743 497 10
743 501 10
743 502 10
743 503 10
743 507 10
743 508 10
743 509 10
743 511 10
743 571 10
743 572 10
743 573 10
743 575 10
743 583 10
743 586 10
743 587 10
743 590 10
743 604 10
743 606 10
743 608 10
743 609 10
743 610 10
743 611 10
743 612 10
743 618 10
743 620 10
743 625 10
743 626 10
743 632 10
743 637 10
743 638 10
743 640 10
744 394 10
744 396 10
744 488 10
744 489 10
744 495 10
744 496 10
744 497 10
744 504 10
744 507 10
744 510 10
744 512 10
744 570 10
744 592 10
744 599 10
744 600 10
744 601 10
744 607 10
744 613 10
744 616 10
744 618 10
744 622 10
744 623 10
744 624 10
744 626 10
744 627 10
744 629 10
744 630 10
744 632 10
744 636 10
744 638 10
744 641 10
744 654 10
745 483 10
745 488 10
745 490 10
745 495 10
745 500 10
745 503 10
745 504 10
745 507 10
745 508 10
745 509 10
745 569 10
745 571 10
745 574 10
745 576 10
745 599 10
745 606 10
745 607 10
745 609 10
745 615 10
745 619 10
745 623 10
745 624 10
745 625 10
745 627 10
745 628 10
745 629 10
745 632 10
745 652 10
746 465 10
746 483 10
746 489 10
746 501 10
746 503 10
746 506 10
746 507 10
746 508 10
746 516 10
746 572 10
746 573 10
746 576 10
746 582 10
746 583 10
746 584 10
746 588 10
746 589 10
746 599 10
746 600 10
746 607 10
746 615 10
746 617 10
746 618 10
746 623 10
746 624 10
746 629 10
746 632 10
747 485 10
747 503 10
747 505 10
747 508 10
747 509 10
747 514 10
747 527 10
747 571 10
747 575 10
747 578 10
747 581 10
747 585 10
747 599 10
747 600 10
747 620 10
747 624 10
747 626 10
747 629 10
747 630 10
747 632 10
747 633 10
747 650 10
747 656 10
748 487 10
748 500 10
748 503 10
748 508 10
748 509 10
748 511 10
748 512 10
748 513 10
748 516 10
748 573 10
748 582 10
748 583 10
748 584 10
748 585 10
748 587 10
748 588 10
748 628 10
748 631 10
748 654 10
748 674 10
748 678 10
748 679 10
749 507 10
749 510 10
749 512 10
749 526 10
749 578 10
749 579 10
749 581 10
749 584 10
749 587 10
749 599 10
749 623 10
749 624 10
749 625 10
749 626 10
749 672 10
750 491 10
750 499 10
750 501 10
750 504 10
750 505 10
750 512 10
750 513 10
750 515 10
750 583 10
750 587 10
750 588 10
750 627 10
750 658 10
750 675 10
751 486 10
751 502 10
751 504 10
751 507 10
751 508 10
751 509 10
751 511 10
751 512 10
751 516 10
751 577 10
751 586 10
751 589 10
751 628 10
751 671 10
751 674 10
751 675 10
751 676 10
752 499 10
752 504 10
752 507 10
752 508 10
752 511 10
752 512 10
752 514 10
752 627 10
752 672 10
752 674 10
752 676 10
753 487 10
753 503 10
753 504 10
753 505 10
753 506 10
753 510 10
753 511 10
753 514 10
753 537 10
753 579 10
753 583 10
753 631 10
753 671 10
753 672 10
753 673 10
753 674 10
753 678 10
754 488 10
754 490 10
754 501 10
754 503 10
754 504 10
754 506 10
754 507 10
754 512 10
754 519 10
754 579 10
754 582 10
754 585 10
754 646 10
754 670 10
754 672 10
754 673 10
754 674 10
754 676 10
754 678 10
755 501 10
755 504 10
755 505 10
755 506 10
755 508 10
755 510 10
755 514 10
755 516 10
755 584 10
755 586 10
755 647 10
755 673 10
755 674 10
755 675 10
755 676 10
756 499 10
756 501 10
756 503 10
756 504 10
756 505 10
756 509 10
756 517 10
756 519 10
756 584 10
756 585 10
756 672 10
756 673 10
756 674 10
756 676 10
756 677 10
757 497 10
757 498 10
757 499 10
757 500 10
757 505 10
757 506 10
757 507 10
757 510 10
757 512 10
757 513 10
757 514 10
757 515 10
757 517 10
757 672 10
757 673 10
757 675 10
757 677 10
758 495 10
758 496 10
758 503 10
758 504 10
758 505 10
758 506 10
758 507 10
758 508 10
758 509 10
758 512 10
758 584 10
758 672 10
758 674 10
758 677 10
759 497 10
759 504 10
759 505 10
759 506 10
759 507 10
759 509 10
759 511 10
759 514 10
759 515 10
759 598 10
759 600 10
759 645 10
759 673 10
759 674 10
759 676 10
760 503 10
760 505 10
760 506 10
760 507 10
760 508 10
760 510 10
760 511 10
760 512 10
760 513 10
760 514 10
760 520 10
760 599 10
760 600 10
760 638 10
760 675 10
761 496 10
761 497 10
761 498 10
761 499 10
761 504 10
761 505 10
761 506 10
761 509 10
761 510 10
761 528 10
761 596 10
761 640 10
761 678 10
762 507 10
762 510 10
762 514 10
762 523 10
762 602 10
763 496 10
763 497 10
763 509 10
763 511 10
763 512 10
763 513 10
763 514 10
763 525 10
763 526 10
763 597 10
763 600 10
763 602 10
764 492 10
764 504 10
764 511 10
764 512 10
764 514 10
764 596 10
765 492 10
765 502 10
765 504 10
765 505 10
765 523 10
766 500 10
767 492 10
767 494 10
767 503 10
768 504 10
768 505 10
769 491 10
769 492 10
770 506 10
785 511 10
