1024
182 514 10
182 516 10
185 475 10
185 477 10
186 474 10
186 477 10
187 460 10
187 475 10
187 477 10
187 482 10
187 515 10
188 458 10
188 470 10
188 476 10
188 502 10
188 503 10
188 516 10
189 459 10
189 473 10
189 475 10
189 512 10
189 514 10
189 516 10
190 417 10
190 473 10
190 474 10
190 476 10
190 477 10
190 478 10
190 480 10
190 481 10
190 482 10
190 483 10
190 484 10
190 493 10
190 502 10
190 508 10
190 510 10
190 514 10
190 517 10
190 519 10
191 408 10
191 417 10
191 419 10
191 421 10
191 426 10
191 427 10
191 470 10
191 472 10
191 473 10
191 475 10
191 476 10
191 483 10
191 495 10
191 497 10
191 498 10
191 504 10
191 508 10
191 511 10
191 512 10
191 514 10
191 517 10
192 408 10
192 419 10
192 420 10
192 427 10
192 454 10
192 461 10
192 473 10
192 474 10
192 475 10
192 476 10
192 479 10
192 480 10
192 482 10
192 485 10
192 496 10
192 497 10
192 499 10
192 504 10
192 510 10
192 512 10
192 514 10
192 521 10
192 522 10
193 409 10
193 411 10
193 417 10
193 422 10
193 424 10
193 425 10
193 426 10
193 427 10
193 429 10
193 430 10
193 472 10
193 473 10
193 474 10
193 478 10
193 480 10
193 482 10
193 499 10
193 510 10
193 518 10
193 519 10
194 386 10
194 400 10
194 401 10
194 412 10
194 414 10
194 415 10
194 418 10
194 420 10
194 423 10
194 427 10
194 465 10
194 473 10
194 474 10
194 475 10
194 476 10
194 480 10
194 481 10
194 496 10
194 498 10
194 500 10
194 505 10
194 506 10
194 509 10
194 512 10
194 514 10
195 403 10
195 404 10
195 405 10
195 406 10
195 413 10
195 416 10
195 417 10
195 422 10
195 425 10
195 449 10
195 462 10
195 463 10
195 473 10
195 474 10
195 477 10
195 479 10
195 480 10
195 506 10
195 509 10
195 514 10
195 522 10
195 524 10
196 389 10
196 401 10
196 404 10
196 405 10
196 406 10
196 415 10
196 416 10
196 418 10
196 419 10
196 421 10
196 422 10
196 423 10
196 425 10
196 448 10
196 464 10
196 466 10
196 472 10
196 474 10
196 475 10
196 477 10
196 478 10
196 482 10
196 498 10
196 500 10
196 505 10
196 507 10
196 509 10
196 510 10
196 513 10
196 520 10
196 522 10
196 524 10
196 525 10
197 386 10
197 391 10
197 395 10
197 402 10
197 404 10
197 405 10
197 414 10
197 415 10
197 425 10
197 427 10
197 428 10
197 463 10
197 473 10
197 474 10
197 475 10
197 476 10
197 480 10
197 492 10
197 494 10
197 495 10
197 504 10
197 506 10
197 511 10
197 512 10
197 515 10
198 390 10
198 392 10
198 393 10
198 400 10
198 402 10
198 403 10
198 405 10
198 407 10
198 408 10
198 416 10
198 417 10
198 424 10
198 426 10
198 465 10
198 472 10
198 474 10
198 477 10
198 493 10
198 494 10
198 509 10
198 510 10
198 512 10
198 520 10
198 522 10
198 526 10
199 390 10
199 391 10
199 394 10
199 398 10
199 400 10
199 402 10
199 408 10
199 410 10
199 412 10
199 414 10
199 416 10
199 423 10
199 425 10
199 427 10
199 466 10
199 485 10
199 487 10
199 493 10
199 495 10
199 504 10
199 508 10
199 510 10
199 512 10
199 516 10
199 517 10
200 383 10
200 388 10
200 389 10
200 392 10
200 394 10
200 395 10
200 396 10
200 397 10
200 400 10
200 403 10
200 404 10
200 406 10
200 408 10
200 417 10
200 418 10
200 423 10
200 425 10
200 427 10
200 465 10
200 502 10
200 503 10
200 504 10
200 506 10
200 508 10
200 509 10
200 511 10
200 513 10
200 517 10
200 520 10
200 525 10
200 531 10
200 542 10
201 389 10
201 390 10
201 394 10
201 403 10
201 404 10
201 405 10
201 414 10
201 415 10
201 416 10
201 425 10
201 428 10
201 429 10
201 434 10
201 492 10
201 499 10
201 509 10
201 510 10
201 511 10
201 514 10
201 517 10
201 523 10
201 528 10
201 530 10
201 531 10
201 534 10
201 540 10
201 541 10
201 542 10
201 546 10
202 383 10
202 386 10
202 387 10
202 390 10
202 393 10
202 399 10
202 402 10
202 404 10
202 412 10
202 426 10
202 428 10
202 455 10
202 493 10
202 496 10
202 499 10
202 501 10
202 503 10
202 504 10
202 505 10
202 509 10
202 510 10
202 511 10
202 512 10
202 515 10
202 516 10
202 517 10
202 518 10
202 519 10
202 522 10
202 529 10
202 530 10
202 531 10
202 536 10
202 542 10
203 387 10
203 392 10
203 403 10
203 405 10
203 407 10
203 408 10
203 417 10
203 418 10
203 419 10
203 425 10
203 426 10
203 427 10
203 428 10
203 429 10
203 431 10
203 432 10
203 435 10
203 463 10
203 465 10
203 468 10
203 493 10
203 498 10
203 501 10
203 502 10
203 506 10
203 511 10
203 512 10
203 516 10
203 517 10
203 518 10
203 524 10
203 525 10
203 528 10
203 530 10
203 531 10
203 536 10
203 539 10
203 540 10
203 542 10
203 543 10
203 547 10
203 549 10
203 551 10
204 379 10
204 384 10
204 388 10
204 391 10
204 392 10
204 394 10
204 405 10
204 407 10
204 425 10
204 428 10
204 430 10
204 464 10
204 465 10
204 468 10
204 470 10
204 478 10
204 487 10
204 492 10
204 496 10
204 499 10
204 500 10
204 502 10
204 506 10
204 507 10
204 509 10
204 510 10
204 514 10
204 515 10
204 516 10
204 517 10
204 518 10
204 520 10
204 522 10
204 523 10
204 530 10
204 534 10
204 535 10
204 536 10
204 539 10
204 544 10
204 545 10
204 550 10
205 381 10
205 386 10
205 387 10
205 394 10
205 397 10
205 407 10
205 418 10
205 419 10
205 429 10
205 430 10
205 434 10
205 462 10
205 464 10
205 466 10
205 469 10
205 470 10
205 482 10
205 489 10
205 495 10
205 497 10
205 498 10
205 505 10
205 507 10
205 509 10
205 510 10
205 512 10
205 513 10
205 515 10
205 517 10
205 518 10
205 521 10
205 522 10
205 523 10
205 524 10
205 528 10
205 530 10
205 532 10
205 534 10
205 535 10
205 538 10
205 539 10
205 541 10
205 542 10
205 546 10
205 548 10
205 553 10
206 337 10
206 381 10
206 382 10
206 385 10
206 400 10
206 418 10
206 422 10
206 425 10
206 428 10
206 429 10
206 432 10
206 433 10
206 458 10
206 459 10
206 463 10
206 467 10
206 468 10
206 472 10
206 473 10
206 480 10
206 485 10
206 488 10
206 492 10
206 496 10
206 499 10
206 502 10
206 504 10
206 511 10
206 512 10
206 513 10
206 514 10
206 515 10
206 518 10
206 519 10
206 520 10
206 522 10
206 531 10
206 534 10
206 539 10
206 541 10
206 542 10
206 544 10
206 545 10
206 550 10
207 335 10
207 387 10
207 389 10
207 397 10
207 399 10
207 407 10
207 414 10
207 420 10
207 423 10
207 424 10
207 434 10
207 458 10
207 461 10
207 463 10
207 468 10
207 469 10
207 470 10
207 471 10
207 472 10
207 473 10
207 479 10
207 486 10
207 488 10
207 493 10
207 495 10
207 499 10
207 500 10
207 501 10
207 503 10
207 504 10
207 505 10
207 506 10
207 508 10
207 509 10
207 512 10
207 519 10
207 520 10
207 522 10
207 523 10
207 526 10
207 529 10
207 533 10
207 534 10
207 535 10
207 539 10
207 540 10
207 541 10
207 542 10
207 543 10
207 544 10
207 545 10
207 546 10
207 548 10
207 551 10
208 335 10
208 381 10
208 383 10
208 384 10
208 386 10
208 390 10
208 391 10
208 400 10
208 411 10
208 416 10
208 432 10
208 433 10
208 434 10
208 435 10
208 456 10
208 463 10
208 466 10
208 467 10
208 468 10
208 469 10
208 472 10
208 481 10
208 488 10
208 496 10
208 497 10
208 498 10
208 499 10
208 500 10
208 501 10
208 503 10
208 505 10
208 506 10
208 508 10
208 509 10
208 511 10
208 512 10
208 513 10
208 516 10
208 517 10
208 520 10
208 521 10
208 523 10
208 532 10
208 533 10
208 538 10
208 540 10
208 541 10
208 544 10
208 547 10
208 549 10
208 551 10
209 384 10
209 385 10
209 388 10
209 408 10
209 410 10
209 416 10
209 418 10
209 461 10
209 465 10
209 467 10
209 468 10
209 469 10
209 470 10
209 471 10
209 472 10
209 474 10
209 481 10
209 485 10
209 494 10
209 495 10
209 500 10
209 502 10
209 504 10
209 505 10
209 507 10
209 508 10
209 510 10
209 511 10
209 513 10
209 514 10
209 516 10
209 521 10
209 522 10
209 523 10
209 524 10
209 526 10
209 528 10
209 531 10
209 537 10
209 539 10
209 540 10
209 541 10
209 542 10
209 546 10
210 341 10
210 385 10
210 415 10
210 417 10
210 454 10
210 457 10
210 459 10
210 464 10
210 465 10
210 466 10
210 468 10
210 469 10
210 470 10
210 471 10
210 472 10
210 473 10
210 474 10
210 475 10
210 476 10
210 477 10
210 485 10
210 494 10
210 499 10
210 502 10
210 504 10
210 506 10
210 507 10
210 508 10
210 509 10
210 510 10
210 512 10
210 513 10
210 514 10
210 515 10
210 516 10
210 517 10
210 521 10
210 522 10
210 525 10
210 526 10
210 528 10
210 531 10
210 539 10
210 544 10
210 548 10
210 551 10
210 552 10
211 341 10
211 383 10
211 389 10
211 397 10
211 408 10
211 409 10
211 410 10
211 411 10
211 412 10
211 413 10
211 414 10
211 417 10
211 437 10
211 441 10
211 456 10
211 458 10
211 461 10
211 463 10
211 464 10
211 467 10
211 468 10
211 470 10
211 471 10
211 472 10
211 474 10
211 497 10
211 502 10
211 504 10
211 506 10
211 507 10
211 508 10
211 509 10
211 512 10
211 513 10
211 515 10
211 517 10
211 519 10
211 520 10
211 521 10
211 522 10
211 524 10
211 525 10
211 526 10
211 528 10
211 532 10
211 538 10
211 543 10
211 546 10
211 549 10
211 550 10
211 551 10
211 552 10
211 556 10
211 558 10
211 569 10
211 572 10
211 573 10
211 575 10
212 340 10
212 410 10
212 411 10
212 412 10
212 414 10
212 416 10
212 417 10
212 418 10
212 419 10
212 423 10
212 433 10
212 435 10
212 457 10
212 458 10
212 459 10
212 460 10
212 463 10
212 471 10
212 472 10
212 473 10
212 474 10
212 476 10
212 495 10
212 511 10
212 512 10
212 513 10
212 515 10
212 517 10
212 521 10
212 525 10
212 526 10
212 528 10
212 530 10
212 532 10
212 537 10
212 538 10
212 539 10
212 543 10
212 548 10
212 554 10
212 557 10
212 559 10
212 576 10
213 338 10
213 383 10
213 412 10
213 413 10
213 414 10
213 416 10
213 417 10
213 426 10
213 427 10
213 430 10
213 431 10
213 433 10
213 434 10
213 443 10
213 445 10
213 446 10
213 456 10
213 458 10
213 462 10
213 472 10
213 475 10
213 478 10
213 482 10
213 497 10
213 503 10
213 504 10
213 507 10
213 510 10
213 514 10
213 515 10
213 519 10
213 520 10
213 523 10
213 524 10
213 525 10
213 527 10
213 528 10
213 529 10
213 530 10
213 531 10
213 532 10
213 534 10
213 535 10
213 536 10
213 539 10
213 545 10
213 548 10
213 549 10
213 550 10
213 553 10
213 554 10
213 555 10
213 557 10
213 566 10
213 574 10
214 360 10
214 361 10
214 363 10
214 373 10
214 375 10
214 383 10
214 410 10
214 411 10
214 414 10
214 418 10
214 422 10
214 425 10
214 426 10
214 428 10
214 429 10
214 433 10
214 434 10
214 435 10
214 440 10
214 444 10
214 447 10
214 460 10
214 470 10
214 474 10
214 475 10
214 482 10
214 483 10
214 484 10
214 495 10
214 500 10
214 503 10
214 507 10
214 510 10
214 512 10
214 513 10
214 514 10
214 516 10
214 517 10
214 519 10
214 521 10
214 522 10
214 526 10
214 527 10
214 534 10
214 540 10
214 542 10
214 555 10
214 557 10
214 562 10
214 563 10
214 566 10
214 575 10
214 576 10
215 359 10
215 365 10
215 366 10
215 376 10
215 378 10
215 380 10
215 394 10
215 411 10
215 412 10
215 414 10
215 415 10
215 416 10
215 426 10
215 431 10
215 432 10
215 439 10
215 443 10
215 446 10
215 447 10
215 457 10
215 458 10
215 459 10
215 460 10
215 469 10
215 471 10
215 473 10
215 482 10
215 483 10
215 493 10
215 496 10
215 497 10
215 498 10
215 505 10
215 506 10
215 508 10
215 509 10
215 514 10
215 515 10
215 520 10
215 521 10
215 524 10
215 525 10
215 528 10
215 529 10
215 530 10
215 531 10
215 532 10
215 533 10
215 535 10
215 537 10
215 547 10
215 549 10
215 550 10
215 552 10
215 556 10
215 565 10
215 567 10
215 568 10
215 569 10
215 573 10
215 576 10
216 345 10
216 359 10
216 361 10
216 363 10
216 364 10
216 366 10
216 370 10
216 376 10
216 379 10
216 381 10
216 384 10
216 393 10
216 395 10
216 411 10
216 413 10
216 417 10
216 418 10
216 424 10
216 425 10
216 426 10
216 427 10
216 428 10
216 429 10
216 430 10
216 431 10
216 440 10
216 442 10
216 443 10
216 444 10
216 445 10
216 448 10
216 449 10
216 450 10
216 451 10
216 452 10
216 458 10
216 460 10
216 461 10
216 469 10
216 471 10
216 476 10
216 481 10
216 483 10
216 488 10
216 493 10
216 497 10
216 501 10
216 502 10
216 503 10
216 504 10
216 505 10
216 506 10
216 507 10
216 508 10
216 511 10
216 512 10
216 513 10
216 514 10
216 519 10
216 520 10
216 522 10
216 536 10
216 537 10
216 538 10
216 539 10
216 545 10
216 548 10
216 550 10
216 557 10
216 564 10
216 566 10
216 568 10
216 569 10
216 570 10
216 571 10
216 573 10
216 574 10
217 348 10
217 350 10
217 360 10
217 361 10
217 365 10
217 369 10
217 372 10
217 376 10
217 377 10
217 380 10
217 382 10
217 392 10
217 414 10
217 429 10
217 430 10
217 432 10
217 433 10
217 438 10
217 440 10
217 442 10
217 444 10
217 445 10
217 447 10
217 448 10
217 450 10
217 455 10
217 459 10
217 462 10
217 471 10
217 476 10
217 480 10
217 483 10
217 484 10
217 488 10
217 490 10
217 494 10
217 501 10
217 504 10
217 505 10
217 507 10
217 509 10
217 510 10
217 512 10
217 515 10
217 519 10
217 521 10
217 522 10
217 526 10
217 527 10
217 529 10
217 533 10
217 536 10
217 539 10
217 544 10
217 545 10
217 547 10
217 551 10
217 563 10
217 564 10
217 566 10
217 567 10
217 568 10
217 570 10
217 571 10
218 347 10
218 358 10
218 360 10
218 363 10
218 373 10
218 379 10
218 383 10
218 411 10
218 412 10
218 413 10
218 414 10
218 416 10
218 417 10
218 418 10
218 419 10
218 426 10
218 430 10
218 435 10
218 441 10
218 442 10
218 444 10
218 446 10
218 447 10
218 448 10
218 450 10
218 451 10
218 455 10
218 457 10
218 465 10
218 477 10
218 478 10
218 483 10
218 485 10
218 486 10
218 487 10
218 488 10
218 489 10
218 495 10
218 498 10
218 503 10
218 504 10
218 506 10
218 507 10
218 509 10
218 510 10
218 514 10
218 517 10
218 522 10
218 524 10
218 533 10
218 536 10
218 538 10
218 542 10
218 544 10
218 546 10
218 548 10
218 549 10
218 551 10
218 562 10
218 564 10
218 567 10
218 570 10
218 571 10
218 572 10
218 573 10
218 574 10
219 335 10
219 339 10
219 340 10
219 345 10
219 347 10
219 352 10
219 359 10
219 360 10
219 361 10
219 362 10
219 365 10
219 370 10
219 372 10
219 376 10
219 378 10
219 379 10
219 380 10
219 381 10
219 384 10
219 412 10
219 415 10
219 416 10
219 426 10
219 428 10
219 430 10
219 432 10
219 442 10
219 447 10
219 448 10
219 449 10
219 452 10
219 454 10
219 455 10
219 456 10
219 457 10
219 458 10
219 461 10
219 463 10
219 464 10
219 465 10
219 468 10
219 471 10
219 472 10
219 476 10
219 477 10
219 480 10
219 481 10
219 482 10
219 483 10
219 484 10
219 485 10
219 486 10
219 487 10
219 488 10
219 490 10
219 491 10
219 492 10
219 495 10
219 496 10
219 498 10
219 499 10
219 505 10
219 511 10
219 513 10
219 519 10
219 520 10
219 521 10
219 522 10
219 525 10
219 526 10
219 535 10
219 536 10
219 537 10
219 539 10
219 547 10
219 551 10
219 566 10
219 567 10
219 568 10
219 569 10
219 571 10
219 573 10
219 574 10
219 575 10
220 334 10
220 336 10
220 341 10
220 354 10
220 360 10
220 361 10
220 362 10
220 363 10
220 364 10
220 365 10
220 367 10
220 371 10
220 374 10
220 377 10
220 385 10
220 404 10
220 414 10
220 418 10
220 419 10
220 422 10
220 426 10
220 427 10
220 429 10
220 433 10
220 445 10
220 447 10
220 454 10
220 455 10
220 456 10
220 457 10
220 459 10
220 460 10
220 462 10
220 465 10
220 477 10
220 479 10
220 480 10
220 483 10
220 484 10
220 485 10
220 486 10
220 487 10
220 488 10
220 489 10
220 491 10
220 495 10
220 496 10
220 499 10
220 504 10
220 506 10
220 507 10
220 508 10
220 509 10
220 515 10
220 524 10
220 525 10
220 539 10
220 548 10
220 549 10
220 550 10
220 562 10
220 568 10
220 569 10
220 571 10
220 573 10
220 574 10
220 575 10
220 577 10
220 579 10
220 580 10
221 332 10
221 333 10
221 336 10
221 338 10
221 340 10
221 341 10
221 347 10
221 350 10
221 351 10
221 356 10
221 357 10
221 358 10
221 359 10
221 360 10
221 362 10
221 364 10
221 365 10
221 367 10
221 371 10
221 373 10
221 375 10
221 376 10
221 377 10
221 379 10
221 383 10
221 406 10
221 408 10
221 416 10
221 424 10
221 428 10
221 431 10
221 445 10
221 449 10
221 451 10
221 453 10
221 454 10
221 455 10
221 459 10
221 460 10
221 477 10
221 479 10
221 482 10
221 483 10
221 484 10
221 485 10
221 486 10
221 487 10
221 488 10
221 489 10
221 490 10
221 494 10
221 495 10
221 496 10
221 497 10
221 498 10
221 503 10
221 507 10
221 508 10
221 511 10
221 513 10
221 519 10
221 536 10
221 537 10
221 538 10
221 539 10
221 540 10
221 541 10
221 542 10
221 543 10
221 561 10
221 563 10
221 564 10
221 568 10
221 570 10
221 573 10
221 574 10
221 579 10
221 580 10
222 333 10
222 334 10
222 335 10
222 336 10
222 338 10
222 341 10
222 344 10
222 349 10
222 355 10
222 356 10
222 359 10
222 361 10
222 363 10
222 365 10
222 367 10
222 370 10
222 372 10
222 377 10
222 379 10
222 382 10
222 383 10
222 386 10
222 388 10
222 390 10
222 393 10
222 394 10
222 395 10
222 407 10
222 408 10
222 411 10
222 414 10
222 418 10
222 419 10
222 423 10
222 424 10
222 429 10
222 430 10
222 431 10
222 432 10
222 433 10
222 457 10
222 458 10
222 478 10
222 479 10
222 480 10
222 481 10
222 482 10
222 483 10
222 484 10
222 485 10
222 486 10
222 487 10
222 489 10
222 493 10
222 494 10
222 497 10
222 502 10
222 503 10
222 505 10
222 513 10
222 515 10
222 521 10
222 525 10
222 533 10
222 535 10
222 536 10
222 537 10
222 538 10
222 539 10
222 544 10
222 545 10
222 560 10
222 561 10
222 568 10
222 569 10
222 571 10
222 573 10
222 574 10
222 576 10
222 582 10
223 331 10
223 333 10
223 335 10
223 337 10
223 339 10
223 344 10
223 347 10
223 348 10
223 359 10
223 360 10
223 361 10
223 362 10
223 366 10
223 367 10
223 370 10
223 371 10
223 373 10
223 376 10
223 379 10
223 383 10
223 388 10
223 389 10
223 397 10
223 418 10
223 427 10
223 428 10
223 431 10
223 443 10
223 448 10
223 452 10
223 455 10
223 456 10
223 460 10
223 478 10
223 480 10
223 481 10
223 483 10
223 484 10
223 485 10
223 486 10
223 487 10
223 489 10
223 490 10
223 495 10
223 499 10
223 502 10
223 504 10
223 507 10
223 508 10
223 509 10
223 511 10
223 512 10
223 526 10
223 527 10
223 537 10
223 544 10
223 547 10
223 560 10
223 561 10
223 562 10
223 563 10
223 572 10
223 573 10
223 576 10
223 578 10
224 328 10
224 329 10
224 331 10
224 332 10
224 334 10
224 336 10
224 337 10
224 338 10
224 339 10
224 343 10
224 345 10
224 358 10
224 360 10
224 364 10
224 371 10
224 372 10
224 373 10
224 375 10
224 376 10
224 379 10
224 385 10
224 388 10
224 393 10
224 395 10
224 397 10
224 424 10
224 429 10
224 432 10
224 446 10
224 455 10
224 456 10
224 459 10
224 461 10
224 474 10
224 475 10
224 476 10
224 478 10
224 480 10
224 482 10
224 484 10
224 487 10
224 489 10
224 490 10
224 491 10
224 493 10
224 497 10
224 499 10
224 501 10
224 502 10
224 505 10
224 506 10
224 507 10
224 508 10
224 509 10
224 510 10
224 511 10
224 513 10
224 514 10
224 518 10
224 523 10
224 533 10
224 536 10
224 537 10
224 538 10
224 539 10
224 540 10
224 541 10
224 544 10
224 545 10
224 559 10
224 560 10
224 565 10
224 566 10
224 573 10
224 575 10
224 577 10
224 578 10
224 580 10
224 581 10
224 582 10
225 329 10
225 330 10
225 333 10
225 337 10
225 339 10
225 344 10
225 345 10
225 346 10
225 347 10
225 359 10
225 360 10
225 362 10
225 364 10
225 365 10
225 368 10
225 369 10
225 375 10
225 384 10
225 385 10
225 386 10
225 387 10
225 389 10
225 396 10
225 397 10
225 415 10
225 418 10
225 442 10
225 458 10
225 461 10
225 462 10
225 473 10
225 483 10
225 484 10
225 486 10
225 489 10
225 490 10
225 492 10
225 493 10
225 495 10
225 496 10
225 500 10
225 501 10
225 502 10
225 503 10
225 504 10
225 505 10
225 506 10
225 507 10
225 510 10
225 511 10
225 512 10
225 514 10
225 516 10
225 525 10
225 535 10
225 536 10
225 538 10
225 542 10
225 546 10
225 547 10
225 554 10
225 556 10
225 560 10
225 561 10
225 565 10
225 567 10
225 569 10
225 575 10
225 576 10
225 577 10
225 579 10
225 581 10
226 329 10
226 336 10
226 338 10
226 344 10
226 345 10
226 349 10
226 363 10
226 364 10
226 365 10
226 370 10
226 383 10
226 385 10
226 391 10
226 395 10
226 398 10
226 415 10
226 448 10
226 455 10
226 458 10
226 459 10
226 460 10
226 462 10
226 475 10
226 480 10
226 481 10
226 483 10
226 486 10
226 489 10
226 491 10
226 493 10
226 495 10
226 496 10
226 503 10
226 504 10
226 505 10
226 506 10
226 507 10
226 508 10
226 509 10
226 510 10
226 511 10
226 512 10
226 513 10
226 516 10
226 519 10
226 523 10
226 527 10
226 532 10
226 533 10
226 535 10
226 540 10
226 541 10
226 542 10
226 543 10
226 544 10
226 545 10
226 546 10
226 557 10
226 558 10
226 560 10
226 562 10
226 563 10
226 564 10
226 565 10
226 569 10
226 572 10
226 574 10
226 575 10
226 576 10
226 577 10
226 580 10
226 581 10
226 582 10
227 334 10
227 335 10
227 337 10
227 338 10
227 340 10
227 341 10
227 345 10
227 347 10
227 351 10
227 355 10
227 357 10
227 358 10
227 359 10
227 361 10
227 379 10
227 384 10
227 385 10
227 389 10
227 395 10
227 399 10
227 413 10
227 418 10
227 456 10
227 460 10
227 461 10
227 473 10
227 482 10
227 483 10
227 486 10
227 489 10
227 490 10
227 491 10
227 492 10
227 493 10
227 497 10
227 502 10
227 503 10
227 504 10
227 505 10
227 506 10
227 507 10
227 508 10
227 509 10
227 510 10
227 511 10
227 512 10
227 513 10
227 515 10
227 516 10
227 517 10
227 518 10
227 524 10
227 528 10
227 529 10
227 533 10
227 534 10
227 536 10
227 541 10
227 543 10
227 545 10
227 551 10
227 553 10
227 555 10
227 556 10
227 559 10
227 560 10
227 561 10
227 566 10
227 574 10
227 575 10
227 576 10
227 579 10
227 581 10
227 582 10
228 327 10
228 334 10
228 335 10
228 336 10
228 337 10
228 340 10
228 343 10
228 345 10
228 346 10
228 351 10
228 360 10
228 363 10
228 364 10
228 369 10
228 370 10
228 397 10
228 412 10
228 416 10
228 435 10
228 446 10
228 453 10
228 455 10
228 457 10
228 463 10
228 464 10
228 482 10
228 484 10
228 486 10
228 487 10
228 488 10
228 490 10
228 491 10
228 492 10
228 494 10
228 498 10
228 503 10
228 504 10
228 505 10
228 506 10
228 507 10
228 508 10
228 509 10
228 510 10
228 512 10
228 514 10
228 515 10
228 517 10
228 518 10
228 522 10
228 526 10
228 527 10
228 528 10
228 531 10
228 534 10
228 535 10
228 536 10
228 541 10
228 543 10
228 544 10
228 545 10
228 551 10
228 552 10
228 553 10
228 555 10
228 556 10
228 558 10
228 559 10
228 562 10
228 563 10
228 564 10
228 565 10
228 567 10
228 568 10
228 569 10
228 572 10
228 573 10
228 575 10
228 576 10
228 577 10
228 579 10
228 580 10
228 581 10
229 327 10
229 329 10
229 332 10
229 333 10
229 335 10
229 336 10
229 337 10
229 339 10
229 341 10
229 342 10
229 343 10
229 344 10
229 345 10
229 349 10
229 350 10
229 352 10
229 358 10
229 360 10
229 361 10
229 362 10
229 363 10
229 367 10
229 379 10
229 391 10
229 411 10
229 421 10
229 440 10
229 444 10
229 446 10
229 450 10
229 451 10
229 452 10
229 456 10
229 460 10
229 461 10
229 462 10
229 483 10
229 488 10
229 494 10
229 497 10
229 498 10
229 501 10
229 503 10
229 504 10
229 505 10
229 507 10
229 508 10
229 511 10
229 512 10
229 513 10
229 514 10
229 516 10
229 518 10
229 519 10
229 520 10
229 521 10
229 523 10
229 526 10
229 529 10
229 531 10
229 532 10
229 535 10
229 537 10
229 539 10
229 542 10
229 544 10
229 549 10
229 554 10
229 557 10
229 562 10
229 563 10
229 565 10
229 566 10
229 567 10
229 581 10
229 582 10
229 583 10
229 587 10
230 327 10
230 328 10
230 331 10
230 334 10
230 335 10
230 337 10
230 342 10
230 344 10
230 345 10
230 349 10
230 350 10
230 351 10
230 352 10
230 363 10
230 365 10
230 367 10
230 368 10
230 369 10
230 371 10
230 379 10
230 389 10
230 391 10
230 395 10
230 397 10
230 405 10
230 409 10
230 421 10
230 450 10
230 452 10
230 461 10
230 477 10
230 483 10
230 484 10
230 485 10
230 487 10
230 488 10
230 491 10
230 492 10
230 493 10
230 496 10
230 500 10
230 501 10
230 503 10
230 504 10
230 505 10
230 506 10
230 507 10
230 508 10
230 509 10
230 510 10
230 515 10
230 517 10
230 518 10
230 521 10
230 523 10
230 525 10
230 528 10
230 529 10
230 530 10
230 532 10
230 536 10
230 539 10
230 541 10
230 542 10
230 544 10
230 551 10
230 552 10
230 553 10
230 555 10
230 557 10
230 558 10
230 562 10
230 563 10
230 565 10
230 566 10
230 568 10
230 575 10
230 576 10
230 579 10
230 585 10
230 586 10
230 592 10
231 327 10
231 331 10
231 332 10
231 334 10
231 335 10
231 338 10
231 340 10
231 343 10
231 344 10
231 346 10
231 347 10
231 348 10
231 350 10
231 354 10
231 360 10
231 361 10
231 363 10
231 366 10
231 379 10
231 388 10
231 389 10
231 404 10
231 405 10
231 415 10
231 416 10
231 417 10
231 419 10
231 436 10
231 438 10
231 440 10
231 442 10
231 444 10
231 481 10
231 482 10
231 483 10
231 484 10
231 486 10
231 487 10
231 489 10
231 491 10
231 492 10
231 493 10
231 494 10
231 501 10
231 502 10
231 503 10
231 511 10
231 513 10
231 515 10
231 516 10
231 517 10
231 518 10
231 521 10
231 522 10
231 523 10
231 527 10
231 528 10
231 530 10
231 533 10
231 537 10
231 538 10
231 540 10
231 543 10
231 545 10
231 550 10
231 554 10
231 555 10
231 563 10
231 565 10
231 566 10
231 567 10
231 576 10
231 579 10
231 581 10
231 582 10
231 583 10
231 586 10
231 588 10
231 592 10
231 596 10
232 325 10
232 326 10
232 328 10
232 331 10
232 333 10
232 336 10
232 337 10
232 338 10
232 341 10
232 342 10
232 344 10
232 345 10
232 346 10
232 348 10
232 349 10
232 350 10
232 352 10
232 355 10
232 361 10
232 362 10
232 363 10
232 365 10
232 366 10
232 367 10
232 368 10
232 369 10
232 370 10
232 371 10
232 373 10
232 378 10
232 379 10
232 380 10
232 382 10
232 389 10
232 391 10
232 392 10
232 403 10
232 404 10
232 406 10
232 408 10
232 417 10
232 418 10
232 420 10
232 421 10
232 422 10
232 423 10
232 424 10
232 425 10
232 426 10
232 428 10
232 439 10
232 440 10
232 441 10
232 442 10
232 446 10
232 455 10
232 460 10
232 476 10
232 480 10
232 484 10
232 486 10
232 489 10
232 492 10
232 494 10
232 500 10
232 502 10
232 503 10
232 504 10
232 506 10
232 507 10
232 509 10
232 513 10
232 515 10
232 516 10
232 517 10
232 519 10
232 529 10
232 531 10
232 532 10
232 535 10
232 537 10
232 539 10
232 540 10
232 542 10
232 548 10
232 552 10
232 557 10
232 558 10
232 559 10
232 562 10
232 563 10
232 564 10
232 568 10
232 569 10
232 573 10
232 578 10
232 581 10
232 583 10
232 587 10
232 593 10
232 594 10
233 325 10
233 326 10
233 329 10
233 335 10
233 336 10
233 338 10
233 340 10
233 342 10
233 343 10
233 344 10
233 346 10
233 347 10
233 348 10
233 349 10
233 351 10
233 352 10
233 356 10
233 358 10
233 362 10
233 378 10
233 387 10
233 389 10
233 391 10
233 392 10
233 395 10
233 400 10
233 402 10
233 404 10
233 405 10
233 418 10
233 420 10
233 421 10
233 424 10
233 428 10
233 429 10
233 437 10
233 438 10
233 440 10
233 443 10
233 444 10
233 446 10
233 453 10
233 454 10
233 456 10
233 457 10
233 458 10
233 467 10
233 468 10
233 481 10
233 482 10
233 483 10
233 484 10
233 486 10
233 490 10
233 495 10
233 496 10
233 497 10
233 501 10
233 502 10
233 505 10
233 513 10
233 515 10
233 516 10
233 517 10
233 519 10
233 520 10
233 526 10
233 528 10
233 530 10
233 531 10
233 532 10
233 535 10
233 537 10
233 540 10
233 544 10
233 550 10
233 551 10
233 554 10
233 561 10
233 562 10
233 564 10
233 565 10
233 567 10
233 578 10
233 580 10
233 585 10
233 586 10
233 588 10
233 589 10
233 590 10
233 592 10
234 325 10
234 329 10
234 330 10
234 331 10
234 332 10
234 341 10
234 342 10
234 344 10
234 346 10
234 348 10
234 349 10
234 350 10
234 351 10
234 352 10
234 354 10
234 355 10
234 360 10
234 361 10
234 362 10
234 363 10
234 365 10
234 368 10
234 369 10
234 370 10
234 376 10
234 377 10
234 380 10
234 389 10
234 391 10
234 401 10
234 402 10
234 403 10
234 404 10
234 405 10
234 407 10
234 409 10
234 410 10
234 418 10
234 419 10
234 420 10
234 423 10
234 424 10
234 427 10
234 433 10
234 435 10
234 437 10
234 438 10
234 439 10
234 442 10
234 443 10
234 446 10
234 453 10
234 459 10
234 464 10
234 468 10
234 469 10
234 470 10
234 471 10
234 472 10
234 480 10
234 481 10
234 485 10
234 486 10
234 487 10
234 489 10
234 491 10
234 492 10
234 500 10
234 501 10
234 505 10
234 506 10
234 507 10
234 508 10
234 509 10
234 510 10
234 511 10
234 512 10
234 514 10
234 516 10
234 517 10
234 522 10
234 526 10
234 528 10
234 530 10
234 531 10
234 532 10
234 537 10
234 538 10
234 539 10
234 540 10
234 541 10
234 542 10
234 543 10
234 544 10
234 546 10
234 547 10
234 548 10
234 551 10
234 552 10
234 554 10
234 556 10
234 558 10
234 561 10
234 563 10
234 566 10
234 567 10
234 573 10
234 579 10
234 581 10
234 582 10
234 584 10
234 586 10
234 588 10
234 590 10
234 591 10
234 592 10
234 593 10
234 594 10
235 325 10
235 330 10
235 331 10
235 334 10
235 335 10
235 336 10
235 337 10
235 338 10
235 339 10
235 341 10
235 342 10
235 343 10
235 344 10
235 346 10
235 347 10
235 348 10
235 350 10
235 351 10
235 352 10
235 354 10
235 356 10
235 362 10
235 364 10
235 365 10
235 366 10
235 367 10
235 368 10
235 376 10
235 377 10
235 378 10
235 380 10
235 382 10
235 385 10
235 396 10
235 399 10
235 400 10
235 403 10
235 405 10
235 407 10
235 408 10
235 417 10
235 419 10
235 420 10
235 421 10
235 423 10
235 424 10
235 425 10
235 434 10
235 435 10
235 436 10
235 437 10
235 442 10
235 443 10
235 444 10
235 453 10
235 459 10
235 463 10
235 468 10
235 471 10
235 474 10
235 475 10
235 477 10
235 482 10
235 483 10
235 487 10
235 489 10
235 490 10
235 491 10
235 499 10
235 500 10
235 501 10
235 503 10
235 504 10
235 506 10
235 507 10
235 508 10
235 509 10
235 511 10
235 513 10
235 514 10
235 515 10
235 516 10
235 519 10
235 520 10
235 521 10
235 526 10
235 528 10
235 531 10
235 533 10
235 537 10
235 538 10
235 539 10
235 541 10
235 542 10
235 545 10
235 556 10
235 561 10
235 568 10
235 571 10
235 575 10
235 584 10
235 585 10
235 586 10
235 587 10
235 591 10
235 593 10
236 324 10
236 331 10
236 332 10
236 333 10
236 337 10
236 340 10
236 341 10
236 344 10
236 345 10
236 346 10
236 347 10
236 349 10
236 350 10
236 351 10
236 352 10
236 356 10
236 359 10
236 360 10
236 361 10
236 364 10
236 365 10
236 366 10
236 367 10
236 368 10
236 370 10
236 371 10
236 377 10
236 402 10
236 403 10
236 404 10
236 405 10
236 418 10
236 428 10
236 438 10
236 440 10
236 442 10
236 445 10
236 449 10
236 452 10
236 453 10
236 454 10
236 456 10
236 458 10
236 459 10
236 464 10
236 466 10
236 467 10
236 468 10
236 474 10
236 475 10
236 477 10
236 489 10
236 498 10
236 501 10
236 502 10
236 503 10
236 505 10
236 506 10
236 507 10
236 510 10
236 511 10
236 515 10
236 516 10
236 517 10
236 519 10
236 522 10
236 523 10
236 525 10
236 526 10
236 529 10
236 530 10
236 536 10
236 537 10
236 540 10
236 541 10
236 542 10
236 547 10
236 549 10
236 554 10
236 562 10
236 566 10
236 570 10
236 572 10
236 573 10
236 574 10
236 576 10
236 585 10
236 586 10
236 589 10
236 590 10
236 592 10
236 594 10
237 325 10
237 326 10
237 327 10
237 334 10
237 337 10
237 339 10
237 341 10
237 342 10
237 343 10
237 344 10
237 345 10
237 348 10
237 349 10
237 350 10
237 353 10
237 354 10
237 355 10
237 356 10
237 357 10
237 360 10
237 362 10
237 366 10
237 372 10
237 373 10
237 375 10
237 377 10
237 379 10
237 384 10
237 430 10
237 435 10
237 436 10
237 438 10
237 440 10
237 441 10
237 443 10
237 449 10
237 450 10
237 461 10
237 462 10
237 464 10
237 466 10
237 468 10
237 472 10
237 474 10
237 475 10
237 478 10
237 490 10
237 491 10
237 496 10
237 499 10
237 501 10
237 503 10
237 504 10
237 505 10
237 508 10
237 516 10
237 517 10
237 520 10
237 523 10
237 525 10
237 538 10
237 539 10
237 541 10
237 543 10
237 544 10
237 545 10
237 548 10
237 550 10
237 551 10
237 554 10
237 561 10
237 562 10
237 563 10
237 566 10
237 573 10
237 574 10
237 583 10
237 584 10
237 585 10
237 588 10
237 590 10
237 592 10
237 594 10
237 597 10
237 598 10
238 324 10
238 340 10
238 341 10
238 342 10
238 343 10
238 346 10
238 347 10
238 348 10
238 349 10
238 351 10
238 352 10
238 353 10
238 357 10
238 362 10
238 363 10
238 364 10
238 366 10
238 367 10
238 368 10
238 373 10
238 377 10
238 378 10
238 379 10
238 381 10
238 382 10
238 383 10
238 384 10
238 385 10
238 386 10
238 393 10
238 397 10
238 398 10
238 400 10
238 402 10
238 405 10
238 428 10
238 435 10
238 442 10
238 443 10
238 447 10
238 448 10
238 450 10
238 453 10
238 455 10
238 456 10
238 459 10
238 462 10
238 466 10
238 468 10
238 470 10
238 472 10
238 473 10
238 475 10
238 483 10
238 492 10
238 493 10
238 495 10
238 498 10
238 499 10
238 500 10
238 501 10
238 502 10
238 503 10
238 504 10
238 505 10
238 506 10
238 508 10
238 509 10
238 518 10
238 519 10
238 521 10
238 523 10
238 524 10
238 525 10
238 526 10
238 527 10
238 535 10
238 537 10
238 539 10
238 541 10
238 543 10
238 544 10
238 545 10
238 548 10
238 549 10
238 550 10
238 553 10
238 554 10
238 555 10
238 556 10
238 564 10
238 565 10
238 567 10
238 570 10
238 571 10
238 574 10
238 577 10
238 580 10
238 583 10
238 588 10
238 590 10
238 593 10
238 594 10
239 322 10
239 336 10
239 339 10
239 340 10
239 341 10
239 342 10
239 344 10
239 346 10
239 347 10
239 348 10
239 349 10
239 350 10
239 354 10
239 357 10
239 360 10
239 364 10
239 365 10
239 366 10
239 368 10
239 369 10
239 372 10
239 374 10
239 376 10
239 378 10
239 379 10
239 380 10
239 381 10
239 382 10
239 383 10
239 387 10
239 388 10
239 424 10
239 425 10
239 426 10
239 428 10
239 432 10
239 439 10
239 440 10
239 442 10
239 447 10
239 450 10
239 451 10
239 452 10
239 459 10
239 461 10
239 465 10
239 469 10
239 476 10
239 477 10
239 479 10
239 480 10
239 483 10
239 497 10
239 498 10
239 499 10
239 500 10
239 501 10
239 502 10
239 503 10
239 504 10
239 516 10
239 518 10
239 519 10
239 521 10
239 523 10
239 524 10
239 525 10
239 526 10
239 527 10
239 528 10
239 529 10
239 536 10
239 541 10
239 546 10
239 547 10
239 548 10
239 550 10
239 551 10
239 557 10
239 560 10
239 561 10
239 564 10
239 565 10
239 573 10
239 576 10
239 579 10
239 583 10
239 586 10
239 588 10
239 591 10
240 329 10
240 332 10
240 333 10
240 339 10
240 341 10
240 343 10
240 344 10
240 345 10
240 346 10
240 347 10
240 348 10
240 349 10
240 350 10
240 351 10
240 352 10
240 353 10
240 354 10
240 359 10
240 363 10
240 365 10
240 366 10
240 369 10
240 371 10
240 374 10
240 377 10
240 378 10
240 379 10
240 382 10
240 383 10
240 385 10
240 386 10
240 391 10
240 393 10
240 395 10
240 397 10
240 398 10
240 407 10
240 410 10
240 433 10
240 439 10
240 440 10
240 441 10
240 445 10
240 446 10
240 449 10
240 460 10
240 465 10
240 467 10
240 468 10
240 469 10
240 477 10
240 482 10
240 483 10
240 493 10
240 495 10
240 497 10
240 500 10
240 501 10
240 502 10
240 503 10
240 504 10
240 505 10
240 506 10
240 507 10
240 508 10
240 510 10
240 518 10
240 523 10
240 534 10
240 538 10
240 541 10
240 544 10
240 545 10
240 546 10
240 548 10
240 549 10
240 552 10
240 554 10
240 556 10
240 563 10
240 571 10
240 573 10
240 575 10
240 578 10
240 580 10
240 582 10
240 587 10
240 589 10
240 601 10
241 329 10
241 330 10
241 331 10
241 332 10
241 333 10
241 338 10
241 340 10
241 342 10
241 346 10
241 347 10
241 348 10
241 350 10
241 351 10
241 353 10
241 354 10
241 355 10
241 356 10
241 357 10
241 359 10
241 361 10
241 362 10
241 365 10
241 367 10
241 368 10
241 370 10
241 371 10
241 372 10
241 373 10
241 374 10
241 376 10
241 378 10
241 379 10
241 380 10
241 381 10
241 383 10
241 388 10
241 428 10
241 429 10
241 430 10
241 431 10
241 434 10
241 436 10
241 437 10
241 439 10
241 443 10
241 445 10
241 449 10
241 450 10
241 452 10
241 456 10
241 468 10
241 469 10
241 475 10
241 479 10
241 485 10
241 493 10
241 495 10
241 497 10
241 498 10
241 499 10
241 501 10
241 503 10
241 505 10
241 506 10
241 512 10
241 513 10
241 515 10
241 517 10
241 520 10
241 522 10
241 531 10
241 532 10
241 536 10
241 538 10
241 539 10
241 543 10
241 544 10
241 545 10
241 548 10
241 549 10
241 550 10
241 551 10
241 561 10
241 566 10
241 567 10
241 570 10
241 571 10
241 572 10
241 580 10
241 581 10
241 588 10
241 590 10
241 591 10
241 599 10
242 317 10
242 318 10
242 331 10
242 340 10
242 341 10
242 342 10
242 344 10
242 345 10
242 346 10
242 347 10
242 349 10
242 350 10
242 352 10
242 353 10
242 356 10
242 358 10
242 359 10
242 360 10
242 361 10
242 362 10
242 363 10
242 364 10
242 365 10
242 367 10
242 368 10
242 369 10
242 372 10
242 375 10
242 383 10
242 385 10
242 387 10
242 396 10
242 428 10
242 429 10
242 441 10
242 442 10
242 444 10
242 445 10
242 446 10
242 449 10
242 450 10
242 452 10
242 459 10
242 468 10
242 477 10
242 478 10
242 480 10
242 481 10
242 495 10
242 496 10
242 497 10
242 498 10
242 499 10
242 501 10
242 503 10
242 506 10
242 509 10
242 510 10
242 511 10
242 516 10
242 517 10
242 527 10
242 528 10
242 536 10
242 537 10
242 539 10
242 542 10
242 543 10
242 544 10
242 545 10
242 546 10
242 547 10
242 548 10
242 549 10
242 550 10
242 552 10
242 553 10
242 554 10
242 556 10
242 557 10
242 558 10
242 559 10
242 560 10
242 561 10
242 582 10
242 584 10
242 586 10
242 589 10
242 600 10
243 330 10
243 332 10
243 333 10
243 340 10
243 342 10
243 344 10
243 345 10
243 346 10
243 347 10
243 348 10
243 349 10
243 350 10
243 352 10
243 353 10
243 354 10
243 355 10
243 359 10
243 360 10
243 361 10
243 362 10
243 366 10
243 368 10
243 369 10
243 371 10
243 372 10
243 373 10
243 374 10
243 376 10
243 377 10
243 381 10
243 384 10
243 386 10
243 406 10
243 429 10
243 430 10
243 437 10
243 438 10
243 441 10
243 446 10
243 447 10
243 448 10
243 449 10
243 452 10
243 459 10
243 473 10
243 475 10
243 476 10
243 477 10
243 493 10
243 502 10
243 503 10
243 505 10
243 506 10
243 507 10
243 508 10
243 511 10
243 515 10
243 517 10
243 520 10
243 521 10
243 524 10
243 526 10
243 537 10
243 538 10
243 541 10
243 542 10
243 545 10
243 547 10
243 548 10
243 549 10
243 550 10
243 554 10
243 556 10
243 559 10
243 563 10
243 566 10
243 567 10
243 569 10
243 570 10
243 572 10
243 576 10
243 581 10
243 582 10
243 586 10
243 589 10
243 592 10
243 594 10
243 599 10
244 335 10
244 341 10
244 342 10
244 348 10
244 349 10
244 352 10
244 354 10
244 355 10
244 356 10
244 357 10
244 358 10
244 362 10
244 363 10
244 364 10
244 365 10
244 366 10
244 367 10
244 368 10
244 369 10
244 370 10
244 371 10
244 372 10
244 373 10
244 374 10
244 375 10
244 376 10
244 377 10
244 385 10
244 392 10
244 393 10
244 394 10
244 402 10
244 420 10
244 422 10
244 423 10
244 428 10
244 429 10
244 435 10
244 437 10
244 440 10
244 442 10
244 444 10
244 445 10
244 447 10
244 448 10
244 449 10
244 453 10
244 454 10
244 458 10
244 459 10
244 477 10
244 478 10
244 494 10
244 497 10
244 498 10
244 499 10
244 504 10
244 507 10
244 514 10
244 516 10
244 517 10
244 519 10
244 523 10
244 527 10
244 535 10
244 537 10
244 539 10
244 545 10
244 546 10
244 547 10
244 548 10
244 550 10
244 551 10
244 552 10
244 553 10
244 555 10
244 556 10
244 557 10
244 558 10
244 559 10
244 560 10
244 561 10
244 573 10
244 576 10
244 583 10
244 584 10
244 585 10
244 588 10
244 590 10
244 592 10
244 594 10
244 603 10
245 315 10
245 334 10
245 339 10
245 340 10
245 341 10
245 347 10
245 349 10
245 350 10
245 352 10
245 354 10
245 356 10
245 357 10
245 359 10
245 361 10
245 362 10
245 363 10
245 364 10
245 365 10
245 366 10
245 367 10
245 368 10
245 371 10
245 372 10
245 374 10
245 375 10
245 377 10
245 386 10
245 387 10
245 389 10
245 393 10
245 403 10
245 416 10
245 417 10
245 424 10
245 426 10
245 429 10
245 439 10
245 445 10
245 448 10
245 449 10
245 450 10
245 452 10
245 454 10
245 458 10
245 459 10
245 461 10
245 471 10
245 473 10
245 475 10
245 488 10
245 489 10
245 497 10
245 501 10
245 503 10
245 504 10
245 505 10
245 506 10
245 511 10
245 512 10
245 513 10
245 518 10
245 519 10
245 531 10
245 536 10
245 537 10
245 538 10
245 541 10
245 542 10
245 544 10
245 546 10
245 548 10
245 549 10
245 550 10
245 554 10
245 555 10
245 556 10
245 558 10
245 559 10
245 563 10
245 570 10
245 584 10
245 586 10
245 587 10
245 588 10
245 590 10
245 592 10
245 604 10
246 300 10
246 312 10
246 341 10
246 346 10
246 349 10
246 350 10
246 352 10
246 353 10
246 354 10
246 355 10
246 356 10
246 357 10
246 359 10
246 361 10
246 362 10
246 363 10
246 365 10
246 367 10
246 370 10
246 371 10
246 373 10
246 380 10
246 385 10
246 392 10
246 411 10
246 415 10
246 416 10
246 422 10
246 423 10
246 424 10
246 426 10
246 427 10
246 429 10
246 433 10
246 437 10
246 438 10
246 442 10
246 443 10
246 444 10
246 445 10
246 447 10
246 449 10
246 450 10
246 454 10
246 456 10
246 459 10
246 460 10
246 461 10
246 464 10
246 465 10
246 471 10
246 472 10
246 473 10
246 477 10
246 478 10
246 487 10
246 488 10
246 492 10
246 497 10
246 504 10
246 506 10
246 507 10
246 508 10
246 511 10
246 513 10
246 515 10
246 517 10
246 520 10
246 522 10
246 529 10
246 540 10
246 542 10
246 545 10
246 546 10
246 549 10
246 550 10
246 551 10
246 553 10
246 554 10
246 555 10
246 556 10
246 557 10
246 564 10
246 566 10
246 570 10
246 582 10
246 583 10
246 584 10
246 585 10
246 586 10
246 587 10
246 589 10
246 590 10
246 591 10
246 592 10
246 619 10
247 297 10
247 316 10
247 318 10
247 331 10
247 335 10
247 338 10
247 339 10
247 341 10
247 342 10
247 343 10
247 346 10
247 347 10
247 348 10
247 349 10
247 350 10
247 352 10
247 353 10
247 354 10
247 355 10
247 356 10
247 357 10
247 359 10
247 361 10
247 363 10
247 365 10
247 366 10
247 367 10
247 370 10
247 371 10
247 372 10
247 373 10
247 374 10
247 375 10
247 378 10
247 388 10
247 390 10
247 391 10
247 392 10
247 393 10
247 409 10
247 421 10
247 423 10
247 425 10
247 427 10
247 429 10
247 433 10
247 434 10
247 441 10
247 447 10
247 448 10
247 450 10
247 453 10
247 457 10
247 458 10
247 460 10
247 461 10
247 462 10
247 463 10
247 469 10
247 470 10
247 473 10
247 475 10
247 476 10
247 477 10
247 478 10
247 479 10
247 480 10
247 481 10
247 482 10
247 486 10
247 487 10
247 488 10
247 490 10
247 493 10
247 494 10
247 497 10
247 500 10
247 519 10
247 531 10
247 538 10
247 540 10
247 543 10
247 544 10
247 545 10
247 546 10
247 549 10
247 550 10
247 552 10
247 553 10
247 556 10
247 557 10
247 561 10
247 583 10
247 585 10
247 587 10
247 589 10
247 591 10
247 593 10
247 599 10
247 600 10
247 607 10
247 619 10
248 303 10
248 315 10
248 317 10
248 326 10
248 332 10
248 338 10
248 340 10
248 341 10
248 342 10
248 343 10
248 345 10
248 346 10
248 347 10
248 349 10
248 352 10
248 353 10
248 354 10
248 355 10
248 356 10
248 357 10
248 359 10
248 361 10
248 362 10
248 363 10
248 364 10
248 366 10
248 367 10
248 368 10
248 369 10
248 371 10
248 372 10
248 375 10
248 376 10
248 377 10
248 380 10
248 383 10
248 385 10
248 389 10
248 403 10
248 405 10
248 412 10
248 422 10
248 427 10
248 428 10
248 430 10
248 434 10
248 447 10
248 448 10
248 449 10
248 451 10
248 452 10
248 453 10
248 454 10
248 457 10
248 465 10
248 469 10
248 471 10
248 473 10
248 476 10
248 477 10
248 478 10
248 479 10
248 482 10
248 483 10
248 485 10
248 497 10
248 498 10
248 514 10
248 518 10
248 519 10
248 521 10
248 522 10
248 525 10
248 529 10
248 542 10
248 545 10
248 548 10
248 549 10
248 550 10
248 554 10
248 555 10
248 556 10
248 557 10
248 560 10
248 561 10
248 567 10
248 574 10
248 576 10
248 582 10
248 584 10
248 585 10
248 589 10
248 590 10
248 591 10
248 592 10
248 593 10
248 594 10
248 597 10
248 598 10
248 599 10
248 603 10
248 604 10
248 620 10
249 303 10
249 311 10
249 314 10
249 318 10
249 323 10
249 324 10
249 339 10
249 341 10
249 348 10
249 349 10
249 351 10
249 352 10
249 353 10
249 354 10
249 355 10
249 356 10
249 358 10
249 359 10
249 361 10
249 362 10
249 363 10
249 364 10
249 365 10
249 367 10
249 370 10
249 372 10
249 375 10
249 376 10
249 377 10
249 380 10
249 381 10
249 383 10
249 392 10
249 401 10
249 403 10
249 405 10
249 409 10
249 416 10
249 417 10
249 418 10
249 428 10
249 431 10
249 441 10
249 446 10
249 447 10
249 450 10
249 451 10
249 452 10
249 454 10
249 456 10
249 458 10
249 460 10
249 465 10
249 468 10
249 469 10
249 471 10
249 473 10
249 474 10
249 475 10
249 476 10
249 478 10
249 481 10
249 482 10
249 483 10
249 484 10
249 485 10
249 487 10
249 498 10
249 500 10
249 502 10
249 503 10
249 514 10
249 519 10
249 523 10
249 532 10
249 533 10
249 534 10
249 537 10
249 538 10
249 543 10
249 544 10
249 545 10
249 547 10
249 552 10
249 554 10
249 555 10
249 557 10
249 559 10
249 563 10
249 566 10
249 567 10
249 578 10
249 581 10
249 583 10
249 584 10
249 588 10
249 589 10
249 591 10
249 592 10
249 593 10
249 594 10
249 595 10
249 596 10
249 597 10
249 599 10
249 600 10
249 605 10
249 607 10
250 308 10
250 310 10
250 313 10
250 315 10
250 318 10
250 320 10
250 322 10
250 335 10
250 337 10
250 338 10
250 339 10
250 340 10
250 341 10
250 342 10
250 346 10
250 348 10
250 349 10
250 351 10
250 352 10
250 354 10
250 355 10
250 356 10
250 357 10
250 358 10
250 362 10
250 364 10
250 368 10
250 369 10
250 370 10
250 373 10
250 374 10
250 375 10
250 376 10
250 377 10
250 383 10
250 391 10
250 393 10
250 396 10
250 400 10
250 401 10
250 403 10
250 404 10
250 420 10
250 422 10
250 423 10
250 424 10
250 425 10
250 431 10
250 433 10
250 435 10
250 444 10
250 446 10
250 447 10
250 448 10
250 449 10
250 450 10
250 452 10
250 453 10
250 454 10
250 457 10
250 458 10
250 461 10
250 463 10
250 467 10
250 469 10
250 471 10
250 479 10
250 481 10
250 482 10
250 483 10
250 484 10
250 485 10
250 486 10
250 489 10
250 496 10
250 499 10
250 504 10
250 505 10
250 509 10
250 510 10
250 513 10
250 518 10
250 519 10
250 520 10
250 524 10
250 528 10
250 531 10
250 532 10
250 534 10
250 535 10
250 537 10
250 539 10
250 540 10
250 545 10
250 547 10
250 550 10
250 551 10
250 555 10
250 571 10
250 574 10
250 576 10
250 584 10
250 588 10
250 589 10
250 590 10
250 591 10
250 592 10
250 593 10
250 594 10
250 595 10
250 598 10
250 600 10
250 601 10
250 602 10
250 603 10
250 607 10
250 615 10
250 618 10
250 620 10
251 311 10
251 317 10
251 319 10
251 320 10
251 322 10
251 323 10
251 337 10
251 338 10
251 339 10
251 340 10
251 342 10
251 346 10
251 348 10
251 352 10
251 353 10
251 354 10
251 355 10
251 356 10
251 357 10
251 362 10
251 364 10
251 366 10
251 367 10
251 370 10
251 371 10
251 374 10
251 377 10
251 379 10
251 380 10
251 385 10
251 386 10
251 387 10
251 389 10
251 393 10
251 394 10
251 400 10
251 403 10
251 404 10
251 405 10
251 407 10
251 442 10
251 445 10
251 446 10
251 447 10
251 449 10
251 450 10
251 451 10
251 453 10
251 455 10
251 456 10
251 457 10
251 458 10
251 459 10
251 463 10
251 469 10
251 471 10
251 480 10
251 487 10
251 488 10
251 499 10
251 507 10
251 508 10
251 510 10
251 511 10
251 512 10
251 514 10
251 515 10
251 516 10
251 527 10
251 528 10
251 529 10
251 530 10
251 535 10
251 538 10
251 539 10
251 540 10
251 547 10
251 554 10
251 564 10
251 565 10
251 566 10
251 567 10
251 570 10
251 572 10
251 573 10
251 574 10
251 576 10
251 581 10
251 582 10
251 586 10
251 588 10
251 590 10
251 592 10
251 593 10
251 594 10
251 595 10
251 596 10
251 597 10
251 598 10
251 599 10
251 601 10
251 603 10
251 621 10
252 304 10
252 320 10
252 323 10
252 324 10
252 335 10
252 337 10
252 341 10
252 342 10
252 344 10
252 347 10
252 349 10
252 350 10
252 353 10
252 355 10
252 356 10
252 359 10
252 360 10
252 361 10
252 362 10
252 369 10
252 374 10
252 376 10
252 377 10
252 379 10
252 383 10
252 384 10
252 385 10
252 386 10
252 387 10
252 390 10
252 393 10
252 396 10
252 398 10
252 399 10
252 400 10
252 401 10
252 403 10
252 406 10
252 410 10
252 413 10
252 431 10
252 437 10
252 439 10
252 442 10
252 443 10
252 446 10
252 447 10
252 448 10
252 454 10
252 455 10
252 459 10
252 460 10
252 461 10
252 464 10
252 466 10
252 471 10
252 475 10
252 484 10
252 489 10
252 490 10
252 497 10
252 499 10
252 500 10
252 501 10
252 505 10
252 508 10
252 509 10
252 510 10
252 511 10
252 512 10
252 513 10
252 516 10
252 518 10
252 531 10
252 535 10
252 536 10
252 539 10
252 540 10
252 550 10
252 553 10
252 558 10
252 560 10
252 564 10
252 567 10
252 568 10
252 570 10
252 571 10
252 584 10
252 586 10
252 589 10
252 590 10
252 591 10
252 592 10
252 593 10
252 594 10
252 595 10
252 596 10
252 598 10
252 599 10
252 600 10
252 601 10
252 602 10
252 603 10
252 604 10
252 605 10
252 620 10
253 303 10
253 306 10
253 307 10
253 314 10
253 317 10
253 319 10
253 321 10
253 323 10
253 338 10
253 341 10
253 343 10
253 349 10
253 350 10
253 353 10
253 355 10
253 356 10
253 357 10
253 359 10
253 362 10
253 364 10
253 365 10
253 371 10
253 375 10
253 376 10
253 378 10
253 379 10
253 380 10
253 381 10
253 382 10
253 383 10
253 384 10
253 388 10
253 390 10
253 391 10
253 394 10
253 395 10
253 396 10
253 397 10
253 401 10
253 403 10
253 404 10
253 405 10
253 406 10
253 408 10
253 424 10
253 430 10
253 431 10
253 439 10
253 440 10
253 441 10
253 447 10
253 448 10
253 449 10
253 450 10
253 451 10
253 459 10
253 465 10
253 470 10
253 482 10
253 484 10
253 485 10
253 489 10
253 494 10
253 499 10
253 507 10
253 509 10
253 511 10
253 513 10
253 516 10
253 520 10
253 528 10
253 530 10
253 533 10
253 549 10
253 550 10
253 551 10
253 552 10
253 557 10
253 559 10
253 561 10
253 563 10
253 573 10
253 581 10
253 583 10
253 585 10
253 586 10
253 587 10
253 588 10
253 589 10
253 590 10
253 591 10
253 592 10
253 593 10
253 594 10
253 595 10
253 596 10
253 598 10
253 599 10
253 601 10
253 606 10
253 607 10
253 618 10
253 619 10
253 622 10
254 305 10
254 307 10
254 316 10
254 317 10
254 320 10
254 321 10
254 322 10
254 338 10
254 340 10
254 347 10
254 351 10
254 352 10
254 353 10
254 355 10
254 357 10
254 358 10
254 359 10
254 361 10
254 362 10
254 363 10
254 366 10
254 367 10
254 368 10
254 370 10
254 372 10
254 374 10
254 375 10
254 376 10
254 377 10
254 378 10
254 381 10
254 385 10
254 387 10
254 388 10
254 390 10
254 397 10
254 408 10
254 418 10
254 427 10
254 430 10
254 431 10
254 432 10
254 433 10
254 438 10
254 440 10
254 441 10
254 445 10
254 446 10
254 447 10
254 448 10
254 449 10
254 453 10
254 458 10
254 461 10
254 462 10
254 465 10
254 479 10
254 480 10
254 481 10
254 486 10
254 488 10
254 489 10
254 491 10
254 511 10
254 513 10
254 531 10
254 533 10
254 535 10
254 537 10
254 539 10
254 540 10
254 563 10
254 564 10
254 565 10
254 567 10
254 569 10
254 572 10
254 578 10
254 584 10
254 585 10
254 586 10
254 587 10
254 589 10
254 590 10
254 591 10
254 592 10
254 595 10
254 597 10
254 599 10
254 600 10
254 601 10
254 602 10
254 605 10
254 621 10
254 630 10
254 631 10
255 301 10
255 303 10
255 308 10
255 310 10
255 315 10
255 322 10
255 324 10
255 344 10
255 345 10
255 348 10
255 350 10
255 351 10
255 352 10
255 353 10
255 355 10
255 357 10
255 358 10
255 360 10
255 361 10
255 363 10
255 364 10
255 365 10
255 366 10
255 367 10
255 369 10
255 372 10
255 376 10
255 378 10
255 379 10
255 381 10
255 382 10
255 384 10
255 385 10
255 386 10
255 387 10
255 388 10
255 389 10
255 391 10
255 392 10
255 393 10
255 395 10
255 396 10
255 398 10
255 402 10
255 415 10
255 426 10
255 428 10
255 430 10
255 431 10
255 432 10
255 435 10
255 441 10
255 443 10
255 445 10
255 451 10
255 452 10
255 458 10
255 467 10
255 476 10
255 481 10
255 482 10
255 483 10
255 487 10
255 489 10
255 491 10
255 497 10
255 505 10
255 506 10
255 509 10
255 510 10
255 511 10
255 512 10
255 518 10
255 529 10
255 531 10
255 533 10
255 534 10
255 537 10
255 538 10
255 547 10
255 551 10
255 553 10
255 554 10
255 563 10
255 564 10
255 565 10
255 567 10
255 579 10
255 581 10
255 584 10
255 586 10
255 587 10
255 588 10
255 589 10
255 590 10
255 591 10
255 592 10
255 593 10
255 594 10
255 595 10
255 596 10
255 597 10
255 598 10
255 600 10
255 601 10
255 603 10
255 604 10
255 607 10
255 611 10
255 615 10
255 616 10
255 617 10
255 621 10
255 632 10
255 633 10
256 305 10
256 312 10
256 314 10
256 318 10
256 320 10
256 321 10
256 324 10
256 327 10
256 333 10
256 341 10
256 343 10
256 347 10
256 351 10
256 353 10
256 354 10
256 356 10
256 363 10
256 364 10
256 370 10
256 372 10
256 376 10
256 378 10
256 379 10
256 380 10
256 382 10
256 385 10
256 388 10
256 389 10
256 390 10
256 391 10
256 394 10
256 395 10
256 396 10
256 397 10
256 399 10
256 400 10
256 402 10
256 404 10
256 415 10
256 416 10
256 417 10
256 430 10
256 432 10
256 435 10
256 439 10
256 440 10
256 442 10
256 443 10
256 448 10
256 455 10
256 457 10
256 458 10
256 468 10
256 477 10
256 478 10
256 482 10
256 489 10
256 493 10
256 497 10
256 501 10
256 502 10
256 503 10
256 506 10
256 508 10
256 512 10
256 514 10
256 515 10
256 517 10
256 519 10
256 531 10
256 532 10
256 533 10
256 536 10
256 540 10
256 546 10
256 550 10
256 559 10
256 560 10
256 564 10
256 566 10
256 567 10
256 575 10
256 577 10
256 578 10
256 585 10
256 589 10
256 591 10
256 592 10
256 594 10
256 595 10
256 597 10
256 598 10
256 599 10
256 604 10
256 608 10
256 622 10
257 308 10
257 310 10
257 311 10
257 312 10
257 313 10
257 315 10
257 316 10
257 317 10
257 318 10
257 338 10
257 340 10
257 344 10
257 350 10
257 352 10
257 354 10
257 359 10
257 362 10
257 365 10
257 371 10
257 373 10
257 375 10
257 376 10
257 378 10
257 379 10
257 380 10
257 383 10
257 386 10
257 387 10
257 388 10
257 390 10
257 397 10
257 398 10
257 400 10
257 403 10
257 419 10
257 421 10
257 427 10
257 431 10
257 432 10
257 438 10
257 440 10
257 451 10
257 452 10
257 453 10
257 455 10
257 460 10
257 461 10
257 463 10
257 480 10
257 482 10
257 484 10
257 485 10
257 495 10
257 497 10
257 498 10
257 502 10
257 504 10
257 506 10
257 507 10
257 508 10
257 509 10
257 510 10
257 511 10
257 514 10
257 515 10
257 516 10
257 517 10
257 518 10
257 529 10
257 536 10
257 539 10
257 541 10
257 542 10
257 544 10
257 555 10
257 556 10
257 557 10
257 562 10
257 563 10
257 564 10
257 565 10
257 566 10
257 567 10
257 568 10
257 574 10
257 575 10
257 577 10
257 581 10
257 584 10
257 585 10
257 586 10
257 587 10
257 588 10
257 589 10
257 591 10
257 592 10
257 594 10
257 595 10
257 596 10
257 598 10
257 603 10
257 612 10
257 613 10
257 619 10
257 628 10
257 631 10
257 632 10
257 635 10
258 306 10
258 309 10
258 310 10
258 315 10
258 317 10
258 318 10
258 325 10
258 327 10
258 328 10
258 329 10
258 335 10
258 337 10
258 338 10
258 340 10
258 342 10
258 343 10
258 346 10
258 351 10
258 352 10
258 353 10
258 354 10
258 356 10
258 358 10
258 361 10
258 363 10
258 364 10
258 365 10
258 367 10
258 368 10
258 370 10
258 372 10
258 375 10
258 376 10
258 377 10
258 378 10
258 379 10
258 380 10
258 381 10
258 382 10
258 384 10
258 385 10
258 390 10
258 391 10
258 394 10
258 397 10
258 409 10
258 411 10
258 413 10
258 414 10
258 416 10
258 418 10
258 421 10
258 437 10
258 439 10
258 441 10
258 445 10
258 449 10
258 452 10
258 457 10
258 460 10
258 462 10
258 468 10
258 473 10
258 502 10
258 504 10
258 506 10
258 510 10
258 515 10
258 517 10
258 530 10
258 531 10
258 533 10
258 534 10
258 535 10
258 536 10
258 537 10
258 538 10
258 539 10
258 540 10
258 542 10
258 543 10
258 544 10
258 545 10
258 549 10
258 562 10
258 565 10
258 566 10
258 576 10
258 579 10
258 581 10
258 588 10
258 589 10
258 590 10
258 592 10
258 593 10
258 595 10
258 596 10
258 597 10
258 598 10
258 601 10
258 618 10
259 300 10
259 301 10
259 307 10
259 308 10
259 310 10
259 312 10
259 314 10
259 315 10
259 316 10
259 318 10
259 319 10
259 323 10
259 325 10
259 327 10
259 332 10
259 333 10
259 340 10
259 341 10
259 343 10
259 346 10
259 347 10
259 348 10
259 349 10
259 350 10
259 355 10
259 362 10
259 364 10
259 365 10
259 366 10
259 368 10
259 369 10
259 370 10
259 372 10
259 376 10
259 377 10
259 381 10
259 385 10
259 386 10
259 388 10
259 389 10
259 393 10
259 396 10
259 397 10
259 400 10
259 410 10
259 413 10
259 414 10
259 417 10
259 420 10
259 426 10
259 441 10
259 448 10
259 454 10
259 460 10
259 462 10
259 468 10
259 473 10
259 477 10
259 498 10
259 501 10
259 503 10
259 508 10
259 509 10
259 511 10
259 512 10
259 513 10
259 514 10
259 532 10
259 533 10
259 534 10
259 538 10
259 539 10
259 540 10
259 541 10
259 542 10
259 554 10
259 556 10
259 557 10
259 559 10
259 562 10
259 564 10
259 571 10
259 573 10
259 581 10
259 587 10
259 588 10
259 589 10
259 594 10
259 595 10
259 596 10
259 597 10
259 598 10
259 601 10
259 602 10
259 604 10
259 606 10
259 614 10
259 618 10
259 625 10
260 301 10
260 309 10
260 313 10
260 317 10
260 318 10
260 323 10
260 324 10
260 325 10
260 326 10
260 327 10
260 329 10
260 336 10
260 346 10
260 347 10
260 348 10
260 349 10
260 356 10
260 358 10
260 360 10
260 364 10
260 369 10
260 370 10
260 371 10
260 373 10
260 379 10
260 380 10
260 383 10
260 384 10
260 385 10
260 386 10
260 388 10
260 390 10
260 393 10
260 397 10
260 400 10
260 407 10
260 413 10
260 416 10
260 419 10
260 420 10
260 422 10
260 426 10
260 427 10
260 430 10
260 440 10
260 443 10
260 446 10
260 449 10
260 450 10
260 455 10
260 459 10
260 460 10
260 461 10
260 462 10
260 463 10
260 464 10
260 483 10
260 499 10
260 500 10
260 501 10
260 503 10
260 508 10
260 510 10
260 511 10
260 512 10
260 513 10
260 515 10
260 520 10
260 521 10
260 532 10
260 535 10
260 536 10
260 539 10
260 540 10
260 541 10
260 542 10
260 543 10
260 544 10
260 545 10
260 551 10
260 553 10
260 555 10
260 559 10
260 560 10
260 561 10
260 562 10
260 565 10
260 567 10
260 569 10
260 573 10
260 576 10
260 577 10
260 580 10
260 590 10
260 591 10
260 597 10
260 602 10
260 606 10
260 618 10
261 288 10
261 299 10
261 310 10
261 311 10
261 314 10
261 315 10
261 316 10
261 318 10
261 319 10
261 324 10
261 325 10
261 326 10
261 329 10
261 333 10
261 334 10
261 337 10
261 340 10
261 342 10
261 343 10
261 349 10
261 352 10
261 356 10
261 357 10
261 358 10
261 361 10
261 363 10
261 365 10
261 366 10
261 368 10
261 369 10
261 371 10
261 380 10
261 382 10
261 383 10
261 384 10
261 385 10
261 387 10
261 388 10
261 389 10
261 391 10
261 392 10
261 393 10
261 397 10
261 398 10
261 399 10
261 410 10
261 412 10
261 414 10
261 417 10
261 420 10
261 423 10
261 424 10
261 425 10
261 431 10
261 443 10
261 444 10
261 445 10
261 446 10
261 448 10
261 449 10
261 450 10
261 457 10
261 462 10
261 466 10
261 468 10
261 500 10
261 502 10
261 505 10
261 508 10
261 509 10
261 511 10
261 516 10
261 517 10
261 518 10
261 520 10
261 522 10
261 523 10
261 525 10
261 527 10
261 529 10
261 532 10
261 536 10
261 537 10
261 539 10
261 542 10
261 543 10
261 544 10
261 545 10
261 546 10
261 547 10
261 548 10
261 554 10
261 555 10
261 559 10
261 560 10
261 562 10
261 564 10
261 565 10
261 567 10
261 573 10
261 575 10
261 583 10
261 586 10
261 589 10
261 590 10
261 595 10
261 599 10
261 600 10
261 602 10
261 604 10
261 610 10
261 612 10
261 616 10
261 627 10
262 288 10
262 308 10
262 312 10
262 319 10
262 323 10
262 332 10
262 336 10
262 346 10
262 347 10
262 352 10
262 354 10
262 358 10
262 359 10
262 361 10
262 363 10
262 366 10
262 369 10
262 370 10
262 371 10
262 375 10
262 381 10
262 382 10
262 383 10
262 384 10
262 385 10
262 386 10
262 387 10
262 388 10
262 390 10
262 392 10
262 393 10
262 395 10
262 396 10
262 398 10
262 406 10
262 407 10
262 410 10
262 418 10
262 420 10
262 421 10
262 423 10
262 426 10
262 427 10
262 429 10
262 430 10
262 443 10
262 446 10
262 447 10
262 449 10
262 453 10
262 454 10
262 455 10
262 458 10
262 461 10
262 462 10
262 466 10
262 467 10
262 468 10
262 469 10
262 503 10
262 504 10
262 505 10
262 508 10
262 510 10
262 521 10
262 523 10
262 524 10
262 526 10
262 527 10
262 529 10
262 533 10
262 537 10
262 539 10
262 540 10
262 541 10
262 542 10
262 543 10
262 545 10
262 547 10
262 553 10
262 558 10
262 560 10
262 561 10
262 564 10
262 566 10
262 567 10
262 569 10
262 572 10
262 573 10
262 575 10
262 576 10
262 578 10
262 579 10
262 581 10
262 582 10
262 583 10
262 586 10
262 587 10
262 591 10
262 593 10
262 595 10
262 599 10
262 603 10
262 611 10
262 612 10
262 615 10
263 301 10
263 304 10
263 310 10
263 312 10
263 313 10
263 315 10
263 316 10
263 318 10
263 321 10
263 324 10
263 330 10
263 333 10
263 335 10
263 336 10
263 338 10
263 341 10
263 348 10
263 354 10
263 355 10
263 356 10
263 358 10
263 359 10
263 360 10
263 361 10
263 362 10
263 363 10
263 364 10
263 365 10
263 366 10
263 367 10
263 368 10
263 369 10
263 370 10
263 371 10
263 375 10
263 376 10
263 378 10
263 381 10
263 382 10
263 383 10
263 384 10
263 385 10
263 386 10
263 387 10
263 389 10
263 390 10
263 391 10
263 393 10
263 394 10
263 400 10
263 407 10
263 409 10
263 412 10
263 419 10
263 420 10
263 421 10
263 422 10
263 425 10
263 427 10
263 428 10
263 432 10
263 437 10
263 443 10
263 447 10
263 448 10
263 449 10
263 455 10
263 457 10
263 464 10
263 467 10
263 468 10
263 470 10
263 479 10
263 487 10
263 501 10
263 502 10
263 506 10
263 507 10
263 510 10
263 512 10
263 513 10
263 515 10
263 516 10
263 522 10
263 523 10
263 524 10
263 529 10
263 536 10
263 540 10
263 541 10
263 543 10
263 545 10
263 552 10
263 553 10
263 554 10
263 555 10
263 557 10
263 564 10
263 565 10
263 567 10
263 569 10
263 570 10
263 573 10
263 575 10
263 577 10
263 579 10
263 580 10
263 581 10
263 582 10
263 584 10
263 588 10
263 590 10
263 596 10
263 602 10
263 603 10
263 604 10
263 605 10
263 611 10
263 612 10
263 614 10
263 627 10
264 290 10
264 299 10
264 302 10
264 305 10
264 308 10
264 310 10
264 311 10
264 319 10
264 332 10
264 333 10
264 335 10
264 336 10
264 338 10
264 345 10
264 347 10
264 349 10
264 354 10
264 355 10
264 358 10
264 361 10
264 363 10
264 365 10
264 366 10
264 367 10
264 369 10
264 370 10
264 384 10
264 385 10
264 386 10
264 387 10
264 389 10
264 390 10
264 391 10
264 393 10
264 394 10
264 395 10
264 396 10
264 400 10
264 405 10
264 408 10
264 413 10
264 420 10
264 424 10
264 427 10
264 429 10
264 432 10
264 435 10
264 437 10
264 438 10
264 447 10
264 453 10
264 454 10
264 468 10
264 469 10
264 470 10
264 478 10
264 479 10
264 480 10
264 504 10
264 505 10
264 506 10
264 507 10
264 508 10
264 509 10
264 511 10
264 515 10
264 518 10
264 520 10
264 521 10
264 522 10
264 524 10
264 525 10
264 529 10
264 536 10
264 538 10
264 539 10
264 540 10
264 541 10
264 542 10
264 543 10
264 544 10
264 545 10
264 546 10
264 552 10
264 554 10
264 558 10
264 561 10
264 565 10
264 567 10
264 569 10
264 572 10
264 576 10
264 579 10
264 580 10
264 581 10
264 582 10
264 584 10
264 586 10
264 588 10
264 590 10
264 591 10
264 594 10
264 595 10
264 596 10
264 598 10
264 599 10
264 600 10
264 601 10
264 602 10
264 604 10
264 610 10
264 611 10
264 612 10
264 613 10
264 614 10
264 616 10
264 620 10
265 288 10
265 289 10
265 291 10
265 303 10
265 306 10
265 307 10
265 314 10
265 318 10
265 319 10
265 321 10
265 327 10
265 331 10
265 332 10
265 333 10
265 335 10
265 336 10
265 337 10
265 338 10
265 340 10
265 349 10
265 360 10
265 361 10
265 362 10
265 363 10
265 364 10
265 367 10
265 368 10
265 369 10
265 381 10
265 384 10
265 385 10
265 386 10
265 388 10
265 389 10
265 392 10
265 393 10
265 394 10
265 397 10
265 398 10
265 401 10
265 402 10
265 403 10
265 411 10
265 412 10
265 413 10
265 420 10
265 422 10
265 423 10
265 425 10
265 433 10
265 435 10
265 436 10
265 439 10
265 445 10
265 452 10
265 454 10
265 455 10
265 456 10
265 459 10
265 460 10
265 463 10
265 468 10
265 469 10
265 472 10
265 473 10
265 475 10
265 476 10
265 480 10
265 481 10
265 486 10
265 500 10
265 502 10
265 503 10
265 504 10
265 505 10
265 508 10
265 511 10
265 513 10
265 527 10
265 539 10
265 541 10
265 542 10
265 543 10
265 544 10
265 545 10
265 546 10
265 551 10
265 554 10
265 555 10
265 561 10
265 562 10
265 563 10
265 565 10
265 567 10
265 570 10
265 571 10
265 573 10
265 574 10
265 575 10
265 580 10
265 581 10
265 582 10
265 583 10
265 584 10
265 587 10
265 590 10
265 592 10
265 595 10
265 596 10
265 597 10
265 598 10
265 599 10
265 611 10
265 612 10
265 613 10
265 616 10
265 618 10
265 619 10
265 620 10
265 622 10
266 290 10
266 296 10
266 298 10
266 300 10
266 303 10
266 305 10
266 308 10
266 311 10
266 314 10
266 316 10
266 318 10
266 322 10
266 323 10
266 329 10
266 333 10
266 334 10
266 346 10
266 347 10
266 349 10
266 353 10
266 354 10
266 357 10
266 359 10
266 360 10
266 362 10
266 363 10
266 364 10
266 365 10
266 366 10
266 367 10
266 368 10
266 369 10
266 370 10
266 371 10
266 372 10
266 381 10
266 383 10
266 384 10
266 387 10
266 388 10
266 390 10
266 392 10
266 393 10
266 394 10
266 397 10
266 398 10
266 399 10
266 403 10
266 409 10
266 410 10
266 411 10
266 412 10
266 419 10
266 424 10
266 436 10
266 438 10
266 441 10
266 443 10
266 445 10
266 447 10
266 453 10
266 454 10
266 455 10
266 456 10
266 457 10
266 461 10
266 471 10
266 473 10
266 474 10
266 475 10
266 476 10
266 477 10
266 479 10
266 482 10
266 483 10
266 484 10
266 485 10
266 487 10
266 502 10
266 503 10
266 506 10
266 508 10
266 513 10
266 525 10
266 526 10
266 529 10
266 534 10
266 535 10
266 538 10
266 539 10
266 541 10
266 542 10
266 544 10
266 546 10
266 555 10
266 556 10
266 560 10
266 567 10
266 570 10
266 571 10
266 574 10
266 577 10
266 579 10
266 581 10
266 582 10
266 584 10
266 585 10
266 586 10
266 588 10
266 589 10
266 590 10
266 591 10
266 595 10
266 596 10
266 598 10
266 599 10
266 600 10
266 603 10
266 605 10
266 607 10
266 611 10
266 612 10
266 613 10
266 618 10
266 620 10
266 621 10
267 291 10
267 293 10
267 296 10
267 298 10
267 299 10
267 303 10
267 308 10
267 314 10
267 317 10
267 318 10
267 319 10
267 320 10
267 321 10
267 322 10
267 324 10
267 328 10
267 329 10
267 330 10
267 331 10
267 332 10
267 334 10
267 335 10
267 336 10
267 354 10
267 357 10
267 359 10
267 361 10
267 362 10
267 363 10
267 364 10
267 365 10
267 367 10
267 368 10
267 371 10
267 372 10
267 385 10
267 386 10
267 387 10
267 388 10
267 390 10
267 392 10
267 394 10
267 395 10
267 396 10
267 400 10
267 402 10
267 403 10
267 407 10
267 408 10
267 409 10
267 410 10
267 411 10
267 414 10
267 416 10
267 418 10
267 419 10
267 422 10
267 425 10
267 426 10
267 440 10
267 441 10
267 445 10
267 447 10
267 451 10
267 455 10
267 456 10
267 457 10
267 458 10
267 459 10
267 462 10
267 464 10
267 465 10
267 466 10
267 468 10
267 470 10
267 473 10
267 476 10
267 477 10
267 478 10
267 481 10
267 488 10
267 507 10
267 508 10
267 510 10
267 512 10
267 513 10
267 521 10
267 522 10
267 523 10
267 525 10
267 534 10
267 535 10
267 542 10
267 543 10
267 544 10
267 545 10
267 546 10
267 555 10
267 556 10
267 558 10
267 560 10
267 572 10
267 573 10
267 575 10
267 576 10
267 577 10
267 578 10
267 580 10
267 583 10
267 587 10
267 593 10
267 595 10
267 597 10
267 598 10
267 599 10
267 600 10
267 601 10
267 602 10
267 603 10
267 605 10
267 608 10
267 611 10
267 612 10
267 613 10
267 616 10
267 617 10
267 619 10
267 620 10
267 621 10
268 289 10
268 290 10
268 291 10
268 294 10
268 300 10
268 304 10
268 305 10
268 306 10
268 309 10
268 319 10
268 320 10
268 321 10
268 322 10
268 326 10
268 328 10
268 333 10
268 335 10
268 336 10
268 337 10
268 340 10
268 341 10
268 344 10
268 345 10
268 346 10
268 347 10
268 350 10
268 352 10
268 355 10
268 356 10
268 361 10
268 363 10
268 364 10
268 365 10
268 366 10
268 367 10
268 369 10
268 372 10
268 376 10
268 379 10
268 380 10
268 382 10
268 384 10
268 385 10
268 387 10
268 388 10
268 389 10
268 390 10
268 391 10
268 393 10
268 396 10
268 397 10
268 398 10
268 399 10
268 401 10
268 404 10
268 409 10
268 410 10
268 411 10
268 412 10
268 413 10
268 416 10
268 419 10
268 437 10
268 440 10
268 444 10
268 447 10
268 448 10
268 449 10
268 450 10
268 452 10
268 453 10
268 456 10
268 457 10
268 463 10
268 464 10
268 465 10
268 469 10
268 470 10
268 473 10
268 474 10
268 475 10
268 476 10
268 477 10
268 480 10
268 481 10
268 483 10
268 486 10
268 488 10
268 493 10
268 494 10
268 506 10
268 507 10
268 509 10
268 510 10
268 511 10
268 517 10
268 522 10
268 524 10
268 525 10
268 529 10
268 530 10
268 534 10
268 536 10
268 542 10
268 543 10
268 544 10
268 545 10
268 551 10
268 554 10
268 555 10
268 556 10
268 558 10
268 560 10
268 564 10
268 565 10
268 568 10
268 570 10
268 571 10
268 574 10
268 578 10
268 580 10
268 583 10
268 585 10
268 588 10
268 597 10
268 600 10
268 602 10
268 603 10
268 604 10
268 605 10
268 607 10
268 608 10
268 609 10
268 611 10
268 612 10
268 614 10
268 615 10
268 616 10
268 618 10
268 619 10
268 620 10
268 625 10
269 279 10
269 289 10
269 290 10
269 291 10
269 293 10
269 295 10
269 296 10
269 299 10
269 303 10
269 307 10
269 310 10
269 319 10
269 321 10
269 330 10
269 334 10
269 336 10
269 337 10
269 343 10
269 350 10
269 354 10
269 356 10
269 357 10
269 358 10
269 359 10
269 360 10
269 361 10
269 362 10
269 365 10
269 366 10
269 367 10
269 368 10
269 371 10
269 379 10
269 380 10
269 381 10
269 384 10
269 386 10
269 387 10
269 388 10
269 391 10
269 392 10
269 393 10
269 400 10
269 403 10
269 406 10
269 408 10
269 409 10
269 411 10
269 413 10
269 414 10
269 421 10
269 440 10
269 446 10
269 448 10
269 449 10
269 450 10
269 451 10
269 452 10
269 453 10
269 454 10
269 456 10
269 458 10
269 459 10
269 467 10
269 470 10
269 472 10
269 473 10
269 475 10
269 476 10
269 477 10
269 478 10
269 479 10
269 481 10
269 483 10
269 487 10
269 495 10
269 507 10
269 508 10
269 512 10
269 513 10
269 515 10
269 526 10
269 528 10
269 530 10
269 531 10
269 532 10
269 535 10
269 536 10
269 538 10
269 540 10
269 541 10
269 542 10
269 543 10
269 544 10
269 545 10
269 547 10
269 552 10
269 555 10
269 559 10
269 560 10
269 562 10
269 564 10
269 565 10
269 566 10
269 568 10
269 569 10
269 570 10
269 574 10
269 576 10
269 577 10
269 578 10
269 580 10
269 582 10
269 583 10
269 589 10
269 594 10
269 596 10
269 597 10
269 599 10
269 601 10
269 603 10
269 605 10
269 606 10
269 607 10
269 608 10
269 609 10
269 610 10
269 613 10
269 614 10
269 618 10
269 622 10
269 627 10
270 281 10
270 285 10
270 287 10
270 290 10
270 292 10
270 294 10
270 295 10
270 296 10
270 299 10
270 302 10
270 303 10
270 305 10
270 307 10
270 308 10
270 309 10
270 315 10
270 320 10
270 328 10
270 330 10
270 331 10
270 332 10
270 334 10
270 340 10
270 342 10
270 344 10
270 350 10
270 352 10
270 353 10
270 358 10
270 359 10
270 360 10
270 363 10
270 364 10
270 366 10
270 373 10
270 377 10
270 381 10
270 383 10
270 384 10
270 385 10
270 387 10
270 390 10
270 391 10
270 392 10
270 394 10
270 395 10
270 396 10
270 397 10
270 402 10
270 405 10
270 406 10
270 407 10
270 408 10
270 409 10
270 410 10
270 412 10
270 413 10
270 414 10
270 415 10
270 416 10
270 417 10
270 418 10
270 419 10
270 420 10
270 426 10
270 431 10
270 438 10
270 446 10
270 448 10
270 449 10
270 451 10
270 453 10
270 454 10
270 456 10
270 458 10
270 459 10
270 460 10
270 464 10
270 469 10
270 470 10
270 471 10
270 474 10
270 475 10
270 476 10
270 477 10
270 478 10
270 481 10
270 482 10
270 483 10
270 484 10
270 486 10
270 487 10
270 490 10
270 495 10
270 509 10
270 510 10
270 514 10
270 528 10
270 534 10
270 537 10
270 542 10
270 550 10
270 551 10
270 552 10
270 554 10
270 556 10
270 559 10
270 566 10
270 567 10
270 568 10
270 569 10
270 576 10
270 577 10
270 578 10
270 579 10
270 583 10
270 584 10
270 591 10
270 596 10
270 597 10
270 598 10
270 599 10
270 603 10
270 606 10
270 608 10
270 610 10
270 611 10
270 612 10
270 614 10
270 618 10
270 619 10
270 625 10
270 626 10
271 279 10
271 283 10
271 296 10
271 298 10
271 300 10
271 303 10
271 305 10
271 310 10
271 312 10
271 313 10
271 326 10
271 330 10
271 331 10
271 333 10
271 334 10
271 340 10
271 342 10
271 344 10
271 350 10
271 351 10
271 357 10
271 358 10
271 362 10
271 364 10
271 365 10
271 368 10
271 369 10
271 370 10
271 371 10
271 372 10
271 375 10
271 376 10
271 379 10
271 380 10
271 383 10
271 384 10
271 385 10
271 386 10
271 388 10
271 394 10
271 395 10
271 396 10
271 400 10
271 402 10
271 404 10
271 405 10
271 407 10
271 409 10
271 410 10
271 411 10
271 412 10
271 413 10
271 415 10
271 417 10
271 420 10
271 427 10
271 447 10
271 448 10
271 449 10
271 450 10
271 452 10
271 454 10
271 455 10
271 457 10
271 460 10
271 461 10
271 464 10
271 465 10
271 471 10
271 473 10
271 476 10
271 483 10
271 505 10
271 508 10
271 509 10
271 510 10
271 512 10
271 525 10
271 526 10
271 527 10
271 528 10
271 531 10
271 533 10
271 536 10
271 541 10
271 542 10
271 544 10
271 546 10
271 549 10
271 553 10
271 556 10
271 557 10
271 558 10
271 560 10
271 562 10
271 565 10
271 567 10
271 577 10
271 580 10
271 581 10
271 591 10
271 597 10
271 598 10
271 601 10
271 602 10
271 604 10
271 609 10
271 610 10
271 611 10
271 613 10
271 615 10
271 616 10
271 618 10
271 619 10
271 621 10
271 624 10
272 288 10
272 289 10
272 291 10
272 293 10
272 295 10
272 296 10
272 297 10
272 301 10
272 303 10
272 306 10
272 308 10
272 309 10
272 311 10
272 315 10
272 324 10
272 325 10
272 326 10
272 327 10
272 329 10
272 335 10
272 336 10
272 338 10
272 339 10
272 340 10
272 342 10
272 348 10
272 349 10
272 351 10
272 353 10
272 355 10
272 356 10
272 361 10
272 364 10
272 366 10
272 367 10
272 370 10
272 372 10
272 374 10
272 378 10
272 381 10
272 383 10
272 384 10
272 386 10
272 388 10
272 389 10
272 392 10
272 393 10
272 397 10
272 400 10
272 402 10
272 403 10
272 404 10
272 406 10
272 407 10
272 409 10
272 411 10
272 412 10
272 414 10
272 420 10
272 424 10
272 425 10
272 429 10
272 431 10
272 432 10
272 444 10
272 447 10
272 448 10
272 449 10
272 450 10
272 451 10
272 452 10
272 453 10
272 454 10
272 456 10
272 458 10
272 459 10
272 461 10
272 462 10
272 465 10
272 466 10
272 471 10
272 472 10
272 474 10
272 475 10
272 476 10
272 477 10
272 480 10
272 481 10
272 483 10
272 485 10
272 490 10
272 494 10
272 502 10
272 504 10
272 505 10
272 507 10
272 510 10
272 511 10
272 515 10
272 525 10
272 527 10
272 530 10
272 531 10
272 532 10
272 536 10
272 540 10
272 542 10
272 543 10
272 549 10
272 552 10
272 553 10
272 554 10
272 555 10
272 557 10
272 558 10
272 561 10
272 562 10
272 563 10
272 573 10
272 575 10
272 582 10
272 596 10
272 599 10
272 600 10
272 602 10
272 606 10
272 607 10
272 608 10
272 609 10
272 611 10
272 612 10
272 617 10
272 619 10
272 621 10
272 623 10
272 626 10
272 628 10
273 283 10
273 284 10
273 292 10
273 296 10
273 303 10
273 305 10
273 311 10
273 322 10
273 323 10
273 324 10
273 325 10
273 327 10
273 328 10
273 329 10
273 330 10
273 331 10
273 333 10
273 334 10
273 335 10
273 337 10
273 346 10
273 352 10
273 353 10
273 354 10
273 355 10
273 361 10
273 363 10
273 368 10
273 372 10
273 373 10
273 377 10
273 381 10
273 386 10
273 388 10
273 390 10
273 391 10
273 392 10
273 394 10
273 396 10
273 397 10
273 400 10
273 402 10
273 403 10
273 404 10
273 405 10
273 407 10
273 410 10
273 415 10
273 420 10
273 421 10
273 423 10
273 428 10
273 429 10
273 431 10
273 437 10
273 438 10
273 440 10
273 446 10
273 448 10
273 452 10
273 453 10
273 454 10
273 455 10
273 456 10
273 457 10
273 458 10
273 459 10
273 460 10
273 461 10
273 462 10
273 463 10
273 464 10
273 465 10
273 467 10
273 468 10
273 470 10
273 471 10
273 472 10
273 474 10
273 475 10
273 476 10
273 478 10
273 481 10
273 482 10
273 484 10
273 491 10
273 492 10
273 493 10
273 494 10
273 503 10
273 505 10
273 508 10
273 510 10
273 511 10
273 512 10
273 527 10
273 528 10
273 534 10
273 535 10
273 536 10
273 541 10
273 543 10
273 552 10
273 553 10
273 554 10
273 555 10
273 556 10
273 561 10
273 563 10
273 566 10
273 568 10
273 570 10
273 572 10
273 575 10
273 579 10
273 585 10
273 589 10
273 592 10
273 593 10
273 594 10
273 596 10
273 599 10
273 600 10
273 605 10
273 607 10
273 611 10
273 612 10
273 613 10
273 615 10
273 617 10
273 627 10
274 281 10
274 282 10
274 294 10
274 295 10
274 296 10
274 299 10
274 301 10
274 305 10
274 307 10
274 309 10
274 310 10
274 315 10
274 317 10
274 322 10
274 323 10
274 329 10
274 331 10
274 332 10
274 337 10
274 339 10
274 349 10
274 352 10
274 354 10
274 356 10
274 358 10
274 359 10
274 361 10
274 372 10
274 374 10
274 386 10
274 389 10
274 398 10
274 399 10
274 401 10
274 402 10
274 403 10
274 405 10
274 406 10
274 413 10
274 414 10
274 418 10
274 420 10
274 422 10
274 423 10
274 424 10
274 425 10
274 426 10
274 428 10
274 429 10
274 436 10
274 440 10
274 447 10
274 448 10
274 449 10
274 450 10
274 451 10
274 453 10
274 454 10
274 455 10
274 456 10
274 457 10
274 459 10
274 460 10
274 463 10
274 464 10
274 466 10
274 467 10
274 472 10
274 476 10
274 477 10
274 480 10
274 481 10
274 484 10
274 485 10
274 489 10
274 498 10
274 502 10
274 503 10
274 504 10
274 506 10
274 507 10
274 508 10
274 510 10
274 512 10
274 524 10
274 525 10
274 533 10
274 534 10
274 538 10
274 541 10
274 542 10
274 543 10
274 551 10
274 553 10
274 554 10
274 557 10
274 558 10
274 560 10
274 563 10
274 565 10
274 571 10
274 572 10
274 574 10
274 575 10
274 576 10
274 577 10
274 578 10
274 579 10
274 581 10
274 587 10
274 592 10
274 594 10
274 600 10
274 603 10
274 605 10
274 608 10
274 609 10
274 611 10
274 612 10
274 614 10
274 615 10
274 617 10
274 620 10
274 622 10
274 626 10
274 628 10
274 630 10
275 283 10
275 287 10
275 302 10
275 303 10
275 307 10
275 311 10
275 317 10
275 322 10
275 323 10
275 324 10
275 325 10
275 327 10
275 328 10
275 330 10
275 331 10
275 334 10
275 335 10
275 337 10
275 338 10
275 343 10
275 347 10
275 349 10
275 350 10
275 353 10
275 355 10
275 356 10
275 359 10
275 360 10
275 363 10
275 365 10
275 372 10
275 374 10
275 375 10
275 388 10
275 390 10
275 397 10
275 398 10
275 399 10
275 400 10
275 401 10
275 403 10
275 404 10
275 405 10
275 406 10
275 407 10
275 410 10
275 411 10
275 413 10
275 414 10
275 419 10
275 420 10
275 421 10
275 423 10
275 426 10
275 439 10
275 444 10
275 445 10
275 448 10
275 449 10
275 450 10
275 451 10
275 453 10
275 454 10
275 455 10
275 457 10
275 459 10
275 460 10
275 461 10
275 466 10
275 467 10
275 468 10
275 471 10
275 473 10
275 474 10
275 475 10
275 476 10
275 478 10
275 479 10
275 480 10
275 481 10
275 484 10
275 492 10
275 494 10
275 495 10
275 498 10
275 499 10
275 500 10
275 502 10
275 503 10
275 504 10
275 506 10
275 508 10
275 510 10
275 517 10
275 519 10
275 520 10
275 526 10
275 527 10
275 528 10
275 529 10
275 533 10
275 534 10
275 535 10
275 536 10
275 537 10
275 540 10
275 541 10
275 542 10
275 543 10
275 544 10
275 545 10
275 547 10
275 552 10
275 554 10
275 555 10
275 556 10
275 557 10
275 558 10
275 568 10
275 570 10
275 571 10
275 576 10
275 577 10
275 578 10
275 581 10
275 582 10
275 583 10
275 584 10
275 589 10
275 591 10
275 593 10
275 595 10
275 596 10
275 597 10
275 605 10
275 608 10
275 610 10
275 612 10
275 614 10
275 615 10
275 617 10
275 630 10
275 631 10
276 281 10
276 287 10
276 294 10
276 306 10
276 313 10
276 315 10
276 316 10
276 320 10
276 322 10
276 330 10
276 333 10
276 334 10
276 335 10
276 337 10
276 345 10
276 347 10
276 353 10
276 355 10
276 357 10
276 358 10
276 359 10
276 363 10
276 365 10
276 370 10
276 371 10
276 374 10
276 375 10
276 376 10
276 386 10
276 387 10
276 391 10
276 400 10
276 401 10
276 402 10
276 403 10
276 404 10
276 405 10
276 406 10
276 407 10
276 409 10
276 411 10
276 416 10
276 422 10
276 426 10
276 428 10
276 431 10
276 434 10
276 437 10
276 439 10
276 443 10
276 444 10
276 445 10
276 446 10
276 449 10
276 451 10
276 452 10
276 454 10
276 455 10
276 457 10
276 458 10
276 463 10
276 464 10
276 465 10
276 471 10
276 472 10
276 473 10
276 479 10
276 481 10
276 483 10
276 491 10
276 493 10
276 501 10
276 507 10
276 508 10
276 512 10
276 516 10
276 520 10
276 522 10
276 524 10
276 526 10
276 529 10
276 531 10
276 533 10
276 535 10
276 536 10
276 538 10
276 540 10
276 541 10
276 542 10
276 543 10
276 544 10
276 550 10
276 551 10
276 552 10
276 553 10
276 555 10
276 556 10
276 571 10
276 574 10
276 576 10
276 579 10
276 591 10
276 592 10
276 596 10
276 599 10
276 603 10
276 605 10
276 606 10
276 607 10
276 608 10
276 609 10
276 615 10
276 616 10
276 627 10
276 628 10
277 295 10
277 299 10
277 304 10
277 309 10
277 311 10
277 312 10
277 313 10
277 314 10
277 320 10
277 323 10
277 324 10
277 326 10
277 327 10
277 331 10
277 333 10
277 334 10
277 337 10
277 338 10
277 343 10
277 344 10
277 345 10
277 349 10
277 352 10
277 353 10
277 354 10
277 355 10
277 357 10
277 358 10
277 360 10
277 362 10
277 364 10
277 366 10
277 367 10
277 373 10
277 374 10
277 375 10
277 377 10
277 388 10
277 390 10
277 391 10
277 396 10
277 398 10
277 400 10
277 401 10
277 402 10
277 403 10
277 404 10
277 405 10
277 407 10
277 409 10
277 414 10
277 415 10
277 421 10
277 422 10
277 426 10
277 432 10
277 433 10
277 442 10
277 443 10
277 444 10
277 446 10
277 447 10
277 448 10
277 451 10
277 452 10
277 456 10
277 459 10
277 463 10
277 466 10
277 467 10
277 468 10
277 471 10
277 474 10
277 475 10
277 477 10
277 478 10
277 481 10
277 483 10
277 486 10
277 491 10
277 493 10
277 494 10
277 495 10
277 496 10
277 499 10
277 500 10
277 505 10
277 506 10
277 508 10
277 509 10
277 510 10
277 512 10
277 516 10
277 522 10
277 526 10
277 527 10
277 533 10
277 534 10
277 535 10
277 536 10
277 538 10
277 541 10
277 542 10
277 547 10
277 556 10
277 569 10
277 570 10
277 571 10
277 572 10
277 574 10
277 575 10
277 576 10
277 580 10
277 581 10
277 582 10
277 584 10
277 590 10
277 597 10
277 598 10
277 599 10
277 603 10
277 607 10
277 608 10
277 609 10
277 611 10
277 612 10
277 617 10
277 628 10
278 284 10
278 286 10
278 290 10
278 299 10
278 305 10
278 307 10
278 309 10
278 317 10
278 318 10
278 320 10
278 321 10
278 322 10
278 323 10
278 324 10
278 325 10
278 326 10
278 327 10
278 328 10
278 329 10
278 330 10
278 333 10
278 336 10
278 343 10
278 344 10
278 345 10
278 346 10
278 347 10
278 352 10
278 355 10
278 357 10
278 358 10
278 359 10
278 360 10
278 361 10
278 362 10
278 364 10
278 365 10
278 366 10
278 367 10
278 370 10
278 371 10
278 375 10
278 381 10
278 383 10
278 384 10
278 391 10
278 392 10
278 400 10
278 401 10
278 402 10
278 403 10
278 404 10
278 405 10
278 406 10
278 408 10
278 409 10
278 410 10
278 411 10
278 413 10
278 418 10
278 420 10
278 421 10
278 424 10
278 431 10
278 434 10
278 442 10
278 450 10
278 452 10
278 453 10
278 456 10
278 457 10
278 459 10
278 460 10
278 466 10
278 467 10
278 469 10
278 470 10
278 471 10
278 472 10
278 474 10
278 476 10
278 477 10
278 478 10
278 481 10
278 483 10
278 484 10
278 485 10
278 494 10
278 497 10
278 499 10
278 502 10
278 508 10
278 510 10
278 516 10
278 518 10
278 523 10
278 527 10
278 531 10
278 533 10
278 538 10
278 542 10
278 544 10
278 545 10
278 551 10
278 552 10
278 555 10
278 558 10
278 571 10
278 573 10
278 576 10
278 577 10
278 578 10
278 591 10
278 604 10
278 608 10
278 615 10
278 616 10
278 617 10
278 618 10
278 620 10
278 628 10
279 282 10
279 284 10
279 286 10
279 287 10
279 311 10
279 314 10
279 318 10
279 320 10
279 321 10
279 322 10
279 323 10
279 324 10
279 325 10
279 326 10
279 327 10
279 328 10
279 329 10
279 330 10
279 331 10
279 333 10
279 338 10
279 341 10
279 343 10
279 345 10
279 346 10
279 347 10
279 348 10
279 349 10
279 353 10
279 354 10
279 356 10
279 361 10
279 363 10
279 365 10
279 366 10
279 367 10
279 368 10
279 370 10
279 373 10
279 378 10
279 380 10
279 382 10
279 385 10
279 389 10
279 393 10
279 399 10
279 400 10
279 401 10
279 402 10
279 403 10
279 404 10
279 405 10
279 406 10
279 407 10
279 408 10
279 409 10
279 414 10
279 415 10
279 419 10
279 421 10
279 422 10
279 424 10
279 426 10
279 436 10
279 442 10
279 444 10
279 445 10
279 453 10
279 454 10
279 457 10
279 459 10
279 461 10
279 463 10
279 464 10
279 465 10
279 466 10
279 469 10
279 478 10
279 488 10
279 496 10
279 497 10
279 498 10
279 499 10
279 500 10
279 504 10
279 505 10
279 506 10
279 507 10
279 509 10
279 510 10
279 512 10
279 513 10
279 515 10
279 527 10
279 533 10
279 534 10
279 536 10
279 539 10
279 540 10
279 552 10
279 553 10
279 555 10
279 557 10
279 558 10
279 572 10
279 574 10
279 576 10
279 579 10
279 588 10
279 596 10
279 598 10
279 605 10
279 607 10
279 608 10
279 610 10
279 612 10
279 618 10
279 621 10
279 627 10
280 283 10
280 285 10
280 288 10
280 289 10
280 292 10
280 294 10
280 302 10
280 305 10
280 316 10
280 318 10
280 319 10
280 321 10
280 322 10
280 323 10
280 325 10
280 326 10
280 328 10
280 330 10
280 331 10
280 339 10
280 347 10
280 348 10
280 351 10
280 353 10
280 357 10
280 360 10
280 361 10
280 362 10
280 363 10
280 364 10
280 366 10
280 368 10
280 369 10
280 370 10
280 375 10
280 379 10
280 383 10
280 384 10
280 387 10
280 389 10
280 391 10
280 394 10
280 399 10
280 400 10
280 401 10
280 403 10
280 404 10
280 405 10
280 406 10
280 410 10
280 411 10
280 413 10
280 415 10
280 425 10
280 431 10
280 434 10
280 439 10
280 442 10
280 443 10
280 444 10
280 445 10
280 447 10
280 449 10
280 451 10
280 454 10
280 456 10
280 457 10
280 467 10
280 468 10
280 469 10
280 471 10
280 473 10
280 475 10
280 477 10
280 479 10
280 480 10
280 481 10
280 488 10
280 491 10
280 492 10
280 495 10
280 497 10
280 498 10
280 501 10
280 504 10
280 505 10
280 506 10
280 508 10
280 510 10
280 511 10
280 513 10
280 514 10
280 517 10
280 518 10
280 532 10
280 534 10
280 537 10
280 541 10
280 548 10
280 549 10
280 553 10
280 555 10
280 558 10
280 569 10
280 575 10
280 577 10
280 583 10
280 590 10
280 592 10
280 603 10
280 604 10
280 607 10
280 610 10
280 614 10
280 617 10
280 619 10
281 285 10
281 286 10
281 287 10
281 289 10
281 291 10
281 295 10
281 296 10
281 297 10
281 298 10
281 304 10
281 311 10
281 312 10
281 314 10
281 316 10
281 318 10
281 319 10
281 320 10
281 322 10
281 323 10
281 324 10
281 325 10
281 326 10
281 328 10
281 330 10
281 333 10
281 334 10
281 335 10
281 340 10
281 350 10
281 351 10
281 353 10
281 354 10
281 356 10
281 357 10
281 358 10
281 359 10
281 360 10
281 361 10
281 362 10
281 363 10
281 364 10
281 366 10
281 368 10
281 380 10
281 382 10
281 384 10
281 391 10
281 392 10
281 395 10
281 398 10
281 399 10
281 400 10
281 401 10
281 403 10
281 404 10
281 405 10
281 406 10
281 408 10
281 410 10
281 414 10
281 416 10
281 417 10
281 418 10
281 420 10
281 421 10
281 422 10
281 423 10
281 424 10
281 425 10
281 429 10
281 430 10
281 432 10
281 439 10
281 440 10
281 441 10
281 443 10
281 444 10
281 451 10
281 457 10
281 458 10
281 459 10
281 463 10
281 465 10
281 466 10
281 467 10
281 469 10
281 473 10
281 474 10
281 477 10
281 479 10
281 481 10
281 482 10
281 483 10
281 493 10
281 495 10
281 499 10
281 500 10
281 502 10
281 503 10
281 508 10
281 517 10
281 518 10
281 523 10
281 530 10
281 536 10
281 539 10
281 541 10
281 551 10
281 552 10
281 553 10
281 557 10
281 558 10
281 559 10
281 572 10
281 573 10
281 574 10
281 576 10
281 580 10
281 584 10
281 588 10
281 591 10
281 601 10
281 604 10
281 605 10
281 607 10
281 611 10
281 614 10
281 616 10
281 617 10
281 619 10
281 621 10
281 622 10
281 623 10
282 282 10
282 283 10
282 285 10
282 286 10
282 287 10
282 288 10
282 289 10
282 291 10
282 297 10
282 312 10
282 316 10
282 317 10
282 318 10
282 319 10
282 320 10
282 321 10
282 322 10
282 325 10
282 327 10
282 329 10
282 332 10
282 334 10
282 335 10
282 349 10
282 352 10
282 353 10
282 355 10
282 356 10
282 358 10
282 359 10
282 361 10
282 364 10
282 365 10
282 366 10
282 371 10
282 374 10
282 375 10
282 381 10
282 382 10
282 383 10
282 391 10
282 394 10
282 395 10
282 399 10
282 400 10
282 401 10
282 403 10
282 404 10
282 405 10
282 406 10
282 409 10
282 411 10
282 416 10
282 418 10
282 419 10
282 421 10
282 424 10
282 425 10
282 426 10
282 427 10
282 428 10
282 431 10
282 432 10
282 436 10
282 437 10
282 441 10
282 442 10
282 447 10
282 451 10
282 453 10
282 454 10
282 457 10
282 458 10
282 460 10
282 464 10
282 465 10
282 466 10
282 467 10
282 468 10
282 471 10
282 472 10
282 474 10
282 477 10
282 478 10
282 480 10
282 481 10
282 482 10
282 496 10
282 499 10
282 505 10
282 506 10
282 510 10
282 511 10
282 514 10
282 534 10
282 535 10
282 539 10
282 541 10
282 547 10
282 549 10
282 551 10
282 552 10
282 554 10
282 555 10
282 570 10
282 571 10
282 573 10
282 574 10
282 579 10
282 582 10
282 584 10
282 587 10
282 588 10
282 590 10
282 592 10
282 605 10
282 606 10
282 607 10
282 611 10
282 612 10
282 614 10
282 615 10
282 616 10
282 617 10
282 618 10
282 620 10
282 625 10
282 634 10
283 276 10
283 278 10
283 280 10
283 282 10
283 284 10
283 286 10
283 287 10
283 289 10
283 290 10
283 293 10
283 311 10
283 312 10
283 313 10
283 321 10
283 322 10
283 325 10
283 327 10
283 329 10
283 330 10
283 331 10
283 332 10
283 334 10
283 335 10
283 338 10
283 353 10
283 356 10
283 358 10
283 360 10
283 361 10
283 365 10
283 366 10
283 367 10
283 376 10
283 379 10
283 382 10
283 383 10
283 386 10
283 387 10
283 390 10
283 394 10
283 400 10
283 401 10
283 402 10
283 404 10
283 405 10
283 406 10
283 407 10
283 408 10
283 412 10
283 416 10
283 418 10
283 419 10
283 421 10
283 422 10
283 424 10
283 425 10
283 426 10
283 428 10
283 431 10
283 438 10
283 440 10
283 442 10
283 454 10
283 456 10
283 459 10
283 460 10
283 461 10
283 472 10
283 475 10
283 477 10
283 478 10
283 483 10
283 484 10
283 493 10
283 494 10
283 495 10
283 497 10
283 499 10
283 501 10
283 502 10
283 504 10
283 506 10
283 510 10
283 517 10
283 523 10
283 529 10
283 537 10
283 539 10
283 541 10
283 544 10
283 552 10
283 553 10
283 554 10
283 557 10
283 564 10
283 571 10
283 572 10
283 574 10
283 576 10
283 577 10
283 580 10
283 590 10
283 591 10
283 602 10
283 604 10
283 607 10
283 608 10
283 610 10
283 614 10
283 615 10
283 619 10
283 623 10
283 626 10
283 647 10
284 269 10
284 280 10
284 281 10
284 284 10
284 286 10
284 287 10
284 288 10
284 289 10
284 297 10
284 306 10
284 316 10
284 317 10
284 319 10
284 322 10
284 323 10
284 325 10
284 326 10
284 328 10
284 329 10
284 330 10
284 331 10
284 332 10
284 333 10
284 334 10
284 335 10
284 336 10
284 338 10
284 341 10
284 349 10
284 354 10
284 355 10
284 356 10
284 357 10
284 358 10
284 359 10
284 360 10
284 361 10
284 363 10
284 365 10
284 376 10
284 377 10
284 378 10
284 379 10
284 390 10
284 398 10
284 399 10
284 402 10
284 404 10
284 406 10
284 407 10
284 408 10
284 409 10
284 412 10
284 413 10
284 418 10
284 421 10
284 423 10
284 424 10
284 426 10
284 427 10
284 430 10
284 432 10
284 433 10
284 435 10
284 439 10
284 447 10
284 449 10
284 451 10
284 453 10
284 460 10
284 462 10
284 463 10
284 468 10
284 476 10
284 477 10
284 479 10
284 480 10
284 481 10
284 482 10
284 483 10
284 491 10
284 492 10
284 494 10
284 497 10
284 500 10
284 509 10
284 510 10
284 512 10
284 513 10
284 520 10
284 524 10
284 530 10
284 536 10
284 537 10
284 546 10
284 551 10
284 552 10
284 553 10
284 555 10
284 556 10
284 559 10
284 562 10
284 565 10
284 571 10
284 572 10
284 574 10
284 576 10
284 579 10
284 580 10
284 583 10
284 593 10
284 604 10
284 606 10
284 608 10
284 611 10
284 619 10
284 620 10
284 624 10
284 625 10
285 275 10
285 283 10
285 284 10
285 288 10
285 289 10
285 292 10
285 308 10
285 309 10
285 317 10
285 321 10
285 324 10
285 328 10
285 329 10
285 330 10
285 331 10
285 333 10
285 335 10
285 338 10
285 340 10
285 356 10
285 358 10
285 361 10
285 363 10
285 364 10
285 370 10
285 371 10
285 380 10
285 384 10
285 385 10
285 397 10
285 398 10
285 399 10
285 401 10
285 403 10
285 404 10
285 407 10
285 410 10
285 412 10
285 415 10
285 416 10
285 419 10
285 421 10
285 426 10
285 428 10
285 429 10
285 430 10
285 432 10
285 433 10
285 438 10
285 439 10
285 441 10
285 453 10
285 458 10
285 461 10
285 468 10
285 471 10
285 472 10
285 473 10
285 474 10
285 477 10
285 483 10
285 484 10
285 485 10
285 489 10
285 492 10
285 494 10
285 496 10
285 497 10
285 498 10
285 499 10
285 506 10
285 507 10
285 510 10
285 512 10
285 526 10
285 536 10
285 537 10
285 538 10
285 540 10
285 541 10
285 550 10
285 551 10
285 555 10
285 562 10
285 563 10
285 566 10
285 573 10
285 576 10
285 579 10
285 581 10
285 585 10
285 591 10
285 592 10
285 601 10
285 602 10
285 603 10
285 605 10
285 606 10
285 607 10
285 608 10
285 609 10
285 610 10
285 611 10
285 613 10
285 614 10
285 615 10
285 620 10
285 621 10
285 624 10
285 625 10
285 626 10
285 647 10
285 648 10
286 270 10
286 275 10
286 276 10
286 281 10
286 284 10
286 289 10
286 290 10
286 292 10
286 297 10
286 308 10
286 317 10
286 319 10
286 321 10
286 323 10
286 327 10
286 333 10
286 334 10
286 336 10
286 337 10
286 338 10
286 339 10
286 342 10
286 353 10
286 355 10
286 357 10
286 358 10
286 359 10
286 360 10
286 363 10
286 364 10
286 365 10
286 366 10
286 368 10
286 369 10
286 372 10
286 376 10
286 380 10
286 382 10
286 388 10
286 390 10
286 392 10
286 394 10
286 398 10
286 399 10
286 400 10
286 401 10
286 402 10
286 403 10
286 404 10
286 405 10
286 406 10
286 407 10
286 410 10
286 412 10
286 415 10
286 419 10
286 421 10
286 425 10
286 427 10
286 433 10
286 435 10
286 438 10
286 444 10
286 449 10
286 450 10
286 451 10
286 459 10
286 466 10
286 468 10
286 472 10
286 474 10
286 475 10
286 476 10
286 479 10
286 481 10
286 493 10
286 494 10
286 496 10
286 499 10
286 500 10
286 509 10
286 519 10
286 521 10
286 524 10
286 525 10
286 527 10
286 528 10
286 537 10
286 542 10
286 544 10
286 551 10
286 552 10
286 554 10
286 555 10
286 556 10
286 564 10
286 571 10
286 576 10
286 581 10
286 582 10
286 583 10
286 586 10
286 587 10
286 597 10
286 602 10
286 606 10
286 608 10
286 618 10
286 621 10
286 622 10
286 623 10
286 624 10
286 648 10
287 269 10
287 271 10
287 297 10
287 299 10
287 302 10
287 303 10
287 310 10
287 311 10
287 312 10
287 313 10
287 314 10
287 316 10
287 317 10
287 327 10
287 328 10
287 329 10
287 331 10
287 332 10
287 333 10
287 334 10
287 336 10
287 338 10
287 340 10
287 341 10
287 359 10
287 366 10
287 368 10
287 379 10
287 392 10
287 396 10
287 397 10
287 398 10
287 399 10
287 400 10
287 401 10
287 404 10
287 406 10
287 408 10
287 410 10
287 411 10
287 413 10
287 418 10
287 419 10
287 420 10
287 421 10
287 422 10
287 427 10
287 429 10
287 431 10
287 434 10
287 435 10
287 436 10
287 439 10
287 440 10
287 443 10
287 447 10
287 459 10
287 464 10
287 465 10
287 466 10
287 470 10
287 472 10
287 475 10
287 476 10
287 478 10
287 480 10
287 481 10
287 482 10
287 485 10
287 486 10
287 491 10
287 492 10
287 496 10
287 498 10
287 500 10
287 501 10
287 502 10
287 508 10
287 512 10
287 515 10
287 516 10
287 527 10
287 530 10
287 534 10
287 536 10
287 540 10
287 542 10
287 545 10
287 546 10
287 553 10
287 563 10
287 564 10
287 566 10
287 568 10
287 574 10
287 576 10
287 578 10
287 580 10
287 582 10
287 584 10
287 585 10
287 590 10
287 594 10
287 607 10
287 608 10
287 609 10
287 612 10
287 620 10
287 622 10
287 623 10
287 625 10
287 634 10
288 269 10
288 290 10
288 295 10
288 296 10
288 312 10
288 314 10
288 316 10
288 317 10
288 318 10
288 319 10
288 320 10
288 326 10
288 327 10
288 338 10
288 340 10
288 355 10
288 361 10
288 363 10
288 364 10
288 367 10
288 369 10
288 370 10
288 371 10
288 383 10
288 392 10
288 394 10
288 397 10
288 398 10
288 399 10
288 400 10
288 401 10
288 402 10
288 403 10
288 406 10
288 408 10
288 415 10
288 416 10
288 417 10
288 418 10
288 419 10
288 420 10
288 422 10
288 424 10
288 427 10
288 428 10
288 431 10
288 432 10
288 433 10
288 435 10
288 437 10
288 440 10
288 441 10
288 445 10
288 446 10
288 447 10
288 449 10
288 450 10
288 451 10
288 456 10
288 459 10
288 461 10
288 468 10
288 469 10
288 473 10
288 474 10
288 475 10
288 478 10
288 479 10
288 480 10
288 483 10
288 491 10
288 500 10
288 502 10
288 503 10
288 504 10
288 507 10
288 509 10
288 510 10
288 513 10
288 514 10
288 519 10
288 527 10
288 530 10
288 531 10
288 532 10
288 537 10
288 547 10
288 553 10
288 554 10
288 555 10
288 556 10
288 560 10
288 561 10
288 563 10
288 564 10
288 570 10
288 572 10
288 575 10
288 578 10
288 582 10
288 585 10
288 589 10
288 592 10
288 593 10
288 596 10
288 604 10
288 606 10
288 607 10
288 613 10
288 614 10
288 617 10
288 619 10
288 621 10
288 623 10
288 624 10
288 626 10
288 628 10
288 629 10
288 632 10
288 635 10
289 268 10
289 271 10
289 275 10
289 276 10
289 278 10
289 279 10
289 286 10
289 288 10
289 289 10
289 291 10
289 292 10
289 297 10
289 298 10
289 300 10
289 303 10
289 306 10
289 307 10
289 309 10
289 312 10
289 319 10
289 327 10
289 335 10
289 336 10
289 337 10
289 340 10
289 343 10
289 345 10
289 369 10
289 370 10
289 396 10
289 401 10
289 404 10
289 406 10
289 407 10
289 409 10
289 418 10
289 419 10
289 420 10
289 423 10
289 426 10
289 429 10
289 430 10
289 431 10
289 433 10
289 435 10
289 437 10
289 438 10
289 442 10
289 444 10
289 445 10
289 457 10
289 461 10
289 462 10
289 464 10
289 466 10
289 468 10
289 475 10
289 476 10
289 477 10
289 478 10
289 479 10
289 482 10
289 492 10
289 493 10
289 497 10
289 499 10
289 500 10
289 501 10
289 502 10
289 503 10
289 504 10
289 505 10
289 507 10
289 509 10
289 513 10
289 514 10
289 529 10
289 530 10
289 532 10
289 534 10
289 540 10
289 542 10
289 549 10
289 553 10
289 557 10
289 558 10
289 561 10
289 562 10
289 566 10
289 567 10
289 568 10
289 575 10
289 576 10
289 580 10
289 583 10
289 584 10
289 585 10
289 587 10
289 588 10
289 610 10
289 614 10
289 620 10
289 622 10
289 623 10
289 624 10
289 625 10
289 626 10
289 628 10
289 629 10
290 275 10
290 276 10
290 283 10
290 285 10
290 286 10
290 290 10
290 292 10
290 294 10
290 296 10
290 299 10
290 306 10
290 312 10
290 318 10
290 319 10
290 321 10
290 332 10
290 333 10
290 340 10
290 364 10
290 365 10
290 368 10
290 369 10
290 378 10
290 396 10
290 397 10
290 398 10
290 399 10
290 401 10
290 402 10
290 404 10
290 405 10
290 406 10
290 409 10
290 410 10
290 411 10
290 415 10
290 416 10
290 417 10
290 419 10
290 421 10
290 424 10
290 426 10
290 427 10
290 428 10
290 431 10
290 433 10
290 436 10
290 437 10
290 441 10
290 442 10
290 444 10
290 446 10
290 451 10
290 459 10
290 460 10
290 461 10
290 463 10
290 464 10
290 465 10
290 473 10
290 475 10
290 477 10
290 478 10
290 479 10
290 480 10
290 481 10
290 483 10
290 484 10
290 499 10
290 500 10
290 501 10
290 502 10
290 503 10
290 504 10
290 505 10
290 507 10
290 509 10
290 510 10
290 511 10
290 513 10
290 514 10
290 516 10
290 518 10
290 519 10
290 520 10
290 527 10
290 528 10
290 530 10
290 535 10
290 539 10
290 553 10
290 554 10
290 556 10
290 558 10
290 559 10
290 561 10
290 563 10
290 565 10
290 567 10
290 569 10
290 577 10
290 578 10
290 581 10
290 582 10
290 583 10
290 586 10
290 589 10
290 590 10
290 594 10
290 606 10
290 607 10
290 611 10
290 616 10
290 618 10
290 619 10
290 620 10
290 622 10
290 624 10
290 627 10
290 628 10
290 629 10
290 633 10
290 645 10
290 647 10
290 649 10
291 269 10
291 274 10
291 275 10
291 279 10
291 281 10
291 282 10
291 285 10
291 288 10
291 289 10
291 293 10
291 294 10
291 295 10
291 299 10
291 305 10
291 307 10
291 309 10
291 314 10
291 316 10
291 318 10
291 324 10
291 325 10
291 329 10
291 338 10
291 341 10
291 343 10
291 345 10
291 353 10
291 360 10
291 362 10
291 365 10
291 367 10
291 370 10
291 382 10
291 383 10
291 384 10
291 389 10
291 391 10
291 394 10
291 399 10
291 400 10
291 402 10
291 403 10
291 405 10
291 407 10
291 409 10
291 410 10
291 415 10
291 416 10
291 417 10
291 419 10
291 420 10
291 421 10
291 425 10
291 429 10
291 430 10
291 431 10
291 432 10
291 435 10
291 437 10
291 438 10
291 441 10
291 442 10
291 445 10
291 459 10
291 463 10
291 464 10
291 466 10
291 474 10
291 475 10
291 476 10
291 477 10
291 478 10
291 480 10
291 482 10
291 484 10
291 487 10
291 488 10
291 492 10
291 498 10
291 499 10
291 501 10
291 502 10
291 503 10
291 504 10
291 508 10
291 509 10
291 511 10
291 514 10
291 517 10
291 518 10
291 519 10
291 521 10
291 527 10
291 529 10
291 543 10
291 553 10
291 554 10
291 556 10
291 557 10
291 560 10
291 568 10
291 577 10
291 578 10
291 581 10
291 583 10
291 585 10
291 586 10
291 587 10
291 588 10
291 589 10
291 592 10
291 593 10
291 594 10
291 595 10
291 601 10
291 612 10
291 614 10
291 615 10
291 617 10
291 618 10
291 620 10
291 621 10
291 622 10
291 624 10
291 625 10
291 627 10
291 628 10
291 631 10
291 632 10
291 647 10
291 650 10
292 264 10
292 265 10
292 266 10
292 270 10
292 274 10
292 281 10
292 282 10
292 288 10
292 289 10
292 292 10
292 294 10
292 296 10
292 300 10
292 303 10
292 305 10
292 308 10
292 312 10
292 313 10
292 314 10
292 323 10
292 327 10
292 330 10
292 334 10
292 335 10
292 342 10
292 362 10
292 363 10
292 364 10
292 365 10
292 367 10
292 368 10
292 380 10
292 385 10
292 390 10
292 391 10
292 396 10
292 397 10
292 398 10
292 399 10
292 401 10
292 403 10
292 406 10
292 407 10
292 408 10
292 409 10
292 410 10
292 411 10
292 412 10
292 414 10
292 415 10
292 416 10
292 417 10
292 418 10
292 420 10
292 421 10
292 422 10
292 423 10
292 424 10
292 427 10
292 430 10
292 433 10
292 434 10
292 435 10
292 437 10
292 438 10
292 440 10
292 444 10
292 445 10
292 446 10
292 458 10
292 459 10
292 460 10
292 461 10
292 463 10
292 465 10
292 469 10
292 471 10
292 472 10
292 475 10
292 476 10
292 477 10
292 478 10
292 479 10
292 480 10
292 481 10
292 482 10
292 485 10
292 487 10
292 490 10
292 498 10
292 499 10
292 500 10
292 501 10
292 502 10
292 504 10
292 505 10
292 506 10
292 507 10
292 508 10
292 509 10
292 511 10
292 512 10
292 515 10
292 517 10
292 518 10
292 528 10
292 529 10
292 533 10
292 538 10
292 539 10
292 540 10
292 548 10
292 559 10
292 561 10
292 563 10
292 566 10
292 567 10
292 577 10
292 578 10
292 580 10
292 581 10
292 582 10
292 585 10
292 589 10
292 590 10
292 593 10
292 611 10
292 613 10
292 615 10
292 616 10
292 618 10
292 620 10
292 621 10
292 622 10
292 623 10
292 625 10
292 628 10
292 629 10
292 630 10
292 631 10
292 632 10
293 266 10
293 269 10
293 274 10
293 275 10
293 276 10
293 277 10
293 279 10
293 280 10
293 281 10
293 282 10
293 283 10
293 288 10
293 289 10
293 292 10
293 297 10
293 300 10
293 302 10
293 311 10
293 314 10
293 319 10
293 320 10
293 322 10
293 327 10
293 334 10
293 335 10
293 336 10
293 338 10
293 340 10
293 341 10
293 342 10
293 361 10
293 362 10
293 363 10
293 364 10
293 365 10
293 367 10
293 368 10
293 370 10
293 373 10
293 381 10
293 382 10
293 384 10
293 385 10
293 386 10
293 387 10
293 388 10
293 389 10
293 390 10
293 393 10
293 394 10
293 398 10
293 399 10
293 400 10
293 401 10
293 405 10
293 408 10
293 411 10
293 412 10
293 414 10
293 418 10
293 421 10
293 423 10
293 425 10
293 428 10
293 430 10
293 433 10
293 434 10
293 435 10
293 436 10
293 437 10
293 438 10
293 440 10
293 441 10
293 444 10
293 462 10
293 463 10
293 468 10
293 469 10
293 470 10
293 471 10
293 473 10
293 474 10
293 475 10
293 477 10
293 478 10
293 479 10
293 480 10
293 481 10
293 487 10
293 488 10
293 489 10
293 501 10
293 503 10
293 509 10
293 510 10
293 513 10
293 515 10
293 516 10
293 519 10
293 530 10
293 546 10
293 549 10
293 552 10
293 554 10
293 560 10
293 562 10
293 563 10
293 566 10
293 567 10
293 574 10
293 576 10
293 577 10
293 578 10
293 579 10
293 580 10
293 581 10
293 584 10
293 585 10
293 587 10
293 588 10
293 590 10
293 595 10
293 596 10
293 602 10
293 603 10
293 607 10
293 612 10
293 613 10
293 615 10
293 616 10
293 617 10
293 619 10
293 620 10
293 621 10
293 623 10
293 627 10
293 630 10
293 631 10
293 632 10
294 253 10
294 258 10
294 262 10
294 264 10
294 265 10
294 266 10
294 269 10
294 272 10
294 273 10
294 281 10
294 283 10
294 285 10
294 286 10
294 288 10
294 292 10
294 294 10
294 295 10
294 299 10
294 301 10
294 302 10
294 306 10
294 307 10
294 311 10
294 312 10
294 313 10
294 317 10
294 318 10
294 319 10
294 321 10
294 329 10
294 333 10
294 334 10
294 338 10
294 356 10
294 359 10
294 361 10
294 363 10
294 364 10
294 365 10
294 367 10
294 369 10
294 371 10
294 378 10
294 379 10
294 380 10
294 382 10
294 383 10
294 386 10
294 387 10
294 388 10
294 390 10
294 391 10
294 392 10
294 393 10
294 396 10
294 397 10
294 401 10
294 403 10
294 404 10
294 406 10
294 409 10
294 411 10
294 412 10
294 414 10
294 416 10
294 417 10
294 418 10
294 421 10
294 422 10
294 423 10
294 426 10
294 427 10
294 428 10
294 430 10
294 431 10
294 434 10
294 438 10
294 440 10
294 441 10
294 442 10
294 443 10
294 445 10
294 446 10
294 447 10
294 458 10
294 462 10
294 463 10
294 464 10
294 465 10
294 466 10
294 467 10
294 469 10
294 470 10
294 473 10
294 474 10
294 476 10
294 478 10
294 479 10
294 480 10
294 482 10
294 483 10
294 485 10
294 486 10
294 489 10
294 499 10
294 501 10
294 503 10
294 504 10
294 505 10
294 508 10
294 509 10
294 510 10
294 511 10
294 512 10
294 513 10
294 514 10
294 516 10
294 555 10
294 558 10
294 559 10
294 567 10
294 568 10
294 574 10
294 576 10
294 577 10
294 578 10
294 579 10
294 580 10
294 585 10
294 586 10
294 587 10
294 589 10
294 601 10
294 604 10
294 605 10
294 607 10
294 611 10
294 615 10
294 618 10
294 620 10
294 622 10
294 624 10
294 626 10
294 627 10
295 253 10
295 258 10
295 264 10
295 270 10
295 273 10
295 274 10
295 275 10
295 276 10
295 277 10
295 280 10
295 281 10
295 282 10
295 283 10
295 284 10
295 292 10
295 299 10
295 301 10
295 303 10
295 305 10
295 308 10
295 311 10
295 312 10
295 313 10
295 315 10
295 317 10
295 318 10
295 319 10
295 320 10
295 321 10
295 327 10
295 328 10
295 330 10
295 332 10
295 335 10
295 336 10
295 339 10
295 340 10
295 341 10
295 344 10
295 361 10
295 362 10
295 366 10
295 367 10
295 368 10
295 370 10
295 372 10
295 383 10
295 386 10
295 389 10
295 390 10
295 392 10
295 394 10
295 397 10
295 398 10
295 401 10
295 403 10
295 404 10
295 409 10
295 410 10
295 412 10
295 413 10
295 422 10
295 423 10
295 425 10
295 427 10
295 428 10
295 431 10
295 434 10
295 436 10
295 437 10
295 439 10
295 440 10
295 442 10
295 445 10
295 446 10
295 459 10
295 460 10
295 461 10
295 465 10
295 466 10
295 467 10
295 469 10
295 470 10
295 471 10
295 472 10
295 475 10
295 476 10
295 477 10
295 478 10
295 480 10
295 481 10
295 487 10
295 490 10
295 505 10
295 506 10
295 507 10
295 511 10
295 519 10
295 525 10
295 532 10
295 534 10
295 546 10
295 547 10
295 557 10
295 558 10
295 562 10
295 566 10
295 568 10
295 569 10
295 575 10
295 576 10
295 578 10
295 579 10
295 580 10
295 582 10
295 583 10
295 584 10
295 585 10
295 588 10
295 590 10
295 593 10
295 594 10
295 599 10
295 606 10
295 612 10
295 615 10
295 617 10
295 620 10
295 627 10
295 634 10
295 635 10
296 256 10
296 263 10
296 265 10
296 266 10
296 270 10
296 272 10
296 273 10
296 274 10
296 275 10
296 276 10
296 277 10
296 278 10
296 279 10
296 280 10
296 283 10
296 284 10
296 292 10
296 300 10
296 301 10
296 304 10
296 306 10
296 307 10
296 308 10
296 309 10
296 310 10
296 313 10
296 315 10
296 317 10
296 319 10
296 320 10
296 322 10
296 323 10
296 328 10
296 330 10
296 337 10
296 342 10
296 346 10
296 357 10
296 370 10
296 371 10
296 372 10
296 374 10
296 378 10
296 381 10
296 386 10
296 388 10
296 389 10
296 390 10
296 391 10
296 393 10
296 394 10
296 401 10
296 404 10
296 409 10
296 411 10
296 412 10
296 413 10
296 415 10
296 416 10
296 421 10
296 422 10
296 425 10
296 427 10
296 431 10
296 433 10
296 436 10
296 438 10
296 439 10
296 440 10
296 441 10
296 442 10
296 444 10
296 448 10
296 450 10
296 451 10
296 452 10
296 453 10
296 455 10
296 456 10
296 460 10
296 463 10
296 467 10
296 468 10
296 470 10
296 471 10
296 472 10
296 473 10
296 477 10
296 480 10
296 487 10
296 489 10
296 491 10
296 493 10
296 507 10
296 508 10
296 509 10
296 511 10
296 512 10
296 513 10
296 514 10
296 515 10
296 516 10
296 520 10
296 521 10
296 524 10
296 525 10
296 527 10
296 529 10
296 530 10
296 532 10
296 535 10
296 544 10
296 548 10
296 552 10
296 556 10
296 557 10
296 558 10
296 566 10
296 568 10
296 569 10
296 571 10
296 580 10
296 584 10
296 586 10
296 591 10
296 593 10
296 601 10
296 609 10
296 613 10
296 614 10
296 615 10
296 616 10
296 617 10
296 621 10
296 622 10
296 637 10
297 253 10
297 254 10
297 256 10
297 257 10
297 259 10
297 265 10
297 267 10
297 270 10
297 272 10
297 273 10
297 274 10
297 275 10
297 276 10
297 277 10
297 279 10
297 280 10
297 281 10
297 284 10
297 285 10
297 286 10
297 288 10
297 298 10
297 299 10
297 300 10
297 303 10
297 304 10
297 308 10
297 309 10
297 310 10
297 311 10
297 313 10
297 314 10
297 316 10
297 318 10
297 324 10
297 325 10
297 329 10
297 330 10
297 333 10
297 335 10
297 337 10
297 339 10
297 340 10
297 341 10
297 344 10
297 358 10
297 365 10
297 368 10
297 369 10
297 370 10
297 373 10
297 378 10
297 380 10
297 381 10
297 383 10
297 385 10
297 386 10
297 387 10
297 389 10
297 390 10
297 391 10
297 393 10
297 395 10
297 398 10
297 399 10
297 400 10
297 401 10
297 403 10
297 404 10
297 405 10
297 408 10
297 411 10
297 415 10
297 416 10
297 420 10
297 423 10
297 424 10
297 428 10
297 431 10
297 435 10
297 436 10
297 438 10
297 440 10
297 443 10
297 446 10
297 449 10
297 452 10
297 463 10
297 464 10
297 466 10
297 467 10
297 470 10
297 471 10
297 472 10
297 473 10
297 474 10
297 475 10
297 476 10
297 478 10
297 485 10
297 486 10
297 492 10
297 493 10
297 496 10
297 498 10
297 499 10
297 504 10
297 506 10
297 507 10
297 508 10
297 509 10
297 510 10
297 511 10
297 515 10
297 516 10
297 524 10
297 526 10
297 529 10
297 530 10
297 533 10
297 547 10
297 550 10
297 553 10
297 554 10
297 555 10
297 562 10
297 563 10
297 566 10
297 567 10
297 573 10
297 576 10
297 578 10
297 581 10
297 582 10
297 583 10
297 587 10
297 588 10
297 591 10
297 592 10
297 594 10
297 595 10
297 596 10
297 598 10
297 599 10
297 609 10
297 610 10
297 611 10
297 613 10
297 615 10
297 616 10
297 618 10
297 619 10
297 621 10
297 623 10
297 627 10
297 632 10
297 633 10
297 634 10
297 636 10
298 254 10
298 255 10
298 256 10
298 265 10
298 266 10
298 268 10
298 272 10
298 273 10
298 274 10
298 275 10
298 276 10
298 277 10
298 278 10
298 279 10
298 280 10
298 281 10
298 302 10
298 304 10
298 306 10
298 310 10
298 312 10
298 314 10
298 316 10
298 317 10
298 319 10
298 321 10
298 323 10
298 324 10
298 325 10
298 328 10
298 330 10
298 331 10
298 332 10
298 339 10
298 340 10
298 342 10
298 343 10
298 346 10
298 349 10
298 356 10
298 362 10
298 366 10
298 368 10
298 370 10
298 371 10
298 377 10
298 380 10
298 381 10
298 384 10
298 386 10
298 387 10
298 389 10
298 391 10
298 393 10
298 394 10
298 395 10
298 396 10
298 397 10
298 398 10
298 399 10
298 400 10
298 401 10
298 403 10
298 404 10
298 405 10
298 406 10
298 407 10
298 410 10
298 411 10
298 414 10
298 415 10
298 416 10
298 417 10
298 419 10
298 422 10
298 425 10
298 427 10
298 429 10
298 430 10
298 434 10
298 436 10
298 437 10
298 440 10
298 441 10
298 442 10
298 443 10
298 444 10
298 445 10
298 446 10
298 448 10
298 451 10
298 452 10
298 453 10
298 457 10
298 464 10
298 465 10
298 467 10
298 468 10
298 469 10
298 471 10
298 472 10
298 473 10
298 474 10
298 475 10
298 480 10
298 490 10
298 491 10
298 493 10
298 501 10
298 503 10
298 504 10
298 506 10
298 507 10
298 508 10
298 509 10
298 510 10
298 511 10
298 512 10
298 513 10
298 520 10
298 522 10
298 525 10
298 527 10
298 529 10
298 531 10
298 535 10
298 537 10
298 539 10
298 547 10
298 564 10
298 566 10
298 567 10
298 569 10
298 571 10
298 572 10
298 577 10
298 578 10
298 581 10
298 582 10
298 583 10
298 584 10
298 585 10
298 588 10
298 589 10
298 591 10
298 592 10
298 593 10
298 605 10
298 606 10
298 609 10
298 610 10
298 612 10
298 613 10
298 614 10
298 615 10
298 623 10
298 625 10
298 626 10
298 629 10
298 634 10
298 640 10
298 643 10
299 254 10
299 258 10
299 260 10
299 261 10
299 264 10
299 266 10
299 267 10
299 268 10
299 272 10
299 273 10
299 274 10
299 275 10
299 276 10
299 279 10
299 280 10
299 281 10
299 282 10
299 283 10
299 286 10
299 288 10
299 297 10
299 307 10
299 310 10
299 311 10
299 313 10
299 314 10
299 315 10
299 316 10
299 317 10
299 320 10
299 321 10
299 323 10
299 324 10
299 325 10
299 327 10
299 329 10
299 332 10
299 338 10
299 339 10
299 340 10
299 357 10
299 359 10
299 361 10
299 363 10
299 366 10
299 369 10
299 370 10
299 371 10
299 373 10
299 374 10
299 377 10
299 380 10
299 383 10
299 384 10
299 385 10
299 386 10
299 389 10
299 390 10
299 392 10
299 395 10
299 397 10
299 401 10
299 402 10
299 404 10
299 405 10
299 407 10
299 408 10
299 409 10
299 410 10
299 411 10
299 412 10
299 413 10
299 414 10
299 415 10
299 421 10
299 422 10
299 423 10
299 427 10
299 429 10
299 433 10
299 434 10
299 435 10
299 436 10
299 437 10
299 441 10
299 442 10
299 444 10
299 446 10
299 453 10
299 458 10
299 463 10
299 465 10
299 468 10
299 469 10
299 470 10
299 471 10
299 472 10
299 473 10
299 474 10
299 475 10
299 476 10
299 477 10
299 481 10
299 484 10
299 490 10
299 491 10
299 493 10
299 495 10
299 497 10
299 502 10
299 505 10
299 509 10
299 510 10
299 511 10
299 513 10
299 514 10
299 515 10
299 518 10
299 519 10
299 521 10
299 522 10
299 524 10
299 526 10
299 529 10
299 530 10
299 541 10
299 552 10
299 553 10
299 565 10
299 566 10
299 568 10
299 572 10
299 575 10
299 576 10
299 578 10
299 579 10
299 580 10
299 581 10
299 582 10
299 583 10
299 584 10
299 589 10
299 592 10
299 599 10
299 604 10
299 610 10
299 611 10
299 612 10
299 613 10
299 616 10
299 619 10
299 628 10
299 632 10
299 634 10
299 638 10
299 639 10
300 256 10
300 260 10
300 263 10
300 265 10
300 272 10
300 273 10
300 274 10
300 275 10
300 276 10
300 277 10
300 278 10
300 280 10
300 281 10
300 283 10
300 285 10
300 286 10
300 289 10
300 304 10
300 312 10
300 313 10
300 314 10
300 318 10
300 319 10
300 321 10
300 322 10
300 328 10
300 329 10
300 331 10
300 332 10
300 333 10
300 335 10
300 338 10
300 339 10
300 342 10
300 345 10
300 346 10
300 349 10
300 355 10
300 357 10
300 360 10
300 361 10
300 362 10
300 366 10
300 370 10
300 371 10
300 372 10
300 379 10
300 380 10
300 381 10
300 382 10
300 384 10
300 385 10
300 386 10
300 387 10
300 389 10
300 390 10
300 392 10
300 394 10
300 395 10
300 396 10
300 398 10
300 399 10
300 401 10
300 402 10
300 404 10
300 407 10
300 408 10
300 409 10
300 411 10
300 412 10
300 414 10
300 415 10
300 416 10
300 417 10
300 418 10
300 420 10
300 422 10
300 423 10
300 425 10
300 429 10
300 431 10
300 432 10
300 434 10
300 435 10
300 439 10
300 440 10
300 447 10
300 448 10
300 450 10
300 451 10
300 456 10
300 465 10
300 467 10
300 468 10
300 469 10
300 470 10
300 471 10
300 472 10
300 473 10
300 474 10
300 476 10
300 479 10
300 480 10
300 487 10
300 491 10
300 492 10
300 494 10
300 498 10
300 502 10
300 507 10
300 512 10
300 513 10
300 514 10
300 519 10
300 520 10
300 522 10
300 523 10
300 527 10
300 528 10
300 529 10
300 538 10
300 539 10
300 543 10
300 548 10
300 552 10
300 567 10
300 568 10
300 569 10
300 570 10
300 572 10
300 573 10
300 576 10
300 577 10
300 578 10
300 579 10
300 581 10
300 582 10
300 583 10
300 585 10
300 587 10
300 591 10
300 593 10
300 595 10
300 599 10
300 601 10
300 603 10
300 605 10
300 607 10
300 610 10
300 611 10
300 612 10
300 613 10
300 614 10
300 617 10
300 618 10
300 620 10
300 625 10
300 627 10
300 633 10
300 642 10
301 254 10
301 255 10
301 265 10
301 267 10
301 272 10
301 273 10
301 274 10
301 275 10
301 276 10
301 277 10
301 279 10
301 280 10
301 282 10
301 283 10
301 286 10
301 287 10
301 289 10
301 297 10
301 299 10
301 300 10
301 301 10
301 309 10
301 310 10
301 312 10
301 313 10
301 315 10
301 316 10
301 317 10
301 320 10
301 321 10
301 322 10
301 323 10
301 328 10
301 330 10
301 331 10
301 332 10
301 333 10
301 337 10
301 340 10
301 341 10
301 342 10
301 359 10
301 361 10
301 364 10
301 365 10
301 367 10
301 368 10
301 373 10
301 378 10
301 383 10
301 389 10
301 390 10
301 391 10
301 393 10
301 395 10
301 399 10
301 400 10
301 403 10
301 405 10
301 407 10
301 408 10
301 412 10
301 417 10
301 420 10
301 422 10
301 423 10
301 425 10
301 427 10
301 430 10
301 432 10
301 433 10
301 435 10
301 437 10
301 441 10
301 442 10
301 445 10
301 448 10
301 450 10
301 451 10
301 453 10
301 454 10
301 457 10
301 460 10
301 464 10
301 465 10
301 466 10
301 468 10
301 469 10
301 470 10
301 471 10
301 472 10
301 473 10
301 475 10
301 476 10
301 477 10
301 478 10
301 479 10
301 488 10
301 490 10
301 494 10
301 502 10
301 504 10
301 507 10
301 511 10
301 513 10
301 514 10
301 515 10
301 516 10
301 520 10
301 521 10
301 522 10
301 526 10
301 527 10
301 538 10
301 539 10
301 542 10
301 543 10
301 545 10
301 546 10
301 547 10
301 551 10
301 559 10
301 561 10
301 562 10
301 564 10
301 570 10
301 576 10
301 577 10
301 578 10
301 580 10
301 581 10
301 582 10
301 583 10
301 587 10
301 588 10
301 594 10
301 597 10
301 601 10
301 605 10
301 606 10
301 609 10
301 610 10
301 611 10
301 612 10
301 613 10
301 614 10
301 615 10
301 616 10
301 617 10
301 624 10
301 625 10
301 626 10
301 627 10
301 628 10
301 630 10
301 631 10
301 634 10
301 636 10
301 638 10
301 639 10
301 641 10
302 256 10
302 260 10
302 261 10
302 262 10
302 265 10
302 266 10
302 271 10
302 273 10
302 274 10
302 275 10
302 277 10
302 279 10
302 280 10
302 281 10
302 283 10
302 284 10
302 288 10
302 292 10
302 303 10
302 307 10
302 310 10
302 311 10
302 312 10
302 313 10
302 314 10
302 316 10
302 318 10
302 320 10
302 321 10
302 322 10
302 323 10
302 328 10
302 329 10
302 330 10
302 332 10
302 334 10
302 336 10
302 337 10
302 339 10
302 340 10
302 343 10
302 344 10
302 345 10
302 346 10
302 347 10
302 358 10
302 359 10
302 362 10
302 365 10
302 369 10
302 371 10
302 373 10
302 376 10
302 380 10
302 383 10
302 384 10
302 387 10
302 388 10
302 390 10
302 391 10
302 392 10
302 397 10
302 398 10
302 399 10
302 400 10
302 401 10
302 409 10
302 410 10
302 415 10
302 417 10
302 418 10
302 421 10
302 424 10
302 430 10
302 431 10
302 435 10
302 438 10
302 439 10
302 440 10
302 441 10
302 444 10
302 448 10
302 450 10
302 452 10
302 453 10
302 455 10
302 463 10
302 464 10
302 467 10
302 469 10
302 471 10
302 474 10
302 476 10
302 478 10
302 479 10
302 484 10
302 492 10
302 494 10
302 495 10
302 496 10
302 498 10
302 506 10
302 509 10
302 511 10
302 515 10
302 516 10
302 518 10
302 519 10
302 520 10
302 521 10
302 523 10
302 524 10
302 528 10
302 529 10
302 537 10
302 541 10
302 542 10
302 543 10
302 544 10
302 554 10
302 555 10
302 558 10
302 559 10
302 561 10
302 562 10
302 563 10
302 565 10
302 567 10
302 568 10
302 569 10
302 578 10
302 579 10
302 580 10
302 582 10
302 584 10
302 587 10
302 589 10
302 590 10
302 592 10
302 593 10
302 598 10
302 604 10
302 605 10
302 609 10
302 611 10
302 616 10
302 622 10
302 625 10
302 630 10
302 632 10
302 635 10
302 636 10
302 639 10
302 640 10
302 642 10
303 256 10
303 260 10
303 261 10
303 265 10
303 269 10
303 273 10
303 274 10
303 276 10
303 278 10
303 281 10
303 282 10
303 287 10
303 292 10
303 293 10
303 294 10
303 298 10
303 300 10
303 305 10
303 306 10
303 307 10
303 310 10
303 312 10
303 315 10
303 316 10
303 317 10
303 318 10
303 319 10
303 320 10
303 321 10
303 322 10
303 331 10
303 333 10
303 334 10
303 337 10
303 338 10
303 346 10
303 358 10
303 360 10
303 361 10
303 363 10
303 365 10
303 368 10
303 369 10
303 372 10
303 374 10
303 377 10
303 379 10
303 380 10
303 382 10
303 385 10
303 387 10
303 388 10
303 389 10
303 390 10
303 393 10
303 394 10
303 396 10
303 399 10
303 402 10
303 403 10
303 405 10
303 406 10
303 408 10
303 409 10
303 410 10
303 411 10
303 412 10
303 413 10
303 414 10
303 419 10
303 422 10
303 424 10
303 425 10
303 426 10
303 427 10
303 428 10
303 431 10
303 434 10
303 435 10
303 438 10
303 439 10
303 440 10
303 442 10
303 443 10
303 446 10
303 448 10
303 449 10
303 450 10
303 452 10
303 453 10
303 454 10
303 455 10
303 456 10
303 462 10
303 467 10
303 469 10
303 470 10
303 471 10
303 473 10
303 475 10
303 478 10
303 482 10
303 485 10
303 489 10
303 493 10
303 494 10
303 496 10
303 501 10
303 502 10
303 505 10
303 506 10
303 507 10
303 508 10
303 509 10
303 512 10
303 513 10
303 515 10
303 516 10
303 518 10
303 520 10
303 522 10
303 523 10
303 524 10
303 526 10
303 536 10
303 537 10
303 539 10
303 540 10
303 541 10
303 547 10
303 561 10
303 562 10
303 566 10
303 576 10
303 578 10
303 579 10
303 581 10
303 582 10
303 584 10
303 585 10
303 586 10
303 587 10
303 588 10
303 591 10
303 592 10
303 596 10
303 601 10
303 603 10
303 604 10
303 606 10
303 611 10
303 615 10
303 625 10
303 631 10
303 632 10
303 634 10
303 637 10
303 638 10
303 639 10
303 640 10
303 642 10
304 261 10
304 271 10
304 272 10
304 274 10
304 275 10
304 276 10
304 278 10
304 279 10
304 284 10
304 285 10
304 292 10
304 293 10
304 299 10
304 308 10
304 311 10
304 314 10
304 315 10
304 316 10
304 317 10
304 320 10
304 321 10
304 322 10
304 323 10
304 325 10
304 329 10
304 330 10
304 331 10
304 332 10
304 334 10
304 336 10
304 337 10
304 338 10
304 340 10
304 341 10
304 343 10
304 344 10
304 345 10
304 348 10
304 354 10
304 355 10
304 356 10
304 360 10
304 363 10
304 365 10
304 367 10
304 373 10
304 376 10
304 378 10
304 382 10
304 383 10
304 384 10
304 389 10
304 396 10
304 398 10
304 399 10
304 403 10
304 404 10
304 405 10
304 406 10
304 408 10
304 410 10
304 411 10
304 412 10
304 413 10
304 416 10
304 421 10
304 422 10
304 423 10
304 430 10
304 433 10
304 437 10
304 438 10
304 441 10
304 442 10
304 444 10
304 446 10
304 451 10
304 452 10
304 454 10
304 455 10
304 456 10
304 459 10
304 460 10
304 463 10
304 464 10
304 466 10
304 468 10
304 470 10
304 472 10
304 474 10
304 475 10
304 476 10
304 477 10
304 478 10
304 481 10
304 482 10
304 488 10
304 493 10
304 494 10
304 495 10
304 496 10
304 497 10
304 498 10
304 499 10
304 503 10
304 506 10
304 507 10
304 508 10
304 509 10
304 510 10
304 511 10
304 512 10
304 513 10
304 515 10
304 516 10
304 517 10
304 521 10
304 522 10
304 524 10
304 525 10
304 530 10
304 534 10
304 537 10
304 538 10
304 540 10
304 541 10
304 542 10
304 543 10
304 559 10
304 563 10
304 565 10
304 573 10
304 575 10
304 576 10
304 579 10
304 580 10
304 582 10
304 583 10
304 585 10
304 586 10
304 588 10
304 593 10
304 594 10
304 595 10
304 596 10
304 598 10
304 602 10
304 603 10
304 605 10
304 606 10
304 607 10
304 608 10
304 611 10
304 613 10
304 614 10
304 615 10
304 620 10
304 621 10
304 625 10
304 629 10
304 634 10
304 637 10
304 639 10
304 649 10
305 268 10
305 273 10
305 276 10
305 278 10
305 287 10
305 298 10
305 299 10
305 300 10
305 309 10
305 310 10
305 311 10
305 312 10
305 314 10
305 315 10
305 316 10
305 317 10
305 318 10
305 319 10
305 321 10
305 322 10
305 325 10
305 327 10
305 328 10
305 329 10
305 330 10
305 331 10
305 333 10
305 335 10
305 336 10
305 338 10
305 339 10
305 344 10
305 347 10
305 351 10
305 352 10
305 353 10
305 354 10
305 355 10
305 356 10
305 359 10
305 367 10
305 368 10
305 369 10
305 370 10
305 371 10
305 373 10
305 374 10
305 375 10
305 378 10
305 379 10
305 380 10
305 385 10
305 390 10
305 397 10
305 399 10
305 400 10
305 405 10
305 407 10
305 408 10
305 409 10
305 411 10
305 413 10
305 415 10
305 419 10
305 420 10
305 421 10
305 422 10
305 423 10
305 427 10
305 432 10
305 435 10
305 436 10
305 437 10
305 438 10
305 440 10
305 444 10
305 448 10
305 454 10
305 455 10
305 456 10
305 458 10
305 459 10
305 460 10
305 461 10
305 462 10
305 463 10
305 464 10
305 471 10
305 472 10
305 473 10
305 475 10
305 476 10
305 477 10
305 478 10
305 481 10
305 484 10
305 495 10
305 496 10
305 497 10
305 498 10
305 499 10
305 501 10
305 502 10
305 505 10
305 510 10
305 511 10
305 512 10
305 515 10
305 516 10
305 520 10
305 522 10
305 523 10
305 525 10
305 526 10
305 527 10
305 534 10
305 535 10
305 536 10
305 541 10
305 543 10
305 545 10
305 549 10
305 561 10
305 563 10
305 569 10
305 572 10
305 577 10
305 578 10
305 579 10
305 581 10
305 582 10
305 583 10
305 584 10
305 585 10
305 586 10
305 587 10
305 588 10
305 590 10
305 593 10
305 596 10
305 597 10
305 599 10
305 604 10
305 606 10
305 607 10
305 608 10
305 609 10
305 610 10
305 613 10
305 614 10
305 615 10
305 616 10
305 618 10
305 619 10
305 621 10
305 632 10
305 636 10
305 637 10
305 642 10
305 647 10
305 650 10
306 260 10
306 262 10
306 263 10
306 264 10
306 271 10
306 278 10
306 279 10
306 281 10
306 282 10
306 297 10
306 298 10
306 302 10
306 305 10
306 308 10
306 311 10
306 312 10
306 313 10
306 316 10
306 317 10
306 319 10
306 320 10
306 321 10
306 324 10
306 328 10
306 330 10
306 331 10
306 333 10
306 334 10
306 335 10
306 336 10
306 342 10
306 343 10
306 346 10
306 347 10
306 350 10
306 355 10
306 357 10
306 358 10
306 365 10
306 367 10
306 368 10
306 369 10
306 370 10
306 372 10
306 373 10
306 383 10
306 384 10
306 386 10
306 387 10
306 388 10
306 393 10
306 396 10
306 402 10
306 404 10
306 405 10
306 406 10
306 407 10
306 409 10
306 410 10
306 415 10
306 416 10
306 418 10
306 421 10
306 422 10
306 424 10
306 427 10
306 429 10
306 430 10
306 431 10
306 436 10
306 437 10
306 439 10
306 441 10
306 442 10
306 450 10
306 451 10
306 452 10
306 453 10
306 455 10
306 457 10
306 458 10
306 460 10
306 463 10
306 466 10
306 470 10
306 471 10
306 472 10
306 473 10
306 474 10
306 476 10
306 478 10
306 479 10
306 481 10
306 483 10
306 486 10
306 487 10
306 489 10
306 490 10
306 494 10
306 496 10
306 497 10
306 498 10
306 501 10
306 504 10
306 506 10
306 507 10
306 508 10
306 509 10
306 510 10
306 511 10
306 512 10
306 513 10
306 516 10
306 517 10
306 518 10
306 525 10
306 530 10
306 532 10
306 533 10
306 536 10
306 537 10
306 538 10
306 539 10
306 540 10
306 542 10
306 562 10
306 563 10
306 564 10
306 569 10
306 570 10
306 571 10
306 573 10
306 574 10
306 578 10
306 579 10
306 580 10
306 581 10
306 584 10
306 585 10
306 586 10
306 590 10
306 591 10
306 595 10
306 599 10
306 600 10
306 601 10
306 604 10
306 607 10
306 608 10
306 609 10
306 610 10
306 611 10
306 613 10
306 615 10
306 616 10
306 617 10
306 620 10
306 622 10
306 624 10
306 626 10
306 630 10
306 637 10
306 641 10
306 647 10
307 253 10
307 254 10
307 267 10
307 268 10
307 269 10
307 272 10
307 273 10
307 278 10
307 279 10
307 280 10
307 281 10
307 285 10
307 286 10
307 295 10
307 297 10
307 298 10
307 299 10
307 303 10
307 305 10
307 306 10
307 310 10
307 313 10
307 314 10
307 315 10
307 316 10
307 317 10
307 318 10
307 319 10
307 321 10
307 322 10
307 325 10
307 326 10
307 327 10
307 328 10
307 329 10
307 331 10
307 333 10
307 336 10
307 337 10
307 339 10
307 340 10
307 345 10
307 346 10
307 351 10
307 353 10
307 354 10
307 355 10
307 358 10
307 364 10
307 365 10
307 367 10
307 368 10
307 369 10
307 371 10
307 373 10
307 374 10
307 375 10
307 376 10
307 380 10
307 386 10
307 393 10
307 394 10
307 395 10
307 403 10
307 404 10
307 405 10
307 407 10
307 408 10
307 409 10
307 410 10
307 411 10
307 413 10
307 414 10
307 415 10
307 416 10
307 417 10
307 418 10
307 420 10
307 421 10
307 423 10
307 425 10
307 430 10
307 431 10
307 435 10
307 441 10
307 443 10
307 446 10
307 447 10
307 448 10
307 457 10
307 458 10
307 459 10
307 461 10
307 463 10
307 464 10
307 466 10
307 467 10
307 475 10
307 476 10
307 477 10
307 478 10
307 481 10
307 482 10
307 483 10
307 486 10
307 488 10
307 497 10
307 499 10
307 500 10
307 501 10
307 504 10
307 508 10
307 509 10
307 510 10
307 512 10
307 513 10
307 515 10
307 520 10
307 521 10
307 523 10
307 525 10
307 526 10
307 532 10
307 534 10
307 536 10
307 539 10
307 540 10
307 541 10
307 543 10
307 545 10
307 547 10
307 549 10
307 563 10
307 567 10
307 568 10
307 572 10
307 574 10
307 575 10
307 577 10
307 579 10
307 580 10
307 581 10
307 582 10
307 583 10
307 584 10
307 585 10
307 586 10
307 588 10
307 593 10
307 596 10
307 598 10
307 599 10
307 601 10
307 602 10
307 604 10
307 607 10
307 608 10
307 611 10
307 614 10
307 618 10
307 619 10
307 621 10
307 624 10
307 625 10
307 627 10
307 628 10
307 629 10
307 631 10
307 646 10
308 257 10
308 268 10
308 269 10
308 270 10
308 272 10
308 282 10
308 283 10
308 284 10
308 292 10
308 297 10
308 300 10
308 302 10
308 304 10
308 307 10
308 308 10
308 310 10
308 312 10
308 314 10
308 316 10
308 317 10
308 318 10
308 320 10
308 321 10
308 324 10
308 335 10
308 336 10
308 342 10
308 345 10
308 348 10
308 349 10
308 354 10
308 356 10
308 368 10
308 369 10
308 371 10
308 373 10
308 384 10
308 385 10
308 387 10
308 389 10
308 396 10
308 400 10
308 402 10
308 403 10
308 406 10
308 407 10
308 413 10
308 416 10
308 419 10
308 423 10
308 424 10
308 425 10
308 426 10
308 427 10
308 429 10
308 432 10
308 433 10
308 438 10
308 450 10
308 452 10
308 453 10
308 456 10
308 459 10
308 460 10
308 463 10
308 464 10
308 466 10
308 469 10
308 472 10
308 473 10
308 475 10
308 477 10
308 478 10
308 483 10
308 489 10
308 494 10
308 498 10
308 499 10
308 506 10
308 507 10
308 511 10
308 512 10
308 514 10
308 515 10
308 519 10
308 522 10
308 523 10
308 524 10
308 526 10
308 531 10
308 539 10
308 540 10
308 541 10
308 542 10
308 543 10
308 565 10
308 566 10
308 571 10
308 572 10
308 574 10
308 579 10
308 583 10
308 584 10
308 588 10
308 591 10
308 595 10
308 597 10
308 598 10
308 601 10
308 602 10
308 603 10
308 604 10
308 605 10
308 606 10
308 607 10
308 608 10
308 609 10
308 611 10
308 612 10
308 614 10
308 615 10
308 617 10
308 618 10
308 620 10
308 621 10
308 622 10
308 624 10
308 625 10
308 628 10
308 629 10
308 633 10
308 638 10
308 640 10
309 268 10
309 271 10
309 274 10
309 276 10
309 280 10
309 286 10
309 291 10
309 294 10
309 295 10
309 297 10
309 299 10
309 300 10
309 302 10
309 304 10
309 310 10
309 311 10
309 314 10
309 315 10
309 316 10
309 319 10
309 320 10
309 322 10
309 323 10
309 328 10
309 330 10
309 333 10
309 335 10
309 336 10
309 337 10
309 339 10
309 341 10
309 342 10
309 344 10
309 350 10
309 352 10
309 353 10
309 354 10
309 356 10
309 360 10
309 364 10
309 365 10
309 366 10
309 367 10
309 369 10
309 370 10
309 372 10
309 373 10
309 375 10
309 377 10
309 384 10
309 385 10
309 386 10
309 388 10
309 394 10
309 403 10
309 404 10
309 406 10
309 408 10
309 410 10
309 412 10
309 416 10
309 417 10
309 418 10
309 422 10
309 424 10
309 427 10
309 428 10
309 430 10
309 435 10
309 440 10
309 444 10
309 445 10
309 446 10
309 449 10
309 450 10
309 459 10
309 461 10
309 462 10
309 463 10
309 465 10
309 469 10
309 472 10
309 474 10
309 475 10
309 476 10
309 478 10
309 479 10
309 480 10
309 481 10
309 482 10
309 486 10
309 495 10
309 496 10
309 500 10
309 501 10
309 506 10
309 508 10
309 509 10
309 510 10
309 512 10
309 513 10
309 518 10
309 520 10
309 521 10
309 522 10
309 523 10
309 524 10
309 526 10
309 527 10
309 533 10
309 536 10
309 537 10
309 539 10
309 540 10
309 541 10
309 544 10
309 545 10
309 546 10
309 552 10
309 553 10
309 554 10
309 560 10
309 563 10
309 565 10
309 569 10
309 571 10
309 572 10
309 574 10
309 576 10
309 577 10
309 578 10
309 580 10
309 581 10
309 582 10
309 583 10
309 584 10
309 586 10
309 587 10
309 589 10
309 591 10
309 595 10
309 596 10
309 597 10
309 598 10
309 599 10
309 600 10
309 601 10
309 603 10
309 607 10
309 610 10
309 612 10
309 613 10
309 614 10
309 615 10
309 618 10
309 620 10
309 622 10
309 623 10
309 624 10
309 626 10
309 627 10
309 630 10
309 632 10
309 636 10
309 640 10
309 641 10
309 643 10
310 255 10
310 274 10
310 281 10
310 282 10
310 286 10
310 287 10
310 295 10
310 296 10
310 299 10
310 300 10
310 301 10
310 303 10
310 305 10
310 310 10
310 311 10
310 313 10
310 314 10
310 318 10
310 319 10
310 321 10
310 323 10
310 326 10
310 327 10
310 335 10
310 339 10
310 344 10
310 345 10
310 346 10
310 352 10
310 353 10
310 354 10
310 355 10
310 356 10
310 357 10
310 359 10
310 362 10
310 363 10
310 366 10
310 367 10
310 368 10
310 369 10
310 370 10
310 372 10
310 374 10
310 375 10
310 377 10
310 382 10
310 388 10
310 390 10
310 399 10
310 402 10
310 405 10
310 407 10
310 408 10
310 411 10
310 413 10
310 415 10
310 416 10
310 417 10
310 423 10
310 425 10
310 427 10
310 431 10
310 432 10
310 443 10
310 444 10
310 451 10
310 458 10
310 459 10
310 463 10
310 464 10
310 465 10
310 467 10
310 470 10
310 471 10
310 474 10
310 478 10
310 479 10
310 480 10
310 487 10
310 491 10
310 495 10
310 496 10
310 498 10
310 499 10
310 508 10
310 509 10
310 510 10
310 512 10
310 514 10
310 515 10
310 516 10
310 519 10
310 520 10
310 522 10
310 523 10
310 524 10
310 526 10
310 528 10
310 532 10
310 533 10
310 535 10
310 536 10
310 537 10
310 538 10
310 539 10
310 543 10
310 547 10
310 548 10
310 550 10
310 557 10
310 559 10
310 561 10
310 566 10
310 567 10
310 568 10
310 569 10
310 570 10
310 571 10
310 572 10
310 573 10
310 576 10
310 585 10
310 586 10
310 587 10
310 589 10
310 591 10
310 592 10
310 596 10
310 597 10
310 598 10
310 600 10
310 601 10
310 602 10
310 606 10
310 608 10
310 609 10
310 611 10
310 612 10
310 615 10
310 616 10
310 617 10
310 618 10
310 619 10
310 620 10
310 622 10
310 625 10
310 628 10
310 631 10
310 633 10
310 634 10
310 635 10
310 639 10
310 640 10
311 257 10
311 270 10
311 274 10
311 278 10
311 279 10
311 280 10
311 287 10
311 295 10
311 297 10
311 299 10
311 307 10
311 310 10
311 312 10
311 316 10
311 317 10
311 319 10
311 322 10
311 324 10
311 325 10
311 326 10
311 332 10
311 335 10
311 338 10
311 343 10
311 344 10
311 354 10
311 355 10
311 356 10
311 363 10
311 365 10
311 366 10
311 369 10
311 370 10
311 373 10
311 374 10
311 375 10
311 379 10
311 382 10
311 391 10
311 399 10
311 406 10
311 410 10
311 412 10
311 413 10
311 414 10
311 416 10
311 417 10
311 419 10
311 421 10
311 424 10
311 426 10
311 428 10
311 430 10
311 434 10
311 435 10
311 436 10
311 440 10
311 443 10
311 453 10
311 457 10
311 461 10
311 465 10
311 471 10
311 472 10
311 474 10
311 476 10
311 477 10
311 478 10
311 479 10
311 481 10
311 482 10
311 483 10
311 484 10
311 485 10
311 488 10
311 489 10
311 493 10
311 494 10
311 495 10
311 496 10
311 498 10
311 503 10
311 504 10
311 507 10
311 508 10
311 509 10
311 510 10
311 511 10
311 512 10
311 515 10
311 516 10
311 517 10
311 519 10
311 520 10
311 521 10
311 522 10
311 523 10
311 524 10
311 526 10
311 529 10
311 531 10
311 533 10
311 534 10
311 537 10
311 538 10
311 541 10
311 543 10
311 547 10
311 548 10
311 549 10
311 562 10
311 563 10
311 566 10
311 567 10
311 571 10
311 574 10
311 575 10
311 581 10
311 582 10
311 584 10
311 585 10
311 591 10
311 594 10
311 595 10
311 597 10
311 600 10
311 602 10
311 603 10
311 604 10
311 614 10
311 621 10
311 626 10
311 627 10
311 629 10
311 632 10
311 638 10
311 642 10
312 273 10
312 279 10
312 282 10
312 284 10
312 292 10
312 293 10
312 295 10
312 296 10
312 299 10
312 301 10
312 302 10
312 308 10
312 313 10
312 314 10
312 316 10
312 319 10
312 320 10
312 322 10
312 325 10
312 327 10
312 328 10
312 335 10
312 337 10
312 339 10
312 340 10
312 344 10
312 345 10
312 346 10
312 351 10
312 353 10
312 354 10
312 355 10
312 356 10
312 357 10
312 358 10
312 362 10
312 363 10
312 364 10
312 366 10
312 367 10
312 369 10
312 371 10
312 374 10
312 381 10
312 382 10
312 383 10
312 385 10
312 391 10
312 405 10
312 406 10
312 409 10
312 411 10
312 412 10
312 413 10
312 414 10
312 415 10
312 416 10
312 420 10
312 422 10
312 424 10
312 425 10
312 430 10
312 431 10
312 434 10
312 443 10
312 444 10
312 447 10
312 451 10
312 457 10
312 458 10
312 462 10
312 465 10
312 466 10
312 468 10
312 469 10
312 473 10
312 476 10
312 477 10
312 479 10
312 480 10
312 481 10
312 487 10
312 488 10
312 491 10
312 492 10
312 493 10
312 495 10
312 498 10
312 499 10
312 500 10
312 501 10
312 509 10
312 517 10
312 520 10
312 523 10
312 526 10
312 527 10
312 529 10
312 530 10
312 534 10
312 535 10
312 539 10
312 541 10
312 542 10
312 543 10
312 544 10
312 547 10
312 555 10
312 558 10
312 559 10
312 561 10
312 567 10
312 568 10
312 572 10
312 573 10
312 582 10
312 583 10
312 585 10
312 586 10
312 587 10
312 588 10
312 589 10
312 591 10
312 596 10
312 599 10
312 600 10
312 601 10
312 602 10
312 608 10
312 609 10
312 611 10
312 615 10
312 617 10
312 621 10
312 624 10
312 625 10
312 626 10
312 631 10
312 634 10
312 635 10
312 637 10
312 643 10
313 264 10
313 270 10
313 280 10
313 282 10
313 283 10
313 285 10
313 286 10
313 291 10
313 297 10
313 305 10
313 313 10
313 314 10
313 316 10
313 318 10
313 321 10
313 322 10
313 323 10
313 324 10
313 325 10
313 336 10
313 344 10
313 349 10
313 351 10
313 352 10
313 353 10
313 354 10
313 355 10
313 357 10
313 358 10
313 359 10
313 363 10
313 365 10
313 366 10
313 369 10
313 370 10
313 371 10
313 383 10
313 385 10
313 393 10
313 403 10
313 406 10
313 407 10
313 408 10
313 414 10
313 415 10
313 416 10
313 420 10
313 421 10
313 422 10
313 425 10
313 429 10
313 431 10
313 432 10
313 433 10
313 435 10
313 436 10
313 441 10
313 446 10
313 449 10
313 458 10
313 460 10
313 462 10
313 463 10
313 468 10
313 474 10
313 475 10
313 477 10
313 479 10
313 481 10
313 482 10
313 484 10
313 487 10
313 490 10
313 495 10
313 496 10
313 502 10
313 503 10
313 504 10
313 505 10
313 507 10
313 508 10
313 512 10
313 515 10
313 521 10
313 524 10
313 525 10
313 526 10
313 531 10
313 533 10
313 535 10
313 536 10
313 537 10
313 538 10
313 539 10
313 541 10
313 542 10
313 543 10
313 556 10
313 557 10
313 558 10
313 559 10
313 560 10
313 561 10
313 564 10
313 565 10
313 568 10
313 573 10
313 575 10
313 576 10
313 580 10
313 581 10
313 582 10
313 584 10
313 585 10
313 587 10
313 588 10
313 590 10
313 592 10
313 593 10
313 598 10
313 603 10
313 605 10
313 606 10
313 611 10
313 614 10
313 615 10
313 617 10
313 619 10
313 625 10
313 626 10
313 627 10
313 628 10
313 629 10
313 631 10
313 632 10
313 633 10
313 634 10
313 636 10
313 637 10
313 638 10
313 647 10
313 649 10
314 258 10
314 273 10
314 274 10
314 280 10
314 281 10
314 282 10
314 283 10
314 285 10
314 287 10
314 291 10
314 292 10
314 293 10
314 294 10
314 298 10
314 301 10
314 303 10
314 313 10
314 315 10
314 316 10
314 318 10
314 319 10
314 320 10
314 321 10
314 322 10
314 324 10
314 328 10
314 338 10
314 340 10
314 347 10
314 349 10
314 350 10
314 351 10
314 353 10
314 354 10
314 361 10
314 362 10
314 364 10
314 365 10
314 367 10
314 369 10
314 373 10
314 377 10
314 380 10
314 381 10
314 383 10
314 385 10
314 389 10
314 390 10
314 392 10
314 394 10
314 396 10
314 398 10
314 411 10
314 412 10
314 413 10
314 415 10
314 416 10
314 417 10
314 418 10
314 421 10
314 422 10
314 424 10
314 425 10
314 427 10
314 429 10
314 432 10
314 433 10
314 442 10
314 447 10
314 448 10
314 463 10
314 465 10
314 466 10
314 468 10
314 470 10
314 475 10
314 476 10
314 484 10
314 486 10
314 487 10
314 489 10
314 492 10
314 494 10
314 495 10
314 497 10
314 498 10
314 500 10
314 502 10
314 503 10
314 506 10
314 507 10
314 516 10
314 520 10
314 521 10
314 523 10
314 526 10
314 527 10
314 529 10
314 533 10
314 536 10
314 538 10
314 539 10
314 541 10
314 545 10
314 547 10
314 548 10
314 549 10
314 556 10
314 557 10
314 558 10
314 562 10
314 564 10
314 566 10
314 567 10
314 568 10
314 570 10
314 571 10
314 575 10
314 576 10
314 577 10
314 579 10
314 581 10
314 582 10
314 583 10
314 584 10
314 586 10
314 587 10
314 588 10
314 591 10
314 595 10
314 596 10
314 612 10
314 621 10
314 622 10
314 625 10
314 626 10
314 627 10
314 631 10
314 637 10
314 639 10
314 640 10
314 644 10
314 645 10
314 647 10
314 651 10
314 652 10
314 664 10
315 259 10
315 263 10
315 281 10
315 282 10
315 283 10
315 285 10
315 287 10
315 289 10
315 292 10
315 294 10
315 297 10
315 312 10
315 313 10
315 316 10
315 319 10
315 322 10
315 324 10
315 326 10
315 327 10
315 336 10
315 338 10
315 347 10
315 348 10
315 349 10
315 351 10
315 354 10
315 356 10
315 359 10
315 361 10
315 362 10
315 364 10
315 365 10
315 366 10
315 367 10
315 369 10
315 375 10
315 376 10
315 378 10
315 390 10
315 392 10
315 393 10
315 400 10
315 403 10
315 404 10
315 405 10
315 414 10
315 415 10
315 416 10
315 417 10
315 418 10
315 419 10
315 421 10
315 422 10
315 423 10
315 424 10
315 425 10
315 426 10
315 427 10
315 429 10
315 431 10
315 432 10
315 434 10
315 444 10
315 464 10
315 465 10
315 473 10
315 475 10
315 477 10
315 479 10
315 486 10
315 487 10
315 489 10
315 492 10
315 495 10
315 496 10
315 499 10
315 500 10
315 503 10
315 505 10
315 507 10
315 515 10
315 519 10
315 521 10
315 524 10
315 525 10
315 527 10
315 528 10
315 532 10
315 533 10
315 534 10
315 535 10
315 536 10
315 537 10
315 538 10
315 539 10
315 540 10
315 542 10
315 553 10
315 554 10
315 558 10
315 560 10
315 563 10
315 565 10
315 567 10
315 572 10
315 573 10
315 576 10
315 577 10
315 579 10
315 580 10
315 582 10
315 583 10
315 585 10
315 586 10
315 590 10
315 592 10
315 597 10
315 599 10
315 601 10
315 603 10
315 605 10
315 614 10
315 615 10
315 616 10
315 625 10
315 626 10
315 627 10
315 631 10
315 632 10
315 634 10
315 636 10
315 640 10
315 641 10
315 651 10
315 662 10
316 271 10
316 272 10
316 273 10
316 277 10
316 281 10
316 286 10
316 287 10
316 289 10
316 290 10
316 291 10
316 293 10
316 296 10
316 314 10
316 316 10
316 317 10
316 318 10
316 320 10
316 322 10
316 323 10
316 324 10
316 326 10
316 331 10
316 333 10
316 335 10
316 340 10
316 343 10
316 345 10
316 346 10
316 350 10
316 351 10
316 352 10
316 359 10
316 363 10
316 364 10
316 365 10
316 367 10
316 370 10
316 377 10
316 378 10
316 384 10
316 389 10
316 391 10
316 392 10
316 393 10
316 397 10
316 398 10
316 402 10
316 406 10
316 412 10
316 413 10
316 414 10
316 415 10
316 417 10
316 425 10
316 426 10
316 431 10
316 433 10
316 434 10
316 439 10
316 441 10
316 449 10
316 451 10
316 462 10
316 465 10
316 467 10
316 470 10
316 472 10
316 473 10
316 479 10
316 481 10
316 482 10
316 484 10
316 490 10
316 491 10
316 492 10
316 494 10
316 495 10
316 497 10
316 501 10
316 502 10
316 504 10
316 506 10
316 515 10
316 516 10
316 517 10
316 519 10
316 521 10
316 523 10
316 525 10
316 526 10
316 527 10
316 529 10
316 530 10
316 531 10
316 532 10
316 536 10
316 539 10
316 540 10
316 543 10
316 545 10
316 551 10
316 552 10
316 553 10
316 554 10
316 555 10
316 556 10
316 557 10
316 560 10
316 566 10
316 567 10
316 570 10
316 572 10
316 573 10
316 575 10
316 577 10
316 578 10
316 579 10
316 581 10
316 582 10
316 583 10
316 584 10
316 585 10
316 587 10
316 588 10
316 589 10
316 593 10
316 601 10
316 602 10
316 603 10
316 605 10
316 606 10
316 609 10
316 618 10
316 622 10
316 624 10
316 625 10
316 626 10
316 628 10
316 633 10
316 636 10
316 637 10
316 639 10
316 650 10
316 652 10
316 653 10
316 655 10
317 262 10
317 271 10
317 274 10
317 277 10
317 279 10
317 280 10
317 281 10
317 282 10
317 283 10
317 284 10
317 285 10
317 287 10
317 290 10
317 296 10
317 298 10
317 318 10
317 319 10
317 320 10
317 321 10
317 322 10
317 324 10
317 326 10
317 328 10
317 333 10
317 335 10
317 336 10
317 344 10
317 346 10
317 347 10
317 351 10
317 355 10
317 360 10
317 361 10
317 362 10
317 364 10
317 365 10
317 366 10
317 374 10
317 375 10
317 378 10
317 389 10
317 390 10
317 393 10
317 394 10
317 395 10
317 396 10
317 398 10
317 399 10
317 402 10
317 405 10
317 408 10
317 410 10
317 411 10
317 417 10
317 422 10
317 425 10
317 427 10
317 429 10
317 433 10
317 439 10
317 442 10
317 443 10
317 444 10
317 464 10
317 465 10
317 482 10
317 483 10
317 486 10
317 487 10
317 488 10
317 489 10
317 490 10
317 493 10
317 494 10
317 495 10
317 503 10
317 504 10
317 505 10
317 506 10
317 509 10
317 510 10
317 514 10
317 515 10
317 523 10
317 527 10
317 528 10
317 529 10
317 530 10
317 533 10
317 534 10
317 536 10
317 537 10
317 538 10
317 539 10
317 540 10
317 541 10
317 543 10
317 544 10
317 546 10
317 550 10
317 551 10
317 552 10
317 553 10
317 554 10
317 555 10
317 557 10
317 558 10
317 559 10
317 560 10
317 563 10
317 564 10
317 565 10
317 567 10
317 569 10
317 570 10
317 572 10
317 573 10
317 574 10
317 575 10
317 576 10
317 577 10
317 579 10
317 580 10
317 581 10
317 582 10
317 583 10
317 584 10
317 585 10
317 587 10
317 588 10
317 589 10
317 590 10
317 591 10
317 595 10
317 597 10
317 598 10
317 599 10
317 600 10
317 601 10
317 603 10
317 606 10
317 608 10
317 614 10
317 616 10
317 617 10
317 618 10
317 619 10
317 621 10
317 624 10
317 627 10
317 628 10
317 629 10
317 631 10
317 632 10
317 634 10
317 635 10
317 638 10
317 642 10
317 651 10
317 661 10
317 665 10
318 272 10
318 275 10
318 278 10
318 279 10
318 281 10
318 284 10
318 285 10
318 287 10
318 288 10
318 289 10
318 290 10
318 297 10
318 321 10
318 322 10
318 323 10
318 324 10
318 332 10
318 333 10
318 343 10
318 344 10
318 345 10
318 346 10
318 348 10
318 350 10
318 352 10
318 353 10
318 355 10
318 356 10
318 359 10
318 363 10
318 365 10
318 366 10
318 368 10
318 377 10
318 385 10
318 390 10
318 391 10
318 394 10
318 410 10
318 420 10
318 425 10
318 428 10
318 429 10
318 436 10
318 440 10
318 442 10
318 444 10
318 477 10
318 480 10
318 484 10
318 485 10
318 487 10
318 489 10
318 493 10
318 496 10
318 499 10
318 500 10
318 501 10
318 503 10
318 504 10
318 506 10
318 512 10
318 514 10
318 515 10
318 516 10
318 519 10
318 521 10
318 523 10
318 526 10
318 527 10
318 528 10
318 531 10
318 536 10
318 538 10
318 540 10
318 541 10
318 542 10
318 543 10
318 544 10
318 546 10
318 547 10
318 549 10
318 550 10
318 552 10
318 553 10
318 554 10
318 556 10
318 557 10
318 558 10
318 559 10
318 560 10
318 562 10
318 563 10
318 565 10
318 571 10
318 572 10
318 573 10
318 574 10
318 576 10
318 577 10
318 578 10
318 579 10
318 580 10
318 583 10
318 585 10
318 586 10
318 587 10
318 588 10
318 590 10
318 592 10
318 593 10
318 594 10
318 595 10
318 596 10
318 601 10
318 603 10
318 604 10
318 607 10
318 609 10
318 610 10
318 611 10
318 614 10
318 616 10
318 619 10
318 621 10
318 623 10
318 624 10
318 625 10
318 626 10
318 627 10
318 630 10
318 632 10
318 633 10
318 635 10
318 638 10
318 640 10
318 641 10
318 649 10
318 651 10
318 652 10
318 655 10
318 659 10
318 661 10
318 663 10
318 664 10
318 665 10
319 257 10
319 263 10
319 265 10
319 273 10
319 275 10
319 281 10
319 283 10
319 284 10
319 286 10
319 289 10
319 290 10
319 291 10
319 292 10
319 293 10
319 295 10
319 296 10
319 297 10
319 299 10
319 317 10
319 318 10
319 319 10
319 321 10
319 324 10
319 326 10
319 327 10
319 332 10
319 335 10
319 336 10
319 337 10
319 341 10
319 342 10
319 343 10
319 348 10
319 353 10
319 354 10
319 355 10
319 358 10
319 359 10
319 362 10
319 363 10
319 365 10
319 366 10
319 369 10
319 390 10
319 392 10
319 394 10
319 395 10
319 396 10
319 397 10
319 398 10
319 400 10
319 403 10
319 406 10
319 407 10
319 409 10
319 410 10
319 413 10
319 415 10
319 416 10
319 419 10
319 421 10
319 422 10
319 425 10
319 426 10
319 428 10
319 429 10
319 430 10
319 431 10
319 434 10
319 435 10
319 438 10
319 439 10
319 441 10
319 444 10
319 446 10
319 451 10
319 462 10
319 464 10
319 465 10
319 467 10
319 480 10
319 482 10
319 486 10
319 490 10
319 491 10
319 494 10
319 502 10
319 503 10
319 505 10
319 509 10
319 510 10
319 511 10
319 513 10
319 514 10
319 518 10
319 519 10
319 520 10
319 522 10
319 523 10
319 524 10
319 528 10
319 529 10
319 533 10
319 535 10
319 537 10
319 538 10
319 541 10
319 542 10
319 543 10
319 544 10
319 545 10
319 548 10
319 550 10
319 551 10
319 552 10
319 553 10
319 554 10
319 556 10
319 560 10
319 563 10
319 564 10
319 565 10
319 566 10
319 567 10
319 570 10
319 571 10
319 572 10
319 573 10
319 574 10
319 575 10
319 576 10
319 577 10
319 578 10
319 579 10
319 581 10
319 582 10
319 583 10
319 584 10
319 585 10
319 586 10
319 587 10
319 589 10
319 592 10
319 593 10
319 594 10
319 595 10
319 597 10
319 601 10
319 603 10
319 605 10
319 606 10
319 608 10
319 609 10
319 612 10
319 614 10
319 616 10
319 617 10
319 619 10
319 620 10
319 621 10
319 622 10
319 625 10
319 626 10
319 627 10
319 629 10
319 630 10
319 631 10
319 632 10
319 633 10
319 635 10
319 636 10
319 637 10
319 638 10
319 640 10
319 641 10
319 642 10
319 643 10
319 647 10
319 648 10
319 655 10
319 659 10
319 664 10
319 666 10
320 269 10
320 272 10
320 276 10
320 278 10
320 279 10
320 281 10
320 285 10
320 287 10
320 288 10
320 290 10
320 291 10
320 292 10
320 293 10
320 294 10
320 296 10
320 298 10
320 320 10
320 321 10
320 323 10
320 324 10
320 325 10
320 327 10
320 329 10
320 334 10
320 338 10
320 339 10
320 342 10
320 344 10
320 345 10
320 346 10
320 348 10
320 349 10
320 352 10
320 357 10
320 359 10
320 360 10
320 361 10
320 363 10
320 364 10
320 367 10
320 368 10
320 369 10
320 373 10
320 378 10
320 384 10
320 389 10
320 391 10
320 395 10
320 396 10
320 397 10
320 399 10
320 400 10
320 401 10
320 408 10
320 410 10
320 412 10
320 419 10
320 420 10
320 422 10
320 426 10
320 427 10
320 428 10
320 429 10
320 430 10
320 431 10
320 434 10
320 435 10
320 439 10
320 444 10
320 447 10
320 449 10
320 452 10
320 464 10
320 465 10
320 466 10
320 485 10
320 486 10
320 488 10
320 489 10
320 491 10
320 492 10
320 493 10
320 495 10
320 497 10
320 501 10
320 502 10
320 505 10
320 506 10
320 507 10
320 509 10
320 510 10
320 511 10
320 512 10
320 513 10
320 515 10
320 518 10
320 519 10
320 522 10
320 523 10
320 524 10
320 527 10
320 529 10
320 535 10
320 536 10
320 538 10
320 540 10
320 543 10
320 544 10
320 545 10
320 546 10
320 547 10
320 549 10
320 551 10
320 552 10
320 553 10
320 554 10
320 555 10
320 557 10
320 560 10
320 562 10
320 563 10
320 564 10
320 566 10
320 568 10
320 571 10
320 572 10
320 573 10
320 574 10
320 576 10
320 577 10
320 578 10
320 579 10
320 580 10
320 581 10
320 583 10
320 584 10
320 585 10
320 586 10
320 587 10
320 589 10
320 591 10
320 593 10
320 597 10
320 599 10
320 600 10
320 601 10
320 603 10
320 607 10
320 610 10
320 611 10
320 614 10
320 615 10
320 618 10
320 624 10
320 628 10
320 629 10
320 631 10
320 632 10
320 635 10
320 638 10
320 640 10
320 641 10
320 647 10
320 649 10
320 652 10
320 657 10
320 663 10
320 664 10
320 666 10
320 668 10
321 264 10
321 267 10
321 273 10
321 280 10
321 285 10
321 286 10
321 287 10
321 290 10
321 291 10
321 292 10
321 296 10
321 316 10
321 323 10
321 324 10
321 325 10
321 326 10
321 329 10
321 330 10
321 331 10
321 332 10
321 334 10
321 336 10
321 337 10
321 338 10
321 343 10
321 344 10
321 346 10
321 347 10
321 353 10
321 354 10
321 355 10
321 357 10
321 358 10
321 360 10
321 362 10
321 364 10
321 366 10
321 370 10
321 371 10
321 386 10
321 387 10
321 393 10
321 397 10
321 401 10
321 406 10
321 408 10
321 413 10
321 415 10
321 417 10
321 420 10
321 425 10
321 426 10
321 428 10
321 430 10
321 431 10
321 432 10
321 437 10
321 439 10
321 443 10
321 444 10
321 449 10
321 453 10
321 455 10
321 461 10
321 462 10
321 463 10
321 464 10
321 481 10
321 483 10
321 484 10
321 489 10
321 493 10
321 497 10
321 498 10
321 503 10
321 505 10
321 506 10
321 507 10
321 509 10
321 510 10
321 515 10
321 518 10
321 521 10
321 527 10
321 531 10
321 532 10
321 534 10
321 536 10
321 537 10
321 539 10
321 541 10
321 542 10
321 543 10
321 544 10
321 548 10
321 549 10
321 550 10
321 551 10
321 552 10
321 553 10
321 554 10
321 555 10
321 557 10
321 559 10
321 560 10
321 563 10
321 565 10
321 566 10
321 567 10
321 571 10
321 572 10
321 573 10
321 574 10
321 575 10
321 577 10
321 578 10
321 579 10
321 582 10
321 583 10
321 584 10
321 585 10
321 586 10
321 587 10
321 589 10
321 590 10
321 591 10
321 592 10
321 595 10
321 596 10
321 603 10
321 610 10
321 611 10
321 612 10
321 613 10
321 614 10
321 616 10
321 620 10
321 622 10
321 623 10
321 626 10
321 627 10
321 629 10
321 631 10
321 632 10
321 633 10
321 635 10
321 641 10
321 650 10
321 652 10
321 654 10
321 659 10
321 663 10
321 665 10
321 666 10
321 667 10
321 668 10
321 738 10
321 743 10
322 262 10
322 264 10
322 272 10
322 274 10
322 275 10
322 278 10
322 282 10
322 284 10
322 285 10
322 290 10
322 291 10
322 292 10
322 293 10
322 294 10
322 295 10
322 316 10
322 324 10
322 325 10
322 326 10
322 327 10
322 328 10
322 329 10
322 331 10
322 335 10
322 336 10
322 338 10
322 340 10
322 344 10
322 345 10
322 346 10
322 350 10
322 351 10
322 356 10
322 357 10
322 358 10
322 360 10
322 361 10
322 362 10
322 364 10
322 366 10
322 367 10
322 371 10
322 386 10
322 388 10
322 390 10
322 392 10
322 398 10
322 399 10
322 401 10
322 406 10
322 407 10
322 409 10
322 411 10
322 412 10
322 413 10
322 416 10
322 417 10
322 418 10
322 420 10
322 422 10
322 425 10
322 426 10
322 427 10
322 428 10
322 429 10
322 431 10
322 435 10
322 436 10
322 437 10
322 439 10
322 443 10
322 445 10
322 447 10
322 453 10
322 458 10
322 459 10
322 464 10
322 466 10
322 490 10
322 492 10
322 494 10
322 495 10
322 496 10
322 498 10
322 500 10
322 502 10
322 506 10
322 507 10
322 508 10
322 509 10
322 510 10
322 512 10
322 514 10
322 516 10
322 518 10
322 523 10
322 524 10
322 526 10
322 527 10
322 528 10
322 529 10
322 530 10
322 532 10
322 534 10
322 537 10
322 538 10
322 540 10
322 541 10
322 542 10
322 544 10
322 545 10
322 546 10
322 547 10
322 549 10
322 550 10
322 551 10
322 552 10
322 553 10
322 554 10
322 556 10
322 557 10
322 559 10
322 560 10
322 561 10
322 564 10
322 565 10
322 566 10
322 567 10
322 568 10
322 570 10
322 573 10
322 574 10
322 575 10
322 576 10
322 577 10
322 578 10
322 579 10
322 581 10
322 583 10
322 584 10
322 586 10
322 588 10
322 589 10
322 590 10
322 592 10
322 593 10
322 594 10
322 595 10
322 600 10
322 601 10
322 604 10
322 609 10
322 612 10
322 615 10
322 616 10
322 624 10
322 625 10
322 626 10
322 628 10
322 630 10
322 631 10
322 632 10
322 634 10
322 635 10
322 636 10
322 638 10
322 640 10
322 641 10
322 646 10
322 648 10
322 650 10
322 651 10
322 652 10
322 653 10
322 661 10
322 662 10
322 663 10
322 664 10
322 665 10
322 666 10
322 667 10
322 668 10
322 669 10
322 671 10
323 263 10
323 277 10
323 281 10
323 282 10
323 283 10
323 284 10
323 286 10
323 290 10
323 291 10
323 307 10
323 317 10
323 323 10
323 327 10
323 328 10
323 329 10
323 332 10
323 336 10
323 338 10
323 344 10
323 346 10
323 353 10
323 354 10
323 358 10
323 360 10
323 361 10
323 362 10
323 363 10
323 364 10
323 366 10
323 370 10
323 373 10
323 374 10
323 375 10
323 382 10
323 383 10
323 384 10
323 388 10
323 394 10
323 395 10
323 396 10
323 398 10
323 401 10
323 407 10
323 408 10
323 409 10
323 410 10
323 412 10
323 414 10
323 415 10
323 419 10
323 420 10
323 421 10
323 422 10
323 425 10
323 427 10
323 429 10
323 430 10
323 431 10
323 432 10
323 433 10
323 434 10
323 435 10
323 436 10
323 439 10
323 441 10
323 443 10
323 444 10
323 447 10
323 451 10
323 454 10
323 456 10
323 458 10
323 464 10
323 465 10
323 481 10
323 482 10
323 484 10
323 490 10
323 494 10
323 495 10
323 496 10
323 497 10
323 499 10
323 500 10
323 509 10
323 510 10
323 512 10
323 514 10
323 517 10
323 519 10
323 522 10
323 523 10
323 527 10
323 528 10
323 529 10
323 530 10
323 531 10
323 532 10
323 534 10
323 539 10
323 540 10
323 543 10
323 547 10
323 548 10
323 549 10
323 551 10
323 552 10
323 553 10
323 554 10
323 556 10
323 557 10
323 558 10
323 559 10
323 560 10
323 563 10
323 565 10
323 567 10
323 568 10
323 570 10
323 571 10
323 572 10
323 573 10
323 574 10
323 575 10
323 576 10
323 577 10
323 578 10
323 579 10
323 580 10
323 581 10
323 583 10
323 584 10
323 585 10
323 586 10
323 587 10
323 588 10
323 589 10
323 590 10
323 594 10
323 595 10
323 597 10
323 598 10
323 600 10
323 604 10
323 605 10
323 606 10
323 607 10
323 610 10
323 613 10
323 614 10
323 615 10
323 618 10
323 625 10
323 627 10
323 631 10
323 641 10
323 647 10
323 648 10
323 649 10
323 650 10
323 651 10
323 652 10
323 665 10
323 666 10
323 667 10
323 670 10
323 671 10
324 274 10
324 276 10
324 277 10
324 278 10
324 281 10
324 282 10
324 285 10
324 286 10
324 302 10
324 314 10
324 324 10
324 327 10
324 331 10
324 334 10
324 337 10
324 339 10
324 340 10
324 341 10
324 343 10
324 344 10
324 345 10
324 346 10
324 350 10
324 352 10
324 356 10
324 358 10
324 359 10
324 361 10
324 362 10
324 365 10
324 366 10
324 367 10
324 368 10
324 371 10
324 373 10
324 382 10
324 384 10
324 389 10
324 391 10
324 392 10
324 394 10
324 397 10
324 403 10
324 404 10
324 406 10
324 411 10
324 414 10
324 423 10
324 425 10
324 428 10
324 432 10
324 433 10
324 434 10
324 435 10
324 438 10
324 439 10
324 442 10
324 443 10
324 444 10
324 446 10
324 447 10
324 452 10
324 453 10
324 455 10
324 456 10
324 458 10
324 461 10
324 464 10
324 467 10
324 480 10
324 485 10
324 492 10
324 497 10
324 498 10
324 499 10
324 500 10
324 501 10
324 502 10
324 503 10
324 504 10
324 505 10
324 508 10
324 511 10
324 513 10
324 514 10
324 515 10
324 516 10
324 517 10
324 519 10
324 520 10
324 521 10
324 522 10
324 525 10
324 527 10
324 528 10
324 529 10
324 530 10
324 532 10
324 533 10
324 535 10
324 541 10
324 547 10
324 549 10
324 551 10
324 552 10
324 553 10
324 555 10
324 556 10
324 557 10
324 558 10
324 559 10
324 560 10
324 561 10
324 562 10
324 563 10
324 565 10
324 566 10
324 568 10
324 569 10
324 570 10
324 571 10
324 574 10
324 577 10
324 582 10
324 583 10
324 584 10
324 585 10
324 586 10
324 587 10
324 589 10
324 590 10
324 591 10
324 596 10
324 597 10
324 599 10
324 601 10
324 602 10
324 603 10
324 605 10
324 607 10
324 608 10
324 611 10
324 619 10
324 620 10
324 622 10
324 623 10
324 624 10
324 625 10
324 628 10
324 631 10
324 635 10
324 636 10
324 639 10
324 640 10
324 644 10
324 646 10
324 648 10
324 651 10
324 653 10
324 654 10
324 662 10
324 663 10
324 664 10
324 665 10
324 666 10
324 669 10
324 670 10
324 672 10
325 276 10
325 279 10
325 282 10
325 283 10
325 287 10
325 291 10
325 293 10
325 301 10
325 303 10
325 317 10
325 335 10
325 337 10
325 339 10
325 341 10
325 343 10
325 344 10
325 348 10
325 354 10
325 361 10
325 362 10
325 363 10
325 365 10
325 367 10
325 370 10
325 371 10
325 372 10
325 380 10
325 382 10
325 383 10
325 384 10
325 385 10
325 386 10
325 388 10
325 389 10
325 390 10
325 391 10
325 392 10
325 393 10
325 394 10
325 396 10
325 398 10
325 401 10
325 402 10
325 404 10
325 406 10
325 407 10
325 408 10
325 409 10
325 415 10
325 417 10
325 418 10
325 423 10
325 425 10
325 426 10
325 429 10
325 431 10
325 432 10
325 434 10
325 436 10
325 438 10
325 439 10
325 440 10
325 441 10
325 442 10
325 448 10
325 451 10
325 454 10
325 456 10
325 459 10
325 461 10
325 464 10
325 469 10
325 471 10
325 481 10
325 488 10
325 492 10
325 494 10
325 495 10
325 497 10
325 500 10
325 506 10
325 507 10
325 508 10
325 509 10
325 513 10
325 514 10
325 515 10
325 517 10
325 518 10
325 521 10
325 523 10
325 524 10
325 526 10
325 529 10
325 530 10
325 531 10
325 532 10
325 538 10
325 542 10
325 545 10
325 547 10
325 551 10
325 553 10
325 554 10
325 555 10
325 557 10
325 558 10
325 559 10
325 560 10
325 562 10
325 563 10
325 566 10
325 568 10
325 569 10
325 570 10
325 574 10
325 575 10
325 576 10
325 577 10
325 579 10
325 580 10
325 581 10
325 582 10
325 583 10
325 584 10
325 585 10
325 586 10
325 587 10
325 590 10
325 593 10
325 594 10
325 595 10
325 597 10
325 598 10
325 602 10
325 604 10
325 606 10
325 607 10
325 611 10
325 620 10
325 625 10
325 626 10
325 632 10
325 644 10
325 645 10
325 648 10
325 650 10
325 651 10
325 654 10
325 662 10
325 664 10
325 665 10
325 666 10
325 667 10
325 668 10
326 274 10
326 276 10
326 283 10
326 286 10
326 287 10
326 288 10
326 289 10
326 291 10
326 293 10
326 295 10
326 323 10
326 324 10
326 334 10
326 337 10
326 339 10
326 341 10
326 345 10
326 347 10
326 349 10
326 352 10
326 354 10
326 355 10
326 357 10
326 358 10
326 359 10
326 360 10
326 361 10
326 362 10
326 364 10
326 365 10
326 366 10
326 368 10
326 369 10
326 370 10
326 373 10
326 383 10
326 386 10
326 395 10
326 396 10
326 397 10
326 400 10
326 402 10
326 405 10
326 407 10
326 410 10
326 411 10
326 414 10
326 421 10
326 422 10
326 425 10
326 426 10
326 427 10
326 429 10
326 431 10
326 434 10
326 436 10
326 437 10
326 438 10
326 441 10
326 442 10
326 446 10
326 449 10
326 454 10
326 456 10
326 457 10
326 458 10
326 462 10
326 467 10
326 474 10
326 476 10
326 483 10
326 487 10
326 488 10
326 492 10
326 493 10
326 495 10
326 497 10
326 498 10
326 499 10
326 501 10
326 502 10
326 506 10
326 509 10
326 510 10
326 511 10
326 516 10
326 517 10
326 518 10
326 519 10
326 525 10
326 527 10
326 528 10
326 530 10
326 531 10
326 532 10
326 533 10
326 534 10
326 537 10
326 538 10
326 541 10
326 542 10
326 544 10
326 548 10
326 550 10
326 551 10
326 552 10
326 556 10
326 561 10
326 563 10
326 565 10
326 566 10
326 567 10
326 568 10
326 569 10
326 572 10
326 576 10
326 577 10
326 578 10
326 582 10
326 584 10
326 586 10
326 588 10
326 591 10
326 592 10
326 593 10
326 595 10
326 596 10
326 597 10
326 598 10
326 599 10
326 601 10
326 602 10
326 604 10
326 605 10
326 606 10
326 617 10
326 618 10
326 620 10
326 621 10
326 622 10
326 623 10
326 624 10
326 647 10
326 649 10
326 658 10
326 659 10
326 663 10
326 664 10
326 665 10
326 669 10
326 670 10
326 698 10
327 273 10
327 277 10
327 283 10
327 285 10
327 286 10
327 289 10
327 295 10
327 300 10
327 304 10
327 314 10
327 316 10
327 317 10
327 319 10
327 321 10
327 337 10
327 340 10
327 341 10
327 342 10
327 343 10
327 345 10
327 347 10
327 349 10
327 350 10
327 352 10
327 354 10
327 357 10
327 359 10
327 360 10
327 362 10
327 363 10
327 367 10
327 368 10
327 369 10
327 375 10
327 378 10
327 382 10
327 383 10
327 384 10
327 387 10
327 388 10
327 393 10
327 394 10
327 395 10
327 396 10
327 397 10
327 398 10
327 399 10
327 400 10
327 405 10
327 406 10
327 408 10
327 410 10
327 411 10
327 412 10
327 414 10
327 415 10
327 417 10
327 429 10
327 430 10
327 431 10
327 432 10
327 433 10
327 434 10
327 435 10
327 438 10
327 439 10
327 440 10
327 442 10
327 443 10
327 447 10
327 456 10
327 458 10
327 459 10
327 461 10
327 465 10
327 466 10
327 468 10
327 469 10
327 471 10
327 473 10
327 474 10
327 475 10
327 489 10
327 491 10
327 492 10
327 495 10
327 496 10
327 502 10
327 509 10
327 512 10
327 516 10
327 517 10
327 518 10
327 519 10
327 520 10
327 522 10
327 523 10
327 528 10
327 529 10
327 530 10
327 531 10
327 532 10
327 533 10
327 534 10
327 536 10
327 538 10
327 540 10
327 541 10
327 542 10
327 543 10
327 545 10
327 546 10
327 548 10
327 552 10
327 554 10
327 563 10
327 567 10
327 570 10
327 572 10
327 575 10
327 576 10
327 577 10
327 578 10
327 580 10
327 581 10
327 582 10
327 586 10
327 587 10
327 588 10
327 590 10
327 592 10
327 593 10
327 600 10
327 601 10
327 603 10
327 604 10
327 606 10
327 613 10
327 614 10
327 615 10
327 616 10
327 617 10
327 624 10
327 625 10
327 629 10
327 636 10
327 644 10
327 646 10
327 648 10
327 650 10
327 651 10
327 655 10
327 661 10
327 663 10
327 664 10
327 667 10
327 668 10
328 273 10
328 274 10
328 275 10
328 283 10
328 285 10
328 297 10
328 307 10
328 313 10
328 316 10
328 317 10
328 319 10
328 322 10
328 323 10
328 324 10
328 325 10
328 340 10
328 344 10
328 347 10
328 350 10
328 353 10
328 355 10
328 356 10
328 358 10
328 359 10
328 360 10
328 362 10
328 365 10
328 369 10
328 370 10
328 371 10
328 381 10
328 387 10
328 388 10
328 391 10
328 393 10
328 394 10
328 395 10
328 396 10
328 397 10
328 398 10
328 400 10
328 401 10
328 402 10
328 403 10
328 404 10
328 405 10
328 406 10
328 407 10
328 408 10
328 411 10
328 414 10
328 415 10
328 420 10
328 424 10
328 425 10
328 430 10
328 434 10
328 436 10
328 439 10
328 440 10
328 441 10
328 442 10
328 446 10
328 455 10
328 457 10
328 458 10
328 460 10
328 463 10
328 464 10
328 465 10
328 475 10
328 486 10
328 489 10
328 491 10
328 492 10
328 499 10
328 501 10
328 503 10
328 506 10
328 508 10
328 510 10
328 516 10
328 517 10
328 518 10
328 519 10
328 520 10
328 528 10
328 530 10
328 535 10
328 536 10
328 538 10
328 541 10
328 542 10
328 543 10
328 545 10
328 547 10
328 548 10
328 550 10
328 551 10
328 552 10
328 558 10
328 559 10
328 560 10
328 569 10
328 571 10
328 572 10
328 574 10
328 576 10
328 578 10
328 579 10
328 584 10
328 586 10
328 590 10
328 591 10
328 596 10
328 597 10
328 598 10
328 599 10
328 600 10
328 601 10
328 605 10
328 606 10
328 615 10
328 616 10
328 617 10
328 620 10
328 621 10
328 630 10
328 639 10
328 643 10
328 645 10
328 646 10
328 647 10
328 651 10
328 657 10
328 658 10
328 659 10
328 660 10
328 661 10
328 667 10
328 668 10
328 669 10
328 704 10
329 271 10
329 275 10
329 282 10
329 283 10
329 285 10
329 297 10
329 298 10
329 299 10
329 300 10
329 302 10
329 304 10
329 305 10
329 307 10
329 309 10
329 310 10
329 311 10
329 312 10
329 315 10
329 318 10
329 319 10
329 320 10
329 324 10
329 325 10
329 327 10
329 329 10
329 338 10
329 339 10
329 343 10
329 345 10
329 347 10
329 348 10
329 350 10
329 355 10
329 357 10
329 360 10
329 361 10
329 363 10
329 364 10
329 365 10
329 368 10
329 369 10
329 370 10
329 388 10
329 389 10
329 391 10
329 392 10
329 393 10
329 394 10
329 395 10
329 396 10
329 397 10
329 399 10
329 401 10
329 403 10
329 404 10
329 405 10
329 406 10
329 410 10
329 413 10
329 422 10
329 423 10
329 425 10
329 427 10
329 430 10
329 432 10
329 434 10
329 435 10
329 436 10
329 437 10
329 438 10
329 439 10
329 442 10
329 443 10
329 444 10
329 453 10
329 454 10
329 456 10
329 457 10
329 458 10
329 468 10
329 480 10
329 481 10
329 484 10
329 489 10
329 490 10
329 494 10
329 496 10
329 497 10
329 498 10
329 500 10
329 501 10
329 502 10
329 509 10
329 511 10
329 512 10
329 513 10
329 514 10
329 515 10
329 517 10
329 518 10
329 526 10
329 527 10
329 530 10
329 533 10
329 534 10
329 535 10
329 539 10
329 540 10
329 548 10
329 549 10
329 551 10
329 554 10
329 555 10
329 556 10
329 559 10
329 562 10
329 567 10
329 568 10
329 569 10
329 573 10
329 574 10
329 576 10
329 577 10
329 578 10
329 581 10
329 582 10
329 583 10
329 584 10
329 586 10
329 592 10
329 593 10
329 594 10
329 597 10
329 598 10
329 600 10
329 601 10
329 611 10
329 616 10
329 617 10
329 639 10
329 641 10
329 643 10
329 645 10
329 648 10
329 649 10
329 650 10
329 651 10
329 657 10
329 660 10
329 668 10
329 669 10
329 698 10
330 273 10
330 274 10
330 280 10
330 281 10
330 282 10
330 285 10
330 292 10
330 296 10
330 299 10
330 301 10
330 307 10
330 313 10
330 318 10
330 319 10
330 320 10
330 321 10
330 323 10
330 324 10
330 325 10
330 326 10
330 327 10
330 336 10
330 338 10
330 340 10
330 342 10
330 344 10
330 346 10
330 347 10
330 348 10
330 353 10
330 354 10
330 356 10
330 357 10
330 358 10
330 359 10
330 361 10
330 362 10
330 363 10
330 364 10
330 367 10
330 370 10
330 372 10
330 376 10
330 389 10
330 391 10
330 394 10
330 395 10
330 396 10
330 397 10
330 399 10
330 404 10
330 405 10
330 406 10
330 407 10
330 408 10
330 409 10
330 411 10
330 413 10
330 417 10
330 420 10
330 422 10
330 423 10
330 424 10
330 425 10
330 426 10
330 429 10
330 432 10
330 433 10
330 436 10
330 437 10
330 438 10
330 439 10
330 440 10
330 454 10
330 456 10
330 458 10
330 463 10
330 484 10
330 489 10
330 492 10
330 494 10
330 496 10
330 501 10
330 502 10
330 504 10
330 506 10
330 507 10
330 508 10
330 513 10
330 516 10
330 518 10
330 527 10
330 530 10
330 533 10
330 534 10
330 537 10
330 538 10
330 539 10
330 540 10
330 552 10
330 553 10
330 554 10
330 555 10
330 556 10
330 557 10
330 559 10
330 561 10
330 562 10
330 564 10
330 570 10
330 571 10
330 572 10
330 575 10
330 576 10
330 578 10
330 579 10
330 582 10
330 595 10
330 596 10
330 597 10
330 600 10
330 602 10
330 603 10
330 607 10
330 609 10
330 610 10
330 611 10
330 614 10
330 616 10
330 617 10
330 621 10
330 622 10
330 625 10
330 636 10
330 639 10
330 643 10
330 654 10
330 657 10
330 658 10
330 659 10
330 661 10
330 665 10
330 668 10
331 261 10
331 264 10
331 272 10
331 280 10
331 281 10
331 283 10
331 286 10
331 291 10
331 292 10
331 298 10
331 299 10
331 300 10
331 303 10
331 306 10
331 309 10
331 311 10
331 315 10
331 316 10
331 317 10
331 318 10
331 320 10
331 321 10
331 322 10
331 323 10
331 324 10
331 325 10
331 328 10
331 336 10
331 338 10
331 344 10
331 345 10
331 347 10
331 349 10
331 353 10
331 354 10
331 355 10
331 356 10
331 358 10
331 360 10
331 361 10
331 362 10
331 365 10
331 366 10
331 367 10
331 369 10
331 370 10
331 371 10
331 372 10
331 373 10
331 375 10
331 376 10
331 381 10
331 388 10
331 389 10
331 390 10
331 391 10
331 392 10
331 393 10
331 396 10
331 397 10
331 398 10
331 399 10
331 404 10
331 406 10
331 407 10
331 408 10
331 410 10
331 411 10
331 414 10
331 416 10
331 420 10
331 425 10
331 426 10
331 427 10
331 428 10
331 429 10
331 430 10
331 431 10
331 432 10
331 435 10
331 439 10
331 443 10
331 449 10
331 451 10
331 456 10
331 457 10
331 464 10
331 465 10
331 469 10
331 475 10
331 486 10
331 490 10
331 491 10
331 499 10
331 506 10
331 507 10
331 509 10
331 512 10
331 516 10
331 524 10
331 527 10
331 528 10
331 529 10
331 531 10
331 532 10
331 533 10
331 535 10
331 541 10
331 542 10
331 551 10
331 559 10
331 560 10
331 561 10
331 564 10
331 565 10
331 566 10
331 568 10
331 572 10
331 576 10
331 579 10
331 580 10
331 581 10
331 589 10
331 591 10
331 593 10
331 599 10
331 608 10
331 610 10
331 611 10
331 614 10
331 615 10
331 620 10
331 621 10
331 622 10
331 623 10
331 625 10
331 637 10
331 638 10
331 639 10
331 640 10
331 642 10
331 644 10
331 645 10
331 650 10
331 652 10
331 658 10
331 666 10
332 260 10
332 262 10
332 268 10
332 269 10
332 270 10
332 272 10
332 281 10
332 282 10
332 287 10
332 293 10
332 294 10
332 296 10
332 301 10
332 304 10
332 305 10
332 307 10
332 310 10
332 314 10
332 317 10
332 318 10
332 319 10
332 321 10
332 322 10
332 324 10
332 325 10
332 329 10
332 330 10
332 339 10
332 344 10
332 345 10
332 347 10
332 351 10
332 356 10
332 357 10
332 358 10
332 359 10
332 362 10
332 363 10
332 364 10
332 367 10
332 371 10
332 374 10
332 381 10
332 388 10
332 389 10
332 390 10
332 395 10
332 397 10
332 398 10
332 399 10
332 401 10
332 405 10
332 406 10
332 409 10
332 411 10
332 412 10
332 413 10
332 416 10
332 422 10
332 424 10
332 435 10
332 436 10
332 438 10
332 440 10
332 443 10
332 449 10
332 451 10
332 452 10
332 454 10
332 457 10
332 464 10
332 465 10
332 472 10
332 475 10
332 476 10
332 478 10
332 483 10
332 484 10
332 492 10
332 493 10
332 498 10
332 503 10
332 505 10
332 506 10
332 508 10
332 509 10
332 513 10
332 514 10
332 520 10
332 522 10
332 525 10
332 529 10
332 531 10
332 532 10
332 533 10
332 534 10
332 535 10
332 536 10
332 537 10
332 538 10
332 539 10
332 540 10
332 545 10
332 553 10
332 554 10
332 555 10
332 556 10
332 557 10
332 559 10
332 560 10
332 561 10
332 562 10
332 563 10
332 564 10
332 572 10
332 573 10
332 577 10
332 578 10
332 579 10
332 598 10
332 600 10
332 607 10
332 610 10
332 611 10
332 612 10
332 613 10
332 615 10
332 616 10
332 617 10
332 618 10
332 620 10
332 624 10
332 625 10
332 636 10
332 637 10
332 638 10
332 640 10
332 643 10
332 649 10
332 651 10
332 652 10
332 669 10
333 257 10
333 259 10
333 260 10
333 263 10
333 264 10
333 279 10
333 281 10
333 286 10
333 287 10
333 291 10
333 292 10
333 295 10
333 297 10
333 298 10
333 301 10
333 302 10
333 303 10
333 304 10
333 306 10
333 309 10
333 319 10
333 325 10
333 327 10
333 342 10
333 344 10
333 345 10
333 347 10
333 355 10
333 356 10
333 358 10
333 359 10
333 361 10
333 362 10
333 363 10
333 364 10
333 365 10
333 366 10
333 380 10
333 381 10
333 383 10
333 384 10
333 387 10
333 390 10
333 392 10
333 393 10
333 395 10
333 399 10
333 400 10
333 401 10
333 403 10
333 404 10
333 405 10
333 406 10
333 407 10
333 408 10
333 409 10
333 410 10
333 411 10
333 413 10
333 415 10
333 416 10
333 422 10
333 425 10
333 427 10
333 428 10
333 429 10
333 431 10
333 433 10
333 436 10
333 451 10
333 455 10
333 456 10
333 463 10
333 467 10
333 475 10
333 480 10
333 483 10
333 485 10
333 487 10
333 493 10
333 495 10
333 496 10
333 501 10
333 505 10
333 506 10
333 508 10
333 509 10
333 510 10
333 512 10
333 516 10
333 519 10
333 525 10
333 526 10
333 531 10
333 532 10
333 533 10
333 534 10
333 537 10
333 539 10
333 547 10
333 550 10
333 551 10
333 552 10
333 553 10
333 561 10
333 562 10
333 563 10
333 564 10
333 565 10
333 577 10
333 578 10
333 579 10
333 590 10
333 591 10
333 592 10
333 598 10
333 599 10
333 600 10
333 602 10
333 603 10
333 604 10
333 609 10
333 610 10
333 611 10
333 612 10
333 613 10
333 614 10
333 615 10
333 616 10
333 622 10
333 624 10
333 634 10
333 637 10
333 638 10
333 639 10
333 641 10
333 642 10
333 644 10
333 654 10
333 666 10
333 704 10
333 713 10
334 261 10
334 262 10
334 263 10
334 264 10
334 265 10
334 267 10
334 268 10
334 270 10
334 271 10
334 278 10
334 284 10
334 287 10
334 289 10
334 290 10
334 293 10
334 294 10
334 295 10
334 296 10
334 297 10
334 302 10
334 303 10
334 304 10
334 306 10
334 308 10
334 312 10
334 313 10
334 317 10
334 319 10
334 320 10
334 323 10
334 327 10
334 342 10
334 343 10
334 344 10
334 345 10
334 347 10
334 351 10
334 353 10
334 354 10
334 355 10
334 356 10
334 358 10
334 361 10
334 362 10
334 363 10
334 364 10
334 365 10
334 366 10
334 367 10
334 370 10
334 381 10
334 393 10
334 394 10
334 395 10
334 396 10
334 397 10
334 398 10
334 401 10
334 403 10
334 405 10
334 406 10
334 407 10
334 408 10
334 411 10
334 413 10
334 415 10
334 416 10
334 428 10
334 429 10
334 431 10
334 439 10
334 448 10
334 452 10
334 454 10
334 456 10
334 458 10
334 460 10
334 461 10
334 463 10
334 466 10
334 468 10
334 469 10
334 471 10
334 472 10
334 473 10
334 475 10
334 482 10
334 483 10
334 484 10
334 485 10
334 488 10
334 491 10
334 511 10
334 516 10
334 523 10
334 526 10
334 527 10
334 528 10
334 530 10
334 534 10
334 535 10
334 536 10
334 544 10
334 546 10
334 552 10
334 553 10
334 554 10
334 555 10
334 557 10
334 558 10
334 559 10
334 560 10
334 562 10
334 563 10
334 564 10
334 565 10
334 570 10
334 572 10
334 574 10
334 576 10
334 578 10
334 581 10
334 585 10
334 592 10
334 595 10
334 597 10
334 599 10
334 602 10
334 604 10
334 605 10
334 606 10
334 608 10
334 610 10
334 612 10
334 613 10
334 614 10
334 615 10
334 617 10
334 619 10
334 620 10
334 621 10
334 626 10
334 633 10
334 635 10
334 636 10
334 637 10
334 638 10
334 639 10
334 640 10
334 641 10
334 644 10
334 646 10
334 647 10
334 653 10
334 706 10
334 713 10
334 715 10
335 259 10
335 261 10
335 262 10
335 264 10
335 265 10
335 266 10
335 267 10
335 268 10
335 269 10
335 275 10
335 287 10
335 288 10
335 292 10
335 293 10
335 294 10
335 295 10
335 296 10
335 299 10
335 300 10
335 301 10
335 302 10
335 303 10
335 306 10
335 308 10
335 311 10
335 313 10
335 314 10
335 315 10
335 317 10
335 324 10
335 327 10
335 334 10
335 335 10
335 337 10
335 340 10
335 342 10
335 344 10
335 345 10
335 348 10
335 353 10
335 355 10
335 356 10
335 359 10
335 360 10
335 361 10
335 364 10
335 365 10
335 366 10
335 383 10
335 384 10
335 388 10
335 390 10
335 394 10
335 395 10
335 396 10
335 397 10
335 407 10
335 410 10
335 411 10
335 412 10
335 413 10
335 414 10
335 415 10
335 416 10
335 418 10
335 428 10
335 429 10
335 431 10
335 432 10
335 433 10
335 436 10
335 443 10
335 448 10
335 449 10
335 456 10
335 461 10
335 463 10
335 464 10
335 465 10
335 470 10
335 471 10
335 472 10
335 473 10
335 475 10
335 485 10
335 489 10
335 491 10
335 492 10
335 493 10
335 494 10
335 495 10
335 496 10
335 508 10
335 509 10
335 510 10
335 512 10
335 514 10
335 523 10
335 524 10
335 526 10
335 528 10
335 532 10
335 534 10
335 535 10
335 538 10
335 539 10
335 540 10
335 541 10
335 545 10
335 546 10
335 549 10
335 551 10
335 555 10
335 556 10
335 559 10
335 560 10
335 561 10
335 562 10
335 563 10
335 564 10
335 565 10
335 568 10
335 570 10
335 571 10
335 572 10
335 573 10
335 576 10
335 578 10
335 580 10
335 582 10
335 587 10
335 592 10
335 595 10
335 598 10
335 599 10
335 603 10
335 604 10
335 605 10
335 606 10
335 607 10
335 608 10
335 609 10
335 612 10
335 613 10
335 617 10
335 619 10
335 620 10
335 624 10
335 629 10
335 633 10
335 636 10
335 637 10
335 639 10
335 641 10
335 642 10
335 643 10
335 646 10
336 257 10
336 259 10
336 260 10
336 261 10
336 263 10
336 264 10
336 265 10
336 266 10
336 268 10
336 270 10
336 271 10
336 286 10
336 287 10
336 291 10
336 292 10
336 293 10
336 295 10
336 296 10
336 297 10
336 298 10
336 303 10
336 304 10
336 306 10
336 307 10
336 308 10
336 309 10
336 310 10
336 311 10
336 313 10
336 315 10
336 316 10
336 317 10
336 320 10
336 323 10
336 324 10
336 326 10
336 333 10
336 335 10
336 336 10
336 339 10
336 342 10
336 344 10
336 345 10
336 347 10
336 348 10
336 354 10
336 356 10
336 359 10
336 360 10
336 361 10
336 362 10
336 363 10
336 364 10
336 366 10
336 368 10
336 378 10
336 384 10
336 393 10
336 394 10
336 397 10
336 400 10
336 403 10
336 405 10
336 406 10
336 407 10
336 408 10
336 411 10
336 413 10
336 423 10
336 424 10
336 427 10
336 429 10
336 430 10
336 432 10
336 438 10
336 451 10
336 452 10
336 455 10
336 456 10
336 463 10
336 465 10
336 466 10
336 475 10
336 477 10
336 478 10
336 484 10
336 488 10
336 490 10
336 491 10
336 492 10
336 507 10
336 517 10
336 518 10
336 523 10
336 524 10
336 525 10
336 526 10
336 527 10
336 528 10
336 530 10
336 532 10
336 533 10
336 534 10
336 535 10
336 537 10
336 538 10
336 540 10
336 543 10
336 545 10
336 548 10
336 550 10
336 553 10
336 554 10
336 557 10
336 558 10
336 559 10
336 560 10
336 561 10
336 562 10
336 563 10
336 564 10
336 569 10
336 572 10
336 573 10
336 574 10
336 578 10
336 579 10
336 582 10
336 583 10
336 584 10
336 589 10
336 590 10
336 591 10
336 592 10
336 595 10
336 597 10
336 599 10
336 601 10
336 602 10
336 603 10
336 604 10
336 605 10
336 606 10
336 607 10
336 608 10
336 612 10
336 614 10
336 616 10
336 620 10
336 621 10
336 622 10
336 625 10
336 635 10
336 640 10
336 641 10
336 643 10
336 644 10
336 645 10
336 648 10
336 650 10
336 713 10
336 714 10
337 260 10
337 263 10
337 264 10
337 265 10
337 267 10
337 268 10
337 269 10
337 276 10
337 287 10
337 288 10
337 291 10
337 293 10
337 295 10
337 298 10
337 299 10
337 309 10
337 312 10
337 314 10
337 319 10
337 320 10
337 321 10
337 322 10
337 323 10
337 326 10
337 328 10
337 332 10
337 333 10
337 334 10
337 335 10
337 337 10
337 344 10
337 356 10
337 358 10
337 359 10
337 360 10
337 362 10
337 363 10
337 364 10
337 365 10
337 377 10
337 380 10
337 392 10
337 394 10
337 395 10
337 400 10
337 403 10
337 405 10
337 410 10
337 411 10
337 413 10
337 419 10
337 420 10
337 427 10
337 429 10
337 430 10
337 431 10
337 432 10
337 434 10
337 435 10
337 440 10
337 450 10
337 453 10
337 460 10
337 461 10
337 462 10
337 463 10
337 465 10
337 466 10
337 473 10
337 474 10
337 475 10
337 477 10
337 484 10
337 485 10
337 487 10
337 491 10
337 492 10
337 498 10
337 507 10
337 509 10
337 510 10
337 514 10
337 515 10
337 517 10
337 520 10
337 523 10
337 527 10
337 530 10
337 533 10
337 534 10
337 536 10
337 537 10
337 539 10
337 540 10
337 541 10
337 542 10
337 543 10
337 544 10
337 545 10
337 547 10
337 548 10
337 551 10
337 553 10
337 557 10
337 559 10
337 560 10
337 561 10
337 562 10
337 564 10
337 565 10
337 567 10
337 571 10
337 575 10
337 576 10
337 582 10
337 591 10
337 593 10
337 598 10
337 599 10
337 600 10
337 601 10
337 605 10
337 607 10
337 610 10
337 611 10
337 614 10
337 616 10
337 617 10
337 618 10
337 619 10
337 620 10
337 622 10
337 623 10
337 624 10
337 626 10
337 633 10
337 634 10
337 637 10
337 638 10
337 639 10
337 646 10
337 647 10
337 648 10
337 653 10
337 662 10
337 663 10
337 680 10
337 681 10
337 708 10
337 742 10
338 247 10
338 248 10
338 255 10
338 258 10
338 259 10
338 260 10
338 262 10
338 263 10
338 265 10
338 266 10
338 269 10
338 270 10
338 271 10
338 290 10
338 294 10
338 295 10
338 298 10
338 300 10
338 304 10
338 307 10
338 308 10
338 309 10
338 310 10
338 312 10
338 316 10
338 320 10
338 321 10
338 322 10
338 323 10
338 325 10
338 326 10
338 328 10
338 329 10
338 332 10
338 336 10
338 339 10
338 343 10
338 346 10
338 348 10
338 349 10
338 353 10
338 354 10
338 363 10
338 365 10
338 366 10
338 369 10
338 384 10
338 385 10
338 394 10
338 398 10
338 400 10
338 402 10
338 403 10
338 404 10
338 405 10
338 406 10
338 409 10
338 410 10
338 411 10
338 412 10
338 415 10
338 418 10
338 420 10
338 421 10
338 423 10
338 424 10
338 427 10
338 429 10
338 433 10
338 434 10
338 437 10
338 448 10
338 451 10
338 453 10
338 463 10
338 465 10
338 475 10
338 477 10
338 482 10
338 483 10
338 487 10
338 488 10
338 489 10
338 490 10
338 491 10
338 492 10
338 494 10
338 495 10
338 498 10
338 499 10
338 502 10
338 503 10
338 510 10
338 511 10
338 513 10
338 517 10
338 518 10
338 519 10
338 520 10
338 521 10
338 522 10
338 524 10
338 527 10
338 529 10
338 531 10
338 532 10
338 533 10
338 534 10
338 537 10
338 539 10
338 541 10
338 545 10
338 548 10
338 553 10
338 556 10
338 559 10
338 560 10
338 561 10
338 563 10
338 564 10
338 569 10
338 571 10
338 573 10
338 574 10
338 577 10
338 578 10
338 579 10
338 590 10
338 592 10
338 593 10
338 594 10
338 596 10
338 597 10
338 598 10
338 600 10
338 601 10
338 602 10
338 604 10
338 606 10
338 607 10
338 608 10
338 610 10
338 615 10
338 625 10
338 627 10
338 629 10
338 631 10
338 632 10
338 635 10
338 637 10
338 645 10
338 647 10
338 649 10
338 650 10
338 652 10
338 653 10
338 654 10
338 669 10
338 705 10
338 707 10
338 708 10
338 709 10
338 714 10
338 715 10
338 721 10
338 741 10
338 743 10
339 247 10
339 253 10
339 255 10
339 259 10
339 260 10
339 261 10
339 262 10
339 263 10
339 265 10
339 268 10
339 269 10
339 271 10
339 288 10
339 296 10
339 297 10
339 298 10
339 308 10
339 309 10
339 310 10
339 311 10
339 313 10
339 315 10
339 324 10
339 325 10
339 329 10
339 334 10
339 335 10
339 336 10
339 339 10
339 341 10
339 342 10
339 343 10
339 344 10
339 360 10
339 378 10
339 385 10
339 399 10
339 404 10
339 405 10
339 406 10
339 408 10
339 410 10
339 413 10
339 415 10
339 423 10
339 427 10
339 428 10
339 431 10
339 434 10
339 435 10
339 436 10
339 439 10
339 441 10
339 442 10
339 448 10
339 455 10
339 459 10
339 463 10
339 468 10
339 472 10
339 473 10
339 475 10
339 485 10
339 486 10
339 492 10
339 496 10
339 498 10
339 503 10
339 506 10
339 507 10
339 514 10
339 516 10
339 517 10
339 519 10
339 520 10
339 521 10
339 522 10
339 523 10
339 526 10
339 527 10
339 528 10
339 529 10
339 530 10
339 531 10
339 532 10
339 533 10
339 534 10
339 535 10
339 536 10
339 538 10
339 539 10
339 542 10
339 545 10
339 547 10
339 553 10
339 556 10
339 558 10
339 559 10
339 561 10
339 562 10
339 563 10
339 564 10
339 566 10
339 567 10
339 569 10
339 570 10
339 575 10
339 577 10
339 587 10
339 588 10
339 592 10
339 594 10
339 595 10
339 596 10
339 597 10
339 598 10
339 600 10
339 603 10
339 604 10
339 609 10
339 611 10
339 612 10
339 619 10
339 620 10
339 623 10
339 624 10
339 625 10
339 626 10
339 627 10
339 629 10
339 637 10
339 638 10
339 639 10
339 640 10
339 641 10
339 645 10
339 648 10
339 651 10
339 653 10
339 657 10
339 658 10
339 660 10
339 669 10
339 681 10
339 682 10
339 706 10
339 714 10
339 715 10
339 717 10
339 718 10
339 719 10
339 728 10
339 742 10
339 743 10
339 744 10
340 249 10
340 253 10
340 254 10
340 256 10
340 257 10
340 258 10
340 259 10
340 261 10
340 262 10
340 263 10
340 264 10
340 266 10
340 268 10
340 270 10
340 271 10
340 280 10
340 290 10
340 292 10
340 294 10
340 299 10
340 307 10
340 309 10
340 310 10
340 312 10
340 318 10
340 321 10
340 322 10
340 323 10
340 324 10
340 330 10
340 332 10
340 334 10
340 335 10
340 336 10
340 337 10
340 339 10
340 340 10
340 341 10
340 343 10
340 345 10
340 353 10
340 354 10
340 356 10
340 357 10
340 359 10
340 362 10
340 366 10
340 378 10
340 385 10
340 400 10
340 403 10
340 406 10
340 407 10
340 409 10
340 413 10
340 415 10
340 416 10
340 417 10
340 421 10
340 422 10
340 425 10
340 428 10
340 436 10
340 437 10
340 442 10
340 452 10
340 453 10
340 454 10
340 455 10
340 456 10
340 457 10
340 462 10
340 464 10
340 475 10
340 486 10
340 488 10
340 492 10
340 496 10
340 497 10
340 498 10
340 500 10
340 501 10
340 509 10
340 510 10
340 514 10
340 515 10
340 516 10
340 517 10
340 518 10
340 519 10
340 520 10
340 523 10
340 525 10
340 526 10
340 527 10
340 528 10
340 529 10
340 530 10
340 531 10
340 532 10
340 533 10
340 534 10
340 535 10
340 539 10
340 540 10
340 541 10
340 555 10
340 556 10
340 558 10
340 559 10
340 562 10
340 563 10
340 564 10
340 566 10
340 569 10
340 573 10
340 576 10
340 579 10
340 583 10
340 590 10
340 593 10
340 597 10
340 598 10
340 599 10
340 601 10
340 602 10
340 603 10
340 604 10
340 605 10
340 606 10
340 608 10
340 609 10
340 611 10
340 615 10
340 616 10
340 621 10
340 624 10
340 625 10
340 626 10
340 627 10
340 628 10
340 629 10
340 631 10
340 632 10
340 637 10
340 638 10
340 640 10
340 641 10
340 644 10
340 645 10
340 648 10
340 654 10
340 655 10
340 661 10
340 664 10
340 667 10
340 683 10
340 710 10
340 716 10
340 717 10
340 720 10
340 721 10
340 740 10
340 741 10
340 744 10
340 745 10
341 255 10
341 257 10
341 258 10
341 259 10
341 261 10
341 264 10
341 268 10
341 269 10
341 272 10
341 285 10
341 297 10
341 307 10
341 309 10
341 315 10
341 319 10
341 323 10
341 326 10
341 327 10
341 329 10
341 330 10
341 331 10
341 332 10
341 333 10
341 334 10
341 335 10
341 336 10
341 337 10
341 338 10
341 341 10
341 342 10
341 344 10
341 346 10
341 349 10
341 350 10
341 351 10
341 352 10
341 357 10
341 359 10
341 369 10
341 379 10
341 393 10
341 395 10
341 401 10
341 404 10
341 406 10
341 412 10
341 413 10
341 415 10
341 416 10
341 418 10
341 420 10
341 422 10
341 425 10
341 427 10
341 436 10
341 437 10
341 438 10
341 439 10
341 442 10
341 456 10
341 458 10
341 475 10
341 484 10
341 487 10
341 490 10
341 492 10
341 494 10
341 498 10
341 500 10
341 502 10
341 503 10
341 506 10
341 507 10
341 508 10
341 510 10
341 511 10
341 512 10
341 513 10
341 516 10
341 518 10
341 519 10
341 521 10
341 522 10
341 525 10
341 526 10
341 528 10
341 530 10
341 531 10
341 532 10
341 533 10
341 535 10
341 537 10
341 538 10
341 541 10
341 542 10
341 544 10
341 549 10
341 555 10
341 559 10
341 561 10
341 567 10
341 568 10
341 569 10
341 570 10
341 578 10
341 579 10
341 581 10
341 582 10
341 583 10
341 585 10
341 586 10
341 589 10
341 591 10
341 592 10
341 593 10
341 595 10
341 597 10
341 599 10
341 600 10
341 602 10
341 603 10
341 604 10
341 605 10
341 606 10
341 608 10
341 609 10
341 610 10
341 620 10
341 624 10
341 625 10
341 626 10
341 627 10
341 628 10
341 629 10
341 630 10
341 631 10
341 639 10
341 640 10
341 641 10
341 643 10
341 644 10
341 646 10
341 662 10
341 683 10
341 695 10
341 696 10
341 697 10
341 715 10
341 716 10
341 719 10
341 720 10
341 722 10
342 258 10
342 259 10
342 260 10
342 261 10
342 262 10
342 263 10
342 265 10
342 267 10
342 270 10
342 272 10
342 278 10
342 279 10
342 283 10
342 286 10
342 287 10
342 288 10
342 291 10
342 309 10
342 322 10
342 323 10
342 325 10
342 326 10
342 327 10
342 328 10
342 330 10
342 332 10
342 333 10
342 336 10
342 337 10
342 340 10
342 342 10
342 345 10
342 348 10
342 349 10
342 350 10
342 354 10
342 355 10
342 359 10
342 364 10
342 376 10
342 380 10
342 394 10
342 397 10
342 399 10
342 403 10
342 404 10
342 405 10
342 406 10
342 408 10
342 412 10
342 414 10
342 415 10
342 418 10
342 420 10
342 424 10
342 430 10
342 434 10
342 435 10
342 436 10
342 437 10
342 439 10
342 441 10
342 442 10
342 452 10
342 454 10
342 455 10
342 457 10
342 458 10
342 459 10
342 462 10
342 465 10
342 477 10
342 478 10
342 481 10
342 484 10
342 488 10
342 489 10
342 490 10
342 491 10
342 497 10
342 499 10
342 501 10
342 503 10
342 504 10
342 508 10
342 509 10
342 511 10
342 514 10
342 515 10
342 519 10
342 520 10
342 522 10
342 524 10
342 525 10
342 526 10
342 527 10
342 528 10
342 529 10
342 530 10
342 531 10
342 533 10
342 538 10
342 540 10
342 561 10
342 576 10
342 579 10
342 581 10
342 582 10
342 587 10
342 590 10
342 591 10
342 592 10
342 593 10
342 596 10
342 598 10
342 600 10
342 602 10
342 603 10
342 604 10
342 605 10
342 607 10
342 613 10
342 617 10
342 618 10
342 622 10
342 623 10
342 627 10
342 628 10
342 629 10
342 630 10
342 631 10
342 632 10
342 634 10
342 637 10
342 638 10
342 639 10
342 640 10
342 642 10
342 643 10
342 654 10
342 655 10
342 657 10
342 662 10
342 697 10
342 698 10
342 706 10
342 715 10
342 716 10
342 717 10
342 722 10
342 729 10
343 255 10
343 257 10
343 258 10
343 259 10
343 270 10
343 272 10
343 274 10
343 279 10
343 280 10
343 284 10
343 286 10
343 287 10
343 288 10
343 289 10
343 290 10
343 291 10
343 293 10
343 294 10
343 306 10
343 308 10
343 310 10
343 312 10
343 313 10
343 315 10
343 318 10
343 321 10
343 322 10
343 323 10
343 325 10
343 326 10
343 327 10
343 328 10
343 330 10
343 331 10
343 332 10
343 334 10
343 335 10
343 338 10
343 339 10
343 340 10
343 341 10
343 342 10
343 343 10
343 344 10
343 346 10
343 347 10
343 350 10
343 352 10
343 353 10
343 355 10
343 356 10
343 357 10
343 362 10
343 364 10
343 365 10
343 392 10
343 394 10
343 396 10
343 398 10
343 399 10
343 403 10
343 404 10
343 405 10
343 406 10
343 420 10
343 421 10
343 423 10
343 426 10
343 430 10
343 435 10
343 436 10
343 437 10
343 438 10
343 439 10
343 440 10
343 442 10
343 443 10
343 449 10
343 451 10
343 452 10
343 454 10
343 456 10
343 458 10
343 459 10
343 460 10
343 461 10
343 462 10
343 465 10
343 469 10
343 471 10
343 475 10
343 476 10
343 477 10
343 481 10
343 482 10
343 483 10
343 484 10
343 485 10
343 486 10
343 487 10
343 488 10
343 490 10
343 492 10
343 495 10
343 497 10
343 507 10
343 508 10
343 509 10
343 510 10
343 511 10
343 513 10
343 514 10
343 515 10
343 516 10
343 520 10
343 521 10
343 523 10
343 524 10
343 526 10
343 527 10
343 528 10
343 529 10
343 530 10
343 531 10
343 533 10
343 534 10
343 535 10
343 536 10
343 537 10
343 539 10
343 554 10
343 569 10
343 570 10
343 571 10
343 574 10
343 576 10
343 579 10
343 583 10
343 586 10
343 588 10
343 589 10
343 592 10
343 597 10
343 598 10
343 600 10
343 601 10
343 603 10
343 604 10
343 605 10
343 608 10
343 611 10
343 612 10
343 615 10
343 620 10
343 622 10
343 624 10
343 627 10
343 628 10
343 629 10
343 630 10
343 632 10
343 634 10
343 637 10
343 639 10
343 640 10
343 641 10
343 642 10
343 645 10
343 649 10
343 650 10
343 665 10
343 682 10
343 696 10
343 698 10
343 701 10
343 704 10
343 710 10
343 711 10
343 712 10
343 713 10
343 714 10
343 715 10
343 716 10
343 718 10
343 741 10
344 255 10
344 260 10
344 262 10
344 263 10
344 266 10
344 270 10
344 273 10
344 274 10
344 275 10
344 279 10
344 280 10
344 281 10
344 283 10
344 285 10
344 287 10
344 289 10
344 293 10
344 295 10
344 296 10
344 307 10
344 308 10
344 310 10
344 312 10
344 314 10
344 316 10
344 318 10
344 319 10
344 320 10
344 322 10
344 325 10
344 326 10
344 327 10
344 328 10
344 329 10
344 330 10
344 332 10
344 333 10
344 334 10
344 335 10
344 336 10
344 337 10
344 339 10
344 345 10
344 346 10
344 348 10
344 351 10
344 353 10
344 354 10
344 358 10
344 359 10
344 360 10
344 361 10
344 363 10
344 364 10
344 367 10
344 369 10
344 371 10
344 373 10
344 390 10
344 391 10
344 393 10
344 394 10
344 395 10
344 396 10
344 397 10
344 399 10
344 400 10
344 401 10
344 402 10
344 415 10
344 416 10
344 418 10
344 419 10
344 420 10
344 423 10
344 425 10
344 429 10
344 432 10
344 433 10
344 434 10
344 435 10
344 437 10
344 438 10
344 439 10
344 443 10
344 452 10
344 454 10
344 455 10
344 456 10
344 457 10
344 458 10
344 459 10
344 462 10
344 465 10
344 466 10
344 467 10
344 470 10
344 471 10
344 473 10
344 475 10
344 478 10
344 479 10
344 482 10
344 484 10
344 486 10
344 487 10
344 488 10
344 489 10
344 490 10
344 492 10
344 493 10
344 494 10
344 496 10
344 498 10
344 500 10
344 509 10
344 511 10
344 512 10
344 513 10
344 514 10
344 523 10
344 524 10
344 527 10
344 530 10
344 531 10
344 533 10
344 534 10
344 535 10
344 537 10
344 539 10
344 541 10
344 542 10
344 553 10
344 554 10
344 570 10
344 574 10
344 576 10
344 579 10
344 581 10
344 582 10
344 583 10
344 585 10
344 588 10
344 589 10
344 590 10
344 591 10
344 596 10
344 598 10
344 599 10
344 602 10
344 603 10
344 607 10
344 609 10
344 611 10
344 612 10
344 613 10
344 615 10
344 619 10
344 621 10
344 622 10
344 623 10
344 624 10
344 627 10
344 629 10
344 632 10
344 636 10
344 637 10
344 639 10
344 640 10
344 642 10
344 643 10
344 644 10
344 645 10
344 665 10
344 674 10
344 677 10
344 689 10
344 691 10
344 697 10
344 700 10
344 702 10
344 706 10
344 708 10
344 711 10
344 712 10
344 715 10
344 717 10
344 718 10
344 719 10
344 723 10
345 258 10
345 265 10
345 267 10
345 268 10
345 271 10
345 275 10
345 280 10
345 287 10
345 290 10
345 291 10
345 294 10
345 295 10
345 296 10
345 303 10
345 306 10
345 311 10
345 316 10
345 318 10
345 319 10
345 320 10
345 321 10
345 322 10
345 323 10
345 325 10
345 326 10
345 327 10
345 328 10
345 331 10
345 332 10
345 335 10
345 337 10
345 339 10
345 340 10
345 342 10
345 343 10
345 345 10
345 346 10
345 347 10
345 348 10
345 351 10
345 354 10
345 356 10
345 361 10
345 362 10
345 373 10
345 375 10
345 392 10
345 393 10
345 396 10
345 397 10
345 398 10
345 403 10
345 404 10
345 414 10
345 415 10
345 416 10
345 418 10
345 419 10
345 420 10
345 422 10
345 427 10
345 428 10
345 431 10
345 432 10
345 433 10
345 434 10
345 436 10
345 438 10
345 440 10
345 441 10
345 442 10
345 452 10
345 453 10
345 454 10
345 455 10
345 457 10
345 461 10
345 462 10
345 463 10
345 464 10
345 466 10
345 470 10
345 472 10
345 474 10
345 475 10
345 476 10
345 479 10
345 480 10
345 482 10
345 483 10
345 484 10
345 486 10
345 487 10
345 488 10
345 489 10
345 490 10
345 492 10
345 496 10
345 498 10
345 504 10
345 506 10
345 511 10
345 513 10
345 514 10
345 517 10
345 518 10
345 519 10
345 520 10
345 522 10
345 523 10
345 525 10
345 526 10
345 530 10
345 533 10
345 534 10
345 553 10
345 554 10
345 555 10
345 556 10
345 569 10
345 571 10
345 576 10
345 577 10
345 586 10
345 587 10
345 588 10
345 589 10
345 594 10
345 596 10
345 597 10
345 598 10
345 602 10
345 603 10
345 605 10
345 607 10
345 608 10
345 609 10
345 614 10
345 615 10
345 616 10
345 621 10
345 622 10
345 623 10
345 624 10
345 630 10
345 632 10
345 634 10
345 635 10
345 636 10
345 639 10
345 640 10
345 642 10
345 643 10
345 644 10
345 646 10
345 653 10
345 656 10
345 658 10
345 660 10
345 661 10
345 664 10
345 674 10
345 691 10
345 692 10
345 693 10
345 698 10
345 701 10
345 702 10
345 708 10
345 709 10
345 712 10
345 713 10
345 715 10
345 719 10
345 720 10
345 721 10
345 723 10
345 724 10
345 726 10
346 256 10
346 263 10
346 270 10
346 271 10
346 272 10
346 273 10
346 276 10
346 285 10
346 286 10
346 287 10
346 292 10
346 295 10
346 296 10
346 297 10
346 298 10
346 301 10
346 303 10
346 304 10
346 317 10
346 319 10
346 320 10
346 321 10
346 322 10
346 323 10
346 324 10
346 325 10
346 326 10
346 327 10
346 328 10
346 330 10
346 331 10
346 333 10
346 336 10
346 337 10
346 339 10
346 340 10
346 342 10
346 344 10
346 347 10
346 349 10
346 354 10
346 356 10
346 358 10
346 359 10
346 361 10
346 362 10
346 364 10
346 365 10
346 367 10
346 373 10
346 386 10
346 388 10
346 390 10
346 391 10
346 393 10
346 394 10
346 395 10
346 401 10
346 403 10
346 406 10
346 409 10
346 411 10
346 415 10
346 418 10
346 419 10
346 420 10
346 421 10
346 422 10
346 423 10
346 427 10
346 428 10
346 429 10
346 430 10
346 434 10
346 436 10
346 437 10
346 439 10
346 440 10
346 441 10
346 450 10
346 454 10
346 455 10
346 458 10
346 459 10
346 461 10
346 462 10
346 463 10
346 464 10
346 465 10
346 466 10
346 467 10
346 474 10
346 476 10
346 477 10
346 479 10
346 481 10
346 484 10
346 486 10
346 487 10
346 489 10
346 490 10
346 491 10
346 493 10
346 495 10
346 498 10
346 499 10
346 507 10
346 512 10
346 515 10
346 517 10
346 527 10
346 528 10
346 533 10
346 534 10
346 542 10
346 564 10
346 566 10
346 571 10
346 575 10
346 578 10
346 581 10
346 582 10
346 584 10
346 585 10
346 586 10
346 588 10
346 589 10
346 590 10
346 591 10
346 598 10
346 599 10
346 602 10
346 603 10
346 604 10
346 605 10
346 607 10
346 612 10
346 613 10
346 614 10
346 615 10
346 616 10
346 620 10
346 625 10
346 629 10
346 630 10
346 631 10
346 632 10
346 633 10
346 634 10
346 636 10
346 637 10
346 639 10
346 640 10
346 657 10
346 660 10
346 663 10
346 675 10
346 681 10
346 693 10
346 694 10
346 695 10
346 707 10
346 708 10
346 709 10
346 710 10
346 711 10
346 712 10
346 715 10
346 716 10
346 717 10
346 718 10
346 723 10
346 724 10
346 726 10
346 728 10
347 258 10
347 263 10
347 271 10
347 272 10
347 274 10
347 280 10
347 281 10
347 290 10
347 291 10
347 292 10
347 294 10
347 296 10
347 297 10
347 300 10
347 301 10
347 302 10
347 310 10
347 317 10
347 318 10
347 320 10
347 321 10
347 322 10
347 323 10
347 324 10
347 327 10
347 329 10
347 333 10
347 335 10
347 336 10
347 337 10
347 341 10
347 343 10
347 345 10
347 346 10
347 347 10
347 349 10
347 350 10
347 358 10
347 359 10
347 360 10
347 361 10
347 362 10
347 363 10
347 364 10
347 367 10
347 368 10
347 369 10
347 389 10
347 390 10
347 392 10
347 396 10
347 397 10
347 398 10
347 399 10
347 400 10
347 401 10
347 405 10
347 408 10
347 409 10
347 411 10
347 412 10
347 413 10
347 414 10
347 416 10
347 417 10
347 418 10
347 423 10
347 424 10
347 426 10
347 430 10
347 432 10
347 433 10
347 434 10
347 435 10
347 436 10
347 437 10
347 438 10
347 439 10
347 444 10
347 452 10
347 453 10
347 455 10
347 457 10
347 460 10
347 461 10
347 464 10
347 466 10
347 467 10
347 470 10
347 471 10
347 472 10
347 473 10
347 475 10
347 476 10
347 479 10
347 480 10
347 483 10
347 484 10
347 485 10
347 486 10
347 487 10
347 489 10
347 493 10
347 498 10
347 506 10
347 508 10
347 509 10
347 510 10
347 511 10
347 513 10
347 514 10
347 516 10
347 517 10
347 520 10
347 521 10
347 522 10
347 523 10
347 524 10
347 525 10
347 530 10
347 532 10
347 546 10
347 561 10
347 569 10
347 571 10
347 580 10
347 582 10
347 583 10
347 584 10
347 586 10
347 588 10
347 590 10
347 591 10
347 602 10
347 604 10
347 607 10
347 608 10
347 609 10
347 612 10
347 615 10
347 616 10
347 617 10
347 619 10
347 622 10
347 624 10
347 637 10
347 639 10
347 641 10
347 643 10
347 644 10
347 645 10
347 651 10
347 670 10
347 676 10
347 681 10
347 691 10
347 694 10
347 699 10
347 706 10
347 708 10
347 712 10
347 713 10
347 714 10
347 715 10
347 716 10
347 717 10
347 720 10
348 272 10
348 273 10
348 274 10
348 279 10
348 282 10
348 284 10
348 286 10
348 287 10
348 289 10
348 290 10
348 291 10
348 292 10
348 298 10
348 302 10
348 307 10
348 317 10
348 319 10
348 320 10
348 321 10
348 323 10
348 324 10
348 325 10
348 326 10
348 328 10
348 329 10
348 330 10
348 334 10
348 338 10
348 339 10
348 341 10
348 342 10
348 343 10
348 344 10
348 346 10
348 350 10
348 354 10
348 356 10
348 358 10
348 359 10
348 360 10
348 362 10
348 363 10
348 364 10
348 367 10
348 368 10
348 370 10
348 375 10
348 390 10
348 393 10
348 397 10
348 399 10
348 401 10
348 408 10
348 411 10
348 412 10
348 414 10
348 417 10
348 427 10
348 429 10
348 433 10
348 435 10
348 437 10
348 439 10
348 440 10
348 441 10
348 443 10
348 450 10
348 455 10
348 456 10
348 457 10
348 458 10
348 460 10
348 463 10
348 464 10
348 468 10
348 470 10
348 472 10
348 475 10
348 476 10
348 477 10
348 480 10
348 481 10
348 482 10
348 483 10
348 484 10
348 485 10
348 486 10
348 488 10
348 490 10
348 492 10
348 493 10
348 495 10
348 498 10
348 499 10
348 500 10
348 501 10
348 511 10
348 512 10
348 514 10
348 515 10
348 518 10
348 520 10
348 521 10
348 522 10
348 523 10
348 526 10
348 527 10
348 531 10
348 536 10
348 551 10
348 566 10
348 567 10
348 577 10
348 578 10
348 580 10
348 582 10
348 584 10
348 586 10
348 587 10
348 588 10
348 600 10
348 601 10
348 602 10
348 603 10
348 604 10
348 605 10
348 606 10
348 607 10
348 608 10
348 610 10
348 613 10
348 614 10
348 615 10
348 617 10
348 619 10
348 621 10
348 624 10
348 625 10
348 626 10
348 627 10
348 629 10
348 632 10
348 633 10
348 637 10
348 641 10
348 644 10
348 670 10
348 673 10
348 682 10
348 684 10
348 690 10
348 691 10
348 692 10
348 693 10
348 696 10
348 697 10
348 699 10
348 704 10
348 708 10
348 709 10
348 710 10
348 711 10
348 712 10
348 714 10
348 715 10
348 716 10
348 718 10
348 720 10
348 722 10
348 723 10
349 263 10
349 265 10
349 270 10
349 271 10
349 272 10
349 274 10
349 280 10
349 284 10
349 285 10
349 286 10
349 287 10
349 288 10
349 289 10
349 292 10
349 293 10
349 295 10
349 296 10
349 300 10
349 308 10
349 311 10
349 313 10
349 314 10
349 315 10
349 318 10
349 319 10
349 320 10
349 321 10
349 322 10
349 325 10
349 327 10
349 328 10
349 331 10
349 332 10
349 334 10
349 335 10
349 336 10
349 337 10
349 339 10
349 341 10
349 342 10
349 344 10
349 345 10
349 346 10
349 347 10
349 349 10
349 351 10
349 355 10
349 357 10
349 358 10
349 361 10
349 363 10
349 365 10
349 367 10
349 371 10
349 381 10
349 393 10
349 396 10
349 397 10
349 399 10
349 406 10
349 407 10
349 418 10
349 422 10
349 423 10
349 431 10
349 432 10
349 437 10
349 438 10
349 440 10
349 441 10
349 453 10
349 456 10
349 458 10
349 460 10
349 464 10
349 467 10
349 468 10
349 471 10
349 475 10
349 476 10
349 477 10
349 478 10
349 479 10
349 481 10
349 482 10
349 483 10
349 484 10
349 485 10
349 486 10
349 487 10
349 493 10
349 496 10
349 497 10
349 498 10
349 499 10
349 502 10
349 504 10
349 505 10
349 507 10
349 508 10
349 509 10
349 511 10
349 512 10
349 513 10
349 514 10
349 515 10
349 516 10
349 517 10
349 518 10
349 519 10
349 521 10
349 523 10
349 524 10
349 525 10
349 526 10
349 540 10
349 545 10
349 550 10
349 563 10
349 564 10
349 565 10
349 569 10
349 577 10
349 580 10
349 581 10
349 584 10
349 587 10
349 589 10
349 592 10
349 598 10
349 600 10
349 602 10
349 604 10
349 605 10
349 606 10
349 607 10
349 608 10
349 610 10
349 612 10
349 614 10
349 615 10
349 616 10
349 618 10
349 620 10
349 621 10
349 624 10
349 626 10
349 627 10
349 632 10
349 633 10
349 634 10
349 635 10
349 638 10
349 640 10
349 644 10
349 651 10
349 668 10
349 672 10
349 682 10
349 683 10
349 684 10
349 686 10
349 687 10
349 689 10
349 692 10
349 693 10
349 694 10
349 695 10
349 697 10
349 699 10
349 706 10
349 708 10
349 709 10
349 710 10
349 712 10
349 713 10
349 714 10
349 715 10
349 719 10
349 720 10
349 721 10
350 263 10
350 264 10
350 265 10
350 293 10
350 298 10
350 299 10
350 300 10
350 302 10
350 303 10
350 304 10
350 305 10
350 310 10
350 315 10
350 318 10
350 321 10
350 324 10
350 326 10
350 327 10
350 328 10
350 329 10
350 330 10
350 332 10
350 334 10
350 335 10
350 337 10
350 338 10
350 339 10
350 340 10
350 341 10
350 342 10
350 343 10
350 345 10
350 347 10
350 352 10
350 353 10
350 357 10
350 359 10
350 362 10
350 364 10
350 365 10
350 367 10
350 371 10
350 372 10
350 373 10
350 375 10
350 378 10
350 379 10
350 390 10
350 392 10
350 393 10
350 399 10
350 401 10
350 405 10
350 414 10
350 415 10
350 416 10
350 422 10
350 424 10
350 428 10
350 432 10
350 434 10
350 436 10
350 437 10
350 438 10
350 442 10
350 443 10
350 444 10
350 449 10
350 452 10
350 454 10
350 456 10
350 457 10
350 460 10
350 461 10
350 465 10
350 468 10
350 469 10
350 470 10
350 471 10
350 473 10
350 474 10
350 475 10
350 476 10
350 482 10
350 483 10
350 485 10
350 491 10
350 497 10
350 498 10
350 503 10
350 504 10
350 509 10
350 512 10
350 513 10
350 514 10
350 516 10
350 519 10
350 520 10
350 522 10
350 524 10
350 525 10
350 526 10
350 527 10
350 529 10
350 531 10
350 539 10
350 548 10
350 551 10
350 562 10
350 570 10
350 586 10
350 591 10
350 594 10
350 599 10
350 601 10
350 602 10
350 603 10
350 604 10
350 605 10
350 606 10
350 607 10
350 608 10
350 610 10
350 611 10
350 614 10
350 616 10
350 617 10
350 621 10
350 622 10
350 624 10
350 626 10
350 627 10
350 628 10
350 629 10
350 630 10
350 631 10
350 632 10
350 637 10
350 640 10
350 644 10
350 646 10
350 647 10
350 650 10
350 652 10
350 669 10
350 671 10
350 672 10
350 677 10
350 681 10
350 683 10
350 684 10
350 689 10
350 693 10
350 695 10
350 697 10
350 699 10
350 700 10
350 702 10
350 704 10
350 708 10
350 710 10
350 711 10
350 712 10
350 713 10
350 715 10
350 716 10
350 718 10
350 719 10
351 258 10
351 264 10
351 265 10
351 270 10
351 273 10
351 280 10
351 287 10
351 288 10
351 289 10
351 290 10
351 298 10
351 302 10
351 303 10
351 310 10
351 311 10
351 316 10
351 319 10
351 320 10
351 328 10
351 329 10
351 331 10
351 332 10
351 336 10
351 337 10
351 340 10
351 342 10
351 346 10
351 351 10
351 355 10
351 356 10
351 358 10
351 359 10
351 360 10
351 368 10
351 370 10
351 371 10
351 372 10
351 373 10
351 383 10
351 384 10
351 389 10
351 390 10
351 393 10
351 395 10
351 396 10
351 398 10
351 408 10
351 412 10
351 417 10
351 420 10
351 421 10
351 422 10
351 423 10
351 432 10
351 433 10
351 434 10
351 437 10
351 440 10
351 441 10
351 442 10
351 445 10
351 447 10
351 450 10
351 453 10
351 454 10
351 457 10
351 463 10
351 464 10
351 465 10
351 469 10
351 470 10
351 471 10
351 473 10
351 474 10
351 476 10
351 477 10
351 481 10
351 483 10
351 484 10
351 485 10
351 486 10
351 488 10
351 494 10
351 496 10
351 497 10
351 498 10
351 501 10
351 504 10
351 506 10
351 509 10
351 510 10
351 511 10
351 514 10
351 515 10
351 517 10
351 520 10
351 521 10
351 522 10
351 523 10
351 524 10
351 525 10
351 526 10
351 527 10
351 528 10
351 532 10
351 541 10
351 545 10
351 546 10
351 547 10
351 552 10
351 562 10
351 567 10
351 573 10
351 582 10
351 585 10
351 587 10
351 588 10
351 590 10
351 592 10
351 593 10
351 599 10
351 601 10
351 602 10
351 604 10
351 606 10
351 607 10
351 609 10
351 610 10
351 611 10
351 612 10
351 614 10
351 615 10
351 618 10
351 620 10
351 621 10
351 622 10
351 623 10
351 624 10
351 626 10
351 628 10
351 631 10
351 636 10
351 638 10
351 639 10
351 641 10
351 652 10
351 669 10
351 670 10
351 672 10
351 673 10
351 675 10
351 678 10
351 681 10
351 682 10
351 683 10
351 685 10
351 686 10
351 693 10
351 694 10
351 696 10
351 698 10
351 704 10
351 705 10
351 706 10
351 709 10
351 710 10
351 711 10
351 712 10
351 713 10
351 714 10
351 715 10
351 718 10
352 256 10
352 278 10
352 280 10
352 281 10
352 283 10
352 288 10
352 289 10
352 292 10
352 296 10
352 299 10
352 304 10
352 305 10
352 307 10
352 314 10
352 316 10
352 318 10
352 320 10
352 325 10
352 326 10
352 327 10
352 330 10
352 331 10
352 332 10
352 337 10
352 340 10
352 341 10
352 342 10
352 343 10
352 344 10
352 345 10
352 346 10
352 348 10
352 349 10
352 351 10
352 352 10
352 353 10
352 354 10
352 355 10
352 356 10
352 358 10
352 360 10
352 363 10
352 364 10
352 366 10
352 368 10
352 372 10
352 382 10
352 389 10
352 394 10
352 396 10
352 397 10
352 413 10
352 417 10
352 419 10
352 422 10
352 423 10
352 425 10
352 428 10
352 431 10
352 432 10
352 434 10
352 436 10
352 438 10
352 439 10
352 443 10
352 447 10
352 448 10
352 449 10
352 453 10
352 455 10
352 461 10
352 471 10
352 472 10
352 476 10
352 479 10
352 480 10
352 481 10
352 484 10
352 485 10
352 487 10
352 488 10
352 489 10
352 494 10
352 498 10
352 499 10
352 500 10
352 506 10
352 512 10
352 517 10
352 518 10
352 520 10
352 522 10
352 523 10
352 524 10
352 525 10
352 526 10
352 527 10
352 528 10
352 529 10
352 530 10
352 531 10
352 533 10
352 535 10
352 547 10
352 548 10
352 550 10
352 565 10
352 569 10
352 570 10
352 576 10
352 577 10
352 579 10
352 581 10
352 582 10
352 589 10
352 590 10
352 591 10
352 594 10
352 597 10
352 598 10
352 599 10
352 600 10
352 602 10
352 604 10
352 605 10
352 606 10
352 607 10
352 611 10
352 612 10
352 614 10
352 615 10
352 617 10
352 618 10
352 622 10
352 623 10
352 624 10
352 626 10
352 630 10
352 632 10
352 639 10
352 641 10
352 642 10
352 646 10
352 650 10
352 651 10
352 665 10
352 669 10
352 670 10
352 671 10
352 673 10
352 675 10
352 676 10
352 682 10
352 683 10
352 684 10
352 685 10
352 686 10
352 692 10
352 693 10
352 706 10
352 710 10
352 711 10
352 712 10
352 713 10
352 714 10
352 715 10
352 716 10
352 718 10
352 722 10
352 726 10
352 758 10
352 760 10
353 256 10
353 259 10
353 263 10
353 264 10
353 266 10
353 270 10
353 272 10
353 277 10
353 278 10
353 280 10
353 285 10
353 287 10
353 289 10
353 296 10
353 300 10
353 301 10
353 303 10
353 310 10
353 319 10
353 325 10
353 326 10
353 327 10
353 328 10
353 329 10
353 330 10
353 332 10
353 333 10
353 336 10
353 337 10
353 339 10
353 340 10
353 342 10
353 343 10
353 344 10
353 345 10
353 346 10
353 350 10
353 351 10
353 353 10
353 354 10
353 361 10
353 363 10
353 364 10
353 366 10
353 368 10
353 371 10
353 375 10
353 377 10
353 382 10
353 385 10
353 386 10
353 388 10
353 389 10
353 390 10
353 391 10
353 393 10
353 394 10
353 396 10
353 398 10
353 400 10
353 413 10
353 414 10
353 415 10
353 422 10
353 430 10
353 431 10
353 436 10
353 438 10
353 439 10
353 440 10
353 442 10
353 443 10
353 445 10
353 448 10
353 449 10
353 450 10
353 451 10
353 467 10
353 470 10
353 472 10
353 473 10
353 474 10
353 477 10
353 478 10
353 479 10
353 481 10
353 482 10
353 483 10
353 484 10
353 486 10
353 487 10
353 489 10
353 490 10
353 495 10
353 497 10
353 498 10
353 501 10
353 502 10
353 504 10
353 505 10
353 506 10
353 507 10
353 510 10
353 511 10
353 513 10
353 514 10
353 516 10
353 517 10
353 519 10
353 521 10
353 523 10
353 525 10
353 526 10
353 527 10
353 528 10
353 529 10
353 530 10
353 531 10
353 548 10
353 563 10
353 574 10
353 580 10
353 583 10
353 584 10
353 586 10
353 587 10
353 588 10
353 594 10
353 599 10
353 601 10
353 602 10
353 603 10
353 607 10
353 608 10
353 610 10
353 612 10
353 613 10
353 614 10
353 615 10
353 616 10
353 617 10
353 618 10
353 620 10
353 625 10
353 626 10
353 627 10
353 630 10
353 631 10
353 634 10
353 636 10
353 639 10
353 640 10
353 642 10
353 645 10
353 647 10
353 652 10
353 666 10
353 667 10
353 668 10
353 673 10
353 674 10
353 676 10
353 677 10
353 679 10
353 684 10
353 686 10
353 693 10
353 710 10
353 711 10
353 712 10
353 713 10
353 714 10
353 715 10
353 716 10
353 723 10
353 724 10
353 725 10
354 257 10
354 263 10
354 266 10
354 267 10
354 270 10
354 272 10
354 278 10
354 279 10
354 281 10
354 282 10
354 285 10
354 289 10
354 290 10
354 291 10
354 300 10
354 302 10
354 303 10
354 314 10
354 316 10
354 317 10
354 326 10
354 327 10
354 329 10
354 330 10
354 333 10
354 334 10
354 338 10
354 340 10
354 341 10
354 342 10
354 345 10
354 346 10
354 347 10
354 350 10
354 354 10
354 357 10
354 358 10
354 359 10
354 360 10
354 361 10
354 363 10
354 366 10
354 367 10
354 368 10
354 376 10
354 390 10
354 393 10
354 399 10
354 402 10
354 418 10
354 419 10
354 431 10
354 437 10
354 438 10
354 440 10
354 441 10
354 442 10
354 443 10
354 445 10
354 447 10
354 450 10
354 451 10
354 455 10
354 457 10
354 473 10
354 476 10
354 478 10
354 484 10
354 489 10
354 495 10
354 497 10
354 499 10
354 500 10
354 502 10
354 504 10
354 508 10
354 509 10
354 510 10
354 516 10
354 517 10
354 519 10
354 521 10
354 522 10
354 523 10
354 525 10
354 526 10
354 527 10
354 528 10
354 529 10
354 532 10
354 539 10
354 545 10
354 546 10
354 552 10
354 556 10
354 575 10
354 578 10
354 580 10
354 581 10
354 583 10
354 586 10
354 590 10
354 592 10
354 594 10
354 595 10
354 598 10
354 600 10
354 601 10
354 602 10
354 603 10
354 604 10
354 605 10
354 606 10
354 607 10
354 608 10
354 609 10
354 610 10
354 611 10
354 612 10
354 613 10
354 614 10
354 615 10
354 617 10
354 618 10
354 620 10
354 623 10
354 624 10
354 626 10
354 628 10
354 629 10
354 630 10
354 634 10
354 640 10
354 648 10
354 658 10
354 666 10
354 667 10
354 670 10
354 673 10
354 678 10
354 680 10
354 685 10
354 697 10
354 698 10
354 707 10
354 708 10
354 710 10
354 711 10
354 712 10
354 713 10
354 714 10
354 715 10
354 721 10
354 732 10
354 733 10
354 744 10
354 750 10
354 751 10
355 255 10
355 258 10
355 259 10
355 260 10
355 264 10
355 266 10
355 273 10
355 276 10
355 277 10
355 278 10
355 279 10
355 280 10
355 284 10
355 287 10
355 289 10
355 290 10
355 291 10
355 296 10
355 301 10
355 309 10
355 312 10
355 324 10
355 325 10
355 327 10
355 329 10
355 330 10
355 333 10
355 334 10
355 335 10
355 336 10
355 339 10
355 342 10
355 344 10
355 345 10
355 346 10
355 351 10
355 352 10
355 356 10
355 360 10
355 363 10
355 366 10
355 368 10
355 373 10
355 375 10
355 377 10
355 378 10
355 379 10
355 381 10
355 386 10
355 387 10
355 388 10
355 389 10
355 390 10
355 391 10
355 402 10
355 414 10
355 415 10
355 416 10
355 417 10
355 418 10
355 419 10
355 422 10
355 423 10
355 425 10
355 427 10
355 430 10
355 431 10
355 434 10
355 435 10
355 436 10
355 438 10
355 441 10
355 443 10
355 445 10
355 446 10
355 447 10
355 448 10
355 450 10
355 453 10
355 469 10
355 474 10
355 476 10
355 479 10
355 480 10
355 483 10
355 485 10
355 486 10
355 487 10
355 488 10
355 494 10
355 495 10
355 502 10
355 504 10
355 511 10
355 513 10
355 515 10
355 519 10
355 521 10
355 523 10
355 526 10
355 527 10
355 528 10
355 529 10
355 562 10
355 563 10
355 564 10
355 566 10
355 568 10
355 569 10
355 575 10
355 577 10
355 579 10
355 580 10
355 581 10
355 582 10
355 584 10
355 586 10
355 587 10
355 592 10
355 593 10
355 594 10
355 595 10
355 597 10
355 599 10
355 601 10
355 604 10
355 605 10
355 607 10
355 608 10
355 609 10
355 610 10
355 612 10
355 613 10
355 614 10
355 615 10
355 616 10
355 617 10
355 618 10
355 619 10
355 624 10
355 626 10
355 627 10
355 628 10
355 629 10
355 634 10
355 636 10
355 638 10
355 639 10
355 640 10
355 641 10
355 642 10
355 643 10
355 645 10
355 646 10
355 667 10
355 669 10
355 670 10
355 672 10
355 680 10
355 681 10
355 682 10
355 685 10
355 689 10
355 691 10
355 693 10
355 705 10
355 707 10
355 708 10
355 709 10
355 711 10
355 712 10
355 713 10
355 714 10
355 715 10
355 716 10
355 717 10
355 720 10
355 721 10
355 723 10
355 724 10
355 726 10
355 743 10
355 750 10
355 751 10
355 758 10
356 260 10
356 262 10
356 263 10
356 264 10
356 265 10
356 267 10
356 274 10
356 279 10
356 281 10
356 282 10
356 286 10
356 291 10
356 296 10
356 297 10
356 298 10
356 299 10
356 301 10
356 302 10
356 307 10
356 309 10
356 315 10
356 323 10
356 327 10
356 329 10
356 330 10
356 331 10
356 332 10
356 334 10
356 335 10
356 338 10
356 339 10
356 341 10
356 342 10
356 343 10
356 344 10
356 345 10
356 348 10
356 353 10
356 354 10
356 358 10
356 359 10
356 360 10
356 363 10
356 364 10
356 365 10
356 367 10
356 368 10
356 369 10
356 370 10
356 372 10
356 374 10
356 376 10
356 378 10
356 379 10
356 380 10
356 384 10
356 392 10
356 399 10
356 400 10
356 401 10
356 415 10
356 418 10
356 421 10
356 422 10
356 423 10
356 429 10
356 431 10
356 436 10
356 437 10
356 441 10
356 448 10
356 449 10
356 450 10
356 452 10
356 472 10
356 473 10
356 478 10
356 484 10
356 493 10
356 494 10
356 496 10
356 497 10
356 500 10
356 502 10
356 504 10
356 511 10
356 514 10
356 515 10
356 517 10
356 518 10
356 521 10
356 522 10
356 523 10
356 525 10
356 527 10
356 528 10
356 529 10
356 561 10
356 567 10
356 569 10
356 574 10
356 583 10
356 584 10
356 586 10
356 589 10
356 591 10
356 596 10
356 597 10
356 599 10
356 603 10
356 604 10
356 605 10
356 606 10
356 608 10
356 609 10
356 610 10
356 612 10
356 614 10
356 615 10
356 616 10
356 617 10
356 618 10
356 620 10
356 624 10
356 625 10
356 627 10
356 628 10
356 629 10
356 630 10
356 632 10
356 635 10
356 640 10
356 643 10
356 644 10
356 647 10
356 648 10
356 651 10
356 654 10
356 655 10
356 656 10
356 659 10
356 660 10
356 662 10
356 663 10
356 665 10
356 666 10
356 667 10
356 668 10
356 669 10
356 670 10
356 671 10
356 672 10
356 674 10
356 675 10
356 677 10
356 681 10
356 682 10
356 687 10
356 688 10
356 696 10
356 705 10
356 707 10
356 711 10
356 712 10
356 713 10
356 714 10
356 716 10
356 722 10
356 727 10
356 734 10
356 735 10
356 747 10
356 748 10
356 749 10
356 752 10
356 757 10
356 759 10
356 760 10
357 269 10
357 271 10
357 273 10
357 274 10
357 275 10
357 281 10
357 286 10
357 297 10
357 298 10
357 299 10
357 300 10
357 315 10
357 322 10
357 325 10
357 329 10
357 330 10
357 332 10
357 333 10
357 334 10
357 335 10
357 340 10
357 341 10
357 345 10
357 346 10
357 347 10
357 348 10
357 349 10
357 350 10
357 351 10
357 352 10
357 353 10
357 356 10
357 357 10
357 359 10
357 360 10
357 361 10
357 362 10
357 363 10
357 365 10
357 370 10
357 372 10
357 373 10
357 375 10
357 376 10
357 377 10
357 378 10
357 387 10
357 417 10
357 420 10
357 421 10
357 424 10
357 425 10
357 426 10
357 427 10
357 430 10
357 437 10
357 441 10
357 442 10
357 443 10
357 447 10
357 450 10
357 454 10
357 482 10
357 484 10
357 485 10
357 493 10
357 500 10
357 501 10
357 503 10
357 506 10
357 507 10
357 513 10
357 516 10
357 517 10
357 518 10
357 519 10
357 520 10
357 521 10
357 522 10
357 524 10
357 526 10
357 527 10
357 528 10
357 539 10
357 548 10
357 557 10
357 562 10
357 563 10
357 564 10
357 565 10
357 566 10
357 568 10
357 569 10
357 571 10
357 572 10
357 573 10
357 578 10
357 580 10
357 582 10
357 583 10
357 590 10
357 591 10
357 593 10
357 594 10
357 597 10
357 599 10
357 602 10
357 603 10
357 604 10
357 608 10
357 610 10
357 611 10
357 613 10
357 615 10
357 616 10
357 617 10
357 620 10
357 622 10
357 625 10
357 626 10
357 627 10
357 628 10
357 631 10
357 634 10
357 639 10
357 641 10
357 642 10
357 646 10
357 647 10
357 650 10
357 651 10
357 652 10
357 653 10
357 654 10
357 655 10
357 657 10
357 662 10
357 665 10
357 666 10
357 669 10
357 670 10
357 671 10
357 674 10
357 676 10
357 677 10
357 678 10
357 679 10
357 680 10
357 687 10
357 688 10
357 692 10
357 693 10
357 695 10
357 696 10
357 697 10
357 706 10
357 707 10
357 709 10
357 714 10
357 716 10
357 722 10
357 723 10
357 724 10
357 726 10
357 728 10
357 731 10
357 732 10
357 750 10
357 755 10
357 761 10
357 762 10
358 262 10
358 265 10
358 271 10
358 273 10
358 274 10
358 276 10
358 278 10
358 279 10
358 280 10
358 284 10
358 295 10
358 297 10
358 298 10
358 299 10
358 300 10
358 301 10
358 304 10
358 313 10
358 315 10
358 322 10
358 326 10
358 328 10
358 330 10
358 336 10
358 337 10
358 338 10
358 339 10
358 341 10
358 342 10
358 344 10
358 345 10
358 346 10
358 347 10
358 348 10
358 352 10
358 362 10
358 365 10
358 368 10
358 369 10
358 371 10
358 373 10
358 375 10
358 379 10
358 401 10
358 403 10
358 416 10
358 417 10
358 421 10
358 423 10
358 424 10
358 427 10
358 428 10
358 431 10
358 432 10
358 437 10
358 440 10
358 445 10
358 447 10
358 474 10
358 490 10
358 495 10
358 501 10
358 505 10
358 508 10
358 509 10
358 512 10
358 514 10
358 517 10
358 519 10
358 520 10
358 521 10
358 523 10
358 524 10
358 536 10
358 538 10
358 540 10
358 541 10
358 542 10
358 552 10
358 556 10
358 559 10
358 561 10
358 570 10
358 571 10
358 581 10
358 583 10
358 594 10
358 595 10
358 596 10
358 597 10
358 599 10
358 604 10
358 606 10
358 609 10
358 611 10
358 613 10
358 615 10
358 616 10
358 618 10
358 619 10
358 622 10
358 624 10
358 626 10
358 627 10
358 628 10
358 629 10
358 630 10
358 631 10
358 633 10
358 636 10
358 637 10
358 638 10
358 639 10
358 640 10
358 641 10
358 642 10
358 644 10
358 645 10
358 646 10
358 649 10
358 650 10
358 653 10
358 655 10
358 656 10
358 659 10
358 663 10
358 664 10
358 666 10
358 667 10
358 668 10
358 671 10
358 672 10
358 673 10
358 677 10
358 678 10
358 681 10
358 682 10
358 683 10
358 685 10
358 687 10
358 688 10
358 689 10
358 690 10
358 694 10
358 698 10
358 700 10
358 703 10
358 704 10
358 709 10
358 711 10
358 712 10
358 713 10
358 714 10
358 715 10
358 716 10
358 724 10
358 725 10
358 728 10
358 729 10
358 731 10
358 734 10
358 735 10
358 745 10
358 747 10
358 749 10
358 752 10
358 753 10
358 755 10
358 757 10
358 758 10
358 764 10
359 262 10
359 267 10
359 274 10
359 275 10
359 276 10
359 277 10
359 279 10
359 280 10
359 282 10
359 292 10
359 296 10
359 297 10
359 298 10
359 299 10
359 300 10
359 302 10
359 303 10
359 305 10
359 315 10
359 317 10
359 320 10
359 324 10
359 334 10
359 336 10
359 339 10
359 340 10
359 341 10
359 343 10
359 344 10
359 345 10
359 346 10
359 347 10
359 348 10
359 349 10
359 351 10
359 356 10
359 357 10
359 358 10
359 361 10
359 364 10
359 365 10
359 368 10
359 369 10
359 370 10
359 371 10
359 372 10
359 386 10
359 388 10
359 401 10
359 412 10
359 414 10
359 416 10
359 417 10
359 419 10
359 421 10
359 423 10
359 424 10
359 425 10
359 426 10
359 428 10
359 429 10
359 433 10
359 435 10
359 438 10
359 441 10
359 442 10
359 444 10
359 445 10
359 449 10
359 450 10
359 451 10
359 453 10
359 490 10
359 497 10
359 501 10
359 510 10
359 511 10
359 513 10
359 516 10
359 518 10
359 519 10
359 521 10
359 522 10
359 523 10
359 524 10
359 525 10
359 526 10
359 527 10
359 529 10
359 533 10
359 539 10
359 540 10
359 541 10
359 559 10
359 560 10
359 563 10
359 567 10
359 574 10
359 583 10
359 584 10
359 588 10
359 591 10
359 592 10
359 593 10
359 594 10
359 595 10
359 606 10
359 610 10
359 611 10
359 613 10
359 617 10
359 618 10
359 619 10
359 621 10
359 625 10
359 627 10
359 628 10
359 629 10
359 630 10
359 631 10
359 632 10
359 633 10
359 637 10
359 639 10
359 644 10
359 647 10
359 648 10
359 652 10
359 653 10
359 655 10
359 656 10
359 657 10
359 664 10
359 665 10
359 666 10
359 667 10
359 668 10
359 670 10
359 671 10
359 672 10
359 674 10
359 679 10
359 681 10
359 687 10
359 690 10
359 693 10
359 694 10
359 699 10
359 701 10
359 702 10
359 703 10
359 704 10
359 705 10
359 706 10
359 708 10
359 710 10
359 713 10
359 714 10
359 716 10
359 720 10
359 723 10
359 726 10
359 727 10
359 729 10
359 735 10
359 741 10
359 744 10
359 747 10
359 748 10
359 749 10
359 750 10
359 753 10
359 754 10
359 757 10
359 759 10
359 762 10
359 764 10
360 281 10
360 290 10
360 296 10
360 297 10
360 298 10
360 299 10
360 300 10
360 301 10
360 304 10
360 308 10
360 313 10
360 324 10
360 327 10
360 329 10
360 337 10
360 341 10
360 342 10
360 343 10
360 345 10
360 346 10
360 347 10
360 354 10
360 356 10
360 357 10
360 358 10
360 363 10
360 366 10
360 367 10
360 373 10
360 374 10
360 375 10
360 376 10
360 377 10
360 380 10
360 385 10
360 386 10
360 387 10
360 392 10
360 393 10
360 412 10
360 420 10
360 421 10
360 422 10
360 426 10
360 427 10
360 429 10
360 431 10
360 433 10
360 435 10
360 436 10
360 437 10
360 441 10
360 442 10
360 443 10
360 449 10
360 450 10
360 452 10
360 453 10
360 459 10
360 461 10
360 481 10
360 484 10
360 488 10
360 502 10
360 503 10
360 504 10
360 505 10
360 507 10
360 513 10
360 515 10
360 517 10
360 519 10
360 522 10
360 524 10
360 529 10
360 531 10
360 538 10
360 556 10
360 557 10
360 566 10
360 569 10
360 572 10
360 588 10
360 594 10
360 595 10
360 597 10
360 616 10
360 621 10
360 626 10
360 627 10
360 628 10
360 629 10
360 630 10
360 638 10
360 639 10
360 640 10
360 641 10
360 642 10
360 645 10
360 646 10
360 647 10
360 648 10
360 649 10
360 652 10
360 659 10
360 660 10
360 663 10
360 667 10
360 668 10
360 670 10
360 671 10
360 672 10
360 674 10
360 677 10
360 678 10
360 681 10
360 690 10
360 694 10
360 695 10
360 702 10
360 704 10
360 708 10
360 710 10
360 712 10
360 714 10
360 715 10
360 716 10
360 722 10
360 723 10
360 724 10
360 726 10
360 727 10
360 729 10
360 736 10
360 741 10
360 743 10
360 745 10
360 746 10
360 747 10
360 751 10
360 753 10
360 756 10
360 758 10
360 761 10
360 767 10
361 267 10
361 269 10
361 275 10
361 277 10
361 278 10
361 280 10
361 289 10
361 293 10
361 294 10
361 295 10
361 298 10
361 299 10
361 300 10
361 301 10
361 302 10
361 311 10
361 323 10
361 325 10
361 327 10
361 329 10
361 331 10
361 334 10
361 336 10
361 337 10
361 338 10
361 340 10
361 342 10
361 343 10
361 344 10
361 345 10
361 346 10
361 347 10
361 348 10
361 351 10
361 355 10
361 358 10
361 366 10
361 368 10
361 369 10
361 371 10
361 372 10
361 373 10
361 374 10
361 378 10
361 380 10
361 382 10
361 383 10
361 387 10
361 392 10
361 395 10
361 396 10
361 398 10
361 411 10
361 416 10
361 418 10
361 419 10
361 421 10
361 424 10
361 425 10
361 430 10
361 431 10
361 433 10
361 434 10
361 441 10
361 442 10
361 443 10
361 444 10
361 447 10
361 448 10
361 451 10
361 452 10
361 461 10
361 479 10
361 488 10
361 499 10
361 501 10
361 503 10
361 504 10
361 505 10
361 507 10
361 508 10
361 509 10
361 510 10
361 516 10
361 517 10
361 519 10
361 520 10
361 522 10
361 523 10
361 524 10
361 525 10
361 526 10
361 533 10
361 538 10
361 539 10
361 540 10
361 545 10
361 549 10
361 553 10
361 554 10
361 558 10
361 570 10
361 579 10
361 581 10
361 582 10
361 583 10
361 584 10
361 585 10
361 589 10
361 590 10
361 592 10
361 596 10
361 597 10
361 599 10
361 600 10
361 601 10
361 609 10
361 613 10
361 614 10
361 616 10
361 622 10
361 629 10
361 630 10
361 631 10
361 637 10
361 641 10
361 642 10
361 643 10
361 645 10
361 646 10
361 647 10
361 648 10
361 649 10
361 652 10
361 655 10
361 657 10
361 661 10
361 662 10
361 665 10
361 666 10
361 669 10
361 671 10
361 672 10
361 674 10
361 675 10
361 679 10
361 680 10
361 681 10
361 682 10
361 686 10
361 689 10
361 696 10
361 700 10
361 702 10
361 703 10
361 705 10
361 708 10
361 712 10
361 715 10
361 716 10
361 717 10
361 723 10
361 724 10
361 729 10
361 730 10
361 734 10
361 735 10
361 737 10
361 739 10
361 742 10
361 746 10
361 748 10
361 749 10
361 750 10
361 752 10
361 760 10
361 761 10
361 765 10
361 767 10
362 270 10
362 272 10
362 274 10
362 286 10
362 289 10
362 290 10
362 291 10
362 292 10
362 296 10
362 297 10
362 299 10
362 300 10
362 304 10
362 305 10
362 323 10
362 325 10
362 329 10
362 330 10
362 331 10
362 334 10
362 335 10
362 336 10
362 337 10
362 340 10
362 346 10
362 349 10
362 356 10
362 357 10
362 358 10
362 359 10
362 363 10
362 364 10
362 366 10
362 367 10
362 368 10
362 369 10
362 370 10
362 373 10
362 381 10
362 384 10
362 386 10
362 387 10
362 391 10
362 394 10
362 395 10
362 408 10
362 416 10
362 417 10
362 418 10
362 419 10
362 420 10
362 421 10
362 429 10
362 431 10
362 435 10
362 436 10
362 439 10
362 441 10
362 443 10
362 444 10
362 445 10
362 446 10
362 447 10
362 448 10
362 449 10
362 450 10
362 452 10
362 454 10
362 455 10
362 456 10
362 457 10
362 463 10
362 483 10
362 499 10
362 501 10
362 502 10
362 503 10
362 504 10
362 506 10
362 508 10
362 511 10
362 514 10
362 516 10
362 518 10
362 519 10
362 521 10
362 522 10
362 524 10
362 527 10
362 528 10
362 529 10
362 530 10
362 531 10
362 532 10
362 533 10
362 538 10
362 545 10
362 547 10
362 550 10
362 551 10
362 554 10
362 555 10
362 556 10
362 558 10
362 564 10
362 568 10
362 570 10
362 582 10
362 583 10
362 584 10
362 585 10
362 587 10
362 589 10
362 594 10
362 596 10
362 599 10
362 603 10
362 610 10
362 616 10
362 619 10
362 622 10
362 626 10
362 627 10
362 628 10
362 630 10
362 631 10
362 637 10
362 639 10
362 640 10
362 641 10
362 645 10
362 647 10
362 648 10
362 650 10
362 652 10
362 653 10
362 655 10
362 656 10
362 657 10
362 658 10
362 660 10
362 663 10
362 664 10
362 667 10
362 668 10
362 669 10
362 670 10
362 671 10
362 672 10
362 673 10
362 676 10
362 677 10
362 679 10
362 680 10
362 687 10
362 693 10
362 694 10
362 696 10
362 700 10
362 701 10
362 702 10
362 703 10
362 705 10
362 710 10
362 712 10
362 714 10
362 715 10
362 718 10
362 722 10
362 724 10
362 726 10
362 727 10
362 728 10
362 736 10
362 743 10
362 746 10
362 747 10
362 759 10
362 762 10
362 763 10
362 767 10
363 273 10
363 275 10
363 277 10
363 279 10
363 280 10
363 289 10
363 292 10
363 298 10
363 299 10
363 300 10
363 301 10
363 302 10
363 306 10
363 309 10
363 314 10
363 322 10
363 325 10
363 326 10
363 327 10
363 336 10
363 338 10
363 344 10
363 345 10
363 347 10
363 348 10
363 358 10
363 359 10
363 361 10
363 368 10
363 369 10
363 372 10
363 374 10
363 380 10
363 381 10
363 382 10
363 384 10
363 387 10
363 389 10
363 391 10
363 392 10
363 396 10
363 398 10
363 399 10
363 402 10
363 404 10
363 411 10
363 414 10
363 415 10
363 417 10
363 418 10
363 424 10
363 429 10
363 432 10
363 433 10
363 434 10
363 435 10
363 436 10
363 437 10
363 441 10
363 442 10
363 443 10
363 445 10
363 447 10
363 449 10
363 453 10
363 455 10
363 457 10
363 460 10
363 473 10
363 484 10
363 485 10
363 487 10
363 488 10
363 489 10
363 495 10
363 499 10
363 502 10
363 506 10
363 507 10
363 508 10
363 509 10
363 510 10
363 511 10
363 512 10
363 514 10
363 516 10
363 518 10
363 522 10
363 533 10
363 534 10
363 535 10
363 565 10
363 581 10
363 582 10
363 583 10
363 585 10
363 586 10
363 592 10
363 597 10
363 598 10
363 600 10
363 614 10
363 616 10
363 618 10
363 623 10
363 624 10
363 625 10
363 628 10
363 632 10
363 635 10
363 637 10
363 638 10
363 639 10
363 641 10
363 643 10
363 644 10
363 645 10
363 647 10
363 648 10
363 649 10
363 650 10
363 651 10
363 654 10
363 659 10
363 661 10
363 662 10
363 664 10
363 667 10
363 669 10
363 670 10
363 671 10
363 672 10
363 677 10
363 680 10
363 681 10
363 686 10
363 690 10
363 701 10
363 703 10
363 705 10
363 706 10
363 717 10
363 726 10
363 727 10
363 728 10
363 729 10
363 740 10
363 743 10
363 747 10
363 749 10
363 755 10
363 758 10
363 759 10
363 762 10
363 765 10
363 766 10
363 769 10
364 268 10
364 269 10
364 270 10
364 271 10
364 274 10
364 275 10
364 278 10
364 284 10
364 285 10
364 290 10
364 292 10
364 297 10
364 301 10
364 302 10
364 306 10
364 307 10
364 308 10
364 310 10
364 312 10
364 313 10
364 324 10
364 325 10
364 327 10
364 336 10
364 338 10
364 340 10
364 346 10
364 350 10
364 356 10
364 357 10
364 358 10
364 359 10
364 360 10
364 362 10
364 364 10
364 366 10
364 367 10
364 381 10
364 382 10
364 383 10
364 394 10
364 395 10
364 397 10
364 400 10
364 401 10
364 405 10
364 409 10
364 410 10
364 412 10
364 413 10
364 415 10
364 416 10
364 417 10
364 418 10
364 419 10
364 420 10
364 423 10
364 424 10
364 426 10
364 427 10
364 429 10
364 435 10
364 436 10
364 440 10
364 445 10
364 447 10
364 448 10
364 451 10
364 452 10
364 453 10
364 456 10
364 457 10
364 458 10
364 459 10
364 460 10
364 462 10
364 464 10
364 473 10
364 484 10
364 496 10
364 498 10
364 499 10
364 500 10
364 501 10
364 503 10
364 505 10
364 506 10
364 507 10
364 512 10
364 514 10
364 515 10
364 518 10
364 519 10
364 520 10
364 521 10
364 522 10
364 527 10
364 532 10
364 536 10
364 541 10
364 545 10
364 547 10
364 548 10
364 552 10
364 553 10
364 554 10
364 558 10
364 559 10
364 565 10
364 570 10
364 573 10
364 583 10
364 584 10
364 586 10
364 587 10
364 589 10
364 597 10
364 598 10
364 600 10
364 602 10
364 604 10
364 609 10
364 611 10
364 616 10
364 617 10
364 619 10
364 620 10
364 622 10
364 623 10
364 624 10
364 628 10
364 629 10
364 631 10
364 634 10
364 639 10
364 640 10
364 642 10
364 643 10
364 650 10
364 651 10
364 652 10
364 653 10
364 654 10
364 655 10
364 656 10
364 657 10
364 660 10
364 661 10
364 662 10
364 664 10
364 665 10
364 667 10
364 668 10
364 669 10
364 671 10
364 673 10
364 698 10
364 699 10
364 700 10
364 701 10
364 704 10
364 705 10
364 706 10
364 711 10
364 712 10
364 713 10
364 714 10
364 716 10
364 717 10
364 718 10
364 723 10
364 724 10
364 729 10
364 730 10
364 741 10
364 744 10
364 747 10
364 749 10
364 755 10
364 757 10
364 760 10
364 761 10
364 762 10
364 768 10
365 269 10
365 277 10
365 278 10
365 279 10
365 283 10
365 289 10
365 295 10
365 299 10
365 301 10
365 303 10
365 305 10
365 307 10
365 310 10
365 312 10
365 313 10
365 315 10
365 322 10
365 325 10
365 328 10
365 336 10
365 340 10
365 344 10
365 345 10
365 352 10
365 353 10
365 356 10
365 359 10
365 360 10
365 361 10
365 362 10
365 365 10
365 366 10
365 369 10
365 374 10
365 391 10
365 393 10
365 395 10
365 399 10
365 408 10
365 410 10
365 414 10
365 416 10
365 417 10
365 418 10
365 419 10
365 420 10
365 423 10
365 429 10
365 431 10
365 434 10
365 435 10
365 441 10
365 443 10
365 445 10
365 446 10
365 447 10
365 449 10
365 450 10
365 451 10
365 454 10
365 456 10
365 457 10
365 461 10
365 474 10
365 487 10
365 495 10
365 498 10
365 499 10
365 503 10
365 507 10
365 508 10
365 510 10
365 512 10
365 513 10
365 516 10
365 522 10
365 524 10
365 531 10
365 533 10
365 534 10
365 535 10
365 536 10
365 547 10
365 553 10
365 554 10
365 555 10
365 562 10
365 571 10
365 572 10
365 585 10
365 590 10
365 591 10
365 592 10
365 593 10
365 595 10
365 599 10
365 600 10
365 617 10
365 618 10
365 619 10
365 620 10
365 625 10
365 629 10
365 630 10
365 631 10
365 636 10
365 637 10
365 638 10
365 639 10
365 640 10
365 642 10
365 646 10
365 648 10
365 653 10
365 658 10
365 660 10
365 662 10
365 663 10
365 664 10
365 665 10
365 666 10
365 667 10
365 668 10
365 669 10
365 670 10
365 671 10
365 673 10
365 678 10
365 679 10
365 682 10
365 685 10
365 695 10
365 700 10
365 702 10
365 703 10
365 704 10
365 706 10
365 708 10
365 710 10
365 711 10
365 715 10
365 716 10
365 717 10
365 718 10
365 721 10
365 722 10
365 724 10
365 726 10
365 728 10
365 733 10
365 742 10
365 743 10
365 747 10
365 749 10
365 750 10
365 754 10
365 755 10
365 756 10
365 757 10
365 758 10
365 759 10
365 760 10
365 761 10
365 762 10
365 763 10
365 764 10
365 765 10
365 767 10
366 268 10
366 269 10
366 272 10
366 282 10
366 285 10
366 286 10
366 291 10
366 295 10
366 301 10
366 306 10
366 307 10
366 310 10
366 311 10
366 313 10
366 314 10
366 317 10
366 322 10
366 325 10
366 337 10
366 339 10
366 351 10
366 357 10
366 358 10
366 360 10
366 361 10
366 365 10
366 366 10
366 369 10
366 370 10
366 390 10
366 397 10
366 399 10
366 404 10
366 405 10
366 409 10
366 410 10
366 411 10
366 415 10
366 416 10
366 417 10
366 418 10
366 419 10
366 420 10
366 421 10
366 423 10
366 436 10
366 444 10
366 447 10
366 448 10
366 450 10
366 459 10
366 472 10
366 478 10
366 482 10
366 486 10
366 493 10
366 495 10
366 496 10
366 497 10
366 498 10
366 501 10
366 502 10
366 504 10
366 505 10
366 506 10
366 507 10
366 508 10
366 509 10
366 511 10
366 516 10
366 517 10
366 519 10
366 521 10
366 522 10
366 523 10
366 524 10
366 526 10
366 532 10
366 534 10
366 535 10
366 536 10
366 542 10
366 544 10
366 545 10
366 547 10
366 552 10
366 553 10
366 560 10
366 564 10
366 565 10
366 566 10
366 572 10
366 574 10
366 590 10
366 592 10
366 593 10
366 598 10
366 616 10
366 618 10
366 619 10
366 620 10
366 624 10
366 631 10
366 633 10
366 634 10
366 635 10
366 637 10
366 638 10
366 639 10
366 643 10
366 647 10
366 650 10
366 651 10
366 654 10
366 655 10
366 656 10
366 658 10
366 659 10
366 660 10
366 661 10
366 662 10
366 663 10
366 668 10
366 669 10
366 670 10
366 671 10
366 672 10
366 673 10
366 680 10
366 683 10
366 697 10
366 698 10
366 700 10
366 704 10
366 706 10
366 708 10
366 709 10
366 710 10
366 712 10
366 718 10
366 719 10
366 720 10
366 727 10
366 728 10
366 730 10
366 731 10
366 733 10
366 740 10
366 746 10
366 747 10
366 748 10
366 750 10
366 752 10
366 753 10
366 755 10
366 756 10
366 758 10
366 759 10
366 760 10
366 761 10
366 767 10
366 769 10
367 270 10
367 280 10
367 281 10
367 283 10
367 284 10
367 302 10
367 308 10
367 310 10
367 311 10
367 312 10
367 316 10
367 317 10
367 321 10
367 326 10
367 328 10
367 329 10
367 332 10
367 352 10
367 356 10
367 358 10
367 359 10
367 360 10
367 361 10
367 362 10
367 363 10
367 365 10
367 366 10
367 368 10
367 369 10
367 392 10
367 399 10
367 404 10
367 406 10
367 410 10
367 411 10
367 413 10
367 414 10
367 416 10
367 417 10
367 419 10
367 422 10
367 425 10
367 426 10
367 428 10
367 431 10
367 432 10
367 435 10
367 439 10
367 443 10
367 444 10
367 445 10
367 447 10
367 448 10
367 449 10
367 451 10
367 453 10
367 455 10
367 456 10
367 457 10
367 458 10
367 459 10
367 463 10
367 472 10
367 473 10
367 475 10
367 484 10
367 493 10
367 495 10
367 496 10
367 498 10
367 499 10
367 500 10
367 501 10
367 502 10
367 503 10
367 504 10
367 505 10
367 508 10
367 509 10
367 511 10
367 512 10
367 515 10
367 516 10
367 517 10
367 518 10
367 519 10
367 520 10
367 522 10
367 529 10
367 532 10
367 546 10
367 548 10
367 559 10
367 560 10
367 561 10
367 564 10
367 567 10
367 568 10
367 571 10
367 575 10
367 585 10
367 586 10
367 587 10
367 589 10
367 590 10
367 591 10
367 592 10
367 594 10
367 596 10
367 597 10
367 600 10
367 619 10
367 621 10
367 625 10
367 626 10
367 627 10
367 629 10
367 632 10
367 633 10
367 640 10
367 644 10
367 648 10
367 649 10
367 652 10
367 653 10
367 654 10
367 656 10
367 658 10
367 663 10
367 665 10
367 666 10
367 667 10
367 669 10
367 670 10
367 672 10
367 673 10
367 674 10
367 679 10
367 682 10
367 683 10
367 698 10
367 708 10
367 709 10
367 712 10
367 733 10
367 735 10
367 738 10
367 740 10
367 742 10
367 743 10
367 746 10
367 747 10
367 753 10
367 755 10
367 756 10
367 757 10
367 758 10
367 759 10
367 760 10
367 761 10
367 762 10
367 764 10
367 766 10
367 768 10
368 287 10
368 306 10
368 308 10
368 312 10
368 313 10
368 314 10
368 316 10
368 319 10
368 322 10
368 323 10
368 324 10
368 325 10
368 346 10
368 348 10
368 350 10
368 354 10
368 355 10
368 356 10
368 360 10
368 361 10
368 363 10
368 364 10
368 365 10
368 366 10
368 368 10
368 369 10
368 370 10
368 372 10
368 373 10
368 374 10
368 390 10
368 392 10
368 394 10
368 407 10
368 408 10
368 411 10
368 412 10
368 413 10
368 414 10
368 415 10
368 417 10
368 418 10
368 422 10
368 427 10
368 429 10
368 432 10
368 435 10
368 436 10
368 442 10
368 444 10
368 445 10
368 446 10
368 447 10
368 448 10
368 449 10
368 450 10
368 451 10
368 457 10
368 458 10
368 467 10
368 470 10
368 471 10
368 476 10
368 478 10
368 486 10
368 499 10
368 501 10
368 502 10
368 503 10
368 505 10
368 507 10
368 509 10
368 511 10
368 514 10
368 515 10
368 516 10
368 517 10
368 518 10
368 519 10
368 520 10
368 522 10
368 523 10
368 524 10
368 528 10
368 531 10
368 535 10
368 539 10
368 542 10
368 547 10
368 561 10
368 564 10
368 565 10
368 567 10
368 568 10
368 569 10
368 573 10
368 574 10
368 575 10
368 588 10
368 589 10
368 590 10
368 591 10
368 592 10
368 595 10
368 596 10
368 598 10
368 600 10
368 617 10
368 619 10
368 620 10
368 622 10
368 623 10
368 625 10
368 628 10
368 629 10
368 632 10
368 633 10
368 634 10
368 635 10
368 638 10
368 639 10
368 640 10
368 642 10
368 647 10
368 652 10
368 654 10
368 655 10
368 656 10
368 657 10
368 658 10
368 661 10
368 662 10
368 665 10
368 671 10
368 676 10
368 684 10
368 690 10
368 702 10
368 706 10
368 707 10
368 709 10
368 710 10
368 711 10
368 713 10
368 714 10
368 715 10
368 719 10
368 737 10
368 740 10
368 742 10
368 744 10
368 746 10
368 747 10
368 748 10
368 749 10
368 750 10
368 751 10
368 753 10
368 754 10
368 756 10
368 757 10
368 760 10
368 761 10
368 768 10
369 271 10
369 276 10
369 285 10
369 288 10
369 290 10
369 302 10
369 306 10
369 308 10
369 309 10
369 310 10
369 313 10
369 314 10
369 316 10
369 318 10
369 320 10
369 330 10
369 333 10
369 334 10
369 339 10
369 344 10
369 348 10
369 349 10
369 359 10
369 360 10
369 361 10
369 362 10
369 364 10
369 365 10
369 366 10
369 367 10
369 368 10
369 369 10
369 370 10
369 373 10
369 376 10
369 389 10
369 396 10
369 398 10
369 407 10
369 409 10
369 410 10
369 413 10
369 414 10
369 419 10
369 424 10
369 425 10
369 427 10
369 430 10
369 431 10
369 433 10
369 434 10
369 447 10
369 450 10
369 452 10
369 458 10
369 460 10
369 466 10
369 469 10
369 470 10
369 471 10
369 472 10
369 474 10
369 476 10
369 481 10
369 482 10
369 493 10
369 495 10
369 498 10
369 499 10
369 505 10
369 507 10
369 509 10
369 510 10
369 512 10
369 514 10
369 516 10
369 517 10
369 518 10
369 520 10
369 522 10
369 526 10
369 527 10
369 528 10
369 529 10
369 530 10
369 533 10
369 535 10
369 537 10
369 538 10
369 540 10
369 542 10
369 543 10
369 544 10
369 545 10
369 548 10
369 550 10
369 557 10
369 563 10
369 565 10
369 569 10
369 571 10
369 572 10
369 574 10
369 576 10
369 577 10
369 579 10
369 585 10
369 586 10
369 588 10
369 591 10
369 595 10
369 598 10
369 600 10
369 611 10
369 612 10
369 618 10
369 619 10
369 623 10
369 624 10
369 625 10
369 627 10
369 629 10
369 633 10
369 634 10
369 635 10
369 636 10
369 640 10
369 641 10
369 646 10
369 649 10
369 650 10
369 652 10
369 653 10
369 654 10
369 656 10
369 657 10
369 658 10
369 659 10
369 660 10
369 662 10
369 666 10
369 667 10
369 669 10
369 673 10
369 674 10
369 682 10
369 694 10
369 699 10
369 700 10
369 702 10
369 706 10
369 712 10
369 718 10
369 719 10
369 731 10
369 733 10
369 737 10
369 738 10
369 740 10
369 743 10
369 744 10
369 745 10
369 747 10
369 749 10
369 750 10
369 754 10
369 755 10
369 756 10
369 757 10
369 758 10
369 759 10
369 760 10
369 761 10
369 763 10
370 277 10
370 282 10
370 284 10
370 286 10
370 288 10
370 290 10
370 291 10
370 299 10
370 306 10
370 307 10
370 311 10
370 312 10
370 322 10
370 335 10
370 336 10
370 342 10
370 343 10
370 347 10
370 355 10
370 356 10
370 359 10
370 362 10
370 364 10
370 365 10
370 366 10
370 367 10
370 368 10
370 369 10
370 375 10
370 376 10
370 386 10
370 391 10
370 392 10
370 395 10
370 397 10
370 405 10
370 407 10
370 409 10
370 412 10
370 413 10
370 414 10
370 417 10
370 418 10
370 419 10
370 421 10
370 426 10
370 427 10
370 429 10
370 433 10
370 439 10
370 440 10
370 441 10
370 442 10
370 443 10
370 444 10
370 445 10
370 447 10
370 450 10
370 462 10
370 464 10
370 467 10
370 468 10
370 469 10
370 470 10
370 471 10
370 473 10
370 477 10
370 481 10
370 482 10
370 483 10
370 485 10
370 488 10
370 499 10
370 502 10
370 506 10
370 507 10
370 509 10
370 510 10
370 511 10
370 513 10
370 514 10
370 515 10
370 517 10
370 518 10
370 519 10
370 521 10
370 523 10
370 526 10
370 527 10
370 528 10
370 529 10
370 533 10
370 534 10
370 535 10
370 542 10
370 546 10
370 547 10
370 549 10
370 555 10
370 561 10
370 563 10
370 567 10
370 569 10
370 570 10
370 571 10
370 573 10
370 575 10
370 576 10
370 579 10
370 586 10
370 587 10
370 588 10
370 589 10
370 592 10
370 596 10
370 598 10
370 599 10
370 600 10
370 610 10
370 614 10
370 616 10
370 618 10
370 622 10
370 623 10
370 624 10
370 626 10
370 629 10
370 633 10
370 634 10
370 635 10
370 637 10
370 644 10
370 648 10
370 652 10
370 657 10
370 658 10
370 659 10
370 661 10
370 664 10
370 666 10
370 672 10
370 673 10
370 677 10
370 680 10
370 681 10
370 685 10
370 688 10
370 689 10
370 692 10
370 695 10
370 704 10
370 707 10
370 709 10
370 710 10
370 713 10
370 716 10
370 717 10
370 720 10
370 721 10
370 730 10
370 731 10
370 735 10
370 739 10
370 740 10
370 741 10
370 742 10
370 743 10
370 745 10
370 746 10
370 747 10
370 749 10
370 750 10
370 752 10
370 755 10
370 756 10
370 757 10
370 758 10
370 760 10
371 277 10
371 278 10
371 281 10
371 285 10
371 288 10
371 293 10
371 306 10
371 308 10
371 309 10
371 311 10
371 312 10
371 314 10
371 315 10
371 317 10
371 330 10
371 332 10
371 333 10
371 334 10
371 335 10
371 337 10
371 339 10
371 345 10
371 346 10
371 348 10
371 349 10
371 350 10
371 356 10
371 357 10
371 363 10
371 364 10
371 365 10
371 366 10
371 367 10
371 368 10
371 369 10
371 391 10
371 392 10
371 394 10
371 398 10
371 400 10
371 404 10
371 405 10
371 408 10
371 413 10
371 414 10
371 415 10
371 417 10
371 418 10
371 420 10
371 421 10
371 422 10
371 425 10
371 429 10
371 431 10
371 432 10
371 436 10
371 452 10
371 453 10
371 454 10
371 456 10
371 457 10
371 458 10
371 465 10
371 468 10
371 471 10
371 472 10
371 477 10
371 478 10
371 480 10
371 484 10
371 485 10
371 486 10
371 496 10
371 497 10
371 503 10
371 505 10
371 508 10
371 509 10
371 510 10
371 511 10
371 512 10
371 515 10
371 516 10
371 517 10
371 521 10
371 524 10
371 525 10
371 526 10
371 527 10
371 529 10
371 531 10
371 533 10
371 535 10
371 536 10
371 538 10
371 539 10
371 540 10
371 542 10
371 543 10
371 545 10
371 547 10
371 554 10
371 564 10
371 567 10
371 568 10
371 571 10
371 575 10
371 577 10
371 581 10
371 583 10
371 585 10
371 590 10
371 591 10
371 596 10
371 600 10
371 606 10
371 612 10
371 613 10
371 617 10
371 619 10
371 620 10
371 621 10
371 625 10
371 627 10
371 628 10
371 629 10
371 630 10
371 632 10
371 634 10
371 635 10
371 641 10
371 642 10
371 643 10
371 644 10
371 646 10
371 651 10
371 654 10
371 659 10
371 662 10
371 663 10
371 668 10
371 670 10
371 671 10
371 672 10
371 674 10
371 675 10
371 676 10
371 679 10
371 680 10
371 682 10
371 684 10
371 686 10
371 687 10
371 689 10
371 691 10
371 693 10
371 704 10
371 711 10
371 712 10
371 717 10
371 719 10
371 721 10
371 729 10
371 732 10
371 733 10
371 734 10
371 735 10
371 736 10
371 737 10
371 739 10
371 741 10
371 742 10
371 743 10
371 745 10
371 746 10
371 747 10
371 748 10
371 749 10
371 751 10
371 753 10
371 754 10
371 756 10
371 758 10
371 759 10
371 760 10
371 762 10
372 275 10
372 277 10
372 278 10
372 285 10
372 286 10
372 290 10
372 292 10
372 304 10
372 307 10
372 308 10
372 309 10
372 311 10
372 312 10
372 313 10
372 314 10
372 319 10
372 329 10
372 332 10
372 333 10
372 334 10
372 335 10
372 336 10
372 345 10
372 349 10
372 353 10
372 357 10
372 365 10
372 366 10
372 367 10
372 374 10
372 379 10
372 384 10
372 386 10
372 398 10
372 399 10
372 403 10
372 413 10
372 415 10
372 417 10
372 420 10
372 421 10
372 422 10
372 426 10
372 428 10
372 429 10
372 431 10
372 432 10
372 433 10
372 434 10
372 440 10
372 442 10
372 444 10
372 447 10
372 455 10
372 462 10
372 463 10
372 465 10
372 467 10
372 468 10
372 469 10
372 470 10
372 471 10
372 473 10
372 475 10
372 476 10
372 477 10
372 480 10
372 481 10
372 482 10
372 483 10
372 484 10
372 486 10
372 495 10
372 497 10
372 501 10
372 505 10
372 506 10
372 507 10
372 510 10
372 511 10
372 513 10
372 515 10
372 517 10
372 518 10
372 519 10
372 521 10
372 524 10
372 526 10
372 528 10
372 529 10
372 530 10
372 531 10
372 532 10
372 534 10
372 542 10
372 545 10
372 549 10
372 552 10
372 553 10
372 558 10
372 559 10
372 560 10
372 562 10
372 565 10
372 571 10
372 573 10
372 575 10
372 576 10
372 577 10
372 580 10
372 582 10
372 586 10
372 588 10
372 589 10
372 592 10
372 593 10
372 594 10
372 595 10
372 596 10
372 604 10
372 611 10
372 613 10
372 617 10
372 618 10
372 621 10
372 622 10
372 623 10
372 625 10
372 626 10
372 628 10
372 630 10
372 631 10
372 632 10
372 634 10
372 636 10
372 638 10
372 640 10
372 642 10
372 644 10
372 647 10
372 654 10
372 657 10
372 658 10
372 668 10
372 669 10
372 671 10
372 672 10
372 673 10
372 674 10
372 675 10
372 676 10
372 680 10
372 684 10
372 686 10
372 687 10
372 692 10
372 693 10
372 698 10
372 699 10
372 700 10
372 704 10
372 706 10
372 707 10
372 710 10
372 713 10
372 714 10
372 722 10
372 730 10
372 733 10
372 734 10
372 737 10
372 738 10
372 740 10
372 743 10
372 744 10
372 745 10
372 746 10
372 747 10
372 750 10
372 751 10
372 753 10
372 754 10
372 755 10
372 756 10
372 757 10
372 758 10
372 760 10
372 768 10
373 276 10
373 278 10
373 279 10
373 284 10
373 286 10
373 287 10
373 292 10
373 293 10
373 294 10
373 297 10
373 309 10
373 310 10
373 311 10
373 312 10
373 313 10
373 316 10
373 317 10
373 331 10
373 340 10
373 350 10
373 356 10
373 357 10
373 361 10
373 362 10
373 363 10
373 364 10
373 366 10
373 377 10
373 378 10
373 384 10
373 385 10
373 392 10
373 402 10
373 403 10
373 406 10
373 407 10
373 412 10
373 415 10
373 416 10
373 418 10
373 420 10
373 421 10
373 424 10
373 427 10
373 429 10
373 433 10
373 439 10
373 441 10
373 442 10
373 443 10
373 444 10
373 451 10
373 452 10
373 454 10
373 460 10
373 462 10
373 463 10
373 464 10
373 465 10
373 468 10
373 470 10
373 471 10
373 473 10
373 475 10
373 477 10
373 480 10
373 481 10
373 484 10
373 486 10
373 487 10
373 488 10
373 501 10
373 503 10
373 504 10
373 509 10
373 511 10
373 513 10
373 514 10
373 517 10
373 519 10
373 520 10
373 523 10
373 531 10
373 539 10
373 540 10
373 541 10
373 543 10
373 547 10
373 560 10
373 563 10
373 573 10
373 576 10
373 582 10
373 585 10
373 589 10
373 590 10
373 591 10
373 593 10
373 595 10
373 603 10
373 605 10
373 610 10
373 612 10
373 619 10
373 623 10
373 624 10
373 625 10
373 629 10
373 631 10
373 632 10
373 635 10
373 636 10
373 638 10
373 640 10
373 659 10
373 666 10
373 672 10
373 673 10
373 674 10
373 682 10
373 685 10
373 686 10
373 687 10
373 689 10
373 691 10
373 693 10
373 694 10
373 703 10
373 709 10
373 711 10
373 713 10
373 717 10
373 724 10
373 733 10
373 734 10
373 738 10
373 739 10
373 740 10
373 741 10
373 743 10
373 744 10
373 745 10
373 746 10
373 748 10
373 749 10
373 750 10
373 751 10
373 754 10
373 755 10
373 757 10
373 758 10
373 760 10
373 761 10
373 763 10
374 263 10
374 278 10
374 279 10
374 280 10
374 281 10
374 284 10
374 292 10
374 295 10
374 300 10
374 303 10
374 307 10
374 308 10
374 309 10
374 311 10
374 313 10
374 315 10
374 316 10
374 328 10
374 332 10
374 334 10
374 335 10
374 342 10
374 343 10
374 344 10
374 351 10
374 352 10
374 353 10
374 356 10
374 358 10
374 379 10
374 380 10
374 384 10
374 391 10
374 393 10
374 395 10
374 398 10
374 400 10
374 412 10
374 413 10
374 417 10
374 420 10
374 421 10
374 422 10
374 423 10
374 425 10
374 427 10
374 431 10
374 433 10
374 441 10
374 444 10
374 445 10
374 448 10
374 449 10
374 452 10
374 454 10
374 455 10
374 458 10
374 464 10
374 465 10
374 466 10
374 468 10
374 469 10
374 471 10
374 472 10
374 474 10
374 482 10
374 485 10
374 489 10
374 505 10
374 506 10
374 508 10
374 509 10
374 510 10
374 512 10
374 513 10
374 516 10
374 519 10
374 521 10
374 523 10
374 537 10
374 538 10
374 539 10
374 542 10
374 543 10
374 544 10
374 546 10
374 559 10
374 561 10
374 562 10
374 568 10
374 574 10
374 577 10
374 589 10
374 591 10
374 593 10
374 594 10
374 596 10
374 597 10
374 598 10
374 603 10
374 607 10
374 611 10
374 613 10
374 616 10
374 621 10
374 622 10
374 623 10
374 628 10
374 632 10
374 637 10
374 638 10
374 639 10
374 652 10
374 654 10
374 657 10
374 667 10
374 668 10
374 670 10
374 677 10
374 678 10
374 681 10
374 685 10
374 686 10
374 688 10
374 692 10
374 693 10
374 696 10
374 697 10
374 698 10
374 699 10
374 700 10
374 701 10
374 702 10
374 703 10
374 704 10
374 705 10
374 706 10
374 707 10
374 708 10
374 709 10
374 710 10
374 711 10
374 712 10
374 715 10
374 717 10
374 726 10
374 731 10
374 732 10
374 733 10
374 735 10
374 736 10
374 737 10
374 739 10
374 740 10
374 741 10
374 742 10
374 743 10
374 744 10
374 746 10
374 753 10
374 754 10
374 756 10
374 758 10
374 759 10
374 767 10
375 280 10
375 282 10
375 287 10
375 288 10
375 289 10
375 291 10
375 294 10
375 298 10
375 300 10
375 302 10
375 303 10
375 304 10
375 308 10
375 311 10
375 312 10
375 313 10
375 314 10
375 316 10
375 334 10
375 335 10
375 337 10
375 338 10
375 340 10
375 344 10
375 348 10
375 354 10
375 356 10
375 358 10
375 367 10
375 379 10
375 386 10
375 401 10
375 403 10
375 405 10
375 410 10
375 411 10
375 412 10
375 414 10
375 415 10
375 418 10
375 419 10
375 420 10
375 421 10
375 423 10
375 428 10
375 431 10
375 441 10
375 442 10
375 444 10
375 446 10
375 447 10
375 449 10
375 452 10
375 453 10
375 465 10
375 466 10
375 467 10
375 468 10
375 469 10
375 470 10
375 471 10
375 472 10
375 473 10
375 474 10
375 475 10
375 483 10
375 485 10
375 486 10
375 487 10
375 488 10
375 501 10
375 503 10
375 504 10
375 511 10
375 512 10
375 514 10
375 515 10
375 517 10
375 518 10
375 534 10
375 536 10
375 537 10
375 539 10
375 541 10
375 542 10
375 558 10
375 559 10
375 571 10
375 577 10
375 579 10
375 581 10
375 583 10
375 586 10
375 589 10
375 590 10
375 591 10
375 592 10
375 593 10
375 595 10
375 596 10
375 601 10
375 602 10
375 603 10
375 604 10
375 606 10
375 609 10
375 611 10
375 612 10
375 615 10
375 617 10
375 619 10
375 621 10
375 625 10
375 628 10
375 629 10
375 630 10
375 633 10
375 635 10
375 637 10
375 640 10
375 642 10
375 646 10
375 648 10
375 652 10
375 665 10
375 669 10
375 670 10
375 672 10
375 673 10
375 674 10
375 675 10
375 678 10
375 682 10
375 684 10
375 685 10
375 686 10
375 689 10
375 690 10
375 692 10
375 693 10
375 700 10
375 701 10
375 703 10
375 705 10
375 706 10
375 713 10
375 716 10
375 717 10
375 718 10
375 722 10
375 724 10
375 733 10
375 734 10
375 735 10
375 737 10
375 738 10
375 740 10
375 741 10
375 742 10
375 743 10
375 746 10
375 748 10
375 751 10
375 752 10
375 753 10
375 754 10
375 755 10
375 756 10
375 758 10
375 760 10
375 762 10
375 764 10
375 766 10
376 259 10
376 261 10
376 263 10
376 282 10
376 283 10
376 284 10
376 285 10
376 298 10
376 300 10
376 310 10
376 311 10
376 312 10
376 330 10
376 332 10
376 339 10
376 342 10
376 354 10
376 355 10
376 357 10
376 362 10
376 369 10
376 374 10
376 376 10
376 377 10
376 381 10
376 382 10
376 383 10
376 385 10
376 391 10
376 393 10
376 394 10
376 397 10
376 399 10
376 400 10
376 404 10
376 412 10
376 414 10
376 415 10
376 417 10
376 418 10
376 420 10
376 422 10
376 424 10
376 433 10
376 445 10
376 451 10
376 454 10
376 459 10
376 461 10
376 464 10
376 465 10
376 466 10
376 469 10
376 470 10
376 479 10
376 482 10
376 490 10
376 492 10
376 494 10
376 496 10
376 498 10
376 501 10
376 502 10
376 504 10
376 506 10
376 511 10
376 512 10
376 513 10
376 518 10
376 519 10
376 521 10
376 539 10
376 540 10
376 541 10
376 542 10
376 547 10
376 555 10
376 560 10
376 561 10
376 565 10
376 566 10
376 568 10
376 569 10
376 574 10
376 578 10
376 579 10
376 580 10
376 583 10
376 592 10
376 593 10
376 594 10
376 599 10
376 600 10
376 607 10
376 609 10
376 612 10
376 614 10
376 616 10
376 619 10
376 620 10
376 621 10
376 622 10
376 627 10
376 631 10
376 632 10
376 633 10
376 635 10
376 636 10
376 638 10
376 648 10
376 654 10
376 656 10
376 668 10
376 670 10
376 671 10
376 672 10
376 673 10
376 674 10
376 675 10
376 676 10
376 677 10
376 689 10
376 694 10
376 696 10
376 697 10
376 698 10
376 699 10
376 700 10
376 704 10
376 709 10
376 710 10
376 711 10
376 715 10
376 716 10
376 718 10
376 729 10
376 734 10
376 735 10
376 737 10
376 738 10
376 739 10
376 740 10
376 741 10
376 743 10
376 744 10
376 745 10
376 746 10
376 747 10
376 753 10
376 757 10
376 759 10
376 760 10
376 762 10
376 764 10
376 765 10
377 267 10
377 270 10
377 278 10
377 280 10
377 282 10
377 284 10
377 285 10
377 286 10
377 291 10
377 295 10
377 306 10
377 313 10
377 314 10
377 315 10
377 333 10
377 334 10
377 335 10
377 337 10
377 339 10
377 341 10
377 342 10
377 343 10
377 344 10
377 346 10
377 348 10
377 349 10
377 350 10
377 353 10
377 358 10
377 365 10
377 366 10
377 367 10
377 376 10
377 379 10
377 386 10
377 397 10
377 402 10
377 403 10
377 404 10
377 416 10
377 418 10
377 421 10
377 431 10
377 433 10
377 452 10
377 462 10
377 463 10
377 466 10
377 467 10
377 471 10
377 472 10
377 473 10
377 475 10
377 479 10
377 480 10
377 481 10
377 483 10
377 485 10
377 488 10
377 489 10
377 496 10
377 502 10
377 504 10
377 505 10
377 506 10
377 507 10
377 511 10
377 516 10
377 517 10
377 518 10
377 519 10
377 523 10
377 536 10
377 541 10
377 543 10
377 545 10
377 562 10
377 563 10
377 565 10
377 566 10
377 569 10
377 572 10
377 574 10
377 577 10
377 578 10
377 587 10
377 591 10
377 593 10
377 596 10
377 600 10
377 603 10
377 605 10
377 606 10
377 607 10
377 611 10
377 612 10
377 615 10
377 619 10
377 622 10
377 623 10
377 633 10
377 635 10
377 643 10
377 648 10
377 654 10
377 656 10
377 669 10
377 671 10
377 672 10
377 674 10
377 675 10
377 676 10
377 678 10
377 686 10
377 687 10
377 689 10
377 697 10
377 698 10
377 703 10
377 704 10
377 706 10
377 708 10
377 710 10
377 711 10
377 713 10
377 715 10
377 716 10
377 717 10
377 718 10
377 726 10
377 729 10
377 730 10
377 733 10
377 735 10
377 737 10
377 738 10
377 739 10
377 741 10
377 743 10
377 744 10
377 747 10
377 751 10
377 754 10
377 755 10
377 756 10
377 758 10
377 759 10
377 762 10
377 764 10
377 765 10
377 766 10
378 258 10
378 262 10
378 265 10
378 270 10
378 278 10
378 279 10
378 280 10
378 282 10
378 286 10
378 287 10
378 288 10
378 289 10
378 290 10
378 291 10
378 295 10
378 307 10
378 308 10
378 309 10
378 310 10
378 313 10
378 331 10
378 337 10
378 338 10
378 343 10
378 345 10
378 346 10
378 347 10
378 348 10
378 353 10
378 354 10
378 355 10
378 356 10
378 357 10
378 358 10
378 359 10
378 360 10
378 364 10
378 365 10
378 368 10
378 369 10
378 370 10
378 372 10
378 375 10
378 376 10
378 378 10
378 379 10
378 381 10
378 382 10
378 383 10
378 384 10
378 387 10
378 394 10
378 397 10
378 399 10
378 401 10
378 402 10
378 405 10
378 412 10
378 416 10
378 417 10
378 420 10
378 421 10
378 426 10
378 444 10
378 445 10
378 448 10
378 449 10
378 452 10
378 456 10
378 460 10
378 461 10
378 462 10
378 463 10
378 464 10
378 465 10
378 466 10
378 467 10
378 469 10
378 473 10
378 474 10
378 475 10
378 479 10
378 481 10
378 482 10
378 484 10
378 485 10
378 486 10
378 487 10
378 488 10
378 489 10
378 494 10
378 498 10
378 501 10
378 503 10
378 507 10
378 508 10
378 511 10
378 513 10
378 516 10
378 527 10
378 530 10
378 534 10
378 535 10
378 538 10
378 539 10
378 541 10
378 542 10
378 549 10
378 550 10
378 555 10
378 559 10
378 561 10
378 562 10
378 565 10
378 566 10
378 567 10
378 569 10
378 570 10
378 590 10
378 591 10
378 594 10
378 604 10
378 605 10
378 606 10
378 607 10
378 608 10
378 609 10
378 610 10
378 611 10
378 612 10
378 614 10
378 621 10
378 622 10
378 623 10
378 636 10
378 652 10
378 654 10
378 656 10
378 661 10
378 666 10
378 668 10
378 669 10
378 671 10
378 674 10
378 675 10
378 686 10
378 689 10
378 690 10
378 692 10
378 697 10
378 700 10
378 702 10
378 703 10
378 704 10
378 705 10
378 708 10
378 710 10
378 711 10
378 712 10
378 716 10
378 717 10
378 718 10
378 721 10
378 728 10
378 729 10
378 733 10
378 736 10
378 738 10
378 739 10
378 741 10
378 743 10
378 745 10
378 753 10
378 756 10
378 760 10
378 761 10
378 762 10
379 261 10
379 263 10
379 264 10
379 265 10
379 266 10
379 270 10
379 272 10
379 278 10
379 279 10
379 280 10
379 281 10
379 287 10
379 304 10
379 307 10
379 312 10
379 325 10
379 327 10
379 328 10
379 330 10
379 331 10
379 334 10
379 335 10
379 340 10
379 342 10
379 344 10
379 348 10
379 350 10
379 351 10
379 357 10
379 358 10
379 359 10
379 363 10
379 366 10
379 368 10
379 376 10
379 379 10
379 381 10
379 384 10
379 385 10
379 387 10
379 397 10
379 404 10
379 414 10
379 415 10
379 423 10
379 424 10
379 425 10
379 427 10
379 428 10
379 429 10
379 430 10
379 446 10
379 449 10
379 453 10
379 461 10
379 462 10
379 463 10
379 465 10
379 468 10
379 469 10
379 470 10
379 471 10
379 472 10
379 473 10
379 474 10
379 475 10
379 478 10
379 480 10
379 481 10
379 482 10
379 484 10
379 488 10
379 490 10
379 491 10
379 497 10
379 498 10
379 501 10
379 502 10
379 503 10
379 507 10
379 508 10
379 510 10
379 513 10
379 515 10
379 518 10
379 520 10
379 521 10
379 523 10
379 527 10
379 529 10
379 536 10
379 537 10
379 538 10
379 543 10
379 545 10
379 546 10
379 551 10
379 562 10
379 571 10
379 576 10
379 594 10
379 595 10
379 598 10
379 606 10
379 607 10
379 608 10
379 611 10
379 613 10
379 615 10
379 618 10
379 622 10
379 623 10
379 624 10
379 634 10
379 635 10
379 649 10
379 655 10
379 656 10
379 666 10
379 667 10
379 668 10
379 669 10
379 670 10
379 671 10
379 673 10
379 675 10
379 677 10
379 684 10
379 685 10
379 687 10
379 690 10
379 697 10
379 698 10
379 699 10
379 700 10
379 701 10
379 702 10
379 703 10
379 707 10
379 708 10
379 709 10
379 711 10
379 712 10
379 713 10
379 715 10
379 716 10
379 726 10
379 730 10
379 733 10
379 736 10
379 737 10
379 746 10
379 747 10
379 753 10
379 755 10
379 756 10
379 758 10
379 759 10
379 760 10
379 761 10
379 762 10
379 764 10
379 766 10
380 261 10
380 262 10
380 263 10
380 267 10
380 274 10
380 277 10
380 279 10
380 281 10
380 283 10
380 285 10
380 286 10
380 287 10
380 309 10
380 310 10
380 312 10
380 327 10
380 328 10
380 330 10
380 331 10
380 333 10
380 337 10
380 339 10
380 340 10
380 341 10
380 343 10
380 344 10
380 345 10
380 346 10
380 347 10
380 348 10
380 349 10
380 351 10
380 352 10
380 353 10
380 354 10
380 356 10
380 359 10
380 360 10
380 363 10
380 365 10
380 366 10
380 367 10
380 374 10
380 375 10
380 378 10
380 379 10
380 382 10
380 383 10
380 385 10
380 399 10
380 419 10
380 421 10
380 425 10
380 438 10
380 444 10
380 445 10
380 447 10
380 450 10
380 451 10
380 452 10
380 454 10
380 461 10
380 462 10
380 464 10
380 465 10
380 466 10
380 467 10
380 468 10
380 469 10
380 471 10
380 474 10
380 477 10
380 478 10
380 481 10
380 482 10
380 483 10
380 486 10
380 488 10
380 490 10
380 499 10
380 506 10
380 509 10
380 510 10
380 512 10
380 517 10
380 519 10
380 520 10
380 522 10
380 534 10
380 537 10
380 538 10
380 541 10
380 543 10
380 546 10
380 548 10
380 549 10
380 550 10
380 560 10
380 561 10
380 562 10
380 563 10
380 566 10
380 569 10
380 594 10
380 596 10
380 611 10
380 613 10
380 615 10
380 619 10
380 620 10
380 621 10
380 624 10
380 632 10
380 651 10
380 656 10
380 657 10
380 658 10
380 659 10
380 661 10
380 669 10
380 671 10
380 672 10
380 674 10
380 675 10
380 676 10
380 677 10
380 678 10
380 679 10
380 683 10
380 690 10
380 691 10
380 692 10
380 694 10
380 697 10
380 698 10
380 699 10
380 700 10
380 701 10
380 707 10
380 708 10
380 709 10
380 712 10
380 716 10
380 717 10
380 722 10
380 731 10
380 733 10
380 734 10
380 735 10
380 736 10
380 738 10
380 739 10
380 745 10
380 747 10
380 748 10
380 756 10
380 758 10
380 759 10
380 760 10
380 763 10
380 766 10
380 769 10
381 259 10
381 261 10
381 264 10
381 280 10
381 286 10
381 288 10
381 305 10
381 307 10
381 310 10
381 311 10
381 313 10
381 324 10
381 328 10
381 330 10
381 331 10
381 337 10
381 343 10
381 346 10
381 347 10
381 348 10
381 350 10
381 351 10
381 354 10
381 355 10
381 356 10
381 357 10
381 359 10
381 360 10
381 361 10
381 363 10
381 367 10
381 372 10
381 374 10
381 375 10
381 376 10
381 377 10
381 379 10
381 387 10
381 412 10
381 424 10
381 426 10
381 430 10
381 444 10
381 445 10
381 446 10
381 448 10
381 451 10
381 453 10
381 462 10
381 463 10
381 464 10
381 465 10
381 466 10
381 467 10
381 468 10
381 469 10
381 475 10
381 476 10
381 480 10
381 481 10
381 486 10
381 489 10
381 500 10
381 502 10
381 503 10
381 512 10
381 513 10
381 514 10
381 516 10
381 517 10
381 519 10
381 526 10
381 538 10
381 541 10
381 542 10
381 543 10
381 545 10
381 546 10
381 548 10
381 550 10
381 551 10
381 553 10
381 562 10
381 569 10
381 571 10
381 589 10
381 590 10
381 593 10
381 596 10
381 598 10
381 602 10
381 605 10
381 606 10
381 609 10
381 610 10
381 614 10
381 615 10
381 617 10
381 621 10
381 632 10
381 648 10
381 649 10
381 651 10
381 653 10
381 654 10
381 655 10
381 656 10
381 657 10
381 661 10
381 663 10
381 665 10
381 668 10
381 670 10
381 671 10
381 672 10
381 677 10
381 678 10
381 685 10
381 687 10
381 689 10
381 693 10
381 696 10
381 698 10
381 699 10
381 700 10
381 701 10
381 711 10
381 713 10
381 714 10
381 719 10
381 729 10
381 730 10
381 734 10
381 738 10
381 750 10
381 752 10
381 753 10
381 754 10
381 756 10
381 757 10
381 758 10
381 761 10
381 764 10
381 765 10
381 766 10
381 768 10
381 770 10
382 264 10
382 265 10
382 273 10
382 274 10
382 277 10
382 280 10
382 281 10
382 282 10
382 284 10
382 285 10
382 294 10
382 299 10
382 302 10
382 306 10
382 311 10
382 312 10
382 313 10
382 314 10
382 316 10
382 324 10
382 326 10
382 327 10
382 331 10
382 332 10
382 333 10
382 334 10
382 341 10
382 347 10
382 348 10
382 349 10
382 351 10
382 352 10
382 353 10
382 360 10
382 361 10
382 367 10
382 368 10
382 373 10
382 374 10
382 376 10
382 379 10
382 380 10
382 381 10
382 383 10
382 385 10
382 387 10
382 395 10
382 396 10
382 407 10
382 413 10
382 416 10
382 419 10
382 420 10
382 424 10
382 425 10
382 428 10
382 429 10
382 439 10
382 462 10
382 463 10
382 464 10
382 465 10
382 466 10
382 467 10
382 468 10
382 469 10
382 472 10
382 477 10
382 478 10
382 480 10
382 481 10
382 482 10
382 483 10
382 484 10
382 487 10
382 488 10
382 490 10
382 492 10
382 494 10
382 495 10
382 496 10
382 498 10
382 505 10
382 511 10
382 512 10
382 513 10
382 516 10
382 520 10
382 521 10
382 522 10
382 532 10
382 535 10
382 537 10
382 538 10
382 540 10
382 543 10
382 544 10
382 546 10
382 550 10
382 552 10
382 553 10
382 555 10
382 556 10
382 558 10
382 569 10
382 602 10
382 605 10
382 609 10
382 610 10
382 611 10
382 613 10
382 614 10
382 616 10
382 617 10
382 618 10
382 619 10
382 632 10
382 633 10
382 641 10
382 644 10
382 647 10
382 655 10
382 656 10
382 659 10
382 660 10
382 661 10
382 662 10
382 663 10
382 665 10
382 668 10
382 669 10
382 670 10
382 671 10
382 672 10
382 673 10
382 674 10
382 675 10
382 676 10
382 680 10
382 685 10
382 686 10
382 690 10
382 691 10
382 693 10
382 694 10
382 695 10
382 696 10
382 697 10
382 698 10
382 699 10
382 700 10
382 701 10
382 702 10
382 703 10
382 704 10
382 708 10
382 712 10
382 716 10
382 734 10
382 737 10
382 739 10
382 740 10
382 743 10
382 755 10
382 758 10
382 759 10
382 760 10
382 762 10
382 767 10
383 267 10
383 276 10
383 280 10
383 281 10
383 286 10
383 287 10
383 288 10
383 299 10
383 306 10
383 307 10
383 308 10
383 310 10
383 311 10
383 312 10
383 313 10
383 314 10
383 315 10
383 323 10
383 324 10
383 325 10
383 329 10
383 336 10
383 338 10
383 339 10
383 340 10
383 343 10
383 344 10
383 345 10
383 347 10
383 349 10
383 350 10
383 351 10
383 354 10
383 358 10
383 362 10
383 369 10
383 370 10
383 371 10
383 373 10
383 374 10
383 376 10
383 377 10
383 378 10
383 379 10
383 384 10
383 387 10
383 388 10
383 394 10
383 397 10
383 406 10
383 407 10
383 409 10
383 411 10
383 414 10
383 417 10
383 420 10
383 423 10
383 424 10
383 427 10
383 430 10
383 443 10
383 446 10
383 448 10
383 462 10
383 463 10
383 465 10
383 468 10
383 469 10
383 474 10
383 477 10
383 478 10
383 479 10
383 482 10
383 483 10
383 484 10
383 485 10
383 486 10
383 489 10
383 493 10
383 499 10
383 513 10
383 516 10
383 517 10
383 518 10
383 519 10
383 520 10
383 523 10
383 525 10
383 527 10
383 528 10
383 535 10
383 536 10
383 538 10
383 539 10
383 541 10
383 543 10
383 545 10
383 546 10
383 547 10
383 550 10
383 551 10
383 553 10
383 554 10
383 555 10
383 556 10
383 557 10
383 558 10
383 560 10
383 568 10
383 569 10
383 570 10
383 587 10
383 589 10
383 590 10
383 591 10
383 592 10
383 607 10
383 611 10
383 613 10
383 614 10
383 615 10
383 616 10
383 619 10
383 620 10
383 632 10
383 633 10
383 635 10
383 641 10
383 643 10
383 655 10
383 657 10
383 658 10
383 660 10
383 661 10
383 665 10
383 667 10
383 668 10
383 670 10
383 671 10
383 673 10
383 674 10
383 675 10
383 676 10
383 677 10
383 678 10
383 679 10
383 680 10
383 685 10
383 686 10
383 687 10
383 688 10
383 695 10
383 696 10
383 699 10
383 700 10
383 701 10
383 703 10
383 706 10
383 708 10
383 711 10
383 712 10
383 715 10
383 723 10
383 728 10
383 729 10
383 730 10
383 731 10
383 733 10
383 740 10
383 746 10
383 748 10
383 750 10
383 758 10
383 760 10
383 762 10
383 766 10
383 770 10
384 274 10
384 276 10
384 294 10
384 302 10
384 304 10
384 306 10
384 307 10
384 311 10
384 315 10
384 317 10
384 323 10
384 326 10
384 327 10
384 328 10
384 333 10
384 334 10
384 337 10
384 339 10
384 341 10
384 342 10
384 344 10
384 345 10
384 347 10
384 348 10
384 357 10
384 358 10
384 359 10
384 361 10
384 365 10
384 366 10
384 368 10
384 369 10
384 371 10
384 372 10
384 375 10
384 380 10
384 382 10
384 383 10
384 389 10
384 390 10
384 391 10
384 405 10
384 409 10
384 413 10
384 420 10
384 423 10
384 427 10
384 430 10
384 442 10
384 444 10
384 448 10
384 460 10
384 462 10
384 465 10
384 466 10
384 470 10
384 476 10
384 478 10
384 479 10
384 481 10
384 484 10
384 488 10
384 491 10
384 496 10
384 499 10
384 501 10
384 520 10
384 528 10
384 533 10
384 535 10
384 537 10
384 539 10
384 543 10
384 547 10
384 550 10
384 551 10
384 552 10
384 557 10
384 558 10
384 562 10
384 563 10
384 566 10
384 567 10
384 570 10
384 571 10
384 572 10
384 588 10
384 597 10
384 599 10
384 603 10
384 606 10
384 609 10
384 610 10
384 613 10
384 615 10
384 616 10
384 617 10
384 618 10
384 619 10
384 620 10
384 621 10
384 624 10
384 625 10
384 628 10
384 632 10
384 635 10
384 636 10
384 640 10
384 643 10
384 646 10
384 651 10
384 656 10
384 659 10
384 660 10
384 661 10
384 663 10
384 664 10
384 665 10
384 667 10
384 669 10
384 671 10
384 672 10
384 673 10
384 676 10
384 677 10
384 680 10
384 684 10
384 685 10
384 686 10
384 688 10
384 689 10
384 691 10
384 692 10
384 697 10
384 699 10
384 700 10
384 701 10
384 703 10
384 705 10
384 707 10
384 715 10
384 719 10
384 728 10
384 730 10
384 731 10
384 733 10
384 736 10
384 739 10
384 740 10
384 741 10
384 742 10
384 743 10
384 759 10
384 760 10
384 761 10
384 763 10
384 766 10
384 767 10
385 264 10
385 278 10
385 285 10
385 288 10
385 297 10
385 305 10
385 307 10
385 308 10
385 309 10
385 311 10
385 312 10
385 313 10
385 323 10
385 326 10
385 329 10
385 333 10
385 335 10
385 336 10
385 338 10
385 340 10
385 341 10
385 344 10
385 345 10
385 346 10
385 348 10
385 350 10
385 351 10
385 352 10
385 355 10
385 356 10
385 357 10
385 358 10
385 359 10
385 360 10
385 361 10
385 362 10
385 366 10
385 367 10
385 369 10
385 370 10
385 372 10
385 373 10
385 374 10
385 375 10
385 377 10
385 379 10
385 381 10
385 384 10
385 386 10
385 389 10
385 391 10
385 392 10
385 396 10
385 404 10
385 409 10
385 411 10
385 416 10
385 418 10
385 419 10
385 422 10
385 423 10
385 425 10
385 426 10
385 430 10
385 432 10
385 445 10
385 446 10
385 447 10
385 453 10
385 455 10
385 460 10
385 463 10
385 475 10
385 476 10
385 478 10
385 479 10
385 480 10
385 481 10
385 482 10
385 484 10
385 487 10
385 490 10
385 493 10
385 499 10
385 501 10
385 513 10
385 514 10
385 524 10
385 525 10
385 527 10
385 528 10
385 534 10
385 535 10
385 537 10
385 539 10
385 541 10
385 544 10
385 550 10
385 551 10
385 552 10
385 553 10
385 559 10
385 560 10
385 562 10
385 563 10
385 564 10
385 565 10
385 566 10
385 567 10
385 568 10
385 569 10
385 570 10
385 573 10
385 575 10
385 579 10
385 582 10
385 585 10
385 591 10
385 593 10
385 596 10
385 598 10
385 600 10
385 601 10
385 605 10
385 607 10
385 608 10
385 609 10
385 610 10
385 612 10
385 613 10
385 615 10
385 617 10
385 619 10
385 620 10
385 621 10
385 623 10
385 626 10
385 628 10
385 630 10
385 631 10
385 632 10
385 633 10
385 634 10
385 635 10
385 639 10
385 640 10
385 642 10
385 646 10
385 650 10
385 655 10
385 656 10
385 658 10
385 660 10
385 661 10
385 662 10
385 663 10
385 664 10
385 665 10
385 666 10
385 668 10
385 670 10
385 672 10
385 673 10
385 674 10
385 675 10
385 676 10
385 677 10
385 678 10
385 679 10
385 686 10
385 688 10
385 689 10
385 690 10
385 691 10
385 693 10
385 695 10
385 698 10
385 699 10
385 700 10
385 703 10
385 709 10
385 712 10
385 713 10
385 714 10
385 721 10
385 724 10
385 727 10
385 730 10
385 731 10
385 732 10
385 733 10
385 738 10
385 739 10
385 741 10
385 744 10
385 748 10
385 755 10
385 756 10
385 758 10
385 759 10
385 760 10
385 762 10
385 764 10
386 246 10
386 247 10
386 274 10
386 289 10
386 294 10
386 297 10
386 298 10
386 303 10
386 307 10
386 311 10
386 313 10
386 314 10
386 316 10
386 317 10
386 320 10
386 325 10
386 326 10
386 332 10
386 333 10
386 334 10
386 335 10
386 337 10
386 338 10
386 341 10
386 342 10
386 343 10
386 344 10
386 345 10
386 346 10
386 347 10
386 348 10
386 351 10
386 352 10
386 353 10
386 356 10
386 357 10
386 358 10
386 359 10
386 360 10
386 363 10
386 365 10
386 366 10
386 370 10
386 371 10
386 373 10
386 374 10
386 377 10
386 379 10
386 381 10
386 382 10
386 391 10
386 394 10
386 403 10
386 405 10
386 408 10
386 420 10
386 422 10
386 425 10
386 426 10
386 444 10
386 449 10
386 451 10
386 457 10
386 458 10
386 462 10
386 465 10
386 466 10
386 467 10
386 469 10
386 471 10
386 473 10
386 478 10
386 480 10
386 486 10
386 491 10
386 493 10
386 494 10
386 496 10
386 497 10
386 498 10
386 499 10
386 500 10
386 511 10
386 524 10
386 526 10
386 527 10
386 528 10
386 530 10
386 534 10
386 535 10
386 537 10
386 538 10
386 539 10
386 549 10
386 555 10
386 556 10
386 557 10
386 561 10
386 562 10
386 564 10
386 565 10
386 566 10
386 569 10
386 571 10
386 573 10
386 574 10
386 575 10
386 576 10
386 577 10
386 578 10
386 582 10
386 583 10
386 584 10
386 586 10
386 596 10
386 597 10
386 599 10
386 601 10
386 602 10
386 609 10
386 612 10
386 613 10
386 616 10
386 617 10
386 618 10
386 619 10
386 620 10
386 624 10
386 625 10
386 628 10
386 630 10
386 634 10
386 636 10
386 638 10
386 642 10
386 648 10
386 651 10
386 653 10
386 656 10
386 657 10
386 659 10
386 660 10
386 662 10
386 663 10
386 666 10
386 668 10
386 670 10
386 672 10
386 673 10
386 675 10
386 676 10
386 677 10
386 680 10
386 683 10
386 687 10
386 688 10
386 689 10
386 690 10
386 691 10
386 692 10
386 693 10
386 695 10
386 696 10
386 697 10
386 698 10
386 701 10
386 704 10
386 706 10
386 713 10
386 714 10
386 718 10
386 724 10
386 725 10
386 728 10
386 729 10
386 731 10
386 734 10
386 735 10
386 736 10
386 739 10
386 740 10
386 742 10
386 744 10
386 748 10
386 752 10
386 756 10
386 757 10
386 760 10
386 762 10
386 765 10
386 768 10
387 246 10
387 249 10
387 251 10
387 262 10
387 284 10
387 285 10
387 287 10
387 293 10
387 295 10
387 296 10
387 297 10
387 299 10
387 300 10
387 301 10
387 304 10
387 305 10
387 306 10
387 307 10
387 308 10
387 309 10
387 310 10
387 311 10
387 312 10
387 313 10
387 315 10
387 316 10
387 327 10
387 329 10
387 334 10
387 335 10
387 340 10
387 342 10
387 343 10
387 344 10
387 346 10
387 348 10
387 350 10
387 353 10
387 354 10
387 355 10
387 356 10
387 357 10
387 360 10
387 361 10
387 362 10
387 364 10
387 365 10
387 366 10
387 369 10
387 371 10
387 372 10
387 374 10
387 376 10
387 377 10
387 379 10
387 380 10
387 381 10
387 382 10
387 390 10
387 417 10
387 421 10
387 423 10
387 424 10
387 425 10
387 431 10
387 446 10
387 448 10
387 449 10
387 451 10
387 457 10
387 460 10
387 461 10
387 464 10
387 466 10
387 468 10
387 470 10
387 472 10
387 473 10
387 481 10
387 482 10
387 489 10
387 492 10
387 493 10
387 494 10
387 495 10
387 496 10
387 498 10
387 501 10
387 503 10
387 504 10
387 508 10
387 511 10
387 518 10
387 524 10
387 529 10
387 533 10
387 534 10
387 536 10
387 538 10
387 539 10
387 541 10
387 543 10
387 545 10
387 547 10
387 552 10
387 558 10
387 559 10
387 562 10
387 563 10
387 564 10
387 565 10
387 566 10
387 568 10
387 572 10
387 574 10
387 575 10
387 580 10
387 581 10
387 583 10
387 586 10
387 587 10
387 588 10
387 589 10
387 591 10
387 595 10
387 596 10
387 597 10
387 600 10
387 601 10
387 603 10
387 605 10
387 607 10
387 608 10
387 609 10
387 611 10
387 613 10
387 614 10
387 620 10
387 622 10
387 623 10
387 626 10
387 627 10
387 628 10
387 630 10
387 632 10
387 633 10
387 634 10
387 635 10
387 636 10
387 637 10
387 639 10
387 642 10
387 645 10
387 646 10
387 647 10
387 648 10
387 655 10
387 656 10
387 657 10
387 659 10
387 661 10
387 663 10
387 664 10
387 665 10
387 666 10
387 667 10
387 668 10
387 670 10
387 671 10
387 672 10
387 673 10
387 674 10
387 676 10
387 677 10
387 678 10
387 679 10
387 681 10
387 682 10
387 683 10
387 684 10
387 686 10
387 687 10
387 689 10
387 690 10
387 691 10
387 694 10
387 699 10
387 702 10
387 710 10
387 719 10
387 720 10
387 722 10
387 723 10
387 726 10
387 727 10
387 740 10
387 741 10
387 743 10
387 745 10
387 746 10
387 747 10
387 751 10
387 755 10
387 756 10
387 760 10
388 247 10
388 249 10
388 250 10
388 251 10
388 252 10
388 257 10
388 259 10
388 260 10
388 261 10
388 282 10
388 284 10
388 296 10
388 297 10
388 298 10
388 300 10
388 303 10
388 307 10
388 311 10
388 313 10
388 316 10
388 318 10
388 326 10
388 328 10
388 329 10
388 332 10
388 341 10
388 342 10
388 344 10
388 348 10
388 350 10
388 351 10
388 352 10
388 353 10
388 355 10
388 356 10
388 359 10
388 360 10
388 363 10
388 364 10
388 370 10
388 372 10
388 373 10
388 374 10
388 375 10
388 376 10
388 377 10
388 378 10
388 384 10
388 400 10
388 401 10
388 403 10
388 406 10
388 408 10
388 419 10
388 420 10
388 421 10
388 423 10
388 424 10
388 425 10
388 426 10
388 431 10
388 432 10
388 438 10
388 443 10
388 445 10
388 447 10
388 448 10
388 449 10
388 450 10
388 455 10
388 457 10
388 459 10
388 460 10
388 461 10
388 464 10
388 466 10
388 471 10
388 474 10
388 475 10
388 476 10
388 480 10
388 482 10
388 484 10
388 488 10
388 490 10
388 491 10
388 492 10
388 493 10
388 494 10
388 495 10
388 497 10
388 498 10
388 499 10
388 500 10
388 501 10
388 503 10
388 511 10
388 514 10
388 520 10
388 527 10
388 529 10
388 533 10
388 537 10
388 539 10
388 541 10
388 542 10
388 544 10
388 545 10
388 549 10
388 551 10
388 556 10
388 557 10
388 559 10
388 561 10
388 563 10
388 566 10
388 576 10
388 579 10
388 581 10
388 584 10
388 586 10
388 596 10
388 603 10
388 604 10
388 605 10
388 606 10
388 607 10
388 608 10
388 610 10
388 612 10
388 614 10
388 615 10
388 616 10
388 617 10
388 618 10
388 625 10
388 634 10
388 635 10
388 636 10
388 637 10
388 638 10
388 641 10
388 643 10
388 648 10
388 650 10
388 654 10
388 656 10
388 658 10
388 659 10
388 661 10
388 662 10
388 663 10
388 664 10
388 665 10
388 667 10
388 669 10
388 672 10
388 674 10
388 675 10
388 676 10
388 677 10
388 678 10
388 683 10
388 688 10
388 690 10
388 691 10
388 692 10
388 693 10
388 694 10
388 696 10
388 706 10
388 716 10
388 718 10
388 720 10
388 721 10
388 722 10
388 724 10
388 726 10
388 729 10
388 730 10
388 732 10
388 733 10
388 734 10
388 736 10
388 737 10
388 738 10
388 745 10
388 747 10
388 752 10
388 754 10
388 756 10
388 758 10
388 759 10
388 762 10
388 765 10
389 247 10
389 250 10
389 252 10
389 257 10
389 259 10
389 260 10
389 261 10
389 286 10
389 293 10
389 309 10
389 310 10
389 312 10
389 315 10
389 316 10
389 317 10
389 319 10
389 328 10
389 330 10
389 332 10
389 335 10
389 340 10
389 345 10
389 356 10
389 357 10
389 358 10
389 359 10
389 360 10
389 362 10
389 366 10
389 369 10
389 370 10
389 371 10
389 372 10
389 374 10
389 375 10
389 377 10
389 380 10
389 381 10
389 383 10
389 398 10
389 399 10
389 400 10
389 402 10
389 404 10
389 408 10
389 409 10
389 413 10
389 414 10
389 416 10
389 418 10
389 419 10
389 421 10
389 423 10
389 436 10
389 439 10
389 443 10
389 444 10
389 448 10
389 449 10
389 454 10
389 455 10
389 456 10
389 457 10
389 458 10
389 461 10
389 463 10
389 464 10
389 465 10
389 469 10
389 470 10
389 473 10
389 474 10
389 482 10
389 489 10
389 490 10
389 492 10
389 493 10
389 494 10
389 495 10
389 497 10
389 498 10
389 499 10
389 500 10
389 510 10
389 519 10
389 526 10
389 527 10
389 529 10
389 530 10
389 533 10
389 540 10
389 541 10
389 542 10
389 546 10
389 549 10
389 553 10
389 559 10
389 560 10
389 561 10
389 568 10
389 573 10
389 574 10
389 576 10
389 579 10
389 584 10
389 589 10
389 593 10
389 596 10
389 598 10
389 600 10
389 601 10
389 603 10
389 608 10
389 609 10
389 610 10
389 611 10
389 613 10
389 617 10
389 618 10
389 619 10
389 621 10
389 624 10
389 625 10
389 632 10
389 636 10
389 639 10
389 644 10
389 645 10
389 646 10
389 648 10
389 649 10
389 650 10
389 654 10
389 656 10
389 662 10
389 663 10
389 664 10
389 665 10
389 667 10
389 670 10
389 671 10
389 672 10
389 673 10
389 674 10
389 675 10
389 676 10
389 682 10
389 685 10
389 686 10
389 691 10
389 692 10
389 700 10
389 701 10
389 710 10
389 714 10
389 722 10
389 723 10
389 724 10
389 726 10
389 729 10
389 731 10
389 733 10
389 734 10
389 736 10
389 738 10
389 742 10
389 743 10
389 746 10
389 750 10
389 753 10
389 754 10
389 756 10
389 757 10
389 758 10
390 247 10
390 248 10
390 249 10
390 251 10
390 252 10
390 254 10
390 256 10
390 257 10
390 258 10
390 261 10
390 292 10
390 295 10
390 303 10
390 304 10
390 308 10
390 309 10
390 310 10
390 311 10
390 312 10
390 313 10
390 317 10
390 318 10
390 319 10
390 321 10
390 324 10
390 326 10
390 327 10
390 328 10
390 333 10
390 334 10
390 336 10
390 342 10
390 345 10
390 346 10
390 347 10
390 348 10
390 350 10
390 353 10
390 354 10
390 355 10
390 356 10
390 360 10
390 361 10
390 363 10
390 364 10
390 365 10
390 366 10
390 367 10
390 368 10
390 369 10
390 370 10
390 372 10
390 374 10
390 375 10
390 376 10
390 377 10
390 378 10
390 379 10
390 381 10
390 388 10
390 390 10
390 403 10
390 406 10
390 407 10
390 409 10
390 414 10
390 415 10
390 418 10
390 419 10
390 420 10
390 421 10
390 425 10
390 432 10
390 434 10
390 436 10
390 439 10
390 442 10
390 444 10
390 445 10
390 446 10
390 447 10
390 456 10
390 457 10
390 458 10
390 460 10
390 461 10
390 462 10
390 469 10
390 470 10
390 476 10
390 479 10
390 481 10
390 484 10
390 487 10
390 489 10
390 490 10
390 492 10
390 494 10
390 495 10
390 496 10
390 497 10
390 498 10
390 504 10
390 510 10
390 514 10
390 520 10
390 526 10
390 528 10
390 531 10
390 533 10
390 535 10
390 537 10
390 541 10
390 543 10
390 544 10
390 545 10
390 547 10
390 549 10
390 554 10
390 555 10
390 556 10
390 560 10
390 562 10
390 563 10
390 568 10
390 569 10
390 570 10
390 573 10
390 575 10
390 580 10
390 581 10
390 584 10
390 588 10
390 590 10
390 599 10
390 605 10
390 606 10
390 609 10
390 610 10
390 611 10
390 612 10
390 618 10
390 621 10
390 622 10
390 628 10
390 633 10
390 634 10
390 635 10
390 638 10
390 643 10
390 644 10
390 647 10
390 649 10
390 650 10
390 653 10
390 655 10
390 662 10
390 663 10
390 664 10
390 665 10
390 666 10
390 670 10
390 671 10
390 673 10
390 674 10
390 675 10
390 676 10
390 684 10
390 686 10
390 687 10
390 689 10
390 690 10
390 692 10
390 693 10
390 694 10
390 697 10
390 698 10
390 702 10
390 705 10
390 712 10
390 714 10
390 717 10
390 721 10
390 722 10
390 724 10
390 728 10
390 729 10
390 732 10
390 733 10
390 735 10
390 736 10
390 738 10
390 745 10
390 746 10
390 747 10
390 752 10
390 758 10
391 250 10
391 251 10
391 252 10
391 253 10
391 254 10
391 255 10
391 256 10
391 257 10
391 258 10
391 259 10
391 260 10
391 261 10
391 263 10
391 293 10
391 294 10
391 297 10
391 306 10
391 307 10
391 308 10
391 312 10
391 313 10
391 319 10
391 320 10
391 323 10
391 325 10
391 327 10
391 330 10
391 331 10
391 339 10
391 341 10
391 342 10
391 344 10
391 345 10
391 348 10
391 349 10
391 350 10
391 353 10
391 357 10
391 358 10
391 360 10
391 362 10
391 366 10
391 367 10
391 368 10
391 369 10
391 371 10
391 372 10
391 373 10
391 374 10
391 375 10
391 376 10
391 377 10
391 382 10
391 383 10
391 386 10
391 390 10
391 404 10
391 405 10
391 406 10
391 407 10
391 408 10
391 412 10
391 413 10
391 415 10
391 416 10
391 417 10
391 427 10
391 428 10
391 429 10
391 438 10
391 441 10
391 442 10
391 443 10
391 444 10
391 446 10
391 447 10
391 455 10
391 460 10
391 465 10
391 468 10
391 469 10
391 480 10
391 486 10
391 487 10
391 489 10
391 490 10
391 491 10
391 492 10
391 493 10
391 494 10
391 497 10
391 498 10
391 504 10
391 506 10
391 528 10
391 530 10
391 532 10
391 533 10
391 539 10
391 551 10
391 554 10
391 556 10
391 558 10
391 561 10
391 567 10
391 569 10
391 576 10
391 577 10
391 582 10
391 583 10
391 584 10
391 586 10
391 589 10
391 595 10
391 596 10
391 603 10
391 609 10
391 611 10
391 613 10
391 615 10
391 616 10
391 632 10
391 641 10
391 642 10
391 643 10
391 645 10
391 646 10
391 648 10
391 649 10
391 650 10
391 652 10
391 654 10
391 656 10
391 661 10
391 663 10
391 664 10
391 666 10
391 670 10
391 671 10
391 672 10
391 673 10
391 674 10
391 675 10
391 677 10
391 678 10
391 684 10
391 685 10
391 686 10
391 689 10
391 690 10
391 691 10
391 694 10
391 696 10
391 699 10
391 700 10
391 703 10
391 708 10
391 709 10
391 711 10
391 719 10
391 721 10
391 724 10
391 725 10
391 726 10
391 729 10
391 730 10
391 731 10
391 732 10
391 734 10
391 735 10
391 736 10
391 738 10
391 743 10
392 248 10
392 249 10
392 251 10
392 253 10
392 254 10
392 256 10
392 257 10
392 258 10
392 259 10
392 260 10
392 261 10
392 296 10
392 300 10
392 302 10
392 303 10
392 311 10
392 314 10
392 316 10
392 317 10
392 319 10
392 321 10
392 326 10
392 327 10
392 329 10
392 333 10
392 335 10
392 337 10
392 343 10
392 344 10
392 348 10
392 349 10
392 351 10
392 355 10
392 359 10
392 363 10
392 364 10
392 365 10
392 367 10
392 368 10
392 369 10
392 370 10
392 371 10
392 373 10
392 374 10
392 376 10
392 380 10
392 384 10
392 387 10
392 388 10
392 393 10
392 398 10
392 399 10
392 400 10
392 401 10
392 403 10
392 406 10
392 407 10
392 409 10
392 410 10
392 415 10
392 416 10
392 417 10
392 419 10
392 421 10
392 422 10
392 426 10
392 427 10
392 429 10
392 430 10
392 435 10
392 436 10
392 437 10
392 438 10
392 439 10
392 440 10
392 443 10
392 456 10
392 458 10
392 462 10
392 470 10
392 478 10
392 481 10
392 483 10
392 487 10
392 488 10
392 489 10
392 490 10
392 491 10
392 492 10
392 493 10
392 494 10
392 495 10
392 498 10
392 506 10
392 509 10
392 514 10
392 518 10
392 519 10
392 520 10
392 521 10
392 525 10
392 526 10
392 527 10
392 531 10
392 532 10
392 533 10
392 534 10
392 540 10
392 543 10
392 544 10
392 546 10
392 547 10
392 550 10
392 551 10
392 554 10
392 555 10
392 557 10
392 560 10
392 567 10
392 569 10
392 573 10
392 574 10
392 575 10
392 579 10
392 580 10
392 581 10
392 582 10
392 585 10
392 595 10
392 598 10
392 603 10
392 606 10
392 608 10
392 611 10
392 612 10
392 618 10
392 621 10
392 623 10
392 627 10
392 628 10
392 629 10
392 631 10
392 632 10
392 633 10
392 638 10
392 640 10
392 645 10
392 646 10
392 647 10
392 648 10
392 651 10
392 653 10
392 654 10
392 658 10
392 659 10
392 661 10
392 671 10
392 672 10
392 675 10
392 676 10
392 677 10
392 678 10
392 681 10
392 682 10
392 683 10
392 686 10
392 687 10
392 689 10
392 691 10
392 692 10
392 694 10
392 695 10
392 696 10
392 698 10
392 699 10
392 701 10
392 708 10
392 711 10
392 718 10
392 721 10
392 722 10
392 726 10
392 729 10
392 730 10
392 733 10
392 734 10
392 736 10
392 745 10
392 758 10
392 760 10
392 761 10
392 763 10
393 250 10
393 251 10
393 252 10
393 253 10
393 254 10
393 255 10
393 256 10
393 257 10
393 258 10
393 259 10
393 260 10
393 262 10
393 263 10
393 265 10
393 306 10
393 312 10
393 317 10
393 322 10
393 323 10
393 324 10
393 325 10
393 328 10
393 329 10
393 330 10
393 331 10
393 334 10
393 335 10
393 340 10
393 341 10
393 344 10
393 345 10
393 347 10
393 348 10
393 349 10
393 351 10
393 352 10
393 353 10
393 355 10
393 357 10
393 359 10
393 361 10
393 362 10
393 366 10
393 367 10
393 368 10
393 369 10
393 370 10
393 371 10
393 372 10
393 373 10
393 375 10
393 376 10
393 378 10
393 379 10
393 380 10
393 381 10
393 382 10
393 384 10
393 385 10
393 386 10
393 389 10
393 397 10
393 401 10
393 402 10
393 403 10
393 405 10
393 407 10
393 412 10
393 414 10
393 419 10
393 426 10
393 427 10
393 429 10
393 431 10
393 433 10
393 434 10
393 435 10
393 436 10
393 441 10
393 442 10
393 443 10
393 446 10
393 455 10
393 457 10
393 470 10
393 479 10
393 480 10
393 484 10
393 486 10
393 488 10
393 489 10
393 490 10
393 491 10
393 492 10
393 493 10
393 495 10
393 504 10
393 521 10
393 525 10
393 527 10
393 528 10
393 530 10
393 531 10
393 539 10
393 545 10
393 546 10
393 547 10
393 548 10
393 549 10
393 554 10
393 557 10
393 559 10
393 560 10
393 562 10
393 563 10
393 565 10
393 573 10
393 581 10
393 583 10
393 585 10
393 587 10
393 590 10
393 592 10
393 595 10
393 597 10
393 600 10
393 602 10
393 605 10
393 608 10
393 614 10
393 615 10
393 618 10
393 620 10
393 622 10
393 632 10
393 634 10
393 635 10
393 637 10
393 641 10
393 642 10
393 644 10
393 645 10
393 646 10
393 647 10
393 648 10
393 649 10
393 651 10
393 652 10
393 655 10
393 656 10
393 663 10
393 672 10
393 673 10
393 674 10
393 675 10
393 676 10
393 677 10
393 678 10
393 679 10
393 680 10
393 681 10
393 682 10
393 683 10
393 684 10
393 687 10
393 694 10
393 698 10
393 701 10
393 720 10
393 721 10
393 722 10
393 727 10
393 732 10
393 734 10
393 735 10
393 741 10
393 747 10
393 749 10
393 750 10
394 254 10
394 255 10
394 256 10
394 257 10
394 258 10
394 259 10
394 261 10
394 262 10
394 284 10
394 286 10
394 299 10
394 303 10
394 308 10
394 309 10
394 312 10
394 313 10
394 319 10
394 320 10
394 322 10
394 324 10
394 329 10
394 335 10
394 336 10
394 341 10
394 343 10
394 345 10
394 347 10
394 348 10
394 349 10
394 350 10
394 351 10
394 352 10
394 354 10
394 355 10
394 356 10
394 357 10
394 358 10
394 360 10
394 362 10
394 363 10
394 366 10
394 367 10
394 368 10
394 369 10
394 370 10
394 371 10
394 372 10
394 373 10
394 374 10
394 377 10
394 378 10
394 381 10
394 383 10
394 384 10
394 385 10
394 388 10
394 389 10
394 391 10
394 395 10
394 403 10
394 409 10
394 410 10
394 412 10
394 423 10
394 426 10
394 427 10
394 428 10
394 431 10
394 438 10
394 439 10
394 440 10
394 441 10
394 453 10
394 455 10
394 458 10
394 461 10
394 469 10
394 480 10
394 488 10
394 489 10
394 490 10
394 492 10
394 493 10
394 495 10
394 525 10
394 526 10
394 528 10
394 532 10
394 534 10
394 536 10
394 540 10
394 541 10
394 543 10
394 545 10
394 548 10
394 553 10
394 555 10
394 556 10
394 565 10
394 566 10
394 579 10
394 580 10
394 582 10
394 583 10
394 584 10
394 586 10
394 588 10
394 590 10
394 591 10
394 593 10
394 596 10
394 597 10
394 605 10
394 607 10
394 608 10
394 609 10
394 610 10
394 611 10
394 615 10
394 616 10
394 618 10
394 619 10
394 628 10
394 630 10
394 632 10
394 633 10
394 639 10
394 640 10
394 641 10
394 642 10
394 644 10
394 645 10
394 646 10
394 648 10
394 650 10
394 651 10
394 655 10
394 658 10
394 670 10
394 671 10
394 675 10
394 676 10
394 677 10
394 678 10
394 679 10
394 680 10
394 681 10
394 682 10
394 683 10
394 684 10
394 685 10
394 686 10
394 688 10
394 689 10
394 691 10
394 694 10
394 700 10
394 701 10
394 703 10
394 721 10
394 723 10
394 724 10
394 726 10
394 727 10
394 738 10
394 742 10
394 745 10
394 751 10
394 753 10
394 763 10
395 240 10
395 241 10
395 243 10
395 253 10
395 254 10
395 255 10
395 256 10
395 258 10
395 259 10
395 260 10
395 287 10
395 288 10
395 291 10
395 301 10
395 304 10
395 305 10
395 306 10
395 307 10
395 312 10
395 321 10
395 322 10
395 324 10
395 327 10
395 329 10
395 334 10
395 335 10
395 336 10
395 338 10
395 344 10
395 349 10
395 350 10
395 355 10
395 357 10
395 358 10
395 360 10
395 361 10
395 362 10
395 365 10
395 366 10
395 368 10
395 369 10
395 370 10
395 371 10
395 372 10
395 373 10
395 375 10
395 376 10
395 377 10
395 378 10
395 380 10
395 383 10
395 384 10
395 385 10
395 386 10
395 387 10
395 389 10
395 391 10
395 394 10
395 396 10
395 402 10
395 406 10
395 414 10
395 422 10
395 423 10
395 428 10
395 429 10
395 430 10
395 431 10
395 432 10
395 435 10
395 437 10
395 441 10
395 444 10
395 454 10
395 455 10
395 458 10
395 470 10
395 471 10
395 476 10
395 483 10
395 486 10
395 488 10
395 490 10
395 491 10
395 492 10
395 493 10
395 494 10
395 495 10
395 498 10
395 504 10
395 506 10
395 515 10
395 517 10
395 523 10
395 526 10
395 527 10
395 528 10
395 530 10
395 534 10
395 536 10
395 537 10
395 538 10
395 539 10
395 542 10
395 546 10
395 549 10
395 553 10
395 557 10
395 562 10
395 563 10
395 574 10
395 575 10
395 580 10
395 581 10
395 582 10
395 583 10
395 584 10
395 585 10
395 587 10
395 588 10
395 592 10
395 601 10
395 602 10
395 608 10
395 609 10
395 616 10
395 630 10
395 631 10
395 632 10
395 638 10
395 639 10
395 641 10
395 644 10
395 645 10
395 646 10
395 647 10
395 648 10
395 649 10
395 650 10
395 653 10
395 654 10
395 655 10
395 671 10
395 673 10
395 675 10
395 676 10
395 677 10
395 678 10
395 679 10
395 680 10
395 682 10
395 686 10
395 689 10
395 690 10
395 692 10
395 702 10
395 703 10
395 720 10
395 721 10
395 725 10
395 726 10
395 729 10
395 730 10
395 732 10
395 733 10
395 734 10
395 735 10
395 737 10
395 740 10
395 741 10
395 743 10
395 747 10
395 748 10
395 749 10
395 752 10
395 753 10
395 757 10
396 239 10
396 241 10
396 251 10
396 253 10
396 255 10
396 256 10
396 258 10
396 259 10
396 260 10
396 261 10
396 262 10
396 264 10
396 265 10
396 267 10
396 269 10
396 285 10
396 287 10
396 289 10
396 291 10
396 293 10
396 298 10
396 302 10
396 306 10
396 307 10
396 308 10
396 310 10
396 313 10
396 317 10
396 318 10
396 321 10
396 323 10
396 324 10
396 326 10
396 328 10
396 331 10
396 334 10
396 341 10
396 342 10
396 346 10
396 347 10
396 351 10
396 355 10
396 358 10
396 359 10
396 364 10
396 368 10
396 370 10
396 371 10
396 372 10
396 373 10
396 374 10
396 375 10
396 378 10
396 382 10
396 383 10
396 384 10
396 385 10
396 387 10
396 389 10
396 391 10
396 392 10
396 394 10
396 398 10
396 403 10
396 404 10
396 410 10
396 413 10
396 414 10
396 418 10
396 421 10
396 424 10
396 425 10
396 430 10
396 433 10
396 434 10
396 436 10
396 437 10
396 440 10
396 457 10
396 468 10
396 469 10
396 470 10
396 474 10
396 475 10
396 482 10
396 485 10
396 486 10
396 487 10
396 488 10
396 489 10
396 491 10
396 492 10
396 493 10
396 496 10
396 505 10
396 506 10
396 517 10
396 525 10
396 526 10
396 528 10
396 530 10
396 534 10
396 536 10
396 537 10
396 538 10
396 539 10
396 541 10
396 543 10
396 544 10
396 545 10
396 546 10
396 550 10
396 551 10
396 552 10
396 556 10
396 560 10
396 561 10
396 562 10
396 563 10
396 564 10
396 573 10
396 576 10
396 579 10
396 580 10
396 582 10
396 583 10
396 584 10
396 586 10
396 587 10
396 588 10
396 589 10
396 596 10
396 597 10
396 608 10
396 609 10
396 610 10
396 613 10
396 616 10
396 623 10
396 628 10
396 634 10
396 635 10
396 636 10
396 639 10
396 644 10
396 645 10
396 646 10
396 648 10
396 651 10
396 652 10
396 655 10
396 657 10
396 659 10
396 668 10
396 671 10
396 672 10
396 673 10
396 674 10
396 676 10
396 677 10
396 679 10
396 680 10
396 681 10
396 682 10
396 688 10
396 690 10
396 691 10
396 693 10
396 698 10
396 700 10
396 702 10
396 703 10
396 705 10
396 709 10
396 710 10
396 714 10
396 722 10
396 723 10
396 727 10
396 729 10
396 730 10
396 737 10
396 738 10
396 741 10
396 742 10
396 744 10
396 745 10
396 749 10
396 750 10
396 752 10
396 753 10
396 756 10
396 763 10
397 237 10
397 253 10
397 254 10
397 255 10
397 258 10
397 259 10
397 262 10
397 264 10
397 265 10
397 267 10
397 297 10
397 300 10
397 307 10
397 308 10
397 309 10
397 311 10
397 312 10
397 319 10
397 324 10
397 325 10
397 326 10
397 327 10
397 328 10
397 329 10
397 332 10
397 334 10
397 339 10
397 340 10
397 342 10
397 345 10
397 347 10
397 349 10
397 350 10
397 355 10
397 356 10
397 358 10
397 360 10
397 363 10
397 364 10
397 365 10
397 366 10
397 368 10
397 369 10
397 370 10
397 372 10
397 373 10
397 375 10
397 378 10
397 379 10
397 384 10
397 385 10
397 386 10
397 387 10
397 388 10
397 389 10
397 390 10
397 393 10
397 396 10
397 397 10
397 399 10
397 400 10
397 401 10
397 405 10
397 406 10
397 415 10
397 420 10
397 422 10
397 424 10
397 427 10
397 430 10
397 433 10
397 435 10
397 436 10
397 438 10
397 443 10
397 444 10
397 450 10
397 451 10
397 454 10
397 455 10
397 457 10
397 461 10
397 463 10
397 465 10
397 468 10
397 469 10
397 471 10
397 472 10
397 475 10
397 476 10
397 477 10
397 479 10
397 482 10
397 486 10
397 493 10
397 494 10
397 495 10
397 496 10
397 497 10
397 503 10
397 508 10
397 510 10
397 511 10
397 519 10
397 520 10
397 528 10
397 529 10
397 531 10
397 533 10
397 534 10
397 538 10
397 539 10
397 540 10
397 541 10
397 543 10
397 544 10
397 547 10
397 548 10
397 550 10
397 553 10
397 557 10
397 560 10
397 565 10
397 571 10
397 572 10
397 578 10
397 580 10
397 582 10
397 585 10
397 586 10
397 590 10
397 604 10
397 608 10
397 611 10
397 612 10
397 613 10
397 614 10
397 615 10
397 618 10
397 621 10
397 632 10
397 633 10
397 634 10
397 636 10
397 637 10
397 638 10
397 640 10
397 642 10
397 643 10
397 644 10
397 646 10
397 647 10
397 648 10
397 650 10
397 657 10
397 666 10
397 677 10
397 679 10
397 680 10
397 685 10
397 690 10
397 691 10
397 692 10
397 695 10
397 697 10
397 705 10
397 709 10
397 711 10
397 712 10
397 713 10
397 717 10
397 720 10
397 721 10
397 723 10
397 725 10
397 730 10
397 734 10
397 735 10
397 737 10
397 738 10
397 739 10
397 740 10
397 747 10
397 751 10
397 754 10
397 762 10
397 765 10
398 244 10
398 245 10
398 248 10
398 252 10
398 254 10
398 257 10
398 258 10
398 259 10
398 260 10
398 261 10
398 262 10
398 264 10
398 265 10
398 272 10
398 273 10
398 283 10
398 284 10
398 287 10
398 288 10
398 297 10
398 298 10
398 299 10
398 302 10
398 304 10
398 306 10
398 307 10
398 309 10
398 310 10
398 326 10
398 327 10
398 328 10
398 332 10
398 333 10
398 348 10
398 351 10
398 354 10
398 356 10
398 357 10
398 360 10
398 365 10
398 366 10
398 367 10
398 369 10
398 370 10
398 371 10
398 373 10
398 375 10
398 377 10
398 378 10
398 381 10
398 382 10
398 383 10
398 384 10
398 385 10
398 387 10
398 388 10
398 390 10
398 392 10
398 393 10
398 394 10
398 395 10
398 396 10
398 397 10
398 399 10
398 401 10
398 403 10
398 405 10
398 407 10
398 412 10
398 414 10
398 422 10
398 423 10
398 425 10
398 427 10
398 430 10
398 432 10
398 433 10
398 434 10
398 436 10
398 439 10
398 453 10
398 458 10
398 459 10
398 464 10
398 466 10
398 467 10
398 468 10
398 469 10
398 470 10
398 471 10
398 473 10
398 478 10
398 479 10
398 481 10
398 488 10
398 490 10
398 492 10
398 505 10
398 511 10
398 513 10
398 514 10
398 516 10
398 524 10
398 526 10
398 527 10
398 528 10
398 532 10
398 536 10
398 538 10
398 540 10
398 542 10
398 544 10
398 545 10
398 547 10
398 549 10
398 550 10
398 551 10
398 552 10
398 554 10
398 555 10
398 556 10
398 559 10
398 561 10
398 563 10
398 572 10
398 573 10
398 576 10
398 580 10
398 583 10
398 584 10
398 586 10
398 587 10
398 597 10
398 599 10
398 601 10
398 602 10
398 608 10
398 609 10
398 610 10
398 611 10
398 615 10
398 616 10
398 617 10
398 618 10
398 621 10
398 622 10
398 627 10
398 628 10
398 629 10
398 637 10
398 638 10
398 640 10
398 642 10
398 643 10
398 644 10
398 645 10
398 646 10
398 647 10
398 648 10
398 649 10
398 650 10
398 652 10
398 658 10
398 659 10
398 667 10
398 669 10
398 670 10
398 673 10
398 677 10
398 679 10
398 689 10
398 696 10
398 697 10
398 698 10
398 702 10
398 703 10
398 711 10
398 712 10
398 716 10
398 717 10
398 720 10
398 722 10
398 723 10
398 724 10
398 725 10
398 728 10
398 730 10
398 732 10
398 734 10
398 737 10
398 739 10
398 740 10
398 741 10
398 742 10
398 743 10
398 744 10
398 745 10
398 747 10
398 751 10
398 752 10
398 753 10
398 756 10
399 234 10
399 241 10
399 242 10
399 243 10
399 246 10
399 248 10
399 251 10
399 252 10
399 253 10
399 254 10
399 256 10
399 258 10
399 259 10
399 260 10
399 262 10
399 264 10
399 265 10
399 266 10
399 274 10
399 286 10
399 288 10
399 290 10
399 300 10
399 301 10
399 304 10
399 305 10
399 306 10
399 308 10
399 309 10
399 310 10
399 311 10
399 323 10
399 325 10
399 326 10
399 327 10
399 328 10
399 329 10
399 331 10
399 333 10
399 335 10
399 336 10
399 345 10
399 347 10
399 349 10
399 351 10
399 353 10
399 358 10
399 362 10
399 367 10
399 368 10
399 371 10
399 372 10
399 373 10
399 375 10
399 376 10
399 377 10
399 378 10
399 379 10
399 383 10
399 384 10
399 385 10
399 386 10
399 387 10
399 390 10
399 392 10
399 393 10
399 395 10
399 398 10
399 399 10
399 401 10
399 404 10
399 408 10
399 414 10
399 420 10
399 421 10
399 424 10
399 431 10
399 434 10
399 435 10
399 442 10
399 450 10
399 452 10
399 455 10
399 457 10
399 458 10
399 460 10
399 466 10
399 469 10
399 471 10
399 472 10
399 480 10
399 486 10
399 491 10
399 492 10
399 495 10
399 510 10
399 512 10
399 513 10
399 516 10
399 524 10
399 525 10
399 526 10
399 533 10
399 534 10
399 535 10
399 542 10
399 543 10
399 544 10
399 545 10
399 546 10
399 547 10
399 548 10
399 549 10
399 550 10
399 551 10
399 553 10
399 554 10
399 556 10
399 562 10
399 564 10
399 565 10
399 566 10
399 571 10
399 574 10
399 576 10
399 578 10
399 582 10
399 583 10
399 584 10
399 585 10
399 586 10
399 588 10
399 599 10
399 600 10
399 602 10
399 603 10
399 604 10
399 605 10
399 607 10
399 609 10
399 611 10
399 613 10
399 622 10
399 623 10
399 624 10
399 625 10
399 628 10
399 637 10
399 639 10
399 640 10
399 644 10
399 645 10
399 646 10
399 648 10
399 649 10
399 651 10
399 658 10
399 660 10
399 665 10
399 667 10
399 671 10
399 673 10
399 680 10
399 682 10
399 683 10
399 691 10
399 692 10
399 693 10
399 698 10
399 699 10
399 701 10
399 706 10
399 709 10
399 713 10
399 714 10
399 715 10
399 716 10
399 719 10
399 721 10
399 722 10
399 726 10
399 729 10
399 731 10
399 737 10
399 741 10
399 743 10
399 744 10
399 746 10
399 748 10
399 750 10
400 246 10
400 251 10
400 252 10
400 254 10
400 257 10
400 258 10
400 261 10
400 262 10
400 263 10
400 264 10
400 266 10
400 286 10
400 300 10
400 306 10
400 307 10
400 308 10
400 318 10
400 323 10
400 324 10
400 325 10
400 326 10
400 327 10
400 328 10
400 331 10
400 333 10
400 335 10
400 351 10
400 353 10
400 354 10
400 355 10
400 357 10
400 360 10
400 364 10
400 367 10
400 368 10
400 370 10
400 371 10
400 375 10
400 382 10
400 383 10
400 387 10
400 388 10
400 389 10
400 392 10
400 394 10
400 395 10
400 397 10
400 398 10
400 401 10
400 403 10
400 416 10
400 420 10
400 423 10
400 424 10
400 425 10
400 429 10
400 430 10
400 431 10
400 432 10
400 433 10
400 434 10
400 436 10
400 438 10
400 439 10
400 453 10
400 454 10
400 458 10
400 459 10
400 462 10
400 464 10
400 465 10
400 466 10
400 467 10
400 468 10
400 469 10
400 471 10
400 476 10
400 478 10
400 484 10
400 491 10
400 492 10
400 493 10
400 494 10
400 495 10
400 503 10
400 508 10
400 511 10
400 513 10
400 515 10
400 518 10
400 520 10
400 521 10
400 523 10
400 528 10
400 529 10
400 530 10
400 534 10
400 540 10
400 542 10
400 543 10
400 544 10
400 546 10
400 547 10
400 549 10
400 550 10
400 551 10
400 552 10
400 553 10
400 554 10
400 557 10
400 560 10
400 561 10
400 564 10
400 566 10
400 569 10
400 572 10
400 578 10
400 580 10
400 582 10
400 585 10
400 586 10
400 597 10
400 598 10
400 599 10
400 603 10
400 604 10
400 607 10
400 610 10
400 611 10
400 623 10
400 625 10
400 626 10
400 629 10
400 630 10
400 631 10
400 641 10
400 642 10
400 644 10
400 645 10
400 646 10
400 647 10
400 648 10
400 649 10
400 658 10
400 659 10
400 660 10
400 662 10
400 669 10
400 670 10
400 672 10
400 673 10
400 675 10
400 676 10
400 677 10
400 680 10
400 682 10
400 688 10
400 692 10
400 699 10
400 702 10
400 705 10
400 707 10
400 708 10
400 712 10
400 714 10
400 716 10
400 721 10
400 724 10
400 728 10
400 733 10
400 737 10
400 739 10
400 740 10
400 741 10
400 742 10
400 743 10
400 744 10
400 745 10
400 746 10
400 747 10
400 748 10
400 752 10
401 247 10
401 249 10
401 252 10
401 253 10
401 255 10
401 256 10
401 257 10
401 259 10
401 260 10
401 262 10
401 263 10
401 264 10
401 267 10
401 284 10
401 285 10
401 286 10
401 287 10
401 293 10
401 294 10
401 296 10
401 297 10
401 298 10
401 302 10
401 303 10
401 305 10
401 306 10
401 309 10
401 319 10
401 322 10
401 324 10
401 325 10
401 326 10
401 327 10
401 328 10
401 329 10
401 333 10
401 335 10
401 337 10
401 339 10
401 341 10
401 347 10
401 350 10
401 359 10
401 361 10
401 374 10
401 378 10
401 380 10
401 381 10
401 382 10
401 383 10
401 384 10
401 390 10
401 391 10
401 399 10
401 401 10
401 403 10
401 408 10
401 418 10
401 421 10
401 430 10
401 431 10
401 434 10
401 439 10
401 440 10
401 443 10
401 449 10
401 451 10
401 458 10
401 459 10
401 460 10
401 462 10
401 464 10
401 465 10
401 467 10
401 471 10
401 475 10
401 477 10
401 480 10
401 482 10
401 483 10
401 484 10
401 486 10
401 496 10
401 499 10
401 506 10
401 507 10
401 508 10
401 509 10
401 510 10
401 512 10
401 514 10
401 515 10
401 516 10
401 517 10
401 518 10
401 521 10
401 525 10
401 532 10
401 533 10
401 534 10
401 535 10
401 539 10
401 540 10
401 541 10
401 543 10
401 545 10
401 546 10
401 547 10
401 548 10
401 549 10
401 550 10
401 551 10
401 552 10
401 554 10
401 555 10
401 556 10
401 559 10
401 561 10
401 562 10
401 563 10
401 573 10
401 575 10
401 577 10
401 578 10
401 582 10
401 583 10
401 584 10
401 588 10
401 591 10
401 601 10
401 602 10
401 607 10
401 611 10
401 613 10
401 615 10
401 616 10
401 623 10
401 624 10
401 629 10
401 632 10
401 636 10
401 642 10
401 643 10
401 645 10
401 646 10
401 648 10
401 650 10
401 651 10
401 653 10
401 662 10
401 663 10
401 667 10
401 668 10
401 669 10
401 672 10
401 677 10
401 681 10
401 682 10
401 683 10
401 684 10
401 702 10
401 713 10
401 714 10
401 716 10
401 719 10
401 721 10
401 725 10
401 726 10
401 727 10
401 729 10
401 732 10
401 737 10
401 739 10
401 741 10
401 742 10
401 744 10
401 745 10
401 746 10
401 754 10
401 755 10
401 756 10
402 245 10
402 248 10
402 252 10
402 253 10
402 260 10
402 263 10
402 264 10
402 266 10
402 285 10
402 294 10
402 298 10
402 299 10
402 304 10
402 306 10
402 307 10
402 308 10
402 309 10
402 321 10
402 322 10
402 323 10
402 326 10
402 327 10
402 328 10
402 329 10
402 330 10
402 332 10
402 333 10
402 336 10
402 337 10
402 343 10
402 344 10
402 346 10
402 347 10
402 354 10
402 356 10
402 359 10
402 367 10
402 369 10
402 371 10
402 372 10
402 375 10
402 379 10
402 380 10
402 381 10
402 382 10
402 383 10
402 384 10
402 387 10
402 389 10
402 390 10
402 391 10
402 397 10
402 398 10
402 403 10
402 404 10
402 408 10
402 420 10
402 427 10
402 428 10
402 429 10
402 431 10
402 433 10
402 434 10
402 435 10
402 436 10
402 438 10
402 443 10
402 451 10
402 454 10
402 455 10
402 456 10
402 457 10
402 458 10
402 460 10
402 461 10
402 462 10
402 468 10
402 470 10
402 471 10
402 477 10
402 479 10
402 481 10
402 482 10
402 484 10
402 487 10
402 488 10
402 489 10
402 491 10
402 492 10
402 505 10
402 506 10
402 514 10
402 515 10
402 516 10
402 518 10
402 520 10
402 524 10
402 527 10
402 533 10
402 534 10
402 538 10
402 539 10
402 542 10
402 543 10
402 544 10
402 546 10
402 547 10
402 549 10
402 550 10
402 551 10
402 552 10
402 553 10
402 554 10
402 556 10
402 557 10
402 558 10
402 559 10
402 560 10
402 562 10
402 565 10
402 573 10
402 575 10
402 576 10
402 577 10
402 578 10
402 580 10
402 582 10
402 583 10
402 585 10
402 586 10
402 591 10
402 604 10
402 605 10
402 613 10
402 616 10
402 622 10
402 623 10
402 628 10
402 634 10
402 635 10
402 639 10
402 641 10
402 642 10
402 643 10
402 644 10
402 645 10
402 646 10
402 647 10
402 648 10
402 662 10
402 669 10
402 670 10
402 677 10
402 681 10
402 684 10
402 686 10
402 700 10
402 706 10
402 707 10
402 709 10
402 710 10
402 711 10
402 712 10
402 713 10
402 717 10
402 721 10
402 732 10
402 733 10
402 734 10
402 736 10
402 737 10
402 739 10
402 740 10
402 743 10
402 744 10
402 745 10
402 746 10
402 747 10
402 749 10
402 752 10
402 757 10
403 228 10
403 229 10
403 230 10
403 249 10
403 250 10
403 256 10
403 258 10
403 259 10
403 262 10
403 266 10
403 281 10
403 284 10
403 285 10
403 287 10
403 294 10
403 296 10
403 297 10
403 301 10
403 302 10
403 304 10
403 306 10
403 307 10
403 308 10
403 309 10
403 322 10
403 323 10
403 324 10
403 326 10
403 330 10
403 331 10
403 337 10
403 339 10
403 341 10
403 344 10
403 345 10
403 346 10
403 349 10
403 356 10
403 357 10
403 358 10
403 359 10
403 360 10
403 364 10
403 370 10
403 371 10
403 372 10
403 373 10
403 374 10
403 376 10
403 378 10
403 380 10
403 381 10
403 382 10
403 383 10
403 385 10
403 387 10
403 388 10
403 389 10
403 392 10
403 399 10
403 400 10
403 406 10
403 408 10
403 410 10
403 411 10
403 412 10
403 417 10
403 418 10
403 419 10
403 424 10
403 428 10
403 429 10
403 430 10
403 432 10
403 433 10
403 434 10
403 437 10
403 443 10
403 446 10
403 448 10
403 449 10
403 450 10
403 453 10
403 455 10
403 458 10
403 461 10
403 462 10
403 463 10
403 464 10
403 465 10
403 467 10
403 468 10
403 469 10
403 477 10
403 479 10
403 481 10
403 483 10
403 484 10
403 485 10
403 486 10
403 487 10
403 497 10
403 499 10
403 500 10
403 502 10
403 505 10
403 507 10
403 508 10
403 513 10
403 516 10
403 517 10
403 519 10
403 522 10
403 523 10
403 534 10
403 537 10
403 539 10
403 544 10
403 545 10
403 548 10
403 549 10
403 550 10
403 551 10
403 553 10
403 554 10
403 555 10
403 557 10
403 558 10
403 559 10
403 561 10
403 564 10
403 566 10
403 572 10
403 574 10
403 585 10
403 589 10
403 593 10
403 601 10
403 603 10
403 608 10
403 609 10
403 614 10
403 617 10
403 621 10
403 632 10
403 637 10
403 640 10
403 641 10
403 644 10
403 646 10
403 649 10
403 660 10
403 662 10
403 663 10
403 664 10
403 667 10
403 668 10
403 669 10
403 670 10
403 675 10
403 680 10
403 684 10
403 686 10
403 687 10
403 695 10
403 698 10
403 699 10
403 706 10
403 707 10
403 710 10
403 712 10
403 713 10
403 716 10
403 718 10
403 719 10
403 726 10
403 729 10
403 735 10
403 736 10
403 737 10
403 738 10
403 739 10
403 741 10
403 743 10
403 745 10
403 749 10
403 754 10
403 755 10
404 227 10
404 229 10
404 230 10
404 244 10
404 253 10
404 254 10
404 256 10
404 258 10
404 259 10
404 278 10
404 289 10
404 295 10
404 296 10
404 298 10
404 299 10
404 302 10
404 303 10
404 306 10
404 308 10
404 309 10
404 316 10
404 320 10
404 322 10
404 324 10
404 325 10
404 327 10
404 328 10
404 329 10
404 330 10
404 336 10
404 337 10
404 340 10
404 344 10
404 355 10
404 356 10
404 358 10
404 361 10
404 362 10
404 364 10
404 367 10
404 369 10
404 374 10
404 377 10
404 378 10
404 379 10
404 380 10
404 381 10
404 382 10
404 384 10
404 385 10
404 386 10
404 388 10
404 389 10
404 390 10
404 392 10
404 395 10
404 398 10
404 403 10
404 405 10
404 408 10
404 410 10
404 422 10
404 425 10
404 429 10
404 430 10
404 431 10
404 432 10
404 433 10
404 434 10
404 435 10
404 437 10
404 439 10
404 440 10
404 442 10
404 446 10
404 455 10
404 458 10
404 459 10
404 463 10
404 464 10
404 465 10
404 471 10
404 474 10
404 481 10
404 482 10
404 483 10
404 484 10
404 485 10
404 486 10
404 488 10
404 489 10
404 490 10
404 491 10
404 496 10
404 499 10
404 502 10
404 504 10
404 507 10
404 509 10
404 510 10
404 513 10
404 516 10
404 518 10
404 519 10
404 521 10
404 522 10
404 525 10
404 528 10
404 529 10
404 531 10
404 539 10
404 540 10
404 541 10
404 542 10
404 543 10
404 545 10
404 547 10
404 549 10
404 550 10
404 551 10
404 553 10
404 554 10
404 556 10
404 558 10
404 559 10
404 562 10
404 571 10
404 573 10
404 574 10
404 575 10
404 576 10
404 577 10
404 578 10
404 583 10
404 589 10
404 600 10
404 601 10
404 605 10
404 606 10
404 607 10
404 610 10
404 614 10
404 615 10
404 619 10
404 623 10
404 625 10
404 626 10
404 630 10
404 634 10
404 646 10
404 660 10
404 661 10
404 662 10
404 667 10
404 669 10
404 670 10
404 683 10
404 684 10
404 696 10
404 698 10
404 699 10
404 700 10
404 705 10
404 707 10
404 709 10
404 710 10
404 711 10
404 716 10
404 721 10
404 722 10
404 728 10
404 729 10
404 730 10
404 733 10
404 735 10
404 736 10
404 737 10
404 738 10
404 739 10
404 741 10
404 742 10
404 744 10
404 758 10
405 226 10
405 227 10
405 229 10
405 251 10
405 260 10
405 263 10
405 264 10
405 266 10
405 278 10
405 285 10
405 286 10
405 287 10
405 288 10
405 290 10
405 291 10
405 292 10
405 298 10
405 300 10
405 301 10
405 302 10
405 303 10
405 305 10
405 306 10
405 308 10
405 312 10
405 314 10
405 317 10
405 318 10
405 331 10
405 334 10
405 339 10
405 343 10
405 350 10
405 351 10
405 353 10
405 358 10
405 359 10
405 362 10
405 369 10
405 370 10
405 372 10
405 378 10
405 379 10
405 380 10
405 381 10
405 382 10
405 383 10
405 384 10
405 385 10
405 386 10
405 387 10
405 388 10
405 389 10
405 393 10
405 397 10
405 398 10
405 400 10
405 406 10
405 408 10
405 409 10
405 417 10
405 418 10
405 419 10
405 420 10
405 421 10
405 423 10
405 425 10
405 426 10
405 428 10
405 429 10
405 432 10
405 433 10
405 434 10
405 435 10
405 436 10
405 444 10
405 445 10
405 446 10
405 448 10
405 449 10
405 451 10
405 458 10
405 459 10
405 460 10
405 462 10
405 463 10
405 465 10
405 466 10
405 469 10
405 474 10
405 478 10
405 482 10
405 483 10
405 484 10
405 485 10
405 486 10
405 487 10
405 488 10
405 489 10
405 490 10
405 496 10
405 497 10
405 498 10
405 500 10
405 501 10
405 502 10
405 504 10
405 505 10
405 508 10
405 511 10
405 516 10
405 519 10
405 524 10
405 528 10
405 535 10
405 537 10
405 538 10
405 539 10
405 540 10
405 541 10
405 543 10
405 547 10
405 549 10
405 550 10
405 551 10
405 553 10
405 554 10
405 556 10
405 560 10
405 567 10
405 571 10
405 588 10
405 602 10
405 604 10
405 606 10
405 609 10
405 612 10
405 613 10
405 614 10
405 615 10
405 618 10
405 619 10
405 620 10
405 621 10
405 622 10
405 623 10
405 625 10
405 634 10
405 638 10
405 640 10
405 641 10
405 642 10
405 645 10
405 646 10
405 647 10
405 648 10
405 660 10
405 661 10
405 663 10
405 664 10
405 665 10
405 666 10
405 667 10
405 668 10
405 669 10
405 670 10
405 672 10
405 674 10
405 675 10
405 680 10
405 682 10
405 684 10
405 687 10
405 690 10
405 694 10
405 696 10
405 697 10
405 698 10
405 702 10
405 703 10
405 706 10
405 707 10
405 708 10
405 711 10
405 718 10
405 719 10
405 720 10
405 722 10
405 723 10
405 725 10
405 727 10
405 728 10
405 730 10
405 732 10
405 735 10
405 736 10
405 737 10
405 738 10
405 739 10
405 740 10
405 743 10
405 744 10
405 745 10
405 750 10
405 758 10
406 228 10
406 230 10
406 233 10
406 257 10
406 259 10
406 263 10
406 268 10
406 269 10
406 281 10
406 289 10
406 290 10
406 291 10
406 298 10
406 300 10
406 301 10
406 302 10
406 307 10
406 309 10
406 310 10
406 315 10
406 317 10
406 321 10
406 329 10
406 330 10
406 338 10
406 339 10
406 349 10
406 350 10
406 352 10
406 353 10
406 354 10
406 355 10
406 360 10
406 361 10
406 367 10
406 373 10
406 374 10
406 377 10
406 378 10
406 379 10
406 380 10
406 382 10
406 383 10
406 384 10
406 385 10
406 386 10
406 387 10
406 388 10
406 390 10
406 391 10
406 393 10
406 395 10
406 398 10
406 399 10
406 400 10
406 401 10
406 402 10
406 405 10
406 409 10
406 414 10
406 416 10
406 417 10
406 418 10
406 419 10
406 420 10
406 424 10
406 426 10
406 428 10
406 432 10
406 433 10
406 437 10
406 438 10
406 439 10
406 440 10
406 442 10
406 444 10
406 447 10
406 448 10
406 449 10
406 451 10
406 453 10
406 454 10
406 460 10
406 461 10
406 462 10
406 465 10
406 466 10
406 467 10
406 469 10
406 470 10
406 477 10
406 479 10
406 482 10
406 485 10
406 486 10
406 502 10
406 505 10
406 506 10
406 507 10
406 508 10
406 512 10
406 513 10
406 514 10
406 518 10
406 520 10
406 527 10
406 529 10
406 530 10
406 531 10
406 532 10
406 533 10
406 535 10
406 538 10
406 539 10
406 540 10
406 542 10
406 543 10
406 544 10
406 545 10
406 546 10
406 551 10
406 555 10
406 556 10
406 557 10
406 558 10
406 566 10
406 567 10
406 570 10
406 574 10
406 575 10
406 576 10
406 586 10
406 601 10
406 605 10
406 607 10
406 610 10
406 611 10
406 612 10
406 613 10
406 616 10
406 618 10
406 619 10
406 620 10
406 622 10
406 631 10
406 637 10
406 639 10
406 646 10
406 660 10
406 663 10
406 665 10
406 667 10
406 670 10
406 672 10
406 673 10
406 680 10
406 681 10
406 683 10
406 684 10
406 685 10
406 687 10
406 697 10
406 698 10
406 699 10
406 701 10
406 702 10
406 703 10
406 705 10
406 707 10
406 709 10
406 710 10
406 715 10
406 717 10
406 719 10
406 720 10
406 729 10
406 731 10
406 732 10
406 733 10
406 734 10
406 736 10
406 737 10
406 739 10
406 740 10
406 741 10
406 743 10
406 744 10
406 746 10
406 747 10
406 755 10
406 757 10
406 762 10
406 769 10
406 775 10
407 226 10
407 229 10
407 249 10
407 256 10
407 258 10
407 259 10
407 261 10
407 264 10
407 265 10
407 267 10
407 268 10
407 271 10
407 276 10
407 280 10
407 281 10
407 283 10
407 286 10
407 287 10
407 289 10
407 291 10
407 294 10
407 297 10
407 298 10
407 299 10
407 300 10
407 301 10
407 302 10
407 303 10
407 304 10
407 306 10
407 307 10
407 315 10
407 317 10
407 318 10
407 319 10
407 321 10
407 324 10
407 325 10
407 336 10
407 340 10
407 345 10
407 351 10
407 354 10
407 356 10
407 358 10
407 368 10
407 370 10
407 373 10
407 379 10
407 380 10
407 381 10
407 383 10
407 384 10
407 385 10
407 386 10
407 388 10
407 393 10
407 394 10
407 395 10
407 397 10
407 398 10
407 400 10
407 401 10
407 402 10
407 409 10
407 410 10
407 411 10
407 414 10
407 416 10
407 417 10
407 418 10
407 422 10
407 424 10
407 425 10
407 428 10
407 429 10
407 430 10
407 431 10
407 432 10
407 433 10
407 435 10
407 437 10
407 438 10
407 442 10
407 443 10
407 444 10
407 450 10
407 451 10
407 458 10
407 459 10
407 463 10
407 464 10
407 465 10
407 466 10
407 467 10
407 468 10
407 469 10
407 475 10
407 479 10
407 480 10
407 481 10
407 482 10
407 483 10
407 484 10
407 485 10
407 488 10
407 490 10
407 495 10
407 498 10
407 500 10
407 501 10
407 503 10
407 504 10
407 505 10
407 507 10
407 512 10
407 514 10
407 515 10
407 520 10
407 525 10
407 526 10
407 528 10
407 529 10
407 530 10
407 532 10
407 535 10
407 536 10
407 538 10
407 540 10
407 541 10
407 542 10
407 543 10
407 544 10
407 546 10
407 547 10
407 553 10
407 554 10
407 560 10
407 563 10
407 564 10
407 570 10
407 579 10
407 580 10
407 584 10
407 586 10
407 589 10
407 592 10
407 603 10
407 604 10
407 605 10
407 607 10
407 608 10
407 611 10
407 612 10
407 613 10
407 614 10
407 615 10
407 616 10
407 617 10
407 619 10
407 620 10
407 626 10
407 629 10
407 631 10
407 633 10
407 634 10
407 638 10
407 639 10
407 640 10
407 642 10
407 643 10
407 644 10
407 654 10
407 657 10
407 660 10
407 662 10
407 665 10
407 666 10
407 667 10
407 668 10
407 670 10
407 673 10
407 675 10
407 676 10
407 682 10
407 684 10
407 685 10
407 687 10
407 689 10
407 694 10
407 696 10
407 697 10
407 699 10
407 703 10
407 705 10
407 716 10
407 717 10
407 719 10
407 720 10
407 730 10
407 733 10
407 734 10
407 735 10
407 736 10
407 743 10
407 744 10
407 746 10
407 749 10
407 757 10
407 762 10
407 763 10
407 775 10
407 776 10
407 777 10
408 227 10
408 228 10
408 229 10
408 237 10
408 260 10
408 261 10
408 262 10
408 264 10
408 266 10
408 268 10
408 270 10
408 281 10
408 282 10
408 286 10
408 290 10
408 292 10
408 293 10
408 296 10
408 297 10
408 298 10
408 299 10
408 301 10
408 302 10
408 303 10
408 305 10
408 306 10
408 307 10
408 310 10
408 313 10
408 315 10
408 318 10
408 319 10
408 322 10
408 325 10
408 328 10
408 329 10
408 345 10
408 349 10
408 351 10
408 352 10
408 354 10
408 360 10
408 361 10
408 369 10
408 370 10
408 371 10
408 377 10
408 383 10
408 384 10
408 385 10
408 387 10
408 388 10
408 390 10
408 392 10
408 395 10
408 398 10
408 402 10
408 403 10
408 406 10
408 408 10
408 409 10
408 415 10
408 416 10
408 417 10
408 418 10
408 419 10
408 420 10
408 425 10
408 426 10
408 427 10
408 428 10
408 430 10
408 432 10
408 433 10
408 434 10
408 436 10
408 439 10
408 442 10
408 443 10
408 444 10
408 446 10
408 447 10
408 448 10
408 453 10
408 455 10
408 458 10
408 460 10
408 462 10
408 463 10
408 466 10
408 469 10
408 473 10
408 482 10
408 483 10
408 484 10
408 486 10
408 489 10
408 490 10
408 491 10
408 499 10
408 501 10
408 503 10
408 504 10
408 506 10
408 510 10
408 512 10
408 514 10
408 515 10
408 516 10
408 520 10
408 524 10
408 525 10
408 527 10
408 528 10
408 529 10
408 532 10
408 535 10
408 538 10
408 539 10
408 540 10
408 542 10
408 544 10
408 546 10
408 547 10
408 550 10
408 552 10
408 555 10
408 559 10
408 560 10
408 561 10
408 573 10
408 576 10
408 577 10
408 578 10
408 579 10
408 581 10
408 582 10
408 583 10
408 589 10
408 590 10
408 592 10
408 601 10
408 605 10
408 607 10
408 608 10
408 609 10
408 610 10
408 611 10
408 612 10
408 613 10
408 616 10
408 617 10
408 618 10
408 621 10
408 622 10
408 623 10
408 627 10
408 630 10
408 634 10
408 637 10
408 640 10
408 650 10
408 653 10
408 654 10
408 657 10
408 659 10
408 662 10
408 664 10
408 665 10
408 666 10
408 668 10
408 669 10
408 670 10
408 671 10
408 673 10
408 676 10
408 681 10
408 682 10
408 683 10
408 684 10
408 691 10
408 692 10
408 695 10
408 696 10
408 697 10
408 700 10
408 702 10
408 703 10
408 704 10
408 705 10
408 710 10
408 711 10
408 712 10
408 718 10
408 720 10
408 722 10
408 723 10
408 733 10
408 735 10
408 736 10
408 737 10
408 738 10
408 742 10
408 743 10
408 745 10
408 746 10
408 751 10
408 756 10
408 757 10
408 759 10
408 760 10
408 761 10
408 762 10
408 763 10
408 770 10
408 772 10
408 775 10
409 230 10
409 232 10
409 233 10
409 259 10
409 261 10
409 262 10
409 264 10
409 265 10
409 266 10
409 269 10
409 270 10
409 272 10
409 276 10
409 277 10
409 282 10
409 283 10
409 284 10
409 287 10
409 289 10
409 291 10
409 293 10
409 295 10
409 296 10
409 298 10
409 299 10
409 300 10
409 302 10
409 303 10
409 304 10
409 305 10
409 306 10
409 307 10
409 308 10
409 311 10
409 315 10
409 316 10
409 317 10
409 318 10
409 320 10
409 324 10
409 325 10
409 329 10
409 348 10
409 349 10
409 351 10
409 352 10
409 354 10
409 356 10
409 358 10
409 359 10
409 361 10
409 369 10
409 371 10
409 381 10
409 382 10
409 385 10
409 387 10
409 388 10
409 391 10
409 392 10
409 394 10
409 396 10
409 400 10
409 402 10
409 404 10
409 407 10
409 409 10
409 411 10
409 412 10
409 416 10
409 417 10
409 419 10
409 420 10
409 421 10
409 424 10
409 426 10
409 427 10
409 428 10
409 429 10
409 430 10
409 431 10
409 432 10
409 433 10
409 434 10
409 435 10
409 436 10
409 437 10
409 438 10
409 442 10
409 443 10
409 444 10
409 445 10
409 464 10
409 465 10
409 466 10
409 467 10
409 469 10
409 470 10
409 471 10
409 472 10
409 474 10
409 475 10
409 478 10
409 479 10
409 480 10
409 481 10
409 482 10
409 483 10
409 486 10
409 489 10
409 491 10
409 494 10
409 496 10
409 497 10
409 498 10
409 499 10
409 502 10
409 505 10
409 507 10
409 508 10
409 509 10
409 511 10
409 512 10
409 513 10
409 514 10
409 517 10
409 518 10
409 519 10
409 520 10
409 522 10
409 523 10
409 525 10
409 526 10
409 528 10
409 531 10
409 532 10
409 534 10
409 535 10
409 536 10
409 537 10
409 538 10
409 540 10
409 542 10
409 544 10
409 546 10
409 547 10
409 548 10
409 549 10
409 550 10
409 556 10
409 576 10
409 577 10
409 579 10
409 581 10
409 583 10
409 584 10
409 589 10
409 596 10
409 598 10
409 600 10
409 602 10
409 604 10
409 605 10
409 607 10
409 608 10
409 609 10
409 612 10
409 613 10
409 614 10
409 615 10
409 616 10
409 617 10
409 619 10
409 622 10
409 624 10
409 626 10
409 627 10
409 637 10
409 639 10
409 640 10
409 641 10
409 648 10
409 650 10
409 652 10
409 653 10
409 654 10
409 655 10
409 656 10
409 657 10
409 660 10
409 661 10
409 662 10
409 663 10
409 664 10
409 666 10
409 667 10
409 668 10
409 670 10
409 671 10
409 672 10
409 674 10
409 679 10
409 684 10
409 685 10
409 686 10
409 687 10
409 688 10
409 692 10
409 694 10
409 696 10
409 697 10
409 698 10
409 699 10
409 700 10
409 701 10
409 702 10
409 703 10
409 704 10
409 706 10
409 708 10
409 710 10
409 715 10
409 723 10
409 733 10
409 738 10
409 739 10
409 740 10
409 741 10
409 744 10
409 746 10
409 747 10
409 758 10
409 760 10
409 762 10
409 765 10
409 766 10
409 769 10
409 773 10
409 777 10
410 258 10
410 259 10
410 260 10
410 261 10
410 262 10
410 263 10
410 264 10
410 266 10
410 268 10
410 272 10
410 276 10
410 280 10
410 282 10
410 285 10
410 290 10
410 291 10
410 296 10
410 298 10
410 299 10
410 302 10
410 304 10
410 305 10
410 306 10
410 307 10
410 316 10
410 317 10
410 319 10
410 320 10
410 322 10
410 325 10
410 329 10
410 342 10
410 344 10
410 345 10
410 348 10
410 351 10
410 357 10
410 359 10
410 360 10
410 370 10
410 384 10
410 386 10
410 388 10
410 389 10
410 390 10
410 391 10
410 393 10
410 401 10
410 402 10
410 404 10
410 405 10
410 406 10
410 407 10
410 417 10
410 418 10
410 420 10
410 421 10
410 425 10
410 426 10
410 427 10
410 428 10
410 429 10
410 434 10
410 436 10
410 437 10
410 438 10
410 439 10
410 441 10
410 443 10
410 445 10
410 451 10
410 452 10
410 453 10
410 454 10
410 456 10
410 457 10
410 459 10
410 461 10
410 462 10
410 465 10
410 468 10
410 470 10
410 474 10
410 475 10
410 477 10
410 478 10
410 481 10
410 482 10
410 483 10
410 484 10
410 485 10
410 486 10
410 487 10
410 488 10
410 489 10
410 491 10
410 493 10
410 494 10
410 496 10
410 499 10
410 501 10
410 503 10
410 507 10
410 509 10
410 513 10
410 515 10
410 516 10
410 517 10
410 518 10
410 519 10
410 520 10
410 521 10
410 526 10
410 529 10
410 532 10
410 534 10
410 536 10
410 539 10
410 540 10
410 541 10
410 542 10
410 543 10
410 544 10
410 545 10
410 546 10
410 547 10
410 548 10
410 551 10
410 553 10
410 555 10
410 560 10
410 563 10
410 568 10
410 573 10
410 575 10
410 577 10
410 581 10
410 582 10
410 583 10
410 584 10
410 590 10
410 597 10
410 601 10
410 602 10
410 603 10
410 606 10
410 607 10
410 610 10
410 611 10
410 614 10
410 615 10
410 616 10
410 617 10
410 619 10
410 620 10
410 623 10
410 627 10
410 628 10
410 631 10
410 632 10
410 634 10
410 635 10
410 636 10
410 638 10
410 639 10
410 640 10
410 641 10
410 642 10
410 644 10
410 645 10
410 650 10
410 652 10
410 655 10
410 656 10
410 659 10
410 661 10
410 662 10
410 663 10
410 664 10
410 665 10
410 667 10
410 668 10
410 669 10
410 670 10
410 671 10
410 672 10
410 674 10
410 675 10
410 676 10
410 680 10
410 682 10
410 684 10
410 685 10
410 686 10
410 690 10
410 692 10
410 693 10
410 694 10
410 696 10
410 697 10
410 698 10
410 700 10
410 701 10
410 704 10
410 705 10
410 709 10
410 711 10
410 713 10
410 714 10
410 715 10
410 716 10
410 718 10
410 719 10
410 722 10
410 724 10
410 732 10
410 733 10
410 735 10
410 739 10
410 742 10
410 743 10
410 748 10
410 762 10
410 771 10
411 231 10
411 260 10
411 263 10
411 265 10
411 269 10
411 272 10
411 273 10
411 280 10
411 283 10
411 290 10
411 296 10
411 299 10
411 300 10
411 301 10
411 302 10
411 304 10
411 307 10
411 308 10
411 310 10
411 315 10
411 317 10
411 318 10
411 320 10
411 321 10
411 325 10
411 329 10
411 338 10
411 342 10
411 345 10
411 357 10
411 377 10
411 379 10
411 381 10
411 389 10
411 393 10
411 396 10
411 400 10
411 402 10
411 409 10
411 418 10
411 423 10
411 424 10
411 427 10
411 428 10
411 429 10
411 431 10
411 432 10
411 433 10
411 434 10
411 435 10
411 437 10
411 438 10
411 443 10
411 445 10
411 451 10
411 454 10
411 455 10
411 456 10
411 457 10
411 460 10
411 461 10
411 462 10
411 463 10
411 464 10
411 466 10
411 468 10
411 469 10
411 471 10
411 472 10
411 473 10
411 477 10
411 479 10
411 480 10
411 481 10
411 484 10
411 488 10
411 489 10
411 493 10
411 497 10
411 500 10
411 506 10
411 507 10
411 510 10
411 513 10
411 519 10
411 521 10
411 522 10
411 523 10
411 526 10
411 531 10
411 532 10
411 533 10
411 534 10
411 535 10
411 538 10
411 539 10
411 542 10
411 543 10
411 545 10
411 546 10
411 549 10
411 551 10
411 552 10
411 554 10
411 557 10
411 558 10
411 559 10
411 561 10
411 563 10
411 576 10
411 578 10
411 580 10
411 582 10
411 583 10
411 584 10
411 585 10
411 587 10
411 588 10
411 590 10
411 596 10
411 598 10
411 600 10
411 602 10
411 603 10
411 605 10
411 606 10
411 607 10
411 608 10
411 609 10
411 611 10
411 612 10
411 613 10
411 614 10
411 615 10
411 620 10
411 621 10
411 624 10
411 625 10
411 628 10
411 631 10
411 632 10
411 633 10
411 638 10
411 639 10
411 641 10
411 642 10
411 644 10
411 646 10
411 650 10
411 653 10
411 654 10
411 655 10
411 656 10
411 660 10
411 661 10
411 665 10
411 666 10
411 668 10
411 670 10
411 673 10
411 683 10
411 690 10
411 691 10
411 698 10
411 699 10
411 700 10
411 701 10
411 708 10
411 709 10
411 711 10
411 713 10
411 714 10
411 735 10
411 740 10
411 741 10
411 742 10
411 743 10
411 744 10
411 745 10
411 761 10
411 764 10
411 769 10
411 770 10
411 772 10
411 773 10
411 776 10
411 777 10
412 258 10
412 259 10
412 260 10
412 261 10
412 262 10
412 263 10
412 265 10
412 272 10
412 279 10
412 280 10
412 281 10
412 282 10
412 297 10
412 298 10
412 300 10
412 301 10
412 302 10
412 305 10
412 306 10
412 307 10
412 311 10
412 315 10
412 317 10
412 319 10
412 321 10
412 324 10
412 325 10
412 326 10
412 337 10
412 352 10
412 357 10
412 358 10
412 364 10
412 371 10
412 373 10
412 377 10
412 384 10
412 386 10
412 387 10
412 390 10
412 392 10
412 399 10
412 402 10
412 409 10
412 416 10
412 419 10
412 420 10
412 422 10
412 426 10
412 427 10
412 429 10
412 430 10
412 431 10
412 436 10
412 437 10
412 439 10
412 442 10
412 443 10
412 446 10
412 447 10
412 448 10
412 455 10
412 456 10
412 459 10
412 460 10
412 463 10
412 465 10
412 466 10
412 467 10
412 468 10
412 469 10
412 470 10
412 474 10
412 475 10
412 479 10
412 482 10
412 484 10
412 485 10
412 486 10
412 487 10
412 489 10
412 491 10
412 493 10
412 497 10
412 498 10
412 503 10
412 510 10
412 511 10
412 513 10
412 514 10
412 515 10
412 517 10
412 518 10
412 522 10
412 526 10
412 527 10
412 528 10
412 531 10
412 532 10
412 533 10
412 536 10
412 537 10
412 539 10
412 540 10
412 542 10
412 543 10
412 544 10
412 545 10
412 546 10
412 547 10
412 548 10
412 550 10
412 551 10
412 553 10
412 554 10
412 556 10
412 557 10
412 561 10
412 576 10
412 577 10
412 578 10
412 580 10
412 581 10
412 584 10
412 586 10
412 588 10
412 597 10
412 606 10
412 609 10
412 611 10
412 612 10
412 613 10
412 615 10
412 617 10
412 619 10
412 622 10
412 625 10
412 626 10
412 627 10
412 629 10
412 633 10
412 635 10
412 636 10
412 638 10
412 639 10
412 643 10
412 644 10
412 645 10
412 650 10
412 652 10
412 654 10
412 655 10
412 656 10
412 657 10
412 662 10
412 663 10
412 665 10
412 668 10
412 669 10
412 670 10
412 671 10
412 675 10
412 681 10
412 682 10
412 683 10
412 689 10
412 691 10
412 696 10
412 699 10
412 700 10
412 701 10
412 702 10
412 703 10
412 704 10
412 705 10
412 708 10
412 709 10
412 711 10
412 714 10
412 717 10
412 718 10
412 720 10
412 732 10
412 737 10
412 740 10
412 742 10
412 743 10
412 744 10
412 748 10
412 756 10
412 758 10
412 760 10
412 761 10
412 763 10
412 764 10
412 766 10
412 767 10
412 769 10
412 777 10
413 233 10
413 259 10
413 264 10
413 265 10
413 267 10
413 272 10
413 274 10
413 284 10
413 299 10
413 301 10
413 308 10
413 310 10
413 311 10
413 312 10
413 316 10
413 319 10
413 320 10
413 321 10
413 322 10
413 324 10
413 325 10
413 326 10
413 327 10
413 328 10
413 329 10
413 336 10
413 339 10
413 345 10
413 346 10
413 349 10
413 350 10
413 351 10
413 352 10
413 353 10
413 354 10
413 356 10
413 357 10
413 359 10
413 362 10
413 371 10
413 379 10
413 380 10
413 386 10
413 387 10
413 388 10
413 389 10
413 391 10
413 398 10
413 399 10
413 401 10
413 407 10
413 417 10
413 424 10
413 425 10
413 426 10
413 428 10
413 430 10
413 431 10
413 436 10
413 438 10
413 439 10
413 442 10
413 444 10
413 445 10
413 454 10
413 455 10
413 456 10
413 457 10
413 458 10
413 459 10
413 460 10
413 461 10
413 462 10
413 463 10
413 464 10
413 465 10
413 466 10
413 467 10
413 469 10
413 471 10
413 472 10
413 473 10
413 475 10
413 476 10
413 480 10
413 481 10
413 482 10
413 483 10
413 489 10
413 495 10
413 496 10
413 499 10
413 508 10
413 511 10
413 513 10
413 515 10
413 516 10
413 518 10
413 527 10
413 528 10
413 530 10
413 531 10
413 532 10
413 534 10
413 536 10
413 539 10
413 540 10
413 542 10
413 543 10
413 544 10
413 548 10
413 549 10
413 552 10
413 553 10
413 558 10
413 561 10
413 578 10
413 582 10
413 584 10
413 586 10
413 587 10
413 588 10
413 592 10
413 596 10
413 597 10
413 604 10
413 608 10
413 609 10
413 610 10
413 612 10
413 613 10
413 615 10
413 616 10
413 617 10
413 619 10
413 622 10
413 623 10
413 625 10
413 627 10
413 628 10
413 629 10
413 630 10
413 631 10
413 633 10
413 635 10
413 638 10
413 639 10
413 640 10
413 641 10
413 642 10
413 643 10
413 644 10
413 645 10
413 646 10
413 652 10
413 655 10
413 656 10
413 657 10
413 661 10
413 662 10
413 663 10
413 666 10
413 668 10
413 669 10
413 670 10
413 674 10
413 675 10
413 676 10
413 677 10
413 689 10
413 697 10
413 698 10
413 699 10
413 700 10
413 701 10
413 702 10
413 703 10
413 704 10
413 707 10
413 711 10
413 712 10
413 715 10
413 727 10
413 730 10
413 731 10
413 732 10
413 733 10
413 735 10
413 737 10
413 740 10
413 741 10
413 745 10
413 746 10
413 754 10
413 760 10
413 763 10
413 766 10
413 769 10
413 770 10
413 771 10
413 772 10
413 773 10
413 774 10
413 775 10
413 778 10
414 227 10
414 263 10
414 265 10
414 266 10
414 267 10
414 288 10
414 290 10
414 291 10
414 302 10
414 307 10
414 311 10
414 314 10
414 316 10
414 317 10
414 318 10
414 319 10
414 320 10
414 321 10
414 322 10
414 323 10
414 324 10
414 326 10
414 330 10
414 335 10
414 336 10
414 338 10
414 340 10
414 341 10
414 344 10
414 345 10
414 350 10
414 351 10
414 352 10
414 354 10
414 356 10
414 357 10
414 360 10
414 361 10
414 363 10
414 364 10
414 369 10
414 371 10
414 373 10
414 375 10
414 384 10
414 389 10
414 390 10
414 392 10
414 393 10
414 399 10
414 400 10
414 401 10
414 402 10
414 403 10
414 407 10
414 408 10
414 412 10
414 421 10
414 427 10
414 429 10
414 430 10
414 432 10
414 433 10
414 438 10
414 439 10
414 440 10
414 442 10
414 448 10
414 449 10
414 452 10
414 453 10
414 454 10
414 456 10
414 461 10
414 464 10
414 468 10
414 469 10
414 471 10
414 472 10
414 478 10
414 480 10
414 484 10
414 495 10
414 496 10
414 497 10
414 501 10
414 502 10
414 508 10
414 513 10
414 516 10
414 518 10
414 519 10
414 528 10
414 529 10
414 530 10
414 531 10
414 533 10
414 534 10
414 535 10
414 542 10
414 543 10
414 545 10
414 546 10
414 550 10
414 551 10
414 552 10
414 555 10
414 556 10
414 558 10
414 560 10
414 575 10
414 578 10
414 579 10
414 581 10
414 582 10
414 583 10
414 587 10
414 589 10
414 593 10
414 607 10
414 613 10
414 619 10
414 621 10
414 622 10
414 625 10
414 627 10
414 630 10
414 636 10
414 638 10
414 639 10
414 640 10
414 641 10
414 643 10
414 644 10
414 645 10
414 650 10
414 651 10
414 657 10
414 660 10
414 661 10
414 662 10
414 664 10
414 665 10
414 667 10
414 668 10
414 675 10
414 676 10
414 690 10
414 697 10
414 698 10
414 699 10
414 700 10
414 713 10
414 714 10
414 717 10
414 718 10
414 719 10
414 720 10
414 726 10
414 729 10
414 732 10
414 733 10
414 737 10
414 738 10
414 740 10
414 742 10
414 744 10
414 753 10
414 756 10
414 761 10
414 762 10
414 763 10
414 764 10
414 766 10
414 768 10
414 771 10
414 772 10
414 773 10
414 774 10
415 224 10
415 229 10
415 232 10
415 257 10
415 261 10
415 262 10
415 263 10
415 264 10
415 265 10
415 266 10
415 267 10
415 285 10
415 287 10
415 289 10
415 296 10
415 305 10
415 308 10
415 311 10
415 313 10
415 314 10
415 316 10
415 319 10
415 320 10
415 321 10
415 322 10
415 323 10
415 325 10
415 327 10
415 329 10
415 331 10
415 334 10
415 341 10
415 344 10
415 345 10
415 347 10
415 349 10
415 355 10
415 358 10
415 362 10
415 363 10
415 371 10
415 375 10
415 376 10
415 380 10
415 381 10
415 386 10
415 387 10
415 389 10
415 402 10
415 403 10
415 404 10
415 406 10
415 409 10
415 412 10
415 420 10
415 421 10
415 425 10
415 428 10
415 430 10
415 433 10
415 437 10
415 440 10
415 442 10
415 443 10
415 444 10
415 449 10
415 451 10
415 452 10
415 456 10
415 457 10
415 459 10
415 461 10
415 462 10
415 464 10
415 465 10
415 466 10
415 467 10
415 469 10
415 471 10
415 473 10
415 474 10
415 476 10
415 479 10
415 492 10
415 497 10
415 498 10
415 508 10
415 512 10
415 525 10
415 526 10
415 529 10
415 530 10
415 531 10
415 533 10
415 540 10
415 541 10
415 543 10
415 544 10
415 545 10
415 546 10
415 548 10
415 549 10
415 554 10
415 558 10
415 561 10
415 574 10
415 576 10
415 579 10
415 580 10
415 581 10
415 582 10
415 585 10
415 586 10
415 587 10
415 591 10
415 594 10
415 605 10
415 607 10
415 610 10
415 614 10
415 615 10
415 616 10
415 617 10
415 619 10
415 620 10
415 622 10
415 623 10
415 624 10
415 625 10
415 627 10
415 628 10
415 630 10
415 634 10
415 635 10
415 638 10
415 639 10
415 640 10
415 641 10
415 642 10
415 644 10
415 646 10
415 647 10
415 649 10
415 651 10
415 653 10
415 654 10
415 655 10
415 656 10
415 658 10
415 659 10
415 662 10
415 663 10
415 664 10
415 666 10
415 667 10
415 668 10
415 671 10
415 677 10
415 680 10
415 694 10
415 696 10
415 697 10
415 698 10
415 699 10
415 700 10
415 703 10
415 707 10
415 711 10
415 713 10
415 715 10
415 716 10
415 717 10
415 719 10
415 723 10
415 724 10
415 726 10
415 727 10
415 729 10
415 730 10
415 734 10
415 737 10
415 738 10
415 740 10
415 741 10
415 742 10
415 745 10
415 752 10
415 760 10
415 762 10
415 763 10
415 766 10
415 769 10
415 771 10
415 773 10
415 774 10
415 777 10
416 224 10
416 226 10
416 264 10
416 267 10
416 282 10
416 284 10
416 288 10
416 289 10
416 291 10
416 293 10
416 294 10
416 295 10
416 296 10
416 313 10
416 315 10
416 316 10
416 318 10
416 319 10
416 320 10
416 321 10
416 322 10
416 323 10
416 326 10
416 327 10
416 328 10
416 333 10
416 334 10
416 336 10
416 337 10
416 342 10
416 344 10
416 345 10
416 346 10
416 347 10
416 350 10
416 351 10
416 354 10
416 355 10
416 360 10
416 361 10
416 362 10
416 364 10
416 374 10
416 376 10
416 380 10
416 383 10
416 384 10
416 388 10
416 390 10
416 391 10
416 392 10
416 400 10
416 401 10
416 402 10
416 404 10
416 407 10
416 408 10
416 409 10
416 410 10
416 418 10
416 420 10
416 421 10
416 422 10
416 427 10
416 430 10
416 435 10
416 437 10
416 438 10
416 440 10
416 442 10
416 445 10
416 447 10
416 449 10
416 450 10
416 451 10
416 452 10
416 453 10
416 454 10
416 455 10
416 460 10
416 461 10
416 463 10
416 465 10
416 467 10
416 468 10
416 469 10
416 472 10
416 473 10
416 477 10
416 488 10
416 493 10
416 495 10
416 496 10
416 499 10
416 501 10
416 506 10
416 508 10
416 510 10
416 511 10
416 516 10
416 517 10
416 526 10
416 527 10
416 529 10
416 530 10
416 531 10
416 532 10
416 535 10
416 538 10
416 542 10
416 545 10
416 551 10
416 552 10
416 556 10
416 558 10
416 559 10
416 561 10
416 569 10
416 574 10
416 576 10
416 577 10
416 578 10
416 579 10
416 580 10
416 584 10
416 588 10
416 589 10
416 592 10
416 594 10
416 607 10
416 608 10
416 611 10
416 613 10
416 622 10
416 623 10
416 630 10
416 631 10
416 635 10
416 637 10
416 638 10
416 639 10
416 641 10
416 642 10
416 643 10
416 644 10
416 645 10
416 646 10
416 647 10
416 649 10
416 652 10
416 653 10
416 654 10
416 655 10
416 657 10
416 661 10
416 663 10
416 664 10
416 666 10
416 668 10
416 670 10
416 671 10
416 676 10
416 680 10
416 681 10
416 685 10
416 694 10
416 696 10
416 697 10
416 700 10
416 701 10
416 703 10
416 709 10
416 710 10
416 714 10
416 715 10
416 718 10
416 721 10
416 726 10
416 727 10
416 729 10
416 733 10
416 734 10
416 736 10
416 738 10
416 739 10
416 741 10
416 742 10
416 744 10
416 752 10
416 754 10
416 764 10
416 769 10
416 771 10
416 774 10
416 776 10
417 224 10
417 228 10
417 260 10
417 261 10
417 265 10
417 267 10
417 269 10
417 284 10
417 291 10
417 293 10
417 295 10
417 297 10
417 301 10
417 303 10
417 310 10
417 316 10
417 317 10
417 318 10
417 319 10
417 320 10
417 321 10
417 322 10
417 324 10
417 326 10
417 329 10
417 330 10
417 332 10
417 333 10
417 334 10
417 335 10
417 339 10
417 340 10
417 342 10
417 347 10
417 353 10
417 355 10
417 356 10
417 359 10
417 360 10
417 364 10
417 369 10
417 371 10
417 373 10
417 374 10
417 376 10
417 377 10
417 378 10
417 382 10
417 385 10
417 390 10
417 392 10
417 395 10
417 398 10
417 399 10
417 401 10
417 403 10
417 404 10
417 405 10
417 408 10
417 419 10
417 425 10
417 428 10
417 437 10
417 438 10
417 440 10
417 445 10
417 449 10
417 451 10
417 455 10
417 457 10
417 458 10
417 462 10
417 463 10
417 464 10
417 469 10
417 471 10
417 474 10
417 481 10
417 484 10
417 490 10
417 492 10
417 494 10
417 497 10
417 499 10
417 502 10
417 503 10
417 508 10
417 511 10
417 512 10
417 513 10
417 515 10
417 518 10
417 523 10
417 527 10
417 530 10
417 531 10
417 536 10
417 538 10
417 540 10
417 541 10
417 542 10
417 543 10
417 544 10
417 552 10
417 554 10
417 556 10
417 558 10
417 559 10
417 571 10
417 572 10
417 574 10
417 575 10
417 577 10
417 578 10
417 581 10
417 582 10
417 584 10
417 592 10
417 594 10
417 608 10
417 617 10
417 618 10
417 619 10
417 620 10
417 623 10
417 625 10
417 634 10
417 635 10
417 638 10
417 639 10
417 640 10
417 641 10
417 642 10
417 644 10
417 646 10
417 651 10
417 652 10
417 654 10
417 655 10
417 660 10
417 661 10
417 662 10
417 664 10
417 665 10
417 667 10
417 677 10
417 678 10
417 691 10
417 695 10
417 696 10
417 699 10
417 704 10
417 707 10
417 710 10
417 712 10
417 713 10
417 714 10
417 715 10
417 717 10
417 718 10
417 719 10
417 721 10
417 723 10
417 728 10
417 729 10
417 730 10
417 731 10
417 734 10
417 739 10
417 741 10
417 742 10
417 744 10
417 779 10
418 224 10
418 225 10
418 228 10
418 260 10
418 266 10
418 267 10
418 269 10
418 283 10
418 288 10
418 289 10
418 290 10
418 291 10
418 292 10
418 293 10
418 296 10
418 297 10
418 306 10
418 307 10
418 317 10
418 318 10
418 319 10
418 320 10
418 321 10
418 322 10
418 323 10
418 324 10
418 325 10
418 326 10
418 327 10
418 328 10
418 331 10
418 332 10
418 333 10
418 334 10
418 336 10
418 345 10
418 347 10
418 349 10
418 350 10
418 353 10
418 355 10
418 357 10
418 360 10
418 362 10
418 366 10
418 367 10
418 374 10
418 377 10
418 380 10
418 381 10
418 382 10
418 384 10
418 385 10
418 387 10
418 395 10
418 401 10
418 403 10
418 404 10
418 407 10
418 408 10
418 410 10
418 419 10
418 421 10
418 422 10
418 438 10
418 441 10
418 444 10
418 447 10
418 449 10
418 450 10
418 453 10
418 461 10
418 463 10
418 464 10
418 467 10
418 486 10
418 487 10
418 492 10
418 494 10
418 499 10
418 500 10
418 503 10
418 504 10
418 508 10
418 509 10
418 512 10
418 518 10
418 520 10
418 521 10
418 523 10
418 524 10
418 525 10
418 528 10
418 531 10
418 534 10
418 541 10
418 542 10
418 546 10
418 549 10
418 553 10
418 556 10
418 557 10
418 560 10
418 572 10
418 573 10
418 577 10
418 579 10
418 580 10
418 581 10
418 582 10
418 584 10
418 607 10
418 608 10
418 612 10
418 614 10
418 616 10
418 620 10
418 622 10
418 623 10
418 624 10
418 626 10
418 627 10
418 631 10
418 636 10
418 645 10
418 647 10
418 648 10
418 649 10
418 650 10
418 652 10
418 653 10
418 654 10
418 659 10
418 660 10
418 661 10
418 663 10
418 664 10
418 665 10
418 666 10
418 668 10
418 669 10
418 670 10
418 671 10
418 673 10
418 676 10
418 677 10
418 693 10
418 694 10
418 697 10
418 698 10
418 700 10
418 701 10
418 703 10
418 707 10
418 710 10
418 713 10
418 714 10
418 715 10
418 717 10
418 719 10
418 721 10
418 724 10
418 725 10
418 726 10
418 728 10
418 732 10
418 733 10
418 734 10
418 735 10
418 738 10
418 739 10
418 740 10
418 741 10
418 743 10
418 754 10
418 764 10
418 766 10
419 226 10
419 260 10
419 266 10
419 269 10
419 271 10
419 276 10
419 281 10
419 286 10
419 290 10
419 291 10
419 292 10
419 293 10
419 295 10
419 304 10
419 312 10
419 316 10
419 317 10
419 319 10
419 320 10
419 322 10
419 323 10
419 330 10
419 334 10
419 337 10
419 339 10
419 340 10
419 341 10
419 342 10
419 343 10
419 344 10
419 345 10
419 354 10
419 355 10
419 356 10
419 357 10
419 359 10
419 364 10
419 367 10
419 373 10
419 374 10
419 376 10
419 377 10
419 378 10
419 379 10
419 380 10
419 382 10
419 384 10
419 386 10
419 387 10
419 391 10
419 392 10
419 393 10
419 395 10
419 396 10
419 398 10
419 400 10
419 401 10
419 402 10
419 404 10
419 405 10
419 423 10
419 436 10
419 438 10
419 439 10
419 440 10
419 442 10
419 444 10
419 446 10
419 451 10
419 452 10
419 455 10
419 458 10
419 460 10
419 461 10
419 464 10
419 467 10
419 469 10
419 470 10
419 473 10
419 479 10
419 482 10
419 483 10
419 484 10
419 486 10
419 491 10
419 492 10
419 493 10
419 494 10
419 498 10
419 501 10
419 503 10
419 505 10
419 506 10
419 507 10
419 508 10
419 509 10
419 511 10
419 512 10
419 516 10
419 519 10
419 520 10
419 521 10
419 522 10
419 523 10
419 526 10
419 528 10
419 529 10
419 532 10
419 533 10
419 534 10
419 535 10
419 540 10
419 545 10
419 549 10
419 551 10
419 552 10
419 555 10
419 556 10
419 557 10
419 570 10
419 572 10
419 574 10
419 579 10
419 583 10
419 584 10
419 591 10
419 611 10
419 615 10
419 616 10
419 619 10
419 620 10
419 624 10
419 625 10
419 630 10
419 632 10
419 639 10
419 640 10
419 641 10
419 645 10
419 646 10
419 648 10
419 650 10
419 651 10
419 652 10
419 653 10
419 655 10
419 656 10
419 657 10
419 659 10
419 660 10
419 661 10
419 664 10
419 665 10
419 666 10
419 668 10
419 669 10
419 670 10
419 671 10
419 681 10
419 693 10
419 696 10
419 698 10
419 701 10
419 702 10
419 709 10
419 710 10
419 711 10
419 712 10
419 713 10
419 714 10
419 715 10
419 718 10
419 721 10
419 723 10
419 731 10
419 732 10
419 735 10
419 738 10
419 739 10
419 741 10
419 752 10
419 760 10
419 762 10
419 763 10
419 765 10
420 229 10
420 232 10
420 235 10
420 263 10
420 264 10
420 265 10
420 266 10
420 267 10
420 269 10
420 270 10
420 273 10
420 280 10
420 282 10
420 289 10
420 291 10
420 294 10
420 296 10
420 298 10
420 305 10
420 306 10
420 307 10
420 310 10
420 319 10
420 320 10
420 321 10
420 322 10
420 324 10
420 330 10
420 333 10
420 335 10
420 337 10
420 338 10
420 340 10
420 343 10
420 344 10
420 345 10
420 348 10
420 349 10
420 350 10
420 356 10
420 359 10
420 360 10
420 361 10
420 374 10
420 380 10
420 383 10
420 386 10
420 388 10
420 391 10
420 393 10
420 395 10
420 396 10
420 397 10
420 398 10
420 400 10
420 402 10
420 404 10
420 405 10
420 407 10
420 410 10
420 416 10
420 418 10
420 419 10
420 421 10
420 423 10
420 437 10
420 438 10
420 440 10
420 442 10
420 446 10
420 449 10
420 450 10
420 451 10
420 454 10
420 455 10
420 456 10
420 462 10
420 464 10
420 466 10
420 467 10
420 468 10
420 471 10
420 472 10
420 474 10
420 475 10
420 480 10
420 481 10
420 482 10
420 484 10
420 485 10
420 487 10
420 488 10
420 503 10
420 504 10
420 505 10
420 512 10
420 513 10
420 514 10
420 515 10
420 519 10
420 520 10
420 521 10
420 522 10
420 523 10
420 525 10
420 526 10
420 530 10
420 531 10
420 532 10
420 539 10
420 540 10
420 541 10
420 542 10
420 544 10
420 545 10
420 546 10
420 549 10
420 557 10
420 558 10
420 559 10
420 576 10
420 577 10
420 578 10
420 579 10
420 581 10
420 582 10
420 591 10
420 592 10
420 607 10
420 618 10
420 625 10
420 627 10
420 630 10
420 631 10
420 633 10
420 634 10
420 636 10
420 637 10
420 639 10
420 643 10
420 646 10
420 649 10
420 650 10
420 651 10
420 652 10
420 654 10
420 661 10
420 662 10
420 663 10
420 664 10
420 665 10
420 666 10
420 667 10
420 668 10
420 669 10
420 671 10
420 672 10
420 675 10
420 676 10
420 678 10
420 688 10
420 691 10
420 693 10
420 694 10
420 695 10
420 697 10
420 698 10
420 699 10
420 700 10
420 703 10
420 704 10
420 707 10
420 709 10
420 710 10
420 713 10
420 714 10
420 716 10
420 717 10
420 718 10
420 721 10
420 722 10
420 727 10
420 728 10
420 729 10
420 732 10
420 733 10
420 735 10
420 740 10
420 741 10
420 761 10
420 762 10
420 766 10
420 777 10
421 225 10
421 230 10
421 232 10
421 237 10
421 254 10
421 255 10
421 256 10
421 260 10
421 265 10
421 267 10
421 268 10
421 269 10
421 276 10
421 278 10
421 281 10
421 282 10
421 287 10
421 290 10
421 293 10
421 297 10
421 304 10
421 305 10
421 308 10
421 310 10
421 315 10
421 317 10
421 319 10
421 320 10
421 321 10
421 328 10
421 334 10
421 335 10
421 336 10
421 337 10
421 339 10
421 340 10
421 341 10
421 343 10
421 344 10
421 345 10
421 347 10
421 348 10
421 349 10
421 351 10
421 352 10
421 353 10
421 354 10
421 356 10
421 363 10
421 364 10
421 374 10
421 375 10
421 381 10
421 383 10
421 384 10
421 387 10
421 389 10
421 391 10
421 392 10
421 393 10
421 394 10
421 396 10
421 397 10
421 401 10
421 402 10
421 403 10
421 404 10
421 405 10
421 406 10
421 412 10
421 415 10
421 421 10
421 423 10
421 425 10
421 436 10
421 439 10
421 441 10
421 443 10
421 447 10
421 448 10
421 449 10
421 450 10
421 453 10
421 461 10
421 462 10
421 464 10
421 465 10
421 466 10
421 467 10
421 468 10
421 469 10
421 474 10
421 475 10
421 477 10
421 480 10
421 481 10
421 484 10
421 485 10
421 486 10
421 490 10
421 492 10
421 495 10
421 501 10
421 502 10
421 504 10
421 506 10
421 507 10
421 512 10
421 513 10
421 514 10
421 516 10
421 517 10
421 518 10
421 519 10
421 521 10
421 522 10
421 526 10
421 532 10
421 534 10
421 536 10
421 538 10
421 542 10
421 544 10
421 547 10
421 548 10
421 554 10
421 568 10
421 576 10
421 582 10
421 583 10
421 611 10
421 616 10
421 618 10
421 622 10
421 623 10
421 624 10
421 625 10
421 626 10
421 632 10
421 633 10
421 634 10
421 640 10
421 643 10
421 645 10
421 648 10
421 650 10
421 651 10
421 653 10
421 654 10
421 655 10
421 656 10
421 657 10
421 660 10
421 661 10
421 662 10
421 663 10
421 664 10
421 665 10
421 666 10
421 667 10
421 668 10
421 685 10
421 686 10
421 690 10
421 691 10
421 692 10
421 695 10
421 696 10
421 697 10
421 699 10
421 701 10
421 702 10
421 703 10
421 709 10
421 710 10
421 711 10
421 712 10
421 716 10
421 718 10
421 726 10
421 727 10
421 733 10
421 744 10
421 762 10
421 764 10
421 765 10
421 772 10
422 221 10
422 230 10
422 232 10
422 233 10
422 234 10
422 236 10
422 238 10
422 245 10
422 257 10
422 260 10
422 264 10
422 265 10
422 266 10
422 269 10
422 270 10
422 273 10
422 274 10
422 276 10
422 279 10
422 280 10
422 290 10
422 295 10
422 303 10
422 304 10
422 305 10
422 306 10
422 308 10
422 309 10
422 314 10
422 316 10
422 317 10
422 319 10
422 320 10
422 322 10
422 323 10
422 332 10
422 333 10
422 335 10
422 336 10
422 337 10
422 339 10
422 341 10
422 344 10
422 345 10
422 348 10
422 349 10
422 353 10
422 354 10
422 355 10
422 356 10
422 357 10
422 358 10
422 359 10
422 361 10
422 365 10
422 366 10
422 369 10
422 378 10
422 379 10
422 385 10
422 386 10
422 388 10
422 391 10
422 392 10
422 395 10
422 396 10
422 397 10
422 398 10
422 400 10
422 401 10
422 403 10
422 404 10
422 405 10
422 407 10
422 411 10
422 419 10
422 421 10
422 423 10
422 426 10
422 427 10
422 436 10
422 437 10
422 438 10
422 439 10
422 443 10
422 445 10
422 446 10
422 448 10
422 449 10
422 450 10
422 452 10
422 454 10
422 455 10
422 456 10
422 460 10
422 466 10
422 470 10
422 471 10
422 472 10
422 475 10
422 477 10
422 482 10
422 483 10
422 486 10
422 489 10
422 492 10
422 497 10
422 501 10
422 503 10
422 506 10
422 509 10
422 514 10
422 515 10
422 520 10
422 522 10
422 524 10
422 528 10
422 530 10
422 532 10
422 533 10
422 534 10
422 538 10
422 539 10
422 544 10
422 545 10
422 555 10
422 559 10
422 563 10
422 568 10
422 569 10
422 578 10
422 585 10
422 587 10
422 592 10
422 594 10
422 608 10
422 613 10
422 616 10
422 617 10
422 619 10
422 621 10
422 624 10
422 625 10
422 630 10
422 633 10
422 635 10
422 639 10
422 643 10
422 645 10
422 648 10
422 649 10
422 650 10
422 651 10
422 653 10
422 655 10
422 657 10
422 659 10
422 660 10
422 662 10
422 663 10
422 664 10
422 665 10
422 666 10
422 667 10
422 668 10
422 669 10
422 671 10
422 672 10
422 686 10
422 688 10
422 696 10
422 697 10
422 698 10
422 699 10
422 700 10
422 701 10
422 702 10
422 704 10
422 708 10
422 714 10
422 724 10
422 726 10
422 727 10
422 729 10
422 733 10
422 734 10
422 744 10
422 745 10
422 761 10
422 763 10
422 764 10
422 767 10
422 769 10
422 772 10
423 234 10
423 235 10
423 236 10
423 250 10
423 255 10
423 258 10
423 261 10
423 262 10
423 265 10
423 270 10
423 274 10
423 275 10
423 276 10
423 277 10
423 279 10
423 293 10
423 294 10
423 295 10
423 299 10
423 304 10
423 306 10
423 310 10
423 311 10
423 312 10
423 315 10
423 322 10
423 323 10
423 325 10
423 327 10
423 331 10
423 332 10
423 334 10
423 335 10
423 336 10
423 337 10
423 340 10
423 341 10
423 342 10
423 343 10
423 344 10
423 345 10
423 346 10
423 348 10
423 349 10
423 350 10
423 351 10
423 353 10
423 354 10
423 355 10
423 356 10
423 357 10
423 365 10
423 366 10
423 378 10
423 379 10
423 380 10
423 383 10
423 384 10
423 386 10
423 391 10
423 392 10
423 394 10
423 395 10
423 396 10
423 397 10
423 400 10
423 401 10
423 402 10
423 406 10
423 409 10
423 411 10
423 414 10
423 416 10
423 419 10
423 420 10
423 424 10
423 425 10
423 437 10
423 438 10
423 439 10
423 440 10
423 441 10
423 442 10
423 443 10
423 446 10
423 447 10
423 451 10
423 453 10
423 454 10
423 466 10
423 467 10
423 469 10
423 477 10
423 479 10
423 481 10
423 482 10
423 483 10
423 484 10
423 485 10
423 486 10
423 489 10
423 491 10
423 492 10
423 497 10
423 503 10
423 504 10
423 506 10
423 507 10
423 509 10
423 511 10
423 516 10
423 519 10
423 520 10
423 523 10
423 525 10
423 530 10
423 535 10
423 537 10
423 541 10
423 543 10
423 544 10
423 545 10
423 547 10
423 555 10
423 562 10
423 563 10
423 574 10
423 576 10
423 580 10
423 584 10
423 587 10
423 615 10
423 616 10
423 617 10
423 618 10
423 619 10
423 625 10
423 628 10
423 630 10
423 632 10
423 633 10
423 634 10
423 640 10
423 642 10
423 647 10
423 648 10
423 652 10
423 653 10
423 655 10
423 657 10
423 658 10
423 660 10
423 661 10
423 662 10
423 663 10
423 664 10
423 665 10
423 666 10
423 668 10
423 674 10
423 681 10
423 683 10
423 686 10
423 689 10
423 690 10
423 693 10
423 694 10
423 696 10
423 697 10
423 698 10
423 699 10
423 700 10
423 701 10
423 703 10
423 709 10
423 710 10
423 712 10
423 714 10
423 715 10
423 723 10
423 725 10
423 728 10
423 729 10
423 731 10
423 733 10
423 760 10
423 763 10
423 764 10
423 765 10
423 770 10
424 230 10
424 233 10
424 239 10
424 249 10
424 251 10
424 253 10
424 255 10
424 257 10
424 259 10
424 265 10
424 267 10
424 268 10
424 270 10
424 272 10
424 273 10
424 275 10
424 278 10
424 279 10
424 281 10
424 283 10
424 285 10
424 293 10
424 295 10
424 298 10
424 304 10
424 307 10
424 310 10
424 311 10
424 314 10
424 320 10
424 328 10
424 329 10
424 331 10
424 332 10
424 333 10
424 335 10
424 338 10
424 339 10
424 344 10
424 345 10
424 347 10
424 348 10
424 349 10
424 350 10
424 352 10
424 355 10
424 356 10
424 357 10
424 364 10
424 365 10
424 366 10
424 371 10
424 377 10
424 378 10
424 381 10
424 386 10
424 387 10
424 389 10
424 392 10
424 394 10
424 395 10
424 396 10
424 397 10
424 398 10
424 399 10
424 401 10
424 403 10
424 406 10
424 407 10
424 409 10
424 411 10
424 414 10
424 419 10
424 435 10
424 436 10
424 438 10
424 439 10
424 440 10
424 444 10
424 447 10
424 448 10
424 452 10
424 455 10
424 457 10
424 462 10
424 466 10
424 467 10
424 468 10
424 470 10
424 471 10
424 476 10
424 480 10
424 481 10
424 482 10
424 483 10
424 484 10
424 485 10
424 486 10
424 487 10
424 489 10
424 491 10
424 495 10
424 504 10
424 507 10
424 508 10
424 509 10
424 512 10
424 513 10
424 514 10
424 516 10
424 518 10
424 522 10
424 529 10
424 536 10
424 540 10
424 541 10
424 543 10
424 545 10
424 546 10
424 547 10
424 551 10
424 553 10
424 554 10
424 555 10
424 558 10
424 562 10
424 564 10
424 577 10
424 580 10
424 581 10
424 586 10
424 589 10
424 591 10
424 611 10
424 612 10
424 613 10
424 614 10
424 624 10
424 645 10
424 646 10
424 647 10
424 648 10
424 654 10
424 657 10
424 659 10
424 660 10
424 661 10
424 662 10
424 663 10
424 664 10
424 665 10
424 667 10
424 668 10
424 669 10
424 671 10
424 672 10
424 676 10
424 685 10
424 687 10
424 689 10
424 690 10
424 692 10
424 694 10
424 698 10
424 699 10
424 701 10
424 704 10
424 705 10
424 706 10
424 711 10
424 724 10
424 726 10
424 727 10
424 728 10
424 731 10
424 758 10
424 762 10
424 763 10
424 765 10
425 222 10
425 227 10
425 228 10
425 230 10
425 234 10
425 235 10
425 237 10
425 248 10
425 249 10
425 250 10
425 251 10
425 253 10
425 254 10
425 255 10
425 258 10
425 268 10
425 272 10
425 273 10
425 274 10
425 276 10
425 277 10
425 280 10
425 284 10
425 286 10
425 287 10
425 288 10
425 289 10
425 290 10
425 291 10
425 293 10
425 294 10
425 295 10
425 298 10
425 302 10
425 314 10
425 316 10
425 317 10
425 322 10
425 324 10
425 326 10
425 330 10
425 331 10
425 334 10
425 335 10
425 344 10
425 345 10
425 346 10
425 348 10
425 349 10
425 350 10
425 351 10
425 352 10
425 353 10
425 354 10
425 355 10
425 356 10
425 363 10
425 365 10
425 366 10
425 368 10
425 369 10
425 374 10
425 379 10
425 381 10
425 385 10
425 387 10
425 389 10
425 393 10
425 394 10
425 395 10
425 396 10
425 397 10
425 398 10
425 400 10
425 401 10
425 403 10
425 404 10
425 405 10
425 406 10
425 407 10
425 410 10
425 411 10
425 416 10
425 419 10
425 420 10
425 426 10
425 435 10
425 437 10
425 438 10
425 439 10
425 440 10
425 442 10
425 449 10
425 450 10
425 453 10
425 454 10
425 455 10
425 460 10
425 462 10
425 467 10
425 471 10
425 473 10
425 477 10
425 478 10
425 481 10
425 482 10
425 483 10
425 484 10
425 487 10
425 490 10
425 491 10
425 499 10
425 500 10
425 501 10
425 502 10
425 504 10
425 506 10
425 510 10
425 516 10
425 518 10
425 519 10
425 520 10
425 521 10
425 522 10
425 523 10
425 524 10
425 527 10
425 528 10
425 536 10
425 537 10
425 539 10
425 541 10
425 549 10
425 553 10
425 560 10
425 561 10
425 562 10
425 564 10
425 576 10
425 577 10
425 582 10
425 584 10
425 585 10
425 588 10
425 593 10
425 615 10
425 616 10
425 619 10
425 622 10
425 623 10
425 625 10
425 633 10
425 634 10
425 644 10
425 645 10
425 648 10
425 650 10
425 653 10
425 656 10
425 658 10
425 659 10
425 661 10
425 663 10
425 664 10
425 665 10
425 666 10
425 667 10
425 670 10
425 671 10
425 672 10
425 674 10
425 676 10
425 677 10
425 678 10
425 679 10
425 687 10
425 688 10
425 689 10
425 691 10
425 696 10
425 701 10
425 702 10
425 703 10
425 709 10
425 710 10
425 712 10
425 713 10
425 725 10
425 729 10
425 734 10
425 757 10
425 759 10
425 760 10
425 763 10
425 764 10
425 765 10
425 767 10
426 229 10
426 230 10
426 235 10
426 236 10
426 239 10
426 247 10
426 249 10
426 251 10
426 252 10
426 253 10
426 255 10
426 256 10
426 257 10
426 258 10
426 267 10
426 274 10
426 275 10
426 276 10
426 278 10
426 279 10
426 281 10
426 282 10
426 287 10
426 288 10
426 289 10
426 291 10
426 292 10
426 293 10
426 294 10
426 300 10
426 301 10
426 305 10
426 307 10
426 308 10
426 309 10
426 310 10
426 311 10
426 312 10
426 314 10
426 316 10
426 328 10
426 331 10
426 332 10
426 333 10
426 334 10
426 337 10
426 340 10
426 341 10
426 343 10
426 344 10
426 346 10
426 347 10
426 349 10
426 350 10
426 351 10
426 355 10
426 357 10
426 363 10
426 365 10
426 366 10
426 367 10
426 368 10
426 370 10
426 387 10
426 388 10
426 389 10
426 391 10
426 392 10
426 393 10
426 394 10
426 395 10
426 396 10
426 397 10
426 398 10
426 399 10
426 400 10
426 401 10
426 406 10
426 407 10
426 409 10
426 416 10
426 418 10
426 419 10
426 423 10
426 437 10
426 439 10
426 441 10
426 442 10
426 443 10
426 448 10
426 449 10
426 451 10
426 453 10
426 456 10
426 457 10
426 458 10
426 462 10
426 466 10
426 468 10
426 472 10
426 475 10
426 477 10
426 479 10
426 480 10
426 481 10
426 482 10
426 483 10
426 487 10
426 488 10
426 489 10
426 494 10
426 495 10
426 503 10
426 504 10
426 505 10
426 512 10
426 521 10
426 527 10
426 529 10
426 531 10
426 535 10
426 536 10
426 539 10
426 541 10
426 542 10
426 543 10
426 545 10
426 546 10
426 549 10
426 552 10
426 553 10
426 561 10
426 563 10
426 566 10
426 568 10
426 582 10
426 584 10
426 586 10
426 587 10
426 589 10
426 593 10
426 614 10
426 615 10
426 617 10
426 618 10
426 619 10
426 630 10
426 631 10
426 632 10
426 646 10
426 647 10
426 649 10
426 653 10
426 655 10
426 657 10
426 658 10
426 659 10
426 660 10
426 661 10
426 662 10
426 663 10
426 664 10
426 668 10
426 669 10
426 671 10
426 674 10
426 677 10
426 678 10
426 680 10
426 683 10
426 685 10
426 686 10
426 687 10
426 688 10
426 689 10
426 690 10
426 691 10
426 697 10
426 698 10
426 707 10
426 710 10
426 712 10
426 718 10
426 725 10
426 728 10
426 729 10
426 730 10
426 734 10
426 739 10
426 740 10
426 754 10
426 756 10
426 758 10
426 759 10
426 760 10
426 773 10
426 774 10
427 223 10
427 228 10
427 229 10
427 238 10
427 246 10
427 249 10
427 250 10
427 252 10
427 253 10
427 254 10
427 260 10
427 268 10
427 269 10
427 272 10
427 276 10
427 281 10
427 282 10
427 283 10
427 284 10
427 285 10
427 287 10
427 289 10
427 290 10
427 291 10
427 292 10
427 294 10
427 295 10
427 296 10
427 300 10
427 302 10
427 303 10
427 305 10
427 307 10
427 308 10
427 316 10
427 322 10
427 323 10
427 325 10
427 327 10
427 328 10
427 332 10
427 334 10
427 335 10
427 337 10
427 339 10
427 344 10
427 345 10
427 346 10
427 347 10
427 349 10
427 351 10
427 353 10
427 355 10
427 356 10
427 361 10
427 364 10
427 365 10
427 366 10
427 368 10
427 373 10
427 375 10
427 386 10
427 391 10
427 392 10
427 393 10
427 394 10
427 395 10
427 397 10
427 399 10
427 400 10
427 402 10
427 404 10
427 406 10
427 411 10
427 415 10
427 417 10
427 418 10
427 420 10
427 421 10
427 422 10
427 423 10
427 424 10
427 435 10
427 440 10
427 442 10
427 443 10
427 452 10
427 453 10
427 458 10
427 467 10
427 476 10
427 480 10
427 486 10
427 490 10
427 494 10
427 501 10
427 503 10
427 509 10
427 516 10
427 517 10
427 523 10
427 527 10
427 528 10
427 530 10
427 532 10
427 533 10
427 542 10
427 545 10
427 551 10
427 553 10
427 557 10
427 559 10
427 561 10
427 564 10
427 566 10
427 580 10
427 584 10
427 585 10
427 589 10
427 617 10
427 619 10
427 626 10
427 631 10
427 640 10
427 643 10
427 644 10
427 646 10
427 648 10
427 649 10
427 656 10
427 657 10
427 659 10
427 661 10
427 663 10
427 665 10
427 666 10
427 668 10
427 671 10
427 672 10
427 674 10
427 675 10
427 676 10
427 678 10
427 679 10
427 683 10
427 684 10
427 685 10
427 687 10
427 691 10
427 696 10
427 710 10
427 716 10
427 725 10
427 730 10
427 733 10
427 736 10
427 740 10
427 751 10
427 754 10
427 755 10
427 756 10
427 758 10
427 759 10
427 760 10
427 761 10
427 764 10
427 765 10
428 223 10
428 248 10
428 251 10
428 252 10
428 253 10
428 254 10
428 256 10
428 262 10
428 266 10
428 273 10
428 278 10
428 281 10
428 282 10
428 283 10
428 284 10
428 286 10
428 287 10
428 289 10
428 290 10
428 291 10
428 292 10
428 293 10
428 294 10
428 295 10
428 296 10
428 307 10
428 310 10
428 311 10
428 312 10
428 313 10
428 314 10
428 315 10
428 317 10
428 323 10
428 328 10
428 329 10
428 333 10
428 334 10
428 336 10
428 339 10
428 340 10
428 341 10
428 342 10
428 343 10
428 345 10
428 346 10
428 347 10
428 350 10
428 351 10
428 360 10
428 362 10
428 363 10
428 364 10
428 365 10
428 367 10
428 368 10
428 387 10
428 389 10
428 392 10
428 393 10
428 394 10
428 395 10
428 396 10
428 397 10
428 398 10
428 399 10
428 400 10
428 406 10
428 408 10
428 414 10
428 417 10
428 420 10
428 421 10
428 422 10
428 424 10
428 427 10
428 436 10
428 438 10
428 440 10
428 443 10
428 444 10
428 447 10
428 448 10
428 449 10
428 450 10
428 452 10
428 456 10
428 468 10
428 484 10
428 487 10
428 488 10
428 489 10
428 490 10
428 492 10
428 494 10
428 495 10
428 499 10
428 500 10
428 501 10
428 503 10
428 505 10
428 509 10
428 514 10
428 517 10
428 518 10
428 519 10
428 520 10
428 521 10
428 525 10
428 526 10
428 528 10
428 530 10
428 533 10
428 534 10
428 535 10
428 536 10
428 538 10
428 539 10
428 540 10
428 545 10
428 549 10
428 553 10
428 555 10
428 560 10
428 564 10
428 565 10
428 566 10
428 590 10
428 592 10
428 594 10
428 602 10
428 604 10
428 617 10
428 633 10
428 639 10
428 640 10
428 642 10
428 644 10
428 645 10
428 646 10
428 649 10
428 650 10
428 651 10
428 653 10
428 654 10
428 655 10
428 656 10
428 659 10
428 660 10
428 663 10
428 667 10
428 669 10
428 670 10
428 676 10
428 677 10
428 678 10
428 681 10
428 683 10
428 684 10
428 685 10
428 686 10
428 687 10
428 689 10
428 690 10
428 692 10
428 693 10
428 715 10
428 717 10
428 723 10
428 731 10
428 736 10
428 744 10
428 753 10
428 754 10
428 756 10
428 758 10
428 761 10
428 763 10
429 222 10
429 233 10
429 243 10
429 244 10
429 247 10
429 249 10
429 252 10
429 253 10
429 254 10
429 255 10
429 256 10
429 258 10
429 259 10
429 266 10
429 268 10
429 273 10
429 274 10
429 275 10
429 276 10
429 277 10
429 280 10
429 282 10
429 283 10
429 284 10
429 285 10
429 287 10
429 288 10
429 289 10
429 290 10
429 292 10
429 298 10
429 300 10
429 301 10
429 304 10
429 305 10
429 307 10
429 310 10
429 311 10
429 314 10
429 324 10
429 326 10
429 328 10
429 330 10
429 331 10
429 332 10
429 333 10
429 335 10
429 337 10
429 339 10
429 346 10
429 347 10
429 348 10
429 349 10
429 350 10
429 353 10
429 355 10
429 357 10
429 359 10
429 362 10
429 363 10
429 364 10
429 365 10
429 366 10
429 368 10
429 373 10
429 375 10
429 377 10
429 386 10
429 387 10
429 388 10
429 391 10
429 392 10
429 395 10
429 396 10
429 397 10
429 398 10
429 399 10
429 404 10
429 405 10
429 406 10
429 407 10
429 408 10
429 411 10
429 419 10
429 424 10
429 425 10
429 426 10
429 434 10
429 437 10
429 438 10
429 439 10
429 440 10
429 441 10
429 442 10
429 443 10
429 444 10
429 446 10
429 450 10
429 452 10
429 454 10
429 455 10
429 456 10
429 457 10
429 458 10
429 460 10
429 464 10
429 466 10
429 468 10
429 469 10
429 471 10
429 473 10
429 474 10
429 475 10
429 486 10
429 501 10
429 502 10
429 503 10
429 508 10
429 509 10
429 511 10
429 515 10
429 520 10
429 521 10
429 523 10
429 524 10
429 526 10
429 527 10
429 528 10
429 530 10
429 532 10
429 533 10
429 534 10
429 537 10
429 539 10
429 540 10
429 541 10
429 543 10
429 546 10
429 548 10
429 554 10
429 561 10
429 562 10
429 563 10
429 564 10
429 590 10
429 592 10
429 596 10
429 604 10
429 606 10
429 635 10
429 638 10
429 642 10
429 644 10
429 645 10
429 646 10
429 649 10
429 650 10
429 655 10
429 656 10
429 658 10
429 659 10
429 660 10
429 661 10
429 662 10
429 663 10
429 665 10
429 666 10
429 668 10
429 669 10
429 672 10
429 673 10
429 676 10
429 677 10
429 678 10
429 680 10
429 681 10
429 682 10
429 683 10
429 685 10
429 686 10
429 687 10
429 690 10
429 691 10
429 695 10
429 715 10
429 717 10
429 723 10
429 730 10
429 733 10
429 742 10
429 745 10
429 747 10
429 754 10
429 755 10
429 756 10
429 757 10
429 758 10
429 761 10
429 762 10
429 763 10
429 764 10
430 224 10
430 235 10
430 236 10
430 246 10
430 249 10
430 250 10
430 251 10
430 256 10
430 257 10
430 258 10
430 259 10
430 266 10
430 268 10
430 277 10
430 280 10
430 282 10
430 283 10
430 285 10
430 286 10
430 288 10
430 289 10
430 290 10
430 292 10
430 296 10
430 309 10
430 311 10
430 312 10
430 313 10
430 315 10
430 316 10
430 328 10
430 332 10
430 334 10
430 335 10
430 337 10
430 345 10
430 346 10
430 348 10
430 350 10
430 351 10
430 353 10
430 357 10
430 361 10
430 362 10
430 363 10
430 364 10
430 365 10
430 367 10
430 368 10
430 375 10
430 377 10
430 385 10
430 393 10
430 395 10
430 396 10
430 397 10
430 398 10
430 399 10
430 400 10
430 401 10
430 408 10
430 410 10
430 413 10
430 417 10
430 419 10
430 423 10
430 424 10
430 425 10
430 434 10
430 435 10
430 438 10
430 439 10
430 440 10
430 443 10
430 446 10
430 449 10
430 450 10
430 451 10
430 453 10
430 454 10
430 455 10
430 456 10
430 457 10
430 464 10
430 466 10
430 469 10
430 475 10
430 489 10
430 490 10
430 491 10
430 495 10
430 499 10
430 503 10
430 504 10
430 505 10
430 506 10
430 510 10
430 514 10
430 519 10
430 520 10
430 524 10
430 525 10
430 526 10
430 530 10
430 533 10
430 534 10
430 535 10
430 537 10
430 539 10
430 541 10
430 543 10
430 544 10
430 546 10
430 547 10
430 553 10
430 556 10
430 563 10
430 564 10
430 565 10
430 578 10
430 595 10
430 596 10
430 600 10
430 601 10
430 602 10
430 604 10
430 607 10
430 618 10
430 620 10
430 629 10
430 640 10
430 641 10
430 645 10
430 649 10
430 652 10
430 653 10
430 654 10
430 657 10
430 659 10
430 660 10
430 663 10
430 664 10
430 665 10
430 668 10
430 670 10
430 671 10
430 672 10
430 673 10
430 674 10
430 675 10
430 677 10
430 681 10
430 682 10
430 683 10
430 684 10
430 685 10
430 686 10
430 687 10
430 688 10
430 689 10
430 690 10
430 691 10
430 699 10
430 700 10
430 701 10
430 702 10
430 712 10
430 716 10
430 717 10
430 723 10
430 726 10
430 729 10
430 731 10
430 736 10
430 744 10
430 745 10
430 759 10
430 763 10
430 764 10
430 765 10
431 225 10
431 230 10
431 233 10
431 238 10
431 243 10
431 245 10
431 246 10
431 247 10
431 248 10
431 249 10
431 250 10
431 252 10
431 257 10
431 260 10
431 265 10
431 266 10
431 268 10
431 273 10
431 274 10
431 275 10
431 278 10
431 281 10
431 283 10
431 285 10
431 286 10
431 289 10
431 291 10
431 294 10
431 301 10
431 304 10
431 305 10
431 306 10
431 308 10
431 309 10
431 311 10
431 327 10
431 328 10
431 329 10
431 330 10
431 333 10
431 334 10
431 343 10
431 344 10
431 346 10
431 347 10
431 350 10
431 356 10
431 357 10
431 358 10
431 359 10
431 362 10
431 363 10
431 367 10
431 368 10
431 377 10
431 381 10
431 388 10
431 389 10
431 391 10
431 392 10
431 393 10
431 394 10
431 395 10
431 397 10
431 398 10
431 399 10
431 400 10
431 402 10
431 403 10
431 407 10
431 408 10
431 409 10
431 410 10
431 413 10
431 415 10
431 420 10
431 421 10
431 422 10
431 424 10
431 438 10
431 439 10
431 440 10
431 444 10
431 445 10
431 448 10
431 450 10
431 452 10
431 454 10
431 456 10
431 457 10
431 458 10
431 469 10
431 473 10
431 474 10
431 486 10
431 489 10
431 490 10
431 492 10
431 495 10
431 503 10
431 506 10
431 509 10
431 519 10
431 520 10
431 525 10
431 528 10
431 530 10
431 531 10
431 535 10
431 536 10
431 538 10
431 541 10
431 543 10
431 544 10
431 545 10
431 549 10
431 553 10
431 562 10
431 565 10
431 568 10
431 580 10
431 585 10
431 590 10
431 593 10
431 596 10
431 598 10
431 600 10
431 601 10
431 603 10
431 604 10
431 619 10
431 622 10
431 623 10
431 624 10
431 629 10
431 631 10
431 635 10
431 636 10
431 637 10
431 638 10
431 639 10
431 641 10
431 642 10
431 646 10
431 648 10
431 650 10
431 651 10
431 656 10
431 657 10
431 658 10
431 660 10
431 661 10
431 662 10
431 664 10
431 665 10
431 666 10
431 667 10
431 668 10
431 671 10
431 673 10
431 674 10
431 676 10
431 679 10
431 681 10
431 683 10
431 684 10
431 685 10
431 686 10
431 688 10
431 689 10
431 690 10
431 691 10
431 692 10
431 693 10
431 694 10
431 701 10
431 708 10
431 712 10
431 713 10
431 714 10
431 715 10
431 721 10
431 722 10
431 728 10
431 731 10
431 741 10
431 750 10
431 752 10
431 754 10
431 755 10
431 756 10
431 758 10
431 760 10
431 761 10
431 762 10
431 763 10
431 767 10
432 217 10
432 220 10
432 228 10
432 235 10
432 238 10
432 239 10
432 240 10
432 247 10
432 248 10
432 250 10
432 253 10
432 257 10
432 261 10
432 267 10
432 268 10
432 277 10
432 278 10
432 279 10
432 282 10
432 283 10
432 284 10
432 286 10
432 287 10
432 288 10
432 289 10
432 291 10
432 295 10
432 296 10
432 297 10
432 298 10
432 300 10
432 301 10
432 302 10
432 304 10
432 305 10
432 306 10
432 307 10
432 310 10
432 312 10
432 318 10
432 319 10
432 328 10
432 329 10
432 331 10
432 337 10
432 347 10
432 350 10
432 355 10
432 356 10
432 357 10
432 358 10
432 360 10
432 365 10
432 376 10
432 384 10
432 386 10
432 387 10
432 388 10
432 390 10
432 391 10
432 393 10
432 394 10
432 395 10
432 396 10
432 397 10
432 398 10
432 399 10
432 401 10
432 402 10
432 403 10
432 404 10
432 406 10
432 409 10
432 410 10
432 415 10
432 418 10
432 419 10
432 421 10
432 422 10
432 423 10
432 437 10
432 438 10
432 440 10
432 441 10
432 443 10
432 444 10
432 445 10
432 446 10
432 447 10
432 449 10
432 453 10
432 455 10
432 457 10
432 459 10
432 460 10
432 464 10
432 468 10
432 471 10
432 473 10
432 474 10
432 493 10
432 505 10
432 506 10
432 508 10
432 509 10
432 511 10
432 513 10
432 519 10
432 521 10
432 528 10
432 531 10
432 533 10
432 534 10
432 535 10
432 536 10
432 537 10
432 538 10
432 542 10
432 543 10
432 544 10
432 545 10
432 546 10
432 547 10
432 556 10
432 560 10
432 562 10
432 564 10
432 597 10
432 598 10
432 600 10
432 601 10
432 604 10
432 605 10
432 606 10
432 625 10
432 630 10
432 635 10
432 637 10
432 639 10
432 640 10
432 641 10
432 649 10
432 653 10
432 655 10
432 658 10
432 659 10
432 660 10
432 661 10
432 663 10
432 664 10
432 665 10
432 666 10
432 667 10
432 668 10
432 671 10
432 672 10
432 676 10
432 678 10
432 681 10
432 682 10
432 683 10
432 684 10
432 686 10
432 687 10
432 688 10
432 691 10
432 693 10
432 695 10
432 699 10
432 701 10
432 702 10
432 704 10
432 705 10
432 712 10
432 713 10
432 715 10
432 716 10
432 726 10
432 727 10
432 728 10
432 730 10
432 751 10
432 754 10
432 755 10
432 757 10
432 761 10
432 763 10
432 765 10
432 767 10
433 217 10
433 231 10
433 237 10
433 240 10
433 249 10
433 251 10
433 252 10
433 254 10
433 259 10
433 261 10
433 264 10
433 265 10
433 266 10
433 267 10
433 269 10
433 275 10
433 276 10
433 277 10
433 279 10
433 285 10
433 289 10
433 290 10
433 294 10
433 298 10
433 300 10
433 304 10
433 306 10
433 308 10
433 311 10
433 312 10
433 318 10
433 326 10
433 327 10
433 330 10
433 336 10
433 348 10
433 351 10
433 358 10
433 362 10
433 364 10
433 382 10
433 386 10
433 389 10
433 391 10
433 394 10
433 395 10
433 396 10
433 398 10
433 399 10
433 401 10
433 402 10
433 404 10
433 406 10
433 416 10
433 420 10
433 437 10
433 438 10
433 441 10
433 442 10
433 443 10
433 445 10
433 451 10
433 453 10
433 455 10
433 457 10
433 461 10
433 463 10
433 472 10
433 486 10
433 487 10
433 490 10
433 491 10
433 493 10
433 494 10
433 500 10
433 507 10
433 512 10
433 513 10
433 514 10
433 520 10
433 527 10
433 528 10
433 531 10
433 532 10
433 534 10
433 537 10
433 538 10
433 542 10
433 543 10
433 544 10
433 547 10
433 548 10
433 554 10
433 555 10
433 556 10
433 557 10
433 562 10
433 563 10
433 565 10
433 568 10
433 583 10
433 593 10
433 598 10
433 599 10
433 601 10
433 602 10
433 603 10
433 604 10
433 607 10
433 626 10
433 632 10
433 637 10
433 640 10
433 641 10
433 642 10
433 643 10
433 647 10
433 651 10
433 656 10
433 657 10
433 658 10
433 661 10
433 664 10
433 665 10
433 667 10
433 671 10
433 673 10
433 674 10
433 675 10
433 678 10
433 680 10
433 681 10
433 685 10
433 686 10
433 687 10
433 689 10
433 690 10
433 692 10
433 693 10
433 699 10
433 702 10
433 704 10
433 706 10
433 710 10
433 711 10
433 713 10
433 714 10
433 716 10
433 720 10
433 729 10
433 730 10
433 731 10
433 750 10
433 757 10
433 759 10
433 760 10
433 761 10
433 762 10
433 763 10
433 768 10
434 219 10
434 223 10
434 238 10
434 242 10
434 249 10
434 252 10
434 253 10
434 254 10
434 255 10
434 256 10
434 257 10
434 262 10
434 263 10
434 264 10
434 266 10
434 268 10
434 269 10
434 271 10
434 272 10
434 276 10
434 278 10
434 280 10
434 281 10
434 282 10
434 283 10
434 284 10
434 286 10
434 287 10
434 288 10
434 289 10
434 291 10
434 292 10
434 293 10
434 296 10
434 302 10
434 304 10
434 307 10
434 308 10
434 309 10
434 330 10
434 332 10
434 333 10
434 334 10
434 338 10
434 348 10
434 353 10
434 355 10
434 388 10
434 395 10
434 396 10
434 397 10
434 399 10
434 401 10
434 402 10
434 404 10
434 406 10
434 407 10
434 408 10
434 415 10
434 418 10
434 439 10
434 441 10
434 443 10
434 444 10
434 445 10
434 446 10
434 457 10
434 459 10
434 460 10
434 462 10
434 464 10
434 468 10
434 469 10
434 477 10
434 478 10
434 488 10
434 490 10
434 491 10
434 493 10
434 500 10
434 504 10
434 506 10
434 508 10
434 509 10
434 510 10
434 517 10
434 518 10
434 528 10
434 529 10
434 530 10
434 531 10
434 533 10
434 535 10
434 536 10
434 538 10
434 544 10
434 545 10
434 547 10
434 548 10
434 555 10
434 560 10
434 561 10
434 563 10
434 565 10
434 582 10
434 598 10
434 599 10
434 600 10
434 601 10
434 602 10
434 603 10
434 604 10
434 608 10
434 610 10
434 625 10
434 629 10
434 631 10
434 636 10
434 638 10
434 639 10
434 640 10
434 642 10
434 643 10
434 653 10
434 655 10
434 656 10
434 658 10
434 659 10
434 660 10
434 661 10
434 663 10
434 664 10
434 666 10
434 668 10
434 669 10
434 678 10
434 679 10
434 684 10
434 685 10
434 687 10
434 688 10
434 689 10
434 690 10
434 691 10
434 693 10
434 694 10
434 700 10
434 701 10
434 702 10
434 703 10
434 708 10
434 710 10
434 711 10
434 714 10
434 723 10
434 725 10
434 740 10
434 748 10
434 751 10
434 754 10
434 756 10
434 760 10
434 762 10
434 771 10
435 219 10
435 220 10
435 221 10
435 245 10
435 247 10
435 249 10
435 250 10
435 252 10
435 254 10
435 257 10
435 258 10
435 260 10
435 262 10
435 263 10
435 264 10
435 266 10
435 267 10
435 268 10
435 269 10
435 270 10
435 275 10
435 277 10
435 279 10
435 280 10
435 282 10
435 287 10
435 288 10
435 290 10
435 291 10
435 298 10
435 301 10
435 304 10
435 306 10
435 308 10
435 310 10
435 311 10
435 317 10
435 319 10
435 320 10
435 321 10
435 322 10
435 323 10
435 325 10
435 328 10
435 333 10
435 334 10
435 336 10
435 350 10
435 357 10
435 361 10
435 363 10
435 364 10
435 365 10
435 386 10
435 389 10
435 392 10
435 393 10
435 394 10
435 399 10
435 402 10
435 403 10
435 404 10
435 405 10
435 406 10
435 415 10
435 416 10
435 432 10
435 434 10
435 437 10
435 439 10
435 441 10
435 443 10
435 444 10
435 446 10
435 456 10
435 457 10
435 458 10
435 468 10
435 475 10
435 479 10
435 481 10
435 482 10
435 487 10
435 491 10
435 494 10
435 495 10
435 504 10
435 505 10
435 506 10
435 507 10
435 509 10
435 513 10
435 515 10
435 517 10
435 522 10
435 523 10
435 526 10
435 528 10
435 529 10
435 530 10
435 531 10
435 532 10
435 533 10
435 534 10
435 536 10
435 544 10
435 553 10
435 554 10
435 555 10
435 556 10
435 576 10
435 580 10
435 582 10
435 589 10
435 591 10
435 597 10
435 602 10
435 604 10
435 605 10
435 607 10
435 608 10
435 610 10
435 611 10
435 625 10
435 626 10
435 628 10
435 630 10
435 631 10
435 637 10
435 639 10
435 643 10
435 645 10
435 649 10
435 653 10
435 657 10
435 658 10
435 659 10
435 662 10
435 666 10
435 667 10
435 668 10
435 672 10
435 673 10
435 677 10
435 680 10
435 681 10
435 682 10
435 688 10
435 696 10
435 697 10
435 698 10
435 699 10
435 702 10
435 703 10
435 704 10
435 706 10
435 707 10
435 710 10
435 712 10
435 714 10
435 715 10
435 748 10
435 755 10
435 756 10
435 759 10
435 760 10
435 761 10
435 762 10
435 764 10
435 765 10
435 766 10
435 768 10
435 770 10
435 771 10
436 217 10
436 221 10
436 222 10
436 223 10
436 225 10
436 246 10
436 247 10
436 249 10
436 250 10
436 251 10
436 252 10
436 253 10
436 255 10
436 256 10
436 259 10
436 264 10
436 265 10
436 267 10
436 270 10
436 271 10
436 276 10
436 278 10
436 280 10
436 281 10
436 282 10
436 283 10
436 284 10
436 287 10
436 288 10
436 289 10
436 290 10
436 293 10
436 294 10
436 297 10
436 300 10
436 303 10
436 305 10
436 306 10
436 308 10
436 322 10
436 323 10
436 324 10
436 328 10
436 329 10
436 331 10
436 332 10
436 334 10
436 335 10
436 345 10
436 347 10
436 357 10
436 364 10
436 367 10
436 370 10
436 378 10
436 392 10
436 393 10
436 394 10
436 396 10
436 397 10
436 398 10
436 401 10
436 402 10
436 404 10
436 406 10
436 407 10
436 414 10
436 417 10
436 421 10
436 423 10
436 427 10
436 431 10
436 434 10
436 435 10
436 436 10
436 441 10
436 442 10
436 444 10
436 445 10
436 446 10
436 453 10
436 454 10
436 455 10
436 456 10
436 459 10
436 460 10
436 468 10
436 475 10
436 477 10
436 479 10
436 484 10
436 485 10
436 486 10
436 487 10
436 489 10
436 492 10
436 493 10
436 497 10
436 507 10
436 509 10
436 515 10
436 517 10
436 519 10
436 520 10
436 523 10
436 525 10
436 529 10
436 530 10
436 533 10
436 534 10
436 536 10
436 538 10
436 539 10
436 541 10
436 542 10
436 543 10
436 544 10
436 549 10
436 550 10
436 552 10
436 554 10
436 563 10
436 573 10
436 574 10
436 576 10
436 577 10
436 589 10
436 592 10
436 600 10
436 601 10
436 602 10
436 606 10
436 608 10
436 625 10
436 627 10
436 628 10
436 630 10
436 638 10
436 642 10
436 643 10
436 645 10
436 646 10
436 647 10
436 648 10
436 649 10
436 651 10
436 663 10
436 664 10
436 665 10
436 666 10
436 669 10
436 671 10
436 674 10
436 676 10
436 678 10
436 679 10
436 693 10
436 696 10
436 698 10
436 700 10
436 701 10
436 703 10
436 705 10
436 706 10
436 709 10
436 710 10
436 712 10
436 714 10
436 715 10
436 716 10
436 719 10
436 727 10
436 738 10
436 745 10
436 751 10
436 754 10
436 760 10
436 764 10
436 766 10
436 768 10
436 769 10
436 773 10
436 774 10
437 219 10
437 221 10
437 242 10
437 244 10
437 248 10
437 250 10
437 251 10
437 252 10
437 253 10
437 255 10
437 256 10
437 257 10
437 258 10
437 260 10
437 261 10
437 264 10
437 267 10
437 275 10
437 281 10
437 282 10
437 283 10
437 287 10
437 289 10
437 290 10
437 291 10
437 292 10
437 293 10
437 295 10
437 298 10
437 299 10
437 301 10
437 303 10
437 304 10
437 317 10
437 320 10
437 324 10
437 326 10
437 331 10
437 337 10
437 339 10
437 347 10
437 355 10
437 357 10
437 361 10
437 363 10
437 365 10
437 367 10
437 376 10
437 377 10
437 386 10
437 392 10
437 393 10
437 400 10
437 401 10
437 403 10
437 404 10
437 405 10
437 407 10
437 409 10
437 410 10
437 413 10
437 414 10
437 415 10
437 416 10
437 420 10
437 423 10
437 424 10
437 425 10
437 431 10
437 432 10
437 433 10
437 435 10
437 436 10
437 438 10
437 439 10
437 443 10
437 444 10
437 446 10
437 453 10
437 455 10
437 471 10
437 472 10
437 474 10
437 480 10
437 482 10
437 488 10
437 490 10
437 491 10
437 493 10
437 495 10
437 502 10
437 503 10
437 504 10
437 505 10
437 506 10
437 510 10
437 515 10
437 516 10
437 517 10
437 523 10
437 525 10
437 526 10
437 527 10
437 530 10
437 531 10
437 532 10
437 534 10
437 536 10
437 539 10
437 540 10
437 553 10
437 554 10
437 557 10
437 573 10
437 579 10
437 590 10
437 596 10
437 597 10
437 600 10
437 603 10
437 604 10
437 606 10
437 608 10
437 612 10
437 616 10
437 617 10
437 620 10
437 627 10
437 628 10
437 629 10
437 634 10
437 635 10
437 637 10
437 638 10
437 639 10
437 640 10
437 641 10
437 644 10
437 645 10
437 646 10
437 648 10
437 651 10
437 653 10
437 654 10
437 656 10
437 661 10
437 665 10
437 666 10
437 667 10
437 669 10
437 671 10
437 673 10
437 675 10
437 679 10
437 690 10
437 691 10
437 693 10
437 694 10
437 696 10
437 697 10
437 698 10
437 699 10
437 700 10
437 702 10
437 703 10
437 707 10
437 708 10
437 710 10
437 712 10
437 713 10
437 714 10
437 715 10
437 721 10
437 723 10
437 728 10
437 746 10
437 757 10
437 760 10
437 762 10
437 771 10
437 776 10
438 219 10
438 221 10
438 222 10
438 223 10
438 240 10
438 251 10
438 252 10
438 253 10
438 254 10
438 255 10
438 257 10
438 258 10
438 259 10
438 261 10
438 263 10
438 264 10
438 266 10
438 270 10
438 272 10
438 275 10
438 276 10
438 277 10
438 278 10
438 279 10
438 282 10
438 283 10
438 284 10
438 285 10
438 286 10
438 288 10
438 293 10
438 294 10
438 299 10
438 301 10
438 304 10
438 305 10
438 308 10
438 309 10
438 313 10
438 318 10
438 324 10
438 326 10
438 331 10
438 332 10
438 333 10
438 336 10
438 356 10
438 361 10
438 365 10
438 366 10
438 368 10
438 378 10
438 390 10
438 391 10
438 394 10
438 400 10
438 402 10
438 403 10
438 405 10
438 406 10
438 408 10
438 416 10
438 417 10
438 427 10
438 431 10
438 434 10
438 439 10
438 444 10
438 445 10
438 455 10
438 456 10
438 457 10
438 458 10
438 470 10
438 471 10
438 472 10
438 473 10
438 474 10
438 478 10
438 485 10
438 490 10
438 493 10
438 494 10
438 495 10
438 505 10
438 506 10
438 508 10
438 521 10
438 522 10
438 523 10
438 524 10
438 528 10
438 529 10
438 534 10
438 538 10
438 543 10
438 547 10
438 548 10
438 550 10
438 551 10
438 552 10
438 553 10
438 554 10
438 556 10
438 558 10
438 559 10
438 562 10
438 564 10
438 568 10
438 570 10
438 572 10
438 573 10
438 575 10
438 577 10
438 579 10
438 580 10
438 600 10
438 601 10
438 603 10
438 604 10
438 605 10
438 607 10
438 608 10
438 610 10
438 611 10
438 612 10
438 614 10
438 618 10
438 620 10
438 621 10
438 624 10
438 627 10
438 628 10
438 630 10
438 635 10
438 638 10
438 641 10
438 642 10
438 644 10
438 645 10
438 648 10
438 649 10
438 656 10
438 660 10
438 664 10
438 667 10
438 668 10
438 669 10
438 670 10
438 672 10
438 673 10
438 674 10
438 678 10
438 680 10
438 684 10
438 685 10
438 687 10
438 688 10
438 689 10
438 691 10
438 692 10
438 693 10
438 694 10
438 695 10
438 696 10
438 697 10
438 698 10
438 700 10
438 702 10
438 706 10
438 708 10
438 709 10
438 711 10
438 712 10
438 713 10
438 715 10
438 722 10
438 723 10
438 725 10
438 741 10
438 743 10
438 745 10
438 747 10
438 749 10
438 768 10
438 776 10
439 220 10
439 221 10
439 223 10
439 225 10
439 238 10
439 239 10
439 242 10
439 248 10
439 251 10
439 252 10
439 253 10
439 255 10
439 256 10
439 257 10
439 258 10
439 260 10
439 261 10
439 274 10
439 275 10
439 276 10
439 281 10
439 282 10
439 283 10
439 284 10
439 290 10
439 292 10
439 294 10
439 297 10
439 298 10
439 299 10
439 300 10
439 302 10
439 305 10
439 306 10
439 315 10
439 326 10
439 329 10
439 330 10
439 332 10
439 334 10
439 335 10
439 336 10
439 347 10
439 349 10
439 357 10
439 366 10
439 367 10
439 372 10
439 376 10
439 377 10
439 384 10
439 386 10
439 388 10
439 393 10
439 400 10
439 402 10
439 403 10
439 404 10
439 405 10
439 406 10
439 407 10
439 411 10
439 414 10
439 416 10
439 418 10
439 421 10
439 422 10
439 423 10
439 426 10
439 430 10
439 434 10
439 435 10
439 439 10
439 441 10
439 442 10
439 443 10
439 444 10
439 446 10
439 451 10
439 452 10
439 454 10
439 455 10
439 457 10
439 458 10
439 459 10
439 464 10
439 467 10
439 474 10
439 476 10
439 480 10
439 481 10
439 488 10
439 491 10
439 493 10
439 495 10
439 497 10
439 498 10
439 504 10
439 506 10
439 507 10
439 508 10
439 516 10
439 523 10
439 524 10
439 525 10
439 526 10
439 532 10
439 533 10
439 536 10
439 539 10
439 547 10
439 548 10
439 553 10
439 555 10
439 558 10
439 562 10
439 569 10
439 570 10
439 574 10
439 575 10
439 576 10
439 577 10
439 580 10
439 581 10
439 583 10
439 591 10
439 600 10
439 601 10
439 602 10
439 603 10
439 604 10
439 605 10
439 606 10
439 611 10
439 613 10
439 615 10
439 619 10
439 621 10
439 626 10
439 635 10
439 636 10
439 638 10
439 643 10
439 646 10
439 648 10
439 651 10
439 653 10
439 658 10
439 659 10
439 665 10
439 667 10
439 668 10
439 669 10
439 671 10
439 673 10
439 677 10
439 684 10
439 688 10
439 693 10
439 694 10
439 695 10
439 696 10
439 697 10
439 698 10
439 699 10
439 700 10
439 702 10
439 704 10
439 705 10
439 706 10
439 709 10
439 710 10
439 711 10
439 713 10
439 715 10
439 716 10
439 717 10
439 718 10
439 719 10
439 721 10
439 725 10
439 738 10
439 743 10
439 744 10
439 747 10
439 757 10
439 760 10
439 772 10
439 774 10
439 776 10
439 777 10
439 778 10
440 220 10
440 222 10
440 224 10
440 228 10
440 235 10
440 239 10
440 243 10
440 244 10
440 250 10
440 251 10
440 252 10
440 253 10
440 255 10
440 256 10
440 257 10
440 258 10
440 259 10
440 260 10
440 261 10
440 263 10
440 265 10
440 266 10
440 268 10
440 270 10
440 271 10
440 273 10
440 274 10
440 279 10
440 280 10
440 282 10
440 283 10
440 285 10
440 293 10
440 296 10
440 298 10
440 299 10
440 301 10
440 307 10
440 308 10
440 310 10
440 311 10
440 316 10
440 317 10
440 318 10
440 320 10
440 321 10
440 322 10
440 325 10
440 328 10
440 330 10
440 331 10
440 332 10
440 333 10
440 336 10
440 337 10
440 348 10
440 355 10
440 373 10
440 375 10
440 378 10
440 380 10
440 382 10
440 386 10
440 387 10
440 389 10
440 390 10
440 392 10
440 393 10
440 402 10
440 404 10
440 406 10
440 408 10
440 409 10
440 412 10
440 413 10
440 414 10
440 415 10
440 417 10
440 432 10
440 433 10
440 434 10
440 435 10
440 436 10
440 438 10
440 439 10
440 444 10
440 445 10
440 446 10
440 455 10
440 457 10
440 461 10
440 467 10
440 470 10
440 471 10
440 473 10
440 474 10
440 476 10
440 477 10
440 478 10
440 479 10
440 481 10
440 483 10
440 486 10
440 487 10
440 490 10
440 493 10
440 495 10
440 499 10
440 501 10
440 505 10
440 507 10
440 514 10
440 515 10
440 516 10
440 517 10
440 524 10
440 525 10
440 526 10
440 528 10
440 533 10
440 536 10
440 539 10
440 540 10
440 550 10
440 551 10
440 552 10
440 553 10
440 554 10
440 556 10
440 557 10
440 564 10
440 571 10
440 573 10
440 575 10
440 576 10
440 577 10
440 587 10
440 588 10
440 589 10
440 591 10
440 598 10
440 599 10
440 600 10
440 602 10
440 605 10
440 607 10
440 608 10
440 609 10
440 611 10
440 612 10
440 619 10
440 620 10
440 624 10
440 625 10
440 628 10
440 629 10
440 632 10
440 633 10
440 638 10
440 640 10
440 642 10
440 644 10
440 646 10
440 648 10
440 651 10
440 653 10
440 666 10
440 667 10
440 669 10
440 670 10
440 671 10
440 675 10
440 677 10
440 681 10
440 683 10
440 684 10
440 688 10
440 691 10
440 694 10
440 696 10
440 697 10
440 699 10
440 701 10
440 703 10
440 704 10
440 707 10
440 712 10
440 714 10
440 715 10
440 717 10
440 718 10
440 728 10
440 744 10
440 747 10
440 748 10
440 774 10
440 778 10
441 223 10
441 226 10
441 227 10
441 231 10
441 237 10
441 238 10
441 240 10
441 247 10
441 249 10
441 253 10
441 254 10
441 256 10
441 257 10
441 258 10
441 259 10
441 260 10
441 262 10
441 263 10
441 266 10
441 270 10
441 271 10
441 272 10
441 273 10
441 281 10
441 283 10
441 284 10
441 294 10
441 295 10
441 296 10
441 297 10
441 298 10
441 299 10
441 300 10
441 301 10
441 302 10
441 303 10
441 304 10
441 305 10
441 306 10
441 312 10
441 313 10
441 314 10
441 317 10
441 318 10
441 320 10
441 321 10
441 322 10
441 327 10
441 329 10
441 330 10
441 331 10
441 332 10
441 333 10
441 349 10
441 362 10
441 364 10
441 367 10
441 374 10
441 376 10
441 377 10
441 378 10
441 380 10
441 381 10
441 383 10
441 384 10
441 385 10
441 386 10
441 390 10
441 391 10
441 392 10
441 393 10
441 395 10
441 397 10
441 402 10
441 403 10
441 404 10
441 406 10
441 408 10
441 409 10
441 410 10
441 413 10
441 414 10
441 415 10
441 416 10
441 417 10
441 424 10
441 427 10
441 429 10
441 430 10
441 431 10
441 432 10
441 434 10
441 438 10
441 439 10
441 442 10
441 443 10
441 446 10
441 452 10
441 453 10
441 454 10
441 455 10
441 459 10
441 462 10
441 470 10
441 471 10
441 475 10
441 478 10
441 481 10
441 482 10
441 489 10
441 497 10
441 500 10
441 501 10
441 502 10
441 510 10
441 517 10
441 518 10
441 521 10
441 523 10
441 524 10
441 525 10
441 526 10
441 528 10
441 529 10
441 530 10
441 532 10
441 533 10
441 534 10
441 536 10
441 537 10
441 541 10
441 553 10
441 555 10
441 556 10
441 557 10
441 560 10
441 563 10
441 568 10
441 570 10
441 571 10
441 572 10
441 574 10
441 575 10
441 579 10
441 585 10
441 591 10
441 598 10
441 600 10
441 601 10
441 602 10
441 603 10
441 604 10
441 606 10
441 608 10
441 609 10
441 610 10
441 611 10
441 614 10
441 622 10
441 623 10
441 625 10
441 626 10
441 627 10
441 628 10
441 629 10
441 641 10
441 643 10
441 648 10
441 650 10
441 651 10
441 653 10
441 654 10
441 668 10
441 669 10
441 670 10
441 672 10
441 674 10
441 675 10
441 676 10
441 681 10
441 683 10
441 686 10
441 688 10
441 690 10
441 694 10
441 695 10
441 696 10
441 697 10
441 698 10
441 700 10
441 701 10
441 703 10
441 704 10
441 706 10
441 710 10
441 712 10
441 716 10
441 717 10
441 718 10
441 719 10
441 720 10
441 721 10
441 722 10
441 723 10
441 742 10
441 743 10
441 756 10
441 767 10
441 768 10
441 769 10
441 771 10
441 775 10
441 776 10
441 777 10
441 778 10
442 232 10
442 233 10
442 234 10
442 237 10
442 238 10
442 239 10
442 240 10
442 241 10
442 243 10
442 245 10
442 247 10
442 248 10
442 251 10
442 252 10
442 254 10
442 256 10
442 257 10
442 258 10
442 259 10
442 260 10
442 264 10
442 266 10
442 268 10
442 270 10
442 272 10
442 273 10
442 280 10
442 281 10
442 285 10
442 289 10
442 293 10
442 295 10
442 296 10
442 297 10
442 299 10
442 300 10
442 307 10
442 312 10
442 313 10
442 314 10
442 315 10
442 318 10
442 319 10
442 320 10
442 321 10
442 325 10
442 328 10
442 329 10
442 331 10
442 332 10
442 334 10
442 335 10
442 352 10
442 362 10
442 366 10
442 369 10
442 376 10
442 377 10
442 378 10
442 380 10
442 381 10
442 382 10
442 383 10
442 390 10
442 392 10
442 395 10
442 396 10
442 397 10
442 401 10
442 402 10
442 405 10
442 406 10
442 407 10
442 411 10
442 412 10
442 413 10
442 414 10
442 416 10
442 417 10
442 420 10
442 424 10
442 428 10
442 429 10
442 432 10
442 435 10
442 439 10
442 440 10
442 444 10
442 445 10
442 446 10
442 450 10
442 451 10
442 453 10
442 454 10
442 457 10
442 468 10
442 474 10
442 476 10
442 480 10
442 486 10
442 492 10
442 493 10
442 499 10
442 500 10
442 501 10
442 503 10
442 514 10
442 515 10
442 522 10
442 523 10
442 524 10
442 525 10
442 527 10
442 528 10
442 529 10
442 530 10
442 535 10
442 536 10
442 538 10
442 550 10
442 554 10
442 560 10
442 561 10
442 562 10
442 566 10
442 570 10
442 571 10
442 575 10
442 577 10
442 585 10
442 586 10
442 587 10
442 588 10
442 598 10
442 599 10
442 600 10
442 606 10
442 611 10
442 612 10
442 614 10
442 615 10
442 618 10
442 620 10
442 622 10
442 623 10
442 624 10
442 625 10
442 626 10
442 632 10
442 640 10
442 643 10
442 645 10
442 646 10
442 647 10
442 648 10
442 650 10
442 659 10
442 662 10
442 664 10
442 665 10
442 668 10
442 669 10
442 670 10
442 671 10
442 675 10
442 676 10
442 682 10
442 683 10
442 686 10
442 687 10
442 695 10
442 700 10
442 701 10
442 702 10
442 703 10
442 704 10
442 706 10
442 707 10
442 709 10
442 710 10
442 715 10
442 716 10
442 717 10
442 718 10
442 720 10
442 721 10
442 723 10
442 724 10
442 725 10
442 743 10
442 744 10
442 746 10
442 749 10
442 750 10
442 751 10
442 752 10
442 753 10
442 764 10
442 766 10
442 767 10
443 221 10
443 224 10
443 225 10
443 226 10
443 228 10
443 229 10
443 231 10
443 232 10
443 241 10
443 243 10
443 244 10
443 249 10
443 250 10
443 251 10
443 252 10
443 254 10
443 255 10
443 256 10
443 257 10
443 259 10
443 260 10
443 261 10
443 262 10
443 263 10
443 264 10
443 265 10
443 266 10
443 267 10
443 268 10
443 272 10
443 275 10
443 282 10
443 283 10
443 285 10
443 287 10
443 290 10
443 293 10
443 298 10
443 299 10
443 301 10
443 304 10
443 305 10
443 309 10
443 310 10
443 311 10
443 312 10
443 313 10
443 316 10
443 317 10
443 318 10
443 319 10
443 320 10
443 321 10
443 327 10
443 329 10
443 330 10
443 331 10
443 332 10
443 333 10
443 334 10
443 362 10
443 364 10
443 368 10
443 375 10
443 376 10
443 378 10
443 381 10
443 382 10
443 391 10
443 392 10
443 394 10
443 405 10
443 407 10
443 408 10
443 410 10
443 411 10
443 412 10
443 414 10
443 416 10
443 417 10
443 418 10
443 422 10
443 425 10
443 426 10
443 428 10
443 429 10
443 430 10
443 431 10
443 433 10
443 435 10
443 436 10
443 438 10
443 441 10
443 442 10
443 444 10
443 451 10
443 452 10
443 456 10
443 469 10
443 471 10
443 472 10
443 478 10
443 479 10
443 482 10
443 483 10
443 487 10
443 489 10
443 491 10
443 492 10
443 499 10
443 500 10
443 502 10
443 504 10
443 516 10
443 522 10
443 523 10
443 526 10
443 529 10
443 534 10
443 537 10
443 539 10
443 541 10
443 543 10
443 545 10
443 548 10
443 554 10
443 558 10
443 560 10
443 561 10
443 563 10
443 564 10
443 568 10
443 569 10
443 574 10
443 575 10
443 576 10
443 577 10
443 585 10
443 588 10
443 597 10
443 598 10
443 600 10
443 602 10
443 604 10
443 608 10
443 609 10
443 610 10
443 612 10
443 613 10
443 614 10
443 616 10
443 621 10
443 623 10
443 625 10
443 627 10
443 629 10
443 631 10
443 644 10
443 645 10
443 648 10
443 649 10
443 651 10
443 652 10
443 653 10
443 655 10
443 656 10
443 658 10
443 659 10
443 666 10
443 669 10
443 671 10
443 672 10
443 675 10
443 689 10
443 691 10
443 693 10
443 694 10
443 697 10
443 704 10
443 706 10
443 707 10
443 709 10
443 712 10
443 715 10
443 717 10
443 718 10
443 722 10
443 725 10
443 744 10
443 746 10
443 748 10
443 750 10
443 756 10
443 757 10
443 761 10
443 763 10
443 764 10
443 767 10
443 769 10
443 770 10
443 772 10
444 220 10
444 222 10
444 224 10
444 225 10
444 227 10
444 231 10
444 233 10
444 234 10
444 235 10
444 240 10
444 241 10
444 246 10
444 250 10
444 251 10
444 252 10
444 254 10
444 255 10
444 256 10
444 257 10
444 259 10
444 260 10
444 263 10
444 265 10
444 266 10
444 268 10
444 269 10
444 270 10
444 274 10
444 275 10
444 277 10
444 284 10
444 285 10
444 294 10
444 299 10
444 302 10
444 307 10
444 311 10
444 312 10
444 313 10
444 314 10
444 315 10
444 316 10
444 317 10
444 321 10
444 324 10
444 328 10
444 329 10
444 332 10
444 357 10
444 361 10
444 362 10
444 363 10
444 367 10
444 368 10
444 376 10
444 377 10
444 378 10
444 379 10
444 380 10
444 382 10
444 383 10
444 385 10
444 388 10
444 395 10
444 397 10
444 398 10
444 399 10
444 404 10
444 407 10
444 408 10
444 414 10
444 416 10
444 418 10
444 419 10
444 424 10
444 426 10
444 428 10
444 429 10
444 430 10
444 431 10
444 434 10
444 438 10
444 439 10
444 441 10
444 442 10
444 445 10
444 450 10
444 453 10
444 455 10
444 456 10
444 457 10
444 470 10
444 473 10
444 476 10
444 482 10
444 485 10
444 488 10
444 489 10
444 490 10
444 492 10
444 494 10
444 497 10
444 499 10
444 500 10
444 507 10
444 516 10
444 517 10
444 519 10
444 524 10
444 525 10
444 526 10
444 527 10
444 528 10
444 531 10
444 535 10
444 537 10
444 538 10
444 541 10
444 546 10
444 551 10
444 557 10
444 559 10
444 560 10
444 561 10
444 569 10
444 570 10
444 585 10
444 589 10
444 597 10
444 600 10
444 601 10
444 608 10
444 609 10
444 611 10
444 614 10
444 615 10
444 622 10
444 624 10
444 625 10
444 631 10
444 639 10
444 643 10
444 644 10
444 645 10
444 650 10
444 651 10
444 652 10
444 659 10
444 661 10
444 669 10
444 670 10
444 671 10
444 672 10
444 675 10
444 677 10
444 684 10
444 685 10
444 687 10
444 689 10
444 690 10
444 691 10
444 692 10
444 694 10
444 695 10
444 701 10
444 702 10
444 703 10
444 704 10
444 705 10
444 706 10
444 707 10
444 710 10
444 711 10
444 712 10
444 713 10
444 714 10
444 715 10
444 719 10
444 721 10
444 724 10
444 727 10
444 744 10
444 751 10
444 755 10
444 761 10
444 762 10
444 763 10
444 765 10
444 766 10
444 767 10
444 768 10
444 772 10
444 774 10
444 777 10
445 223 10
445 225 10
445 226 10
445 227 10
445 229 10
445 232 10
445 233 10
445 238 10
445 239 10
445 243 10
445 247 10
445 248 10
445 249 10
445 250 10
445 251 10
445 254 10
445 255 10
445 256 10
445 257 10
445 260 10
445 261 10
445 264 10
445 267 10
445 268 10
445 269 10
445 274 10
445 282 10
445 285 10
445 286 10
445 289 10
445 290 10
445 296 10
445 299 10
445 300 10
445 302 10
445 303 10
445 308 10
445 309 10
445 311 10
445 312 10
445 315 10
445 316 10
445 318 10
445 322 10
445 324 10
445 325 10
445 328 10
445 329 10
445 330 10
445 358 10
445 361 10
445 366 10
445 367 10
445 370 10
445 373 10
445 375 10
445 380 10
445 381 10
445 383 10
445 384 10
445 389 10
445 394 10
445 395 10
445 397 10
445 405 10
445 409 10
445 416 10
445 420 10
445 421 10
445 422 10
445 424 10
445 425 10
445 427 10
445 430 10
445 431 10
445 432 10
445 433 10
445 434 10
445 435 10
445 436 10
445 438 10
445 440 10
445 441 10
445 442 10
445 443 10
445 444 10
445 449 10
445 451 10
445 452 10
445 453 10
445 454 10
445 455 10
445 456 10
445 457 10
445 468 10
445 474 10
445 479 10
445 482 10
445 484 10
445 485 10
445 490 10
445 492 10
445 493 10
445 500 10
445 501 10
445 504 10
445 505 10
445 506 10
445 508 10
445 509 10
445 510 10
445 517 10
445 521 10
445 522 10
445 523 10
445 525 10
445 526 10
445 528 10
445 529 10
445 530 10
445 531 10
445 532 10
445 534 10
445 535 10
445 536 10
445 538 10
445 539 10
445 543 10
445 545 10
445 559 10
445 564 10
445 565 10
445 566 10
445 568 10
445 570 10
445 571 10
445 572 10
445 574 10
445 578 10
445 582 10
445 583 10
445 588 10
445 589 10
445 590 10
445 593 10
445 597 10
445 602 10
445 603 10
445 611 10
445 614 10
445 615 10
445 624 10
445 625 10
445 627 10
445 628 10
445 631 10
445 632 10
445 642 10
445 643 10
445 647 10
445 648 10
445 649 10
445 652 10
445 655 10
445 661 10
445 663 10
445 665 10
445 666 10
445 668 10
445 671 10
445 675 10
445 676 10
445 677 10
445 678 10
445 679 10
445 686 10
445 687 10
445 688 10
445 689 10
445 690 10
445 691 10
445 693 10
445 695 10
445 698 10
445 702 10
445 703 10
445 704 10
445 706 10
445 707 10
445 708 10
445 709 10
445 711 10
445 712 10
445 713 10
445 715 10
445 716 10
445 717 10
445 719 10
445 722 10
445 724 10
445 745 10
445 746 10
445 749 10
445 757 10
445 758 10
445 762 10
445 764 10
445 765 10
445 767 10
445 768 10
445 770 10
445 773 10
446 217 10
446 220 10
446 222 10
446 223 10
446 224 10
446 227 10
446 229 10
446 230 10
446 231 10
446 233 10
446 234 10
446 235 10
446 236 10
446 237 10
446 238 10
446 239 10
446 241 10
446 243 10
446 244 10
446 246 10
446 247 10
446 250 10
446 251 10
446 253 10
446 254 10
446 255 10
446 256 10
446 257 10
446 261 10
446 268 10
446 269 10
446 270 10
446 271 10
446 272 10
446 273 10
446 274 10
446 276 10
446 286 10
446 295 10
446 296 10
446 297 10
446 300 10
446 309 10
446 311 10
446 312 10
446 314 10
446 315 10
446 316 10
446 318 10
446 319 10
446 322 10
446 323 10
446 326 10
446 327 10
446 329 10
446 359 10
446 360 10
446 363 10
446 364 10
446 365 10
446 375 10
446 376 10
446 377 10
446 380 10
446 381 10
446 382 10
446 383 10
446 384 10
446 396 10
446 398 10
446 400 10
446 407 10
446 409 10
446 410 10
446 412 10
446 414 10
446 415 10
446 417 10
446 419 10
446 421 10
446 423 10
446 424 10
446 425 10
446 427 10
446 428 10
446 429 10
446 430 10
446 431 10
446 435 10
446 437 10
446 438 10
446 439 10
446 442 10
446 445 10
446 446 10
446 447 10
446 448 10
446 450 10
446 452 10
446 453 10
446 454 10
446 455 10
446 458 10
446 459 10
446 466 10
446 467 10
446 469 10
446 471 10
446 474 10
446 475 10
446 476 10
446 487 10
446 490 10
446 491 10
446 492 10
446 493 10
446 494 10
446 496 10
446 499 10
446 503 10
446 505 10
446 506 10
446 519 10
446 522 10
446 523 10
446 531 10
446 532 10
446 535 10
446 538 10
446 540 10
446 541 10
446 546 10
446 548 10
446 556 10
446 559 10
446 561 10
446 562 10
446 564 10
446 568 10
446 569 10
446 571 10
446 572 10
446 573 10
446 574 10
446 576 10
446 578 10
446 582 10
446 583 10
446 585 10
446 600 10
446 601 10
446 602 10
446 604 10
446 611 10
446 613 10
446 623 10
446 624 10
446 625 10
446 629 10
446 630 10
446 640 10
446 641 10
446 647 10
446 648 10
446 651 10
446 653 10
446 655 10
446 658 10
446 659 10
446 661 10
446 664 10
446 667 10
446 669 10
446 670 10
446 672 10
446 676 10
446 677 10
446 683 10
446 686 10
446 692 10
446 693 10
446 694 10
446 696 10
446 697 10
446 699 10
446 701 10
446 702 10
446 703 10
446 704 10
446 705 10
446 707 10
446 708 10
446 710 10
446 711 10
446 712 10
446 715 10
446 717 10
446 720 10
446 721 10
446 730 10
446 744 10
446 749 10
446 755 10
446 756 10
446 757 10
446 759 10
446 763 10
446 765 10
446 774 10
447 221 10
447 222 10
447 223 10
447 224 10
447 229 10
447 231 10
447 233 10
447 234 10
447 235 10
447 236 10
447 237 10
447 238 10
447 239 10
447 240 10
447 241 10
447 243 10
447 244 10
447 246 10
447 247 10
447 248 10
447 250 10
447 251 10
447 252 10
447 253 10
447 255 10
447 256 10
447 259 10
447 260 10
447 266 10
447 267 10
447 270 10
447 271 10
447 289 10
447 290 10
447 298 10
447 305 10
447 309 10
447 313 10
447 314 10
447 316 10
447 321 10
447 323 10
447 325 10
447 327 10
447 328 10
447 329 10
447 333 10
447 334 10
447 335 10
447 336 10
447 337 10
447 339 10
447 341 10
447 343 10
447 358 10
447 359 10
447 366 10
447 367 10
447 374 10
447 380 10
447 384 10
447 392 10
447 395 10
447 397 10
447 398 10
447 400 10
447 402 10
447 404 10
447 407 10
447 411 10
447 412 10
447 416 10
447 419 10
447 421 10
447 423 10
447 424 10
447 425 10
447 426 10
447 428 10
447 429 10
447 430 10
447 431 10
447 432 10
447 433 10
447 434 10
447 435 10
447 436 10
447 437 10
447 438 10
447 439 10
447 440 10
447 441 10
447 443 10
447 445 10
447 446 10
447 448 10
447 450 10
447 451 10
447 452 10
447 453 10
447 454 10
447 455 10
447 456 10
447 457 10
447 465 10
447 466 10
447 473 10
447 475 10
447 476 10
447 477 10
447 479 10
447 488 10
447 491 10
447 493 10
447 494 10
447 495 10
447 496 10
447 498 10
447 499 10
447 500 10
447 503 10
447 505 10
447 507 10
447 508 10
447 516 10
447 524 10
447 527 10
447 529 10
447 532 10
447 533 10
447 537 10
447 538 10
447 542 10
447 556 10
447 559 10
447 561 10
447 563 10
447 566 10
447 570 10
447 573 10
447 575 10
447 582 10
447 588 10
447 590 10
447 595 10
447 596 10
447 598 10
447 599 10
447 601 10
447 602 10
447 608 10
447 609 10
447 610 10
447 612 10
447 618 10
447 619 10
447 623 10
447 626 10
447 628 10
447 630 10
447 631 10
447 632 10
447 635 10
447 639 10
447 641 10
447 642 10
447 645 10
447 646 10
447 648 10
447 650 10
447 651 10
447 652 10
447 654 10
447 655 10
447 657 10
447 660 10
447 662 10
447 663 10
447 664 10
447 665 10
447 668 10
447 670 10
447 671 10
447 672 10
447 673 10
447 675 10
447 677 10
447 684 10
447 685 10
447 687 10
447 689 10
447 691 10
447 692 10
447 693 10
447 694 10
447 695 10
447 696 10
447 698 10
447 704 10
447 705 10
447 707 10
447 709 10
447 710 10
447 713 10
447 715 10
447 718 10
447 719 10
447 741 10
447 746 10
447 755 10
447 756 10
447 757 10
447 759 10
447 763 10
447 764 10
447 767 10
447 768 10
447 771 10
448 217 10
448 220 10
448 221 10
448 222 10
448 224 10
448 225 10
448 227 10
448 229 10
448 231 10
448 232 10
448 235 10
448 236 10
448 239 10
448 240 10
448 241 10
448 242 10
448 243 10
448 244 10
448 245 10
448 246 10
448 250 10
448 252 10
448 256 10
448 259 10
448 262 10
448 263 10
448 268 10
448 273 10
448 275 10
448 283 10
448 285 10
448 297 10
448 307 10
448 310 10
448 312 10
448 314 10
448 315 10
448 317 10
448 318 10
448 319 10
448 323 10
448 326 10
448 327 10
448 328 10
448 329 10
448 332 10
448 334 10
448 338 10
448 339 10
448 340 10
448 343 10
448 354 10
448 361 10
448 363 10
448 367 10
448 381 10
448 384 10
448 386 10
448 390 10
448 391 10
448 392 10
448 399 10
448 400 10
448 401 10
448 402 10
448 404 10
448 405 10
448 407 10
448 408 10
448 409 10
448 410 10
448 411 10
448 413 10
448 418 10
448 419 10
448 420 10
448 421 10
448 423 10
448 425 10
448 426 10
448 429 10
448 430 10
448 431 10
448 432 10
448 433 10
448 434 10
448 435 10
448 436 10
448 437 10
448 438 10
448 439 10
448 440 10
448 443 10
448 444 10
448 445 10
448 447 10
448 448 10
448 449 10
448 450 10
448 451 10
448 452 10
448 453 10
448 454 10
448 455 10
448 456 10
448 461 10
448 464 10
448 465 10
448 469 10
448 470 10
448 471 10
448 478 10
448 481 10
448 489 10
448 491 10
448 492 10
448 494 10
448 495 10
448 496 10
448 497 10
448 498 10
448 500 10
448 502 10
448 503 10
448 504 10
448 506 10
448 512 10
448 522 10
448 523 10
448 524 10
448 530 10
448 557 10
448 558 10
448 560 10
448 561 10
448 563 10
448 564 10
448 566 10
448 567 10
448 568 10
448 571 10
448 573 10
448 574 10
448 577 10
448 588 10
448 590 10
448 595 10
448 601 10
448 610 10
448 616 10
448 620 10
448 621 10
448 624 10
448 627 10
448 636 10
448 638 10
448 640 10
448 641 10
448 645 10
448 648 10
448 649 10
448 651 10
448 654 10
448 655 10
448 656 10
448 657 10
448 658 10
448 659 10
448 662 10
448 665 10
448 666 10
448 668 10
448 672 10
448 682 10
448 686 10
448 687 10
448 688 10
448 689 10
448 691 10
448 692 10
448 694 10
448 696 10
448 698 10
448 710 10
448 711 10
448 715 10
448 719 10
448 729 10
448 730 10
448 743 10
448 744 10
448 753 10
448 754 10
448 756 10
449 217 10
449 221 10
449 222 10
449 228 10
449 229 10
449 233 10
449 236 10
449 240 10
449 241 10
449 242 10
449 243 10
449 245 10
449 246 10
449 247 10
449 248 10
449 250 10
449 254 10
449 255 10
449 256 10
449 258 10
449 259 10
449 260 10
449 261 10
449 270 10
449 271 10
449 272 10
449 275 10
449 296 10
449 308 10
449 310 10
449 311 10
449 312 10
449 313 10
449 315 10
449 316 10
449 317 10
449 318 10
449 319 10
449 320 10
449 321 10
449 322 10
449 323 10
449 326 10
449 327 10
449 328 10
449 329 10
449 330 10
449 331 10
449 337 10
449 338 10
449 340 10
449 344 10
449 356 10
449 358 10
449 365 10
449 379 10
449 380 10
449 381 10
449 382 10
449 385 10
449 386 10
449 392 10
449 393 10
449 394 10
449 395 10
449 396 10
449 398 10
449 400 10
449 409 10
449 412 10
449 413 10
449 415 10
449 417 10
449 421 10
449 424 10
449 425 10
449 427 10
449 428 10
449 430 10
449 431 10
449 432 10
449 433 10
449 434 10
449 435 10
449 436 10
449 437 10
449 438 10
449 439 10
449 440 10
449 442 10
449 443 10
449 445 10
449 446 10
449 448 10
449 449 10
449 450 10
449 452 10
449 453 10
449 454 10
449 455 10
449 456 10
449 457 10
449 458 10
449 461 10
449 463 10
449 464 10
449 467 10
449 471 10
449 472 10
449 477 10
449 493 10
449 494 10
449 495 10
449 498 10
449 499 10
449 500 10
449 504 10
449 507 10
449 508 10
449 510 10
449 525 10
449 534 10
449 535 10
449 536 10
449 537 10
449 538 10
449 540 10
449 541 10
449 548 10
449 552 10
449 558 10
449 559 10
449 561 10
449 563 10
449 567 10
449 568 10
449 570 10
449 571 10
449 573 10
449 575 10
449 583 10
449 585 10
449 586 10
449 589 10
449 590 10
449 608 10
449 611 10
449 616 10
449 619 10
449 627 10
449 630 10
449 631 10
449 633 10
449 634 10
449 636 10
449 638 10
449 639 10
449 642 10
449 643 10
449 645 10
449 646 10
449 647 10
449 648 10
449 649 10
449 650 10
449 651 10
449 652 10
449 656 10
449 657 10
449 658 10
449 659 10
449 661 10
449 663 10
449 666 10
449 667 10
449 668 10
449 670 10
449 672 10
449 673 10
449 675 10
449 678 10
449 691 10
449 692 10
449 693 10
449 694 10
449 695 10
449 696 10
449 697 10
449 698 10
449 706 10
449 708 10
449 713 10
449 716 10
449 736 10
449 742 10
449 744 10
449 745 10
449 746 10
449 747 10
449 750 10
449 754 10
449 755 10
449 758 10
449 759 10
449 760 10
449 762 10
449 770 10
450 211 10
450 217 10
450 218 10
450 221 10
450 222 10
450 223 10
450 224 10
450 227 10
450 229 10
450 230 10
450 231 10
450 232 10
450 234 10
450 236 10
450 237 10
450 238 10
450 239 10
450 240 10
450 243 10
450 244 10
450 246 10
450 247 10
450 250 10
450 253 10
450 254 10
450 255 10
450 256 10
450 257 10
450 258 10
450 261 10
450 267 10
450 268 10
450 272 10
450 283 10
450 285 10
450 295 10
450 309 10
450 310 10
450 311 10
450 314 10
450 315 10
450 316 10
450 317 10
450 318 10
450 319 10
450 324 10
450 325 10
450 326 10
450 328 10
450 329 10
450 331 10
450 332 10
450 333 10
450 336 10
450 338 10
450 339 10
450 341 10
450 342 10
450 345 10
450 348 10
450 353 10
450 355 10
450 360 10
450 361 10
450 362 10
450 363 10
450 386 10
450 387 10
450 398 10
450 399 10
450 400 10
450 402 10
450 403 10
450 404 10
450 405 10
450 407 10
450 408 10
450 411 10
450 412 10
450 415 10
450 417 10
450 419 10
450 420 10
450 421 10
450 422 10
450 424 10
450 426 10
450 427 10
450 428 10
450 431 10
450 432 10
450 433 10
450 434 10
450 435 10
450 436 10
450 437 10
450 438 10
450 440 10
450 441 10
450 442 10
450 447 10
450 448 10
450 452 10
450 453 10
450 454 10
450 455 10
450 464 10
450 467 10
450 469 10
450 470 10
450 471 10
450 475 10
450 477 10
450 478 10
450 484 10
450 486 10
450 487 10
450 488 10
450 492 10
450 494 10
450 496 10
450 497 10
450 499 10
450 502 10
450 504 10
450 506 10
450 508 10
450 513 10
450 514 10
450 517 10
450 528 10
450 529 10
450 531 10
450 532 10
450 533 10
450 534 10
450 535 10
450 537 10
450 543 10
450 546 10
450 547 10
450 549 10
450 550 10
450 553 10
450 555 10
450 557 10
450 558 10
450 559 10
450 561 10
450 562 10
450 563 10
450 567 10
450 588 10
450 589 10
450 607 10
450 617 10
450 619 10
450 620 10
450 622 10
450 627 10
450 631 10
450 633 10
450 634 10
450 638 10
450 639 10
450 641 10
450 645 10
450 647 10
450 648 10
450 649 10
450 650 10
450 651 10
450 653 10
450 657 10
450 659 10
450 660 10
450 663 10
450 667 10
450 669 10
450 670 10
450 671 10
450 672 10
450 674 10
450 676 10
450 677 10
450 678 10
450 681 10
450 687 10
450 688 10
450 689 10
450 690 10
450 691 10
450 692 10
450 693 10
450 695 10
450 696 10
450 697 10
450 708 10
450 709 10
450 712 10
450 714 10
450 716 10
450 744 10
450 745 10
450 747 10
450 758 10
450 763 10
450 764 10
450 766 10
451 212 10
451 213 10
451 214 10
451 215 10
451 216 10
451 217 10
451 218 10
451 221 10
451 222 10
451 224 10
451 240 10
451 241 10
451 242 10
451 243 10
451 245 10
451 254 10
451 256 10
451 258 10
451 259 10
451 260 10
451 261 10
451 262 10
451 270 10
451 286 10
451 287 10
451 289 10
451 314 10
451 317 10
451 318 10
451 320 10
451 323 10
451 326 10
451 328 10
451 335 10
451 337 10
451 339 10
451 342 10
451 343 10
451 344 10
451 358 10
451 360 10
451 381 10
451 393 10
451 395 10
451 396 10
451 398 10
451 400 10
451 407 10
451 408 10
451 409 10
451 412 10
451 419 10
451 420 10
451 421 10
451 422 10
451 423 10
451 424 10
451 425 10
451 426 10
451 428 10
451 429 10
451 431 10
451 432 10
451 433 10
451 434 10
451 435 10
451 436 10
451 437 10
451 438 10
451 440 10
451 442 10
451 444 10
451 447 10
451 450 10
451 452 10
451 453 10
451 454 10
451 455 10
451 458 10
451 468 10
451 470 10
451 471 10
451 472 10
451 473 10
451 474 10
451 475 10
451 477 10
451 478 10
451 486 10
451 488 10
451 491 10
451 493 10
451 494 10
451 497 10
451 499 10
451 500 10
451 503 10
451 505 10
451 507 10
451 508 10
451 509 10
451 510 10
451 511 10
451 512 10
451 516 10
451 524 10
451 530 10
451 532 10
451 537 10
451 541 10
451 554 10
451 557 10
451 558 10
451 559 10
451 560 10
451 563 10
451 572 10
451 584 10
451 585 10
451 589 10
451 591 10
451 609 10
451 610 10
451 612 10
451 618 10
451 622 10
451 623 10
451 625 10
451 626 10
451 630 10
451 631 10
451 633 10
451 641 10
451 646 10
451 647 10
451 648 10
451 650 10
451 657 10
451 661 10
451 663 10
451 669 10
451 670 10
451 671 10
451 673 10
451 674 10
451 676 10
451 678 10
451 682 10
451 688 10
451 689 10
451 690 10
451 691 10
451 692 10
451 693 10
451 694 10
451 695 10
451 698 10
451 715 10
451 733 10
451 734 10
451 735 10
451 736 10
451 738 10
451 745 10
451 746 10
451 747 10
451 760 10
451 761 10
451 762 10
451 765 10
451 768 10
451 769 10
451 772 10
451 775 10
451 783 10
452 214 10
452 216 10
452 219 10
452 220 10
452 223 10
452 229 10
452 231 10
452 232 10
452 234 10
452 239 10
452 240 10
452 242 10
452 243 10
452 244 10
452 247 10
452 249 10
452 253 10
452 254 10
452 255 10
452 256 10
452 260 10
452 261 10
452 262 10
452 263 10
452 264 10
452 265 10
452 267 10
452 272 10
452 273 10
452 275 10
452 281 10
452 283 10
452 287 10
452 290 10
452 293 10
452 295 10
452 309 10
452 315 10
452 316 10
452 318 10
452 320 10
452 321 10
452 323 10
452 324 10
452 325 10
452 326 10
452 327 10
452 329 10
452 331 10
452 332 10
452 333 10
452 335 10
452 339 10
452 341 10
452 342 10
452 344 10
452 354 10
452 358 10
452 364 10
452 378 10
452 379 10
452 392 10
452 396 10
452 398 10
452 406 10
452 419 10
452 421 10
452 422 10
452 423 10
452 424 10
452 425 10
452 427 10
452 428 10
452 430 10
452 431 10
452 432 10
452 433 10
452 434 10
452 435 10
452 436 10
452 437 10
452 439 10
452 440 10
452 441 10
452 443 10
452 450 10
452 454 10
452 461 10
452 464 10
452 465 10
452 466 10
452 467 10
452 468 10
452 475 10
452 476 10
452 478 10
452 479 10
452 487 10
452 488 10
452 493 10
452 494 10
452 495 10
452 496 10
452 497 10
452 502 10
452 503 10
452 504 10
452 506 10
452 507 10
452 509 10
452 510 10
452 513 10
452 515 10
452 516 10
452 529 10
452 530 10
452 531 10
452 532 10
452 533 10
452 534 10
452 535 10
452 547 10
452 557 10
452 558 10
452 559 10
452 560 10
452 561 10
452 562 10
452 564 10
452 566 10
452 568 10
452 582 10
452 587 10
452 588 10
452 590 10
452 597 10
452 607 10
452 608 10
452 609 10
452 610 10
452 611 10
452 612 10
452 613 10
452 615 10
452 616 10
452 625 10
452 627 10
452 629 10
452 630 10
452 631 10
452 639 10
452 641 10
452 645 10
452 646 10
452 659 10
452 660 10
452 661 10
452 662 10
452 664 10
452 665 10
452 666 10
452 668 10
452 671 10
452 673 10
452 678 10
452 687 10
452 689 10
452 690 10
452 691 10
452 692 10
452 693 10
452 697 10
452 709 10
452 710 10
452 715 10
452 717 10
452 736 10
452 740 10
452 743 10
452 745 10
452 750 10
452 756 10
452 758 10
452 759 10
452 761 10
452 764 10
452 765 10
452 766 10
452 768 10
452 773 10
452 783 10
453 211 10
453 214 10
453 219 10
453 220 10
453 222 10
453 223 10
453 229 10
453 230 10
453 232 10
453 237 10
453 247 10
453 248 10
453 252 10
453 253 10
453 258 10
453 259 10
453 261 10
453 262 10
453 263 10
453 274 10
453 278 10
453 283 10
453 284 10
453 285 10
453 291 10
453 296 10
453 300 10
453 309 10
453 310 10
453 315 10
453 318 10
453 320 10
453 321 10
453 323 10
453 324 10
453 325 10
453 326 10
453 330 10
453 331 10
453 339 10
453 342 10
453 343 10
453 356 10
453 377 10
453 379 10
453 384 10
453 385 10
453 386 10
453 392 10
453 395 10
453 398 10
453 407 10
453 408 10
453 409 10
453 411 10
453 418 10
453 419 10
453 421 10
453 422 10
453 430 10
453 431 10
453 432 10
453 433 10
453 434 10
453 435 10
453 436 10
453 437 10
453 438 10
453 440 10
453 441 10
453 444 10
453 445 10
453 448 10
453 451 10
453 452 10
453 468 10
453 471 10
453 474 10
453 475 10
453 479 10
453 489 10
453 492 10
453 493 10
453 494 10
453 495 10
453 498 10
453 501 10
453 502 10
453 504 10
453 505 10
453 506 10
453 507 10
453 510 10
453 519 10
453 523 10
453 528 10
453 532 10
453 559 10
453 560 10
453 563 10
453 564 10
453 587 10
453 592 10
453 594 10
453 597 10
453 598 10
453 599 10
453 605 10
453 607 10
453 608 10
453 610 10
453 613 10
453 617 10
453 623 10
453 625 10
453 627 10
453 628 10
453 631 10
453 634 10
453 637 10
453 639 10
453 640 10
453 641 10
453 642 10
453 657 10
453 658 10
453 659 10
453 660 10
453 663 10
453 664 10
453 665 10
453 666 10
453 667 10
453 669 10
453 671 10
453 672 10
453 675 10
453 676 10
453 685 10
453 687 10
453 688 10
453 689 10
453 690 10
453 691 10
453 692 10
453 696 10
453 700 10
453 706 10
453 708 10
453 709 10
453 713 10
453 714 10
453 716 10
453 720 10
453 722 10
453 734 10
453 735 10
453 736 10
453 743 10
453 745 10
453 758 10
453 760 10
453 762 10
453 768 10
453 770 10
453 771 10
453 774 10
453 775 10
453 782 10
453 783 10
454 216 10
454 219 10
454 221 10
454 232 10
454 236 10
454 238 10
454 239 10
454 240 10
454 241 10
454 242 10
454 243 10
454 249 10
454 251 10
454 256 10
454 257 10
454 258 10
454 260 10
454 261 10
454 269 10
454 272 10
454 274 10
454 280 10
454 282 10
454 288 10
454 289 10
454 297 10
454 299 10
454 304 10
454 305 10
454 309 10
454 313 10
454 314 10
454 316 10
454 317 10
454 319 10
454 320 10
454 323 10
454 324 10
454 325 10
454 327 10
454 328 10
454 329 10
454 334 10
454 341 10
454 344 10
454 345 10
454 348 10
454 357 10
454 358 10
454 360 10
454 363 10
454 366 10
454 374 10
454 376 10
454 380 10
454 388 10
454 389 10
454 390 10
454 392 10
454 395 10
454 396 10
454 406 10
454 408 10
454 409 10
454 411 10
454 415 10
454 418 10
454 420 10
454 422 10
454 424 10
454 427 10
454 428 10
454 429 10
454 431 10
454 432 10
454 433 10
454 434 10
454 435 10
454 436 10
454 437 10
454 438 10
454 439 10
454 440 10
454 441 10
454 443 10
454 445 10
454 449 10
454 452 10
454 454 10
454 461 10
454 465 10
454 468 10
454 472 10
454 475 10
454 476 10
454 477 10
454 478 10
454 486 10
454 489 10
454 491 10
454 492 10
454 493 10
454 494 10
454 495 10
454 497 10
454 501 10
454 502 10
454 503 10
454 504 10
454 506 10
454 508 10
454 509 10
454 510 10
454 513 10
454 515 10
454 526 10
454 528 10
454 529 10
454 531 10
454 532 10
454 534 10
454 536 10
454 539 10
454 546 10
454 561 10
454 564 10
454 565 10
454 568 10
454 587 10
454 589 10
454 592 10
454 594 10
454 595 10
454 596 10
454 598 10
454 600 10
454 601 10
454 604 10
454 608 10
454 609 10
454 610 10
454 611 10
454 612 10
454 614 10
454 615 10
454 616 10
454 621 10
454 624 10
454 626 10
454 628 10
454 630 10
454 640 10
454 641 10
454 644 10
454 645 10
454 646 10
454 660 10
454 661 10
454 668 10
454 670 10
454 672 10
454 673 10
454 681 10
454 682 10
454 684 10
454 687 10
454 688 10
454 690 10
454 691 10
454 700 10
454 702 10
454 704 10
454 707 10
454 722 10
454 735 10
454 737 10
454 740 10
454 755 10
454 756 10
454 757 10
454 758 10
454 762 10
454 768 10
454 769 10
454 781 10
455 216 10
455 218 10
455 220 10
455 221 10
455 237 10
455 242 10
455 247 10
455 248 10
455 252 10
455 260 10
455 261 10
455 262 10
455 265 10
455 266 10
455 268 10
455 269 10
455 270 10
455 273 10
455 275 10
455 282 10
455 283 10
455 289 10
455 297 10
455 300 10
455 301 10
455 305 10
455 309 10
455 310 10
455 311 10
455 314 10
455 316 10
455 318 10
455 319 10
455 320 10
455 321 10
455 322 10
455 323 10
455 325 10
455 326 10
455 327 10
455 328 10
455 329 10
455 332 10
455 333 10
455 335 10
455 337 10
455 339 10
455 342 10
455 344 10
455 346 10
455 359 10
455 363 10
455 366 10
455 368 10
455 372 10
455 373 10
455 378 10
455 380 10
455 385 10
455 386 10
455 387 10
455 389 10
455 392 10
455 398 10
455 399 10
455 400 10
455 408 10
455 409 10
455 413 10
455 419 10
455 421 10
455 422 10
455 430 10
455 431 10
455 432 10
455 433 10
455 434 10
455 435 10
455 436 10
455 439 10
455 440 10
455 443 10
455 446 10
455 447 10
455 450 10
455 451 10
455 452 10
455 458 10
455 459 10
455 461 10
455 463 10
455 464 10
455 467 10
455 468 10
455 474 10
455 475 10
455 476 10
455 477 10
455 478 10
455 480 10
455 484 10
455 485 10
455 488 10
455 493 10
455 494 10
455 495 10
455 496 10
455 497 10
455 498 10
455 500 10
455 501 10
455 503 10
455 504 10
455 505 10
455 506 10
455 507 10
455 519 10
455 520 10
455 532 10
455 560 10
455 586 10
455 587 10
455 588 10
455 594 10
455 595 10
455 596 10
455 599 10
455 602 10
455 603 10
455 604 10
455 605 10
455 608 10
455 610 10
455 611 10
455 612 10
455 614 10
455 616 10
455 617 10
455 619 10
455 623 10
455 629 10
455 630 10
455 631 10
455 632 10
455 633 10
455 634 10
455 635 10
455 636 10
455 637 10
455 638 10
455 640 10
455 641 10
455 643 10
455 646 10
455 653 10
455 654 10
455 658 10
455 660 10
455 662 10
455 665 10
455 666 10
455 667 10
455 668 10
455 670 10
455 671 10
455 672 10
455 674 10
455 675 10
455 682 10
455 684 10
455 703 10
455 713 10
455 717 10
455 718 10
455 719 10
455 740 10
455 750 10
455 761 10
455 764 10
455 768 10
455 773 10
455 790 10
456 221 10
456 230 10
456 235 10
456 238 10
456 240 10
456 241 10
456 244 10
456 255 10
456 257 10
456 262 10
456 263 10
456 264 10
456 265 10
456 269 10
456 270 10
456 273 10
456 274 10
456 276 10
456 279 10
456 280 10
456 286 10
456 289 10
456 290 10
456 299 10
456 305 10
456 309 10
456 310 10
456 312 10
456 313 10
456 314 10
456 315 10
456 316 10
456 317 10
456 318 10
456 319 10
456 320 10
456 321 10
456 322 10
456 323 10
456 324 10
456 325 10
456 331 10
456 332 10
456 334 10
456 335 10
456 337 10
456 340 10
456 342 10
456 343 10
456 344 10
456 345 10
456 350 10
456 351 10
456 352 10
456 357 10
456 359 10
456 361 10
456 363 10
456 364 10
456 369 10
456 373 10
456 375 10
456 376 10
456 378 10
456 384 10
456 385 10
456 386 10
456 388 10
456 391 10
456 394 10
456 398 10
456 399 10
456 405 10
456 407 10
456 409 10
456 410 10
456 411 10
456 412 10
456 414 10
456 417 10
456 419 10
456 420 10
456 426 10
456 428 10
456 433 10
456 434 10
456 435 10
456 436 10
456 437 10
456 438 10
456 440 10
456 441 10
456 442 10
456 443 10
456 445 10
456 447 10
456 448 10
456 449 10
456 458 10
456 461 10
456 464 10
456 466 10
456 468 10
456 469 10
456 470 10
456 471 10
456 472 10
456 473 10
456 474 10
456 475 10
456 476 10
456 477 10
456 478 10
456 483 10
456 486 10
456 488 10
456 490 10
456 491 10
456 493 10
456 496 10
456 497 10
456 498 10
456 501 10
456 504 10
456 505 10
456 507 10
456 509 10
456 510 10
456 518 10
456 519 10
456 521 10
456 523 10
456 529 10
456 533 10
456 536 10
456 537 10
456 566 10
456 567 10
456 569 10
456 586 10
456 588 10
456 589 10
456 591 10
456 592 10
456 595 10
456 596 10
456 597 10
456 598 10
456 599 10
456 600 10
456 602 10
456 606 10
456 609 10
456 610 10
456 611 10
456 613 10
456 615 10
456 618 10
456 619 10
456 623 10
456 627 10
456 629 10
456 630 10
456 632 10
456 634 10
456 635 10
456 642 10
456 644 10
456 646 10
456 648 10
456 652 10
456 655 10
456 656 10
456 659 10
456 660 10
456 662 10
456 664 10
456 665 10
456 666 10
456 667 10
456 668 10
456 671 10
456 672 10
456 674 10
456 675 10
456 681 10
456 683 10
456 686 10
456 687 10
456 690 10
456 693 10
456 702 10
456 704 10
456 705 10
456 706 10
456 714 10
456 716 10
456 717 10
456 724 10
456 731 10
456 732 10
456 741 10
456 742 10
456 750 10
456 755 10
456 757 10
456 758 10
456 759 10
456 762 10
456 768 10
457 222 10
457 230 10
457 235 10
457 237 10
457 241 10
457 258 10
457 260 10
457 261 10
457 269 10
457 270 10
457 271 10
457 272 10
457 274 10
457 281 10
457 282 10
457 283 10
457 284 10
457 285 10
457 286 10
457 296 10
457 297 10
457 304 10
457 305 10
457 308 10
457 310 10
457 311 10
457 314 10
457 316 10
457 317 10
457 318 10
457 319 10
457 320 10
457 321 10
457 322 10
457 323 10
457 327 10
457 328 10
457 330 10
457 333 10
457 334 10
457 335 10
457 336 10
457 337 10
457 339 10
457 341 10
457 342 10
457 345 10
457 346 10
457 348 10
457 350 10
457 357 10
457 359 10
457 362 10
457 365 10
457 366 10
457 367 10
457 371 10
457 374 10
457 376 10
457 377 10
457 379 10
457 382 10
457 391 10
457 396 10
457 399 10
457 403 10
457 405 10
457 406 10
457 408 10
457 411 10
457 412 10
457 414 10
457 422 10
457 426 10
457 430 10
457 433 10
457 434 10
457 435 10
457 436 10
457 437 10
457 438 10
457 439 10
457 441 10
457 443 10
457 444 10
457 451 10
457 453 10
457 454 10
457 456 10
457 457 10
457 459 10
457 461 10
457 462 10
457 464 10
457 466 10
457 468 10
457 470 10
457 472 10
457 474 10
457 477 10
457 482 10
457 483 10
457 484 10
457 486 10
457 487 10
457 488 10
457 490 10
457 492 10
457 494 10
457 496 10
457 497 10
457 498 10
457 500 10
457 503 10
457 505 10
457 507 10
457 511 10
457 514 10
457 515 10
457 520 10
457 521 10
457 523 10
457 530 10
457 532 10
457 537 10
457 564 10
457 565 10
457 566 10
457 567 10
457 568 10
457 570 10
457 577 10
457 578 10
457 585 10
457 586 10
457 587 10
457 588 10
457 589 10
457 591 10
457 593 10
457 594 10
457 596 10
457 597 10
457 602 10
457 603 10
457 605 10
457 609 10
457 614 10
457 615 10
457 616 10
457 618 10
457 619 10
457 629 10
457 635 10
457 636 10
457 638 10
457 640 10
457 643 10
457 645 10
457 651 10
457 652 10
457 655 10
457 663 10
457 664 10
457 666 10
457 667 10
457 669 10
457 670 10
457 672 10
457 673 10
457 676 10
457 677 10
457 686 10
457 691 10
457 700 10
457 702 10
457 706 10
457 708 10
457 713 10
457 714 10
457 716 10
457 720 10
457 721 10
457 722 10
457 727 10
457 728 10
457 731 10
457 736 10
457 748 10
457 750 10
457 757 10
457 758 10
457 759 10
457 761 10
457 762 10
457 764 10
457 769 10
457 770 10
457 786 10
458 215 10
458 220 10
458 221 10
458 222 10
458 231 10
458 234 10
458 236 10
458 237 10
458 239 10
458 240 10
458 241 10
458 242 10
458 243 10
458 246 10
458 251 10
458 253 10
458 254 10
458 256 10
458 258 10
458 272 10
458 279 10
458 285 10
458 286 10
458 287 10
458 288 10
458 295 10
458 297 10
458 298 10
458 301 10
458 305 10
458 308 10
458 312 10
458 313 10
458 315 10
458 317 10
458 319 10
458 320 10
458 321 10
458 323 10
458 328 10
458 329 10
458 331 10
458 332 10
458 333 10
458 334 10
458 335 10
458 338 10
458 339 10
458 343 10
458 345 10
458 346 10
458 347 10
458 348 10
458 350 10
458 352 10
458 359 10
458 360 10
458 361 10
458 363 10
458 364 10
458 366 10
458 369 10
458 374 10
458 376 10
458 377 10
458 381 10
458 384 10
458 393 10
458 395 10
458 397 10
458 402 10
458 404 10
458 406 10
458 410 10
458 411 10
458 414 10
458 416 10
458 419 10
458 422 10
458 423 10
458 426 10
458 427 10
458 434 10
458 435 10
458 436 10
458 438 10
458 441 10
458 442 10
458 443 10
458 445 10
458 451 10
458 452 10
458 456 10
458 457 10
458 459 10
458 461 10
458 463 10
458 466 10
458 467 10
458 468 10
458 473 10
458 474 10
458 475 10
458 481 10
458 483 10
458 484 10
458 485 10
458 489 10
458 492 10
458 493 10
458 494 10
458 495 10
458 497 10
458 498 10
458 499 10
458 500 10
458 503 10
458 505 10
458 509 10
458 510 10
458 511 10
458 514 10
458 517 10
458 518 10
458 519 10
458 521 10
458 522 10
458 523 10
458 525 10
458 527 10
458 529 10
458 533 10
458 563 10
458 567 10
458 568 10
458 570 10
458 575 10
458 576 10
458 579 10
458 585 10
458 589 10
458 590 10
458 591 10
458 592 10
458 593 10
458 594 10
458 596 10
458 597 10
458 599 10
458 600 10
458 603 10
458 604 10
458 605 10
458 609 10
458 614 10
458 619 10
458 621 10
458 623 10
458 625 10
458 630 10
458 631 10
458 639 10
458 640 10
458 648 10
458 650 10
458 652 10
458 654 10
458 659 10
458 662 10
458 668 10
458 669 10
458 670 10
458 673 10
458 676 10
458 677 10
458 688 10
458 698 10
458 699 10
458 701 10
458 702 10
458 703 10
458 704 10
458 705 10
458 712 10
458 731 10
458 732 10
458 739 10
458 740 10
458 741 10
458 743 10
458 748 10
458 755 10
458 756 10
458 758 10
458 759 10
458 761 10
458 765 10
458 766 10
458 787 10
459 218 10
459 220 10
459 234 10
459 241 10
459 243 10
459 247 10
459 249 10
459 253 10
459 256 10
459 282 10
459 283 10
459 286 10
459 289 10
459 291 10
459 298 10
459 300 10
459 303 10
459 304 10
459 306 10
459 307 10
459 309 10
459 311 10
459 312 10
459 313 10
459 316 10
459 318 10
459 319 10
459 320 10
459 322 10
459 329 10
459 331 10
459 333 10
459 334 10
459 336 10
459 337 10
459 338 10
459 340 10
459 341 10
459 343 10
459 348 10
459 349 10
459 351 10
459 358 10
459 359 10
459 362 10
459 368 10
459 370 10
459 372 10
459 374 10
459 375 10
459 377 10
459 378 10
459 379 10
459 380 10
459 381 10
459 382 10
459 385 10
459 386 10
459 391 10
459 395 10
459 404 10
459 407 10
459 408 10
459 412 10
459 413 10
459 416 10
459 418 10
459 420 10
459 421 10
459 423 10
459 424 10
459 427 10
459 433 10
459 434 10
459 436 10
459 437 10
459 439 10
459 440 10
459 446 10
459 450 10
459 457 10
459 459 10
459 460 10
459 464 10
459 466 10
459 468 10
459 471 10
459 474 10
459 475 10
459 476 10
459 477 10
459 478 10
459 485 10
459 487 10
459 489 10
459 490 10
459 491 10
459 493 10
459 496 10
459 497 10
459 498 10
459 499 10
459 501 10
459 504 10
459 505 10
459 506 10
459 507 10
459 510 10
459 518 10
459 520 10
459 527 10
459 529 10
459 530 10
459 531 10
459 532 10
459 534 10
459 536 10
459 545 10
459 551 10
459 555 10
459 564 10
459 565 10
459 566 10
459 567 10
459 571 10
459 579 10
459 587 10
459 595 10
459 596 10
459 597 10
459 598 10
459 600 10
459 602 10
459 603 10
459 608 10
459 610 10
459 611 10
459 616 10
459 619 10
459 620 10
459 621 10
459 623 10
459 624 10
459 627 10
459 628 10
459 629 10
459 633 10
459 635 10
459 638 10
459 641 10
459 642 10
459 643 10
459 644 10
459 647 10
459 648 10
459 651 10
459 654 10
459 659 10
459 660 10
459 663 10
459 664 10
459 666 10
459 671 10
459 672 10
459 673 10
459 674 10
459 675 10
459 676 10
459 677 10
459 678 10
459 679 10
459 681 10
459 687 10
459 697 10
459 699 10
459 701 10
459 702 10
459 705 10
459 711 10
459 714 10
459 717 10
459 719 10
459 724 10
459 725 10
459 726 10
459 727 10
459 728 10
459 741 10
459 749 10
459 751 10
459 755 10
459 756 10
459 757 10
459 758 10
459 759 10
459 761 10
459 762 10
459 763 10
459 764 10
459 766 10
459 792 10
459 794 10
460 215 10
460 217 10
460 219 10
460 220 10
460 230 10
460 232 10
460 235 10
460 237 10
460 239 10
460 240 10
460 241 10
460 246 10
460 255 10
460 256 10
460 259 10
460 260 10
460 262 10
460 266 10
460 270 10
460 274 10
460 281 10
460 283 10
460 284 10
460 286 10
460 288 10
460 292 10
460 295 10
460 297 10
460 300 10
460 303 10
460 304 10
460 305 10
460 307 10
460 309 10
460 310 10
460 315 10
460 318 10
460 319 10
460 321 10
460 330 10
460 331 10
460 333 10
460 334 10
460 335 10
460 340 10
460 341 10
460 342 10
460 343 10
460 349 10
460 351 10
460 354 10
460 361 10
460 363 10
460 366 10
460 368 10
460 369 10
460 372 10
460 375 10
460 376 10
460 377 10
460 379 10
460 380 10
460 382 10
460 383 10
460 385 10
460 388 10
460 393 10
460 396 10
460 397 10
460 399 10
460 401 10
460 405 10
460 409 10
460 410 10
460 411 10
460 412 10
460 413 10
460 414 10
460 415 10
460 417 10
460 418 10
460 424 10
460 425 10
460 431 10
460 437 10
460 439 10
460 446 10
460 452 10
460 454 10
460 455 10
460 456 10
460 457 10
460 458 10
460 460 10
460 461 10
460 462 10
460 464 10
460 469 10
460 470 10
460 471 10
460 473 10
460 474 10
460 476 10
460 478 10
460 479 10
460 480 10
460 482 10
460 483 10
460 485 10
460 489 10
460 491 10
460 492 10
460 493 10
460 495 10
460 496 10
460 497 10
460 498 10
460 499 10
460 500 10
460 501 10
460 502 10
460 503 10
460 505 10
460 507 10
460 509 10
460 510 10
460 511 10
460 512 10
460 513 10
460 515 10
460 516 10
460 521 10
460 522 10
460 523 10
460 526 10
460 527 10
460 531 10
460 532 10
460 533 10
460 534 10
460 549 10
460 552 10
460 554 10
460 555 10
460 556 10
460 562 10
460 563 10
460 564 10
460 565 10
460 567 10
460 568 10
460 569 10
460 576 10
460 583 10
460 588 10
460 589 10
460 590 10
460 592 10
460 594 10
460 595 10
460 597 10
460 598 10
460 599 10
460 603 10
460 609 10
460 618 10
460 619 10
460 620 10
460 621 10
460 623 10
460 624 10
460 626 10
460 627 10
460 630 10
460 633 10
460 637 10
460 646 10
460 649 10
460 650 10
460 652 10
460 655 10
460 658 10
460 659 10
460 661 10
460 662 10
460 663 10
460 665 10
460 668 10
460 670 10
460 671 10
460 673 10
460 674 10
460 675 10
460 676 10
460 677 10
460 678 10
460 680 10
460 683 10
460 687 10
460 698 10
460 700 10
460 703 10
460 713 10
460 714 10
460 717 10
460 718 10
460 719 10
460 720 10
460 721 10
460 741 10
460 742 10
460 743 10
460 751 10
460 755 10
460 757 10
460 758 10
460 760 10
460 762 10
460 768 10
461 231 10
461 233 10
461 237 10
461 238 10
461 239 10
461 240 10
461 242 10
461 245 10
461 247 10
461 248 10
461 251 10
461 252 10
461 254 10
461 256 10
461 257 10
461 259 10
461 272 10
461 274 10
461 276 10
461 277 10
461 279 10
461 288 10
461 294 10
461 296 10
461 303 10
461 306 10
461 307 10
461 309 10
461 310 10
461 311 10
461 313 10
461 315 10
461 316 10
461 318 10
461 319 10
461 320 10
461 327 10
461 330 10
461 332 10
461 333 10
461 335 10
461 336 10
461 338 10
461 341 10
461 345 10
461 346 10
461 347 10
461 348 10
461 349 10
461 352 10
461 357 10
461 358 10
461 363 10
461 365 10
461 366 10
461 369 10
461 370 10
461 373 10
461 374 10
461 376 10
461 377 10
461 378 10
461 381 10
461 382 10
461 383 10
461 384 10
461 385 10
461 386 10
461 402 10
461 406 10
461 407 10
461 408 10
461 409 10
461 410 10
461 411 10
461 414 10
461 415 10
461 418 10
461 421 10
461 425 10
461 429 10
461 431 10
461 433 10
461 434 10
461 440 10
461 441 10
461 442 10
461 446 10
461 447 10
461 448 10
461 449 10
461 450 10
461 451 10
461 453 10
461 454 10
461 455 10
461 456 10
461 458 10
461 461 10
461 462 10
461 470 10
461 471 10
461 472 10
461 474 10
461 476 10
461 480 10
461 482 10
461 485 10
461 488 10
461 489 10
461 493 10
461 495 10
461 497 10
461 498 10
461 500 10
461 501 10
461 503 10
461 504 10
461 505 10
461 506 10
461 509 10
461 510 10
461 514 10
461 522 10
461 524 10
461 527 10
461 528 10
461 529 10
461 530 10
461 531 10
461 532 10
461 535 10
461 539 10
461 548 10
461 549 10
461 550 10
461 552 10
461 553 10
461 555 10
461 562 10
461 563 10
461 568 10
461 572 10
461 577 10
461 583 10
461 592 10
461 594 10
461 595 10
461 597 10
461 599 10
461 600 10
461 605 10
461 606 10
461 607 10
461 608 10
461 609 10
461 610 10
461 612 10
461 617 10
461 619 10
461 622 10
461 624 10
461 628 10
461 629 10
461 639 10
461 641 10
461 644 10
461 652 10
461 653 10
461 655 10
461 657 10
461 658 10
461 660 10
461 663 10
461 669 10
461 670 10
461 672 10
461 674 10
461 675 10
461 677 10
461 678 10
461 679 10
461 680 10
461 681 10
461 685 10
461 699 10
461 702 10
461 705 10
461 711 10
461 716 10
461 717 10
461 720 10
461 721 10
461 725 10
461 726 10
461 737 10
461 744 10
461 749 10
461 752 10
461 754 10
461 756 10
461 757 10
461 758 10
461 759 10
461 760 10
461 761 10
461 762 10
461 763 10
461 764 10
461 765 10
461 767 10
461 790 10
462 221 10
462 225 10
462 228 10
462 229 10
462 231 10
462 234 10
462 240 10
462 244 10
462 245 10
462 248 10
462 250 10
462 251 10
462 252 10
462 277 10
462 278 10
462 279 10
462 280 10
462 282 10
462 283 10
462 284 10
462 285 10
462 288 10
462 289 10
462 290 10
462 291 10
462 294 10
462 295 10
462 298 10
462 301 10
462 304 10
462 306 10
462 307 10
462 310 10
462 312 10
462 313 10
462 317 10
462 320 10
462 322 10
462 324 10
462 329 10
462 332 10
462 333 10
462 334 10
462 335 10
462 336 10
462 337 10
462 339 10
462 340 10
462 342 10
462 343 10
462 344 10
462 346 10
462 347 10
462 348 10
462 351 10
462 352 10
462 353 10
462 354 10
462 355 10
462 356 10
462 358 10
462 361 10
462 364 10
462 366 10
462 367 10
462 368 10
462 370 10
462 372 10
462 374 10
462 376 10
462 381 10
462 382 10
462 383 10
462 385 10
462 386 10
462 391 10
462 400 10
462 402 10
462 406 10
462 407 10
462 409 10
462 411 10
462 413 10
462 414 10
462 415 10
462 417 10
462 418 10
462 420 10
462 424 10
462 425 10
462 426 10
462 427 10
462 430 10
462 433 10
462 434 10
462 436 10
462 437 10
462 442 10
462 443 10
462 445 10
462 447 10
462 449 10
462 451 10
462 454 10
462 455 10
462 459 10
462 460 10
462 462 10
462 467 10
462 469 10
462 470 10
462 471 10
462 472 10
462 473 10
462 474 10
462 475 10
462 476 10
462 477 10
462 483 10
462 485 10
462 486 10
462 494 10
462 495 10
462 496 10
462 497 10
462 498 10
462 499 10
462 500 10
462 501 10
462 502 10
462 503 10
462 504 10
462 505 10
462 506 10
462 507 10
462 511 10
462 512 10
462 514 10
462 515 10
462 518 10
462 519 10
462 531 10
462 534 10
462 538 10
462 549 10
462 550 10
462 551 10
462 553 10
462 554 10
462 560 10
462 561 10
462 562 10
462 563 10
462 564 10
462 565 10
462 566 10
462 573 10
462 577 10
462 584 10
462 587 10
462 588 10
462 589 10
462 590 10
462 592 10
462 593 10
462 594 10
462 595 10
462 596 10
462 598 10
462 605 10
462 606 10
462 607 10
462 608 10
462 609 10
462 612 10
462 616 10
462 619 10
462 620 10
462 621 10
462 624 10
462 625 10
462 626 10
462 629 10
462 638 10
462 642 10
462 643 10
462 644 10
462 645 10
462 646 10
462 651 10
462 653 10
462 655 10
462 656 10
462 662 10
462 663 10
462 664 10
462 665 10
462 666 10
462 671 10
462 674 10
462 675 10
462 676 10
462 677 10
462 678 10
462 679 10
462 684 10
462 687 10
462 688 10
462 694 10
462 699 10
462 700 10
462 701 10
462 707 10
462 708 10
462 709 10
462 712 10
462 718 10
462 719 10
462 720 10
462 739 10
462 746 10
462 747 10
462 752 10
462 756 10
462 757 10
462 758 10
462 760 10
462 761 10
462 763 10
462 764 10
462 765 10
462 791 10
463 230 10
463 244 10
463 246 10
463 248 10
463 249 10
463 250 10
463 256 10
463 259 10
463 260 10
463 261 10
463 262 10
463 263 10
463 273 10
463 278 10
463 282 10
463 284 10
463 285 10
463 286 10
463 289 10
463 291 10
463 298 10
463 300 10
463 304 10
463 309 10
463 310 10
463 311 10
463 312 10
463 314 10
463 316 10
463 317 10
463 318 10
463 320 10
463 322 10
463 326 10
463 331 10
463 332 10
463 336 10
463 347 10
463 349 10
463 350 10
463 352 10
463 354 10
463 357 10
463 358 10
463 361 10
463 365 10
463 368 10
463 370 10
463 371 10
463 373 10
463 374 10
463 378 10
463 380 10
463 381 10
463 383 10
463 387 10
463 391 10
463 392 10
463 396 10
463 398 10
463 401 10
463 406 10
463 407 10
463 409 10
463 410 10
463 411 10
463 412 10
463 413 10
463 417 10
463 418 10
463 420 10
463 425 10
463 427 10
463 429 10
463 430 10
463 432 10
463 433 10
463 434 10
463 435 10
463 442 10
463 446 10
463 448 10
463 449 10
463 453 10
463 458 10
463 459 10
463 460 10
463 461 10
463 462 10
463 466 10
463 472 10
463 474 10
463 475 10
463 476 10
463 477 10
463 483 10
463 496 10
463 497 10
463 499 10
463 502 10
463 504 10
463 506 10
463 509 10
463 512 10
463 514 10
463 529 10
463 531 10
463 533 10
463 534 10
463 535 10
463 536 10
463 546 10
463 547 10
463 548 10
463 552 10
463 554 10
463 555 10
463 556 10
463 560 10
463 561 10
463 564 10
463 576 10
463 577 10
463 587 10
463 588 10
463 589 10
463 591 10
463 595 10
463 604 10
463 609 10
463 611 10
463 614 10
463 628 10
463 631 10
463 635 10
463 652 10
463 654 10
463 655 10
463 660 10
463 663 10
463 668 10
463 670 10
463 672 10
463 674 10
463 675 10
463 676 10
463 682 10
463 684 10
463 698 10
463 700 10
463 701 10
463 703 10
463 704 10
463 706 10
463 711 10
463 719 10
463 721 10
463 723 10
463 738 10
463 740 10
463 742 10
463 751 10
463 753 10
463 758 10
463 759 10
463 760 10
463 762 10
464 230 10
464 241 10
464 247 10
464 251 10
464 252 10
464 255 10
464 256 10
464 257 10
464 260 10
464 263 10
464 270 10
464 272 10
464 276 10
464 279 10
464 281 10
464 283 10
464 284 10
464 285 10
464 286 10
464 290 10
464 291 10
464 296 10
464 297 10
464 299 10
464 301 10
464 302 10
464 304 10
464 306 10
464 311 10
464 313 10
464 314 10
464 316 10
464 317 10
464 318 10
464 319 10
464 321 10
464 324 10
464 326 10
464 328 10
464 330 10
464 335 10
464 336 10
464 337 10
464 338 10
464 339 10
464 340 10
464 341 10
464 342 10
464 343 10
464 344 10
464 346 10
464 347 10
464 348 10
464 349 10
464 350 10
464 355 10
464 356 10
464 360 10
464 362 10
464 363 10
464 365 10
464 366 10
464 369 10
464 374 10
464 375 10
464 376 10
464 377 10
464 379 10
464 380 10
464 381 10
464 383 10
464 385 10
464 386 10
464 387 10
464 390 10
464 391 10
464 392 10
464 394 10
464 396 10
464 398 10
464 400 10
464 408 10
464 409 10
464 411 10
464 412 10
464 413 10
464 414 10
464 415 10
464 416 10
464 417 10
464 418 10
464 419 10
464 431 10
464 435 10
464 442 10
464 448 10
464 449 10
464 454 10
464 456 10
464 459 10
464 461 10
464 463 10
464 464 10
464 466 10
464 467 10
464 468 10
464 469 10
464 470 10
464 471 10
464 473 10
464 476 10
464 481 10
464 495 10
464 497 10
464 498 10
464 500 10
464 501 10
464 502 10
464 505 10
464 507 10
464 509 10
464 510 10
464 514 10
464 515 10
464 517 10
464 527 10
464 530 10
464 531 10
464 534 10
464 535 10
464 550 10
464 552 10
464 554 10
464 556 10
464 558 10
464 560 10
464 562 10
464 563 10
464 568 10
464 591 10
464 592 10
464 593 10
464 594 10
464 595 10
464 597 10
464 598 10
464 606 10
464 607 10
464 608 10
464 609 10
464 610 10
464 611 10
464 613 10
464 614 10
464 615 10
464 625 10
464 628 10
464 631 10
464 632 10
464 638 10
464 641 10
464 642 10
464 644 10
464 645 10
464 649 10
464 650 10
464 651 10
464 652 10
464 654 10
464 661 10
464 662 10
464 663 10
464 669 10
464 671 10
464 673 10
464 677 10
464 678 10
464 685 10
464 699 10
464 700 10
464 703 10
464 704 10
464 708 10
464 710 10
464 713 10
464 716 10
464 718 10
464 734 10
464 747 10
464 749 10
464 752 10
464 755 10
464 757 10
464 759 10
464 760 10
464 762 10
464 764 10
464 765 10
464 768 10
465 224 10
465 239 10
465 241 10
465 244 10
465 250 10
465 252 10
465 254 10
465 261 10
465 264 10
465 280 10
465 282 10
465 289 10
465 291 10
465 293 10
465 296 10
465 299 10
465 302 10
465 303 10
465 304 10
465 305 10
465 310 10
465 311 10
465 313 10
465 314 10
465 315 10
465 316 10
465 317 10
465 318 10
465 319 10
465 320 10
465 321 10
465 324 10
465 326 10
465 328 10
465 329 10
465 330 10
465 332 10
465 335 10
465 339 10
465 340 10
465 342 10
465 343 10
465 344 10
465 345 10
465 346 10
465 350 10
465 353 10
465 355 10
465 359 10
465 360 10
465 361 10
465 362 10
465 363 10
465 364 10
465 366 10
465 367 10
465 370 10
465 371 10
465 373 10
465 375 10
465 377 10
465 378 10
465 380 10
465 381 10
465 383 10
465 385 10
465 389 10
465 391 10
465 392 10
465 393 10
465 400 10
465 401 10
465 402 10
465 407 10
465 408 10
465 409 10
465 410 10
465 411 10
465 412 10
465 413 10
465 414 10
465 416 10
465 417 10
465 418 10
465 419 10
465 420 10
465 423 10
465 428 10
465 429 10
465 433 10
465 434 10
465 440 10
465 441 10
465 444 10
465 445 10
465 446 10
465 447 10
465 449 10
465 454 10
465 455 10
465 456 10
465 457 10
465 458 10
465 462 10
465 463 10
465 469 10
465 473 10
465 485 10
465 494 10
465 495 10
465 498 10
465 500 10
465 501 10
465 502 10
465 503 10
465 504 10
465 505 10
465 507 10
465 508 10
465 509 10
465 511 10
465 513 10
465 517 10
465 525 10
465 527 10
465 529 10
465 533 10
465 534 10
465 535 10
465 536 10
465 540 10
465 551 10
465 561 10
465 564 10
465 566 10
465 567 10
465 569 10
465 572 10
465 585 10
465 590 10
465 591 10
465 592 10
465 594 10
465 595 10
465 597 10
465 607 10
465 608 10
465 611 10
465 615 10
465 617 10
465 619 10
465 626 10
465 627 10
465 629 10
465 630 10
465 631 10
465 633 10
465 639 10
465 640 10
465 647 10
465 648 10
465 649 10
465 650 10
465 652 10
465 654 10
465 655 10
465 656 10
465 657 10
465 664 10
465 666 10
465 668 10
465 670 10
465 673 10
465 675 10
465 681 10
465 682 10
465 691 10
465 699 10
465 702 10
465 703 10
465 705 10
465 706 10
465 707 10
465 711 10
465 712 10
465 713 10
465 714 10
465 715 10
465 716 10
465 717 10
465 718 10
465 720 10
465 722 10
465 726 10
465 734 10
465 735 10
465 749 10
465 752 10
465 762 10
465 769 10
465 774 10
466 216 10
466 232 10
466 248 10
466 251 10
466 252 10
466 253 10
466 254 10
466 255 10
466 256 10
466 258 10
466 263 10
466 264 10
466 275 10
466 276 10
466 279 10
466 280 10
466 283 10
466 284 10
466 285 10
466 286 10
466 287 10
466 288 10
466 289 10
466 292 10
466 296 10
466 298 10
466 301 10
466 302 10
466 305 10
466 306 10
466 310 10
466 312 10
466 313 10
466 314 10
466 315 10
466 316 10
466 317 10
466 319 10
466 322 10
466 325 10
466 326 10
466 328 10
466 329 10
466 332 10
466 337 10
466 342 10
466 343 10
466 344 10
466 345 10
466 347 10
466 348 10
466 350 10
466 351 10
466 352 10
466 353 10
466 359 10
466 361 10
466 362 10
466 363 10
466 367 10
466 368 10
466 370 10
466 372 10
466 373 10
466 374 10
466 381 10
466 385 10
466 386 10
466 392 10
466 393 10
466 405 10
466 407 10
466 408 10
466 409 10
466 410 10
466 413 10
466 414 10
466 415 10
466 419 10
466 420 10
466 429 10
466 431 10
466 432 10
466 433 10
466 435 10
466 441 10
466 442 10
466 443 10
466 444 10
466 445 10
466 446 10
466 448 10
466 450 10
466 453 10
466 457 10
466 461 10
466 465 10
466 466 10
466 468 10
466 470 10
466 473 10
466 474 10
466 476 10
466 493 10
466 494 10
466 497 10
466 498 10
466 499 10
466 500 10
466 502 10
466 506 10
466 507 10
466 509 10
466 512 10
466 516 10
466 526 10
466 531 10
466 533 10
466 534 10
466 535 10
466 536 10
466 538 10
466 542 10
466 550 10
466 559 10
466 560 10
466 561 10
466 563 10
466 565 10
466 570 10
466 571 10
466 583 10
466 588 10
466 589 10
466 590 10
466 591 10
466 592 10
466 597 10
466 603 10
466 605 10
466 607 10
466 609 10
466 612 10
466 614 10
466 615 10
466 618 10
466 628 10
466 635 10
466 643 10
466 644 10
466 651 10
466 658 10
466 662 10
466 666 10
466 668 10
466 670 10
466 673 10
466 675 10
466 676 10
466 677 10
466 682 10
466 687 10
466 691 10
466 694 10
466 698 10
466 699 10
466 701 10
466 702 10
466 704 10
466 705 10
466 707 10
466 709 10
466 711 10
466 712 10
466 714 10
466 715 10
466 716 10
466 717 10
466 718 10
466 719 10
466 725 10
466 738 10
466 745 10
466 749 10
466 764 10
466 765 10
466 766 10
466 767 10
466 768 10
466 769 10
466 773 10
467 228 10
467 229 10
467 230 10
467 231 10
467 232 10
467 242 10
467 243 10
467 244 10
467 245 10
467 246 10
467 250 10
467 251 10
467 253 10
467 259 10
467 260 10
467 261 10
467 262 10
467 263 10
467 276 10
467 278 10
467 280 10
467 282 10
467 283 10
467 286 10
467 288 10
467 292 10
467 294 10
467 296 10
467 301 10
467 302 10
467 303 10
467 304 10
467 305 10
467 310 10
467 311 10
467 312 10
467 314 10
467 315 10
467 316 10
467 318 10
467 320 10
467 323 10
467 325 10
467 327 10
467 328 10
467 330 10
467 331 10
467 333 10
467 335 10
467 339 10
467 344 10
467 345 10
467 349 10
467 352 10
467 354 10
467 357 10
467 360 10
467 362 10
467 363 10
467 364 10
467 366 10
467 367 10
467 370 10
467 371 10
467 372 10
467 374 10
467 376 10
467 377 10
467 378 10
467 384 10
467 391 10
467 394 10
467 396 10
467 397 10
467 398 10
467 401 10
467 403 10
467 405 10
467 406 10
467 407 10
467 408 10
467 410 10
467 411 10
467 416 10
467 419 10
467 421 10
467 422 10
467 431 10
467 432 10
467 433 10
467 435 10
467 443 10
467 444 10
467 445 10
467 446 10
467 447 10
467 448 10
467 449 10
467 452 10
467 455 10
467 456 10
467 457 10
467 458 10
467 470 10
467 475 10
467 477 10
467 480 10
467 481 10
467 493 10
467 497 10
467 499 10
467 500 10
467 501 10
467 503 10
467 506 10
467 508 10
467 518 10
467 524 10
467 527 10
467 528 10
467 530 10
467 532 10
467 533 10
467 534 10
467 535 10
467 536 10
467 544 10
467 549 10
467 551 10
467 556 10
467 559 10
467 562 10
467 564 10
467 566 10
467 568 10
467 589 10
467 594 10
467 595 10
467 607 10
467 610 10
467 611 10
467 612 10
467 613 10
467 614 10
467 622 10
467 625 10
467 626 10
467 628 10
467 629 10
467 632 10
467 638 10
467 639 10
467 640 10
467 643 10
467 647 10
467 648 10
467 649 10
467 652 10
467 653 10
467 657 10
467 658 10
467 672 10
467 675 10
467 686 10
467 687 10
467 690 10
467 692 10
467 693 10
467 701 10
467 704 10
467 706 10
467 710 10
467 712 10
467 716 10
467 717 10
467 726 10
467 734 10
467 735 10
467 737 10
467 738 10
467 761 10
467 762 10
467 764 10
467 767 10
467 768 10
467 771 10
468 223 10
468 228 10
468 229 10
468 230 10
468 234 10
468 248 10
468 253 10
468 255 10
468 256 10
468 260 10
468 261 10
468 262 10
468 264 10
468 276 10
468 279 10
468 280 10
468 282 10
468 289 10
468 290 10
468 291 10
468 294 10
468 296 10
468 298 10
468 303 10
468 304 10
468 312 10
468 313 10
468 314 10
468 315 10
468 316 10
468 317 10
468 318 10
468 320 10
468 322 10
468 325 10
468 328 10
468 331 10
468 342 10
468 345 10
468 346 10
468 347 10
468 353 10
468 361 10
468 362 10
468 363 10
468 364 10
468 365 10
468 366 10
468 368 10
468 370 10
468 372 10
468 381 10
468 382 10
468 386 10
468 390 10
468 391 10
468 392 10
468 393 10
468 395 10
468 396 10
468 398 10
468 401 10
468 403 10
468 406 10
468 407 10
468 408 10
468 409 10
468 410 10
468 412 10
468 413 10
468 420 10
468 423 10
468 426 10
468 427 10
468 431 10
468 432 10
468 433 10
468 434 10
468 435 10
468 436 10
468 437 10
468 443 10
468 444 10
468 447 10
468 450 10
468 455 10
468 456 10
468 457 10
468 459 10
468 460 10
468 474 10
468 476 10
468 480 10
468 490 10
468 496 10
468 497 10
468 498 10
468 500 10
468 502 10
468 508 10
468 509 10
468 511 10
468 517 10
468 519 10
468 520 10
468 526 10
468 527 10
468 528 10
468 531 10
468 532 10
468 534 10
468 537 10
468 539 10
468 542 10
468 545 10
468 546 10
468 551 10
468 554 10
468 555 10
468 560 10
468 561 10
468 562 10
468 563 10
468 571 10
468 589 10
468 591 10
468 592 10
468 595 10
468 597 10
468 599 10
468 600 10
468 616 10
468 617 10
468 627 10
468 628 10
468 633 10
468 634 10
468 636 10
468 642 10
468 646 10
468 651 10
468 653 10
468 656 10
468 666 10
468 667 10
468 672 10
468 674 10
468 675 10
468 680 10
468 686 10
468 687 10
468 688 10
468 689 10
468 690 10
468 702 10
468 711 10
468 712 10
468 713 10
468 716 10
468 725 10
468 726 10
468 737 10
468 739 10
468 763 10
468 765 10
468 767 10
468 768 10
468 769 10
468 774 10
469 227 10
469 228 10
469 229 10
469 231 10
469 242 10
469 245 10
469 249 10
469 256 10
469 258 10
469 260 10
469 263 10
469 278 10
469 282 10
469 288 10
469 289 10
469 290 10
469 293 10
469 294 10
469 297 10
469 298 10
469 300 10
469 310 10
469 311 10
469 315 10
469 318 10
469 321 10
469 326 10
469 327 10
469 328 10
469 333 10
469 334 10
469 335 10
469 336 10
469 344 10
469 345 10
469 346 10
469 347 10
469 349 10
469 350 10
469 352 10
469 358 10
469 360 10
469 368 10
469 369 10
469 370 10
469 371 10
469 374 10
469 376 10
469 393 10
469 394 10
469 395 10
469 396 10
469 397 10
469 398 10
469 400 10
469 402 10
469 407 10
469 408 10
469 409 10
469 410 10
469 412 10
469 414 10
469 419 10
469 422 10
469 423 10
469 426 10
469 429 10
469 430 10
469 431 10
469 434 10
469 436 10
469 442 10
469 443 10
469 445 10
469 448 10
469 451 10
469 454 10
469 455 10
469 456 10
469 457 10
469 458 10
469 460 10
469 461 10
469 462 10
469 477 10
469 478 10
469 479 10
469 481 10
469 493 10
469 497 10
469 498 10
469 502 10
469 504 10
469 507 10
469 516 10
469 517 10
469 518 10
469 519 10
469 520 10
469 526 10
469 527 10
469 529 10
469 530 10
469 531 10
469 532 10
469 534 10
469 535 10
469 536 10
469 537 10
469 546 10
469 549 10
469 550 10
469 551 10
469 552 10
469 554 10
469 555 10
469 556 10
469 558 10
469 561 10
469 562 10
469 563 10
469 566 10
469 567 10
469 571 10
469 595 10
469 600 10
469 607 10
469 612 10
469 622 10
469 624 10
469 628 10
469 630 10
469 634 10
469 635 10
469 637 10
469 638 10
469 640 10
469 647 10
469 649 10
469 650 10
469 651 10
469 653 10
469 654 10
469 655 10
469 657 10
469 659 10
469 662 10
469 665 10
469 666 10
469 670 10
469 671 10
469 672 10
469 680 10
469 681 10
469 689 10
469 690 10
469 692 10
469 693 10
469 699 10
469 701 10
469 702 10
469 706 10
469 711 10
469 712 10
469 714 10
469 715 10
469 716 10
469 718 10
469 721 10
469 723 10
469 728 10
469 734 10
469 735 10
469 736 10
469 738 10
469 762 10
469 764 10
469 765 10
469 767 10
469 768 10
469 770 10
470 225 10
470 228 10
470 229 10
470 230 10
470 238 10
470 255 10
470 262 10
470 265 10
470 267 10
470 277 10
470 278 10
470 280 10
470 287 10
470 288 10
470 289 10
470 290 10
470 291 10
470 295 10
470 297 10
470 298 10
470 314 10
470 319 10
470 323 10
470 326 10
470 328 10
470 330 10
470 332 10
470 333 10
470 335 10
470 344 10
470 345 10
470 346 10
470 358 10
470 361 10
470 362 10
470 363 10
470 364 10
470 365 10
470 366 10
470 370 10
470 371 10
470 372 10
470 373 10
470 374 10
470 376 10
470 382 10
470 391 10
470 392 10
470 394 10
470 396 10
470 397 10
470 398 10
470 400 10
470 402 10
470 410 10
470 411 10
470 413 10
470 415 10
470 418 10
470 421 10
470 422 10
470 431 10
470 433 10
470 434 10
470 435 10
470 436 10
470 437 10
470 439 10
470 440 10
470 441 10
470 445 10
470 446 10
470 449 10
470 451 10
470 455 10
470 457 10
470 458 10
470 472 10
470 475 10
470 479 10
470 482 10
470 495 10
470 496 10
470 497 10
470 498 10
470 499 10
470 501 10
470 503 10
470 509 10
470 516 10
470 517 10
470 518 10
470 519 10
470 520 10
470 523 10
470 526 10
470 527 10
470 529 10
470 530 10
470 532 10
470 533 10
470 535 10
470 536 10
470 537 10
470 538 10
470 548 10
470 551 10
470 553 10
470 555 10
470 556 10
470 560 10
470 562 10
470 573 10
470 595 10
470 598 10
470 599 10
470 604 10
470 605 10
470 607 10
470 609 10
470 616 10
470 628 10
470 636 10
470 637 10
470 638 10
470 640 10
470 643 10
470 644 10
470 645 10
470 646 10
470 647 10
470 648 10
470 649 10
470 650 10
470 652 10
470 653 10
470 654 10
470 657 10
470 658 10
470 660 10
470 661 10
470 664 10
470 666 10
470 667 10
470 668 10
470 669 10
470 671 10
470 672 10
470 673 10
470 675 10
470 685 10
470 686 10
470 687 10
470 688 10
470 689 10
470 690 10
470 691 10
470 699 10
470 700 10
470 702 10
470 703 10
470 704 10
470 705 10
470 708 10
470 710 10
470 711 10
470 712 10
470 715 10
470 725 10
470 726 10
470 730 10
470 737 10
470 738 10
470 739 10
470 740 10
470 759 10
470 761 10
470 762 10
470 764 10
470 766 10
470 767 10
470 768 10
471 230 10
471 231 10
471 232 10
471 248 10
471 249 10
471 263 10
471 264 10
471 276 10
471 284 10
471 288 10
471 291 10
471 297 10
471 298 10
471 305 10
471 308 10
471 310 10
471 322 10
471 326 10
471 347 10
471 348 10
471 353 10
471 357 10
471 361 10
471 363 10
471 365 10
471 366 10
471 367 10
471 369 10
471 374 10
471 375 10
471 376 10
471 383 10
471 392 10
471 393 10
471 394 10
471 395 10
471 397 10
471 399 10
471 401 10
471 403 10
471 404 10
471 405 10
471 407 10
471 408 10
471 409 10
471 412 10
471 413 10
471 419 10
471 420 10
471 425 10
471 426 10
471 434 10
471 437 10
471 445 10
471 448 10
471 450 10
471 452 10
471 453 10
471 455 10
471 456 10
471 459 10
471 461 10
471 465 10
471 477 10
471 479 10
471 480 10
471 482 10
471 483 10
471 495 10
471 497 10
471 499 10
471 500 10
471 501 10
471 503 10
471 518 10
471 520 10
471 524 10
471 530 10
471 532 10
471 534 10
471 537 10
471 539 10
471 541 10
471 544 10
471 546 10
471 548 10
471 549 10
471 550 10
471 551 10
471 553 10
471 555 10
471 556 10
471 557 10
471 558 10
471 560 10
471 568 10
471 593 10
471 595 10
471 599 10
471 600 10
471 605 10
471 606 10
471 607 10
471 610 10
471 615 10
471 617 10
471 624 10
471 634 10
471 636 10
471 637 10
471 638 10
471 639 10
471 640 10
471 642 10
471 646 10
471 648 10
471 649 10
471 650 10
471 651 10
471 653 10
471 657 10
471 660 10
471 662 10
471 664 10
471 665 10
471 666 10
471 667 10
471 668 10
471 669 10
471 671 10
471 672 10
471 676 10
471 681 10
471 687 10
471 690 10
471 698 10
471 700 10
471 701 10
471 704 10
471 706 10
471 707 10
471 711 10
471 712 10
471 713 10
471 715 10
471 716 10
471 717 10
471 724 10
471 725 10
471 731 10
471 735 10
471 737 10
471 738 10
471 749 10
471 750 10
471 759 10
471 761 10
472 227 10
472 230 10
472 246 10
472 248 10
472 263 10
472 265 10
472 268 10
472 271 10
472 273 10
472 275 10
472 277 10
472 295 10
472 304 10
472 306 10
472 310 10
472 315 10
472 318 10
472 320 10
472 321 10
472 347 10
472 356 10
472 357 10
472 358 10
472 359 10
472 361 10
472 364 10
472 367 10
472 373 10
472 376 10
472 378 10
472 381 10
472 383 10
472 393 10
472 396 10
472 398 10
472 399 10
472 400 10
472 410 10
472 428 10
472 432 10
472 433 10
472 434 10
472 437 10
472 438 10
472 441 10
472 444 10
472 445 10
472 446 10
472 447 10
472 449 10
472 450 10
472 453 10
472 454 10
472 456 10
472 458 10
472 460 10
472 461 10
472 462 10
472 465 10
472 470 10
472 477 10
472 478 10
472 494 10
472 526 10
472 528 10
472 533 10
472 534 10
472 535 10
472 536 10
472 537 10
472 539 10
472 540 10
472 541 10
472 545 10
472 547 10
472 548 10
472 549 10
472 553 10
472 556 10
472 561 10
472 593 10
472 595 10
472 597 10
472 598 10
472 599 10
472 601 10
472 611 10
472 612 10
472 614 10
472 622 10
472 625 10
472 629 10
472 630 10
472 634 10
472 635 10
472 636 10
472 637 10
472 638 10
472 641 10
472 642 10
472 646 10
472 654 10
472 656 10
472 661 10
472 662 10
472 663 10
472 664 10
472 666 10
472 669 10
472 671 10
472 673 10
472 674 10
472 679 10
472 680 10
472 681 10
472 682 10
472 683 10
472 685 10
472 686 10
472 688 10
472 689 10
472 690 10
472 691 10
472 694 10
472 695 10
472 696 10
472 698 10
472 700 10
472 701 10
472 702 10
472 704 10
472 706 10
472 707 10
472 709 10
472 712 10
472 714 10
472 715 10
472 716 10
472 717 10
472 718 10
472 724 10
472 727 10
472 729 10
472 730 10
472 734 10
472 735 10
472 737 10
472 738 10
472 739 10
472 746 10
472 750 10
472 755 10
472 760 10
472 763 10
472 766 10
472 767 10
472 768 10
472 769 10
473 225 10
473 226 10
473 229 10
473 230 10
473 234 10
473 243 10
473 245 10
473 247 10
473 249 10
473 250 10
473 251 10
473 256 10
473 268 10
473 269 10
473 270 10
473 271 10
473 272 10
473 275 10
473 276 10
473 277 10
473 278 10
473 287 10
473 288 10
473 289 10
473 290 10
473 295 10
473 296 10
473 299 10
473 300 10
473 302 10
473 303 10
473 306 10
473 308 10
473 319 10
473 320 10
473 324 10
473 326 10
473 328 10
473 344 10
473 346 10
473 351 10
473 352 10
473 355 10
473 356 10
473 359 10
473 361 10
473 362 10
473 363 10
473 364 10
473 365 10
473 367 10
473 368 10
473 370 10
473 373 10
473 374 10
473 375 10
473 381 10
473 393 10
473 394 10
473 395 10
473 397 10
473 398 10
473 399 10
473 404 10
473 405 10
473 411 10
473 417 10
473 418 10
473 424 10
473 428 10
473 444 10
473 446 10
473 448 10
473 457 10
473 458 10
473 460 10
473 461 10
473 464 10
473 465 10
473 467 10
473 470 10
473 477 10
473 479 10
473 480 10
473 481 10
473 483 10
473 494 10
473 498 10
473 502 10
473 510 10
473 524 10
473 525 10
473 529 10
473 533 10
473 534 10
473 535 10
473 539 10
473 540 10
473 544 10
473 550 10
473 551 10
473 554 10
473 564 10
473 567 10
473 593 10
473 597 10
473 598 10
473 601 10
473 602 10
473 603 10
473 604 10
473 605 10
473 606 10
473 607 10
473 608 10
473 609 10
473 611 10
473 624 10
473 628 10
473 630 10
473 635 10
473 637 10
473 638 10
473 644 10
473 645 10
473 646 10
473 647 10
473 648 10
473 649 10
473 650 10
473 652 10
473 653 10
473 654 10
473 655 10
473 659 10
473 660 10
473 666 10
473 670 10
473 672 10
473 676 10
473 677 10
473 678 10
473 679 10
473 683 10
473 687 10
473 689 10
473 693 10
473 695 10
473 697 10
473 698 10
473 700 10
473 702 10
473 704 10
473 706 10
473 710 10
473 711 10
473 712 10
473 714 10
473 716 10
473 717 10
473 718 10
473 722 10
473 733 10
473 734 10
473 739 10
473 750 10
473 764 10
473 765 10
473 767 10
474 227 10
474 230 10
474 232 10
474 245 10
474 247 10
474 249 10
474 263 10
474 269 10
474 282 10
474 287 10
474 289 10
474 290 10
474 293 10
474 295 10
474 298 10
474 300 10
474 301 10
474 303 10
474 307 10
474 308 10
474 312 10
474 317 10
474 319 10
474 325 10
474 327 10
474 338 10
474 341 10
474 346 10
474 348 10
474 353 10
474 354 10
474 359 10
474 361 10
474 364 10
474 365 10
474 372 10
474 377 10
474 392 10
474 394 10
474 395 10
474 400 10
474 402 10
474 406 10
474 407 10
474 412 10
474 414 10
474 422 10
474 424 10
474 438 10
474 440 10
474 442 10
474 446 10
474 448 10
474 451 10
474 454 10
474 455 10
474 457 10
474 459 10
474 462 10
474 463 10
474 465 10
474 469 10
474 473 10
474 477 10
474 481 10
474 483 10
474 494 10
474 495 10
474 496 10
474 498 10
474 502 10
474 504 10
474 505 10
474 525 10
474 529 10
474 531 10
474 534 10
474 535 10
474 536 10
474 537 10
474 545 10
474 548 10
474 551 10
474 553 10
474 554 10
474 555 10
474 556 10
474 595 10
474 596 10
474 598 10
474 599 10
474 602 10
474 604 10
474 606 10
474 607 10
474 609 10
474 610 10
474 614 10
474 621 10
474 636 10
474 639 10
474 640 10
474 641 10
474 642 10
474 644 10
474 645 10
474 646 10
474 647 10
474 649 10
474 652 10
474 654 10
474 656 10
474 657 10
474 660 10
474 662 10
474 664 10
474 665 10
474 667 10
474 668 10
474 670 10
474 674 10
474 676 10
474 680 10
474 685 10
474 686 10
474 688 10
474 689 10
474 691 10
474 692 10
474 695 10
474 696 10
474 697 10
474 699 10
474 700 10
474 701 10
474 704 10
474 706 10
474 720 10
474 722 10
474 724 10
474 725 10
474 731 10
474 737 10
474 738 10
474 740 10
474 742 10
474 747 10
474 749 10
474 750 10
474 754 10
474 755 10
474 766 10
474 768 10
474 771 10
474 772 10
475 227 10
475 230 10
475 265 10
475 267 10
475 269 10
475 270 10
475 276 10
475 286 10
475 289 10
475 294 10
475 296 10
475 297 10
475 300 10
475 301 10
475 303 10
475 304 10
475 306 10
475 308 10
475 309 10
475 310 10
475 311 10
475 318 10
475 320 10
475 322 10
475 323 10
475 324 10
475 336 10
475 339 10
475 341 10
475 344 10
475 346 10
475 354 10
475 355 10
475 361 10
475 364 10
475 367 10
475 370 10
475 372 10
475 374 10
475 377 10
475 378 10
475 381 10
475 392 10
475 393 10
475 394 10
475 395 10
475 396 10
475 397 10
475 402 10
475 406 10
475 409 10
475 414 10
475 445 10
475 446 10
475 447 10
475 448 10
475 449 10
475 458 10
475 459 10
475 460 10
475 462 10
475 467 10
475 468 10
475 483 10
475 485 10
475 504 10
475 509 10
475 520 10
475 525 10
475 529 10
475 532 10
475 534 10
475 535 10
475 536 10
475 539 10
475 540 10
475 543 10
475 544 10
475 545 10
475 546 10
475 547 10
475 549 10
475 550 10
475 551 10
475 552 10
475 554 10
475 555 10
475 556 10
475 557 10
475 569 10
475 582 10
475 603 10
475 607 10
475 608 10
475 609 10
475 610 10
475 611 10
475 612 10
475 613 10
475 617 10
475 619 10
475 620 10
475 622 10
475 625 10
475 630 10
475 631 10
475 638 10
475 639 10
475 640 10
475 642 10
475 643 10
475 646 10
475 649 10
475 650 10
475 651 10
475 652 10
475 656 10
475 657 10
475 659 10
475 661 10
475 664 10
475 668 10
475 670 10
475 671 10
475 672 10
475 673 10
475 674 10
475 677 10
475 683 10
475 685 10
475 688 10
475 690 10
475 693 10
475 694 10
475 696 10
475 698 10
475 703 10
475 704 10
475 711 10
475 712 10
475 716 10
475 717 10
475 722 10
475 723 10
475 726 10
475 727 10
475 732 10
475 735 10
475 737 10
475 738 10
475 740 10
475 742 10
475 744 10
475 752 10
475 758 10
475 759 10
475 763 10
475 764 10
475 765 10
475 767 10
475 771 10
476 217 10
476 225 10
476 226 10
476 227 10
476 228 10
476 246 10
476 248 10
476 250 10
476 255 10
476 256 10
476 265 10
476 272 10
476 285 10
476 289 10
476 295 10
476 296 10
476 297 10
476 300 10
476 301 10
476 302 10
476 306 10
476 310 10
476 312 10
476 320 10
476 321 10
476 322 10
476 324 10
476 326 10
476 336 10
476 343 10
476 346 10
476 351 10
476 353 10
476 354 10
476 357 10
476 360 10
476 362 10
476 363 10
476 367 10
476 370 10
476 372 10
476 375 10
476 382 10
476 393 10
476 395 10
476 396 10
476 404 10
476 405 10
476 406 10
476 410 10
476 412 10
476 446 10
476 447 10
476 451 10
476 456 10
476 460 10
476 461 10
476 466 10
476 471 10
476 474 10
476 496 10
476 497 10
476 499 10
476 508 10
476 522 10
476 523 10
476 526 10
476 527 10
476 528 10
476 529 10
476 531 10
476 534 10
476 536 10
476 547 10
476 555 10
476 557 10
476 561 10
476 566 10
476 582 10
476 594 10
476 597 10
476 600 10
476 602 10
476 605 10
476 606 10
476 607 10
476 608 10
476 609 10
476 610 10
476 611 10
476 612 10
476 613 10
476 616 10
476 620 10
476 627 10
476 628 10
476 635 10
476 636 10
476 637 10
476 642 10
476 644 10
476 645 10
476 647 10
476 649 10
476 650 10
476 652 10
476 657 10
476 660 10
476 662 10
476 666 10
476 668 10
476 673 10
476 677 10
476 678 10
476 682 10
476 683 10
476 685 10
476 687 10
476 688 10
476 690 10
476 691 10
476 692 10
476 693 10
476 705 10
476 706 10
476 708 10
476 716 10
476 717 10
476 718 10
476 722 10
476 723 10
476 724 10
476 725 10
476 726 10
476 728 10
476 732 10
476 737 10
476 738 10
476 739 10
476 742 10
476 743 10
476 745 10
476 746 10
476 747 10
476 757 10
476 762 10
476 768 10
477 218 10
477 222 10
477 228 10
477 230 10
477 231 10
477 232 10
477 233 10
477 234 10
477 235 10
477 247 10
477 250 10
477 257 10
477 262 10
477 264 10
477 265 10
477 266 10
477 271 10
477 284 10
477 286 10
477 288 10
477 289 10
477 290 10
477 293 10
477 297 10
477 298 10
477 299 10
477 305 10
477 310 10
477 316 10
477 318 10
477 319 10
477 322 10
477 334 10
477 336 10
477 339 10
477 347 10
477 350 10
477 351 10
477 353 10
477 354 10
477 357 10
477 364 10
477 367 10
477 373 10
477 374 10
477 375 10
477 378 10
477 389 10
477 390 10
477 393 10
477 394 10
477 395 10
477 396 10
477 406 10
477 408 10
477 409 10
477 413 10
477 414 10
477 418 10
477 420 10
477 436 10
477 439 10
477 442 10
477 444 10
477 449 10
477 451 10
477 456 10
477 459 10
477 467 10
477 469 10
477 470 10
477 471 10
477 494 10
477 498 10
477 505 10
477 507 10
477 509 10
477 525 10
477 526 10
477 530 10
477 531 10
477 534 10
477 536 10
477 538 10
477 543 10
477 545 10
477 548 10
477 551 10
477 552 10
477 556 10
477 557 10
477 558 10
477 559 10
477 562 10
477 563 10
477 565 10
477 571 10
477 573 10
477 580 10
477 583 10
477 584 10
477 595 10
477 599 10
477 601 10
477 604 10
477 607 10
477 608 10
477 609 10
477 610 10
477 611 10
477 612 10
477 613 10
477 615 10
477 618 10
477 619 10
477 622 10
477 626 10
477 627 10
477 628 10
477 629 10
477 630 10
477 631 10
477 632 10
477 636 10
477 637 10
477 638 10
477 641 10
477 642 10
477 643 10
477 644 10
477 645 10
477 646 10
477 647 10
477 649 10
477 651 10
477 652 10
477 653 10
477 657 10
477 665 10
477 666 10
477 668 10
477 670 10
477 674 10
477 677 10
477 679 10
477 685 10
477 686 10
477 688 10
477 689 10
477 693 10
477 695 10
477 696 10
477 698 10
477 699 10
477 704 10
477 705 10
477 709 10
477 711 10
477 712 10
477 715 10
477 718 10
477 720 10
477 721 10
477 722 10
477 723 10
477 725 10
477 726 10
477 730 10
477 731 10
477 732 10
477 734 10
477 736 10
477 737 10
477 738 10
477 739 10
477 741 10
477 742 10
477 751 10
477 757 10
477 761 10
477 763 10
477 764 10
477 765 10
477 766 10
477 768 10
477 770 10
478 229 10
478 232 10
478 235 10
478 248 10
478 251 10
478 255 10
478 266 10
478 267 10
478 268 10
478 276 10
478 286 10
478 288 10
478 290 10
478 291 10
478 292 10
478 295 10
478 297 10
478 298 10
478 301 10
478 302 10
478 305 10
478 311 10
478 317 10
478 318 10
478 320 10
478 326 10
478 327 10
478 334 10
478 337 10
478 338 10
478 340 10
478 345 10
478 346 10
478 349 10
478 352 10
478 353 10
478 354 10
478 355 10
478 356 10
478 359 10
478 361 10
478 362 10
478 374 10
478 375 10
478 378 10
478 389 10
478 391 10
478 395 10
478 403 10
478 406 10
478 407 10
478 411 10
478 412 10
478 413 10
478 414 10
478 415 10
478 419 10
478 422 10
478 425 10
478 442 10
478 444 10
478 448 10
478 449 10
478 455 10
478 460 10
478 469 10
478 471 10
478 493 10
478 496 10
478 507 10
478 509 10
478 511 10
478 524 10
478 525 10
478 527 10
478 530 10
478 531 10
478 546 10
478 548 10
478 549 10
478 551 10
478 554 10
478 558 10
478 564 10
478 568 10
478 573 10
478 583 10
478 586 10
478 596 10
478 601 10
478 603 10
478 604 10
478 605 10
478 607 10
478 609 10
478 610 10
478 611 10
478 612 10
478 613 10
478 614 10
478 616 10
478 618 10
478 620 10
478 621 10
478 622 10
478 624 10
478 625 10
478 626 10
478 628 10
478 632 10
478 634 10
478 635 10
478 636 10
478 638 10
478 640 10
478 641 10
478 643 10
478 648 10
478 649 10
478 650 10
478 652 10
478 653 10
478 663 10
478 665 10
478 668 10
478 669 10
478 670 10
478 671 10
478 676 10
478 677 10
478 683 10
478 684 10
478 686 10
478 688 10
478 691 10
478 692 10
478 693 10
478 694 10
478 695 10
478 698 10
478 709 10
478 710 10
478 715 10
478 721 10
478 723 10
478 724 10
478 725 10
478 726 10
478 727 10
478 729 10
478 730 10
478 731 10
478 733 10
478 734 10
478 735 10
478 737 10
478 738 10
478 740 10
478 741 10
478 743 10
478 744 10
478 745 10
478 746 10
478 747 10
478 748 10
478 749 10
478 750 10
478 752 10
478 760 10
478 766 10
478 767 10
478 770 10
479 223 10
479 228 10
479 230 10
479 231 10
479 232 10
479 233 10
479 236 10
479 251 10
479 263 10
479 265 10
479 271 10
479 272 10
479 280 10
479 282 10
479 285 10
479 286 10
479 288 10
479 291 10
479 293 10
479 296 10
479 299 10
479 300 10
479 301 10
479 304 10
479 305 10
479 311 10
479 313 10
479 317 10
479 319 10
479 322 10
479 327 10
479 343 10
479 349 10
479 351 10
479 352 10
479 356 10
479 358 10
479 361 10
479 365 10
479 371 10
479 372 10
479 375 10
479 376 10
479 377 10
479 386 10
479 390 10
479 401 10
479 402 10
479 403 10
479 404 10
479 408 10
479 409 10
479 410 10
479 412 10
479 414 10
479 422 10
479 423 10
479 424 10
479 440 10
479 442 10
479 446 10
479 450 10
479 451 10
479 452 10
479 455 10
479 457 10
479 468 10
479 469 10
479 470 10
479 471 10
479 472 10
479 492 10
479 495 10
479 504 10
479 506 10
479 510 10
479 512 10
479 513 10
479 514 10
479 521 10
479 523 10
479 529 10
479 540 10
479 545 10
479 547 10
479 551 10
479 558 10
479 559 10
479 566 10
479 568 10
479 571 10
479 576 10
479 581 10
479 583 10
479 584 10
479 585 10
479 587 10
479 596 10
479 597 10
479 602 10
479 603 10
479 605 10
479 606 10
479 608 10
479 612 10
479 613 10
479 614 10
479 615 10
479 617 10
479 618 10
479 619 10
479 620 10
479 623 10
479 630 10
479 631 10
479 632 10
479 636 10
479 639 10
479 645 10
479 647 10
479 649 10
479 651 10
479 653 10
479 654 10
479 658 10
479 660 10
479 663 10
479 669 10
479 670 10
479 675 10
479 677 10
479 678 10
479 680 10
479 682 10
479 684 10
479 685 10
479 686 10
479 687 10
479 688 10
479 689 10
479 690 10
479 693 10
479 696 10
479 697 10
479 698 10
479 699 10
479 700 10
479 703 10
479 707 10
479 709 10
479 717 10
479 719 10
479 720 10
479 722 10
479 723 10
479 726 10
479 727 10
479 731 10
479 732 10
479 733 10
479 734 10
479 737 10
479 740 10
479 741 10
479 743 10
479 746 10
479 747 10
479 748 10
479 755 10
479 759 10
479 760 10
479 763 10
479 766 10
479 768 10
480 222 10
480 250 10
480 252 10
480 259 10
480 265 10
480 283 10
480 284 10
480 286 10
480 289 10
480 290 10
480 291 10
480 293 10
480 294 10
480 299 10
480 317 10
480 318 10
480 319 10
480 320 10
480 322 10
480 333 10
480 340 10
480 342 10
480 343 10
480 346 10
480 348 10
480 350 10
480 352 10
480 358 10
480 359 10
480 366 10
480 368 10
480 372 10
480 374 10
480 375 10
480 376 10
480 377 10
480 378 10
480 379 10
480 388 10
480 394 10
480 402 10
480 404 10
480 406 10
480 408 10
480 409 10
480 411 10
480 412 10
480 413 10
480 414 10
480 416 10
480 444 10
480 446 10
480 448 10
480 449 10
480 452 10
480 453 10
480 454 10
480 456 10
480 458 10
480 459 10
480 465 10
480 469 10
480 470 10
480 471 10
480 476 10
480 483 10
480 488 10
480 493 10
480 509 10
480 510 10
480 514 10
480 517 10
480 519 10
480 523 10
480 526 10
480 529 10
480 530 10
480 532 10
480 534 10
480 543 10
480 545 10
480 546 10
480 549 10
480 550 10
480 555 10
480 556 10
480 561 10
480 564 10
480 565 10
480 569 10
480 572 10
480 581 10
480 583 10
480 584 10
480 585 10
480 586 10
480 594 10
480 602 10
480 603 10
480 604 10
480 605 10
480 608 10
480 610 10
480 611 10
480 612 10
480 613 10
480 614 10
480 616 10
480 617 10
480 618 10
480 619 10
480 620 10
480 621 10
480 622 10
480 623 10
480 624 10
480 625 10
480 630 10
480 633 10
480 634 10
480 638 10
480 639 10
480 640 10
480 643 10
480 644 10
480 645 10
480 646 10
480 647 10
480 649 10
480 652 10
480 658 10
480 663 10
480 666 10
480 667 10
480 669 10
480 672 10
480 683 10
480 685 10
480 686 10
480 687 10
480 688 10
480 689 10
480 690 10
480 691 10
480 692 10
480 693 10
480 694 10
480 696 10
480 702 10
480 704 10
480 710 10
480 720 10
480 721 10
480 723 10
480 725 10
480 731 10
480 732 10
480 733 10
480 734 10
480 735 10
480 737 10
480 739 10
480 741 10
480 742 10
480 743 10
480 745 10
480 748 10
480 758 10
480 759 10
480 761 10
480 762 10
480 765 10
480 767 10
480 770 10
480 774 10
481 233 10
481 247 10
481 249 10
481 250 10
481 251 10
481 252 10
481 253 10
481 254 10
481 260 10
481 262 10
481 263 10
481 265 10
481 270 10
481 280 10
481 281 10
481 284 10
481 286 10
481 289 10
481 292 10
481 294 10
481 301 10
481 309 10
481 314 10
481 319 10
481 321 10
481 331 10
481 336 10
481 343 10
481 345 10
481 346 10
481 348 10
481 357 10
481 358 10
481 362 10
481 363 10
481 364 10
481 366 10
481 368 10
481 369 10
481 370 10
481 374 10
481 375 10
481 376 10
481 378 10
481 379 10
481 384 10
481 389 10
481 403 10
481 404 10
481 408 10
481 409 10
481 410 10
481 413 10
481 421 10
481 423 10
481 445 10
481 446 10
481 448 10
481 451 10
481 469 10
481 471 10
481 472 10
481 487 10
481 490 10
481 492 10
481 494 10
481 507 10
481 508 10
481 509 10
481 513 10
481 515 10
481 520 10
481 521 10
481 522 10
481 526 10
481 528 10
481 529 10
481 532 10
481 543 10
481 547 10
481 549 10
481 556 10
481 557 10
481 558 10
481 559 10
481 560 10
481 561 10
481 563 10
481 566 10
481 569 10
481 571 10
481 576 10
481 578 10
481 582 10
481 583 10
481 585 10
481 586 10
481 605 10
481 609 10
481 611 10
481 612 10
481 613 10
481 614 10
481 615 10
481 616 10
481 618 10
481 619 10
481 620 10
481 623 10
481 627 10
481 630 10
481 635 10
481 636 10
481 637 10
481 638 10
481 645 10
481 648 10
481 651 10
481 654 10
481 658 10
481 661 10
481 663 10
481 667 10
481 669 10
481 672 10
481 675 10
481 677 10
481 679 10
481 682 10
481 683 10
481 684 10
481 685 10
481 687 10
481 689 10
481 690 10
481 691 10
481 692 10
481 694 10
481 696 10
481 697 10
481 699 10
481 701 10
481 703 10
481 704 10
481 706 10
481 717 10
481 722 10
481 723 10
481 725 10
481 727 10
481 730 10
481 734 10
481 735 10
481 739 10
481 745 10
481 747 10
481 749 10
481 750 10
481 753 10
481 755 10
481 756 10
481 758 10
481 760 10
481 761 10
481 762 10
481 768 10
481 770 10
481 771 10
481 773 10
481 777 10
481 778 10
482 243 10
482 247 10
482 251 10
482 258 10
482 260 10
482 265 10
482 268 10
482 270 10
482 271 10
482 273 10
482 274 10
482 276 10
482 287 10
482 289 10
482 292 10
482 294 10
482 295 10
482 296 10
482 310 10
482 313 10
482 317 10
482 320 10
482 331 10
482 334 10
482 339 10
482 340 10
482 342 10
482 343 10
482 345 10
482 346 10
482 350 10
482 352 10
482 362 10
482 364 10
482 367 10
482 369 10
482 373 10
482 374 10
482 376 10
482 377 10
482 378 10
482 379 10
482 388 10
482 395 10
482 398 10
482 413 10
482 417 10
482 418 10
482 421 10
482 423 10
482 437 10
482 438 10
482 444 10
482 450 10
482 451 10
482 453 10
482 469 10
482 471 10
482 474 10
482 476 10
482 477 10
482 486 10
482 488 10
482 510 10
482 511 10
482 514 10
482 515 10
482 516 10
482 520 10
482 523 10
482 526 10
482 527 10
482 529 10
482 530 10
482 531 10
482 545 10
482 546 10
482 548 10
482 549 10
482 550 10
482 554 10
482 557 10
482 561 10
482 562 10
482 566 10
482 568 10
482 569 10
482 583 10
482 584 10
482 588 10
482 602 10
482 605 10
482 607 10
482 609 10
482 611 10
482 612 10
482 613 10
482 615 10
482 617 10
482 618 10
482 620 10
482 621 10
482 622 10
482 624 10
482 625 10
482 626 10
482 627 10
482 629 10
482 633 10
482 636 10
482 638 10
482 640 10
482 641 10
482 643 10
482 650 10
482 651 10
482 653 10
482 657 10
482 658 10
482 669 10
482 670 10
482 675 10
482 677 10
482 678 10
482 679 10
482 681 10
482 682 10
482 684 10
482 687 10
482 688 10
482 689 10
482 690 10
482 691 10
482 693 10
482 694 10
482 695 10
482 696 10
482 700 10
482 701 10
482 703 10
482 704 10
482 705 10
482 706 10
482 712 10
482 716 10
482 726 10
482 729 10
482 733 10
482 735 10
482 736 10
482 737 10
482 738 10
482 743 10
482 744 10
482 746 10
482 747 10
482 749 10
482 757 10
482 760 10
482 763 10
482 765 10
482 767 10
482 768 10
482 770 10
482 772 10
483 250 10
483 251 10
483 252 10
483 253 10
483 254 10
483 255 10
483 257 10
483 258 10
483 260 10
483 262 10
483 266 10
483 268 10
483 272 10
483 274 10
483 275 10
483 276 10
483 278 10
483 279 10
483 281 10
483 283 10
483 291 10
483 292 10
483 296 10
483 298 10
483 303 10
483 310 10
483 314 10
483 316 10
483 317 10
483 319 10
483 330 10
483 332 10
483 336 10
483 337 10
483 341 10
483 343 10
483 344 10
483 347 10
483 349 10
483 358 10
483 359 10
483 362 10
483 369 10
483 374 10
483 377 10
483 379 10
483 380 10
483 384 10
483 393 10
483 396 10
483 407 10
483 414 10
483 418 10
483 419 10
483 420 10
483 442 10
483 444 10
483 446 10
483 449 10
483 450 10
483 452 10
483 453 10
483 469 10
483 470 10
483 471 10
483 473 10
483 488 10
483 507 10
483 508 10
483 509 10
483 510 10
483 511 10
483 515 10
483 516 10
483 526 10
483 528 10
483 529 10
483 530 10
483 532 10
483 533 10
483 536 10
483 539 10
483 543 10
483 544 10
483 549 10
483 550 10
483 551 10
483 553 10
483 556 10
483 558 10
483 559 10
483 561 10
483 563 10
483 564 10
483 566 10
483 570 10
483 571 10
483 572 10
483 579 10
483 581 10
483 582 10
483 587 10
483 588 10
483 604 10
483 605 10
483 609 10
483 610 10
483 611 10
483 612 10
483 613 10
483 614 10
483 615 10
483 617 10
483 619 10
483 621 10
483 622 10
483 625 10
483 626 10
483 627 10
483 628 10
483 629 10
483 636 10
483 639 10
483 640 10
483 644 10
483 645 10
483 648 10
483 650 10
483 652 10
483 653 10
483 655 10
483 658 10
483 660 10
483 661 10
483 663 10
483 664 10
483 665 10
483 671 10
483 672 10
483 674 10
483 677 10
483 678 10
483 679 10
483 684 10
483 685 10
483 689 10
483 690 10
483 692 10
483 693 10
483 694 10
483 695 10
483 696 10
483 703 10
483 705 10
483 706 10
483 711 10
483 717 10
483 723 10
483 726 10
483 731 10
483 732 10
483 734 10
483 743 10
483 746 10
483 751 10
483 752 10
483 754 10
483 756 10
483 757 10
483 762 10
483 767 10
483 768 10
483 770 10
483 775 10
483 779 10
484 219 10
484 237 10
484 242 10
484 245 10
484 247 10
484 250 10
484 252 10
484 257 10
484 258 10
484 260 10
484 262 10
484 264 10
484 266 10
484 270 10
484 271 10
484 273 10
484 274 10
484 278 10
484 280 10
484 282 10
484 283 10
484 284 10
484 285 10
484 286 10
484 295 10
484 296 10
484 297 10
484 301 10
484 309 10
484 311 10
484 312 10
484 316 10
484 320 10
484 321 10
484 322 10
484 323 10
484 324 10
484 325 10
484 327 10
484 328 10
484 333 10
484 334 10
484 335 10
484 338 10
484 339 10
484 340 10
484 342 10
484 343 10
484 347 10
484 352 10
484 356 10
484 358 10
484 359 10
484 360 10
484 365 10
484 366 10
484 368 10
484 374 10
484 377 10
484 378 10
484 379 10
484 380 10
484 381 10
484 383 10
484 385 10
484 386 10
484 388 10
484 398 10
484 403 10
484 411 10
484 413 10
484 416 10
484 437 10
484 439 10
484 440 10
484 445 10
484 446 10
484 449 10
484 451 10
484 452 10
484 453 10
484 454 10
484 473 10
484 511 10
484 517 10
484 518 10
484 519 10
484 522 10
484 530 10
484 531 10
484 532 10
484 545 10
484 552 10
484 556 10
484 560 10
484 561 10
484 562 10
484 563 10
484 566 10
484 567 10
484 569 10
484 571 10
484 572 10
484 579 10
484 584 10
484 608 10
484 609 10
484 611 10
484 612 10
484 619 10
484 621 10
484 624 10
484 625 10
484 627 10
484 629 10
484 631 10
484 642 10
484 643 10
484 644 10
484 647 10
484 653 10
484 654 10
484 657 10
484 660 10
484 663 10
484 664 10
484 667 10
484 671 10
484 676 10
484 678 10
484 681 10
484 683 10
484 688 10
484 693 10
484 694 10
484 698 10
484 703 10
484 704 10
484 706 10
484 708 10
484 710 10
484 713 10
484 715 10
484 720 10
484 729 10
484 730 10
484 734 10
484 736 10
484 737 10
484 739 10
484 744 10
484 745 10
484 748 10
484 749 10
484 750 10
484 754 10
484 757 10
484 765 10
484 768 10
484 770 10
485 249 10
485 252 10
485 253 10
485 256 10
485 258 10
485 264 10
485 266 10
485 268 10
485 270 10
485 271 10
485 277 10
485 283 10
485 286 10
485 288 10
485 289 10
485 292 10
485 294 10
485 296 10
485 298 10
485 308 10
485 318 10
485 321 10
485 322 10
485 323 10
485 329 10
485 332 10
485 333 10
485 334 10
485 335 10
485 337 10
485 340 10
485 342 10
485 343 10
485 351 10
485 352 10
485 357 10
485 361 10
485 364 10
485 365 10
485 366 10
485 369 10
485 370 10
485 371 10
485 374 10
485 375 10
485 378 10
485 379 10
485 382 10
485 396 10
485 399 10
485 400 10
485 405 10
485 409 10
485 410 10
485 411 10
485 412 10
485 413 10
485 414 10
485 415 10
485 416 10
485 417 10
485 418 10
485 420 10
485 421 10
485 441 10
485 443 10
485 452 10
485 453 10
485 454 10
485 474 10
485 477 10
485 480 10
485 482 10
485 491 10
485 502 10
485 504 10
485 505 10
485 506 10
485 508 10
485 509 10
485 513 10
485 517 10
485 521 10
485 527 10
485 528 10
485 529 10
485 532 10
485 534 10
485 538 10
485 550 10
485 551 10
485 552 10
485 557 10
485 559 10
485 560 10
485 561 10
485 563 10
485 564 10
485 567 10
485 568 10
485 572 10
485 580 10
485 581 10
485 582 10
485 583 10
485 605 10
485 610 10
485 611 10
485 619 10
485 621 10
485 624 10
485 625 10
485 629 10
485 634 10
485 635 10
485 636 10
485 637 10
485 638 10
485 640 10
485 641 10
485 642 10
485 644 10
485 645 10
485 649 10
485 653 10
485 655 10
485 661 10
485 664 10
485 667 10
485 671 10
485 675 10
485 678 10
485 679 10
485 682 10
485 684 10
485 686 10
485 687 10
485 688 10
485 690 10
485 696 10
485 697 10
485 702 10
485 704 10
485 705 10
485 707 10
485 710 10
485 711 10
485 730 10
485 733 10
485 734 10
485 735 10
485 739 10
485 745 10
485 747 10
485 754 10
485 757 10
485 758 10
485 759 10
485 760 10
485 765 10
485 767 10
486 211 10
486 213 10
486 214 10
486 215 10
486 217 10
486 243 10
486 246 10
486 247 10
486 250 10
486 251 10
486 252 10
486 253 10
486 254 10
486 255 10
486 256 10
486 257 10
486 258 10
486 259 10
486 261 10
486 262 10
486 263 10
486 266 10
486 268 10
486 274 10
486 275 10
486 283 10
486 286 10
486 289 10
486 294 10
486 296 10
486 297 10
486 298 10
486 300 10
486 315 10
486 321 10
486 323 10
486 324 10
486 329 10
486 332 10
486 334 10
486 338 10
486 340 10
486 342 10
486 343 10
486 347 10
486 348 10
486 349 10
486 350 10
486 353 10
486 355 10
486 359 10
486 361 10
486 366 10
486 373 10
486 375 10
486 377 10
486 378 10
486 380 10
486 384 10
486 387 10
486 390 10
486 400 10
486 403 10
486 404 10
486 408 10
486 409 10
486 410 10
486 413 10
486 416 10
486 417 10
486 421 10
486 423 10
486 425 10
486 427 10
486 429 10
486 431 10
486 439 10
486 445 10
486 447 10
486 450 10
486 451 10
486 452 10
486 453 10
486 454 10
486 455 10
486 456 10
486 468 10
486 469 10
486 473 10
486 474 10
486 476 10
486 478 10
486 483 10
486 484 10
486 486 10
486 488 10
486 489 10
486 490 10
486 502 10
486 503 10
486 504 10
486 505 10
486 507 10
486 509 10
486 511 10
486 512 10
486 515 10
486 517 10
486 525 10
486 527 10
486 528 10
486 529 10
486 530 10
486 531 10
486 533 10
486 537 10
486 538 10
486 542 10
486 544 10
486 546 10
486 549 10
486 557 10
486 558 10
486 560 10
486 561 10
486 562 10
486 563 10
486 566 10
486 569 10
486 570 10
486 571 10
486 572 10
486 576 10
486 578 10
486 579 10
486 582 10
486 585 10
486 607 10
486 609 10
486 610 10
486 611 10
486 612 10
486 620 10
486 621 10
486 622 10
486 625 10
486 626 10
486 627 10
486 628 10
486 629 10
486 630 10
486 632 10
486 635 10
486 636 10
486 642 10
486 644 10
486 645 10
486 646 10
486 647 10
486 652 10
486 653 10
486 657 10
486 658 10
486 660 10
486 662 10
486 663 10
486 670 10
486 671 10
486 673 10
486 677 10
486 679 10
486 681 10
486 682 10
486 683 10
486 685 10
486 687 10
486 688 10
486 689 10
486 690 10
486 691 10
486 695 10
486 700 10
486 702 10
486 704 10
486 706 10
486 707 10
486 710 10
486 711 10
486 725 10
486 728 10
486 731 10
486 732 10
486 735 10
486 736 10
486 737 10
486 741 10
486 743 10
486 744 10
486 745 10
486 746 10
486 749 10
486 753 10
486 755 10
486 756 10
486 757 10
486 759 10
486 763 10
486 765 10
486 766 10
486 770 10
487 242 10
487 243 10
487 247 10
487 248 10
487 250 10
487 251 10
487 256 10
487 259 10
487 262 10
487 264 10
487 268 10
487 275 10
487 276 10
487 277 10
487 288 10
487 289 10
487 292 10
487 293 10
487 297 10
487 299 10
487 307 10
487 313 10
487 316 10
487 317 10
487 320 10
487 321 10
487 325 10
487 326 10
487 328 10
487 331 10
487 332 10
487 333 10
487 335 10
487 336 10
487 338 10
487 339 10
487 340 10
487 341 10
487 343 10
487 344 10
487 347 10
487 349 10
487 353 10
487 354 10
487 356 10
487 357 10
487 359 10
487 363 10
487 374 10
487 377 10
487 379 10
487 380 10
487 381 10
487 384 10
487 385 10
487 400 10
487 401 10
487 403 10
487 406 10
487 408 10
487 410 10
487 413 10
487 416 10
487 419 10
487 420 10
487 427 10
487 429 10
487 433 10
487 436 10
487 443 10
487 444 10
487 449 10
487 450 10
487 452 10
487 454 10
487 455 10
487 461 10
487 463 10
487 471 10
487 472 10
487 474 10
487 478 10
487 479 10
487 484 10
487 485 10
487 488 10
487 490 10
487 492 10
487 503 10
487 506 10
487 511 10
487 512 10
487 513 10
487 514 10
487 515 10
487 518 10
487 519 10
487 521 10
487 524 10
487 525 10
487 526 10
487 527 10
487 529 10
487 530 10
487 532 10
487 534 10
487 536 10
487 538 10
487 544 10
487 546 10
487 547 10
487 548 10
487 557 10
487 558 10
487 559 10
487 561 10
487 564 10
487 566 10
487 567 10
487 568 10
487 571 10
487 573 10
487 577 10
487 578 10
487 579 10
487 580 10
487 582 10
487 585 10
487 586 10
487 587 10
487 613 10
487 618 10
487 620 10
487 622 10
487 625 10
487 627 10
487 628 10
487 629 10
487 635 10
487 636 10
487 638 10
487 640 10
487 642 10
487 644 10
487 646 10
487 647 10
487 649 10
487 651 10
487 652 10
487 654 10
487 656 10
487 658 10
487 659 10
487 660 10
487 668 10
487 669 10
487 671 10
487 672 10
487 673 10
487 674 10
487 676 10
487 677 10
487 678 10
487 679 10
487 681 10
487 684 10
487 685 10
487 687 10
487 691 10
487 692 10
487 693 10
487 700 10
487 707 10
487 709 10
487 711 10
487 712 10
487 713 10
487 715 10
487 716 10
487 727 10
487 730 10
487 733 10
487 741 10
487 742 10
487 745 10
487 748 10
487 753 10
487 754 10
487 756 10
487 757 10
487 762 10
487 763 10
487 765 10
487 767 10
487 768 10
487 770 10
487 772 10
488 210 10
488 242 10
488 246 10
488 247 10
488 251 10
488 252 10
488 254 10
488 258 10
488 262 10
488 269 10
488 271 10
488 278 10
488 279 10
488 282 10
488 284 10
488 287 10
488 291 10
488 295 10
488 296 10
488 297 10
488 298 10
488 301 10
488 302 10
488 303 10
488 310 10
488 312 10
488 315 10
488 320 10
488 321 10
488 322 10
488 325 10
488 328 10
488 331 10
488 336 10
488 337 10
488 338 10
488 339 10
488 340 10
488 341 10
488 343 10
488 346 10
488 350 10
488 351 10
488 352 10
488 353 10
488 357 10
488 359 10
488 362 10
488 366 10
488 374 10
488 376 10
488 377 10
488 379 10
488 380 10
488 387 10
488 400 10
488 405 10
488 406 10
488 408 10
488 410 10
488 411 10
488 414 10
488 418 10
488 420 10
488 422 10
488 425 10
488 426 10
488 427 10
488 430 10
488 431 10
488 434 10
488 442 10
488 444 10
488 448 10
488 450 10
488 451 10
488 452 10
488 453 10
488 454 10
488 455 10
488 456 10
488 467 10
488 471 10
488 472 10
488 474 10
488 475 10
488 477 10
488 480 10
488 481 10
488 482 10
488 483 10
488 485 10
488 488 10
488 503 10
488 504 10
488 511 10
488 513 10
488 514 10
488 515 10
488 518 10
488 519 10
488 520 10
488 523 10
488 524 10
488 525 10
488 528 10
488 529 10
488 535 10
488 538 10
488 539 10
488 540 10
488 542 10
488 543 10
488 544 10
488 545 10
488 546 10
488 551 10
488 555 10
488 558 10
488 559 10
488 560 10
488 561 10
488 563 10
488 564 10
488 565 10
488 566 10
488 568 10
488 569 10
488 570 10
488 571 10
488 577 10
488 580 10
488 582 10
488 583 10
488 584 10
488 585 10
488 594 10
488 595 10
488 606 10
488 607 10
488 609 10
488 610 10
488 611 10
488 612 10
488 617 10
488 621 10
488 624 10
488 626 10
488 628 10
488 629 10
488 630 10
488 631 10
488 643 10
488 644 10
488 645 10
488 646 10
488 649 10
488 650 10
488 651 10
488 652 10
488 653 10
488 654 10
488 655 10
488 656 10
488 657 10
488 658 10
488 659 10
488 660 10
488 661 10
488 663 10
488 670 10
488 674 10
488 676 10
488 677 10
488 678 10
488 679 10
488 681 10
488 682 10
488 685 10
488 690 10
488 695 10
488 702 10
488 703 10
488 707 10
488 712 10
488 713 10
488 730 10
488 732 10
488 740 10
488 746 10
488 748 10
488 753 10
488 757 10
488 759 10
488 762 10
488 765 10
488 766 10
488 767 10
488 772 10
488 774 10
489 210 10
489 242 10
489 247 10
489 250 10
489 251 10
489 255 10
489 256 10
489 259 10
489 261 10
489 263 10
489 269 10
489 273 10
489 274 10
489 282 10
489 283 10
489 284 10
489 288 10
489 290 10
489 293 10
489 297 10
489 298 10
489 301 10
489 306 10
489 312 10
489 314 10
489 319 10
489 323 10
489 326 10
489 328 10
489 329 10
489 336 10
489 337 10
489 338 10
489 340 10
489 342 10
489 343 10
489 344 10
489 345 10
489 350 10
489 351 10
489 352 10
489 355 10
489 357 10
489 359 10
489 362 10
489 364 10
489 365 10
489 367 10
489 371 10
489 373 10
489 375 10
489 376 10
489 378 10
489 379 10
489 385 10
489 393 10
489 398 10
489 401 10
489 402 10
489 403 10
489 407 10
489 408 10
489 409 10
489 410 10
489 411 10
489 412 10
489 415 10
489 417 10
489 418 10
489 420 10
489 423 10
489 430 10
489 439 10
489 444 10
489 447 10
489 450 10
489 451 10
489 452 10
489 454 10
489 461 10
489 468 10
489 469 10
489 474 10
489 482 10
489 484 10
489 485 10
489 488 10
489 489 10
489 490 10
489 491 10
489 492 10
489 493 10
489 494 10
489 495 10
489 497 10
489 498 10
489 503 10
489 512 10
489 515 10
489 517 10
489 518 10
489 520 10
489 521 10
489 522 10
489 524 10
489 526 10
489 527 10
489 528 10
489 530 10
489 532 10
489 533 10
489 534 10
489 539 10
489 545 10
489 547 10
489 549 10
489 554 10
489 555 10
489 560 10
489 562 10
489 564 10
489 566 10
489 567 10
489 568 10
489 569 10
489 571 10
489 573 10
489 580 10
489 583 10
489 588 10
489 590 10
489 593 10
489 595 10
489 596 10
489 606 10
489 611 10
489 615 10
489 619 10
489 620 10
489 621 10
489 622 10
489 623 10
489 625 10
489 626 10
489 630 10
489 631 10
489 632 10
489 638 10
489 639 10
489 640 10
489 642 10
489 645 10
489 648 10
489 650 10
489 651 10
489 655 10
489 656 10
489 659 10
489 660 10
489 661 10
489 665 10
489 674 10
489 675 10
489 676 10
489 682 10
489 690 10
489 693 10
489 694 10
489 704 10
489 706 10
489 710 10
489 712 10
489 715 10
489 728 10
489 730 10
489 734 10
489 742 10
489 748 10
489 754 10
489 757 10
489 758 10
489 759 10
489 763 10
489 765 10
489 767 10
489 770 10
489 771 10
489 772 10
489 773 10
489 774 10
489 775 10
489 776 10
490 244 10
490 249 10
490 252 10
490 253 10
490 258 10
490 259 10
490 261 10
490 269 10
490 271 10
490 280 10
490 282 10
490 283 10
490 284 10
490 290 10
490 292 10
490 293 10
490 295 10
490 297 10
490 298 10
490 299 10
490 307 10
490 309 10
490 310 10
490 312 10
490 316 10
490 317 10
490 318 10
490 323 10
490 324 10
490 326 10
490 332 10
490 334 10
490 335 10
490 338 10
490 340 10
490 341 10
490 344 10
490 346 10
490 348 10
490 353 10
490 354 10
490 356 10
490 358 10
490 359 10
490 362 10
490 365 10
490 367 10
490 370 10
490 371 10
490 373 10
490 376 10
490 379 10
490 397 10
490 398 10
490 399 10
490 400 10
490 401 10
490 403 10
490 404 10
490 405 10
490 406 10
490 407 10
490 408 10
490 410 10
490 415 10
490 418 10
490 419 10
490 425 10
490 426 10
490 428 10
490 429 10
490 437 10
490 438 10
490 441 10
490 445 10
490 446 10
490 449 10
490 452 10
490 454 10
490 455 10
490 456 10
490 457 10
490 458 10
490 466 10
490 469 10
490 470 10
490 471 10
490 473 10
490 475 10
490 485 10
490 486 10
490 487 10
490 488 10
490 489 10
490 490 10
490 491 10
490 492 10
490 494 10
490 498 10
490 499 10
490 502 10
490 504 10
490 505 10
490 511 10
490 512 10
490 513 10
490 514 10
490 519 10
490 522 10
490 523 10
490 524 10
490 526 10
490 529 10
490 531 10
490 532 10
490 534 10
490 539 10
490 540 10
490 541 10
490 544 10
490 552 10
490 559 10
490 562 10
490 563 10
490 567 10
490 568 10
490 569 10
490 575 10
490 576 10
490 582 10
490 583 10
490 585 10
490 586 10
490 587 10
490 591 10
490 593 10
490 596 10
490 607 10
490 608 10
490 610 10
490 618 10
490 619 10
490 620 10
490 622 10
490 623 10
490 625 10
490 626 10
490 627 10
490 628 10
490 632 10
490 633 10
490 640 10
490 641 10
490 642 10
490 646 10
490 648 10
490 650 10
490 652 10
490 654 10
490 655 10
490 656 10
490 657 10
490 658 10
490 677 10
490 678 10
490 692 10
490 694 10
490 695 10
490 696 10
490 704 10
490 705 10
490 706 10
490 707 10
490 712 10
490 728 10
490 730 10
490 735 10
490 736 10
490 742 10
490 744 10
490 746 10
490 747 10
490 754 10
490 755 10
490 758 10
490 761 10
490 766 10
490 769 10
490 771 10
490 772 10
490 773 10
490 774 10
490 775 10
490 777 10
490 782 10
491 242 10
491 244 10
491 254 10
491 256 10
491 262 10
491 266 10
491 267 10
491 270 10
491 271 10
491 272 10
491 274 10
491 279 10
491 285 10
491 290 10
491 293 10
491 300 10
491 304 10
491 311 10
491 313 10
491 315 10
491 316 10
491 319 10
491 320 10
491 322 10
491 323 10
491 325 10
491 326 10
491 328 10
491 333 10
491 334 10
491 335 10
491 336 10
491 338 10
491 339 10
491 344 10
491 347 10
491 349 10
491 354 10
491 356 10
491 357 10
491 364 10
491 370 10
491 371 10
491 373 10
491 374 10
491 375 10
491 395 10
491 396 10
491 404 10
491 405 10
491 406 10
491 407 10
491 408 10
491 409 10
491 411 10
491 412 10
491 413 10
491 415 10
491 420 10
491 423 10
491 424 10
491 426 10
491 431 10
491 435 10
491 444 10
491 448 10
491 451 10
491 452 10
491 454 10
491 456 10
491 459 10
491 460 10
491 462 10
491 467 10
491 469 10
491 473 10
491 474 10
491 476 10
491 477 10
491 479 10
491 482 10
491 485 10
491 486 10
491 487 10
491 489 10
491 492 10
491 493 10
491 497 10
491 498 10
491 504 10
491 506 10
491 511 10
491 512 10
491 513 10
491 514 10
491 517 10
491 519 10
491 520 10
491 523 10
491 524 10
491 525 10
491 526 10
491 527 10
491 530 10
491 531 10
491 538 10
491 539 10
491 541 10
491 546 10
491 548 10
491 550 10
491 554 10
491 556 10
491 558 10
491 561 10
491 563 10
491 564 10
491 565 10
491 566 10
491 567 10
491 568 10
491 569 10
491 573 10
491 579 10
491 580 10
491 582 10
491 588 10
491 590 10
491 591 10
491 594 10
491 597 10
491 606 10
491 609 10
491 613 10
491 615 10
491 616 10
491 617 10
491 622 10
491 624 10
491 627 10
491 628 10
491 634 10
491 640 10
491 653 10
491 654 10
491 656 10
491 657 10
491 659 10
491 661 10
491 665 10
491 675 10
491 676 10
491 684 10
491 685 10
491 689 10
491 692 10
491 702 10
491 703 10
491 704 10
491 705 10
491 706 10
491 707 10
491 712 10
491 713 10
491 714 10
491 721 10
491 723 10
491 724 10
491 726 10
491 727 10
491 730 10
491 734 10
491 740 10
491 742 10
491 743 10
491 744 10
491 745 10
491 752 10
491 754 10
491 755 10
491 756 10
491 757 10
491 758 10
491 759 10
491 761 10
491 762 10
491 763 10
491 764 10
491 766 10
491 769 10
491 770 10
491 771 10
491 772 10
491 778 10
491 782 10
491 783 10
491 786 10
492 244 10
492 246 10
492 260 10
492 261 10
492 265 10
492 266 10
492 269 10
492 273 10
492 287 10
492 293 10
492 297 10
492 300 10
492 304 10
492 305 10
492 306 10
492 308 10
492 309 10
492 311 10
492 315 10
492 321 10
492 332 10
492 333 10
492 336 10
492 337 10
492 341 10
492 342 10
492 344 10
492 346 10
492 347 10
492 348 10
492 350 10
492 352 10
492 354 10
492 355 10
492 356 10
492 357 10
492 358 10
492 359 10
492 363 10
492 364 10
492 370 10
492 373 10
492 374 10
492 377 10
492 400 10
492 401 10
492 405 10
492 406 10
492 408 10
492 411 10
492 413 10
492 417 10
492 418 10
492 419 10
492 420 10
492 422 10
492 426 10
492 427 10
492 428 10
492 437 10
492 444 10
492 447 10
492 452 10
492 453 10
492 454 10
492 455 10
492 456 10
492 459 10
492 460 10
492 466 10
492 469 10
492 471 10
492 472 10
492 473 10
492 474 10
492 475 10
492 476 10
492 481 10
492 482 10
492 487 10
492 489 10
492 490 10
492 491 10
492 497 10
492 499 10
492 500 10
492 501 10
492 502 10
492 505 10
492 507 10
492 514 10
492 515 10
492 517 10
492 522 10
492 524 10
492 525 10
492 526 10
492 527 10
492 529 10
492 533 10
492 539 10
492 541 10
492 542 10
492 545 10
492 547 10
492 548 10
492 550 10
492 551 10
492 552 10
492 554 10
492 557 10
492 559 10
492 560 10
492 561 10
492 562 10
492 564 10
492 565 10
492 567 10
492 568 10
492 570 10
492 572 10
492 573 10
492 580 10
492 582 10
492 584 10
492 589 10
492 590 10
492 592 10
492 595 10
492 597 10
492 607 10
492 614 10
492 617 10
492 618 10
492 619 10
492 620 10
492 621 10
492 623 10
492 625 10
492 626 10
492 627 10
492 631 10
492 635 10
492 649 10
492 655 10
492 657 10
492 658 10
492 659 10
492 660 10
492 676 10
492 682 10
492 683 10
492 685 10
492 686 10
492 688 10
492 692 10
492 693 10
492 702 10
492 705 10
492 706 10
492 707 10
492 708 10
492 709 10
492 710 10
492 711 10
492 725 10
492 726 10
492 727 10
492 728 10
492 729 10
492 730 10
492 735 10
492 737 10
492 742 10
492 745 10
492 756 10
492 758 10
492 759 10
492 763 10
492 767 10
492 768 10
492 771 10
492 772 10
492 773 10
492 774 10
492 775 10
492 777 10
492 784 10
492 787 10
493 262 10
493 265 10
493 278 10
493 288 10
493 289 10
493 291 10
493 292 10
493 294 10
493 296 10
493 298 10
493 299 10
493 302 10
493 303 10
493 308 10
493 318 10
493 319 10
493 320 10
493 324 10
493 332 10
493 334 10
493 336 10
493 337 10
493 339 10
493 340 10
493 341 10
493 344 10
493 352 10
493 354 10
493 355 10
493 357 10
493 360 10
493 361 10
493 368 10
493 376 10
493 387 10
493 397 10
493 398 10
493 399 10
493 400 10
493 401 10
493 402 10
493 406 10
493 412 10
493 414 10
493 416 10
493 424 10
493 427 10
493 428 10
493 429 10
493 430 10
493 433 10
493 434 10
493 435 10
493 438 10
493 439 10
493 440 10
493 449 10
493 451 10
493 453 10
493 455 10
493 458 10
493 461 10
493 464 10
493 469 10
493 470 10
493 471 10
493 472 10
493 474 10
493 479 10
493 481 10
493 486 10
493 489 10
493 490 10
493 491 10
493 493 10
493 496 10
493 498 10
493 500 10
493 504 10
493 506 10
493 508 10
493 511 10
493 515 10
493 517 10
493 518 10
493 520 10
493 521 10
493 523 10
493 524 10
493 525 10
493 526 10
493 528 10
493 530 10
493 532 10
493 533 10
493 534 10
493 537 10
493 540 10
493 541 10
493 542 10
493 546 10
493 547 10
493 551 10
493 552 10
493 553 10
493 554 10
493 555 10
493 556 10
493 558 10
493 559 10
493 564 10
493 565 10
493 566 10
493 567 10
493 568 10
493 570 10
493 581 10
493 585 10
493 587 10
493 588 10
493 591 10
493 594 10
493 596 10
493 599 10
493 615 10
493 617 10
493 618 10
493 619 10
493 622 10
493 623 10
493 624 10
493 625 10
493 626 10
493 629 10
493 634 10
493 635 10
493 636 10
493 639 10
493 640 10
493 642 10
493 643 10
493 644 10
493 645 10
493 652 10
493 653 10
493 655 10
493 657 10
493 658 10
493 676 10
493 686 10
493 687 10
493 689 10
493 691 10
493 692 10
493 698 10
493 701 10
493 702 10
493 703 10
493 704 10
493 706 10
493 707 10
493 708 10
493 710 10
493 713 10
493 721 10
493 728 10
493 730 10
493 731 10
493 733 10
493 737 10
493 739 10
493 740 10
493 741 10
493 755 10
493 756 10
493 757 10
493 758 10
493 759 10
493 762 10
493 763 10
493 766 10
493 768 10
493 769 10
493 770 10
493 771 10
493 772 10
493 773 10
493 774 10
493 775 10
493 777 10
493 778 10
493 779 10
493 782 10
493 785 10
493 787 10
494 258 10
494 260 10
494 263 10
494 265 10
494 266 10
494 267 10
494 268 10
494 274 10
494 285 10
494 286 10
494 295 10
494 301 10
494 302 10
494 303 10
494 304 10
494 308 10
494 309 10
494 311 10
494 313 10
494 327 10
494 328 10
494 330 10
494 337 10
494 338 10
494 345 10
494 346 10
494 349 10
494 350 10
494 351 10
494 353 10
494 354 10
494 357 10
494 358 10
494 359 10
494 363 10
494 365 10
494 368 10
494 371 10
494 372 10
494 373 10
494 375 10
494 379 10
494 387 10
494 389 10
494 390 10
494 396 10
494 397 10
494 399 10
494 401 10
494 402 10
494 414 10
494 415 10
494 416 10
494 418 10
494 422 10
494 428 10
494 429 10
494 430 10
494 431 10
494 432 10
494 434 10
494 439 10
494 442 10
494 450 10
494 454 10
494 457 10
494 458 10
494 460 10
494 461 10
494 462 10
494 464 10
494 467 10
494 470 10
494 471 10
494 479 10
494 487 10
494 488 10
494 490 10
494 491 10
494 492 10
494 495 10
494 498 10
494 499 10
494 500 10
494 502 10
494 503 10
494 506 10
494 507 10
494 508 10
494 512 10
494 513 10
494 514 10
494 515 10
494 516 10
494 518 10
494 519 10
494 520 10
494 521 10
494 522 10
494 523 10
494 524 10
494 525 10
494 526 10
494 527 10
494 528 10
494 530 10
494 532 10
494 542 10
494 543 10
494 545 10
494 546 10
494 547 10
494 548 10
494 549 10
494 556 10
494 561 10
494 562 10
494 563 10
494 564 10
494 567 10
494 569 10
494 572 10
494 575 10
494 576 10
494 583 10
494 584 10
494 591 10
494 592 10
494 594 10
494 596 10
494 597 10
494 599 10
494 606 10
494 617 10
494 618 10
494 620 10
494 624 10
494 626 10
494 627 10
494 633 10
494 636 10
494 638 10
494 640 10
494 641 10
494 645 10
494 655 10
494 658 10
494 683 10
494 684 10
494 685 10
494 687 10
494 688 10
494 689 10
494 690 10
494 693 10
494 698 10
494 700 10
494 702 10
494 705 10
494 706 10
494 708 10
494 711 10
494 727 10
494 729 10
494 731 10
494 735 10
494 736 10
494 739 10
494 742 10
494 745 10
494 748 10
494 754 10
494 755 10
494 761 10
494 763 10
494 764 10
494 765 10
494 767 10
494 768 10
494 769 10
494 772 10
494 774 10
494 775 10
494 776 10
494 777 10
494 778 10
494 779 10
494 780 10
494 781 10
494 782 10
494 783 10
494 784 10
494 787 10
494 789 10
495 261 10
495 270 10
495 273 10
495 293 10
495 299 10
495 300 10
495 301 10
495 304 10
495 318 10
495 320 10
495 322 10
495 333 10
495 334 10
495 335 10
495 336 10
495 338 10
495 340 10
495 342 10
495 351 10
495 353 10
495 357 10
495 358 10
495 359 10
495 360 10
495 361 10
495 362 10
495 366 10
495 370 10
495 373 10
495 374 10
495 396 10
495 398 10
495 399 10
495 400 10
495 401 10
495 402 10
495 413 10
495 420 10
495 421 10
495 424 10
495 427 10
495 428 10
495 434 10
495 439 10
495 440 10
495 442 10
495 443 10
495 450 10
495 451 10
495 453 10
495 454 10
495 455 10
495 462 10
495 463 10
495 464 10
495 468 10
495 470 10
495 472 10
495 477 10
495 481 10
495 486 10
495 488 10
495 489 10
495 490 10
495 491 10
495 494 10
495 495 10
495 496 10
495 498 10
495 501 10
495 503 10
495 504 10
495 505 10
495 506 10
495 507 10
495 508 10
495 510 10
495 512 10
495 514 10
495 516 10
495 517 10
495 519 10
495 520 10
495 521 10
495 522 10
495 523 10
495 524 10
495 525 10
495 526 10
495 528 10
495 530 10
495 532 10
495 539 10
495 541 10
495 545 10
495 547 10
495 548 10
495 553 10
495 556 10
495 559 10
495 565 10
495 566 10
495 572 10
495 573 10
495 576 10
495 578 10
495 586 10
495 589 10
495 590 10
495 596 10
495 599 10
495 605 10
495 606 10
495 609 10
495 613 10
495 614 10
495 615 10
495 616 10
495 618 10
495 619 10
495 622 10
495 623 10
495 624 10
495 626 10
495 631 10
495 633 10
495 634 10
495 636 10
495 637 10
495 638 10
495 639 10
495 640 10
495 641 10
495 642 10
495 643 10
495 644 10
495 645 10
495 646 10
495 647 10
495 651 10
495 652 10
495 656 10
495 676 10
495 682 10
495 683 10
495 684 10
495 685 10
495 688 10
495 689 10
495 692 10
495 695 10
495 696 10
495 697 10
495 698 10
495 702 10
495 705 10
495 706 10
495 707 10
495 711 10
495 713 10
495 719 10
495 721 10
495 723 10
495 724 10
495 726 10
495 727 10
495 728 10
495 729 10
495 731 10
495 735 10
495 738 10
495 742 10
495 743 10
495 745 10
495 746 10
495 747 10
495 748 10
495 749 10
495 752 10
495 756 10
495 761 10
495 763 10
495 764 10
495 765 10
495 766 10
495 769 10
495 771 10
495 773 10
495 775 10
495 776 10
495 777 10
495 778 10
495 783 10
495 784 10
495 785 10
495 786 10
496 276 10
496 281 10
496 283 10
496 284 10
496 301 10
496 316 10
496 317 10
496 318 10
496 320 10
496 321 10
496 323 10
496 324 10
496 328 10
496 333 10
496 335 10
496 336 10
496 338 10
496 340 10
496 342 10
496 343 10
496 346 10
496 349 10
496 350 10
496 351 10
496 354 10
496 357 10
496 358 10
496 360 10
496 361 10
496 363 10
496 366 10
496 368 10
496 370 10
496 372 10
496 373 10
496 375 10
496 377 10
496 378 10
496 383 10
496 384 10
496 389 10
496 390 10
496 392 10
496 396 10
496 397 10
496 398 10
496 399 10
496 401 10
496 405 10
496 417 10
496 419 10
496 422 10
496 424 10
496 425 10
496 426 10
496 427 10
496 428 10
496 429 10
496 430 10
496 439 10
496 441 10
496 442 10
496 447 10
496 449 10
496 450 10
496 454 10
496 455 10
496 457 10
496 463 10
496 465 10
496 468 10
496 470 10
496 472 10
496 474 10
496 482 10
496 484 10
496 486 10
496 490 10
496 491 10
496 494 10
496 495 10
496 496 10
496 497 10
496 499 10
496 500 10
496 503 10
496 504 10
496 505 10
496 508 10
496 512 10
496 514 10
496 515 10
496 516 10
496 517 10
496 518 10
496 519 10
496 520 10
496 521 10
496 522 10
496 523 10
496 524 10
496 525 10
496 526 10
496 527 10
496 529 10
496 532 10
496 536 10
496 542 10
496 543 10
496 546 10
496 547 10
496 561 10
496 563 10
496 567 10
496 568 10
496 575 10
496 578 10
496 579 10
496 580 10
496 596 10
496 604 10
496 606 10
496 607 10
496 608 10
496 609 10
496 610 10
496 614 10
496 616 10
496 618 10
496 621 10
496 624 10
496 635 10
496 636 10
496 637 10
496 638 10
496 639 10
496 643 10
496 649 10
496 656 10
496 657 10
496 672 10
496 674 10
496 680 10
496 683 10
496 688 10
496 690 10
496 693 10
496 695 10
496 698 10
496 701 10
496 703 10
496 708 10
496 710 10
496 711 10
496 715 10
496 721 10
496 723 10
496 725 10
496 726 10
496 729 10
496 730 10
496 734 10
496 736 10
496 737 10
496 738 10
496 739 10
496 743 10
496 745 10
496 746 10
496 748 10
496 749 10
496 754 10
496 756 10
496 760 10
496 762 10
496 763 10
496 764 10
496 765 10
496 766 10
496 767 10
496 768 10
496 769 10
496 771 10
496 773 10
496 776 10
496 777 10
496 779 10
496 780 10
496 781 10
496 783 10
496 785 10
497 260 10
497 265 10
497 270 10
497 273 10
497 274 10
497 275 10
497 280 10
497 281 10
497 282 10
497 286 10
497 296 10
497 300 10
497 302 10
497 303 10
497 305 10
497 306 10
497 307 10
497 316 10
497 322 10
497 323 10
497 327 10
497 329 10
497 330 10
497 335 10
497 336 10
497 337 10
497 349 10
497 351 10
497 352 10
497 354 10
497 355 10
497 356 10
497 357 10
497 358 10
497 360 10
497 361 10
497 364 10
497 365 10
497 366 10
497 367 10
497 368 10
497 373 10
497 376 10
497 377 10
497 381 10
497 382 10
497 384 10
497 385 10
497 392 10
497 393 10
497 395 10
497 396 10
497 397 10
497 398 10
497 399 10
497 400 10
497 401 10
497 402 10
497 403 10
497 407 10
497 417 10
497 419 10
497 421 10
497 423 10
497 424 10
497 427 10
497 428 10
497 429 10
497 433 10
497 435 10
497 443 10
497 447 10
497 449 10
497 452 10
497 458 10
497 463 10
497 468 10
497 475 10
497 482 10
497 483 10
497 484 10
497 486 10
497 487 10
497 488 10
497 491 10
497 492 10
497 493 10
497 494 10
497 495 10
497 496 10
497 497 10
497 498 10
497 499 10
497 501 10
497 503 10
497 508 10
497 509 10
497 515 10
497 516 10
497 517 10
497 518 10
497 519 10
497 520 10
497 521 10
497 522 10
497 523 10
497 525 10
497 527 10
497 530 10
497 531 10
497 535 10
497 539 10
497 546 10
497 547 10
497 562 10
497 565 10
497 566 10
497 568 10
497 569 10
497 570 10
497 574 10
497 576 10
497 580 10
497 586 10
497 591 10
497 593 10
497 594 10
497 596 10
497 599 10
497 602 10
497 604 10
497 606 10
497 607 10
497 608 10
497 617 10
497 625 10
497 629 10
497 633 10
497 634 10
497 635 10
497 637 10
497 638 10
497 639 10
497 640 10
497 641 10
497 642 10
497 643 10
497 645 10
497 652 10
497 653 10
497 654 10
497 655 10
497 657 10
497 674 10
497 677 10
497 683 10
497 685 10
497 689 10
497 692 10
497 695 10
497 701 10
497 704 10
497 705 10
497 706 10
497 708 10
497 709 10
497 710 10
497 711 10
497 712 10
497 714 10
497 724 10
497 726 10
497 730 10
497 732 10
497 734 10
497 737 10
497 738 10
497 741 10
497 742 10
497 743 10
497 745 10
497 748 10
497 749 10
497 750 10
497 756 10
497 762 10
497 764 10
497 765 10
497 766 10
497 767 10
497 768 10
497 769 10
497 771 10
497 775 10
497 776 10
497 778 10
497 780 10
497 782 10
497 783 10
497 785 10
497 787 10
498 274 10
498 276 10
498 277 10
498 284 10
498 300 10
498 303 10
498 318 10
498 320 10
498 321 10
498 323 10
498 324 10
498 326 10
498 328 10
498 334 10
498 351 10
498 352 10
498 357 10
498 358 10
498 359 10
498 360 10
498 361 10
498 363 10
498 364 10
498 365 10
498 367 10
498 369 10
498 370 10
498 371 10
498 373 10
498 376 10
498 377 10
498 378 10
498 380 10
498 383 10
498 384 10
498 387 10
498 390 10
498 393 10
498 397 10
498 402 10
498 415 10
498 417 10
498 418 10
498 419 10
498 420 10
498 422 10
498 423 10
498 424 10
498 425 10
498 426 10
498 427 10
498 428 10
498 432 10
498 447 10
498 451 10
498 453 10
498 455 10
498 459 10
498 464 10
498 466 10
498 468 10
498 470 10
498 474 10
498 480 10
498 481 10
498 484 10
498 487 10
498 488 10
498 489 10
498 493 10
498 494 10
498 495 10
498 497 10
498 500 10
498 501 10
498 504 10
498 505 10
498 507 10
498 513 10
498 517 10
498 518 10
498 519 10
498 520 10
498 521 10
498 522 10
498 523 10
498 524 10
498 525 10
498 526 10
498 527 10
498 528 10
498 529 10
498 530 10
498 536 10
498 543 10
498 545 10
498 546 10
498 547 10
498 548 10
498 549 10
498 560 10
498 564 10
498 565 10
498 566 10
498 567 10
498 570 10
498 574 10
498 578 10
498 590 10
498 593 10
498 594 10
498 604 10
498 605 10
498 606 10
498 607 10
498 608 10
498 614 10
498 615 10
498 619 10
498 620 10
498 625 10
498 627 10
498 630 10
498 634 10
498 635 10
498 636 10
498 641 10
498 643 10
498 648 10
498 660 10
498 663 10
498 672 10
498 674 10
498 677 10
498 679 10
498 681 10
498 685 10
498 692 10
498 694 10
498 696 10
498 700 10
498 704 10
498 705 10
498 710 10
498 711 10
498 712 10
498 713 10
498 714 10
498 720 10
498 721 10
498 724 10
498 725 10
498 727 10
498 728 10
498 730 10
498 732 10
498 733 10
498 734 10
498 735 10
498 736 10
498 739 10
498 741 10
498 743 10
498 744 10
498 746 10
498 748 10
498 759 10
498 762 10
498 763 10
498 764 10
498 767 10
498 771 10
498 774 10
498 776 10
498 778 10
498 779 10
498 780 10
498 781 10
498 782 10
498 783 10
498 784 10
498 785 10
499 271 10
499 272 10
499 275 10
499 276 10
499 278 10
499 279 10
499 282 10
499 283 10
499 292 10
499 303 10
499 304 10
499 307 10
499 318 10
499 320 10
499 322 10
499 324 10
499 326 10
499 331 10
499 341 10
499 352 10
499 353 10
499 354 10
499 355 10
499 356 10
499 358 10
499 361 10
499 362 10
499 368 10
499 370 10
499 373 10
499 374 10
499 376 10
499 384 10
499 385 10
499 386 10
499 387 10
499 389 10
499 390 10
499 391 10
499 393 10
499 395 10
499 397 10
499 402 10
499 403 10
499 404 10
499 405 10
499 415 10
499 417 10
499 419 10
499 422 10
499 423 10
499 424 10
499 426 10
499 438 10
499 451 10
499 454 10
499 458 10
499 459 10
499 461 10
499 462 10
499 464 10
499 465 10
499 467 10
499 469 10
499 470 10
499 471 10
499 474 10
499 475 10
499 478 10
499 479 10
499 480 10
499 481 10
499 482 10
499 483 10
499 484 10
499 485 10
499 486 10
499 490 10
499 491 10
499 492 10
499 494 10
499 495 10
499 497 10
499 501 10
499 503 10
499 515 10
499 518 10
499 519 10
499 520 10
499 521 10
499 522 10
499 523 10
499 524 10
499 525 10
499 526 10
499 528 10
499 530 10
499 534 10
499 537 10
499 546 10
499 547 10
499 553 10
499 555 10
499 564 10
499 565 10
499 566 10
499 570 10
499 574 10
499 576 10
499 578 10
499 587 10
499 589 10
499 591 10
499 592 10
499 593 10
499 594 10
499 599 10
499 606 10
499 607 10
499 629 10
499 633 10
499 634 10
499 635 10
499 636 10
499 637 10
499 640 10
499 641 10
499 644 10
499 648 10
499 673 10
499 678 10
499 681 10
499 683 10
499 686 10
499 687 10
499 691 10
499 694 10
499 698 10
499 701 10
499 703 10
499 704 10
499 707 10
499 708 10
499 709 10
499 710 10
499 711 10
499 721 10
499 722 10
499 723 10
499 725 10
499 733 10
499 734 10
499 735 10
499 736 10
499 737 10
499 738 10
499 739 10
499 741 10
499 744 10
499 746 10
499 747 10
499 754 10
499 758 10
499 759 10
499 762 10
499 764 10
499 767 10
499 768 10
499 772 10
499 773 10
499 774 10
499 775 10
499 776 10
499 779 10
499 781 10
499 782 10
499 784 10
499 790 10
500 273 10
500 281 10
500 284 10
500 292 10
500 294 10
500 295 10
500 299 10
500 301 10
500 321 10
500 324 10
500 325 10
500 328 10
500 329 10
500 344 10
500 347 10
500 348 10
500 354 10
500 356 10
500 358 10
500 359 10
500 360 10
500 363 10
500 365 10
500 366 10
500 371 10
500 375 10
500 378 10
500 379 10
500 380 10
500 391 10
500 392 10
500 393 10
500 394 10
500 398 10
500 399 10
500 400 10
500 402 10
500 416 10
500 421 10
500 422 10
500 423 10
500 425 10
500 426 10
500 427 10
500 429 10
500 430 10
500 432 10
500 434 10
500 444 10
500 445 10
500 454 10
500 455 10
500 459 10
500 463 10
500 464 10
500 466 10
500 468 10
500 469 10
500 470 10
500 472 10
500 473 10
500 475 10
500 476 10
500 477 10
500 479 10
500 480 10
500 483 10
500 484 10
500 485 10
500 486 10
500 487 10
500 489 10
500 492 10
500 496 10
500 497 10
500 498 10
500 499 10
500 502 10
500 504 10
500 506 10
500 507 10
500 512 10
500 513 10
500 518 10
500 520 10
500 521 10
500 522 10
500 523 10
500 524 10
500 525 10
500 526 10
500 527 10
500 528 10
500 534 10
500 536 10
500 537 10
500 545 10
500 547 10
500 555 10
500 556 10
500 563 10
500 567 10
500 572 10
500 574 10
500 588 10
500 589 10
500 591 10
500 592 10
500 593 10
500 596 10
500 598 10
500 604 10
500 605 10
500 607 10
500 612 10
500 615 10
500 617 10
500 618 10
500 619 10
500 621 10
500 623 10
500 630 10
500 632 10
500 634 10
500 635 10
500 636 10
500 639 10
500 641 10
500 642 10
500 644 10
500 673 10
500 674 10
500 676 10
500 677 10
500 678 10
500 680 10
500 681 10
500 686 10
500 689 10
500 690 10
500 691 10
500 692 10
500 694 10
500 698 10
500 701 10
500 708 10
500 709 10
500 710 10
500 711 10
500 715 10
500 720 10
500 721 10
500 725 10
500 726 10
500 729 10
500 733 10
500 735 10
500 736 10
500 738 10
500 740 10
500 742 10
500 743 10
500 744 10
500 745 10
500 746 10
500 747 10
500 758 10
500 763 10
500 765 10
500 767 10
500 768 10
500 771 10
500 772 10
500 774 10
500 776 10
500 777 10
500 778 10
500 781 10
500 783 10
501 278 10
501 281 10
501 292 10
501 312 10
501 313 10
501 319 10
501 320 10
501 322 10
501 323 10
501 324 10
501 325 10
501 326 10
501 342 10
501 346 10
501 348 10
501 349 10
501 350 10
501 351 10
501 353 10
501 356 10
501 358 10
501 359 10
501 361 10
501 363 10
501 365 10
501 369 10
501 370 10
501 373 10
501 375 10
501 376 10
501 377 10
501 378 10
501 384 10
501 387 10
501 388 10
501 391 10
501 392 10
501 393 10
501 397 10
501 399 10
501 400 10
501 404 10
501 410 10
501 414 10
501 415 10
501 417 10
501 419 10
501 420 10
501 421 10
501 422 10
501 423 10
501 424 10
501 425 10
501 427 10
501 429 10
501 431 10
501 434 10
501 435 10
501 438 10
501 450 10
501 456 10
501 458 10
501 459 10
501 460 10
501 462 10
501 463 10
501 464 10
501 465 10
501 466 10
501 468 10
501 469 10
501 472 10
501 473 10
501 475 10
501 478 10
501 480 10
501 482 10
501 485 10
501 488 10
501 489 10
501 490 10
501 492 10
501 495 10
501 496 10
501 498 10
501 500 10
501 501 10
501 502 10
501 504 10
501 505 10
501 506 10
501 510 10
501 512 10
501 514 10
501 516 10
501 518 10
501 519 10
501 520 10
501 522 10
501 523 10
501 524 10
501 525 10
501 526 10
501 527 10
501 529 10
501 531 10
501 533 10
501 534 10
501 539 10
501 540 10
501 544 10
501 547 10
501 548 10
501 554 10
501 558 10
501 560 10
501 562 10
501 563 10
501 564 10
501 565 10
501 566 10
501 567 10
501 571 10
501 576 10
501 577 10
501 578 10
501 579 10
501 585 10
501 588 10
501 590 10
501 592 10
501 599 10
501 601 10
501 602 10
501 604 10
501 606 10
501 608 10
501 610 10
501 621 10
501 623 10
501 628 10
501 631 10
501 632 10
501 633 10
501 636 10
501 638 10
501 641 10
501 646 10
501 660 10
501 662 10
501 663 10
501 672 10
501 674 10
501 675 10
501 677 10
501 679 10
501 689 10
501 692 10
501 694 10
501 698 10
501 701 10
501 704 10
501 711 10
501 713 10
501 720 10
501 721 10
501 723 10
501 724 10
501 732 10
501 733 10
501 736 10
501 738 10
501 742 10
501 745 10
501 747 10
501 758 10
501 760 10
501 761 10
501 763 10
501 764 10
501 766 10
501 767 10
501 771 10
501 773 10
501 776 10
501 777 10
501 778 10
501 779 10
501 783 10
501 784 10
501 788 10
502 271 10
502 275 10
502 284 10
502 296 10
502 297 10
502 298 10
502 301 10
502 312 10
502 326 10
502 328 10
502 329 10
502 342 10
502 350 10
502 353 10
502 355 10
502 361 10
502 362 10
502 364 10
502 365 10
502 366 10
502 367 10
502 368 10
502 373 10
502 374 10
502 375 10
502 376 10
502 378 10
502 379 10
502 385 10
502 393 10
502 394 10
502 395 10
502 398 10
502 399 10
502 400 10
502 401 10
502 409 10
502 410 10
502 411 10
502 414 10
502 415 10
502 416 10
502 418 10
502 422 10
502 424 10
502 428 10
502 432 10
502 433 10
502 439 10
502 443 10
502 444 10
502 451 10
502 452 10
502 453 10
502 456 10
502 461 10
502 463 10
502 465 10
502 468 10
502 470 10
502 471 10
502 473 10
502 475 10
502 476 10
502 478 10
502 479 10
502 480 10
502 481 10
502 482 10
502 484 10
502 486 10
502 492 10
502 494 10
502 498 10
502 500 10
502 501 10
502 502 10
502 503 10
502 505 10
502 508 10
502 510 10
502 514 10
502 517 10
502 518 10
502 520 10
502 521 10
502 522 10
502 523 10
502 524 10
502 525 10
502 526 10
502 527 10
502 528 10
502 530 10
502 531 10
502 535 10
502 537 10
502 539 10
502 541 10
502 542 10
502 544 10
502 545 10
502 550 10
502 555 10
502 556 10
502 562 10
502 563 10
502 564 10
502 565 10
502 567 10
502 569 10
502 571 10
502 573 10
502 575 10
502 577 10
502 578 10
502 581 10
502 586 10
502 587 10
502 588 10
502 590 10
502 591 10
502 595 10
502 596 10
502 597 10
502 600 10
502 602 10
502 604 10
502 606 10
502 607 10
502 608 10
502 609 10
502 612 10
502 621 10
502 622 10
502 624 10
502 625 10
502 628 10
502 629 10
502 633 10
502 634 10
502 636 10
502 638 10
502 640 10
502 641 10
502 643 10
502 644 10
502 646 10
502 647 10
502 648 10
502 649 10
502 652 10
502 653 10
502 657 10
502 658 10
502 659 10
502 663 10
502 664 10
502 669 10
502 670 10
502 671 10
502 672 10
502 675 10
502 686 10
502 689 10
502 690 10
502 692 10
502 697 10
502 698 10
502 702 10
502 703 10
502 709 10
502 717 10
502 718 10
502 720 10
502 725 10
502 731 10
502 734 10
502 736 10
502 738 10
502 739 10
502 740 10
502 742 10
502 744 10
502 746 10
502 747 10
502 751 10
502 753 10
502 758 10
502 763 10
502 764 10
502 765 10
502 766 10
502 767 10
502 768 10
502 769 10
502 770 10
502 773 10
502 774 10
502 775 10
502 776 10
502 777 10
502 781 10
503 290 10
503 292 10
503 296 10
503 314 10
503 315 10
503 324 10
503 325 10
503 328 10
503 348 10
503 351 10
503 353 10
503 355 10
503 357 10
503 359 10
503 361 10
503 362 10
503 363 10
503 364 10
503 365 10
503 366 10
503 370 10
503 376 10
503 378 10
503 382 10
503 387 10
503 388 10
503 390 10
503 393 10
503 397 10
503 404 10
503 409 10
503 413 10
503 418 10
503 420 10
503 423 10
503 424 10
503 426 10
503 430 10
503 431 10
503 432 10
503 433 10
503 434 10
503 435 10
503 437 10
503 440 10
503 448 10
503 449 10
503 450 10
503 451 10
503 453 10
503 455 10
503 458 10
503 461 10
503 462 10
503 463 10
503 464 10
503 465 10
503 466 10
503 467 10
503 469 10
503 479 10
503 480 10
503 481 10
503 482 10
503 483 10
503 484 10
503 487 10
503 489 10
503 490 10
503 499 10
503 500 10
503 502 10
503 504 10
503 506 10
503 507 10
503 508 10
503 509 10
503 510 10
503 511 10
503 517 10
503 518 10
503 519 10
503 520 10
503 522 10
503 524 10
503 525 10
503 526 10
503 528 10
503 530 10
503 531 10
503 534 10
503 538 10
503 541 10
503 542 10
503 543 10
503 545 10
503 548 10
503 549 10
503 552 10
503 553 10
503 555 10
503 556 10
503 559 10
503 560 10
503 565 10
503 567 10
503 569 10
503 570 10
503 571 10
503 573 10
503 574 10
503 576 10
503 577 10
503 591 10
503 594 10
503 598 10
503 600 10
503 601 10
503 603 10
503 604 10
503 606 10
503 609 10
503 615 10
503 621 10
503 622 10
503 623 10
503 635 10
503 637 10
503 639 10
503 640 10
503 642 10
503 644 10
503 651 10
503 652 10
503 657 10
503 658 10
503 659 10
503 660 10
503 662 10
503 668 10
503 669 10
503 671 10
503 672 10
503 681 10
503 688 10
503 689 10
503 701 10
503 702 10
503 709 10
503 714 10
503 722 10
503 723 10
503 725 10
503 738 10
503 739 10
503 740 10
503 748 10
503 752 10
503 753 10
503 754 10
503 757 10
503 758 10
503 760 10
503 762 10
503 763 10
503 768 10
503 769 10
503 775 10
503 776 10
503 778 10
503 781 10
503 783 10
503 788 10
504 274 10
504 295 10
504 298 10
504 299 10
504 305 10
504 306 10
504 310 10
504 311 10
504 312 10
504 326 10
504 327 10
504 330 10
504 344 10
504 346 10
504 348 10
504 349 10
504 350 10
504 351 10
504 353 10
504 354 10
504 356 10
504 358 10
504 359 10
504 360 10
504 361 10
504 364 10
504 366 10
504 367 10
504 368 10
504 376 10
504 378 10
504 385 10
504 386 10
504 387 10
504 389 10
504 391 10
504 403 10
504 405 10
504 407 10
504 410 10
504 415 10
504 421 10
504 432 10
504 434 10
504 435 10
504 436 10
504 437 10
504 438 10
504 439 10
504 440 10
504 448 10
504 451 10
504 452 10
504 455 10
504 462 10
504 463 10
504 464 10
504 468 10
504 469 10
504 470 10
504 471 10
504 477 10
504 478 10
504 479 10
504 480 10
504 481 10
504 482 10
504 483 10
504 484 10
504 490 10
504 496 10
504 497 10
504 498 10
504 500 10
504 502 10
504 503 10
504 505 10
504 506 10
504 509 10
504 511 10
504 516 10
504 517 10
504 520 10
504 521 10
504 522 10
504 523 10
504 524 10
504 530 10
504 536 10
504 538 10
504 539 10
504 540 10
504 541 10
504 545 10
504 550 10
504 552 10
504 553 10
504 555 10
504 559 10
504 560 10
504 562 10
504 563 10
504 565 10
504 567 10
504 569 10
504 571 10
504 572 10
504 577 10
504 586 10
504 588 10
504 589 10
504 596 10
504 597 10
504 598 10
504 599 10
504 604 10
504 605 10
504 607 10
504 608 10
504 609 10
504 610 10
504 611 10
504 614 10
504 615 10
504 617 10
504 622 10
504 623 10
504 627 10
504 630 10
504 635 10
504 637 10
504 638 10
504 640 10
504 644 10
504 646 10
504 647 10
504 648 10
504 649 10
504 651 10
504 654 10
504 663 10
504 667 10
504 670 10
504 671 10
504 672 10
504 677 10
504 681 10
504 689 10
504 691 10
504 697 10
504 698 10
504 703 10
504 705 10
504 718 10
504 719 10
504 720 10
504 723 10
504 734 10
504 736 10
504 737 10
504 740 10
504 743 10
504 745 10
504 747 10
504 748 10
504 752 10
504 755 10
504 760 10
504 762 10
504 763 10
504 764 10
504 766 10
504 770 10
504 771 10
504 772 10
504 773 10
504 774 10
504 776 10
504 778 10
504 784 10
505 282 10
505 291 10
505 299 10
505 304 10
505 311 10
505 313 10
505 319 10
505 325 10
505 344 10
505 347 10
505 348 10
505 350 10
505 352 10
505 354 10
505 355 10
505 358 10
505 359 10
505 362 10
505 363 10
505 365 10
505 366 10
505 367 10
505 370 10
505 378 10
505 388 10
505 392 10
505 393 10
505 395 10
505 397 10
505 404 10
505 415 10
505 420 10
505 422 10
505 424 10
505 426 10
505 429 10
505 430 10
505 431 10
505 432 10
505 436 10
505 441 10
505 449 10
505 454 10
505 455 10
505 458 10
505 464 10
505 467 10
505 468 10
505 469 10
505 470 10
505 471 10
505 473 10
505 477 10
505 478 10
505 479 10
505 481 10
505 482 10
505 483 10
505 487 10
505 488 10
505 490 10
505 491 10
505 492 10
505 493 10
505 494 10
505 495 10
505 500 10
505 501 10
505 504 10
505 505 10
505 506 10
505 508 10
505 509 10
505 510 10
505 511 10
505 516 10
505 518 10
505 521 10
505 522 10
505 523 10
505 525 10
505 526 10
505 527 10
505 528 10
505 529 10
505 531 10
505 532 10
505 539 10
505 542 10
505 543 10
505 544 10
505 550 10
505 555 10
505 556 10
505 557 10
505 558 10
505 559 10
505 560 10
505 562 10
505 563 10
505 564 10
505 567 10
505 569 10
505 572 10
505 573 10
505 574 10
505 576 10
505 578 10
505 579 10
505 589 10
505 590 10
505 594 10
505 598 10
505 599 10
505 605 10
505 606 10
505 609 10
505 613 10
505 614 10
505 615 10
505 621 10
505 625 10
505 627 10
505 628 10
505 633 10
505 640 10
505 641 10
505 642 10
505 643 10
505 644 10
505 646 10
505 647 10
505 650 10
505 653 10
505 656 10
505 657 10
505 658 10
505 661 10
505 662 10
505 663 10
505 669 10
505 671 10
505 672 10
505 673 10
505 697 10
505 699 10
505 702 10
505 708 10
505 710 10
505 713 10
505 714 10
505 715 10
505 716 10
505 718 10
505 719 10
505 727 10
505 738 10
505 741 10
505 742 10
505 746 10
505 750 10
505 751 10
505 756 10
505 760 10
505 761 10
505 762 10
505 764 10
505 765 10
505 766 10
505 768 10
505 772 10
505 776 10
505 777 10
505 778 10
505 783 10
505 784 10
505 788 10
506 258 10
506 290 10
506 299 10
506 301 10
506 304 10
506 305 10
506 306 10
506 309 10
506 310 10
506 328 10
506 329 10
506 330 10
506 345 10
506 347 10
506 349 10
506 350 10
506 351 10
506 353 10
506 354 10
506 355 10
506 363 10
506 368 10
506 369 10
506 385 10
506 387 10
506 389 10
506 390 10
506 396 10
506 397 10
506 404 10
506 406 10
506 408 10
506 410 10
506 416 10
506 421 10
506 433 10
506 434 10
506 435 10
506 436 10
506 437 10
506 439 10
506 451 10
506 453 10
506 456 10
506 457 10
506 464 10
506 465 10
506 466 10
506 467 10
506 469 10
506 471 10
506 473 10
506 477 10
506 481 10
506 489 10
506 491 10
506 495 10
506 496 10
506 499 10
506 500 10
506 501 10
506 502 10
506 503 10
506 505 10
506 506 10
506 507 10
506 508 10
506 510 10
506 511 10
506 512 10
506 513 10
506 515 10
506 518 10
506 520 10
506 521 10
506 523 10
506 524 10
506 525 10
506 527 10
506 528 10
506 530 10
506 533 10
506 538 10
506 539 10
506 541 10
506 542 10
506 543 10
506 544 10
506 550 10
506 551 10
506 552 10
506 553 10
506 557 10
506 562 10
506 566 10
506 567 10
506 568 10
506 571 10
506 572 10
506 574 10
506 576 10
506 581 10
506 590 10
506 591 10
506 592 10
506 596 10
506 597 10
506 599 10
506 601 10
506 603 10
506 606 10
506 608 10
506 609 10
506 611 10
506 612 10
506 614 10
506 616 10
506 619 10
506 620 10
506 622 10
506 625 10
506 626 10
506 628 10
506 630 10
506 633 10
506 635 10
506 642 10
506 644 10
506 645 10
506 647 10
506 650 10
506 651 10
506 652 10
506 653 10
506 654 10
506 659 10
506 660 10
506 661 10
506 666 10
506 668 10
506 670 10
506 673 10
506 696 10
506 699 10
506 700 10
506 702 10
506 703 10
506 705 10
506 707 10
506 711 10
506 714 10
506 715 10
506 716 10
506 717 10
506 718 10
506 720 10
506 721 10
506 723 10
506 724 10
506 725 10
506 727 10
506 738 10
506 740 10
506 742 10
506 743 10
506 745 10
506 747 10
506 748 10
506 749 10
506 752 10
506 754 10
506 755 10
506 760 10
506 763 10
506 766 10
506 770 10
506 773 10
506 780 10
506 783 10
507 258 10
507 290 10
507 298 10
507 304 10
507 306 10
507 316 10
507 318 10
507 341 10
507 342 10
507 343 10
507 345 10
507 346 10
507 348 10
507 349 10
507 351 10
507 353 10
507 356 10
507 359 10
507 360 10
507 361 10
507 367 10
507 369 10
507 377 10
507 378 10
507 382 10
507 386 10
507 387 10
507 395 10
507 400 10
507 404 10
507 405 10
507 408 10
507 411 10
507 415 10
507 418 10
507 419 10
507 423 10
507 424 10
507 431 10
507 433 10
507 438 10
507 439 10
507 442 10
507 449 10
507 450 10
507 456 10
507 460 10
507 465 10
507 469 10
507 471 10
507 472 10
507 473 10
507 476 10
507 480 10
507 481 10
507 489 10
507 498 10
507 502 10
507 503 10
507 504 10
507 505 10
507 506 10
507 507 10
507 508 10
507 509 10
507 510 10
507 512 10
507 515 10
507 518 10
507 519 10
507 523 10
507 525 10
507 527 10
507 529 10
507 530 10
507 532 10
507 534 10
507 535 10
507 537 10
507 539 10
507 540 10
507 542 10
507 543 10
507 544 10
507 546 10
507 547 10
507 548 10
507 549 10
507 550 10
507 551 10
507 555 10
507 557 10
507 561 10
507 563 10
507 564 10
507 565 10
507 567 10
507 569 10
507 570 10
507 576 10
507 588 10
507 589 10
507 592 10
507 599 10
507 604 10
507 608 10
507 609 10
507 610 10
507 612 10
507 614 10
507 615 10
507 617 10
507 620 10
507 621 10
507 622 10
507 623 10
507 624 10
507 626 10
507 633 10
507 636 10
507 637 10
507 639 10
507 640 10
507 642 10
507 643 10
507 644 10
507 652 10
507 653 10
507 654 10
507 655 10
507 656 10
507 657 10
507 660 10
507 662 10
507 666 10
507 672 10
507 673 10
507 686 10
507 695 10
507 697 10
507 699 10
507 700 10
507 701 10
507 713 10
507 714 10
507 717 10
507 719 10
507 720 10
507 721 10
507 722 10
507 723 10
507 727 10
507 732 10
507 739 10
507 743 10
507 745 10
507 746 10
507 747 10
507 748 10
507 749 10
507 751 10
507 763 10
507 779 10
507 783 10
507 784 10
507 786 10
507 787 10
508 257 10
508 260 10
508 261 10
508 262 10
508 267 10
508 306 10
508 311 10
508 312 10
508 313 10
508 314 10
508 316 10
508 341 10
508 346 10
508 347 10
508 348 10
508 349 10
508 350 10
508 351 10
508 353 10
508 355 10
508 361 10
508 362 10
508 364 10
508 367 10
508 373 10
508 382 10
508 389 10
508 392 10
508 394 10
508 399 10
508 402 10
508 404 10
508 405 10
508 408 10
508 414 10
508 415 10
508 416 10
508 419 10
508 425 10
508 426 10
508 427 10
508 430 10
508 432 10
508 435 10
508 437 10
508 449 10
508 456 10
508 466 10
508 467 10
508 470 10
508 471 10
508 473 10
508 476 10
508 478 10
508 487 10
508 494 10
508 501 10
508 503 10
508 504 10
508 505 10
508 506 10
508 507 10
508 510 10
508 514 10
508 517 10
508 520 10
508 522 10
508 524 10
508 525 10
508 526 10
508 528 10
508 530 10
508 534 10
508 539 10
508 540 10
508 544 10
508 545 10
508 548 10
508 554 10
508 557 10
508 558 10
508 560 10
508 563 10
508 565 10
508 566 10
508 570 10
508 571 10
508 576 10
508 577 10
508 582 10
508 583 10
508 584 10
508 585 10
508 587 10
508 589 10
508 590 10
508 591 10
508 604 10
508 609 10
508 611 10
508 613 10
508 614 10
508 617 10
508 619 10
508 621 10
508 622 10
508 625 10
508 626 10
508 627 10
508 628 10
508 629 10
508 632 10
508 636 10
508 638 10
508 641 10
508 642 10
508 644 10
508 647 10
508 651 10
508 653 10
508 655 10
508 656 10
508 657 10
508 669 10
508 670 10
508 675 10
508 678 10
508 689 10
508 691 10
508 692 10
508 694 10
508 699 10
508 716 10
508 717 10
508 718 10
508 721 10
508 723 10
508 725 10
508 726 10
508 727 10
508 731 10
508 733 10
508 736 10
508 737 10
508 739 10
508 741 10
508 742 10
508 743 10
508 744 10
508 745 10
508 746 10
508 748 10
508 750 10
508 755 10
508 761 10
508 777 10
508 778 10
508 780 10
508 781 10
508 785 10
509 257 10
509 263 10
509 264 10
509 303 10
509 306 10
509 311 10
509 342 10
509 348 10
509 351 10
509 352 10
509 355 10
509 367 10
509 369 10
509 375 10
509 384 10
509 394 10
509 400 10
509 402 10
509 403 10
509 405 10
509 407 10
509 409 10
509 410 10
509 415 10
509 416 10
509 421 10
509 429 10
509 430 10
509 431 10
509 434 10
509 436 10
509 437 10
509 439 10
509 440 10
509 441 10
509 447 10
509 448 10
509 449 10
509 450 10
509 451 10
509 452 10
509 453 10
509 455 10
509 456 10
509 460 10
509 463 10
509 467 10
509 468 10
509 469 10
509 470 10
509 478 10
509 487 10
509 488 10
509 494 10
509 495 10
509 496 10
509 498 10
509 499 10
509 501 10
509 502 10
509 504 10
509 505 10
509 506 10
509 507 10
509 508 10
509 509 10
509 510 10
509 511 10
509 513 10
509 516 10
509 518 10
509 523 10
509 524 10
509 525 10
509 526 10
509 527 10
509 530 10
509 531 10
509 532 10
509 533 10
509 534 10
509 536 10
509 537 10
509 538 10
509 541 10
509 542 10
509 544 10
509 546 10
509 548 10
509 550 10
509 552 10
509 561 10
509 563 10
509 564 10
509 566 10
509 567 10
509 568 10
509 570 10
509 572 10
509 578 10
509 582 10
509 587 10
509 589 10
509 590 10
509 591 10
509 602 10
509 606 10
509 607 10
509 609 10
509 613 10
509 614 10
509 616 10
509 617 10
509 622 10
509 623 10
509 624 10
509 629 10
509 636 10
509 638 10
509 641 10
509 642 10
509 643 10
509 646 10
509 647 10
509 653 10
509 654 10
509 655 10
509 658 10
509 661 10
509 666 10
509 670 10
509 671 10
509 672 10
509 673 10
509 675 10
509 685 10
509 690 10
509 691 10
509 698 10
509 704 10
509 715 10
509 716 10
509 719 10
509 720 10
509 721 10
509 723 10
509 729 10
509 730 10
509 736 10
509 740 10
509 742 10
509 743 10
509 744 10
509 748 10
509 753 10
509 755 10
509 771 10
509 773 10
509 777 10
509 780 10
509 782 10
509 783 10
509 786 10
509 788 10
509 789 10
510 259 10
510 261 10
510 262 10
510 297 10
510 298 10
510 303 10
510 305 10
510 307 10
510 308 10
510 312 10
510 348 10
510 350 10
510 351 10
510 352 10
510 354 10
510 366 10
510 368 10
510 374 10
510 375 10
510 383 10
510 385 10
510 394 10
510 395 10
510 398 10
510 401 10
510 406 10
510 409 10
510 411 10
510 413 10
510 415 10
510 417 10
510 418 10
510 419 10
510 420 10
510 425 10
510 427 10
510 432 10
510 436 10
510 437 10
510 448 10
510 449 10
510 450 10
510 451 10
510 453 10
510 456 10
510 464 10
510 470 10
510 471 10
510 472 10
510 474 10
510 476 10
510 482 10
510 487 10
510 492 10
510 496 10
510 497 10
510 498 10
510 500 10
510 501 10
510 502 10
510 503 10
510 504 10
510 509 10
510 510 10
510 511 10
510 514 10
510 516 10
510 520 10
510 521 10
510 524 10
510 531 10
510 532 10
510 537 10
510 538 10
510 539 10
510 540 10
510 543 10
510 544 10
510 545 10
510 546 10
510 547 10
510 550 10
510 552 10
510 558 10
510 559 10
510 560 10
510 561 10
510 564 10
510 566 10
510 567 10
510 569 10
510 581 10
510 582 10
510 583 10
510 585 10
510 586 10
510 589 10
510 592 10
510 593 10
510 595 10
510 596 10
510 608 10
510 609 10
510 612 10
510 614 10
510 615 10
510 616 10
510 617 10
510 618 10
510 619 10
510 622 10
510 623 10
510 626 10
510 627 10
510 631 10
510 632 10
510 634 10
510 637 10
510 638 10
510 639 10
510 640 10
510 641 10
510 642 10
510 644 10
510 647 10
510 649 10
510 652 10
510 653 10
510 654 10
510 656 10
510 657 10
510 658 10
510 659 10
510 660 10
510 661 10
510 663 10
510 665 10
510 666 10
510 669 10
510 671 10
510 673 10
510 674 10
510 680 10
510 683 10
510 689 10
510 690 10
510 691 10
510 692 10
510 702 10
510 703 10
510 711 10
510 715 10
510 717 10
510 718 10
510 721 10
510 722 10
510 724 10
510 725 10
510 731 10
510 740 10
510 741 10
510 742 10
510 743 10
510 746 10
510 747 10
510 749 10
510 753 10
510 757 10
510 771 10
510 773 10
510 774 10
510 776 10
510 777 10
510 780 10
510 782 10
510 784 10
510 785 10
510 786 10
510 788 10
511 259 10
511 261 10
511 263 10
511 264 10
511 265 10
511 270 10
511 299 10
511 300 10
511 301 10
511 307 10
511 308 10
511 310 10
511 311 10
511 313 10
511 316 10
511 340 10
511 342 10
511 348 10
511 349 10
511 350 10
511 359 10
511 362 10
511 363 10
511 369 10
511 370 10
511 376 10
511 380 10
511 381 10
511 382 10
511 383 10
511 391 10
511 392 10
511 395 10
511 397 10
511 399 10
511 400 10
511 404 10
511 405 10
511 410 10
511 412 10
511 413 10
511 415 10
511 430 10
511 432 10
511 433 10
511 437 10
511 445 10
511 448 10
511 451 10
511 452 10
511 454 10
511 456 10
511 458 10
511 464 10
511 466 10
511 467 10
511 469 10
511 473 10
511 477 10
511 489 10
511 494 10
511 498 10
511 499 10
511 501 10
511 504 10
511 505 10
511 506 10
511 507 10
511 508 10
511 510 10
511 511 10
511 514 10
511 516 10
511 520 10
511 522 10
511 525 10
511 528 10
511 534 10
511 535 10
511 540 10
511 541 10
511 544 10
511 545 10
511 550 10
511 553 10
511 554 10
511 565 10
511 566 10
511 567 10
511 571 10
511 576 10
511 580 10
511 581 10
511 582 10
511 585 10
511 586 10
511 587 10
511 588 10
511 589 10
511 597 10
511 606 10
511 607 10
511 608 10
511 611 10
511 614 10
511 619 10
511 620 10
511 622 10
511 628 10
511 629 10
511 633 10
511 634 10
511 635 10
511 638 10
511 639 10
511 640 10
511 641 10
511 646 10
511 650 10
511 651 10
511 652 10
511 654 10
511 656 10
511 657 10
511 658 10
511 660 10
511 661 10
511 663 10
511 664 10
511 669 10
511 671 10
511 672 10
511 673 10
511 675 10
511 676 10
511 688 10
511 691 10
511 693 10
511 695 10
511 696 10
511 698 10
511 700 10
511 701 10
511 702 10
511 703 10
511 704 10
511 710 10
511 711 10
511 712 10
511 714 10
511 715 10
511 721 10
511 729 10
511 736 10
511 738 10
511 739 10
511 741 10
511 742 10
511 744 10
511 745 10
511 747 10
511 751 10
511 757 10
511 770 10
511 776 10
511 777 10
511 782 10
511 784 10
512 254 10
512 259 10
512 260 10
512 262 10
512 263 10
512 268 10
512 291 10
512 294 10
512 305 10
512 306 10
512 315 10
512 317 10
512 321 10
512 325 10
512 327 10
512 328 10
512 344 10
512 346 10
512 348 10
512 350 10
512 352 10
512 355 10
512 365 10
512 372 10
512 376 10
512 378 10
512 380 10
512 381 10
512 383 10
512 388 10
512 390 10
512 394 10
512 395 10
512 396 10
512 397 10
512 399 10
512 400 10
512 403 10
512 405 10
512 407 10
512 412 10
512 415 10
512 418 10
512 419 10
512 422 10
512 425 10
512 426 10
512 427 10
512 435 10
512 445 10
512 447 10
512 448 10
512 450 10
512 452 10
512 453 10
512 455 10
512 456 10
512 457 10
512 458 10
512 459 10
512 463 10
512 464 10
512 467 10
512 468 10
512 471 10
512 473 10
512 474 10
512 476 10
512 479 10
512 481 10
512 483 10
512 484 10
512 486 10
512 488 10
512 491 10
512 494 10
512 497 10
512 498 10
512 500 10
512 509 10
512 510 10
512 511 10
512 512 10
512 513 10
512 515 10
512 516 10
512 525 10
512 527 10
512 528 10
512 529 10
512 530 10
512 532 10
512 536 10
512 537 10
512 540 10
512 541 10
512 542 10
512 543 10
512 552 10
512 557 10
512 558 10
512 559 10
512 561 10
512 564 10
512 565 10
512 569 10
512 573 10
512 574 10
512 576 10
512 584 10
512 586 10
512 587 10
512 597 10
512 599 10
512 600 10
512 602 10
512 605 10
512 608 10
512 610 10
512 611 10
512 612 10
512 616 10
512 617 10
512 618 10
512 619 10
512 622 10
512 624 10
512 626 10
512 629 10
512 631 10
512 632 10
512 636 10
512 637 10
512 638 10
512 639 10
512 643 10
512 644 10
512 649 10
512 650 10
512 651 10
512 654 10
512 658 10
512 664 10
512 668 10
512 672 10
512 673 10
512 674 10
512 675 10
512 680 10
512 681 10
512 682 10
512 683 10
512 684 10
512 688 10
512 691 10
512 694 10
512 695 10
512 700 10
512 703 10
512 711 10
512 717 10
512 722 10
512 723 10
512 725 10
512 726 10
512 728 10
512 737 10
512 739 10
512 740 10
512 741 10
512 742 10
512 743 10
512 746 10
512 748 10
512 758 10
512 775 10
512 779 10
512 780 10
513 265 10
513 266 10
513 268 10
513 269 10
513 277 10
513 280 10
513 291 10
513 298 10
513 302 10
513 303 10
513 307 10
513 308 10
513 314 10
513 316 10
513 317 10
513 327 10
513 345 10
513 347 10
513 348 10
513 350 10
513 351 10
513 353 10
513 363 10
513 366 10
513 368 10
513 370 10
513 374 10
513 382 10
513 397 10
513 401 10
513 402 10
513 406 10
513 407 10
513 411 10
513 412 10
513 413 10
513 416 10
513 417 10
513 418 10
513 419 10
513 420 10
513 421 10
513 422 10
513 423 10
513 424 10
513 427 10
513 432 10
513 436 10
513 440 10
513 446 10
513 447 10
513 450 10
513 452 10
513 453 10
513 455 10
513 456 10
513 459 10
513 460 10
513 462 10
513 463 10
513 465 10
513 466 10
513 468 10
513 471 10
513 472 10
513 473 10
513 477 10
513 478 10
513 480 10
513 481 10
513 482 10
513 487 10
513 495 10
513 496 10
513 498 10
513 500 10
513 504 10
513 506 10
513 508 10
513 510 10
513 514 10
513 515 10
513 517 10
513 522 10
513 525 10
513 528 10
513 530 10
513 533 10
513 534 10
513 539 10
513 541 10
513 546 10
513 551 10
513 557 10
513 560 10
513 564 10
513 565 10
513 567 10
513 577 10
513 578 10
513 580 10
513 581 10
513 583 10
513 584 10
513 585 10
513 586 10
513 587 10
513 589 10
513 591 10
513 592 10
513 593 10
513 594 10
513 601 10
513 602 10
513 606 10
513 608 10
513 609 10
513 611 10
513 615 10
513 617 10
513 621 10
513 622 10
513 627 10
513 629 10
513 630 10
513 633 10
513 634 10
513 636 10
513 639 10
513 640 10
513 642 10
513 644 10
513 645 10
513 655 10
513 656 10
513 670 10
513 671 10
513 672 10
513 673 10
513 674 10
513 676 10
513 677 10
513 678 10
513 681 10
513 687 10
513 690 10
513 692 10
513 694 10
513 696 10
513 697 10
513 698 10
513 700 10
513 701 10
513 705 10
513 719 10
513 720 10
513 722 10
513 723 10
513 734 10
513 736 10
513 737 10
513 739 10
513 740 10
513 742 10
513 743 10
513 744 10
513 746 10
513 747 10
513 759 10
513 780 10
514 262 10
514 264 10
514 267 10
514 283 10
514 288 10
514 289 10
514 291 10
514 293 10
514 296 10
514 307 10
514 314 10
514 315 10
514 316 10
514 317 10
514 318 10
514 321 10
514 322 10
514 326 10
514 347 10
514 348 10
514 349 10
514 351 10
514 352 10
514 356 10
514 361 10
514 364 10
514 366 10
514 367 10
514 369 10
514 373 10
514 376 10
514 377 10
514 380 10
514 381 10
514 384 10
514 386 10
514 393 10
514 395 10
514 396 10
514 397 10
514 399 10
514 400 10
514 401 10
514 402 10
514 405 10
514 406 10
514 423 10
514 424 10
514 428 10
514 431 10
514 433 10
514 435 10
514 437 10
514 439 10
514 441 10
514 445 10
514 450 10
514 451 10
514 456 10
514 457 10
514 462 10
514 463 10
514 466 10
514 467 10
514 469 10
514 470 10
514 476 10
514 480 10
514 481 10
514 482 10
514 484 10
514 485 10
514 486 10
514 488 10
514 492 10
514 494 10
514 496 10
514 497 10
514 499 10
514 502 10
514 509 10
514 511 10
514 512 10
514 513 10
514 514 10
514 517 10
514 523 10
514 524 10
514 527 10
514 528 10
514 530 10
514 532 10
514 534 10
514 537 10
514 538 10
514 539 10
514 540 10
514 541 10
514 542 10
514 554 10
514 556 10
514 559 10
514 560 10
514 564 10
514 565 10
514 567 10
514 573 10
514 575 10
514 578 10
514 579 10
514 581 10
514 583 10
514 585 10
514 586 10
514 587 10
514 589 10
514 594 10
514 595 10
514 598 10
514 600 10
514 602 10
514 605 10
514 606 10
514 611 10
514 613 10
514 615 10
514 616 10
514 617 10
514 622 10
514 623 10
514 624 10
514 626 10
514 628 10
514 629 10
514 635 10
514 637 10
514 639 10
514 640 10
514 642 10
514 651 10
514 654 10
514 656 10
514 658 10
514 664 10
514 671 10
514 672 10
514 673 10
514 675 10
514 678 10
514 684 10
514 688 10
514 690 10
514 691 10
514 692 10
514 695 10
514 697 10
514 698 10
514 700 10
514 702 10
514 718 10
514 721 10
514 722 10
514 724 10
514 725 10
514 734 10
514 741 10
514 742 10
514 743 10
514 744 10
514 745 10
514 748 10
514 759 10
514 761 10
514 782 10
514 784 10
515 262 10
515 266 10
515 267 10
515 269 10
515 270 10
515 281 10
515 289 10
515 297 10
515 299 10
515 300 10
515 303 10
515 305 10
515 312 10
515 314 10
515 329 10
515 348 10
515 349 10
515 351 10
515 354 10
515 356 10
515 360 10
515 361 10
515 362 10
515 364 10
515 367 10
515 369 10
515 371 10
515 375 10
515 382 10
515 384 10
515 387 10
515 391 10
515 395 10
515 397 10
515 398 10
515 399 10
515 401 10
515 404 10
515 406 10
515 407 10
515 409 10
515 411 10
515 417 10
515 419 10
515 421 10
515 422 10
515 424 10
515 426 10
515 430 10
515 447 10
515 448 10
515 450 10
515 451 10
515 455 10
515 457 10
515 458 10
515 459 10
515 461 10
515 462 10
515 463 10
515 464 10
515 465 10
515 466 10
515 467 10
515 468 10
515 473 10
515 477 10
515 478 10
515 481 10
515 482 10
515 490 10
515 492 10
515 496 10
515 499 10
515 505 10
515 507 10
515 509 10
515 512 10
515 513 10
515 515 10
515 525 10
515 526 10
515 527 10
515 528 10
515 531 10
515 532 10
515 533 10
515 535 10
515 537 10
515 539 10
515 540 10
515 541 10
515 546 10
515 548 10
515 550 10
515 554 10
515 558 10
515 564 10
515 565 10
515 566 10
515 574 10
515 576 10
515 577 10
515 580 10
515 582 10
515 583 10
515 584 10
515 585 10
515 586 10
515 591 10
515 593 10
515 599 10
515 603 10
515 604 10
515 607 10
515 617 10
515 621 10
515 623 10
515 625 10
515 626 10
515 628 10
515 634 10
515 636 10
515 637 10
515 640 10
515 641 10
515 649 10
515 653 10
515 654 10
515 655 10
515 656 10
515 662 10
515 664 10
515 665 10
515 668 10
515 669 10
515 673 10
515 674 10
515 675 10
515 676 10
515 686 10
515 688 10
515 694 10
515 696 10
515 698 10
515 701 10
515 703 10
515 719 10
515 721 10
515 724 10
515 725 10
515 729 10
515 732 10
515 738 10
515 739 10
515 740 10
515 741 10
515 742 10
515 744 10
515 745 10
515 746 10
515 747 10
515 749 10
515 759 10
515 761 10
515 763 10
515 777 10
515 780 10
516 262 10
516 264 10
516 267 10
516 281 10
516 287 10
516 288 10
516 289 10
516 290 10
516 293 10
516 294 10
516 296 10
516 309 10
516 311 10
516 313 10
516 317 10
516 320 10
516 321 10
516 325 10
516 329 10
516 341 10
516 342 10
516 346 10
516 351 10
516 352 10
516 354 10
516 356 10
516 362 10
516 365 10
516 368 10
516 373 10
516 375 10
516 376 10
516 377 10
516 378 10
516 379 10
516 380 10
516 381 10
516 387 10
516 391 10
516 393 10
516 394 10
516 395 10
516 396 10
516 399 10
516 404 10
516 405 10
516 406 10
516 407 10
516 409 10
516 410 10
516 413 10
516 414 10
516 415 10
516 418 10
516 421 10
516 423 10
516 424 10
516 427 10
516 428 10
516 431 10
516 432 10
516 434 10
516 435 10
516 436 10
516 438 10
516 441 10
516 443 10
516 447 10
516 449 10
516 455 10
516 456 10
516 460 10
516 463 10
516 465 10
516 466 10
516 467 10
516 469 10
516 473 10
516 476 10
516 479 10
516 482 10
516 484 10
516 485 10
516 486 10
516 487 10
516 488 10
516 489 10
516 492 10
516 493 10
516 494 10
516 497 10
516 498 10
516 500 10
516 502 10
516 503 10
516 504 10
516 505 10
516 507 10
516 512 10
516 515 10
516 516 10
516 517 10
516 521 10
516 522 10
516 523 10
516 525 10
516 527 10
516 529 10
516 530 10
516 532 10
516 533 10
516 534 10
516 535 10
516 536 10
516 539 10
516 546 10
516 556 10
516 560 10
516 561 10
516 562 10
516 563 10
516 566 10
516 579 10
516 583 10
516 584 10
516 586 10
516 587 10
516 588 10
516 589 10
516 590 10
516 591 10
516 592 10
516 594 10
516 595 10
516 596 10
516 599 10
516 600 10
516 604 10
516 607 10
516 608 10
516 610 10
516 615 10
516 616 10
516 617 10
516 623 10
516 624 10
516 625 10
516 627 10
516 629 10
516 630 10
516 632 10
516 634 10
516 635 10
516 638 10
516 640 10
516 641 10
516 642 10
516 648 10
516 653 10
516 654 10
516 658 10
516 665 10
516 671 10
516 672 10
516 674 10
516 675 10
516 676 10
516 678 10
516 679 10
516 684 10
516 685 10
516 688 10
516 689 10
516 694 10
516 696 10
516 697 10
516 698 10
516 700 10
516 701 10
516 710 10
516 721 10
516 722 10
516 723 10
516 726 10
516 727 10
516 732 10
516 734 10
516 735 10
516 738 10
516 739 10
516 741 10
516 742 10
516 743 10
516 744 10
516 745 10
516 746 10
516 761 10
516 777 10
517 260 10
517 263 10
517 265 10
517 269 10
517 279 10
517 284 10
517 287 10
517 288 10
517 290 10
517 293 10
517 297 10
517 300 10
517 310 10
517 313 10
517 314 10
517 324 10
517 325 10
517 326 10
517 341 10
517 344 10
517 348 10
517 350 10
517 351 10
517 354 10
517 359 10
517 360 10
517 363 10
517 365 10
517 367 10
517 368 10
517 370 10
517 374 10
517 378 10
517 380 10
517 383 10
517 397 10
517 402 10
517 403 10
517 410 10
517 411 10
517 412 10
517 413 10
517 414 10
517 415 10
517 416 10
517 417 10
517 419 10
517 420 10
517 421 10
517 423 10
517 424 10
517 426 10
517 427 10
517 429 10
517 433 10
517 434 10
517 436 10
517 438 10
517 440 10
517 444 10
517 448 10
517 449 10
517 452 10
517 454 10
517 462 10
517 463 10
517 464 10
517 466 10
517 467 10
517 468 10
517 476 10
517 483 10
517 488 10
517 490 10
517 491 10
517 496 10
517 498 10
517 499 10
517 502 10
517 506 10
517 507 10
517 508 10
517 510 10
517 511 10
517 513 10
517 514 10
517 515 10
517 517 10
517 521 10
517 523 10
517 526 10
517 527 10
517 532 10
517 533 10
517 534 10
517 535 10
517 536 10
517 537 10
517 538 10
517 541 10
517 542 10
517 546 10
517 552 10
517 559 10
517 565 10
517 566 10
517 567 10
517 568 10
517 569 10
517 571 10
517 575 10
517 581 10
517 583 10
517 585 10
517 586 10
517 587 10
517 589 10
517 590 10
517 591 10
517 593 10
517 594 10
517 596 10
517 599 10
517 602 10
517 610 10
517 612 10
517 615 10
517 618 10
517 621 10
517 626 10
517 627 10
517 628 10
517 631 10
517 633 10
517 634 10
517 636 10
517 640 10
517 650 10
517 651 10
517 656 10
517 660 10
517 663 10
517 667 10
517 668 10
517 670 10
517 674 10
517 675 10
517 677 10
517 678 10
517 685 10
517 686 10
517 688 10
517 694 10
517 695 10
517 697 10
517 699 10
517 726 10
517 731 10
517 738 10
517 741 10
517 743 10
517 744 10
517 745 10
517 757 10
517 758 10
517 760 10
517 761 10
517 762 10
517 763 10
517 773 10
517 782 10
518 256 10
518 273 10
518 288 10
518 291 10
518 293 10
518 294 10
518 295 10
518 299 10
518 300 10
518 311 10
518 312 10
518 318 10
518 319 10
518 320 10
518 324 10
518 327 10
518 359 10
518 362 10
518 363 10
518 364 10
518 366 10
518 368 10
518 371 10
518 372 10
518 376 10
518 377 10
518 379 10
518 380 10
518 381 10
518 382 10
518 383 10
518 399 10
518 402 10
518 404 10
518 405 10
518 406 10
518 412 10
518 413 10
518 415 10
518 416 10
518 417 10
518 419 10
518 420 10
518 422 10
518 423 10
518 424 10
518 428 10
518 429 10
518 430 10
518 431 10
518 435 10
518 437 10
518 438 10
518 439 10
518 441 10
518 443 10
518 445 10
518 447 10
518 451 10
518 452 10
518 453 10
518 454 10
518 455 10
518 457 10
518 458 10
518 459 10
518 460 10
518 464 10
518 465 10
518 466 10
518 467 10
518 475 10
518 476 10
518 477 10
518 480 10
518 481 10
518 483 10
518 485 10
518 486 10
518 487 10
518 488 10
518 489 10
518 493 10
518 495 10
518 496 10
518 497 10
518 499 10
518 500 10
518 505 10
518 506 10
518 507 10
518 508 10
518 511 10
518 513 10
518 514 10
518 515 10
518 516 10
518 522 10
518 523 10
518 525 10
518 526 10
518 527 10
518 529 10
518 531 10
518 532 10
518 533 10
518 541 10
518 543 10
518 550 10
518 552 10
518 562 10
518 564 10
518 566 10
518 567 10
518 568 10
518 571 10
518 575 10
518 576 10
518 577 10
518 578 10
518 588 10
518 589 10
518 592 10
518 594 10
518 595 10
518 596 10
518 598 10
518 601 10
518 603 10
518 610 10
518 611 10
518 612 10
518 618 10
518 623 10
518 624 10
518 625 10
518 626 10
518 628 10
518 633 10
518 638 10
518 639 10
518 641 10
518 642 10
518 643 10
518 644 10
518 648 10
518 653 10
518 654 10
518 655 10
518 656 10
518 657 10
518 659 10
518 663 10
518 665 10
518 666 10
518 673 10
518 676 10
518 677 10
518 685 10
518 688 10
518 694 10
518 697 10
518 698 10
518 701 10
518 708 10
518 711 10
518 719 10
518 721 10
518 722 10
518 723 10
518 732 10
518 733 10
518 737 10
518 741 10
518 742 10
518 743 10
518 744 10
518 745 10
518 757 10
518 761 10
518 763 10
518 765 10
518 771 10
518 772 10
519 249 10
519 250 10
519 251 10
519 254 10
519 255 10
519 258 10
519 260 10
519 261 10
519 270 10
519 290 10
519 293 10
519 295 10
519 297 10
519 298 10
519 304 10
519 312 10
519 317 10
519 321 10
519 322 10
519 323 10
519 326 10
519 350 10
519 354 10
519 364 10
519 367 10
519 368 10
519 369 10
519 374 10
519 375 10
519 379 10
519 382 10
519 383 10
519 384 10
519 387 10
519 388 10
519 401 10
519 409 10
519 412 10
519 413 10
519 414 10
519 415 10
519 416 10
519 417 10
519 419 10
519 420 10
519 422 10
519 423 10
519 428 10
519 430 10
519 432 10
519 433 10
519 434 10
519 435 10
519 436 10
519 438 10
519 440 10
519 443 10
519 444 10
519 445 10
519 446 10
519 447 10
519 452 10
519 456 10
519 464 10
519 465 10
519 470 10
519 472 10
519 473 10
519 475 10
519 478 10
519 485 10
519 488 10
519 490 10
519 496 10
519 497 10
519 500 10
519 503 10
519 505 10
519 508 10
519 513 10
519 516 10
519 519 10
519 521 10
519 523 10
519 524 10
519 525 10
519 526 10
519 530 10
519 535 10
519 536 10
519 541 10
519 542 10
519 551 10
519 559 10
519 561 10
519 564 10
519 565 10
519 568 10
519 569 10
519 571 10
519 575 10
519 578 10
519 580 10
519 581 10
519 582 10
519 583 10
519 586 10
519 588 10
519 591 10
519 594 10
519 598 10
519 600 10
519 606 10
519 608 10
519 609 10
519 611 10
519 612 10
519 614 10
519 615 10
519 616 10
519 619 10
519 621 10
519 622 10
519 624 10
519 630 10
519 639 10
519 640 10
519 641 10
519 649 10
519 653 10
519 657 10
519 659 10
519 661 10
519 663 10
519 664 10
519 665 10
519 666 10
519 667 10
519 673 10
519 680 10
519 687 10
519 688 10
519 689 10
519 692 10
519 693 10
519 694 10
519 695 10
519 698 10
519 708 10
519 720 10
519 723 10
519 726 10
519 739 10
519 741 10
519 744 10
519 753 10
519 754 10
519 757 10
519 758 10
519 767 10
519 770 10
520 252 10
520 255 10
520 257 10
520 259 10
520 264 10
520 265 10
520 272 10
520 273 10
520 276 10
520 292 10
520 294 10
520 296 10
520 297 10
520 304 10
520 309 10
520 311 10
520 315 10
520 316 10
520 320 10
520 322 10
520 326 10
520 329 10
520 340 10
520 350 10
520 356 10
520 362 10
520 365 10
520 369 10
520 375 10
520 377 10
520 378 10
520 379 10
520 380 10
520 382 10
520 386 10
520 387 10
520 388 10
520 400 10
520 406 10
520 407 10
520 408 10
520 410 10
520 415 10
520 421 10
520 423 10
520 424 10
520 426 10
520 427 10
520 428 10
520 429 10
520 430 10
520 431 10
520 432 10
520 435 10
520 437 10
520 438 10
520 440 10
520 442 10
520 445 10
520 449 10
520 451 10
520 456 10
520 457 10
520 464 10
520 467 10
520 469 10
520 470 10
520 472 10
520 473 10
520 475 10
520 476 10
520 478 10
520 479 10
520 481 10
520 488 10
520 491 10
520 494 10
520 495 10
520 496 10
520 498 10
520 499 10
520 502 10
520 503 10
520 509 10
520 510 10
520 513 10
520 516 10
520 520 10
520 521 10
520 522 10
520 525 10
520 526 10
520 527 10
520 528 10
520 529 10
520 530 10
520 532 10
520 534 10
520 536 10
520 540 10
520 542 10
520 545 10
520 554 10
520 563 10
520 565 10
520 566 10
520 569 10
520 576 10
520 577 10
520 579 10
520 580 10
520 584 10
520 586 10
520 591 10
520 592 10
520 593 10
520 594 10
520 596 10
520 597 10
520 598 10
520 601 10
520 608 10
520 609 10
520 612 10
520 613 10
520 615 10
520 616 10
520 617 10
520 619 10
520 620 10
520 622 10
520 623 10
520 637 10
520 639 10
520 641 10
520 653 10
520 654 10
520 658 10
520 665 10
520 668 10
520 669 10
520 670 10
520 674 10
520 676 10
520 685 10
520 686 10
520 688 10
520 694 10
520 695 10
520 696 10
520 698 10
520 707 10
520 708 10
520 709 10
520 710 10
520 716 10
520 718 10
520 719 10
520 721 10
520 725 10
520 730 10
520 738 10
520 740 10
520 741 10
520 742 10
520 744 10
520 745 10
520 762 10
520 764 10
520 767 10
520 772 10
521 249 10
521 250 10
521 252 10
521 253 10
521 258 10
521 259 10
521 260 10
521 261 10
521 275 10
521 289 10
521 292 10
521 294 10
521 297 10
521 298 10
521 301 10
521 307 10
521 309 10
521 311 10
521 314 10
521 315 10
521 317 10
521 320 10
521 321 10
521 322 10
521 324 10
521 325 10
521 329 10
521 330 10
521 333 10
521 344 10
521 348 10
521 349 10
521 354 10
521 355 10
521 360 10
521 361 10
521 364 10
521 368 10
521 372 10
521 373 10
521 375 10
521 376 10
521 378 10
521 379 10
521 382 10
521 387 10
521 388 10
521 397 10
521 402 10
521 403 10
521 405 10
521 407 10
521 414 10
521 419 10
521 421 10
521 423 10
521 424 10
521 425 10
521 428 10
521 429 10
521 430 10
521 431 10
521 434 10
521 436 10
521 438 10
521 439 10
521 442 10
521 445 10
521 446 10
521 447 10
521 450 10
521 451 10
521 452 10
521 455 10
521 457 10
521 467 10
521 470 10
521 471 10
521 474 10
521 475 10
521 476 10
521 480 10
521 483 10
521 489 10
521 490 10
521 498 10
521 499 10
521 501 10
521 503 10
521 504 10
521 505 10
521 506 10
521 507 10
521 511 10
521 513 10
521 514 10
521 521 10
521 522 10
521 524 10
521 525 10
521 527 100000
521 530 10
521 531 10
521 533 10
521 540 10
521 541 10
521 557 10
521 558 10
521 560 10
521 562 10
521 565 10
521 567 10
521 568 10
521 576 10
521 577 10
521 580 10
521 581 10
521 583 10
521 587 10
521 595 10
521 601 10
521 609 10
521 610 10
521 611 10
521 613 10
521 614 10
521 615 10
521 616 10
521 617 10
521 619 10
521 624 10
521 629 10
521 634 10
521 635 10
521 638 10
521 639 10
521 640 10
521 652 10
521 657 10
521 659 10
521 660 10
521 661 10
521 669 10
521 670 10
521 671 10
521 672 10
521 674 10
521 676 10
521 686 10
521 688 10
521 705 10
521 719 10
521 720 10
521 721 10
521 722 10
521 740 10
521 754 10
521 755 10
521 756 10
521 759 10
521 765 10
521 767 10
522 250 10
522 251 10
522 252 10
522 266 10
522 269 10
522 270 10
522 271 10
522 274 10
522 275 10
522 276 10
522 285 10
522 290 10
522 291 10
522 297 10
522 299 10
522 305 10
522 307 10
522 308 10
522 315 10
522 316 10
522 317 10
522 318 10
522 320 10
522 321 10
522 322 10
522 324 10
522 341 10
522 345 10
522 355 10
522 362 10
522 364 10
522 365 10
522 367 10
522 369 10
522 370 10
522 377 10
522 379 10
522 380 10
522 381 10
522 382 10
522 383 10
522 384 10
522 385 10
522 387 10
522 394 10
522 395 10
522 397 10
522 400 10
522 401 10
522 402 10
522 422 10
522 424 10
522 425 10
522 427 10
522 428 10
522 436 10
522 439 10
522 441 10
522 444 10
522 450 10
522 451 10
522 453 10
522 454 10
522 455 10
522 463 10
522 466 10
522 469 10
522 471 10
522 473 10
522 475 10
522 480 10
522 482 10
522 488 10
522 491 10
522 492 10
522 494 10
522 496 10
522 498 10
522 499 10
522 501 10
522 502 10
522 509 10
522 510 10
522 512 10
522 520 10
522 521 10
522 522 10
522 524 10
522 526 10
522 528 10
522 530 10
522 531 10
522 536 10
522 543 10
522 544 10
522 545 10
522 554 10
522 560 10
522 562 10
522 564 10
522 565 10
522 568 10
522 570 10
522 571 10
522 573 10
522 574 10
522 575 10
522 577 10
522 579 10
522 580 10
522 581 10
522 582 10
522 585 10
522 588 10
522 590 10
522 592 10
522 597 10
522 598 10
522 601 10
522 608 10
522 609 10
522 610 10
522 614 10
522 615 10
522 616 10
522 617 10
522 618 10
522 620 10
522 621 10
522 622 10
522 623 10
522 625 10
522 626 10
522 632 10
522 635 10
522 642 10
522 652 10
522 653 10
522 655 10
522 656 10
522 659 10
522 660 10
522 666 10
522 668 10
522 671 10
522 673 10
522 674 10
522 677 10
522 684 10
522 690 10
522 691 10
522 693 10
522 695 10
522 699 10
522 705 10
522 714 10
522 720 10
522 721 10
522 723 10
522 726 10
522 729 10
522 731 10
522 738 10
522 739 10
522 744 10
522 749 10
522 762 10
523 247 10
523 248 10
523 258 10
523 260 10
523 264 10
523 265 10
523 267 10
523 268 10
523 269 10
523 270 10
523 272 10
523 274 10
523 299 10
523 300 10
523 302 10
523 304 10
523 305 10
523 306 10
523 310 10
523 311 10
523 314 10
523 315 10
523 316 10
523 317 10
523 318 10
523 320 10
523 322 10
523 326 10
523 332 10
523 338 10
523 340 10
523 341 10
523 342 10
523 345 10
523 354 10
523 355 10
523 359 10
523 363 10
523 364 10
523 365 10
523 366 10
523 367 10
523 368 10
523 369 10
523 374 10
523 376 10
523 377 10
523 380 10
523 381 10
523 382 10
523 383 10
523 385 10
523 386 10
523 387 10
523 391 10
523 393 10
523 402 10
523 404 10
523 407 10
523 408 10
523 409 10
523 410 10
523 418 10
523 422 10
523 423 10
523 424 10
523 426 10
523 428 10
523 429 10
523 430 10
523 431 10
523 432 10
523 435 10
523 437 10
523 441 10
523 447 10
523 449 10
523 450 10
523 452 10
523 453 10
523 458 10
523 460 10
523 463 10
523 471 10
523 473 10
523 476 10
523 477 10
523 478 10
523 479 10
523 487 10
523 489 10
523 494 10
523 499 10
523 500 10
523 501 10
523 502 10
523 503 10
523 504 10
523 505 10
523 508 10
523 510 10
523 514 10
523 515 10
523 516 10
523 519 10
523 520 10
523 521 10
523 523 10
523 528 10
523 529 10
523 530 10
523 531 10
523 532 10
523 533 10
523 535 10
523 541 10
523 542 10
523 550 10
523 552 10
523 559 10
523 562 10
523 567 10
523 569 10
523 570 10
523 571 10
523 572 10
523 575 10
523 576 10
523 578 10
523 579 10
523 580 10
523 581 10
523 582 10
523 585 10
523 586 10
523 587 10
523 588 10
523 590 10
523 594 10
523 596 10
523 599 10
523 603 10
523 606 10
523 611 10
523 618 10
523 619 10
523 623 10
523 624 10
523 625 10
523 627 10
523 630 10
523 633 10
523 635 10
523 636 10
523 637 10
523 639 10
523 640 10
523 653 10
523 656 10
523 657 10
523 658 10
523 662 10
523 669 10
523 670 10
523 672 10
523 674 10
523 677 10
523 685 10
523 686 10
523 688 10
523 689 10
523 691 10
523 693 10
523 694 10
523 698 10
523 699 10
523 704 10
523 705 10
523 714 10
523 716 10
523 721 10
523 723 10
523 725 10
523 731 10
523 732 10
523 734 10
523 736 10
523 741 10
523 744 10
523 746 10
523 749 10
524 249 10
524 250 10
524 261 10
524 265 10
524 266 10
524 270 10
524 271 10
524 273 10
524 276 10
524 293 10
524 294 10
524 295 10
524 296 10
524 298 10
524 299 10
524 300 10
524 301 10
524 302 10
524 304 10
524 305 10
524 308 10
524 309 10
524 310 10
524 311 10
524 316 10
524 317 10
524 318 10
524 319 10
524 320 10
524 321 10
524 322 10
524 325 10
524 338 10
524 342 10
524 361 10
524 365 10
524 366 10
524 367 10
524 368 10
524 373 10
524 374 10
524 375 10
524 379 10
524 380 10
524 381 10
524 383 10
524 384 10
524 385 10
524 386 10
524 393 10
524 395 10
524 396 10
524 397 10
524 403 10
524 404 10
524 408 10
524 421 10
524 425 10
524 426 10
524 430 10
524 432 10
524 440 10
524 443 10
524 444 10
524 446 10
524 451 10
524 460 10
524 464 10
524 473 10
524 474 10
524 475 10
524 476 10
524 477 10
524 484 10
524 487 10
524 489 10
524 491 10
524 492 10
524 494 10
524 495 10
524 499 10
524 502 10
524 504 10
524 505 10
524 506 10
524 507 10
524 511 10
524 512 10
524 513 10
524 522 10
524 525 10
524 526 10
524 528 10
524 529 10
524 530 10
524 532 10
524 534 10
524 536 10
524 550 10
524 557 10
524 563 10
524 564 10
524 565 10
524 567 10
524 575 10
524 578 10
524 579 10
524 580 10
524 581 10
524 582 10
524 583 10
524 585 10
524 587 10
524 588 10
524 589 10
524 591 10
524 595 10
524 597 10
524 598 10
524 599 10
524 601 10
524 602 10
524 603 10
524 605 10
524 607 10
524 609 10
524 615 10
524 617 10
524 621 10
524 625 10
524 626 10
524 629 10
524 635 10
524 636 10
524 638 10
524 642 10
524 649 10
524 654 10
524 657 10
524 658 10
524 663 10
524 665 10
524 666 10
524 667 10
524 669 10
524 678 10
524 681 10
524 682 10
524 683 10
524 685 10
524 687 10
524 692 10
524 694 10
524 698 10
524 704 10
524 722 10
524 723 10
524 725 10
524 726 10
524 729 10
524 731 10
524 738 10
524 739 10
524 741 10
524 742 10
524 743 10
524 748 10
524 749 10
524 751 10
524 754 10
525 249 10
525 250 10
525 251 10
525 259 10
525 264 10
525 269 10
525 271 10
525 272 10
525 273 10
525 274 10
525 284 10
525 290 10
525 293 10
525 295 10
525 298 10
525 299 10
525 300 10
525 303 10
525 304 10
525 305 10
525 307 10
525 309 10
525 310 10
525 311 10
525 312 10
525 314 10
525 315 10
525 316 10
525 317 10
525 318 10
525 320 10
525 322 10
525 324 10
525 326 10
525 331 10
525 339 10
525 341 10
525 342 10
525 352 10
525 354 10
525 361 10
525 366 10
525 367 10
525 369 10
525 372 10
525 373 10
525 378 10
525 382 10
525 383 10
525 385 10
525 386 10
525 393 10
525 395 10
525 396 10
525 400 10
525 401 10
525 402 10
525 407 10
525 408 10
525 410 10
525 424 10
525 426 10
525 430 10
525 431 10
525 440 10
525 441 10
525 443 10
525 447 10
525 449 10
525 461 10
525 466 10
525 476 10
525 478 10
525 479 10
525 480 10
525 481 10
525 483 10
525 485 10
525 488 10
525 490 10
525 491 10
525 492 10
525 493 10
525 495 10
525 498 10
525 499 10
525 500 10
525 502 10
525 503 10
525 504 10
525 506 10
525 507 10
525 508 10
525 509 10
525 510 10
525 511 10
525 512 10
525 513 10
525 514 10
525 515 10
525 516 10
525 517 10
525 518 10
525 522 10
525 524 10
525 525 10
525 526 10
525 527 10
525 528 10
525 529 10
525 530 10
525 532 10
525 535 10
525 559 10
525 560 10
525 563 10
525 566 10
525 570 10
525 573 10
525 576 10
525 577 10
525 578 10
525 579 10
525 580 10
525 582 10
525 584 10
525 588 10
525 590 10
525 591 10
525 594 10
525 596 10
525 602 10
525 604 10
525 605 10
525 607 10
525 609 10
525 611 10
525 615 10
525 616 10
525 620 10
525 624 10
525 628 10
525 631 10
525 632 10
525 633 10
525 634 10
525 636 10
525 637 10
525 638 10
525 639 10
525 643 10
525 644 10
525 655 10
525 657 10
525 660 10
525 661 10
525 664 10
525 669 10
525 672 10
525 674 10
525 675 10
525 677 10
525 679 10
525 681 10
525 682 10
525 683 10
525 685 10
525 693 10
525 695 10
525 696 10
525 698 10
525 719 10
525 720 10
525 721 10
525 723 10
525 724 10
525 726 10
525 727 10
525 733 10
525 734 10
525 737 10
525 740 10
525 743 10
525 745 10
525 747 10
525 750 10
525 751 10
525 752 10
525 753 10
525 755 10
526 253 10
526 254 10
526 255 10
526 256 10
526 258 10
526 261 10
526 263 10
526 266 10
526 268 10
526 269 10
526 273 10
526 275 10
526 280 10
526 281 10
526 290 10
526 293 10
526 295 10
526 297 10
526 302 10
526 304 10
526 305 10
526 307 10
526 309 10
526 310 10
526 311 10
526 316 10
526 317 10
526 318 10
526 320 10
526 321 10
526 322 10
526 324 10
526 325 10
526 333 10
526 341 10
526 342 10
526 343 10
526 347 10
526 351 10
526 355 10
526 359 10
526 361 10
526 365 10
526 366 10
526 367 10
526 368 10
526 370 10
526 374 10
526 376 10
526 378 10
526 379 10
526 381 10
526 382 10
526 383 10
526 384 10
526 385 10
526 387 10
526 396 10
526 397 10
526 399 10
526 405 10
526 425 10
526 427 10
526 429 10
526 430 10
526 431 10
526 436 10
526 437 10
526 438 10
526 443 10
526 450 10
526 459 10
526 461 10
526 467 10
526 469 10
526 470 10
526 471 10
526 473 10
526 478 10
526 479 10
526 482 10
526 484 10
526 488 10
526 491 10
526 493 10
526 495 10
526 498 10
526 500 10
526 501 10
526 502 10
526 503 10
526 505 10
526 506 10
526 507 10
526 509 10
526 512 10
526 513 10
526 514 10
526 515 10
526 516 10
526 520 10
526 522 10
526 523 10
526 525 10
526 526 10
526 530 10
526 531 10
526 542 10
526 558 10
526 562 10
526 572 10
526 575 10
526 577 10
526 580 10
526 581 10
526 582 10
526 583 10
526 584 10
526 588 10
526 590 10
526 591 10
526 594 10
526 597 10
526 598 10
526 600 10
526 602 10
526 603 10
526 604 10
526 606 10
526 607 10
526 610 10
526 613 10
526 616 10
526 625 10
526 626 10
526 627 10
526 628 10
526 633 10
526 635 10
526 637 10
526 638 10
526 639 10
526 640 10
526 641 10
526 644 10
526 645 10
526 647 10
526 650 10
526 653 10
526 654 10
526 655 10
526 656 10
526 657 10
526 661 10
526 665 10
526 667 10
526 668 10
526 670 10
526 671 10
526 672 10
526 673 10
526 677 10
526 680 10
526 682 10
526 685 10
526 691 10
526 693 10
526 695 10
526 697 10
526 698 10
526 699 10
526 705 10
526 706 10
526 712 10
526 713 10
526 720 10
526 723 10
526 733 10
526 735 10
526 736 10
526 737 10
526 738 10
526 739 10
526 740 10
526 741 10
526 742 10
526 744 10
526 745 10
526 746 10
526 747 10
526 748 10
526 749 10
526 750 10
526 751 10
526 753 10
527 251 10
527 253 10
527 255 10
527 256 10
527 258 10
527 259 10
527 261 10
527 264 10
527 267 10
527 269 10
527 272 10
527 294 10
527 297 10
527 301 10
527 302 10
527 307 10
527 308 10
527 309 10
527 311 10
527 312 10
527 314 10
527 315 10
527 316 10
527 317 10
527 318 10
527 320 10
527 323 10
527 324 10
527 325 10
527 340 10
527 342 10
527 343 10
527 351 10
527 355 10
527 359 10
527 360 10
527 363 10
527 365 10
527 368 10
527 370 10
527 372 10
527 373 10
527 378 10
527 379 10
527 380 10
527 382 10
527 386 10
527 394 10
527 399 10
527 400 10
527 402 10
527 407 10
527 408 10
527 409 10
527 410 10
527 423 10
527 425 10
527 428 10
527 430 10
527 431 10
527 433 10
527 434 10
527 435 10
527 437 10
527 446 10
527 447 10
527 448 10
527 450 10
527 454 10
527 455 10
527 458 10
527 460 10
527 466 10
527 469 10
527 471 10
527 475 10
527 477 10
527 479 10
527 487 10
527 488 10
527 489 10
527 494 10
527 496 10
527 498 10
527 499 10
527 500 10
527 502 10
527 504 10
527 508 10
527 509 10
527 510 10
527 511 10
527 513 10
527 514 10
527 516 10
527 517 10
527 518 10
527 519 10
527 520 10
527 524 10
527 525 10
527 526 10
527 527 10
527 529 10
527 536 10
527 538 10
527 543 10
527 546 10
527 551 10
527 552 10
527 558 10
527 562 10
527 564 10
527 573 10
527 576 10
527 582 10
527 583 10
527 584 10
527 585 10
527 589 10
527 591 10
527 592 10
527 593 10
527 594 10
527 600 10
527 601 10
527 602 10
527 605 10
527 606 10
527 608 10
527 609 10
527 611 10
527 612 10
527 613 10
527 614 10
527 618 10
527 621 10
527 624 10
527 626 10
527 627 10
527 628 10
527 632 10
527 639 10
527 647 10
527 648 10
527 649 10
527 657 10
527 659 10
527 662 10
527 663 10
527 667 10
527 669 10
527 670 10
527 672 10
527 673 10
527 674 10
527 675 10
527 676 10
527 677 10
527 678 10
527 681 10
527 682 10
527 683 10
527 684 10
527 685 10
527 686 10
527 687 10
527 691 10
527 692 10
527 694 10
527 695 10
527 696 10
527 698 10
527 699 10
527 701 10
527 702 10
527 703 10
527 705 10
527 710 10
527 711 10
527 721 10
527 723 10
527 732 10
527 733 10
527 734 10
527 737 10
527 738 10
527 740 10
527 743 10
527 746 10
527 747 10
527 748 10
527 749 10
527 752 10
527 753 10
527 755 10
527 758 10
528 252 10
528 253 10
528 255 10
528 256 10
528 257 10
528 258 10
528 270 10
528 273 10
528 274 10
528 278 10
528 279 10
528 280 10
528 293 10
528 294 10
528 297 10
528 301 10
528 303 10
528 304 10
528 305 10
528 308 10
528 309 10
528 311 10
528 313 10
528 314 10
528 316 10
528 318 10
528 319 10
528 320 10
528 330 10
528 344 10
528 345 10
528 346 10
528 350 10
528 354 10
528 356 10
528 357 10
528 360 10
528 366 10
528 369 10
528 373 10
528 378 10
528 380 10
528 382 10
528 383 10
528 397 10
528 399 10
528 400 10
528 401 10
528 404 10
528 405 10
528 406 10
528 407 10
528 408 10
528 409 10
528 410 10
528 418 10
528 422 10
528 423 10
528 424 10
528 425 10
528 428 10
528 432 10
528 436 10
528 438 10
528 439 10
528 442 10
528 444 10
528 448 10
528 452 10
528 456 10
528 458 10
528 460 10
528 461 10
528 462 10
528 463 10
528 466 10
528 472 10
528 477 10
528 479 10
528 481 10
528 482 10
528 483 10
528 485 10
528 486 10
528 487 10
528 490 10
528 492 10
528 496 10
528 498 10
528 499 10
528 500 10
528 501 10
528 502 10
528 504 10
528 505 10
528 508 10
528 512 10
528 513 10
528 514 10
528 516 10
528 518 10
528 520 10
528 522 10
528 524 10
528 526 10
528 528 10
528 529 10
528 535 10
528 537 10
528 541 10
528 542 10
528 544 10
528 554 10
528 558 10
528 560 10
528 562 10
528 564 10
528 570 10
528 572 10
528 575 10
528 577 10
528 579 10
528 582 10
528 586 10
528 587 10
528 588 10
528 589 10
528 592 10
528 593 10
528 594 10
528 599 10
528 600 10
528 602 10
528 606 10
528 610 10
528 614 10
528 616 10
528 621 10
528 625 10
528 627 10
528 628 10
528 629 10
528 630 10
528 631 10
528 632 10
528 633 10
528 635 10
528 636 10
528 637 10
528 639 10
528 641 10
528 642 10
528 643 10
528 645 10
528 652 10
528 653 10
528 656 10
528 657 10
528 658 10
528 664 10
528 665 10
528 666 10
528 667 10
528 668 10
528 669 10
528 670 10
528 672 10
528 676 10
528 680 10
528 681 10
528 683 10
528 696 10
528 697 10
528 698 10
528 700 10
528 701 10
528 702 10
528 703 10
528 704 10
528 705 10
528 710 10
528 714 10
528 724 10
528 726 10
528 728 10
528 732 10
528 735 10
528 739 10
528 743 10
528 745 10
528 746 10
528 747 10
528 748 10
528 749 10
528 750 10
528 752 10
528 754 10
528 755 10
528 757 10
528 758 10
529 253 10
529 254 10
529 257 10
529 258 10
529 260 10
529 274 10
529 279 10
529 288 10
529 292 10
529 293 10
529 294 10
529 297 10
529 298 10
529 299 10
529 301 10
529 303 10
529 304 10
529 305 10
529 306 10
529 307 10
529 309 10
529 311 10
529 313 10
529 314 10
529 317 10
529 318 10
529 320 10
529 322 10
529 325 10
529 330 10
529 340 10
529 341 10
529 342 10
529 343 10
529 345 10
529 353 10
529 354 10
529 355 10
529 356 10
529 357 10
529 358 10
529 366 10
529 368 10
529 371 10
529 373 10
529 377 10
529 380 10
529 382 10
529 383 10
529 394 10
529 399 10
529 403 10
529 405 10
529 409 10
529 411 10
529 412 10
529 420 10
529 423 10
529 425 10
529 429 10
529 430 10
529 432 10
529 433 10
529 434 10
529 437 10
529 440 10
529 442 10
529 445 10
529 449 10
529 451 10
529 458 10
529 459 10
529 461 10
529 462 10
529 473 10
529 479 10
529 481 10
529 485 10
529 487 10
529 488 10
529 490 10
529 492 10
529 494 10
529 497 10
529 498 10
529 502 10
529 504 10
529 505 10
529 506 10
529 507 10
529 509 10
529 510 10
529 513 10
529 515 10
529 517 10
529 518 10
529 520 10
529 522 10
529 524 10
529 526 10
529 527 10
529 528 10
529 530 10
529 531 10
529 533 10
529 541 10
529 543 10
529 544 10
529 548 10
529 551 10
529 555 10
529 556 10
529 562 10
529 563 10
529 564 10
529 572 10
529 574 10
529 584 10
529 585 10
529 586 10
529 587 10
529 589 10
529 591 10
529 594 10
529 601 10
529 602 10
529 603 10
529 604 10
529 605 10
529 608 10
529 612 10
529 613 10
529 614 10
529 615 10
529 616 10
529 624 10
529 626 10
529 627 10
529 629 10
529 637 10
529 639 10
529 640 10
529 649 10
529 650 10
529 653 10
529 654 10
529 657 10
529 658 10
529 659 10
529 667 10
529 668 10
529 669 10
529 670 10
529 671 10
529 673 10
529 674 10
529 675 10
529 677 10
529 678 10
529 696 10
529 697 10
529 699 10
529 705 10
529 706 10
529 717 10
529 719 10
529 722 10
529 725 10
529 729 10
529 731 10
529 732 10
529 733 10
529 736 10
529 737 10
529 739 10
529 740 10
529 741 10
529 747 10
529 748 10
529 749 10
529 750 10
529 751 10
529 752 10
529 753 10
529 754 10
529 756 10
530 249 10
530 250 10
530 252 10
530 253 10
530 255 10
530 256 10
530 257 10
530 258 10
530 272 10
530 278 10
530 283 10
530 295 10
530 301 10
530 303 10
530 304 10
530 306 10
530 307 10
530 309 10
530 310 10
530 311 10
530 312 10
530 314 10
530 315 10
530 316 10
530 317 10
530 319 10
530 321 10
530 322 10
530 324 10
530 328 10
530 330 10
530 346 10
530 347 10
530 349 10
530 351 10
530 352 10
530 353 10
530 355 10
530 356 10
530 357 10
530 358 10
530 365 10
530 366 10
530 371 10
530 377 10
530 378 10
530 381 10
530 382 10
530 383 10
530 394 10
530 396 10
530 397 10
530 399 10
530 404 10
530 405 10
530 406 10
530 409 10
530 413 10
530 414 10
530 417 10
530 421 10
530 425 10
530 426 10
530 432 10
530 434 10
530 437 10
530 442 10
530 444 10
530 446 10
530 447 10
530 450 10
530 453 10
530 456 10
530 460 10
530 461 10
530 462 10
530 464 10
530 466 10
530 468 10
530 469 10
530 470 10
530 471 10
530 473 10
530 474 10
530 479 10
530 483 10
530 484 10
530 485 10
530 488 10
530 489 10
530 490 10
530 493 10
530 495 10
530 496 10
530 497 10
530 499 10
530 501 10
530 502 10
530 504 10
530 506 10
530 508 10
530 509 10
530 511 10
530 512 10
530 513 10
530 515 10
530 521 10
530 524 10
530 525 10
530 527 10
530 528 10
530 529 10
530 531 10
530 535 10
530 536 10
530 539 10
530 541 10
530 542 10
530 555 10
530 564 10
530 566 10
530 574 10
530 586 10
530 589 10
530 593 10
530 595 10
530 603 10
530 611 10
530 617 10
530 619 10
530 622 10
530 624 10
530 631 10
530 637 10
530 639 10
530 640 10
530 641 10
530 642 10
530 644 10
530 645 10
530 648 10
530 650 10
530 651 10
530 652 10
530 654 10
530 655 10
530 657 10
530 663 10
530 665 10
530 666 10
530 667 10
530 671 10
530 672 10
530 673 10
530 674 10
530 675 10
530 676 10
530 679 10
530 680 10
530 681 10
530 682 10
530 694 10
530 696 10
530 702 10
530 707 10
530 711 10
530 713 10
530 718 10
530 724 10
530 725 10
530 728 10
530 729 10
530 731 10
530 732 10
530 733 10
530 735 10
530 737 10
530 739 10
530 746 10
530 749 10
530 750 10
530 751 10
530 752 10
530 753 10
530 755 10
530 759 10
531 252 10
531 254 10
531 255 10
531 256 10
531 257 10
531 258 10
531 259 10
531 261 10
531 268 10
531 273 10
531 274 10
531 275 10
531 278 10
531 280 10
531 281 10
531 282 10
531 288 10
531 289 10
531 292 10
531 296 10
531 297 10
531 298 10
531 299 10
531 300 10
531 301 10
531 303 10
531 304 10
531 306 10
531 312 10
531 313 10
531 314 10
531 315 10
531 318 10
531 325 10
531 328 10
531 329 10
531 330 10
531 341 10
531 342 10
531 343 10
531 345 10
531 354 10
531 356 10
531 357 10
531 358 10
531 359 10
531 366 10
531 369 10
531 371 10
531 372 10
531 375 10
531 395 10
531 396 10
531 401 10
531 403 10
531 404 10
531 405 10
531 406 10
531 407 10
531 408 10
531 409 10
531 410 10
531 411 10
531 412 10
531 418 10
531 419 10
531 423 10
531 424 10
531 426 10
531 429 10
531 432 10
531 434 10
531 437 10
531 438 10
531 439 10
531 440 10
531 443 10
531 447 10
531 449 10
531 451 10
531 453 10
531 458 10
531 459 10
531 460 10
531 461 10
531 462 10
531 463 10
531 464 10
531 472 10
531 473 10
531 482 10
531 483 10
531 485 10
531 487 10
531 491 10
531 492 10
531 500 10
531 501 10
531 502 10
531 503 10
531 504 10
531 506 10
531 507 10
531 509 10
531 510 10
531 513 10
531 515 10
531 516 10
531 519 10
531 526 10
531 528 10
531 529 10
531 531 10
531 532 10
531 536 10
531 537 10
531 540 10
531 543 10
531 551 10
531 555 10
531 558 10
531 561 10
531 562 10
531 573 10
531 574 10
531 587 10
531 589 10
531 594 10
531 607 10
531 609 10
531 611 10
531 613 10
531 618 10
531 622 10
531 624 10
531 627 10
531 629 10
531 630 10
531 634 10
531 635 10
531 641 10
531 644 10
531 647 10
531 648 10
531 649 10
531 650 10
531 654 10
531 656 10
531 657 10
531 658 10
531 659 10
531 660 10
531 661 10
531 664 10
531 669 10
531 670 10
531 671 10
531 672 10
531 675 10
531 676 10
531 677 10
531 694 10
531 697 10
531 698 10
531 701 10
531 702 10
531 703 10
531 706 10
531 709 10
531 716 10
531 717 10
531 719 10
531 720 10
531 721 10
531 723 10
531 728 10
531 729 10
531 731 10
531 732 10
531 734 10
531 735 10
531 736 10
531 737 10
531 738 10
531 739 10
531 743 10
531 744 10
531 745 10
531 748 10
531 749 10
531 750 10
531 751 10
531 752 10
531 753 10
531 754 10
531 759 10
532 250 10
532 253 10
532 254 10
532 256 10
532 272 10
532 275 10
532 289 10
532 290 10
532 291 10
532 297 10
532 298 10
532 300 10
532 307 10
532 309 10
532 312 10
532 313 10
532 314 10
532 316 10
532 320 10
532 321 10
532 323 10
532 324 10
532 336 10
532 337 10
532 347 10
532 352 10
532 354 10
532 355 10
532 357 10
532 358 10
532 359 10
532 366 10
532 367 10
532 369 10
532 379 10
532 398 10
532 399 10
532 402 10
532 403 10
532 405 10
532 406 10
532 407 10
532 409 10
532 410 10
532 411 10
532 413 10
532 423 10
532 432 10
532 434 10
532 436 10
532 438 10
532 440 10
532 441 10
532 442 10
532 443 10
532 444 10
532 446 10
532 447 10
532 449 10
532 457 10
532 459 10
532 461 10
532 462 10
532 471 10
532 472 10
532 473 10
532 474 10
532 478 10
532 479 10
532 490 10
532 491 10
532 501 10
532 502 10
532 503 10
532 504 10
532 506 10
532 507 10
532 509 10
532 511 10
532 512 10
532 513 10
532 514 10
532 516 10
532 517 10
532 528 10
532 530 10
532 531 10
532 532 10
532 533 10
532 539 10
532 559 10
532 577 10
532 581 10
532 584 10
532 585 10
532 587 10
532 589 10
532 591 10
532 606 10
532 607 10
532 608 10
532 611 10
532 615 10
532 619 10
532 620 10
532 622 10
532 623 10
532 624 10
532 627 10
532 628 10
532 629 10
532 631 10
532 638 10
532 641 10
532 643 10
532 645 10
532 649 10
532 650 10
532 651 10
532 652 10
532 661 10
532 662 10
532 664 10
532 667 10
532 668 10
532 671 10
532 672 10
532 673 10
532 674 10
532 675 10
532 717 10
532 727 10
532 732 10
532 734 10
532 735 10
532 739 10
532 740 10
532 741 10
532 742 10
532 743 10
532 744 10
532 745 10
532 749 10
532 750 10
532 751 10
532 752 10
532 753 10
532 754 10
532 757 10
532 759 10
533 252 10
533 254 10
533 256 10
533 258 10
533 259 10
533 265 10
533 267 10
533 274 10
533 289 10
533 290 10
533 297 10
533 298 10
533 300 10
533 303 10
533 304 10
533 306 10
533 309 10
533 311 10
533 313 10
533 314 10
533 315 10
533 316 10
533 317 10
533 318 10
533 321 10
533 322 10
533 345 10
533 346 10
533 351 10
533 352 10
533 353 10
533 354 10
533 355 10
533 357 10
533 359 10
533 361 10
533 372 10
533 388 10
533 389 10
533 396 10
533 397 10
533 404 10
533 406 10
533 407 10
533 408 10
533 410 10
533 411 10
533 412 10
533 413 10
533 414 10
533 423 10
533 424 10
533 436 10
533 438 10
533 440 10
533 441 10
533 442 10
533 443 10
533 444 10
533 445 10
533 446 10
533 453 10
533 456 10
533 457 10
533 462 10
533 464 10
533 465 10
533 476 10
533 479 10
533 480 10
533 483 10
533 494 10
533 497 10
533 499 10
533 500 10
533 501 10
533 502 10
533 503 10
533 509 10
533 510 10
533 512 10
533 513 10
533 514 10
533 515 10
533 516 10
533 517 10
533 520 10
533 521 10
533 523 10
533 527 10
533 529 10
533 531 10
533 533 10
533 534 10
533 551 10
533 557 10
533 558 10
533 559 10
533 570 10
533 572 10
533 574 10
533 577 10
533 581 10
533 582 10
533 595 10
533 601 10
533 607 10
533 609 10
533 610 10
533 612 10
533 613 10
533 615 10
533 622 10
533 623 10
533 626 10
533 628 10
533 629 10
533 634 10
533 636 10
533 641 10
533 643 10
533 644 10
533 645 10
533 647 10
533 648 10
533 653 10
533 655 10
533 656 10
533 660 10
533 667 10
533 668 10
533 672 10
533 674 10
533 676 10
533 682 10
533 684 10
533 685 10
533 692 10
533 693 10
533 698 10
533 700 10
533 701 10
533 702 10
533 703 10
533 716 10
533 719 10
533 720 10
533 723 10
533 725 10
533 727 10
533 729 10
533 736 10
533 737 10
533 740 10
533 744 10
533 746 10
533 747 10
533 748 10
533 749 10
533 750 10
533 751 10
533 752 10
533 753 10
533 754 10
533 755 10
534 251 10
534 254 10
534 266 10
534 271 10
534 274 10
534 290 10
534 293 10
534 296 10
534 300 10
534 303 10
534 305 10
534 309 10
534 315 10
534 316 10
534 317 10
534 319 10
534 321 10
534 322 10
534 330 10
534 333 10
534 334 10
534 335 10
534 339 10
534 350 10
534 352 10
534 353 10
534 354 10
534 355 10
534 356 10
534 357 10
534 359 10
534 361 10
534 364 10
534 367 10
534 382 10
534 388 10
534 391 10
534 393 10
534 400 10
534 402 10
534 404 10
534 406 10
534 407 10
534 408 10
534 409 10
534 411 10
534 414 10
534 415 10
534 416 10
534 418 10
534 420 10
534 422 10
534 423 10
534 429 10
534 441 10
534 442 10
534 444 10
534 447 10
534 455 10
534 457 10
534 458 10
534 459 10
534 460 10
534 461 10
534 462 10
534 467 10
534 468 10
534 471 10
534 474 10
534 476 10
534 478 10
534 482 10
534 486 10
534 490 10
534 491 10
534 492 10
534 498 10
534 499 10
534 501 10
534 505 10
534 510 10
534 511 10
534 512 10
534 515 10
534 516 10
534 518 10
534 519 10
534 522 10
534 524 10
534 527 10
534 529 10
534 530 10
534 531 10
534 535 10
534 537 10
534 556 10
534 569 10
534 572 10
534 574 10
534 575 10
534 582 10
534 585 10
534 589 10
534 590 10
534 592 10
534 599 10
534 600 10
534 607 10
534 609 10
534 611 10
534 612 10
534 616 10
534 617 10
534 618 10
534 620 10
534 623 10
534 624 10
534 626 10
534 628 10
534 634 10
534 637 10
534 641 10
534 642 10
534 643 10
534 644 10
534 647 10
534 648 10
534 649 10
534 650 10
534 652 10
534 654 10
534 655 10
534 656 10
534 658 10
534 660 10
534 665 10
534 671 10
534 682 10
534 683 10
534 701 10
534 714 10
534 716 10
534 717 10
534 718 10
534 719 10
534 721 10
534 722 10
534 726 10
534 727 10
534 730 10
534 735 10
534 736 10
534 738 10
534 740 10
534 744 10
534 750 10
534 751 10
534 755 10
535 254 10
535 256 10
535 257 10
535 271 10
535 295 10
535 296 10
535 297 10
535 301 10
535 302 10
535 303 10
535 304 10
535 305 10
535 306 10
535 310 10
535 312 10
535 314 10
535 315 10
535 322 10
535 323 10
535 332 10
535 334 10
535 336 10
535 352 10
535 353 10
535 354 10
535 356 10
535 357 10
535 358 10
535 359 10
535 361 10
535 363 10
535 364 10
535 365 10
535 388 10
535 390 10
535 391 10
535 392 10
535 396 10
535 398 10
535 400 10
535 403 10
535 404 10
535 405 10
535 406 10
535 408 10
535 411 10
535 415 10
535 417 10
535 420 10
535 423 10
535 430 10
535 432 10
535 446 10
535 448 10
535 456 10
535 457 10
535 458 10
535 462 10
535 464 10
535 465 10
535 467 10
535 468 10
535 469 10
535 470 10
535 471 10
535 472 10
535 476 10
535 480 10
535 481 10
535 483 10
535 485 10
535 486 10
535 492 10
535 500 10
535 501 10
535 502 10
535 510 10
535 511 10
535 512 10
535 513 10
535 514 10
535 515 10
535 516 10
535 518 10
535 519 10
535 520 10
535 521 10
535 522 10
535 525 10
535 526 10
535 528 10
535 531 10
535 534 10
535 554 10
535 555 10
535 556 10
535 558 10
535 570 10
535 582 10
535 583 10
535 584 10
535 585 10
535 590 10
535 591 10
535 592 10
535 593 10
535 595 10
535 609 10
535 610 10
535 616 10
535 617 10
535 620 10
535 626 10
535 628 10
535 629 10
535 633 10
535 635 10
535 638 10
535 639 10
535 640 10
535 641 10
535 642 10
535 643 10
535 645 10
535 650 10
535 651 10
535 653 10
535 654 10
535 655 10
535 657 10
535 659 10
535 667 10
535 669 10
535 671 10
535 678 10
535 680 10
535 683 10
535 684 10
535 693 10
535 694 10
535 699 10
535 700 10
535 702 10
535 703 10
535 714 10
535 715 10
535 720 10
535 722 10
535 724 10
535 725 10
535 727 10
535 734 10
535 739 10
535 740 10
535 741 10
535 743 10
535 746 10
535 749 10
535 751 10
535 753 10
535 754 10
536 255 10
536 263 10
536 264 10
536 266 10
536 267 10
536 269 10
536 287 10
536 292 10
536 294 10
536 295 10
536 297 10
536 298 10
536 301 10
536 302 10
536 304 10
536 306 10
536 307 10
536 310 10
536 314 10
536 315 10
536 316 10
536 318 10
536 321 10
536 323 10
536 326 10
536 327 10
536 328 10
536 329 10
536 330 10
536 332 10
536 335 10
536 338 10
536 348 10
536 351 10
536 353 10
536 354 10
536 355 10
536 356 10
536 357 10
536 358 10
536 359 10
536 360 10
536 361 10
536 362 10
536 365 10
536 369 10
536 374 10
536 376 10
536 390 10
536 392 10
536 393 10
536 395 10
536 397 10
536 398 10
536 399 10
536 401 10
536 403 10
536 404 10
536 406 10
536 408 10
536 410 10
536 411 10
536 412 10
536 414 10
536 421 10
536 425 10
536 427 10
536 428 10
536 431 10
536 433 10
536 446 10
536 457 10
536 463 10
536 465 10
536 469 10
536 471 10
536 472 10
536 473 10
536 476 10
536 478 10
536 479 10
536 481 10
536 483 10
536 490 10
536 492 10
536 499 10
536 502 10
536 505 10
536 509 10
536 511 10
536 512 10
536 513 10
536 515 10
536 519 10
536 520 10
536 522 10
536 524 10
536 525 10
536 527 10
536 528 10
536 530 10
536 531 10
536 532 10
536 533 10
536 536 10
536 541 10
536 545 10
536 552 10
536 556 10
536 557 10
536 558 10
536 559 10
536 560 10
536 562 10
536 570 10
536 572 10
536 574 10
536 577 10
536 587 10
536 592 10
536 599 10
536 603 10
536 608 10
536 611 10
536 612 10
536 615 10
536 616 10
536 626 10
536 629 10
536 633 10
536 639 10
536 640 10
536 642 10
536 643 10
536 644 10
536 648 10
536 650 10
536 651 10
536 652 10
536 653 10
536 655 10
536 657 10
536 658 10
536 659 10
536 660 10
536 673 10
536 680 10
536 695 10
536 697 10
536 700 10
536 702 10
536 703 10
536 709 10
536 710 10
536 711 10
536 716 10
536 718 10
536 721 10
536 725 10
536 729 10
536 731 10
536 732 10
536 734 10
536 735 10
536 738 10
536 739 10
536 740 10
536 751 10
536 753 10
536 754 10
537 256 10
537 262 10
537 265 10
537 268 10
537 270 10
537 271 10
537 286 10
537 288 10
537 294 10
537 297 10
537 299 10
537 301 10
537 302 10
537 304 10
537 305 10
537 307 10
537 308 10
537 315 10
537 320 10
537 321 10
537 322 10
537 324 10
537 325 10
537 327 10
537 328 10
537 331 10
537 332 10
537 334 10
537 335 10
537 337 10
537 339 10
537 340 10
537 342 10
537 343 10
537 350 10
537 353 10
537 354 10
537 355 10
537 356 10
537 359 10
537 360 10
537 361 10
537 362 10
537 366 10
537 367 10
537 370 10
537 374 10
537 375 10
537 376 10
537 378 10
537 379 10
537 383 10
537 388 10
537 390 10
537 392 10
537 393 10
537 395 10
537 404 10
537 405 10
537 410 10
537 412 10
537 413 10
537 414 10
537 415 10
537 416 10
537 418 10
537 419 10
537 423 10
537 427 10
537 429 10
537 434 10
537 436 10
537 443 10
537 444 10
537 445 10
537 458 10
537 463 10
537 465 10
537 466 10
537 469 10
537 470 10
537 476 10
537 478 10
537 479 10
537 480 10
537 486 10
537 487 10
537 488 10
537 490 10
537 491 10
537 492 10
537 498 10
537 499 10
537 500 10
537 502 10
537 505 10
537 511 10
537 512 10
537 513 10
537 514 10
537 515 10
537 523 10
537 527 10
537 528 10
537 535 10
537 537 10
537 541 10
537 543 10
537 544 10
537 546 10
537 547 10
537 549 10
537 550 10
537 551 10
537 552 10
537 555 10
537 557 10
537 560 10
537 567 10
537 572 10
537 573 10
537 574 10
537 575 10
537 577 10
537 581 10
537 583 10
537 584 10
537 587 10
537 588 10
537 593 10
537 594 10
537 595 10
537 605 10
537 608 10
537 614 10
537 616 10
537 617 10
537 619 10
537 620 10
537 621 10
537 622 10
537 626 10
537 628 10
537 629 10
537 632 10
537 637 10
537 638 10
537 640 10
537 643 10
537 646 10
537 647 10
537 650 10
537 651 10
537 652 10
537 655 10
537 656 10
537 657 10
537 662 10
537 663 10
537 664 10
537 667 10
537 670 10
537 671 10
537 673 10
537 680 10
537 698 10
537 699 10
537 700 10
537 701 10
537 702 10
537 703 10
537 705 10
537 708 10
537 709 10
537 710 10
537 711 10
537 715 10
537 716 10
537 720 10
537 721 10
537 722 10
537 723 10
537 726 10
537 730 10
537 732 10
537 734 10
537 736 10
537 738 10
537 751 10
537 752 10
537 753 10
537 754 10
537 756 10
538 263 10
538 264 10
538 265 10
538 267 10
538 269 10
538 293 10
538 295 10
538 296 10
538 297 10
538 299 10
538 300 10
538 302 10
538 304 10
538 306 10
538 307 10
538 310 10
538 314 10
538 316 10
538 322 10
538 323 10
538 327 10
538 328 10
538 329 10
538 330 10
538 333 10
538 337 10
538 339 10
538 340 10
538 348 10
538 350 10
538 351 10
538 352 10
538 354 10
538 355 10
538 356 10
538 357 10
538 358 10
538 360 10
538 361 10
538 362 10
538 366 10
538 367 10
538 371 10
538 372 10
538 378 10
538 383 10
538 388 10
538 390 10
538 392 10
538 393 10
538 394 10
538 395 10
538 396 10
538 397 10
538 401 10
538 406 10
538 411 10
538 412 10
538 413 10
538 414 10
538 415 10
538 416 10
538 418 10
538 431 10
538 433 10
538 445 10
538 448 10
538 463 10
538 468 10
538 470 10
538 471 10
538 472 10
538 475 10
538 476 10
538 477 10
538 478 10
538 481 10
538 482 10
538 484 10
538 491 10
538 492 10
538 497 10
538 501 10
538 504 10
538 507 10
538 508 10
538 514 10
538 515 10
538 517 10
538 521 10
538 522 10
538 525 10
538 526 10
538 527 10
538 529 10
538 530 10
538 532 10
538 533 10
538 535 10
538 537 10
538 541 10
538 543 10
538 546 10
538 551 10
538 553 10
538 554 10
538 556 10
538 558 10
538 559 10
538 567 10
538 573 10
538 575 10
538 580 10
538 582 10
538 586 10
538 588 10
538 589 10
538 590 10
538 591 10
538 592 10
538 594 10
538 595 10
538 596 10
538 597 10
538 610 10
538 611 10
538 612 10
538 615 10
538 616 10
538 624 10
538 630 10
538 631 10
538 638 10
538 639 10
538 641 10
538 642 10
538 643 10
538 645 10
538 648 10
538 649 10
538 650 10
538 651 10
538 652 10
538 653 10
538 654 10
538 655 10
538 656 10
538 657 10
538 659 10
538 660 10
538 662 10
538 665 10
538 668 10
538 671 10
538 673 10
538 679 10
538 680 10
538 695 10
538 698 10
538 699 10
538 700 10
538 702 10
538 703 10
538 705 10
538 706 10
538 707 10
538 713 10
538 718 10
538 719 10
538 722 10
538 723 10
538 724 10
538 727 10
538 733 10
538 735 10
538 736 10
538 740 10
538 742 10
538 745 10
538 746 10
538 749 10
538 751 10
538 754 10
539 260 10
539 264 10
539 267 10
539 284 10
539 286 10
539 289 10
539 295 10
539 298 10
539 300 10
539 306 10
539 307 10
539 308 10
539 309 10
539 314 10
539 315 10
539 316 10
539 317 10
539 319 10
539 320 10
539 321 10
539 324 10
539 327 10
539 328 10
539 329 10
539 330 10
539 331 10
539 332 10
539 333 10
539 334 10
539 335 10
539 336 10
539 337 10
539 340 10
539 341 10
539 342 10
539 346 10
539 349 10
539 352 10
539 353 10
539 354 10
539 355 10
539 356 10
539 358 10
539 360 10
539 363 10
539 364 10
539 366 10
539 369 10
539 374 10
539 376 10
539 377 10
539 378 10
539 379 10
539 380 10
539 387 10
539 389 10
539 390 10
539 391 10
539 392 10
539 393 10
539 394 10
539 395 10
539 396 10
539 398 10
539 404 10
539 406 10
539 411 10
539 412 10
539 413 10
539 414 10
539 431 10
539 435 10
539 436 10
539 458 10
539 459 10
539 465 10
539 468 10
539 469 10
539 472 10
539 474 10
539 475 10
539 476 10
539 480 10
539 481 10
539 482 10
539 484 10
539 485 10
539 488 10
539 490 10
539 493 10
539 498 10
539 500 10
539 504 10
539 505 10
539 510 10
539 511 10
539 512 10
539 513 10
539 514 10
539 517 10
539 523 10
539 524 10
539 525 10
539 527 10
539 528 10
539 529 10
539 530 10
539 534 10
539 538 10
539 546 10
539 547 10
539 549 10
539 550 10
539 551 10
539 552 10
539 553 10
539 554 10
539 556 10
539 563 10
539 569 10
539 571 10
539 575 10
539 584 10
539 585 10
539 589 10
539 591 10
539 592 10
539 596 10
539 599 10
539 609 10
539 610 10
539 612 10
539 613 10
539 615 10
539 617 10
539 618 10
539 620 10
539 624 10
539 625 10
539 627 10
539 629 10
539 630 10
539 635 10
539 636 10
539 637 10
539 640 10
539 641 10
539 642 10
539 643 10
539 645 10
539 649 10
539 650 10
539 651 10
539 652 10
539 653 10
539 654 10
539 655 10
539 656 10
539 657 10
539 658 10
539 659 10
539 660 10
539 661 10
539 662 10
539 664 10
539 668 10
539 672 10
539 676 10
539 678 10
539 691 10
539 693 10
539 700 10
539 711 10
539 713 10
539 714 10
539 715 10
539 720 10
539 722 10
539 725 10
539 732 10
539 736 10
539 737 10
539 738 10
539 745 10
539 747 10
539 750 10
539 753 10
539 755 10
540 260 10
540 263 10
540 265 10
540 266 10
540 268 10
540 281 10
540 284 10
540 287 10
540 296 10
540 297 10
540 300 10
540 308 10
540 311 10
540 314 10
540 315 10
540 316 10
540 319 10
540 320 10
540 321 10
540 325 10
540 326 10
540 327 10
540 328 10
540 329 10
540 330 10
540 332 10
540 333 10
540 334 10
540 336 10
540 338 10
540 339 10
540 344 10
540 346 10
540 352 10
540 354 10
540 356 10
540 359 10
540 363 10
540 371 10
540 372 10
540 375 10
540 378 10
540 386 10
540 389 10
540 390 10
540 391 10
540 392 10
540 394 10
540 395 10
540 396 10
540 397 10
540 398 10
540 399 10
540 410 10
540 412 10
540 413 10
540 414 10
540 415 10
540 416 10
540 418 10
540 420 10
540 429 10
540 432 10
540 473 10
540 474 10
540 476 10
540 478 10
540 479 10
540 480 10
540 483 10
540 488 10
540 489 10
540 490 10
540 492 10
540 497 10
540 500 10
540 501 10
540 502 10
540 512 10
540 514 10
540 515 10
540 517 10
540 518 10
540 519 10
540 521 10
540 522 10
540 523 10
540 527 10
540 530 10
540 531 10
540 532 10
540 535 10
540 536 10
540 537 10
540 547 10
540 548 10
540 549 10
540 556 10
540 557 10
540 562 10
540 563 10
540 567 10
540 571 10
540 575 10
540 577 10
540 579 10
540 580 10
540 581 10
540 585 10
540 586 10
540 587 10
540 588 10
540 590 10
540 592 10
540 593 10
540 594 10
540 597 10
540 601 10
540 604 10
540 606 10
540 607 10
540 609 10
540 611 10
540 612 10
540 613 10
540 616 10
540 617 10
540 618 10
540 622 10
540 623 10
540 626 10
540 628 10
540 629 10
540 636 10
540 637 10
540 638 10
540 639 10
540 640 10
540 641 10
540 644 10
540 645 10
540 650 10
540 651 10
540 652 10
540 653 10
540 654 10
540 655 10
540 656 10
540 657 10
540 658 10
540 659 10
540 660 10
540 661 10
540 663 10
540 670 10
540 680 10
540 682 10
540 689 10
540 690 10
540 694 10
540 698 10
540 705 10
540 706 10
540 713 10
540 720 10
540 721 10
540 733 10
540 738 10
540 742 10
540 744 10
540 746 10
541 263 10
541 266 10
541 268 10
541 278 10
541 281 10
541 282 10
541 283 10
541 287 10
541 295 10
541 296 10
541 298 10
541 301 10
541 303 10
541 313 10
541 317 10
541 318 10
541 319 10
541 321 10
541 322 10
541 325 10
541 326 10
541 328 10
541 329 10
541 330 10
541 331 10
541 332 10
541 333 10
541 334 10
541 335 10
541 336 10
541 337 10
541 338 10
541 339 10
541 340 10
541 341 10
541 343 10
541 346 10
541 348 10
541 351 10
541 352 10
541 353 10
541 355 10
541 364 10
541 372 10
541 376 10
541 378 10
541 385 10
541 388 10
541 389 10
541 391 10
541 392 10
541 393 10
541 394 10
541 395 10
541 396 10
541 397 10
541 398 10
541 399 10
541 400 10
541 404 10
541 411 10
541 414 10
541 416 10
541 422 10
541 425 10
541 428 10
541 431 10
541 442 10
541 455 10
541 460 10
541 461 10
541 470 10
541 472 10
541 473 10
541 475 10
541 476 10
541 477 10
541 478 10
541 479 10
541 480 10
541 481 10
541 483 10
541 487 10
541 490 10
541 498 10
541 499 10
541 501 10
541 502 10
541 505 10
541 512 10
541 514 10
541 516 10
541 518 10
541 519 10
541 524 10
541 527 10
541 530 10
541 532 10
541 535 10
541 542 10
541 543 10
541 549 10
541 550 10
541 554 10
541 555 10
541 557 10
541 559 10
541 568 10
541 574 10
541 577 10
541 581 10
541 583 10
541 587 10
541 589 10
541 590 10
541 591 10
541 592 10
541 594 10
541 596 10
541 597 10
541 598 10
541 599 10
541 600 10
541 605 10
541 607 10
541 608 10
541 609 10
541 611 10
541 612 10
541 613 10
541 614 10
541 615 10
541 616 10
541 617 10
541 618 10
541 619 10
541 620 10
541 621 10
541 625 10
541 626 10
541 629 10
541 632 10
541 649 10
541 651 10
541 652 10
541 653 10
541 654 10
541 655 10
541 656 10
541 657 10
541 658 10
541 659 10
541 662 10
541 664 10
541 666 10
541 670 10
541 672 10
541 676 10
541 679 10
541 681 10
541 689 10
541 691 10
541 692 10
541 694 10
541 700 10
541 703 10
541 705 10
541 714 10
541 718 10
541 723 10
541 724 10
541 726 10
541 732 10
541 733 10
541 734 10
541 737 10
541 738 10
541 742 10
541 743 10
541 744 10
541 746 10
541 747 10
541 754 10
542 258 10
542 259 10
542 260 10
542 261 10
542 268 10
542 283 10
542 286 10
542 291 10
542 293 10
542 295 10
542 297 10
542 298 10
542 299 10
542 300 10
542 306 10
542 314 10
542 315 10
542 317 10
542 319 10
542 320 10
542 321 10
542 322 10
542 324 10
542 328 10
542 329 10
542 330 10
542 332 10
542 333 10
542 334 10
542 335 10
542 336 10
542 339 10
542 340 10
542 341 10
542 344 10
542 345 10
542 352 10
542 353 10
542 354 10
542 355 10
542 357 10
542 361 10
542 363 10
542 366 10
542 371 10
542 372 10
542 373 10
542 374 10
542 380 10
542 381 10
542 387 10
542 388 10
542 390 10
542 391 10
542 392 10
542 393 10
542 394 10
542 395 10
542 396 10
542 397 10
542 399 10
542 409 10
542 412 10
542 416 10
542 418 10
542 420 10
542 421 10
542 422 10
542 426 10
542 429 10
542 431 10
542 433 10
542 434 10
542 437 10
542 440 10
542 442 10
542 444 10
542 445 10
542 446 10
542 450 10
542 453 10
542 454 10
542 464 10
542 468 10
542 472 10
542 473 10
542 477 10
542 480 10
542 481 10
542 482 10
542 483 10
542 488 10
542 489 10
542 490 10
542 491 10
542 494 10
542 500 10
542 518 10
542 519 10
542 523 10
542 524 10
542 525 10
542 527 10
542 529 10
542 532 10
542 533 10
542 543 10
542 544 10
542 547 10
542 548 10
542 551 10
542 552 10
542 555 10
542 556 10
542 562 10
542 564 10
542 566 10
542 575 10
542 577 10
542 578 10
542 579 10
542 580 10
542 585 10
542 589 10
542 590 10
542 591 10
542 593 10
542 594 10
542 596 10
542 597 10
542 598 10
542 600 10
542 602 10
542 604 10
542 605 10
542 606 10
542 608 10
542 609 10
542 614 10
542 616 10
542 621 10
542 622 10
542 624 10
542 625 10
542 626 10
542 627 10
542 629 10
542 631 10
542 632 10
542 635 10
542 636 10
542 638 10
542 640 10
542 641 10
542 642 10
542 643 10
542 645 10
542 646 10
542 648 10
542 650 10
542 651 10
542 652 10
542 654 10
542 655 10
542 656 10
542 657 10
542 658 10
542 664 10
542 665 10
542 666 10
542 678 10
542 680 10
542 686 10
542 687 10
542 688 10
542 690 10
542 691 10
542 695 10
542 699 10
542 700 10
542 701 10
542 703 10
542 706 10
542 707 10
542 711 10
542 715 10
542 718 10
542 729 10
542 732 10
542 738 10
542 739 10
542 740 10
542 741 10
542 745 10
542 750 10
542 751 10
542 752 10
542 753 10
542 756 10
542 773 10
542 775 10
543 259 10
543 260 10
543 262 10
543 263 10
543 264 10
543 280 10
543 285 10
543 286 10
543 287 10
543 291 10
543 292 10
543 296 10
543 299 10
543 300 10
543 302 10
543 305 10
543 306 10
543 309 10
543 310 10
543 311 10
543 315 10
543 317 10
543 318 10
543 319 10
543 322 10
543 323 10
543 325 10
543 326 10
543 328 10
543 329 10
543 330 10
543 332 10
543 333 10
543 334 10
543 335 10
543 336 10
543 337 10
543 339 10
543 342 10
543 346 10
543 355 10
543 358 10
543 359 10
543 361 10
543 362 10
543 364 10
543 365 10
543 366 10
543 368 10
543 369 10
543 370 10
543 377 10
543 378 10
543 379 10
543 389 10
543 391 10
543 392 10
543 393 10
543 394 10
543 395 10
543 396 10
543 397 10
543 398 10
543 400 10
543 402 10
543 409 10
543 412 10
543 415 10
543 421 10
543 424 10
543 426 10
543 428 10
543 429 10
543 431 10
543 437 10
543 440 10
543 442 10
543 443 10
543 444 10
543 445 10
543 446 10
543 448 10
543 452 10
543 453 10
543 457 10
543 458 10
543 459 10
543 468 10
543 469 10
543 472 10
543 473 10
543 474 10
543 477 10
543 478 10
543 481 10
543 483 10
543 484 10
543 486 10
543 487 10
543 488 10
543 496 10
543 513 10
543 517 10
543 518 10
543 522 10
543 524 10
543 525 10
543 526 10
543 527 10
543 528 10
543 530 10
543 532 10
543 539 10
543 540 10
543 543 10
543 544 10
543 546 10
543 550 10
543 551 10
543 560 10
543 562 10
543 564 10
543 566 10
543 572 10
543 574 10
543 579 10
543 582 10
543 583 10
543 585 10
543 587 10
543 591 10
543 592 10
543 593 10
543 596 10
543 597 10
543 599 10
543 600 10
543 602 10
543 604 10
543 606 10
543 608 10
543 609 10
543 610 10
543 612 10
543 614 10
543 615 10
543 616 10
543 617 10
543 619 10
543 623 10
543 625 10
543 626 10
543 627 10
543 629 10
543 631 10
543 635 10
543 637 10
543 638 10
543 639 10
543 640 10
543 641 10
543 647 10
543 648 10
543 652 10
543 653 10
543 655 10
543 656 10
543 657 10
543 658 10
543 659 10
543 661 10
543 664 10
543 666 10
543 672 10
543 673 10
543 675 10
543 679 10
543 686 10
543 687 10
543 691 10
543 694 10
543 703 10
543 715 10
543 717 10
543 740 10
543 741 10
543 743 10
543 748 10
543 754 10
543 755 10
543 756 10
543 758 10
543 760 10
543 767 10
544 263 10
544 281 10
544 282 10
544 285 10
544 287 10
544 288 10
544 294 10
544 296 10
544 297 10
544 298 10
544 299 10
544 301 10
544 302 10
544 304 10
544 306 10
544 307 10
544 308 10
544 310 10
544 312 10
544 314 10
544 315 10
544 317 10
544 319 10
544 324 10
544 326 10
544 327 10
544 329 10
544 330 10
544 331 10
544 332 10
544 333 10
544 334 10
544 335 10
544 340 10
544 341 10
544 342 10
544 344 10
544 346 10
544 352 10
544 353 10
544 354 10
544 355 10
544 357 10
544 358 10
544 359 10
544 360 10
544 361 10
544 362 10
544 366 10
544 367 10
544 370 10
544 377 10
544 389 10
544 391 10
544 393 10
544 394 10
544 395 10
544 396 10
544 397 10
544 398 10
544 401 10
544 405 10
544 407 10
544 410 10
544 412 10
544 413 10
544 415 10
544 418 10
544 420 10
544 426 10
544 431 10
544 433 10
544 437 10
544 440 10
544 443 10
544 451 10
544 452 10
544 453 10
544 454 10
544 457 10
544 459 10
544 464 10
544 468 10
544 471 10
544 472 10
544 475 10
544 476 10
544 478 10
544 480 10
544 481 10
544 482 10
544 483 10
544 484 10
544 486 10
544 487 10
544 488 10
544 489 10
544 491 10
544 492 10
544 500 10
544 511 10
544 517 10
544 519 10
544 521 10
544 524 10
544 525 10
544 526 10
544 527 10
544 528 10
544 536 10
544 537 10
544 540 10
544 542 10
544 544 10
544 553 10
544 564 10
544 569 10
544 570 10
544 571 10
544 572 10
544 573 10
544 576 10
544 577 10
544 580 10
544 582 10
544 584 10
544 585 10
544 586 10
544 587 10
544 588 10
544 592 10
544 594 10
544 595 10
544 596 10
544 602 10
544 603 10
544 605 10
544 607 10
544 608 10
544 609 10
544 614 10
544 619 10
544 621 10
544 623 10
544 624 10
544 627 10
544 629 10
544 631 10
544 632 10
544 636 10
544 639 10
544 640 10
544 642 10
544 643 10
544 644 10
544 647 10
544 648 10
544 649 10
544 651 10
544 653 10
544 655 10
544 656 10
544 657 10
544 659 10
544 661 10
544 664 10
544 665 10
544 674 10
544 688 10
544 689 10
544 704 10
544 710 10
544 713 10
544 714 10
544 717 10
544 718 10
544 719 10
544 727 10
544 745 10
544 747 10
544 749 10
544 750 10
544 751 10
544 752 10
544 753 10
544 756 10
544 758 10
544 760 10
545 260 10
545 261 10
545 262 10
545 273 10
545 280 10
545 281 10
545 282 10
545 283 10
545 291 10
545 294 10
545 297 10
545 298 10
545 300 10
545 302 10
545 305 10
545 306 10
545 311 10
545 312 10
545 314 10
545 316 10
545 319 10
545 320 10
545 325 10
545 326 10
545 328 10
545 329 10
545 330 10
545 331 10
545 332 10
545 333 10
545 334 10
545 335 10
545 336 10
545 337 10
545 339 10
545 341 10
545 345 10
545 351 10
545 352 10
545 353 10
545 354 10
545 355 10
545 356 10
545 359 10
545 360 10
545 361 10
545 362 10
545 364 10
545 367 10
545 368 10
545 372 10
545 376 10
545 377 10
545 381 10
545 388 10
545 392 10
545 393 10
545 394 10
545 395 10
545 396 10
545 397 10
545 398 10
545 399 10
545 400 10
545 405 10
545 409 10
545 412 10
545 413 10
545 414 10
545 416 10
545 417 10
545 420 10
545 424 10
545 425 10
545 427 10
545 428 10
545 430 10
545 432 10
545 437 10
545 438 10
545 444 10
545 445 10
545 446 10
545 448 10
545 449 10
545 450 10
545 451 10
545 453 10
545 457 10
545 460 10
545 462 10
545 464 10
545 468 10
545 473 10
545 475 10
545 477 10
545 479 10
545 484 10
545 485 10
545 497 10
545 502 10
545 515 10
545 517 10
545 520 10
545 521 10
545 528 10
545 532 10
545 534 10
545 535 10
545 538 10
545 540 10
545 541 10
545 542 10
545 543 10
545 544 10
545 546 10
545 548 10
545 549 10
545 550 10
545 555 10
545 559 10
545 560 10
545 561 10
545 562 10
545 564 10
545 565 10
545 566 10
545 568 10
545 570 10
545 571 10
545 572 10
545 573 10
545 574 10
545 577 10
545 578 10
545 579 10
545 580 10
545 583 10
545 586 10
545 587 10
545 588 10
545 589 10
545 591 10
545 593 10
545 594 10
545 595 10
545 596 10
545 597 10
545 600 10
545 601 10
545 602 10
545 604 10
545 607 10
545 610 10
545 612 10
545 613 10
545 618 10
545 619 10
545 621 10
545 624 10
545 625 10
545 626 10
545 629 10
545 630 10
545 631 10
545 632 10
545 633 10
545 634 10
545 637 10
545 638 10
545 640 10
545 648 10
545 649 10
545 652 10
545 653 10
545 658 10
545 660 10
545 663 10
545 664 10
545 666 10
545 675 10
545 681 10
545 687 10
545 688 10
545 692 10
545 695 10
545 697 10
545 705 10
545 707 10
545 711 10
545 712 10
545 714 10
545 719 10
545 720 10
545 730 10
545 742 10
545 744 10
545 745 10
545 747 10
545 751 10
545 756 10
545 766 10
545 770 10
545 775 10
545 778 10
546 277 10
546 279 10
546 280 10
546 292 10
546 296 10
546 298 10
546 299 10
546 300 10
546 301 10
546 304 10
546 305 10
546 307 10
546 310 10
546 313 10
546 314 10
546 320 10
546 323 10
546 324 10
546 326 10
546 327 10
546 328 10
546 329 10
546 330 10
546 331 10
546 334 10
546 336 10
546 337 10
546 341 10
546 344 10
546 346 10
546 350 10
546 352 10
546 355 10
546 356 10
546 357 10
546 359 10
546 361 10
546 362 10
546 363 10
546 366 10
546 368 10
546 369 10
546 370 10
546 372 10
546 390 10
546 391 10
546 392 10
546 394 10
546 395 10
546 396 10
546 397 10
546 399 10
546 400 10
546 406 10
546 407 10
546 409 10
546 410 10
546 413 10
546 415 10
546 417 10
546 418 10
546 419 10
546 430 10
546 432 10
546 435 10
546 437 10
546 438 10
546 441 10
546 443 10
546 444 10
546 445 10
546 446 10
546 448 10
546 450 10
546 453 10
546 454 10
546 455 10
546 457 10
546 458 10
546 463 10
546 464 10
546 466 10
546 471 10
546 476 10
546 481 10
546 482 10
546 484 10
546 485 10
546 487 10
546 492 10
546 497 10
546 502 10
546 517 10
546 519 10
546 522 10
546 526 10
546 530 10
546 531 10
546 532 10
546 534 10
546 535 10
546 536 10
546 537 10
546 540 10
546 542 10
546 543 10
546 544 10
546 546 10
546 554 10
546 558 10
546 559 10
546 562 10
546 565 10
546 569 10
546 572 10
546 573 10
546 574 10
546 576 10
546 577 10
546 578 10
546 579 10
546 580 10
546 581 10
546 582 10
546 583 10
546 584 10
546 585 10
546 586 10
546 587 10
546 588 10
546 589 10
546 591 10
546 592 10
546 593 10
546 599 10
546 600 10
546 602 10
546 603 10
546 604 10
546 605 10
546 607 10
546 609 10
546 610 10
546 611 10
546 613 10
546 614 10
546 616 10
546 620 10
546 622 10
546 623 10
546 624 10
546 625 10
546 626 10
546 628 10
546 632 10
546 633 10
546 634 10
546 636 10
546 641 10
546 646 10
546 647 10
546 650 10
546 655 10
546 656 10
546 657 10
546 658 10
546 660 10
546 667 10
546 677 10
546 681 10
546 682 10
546 683 10
546 691 10
546 698 10
546 701 10
546 704 10
546 712 10
546 716 10
546 717 10
546 718 10
546 719 10
546 726 10
546 728 10
546 735 10
546 740 10
546 747 10
546 750 10
546 751 10
546 752 10
546 753 10
546 755 10
546 766 10
546 769 10
546 771 10
546 773 10
546 783 10
547 277 10
547 278 10
547 280 10
547 294 10
547 295 10
547 297 10
547 298 10
547 299 10
547 302 10
547 313 10
547 314 10
547 320 10
547 322 10
547 324 10
547 326 10
547 327 10
547 328 10
547 329 10
547 330 10
547 331 10
547 332 10
547 333 10
547 336 10
547 337 10
547 339 10
547 341 10
547 342 10
547 345 10
547 347 10
547 355 10
547 361 10
547 362 10
547 363 10
547 364 10
547 365 10
547 367 10
547 369 10
547 370 10
547 371 10
547 372 10
547 375 10
547 379 10
547 382 10
547 383 10
547 387 10
547 389 10
547 390 10
547 392 10
547 393 10
547 394 10
547 396 10
547 398 10
547 399 10
547 400 10
547 403 10
547 404 10
547 407 10
547 408 10
547 409 10
547 411 10
547 414 10
547 416 10
547 420 10
547 421 10
547 424 10
547 427 10
547 429 10
547 431 10
547 432 10
547 436 10
547 439 10
547 441 10
547 443 10
547 446 10
547 448 10
547 449 10
547 450 10
547 452 10
547 453 10
547 454 10
547 455 10
547 462 10
547 463 10
547 473 10
547 476 10
547 483 10
547 484 10
547 485 10
547 486 10
547 498 10
547 499 10
547 520 10
547 524 10
547 527 10
547 531 10
547 533 10
547 535 10
547 536 10
547 540 10
547 542 10
547 547 10
547 559 10
547 560 10
547 562 10
547 564 10
547 565 10
547 566 10
547 567 10
547 570 10
547 571 10
547 572 10
547 574 10
547 575 10
547 576 10
547 577 10
547 578 10
547 579 10
547 580 10
547 581 10
547 582 10
547 583 10
547 584 10
547 585 10
547 586 10
547 587 10
547 588 10
547 589 10
547 592 10
547 594 10
547 596 10
547 598 10
547 603 10
547 604 10
547 605 10
547 606 10
547 608 10
547 609 10
547 611 10
547 616 10
547 617 10
547 618 10
547 622 10
547 628 10
547 629 10
547 630 10
547 632 10
547 633 10
547 634 10
547 636 10
547 637 10
547 639 10
547 641 10
547 647 10
547 648 10
547 652 10
547 658 10
547 659 10
547 660 10
547 661 10
547 681 10
547 694 10
547 701 10
547 704 10
547 705 10
547 707 10
547 708 10
547 709 10
547 718 10
547 726 10
547 727 10
547 728 10
547 729 10
547 732 10
547 734 10
547 736 10
547 746 10
547 748 10
547 749 10
547 750 10
547 754 10
547 755 10
547 757 10
547 759 10
547 772 10
547 775 10
548 268 10
548 279 10
548 280 10
548 281 10
548 282 10
548 294 10
548 299 10
548 300 10
548 301 10
548 305 10
548 306 10
548 314 10
548 315 10
548 318 10
548 319 10
548 321 10
548 327 10
548 328 10
548 329 10
548 339 10
548 341 10
548 343 10
548 345 10
548 346 10
548 350 10
548 351 10
548 352 10
548 355 10
548 357 10
548 358 10
548 359 10
548 361 10
548 362 10
548 363 10
548 365 10
548 366 10
548 367 10
548 368 10
548 369 10
548 370 10
548 372 10
548 374 10
548 379 10
548 380 10
548 381 10
548 383 10
548 385 10
548 387 10
548 390 10
548 392 10
548 395 10
548 396 10
548 398 10
548 399 10
548 400 10
548 401 10
548 402 10
548 406 10
548 407 10
548 408 10
548 409 10
548 410 10
548 416 10
548 417 10
548 418 10
548 421 10
548 428 10
548 429 10
548 430 10
548 431 10
548 432 10
548 433 10
548 436 10
548 439 10
548 442 10
548 444 10
548 446 10
548 451 10
548 452 10
548 455 10
548 456 10
548 458 10
548 462 10
548 464 10
548 484 10
548 485 10
548 490 10
548 491 10
548 493 10
548 494 10
548 495 10
548 496 10
548 497 10
548 499 10
548 502 10
548 513 10
548 514 10
548 521 10
548 525 10
548 530 10
548 531 10
548 533 10
548 539 10
548 541 10
548 542 10
548 544 10
548 555 10
548 558 10
548 560 10
548 565 10
548 567 10
548 569 10
548 571 10
548 572 10
548 573 10
548 574 10
548 576 10
548 578 10
548 579 10
548 580 10
548 581 10
548 582 10
548 584 10
548 585 10
548 587 10
548 588 10
548 589 10
548 592 10
548 593 10
548 594 10
548 596 10
548 597 10
548 598 10
548 599 10
548 603 10
548 605 10
548 606 10
548 607 10
548 608 10
548 611 10
548 613 10
548 614 10
548 616 10
548 619 10
548 621 10
548 622 10
548 623 10
548 624 10
548 625 10
548 626 10
548 627 10
548 629 10
548 633 10
548 635 10
548 636 10
548 638 10
548 640 10
548 641 10
548 642 10
548 643 10
548 644 10
548 647 10
548 649 10
548 650 10
548 652 10
548 653 10
548 668 10
548 685 10
548 687 10
548 696 10
548 697 10
548 698 10
548 701 10
548 707 10
548 708 10
548 712 10
548 727 10
548 735 10
548 736 10
548 739 10
548 746 10
548 749 10
548 751 10
548 752 10
548 753 10
548 754 10
548 755 10
548 757 10
548 764 10
548 765 10
548 767 10
548 780 10
549 297 10
549 298 10
549 300 10
549 302 10
549 314 10
549 315 10
549 321 10
549 323 10
549 327 10
549 329 10
549 330 10
549 331 10
549 333 10
549 335 10
549 337 10
549 338 10
549 340 10
549 341 10
549 342 10
549 344 10
549 346 10
549 356 10
549 357 10
549 358 10
549 359 10
549 361 10
549 362 10
549 363 10
549 365 10
549 368 10
549 369 10
549 373 10
549 375 10
549 377 10
549 378 10
549 383 10
549 384 10
549 385 10
549 386 10
549 387 10
549 392 10
549 393 10
549 396 10
549 398 10
549 399 10
549 401 10
549 404 10
549 412 10
549 413 10
549 414 10
549 415 10
549 419 10
549 420 10
549 421 10
549 422 10
549 427 10
549 429 10
549 432 10
549 434 10
549 435 10
549 437 10
549 438 10
549 440 10
549 442 10
549 443 10
549 444 10
549 446 10
549 447 10
549 450 10
549 451 10
549 453 10
549 454 10
549 456 10
549 459 10
549 461 10
549 466 10
549 471 10
549 477 10
549 483 10
549 484 10
549 492 10
549 497 10
549 498 10
549 501 10
549 503 10
549 512 10
549 513 10
549 515 10
549 529 10
549 530 10
549 533 10
549 536 10
549 537 10
549 538 10
549 539 10
549 540 10
549 542 10
549 553 10
549 558 10
549 559 10
549 562 10
549 564 10
549 567 10
549 571 10
549 574 10
549 575 10
549 577 10
549 578 10
549 579 10
549 581 10
549 582 10
549 585 10
549 586 10
549 587 10
549 588 10
549 589 10
549 591 10
549 594 10
549 596 10
549 599 10
549 600 10
549 604 10
549 605 10
549 607 10
549 609 10
549 610 10
549 611 10
549 613 10
549 615 10
549 617 10
549 618 10
549 622 10
549 624 10
549 627 10
549 630 10
549 632 10
549 634 10
549 637 10
549 640 10
549 647 10
549 649 10
549 651 10
549 652 10
549 654 10
549 674 10
549 681 10
549 688 10
549 689 10
549 690 10
549 698 10
549 699 10
549 701 10
549 705 10
549 708 10
549 710 10
549 712 10
549 713 10
549 726 10
549 728 10
549 731 10
549 732 10
549 733 10
549 735 10
549 736 10
549 737 10
549 739 10
549 740 10
549 742 10
549 748 10
549 749 10
549 750 10
549 752 10
549 754 10
549 757 10
549 763 10
549 772 10
549 777 10
549 778 10
549 779 10
550 280 10
550 298 10
550 301 10
550 318 10
550 319 10
550 321 10
550 324 10
550 326 10
550 327 10
550 329 10
550 330 10
550 334 10
550 338 10
550 339 10
550 340 10
550 341 10
550 344 10
550 348 10
550 350 10
550 352 10
550 360 10
550 361 10
550 362 10
550 363 10
550 364 10
550 365 10
550 366 10
550 368 10
550 369 10
550 371 10
550 374 10
550 376 10
550 379 10
550 380 10
550 382 10
550 383 10
550 387 10
550 388 10
550 393 10
550 394 10
550 395 10
550 403 10
550 404 10
550 406 10
550 407 10
550 409 10
550 410 10
550 411 10
550 412 10
550 413 10
550 418 10
550 420 10
550 425 10
550 426 10
550 434 10
550 435 10
550 437 10
550 444 10
550 446 10
550 452 10
550 455 10
550 458 10
550 461 10
550 468 10
550 483 10
550 491 10
550 492 10
550 494 10
550 496 10
550 503 10
550 517 10
550 530 10
550 531 10
550 532 10
550 533 10
550 537 10
550 538 10
550 543 10
550 546 10
550 554 10
550 555 10
550 557 10
550 559 10
550 565 10
550 566 10
550 567 10
550 570 10
550 576 10
550 577 10
550 578 10
550 579 10
550 580 10
550 581 10
550 583 10
550 584 10
550 585 10
550 587 10
550 594 10
550 598 10
550 599 10
550 600 10
550 601 10
550 602 10
550 604 10
550 605 10
550 615 10
550 616 10
550 617 10
550 620 10
550 621 10
550 622 10
550 623 10
550 624 10
550 625 10
550 627 10
550 628 10
550 630 10
550 634 10
550 636 10
550 637 10
550 638 10
550 640 10
550 641 10
550 643 10
550 646 10
550 647 10
550 649 10
550 651 10
550 652 10
550 659 10
550 660 10
550 661 10
550 665 10
550 676 10
550 681 10
550 682 10
550 683 10
550 687 10
550 688 10
550 689 10
550 696 10
550 697 10
550 698 10
550 700 10
550 701 10
550 702 10
550 703 10
550 708 10
550 711 10
550 726 10
550 727 10
550 728 10
550 729 10
550 730 10
550 731 10
550 732 10
550 733 10
550 734 10
550 736 10
550 738 10
550 741 10
550 743 10
550 744 10
550 745 10
550 750 10
550 752 10
550 756 10
550 767 10
550 777 10
551 297 10
551 300 10
551 302 10
551 314 10
551 315 10
551 316 10
551 324 10
551 325 10
551 327 10
551 328 10
551 329 10
551 331 10
551 332 10
551 333 10
551 334 10
551 335 10
551 337 10
551 338 10
551 339 10
551 340 10
551 341 10
551 342 10
551 345 10
551 356 10
551 357 10
551 360 10
551 361 10
551 362 10
551 363 10
551 364 10
551 365 10
551 366 10
551 368 10
551 369 10
551 371 10
551 373 10
551 374 10
551 375 10
551 383 10
551 385 10
551 393 10
551 398 10
551 400 10
551 404 10
551 405 10
551 410 10
551 414 10
551 419 10
551 420 10
551 429 10
551 430 10
551 431 10
551 432 10
551 433 10
551 436 10
551 437 10
551 439 10
551 441 10
551 443 10
551 446 10
551 450 10
551 452 10
551 453 10
551 454 10
551 455 10
551 456 10
551 457 10
551 459 10
551 460 10
551 462 10
551 476 10
551 477 10
551 489 10
551 494 10
551 499 10
551 504 10
551 511 10
551 514 10
551 527 10
551 528 10
551 529 10
551 531 10
551 535 10
551 536 10
551 540 10
551 541 10
551 542 10
551 544 10
551 553 10
551 554 10
551 555 10
551 558 10
551 560 10
551 562 10
551 568 10
551 570 10
551 578 10
551 579 10
551 580 10
551 581 10
551 583 10
551 584 10
551 585 10
551 587 10
551 589 10
551 590 10
551 592 10
551 595 10
551 596 10
551 597 10
551 598 10
551 600 10
551 602 10
551 603 10
551 607 10
551 611 10
551 613 10
551 620 10
551 622 10
551 623 10
551 626 10
551 627 10
551 629 10
551 633 10
551 634 10
551 635 10
551 638 10
551 640 10
551 642 10
551 643 10
551 648 10
551 654 10
551 662 10
551 663 10
551 667 10
551 672 10
551 675 10
551 685 10
551 686 10
551 687 10
551 691 10
551 698 10
551 701 10
551 703 10
551 704 10
551 705 10
551 707 10
551 709 10
551 713 10
551 725 10
551 729 10
551 730 10
551 731 10
551 732 10
551 733 10
551 734 10
551 736 10
551 739 10
551 740 10
551 741 10
551 742 10
551 743 10
551 745 10
551 749 10
551 753 10
551 754 10
551 757 10
551 764 10
551 776 10
551 777 10
551 778 10
552 279 10
552 281 10
552 292 10
552 314 10
552 325 10
552 327 10
552 329 10
552 331 10
552 333 10
552 334 10
552 335 10
552 337 10
552 338 10
552 339 10
552 340 10
552 342 10
552 358 10
552 359 10
552 360 10
552 362 10
552 363 10
552 364 10
552 365 10
552 366 10
552 369 10
552 371 10
552 372 10
552 373 10
552 375 10
552 376 10
552 377 10
552 381 10
552 383 10
552 384 10
552 387 10
552 391 10
552 394 10
552 396 10
552 397 10
552 402 10
552 405 10
552 408 10
552 409 10
552 411 10
552 412 10
552 420 10
552 424 10
552 425 10
552 434 10
552 435 10
552 436 10
552 439 10
552 442 10
552 451 10
552 452 10
552 454 10
552 456 10
552 459 10
552 462 10
552 465 10
552 466 10
552 470 10
552 471 10
552 475 10
552 492 10
552 494 10
552 497 10
552 502 10
552 509 10
552 513 10
552 528 10
552 529 10
552 531 10
552 535 10
552 538 10
552 540 10
552 541 10
552 542 10
552 555 10
552 556 10
552 557 10
552 561 10
552 562 10
552 564 10
552 573 10
552 576 10
552 577 10
552 578 10
552 579 10
552 580 10
552 581 10
552 582 10
552 583 10
552 584 10
552 585 10
552 586 10
552 587 10
552 589 10
552 591 10
552 593 10
552 594 10
552 595 10
552 596 10
552 597 10
552 601 10
552 602 10
552 603 10
552 613 10
552 614 10
552 615 10
552 616 10
552 622 10
552 624 10
552 626 10
552 629 10
552 630 10
552 631 10
552 632 10
552 633 10
552 635 10
552 637 10
552 639 10
552 640 10
552 641 10
552 643 10
552 648 10
552 651 10
552 657 10
552 662 10
552 665 10
552 681 10
552 687 10
552 694 10
552 696 10
552 699 10
552 701 10
552 703 10
552 705 10
552 713 10
552 714 10
552 727 10
552 728 10
552 731 10
552 732 10
552 734 10
552 737 10
552 740 10
552 741 10
552 743 10
552 746 10
552 748 10
552 755 10
552 762 10
552 764 10
552 766 10
552 777 10
553 279 10
553 281 10
553 294 10
553 296 10
553 299 10
553 300 10
553 312 10
553 314 10
553 316 10
553 327 10
553 329 10
553 333 10
553 334 10
553 338 10
553 340 10
553 342 10
553 348 10
553 361 10
553 364 10
553 368 10
553 370 10
553 371 10
553 374 10
553 379 10
553 380 10
553 382 10
553 383 10
553 384 10
553 385 10
553 393 10
553 399 10
553 405 10
553 406 10
553 407 10
553 408 10
553 409 10
553 410 10
553 416 10
553 423 10
553 429 10
553 431 10
553 432 10
553 434 10
553 436 10
553 438 10
553 439 10
553 444 10
553 445 10
553 450 10
553 451 10
553 453 10
553 456 10
553 461 10
553 464 10
553 475 10
553 494 10
553 500 10
553 502 10
553 503 10
553 505 10
553 511 10
553 512 10
553 513 10
553 533 10
553 535 10
553 536 10
553 540 10
553 544 10
553 554 10
553 557 10
553 558 10
553 561 10
553 574 10
553 575 10
553 578 10
553 579 10
553 580 10
553 581 10
553 582 10
553 583 10
553 585 10
553 586 10
553 589 10
553 595 10
553 599 10
553 600 10
553 601 10
553 602 10
553 604 10
553 611 10
553 613 10
553 614 10
553 618 10
553 620 10
553 621 10
553 622 10
553 623 10
553 624 10
553 626 10
553 627 10
553 632 10
553 636 10
553 637 10
553 638 10
553 641 10
553 642 10
553 643 10
553 644 10
553 663 10
553 664 10
553 665 10
553 675 10
553 676 10
553 679 10
553 680 10
553 687 10
553 689 10
553 692 10
553 694 10
553 696 10
553 697 10
553 698 10
553 702 10
553 704 10
553 705 10
553 707 10
553 708 10
553 709 10
553 710 10
553 714 10
553 715 10
553 731 10
553 733 10
553 734 10
553 735 10
553 736 10
553 739 10
553 740 10
553 741 10
553 742 10
553 745 10
553 761 10
553 764 10
553 766 10
553 774 10
553 776 10
554 288 10
554 292 10
554 295 10
554 302 10
554 311 10
554 315 10
554 320 10
554 330 10
554 333 10
554 338 10
554 339 10
554 340 10
554 343 10
554 347 10
554 348 10
554 350 10
554 352 10
554 357 10
554 358 10
554 359 10
554 361 10
554 363 10
554 364 10
554 365 10
554 366 10
554 367 10
554 369 10
554 371 10
554 373 10
554 374 10
554 375 10
554 376 10
554 377 10
554 378 10
554 379 10
554 380 10
554 381 10
554 382 10
554 383 10
554 391 10
554 392 10
554 393 10
554 394 10
554 395 10
554 399 10
554 401 10
554 407 10
554 408 10
554 409 10
554 411 10
554 435 10
554 436 10
554 448 10
554 451 10
554 454 10
554 458 10
554 470 10
554 475 10
554 484 10
554 496 10
554 498 10
554 499 10
554 500 10
554 501 10
554 502 10
554 511 10
554 515 10
554 528 10
554 538 10
554 540 10
554 550 10
554 560 10
554 564 10
554 568 10
554 575 10
554 578 10
554 579 10
554 580 10
554 581 10
554 582 10
554 583 10
554 584 10
554 585 10
554 586 10
554 587 10
554 589 10
554 594 10
554 596 10
554 598 10
554 599 10
554 600 10
554 601 10
554 604 10
554 608 10
554 613 10
554 616 10
554 620 10
554 622 10
554 624 10
554 626 10
554 627 10
554 628 10
554 629 10
554 630 10
554 631 10
554 632 10
554 634 10
554 635 10
554 637 10
554 638 10
554 639 10
554 640 10
554 641 10
554 645 10
554 648 10
554 649 10
554 654 10
554 655 10
554 656 10
554 660 10
554 662 10
554 663 10
554 668 10
554 671 10
554 674 10
554 676 10
554 685 10
554 687 10
554 689 10
554 691 10
554 692 10
554 693 10
554 696 10
554 699 10
554 705 10
554 706 10
554 708 10
554 710 10
554 712 10
554 716 10
554 718 10
554 728 10
554 729 10
554 731 10
554 733 10
554 734 10
554 735 10
554 736 10
554 737 10
554 742 10
554 743 10
554 744 10
554 746 10
554 755 10
554 761 10
554 762 10
554 764 10
554 766 10
554 777 10
555 280 10
555 287 10
555 291 10
555 293 10
555 296 10
555 299 10
555 300 10
555 315 10
555 316 10
555 321 10
555 327 10
555 331 10
555 334 10
555 337 10
555 338 10
555 339 10
555 341 10
555 342 10
555 344 10
555 361 10
555 362 10
555 365 10
555 367 10
555 368 10
555 369 10
555 370 10
555 374 10
555 375 10
555 376 10
555 377 10
555 378 10
555 379 10
555 380 10
555 381 10
555 382 10
555 384 10
555 392 10
555 395 10
555 398 10
555 400 10
555 401 10
555 408 10
555 409 10
555 410 10
555 413 10
555 422 10
555 429 10
555 433 10
555 434 10
555 436 10
555 441 10
555 443 10
555 444 10
555 455 10
555 481 10
555 491 10
555 492 10
555 494 10
555 496 10
555 497 10
555 498 10
555 500 10
555 501 10
555 502 10
555 503 10
555 513 10
555 517 10
555 520 10
555 539 10
555 556 10
555 557 10
555 559 10
555 561 10
555 562 10
555 573 10
555 574 10
555 576 10
555 577 10
555 578 10
555 580 10
555 581 10
555 582 10
555 583 10
555 585 10
555 586 10
555 587 10
555 596 10
555 598 10
555 602 10
555 604 10
555 605 10
555 613 10
555 618 10
555 620 10
555 621 10
555 622 10
555 623 10
555 628 10
555 629 10
555 630 10
555 631 10
555 632 10
555 635 10
555 636 10
555 637 10
555 639 10
555 641 10
555 642 10
555 643 10
555 644 10
555 646 10
555 650 10
555 658 10
555 659 10
555 660 10
555 661 10
555 662 10
555 663 10
555 665 10
555 670 10
555 674 10
555 677 10
555 678 10
555 680 10
555 685 10
555 686 10
555 688 10
555 689 10
555 691 10
555 693 10
555 696 10
555 697 10
555 698 10
555 702 10
555 703 10
555 705 10
555 706 10
555 708 10
555 711 10
555 716 10
555 722 10
555 723 10
555 725 10
555 727 10
555 728 10
555 729 10
555 733 10
555 742 10
555 743 10
555 744 10
555 745 10
555 747 10
555 748 10
555 750 10
555 752 10
555 753 10
555 757 10
555 763 10
555 764 10
555 766 10
556 281 10
556 286 10
556 297 10
556 298 10
556 307 10
556 313 10
556 315 10
556 317 10
556 321 10
556 333 10
556 343 10
556 347 10
556 361 10
556 365 10
556 367 10
556 369 10
556 370 10
556 371 10
556 372 10
556 375 10
556 376 10
556 379 10
556 382 10
556 383 10
556 384 10
556 390 10
556 391 10
556 392 10
556 393 10
556 395 10
556 399 10
556 407 10
556 409 10
556 411 10
556 417 10
556 418 10
556 419 10
556 421 10
556 422 10
556 423 10
556 432 10
556 437 10
556 442 10
556 446 10
556 447 10
556 451 10
556 455 10
556 457 10
556 474 10
556 475 10
556 477 10
556 484 10
556 491 10
556 495 10
556 498 10
556 501 10
556 508 10
556 517 10
556 536 10
556 557 10
556 559 10
556 560 10
556 561 10
556 562 10
556 571 10
556 576 10
556 577 10
556 579 10
556 580 10
556 583 10
556 584 10
556 585 10
556 586 10
556 587 10
556 589 10
556 596 10
556 599 10
556 602 10
556 603 10
556 606 10
556 607 10
556 611 10
556 614 10
556 617 10
556 620 10
556 621 10
556 624 10
556 626 10
556 629 10
556 632 10
556 634 10
556 635 10
556 637 10
556 638 10
556 639 10
556 645 10
556 657 10
556 660 10
556 661 10
556 663 10
556 664 10
556 669 10
556 670 10
556 673 10
556 676 10
556 677 10
556 678 10
556 680 10
556 681 10
556 688 10
556 691 10
556 696 10
556 697 10
556 698 10
556 700 10
556 703 10
556 704 10
556 707 10
556 708 10
556 709 10
556 716 10
556 722 10
556 723 10
556 726 10
556 728 10
556 729 10
556 731 10
556 732 10
556 733 10
556 735 10
556 737 10
556 738 10
556 740 10
556 741 10
556 742 10
556 743 10
556 744 10
556 745 10
556 746 10
556 747 10
556 748 10
556 754 10
556 757 10
556 758 10
556 762 10
556 764 10
556 775 10
556 777 10
557 286 10
557 293 10
557 294 10
557 295 10
557 296 10
557 298 10
557 300 10
557 314 10
557 318 10
557 337 10
557 339 10
557 341 10
557 343 10
557 350 10
557 352 10
557 353 10
557 358 10
557 362 10
557 363 10
557 364 10
557 367 10
557 369 10
557 370 10
557 376 10
557 379 10
557 383 10
557 384 10
557 385 10
557 386 10
557 392 10
557 393 10
557 396 10
557 399 10
557 409 10
557 410 10
557 411 10
557 414 10
557 424 10
557 431 10
557 432 10
557 433 10
557 435 10
557 437 10
557 439 10
557 441 10
557 442 10
557 443 10
557 478 10
557 480 10
557 481 10
557 489 10
557 492 10
557 496 10
557 499 10
557 501 10
557 505 10
557 509 10
557 512 10
557 513 10
557 514 10
557 518 10
557 520 10
557 535 10
557 536 10
557 537 10
557 542 10
557 545 10
557 553 10
557 555 10
557 556 10
557 557 10
557 558 10
557 559 10
557 560 10
557 561 10
557 562 10
557 563 10
557 565 10
557 570 10
557 574 10
557 576 10
557 578 10
557 579 10
557 580 10
557 582 10
557 583 10
557 587 10
557 601 10
557 602 10
557 606 10
557 607 10
557 608 10
557 611 10
557 613 10
557 618 10
557 619 10
557 620 10
557 627 10
557 628 10
557 629 10
557 631 10
557 633 10
557 634 10
557 636 10
557 637 10
557 638 10
557 639 10
557 641 10
557 645 10
557 651 10
557 652 10
557 653 10
557 655 10
557 657 10
557 662 10
557 663 10
557 664 10
557 666 10
557 669 10
557 673 10
557 675 10
557 676 10
557 678 10
557 685 10
557 686 10
557 687 10
557 688 10
557 694 10
557 696 10
557 698 10
557 706 10
557 707 10
557 712 10
557 714 10
557 720 10
557 721 10
557 723 10
557 724 10
557 726 10
557 727 10
557 728 10
557 729 10
557 731 10
557 732 10
557 734 10
557 735 10
557 736 10
557 737 10
557 738 10
557 740 10
557 741 10
557 742 10
557 743 10
557 744 10
557 746 10
557 748 10
557 751 10
557 752 10
557 754 10
557 755 10
557 756 10
557 766 10
557 767 10
558 280 10
558 284 10
558 287 10
558 296 10
558 298 10
558 299 10
558 301 10
558 302 10
558 308 10
558 312 10
558 313 10
558 314 10
558 315 10
558 317 10
558 319 10
558 322 10
558 329 10
558 341 10
558 342 10
558 350 10
558 352 10
558 354 10
558 356 10
558 360 10
558 361 10
558 362 10
558 365 10
558 367 10
558 369 10
558 370 10
558 372 10
558 375 10
558 376 10
558 382 10
558 383 10
558 384 10
558 389 10
558 392 10
558 395 10
558 412 10
558 417 10
558 418 10
558 419 10
558 422 10
558 430 10
558 432 10
558 433 10
558 434 10
558 436 10
558 437 10
558 438 10
558 439 10
558 445 10
558 447 10
558 464 10
558 465 10
558 475 10
558 476 10
558 481 10
558 483 10
558 493 10
558 495 10
558 496 10
558 502 10
558 508 10
558 509 10
558 517 10
558 518 10
558 540 10
558 544 10
558 545 10
558 546 10
558 553 10
558 555 10
558 556 10
558 561 10
558 562 10
558 567 10
558 568 10
558 569 10
558 577 10
558 578 10
558 579 10
558 581 10
558 582 10
558 585 10
558 586 10
558 587 10
558 588 10
558 597 10
558 598 10
558 602 10
558 603 10
558 606 10
558 613 10
558 615 10
558 617 10
558 619 10
558 621 10
558 622 10
558 624 10
558 626 10
558 627 10
558 628 10
558 629 10
558 630 10
558 633 10
558 634 10
558 641 10
558 651 10
558 653 10
558 657 10
558 659 10
558 662 10
558 663 10
558 667 10
558 673 10
558 675 10
558 676 10
558 677 10
558 679 10
558 681 10
558 683 10
558 684 10
558 685 10
558 691 10
558 697 10
558 699 10
558 700 10
558 702 10
558 704 10
558 709 10
558 711 10
558 713 10
558 715 10
558 718 10
558 719 10
558 720 10
558 721 10
558 722 10
558 723 10
558 729 10
558 737 10
558 739 10
558 740 10
558 741 10
558 742 10
558 743 10
558 744 10
558 745 10
558 746 10
558 747 10
558 748 10
558 750 10
558 751 10
558 753 10
558 754 10
558 759 10
558 760 10
558 761 10
558 763 10
558 778 10
559 278 10
559 293 10
559 296 10
559 298 10
559 299 10
559 302 10
559 304 10
559 306 10
559 307 10
559 309 10
559 312 10
559 313 10
559 315 10
559 317 10
559 319 10
559 321 10
559 333 10
559 334 10
559 342 10
559 353 10
559 355 10
559 357 10
559 359 10
559 363 10
559 364 10
559 373 10
559 375 10
559 376 10
559 386 10
559 396 10
559 409 10
559 411 10
559 415 10
559 417 10
559 435 10
559 436 10
559 437 10
559 438 10
559 440 10
559 441 10
559 443 10
559 449 10
559 450 10
559 452 10
559 464 10
559 466 10
559 474 10
559 477 10
559 487 10
559 488 10
559 489 10
559 491 10
559 493 10
559 498 10
559 501 10
559 504 10
559 505 10
559 506 10
559 508 10
559 514 10
559 515 10
559 519 10
559 530 10
559 541 10
559 543 10
559 558 10
559 560 10
559 561 10
559 577 10
559 578 10
559 581 10
559 582 10
559 583 10
559 584 10
559 585 10
559 587 10
559 588 10
559 590 10
559 601 10
559 602 10
559 603 10
559 605 10
559 610 10
559 611 10
559 612 10
559 613 10
559 617 10
559 620 10
559 624 10
559 626 10
559 627 10
559 628 10
559 629 10
559 630 10
559 632 10
559 633 10
559 634 10
559 635 10
559 637 10
559 638 10
559 650 10
559 655 10
559 656 10
559 657 10
559 659 10
559 660 10
559 661 10
559 664 10
559 667 10
559 670 10
559 672 10
559 673 10
559 674 10
559 675 10
559 676 10
559 677 10
559 679 10
559 680 10
559 685 10
559 686 10
559 689 10
559 692 10
559 693 10
559 696 10
559 698 10
559 699 10
559 702 10
559 705 10
559 708 10
559 711 10
559 715 10
559 716 10
559 717 10
559 721 10
559 724 10
559 726 10
559 727 10
559 728 10
559 740 10
559 741 10
559 742 10
559 743 10
559 744 10
559 747 10
559 749 10
559 752 10
559 754 10
559 756 10
559 767 10
559 770 10
559 771 10
559 774 10
559 775 10
560 277 10
560 299 10
560 301 10
560 302 10
560 304 10
560 305 10
560 307 10
560 311 10
560 313 10
560 322 10
560 329 10
560 336 10
560 352 10
560 353 10
560 359 10
560 360 10
560 361 10
560 362 10
560 366 10
560 367 10
560 372 10
560 374 10
560 379 10
560 383 10
560 384 10
560 385 10
560 397 10
560 413 10
560 414 10
560 415 10
560 416 10
560 424 10
560 429 10
560 430 10
560 439 10
560 446 10
560 447 10
560 454 10
560 460 10
560 465 10
560 477 10
560 478 10
560 491 10
560 494 10
560 495 10
560 496 10
560 501 10
560 504 10
560 506 10
560 507 10
560 508 10
560 510 10
560 512 10
560 519 10
560 546 10
560 548 10
560 550 10
560 551 10
560 554 10
560 557 10
560 561 10
560 565 10
560 566 10
560 570 10
560 577 10
560 579 10
560 582 10
560 584 10
560 589 10
560 592 10
560 601 10
560 603 10
560 611 10
560 613 10
560 615 10
560 621 10
560 622 10
560 623 10
560 624 10
560 628 10
560 630 10
560 631 10
560 632 10
560 633 10
560 635 10
560 637 10
560 655 10
560 661 10
560 662 10
560 663 10
560 664 10
560 669 10
560 670 10
560 671 10
560 674 10
560 675 10
560 677 10
560 678 10
560 681 10
560 683 10
560 684 10
560 688 10
560 689 10
560 691 10
560 692 10
560 694 10
560 695 10
560 698 10
560 699 10
560 700 10
560 701 10
560 703 10
560 704 10
560 705 10
560 706 10
560 707 10
560 712 10
560 719 10
560 721 10
560 722 10
560 723 10
560 724 10
560 725 10
560 726 10
560 727 10
560 728 10
560 732 10
560 733 10
560 739 10
560 740 10
560 741 10
560 742 10
560 743 10
560 745 10
560 747 10
560 749 10
560 750 10
560 752 10
560 754 10
560 755 10
560 757 10
560 758 10
560 760 10
560 763 10
561 276 10
561 279 10
561 297 10
561 298 10
561 300 10
561 302 10
561 304 10
561 306 10
561 307 10
561 311 10
561 313 10
561 317 10
561 321 10
561 333 10
561 336 10
561 341 10
561 350 10
561 351 10
561 354 10
561 358 10
561 359 10
561 361 10
561 363 10
561 375 10
561 376 10
561 380 10
561 381 10
561 382 10
561 383 10
561 388 10
561 389 10
561 409 10
561 418 10
561 436 10
561 439 10
561 441 10
561 442 10
561 444 10
561 449 10
561 451 10
561 456 10
561 457 10
561 458 10
561 464 10
561 465 10
561 477 10
561 479 10
561 488 10
561 489 10
561 492 10
561 494 10
561 495 10
561 496 10
561 497 10
561 499 10
561 500 10
561 501 10
561 509 10
561 513 10
561 518 10
561 521 10
561 522 10
561 528 10
561 529 10
561 530 10
561 531 10
561 550 10
561 554 10
561 556 10
561 557 10
561 559 10
561 560 10
561 561 10
561 565 10
561 573 10
561 581 10
561 582 10
561 583 10
561 586 10
561 589 10
561 597 10
561 598 10
561 601 10
561 604 10
561 606 10
561 608 10
561 611 10
561 613 10
561 614 10
561 615 10
561 626 10
561 627 10
561 629 10
561 632 10
561 634 10
561 635 10
561 636 10
561 637 10
561 638 10
561 658 10
561 661 10
561 662 10
561 663 10
561 664 10
561 666 10
561 669 10
561 671 10
561 673 10
561 679 10
561 682 10
561 684 10
561 690 10
561 693 10
561 695 10
561 699 10
561 701 10
561 702 10
561 703 10
561 704 10
561 705 10
561 706 10
561 709 10
561 710 10
561 711 10
561 713 10
561 717 10
561 720 10
561 723 10
561 725 10
561 727 10
561 736 10
561 737 10
561 739 10
561 740 10
561 741 10
561 742 10
561 743 10
561 744 10
561 746 10
561 751 10
561 752 10
561 753 10
561 754 10
561 759 10
561 760 10
561 763 10
561 766 10
561 769 10
561 771 10
561 783 10
562 277 10
562 282 10
562 284 10
562 299 10
562 300 10
562 302 10
562 304 10
562 305 10
562 309 10
562 310 10
562 311 10
562 312 10
562 313 10
562 314 10
562 319 10
562 320 10
562 321 10
562 323 10
562 337 10
562 351 10
562 354 10
562 359 10
562 361 10
562 362 10
562 364 10
562 370 10
562 379 10
562 380 10
562 381 10
562 383 10
562 385 10
562 387 10
562 388 10
562 389 10
562 411 10
562 413 10
562 414 10
562 415 10
562 416 10
562 428 10
562 429 10
562 430 10
562 438 10
562 441 10
562 443 10
562 444 10
562 449 10
562 450 10
562 451 10
562 453 10
562 454 10
562 456 10
562 459 10
562 460 10
562 461 10
562 476 10
562 477 10
562 485 10
562 487 10
562 488 10
562 491 10
562 492 10
562 493 10
562 494 10
562 497 10
562 499 10
562 500 10
562 502 10
562 503 10
562 509 10
562 518 10
562 520 10
562 521 10
562 526 10
562 527 10
562 528 10
562 549 10
562 558 10
562 560 10
562 568 10
562 571 10
562 573 10
562 574 10
562 576 10
562 582 10
562 583 10
562 591 10
562 592 10
562 593 10
562 594 10
562 596 10
562 597 10
562 600 10
562 602 10
562 603 10
562 604 10
562 611 10
562 612 10
562 614 10
562 623 10
562 625 10
562 627 10
562 630 10
562 631 10
562 634 10
562 652 10
562 653 10
562 657 10
562 659 10
562 661 10
562 665 10
562 666 10
562 667 10
562 669 10
562 670 10
562 671 10
562 672 10
562 673 10
562 674 10
562 675 10
562 676 10
562 680 10
562 682 10
562 684 10
562 690 10
562 691 10
562 693 10
562 694 10
562 695 10
562 698 10
562 699 10
562 701 10
562 704 10
562 708 10
562 709 10
562 710 10
562 711 10
562 712 10
562 714 10
562 719 10
562 720 10
562 721 10
562 723 10
562 725 10
562 728 10
562 740 10
562 741 10
562 742 10
562 743 10
562 744 10
562 746 10
562 747 10
562 749 10
562 750 10
562 752 10
562 753 10
562 755 10
562 758 10
562 759 10
562 760 10
562 766 10
562 768 10
562 771 10
562 772 10
562 773 10
562 774 10
562 776 10
563 271 10
563 273 10
563 274 10
563 275 10
563 276 10
563 289 10
563 292 10
563 293 10
563 294 10
563 298 10
563 301 10
563 302 10
563 303 10
563 308 10
563 309 10
563 311 10
563 313 10
563 314 10
563 315 10
563 319 10
563 321 10
563 323 10
563 334 10
563 336 10
563 350 10
563 352 10
563 354 10
563 356 10
563 360 10
563 361 10
563 364 10
563 371 10
563 377 10
563 379 10
563 381 10
563 382 10
563 385 10
563 391 10
563 392 10
563 399 10
563 405 10
563 407 10
563 408 10
563 411 10
563 412 10
563 413 10
563 414 10
563 420 10
563 425 10
563 426 10
563 428 10
563 443 10
563 449 10
563 450 10
563 451 10
563 452 10
563 453 10
563 457 10
563 458 10
563 459 10
563 463 10
563 464 10
563 474 10
563 475 10
563 477 10
563 478 10
563 484 10
563 488 10
563 489 10
563 492 10
563 493 10
563 494 10
563 499 10
563 503 10
563 505 10
563 518 10
563 519 10
563 521 10
563 522 10
563 528 10
563 538 10
563 549 10
563 553 10
563 554 10
563 557 10
563 558 10
563 560 10
563 561 10
563 566 10
563 568 10
563 569 10
563 571 10
563 574 10
563 575 10
563 578 10
563 579 10
563 580 10
563 584 10
563 589 10
563 590 10
563 601 10
563 606 10
563 609 10
563 613 10
563 616 10
563 617 10
563 618 10
563 619 10
563 623 10
563 624 10
563 629 10
563 633 10
563 634 10
563 635 10
563 636 10
563 652 10
563 660 10
563 665 10
563 667 10
563 669 10
563 670 10
563 671 10
563 673 10
563 674 10
563 675 10
563 682 10
563 684 10
563 685 10
563 686 10
563 687 10
563 691 10
563 692 10
563 694 10
563 696 10
563 699 10
563 700 10
563 701 10
563 704 10
563 709 10
563 710 10
563 713 10
563 719 10
563 724 10
563 725 10
563 727 10
563 729 10
563 739 10
563 740 10
563 742 10
563 744 10
563 748 10
563 750 10
563 751 10
563 752 10
563 756 10
563 758 10
563 759 10
563 760 10
563 761 10
563 763 10
563 768 10
563 772 10
563 773 10
564 265 10
564 273 10
564 277 10
564 280 10
564 284 10
564 291 10
564 293 10
564 294 10
564 297 10
564 299 10
564 301 10
564 302 10
564 306 10
564 307 10
564 308 10
564 309 10
564 311 10
564 312 10
564 315 10
564 317 10
564 320 10
564 335 10
564 338 10
564 352 10
564 353 10
564 355 10
564 358 10
564 361 10
564 362 10
564 375 10
564 378 10
564 379 10
564 380 10
564 381 10
564 382 10
564 383 10
564 386 10
564 405 10
564 407 10
564 412 10
564 415 10
564 418 10
564 420 10
564 424 10
564 426 10
564 428 10
564 429 10
564 430 10
564 436 10
564 438 10
564 443 10
564 444 10
564 451 10
564 459 10
564 460 10
564 462 10
564 463 10
564 477 10
564 482 10
564 486 10
564 488 10
564 489 10
564 490 10
564 491 10
564 492 10
564 494 10
564 498 10
564 499 10
564 503 10
564 504 10
564 513 10
564 514 10
564 518 10
564 519 10
564 525 10
564 528 10
564 538 10
564 548 10
564 549 10
564 556 10
564 557 10
564 559 10
564 560 10
564 561 10
564 564 10
564 571 10
564 572 10
564 573 10
564 575 10
564 576 10
564 578 10
564 581 10
564 591 10
564 596 10
564 598 10
564 599 10
564 602 10
564 603 10
564 604 10
564 605 10
564 613 10
564 616 10
564 625 10
564 627 10
564 629 10
564 631 10
564 632 10
564 634 10
564 651 10
564 658 10
564 660 10
564 661 10
564 662 10
564 663 10
564 664 10
564 665 10
564 666 10
564 667 10
564 668 10
564 669 10
564 671 10
564 673 10
564 678 10
564 679 10
564 681 10
564 682 10
564 683 10
564 684 10
564 689 10
564 690 10
564 692 10
564 698 10
564 702 10
564 706 10
564 707 10
564 708 10
564 717 10
564 720 10
564 721 10
564 723 10
564 730 10
564 735 10
564 737 10
564 738 10
564 740 10
564 741 10
564 742 10
564 745 10
564 746 10
564 747 10
564 748 10
564 749 10
564 751 10
564 754 10
564 755 10
564 760 10
564 761 10
564 764 10
564 766 10
564 769 10
564 777 10
564 780 10
565 265 10
565 268 10
565 272 10
565 273 10
565 274 10
565 277 10
565 279 10
565 284 10
565 287 10
565 288 10
565 289 10
565 291 10
565 293 10
565 299 10
565 300 10
565 301 10
565 302 10
565 303 10
565 304 10
565 310 10
565 311 10
565 312 10
565 314 10
565 315 10
565 316 10
565 317 10
565 320 10
565 321 10
565 322 10
565 323 10
565 335 10
565 337 10
565 353 10
565 354 10
565 356 10
565 357 10
565 359 10
565 363 10
565 364 10
565 365 10
565 366 10
565 374 10
565 376 10
565 382 10
565 383 10
565 384 10
565 389 10
565 391 10
565 393 10
565 399 10
565 401 10
565 403 10
565 404 10
565 408 10
565 410 10
565 411 10
565 412 10
565 414 10
565 420 10
565 425 10
565 429 10
565 432 10
565 438 10
565 445 10
565 448 10
565 449 10
565 452 10
565 456 10
565 457 10
565 458 10
565 459 10
565 464 10
565 465 10
565 466 10
565 475 10
565 476 10
565 477 10
565 478 10
565 484 10
565 485 10
565 492 10
565 494 10
565 495 10
565 500 10
565 502 10
565 504 10
565 506 10
565 507 10
565 508 10
565 509 10
565 510 10
565 511 10
565 515 10
565 518 10
565 528 10
565 529 10
565 533 10
565 538 10
565 540 10
565 547 10
565 553 10
565 557 10
565 558 10
565 561 10
565 562 10
565 563 10
565 565 10
565 568 10
565 569 10
565 572 10
565 574 10
565 581 10
565 584 10
565 591 10
565 598 10
565 604 10
565 605 10
565 607 10
565 611 10
565 615 10
565 616 10
565 621 10
565 622 10
565 623 10
565 624 10
565 628 10
565 629 10
565 630 10
565 632 10
565 634 10
565 640 10
565 650 10
565 651 10
565 653 10
565 654 10
565 656 10
565 657 10
565 662 10
565 664 10
565 668 10
565 669 10
565 673 10
565 678 10
565 679 10
565 682 10
565 683 10
565 685 10
565 687 10
565 688 10
565 689 10
565 693 10
565 694 10
565 695 10
565 701 10
565 702 10
565 703 10
565 706 10
565 708 10
565 709 10
565 710 10
565 711 10
565 712 10
565 716 10
565 718 10
565 719 10
565 720 10
565 721 10
565 724 10
565 729 10
565 731 10
565 738 10
565 740 10
565 741 10
565 743 10
565 744 10
565 746 10
565 749 10
565 752 10
565 755 10
565 756 10
565 758 10
565 759 10
565 760 10
565 770 10
565 771 10
565 774 10
565 778 10
565 779 10
566 266 10
566 267 10
566 274 10
566 277 10
566 279 10
566 282 10
566 283 10
566 288 10
566 289 10
566 290 10
566 292 10
566 296 10
566 299 10
566 300 10
566 301 10
566 303 10
566 305 10
566 308 10
566 309 10
566 310 10
566 311 10
566 312 10
566 313 10
566 315 10
566 318 10
566 319 10
566 320 10
566 333 10
566 336 10
566 337 10
566 344 10
566 345 10
566 351 10
566 352 10
566 353 10
566 355 10
566 366 10
566 378 10
566 386 10
566 390 10
566 393 10
566 396 10
566 397 10
566 406 10
566 407 10
566 410 10
566 411 10
566 413 10
566 416 10
566 427 10
566 432 10
566 438 10
566 439 10
566 441 10
566 442 10
566 454 10
566 455 10
566 457 10
566 458 10
566 459 10
566 460 10
566 464 10
566 466 10
566 467 10
566 476 10
566 478 10
566 483 10
566 485 10
566 488 10
566 490 10
566 492 10
566 494 10
566 496 10
566 499 10
566 500 10
566 502 10
566 505 10
566 507 10
566 512 10
566 513 10
566 518 10
566 522 10
566 538 10
566 549 10
566 552 10
566 553 10
566 554 10
566 557 10
566 558 10
566 559 10
566 561 10
566 562 10
566 564 10
566 573 10
566 574 10
566 577 10
566 579 10
566 584 10
566 585 10
566 586 10
566 590 10
566 593 10
566 597 10
566 598 10
566 602 10
566 603 10
566 604 10
566 607 10
566 610 10
566 611 10
566 613 10
566 614 10
566 618 10
566 619 10
566 621 10
566 622 10
566 625 10
566 630 10
566 631 10
566 632 10
566 633 10
566 634 10
566 635 10
566 636 10
566 638 10
566 640 10
566 655 10
566 656 10
566 657 10
566 658 10
566 660 10
566 661 10
566 662 10
566 663 10
566 671 10
566 675 10
566 676 10
566 677 10
566 678 10
566 679 10
566 680 10
566 681 10
566 685 10
566 687 10
566 690 10
566 691 10
566 692 10
566 693 10
566 694 10
566 700 10
566 702 10
566 705 10
566 706 10
566 708 10
566 709 10
566 710 10
566 712 10
566 716 10
566 721 10
566 732 10
566 734 10
566 736 10
566 737 10
566 739 10
566 741 10
566 742 10
566 743 10
566 744 10
566 745 10
566 747 10
566 751 10
566 752 10
566 754 10
566 755 10
566 757 10
566 758 10
566 759 10
566 764 10
566 771 10
566 785 10
567 270 10
567 271 10
567 272 10
567 274 10
567 276 10
567 284 10
567 289 10
567 290 10
567 292 10
567 305 10
567 306 10
567 307 10
567 308 10
567 309 10
567 310 10
567 311 10
567 312 10
567 314 10
567 317 10
567 322 10
567 324 10
567 341 10
567 346 10
567 347 10
567 355 10
567 356 10
567 357 10
567 358 10
567 360 10
567 363 10
567 365 10
567 371 10
567 372 10
567 373 10
567 377 10
567 387 10
567 388 10
567 389 10
567 390 10
567 399 10
567 401 10
567 409 10
567 414 10
567 426 10
567 429 10
567 430 10
567 437 10
567 438 10
567 444 10
567 446 10
567 451 10
567 452 10
567 454 10
567 455 10
567 457 10
567 458 10
567 461 10
567 464 10
567 465 10
567 469 10
567 470 10
567 474 10
567 477 10
567 481 10
567 486 10
567 488 10
567 489 10
567 493 10
567 495 10
567 498 10
567 499 10
567 501 10
567 503 10
567 504 10
567 505 10
567 508 10
567 510 10
567 513 10
567 526 10
567 527 10
567 529 10
567 530 10
567 532 10
567 533 10
567 534 10
567 540 10
567 542 10
567 546 10
567 547 10
567 551 10
567 554 10
567 555 10
567 559 10
567 561 10
567 562 10
567 564 10
567 568 10
567 572 10
567 573 10
567 576 10
567 579 10
567 580 10
567 582 10
567 588 10
567 589 10
567 590 10
567 594 10
567 599 10
567 604 10
567 606 10
567 611 10
567 613 10
567 614 10
567 615 10
567 616 10
567 619 10
567 621 10
567 623 10
567 624 10
567 625 10
567 627 10
567 628 10
567 629 10
567 630 10
567 631 10
567 632 10
567 636 10
567 638 10
567 650 10
567 652 10
567 655 10
567 656 10
567 657 10
567 660 10
567 661 10
567 662 10
567 664 10
567 665 10
567 667 10
567 668 10
567 670 10
567 674 10
567 677 10
567 680 10
567 682 10
567 683 10
567 684 10
567 685 10
567 693 10
567 703 10
567 706 10
567 708 10
567 711 10
567 712 10
567 713 10
567 716 10
567 720 10
567 724 10
567 734 10
567 735 10
567 739 10
567 741 10
567 742 10
567 743 10
567 744 10
567 748 10
567 750 10
567 752 10
567 754 10
567 756 10
567 757 10
567 760 10
567 761 10
567 763 10
567 767 10
567 774 10
567 783 10
567 784 10
568 264 10
568 265 10
568 266 10
568 267 10
568 268 10
568 278 10
568 280 10
568 284 10
568 287 10
568 291 10
568 295 10
568 299 10
568 302 10
568 303 10
568 305 10
568 306 10
568 307 10
568 308 10
568 309 10
568 310 10
568 311 10
568 312 10
568 313 10
568 315 10
568 317 10
568 318 10
568 340 10
568 341 10
568 343 10
568 344 10
568 346 10
568 351 10
568 354 10
568 355 10
568 361 10
568 362 10
568 363 10
568 365 10
568 367 10
568 368 10
568 373 10
568 378 10
568 384 10
568 386 10
568 387 10
568 388 10
568 390 10
568 393 10
568 398 10
568 400 10
568 403 10
568 404 10
568 406 10
568 413 10
568 417 10
568 419 10
568 424 10
568 425 10
568 428 10
568 431 10
568 437 10
568 441 10
568 442 10
568 444 10
568 445 10
568 454 10
568 456 10
568 457 10
568 458 10
568 460 10
568 463 10
568 465 10
568 468 10
568 469 10
568 470 10
568 471 10
568 475 10
568 476 10
568 477 10
568 479 10
568 486 10
568 487 10
568 489 10
568 491 10
568 502 10
568 504 10
568 506 10
568 507 10
568 509 10
568 511 10
568 530 10
568 531 10
568 535 10
568 536 10
568 540 10
568 546 10
568 553 10
568 554 10
568 555 10
568 558 10
568 559 10
568 561 10
568 562 10
568 570 10
568 574 10
568 575 10
568 576 10
568 577 10
568 578 10
568 580 10
568 584 10
568 587 10
568 588 10
568 589 10
568 590 10
568 592 10
568 593 10
568 595 10
568 596 10
568 599 10
568 601 10
568 604 10
568 610 10
568 614 10
568 620 10
568 621 10
568 622 10
568 623 10
568 624 10
568 628 10
568 629 10
568 630 10
568 631 10
568 632 10
568 633 10
568 634 10
568 651 10
568 653 10
568 654 10
568 656 10
568 657 10
568 659 10
568 661 10
568 665 10
568 667 10
568 669 10
568 672 10
568 673 10
568 675 10
568 676 10
568 677 10
568 679 10
568 681 10
568 682 10
568 683 10
568 684 10
568 692 10
568 693 10
568 695 10
568 696 10
568 700 10
568 701 10
568 702 10
568 703 10
568 704 10
568 705 10
568 707 10
568 708 10
568 709 10
568 713 10
568 714 10
568 716 10
568 720 10
568 722 10
568 724 10
568 728 10
568 742 10
568 743 10
568 744 10
568 746 10
568 750 10
568 751 10
568 755 10
568 756 10
568 757 10
568 761 10
568 764 10
568 770 10
568 772 10
569 264 10
569 267 10
569 269 10
569 272 10
569 273 10
569 282 10
569 286 10
569 289 10
569 291 10
569 293 10
569 296 10
569 302 10
569 305 10
569 306 10
569 308 10
569 309 10
569 310 10
569 311 10
569 312 10
569 313 10
569 315 10
569 316 10
569 317 10
569 318 10
569 340 10
569 343 10
569 344 10
569 345 10
569 348 10
569 354 10
569 355 10
569 357 10
569 359 10
569 369 10
569 371 10
569 373 10
569 374 10
569 382 10
569 385 10
569 386 10
569 388 10
569 389 10
569 390 10
569 396 10
569 397 10
569 398 10
569 401 10
569 402 10
569 407 10
569 412 10
569 417 10
569 419 10
569 420 10
569 421 10
569 425 10
569 427 10
569 428 10
569 430 10
569 438 10
569 446 10
569 452 10
569 453 10
569 455 10
569 456 10
569 457 10
569 461 10
569 463 10
569 466 10
569 468 10
569 469 10
569 470 10
569 471 10
569 473 10
569 478 10
569 479 10
569 481 10
569 482 10
569 485 10
569 488 10
569 490 10
569 492 10
569 496 10
569 497 10
569 498 10
569 503 10
569 506 10
569 510 10
569 525 10
569 530 10
569 531 10
569 533 10
569 535 10
569 540 10
569 542 10
569 545 10
569 546 10
569 547 10
569 551 10
569 553 10
569 554 10
569 555 10
569 557 10
569 558 10
569 561 10
569 562 10
569 567 10
569 571 10
569 572 10
569 574 10
569 575 10
569 578 10
569 581 10
569 582 10
569 585 10
569 587 10
569 588 10
569 591 10
569 593 10
569 595 10
569 596 10
569 597 10
569 598 10
569 602 10
569 604 10
569 611 10
569 613 10
569 615 10
569 619 10
569 621 10
569 624 10
569 630 10
569 631 10
569 633 10
569 634 10
569 651 10
569 653 10
569 657 10
569 658 10
569 659 10
569 660 10
569 662 10
569 663 10
569 664 10
569 665 10
569 666 10
569 668 10
569 669 10
569 670 10
569 674 10
569 675 10
569 677 10
569 679 10
569 680 10
569 681 10
569 682 10
569 686 10
569 688 10
569 692 10
569 700 10
569 701 10
569 702 10
569 704 10
569 705 10
569 706 10
569 708 10
569 709 10
569 711 10
569 716 10
569 718 10
569 720 10
569 721 10
569 723 10
569 735 10
569 737 10
569 740 10
569 742 10
569 744 10
569 749 10
569 750 10
569 751 10
569 752 10
569 753 10
569 754 10
569 758 10
569 760 10
569 761 10
569 768 10
569 772 10
569 774 10
569 782 10
569 783 10
570 267 10
570 270 10
570 273 10
570 274 10
570 278 10
570 279 10
570 283 10
570 291 10
570 293 10
570 295 10
570 296 10
570 300 10
570 302 10
570 303 10
570 305 10
570 306 10
570 307 10
570 308 10
570 309 10
570 310 10
570 311 10
570 312 10
570 313 10
570 314 10
570 315 10
570 317 10
570 318 10
570 320 10
570 334 10
570 341 10
570 342 10
570 345 10
570 347 10
570 348 10
570 351 10
570 353 10
570 355 10
570 356 10
570 361 10
570 363 10
570 367 10
570 370 10
570 371 10
570 373 10
570 374 10
570 376 10
570 377 10
570 385 10
570 390 10
570 391 10
570 395 10
570 396 10
570 398 10
570 411 10
570 412 10
570 413 10
570 418 10
570 423 10
570 426 10
570 427 10
570 434 10
570 436 10
570 444 10
570 445 10
570 448 10
570 451 10
570 454 10
570 457 10
570 459 10
570 460 10
570 461 10
570 462 10
570 463 10
570 465 10
570 471 10
570 472 10
570 473 10
570 474 10
570 475 10
570 477 10
570 478 10
570 479 10
570 480 10
570 488 10
570 490 10
570 491 10
570 495 10
570 498 10
570 499 10
570 500 10
570 502 10
570 503 10
570 505 10
570 507 10
570 509 10
570 510 10
570 525 10
570 527 10
570 531 10
570 532 10
570 534 10
570 544 10
570 547 10
570 554 10
570 555 10
570 558 10
570 559 10
570 560 10
570 567 10
570 569 10
570 571 10
570 572 10
570 575 10
570 576 10
570 578 10
570 579 10
570 580 10
570 581 10
570 588 10
570 589 10
570 590 10
570 591 10
570 592 10
570 595 10
570 598 10
570 601 10
570 603 10
570 604 10
570 620 10
570 623 10
570 624 10
570 625 10
570 626 10
570 630 10
570 632 10
570 634 10
570 648 10
570 649 10
570 655 10
570 663 10
570 664 10
570 666 10
570 669 10
570 671 10
570 672 10
570 673 10
570 676 10
570 679 10
570 683 10
570 686 10
570 688 10
570 689 10
570 690 10
570 693 10
570 694 10
570 700 10
570 702 10
570 703 10
570 705 10
570 708 10
570 709 10
570 710 10
570 714 10
570 715 10
570 716 10
570 718 10
570 719 10
570 725 10
570 738 10
570 739 10
570 740 10
570 741 10
570 751 10
570 754 10
570 755 10
570 758 10
570 765 10
571 264 10
571 266 10
571 267 10
571 268 10
571 269 10
571 272 10
571 275 10
571 276 10
571 277 10
571 279 10
571 280 10
571 282 10
571 285 10
571 286 10
571 292 10
571 293 10
571 295 10
571 297 10
571 298 10
571 303 10
571 304 10
571 305 10
571 306 10
571 308 10
571 309 10
571 310 10
571 311 10
571 312 10
571 315 10
571 316 10
571 332 10
571 341 10
571 343 10
571 346 10
571 347 10
571 348 10
571 350 10
571 353 10
571 358 10
571 370 10
571 372 10
571 375 10
571 378 10
571 379 10
571 392 10
571 394 10
571 395 10
571 396 10
571 397 10
571 398 10
571 399 10
571 401 10
571 402 10
571 405 10
571 411 10
571 417 10
571 418 10
571 420 10
571 421 10
571 422 10
571 425 10
571 428 10
571 429 10
571 431 10
571 434 10
571 435 10
571 437 10
571 445 10
571 446 10
571 447 10
571 451 10
571 452 10
571 453 10
571 455 10
571 456 10
571 457 10
571 458 10
571 459 10
571 460 10
571 461 10
571 462 10
571 463 10
571 464 10
571 467 10
571 470 10
571 471 10
571 472 10
571 474 10
571 475 10
571 478 10
571 479 10
571 480 10
571 481 10
571 489 10
571 491 10
571 493 10
571 494 10
571 495 10
571 496 10
571 503 10
571 505 10
571 506 10
571 509 10
571 510 10
571 514 10
571 520 10
571 529 10
571 531 10
571 534 10
571 536 10
571 537 10
571 538 10
571 545 10
571 551 10
571 552 10
571 553 10
571 556 10
571 565 10
571 566 10
571 567 10
571 568 10
571 570 10
571 573 10
571 574 10
571 575 10
571 576 10
571 582 10
571 583 10
571 589 10
571 591 10
571 592 10
571 594 10
571 596 10
571 597 10
571 598 10
571 600 10
571 601 10
571 603 10
571 604 10
571 613 10
571 616 10
571 622 10
571 625 10
571 627 10
571 630 10
571 632 10
571 647 10
571 649 10
571 656 10
571 658 10
571 660 10
571 661 10
571 665 10
571 668 10
571 669 10
571 671 10
571 672 10
571 673 10
571 675 10
571 676 10
571 681 10
571 683 10
571 686 10
571 688 10
571 692 10
571 693 10
571 696 10
571 697 10
571 698 10
571 699 10
571 700 10
571 701 10
571 703 10
571 704 10
571 705 10
571 707 10
571 709 10
571 710 10
571 713 10
571 714 10
571 716 10
571 717 10
571 718 10
571 720 10
571 722 10
571 723 10
571 724 10
571 737 10
571 739 10
571 741 10
571 744 10
571 746 10
571 752 10
571 755 10
571 757 10
571 759 10
571 762 10
571 763 10
571 765 10
571 766 10
572 264 10
572 267 10
572 271 10
572 272 10
572 273 10
572 275 10
572 279 10
572 280 10
572 281 10
572 282 10
572 289 10
572 292 10
572 296 10
572 299 10
572 300 10
572 301 10
572 303 10
572 305 10
572 306 10
572 308 10
572 309 10
572 311 10
572 312 10
572 313 10
572 314 10
572 330 10
572 331 10
572 333 10
572 342 10
572 344 10
572 345 10
572 346 10
572 353 10
572 354 10
572 356 10
572 368 10
572 370 10
572 375 10
572 376 10
572 377 10
572 378 10
572 379 10
572 380 10
572 381 10
572 382 10
572 384 10
572 389 10
572 390 10
572 393 10
572 394 10
572 396 10
572 397 10
572 398 10
572 399 10
572 400 10
572 401 10
572 412 10
572 414 10
572 418 10
572 420 10
572 421 10
572 422 10
572 423 10
572 424 10
572 426 10
572 433 10
572 434 10
572 437 10
572 445 10
572 449 10
572 454 10
572 456 10
572 458 10
572 459 10
572 461 10
572 462 10
572 464 10
572 465 10
572 469 10
572 470 10
572 475 10
572 476 10
572 477 10
572 478 10
572 480 10
572 481 10
572 483 10
572 488 10
572 489 10
572 490 10
572 491 10
572 494 10
572 495 10
572 499 10
572 500 10
572 501 10
572 505 10
572 506 10
572 508 10
572 514 10
572 525 10
572 529 10
572 531 10
572 539 10
572 540 10
572 542 10
572 547 10
572 552 10
572 553 10
572 554 10
572 556 10
572 558 10
572 569 10
572 571 10
572 572 10
572 573 10
572 576 10
572 577 10
572 582 10
572 583 10
572 587 10
572 591 10
572 592 10
572 595 10
572 597 10
572 600 10
572 601 10
572 604 10
572 605 10
572 610 10
572 614 10
572 615 10
572 616 10
572 622 10
572 647 10
572 648 10
572 649 10
572 651 10
572 655 10
572 658 10
572 660 10
572 662 10
572 664 10
572 666 10
572 667 10
572 668 10
572 669 10
572 670 10
572 672 10
572 673 10
572 675 10
572 676 10
572 686 10
572 687 10
572 690 10
572 691 10
572 697 10
572 702 10
572 703 10
572 704 10
572 705 10
572 706 10
572 707 10
572 712 10
572 713 10
572 714 10
572 715 10
572 716 10
572 717 10
572 718 10
572 719 10
572 723 10
572 726 10
572 729 10
572 731 10
572 736 10
572 738 10
572 739 10
572 740 10
572 744 10
572 750 10
572 753 10
572 754 10
572 755 10
572 757 10
572 758 10
572 766 10
572 768 10
573 265 10
573 273 10
573 274 10
573 277 10
573 278 10
573 281 10
573 283 10
573 286 10
573 288 10
573 289 10
573 290 10
573 293 10
573 294 10
573 295 10
573 296 10
573 303 10
573 304 10
573 307 10
573 310 10
573 311 10
573 313 10
573 315 10
573 317 10
573 318 10
573 333 10
573 334 10
573 335 10
573 341 10
573 342 10
573 344 10
573 345 10
573 346 10
573 348 10
573 350 10
573 353 10
573 356 10
573 357 10
573 366 10
573 378 10
573 379 10
573 380 10
573 381 10
573 383 10
573 384 10
573 391 10
573 392 10
573 394 10
573 396 10
573 399 10
573 400 10
573 401 10
573 403 10
573 404 10
573 406 10
573 411 10
573 412 10
573 415 10
573 416 10
573 417 10
573 419 10
573 424 10
573 428 10
573 436 10
573 437 10
573 440 10
573 441 10
573 446 10
573 448 10
573 449 10
573 451 10
573 452 10
573 453 10
573 454 10
573 456 10
573 457 10
573 458 10
573 459 10
573 460 10
573 461 10
573 462 10
573 463 10
573 466 10
573 467 10
573 469 10
573 471 10
573 472 10
573 475 10
573 476 10
573 479 10
573 484 10
573 492 10
573 494 10
573 496 10
573 501 10
573 503 10
573 505 10
573 508 10
573 531 10
573 536 10
573 537 10
573 542 10
573 547 10
573 548 10
573 550 10
573 552 10
573 569 10
573 575 10
573 576 10
573 577 10
573 578 10
573 579 10
573 580 10
573 582 10
573 584 10
573 588 10
573 589 10
573 590 10
573 605 10
573 607 10
573 613 10
573 615 10
573 619 10
573 621 10
573 623 10
573 632 10
573 636 10
573 637 10
573 647 10
573 650 10
573 656 10
573 658 10
573 661 10
573 663 10
573 664 10
573 666 10
573 668 10
573 669 10
573 671 10
573 672 10
573 678 10
573 682 10
573 683 10
573 686 10
573 689 10
573 697 10
573 698 10
573 699 10
573 700 10
573 701 10
573 702 10
573 703 10
573 704 10
573 706 10
573 711 10
573 712 10
573 715 10
573 717 10
573 719 10
573 720 10
573 722 10
573 723 10
573 725 10
573 726 10
573 729 10
573 730 10
573 735 10
573 736 10
573 739 10
573 740 10
573 742 10
573 750 10
573 755 10
573 758 10
573 762 10
573 763 10
573 766 10
573 772 10
574 265 10
574 267 10
574 273 10
574 276 10
574 279 10
574 282 10
574 283 10
574 293 10
574 302 10
574 303 10
574 305 10
574 306 10
574 308 10
574 309 10
574 310 10
574 311 10
574 312 10
574 331 10
574 332 10
574 345 10
574 346 10
574 350 10
574 353 10
574 354 10
574 356 10
574 357 10
574 360 10
574 361 10
574 363 10
574 370 10
574 375 10
574 377 10
574 378 10
574 379 10
574 380 10
574 381 10
574 382 10
574 383 10
574 385 10
574 389 10
574 390 10
574 391 10
574 393 10
574 394 10
574 400 10
574 401 10
574 403 10
574 406 10
574 407 10
574 409 10
574 411 10
574 414 10
574 416 10
574 421 10
574 422 10
574 431 10
574 433 10
574 435 10
574 438 10
574 442 10
574 443 10
574 445 10
574 450 10
574 452 10
574 456 10
574 457 10
574 458 10
574 466 10
574 468 10
574 470 10
574 472 10
574 473 10
574 476 10
574 477 10
574 478 10
574 480 10
574 481 10
574 483 10
574 485 10
574 488 10
574 497 10
574 498 10
574 499 10
574 502 10
574 507 10
574 528 10
574 530 10
574 531 10
574 533 10
574 535 10
574 536 10
574 537 10
574 538 10
574 540 10
574 546 10
574 547 10
574 550 10
574 553 10
574 554 10
574 555 10
574 556 10
574 564 10
574 568 10
574 572 10
574 573 10
574 574 10
574 576 10
574 582 10
574 583 10
574 592 10
574 593 10
574 596 10
574 599 10
574 602 10
574 607 10
574 646 10
574 648 10
574 649 10
574 650 10
574 652 10
574 656 10
574 658 10
574 662 10
574 665 10
574 666 10
574 667 10
574 669 10
574 681 10
574 682 10
574 683 10
574 689 10
574 692 10
574 693 10
574 696 10
574 698 10
574 699 10
574 700 10
574 701 10
574 702 10
574 703 10
574 704 10
574 705 10
574 706 10
574 707 10
574 710 10
574 712 10
574 713 10
574 715 10
574 716 10
574 717 10
574 718 10
574 724 10
574 728 10
574 730 10
574 734 10
574 736 10
574 737 10
574 745 10
574 750 10
574 752 10
574 755 10
574 756 10
574 758 10
574 765 10
574 769 10
575 263 10
575 266 10
575 270 10
575 274 10
575 276 10
575 277 10
575 279 10
575 281 10
575 282 10
575 283 10
575 284 10
575 285 10
575 286 10
575 288 10
575 292 10
575 294 10
575 295 10
575 296 10
575 300 10
575 302 10
575 303 10
575 304 10
575 305 10
575 306 10
575 307 10
575 308 10
575 309 10
575 312 10
575 314 10
575 319 10
575 333 10
575 334 10
575 336 10
575 338 10
575 339 10
575 341 10
575 342 10
575 343 10
575 344 10
575 345 10
575 346 10
575 348 10
575 349 10
575 350 10
575 353 10
575 354 10
575 356 10
575 358 10
575 359 10
575 362 10
575 363 10
575 364 10
575 368 10
575 377 10
575 378 10
575 392 10
575 393 10
575 394 10
575 395 10
575 396 10
575 397 10
575 402 10
575 403 10
575 404 10
575 405 10
575 408 10
575 411 10
575 415 10
575 416 10
575 418 10
575 419 10
575 420 10
575 421 10
575 429 10
575 435 10
575 438 10
575 440 10
575 441 10
575 442 10
575 444 10
575 445 10
575 447 10
575 450 10
575 454 10
575 457 10
575 458 10
575 459 10
575 460 10
575 461 10
575 463 10
575 468 10
575 469 10
575 470 10
575 471 10
575 472 10
575 474 10
575 475 10
575 479 10
575 480 10
575 481 10
575 482 10
575 485 10
575 486 10
575 488 10
575 490 10
575 493 10
575 494 10
575 495 10
575 500 10
575 501 10
575 503 10
575 506 10
575 507 10
575 521 10
575 533 10
575 534 10
575 535 10
575 538 10
575 539 10
575 541 10
575 547 10
575 549 10
575 550 10
575 551 10
575 553 10
575 556 10
575 573 10
575 576 10
575 578 10
575 580 10
575 581 10
575 588 10
575 589 10
575 591 10
575 593 10
575 595 10
575 597 10
575 598 10
575 600 10
575 601 10
575 603 10
575 604 10
575 606 10
575 607 10
575 609 10
575 623 10
575 625 10
575 635 10
575 644 10
575 646 10
575 647 10
575 648 10
575 654 10
575 657 10
575 660 10
575 665 10
575 672 10
575 673 10
575 675 10
575 680 10
575 682 10
575 685 10
575 689 10
575 690 10
575 698 10
575 701 10
575 702 10
575 704 10
575 705 10
575 706 10
575 707 10
575 708 10
575 709 10
575 712 10
575 713 10
575 714 10
575 715 10
575 716 10
575 720 10
575 723 10
575 726 10
575 729 10
575 739 10
575 743 10
575 750 10
575 752 10
575 753 10
575 758 10
575 765 10
576 263 10
576 264 10
576 268 10
576 270 10
576 273 10
576 276 10
576 278 10
576 279 10
576 288 10
576 291 10
576 292 10
576 293 10
576 294 10
576 296 10
576 297 10
576 298 10
576 299 10
576 301 10
576 305 10
576 306 10
576 307 10
576 308 10
576 309 10
576 311 10
576 316 10
576 317 10
576 330 10
576 336 10
576 340 10
576 342 10
576 344 10
576 346 10
576 347 10
576 348 10
576 349 10
576 351 10
576 352 10
576 354 10
576 355 10
576 356 10
576 358 10
576 359 10
576 361 10
576 364 10
576 366 10
576 377 10
576 379 10
576 380 10
576 383 10
576 387 10
576 388 10
576 389 10
576 393 10
576 395 10
576 396 10
576 398 10
576 400 10
576 402 10
576 403 10
576 404 10
576 405 10
576 407 10
576 409 10
576 410 10
576 412 10
576 417 10
576 419 10
576 420 10
576 421 10
576 422 10
576 430 10
576 432 10
576 434 10
576 435 10
576 437 10
576 438 10
576 439 10
576 443 10
576 447 10
576 448 10
576 450 10
576 453 10
576 457 10
576 460 10
576 461 10
576 462 10
576 468 10
576 470 10
576 472 10
576 475 10
576 476 10
576 479 10
576 480 10
576 481 10
576 484 10
576 487 10
576 491 10
576 492 10
576 495 10
576 496 10
576 497 10
576 499 10
576 504 10
576 523 10
576 530 10
576 533 10
576 535 10
576 536 10
576 540 10
576 541 10
576 542 10
576 545 10
576 546 10
576 547 10
576 548 10
576 549 10
576 550 10
576 552 10
576 554 10
576 555 10
576 557 10
576 563 10
576 565 10
576 566 10
576 570 10
576 572 10
576 573 10
576 576 10
576 577 10
576 579 10
576 585 10
576 587 10
576 588 10
576 590 10
576 592 10
576 594 10
576 596 10
576 597 10
576 599 10
576 600 10
576 605 10
576 607 10
576 608 10
576 644 10
576 646 10
576 652 10
576 653 10
576 657 10
576 660 10
576 661 10
576 662 10
576 668 10
576 669 10
576 675 10
576 677 10
576 679 10
576 683 10
576 685 10
576 686 10
576 688 10
576 690 10
576 700 10
576 702 10
576 703 10
576 704 10
576 705 10
576 708 10
576 709 10
576 711 10
576 713 10
576 715 10
576 717 10
576 718 10
576 719 10
576 720 10
576 721 10
576 729 10
576 732 10
576 736 10
576 751 10
576 755 10
576 756 10
576 761 10
576 767 10
576 768 10
576 769 10
576 776 10
577 267 10
577 268 10
577 272 10
577 279 10
577 280 10
577 283 10
577 285 10
577 289 10
577 292 10
577 293 10
577 294 10
577 295 10
577 296 10
577 298 10
577 299 10
577 300 10
577 302 10
577 303 10
577 304 10
577 305 10
577 306 10
577 307 10
577 308 10
577 310 10
577 312 10
577 315 10
577 316 10
577 319 10
577 320 10
577 327 10
577 328 10
577 329 10
577 332 10
577 333 10
577 334 10
577 336 10
577 338 10
577 339 10
577 340 10
577 341 10
577 342 10
577 344 10
577 346 10
577 347 10
577 349 10
577 350 10
577 357 10
577 358 10
577 359 10
577 360 10
577 362 10
577 370 10
577 382 10
577 385 10
577 387 10
577 388 10
577 393 10
577 397 10
577 398 10
577 400 10
577 402 10
577 405 10
577 417 10
577 418 10
577 421 10
577 422 10
577 423 10
577 424 10
577 440 10
577 442 10
577 443 10
577 449 10
577 451 10
577 453 10
577 455 10
577 456 10
577 457 10
577 458 10
577 459 10
577 461 10
577 462 10
577 470 10
577 471 10
577 474 10
577 475 10
577 476 10
577 477 10
577 479 10
577 480 10
577 481 10
577 483 10
577 484 10
577 485 10
577 486 10
577 489 10
577 491 10
577 493 10
577 494 10
577 498 10
577 508 10
577 509 10
577 523 10
577 531 10
577 532 10
577 534 10
577 535 10
577 538 10
577 539 10
577 540 10
577 541 10
577 545 10
577 546 10
577 547 10
577 548 10
577 549 10
577 551 10
577 552 10
577 554 10
577 561 10
577 567 10
577 569 10
577 571 10
577 572 10
577 575 10
577 577 10
577 579 10
577 580 10
577 581 10
577 587 10
577 588 10
577 590 10
577 594 10
577 595 10
577 596 10
577 597 10
577 599 10
577 602 10
577 604 10
577 607 10
577 610 10
577 611 10
577 622 10
577 623 10
577 648 10
577 649 10
577 650 10
577 651 10
577 652 10
577 653 10
577 658 10
577 659 10
577 661 10
577 663 10
577 666 10
577 667 10
577 669 10
577 675 10
577 676 10
577 679 10
577 686 10
577 687 10
577 689 10
577 703 10
577 704 10
577 706 10
577 708 10
577 709 10
577 710 10
577 711 10
577 712 10
577 715 10
577 716 10
577 717 10
577 719 10
577 721 10
577 728 10
577 732 10
577 736 10
577 740 10
577 745 10
577 747 10
577 756 10
577 757 10
577 773 10
577 776 10
578 264 10
578 265 10
578 266 10
578 269 10
578 276 10
578 277 10
578 278 10
578 282 10
578 285 10
578 288 10
578 289 10
578 290 10
578 291 10
578 293 10
578 294 10
578 295 10
578 298 10
578 299 10
578 300 10
578 301 10
578 302 10
578 303 10
578 304 10
578 308 10
578 310 10
578 313 10
578 314 10
578 332 10
578 335 10
578 337 10
578 338 10
578 339 10
578 341 10
578 343 10
578 344 10
578 345 10
578 346 10
578 349 10
578 351 10
578 352 10
578 356 10
578 357 10
578 359 10
578 360 10
578 361 10
578 364 10
578 369 10
578 370 10
578 375 10
578 376 10
578 378 10
578 380 10
578 381 10
578 384 10
578 385 10
578 387 10
578 391 10
578 396 10
578 404 10
578 407 10
578 410 10
578 413 10
578 416 10
578 418 10
578 419 10
578 423 10
578 428 10
578 433 10
578 441 10
578 447 10
578 448 10
578 450 10
578 455 10
578 458 10
578 459 10
578 460 10
578 462 10
578 463 10
578 464 10
578 465 10
578 471 10
578 473 10
578 475 10
578 476 10
578 477 10
578 481 10
578 483 10
578 487 10
578 492 10
578 493 10
578 496 10
578 497 10
578 504 10
578 506 10
578 508 10
578 517 10
578 527 10
578 529 10
578 530 10
578 532 10
578 533 10
578 534 10
578 535 10
578 536 10
578 537 10
578 538 10
578 539 10
578 540 10
578 541 10
578 542 10
578 544 10
578 545 10
578 550 10
578 551 10
578 553 10
578 555 10
578 557 10
578 560 10
578 561 10
578 564 10
578 565 10
578 567 10
578 568 10
578 579 10
578 581 10
578 584 10
578 587 10
578 591 10
578 593 10
578 594 10
578 595 10
578 601 10
578 605 10
578 627 10
578 643 10
578 650 10
578 651 10
578 652 10
578 654 10
578 657 10
578 658 10
578 660 10
578 662 10
578 666 10
578 667 10
578 669 10
578 670 10
578 675 10
578 678 10
578 681 10
578 682 10
578 686 10
578 687 10
578 689 10
578 692 10
578 705 10
578 707 10
578 708 10
578 709 10
578 710 10
578 711 10
578 713 10
578 716 10
578 717 10
578 718 10
578 719 10
578 721 10
578 722 10
578 723 10
578 724 10
578 726 10
578 730 10
578 731 10
578 732 10
578 734 10
578 735 10
578 736 10
578 737 10
578 738 10
578 755 10
578 757 10
578 759 10
578 765 10
578 766 10
579 266 10
579 267 10
579 276 10
579 277 10
579 284 10
579 285 10
579 286 10
579 287 10
579 288 10
579 289 10
579 290 10
579 291 10
579 293 10
579 295 10
579 297 10
579 299 10
579 300 10
579 301 10
579 305 10
579 306 10
579 310 10
579 312 10
579 314 10
579 332 10
579 334 10
579 336 10
579 337 10
579 338 10
579 341 10
579 345 10
579 347 10
579 349 10
579 351 10
579 353 10
579 355 10
579 357 10
579 358 10
579 363 10
579 365 10
579 366 10
579 367 10
579 368 10
579 370 10
579 371 10
579 373 10
579 376 10
579 377 10
579 378 10
579 383 10
579 387 10
579 388 10
579 389 10
579 394 10
579 395 10
579 397 10
579 400 10
579 402 10
579 404 10
579 406 10
579 410 10
579 411 10
579 413 10
579 418 10
579 420 10
579 421 10
579 422 10
579 423 10
579 424 10
579 431 10
579 442 10
579 444 10
579 447 10
579 448 10
579 453 10
579 455 10
579 458 10
579 460 10
579 461 10
579 468 10
579 469 10
579 471 10
579 474 10
579 476 10
579 477 10
579 479 10
579 481 10
579 482 10
579 483 10
579 484 10
579 485 10
579 487 10
579 489 10
579 500 10
579 506 10
579 510 10
579 521 10
579 525 10
579 533 10
579 536 10
579 537 10
579 541 10
579 542 10
579 546 10
579 547 10
579 549 10
579 550 10
579 552 10
579 553 10
579 554 10
579 555 10
579 560 10
579 567 10
579 572 10
579 575 10
579 576 10
579 577 10
579 579 10
579 583 10
579 589 10
579 593 10
579 596 10
579 598 10
579 599 10
579 600 10
579 602 10
579 604 10
579 605 10
579 606 10
579 608 10
579 637 10
579 645 10
579 647 10
579 649 10
579 654 10
579 657 10
579 659 10
579 660 10
579 661 10
579 663 10
579 665 10
579 666 10
579 667 10
579 668 10
579 671 10
579 673 10
579 674 10
579 676 10
579 677 10
579 678 10
579 682 10
579 684 10
579 687 10
579 689 10
579 690 10
579 692 10
579 694 10
579 697 10
579 703 10
579 704 10
579 707 10
579 712 10
579 713 10
579 714 10
579 715 10
579 716 10
579 717 10
579 718 10
579 720 10
579 721 10
579 722 10
579 728 10
579 730 10
579 731 10
579 734 10
579 735 10
579 736 10
579 739 10
579 742 10
579 746 10
579 748 10
579 749 10
579 754 10
579 757 10
579 760 10
579 768 10
579 769 10
579 771 10
579 772 10
580 264 10
580 268 10
580 270 10
580 279 10
580 283 10
580 285 10
580 289 10
580 291 10
580 292 10
580 296 10
580 297 10
580 298 10
580 299 10
580 302 10
580 303 10
580 307 10
580 309 10
580 310 10
580 327 10
580 336 10
580 338 10
580 339 10
580 341 10
580 342 10
580 344 10
580 348 10
580 351 10
580 352 10
580 362 10
580 367 10
580 368 10
580 370 10
580 372 10
580 373 10
580 375 10
580 378 10
580 381 10
580 385 10
580 389 10
580 392 10
580 397 10
580 398 10
580 401 10
580 402 10
580 404 10
580 406 10
580 407 10
580 413 10
580 415 10
580 425 10
580 426 10
580 442 10
580 444 10
580 448 10
580 450 10
580 454 10
580 455 10
580 462 10
580 465 10
580 468 10
580 470 10
580 471 10
580 472 10
580 478 10
580 479 10
580 485 10
580 486 10
580 487 10
580 488 10
580 489 10
580 490 10
580 493 10
580 494 10
580 496 10
580 497 10
580 503 10
580 505 10
580 509 10
580 510 10
580 511 10
580 515 10
580 517 10
580 526 10
580 527 10
580 529 10
580 530 10
580 531 10
580 533 10
580 535 10
580 539 10
580 542 10
580 544 10
580 546 10
580 547 10
580 549 10
580 552 10
580 553 10
580 556 10
580 558 10
580 559 10
580 560 10
580 566 10
580 567 10
580 569 10
580 577 10
580 578 10
580 580 10
580 589 10
580 593 10
580 597 10
580 598 10
580 599 10
580 602 10
580 606 10
580 609 10
580 611 10
580 635 10
580 640 10
580 644 10
580 645 10
580 650 10
580 651 10
580 657 10
580 659 10
580 660 10
580 662 10
580 665 10
580 668 10
580 674 10
580 675 10
580 677 10
580 680 10
580 682 10
580 688 10
580 692 10
580 693 10
580 694 10
580 702 10
580 710 10
580 712 10
580 713 10
580 721 10
580 722 10
580 732 10
580 734 10
580 735 10
580 736 10
580 738 10
580 743 10
580 744 10
580 747 10
580 748 10
580 751 10
580 761 10
580 762 10
580 768 10
580 770 10
581 269 10
581 273 10
581 275 10
581 276 10
581 279 10
581 280 10
581 284 10
581 285 10
581 286 10
581 287 10
581 288 10
581 290 10
581 294 10
581 295 10
581 297 10
581 299 10
581 303 10
581 308 10
581 310 10
581 318 10
581 323 10
581 329 10
581 341 10
581 343 10
581 344 10
581 345 10
581 346 10
581 349 10
581 354 10
581 362 10
581 363 10
581 366 10
581 373 10
581 376 10
581 378 10
581 381 10
581 386 10
581 387 10
581 388 10
581 389 10
581 390 10
581 399 10
581 401 10
581 403 10
581 404 10
581 406 10
581 407 10
581 408 10
581 410 10
581 423 10
581 425 10
581 427 10
581 432 10
581 434 10
581 444 10
581 449 10
581 450 10
581 453 10
581 467 10
581 468 10
581 480 10
581 481 10
581 482 10
581 483 10
581 484 10
581 487 10
581 488 10
581 489 10
581 491 10
581 492 10
581 494 10
581 495 10
581 496 10
581 497 10
581 506 10
581 510 10
581 511 10
581 513 10
581 519 10
581 524 10
581 527 10
581 528 10
581 533 10
581 536 10
581 540 10
581 541 10
581 542 10
581 544 10
581 545 10
581 546 10
581 551 10
581 554 10
581 555 10
581 557 10
581 560 10
581 562 10
581 565 10
581 572 10
581 574 10
581 575 10
581 577 10
581 578 10
581 584 10
581 586 10
581 590 10
581 591 10
581 596 10
581 597 10
581 604 10
581 606 10
581 608 10
581 609 10
581 611 10
581 613 10
581 631 10
581 635 10
581 637 10
581 638 10
581 641 10
581 642 10
581 643 10
581 644 10
581 645 10
581 648 10
581 649 10
581 652 10
581 660 10
581 661 10
581 662 10
581 668 10
581 669 10
581 673 10
581 675 10
581 676 10
581 677 10
581 679 10
581 682 10
581 683 10
581 684 10
581 686 10
581 687 10
581 688 10
581 689 10
581 690 10
581 692 10
581 697 10
581 699 10
581 700 10
581 703 10
581 705 10
581 709 10
581 711 10
581 712 10
581 714 10
581 716 10
581 720 10
581 726 10
581 728 10
581 731 10
581 733 10
581 734 10
581 735 10
581 736 10
581 740 10
581 742 10
581 744 10
581 746 10
581 747 10
581 750 10
581 751 10
581 759 10
581 761 10
581 769 10
581 770 10
581 771 10
581 773 10
582 271 10
582 275 10
582 276 10
582 281 10
582 282 10
582 284 10
582 286 10
582 297 10
582 299 10
582 300 10
582 302 10
582 306 10
582 327 10
582 328 10
582 329 10
582 334 10
582 337 10
582 338 10
582 339 10
582 340 10
582 344 10
582 348 10
582 349 10
582 353 10
582 365 10
582 366 10
582 368 10
582 369 10
582 371 10
582 372 10
582 379 10
582 391 10
582 397 10
582 398 10
582 400 10
582 402 10
582 403 10
582 404 10
582 405 10
582 406 10
582 407 10
582 412 10
582 420 10
582 425 10
582 426 10
582 428 10
582 440 10
582 446 10
582 449 10
582 450 10
582 452 10
582 454 10
582 460 10
582 466 10
582 468 10
582 470 10
582 478 10
582 482 10
582 483 10
582 484 10
582 485 10
582 486 10
582 487 10
582 489 10
582 490 10
582 491 10
582 492 10
582 506 10
582 511 10
582 521 10
582 525 10
582 526 10
582 530 10
582 534 10
582 535 10
582 536 10
582 537 10
582 538 10
582 545 10
582 547 10
582 550 10
582 553 10
582 559 10
582 560 10
582 562 10
582 563 10
582 564 10
582 572 10
582 578 10
582 579 10
582 586 10
582 593 10
582 596 10
582 597 10
582 599 10
582 606 10
582 609 10
582 632 10
582 636 10
582 637 10
582 640 10
582 641 10
582 648 10
582 649 10
582 650 10
582 651 10
582 653 10
582 654 10
582 655 10
582 659 10
582 663 10
582 664 10
582 669 10
582 670 10
582 672 10
582 677 10
582 678 10
582 679 10
582 680 10
582 681 10
582 684 10
582 686 10
582 689 10
582 694 10
582 695 10
582 697 10
582 699 10
582 703 10
582 708 10
582 712 10
582 713 10
582 715 10
582 717 10
582 719 10
582 727 10
582 732 10
582 733 10
582 735 10
582 736 10
582 737 10
582 739 10
582 740 10
582 742 10
582 745 10
582 746 10
582 748 10
582 750 10
582 754 10
582 757 10
582 758 10
582 759 10
582 760 10
582 761 10
582 764 10
582 766 10
582 768 10
582 769 10
583 259 10
583 260 10
583 261 10
583 268 10
583 270 10
583 271 10
583 272 10
583 275 10
583 277 10
583 279 10
583 283 10
583 284 10
583 285 10
583 286 10
583 288 10
583 289 10
583 296 10
583 300 10
583 303 10
583 309 10
583 319 10
583 322 10
583 323 10
583 333 10
583 334 10
583 337 10
583 338 10
583 339 10
583 341 10
583 342 10
583 343 10
583 344 10
583 346 10
583 348 10
583 349 10
583 353 10
583 359 10
583 360 10
583 365 10
583 366 10
583 369 10
583 370 10
583 371 10
583 373 10
583 375 10
583 376 10
583 377 10
583 378 10
583 381 10
583 385 10
583 387 10
583 388 10
583 393 10
583 396 10
583 398 10
583 401 10
583 402 10
583 406 10
583 408 10
583 409 10
583 411 10
583 413 10
583 415 10
583 422 10
583 423 10
583 424 10
583 428 10
583 429 10
583 432 10
583 433 10
583 434 10
583 437 10
583 443 10
583 451 10
583 456 10
583 458 10
583 466 10
583 467 10
583 469 10
583 472 10
583 477 10
583 479 10
583 483 10
583 485 10
583 486 10
583 487 10
583 488 10
583 489 10
583 491 10
583 492 10
583 493 10
583 494 10
583 496 10
583 497 10
583 498 10
583 503 10
583 506 10
583 514 10
583 517 10
583 526 10
583 528 10
583 529 10
583 533 10
583 535 10
583 537 10
583 541 10
583 542 10
583 543 10
583 544 10
583 545 10
583 547 10
583 548 10
583 551 10
583 552 10
583 555 10
583 557 10
583 560 10
583 561 10
583 563 10
583 574 10
583 575 10
583 576 10
583 578 10
583 581 10
583 586 10
583 590 10
583 597 10
583 598 10
583 606 10
583 607 10
583 630 10
583 634 10
583 636 10
583 638 10
583 643 10
583 649 10
583 652 10
583 653 10
583 654 10
583 655 10
583 657 10
583 660 10
583 661 10
583 666 10
583 669 10
583 674 10
583 675 10
583 677 10
583 679 10
583 683 10
583 684 10
583 685 10
583 687 10
583 688 10
583 691 10
583 697 10
583 701 10
583 705 10
583 710 10
583 717 10
583 724 10
583 729 10
583 730 10
583 733 10
583 735 10
583 736 10
583 743 10
583 747 10
583 751 10
583 754 10
583 756 10
583 759 10
583 760 10
583 761 10
583 763 10
583 764 10
583 765 10
583 766 10
583 767 10
583 768 10
583 773 10
584 269 10
584 270 10
584 275 10
584 279 10
584 281 10
584 282 10
584 285 10
584 289 10
584 291 10
584 294 10
584 296 10
584 297 10
584 298 10
584 299 10
584 301 10
584 303 10
584 308 10
584 309 10
584 321 10
584 323 10
584 327 10
584 330 10
584 331 10
584 335 10
584 336 10
584 338 10
584 340 10
584 342 10
584 345 10
584 346 10
584 367 10
584 368 10
584 369 10
584 371 10
584 375 10
584 376 10
584 377 10
584 393 10
584 395 10
584 399 10
584 402 10
584 403 10
584 405 10
584 407 10
584 408 10
584 410 10
584 411 10
584 412 10
584 415 10
584 420 10
584 421 10
584 425 10
584 426 10
584 428 10
584 431 10
584 432 10
584 433 10
584 438 10
584 439 10
584 443 10
584 445 10
584 451 10
584 454 10
584 455 10
584 456 10
584 457 10
584 458 10
584 460 10
584 463 10
584 476 10
584 480 10
584 484 10
584 486 10
584 488 10
584 493 10
584 495 10
584 497 10
584 501 10
584 505 10
584 523 10
584 529 10
584 531 10
584 535 10
584 537 10
584 539 10
584 540 10
584 541 10
584 542 10
584 544 10
584 545 10
584 548 10
584 549 10
584 550 10
584 551 10
584 553 10
584 555 10
584 557 10
584 561 10
584 562 10
584 563 10
584 564 10
584 567 10
584 573 10
584 592 10
584 593 10
584 594 10
584 595 10
584 596 10
584 598 10
584 601 10
584 602 10
584 604 10
584 608 10
584 632 10
584 640 10
584 651 10
584 652 10
584 653 10
584 654 10
584 655 10
584 656 10
584 660 10
584 661 10
584 662 10
584 664 10
584 668 10
584 670 10
584 673 10
584 678 10
584 682 10
584 683 10
584 684 10
584 686 10
584 688 10
584 689 10
584 691 10
584 693 10
584 695 10
584 697 10
584 698 10
584 702 10
584 705 10
584 709 10
584 710 10
584 714 10
584 715 10
584 716 10
584 717 10
584 719 10
584 729 10
584 733 10
584 736 10
584 737 10
584 739 10
584 740 10
584 743 10
584 744 10
584 745 10
584 746 10
584 751 10
584 756 10
584 758 10
584 759 10
584 761 10
584 762 10
584 763 10
584 764 10
584 766 10
584 769 10
584 771 10
585 268 10
585 277 10
585 281 10
585 282 10
585 284 10
585 286 10
585 288 10
585 289 10
585 300 10
585 302 10
585 307 10
585 308 10
585 311 10
585 331 10
585 333 10
585 334 10
585 335 10
585 339 10
585 341 10
585 342 10
585 343 10
585 344 10
585 345 10
585 347 10
585 351 10
585 354 10
585 356 10
585 357 10
585 358 10
585 360 10
585 365 10
585 373 10
585 374 10
585 375 10
585 376 10
585 377 10
585 378 10
585 379 10
585 380 10
585 391 10
585 393 10
585 394 10
585 398 10
585 399 10
585 400 10
585 401 10
585 403 10
585 404 10
585 407 10
585 408 10
585 409 10
585 410 10
585 411 10
585 419 10
585 424 10
585 425 10
585 426 10
585 428 10
585 430 10
585 435 10
585 436 10
585 437 10
585 438 10
585 439 10
585 446 10
585 447 10
585 452 10
585 455 10
585 456 10
585 458 10
585 459 10
585 461 10
585 463 10
585 465 10
585 478 10
585 480 10
585 484 10
585 486 10
585 488 10
585 489 10
585 490 10
585 493 10
585 508 10
585 510 10
585 512 10
585 513 10
585 514 10
585 515 10
585 516 10
585 517 10
585 520 10
585 522 10
585 523 10
585 525 10
585 526 10
585 527 10
585 528 10
585 530 10
585 531 10
585 533 10
585 534 10
585 536 10
585 537 10
585 538 10
585 542 10
585 544 10
585 546 10
585 547 10
585 548 10
585 549 10
585 552 10
585 556 10
585 560 10
585 561 10
585 562 10
585 564 10
585 566 10
585 572 10
585 573 10
585 576 10
585 580 10
585 586 10
585 590 10
585 595 10
585 599 10
585 600 10
585 608 10
585 609 10
585 629 10
585 633 10
585 636 10
585 651 10
585 652 10
585 653 10
585 654 10
585 658 10
585 659 10
585 660 10
585 664 10
585 666 10
585 674 10
585 683 10
585 684 10
585 685 10
585 688 10
585 696 10
585 699 10
585 704 10
585 705 10
585 706 10
585 712 10
585 713 10
585 714 10
585 716 10
585 717 10
585 718 10
585 725 10
585 729 10
585 730 10
585 731 10
585 735 10
585 737 10
585 743 10
585 747 10
585 748 10
585 761 10
585 763 10
585 765 10
585 766 10
585 767 10
586 261 10
586 265 10
586 266 10
586 267 10
586 275 10
586 278 10
586 279 10
586 280 10
586 281 10
586 282 10
586 285 10
586 286 10
586 287 10
586 291 10
586 299 10
586 300 10
586 308 10
586 309 10
586 321 10
586 322 10
586 323 10
586 327 10
586 328 10
586 332 10
586 333 10
586 336 10
586 339 10
586 340 10
586 342 10
586 346 10
586 348 10
586 349 10
586 365 10
586 366 10
586 367 10
586 370 10
586 371 10
586 372 10
586 373 10
586 375 10
586 376 10
586 377 10
586 393 10
586 394 10
586 396 10
586 397 10
586 399 10
586 401 10
586 402 10
586 404 10
586 406 10
586 407 10
586 409 10
586 411 10
586 412 10
586 414 10
586 415 10
586 417 10
586 419 10
586 420 10
586 422 10
586 423 10
586 424 10
586 427 10
586 428 10
586 430 10
586 433 10
586 434 10
586 435 10
586 436 10
586 437 10
586 444 10
586 446 10
586 450 10
586 454 10
586 456 10
586 460 10
586 464 10
586 478 10
586 480 10
586 483 10
586 485 10
586 486 10
586 488 10
586 489 10
586 490 10
586 491 10
586 498 10
586 502 10
586 504 10
586 507 10
586 510 10
586 511 10
586 519 10
586 521 10
586 525 10
586 526 10
586 527 10
586 528 10
586 529 10
586 532 10
586 535 10
586 538 10
586 539 10
586 540 10
586 542 10
586 543 10
586 545 10
586 548 10
586 550 10
586 551 10
586 555 10
586 557 10
586 559 10
586 560 10
586 561 10
586 562 10
586 564 10
586 566 10
586 567 10
586 577 10
586 594 10
586 595 10
586 597 10
586 598 10
586 599 10
586 601 10
586 603 10
586 605 10
586 606 10
586 608 10
586 609 10
586 610 10
586 612 10
586 617 10
586 629 10
586 631 10
586 633 10
586 634 10
586 644 10
586 649 10
586 651 10
586 652 10
586 653 10
586 654 10
586 656 10
586 657 10
586 659 10
586 660 10
586 662 10
586 663 10
586 672 10
586 673 10
586 676 10
586 678 10
586 679 10
586 683 10
586 685 10
586 686 10
586 692 10
586 694 10
586 695 10
586 699 10
586 702 10
586 706 10
586 710 10
586 711 10
586 712 10
586 714 10
586 715 10
586 716 10
586 718 10
586 724 10
586 727 10
586 728 10
586 732 10
586 733 10
586 736 10
586 737 10
586 738 10
586 742 10
586 744 10
586 746 10
586 747 10
586 748 10
586 749 10
586 751 10
586 754 10
586 761 10
586 762 10
586 763 10
586 764 10
586 765 10
586 769 10
586 775 10
587 265 10
587 270 10
587 275 10
587 276 10
587 278 10
587 280 10
587 283 10
587 285 10
587 287 10
587 288 10
587 295 10
587 296 10
587 317 10
587 322 10
587 330 10
587 331 10
587 334 10
587 340 10
587 342 10
587 343 10
587 344 10
587 345 10
587 346 10
587 347 10
587 353 10
587 357 10
587 358 10
587 359 10
587 360 10
587 368 10
587 369 10
587 371 10
587 372 10
587 373 10
587 377 10
587 378 10
587 391 10
587 405 10
587 407 10
587 408 10
587 414 10
587 417 10
587 419 10
587 420 10
587 425 10
587 426 10
587 429 10
587 431 10
587 433 10
587 437 10
587 438 10
587 441 10
587 442 10
587 443 10
587 458 10
587 484 10
587 492 10
587 498 10
587 503 10
587 507 10
587 508 10
587 509 10
587 510 10
587 518 10
587 519 10
587 521 10
587 524 10
587 529 10
587 532 10
587 535 10
587 537 10
587 540 10
587 541 10
587 542 10
587 543 10
587 544 10
587 545 10
587 547 10
587 549 10
587 555 10
587 558 10
587 559 10
587 561 10
587 563 10
587 564 10
587 566 10
587 571 10
587 572 10
587 576 10
587 578 10
587 579 10
587 588 10
587 592 10
587 599 10
587 601 10
587 605 10
587 606 10
587 609 10
587 611 10
587 616 10
587 617 10
587 618 10
587 619 10
587 620 10
587 635 10
587 636 10
587 637 10
587 638 10
587 642 10
587 643 10
587 644 10
587 649 10
587 653 10
587 654 10
587 655 10
587 656 10
587 658 10
587 659 10
587 660 10
587 661 10
587 662 10
587 663 10
587 666 10
587 667 10
587 668 10
587 669 10
587 675 10
587 680 10
587 682 10
587 684 10
587 687 10
587 689 10
587 690 10
587 696 10
587 699 10
587 702 10
587 703 10
587 704 10
587 705 10
587 708 10
587 710 10
587 712 10
587 717 10
587 718 10
587 727 10
587 729 10
587 743 10
587 746 10
587 749 10
587 752 10
587 753 10
587 756 10
587 761 10
587 764 10
588 264 10
588 266 10
588 268 10
588 271 10
588 275 10
588 279 10
588 283 10
588 284 10
588 285 10
588 286 10
588 298 10
588 322 10
588 333 10
588 337 10
588 341 10
588 344 10
588 347 10
588 349 10
588 350 10
588 367 10
588 368 10
588 371 10
588 373 10
588 374 10
588 376 10
588 385 10
588 391 10
588 393 10
588 396 10
588 398 10
588 405 10
588 407 10
588 408 10
588 410 10
588 412 10
588 413 10
588 414 10
588 415 10
588 416 10
588 417 10
588 418 10
588 423 10
588 426 10
588 429 10
588 431 10
588 432 10
588 434 10
588 435 10
588 437 10
588 439 10
588 442 10
588 444 10
588 445 10
588 447 10
588 450 10
588 458 10
588 460 10
588 463 10
588 469 10
588 478 10
588 488 10
588 494 10
588 495 10
588 496 10
588 504 10
588 507 10
588 510 10
588 512 10
588 514 10
588 515 10
588 516 10
588 523 10
588 529 10
588 532 10
588 533 10
588 534 10
588 536 10
588 537 10
588 538 10
588 539 10
588 542 10
588 544 10
588 545 10
588 546 10
588 547 10
588 548 10
588 552 10
588 561 10
588 562 10
588 563 10
588 566 10
588 567 10
588 570 10
588 579 10
588 580 10
588 584 10
588 585 10
588 586 10
588 588 10
588 590 10
588 592 10
588 595 10
588 597 10
588 600 10
588 603 10
588 605 10
588 611 10
588 617 10
588 634 10
588 635 10
588 639 10
588 640 10
588 644 10
588 646 10
588 648 10
588 654 10
588 656 10
588 657 10
588 658 10
588 659 10
588 660 10
588 661 10
588 665 10
588 667 10
588 668 10
588 672 10
588 674 10
588 675 10
588 676 10
588 678 10
588 679 10
588 681 10
588 684 10
588 685 10
588 686 10
588 689 10
588 690 10
588 693 10
588 694 10
588 699 10
588 702 10
588 704 10
588 705 10
588 706 10
588 707 10
588 708 10
588 709 10
588 710 10
588 712 10
588 713 10
588 714 10
588 715 10
588 726 10
588 734 10
588 735 10
588 744 10
588 749 10
588 750 10
588 752 10
588 754 10
588 766 10
588 770 10
588 771 10
588 776 10
589 263 10
589 265 10
589 266 10
589 267 10
589 268 10
589 269 10
589 275 10
589 276 10
589 277 10
589 281 10
589 282 10
589 284 10
589 286 10
589 287 10
589 299 10
589 302 10
589 328 10
589 329 10
589 330 10
589 333 10
589 335 10
589 337 10
589 342 10
589 344 10
589 345 10
589 346 10
589 347 10
589 353 10
589 357 10
589 359 10
589 360 10
589 364 10
589 366 10
589 368 10
589 370 10
589 371 10
589 372 10
589 373 10
589 374 10
589 379 10
589 381 10
589 383 10
589 391 10
589 394 10
589 404 10
589 406 10
589 412 10
589 414 10
589 415 10
589 419 10
589 420 10
589 421 10
589 426 10
589 427 10
589 431 10
589 433 10
589 435 10
589 438 10
589 441 10
589 442 10
589 443 10
589 444 10
589 448 10
589 452 10
589 465 10
589 469 10
589 474 10
589 478 10
589 480 10
589 485 10
589 490 10
589 494 10
589 497 10
589 498 10
589 504 10
589 507 10
589 510 10
589 520 10
589 522 10
589 523 10
589 524 10
589 529 10
589 533 10
589 534 10
589 536 10
589 537 10
589 538 10
589 539 10
589 540 10
589 541 10
589 542 10
589 543 10
589 544 10
589 545 10
589 546 10
589 547 10
589 548 10
589 561 10
589 562 10
589 564 10
589 565 10
589 566 10
589 567 10
589 568 10
589 582 10
589 585 10
589 588 10
589 590 10
589 592 10
589 595 10
589 596 10
589 599 10
589 600 10
589 602 10
589 603 10
589 608 10
589 609 10
589 612 10
589 618 10
589 619 10
589 620 10
589 636 10
589 637 10
589 638 10
589 640 10
589 642 10
589 643 10
589 647 10
589 649 10
589 652 10
589 654 10
589 655 10
589 656 10
589 657 10
589 658 10
589 659 10
589 660 10
589 662 10
589 663 10
589 664 10
589 665 10
589 667 10
589 668 10
589 670 10
589 673 10
589 674 10
589 675 10
589 677 10
589 683 10
589 684 10
589 690 10
589 700 10
589 701 10
589 703 10
589 705 10
589 707 10
589 732 10
589 738 10
589 744 10
589 746 10
589 748 10
589 754 10
589 755 10
589 756 10
589 759 10
589 761 10
589 762 10
589 767 10
589 776 10
589 778 10
590 257 10
590 258 10
590 260 10
590 262 10
590 278 10
590 279 10
590 282 10
590 284 10
590 285 10
590 289 10
590 291 10
590 292 10
590 295 10
590 297 10
590 300 10
590 301 10
590 324 10
590 329 10
590 333 10
590 335 10
590 336 10
590 338 10
590 339 10
590 343 10
590 347 10
590 348 10
590 352 10
590 353 10
590 361 10
590 363 10
590 366 10
590 369 10
590 370 10
590 372 10
590 373 10
590 374 10
590 376 10
590 377 10
590 378 10
590 381 10
590 388 10
590 394 10
590 396 10
590 403 10
590 404 10
590 408 10
590 413 10
590 415 10
590 416 10
590 422 10
590 425 10
590 428 10
590 430 10
590 431 10
590 432 10
590 433 10
590 435 10
590 441 10
590 444 10
590 445 10
590 446 10
590 447 10
590 460 10
590 463 10
590 464 10
590 465 10
590 467 10
590 470 10
590 472 10
590 479 10
590 488 10
590 494 10
590 496 10
590 498 10
590 503 10
590 517 10
590 518 10
590 519 10
590 524 10
590 525 10
590 526 10
590 527 10
590 530 10
590 531 10
590 532 10
590 533 10
590 535 10
590 537 10
590 538 10
590 539 10
590 540 10
590 541 10
590 542 10
590 543 10
590 544 10
590 545 10
590 547 10
590 548 10
590 549 10
590 559 10
590 562 10
590 566 10
590 567 10
590 570 10
590 572 10
590 583 10
590 586 10
590 588 10
590 591 10
590 593 10
590 594 10
590 595 10
590 597 10
590 601 10
590 608 10
590 612 10
590 613 10
590 615 10
590 616 10
590 617 10
590 618 10
590 634 10
590 638 10
590 640 10
590 641 10
590 643 10
590 645 10
590 647 10
590 648 10
590 652 10
590 654 10
590 656 10
590 657 10
590 658 10
590 659 10
590 660 10
590 661 10
590 670 10
590 672 10
590 673 10
590 674 10
590 675 10
590 676 10
590 677 10
590 678 10
590 683 10
590 684 10
590 691 10
590 693 10
590 694 10
590 696 10
590 697 10
590 698 10
590 701 10
590 704 10
590 705 10
590 715 10
590 732 10
590 739 10
590 748 10
590 750 10
590 751 10
590 755 10
590 758 10
590 764 10
590 765 10
591 259 10
591 266 10
591 267 10
591 268 10
591 273 10
591 274 10
591 281 10
591 282 10
591 291 10
591 294 10
591 298 10
591 323 10
591 326 10
591 328 10
591 332 10
591 342 10
591 344 10
591 345 10
591 346 10
591 347 10
591 352 10
591 353 10
591 363 10
591 365 10
591 366 10
591 370 10
591 372 10
591 373 10
591 374 10
591 376 10
591 377 10
591 387 10
591 395 10
591 396 10
591 397 10
591 406 10
591 408 10
591 409 10
591 410 10
591 412 10
591 414 10
591 418 10
591 421 10
591 423 10
591 425 10
591 427 10
591 431 10
591 432 10
591 433 10
591 436 10
591 438 10
591 440 10
591 441 10
591 448 10
591 452 10
591 454 10
591 459 10
591 461 10
591 462 10
591 465 10
591 466 10
591 468 10
591 471 10
591 472 10
591 473 10
591 489 10
591 493 10
591 496 10
591 498 10
591 499 10
591 500 10
591 502 10
591 505 10
591 508 10
591 513 10
591 514 10
591 515 10
591 518 10
591 522 10
591 523 10
591 524 10
591 528 10
591 530 10
591 531 10
591 533 10
591 534 10
591 535 10
591 536 10
591 537 10
591 538 10
591 539 10
591 540 10
591 544 10
591 545 10
591 546 10
591 547 10
591 548 10
591 558 10
591 562 10
591 564 10
591 565 10
591 566 10
591 567 10
591 568 10
591 569 10
591 570 10
591 571 10
591 574 10
591 578 10
591 583 10
591 588 10
591 591 10
591 592 10
591 593 10
591 594 10
591 595 10
591 596 10
591 598 10
591 599 10
591 607 10
591 611 10
591 613 10
591 614 10
591 617 10
591 619 10
591 632 10
591 634 10
591 635 10
591 636 10
591 640 10
591 641 10
591 642 10
591 643 10
591 645 10
591 647 10
591 651 10
591 654 10
591 655 10
591 656 10
591 657 10
591 664 10
591 665 10
591 674 10
591 675 10
591 676 10
591 678 10
591 691 10
591 693 10
591 694 10
591 698 10
591 701 10
591 705 10
591 707 10
591 710 10
591 711 10
591 714 10
591 737 10
591 738 10
591 739 10
591 740 10
591 743 10
591 752 10
591 753 10
591 754 10
591 757 10
591 759 10
591 761 10
591 763 10
591 766 10
591 774 10
592 257 10
592 258 10
592 264 10
592 279 10
592 283 10
592 297 10
592 301 10
592 329 10
592 330 10
592 332 10
592 333 10
592 335 10
592 337 10
592 342 10
592 343 10
592 344 10
592 345 10
592 348 10
592 350 10
592 351 10
592 352 10
592 353 10
592 354 10
592 356 10
592 357 10
592 361 10
592 365 10
592 366 10
592 367 10
592 368 10
592 370 10
592 371 10
592 372 10
592 373 10
592 375 10
592 376 10
592 377 10
592 379 10
592 382 10
592 383 10
592 386 10
592 390 10
592 396 10
592 398 10
592 405 10
592 410 10
592 412 10
592 415 10
592 416 10
592 417 10
592 419 10
592 421 10
592 422 10
592 423 10
592 424 10
592 427 10
592 430 10
592 433 10
592 437 10
592 438 10
592 445 10
592 451 10
592 455 10
592 456 10
592 458 10
592 459 10
592 461 10
592 463 10
592 464 10
592 467 10
592 469 10
592 470 10
592 472 10
592 475 10
592 476 10
592 494 10
592 500 10
592 501 10
592 503 10
592 504 10
592 509 10
592 510 10
592 513 10
592 515 10
592 516 10
592 522 10
592 523 10
592 526 10
592 527 10
592 528 10
592 533 10
592 535 10
592 537 10
592 539 10
592 540 10
592 541 10
592 542 10
592 543 10
592 544 10
592 546 10
592 547 10
592 549 10
592 552 10
592 560 10
592 563 10
592 564 10
592 565 10
592 566 10
592 568 10
592 571 10
592 573 10
592 586 10
592 588 10
592 592 10
592 593 10
592 595 10
592 606 10
592 607 10
592 609 10
592 610 10
592 612 10
592 617 10
592 620 10
592 622 10
592 635 10
592 642 10
592 645 10
592 647 10
592 649 10
592 650 10
592 654 10
592 655 10
592 656 10
592 657 10
592 658 10
592 659 10
592 661 10
592 663 10
592 671 10
592 673 10
592 675 10
592 676 10
592 677 10
592 678 10
592 682 10
592 690 10
592 691 10
592 696 10
592 697 10
592 698 10
592 700 10
592 701 10
592 711 10
592 712 10
592 722 10
592 734 10
592 736 10
592 737 10
592 738 10
592 740 10
592 742 10
592 743 10
592 751 10
592 758 10
592 760 10
592 761 10
592 762 10
592 763 10
592 765 10
592 771 10
593 254 10
593 256 10
593 257 10
593 259 10
593 262 10
593 265 10
593 272 10
593 273 10
593 275 10
593 277 10
593 294 10
593 305 10
593 323 10
593 327 10
593 328 10
593 330 10
593 333 10
593 335 10
593 337 10
593 338 10
593 343 10
593 345 10
593 346 10
593 348 10
593 349 10
593 350 10
593 354 10
593 356 10
593 357 10
593 363 10
593 364 10
593 368 10
593 370 10
593 371 10
593 372 10
593 373 10
593 374 10
593 375 10
593 377 10
593 395 10
593 397 10
593 398 10
593 400 10
593 404 10
593 405 10
593 407 10
593 409 10
593 412 10
593 414 10
593 415 10
593 416 10
593 421 10
593 424 10
593 425 10
593 426 10
593 427 10
593 428 10
593 432 10
593 435 10
593 436 10
593 437 10
593 438 10
593 457 10
593 458 10
593 460 10
593 461 10
593 462 10
593 463 10
593 464 10
593 465 10
593 466 10
593 467 10
593 470 10
593 471 10
593 475 10
593 476 10
593 477 10
593 480 10
593 484 10
593 492 10
593 494 10
593 496 10
593 497 10
593 499 10
593 502 10
593 510 10
593 518 10
593 519 10
593 520 10
593 521 10
593 523 10
593 524 10
593 531 10
593 532 10
593 535 10
593 538 10
593 539 10
593 540 10
593 541 10
593 550 10
593 555 10
593 557 10
593 562 10
593 563 10
593 565 10
593 566 10
593 569 10
593 573 10
593 574 10
593 575 10
593 586 10
593 588 10
593 589 10
593 593 10
593 594 10
593 595 10
593 596 10
593 598 10
593 604 10
593 607 10
593 610 10
593 616 10
593 618 10
593 619 10
593 620 10
593 621 10
593 622 10
593 623 10
593 632 10
593 637 10
593 639 10
593 641 10
593 642 10
593 644 10
593 648 10
593 649 10
593 650 10
593 653 10
593 654 10
593 657 10
593 658 10
593 661 10
593 673 10
593 675 10
593 676 10
593 678 10
593 686 10
593 687 10
593 693 10
593 695 10
593 697 10
593 698 10
593 699 10
593 709 10
593 711 10
593 714 10
593 720 10
593 723 10
593 734 10
593 735 10
593 740 10
593 742 10
593 743 10
593 747 10
593 756 10
593 757 10
593 759 10
593 760 10
593 762 10
593 763 10
594 255 10
594 256 10
594 258 10
594 259 10
594 263 10
594 270 10
594 271 10
594 274 10
594 323 10
594 326 10
594 328 10
594 329 10
594 332 10
594 333 10
594 340 10
594 342 10
594 344 10
594 346 10
594 348 10
594 351 10
594 353 10
594 357 10
594 359 10
594 361 10
594 366 10
594 368 10
594 370 10
594 371 10
594 372 10
594 373 10
594 374 10
594 376 10
594 382 10
594 384 10
594 387 10
594 397 10
594 406 10
594 407 10
594 410 10
594 413 10
594 414 10
594 417 10
594 420 10
594 425 10
594 426 10
594 427 10
594 429 10
594 432 10
594 435 10
594 438 10
594 439 10
594 453 10
594 458 10
594 459 10
594 460 10
594 462 10
594 464 10
594 467 10
594 474 10
594 475 10
594 476 10
594 477 10
594 478 10
594 484 10
594 496 10
594 500 10
594 501 10
594 502 10
594 503 10
594 504 10
594 507 10
594 508 10
594 509 10
594 511 10
594 513 10
594 516 10
594 519 10
594 521 10
594 524 10
594 527 10
594 529 10
594 533 10
594 540 10
594 541 10
594 547 10
594 549 10
594 550 10
594 551 10
594 552 10
594 553 10
594 559 10
594 563 10
594 564 10
594 565 10
594 566 10
594 567 10
594 568 10
594 569 10
594 570 10
594 571 10
594 572 10
594 574 10
594 575 10
594 587 10
594 589 10
594 591 10
594 598 10
594 604 10
594 607 10
594 618 10
594 619 10
594 621 10
594 639 10
594 640 10
594 641 10
594 642 10
594 647 10
594 650 10
594 653 10
594 654 10
594 655 10
594 656 10
594 657 10
594 658 10
594 659 10
594 662 10
594 665 10
594 666 10
594 673 10
594 676 10
594 678 10
594 680 10
594 681 10
594 682 10
594 683 10
594 684 10
594 685 10
594 689 10
594 691 10
594 692 10
594 693 10
594 695 10
594 697 10
594 698 10
594 705 10
594 709 10
594 712 10
594 715 10
594 720 10
594 721 10
594 732 10
594 733 10
594 738 10
594 740 10
594 741 10
594 744 10
594 745 10
594 750 10
594 752 10
594 758 10
594 760 10
594 761 10
595 254 10
595 255 10
595 256 10
595 267 10
595 269 10
595 270 10
595 272 10
595 277 10
595 278 10
595 325 10
595 327 10
595 329 10
595 330 10
595 332 10
595 333 10
595 335 10
595 338 10
595 339 10
595 340 10
595 342 10
595 344 10
595 346 10
595 348 10
595 352 10
595 353 10
595 354 10
595 355 10
595 356 10
595 359 10
595 363 10
595 369 10
595 370 10
595 371 10
595 372 10
595 373 10
595 374 10
595 375 10
595 376 10
595 377 10
595 382 10
595 383 10
595 388 10
595 393 10
595 394 10
595 397 10
595 400 10
595 404 10
595 405 10
595 406 10
595 415 10
595 416 10
595 427 10
595 428 10
595 432 10
595 434 10
595 435 10
595 437 10
595 439 10
595 440 10
595 459 10
595 460 10
595 462 10
595 463 10
595 466 10
595 469 10
595 475 10
595 476 10
595 477 10
595 478 10
595 482 10
595 484 10
595 487 10
595 496 10
595 499 10
595 501 10
595 504 10
595 505 10
595 514 10
595 515 10
595 517 10
595 519 10
595 522 10
595 524 10
595 525 10
595 530 10
595 535 10
595 538 10
595 539 10
595 544 10
595 545 10
595 546 10
595 547 10
595 548 10
595 551 10
595 552 10
595 553 10
595 555 10
595 559 10
595 561 10
595 563 10
595 564 10
595 566 10
595 567 10
595 568 10
595 570 10
595 573 10
595 575 10
595 580 10
595 583 10
595 587 10
595 589 10
595 592 10
595 593 10
595 596 10
595 597 10
595 601 10
595 602 10
595 603 10
595 608 10
595 609 10
595 610 10
595 616 10
595 617 10
595 619 10
595 620 10
595 621 10
595 623 10
595 638 10
595 639 10
595 644 10
595 645 10
595 647 10
595 648 10
595 649 10
595 653 10
595 654 10
595 655 10
595 656 10
595 657 10
595 664 10
595 674 10
595 676 10
595 677 10
595 681 10
595 683 10
595 687 10
595 690 10
595 693 10
595 697 10
595 711 10
595 712 10
595 713 10
595 715 10
595 718 10
595 723 10
595 726 10
595 738 10
595 741 10
595 743 10
595 744 10
595 745 10
595 760 10
595 762 10
596 257 10
596 259 10
596 263 10
596 264 10
596 267 10
596 271 10
596 273 10
596 276 10
596 277 10
596 322 10
596 329 10
596 331 10
596 337 10
596 338 10
596 340 10
596 342 10
596 347 10
596 357 10
596 359 10
596 364 10
596 365 10
596 366 10
596 368 10
596 369 10
596 370 10
596 371 10
596 373 10
596 375 10
596 377 10
596 378 10
596 386 10
596 394 10
596 395 10
596 397 10
596 398 10
596 404 10
596 406 10
596 408 10
596 411 10
596 412 10
596 413 10
596 419 10
596 420 10
596 425 10
596 426 10
596 427 10
596 430 10
596 432 10
596 434 10
596 435 10
596 436 10
596 440 10
596 445 10
596 447 10
596 458 10
596 459 10
596 461 10
596 462 10
596 464 10
596 470 10
596 472 10
596 474 10
596 475 10
596 476 10
596 478 10
596 479 10
596 480 10
596 481 10
596 483 10
596 484 10
596 499 10
596 501 10
596 505 10
596 510 10
596 512 10
596 516 10
596 517 10
596 518 10
596 520 10
596 521 10
596 522 10
596 524 10
596 527 10
596 529 10
596 530 10
596 533 10
596 534 10
596 537 10
596 538 10
596 539 10
596 540 10
596 544 10
596 547 10
596 552 10
596 555 10
596 557 10
596 558 10
596 559 10
596 560 10
596 561 10
596 562 10
596 563 10
596 565 10
596 566 10
596 567 10
596 568 10
596 570 10
596 571 10
596 574 10
596 576 10
596 585 10
596 586 10
596 587 10
596 592 10
596 596 10
596 597 10
596 598 10
596 601 10
596 613 10
596 616 10
596 617 10
596 618 10
596 619 10
596 621 10
596 622 10
596 630 10
596 631 10
596 637 10
596 647 10
596 648 10
596 651 10
596 655 10
596 656 10
596 657 10
596 659 10
596 663 10
596 664 10
596 666 10
596 671 10
596 672 10
596 674 10
596 675 10
596 676 10
596 681 10
596 682 10
596 683 10
596 684 10
596 685 10
596 687 10
596 688 10
596 689 10
596 690 10
596 694 10
596 695 10
596 697 10
596 701 10
596 703 10
596 711 10
596 713 10
596 717 10
596 718 10
596 721 10
596 734 10
596 735 10
596 739 10
596 741 10
596 743 10
596 744 10
596 745 10
596 747 10
596 749 10
597 259 10
597 262 10
597 267 10
597 269 10
597 273 10
597 275 10
597 277 10
597 333 10
597 334 10
597 335 10
597 336 10
597 337 10
597 338 10
597 339 10
597 342 10
597 347 10
597 348 10
597 356 10
597 357 10
597 360 10
597 362 10
597 363 10
597 365 10
597 367 10
597 369 10
597 370 10
597 372 10
597 375 10
597 377 10
597 378 10
597 386 10
597 396 10
597 397 10
597 400 10
597 401 10
597 402 10
597 403 10
597 404 10
597 406 10
597 407 10
597 409 10
597 410 10
597 413 10
597 416 10
597 417 10
597 418 10
597 419 10
597 422 10
597 426 10
597 430 10
597 432 10
597 433 10
597 434 10
597 437 10
597 438 10
597 444 10
597 456 10
597 459 10
597 460 10
597 467 10
597 468 10
597 471 10
597 472 10
597 473 10
597 475 10
597 476 10
597 477 10
597 478 10
597 479 10
597 480 10
597 481 10
597 484 10
597 496 10
597 498 10
597 499 10
597 500 10
597 502 10
597 503 10
597 512 10
597 515 10
597 518 10
597 519 10
597 522 10
597 523 10
597 524 10
597 533 10
597 535 10
597 539 10
597 543 10
597 545 10
597 546 10
597 549 10
597 554 10
597 556 10
597 557 10
597 560 10
597 563 10
597 564 10
597 566 10
597 567 10
597 568 10
597 570 10
597 571 10
597 572 10
597 574 10
597 585 10
597 587 10
597 588 10
597 590 10
597 594 10
597 596 10
597 599 10
597 600 10
597 603 10
597 607 10
597 609 10
597 612 10
597 614 10
597 619 10
597 621 10
597 622 10
597 626 10
597 634 10
597 640 10
597 645 10
597 647 10
597 648 10
597 649 10
597 657 10
597 660 10
597 666 10
597 667 10
597 668 10
597 672 10
597 674 10
597 675 10
597 680 10
597 683 10
597 684 10
597 688 10
597 690 10
597 692 10
597 701 10
597 702 10
597 713 10
597 718 10
597 719 10
597 720 10
597 722 10
597 725 10
597 728 10
597 741 10
597 742 10
597 743 10
597 745 10
597 747 10
597 750 10
597 751 10
598 261 10
598 266 10
598 269 10
598 271 10
598 274 10
598 276 10
598 278 10
598 279 10
598 291 10
598 297 10
598 327 10
598 336 10
598 338 10
598 340 10
598 344 10
598 345 10
598 346 10
598 350 10
598 351 10
598 360 10
598 361 10
598 363 10
598 364 10
598 365 10
598 366 10
598 367 10
598 368 10
598 369 10
598 370 10
598 373 10
598 374 10
598 375 10
598 376 10
598 378 10
598 381 10
598 390 10
598 391 10
598 395 10
598 397 10
598 399 10
598 403 10
598 404 10
598 406 10
598 412 10
598 413 10
598 414 10
598 418 10
598 420 10
598 421 10
598 423 10
598 430 10
598 433 10
598 435 10
598 438 10
598 439 10
598 440 10
598 441 10
598 445 10
598 449 10
598 456 10
598 458 10
598 477 10
598 478 10
598 482 10
598 486 10
598 495 10
598 497 10
598 498 10
598 499 10
598 501 10
598 505 10
598 510 10
598 514 10
598 516 10
598 517 10
598 518 10
598 519 10
598 520 10
598 522 10
598 524 10
598 531 10
598 532 10
598 533 10
598 535 10
598 539 10
598 540 10
598 542 10
598 545 10
598 547 10
598 550 10
598 556 10
598 557 10
598 559 10
598 560 10
598 561 10
598 562 10
598 564 10
598 565 10
598 566 10
598 568 10
598 569 10
598 571 10
598 582 10
598 585 10
598 587 10
598 588 10
598 594 10
598 596 10
598 597 10
598 601 10
598 609 10
598 611 10
598 616 10
598 618 10
598 620 10
598 621 10
598 622 10
598 624 10
598 627 10
598 629 10
598 630 10
598 644 10
598 647 10
598 649 10
598 656 10
598 660 10
598 661 10
598 663 10
598 667 10
598 668 10
598 675 10
598 677 10
598 678 10
598 679 10
598 681 10
598 682 10
598 683 10
598 684 10
598 688 10
598 689 10
598 697 10
598 698 10
598 699 10
598 704 10
598 711 10
598 714 10
598 721 10
598 736 10
598 737 10
598 738 10
598 743 10
598 744 10
598 745 10
598 747 10
599 258 10
599 260 10
599 261 10
599 262 10
599 263 10
599 273 10
599 276 10
599 278 10
599 282 10
599 283 10
599 289 10
599 295 10
599 329 10
599 331 10
599 335 10
599 342 10
599 343 10
599 344 10
599 346 10
599 349 10
599 359 10
599 362 10
599 363 10
599 364 10
599 366 10
599 367 10
599 368 10
599 370 10
599 372 10
599 373 10
599 374 10
599 375 10
599 377 10
599 378 10
599 380 10
599 391 10
599 394 10
599 406 10
599 411 10
599 412 10
599 413 10
599 415 10
599 416 10
599 417 10
599 419 10
599 423 10
599 429 10
599 431 10
599 432 10
599 435 10
599 436 10
599 438 10
599 447 10
599 448 10
599 454 10
599 455 10
599 470 10
599 477 10
599 478 10
599 479 10
599 481 10
599 482 10
599 483 10
599 489 10
599 490 10
599 491 10
599 498 10
599 499 10
599 501 10
599 502 10
599 506 10
599 507 10
599 510 10
599 513 10
599 515 10
599 519 10
599 520 10
599 521 10
599 523 10
599 524 10
599 527 10
599 530 10
599 540 10
599 544 10
599 545 10
599 550 10
599 552 10
599 555 10
599 558 10
599 562 10
599 569 10
599 571 10
599 573 10
599 574 10
599 583 10
599 584 10
599 585 10
599 586 10
599 587 10
599 589 10
599 590 10
599 596 10
599 597 10
599 598 10
599 601 10
599 602 10
599 603 10
599 610 10
599 613 10
599 616 10
599 617 10
599 618 10
599 619 10
599 622 10
599 624 10
599 626 10
599 627 10
599 634 10
599 639 10
599 641 10
599 642 10
599 657 10
599 660 10
599 663 10
599 664 10
599 665 10
599 666 10
599 667 10
599 668 10
599 669 10
599 674 10
599 675 10
599 680 10
599 681 10
599 683 10
599 687 10
599 691 10
599 693 10
599 706 10
599 714 10
599 718 10
599 719 10
599 725 10
599 729 10
599 734 10
599 739 10
599 742 10
599 743 10
599 744 10
599 746 10
599 749 10
600 275 10
600 287 10
600 332 10
600 334 10
600 336 10
600 337 10
600 338 10
600 341 10
600 345 10
600 346 10
600 347 10
600 349 10
600 360 10
600 363 10
600 364 10
600 365 10
600 366 10
600 367 10
600 370 10
600 371 10
600 373 10
600 378 10
600 379 10
600 389 10
600 393 10
600 394 10
600 398 10
600 399 10
600 400 10
600 403 10
600 404 10
600 405 10
600 406 10
600 407 10
600 408 10
600 410 10
600 412 10
600 417 10
600 418 10
600 419 10
600 421 10
600 424 10
600 425 10
600 430 10
600 432 10
600 433 10
600 434 10
600 435 10
600 446 10
600 448 10
600 449 10
600 452 10
600 455 10
600 456 10
600 458 10
600 463 10
600 469 10
600 474 10
600 476 10
600 479 10
600 481 10
600 483 10
600 484 10
600 485 10
600 494 10
600 501 10
600 504 10
600 505 10
600 506 10
600 508 10
600 509 10
600 512 10
600 513 10
600 514 10
600 517 10
600 518 10
600 520 10
600 530 10
600 533 10
600 534 10
600 535 10
600 536 10
600 538 10
600 541 10
600 543 10
600 545 10
600 546 10
600 547 10
600 548 10
600 551 10
600 552 10
600 555 10
600 565 10
600 571 10
600 572 10
600 573 10
600 574 10
600 576 10
600 583 10
600 584 10
600 587 10
600 589 10
600 590 10
600 591 10
600 594 10
600 597 10
600 598 10
600 599 10
600 611 10
600 612 10
600 613 10
600 615 10
600 616 10
600 618 10
600 620 10
600 628 10
600 630 10
600 635 10
600 636 10
600 637 10
600 639 10
600 641 10
600 645 10
600 646 10
600 647 10
600 648 10
600 649 10
600 655 10
600 658 10
600 660 10
600 661 10
600 662 10
600 663 10
600 664 10
600 665 10
600 666 10
600 667 10
600 677 10
600 678 10
600 680 10
600 683 10
600 688 10
600 689 10
600 690 10
600 692 10
600 695 10
600 704 10
600 712 10
600 713 10
600 715 10
600 721 10
600 723 10
600 724 10
600 725 10
600 727 10
600 728 10
600 729 10
600 732 10
600 745 10
600 747 10
601 281 10
601 287 10
601 288 10
601 292 10
601 295 10
601 297 10
601 330 10
601 331 10
601 334 10
601 335 10
601 336 10
601 338 10
601 339 10
601 340 10
601 342 10
601 344 10
601 346 10
601 347 10
601 349 10
601 351 10
601 360 10
601 362 10
601 363 10
601 364 10
601 365 10
601 366 10
601 367 10
601 368 10
601 370 10
601 371 10
601 372 10
601 375 10
601 376 10
601 377 10
601 382 10
601 383 10
601 385 10
601 387 10
601 388 10
601 390 10
601 391 10
601 392 10
601 395 10
601 397 10
601 398 10
601 401 10
601 403 10
601 405 10
601 408 10
601 410 10
601 412 10
601 414 10
601 416 10
601 418 10
601 421 10
601 423 10
601 425 10
601 430 10
601 432 10
601 436 10
601 442 10
601 456 10
601 457 10
601 460 10
601 467 10
601 470 10
601 472 10
601 473 10
601 476 10
601 477 10
601 478 10
601 480 10
601 482 10
601 483 10
601 491 10
601 492 10
601 494 10
601 497 10
601 498 10
601 507 10
601 510 10
601 511 10
601 514 10
601 516 10
601 517 10
601 519 10
601 520 10
601 522 10
601 533 10
601 535 10
601 537 10
601 539 10
601 545 10
601 546 10
601 547 10
601 556 10
601 558 10
601 560 10
601 566 10
601 568 10
601 569 10
601 570 10
601 571 10
601 574 10
601 579 10
601 584 10
601 585 10
601 586 10
601 587 10
601 588 10
601 590 10
601 591 10
601 592 10
601 596 10
601 600 10
601 601 10
601 602 10
601 608 10
601 624 10
601 625 10
601 628 10
601 634 10
601 635 10
601 636 10
601 637 10
601 638 10
601 640 10
601 643 10
601 646 10
601 647 10
601 649 10
601 659 10
601 660 10
601 661 10
601 665 10
601 667 10
601 668 10
601 670 10
601 676 10
601 677 10
601 678 10
601 680 10
601 682 10
601 683 10
601 688 10
601 691 10
601 695 10
601 697 10
601 711 10
601 720 10
601 721 10
601 722 10
601 723 10
601 727 10
601 733 10
601 735 10
601 736 10
601 737 10
601 738 10
601 739 10
601 746 10
601 752 10
602 284 10
602 286 10
602 292 10
602 294 10
602 331 10
602 333 10
602 334 10
602 336 10
602 339 10
602 341 10
602 344 10
602 346 10
602 347 10
602 348 10
602 349 10
602 354 10
602 355 10
602 357 10
602 359 10
602 360 10
602 362 10
602 363 10
602 364 10
602 365 10
602 368 10
602 369 10
602 372 10
602 373 10
602 374 10
602 376 10
602 378 10
602 380 10
602 384 10
602 388 10
602 393 10
602 394 10
602 401 10
602 403 10
602 408 10
602 412 10
602 414 10
602 415 10
602 418 10
602 421 10
602 424 10
602 425 10
602 427 10
602 429 10
602 430 10
602 434 10
602 435 10
602 439 10
602 441 10
602 446 10
602 447 10
602 449 10
602 451 10
602 453 10
602 454 10
602 456 10
602 458 10
602 460 10
602 470 10
602 472 10
602 473 10
602 474 10
602 475 10
602 476 10
602 477 10
602 478 10
602 480 10
602 481 10
602 483 10
602 500 10
602 507 10
602 511 10
602 512 10
602 513 10
602 514 10
602 517 10
602 518 10
602 520 10
602 523 10
602 525 10
602 529 10
602 530 10
602 531 10
602 537 10
602 538 10
602 540 10
602 541 10
602 548 10
602 549 10
602 552 10
602 553 10
602 554 10
602 556 10
602 557 10
602 558 10
602 567 10
602 571 10
602 573 10
602 575 10
602 578 10
602 584 10
602 585 10
602 588 10
602 591 10
602 592 10
602 594 10
602 603 10
602 609 10
602 611 10
602 623 10
602 626 10
602 634 10
602 636 10
602 637 10
602 641 10
602 643 10
602 644 10
602 650 10
602 652 10
602 659 10
602 661 10
602 663 10
602 665 10
602 666 10
602 667 10
602 669 10
602 677 10
602 680 10
602 686 10
602 691 10
602 695 10
602 696 10
602 703 10
602 711 10
602 718 10
602 721 10
602 724 10
602 726 10
602 727 10
602 731 10
602 733 10
602 741 10
602 742 10
602 743 10
602 744 10
602 745 10
602 747 10
602 749 10
602 750 10
602 751 10
602 755 10
603 279 10
603 284 10
603 292 10
603 293 10
603 296 10
603 328 10
603 329 10
603 331 10
603 335 10
603 336 10
603 339 10
603 340 10
603 342 10
603 344 10
603 345 10
603 346 10
603 347 10
603 349 10
603 351 10
603 352 10
603 353 10
603 355 10
603 356 10
603 359 10
603 362 10
603 363 10
603 365 10
603 369 10
603 370 10
603 371 10
603 373 10
603 374 10
603 375 10
603 380 10
603 382 10
603 383 10
603 385 10
603 390 10
603 393 10
603 399 10
603 401 10
603 403 10
603 404 10
603 405 10
603 410 10
603 411 10
603 412 10
603 413 10
603 414 10
603 415 10
603 416 10
603 417 10
603 420 10
603 423 10
603 427 10
603 428 10
603 429 10
603 441 10
603 447 10
603 450 10
603 456 10
603 458 10
603 461 10
603 464 10
603 469 10
603 470 10
603 473 10
603 477 10
603 478 10
603 479 10
603 480 10
603 490 10
603 492 10
603 493 10
603 495 10
603 496 10
603 498 10
603 502 10
603 504 10
603 508 10
603 509 10
603 511 10
603 512 10
603 517 10
603 519 10
603 520 10
603 521 10
603 522 10
603 523 10
603 530 10
603 532 10
603 534 10
603 535 10
603 536 10
603 538 10
603 539 10
603 555 10
603 556 10
603 558 10
603 561 10
603 562 10
603 563 10
603 566 10
603 567 10
603 569 10
603 571 10
603 574 10
603 584 10
603 585 10
603 586 10
603 587 10
603 589 10
603 590 10
603 593 10
603 595 10
603 596 10
603 597 10
603 598 10
603 599 10
603 601 10
603 602 10
603 603 10
603 614 10
603 615 10
603 616 10
603 621 10
603 626 10
603 634 10
603 637 10
603 639 10
603 645 10
603 647 10
603 649 10
603 650 10
603 661 10
603 662 10
603 664 10
603 666 10
603 671 10
603 676 10
603 678 10
603 680 10
603 682 10
603 684 10
603 695 10
603 697 10
603 699 10
603 701 10
603 721 10
603 724 10
603 733 10
603 735 10
603 736 10
603 738 10
603 744 10
603 745 10
603 746 10
603 748 10
603 750 10
603 751 10
603 752 10
603 753 10
603 754 10
604 277 10
604 280 10
604 284 10
604 299 10
604 325 10
604 329 10
604 330 10
604 335 10
604 337 10
604 338 10
604 340 10
604 343 10
604 345 10
604 346 10
604 347 10
604 348 10
604 350 10
604 355 10
604 356 10
604 357 10
604 358 10
604 359 10
604 363 10
604 365 10
604 371 10
604 374 10
604 379 10
604 381 10
604 382 10
604 385 10
604 391 10
604 397 10
604 399 10
604 401 10
604 402 10
604 409 10
604 410 10
604 411 10
604 413 10
604 415 10
604 416 10
604 417 10
604 418 10
604 420 10
604 422 10
604 425 10
604 438 10
604 439 10
604 440 10
604 443 10
604 444 10
604 445 10
604 447 10
604 450 10
604 452 10
604 453 10
604 454 10
604 456 10
604 458 10
604 459 10
604 461 10
604 469 10
604 476 10
604 478 10
604 480 10
604 481 10
604 483 10
604 484 10
604 488 10
604 492 10
604 493 10
604 494 10
604 495 10
604 496 10
604 500 10
604 501 10
604 502 10
604 504 10
604 505 10
604 508 10
604 512 10
604 513 10
604 514 10
604 517 10
604 519 10
604 523 10
604 525 10
604 532 10
604 533 10
604 534 10
604 536 10
604 547 10
604 549 10
604 551 10
604 553 10
604 560 10
604 564 10
604 566 10
604 567 10
604 568 10
604 580 10
604 585 10
604 587 10
604 590 10
604 591 10
604 593 10
604 599 10
604 600 10
604 603 10
604 611 10
604 612 10
604 616 10
604 621 10
604 641 10
604 643 10
604 645 10
604 647 10
604 648 10
604 649 10
604 650 10
604 651 10
604 668 10
604 678 10
604 679 10
604 684 10
604 688 10
604 697 10
604 698 10
604 702 10
604 706 10
604 711 10
604 715 10
604 723 10
604 724 10
604 725 10
604 734 10
604 735 10
604 741 10
604 742 10
604 744 10
604 745 10
604 746 10
604 747 10
604 748 10
604 752 10
604 754 10
605 271 10
605 275 10
605 280 10
605 286 10
605 290 10
605 294 10
605 328 10
605 332 10
605 333 10
605 334 10
605 335 10
605 337 10
605 340 10
605 341 10
605 343 10
605 347 10
605 350 10
605 351 10
605 352 10
605 356 10
605 358 10
605 359 10
605 360 10
605 363 10
605 364 10
605 365 10
605 367 10
605 368 10
605 369 10
605 372 10
605 380 10
605 385 10
605 386 10
605 387 10
605 397 10
605 403 10
605 409 10
605 411 10
605 415 10
605 418 10
605 419 10
605 420 10
605 421 10
605 426 10
605 427 10
605 434 10
605 438 10
605 445 10
605 447 10
605 449 10
605 453 10
605 456 10
605 457 10
605 459 10
605 461 10
605 465 10
605 467 10
605 468 10
605 471 10
605 474 10
605 477 10
605 478 10
605 479 10
605 482 10
605 488 10
605 496 10
605 497 10
605 498 10
605 502 10
605 505 10
605 510 10
605 511 10
605 514 10
605 516 10
605 517 10
605 520 10
605 521 10
605 522 10
605 523 10
605 525 10
605 530 10
605 532 10
605 535 10
605 536 10
605 540 10
605 541 10
605 542 10
605 546 10
605 549 10
605 550 10
605 551 10
605 558 10
605 559 10
605 561 10
605 570 10
605 573 10
605 583 10
605 584 10
605 585 10
605 586 10
605 587 10
605 588 10
605 590 10
605 592 10
605 593 10
605 596 10
605 597 10
605 598 10
605 609 10
605 612 10
605 614 10
605 616 10
605 619 10
605 626 10
605 627 10
605 633 10
605 645 10
605 646 10
605 647 10
605 649 10
605 663 10
605 666 10
605 675 10
605 681 10
605 682 10
605 684 10
605 685 10
605 687 10
605 689 10
605 690 10
605 700 10
605 704 10
605 707 10
605 708 10
605 711 10
605 712 10
605 729 10
605 731 10
605 732 10
605 733 10
605 734 10
605 737 10
605 738 10
605 740 10
605 741 10
605 742 10
605 743 10
605 744 10
605 745 10
605 746 10
605 748 10
605 749 10
605 751 10
605 752 10
606 278 10
606 290 10
606 295 10
606 316 10
606 323 10
606 332 10
606 333 10
606 336 10
606 337 10
606 340 10
606 341 10
606 343 10
606 344 10
606 345 10
606 352 10
606 353 10
606 354 10
606 355 10
606 356 10
606 358 10
606 359 10
606 364 10
606 365 10
606 372 10
606 373 10
606 374 10
606 378 10
606 379 10
606 382 10
606 387 10
606 392 10
606 399 10
606 403 10
606 406 10
606 409 10
606 410 10
606 414 10
606 415 10
606 418 10
606 420 10
606 422 10
606 440 10
606 443 10
606 444 10
606 449 10
606 450 10
606 452 10
606 455 10
606 462 10
606 466 10
606 467 10
606 468 10
606 470 10
606 475 10
606 478 10
606 479 10
606 480 10
606 482 10
606 484 10
606 485 10
606 487 10
606 488 10
606 492 10
606 504 10
606 506 10
606 507 10
606 512 10
606 514 10
606 515 10
606 516 10
606 517 10
606 518 10
606 520 10
606 521 10
606 522 10
606 523 10
606 524 10
606 530 10
606 534 10
606 539 10
606 545 10
606 547 10
606 554 10
606 560 10
606 562 10
606 566 10
606 567 10
606 570 10
606 572 10
606 585 10
606 586 10
606 587 10
606 588 10
606 592 10
606 593 10
606 594 10
606 598 10
606 599 10
606 602 10
606 606 10
606 610 10
606 611 10
606 614 10
606 622 10
606 626 10
606 644 10
606 648 10
606 649 10
606 650 10
606 651 10
606 652 10
606 660 10
606 665 10
606 680 10
606 684 10
606 689 10
606 697 10
606 701 10
606 704 10
606 705 10
606 707 10
606 711 10
606 714 10
606 723 10
606 725 10
606 729 10
606 730 10
606 732 10
606 739 10
606 740 10
606 741 10
606 742 10
606 743 10
606 744 10
606 745 10
606 747 10
606 748 10
606 749 10
606 750 10
606 752 10
606 753 10
607 273 10
607 275 10
607 276 10
607 284 10
607 285 10
607 287 10
607 289 10
607 290 10
607 291 10
607 292 10
607 293 10
607 294 10
607 315 10
607 323 10
607 325 10
607 327 10
607 330 10
607 334 10
607 338 10
607 342 10
607 344 10
607 345 10
607 346 10
607 347 10
607 350 10
607 351 10
607 353 10
607 354 10
607 355 10
607 356 10
607 357 10
607 361 10
607 362 10
607 368 10
607 369 10
607 370 10
607 372 10
607 374 10
607 375 10
607 378 10
607 379 10
607 381 10
607 382 10
607 387 10
607 392 10
607 397 10
607 406 10
607 408 10
607 413 10
607 414 10
607 415 10
607 416 10
607 419 10
607 424 10
607 438 10
607 441 10
607 442 10
607 446 10
607 451 10
607 452 10
607 454 10
607 456 10
607 457 10
607 464 10
607 469 10
607 470 10
607 473 10
607 475 10
607 476 10
607 478 10
607 479 10
607 481 10
607 482 10
607 495 10
607 499 10
607 510 10
607 516 10
607 517 10
607 519 10
607 525 10
607 528 10
607 531 10
607 534 10
607 538 10
607 539 10
607 548 10
607 549 10
607 550 10
607 552 10
607 554 10
607 562 10
607 567 10
607 568 10
607 569 10
607 574 10
607 576 10
607 577 10
607 585 10
607 588 10
607 589 10
607 590 10
607 593 10
607 594 10
607 595 10
607 597 10
607 601 10
607 604 10
607 610 10
607 611 10
607 614 10
607 617 10
607 618 10
607 619 10
607 620 10
607 622 10
607 631 10
607 646 10
607 648 10
607 649 10
607 650 10
607 652 10
607 653 10
607 660 10
607 674 10
607 675 10
607 676 10
607 677 10
607 679 10
607 684 10
607 696 10
607 698 10
607 700 10
607 701 10
607 702 10
607 703 10
607 704 10
607 708 10
607 712 10
607 721 10
607 732 10
607 734 10
607 738 10
607 739 10
607 740 10
607 742 10
607 743 10
607 744 10
607 745 10
607 746 10
607 747 10
607 748 10
607 751 10
607 753 10
607 754 10
607 755 10
608 275 10
608 281 10
608 285 10
608 287 10
608 289 10
608 290 10
608 291 10
608 292 10
608 293 10
608 294 10
608 313 10
608 316 10
608 323 10
608 330 10
608 332 10
608 335 10
608 336 10
608 340 10
608 341 10
608 342 10
608 343 10
608 344 10
608 352 10
608 362 10
608 365 10
608 366 10
608 370 10
608 372 10
608 373 10
608 374 10
608 377 10
608 380 10
608 383 10
608 393 10
608 397 10
608 402 10
608 409 10
608 412 10
608 415 10
608 421 10
608 423 10
608 429 10
608 435 10
608 436 10
608 439 10
608 440 10
608 444 10
608 449 10
608 450 10
608 453 10
608 457 10
608 459 10
608 460 10
608 465 10
608 466 10
608 467 10
608 471 10
608 473 10
608 475 10
608 476 10
608 480 10
608 485 10
608 486 10
608 487 10
608 496 10
608 498 10
608 505 10
608 509 10
608 511 10
608 512 10
608 514 10
608 516 10
608 517 10
608 518 10
608 520 10
608 521 10
608 522 10
608 523 10
608 525 10
608 534 10
608 538 10
608 541 10
608 545 10
608 547 10
608 549 10
608 557 10
608 559 10
608 561 10
608 562 10
608 564 10
608 566 10
608 569 10
608 570 10
608 575 10
608 585 10
608 587 10
608 594 10
608 597 10
608 599 10
608 601 10
608 608 10
608 613 10
608 614 10
608 615 10
608 616 10
608 618 10
608 619 10
608 621 10
608 623 10
608 624 10
608 626 10
608 629 10
608 639 10
608 646 10
608 647 10
608 648 10
608 649 10
608 650 10
608 651 10
608 652 10
608 653 10
608 674 10
608 676 10
608 680 10
608 682 10
608 688 10
608 689 10
608 693 10
608 696 10
608 702 10
608 704 10
608 705 10
608 706 10
608 707 10
608 708 10
608 711 10
608 728 10
608 729 10
608 731 10
608 734 10
608 738 10
608 739 10
608 741 10
608 742 10
608 744 10
608 745 10
608 747 10
608 748 10
608 750 10
608 752 10
608 755 10
608 756 10
609 272 10
609 273 10
609 276 10
609 277 10
609 279 10
609 280 10
609 283 10
609 285 10
609 286 10
609 289 10
609 291 10
609 292 10
609 293 10
609 294 10
609 296 10
609 301 10
609 302 10
609 315 10
609 323 10
609 328 10
609 330 10
609 333 10
609 336 10
609 338 10
609 346 10
609 347 10
609 349 10
609 351 10
609 352 10
609 353 10
609 355 10
609 357 10
609 361 10
609 365 10
609 367 10
609 368 10
609 369 10
609 372 10
609 375 10
609 376 10
609 377 10
609 380 10
609 382 10
609 383 10
609 384 10
609 385 10
609 392 10
609 397 10
609 398 10
609 401 10
609 412 10
609 413 10
609 416 10
609 417 10
609 418 10
609 419 10
609 420 10
609 422 10
609 432 10
609 434 10
609 436 10
609 445 10
609 446 10
609 449 10
609 451 10
609 452 10
609 453 10
609 454 10
609 457 10
609 458 10
609 465 10
609 466 10
609 467 10
609 469 10
609 470 10
609 473 10
609 474 10
609 475 10
609 476 10
609 481 10
609 482 10
609 484 10
609 485 10
609 499 10
609 505 10
609 507 10
609 509 10
609 510 10
609 511 10
609 512 10
609 513 10
609 517 10
609 518 10
609 519 10
609 520 10
609 523 10
609 526 10
609 532 10
609 537 10
609 546 10
609 547 10
609 548 10
609 550 10
609 560 10
609 561 10
609 564 10
609 568 10
609 570 10
609 574 10
609 576 10
609 578 10
609 585 10
609 587 10
609 588 10
609 599 10
609 601 10
609 602 10
609 603 10
609 604 10
609 609 10
609 611 10
609 614 10
609 615 10
609 618 10
609 619 10
609 621 10
609 625 10
609 641 10
609 642 10
609 643 10
609 645 10
609 646 10
609 647 10
609 649 10
609 650 10
609 651 10
609 652 10
609 662 10
609 669 10
609 673 10
609 676 10
609 677 10
609 678 10
609 679 10
609 681 10
609 682 10
609 685 10
609 686 10
609 687 10
609 692 10
609 693 10
609 700 10
609 702 10
609 704 10
609 707 10
609 708 10
609 728 10
609 737 10
609 740 10
609 741 10
609 742 10
609 743 10
609 744 10
609 745 10
609 746 10
609 747 10
609 749 10
609 750 10
609 751 10
609 757 10
610 273 10
610 277 10
610 278 10
610 279 10
610 281 10
610 287 10
610 288 10
610 291 10
610 293 10
610 295 10
610 304 10
610 312 10
610 314 10
610 315 10
610 316 10
610 323 10
610 324 10
610 331 10
610 333 10
610 334 10
610 336 10
610 340 10
610 344 10
610 345 10
610 347 10
610 350 10
610 351 10
610 352 10
610 353 10
610 354 10
610 358 10
610 359 10
610 362 10
610 364 10
610 366 10
610 369 10
610 370 10
610 374 10
610 375 10
610 376 10
610 377 10
610 378 10
610 379 10
610 380 10
610 382 10
610 383 10
610 384 10
610 385 10
610 386 10
610 388 10
610 396 10
610 398 10
610 403 10
610 406 10
610 407 10
610 410 10
610 413 10
610 415 10
610 420 10
610 422 10
610 424 10
610 431 10
610 432 10
610 433 10
610 434 10
610 438 10
610 439 10
610 440 10
610 441 10
610 442 10
610 446 10
610 447 10
610 452 10
610 453 10
610 456 10
610 457 10
610 458 10
610 464 10
610 469 10
610 471 10
610 473 10
610 474 10
610 476 10
610 477 10
610 481 10
610 483 10
610 484 10
610 485 10
610 503 10
610 506 10
610 508 10
610 510 10
610 516 10
610 518 10
610 520 10
610 525 10
610 529 10
610 533 10
610 535 10
610 536 10
610 538 10
610 539 10
610 541 10
610 543 10
610 546 10
610 547 10
610 548 10
610 549 10
610 550 10
610 551 10
610 557 10
610 560 10
610 561 10
610 562 10
610 563 10
610 564 10
610 568 10
610 572 10
610 573 10
610 575 10
610 578 10
610 579 10
610 580 10
610 585 10
610 589 10
610 590 10
610 592 10
610 596 10
610 600 10
610 601 10
610 602 10
610 603 10
610 604 10
610 606 10
610 607 10
610 609 10
610 612 10
610 613 10
610 614 10
610 615 10
610 617 10
610 621 10
610 623 10
610 625 10
610 627 10
610 631 10
610 641 10
610 644 10
610 646 10
610 648 10
610 649 10
610 650 10
610 654 10
610 660 10
610 666 10
610 668 10
610 670 10
610 673 10
610 674 10
610 675 10
610 676 10
610 678 10
610 679 10
610 681 10
610 682 10
610 683 10
610 693 10
610 696 10
610 700 10
610 702 10
610 705 10
610 707 10
610 727 10
610 728 10
610 738 10
610 739 10
610 740 10
610 741 10
610 743 10
610 745 10
610 746 10
610 748 10
610 752 10
611 285 10
611 287 10
611 289 10
611 291 10
611 292 10
611 293 10
611 294 10
611 297 10
611 301 10
611 302 10
611 304 10
611 313 10
611 314 10
611 318 10
611 322 10
611 323 10
611 324 10
611 328 10
611 331 10
611 333 10
611 335 10
611 336 10
611 338 10
611 339 10
611 341 10
611 342 10
611 345 10
611 347 10
611 350 10
611 352 10
611 353 10
611 354 10
611 355 10
611 358 10
611 359 10
611 360 10
611 366 10
611 367 10
611 368 10
611 370 10
611 371 10
611 372 10
611 375 10
611 376 10
611 378 10
611 379 10
611 381 10
611 384 10
611 386 10
611 396 10
611 403 10
611 405 10
611 409 10
611 410 10
611 411 10
611 412 10
611 413 10
611 414 10
611 415 10
611 417 10
611 418 10
611 420 10
611 423 10
611 424 10
611 425 10
611 435 10
611 443 10
611 445 10
611 447 10
611 448 10
611 449 10
611 451 10
611 455 10
611 456 10
611 457 10
611 459 10
611 466 10
611 470 10
611 471 10
611 472 10
611 473 10
611 474 10
611 476 10
611 485 10
611 486 10
611 487 10
611 491 10
611 493 10
611 496 10
611 497 10
611 505 10
611 510 10
611 511 10
611 512 10
611 518 10
611 525 10
611 527 10
611 528 10
611 534 10
611 535 10
611 536 10
611 537 10
611 539 10
611 540 10
611 541 10
611 542 10
611 546 10
611 547 10
611 548 10
611 549 10
611 550 10
611 553 10
611 554 10
611 560 10
611 564 10
611 566 10
611 567 10
611 570 10
611 571 10
611 575 10
611 576 10
611 577 10
611 579 10
611 585 10
611 586 10
611 588 10
611 590 10
611 591 10
611 595 10
611 598 10
611 599 10
611 600 10
611 603 10
611 604 10
611 607 10
611 608 10
611 611 10
611 613 10
611 614 10
611 615 10
611 616 10
611 617 10
611 618 10
611 620 10
611 621 10
611 622 10
611 625 10
611 629 10
611 635 10
611 644 10
611 646 10
611 647 10
611 648 10
611 650 10
611 651 10
611 652 10
611 653 10
611 661 10
611 667 10
611 669 10
611 670 10
611 677 10
611 678 10
611 679 10
611 682 10
611 683 10
611 684 10
611 685 10
611 687 10
611 694 10
611 697 10
611 698 10
611 699 10
611 700 10
611 706 10
611 707 10
611 720 10
611 723 10
611 726 10
611 728 10
611 730 10
611 731 10
611 732 10
611 734 10
611 736 10
611 737 10
611 738 10
611 739 10
611 741 10
611 742 10
611 744 10
611 745 10
611 750 10
612 272 10
612 273 10
612 289 10
612 290 10
612 291 10
612 293 10
612 295 10
612 316 10
612 319 10
612 320 10
612 323 10
612 325 10
612 328 10
612 330 10
612 333 10
612 335 10
612 337 10
612 339 10
612 340 10
612 343 10
612 351 10
612 352 10
612 353 10
612 355 10
612 357 10
612 358 10
612 360 10
612 361 10
612 362 10
612 363 10
612 364 10
612 365 10
612 366 10
612 367 10
612 368 10
612 369 10
612 371 10
612 372 10
612 373 10
612 374 10
612 375 10
612 376 10
612 377 10
612 381 10
612 386 10
612 387 10
612 391 10
612 397 10
612 398 10
612 399 10
612 400 10
612 401 10
612 409 10
612 411 10
612 412 10
612 414 10
612 415 10
612 417 10
612 420 10
612 421 10
612 422 10
612 423 10
612 426 10
612 427 10
612 431 10
612 437 10
612 439 10
612 440 10
612 442 10
612 444 10
612 445 10
612 446 10
612 448 10
612 452 10
612 454 10
612 456 10
612 459 10
612 470 10
612 471 10
612 472 10
612 474 10
612 475 10
612 476 10
612 479 10
612 480 10
612 481 10
612 487 10
612 489 10
612 490 10
612 491 10
612 493 10
612 502 10
612 506 10
612 515 10
612 518 10
612 519 10
612 530 10
612 532 10
612 534 10
612 536 10
612 537 10
612 538 10
612 539 10
612 541 10
612 544 10
612 546 10
612 547 10
612 548 10
612 556 10
612 557 10
612 558 10
612 559 10
612 561 10
612 562 10
612 564 10
612 565 10
612 567 10
612 568 10
612 569 10
612 570 10
612 571 10
612 574 10
612 578 10
612 581 10
612 582 10
612 584 10
612 585 10
612 586 10
612 588 10
612 589 10
612 590 10
612 592 10
612 593 10
612 598 10
612 601 10
612 602 10
612 603 10
612 605 10
612 606 10
612 610 10
612 611 10
612 612 10
612 614 10
612 615 10
612 616 10
612 617 10
612 618 10
612 620 10
612 621 10
612 623 10
612 626 10
612 627 10
612 637 10
612 640 10
612 642 10
612 643 10
612 644 10
612 645 10
612 646 10
612 650 10
612 652 10
612 655 10
612 657 10
612 658 10
612 661 10
612 665 10
612 668 10
612 669 10
612 670 10
612 671 10
612 672 10
612 675 10
612 677 10
612 679 10
612 680 10
612 681 10
612 686 10
612 687 10
612 690 10
612 692 10
612 695 10
612 696 10
612 698 10
612 699 10
612 701 10
612 703 10
612 706 10
612 707 10
612 708 10
612 728 10
612 730 10
612 731 10
612 732 10
612 733 10
612 734 10
612 737 10
612 739 10
612 740 10
612 741 10
612 743 10
612 744 10
612 745 10
612 749 10
612 752 10
613 285 10
613 292 10
613 294 10
613 295 10
613 297 10
613 301 10
613 313 10
613 321 10
613 322 10
613 323 10
613 328 10
613 332 10
613 337 10
613 338 10
613 340 10
613 342 10
613 346 10
613 347 10
613 348 10
613 350 10
613 351 10
613 352 10
613 353 10
613 354 10
613 357 10
613 358 10
613 359 10
613 361 10
613 362 10
613 367 10
613 368 10
613 371 10
613 375 10
613 378 10
613 380 10
613 384 10
613 396 10
613 398 10
613 405 10
613 409 10
613 410 10
613 412 10
613 413 10
613 414 10
613 416 10
613 417 10
613 418 10
613 419 10
613 420 10
613 421 10
613 422 10
613 423 10
613 424 10
613 425 10
613 429 10
613 431 10
613 432 10
613 435 10
613 442 10
613 444 10
613 452 10
613 454 10
613 456 10
613 457 10
613 459 10
613 466 10
613 468 10
613 470 10
613 471 10
613 472 10
613 473 10
613 474 10
613 475 10
613 477 10
613 480 10
613 481 10
613 482 10
613 483 10
613 485 10
613 488 10
613 489 10
613 491 10
613 492 10
613 493 10
613 494 10
613 504 10
613 507 10
613 511 10
613 515 10
613 516 10
613 524 10
613 527 10
613 528 10
613 532 10
613 533 10
613 534 10
613 537 10
613 539 10
613 542 10
613 547 10
613 550 10
613 555 10
613 556 10
613 557 10
613 560 10
613 562 10
613 563 10
613 564 10
613 565 10
613 566 10
613 568 10
613 574 10
613 575 10
613 577 10
613 578 10
613 579 10
613 581 10
613 583 10
613 586 10
613 587 10
613 590 10
613 591 10
613 596 10
613 598 10
613 600 10
613 603 10
613 604 10
613 605 10
613 606 10
613 608 10
613 610 10
613 611 10
613 612 10
613 614 10
613 626 10
613 628 10
613 630 10
613 636 10
613 639 10
613 640 10
613 641 10
613 643 10
613 652 10
613 653 10
613 655 10
613 660 10
613 662 10
613 666 10
613 668 10
613 669 10
613 671 10
613 673 10
613 680 10
613 684 10
613 693 10
613 694 10
613 701 10
613 703 10
613 705 10
613 707 10
613 720 10
613 722 10
613 728 10
613 731 10
613 734 10
613 735 10
613 736 10
613 737 10
613 740 10
613 747 10
614 291 10
614 292 10
614 294 10
614 299 10
614 324 10
614 325 10
614 328 10
614 329 10
614 330 10
614 331 10
614 332 10
614 334 10
614 336 10
614 338 10
614 339 10
614 343 10
614 346 10
614 348 10
614 349 10
614 350 10
614 351 10
614 352 10
614 353 10
614 358 10
614 359 10
614 361 10
614 362 10
614 363 10
614 364 10
614 365 10
614 366 10
614 367 10
614 369 10
614 370 10
614 372 10
614 374 10
614 376 10
614 377 10
614 389 10
614 391 10
614 397 10
614 400 10
614 407 10
614 409 10
614 411 10
614 413 10
614 414 10
614 416 10
614 417 10
614 418 10
614 419 10
614 421 10
614 423 10
614 424 10
614 426 10
614 435 10
614 437 10
614 440 10
614 441 10
614 444 10
614 446 10
614 447 10
614 459 10
614 461 10
614 465 10
614 466 10
614 467 10
614 468 10
614 471 10
614 472 10
614 473 10
614 476 10
614 477 10
614 480 10
614 482 10
614 483 10
614 487 10
614 488 10
614 490 10
614 491 10
614 492 10
614 493 10
614 496 10
614 514 10
614 515 10
614 517 10
614 518 10
614 521 10
614 523 10
614 524 10
614 525 10
614 526 10
614 532 10
614 533 10
614 534 10
614 535 10
614 536 10
614 543 10
614 546 10
614 548 10
614 551 10
614 558 10
614 559 10
614 560 10
614 561 10
614 562 10
614 564 10
614 565 10
614 566 10
614 567 10
614 575 10
614 576 10
614 578 10
614 580 10
614 581 10
614 583 10
614 587 10
614 588 10
614 589 10
614 591 10
614 598 10
614 599 10
614 600 10
614 601 10
614 604 10
614 606 10
614 607 10
614 608 10
614 609 10
614 613 10
614 615 10
614 616 10
614 618 10
614 619 10
614 626 10
614 631 10
614 638 10
614 645 10
614 648 10
614 650 10
614 657 10
614 658 10
614 659 10
614 661 10
614 668 10
614 669 10
614 670 10
614 673 10
614 676 10
614 677 10
614 680 10
614 681 10
614 683 10
614 684 10
614 689 10
614 695 10
614 700 10
614 701 10
614 705 10
614 720 10
614 725 10
614 726 10
614 737 10
614 738 10
614 739 10
614 741 10
614 743 10
614 744 10
614 754 10
615 282 10
615 321 10
615 322 10
615 326 10
615 330 10
615 331 10
615 334 10
615 335 10
615 336 10
615 337 10
615 339 10
615 340 10
615 341 10
615 343 10
615 344 10
615 345 10
615 346 10
615 347 10
615 352 10
615 354 10
615 355 10
615 356 10
615 357 10
615 358 10
615 359 10
615 361 10
615 362 10
615 364 10
615 365 10
615 369 10
615 371 10
615 372 10
615 374 10
615 377 10
615 378 10
615 382 10
615 395 10
615 405 10
615 406 10
615 407 10
615 410 10
615 413 10
615 414 10
615 415 10
615 417 10
615 418 10
615 419 10
615 420 10
615 421 10
615 422 10
615 423 10
615 426 10
615 427 10
615 429 10
615 437 10
615 443 10
615 452 10
615 453 10
615 454 10
615 461 10
615 462 10
615 464 10
615 465 10
615 469 10
615 471 10
615 472 10
615 474 10
615 475 10
615 477 10
615 478 10
615 480 10
615 488 10
615 489 10
615 490 10
615 491 10
615 492 10
615 494 10
615 496 10
615 498 10
615 499 10
615 515 10
615 519 10
615 520 10
615 534 10
615 538 10
615 542 10
615 549 10
615 550 10
615 553 10
615 554 10
615 555 10
615 556 10
615 561 10
615 562 10
615 563 10
615 564 10
615 567 10
615 573 10
615 574 10
615 577 10
615 578 10
615 580 10
615 582 10
615 583 10
615 584 10
615 585 10
615 590 10
615 598 10
615 599 10
615 600 10
615 602 10
615 604 10
615 605 10
615 606 10
615 607 10
615 609 10
615 610 10
615 611 10
615 612 10
615 613 10
615 620 10
615 625 10
615 630 10
615 635 10
615 637 10
615 638 10
615 639 10
615 640 10
615 645 10
615 647 10
615 650 10
615 652 10
615 654 10
615 655 10
615 662 10
615 667 10
615 671 10
615 672 10
615 675 10
615 679 10
615 680 10
615 687 10
615 697 10
615 710 10
615 721 10
615 727 10
615 728 10
615 730 10
615 731 10
615 734 10
615 737 10
615 738 10
615 739 10
615 740 10
615 743 10
615 744 10
615 745 10
616 295 10
616 298 10
616 319 10
616 320 10
616 321 10
616 327 10
616 331 10
616 332 10
616 335 10
616 336 10
616 337 10
616 338 10
616 340 10
616 343 10
616 344 10
616 347 10
616 349 10
616 350 10
616 351 10
616 354 10
616 356 10
616 357 10
616 361 10
616 364 10
616 368 10
616 372 10
616 374 10
616 376 10
616 377 10
616 378 10
616 395 10
616 404 10
616 406 10
616 407 10
616 408 10
616 411 10
616 412 10
616 413 10
616 414 10
616 415 10
616 416 10
616 417 10
616 418 10
616 419 10
616 420 10
616 421 10
616 424 10
616 426 10
616 427 10
616 435 10
616 436 10
616 438 10
616 439 10
616 450 10
616 452 10
616 454 10
616 465 10
616 468 10
616 469 10
616 473 10
616 474 10
616 475 10
616 477 10
616 478 10
616 485 10
616 489 10
616 490 10
616 492 10
616 493 10
616 494 10
616 499 10
616 512 10
616 513 10
616 516 10
616 517 10
616 523 10
616 524 10
616 525 10
616 526 10
616 530 10
616 531 10
616 542 10
616 543 10
616 544 10
616 545 10
616 546 10
616 552 10
616 554 10
616 555 10
616 556 10
616 558 10
616 560 10
616 562 10
616 563 10
616 564 10
616 566 10
616 576 10
616 578 10
616 583 10
616 585 10
616 587 10
616 590 10
616 595 10
616 597 10
616 600 10
616 601 10
616 607 10
616 610 10
616 613 10
616 614 10
616 615 10
616 617 10
616 619 10
616 620 10
616 621 10
616 629 10
616 631 10
616 632 10
616 640 10
616 643 10
616 645 10
616 646 10
616 648 10
616 650 10
616 663 10
616 664 10
616 666 10
616 667 10
616 668 10
616 672 10
616 673 10
616 679 10
616 680 10
616 682 10
616 684 10
616 686 10
616 687 10
616 695 10
616 697 10
616 699 10
616 709 10
616 713 10
616 720 10
616 721 10
616 722 10
616 723 10
616 726 10
616 729 10
616 730 10
616 731 10
616 736 10
616 737 10
616 738 10
616 739 10
616 740 10
616 741 10
616 742 10
616 745 10
616 747 10
616 750 10
616 752 10
617 326 10
617 330 10
617 332 10
617 333 10
617 335 10
617 337 10
617 338 10
617 340 10
617 342 10
617 343 10
617 344 10
617 346 10
617 348 10
617 350 10
617 356 10
617 360 10
617 363 10
617 365 10
617 366 10
617 368 10
617 372 10
617 374 10
617 377 10
617 381 10
617 384 10
617 386 10
617 387 10
617 392 10
617 404 10
617 406 10
617 411 10
617 412 10
617 414 10
617 415 10
617 416 10
617 418 10
617 419 10
617 426 10
617 435 10
617 437 10
617 439 10
617 446 10
617 448 10
617 458 10
617 477 10
617 478 10
617 480 10
617 482 10
617 494 10
617 499 10
617 505 10
617 514 10
617 515 10
617 517 10
617 520 10
617 521 10
617 523 10
617 524 10
617 525 10
617 528 10
617 532 10
617 542 10
617 543 10
617 553 10
617 556 10
617 558 10
617 559 10
617 561 10
617 562 10
617 563 10
617 564 10
617 565 10
617 567 10
617 568 10
617 569 10
617 571 10
617 573 10
617 575 10
617 577 10
617 580 10
617 584 10
617 585 10
617 587 10
617 588 10
617 595 10
617 597 10
617 598 10
617 601 10
617 606 10
617 607 10
617 609 10
617 610 10
617 611 10
617 615 10
617 631 10
617 646 10
617 649 10
617 650 10
617 651 10
617 652 10
617 665 10
617 669 10
617 670 10
617 689 10
617 710 10
617 714 10
617 715 10
617 722 10
617 723 10
617 724 10
617 725 10
617 726 10
617 728 10
617 729 10
617 730 10
617 733 10
617 734 10
617 736 10
617 737 10
617 738 10
617 739 10
617 740 10
617 742 10
617 743 10
617 744 10
617 745 10
617 749 10
618 328 10
618 329 10
618 330 10
618 334 10
618 335 10
618 338 10
618 340 10
618 341 10
618 342 10
618 348 10
618 349 10
618 353 10
618 354 10
618 355 10
618 357 10
618 362 10
618 363 10
618 365 10
618 367 10
618 368 10
618 369 10
618 377 10
618 382 10
618 386 10
618 388 10
618 404 10
618 406 10
618 409 10
618 411 10
618 413 10
618 414 10
618 415 10
618 416 10
618 417 10
618 418 10
618 420 10
618 424 10
618 440 10
618 443 10
618 450 10
618 474 10
618 475 10
618 476 10
618 480 10
618 481 10
618 482 10
618 483 10
618 489 10
618 492 10
618 494 10
618 506 10
618 514 10
618 517 10
618 520 10
618 521 10
618 523 10
618 525 10
618 530 10
618 551 10
618 553 10
618 554 10
618 555 10
618 556 10
618 557 10
618 558 10
618 560 10
618 562 10
618 563 10
618 566 10
618 567 10
618 568 10
618 573 10
618 574 10
618 575 10
618 577 10
618 579 10
618 580 10
618 581 10
618 582 10
618 583 10
618 585 10
618 586 10
618 590 10
618 593 10
618 596 10
618 602 10
618 604 10
618 606 10
618 607 10
618 612 10
618 614 10
618 617 10
618 618 10
618 620 10
618 624 10
618 628 10
618 630 10
618 641 10
618 643 10
618 646 10
618 647 10
618 657 10
618 658 10
618 660 10
618 665 10
618 668 10
618 671 10
618 684 10
618 685 10
618 689 10
618 691 10
618 692 10
618 698 10
618 706 10
618 708 10
618 720 10
618 722 10
618 724 10
618 725 10
618 726 10
618 727 10
618 728 10
618 729 10
618 730 10
618 732 10
618 733 10
618 740 10
618 742 10
618 743 10
618 747 10
618 749 10
619 318 10
619 319 10
619 325 10
619 329 10
619 333 10
619 335 10
619 337 10
619 338 10
619 339 10
619 341 10
619 347 10
619 350 10
619 363 10
619 365 10
619 368 10
619 369 10
619 370 10
619 383 10
619 389 10
619 390 10
619 391 10
619 398 10
619 403 10
619 404 10
619 405 10
619 407 10
619 409 10
619 411 10
619 412 10
619 413 10
619 414 10
619 415 10
619 417 10
619 418 10
619 420 10
619 421 10
619 426 10
619 428 10
619 433 10
619 436 10
619 439 10
619 442 10
619 444 10
619 454 10
619 456 10
619 460 10
619 478 10
619 481 10
619 484 10
619 492 10
619 493 10
619 494 10
619 495 10
619 504 10
619 507 10
619 508 10
619 514 10
619 516 10
619 518 10
619 519 10
619 520 10
619 521 10
619 522 10
619 524 10
619 525 10
619 526 10
619 528 10
619 531 10
619 539 10
619 557 10
619 559 10
619 560 10
619 562 10
619 564 10
619 565 10
619 566 10
619 567 10
619 571 10
619 576 10
619 577 10
619 582 10
619 584 10
619 585 10
619 586 10
619 587 10
619 588 10
619 595 10
619 596 10
619 597 10
619 600 10
619 601 10
619 602 10
619 603 10
619 605 10
619 606 10
619 607 10
619 608 10
619 609 10
619 610 10
619 613 10
619 614 10
619 615 10
619 617 10
619 619 10
619 622 10
619 625 10
619 627 10
619 630 10
619 631 10
619 640 10
619 645 10
619 648 10
619 651 10
619 654 10
619 656 10
619 657 10
619 660 10
619 664 10
619 665 10
619 666 10
619 667 10
619 671 10
619 683 10
619 688 10
619 693 10
619 696 10
619 700 10
619 702 10
619 709 10
619 720 10
619 721 10
619 722 10
619 723 10
619 724 10
619 725 10
619 726 10
619 728 10
619 729 10
619 730 10
619 731 10
619 732 10
619 734 10
619 737 10
619 738 10
619 739 10
619 744 10
619 746 10
619 747 10
619 748 10
620 324 10
620 326 10
620 329 10
620 330 10
620 331 10
620 332 10
620 333 10
620 338 10
620 340 10
620 341 10
620 342 10
620 343 10
620 344 10
620 348 10
620 349 10
620 350 10
620 352 10
620 356 10
620 367 10
620 369 10
620 371 10
620 374 10
620 377 10
620 382 10
620 385 10
620 386 10
620 389 10
620 391 10
620 392 10
620 397 10
620 403 10
620 405 10
620 406 10
620 407 10
620 409 10
620 410 10
620 412 10
620 414 10
620 415 10
620 416 10
620 417 10
620 420 10
620 423 10
620 426 10
620 440 10
620 443 10
620 445 10
620 448 10
620 449 10
620 454 10
620 456 10
620 477 10
620 478 10
620 484 10
620 490 10
620 492 10
620 493 10
620 495 10
620 497 10
620 499 10
620 500 10
620 508 10
620 514 10
620 520 10
620 521 10
620 522 10
620 523 10
620 524 10
620 525 10
620 526 10
620 528 10
620 542 10
620 551 10
620 557 10
620 558 10
620 559 10
620 560 10
620 562 10
620 563 10
620 566 10
620 567 10
620 570 10
620 573 10
620 574 10
620 576 10
620 578 10
620 579 10
620 580 10
620 581 10
620 582 10
620 584 10
620 585 10
620 587 10
620 588 10
620 590 10
620 591 10
620 594 10
620 595 10
620 596 10
620 598 10
620 600 10
620 602 10
620 603 10
620 609 10
620 610 10
620 611 10
620 613 10
620 614 10
620 615 10
620 617 10
620 640 10
620 646 10
620 648 10
620 655 10
620 657 10
620 660 10
620 667 10
620 668 10
620 669 10
620 670 10
620 672 10
620 673 10
620 685 10
620 690 10
620 692 10
620 697 10
620 698 10
620 709 10
620 719 10
620 721 10
620 724 10
620 730 10
620 732 10
620 733 10
620 734 10
620 735 10
620 737 10
620 742 10
620 746 10
621 324 10
621 325 10
621 326 10
621 328 10
621 332 10
621 334 10
621 335 10
621 336 10
621 339 10
621 342 10
621 343 10
621 344 10
621 352 10
621 360 10
621 361 10
621 363 10
621 364 10
621 366 10
621 367 10
621 368 10
621 372 10
621 379 10
621 387 10
621 389 10
621 390 10
621 391 10
621 393 10
621 401 10
621 404 10
621 406 10
621 410 10
621 411 10
621 412 10
621 413 10
621 415 10
621 417 10
621 418 10
621 421 10
621 422 10
621 427 10
621 428 10
621 429 10
621 431 10
621 440 10
621 448 10
621 457 10
621 475 10
621 477 10
621 481 10
621 482 10
621 492 10
621 493 10
621 509 10
621 517 10
621 518 10
621 519 10
621 521 10
621 523 10
621 524 10
621 525 10
621 526 10
621 529 10
621 531 10
621 532 10
621 535 10
621 538 10
621 540 10
621 541 10
621 547 10
621 549 10
621 550 10
621 551 10
621 553 10
621 555 10
621 558 10
621 562 10
621 563 10
621 564 10
621 567 10
621 568 10
621 569 10
621 570 10
621 571 10
621 572 10
621 574 10
621 576 10
621 577 10
621 578 10
621 579 10
621 580 10
621 581 10
621 582 10
621 583 10
621 584 10
621 585 10
621 586 10
621 587 10
621 589 10
621 590 10
621 593 10
621 594 10
621 596 10
621 599 10
621 603 10
621 604 10
621 607 10
621 608 10
621 610 10
621 611 10
621 616 10
621 618 10
621 619 10
621 621 10
621 622 10
621 623 10
621 625 10
621 626 10
621 642 10
621 645 10
621 648 10
621 652 10
621 657 10
621 663 10
621 666 10
621 673 10
621 674 10
621 677 10
621 687 10
621 689 10
621 691 10
621 700 10
621 701 10
621 702 10
621 703 10
621 715 10
621 717 10
621 720 10
621 723 10
621 724 10
621 725 10
621 726 10
621 728 10
621 729 10
621 730 10
621 732 10
621 733 10
621 735 10
621 736 10
621 742 10
621 744 10
622 327 10
622 330 10
622 332 10
622 334 10
622 337 10
622 339 10
622 340 10
622 342 10
622 343 10
622 344 10
622 345 10
622 352 10
622 355 10
622 358 10
622 366 10
622 371 10
622 372 10
622 374 10
622 378 10
622 383 10
622 385 10
622 389 10
622 390 10
622 391 10
622 393 10
622 404 10
622 405 10
622 408 10
622 410 10
622 411 10
622 412 10
622 415 10
622 418 10
622 419 10
622 420 10
622 424 10
622 426 10
622 429 10
622 430 10
622 431 10
622 433 10
622 455 10
622 457 10
622 459 10
622 474 10
622 476 10
622 477 10
622 479 10
622 489 10
622 492 10
622 495 10
622 498 10
622 499 10
622 508 10
622 517 10
622 520 10
622 523 10
622 524 10
622 525 10
622 527 10
622 530 10
622 531 10
622 539 10
622 545 10
622 549 10
622 550 10
622 556 10
622 557 10
622 558 10
622 559 10
622 560 10
622 562 10
622 564 10
622 565 10
622 568 10
622 569 10
622 574 10
622 575 10
622 577 10
622 578 10
622 579 10
622 580 10
622 581 10
622 582 10
622 584 10
622 587 10
622 589 10
622 592 10
622 595 10
622 596 10
622 597 10
622 600 10
622 602 10
622 603 10
622 607 10
622 608 10
622 609 10
622 610 10
622 612 10
622 613 10
622 614 10
622 615 10
622 616 10
622 618 10
622 620 10
622 621 10
622 624 10
622 625 10
622 626 10
622 630 10
622 631 10
622 632 10
622 636 10
622 643 10
622 657 10
622 659 10
622 668 10
622 670 10
622 673 10
622 676 10
622 677 10
622 678 10
622 685 10
622 687 10
622 688 10
622 689 10
622 690 10
622 698 10
622 701 10
622 704 10
622 705 10
622 715 10
622 726 10
622 727 10
622 728 10
622 729 10
622 731 10
622 733 10
622 736 10
622 738 10
622 741 10
622 742 10
622 743 10
622 746 10
622 751 10
623 324 10
623 332 10
623 335 10
623 337 10
623 338 10
623 339 10
623 340 10
623 341 10
623 344 10
623 349 10
623 350 10
623 367 10
623 368 10
623 378 10
623 391 10
623 393 10
623 394 10
623 399 10
623 407 10
623 408 10
623 412 10
623 413 10
623 415 10
623 416 10
623 417 10
623 420 10
623 422 10
623 424 10
623 426 10
623 428 10
623 430 10
623 449 10
623 451 10
623 453 10
623 455 10
623 457 10
623 460 10
623 461 10
623 463 10
623 479 10
623 480 10
623 482 10
623 487 10
623 492 10
623 493 10
623 495 10
623 496 10
623 497 10
623 498 10
623 509 10
623 510 10
623 513 10
623 515 10
623 516 10
623 518 10
623 520 10
623 521 10
623 524 10
623 525 10
623 526 10
623 528 10
623 529 10
623 530 10
623 537 10
623 542 10
623 545 10
623 548 10
623 549 10
623 552 10
623 554 10
623 555 10
623 557 10
623 558 10
623 560 10
623 561 10
623 564 10
623 565 10
623 566 10
623 569 10
623 570 10
623 571 10
623 572 10
623 573 10
623 574 10
623 575 10
623 576 10
623 578 10
623 579 10
623 581 10
623 582 10
623 583 10
623 584 10
623 586 10
623 587 10
623 591 10
623 593 10
623 594 10
623 595 10
623 596 10
623 597 10
623 598 10
623 599 10
623 601 10
623 604 10
623 606 10
623 607 10
623 611 10
623 612 10
623 614 10
623 616 10
623 617 10
623 618 10
623 619 10
623 620 10
623 625 10
623 626 10
623 628 10
623 629 10
623 630 10
623 634 10
623 637 10
623 641 10
623 652 10
623 656 10
623 668 10
623 671 10
623 675 10
623 676 10
623 678 10
623 680 10
623 694 10
623 700 10
623 701 10
623 702 10
623 703 10
623 704 10
623 705 10
623 715 10
623 717 10
623 720 10
623 726 10
623 727 10
623 732 10
623 733 10
623 734 10
623 735 10
623 738 10
623 739 10
623 740 10
623 743 10
623 745 10
624 324 10
624 326 10
624 328 10
624 329 10
624 332 10
624 335 10
624 336 10
624 337 10
624 338 10
624 339 10
624 340 10
624 341 10
624 343 10
624 344 10
624 347 10
624 349 10
624 350 10
624 351 10
624 356 10
624 361 10
624 363 10
624 364 10
624 365 10
624 371 10
624 372 10
624 396 10
624 397 10
624 398 10
624 404 10
624 406 10
624 408 10
624 411 10
624 413 10
624 414 10
624 417 10
624 418 10
624 419 10
624 428 10
624 430 10
624 442 10
624 444 10
624 445 10
624 446 10
624 449 10
624 450 10
624 451 10
624 455 10
624 457 10
624 459 10
624 461 10
624 464 10
624 484 10
624 488 10
624 489 10
624 490 10
624 491 10
624 492 10
624 493 10
624 495 10
624 497 10
624 498 10
624 507 10
624 509 10
624 512 10
624 519 10
624 521 10
624 522 10
624 523 10
624 525 10
624 526 10
624 528 10
624 530 10
624 532 10
624 533 10
624 535 10
624 537 10
624 538 10
624 543 10
624 544 10
624 545 10
624 552 10
624 555 10
624 556 10
624 557 10
624 558 10
624 560 10
624 562 10
624 564 10
624 565 10
624 566 10
624 567 10
624 568 10
624 570 10
624 571 10
624 573 10
624 574 10
624 576 10
624 578 10
624 579 10
624 580 10
624 581 10
624 583 10
624 584 10
624 585 10
624 587 10
624 592 10
624 594 10
624 596 10
624 597 10
624 598 10
624 599 10
624 600 10
624 601 10
624 602 10
624 603 10
624 604 10
624 605 10
624 606 10
624 608 10
624 610 10
624 612 10
624 613 10
624 614 10
624 617 10
624 620 10
624 621 10
624 622 10
624 623 10
624 625 10
624 626 10
624 628 10
624 632 10
624 633 10
624 639 10
624 640 10
624 642 10
624 644 10
624 650 10
624 655 10
624 660 10
624 671 10
624 672 10
624 678 10
624 679 10
624 687 10
624 690 10
624 693 10
624 699 10
624 702 10
624 703 10
624 704 10
624 705 10
624 722 10
624 724 10
624 729 10
624 730 10
624 732 10
624 735 10
624 736 10
624 738 10
624 739 10
624 740 10
624 741 10
624 742 10
624 743 10
624 744 10
624 745 10
624 746 10
625 316 10
625 318 10
625 320 10
625 321 10
625 322 10
625 324 10
625 325 10
625 332 10
625 336 10
625 337 10
625 338 10
625 339 10
625 340 10
625 341 10
625 343 10
625 344 10
625 346 10
625 347 10
625 348 10
625 349 10
625 350 10
625 354 10
625 361 10
625 362 10
625 367 10
625 370 10
625 375 10
625 376 10
625 379 10
625 390 10
625 394 10
625 405 10
625 408 10
625 409 10
625 410 10
625 411 10
625 412 10
625 413 10
625 415 10
625 416 10
625 419 10
625 420 10
625 425 10
625 426 10
625 430 10
625 440 10
625 444 10
625 450 10
625 453 10
625 454 10
625 455 10
625 457 10
625 459 10
625 460 10
625 462 10
625 478 10
625 480 10
625 483 10
625 484 10
625 487 10
625 488 10
625 489 10
625 490 10
625 491 10
625 492 10
625 493 10
625 496 10
625 497 10
625 498 10
625 500 10
625 501 10
625 507 10
625 509 10
625 510 10
625 512 10
625 515 10
625 519 10
625 520 10
625 521 10
625 522 10
625 524 10
625 525 10
625 526 10
625 527 10
625 530 10
625 531 10
625 532 10
625 534 10
625 544 10
625 546 10
625 548 10
625 549 10
625 552 10
625 553 10
625 554 10
625 555 10
625 558 10
625 559 10
625 560 10
625 562 10
625 563 10
625 564 10
625 565 10
625 566 10
625 567 10
625 568 10
625 569 10
625 570 10
625 572 10
625 573 10
625 574 10
625 576 10
625 577 10
625 580 10
625 581 10
625 583 10
625 589 10
625 590 10
625 593 10
625 594 10
625 595 10
625 596 10
625 597 10
625 598 10
625 599 10
625 600 10
625 601 10
625 602 10
625 603 10
625 604 10
625 608 10
625 610 10
625 611 10
625 613 10
625 615 10
625 616 10
625 617 10
625 618 10
625 619 10
625 621 10
625 623 10
625 624 10
625 626 10
625 627 10
625 629 10
625 630 10
625 631 10
625 632 10
625 635 10
625 649 10
625 652 10
625 653 10
625 654 10
625 662 10
625 663 10
625 664 10
625 670 10
625 674 10
625 675 10
625 676 10
625 677 10
625 679 10
625 681 10
625 687 10
625 697 10
625 699 10
625 701 10
625 704 10
625 707 10
625 724 10
625 725 10
625 727 10
625 729 10
625 732 10
625 733 10
625 734 10
625 736 10
625 737 10
625 739 10
625 742 10
625 744 10
625 745 10
625 746 10
625 747 10
626 315 10
626 316 10
626 317 10
626 322 10
626 324 10
626 326 10
626 327 10
626 328 10
626 335 10
626 336 10
626 337 10
626 338 10
626 339 10
626 340 10
626 341 10
626 342 10
626 343 10
626 344 10
626 347 10
626 348 10
626 349 10
626 351 10
626 352 10
626 353 10
626 356 10
626 361 10
626 363 10
626 364 10
626 369 10
626 371 10
626 378 10
626 379 10
626 383 10
626 396 10
626 397 10
626 409 10
626 411 10
626 413 10
626 417 10
626 419 10
626 425 10
626 426 10
626 427 10
626 430 10
626 439 10
626 441 10
626 443 10
626 445 10
626 446 10
626 448 10
626 449 10
626 450 10
626 457 10
626 458 10
626 459 10
626 462 10
626 463 10
626 483 10
626 485 10
626 487 10
626 488 10
626 490 10
626 492 10
626 493 10
626 494 10
626 495 10
626 496 10
626 497 10
626 498 10
626 500 10
626 501 10
626 502 10
626 503 10
626 505 10
626 506 10
626 507 10
626 508 10
626 511 10
626 512 10
626 515 10
626 517 10
626 519 10
626 520 10
626 521 10
626 522 10
626 523 10
626 527 10
626 529 10
626 530 10
626 531 10
626 532 10
626 535 10
626 539 10
626 544 10
626 547 10
626 551 10
626 554 10
626 555 10
626 556 10
626 557 10
626 558 10
626 560 10
626 561 10
626 564 10
626 565 10
626 566 10
626 567 10
626 569 10
626 570 10
626 571 10
626 572 10
626 573 10
626 574 10
626 575 10
626 576 10
626 577 10
626 578 10
626 580 10
626 581 10
626 582 10
626 586 10
626 588 10
626 589 10
626 591 10
626 593 10
626 595 10
626 596 10
626 597 10
626 598 10
626 599 10
626 600 10
626 601 10
626 602 10
626 603 10
626 605 10
626 606 10
626 607 10
626 608 10
626 609 10
626 610 10
626 611 10
626 612 10
626 614 10
626 616 10
626 618 10
626 619 10
626 621 10
626 622 10
626 623 10
626 624 10
626 625 10
626 626 10
626 627 10
626 631 10
626 635 10
626 649 10
626 651 10
626 656 10
626 661 10
626 666 10
626 672 10
626 673 10
626 676 10
626 677 10
626 678 10
626 679 10
626 687 10
626 689 10
626 694 10
626 695 10
626 697 10
626 701 10
626 702 10
626 703 10
626 704 10
626 705 10
626 707 10
626 725 10
626 727 10
626 728 10
626 731 10
626 732 10
626 734 10
626 735 10
626 738 10
626 739 10
626 740 10
626 741 10
626 742 10
626 743 10
626 744 10
626 745 10
626 746 10
626 747 10
626 748 10
626 756 10
626 758 10
626 760 10
627 319 10
627 320 10
627 321 10
627 323 10
627 327 10
627 331 10
627 332 10
627 333 10
627 334 10
627 335 10
627 336 10
627 340 10
627 344 10
627 346 10
627 347 10
627 351 10
627 352 10
627 353 10
627 356 10
627 357 10
627 359 10
627 360 10
627 371 10
627 372 10
627 375 10
627 379 10
627 391 10
627 408 10
627 409 10
627 410 10
627 411 10
627 412 10
627 414 10
627 415 10
627 416 10
627 421 10
627 426 10
627 427 10
627 429 10
627 430 10
627 431 10
627 438 10
627 439 10
627 441 10
627 443 10
627 445 10
627 446 10
627 461 10
627 462 10
627 464 10
627 483 10
627 486 10
627 488 10
627 489 10
627 491 10
627 493 10
627 494 10
627 495 10
627 496 10
627 499 10
627 500 10
627 502 10
627 505 10
627 506 10
627 509 10
627 510 10
627 511 10
627 519 10
627 522 10
627 523 10
627 524 10
627 525 10
627 526 10
627 528 10
627 529 10
627 530 10
627 533 10
627 534 10
627 536 10
627 537 10
627 541 10
627 542 10
627 545 10
627 546 10
627 549 10
627 552 10
627 553 10
627 555 10
627 556 10
627 558 10
627 559 10
627 560 10
627 561 10
627 563 10
627 564 10
627 567 10
627 569 10
627 570 10
627 571 10
627 572 10
627 574 10
627 575 10
627 576 10
627 578 10
627 579 10
627 584 10
627 588 10
627 589 10
627 590 10
627 596 10
627 597 10
627 598 10
627 599 10
627 601 10
627 602 10
627 603 10
627 604 10
627 605 10
627 606 10
627 608 10
627 619 10
627 621 10
627 623 10
627 624 10
627 626 10
627 627 10
627 629 10
627 630 10
627 637 10
627 638 10
627 639 10
627 640 10
627 653 10
627 654 10
627 657 10
627 660 10
627 661 10
627 663 10
627 665 10
627 668 10
627 669 10
627 670 10
627 672 10
627 673 10
627 678 10
627 679 10
627 690 10
627 698 10
627 701 10
627 703 10
627 706 10
627 710 10
627 714 10
627 716 10
627 719 10
627 724 10
627 725 10
627 728 10
627 729 10
627 730 10
627 731 10
627 733 10
627 737 10
627 739 10
627 740 10
627 741 10
627 742 10
627 743 10
627 746 10
627 747 10
627 748 10
627 749 10
627 755 10
627 761 10
628 315 10
628 323 10
628 326 10
628 335 10
628 342 10
628 343 10
628 345 10
628 346 10
628 347 10
628 348 10
628 349 10
628 350 10
628 351 10
628 352 10
628 354 10
628 355 10
628 356 10
628 357 10
628 358 10
628 359 10
628 365 10
628 368 10
628 376 10
628 383 10
628 385 10
628 394 10
628 396 10
628 408 10
628 409 10
628 411 10
628 413 10
628 414 10
628 415 10
628 417 10
628 419 10
628 422 10
628 439 10
628 441 10
628 443 10
628 446 10
628 447 10
628 448 10
628 449 10
628 451 10
628 455 10
628 457 10
628 460 10
628 463 10
628 465 10
628 476 10
628 480 10
628 482 10
628 485 10
628 489 10
628 490 10
628 493 10
628 495 10
628 497 10
628 499 10
628 500 10
628 508 10
628 510 10
628 511 10
628 512 10
628 514 10
628 515 10
628 516 10
628 517 10
628 518 10
628 519 10
628 521 10
628 522 10
628 523 10
628 527 10
628 528 10
628 530 10
628 531 10
628 534 10
628 543 10
628 544 10
628 548 10
628 549 10
628 550 10
628 552 10
628 554 10
628 555 10
628 557 10
628 558 10
628 559 10
628 560 10
628 561 10
628 565 10
628 566 10
628 567 10
628 568 10
628 569 10
628 570 10
628 571 10
628 572 10
628 574 10
628 577 10
628 580 10
628 590 10
628 593 10
628 594 10
628 595 10
628 596 10
628 597 10
628 598 10
628 599 10
628 600 10
628 601 10
628 603 10
628 604 10
628 607 10
628 608 10
628 609 10
628 611 10
628 615 10
628 622 10
628 623 10
628 625 10
628 626 10
628 629 10
628 633 10
628 636 10
628 637 10
628 640 10
628 642 10
628 645 10
628 656 10
628 658 10
628 663 10
628 665 10
628 666 10
628 667 10
628 671 10
628 672 10
628 674 10
628 675 10
628 676 10
628 677 10
628 678 10
628 690 10
628 695 10
628 706 10
628 708 10
628 723 10
628 724 10
628 726 10
628 729 10
628 730 10
628 731 10
628 732 10
628 737 10
628 741 10
628 742 10
628 743 10
628 744 10
628 745 10
628 746 10
628 747 10
628 748 10
628 750 10
628 757 10
628 759 10
629 323 10
629 325 10
629 326 10
629 327 10
629 328 10
629 332 10
629 334 10
629 336 10
629 337 10
629 339 10
629 341 10
629 345 10
629 349 10
629 350 10
629 351 10
629 352 10
629 353 10
629 356 10
629 358 10
629 361 10
629 363 10
629 364 10
629 366 10
629 369 10
629 370 10
629 376 10
629 386 10
629 390 10
629 407 10
629 408 10
629 409 10
629 410 10
629 411 10
629 412 10
629 413 10
629 414 10
629 420 10
629 421 10
629 422 10
629 423 10
629 435 10
629 437 10
629 440 10
629 442 10
629 444 10
629 448 10
629 465 10
629 467 10
629 478 10
629 479 10
629 481 10
629 484 10
629 485 10
629 488 10
629 491 10
629 492 10
629 493 10
629 494 10
629 495 10
629 496 10
629 497 10
629 498 10
629 501 10
629 502 10
629 503 10
629 505 10
629 508 10
629 509 10
629 510 10
629 511 10
629 512 10
629 513 10
629 514 10
629 515 10
629 516 10
629 518 10
629 520 10
629 521 10
629 523 10
629 524 10
629 525 10
629 526 10
629 527 10
629 531 10
629 532 10
629 533 10
629 534 10
629 542 10
629 545 10
629 546 10
629 549 10
629 553 10
629 560 10
629 562 10
629 564 10
629 567 10
629 568 10
629 569 10
629 571 10
629 572 10
629 573 10
629 578 10
629 581 10
629 587 10
629 588 10
629 590 10
629 591 10
629 592 10
629 596 10
629 600 10
629 602 10
629 604 10
629 606 10
629 607 10
629 608 10
629 612 10
629 613 10
629 619 10
629 622 10
629 623 10
629 624 10
629 625 10
629 626 10
629 627 10
629 629 10
629 630 10
629 634 10
629 638 10
629 640 10
629 642 10
629 643 10
629 649 10
629 662 10
629 665 10
629 666 10
629 667 10
629 668 10
629 670 10
629 672 10
629 673 10
629 674 10
629 675 10
629 678 10
629 690 10
629 692 10
629 699 10
629 700 10
629 704 10
629 716 10
629 720 10
629 722 10
629 723 10
629 726 10
629 727 10
629 728 10
629 730 10
629 736 10
629 740 10
629 742 10
629 743 10
629 744 10
629 745 10
629 746 10
629 748 10
629 749 10
629 750 10
629 757 10
629 758 10
629 761 10
630 323 10
630 325 10
630 326 10
630 327 10
630 328 10
630 329 10
630 330 10
630 335 10
630 336 10
630 338 10
630 339 10
630 341 10
630 347 10
630 349 10
630 351 10
630 354 10
630 355 10
630 357 10
630 358 10
630 360 10
630 367 10
630 379 10
630 380 10
630 381 10
630 382 10
630 409 10
630 412 10
630 413 10
630 414 10
630 415 10
630 416 10
630 419 10
630 420 10
630 421 10
630 430 10
630 436 10
630 439 10
630 442 10
630 444 10
630 446 10
630 448 10
630 449 10
630 450 10
630 455 10
630 456 10
630 458 10
630 459 10
630 464 10
630 474 10
630 476 10
630 478 10
630 479 10
630 482 10
630 483 10
630 484 10
630 485 10
630 487 10
630 490 10
630 491 10
630 493 10
630 494 10
630 495 10
630 496 10
630 501 10
630 502 10
630 507 10
630 508 10
630 509 10
630 510 10
630 511 10
630 512 10
630 513 10
630 515 10
630 516 10
630 518 10
630 519 10
630 521 10
630 524 10
630 525 10
630 527 10
630 528 10
630 529 10
630 530 10
630 532 10
630 533 10
630 534 10
630 538 10
630 540 10
630 542 10
630 544 10
630 545 10
630 546 10
630 547 10
630 549 10
630 552 10
630 553 10
630 555 10
630 556 10
630 564 10
630 565 10
630 567 10
630 568 10
630 569 10
630 570 10
630 572 10
630 575 10
630 585 10
630 586 10
630 589 10
630 592 10
630 595 10
630 598 10
630 599 10
630 600 10
630 602 10
630 607 10
630 608 10
630 609 10
630 610 10
630 611 10
630 616 10
630 623 10
630 624 10
630 625 10
630 626 10
630 628 10
630 634 10
630 635 10
630 639 10
630 640 10
630 645 10
630 647 10
630 653 10
630 654 10
630 655 10
630 657 10
630 665 10
630 666 10
630 668 10
630 670 10
630 671 10
630 674 10
630 676 10
630 679 10
630 689 10
630 691 10
630 693 10
630 697 10
630 701 10
630 702 10
630 703 10
630 704 10
630 706 10
630 715 10
630 718 10
630 724 10
630 725 10
630 727 10
630 729 10
630 733 10
630 738 10
630 739 10
630 742 10
630 743 10
630 745 10
630 747 10
630 748 10
630 750 10
630 752 10
630 758 10
631 324 10
631 332 10
631 335 10
631 337 10
631 338 10
631 340 10
631 343 10
631 347 10
631 351 10
631 352 10
631 355 10
631 357 10
631 358 10
631 361 10
631 370 10
631 374 10
631 380 10
631 382 10
631 394 10
631 407 10
631 408 10
631 409 10
631 410 10
631 411 10
631 417 10
631 418 10
631 421 10
631 422 10
631 428 10
631 438 10
631 444 10
631 446 10
631 447 10
631 450 10
631 451 10
631 454 10
631 458 10
631 459 10
631 464 10
631 466 10
631 467 10
631 472 10
631 478 10
631 479 10
631 480 10
631 481 10
631 482 10
631 492 10
631 495 10
631 496 10
631 497 10
631 502 10
631 504 10
631 505 10
631 509 10
631 510 10
631 511 10
631 512 10
631 513 10
631 514 10
631 515 10
631 516 10
631 517 10
631 519 10
631 521 10
631 522 10
631 524 10
631 525 10
631 527 10
631 530 10
631 532 10
631 533 10
631 534 10
631 535 10
631 537 10
631 538 10
631 544 10
631 549 10
631 551 10
631 562 10
631 564 10
631 566 10
631 571 10
631 573 10
631 579 10
631 580 10
631 589 10
631 590 10
631 591 10
631 595 10
631 596 10
631 597 10
631 599 10
631 600 10
631 606 10
631 607 10
631 609 10
631 613 10
631 614 10
631 616 10
631 617 10
631 621 10
631 622 10
631 624 10
631 627 10
631 630 10
631 635 10
631 637 10
631 640 10
631 643 10
631 644 10
631 645 10
631 646 10
631 647 10
631 648 10
631 649 10
631 650 10
631 653 10
631 655 10
631 657 10
631 659 10
631 660 10
631 664 10
631 666 10
631 668 10
631 670 10
631 674 10
631 675 10
631 676 10
631 677 10
631 701 10
631 702 10
631 706 10
631 709 10
631 710 10
631 720 10
631 722 10
631 723 10
631 724 10
631 731 10
631 732 10
631 735 10
631 736 10
631 737 10
631 738 10
631 739 10
631 741 10
631 742 10
631 743 10
631 745 10
631 746 10
631 750 10
631 757 10
631 758 10
632 329 10
632 330 10
632 332 10
632 333 10
632 338 10
632 340 10
632 343 10
632 348 10
632 351 10
632 355 10
632 356 10
632 364 10
632 365 10
632 370 10
632 379 10
632 381 10
632 386 10
632 393 10
632 396 10
632 397 10
632 405 10
632 406 10
632 409 10
632 411 10
632 412 10
632 414 10
632 415 10
632 417 10
632 418 10
632 421 10
632 422 10
632 430 10
632 436 10
632 438 10
632 440 10
632 442 10
632 445 10
632 446 10
632 447 10
632 448 10
632 449 10
632 456 10
632 459 10
632 461 10
632 467 10
632 470 10
632 471 10
632 473 10
632 474 10
632 476 10
632 477 10
632 478 10
632 480 10
632 481 10
632 482 10
632 483 10
632 485 10
632 493 10
632 494 10
632 498 10
632 499 10
632 501 10
632 502 10
632 504 10
632 506 10
632 508 10
632 509 10
632 511 10
632 512 10
632 513 10
632 514 10
632 516 10
632 517 10
632 518 10
632 519 10
632 522 10
632 523 10
632 525 10
632 528 10
632 531 10
632 532 10
632 533 10
632 534 10
632 535 10
632 536 10
632 537 10
632 538 10
632 539 10
632 541 10
632 542 10
632 545 10
632 547 10
632 553 10
632 555 10
632 558 10
632 560 10
632 561 10
632 562 10
632 563 10
632 566 10
632 567 10
632 570 10
632 571 10
632 584 10
632 587 10
632 589 10
632 592 10
632 594 10
632 598 10
632 606 10
632 607 10
632 608 10
632 609 10
632 610 10
632 614 10
632 615 10
632 617 10
632 618 10
632 619 10
632 625 10
632 627 10
632 628 10
632 630 10
632 633 10
632 642 10
632 643 10
632 644 10
632 646 10
632 648 10
632 650 10
632 653 10
632 654 10
632 656 10
632 657 10
632 658 10
632 672 10
632 674 10
632 676 10
632 677 10
632 695 10
632 696 10
632 709 10
632 717 10
632 718 10
632 721 10
632 722 10
632 723 10
632 724 10
632 725 10
632 727 10
632 728 10
632 730 10
632 735 10
632 737 10
632 740 10
632 745 10
632 746 10
632 747 10
632 748 10
632 749 10
632 752 10
632 757 10
632 758 10
633 326 10
633 329 10
633 333 10
633 339 10
633 341 10
633 342 10
633 343 10
633 344 10
633 346 10
633 348 10
633 353 10
633 354 10
633 358 10
633 359 10
633 360 10
633 364 10
633 366 10
633 370 10
633 373 10
633 376 10
633 377 10
633 378 10
633 380 10
633 407 10
633 408 10
633 413 10
633 415 10
633 417 10
633 423 10
633 426 10
633 427 10
633 428 10
633 430 10
633 431 10
633 437 10
633 438 10
633 441 10
633 442 10
633 443 10
633 444 10
633 445 10
633 446 10
633 447 10
633 448 10
633 449 10
633 452 10
633 455 10
633 456 10
633 465 10
633 468 10
633 473 10
633 480 10
633 482 10
633 483 10
633 490 10
633 494 10
633 496 10
633 500 10
633 508 10
633 509 10
633 510 10
633 512 10
633 514 10
633 515 10
633 516 10
633 517 10
633 518 10
633 519 10
633 520 10
633 526 10
633 527 10
633 529 10
633 531 10
633 533 10
633 534 10
633 536 10
633 538 10
633 541 10
633 542 10
633 544 10
633 545 10
633 546 10
633 548 10
633 551 10
633 552 10
633 558 10
633 560 10
633 561 10
633 564 10
633 570 10
633 572 10
633 574 10
633 575 10
633 579 10
633 586 10
633 590 10
633 591 10
633 594 10
633 596 10
633 597 10
633 598 10
633 599 10
633 600 10
633 602 10
633 607 10
633 610 10
633 614 10
633 617 10
633 618 10
633 621 10
633 623 10
633 626 10
633 627 10
633 629 10
633 630 10
633 631 10
633 632 10
633 633 10
633 635 10
633 636 10
633 637 10
633 638 10
633 640 10
633 641 10
633 642 10
633 643 10
633 644 10
633 646 10
633 647 10
633 648 10
633 649 10
633 651 10
633 653 10
633 654 10
633 655 10
633 656 10
633 658 10
633 663 10
633 666 10
633 672 10
633 673 10
633 674 10
633 687 10
633 693 10
633 697 10
633 698 10
633 700 10
633 701 10
633 703 10
633 704 10
633 706 10
633 707 10
633 708 10
633 709 10
633 720 10
633 721 10
633 723 10
633 725 10
633 726 10
633 731 10
633 732 10
633 735 10
633 736 10
633 737 10
633 739 10
633 741 10
633 743 10
633 744 10
633 756 10
633 758 10
633 761 10
633 765 10
633 766 10
634 324 10
634 327 10
634 328 10
634 329 10
634 331 10
634 333 10
634 334 10
634 335 10
634 337 10
634 339 10
634 341 10
634 342 10
634 343 10
634 344 10
634 346 10
634 361 10
634 366 10
634 369 10
634 372 10
634 373 10
634 374 10
634 375 10
634 376 10
634 378 10
634 380 10
634 381 10
634 382 10
634 383 10
634 384 10
634 392 10
634 394 10
634 396 10
634 398 10
634 400 10
634 401 10
634 402 10
634 411 10
634 412 10
634 414 10
634 419 10
634 420 10
634 421 10
634 428 10
634 429 10
634 430 10
634 435 10
634 436 10
634 446 10
634 448 10
634 449 10
634 450 10
634 451 10
634 452 10
634 453 10
634 454 10
634 465 10
634 466 10
634 486 10
634 493 10
634 494 10
634 496 10
634 497 10
634 502 10
634 503 10
634 505 10
634 507 10
634 510 10
634 511 10
634 512 10
634 513 10
634 515 10
634 517 10
634 518 10
634 519 10
634 526 10
634 527 10
634 529 10
634 530 10
634 531 10
634 532 10
634 533 10
634 534 10
634 536 10
634 537 10
634 539 10
634 540 10
634 542 10
634 543 10
634 544 10
634 552 10
634 554 10
634 558 10
634 559 10
634 563 10
634 565 10
634 569 10
634 571 10
634 572 10
634 574 10
634 575 10
634 576 10
634 577 10
634 580 10
634 584 10
634 585 10
634 588 10
634 589 10
634 591 10
634 594 10
634 597 10
634 600 10
634 602 10
634 606 10
634 608 10
634 612 10
634 615 10
634 616 10
634 617 10
634 618 10
634 619 10
634 620 10
634 622 10
634 623 10
634 624 10
634 626 10
634 627 10
634 628 10
634 629 10
634 632 10
634 635 10
634 637 10
634 639 10
634 640 10
634 643 10
634 644 10
634 645 10
634 646 10
634 647 10
634 649 10
634 651 10
634 654 10
634 655 10
634 656 10
634 657 10
634 660 10
634 670 10
634 672 10
634 673 10
634 674 10
634 676 10
634 685 10
634 693 10
634 695 10
634 698 10
634 699 10
634 700 10
634 705 10
634 706 10
634 708 10
634 713 10
634 719 10
634 720 10
634 722 10
634 723 10
634 725 10
634 728 10
634 731 10
634 737 10
634 738 10
634 741 10
634 742 10
634 743 10
634 744 10
634 746 10
634 749 10
634 760 10
634 762 10
635 321 10
635 322 10
635 323 10
635 324 10
635 338 10
635 340 10
635 341 10
635 342 10
635 344 10
635 348 10
635 354 10
635 359 10
635 360 10
635 361 10
635 367 10
635 368 10
635 370 10
635 372 10
635 373 10
635 374 10
635 375 10
635 377 10
635 380 10
635 382 10
635 385 10
635 386 10
635 387 10
635 391 10
635 402 10
635 405 10
635 407 10
635 409 10
635 410 10
635 416 10
635 417 10
635 420 10
635 424 10
635 426 10
635 427 10
635 429 10
635 430 10
635 432 10
635 440 10
635 441 10
635 443 10
635 446 10
635 448 10
635 449 10
635 450 10
635 451 10
635 453 10
635 456 10
635 461 10
635 466 10
635 467 10
635 483 10
635 484 10
635 485 10
635 489 10
635 490 10
635 491 10
635 493 10
635 497 10
635 498 10
635 499 10
635 501 10
635 503 10
635 504 10
635 506 10
635 508 10
635 510 10
635 515 10
635 517 10
635 519 10
635 521 10
635 525 10
635 526 10
635 528 10
635 529 10
635 532 10
635 536 10
635 538 10
635 539 10
635 541 10
635 545 10
635 546 10
635 549 10
635 550 10
635 555 10
635 566 10
635 569 10
635 570 10
635 571 10
635 572 10
635 573 10
635 574 10
635 576 10
635 578 10
635 579 10
635 583 10
635 585 10
635 591 10
635 592 10
635 595 10
635 596 10
635 598 10
635 599 10
635 602 10
635 603 10
635 605 10
635 612 10
635 615 10
635 617 10
635 623 10
635 627 10
635 628 10
635 629 10
635 630 10
635 633 10
635 635 10
635 636 10
635 637 10
635 639 10
635 641 10
635 647 10
635 649 10
635 651 10
635 652 10
635 659 10
635 667 10
635 668 10
635 672 10
635 675 10
635 677 10
635 683 10
635 685 10
635 686 10
635 696 10
635 698 10
635 701 10
635 702 10
635 704 10
635 705 10
635 706 10
635 707 10
635 709 10
635 720 10
635 722 10
635 723 10
635 724 10
635 725 10
635 726 10
635 727 10
635 737 10
635 743 10
635 757 10
636 326 10
636 331 10
636 332 10
636 335 10
636 337 10
636 338 10
636 340 10
636 341 10
636 342 10
636 343 10
636 344 10
636 346 10
636 347 10
636 348 10
636 352 10
636 362 10
636 363 10
636 365 10
636 367 10
636 368 10
636 370 10
636 372 10
636 373 10
636 375 10
636 377 10
636 381 10
636 382 10
636 383 10
636 384 10
636 385 10
636 386 10
636 391 10
636 399 10
636 400 10
636 405 10
636 411 10
636 412 10
636 417 10
636 418 10
636 423 10
636 425 10
636 427 10
636 429 10
636 431 10
636 433 10
636 434 10
636 439 10
636 440 10
636 442 10
636 443 10
636 444 10
636 445 10
636 448 10
636 451 10
636 453 10
636 455 10
636 456 10
636 460 10
636 463 10
636 477 10
636 478 10
636 482 10
636 485 10
636 486 10
636 493 10
636 494 10
636 495 10
636 496 10
636 497 10
636 500 10
636 501 10
636 502 10
636 504 10
636 507 10
636 509 10
636 510 10
636 511 10
636 513 10
636 514 10
636 515 10
636 516 10
636 519 10
636 520 10
636 521 10
636 522 10
636 523 10
636 526 10
636 529 10
636 531 10
636 533 10
636 534 10
636 537 10
636 538 10
636 540 10
636 541 10
636 548 10
636 549 10
636 550 10
636 553 10
636 556 10
636 557 10
636 558 10
636 563 10
636 571 10
636 572 10
636 573 10
636 574 10
636 576 10
636 577 10
636 578 10
636 579 10
636 580 10
636 581 10
636 588 10
636 601 10
636 603 10
636 608 10
636 616 10
636 617 10
636 622 10
636 623 10
636 624 10
636 626 10
636 628 10
636 629 10
636 630 10
636 631 10
636 633 10
636 634 10
636 635 10
636 636 10
636 637 10
636 638 10
636 642 10
636 643 10
636 644 10
636 646 10
636 657 10
636 666 10
636 670 10
636 677 10
636 679 10
636 681 10
636 698 10
636 702 10
636 703 10
636 707 10
636 708 10
636 714 10
636 715 10
636 719 10
636 724 10
636 725 10
636 740 10
636 741 10
636 742 10
636 743 10
636 746 10
636 748 10
637 321 10
637 325 10
637 336 10
637 337 10
637 338 10
637 339 10
637 345 10
637 346 10
637 348 10
637 366 10
637 367 10
637 369 10
637 373 10
637 374 10
637 377 10
637 378 10
637 380 10
637 381 10
637 382 10
637 383 10
637 386 10
637 387 10
637 397 10
637 401 10
637 402 10
637 407 10
637 411 10
637 418 10
637 424 10
637 425 10
637 427 10
637 432 10
637 433 10
637 437 10
637 438 10
637 440 10
637 441 10
637 442 10
637 444 10
637 448 10
637 451 10
637 452 10
637 453 10
637 455 10
637 457 10
637 463 10
637 465 10
637 475 10
637 479 10
637 495 10
637 496 10
637 497 10
637 498 10
637 501 10
637 502 10
637 504 10
637 511 10
637 512 10
637 514 10
637 516 10
637 517 10
637 518 10
637 523 10
637 524 10
637 526 10
637 529 10
637 531 10
637 532 10
637 533 10
637 539 10
637 540 10
637 541 10
637 543 10
637 544 10
637 545 10
637 546 10
637 547 10
637 558 10
637 559 10
637 560 10
637 561 10
637 566 10
637 568 10
637 570 10
637 571 10
637 574 10
637 575 10
637 576 10
637 578 10
637 579 10
637 580 10
637 582 10
637 584 10
637 585 10
637 586 10
637 593 10
637 596 10
637 605 10
637 606 10
637 613 10
637 619 10
637 621 10
637 623 10
637 625 10
637 626 10
637 628 10
637 630 10
637 633 10
637 636 10
637 637 10
637 638 10
637 639 10
637 646 10
637 649 10
637 652 10
637 653 10
637 655 10
637 657 10
637 658 10
637 660 10
637 664 10
637 666 10
637 667 10
637 669 10
637 670 10
637 672 10
637 676 10
637 679 10
637 681 10
637 695 10
637 696 10
637 697 10
637 698 10
637 700 10
637 701 10
637 704 10
637 705 10
637 706 10
637 708 10
637 710 10
637 712 10
637 717 10
637 719 10
637 722 10
637 726 10
637 736 10
637 737 10
637 739 10
637 743 10
637 744 10
637 757 10
637 760 10
638 315 10
638 316 10
638 332 10
638 340 10
638 343 10
638 344 10
638 345 10
638 367 10
638 370 10
638 373 10
638 374 10
638 375 10
638 376 10
638 378 10
638 381 10
638 382 10
638 383 10
638 384 10
638 385 10
638 394 10
638 400 10
638 402 10
638 405 10
638 406 10
638 407 10
638 408 10
638 410 10
638 414 10
638 417 10
638 418 10
638 420 10
638 421 10
638 423 10
638 424 10
638 426 10
638 427 10
638 428 10
638 433 10
638 435 10
638 436 10
638 440 10
638 442 10
638 443 10
638 444 10
638 445 10
638 446 10
638 447 10
638 449 10
638 453 10
638 464 10
638 468 10
638 476 10
638 481 10
638 487 10
638 493 10
638 497 10
638 498 10
638 499 10
638 500 10
638 501 10
638 504 10
638 505 10
638 511 10
638 512 10
638 513 10
638 514 10
638 515 10
638 516 10
638 517 10
638 518 10
638 521 10
638 522 10
638 527 10
638 529 10
638 532 10
638 533 10
638 536 10
638 538 10
638 539 10
638 542 10
638 546 10
638 548 10
638 550 10
638 552 10
638 557 10
638 558 10
638 559 10
638 560 10
638 563 10
638 567 10
638 569 10
638 570 10
638 571 10
638 572 10
638 573 10
638 574 10
638 576 10
638 580 10
638 583 10
638 592 10
638 599 10
638 600 10
638 603 10
638 611 10
638 614 10
638 615 10
638 619 10
638 623 10
638 634 10
638 638 10
638 640 10
638 643 10
638 644 10
638 650 10
638 652 10
638 655 10
638 656 10
638 664 10
638 666 10
638 667 10
638 668 10
638 670 10
638 671 10
638 679 10
638 681 10
638 692 10
638 698 10
638 699 10
638 702 10
638 703 10
638 704 10
638 706 10
638 707 10
638 709 10
638 710 10
638 711 10
638 712 10
638 714 10
638 715 10
638 717 10
638 719 10
638 720 10
638 723 10
638 724 10
638 725 10
638 726 10
638 728 10
638 735 10
638 742 10
639 314 10
639 337 10
639 342 10
639 345 10
639 346 10
639 348 10
639 353 10
639 356 10
639 357 10
639 359 10
639 368 10
639 370 10
639 372 10
639 373 10
639 374 10
639 375 10
639 376 10
639 379 10
639 381 10
639 384 10
639 402 10
639 404 10
639 410 10
639 415 10
639 420 10
639 425 10
639 426 10
639 431 10
639 435 10
639 437 10
639 439 10
639 440 10
639 442 10
639 443 10
639 444 10
639 446 10
639 448 10
639 449 10
639 451 10
639 463 10
639 464 10
639 481 10
639 485 10
639 494 10
639 496 10
639 497 10
639 500 10
639 502 10
639 513 10
639 514 10
639 515 10
639 517 10
639 518 10
639 520 10
639 521 10
639 522 10
639 523 10
639 524 10
639 525 10
639 526 10
639 527 10
639 528 10
639 530 10
639 532 10
639 534 10
639 535 10
639 538 10
639 539 10
639 541 10
639 548 10
639 550 10
639 551 10
639 553 10
639 554 10
639 557 10
639 558 10
639 560 10
639 561 10
639 562 10
639 565 10
639 571 10
639 572 10
639 573 10
639 574 10
639 575 10
639 576 10
639 577 10
639 578 10
639 579 10
639 580 10
639 582 10
639 583 10
639 584 10
639 585 10
639 586 10
639 599 10
639 602 10
639 609 10
639 611 10
639 620 10
639 622 10
639 625 10
639 626 10
639 628 10
639 631 10
639 632 10
639 635 10
639 637 10
639 638 10
639 639 10
639 641 10
639 651 10
639 652 10
639 654 10
639 657 10
639 658 10
639 661 10
639 663 10
639 664 10
639 665 10
639 666 10
639 667 10
639 671 10
639 674 10
639 675 10
639 676 10
639 677 10
639 678 10
639 680 10
639 682 10
639 686 10
639 691 10
639 698 10
639 699 10
639 701 10
639 702 10
639 706 10
639 707 10
639 708 10
639 709 10
639 710 10
639 711 10
639 713 10
639 719 10
639 720 10
639 723 10
639 724 10
639 734 10
639 735 10
639 737 10
639 739 10
639 740 10
639 741 10
639 743 10
639 751 10
639 764 10
640 328 10
640 340 10
640 344 10
640 346 10
640 349 10
640 350 10
640 351 10
640 357 10
640 358 10
640 363 10
640 369 10
640 371 10
640 372 10
640 373 10
640 374 10
640 376 10
640 377 10
640 387 10
640 393 10
640 395 10
640 398 10
640 399 10
640 400 10
640 401 10
640 402 10
640 403 10
640 404 10
640 405 10
640 407 10
640 408 10
640 411 10
640 417 10
640 419 10
640 422 10
640 423 10
640 424 10
640 425 10
640 427 10
640 428 10
640 433 10
640 434 10
640 438 10
640 440 10
640 443 10
640 445 10
640 446 10
640 451 10
640 453 10
640 458 10
640 460 10
640 465 10
640 467 10
640 470 10
640 472 10
640 475 10
640 483 10
640 490 10
640 491 10
640 501 10
640 502 10
640 503 10
640 504 10
640 508 10
640 511 10
640 513 10
640 514 10
640 515 10
640 516 10
640 518 10
640 519 10
640 520 10
640 522 10
640 524 10
640 525 10
640 526 10
640 532 10
640 533 10
640 537 10
640 538 10
640 545 10
640 546 10
640 549 10
640 553 10
640 554 10
640 559 10
640 567 10
640 568 10
640 570 10
640 571 10
640 572 10
640 573 10
640 574 10
640 575 10
640 576 10
640 577 10
640 580 10
640 581 10
640 592 10
640 600 10
640 602 10
640 603 10
640 605 10
640 609 10
640 613 10
640 614 10
640 620 10
640 622 10
640 624 10
640 625 10
640 626 10
640 627 10
640 628 10
640 633 10
640 636 10
640 637 10
640 643 10
640 644 10
640 650 10
640 652 10
640 653 10
640 654 10
640 655 10
640 656 10
640 658 10
640 659 10
640 660 10
640 661 10
640 662 10
640 663 10
640 665 10
640 666 10
640 667 10
640 670 10
640 672 10
640 674 10
640 679 10
640 682 10
640 683 10
640 689 10
640 697 10
640 701 10
640 703 10
640 705 10
640 707 10
640 708 10
640 709 10
640 710 10
640 711 10
640 712 10
640 713 10
640 722 10
640 723 10
640 737 10
640 740 10
640 744 10
640 745 10
640 748 10
641 310 10
641 311 10
641 338 10
641 341 10
641 343 10
641 344 10
641 345 10
641 347 10
641 349 10
641 356 10
641 357 10
641 363 10
641 368 10
641 369 10
641 370 10
641 372 10
641 374 10
641 376 10
641 377 10
641 378 10
641 379 10
641 380 10
641 386 10
641 388 10
641 392 10
641 393 10
641 395 10
641 401 10
641 410 10
641 417 10
641 419 10
641 421 10
641 422 10
641 423 10
641 424 10
641 425 10
641 427 10
641 433 10
641 434 10
641 437 10
641 439 10
641 440 10
641 442 10
641 444 10
641 445 10
641 450 10
641 453 10
641 456 10
641 461 10
641 466 10
641 467 10
641 468 10
641 470 10
641 471 10
641 478 10
641 483 10
641 494 10
641 496 10
641 497 10
641 498 10
641 507 10
641 508 10
641 510 10
641 513 10
641 514 10
641 515 10
641 516 10
641 517 10
641 518 10
641 519 10
641 520 10
641 522 10
641 524 10
641 526 10
641 531 10
641 533 10
641 535 10
641 536 10
641 542 10
641 543 10
641 551 10
641 553 10
641 555 10
641 557 10
641 561 10
641 565 10
641 567 10
641 568 10
641 570 10
641 573 10
641 576 10
641 577 10
641 580 10
641 582 10
641 585 10
641 588 10
641 599 10
641 602 10
641 604 10
641 605 10
641 606 10
641 618 10
641 619 10
641 621 10
641 624 10
641 625 10
641 627 10
641 630 10
641 632 10
641 633 10
641 635 10
641 636 10
641 638 10
641 644 10
641 650 10
641 652 10
641 653 10
641 654 10
641 655 10
641 656 10
641 657 10
641 658 10
641 659 10
641 660 10
641 661 10
641 664 10
641 667 10
641 674 10
641 675 10
641 676 10
641 682 10
641 684 10
641 686 10
641 696 10
641 699 10
641 700 10
641 704 10
641 705 10
641 708 10
641 709 10
641 711 10
641 713 10
641 715 10
641 716 10
641 733 10
641 735 10
641 738 10
641 741 10
641 742 10
641 744 10
641 745 10
641 748 10
641 749 10
641 750 10
641 751 10
642 308 10
642 311 10
642 313 10
642 332 10
642 336 10
642 339 10
642 341 10
642 343 10
642 344 10
642 355 10
642 356 10
642 361 10
642 367 10
642 370 10
642 373 10
642 374 10
642 377 10
642 378 10
642 379 10
642 381 10
642 383 10
642 387 10
642 389 10
642 393 10
642 398 10
642 400 10
642 401 10
642 403 10
642 409 10
642 419 10
642 420 10
642 422 10
642 423 10
642 424 10
642 427 10
642 428 10
642 433 10
642 434 10
642 435 10
642 436 10
642 437 10
642 438 10
642 440 10
642 441 10
642 442 10
642 444 10
642 449 10
642 451 10
642 454 10
642 456 10
642 458 10
642 462 10
642 470 10
642 471 10
642 481 10
642 486 10
642 498 10
642 499 10
642 502 10
642 509 10
642 510 10
642 513 10
642 514 10
642 517 10
642 518 10
642 519 10
642 520 10
642 522 10
642 523 10
642 524 10
642 525 10
642 526 10
642 527 10
642 531 10
642 537 10
642 538 10
642 542 10
642 549 10
642 550 10
642 551 10
642 552 10
642 553 10
642 555 10
642 557 10
642 558 10
642 560 10
642 561 10
642 565 10
642 567 10
642 568 10
642 570 10
642 571 10
642 572 10
642 573 10
642 574 10
642 575 10
642 577 10
642 578 10
642 580 10
642 582 10
642 583 10
642 586 10
642 588 10
642 590 10
642 597 10
642 599 10
642 601 10
642 603 10
642 607 10
642 608 10
642 609 10
642 622 10
642 623 10
642 624 10
642 625 10
642 626 10
642 631 10
642 632 10
642 633 10
642 634 10
642 635 10
642 636 10
642 638 10
642 640 10
642 645 10
642 650 10
642 652 10
642 654 10
642 656 10
642 657 10
642 658 10
642 660 10
642 662 10
642 663 10
642 664 10
642 667 10
642 669 10
642 670 10
642 677 10
642 679 10
642 680 10
642 682 10
642 683 10
642 684 10
642 685 10
642 687 10
642 689 10
642 690 10
642 698 10
642 700 10
642 701 10
642 702 10
642 704 10
642 706 10
642 708 10
642 710 10
642 711 10
642 713 10
642 714 10
642 716 10
642 717 10
642 721 10
642 722 10
642 733 10
642 738 10
642 742 10
642 750 10
642 751 10
642 752 10
642 753 10
642 755 10
643 312 10
643 334 10
643 338 10
643 339 10
643 346 10
643 347 10
643 348 10
643 349 10
643 350 10
643 351 10
643 352 10
643 355 10
643 357 10
643 363 10
643 365 10
643 368 10
643 369 10
643 370 10
643 372 10
643 373 10
643 374 10
643 375 10
643 377 10
643 378 10
643 379 10
643 380 10
643 384 10
643 385 10
643 386 10
643 387 10
643 395 10
643 397 10
643 400 10
643 401 10
643 402 10
643 405 10
643 410 10
643 411 10
643 414 10
643 416 10
643 418 10
643 422 10
643 424 10
643 425 10
643 426 10
643 428 10
643 434 10
643 438 10
643 442 10
643 444 10
643 446 10
643 447 10
643 452 10
643 455 10
643 461 10
643 464 10
643 465 10
643 466 10
643 467 10
643 476 10
643 495 10
643 496 10
643 499 10
643 508 10
643 511 10
643 512 10
643 513 10
643 514 10
643 515 10
643 517 10
643 518 10
643 523 10
643 524 10
643 525 10
643 527 10
643 529 10
643 530 10
643 532 10
643 536 10
643 537 10
643 539 10
643 540 10
643 542 10
643 544 10
643 545 10
643 554 10
643 556 10
643 558 10
643 563 10
643 564 10
643 568 10
643 571 10
643 574 10
643 576 10
643 577 10
643 585 10
643 589 10
643 598 10
643 603 10
643 605 10
643 606 10
643 608 10
643 619 10
643 622 10
643 624 10
643 625 10
643 627 10
643 628 10
643 631 10
643 634 10
643 636 10
643 637 10
643 638 10
643 639 10
643 640 10
643 647 10
643 651 10
643 652 10
643 654 10
643 655 10
643 657 10
643 659 10
643 660 10
643 663 10
643 666 10
643 677 10
643 678 10
643 681 10
643 682 10
643 683 10
643 685 10
643 686 10
643 697 10
643 701 10
643 702 10
643 704 10
643 705 10
643 708 10
643 709 10
643 710 10
643 711 10
643 712 10
643 713 10
643 716 10
643 733 10
643 735 10
643 736 10
643 738 10
643 739 10
643 742 10
643 743 10
643 746 10
643 747 10
643 748 10
643 749 10
643 752 10
643 753 10
643 754 10
644 313 10
644 333 10
644 337 10
644 338 10
644 339 10
644 342 10
644 344 10
644 345 10
644 347 10
644 351 10
644 353 10
644 358 10
644 359 10
644 362 10
644 366 10
644 370 10
644 373 10
644 374 10
644 376 10
644 378 10
644 379 10
644 380 10
644 381 10
644 382 10
644 383 10
644 387 10
644 388 10
644 389 10
644 390 10
644 397 10
644 398 10
644 400 10
644 402 10
644 403 10
644 407 10
644 409 10
644 414 10
644 416 10
644 423 10
644 424 10
644 425 10
644 426 10
644 427 10
644 428 10
644 429 10
644 431 10
644 436 10
644 438 10
644 442 10
644 443 10
644 444 10
644 449 10
644 453 10
644 455 10
644 459 10
644 460 10
644 462 10
644 465 10
644 470 10
644 480 10
644 481 10
644 496 10
644 499 10
644 503 10
644 507 10
644 509 10
644 510 10
644 512 10
644 515 10
644 516 10
644 517 10
644 518 10
644 520 10
644 522 10
644 523 10
644 526 10
644 527 10
644 528 10
644 532 10
644 535 10
644 536 10
644 537 10
644 538 10
644 541 10
644 549 10
644 550 10
644 551 10
644 554 10
644 557 10
644 563 10
644 564 10
644 567 10
644 572 10
644 573 10
644 574 10
644 578 10
644 585 10
644 587 10
644 596 10
644 600 10
644 603 10
644 604 10
644 605 10
644 606 10
644 607 10
644 609 10
644 611 10
644 612 10
644 613 10
644 618 10
644 619 10
644 621 10
644 622 10
644 625 10
644 626 10
644 634 10
644 635 10
644 636 10
644 638 10
644 640 10
644 649 10
644 652 10
644 654 10
644 658 10
644 659 10
644 661 10
644 667 10
644 669 10
644 671 10
644 679 10
644 680 10
644 683 10
644 684 10
644 685 10
644 688 10
644 694 10
644 697 10
644 698 10
644 699 10
644 700 10
644 703 10
644 704 10
644 705 10
644 706 10
644 707 10
644 708 10
644 709 10
644 712 10
644 715 10
644 717 10
644 734 10
644 735 10
644 738 10
644 741 10
644 747 10
644 749 10
644 750 10
644 751 10
644 752 10
644 753 10
644 754 10
644 756 10
645 311 10
645 313 10
645 336 10
645 339 10
645 343 10
645 346 10
645 347 10
645 348 10
645 351 10
645 352 10
645 353 10
645 354 10
645 355 10
645 356 10
645 357 10
645 358 10
645 366 10
645 372 10
645 374 10
645 375 10
645 376 10
645 378 10
645 379 10
645 380 10
645 381 10
645 383 10
645 384 10
645 396 10
645 397 10
645 400 10
645 403 10
645 404 10
645 409 10
645 410 10
645 412 10
645 413 10
645 415 10
645 416 10
645 421 10
645 423 10
645 426 10
645 427 10
645 429 10
645 430 10
645 434 10
645 437 10
645 438 10
645 439 10
645 444 10
645 446 10
645 447 10
645 448 10
645 449 10
645 450 10
645 454 10
645 456 10
645 458 10
645 461 10
645 465 10
645 466 10
645 468 10
645 469 10
645 472 10
645 476 10
645 477 10
645 481 10
645 482 10
645 483 10
645 496 10
645 501 10
645 503 10
645 506 10
645 511 10
645 513 10
645 514 10
645 515 10
645 516 10
645 518 10
645 519 10
645 521 10
645 522 10
645 523 10
645 525 10
645 526 10
645 529 10
645 530 10
645 531 10
645 534 10
645 535 10
645 536 10
645 537 10
645 542 10
645 543 10
645 546 10
645 550 10
645 552 10
645 553 10
645 557 10
645 561 10
645 566 10
645 570 10
645 571 10
645 575 10
645 576 10
645 586 10
645 598 10
645 600 10
645 601 10
645 602 10
645 603 10
645 609 10
645 610 10
645 611 10
645 616 10
645 618 10
645 619 10
645 620 10
645 624 10
645 625 10
645 631 10
645 634 10
645 637 10
645 638 10
645 639 10
645 648 10
645 652 10
645 656 10
645 660 10
645 662 10
645 665 10
645 682 10
645 683 10
645 684 10
645 685 10
645 689 10
645 690 10
645 692 10
645 695 10
645 696 10
645 697 10
645 700 10
645 701 10
645 703 10
645 704 10
645 705 10
645 706 10
645 710 10
645 711 10
645 714 10
645 732 10
645 735 10
645 738 10
645 740 10
645 744 10
645 747 10
645 748 10
645 749 10
645 750 10
645 751 10
645 752 10
645 753 10
645 756 10
645 763 10
646 310 10
646 337 10
646 338 10
646 342 10
646 345 10
646 346 10
646 353 10
646 354 10
646 359 10
646 363 10
646 365 10
646 375 10
646 376 10
646 378 10
646 379 10
646 381 10
646 386 10
646 388 10
646 389 10
646 390 10
646 396 10
646 397 10
646 398 10
646 400 10
646 403 10
646 404 10
646 405 10
646 406 10
646 408 10
646 411 10
646 415 10
646 421 10
646 426 10
646 431 10
646 436 10
646 444 10
646 445 10
646 446 10
646 448 10
646 451 10
646 456 10
646 457 10
646 458 10
646 459 10
646 461 10
646 463 10
646 464 10
646 466 10
646 476 10
646 477 10
646 480 10
646 497 10
646 501 10
646 504 10
646 505 10
646 507 10
646 508 10
646 512 10
646 513 10
646 514 10
646 516 10
646 517 10
646 519 10
646 521 10
646 522 10
646 524 10
646 525 10
646 528 10
646 529 10
646 531 10
646 536 10
646 537 10
646 538 10
646 541 10
646 543 10
646 547 10
646 549 10
646 550 10
646 551 10
646 557 10
646 560 10
646 563 10
646 567 10
646 569 10
646 570 10
646 577 10
646 579 10
646 580 10
646 582 10
646 584 10
646 600 10
646 604 10
646 605 10
646 606 10
646 609 10
646 610 10
646 611 10
646 613 10
646 614 10
646 615 10
646 618 10
646 620 10
646 626 10
646 628 10
646 631 10
646 632 10
646 633 10
646 634 10
646 636 10
646 640 10
646 641 10
646 642 10
646 647 10
646 649 10
646 653 10
646 655 10
646 656 10
646 658 10
646 660 10
646 662 10
646 663 10
646 673 10
646 674 10
646 677 10
646 680 10
646 684 10
646 685 10
646 686 10
646 692 10
646 694 10
646 695 10
646 699 10
646 700 10
646 702 10
646 703 10
646 705 10
646 706 10
646 709 10
646 711 10
646 714 10
646 732 10
646 737 10
646 738 10
646 739 10
646 740 10
646 744 10
646 745 10
646 749 10
646 750 10
646 751 10
646 752 10
646 753 10
646 754 10
647 313 10
647 350 10
647 351 10
647 352 10
647 353 10
647 355 10
647 360 10
647 361 10
647 365 10
647 374 10
647 379 10
647 381 10
647 386 10
647 388 10
647 393 10
647 394 10
647 395 10
647 397 10
647 398 10
647 399 10
647 400 10
647 402 10
647 403 10
647 404 10
647 405 10
647 407 10
647 408 10
647 409 10
647 413 10
647 414 10
647 415 10
647 418 10
647 421 10
647 425 10
647 435 10
647 437 10
647 445 10
647 448 10
647 452 10
647 455 10
647 456 10
647 457 10
647 458 10
647 460 10
647 461 10
647 467 10
647 469 10
647 472 10
647 473 10
647 474 10
647 479 10
647 482 10
647 484 10
647 486 10
647 496 10
647 498 10
647 501 10
647 502 10
647 503 10
647 504 10
647 505 10
647 513 10
647 514 10
647 515 10
647 516 10
647 517 10
647 524 10
647 527 10
647 529 10
647 531 10
647 532 10
647 533 10
647 536 10
647 537 10
647 538 10
647 550 10
647 551 10
647 561 10
647 564 10
647 567 10
647 571 10
647 572 10
647 576 10
647 585 10
647 586 10
647 587 10
647 601 10
647 605 10
647 607 10
647 608 10
647 609 10
647 610 10
647 611 10
647 613 10
647 617 10
647 620 10
647 623 10
647 625 10
647 626 10
647 627 10
647 628 10
647 631 10
647 632 10
647 635 10
647 638 10
647 639 10
647 640 10
647 645 10
647 646 10
647 647 10
647 652 10
647 661 10
647 662 10
647 671 10
647 682 10
647 683 10
647 685 10
647 687 10
647 688 10
647 692 10
647 695 10
647 697 10
647 698 10
647 703 10
647 704 10
647 706 10
647 708 10
647 709 10
647 735 10
647 736 10
647 741 10
647 745 10
647 746 10
647 747 10
647 748 10
647 749 10
647 750 10
647 751 10
647 753 10
647 758 10
647 760 10
648 313 10
648 335 10
648 348 10
648 351 10
648 354 10
648 356 10
648 357 10
648 361 10
648 363 10
648 368 10
648 376 10
648 377 10
648 378 10
648 380 10
648 384 10
648 386 10
648 387 10
648 390 10
648 391 10
648 392 10
648 394 10
648 397 10
648 399 10
648 403 10
648 406 10
648 408 10
648 409 10
648 411 10
648 412 10
648 413 10
648 415 10
648 416 10
648 417 10
648 418 10
648 421 10
648 442 10
648 444 10
648 446 10
648 447 10
648 448 10
648 449 10
648 450 10
648 452 10
648 453 10
648 455 10
648 456 10
648 459 10
648 460 10
648 461 10
648 462 10
648 463 10
648 464 10
648 465 10
648 467 10
648 471 10
648 479 10
648 480 10
648 481 10
648 482 10
648 487 10
648 490 10
648 492 10
648 499 10
648 500 10
648 503 10
648 504 10
648 505 10
648 506 10
648 510 10
648 513 10
648 514 10
648 515 10
648 516 10
648 517 10
648 519 10
648 521 10
648 522 10
648 524 10
648 526 10
648 531 10
648 533 10
648 534 10
648 536 10
648 547 10
648 550 10
648 552 10
648 553 10
648 565 10
648 566 10
648 567 10
648 568 10
648 569 10
648 571 10
648 578 10
648 581 10
648 582 10
648 584 10
648 588 10
648 589 10
648 595 10
648 597 10
648 603 10
648 607 10
648 608 10
648 610 10
648 611 10
648 612 10
648 613 10
648 615 10
648 618 10
648 620 10
648 628 10
648 630 10
648 631 10
648 634 10
648 637 10
648 638 10
648 642 10
648 648 10
648 656 10
648 658 10
648 659 10
648 660 10
648 661 10
648 662 10
648 663 10
648 664 10
648 668 10
648 681 10
648 682 10
648 683 10
648 684 10
648 686 10
648 687 10
648 688 10
648 691 10
648 692 10
648 694 10
648 696 10
648 697 10
648 699 10
648 706 10
648 708 10
648 735 10
648 736 10
648 738 10
648 743 10
648 744 10
648 745 10
648 746 10
648 747 10
648 748 10
648 749 10
648 750 10
648 752 10
648 753 10
648 754 10
648 755 10
648 765 10
648 769 10
649 315 10
649 335 10
649 338 10
649 341 10
649 342 10
649 347 10
649 349 10
649 352 10
649 353 10
649 359 10
649 361 10
649 367 10
649 369 10
649 375 10
649 378 10
649 380 10
649 382 10
649 386 10
649 388 10
649 389 10
649 392 10
649 393 10
649 394 10
649 395 10
649 397 10
649 402 10
649 404 10
649 409 10
649 413 10
649 415 10
649 417 10
649 420 10
649 421 10
649 423 10
649 424 10
649 438 10
649 441 10
649 443 10
649 448 10
649 450 10
649 451 10
649 452 10
649 453 10
649 454 10
649 455 10
649 456 10
649 457 10
649 458 10
649 460 10
649 464 10
649 465 10
649 467 10
649 473 10
649 475 10
649 476 10
649 478 10
649 479 10
649 482 10
649 484 10
649 489 10
649 501 10
649 503 10
649 507 10
649 511 10
649 514 10
649 515 10
649 516 10
649 519 10
649 521 10
649 523 10
649 526 10
649 529 10
649 530 10
649 533 10
649 534 10
649 537 10
649 543 10
649 545 10
649 559 10
649 568 10
649 571 10
649 572 10
649 574 10
649 581 10
649 584 10
649 590 10
649 603 10
649 605 10
649 607 10
649 608 10
649 609 10
649 612 10
649 616 10
649 619 10
649 620 10
649 621 10
649 623 10
649 626 10
649 629 10
649 630 10
649 631 10
649 634 10
649 636 10
649 637 10
649 638 10
649 640 10
649 644 10
649 647 10
649 648 10
649 657 10
649 658 10
649 659 10
649 660 10
649 661 10
649 663 10
649 664 10
649 667 10
649 671 10
649 678 10
649 681 10
649 682 10
649 684 10
649 685 10
649 687 10
649 695 10
649 696 10
649 697 10
649 699 10
649 700 10
649 701 10
649 702 10
649 710 10
649 711 10
649 727 10
649 734 10
649 744 10
649 745 10
649 746 10
649 747 10
649 748 10
649 749 10
649 750 10
649 752 10
649 754 10
649 755 10
649 758 10
649 759 10
649 760 10
650 317 10
650 343 10
650 351 10
650 352 10
650 354 10
650 355 10
650 358 10
650 359 10
650 361 10
650 363 10
650 365 10
650 369 10
650 372 10
650 373 10
650 375 10
650 376 10
650 377 10
650 381 10
650 383 10
650 384 10
650 388 10
650 389 10
650 394 10
650 396 10
650 399 10
650 400 10
650 401 10
650 403 10
650 406 10
650 407 10
650 408 10
650 409 10
650 413 10
650 416 10
650 417 10
650 418 10
650 422 10
650 447 10
650 453 10
650 456 10
650 457 10
650 458 10
650 459 10
650 461 10
650 463 10
650 465 10
650 473 10
650 475 10
650 476 10
650 478 10
650 481 10
650 483 10
650 484 10
650 485 10
650 488 10
650 489 10
650 498 10
650 500 10
650 502 10
650 504 10
650 505 10
650 506 10
650 509 10
650 511 10
650 514 10
650 515 10
650 516 10
650 517 10
650 524 10
650 527 10
650 529 10
650 532 10
650 537 10
650 539 10
650 547 10
650 548 10
650 549 10
650 550 10
650 551 10
650 566 10
650 570 10
650 571 10
650 579 10
650 581 10
650 582 10
650 583 10
650 585 10
650 587 10
650 588 10
650 590 10
650 598 10
650 599 10
650 601 10
650 602 10
650 604 10
650 605 10
650 609 10
650 610 10
650 611 10
650 613 10
650 616 10
650 618 10
650 624 10
650 626 10
650 627 10
650 629 10
650 631 10
650 632 10
650 637 10
650 638 10
650 639 10
650 640 10
650 642 10
650 643 10
650 647 10
650 653 10
650 656 10
650 657 10
650 659 10
650 660 10
650 661 10
650 663 10
650 665 10
650 666 10
650 667 10
650 669 10
650 673 10
650 681 10
650 684 10
650 687 10
650 688 10
650 692 10
650 693 10
650 696 10
650 697 10
650 699 10
650 702 10
650 708 10
650 729 10
650 732 10
650 733 10
650 734 10
650 735 10
650 736 10
650 738 10
650 745 10
650 746 10
650 747 10
650 748 10
650 749 10
650 750 10
650 751 10
650 752 10
650 753 10
650 754 10
650 755 10
650 756 10
650 765 10
650 767 10
650 768 10
651 335 10
651 336 10
651 339 10
651 343 10
651 344 10
651 345 10
651 348 10
651 351 10
651 352 10
651 353 10
651 355 10
651 357 10
651 358 10
651 360 10
651 361 10
651 362 10
651 363 10
651 364 10
651 365 10
651 367 10
651 371 10
651 374 10
651 378 10
651 379 10
651 382 10
651 388 10
651 389 10
651 390 10
651 393 10
651 395 10
651 396 10
651 399 10
651 400 10
651 401 10
651 402 10
651 403 10
651 404 10
651 405 10
651 407 10
651 409 10
651 410 10
651 411 10
651 413 10
651 415 10
651 420 10
651 425 10
651 436 10
651 451 10
651 452 10
651 454 10
651 455 10
651 456 10
651 457 10
651 459 10
651 460 10
651 461 10
651 462 10
651 466 10
651 467 10
651 469 10
651 472 10
651 473 10
651 475 10
651 476 10
651 478 10
651 481 10
651 482 10
651 483 10
651 484 10
651 485 10
651 488 10
651 491 10
651 499 10
651 502 10
651 504 10
651 506 10
651 508 10
651 509 10
651 512 10
651 513 10
651 514 10
651 517 10
651 518 10
651 519 10
651 524 10
651 527 10
651 532 10
651 534 10
651 537 10
651 539 10
651 541 10
651 544 10
651 545 10
651 548 10
651 550 10
651 552 10
651 559 10
651 561 10
651 562 10
651 568 10
651 569 10
651 578 10
651 579 10
651 581 10
651 582 10
651 585 10
651 589 10
651 591 10
651 592 10
651 601 10
651 607 10
651 608 10
651 609 10
651 617 10
651 620 10
651 622 10
651 624 10
651 625 10
651 627 10
651 629 10
651 630 10
651 639 10
651 643 10
651 645 10
651 649 10
651 650 10
651 651 10
651 655 10
651 656 10
651 658 10
651 659 10
651 660 10
651 661 10
651 662 10
651 663 10
651 664 10
651 666 10
651 667 10
651 669 10
651 670 10
651 672 10
651 673 10
651 677 10
651 684 10
651 687 10
651 691 10
651 694 10
651 695 10
651 698 10
651 699 10
651 700 10
651 701 10
651 702 10
651 703 10
651 704 10
651 705 10
651 708 10
651 710 10
651 711 10
651 717 10
651 731 10
651 733 10
651 734 10
651 735 10
651 739 10
651 740 10
651 743 10
651 745 10
651 746 10
651 747 10
651 748 10
651 749 10
651 750 10
651 751 10
651 752 10
651 753 10
651 754 10
651 755 10
651 756 10
651 757 10
651 762 10
651 764 10
651 767 10
652 323 10
652 335 10
652 341 10
652 343 10
652 345 10
652 347 10
652 353 10
652 355 10
652 356 10
652 359 10
652 360 10
652 361 10
652 363 10
652 369 10
652 374 10
652 379 10
652 383 10
652 385 10
652 386 10
652 389 10
652 392 10
652 393 10
652 395 10
652 397 10
652 398 10
652 399 10
652 400 10
652 401 10
652 402 10
652 403 10
652 404 10
652 405 10
652 407 10
652 408 10
652 409 10
652 410 10
652 412 10
652 413 10
652 417 10
652 420 10
652 421 10
652 422 10
652 426 10
652 427 10
652 447 10
652 449 10
652 450 10
652 451 10
652 452 10
652 453 10
652 457 10
652 458 10
652 459 10
652 460 10
652 462 10
652 463 10
652 466 10
652 473 10
652 477 10
652 478 10
652 480 10
652 481 10
652 483 10
652 491 10
652 499 10
652 503 10
652 508 10
652 510 10
652 511 10
652 514 10
652 515 10
652 518 10
652 524 10
652 527 10
652 530 10
652 531 10
652 533 10
652 534 10
652 537 10
652 538 10
652 541 10
652 543 10
652 547 10
652 548 10
652 549 10
652 553 10
652 561 10
652 566 10
652 568 10
652 578 10
652 579 10
652 580 10
652 582 10
652 583 10
652 590 10
652 592 10
652 601 10
652 605 10
652 608 10
652 609 10
652 610 10
652 612 10
652 616 10
652 622 10
652 626 10
652 627 10
652 628 10
652 629 10
652 634 10
652 636 10
652 639 10
652 640 10
652 641 10
652 644 10
652 645 10
652 654 10
652 656 10
652 658 10
652 659 10
652 660 10
652 661 10
652 662 10
652 663 10
652 664 10
652 667 10
652 668 10
652 669 10
652 670 10
652 671 10
652 673 10
652 675 10
652 677 10
652 678 10
652 679 10
652 684 10
652 686 10
652 687 10
652 689 10
652 699 10
652 703 10
652 704 10
652 707 10
652 708 10
652 709 10
652 710 10
652 714 10
652 717 10
652 727 10
652 733 10
652 735 10
652 736 10
652 738 10
652 739 10
652 740 10
652 741 10
652 742 10
652 743 10
652 744 10
652 745 10
652 746 10
652 747 10
652 748 10
652 749 10
652 751 10
652 752 10
652 753 10
652 754 10
652 755 10
652 756 10
652 763 10
652 764 10
652 767 10
652 768 10
652 772 10
652 775 10
653 341 10
653 343 10
653 346 10
653 351 10
653 354 10
653 355 10
653 359 10
653 360 10
653 363 10
653 365 10
653 368 10
653 374 10
653 375 10
653 377 10
653 379 10
653 384 10
653 385 10
653 387 10
653 394 10
653 396 10
653 399 10
653 401 10
653 403 10
653 404 10
653 406 10
653 407 10
653 411 10
653 413 10
653 415 10
653 416 10
653 417 10
653 418 10
653 419 10
653 420 10
653 422 10
653 432 10
653 433 10
653 435 10
653 445 10
653 448 10
653 449 10
653 450 10
653 451 10
653 452 10
653 453 10
653 454 10
653 456 10
653 458 10
653 460 10
653 461 10
653 470 10
653 473 10
653 474 10
653 475 10
653 477 10
653 478 10
653 480 10
653 481 10
653 483 10
653 485 10
653 487 10
653 488 10
653 489 10
653 491 10
653 502 10
653 505 10
653 508 10
653 513 10
653 515 10
653 517 10
653 519 10
653 524 10
653 527 10
653 529 10
653 530 10
653 531 10
653 532 10
653 533 10
653 534 10
653 535 10
653 544 10
653 551 10
653 559 10
653 561 10
653 563 10
653 564 10
653 567 10
653 569 10
653 576 10
653 581 10
653 582 10
653 583 10
653 584 10
653 585 10
653 601 10
653 602 10
653 603 10
653 605 10
653 606 10
653 608 10
653 610 10
653 614 10
653 615 10
653 617 10
653 621 10
653 622 10
653 624 10
653 626 10
653 629 10
653 630 10
653 632 10
653 634 10
653 635 10
653 636 10
653 638 10
653 639 10
653 644 10
653 647 10
653 648 10
653 649 10
653 650 10
653 656 10
653 657 10
653 658 10
653 659 10
653 661 10
653 662 10
653 663 10
653 665 10
653 668 10
653 673 10
653 675 10
653 682 10
653 694 10
653 695 10
653 696 10
653 697 10
653 699 10
653 701 10
653 711 10
653 717 10
653 724 10
653 728 10
653 730 10
653 731 10
653 733 10
653 742 10
653 743 10
653 744 10
653 745 10
653 746 10
653 747 10
653 748 10
653 749 10
653 750 10
653 752 10
653 753 10
653 754 10
653 756 10
653 759 10
653 761 10
653 763 10
653 764 10
653 767 10
653 771 10
654 312 10
654 326 10
654 327 10
654 337 10
654 338 10
654 340 10
654 341 10
654 342 10
654 345 10
654 347 10
654 351 10
654 353 10
654 354 10
654 356 10
654 362 10
654 367 10
654 368 10
654 369 10
654 370 10
654 373 10
654 374 10
654 377 10
654 383 10
654 384 10
654 386 10
654 388 10
654 392 10
654 394 10
654 396 10
654 397 10
654 399 10
654 400 10
654 403 10
654 404 10
654 405 10
654 408 10
654 409 10
654 410 10
654 411 10
654 414 10
654 419 10
654 420 10
654 421 10
654 422 10
654 428 10
654 430 10
654 434 10
654 435 10
654 443 10
654 446 10
654 447 10
654 448 10
654 452 10
654 455 10
654 456 10
654 457 10
654 459 10
654 460 10
654 462 10
654 463 10
654 464 10
654 467 10
654 468 10
654 476 10
654 482 10
654 483 10
654 486 10
654 489 10
654 505 10
654 507 10
654 510 10
654 511 10
654 512 10
654 515 10
654 524 10
654 529 10
654 530 10
654 531 10
654 532 10
654 533 10
654 534 10
654 538 10
654 539 10
654 543 10
654 546 10
654 548 10
654 549 10
654 561 10
654 563 10
654 575 10
654 579 10
654 597 10
654 598 10
654 600 10
654 602 10
654 605 10
654 607 10
654 610 10
654 619 10
654 620 10
654 622 10
654 625 10
654 627 10
654 628 10
654 629 10
654 631 10
654 633 10
654 635 10
654 637 10
654 638 10
654 639 10
654 640 10
654 641 10
654 642 10
654 644 10
654 646 10
654 655 10
654 657 10
654 658 10
654 659 10
654 661 10
654 662 10
654 663 10
654 666 10
654 668 10
654 671 10
654 673 10
654 675 10
654 678 10
654 685 10
654 697 10
654 700 10
654 701 10
654 702 10
654 703 10
654 705 10
654 706 10
654 709 10
654 711 10
654 715 10
654 723 10
654 727 10
654 728 10
654 729 10
654 731 10
654 734 10
654 740 10
654 742 10
654 743 10
654 744 10
654 745 10
654 746 10
654 747 10
654 748 10
654 749 10
654 750 10
654 751 10
654 752 10
654 753 10
654 754 10
654 756 10
654 758 10
654 760 10
654 765 10
654 766 10
655 324 10
655 332 10
655 333 10
655 350 10
655 351 10
655 352 10
655 356 10
655 358 10
655 365 10
655 366 10
655 367 10
655 369 10
655 374 10
655 375 10
655 377 10
655 381 10
655 384 10
655 385 10
655 386 10
655 387 10
655 390 10
655 391 10
655 393 10
655 395 10
655 397 10
655 398 10
655 403 10
655 406 10
655 407 10
655 408 10
655 409 10
655 412 10
655 415 10
655 416 10
655 420 10
655 432 10
655 433 10
655 434 10
655 445 10
655 447 10
655 456 10
655 457 10
655 458 10
655 460 10
655 462 10
655 463 10
655 464 10
655 467 10
655 469 10
655 475 10
655 477 10
655 480 10
655 481 10
655 484 10
655 485 10
655 491 10
655 498 10
655 500 10
655 508 10
655 510 10
655 511 10
655 513 10
655 514 10
655 519 10
655 520 10
655 526 10
655 528 10
655 530 10
655 531 10
655 532 10
655 534 10
655 544 10
655 548 10
655 553 10
655 559 10
655 560 10
655 561 10
655 562 10
655 574 10
655 576 10
655 580 10
655 604 10
655 605 10
655 606 10
655 607 10
655 608 10
655 609 10
655 612 10
655 621 10
655 623 10
655 624 10
655 625 10
655 626 10
655 637 10
655 638 10
655 641 10
655 645 10
655 646 10
655 648 10
655 650 10
655 653 10
655 654 10
655 659 10
655 662 10
655 663 10
655 664 10
655 665 10
655 666 10
655 670 10
655 671 10
655 672 10
655 673 10
655 676 10
655 679 10
655 685 10
655 686 10
655 697 10
655 701 10
655 702 10
655 703 10
655 707 10
655 716 10
655 729 10
655 731 10
655 732 10
655 733 10
655 734 10
655 736 10
655 743 10
655 745 10
655 746 10
655 747 10
655 748 10
655 749 10
655 750 10
655 751 10
655 752 10
655 753 10
655 756 10
655 761 10
655 768 10
655 771 10
655 772 10
656 312 10
656 326 10
656 327 10
656 328 10
656 334 10
656 335 10
656 336 10
656 337 10
656 339 10
656 341 10
656 344 10
656 346 10
656 351 10
656 353 10
656 356 10
656 359 10
656 364 10
656 365 10
656 366 10
656 367 10
656 369 10
656 370 10
656 372 10
656 375 10
656 383 10
656 384 10
656 388 10
656 389 10
656 392 10
656 395 10
656 397 10
656 398 10
656 401 10
656 406 10
656 409 10
656 410 10
656 411 10
656 415 10
656 418 10
656 431 10
656 432 10
656 433 10
656 439 10
656 440 10
656 445 10
656 446 10
656 447 10
656 449 10
656 453 10
656 454 10
656 455 10
656 456 10
656 457 10
656 461 10
656 462 10
656 463 10
656 465 10
656 466 10
656 467 10
656 469 10
656 473 10
656 475 10
656 477 10
656 480 10
656 482 10
656 485 10
656 486 10
656 487 10
656 489 10
656 496 10
656 500 10
656 504 10
656 507 10
656 509 10
656 510 10
656 511 10
656 512 10
656 514 10
656 515 10
656 517 10
656 518 10
656 519 10
656 522 10
656 525 10
656 528 10
656 529 10
656 531 10
656 533 10
656 539 10
656 540 10
656 541 10
656 547 10
656 548 10
656 560 10
656 561 10
656 572 10
656 574 10
656 576 10
656 579 10
656 596 10
656 606 10
656 612 10
656 615 10
656 621 10
656 622 10
656 632 10
656 633 10
656 636 10
656 637 10
656 638 10
656 641 10
656 642 10
656 643 10
656 644 10
656 650 10
656 651 10
656 654 10
656 658 10
656 660 10
656 661 10
656 662 10
656 663 10
656 664 10
656 665 10
656 666 10
656 667 10
656 669 10
656 671 10
656 673 10
656 677 10
656 679 10
656 680 10
656 694 10
656 697 10
656 698 10
656 699 10
656 700 10
656 704 10
656 712 10
656 714 10
656 715 10
656 725 10
656 726 10
656 728 10
656 731 10
656 732 10
656 733 10
656 734 10
656 736 10
656 739 10
656 740 10
656 742 10
656 743 10
656 744 10
656 745 10
656 746 10
656 747 10
656 748 10
656 749 10
656 750 10
656 751 10
656 752 10
656 754 10
656 755 10
656 756 10
656 758 10
656 762 10
656 766 10
656 773 10
657 308 10
657 310 10
657 312 10
657 328 10
657 330 10
657 345 10
657 348 10
657 349 10
657 350 10
657 353 10
657 355 10
657 365 10
657 366 10
657 370 10
657 371 10
657 372 10
657 373 10
657 376 10
657 377 10
657 378 10
657 383 10
657 385 10
657 386 10
657 387 10
657 388 10
657 389 10
657 390 10
657 392 10
657 393 10
657 395 10
657 396 10
657 399 10
657 400 10
657 401 10
657 403 10
657 407 10
657 408 10
657 409 10
657 410 10
657 431 10
657 434 10
657 435 10
657 453 10
657 460 10
657 461 10
657 462 10
657 463 10
657 464 10
657 465 10
657 467 10
657 470 10
657 477 10
657 478 10
657 480 10
657 481 10
657 482 10
657 487 10
657 488 10
657 496 10
657 497 10
657 498 10
657 502 10
657 505 10
657 506 10
657 508 10
657 510 10
657 511 10
657 516 10
657 518 10
657 519 10
657 524 10
657 525 10
657 526 10
657 541 10
657 561 10
657 565 10
657 568 10
657 575 10
657 576 10
657 577 10
657 580 10
657 581 10
657 582 10
657 583 10
657 606 10
657 608 10
657 612 10
657 613 10
657 621 10
657 622 10
657 631 10
657 633 10
657 635 10
657 636 10
657 637 10
657 638 10
657 639 10
657 641 10
657 644 10
657 645 10
657 646 10
657 648 10
657 649 10
657 653 10
657 655 10
657 657 10
657 659 10
657 661 10
657 662 10
657 663 10
657 664 10
657 665 10
657 666 10
657 675 10
657 679 10
657 685 10
657 686 10
657 691 10
657 692 10
657 693 10
657 694 10
657 700 10
657 703 10
657 704 10
657 706 10
657 714 10
657 716 10
657 725 10
657 731 10
657 732 10
657 734 10
657 735 10
657 736 10
657 737 10
657 738 10
657 739 10
657 740 10
657 741 10
657 743 10
657 744 10
657 745 10
657 746 10
657 747 10
657 748 10
657 749 10
657 750 10
657 751 10
657 754 10
657 755 10
657 756 10
657 757 10
657 762 10
657 766 10
657 771 10
658 311 10
658 330 10
658 340 10
658 342 10
658 343 10
658 347 10
658 350 10
658 351 10
658 353 10
658 354 10
658 356 10
658 358 10
658 359 10
658 362 10
658 367 10
658 368 10
658 369 10
658 371 10
658 372 10
658 379 10
658 381 10
658 384 10
658 386 10
658 388 10
658 392 10
658 399 10
658 400 10
658 402 10
658 407 10
658 410 10
658 411 10
658 414 10
658 417 10
658 421 10
658 431 10
658 434 10
658 444 10
658 459 10
658 462 10
658 463 10
658 464 10
658 465 10
658 466 10
658 467 10
658 468 10
658 471 10
658 474 10
658 477 10
658 478 10
658 480 10
658 481 10
658 482 10
658 484 10
658 495 10
658 497 10
658 499 10
658 500 10
658 501 10
658 503 10
658 505 10
658 508 10
658 509 10
658 511 10
658 512 10
658 513 10
658 515 10
658 516 10
658 517 10
658 520 10
658 523 10
658 524 10
658 525 10
658 528 10
658 530 10
658 535 10
658 536 10
658 544 10
658 549 10
658 562 10
658 572 10
658 573 10
658 577 10
658 586 10
658 602 10
658 606 10
658 608 10
658 631 10
658 634 10
658 637 10
658 638 10
658 639 10
658 640 10
658 641 10
658 643 10
658 645 10
658 648 10
658 649 10
658 650 10
658 655 10
658 658 10
658 659 10
658 660 10
658 661 10
658 662 10
658 663 10
658 664 10
658 665 10
658 666 10
658 667 10
658 670 10
658 671 10
658 675 10
658 676 10
658 677 10
658 679 10
658 681 10
658 692 10
658 695 10
658 698 10
658 707 10
658 708 10
658 710 10
658 711 10
658 731 10
658 732 10
658 733 10
658 734 10
658 736 10
658 737 10
658 739 10
658 744 10
658 750 10
658 752 10
658 753 10
658 754 10
658 755 10
658 765 10
658 766 10
658 774 10
659 303 10
659 308 10
659 327 10
659 328 10
659 329 10
659 330 10
659 346 10
659 347 10
659 351 10
659 352 10
659 353 10
659 354 10
659 357 10
659 359 10
659 367 10
659 369 10
659 378 10
659 383 10
659 384 10
659 385 10
659 390 10
659 391 10
659 393 10
659 395 10
659 396 10
659 402 10
659 403 10
659 404 10
659 410 10
659 411 10
659 412 10
659 417 10
659 421 10
659 432 10
659 445 10
659 446 10
659 447 10
659 456 10
659 458 10
659 460 10
659 462 10
659 463 10
659 464 10
659 465 10
659 466 10
659 467 10
659 468 10
659 474 10
659 479 10
659 481 10
659 482 10
659 484 10
659 485 10
659 487 10
659 494 10
659 497 10
659 499 10
659 500 10
659 501 10
659 503 10
659 505 10
659 507 10
659 509 10
659 511 10
659 513 10
659 514 10
659 515 10
659 516 10
659 517 10
659 518 10
659 519 10
659 521 10
659 525 10
659 526 10
659 528 10
659 529 10
659 530 10
659 532 10
659 534 10
659 535 10
659 538 10
659 540 10
659 543 10
659 547 10
659 549 10
659 551 10
659 567 10
659 569 10
659 572 10
659 574 10
659 576 10
659 579 10
659 586 10
659 587 10
659 588 10
659 603 10
659 606 10
659 612 10
659 613 10
659 618 10
659 620 10
659 621 10
659 622 10
659 636 10
659 637 10
659 638 10
659 639 10
659 640 10
659 641 10
659 642 10
659 643 10
659 644 10
659 646 10
659 647 10
659 650 10
659 657 10
659 661 10
659 662 10
659 663 10
659 664 10
659 665 10
659 666 10
659 667 10
659 668 10
659 669 10
659 673 10
659 675 10
659 677 10
659 678 10
659 679 10
659 681 10
659 683 10
659 685 10
659 687 10
659 693 10
659 708 10
659 715 10
659 716 10
659 718 10
659 730 10
659 732 10
659 733 10
659 734 10
659 737 10
659 739 10
659 740 10
659 741 10
659 742 10
659 743 10
659 745 10
659 746 10
659 747 10
659 748 10
659 749 10
659 750 10
659 751 10
659 753 10
659 756 10
659 765 10
660 335 10
660 341 10
660 346 10
660 347 10
660 353 10
660 354 10
660 357 10
660 359 10
660 364 10
660 371 10
660 373 10
660 377 10
660 378 10
660 380 10
660 383 10
660 391 10
660 395 10
660 398 10
660 407 10
660 409 10
660 413 10
660 417 10
660 419 10
660 426 10
660 433 10
660 447 10
660 455 10
660 456 10
660 459 10
660 461 10
660 462 10
660 465 10
660 466 10
660 468 10
660 469 10
660 473 10
660 474 10
660 475 10
660 476 10
660 477 10
660 478 10
660 479 10
660 482 10
660 488 10
660 489 10
660 491 10
660 498 10
660 502 10
660 504 10
660 505 10
660 506 10
660 509 10
660 515 10
660 517 10
660 519 10
660 520 10
660 525 10
660 526 10
660 528 10
660 529 10
660 531 10
660 533 10
660 536 10
660 546 10
660 548 10
660 559 10
660 573 10
660 574 10
660 578 10
660 586 10
660 587 10
660 588 10
660 589 10
660 590 10
660 609 10
660 611 10
660 616 10
660 631 10
660 632 10
660 634 10
660 635 10
660 636 10
660 639 10
660 640 10
660 641 10
660 642 10
660 643 10
660 644 10
660 645 10
660 646 10
660 660 10
660 661 10
660 662 10
660 663 10
660 664 10
660 665 10
660 667 10
660 668 10
660 669 10
660 670 10
660 671 10
660 672 10
660 674 10
660 675 10
660 676 10
660 680 10
660 681 10
660 683 10
660 685 10
660 690 10
660 691 10
660 692 10
660 693 10
660 695 10
660 696 10
660 698 10
660 706 10
660 709 10
660 710 10
660 712 10
660 714 10
660 723 10
660 730 10
660 732 10
660 736 10
660 737 10
660 743 10
660 744 10
660 745 10
660 748 10
660 750 10
660 752 10
660 754 10
660 762 10
660 764 10
660 765 10
661 346 10
661 350 10
661 351 10
661 353 10
661 354 10
661 356 10
661 357 10
661 359 10
661 364 10
661 369 10
661 373 10
661 387 10
661 405 10
661 406 10
661 455 10
661 456 10
661 465 10
661 466 10
661 471 10
661 472 10
661 475 10
661 479 10
661 480 10
661 487 10
661 488 10
661 491 10
661 493 10
661 494 10
661 495 10
661 497 10
661 498 10
661 499 10
661 501 10
661 502 10
661 503 10
661 504 10
661 509 10
661 514 10
661 515 10
661 516 10
661 517 10
661 518 10
661 523 10
661 532 10
661 536 10
661 545 10
661 549 10
661 551 10
661 567 10
661 569 10
661 572 10
661 573 10
661 575 10
661 577 10
661 580 10
661 584 10
661 586 10
661 587 10
661 589 10
661 591 10
661 593 10
661 603 10
661 606 10
661 611 10
661 612 10
661 613 10
661 616 10
661 617 10
661 634 10
661 635 10
661 636 10
661 639 10
661 641 10
661 642 10
661 646 10
661 647 10
661 649 10
661 659 10
661 660 10
661 661 10
661 662 10
661 663 10
661 664 10
661 666 10
661 677 10
661 679 10
661 680 10
661 681 10
661 687 10
661 689 10
661 690 10
661 693 10
661 694 10
661 699 10
661 707 10
661 708 10
661 709 10
661 710 10
661 712 10
661 713 10
661 714 10
661 716 10
661 723 10
661 724 10
661 727 10
661 731 10
661 741 10
661 742 10
661 743 10
661 744 10
661 745 10
661 746 10
661 747 10
661 748 10
661 749 10
661 754 10
661 756 10
661 765 10
661 767 10
662 338 10
662 342 10
662 343 10
662 345 10
662 347 10
662 349 10
662 351 10
662 352 10
662 354 10
662 355 10
662 357 10
662 358 10
662 359 10
662 360 10
662 362 10
662 364 10
662 365 10
662 369 10
662 373 10
662 374 10
662 379 10
662 390 10
662 391 10
662 393 10
662 396 10
662 398 10
662 402 10
662 403 10
662 408 10
662 409 10
662 418 10
662 428 10
662 429 10
662 448 10
662 449 10
662 450 10
662 457 10
662 459 10
662 460 10
662 462 10
662 464 10
662 467 10
662 469 10
662 472 10
662 474 10
662 477 10
662 480 10
662 481 10
662 482 10
662 490 10
662 491 10
662 492 10
662 493 10
662 495 10
662 497 10
662 499 10
662 500 10
662 501 10
662 502 10
662 503 10
662 504 10
662 505 10
662 506 10
662 507 10
662 508 10
662 513 10
662 514 10
662 515 10
662 520 10
662 521 10
662 525 10
662 526 10
662 527 10
662 529 10
662 533 10
662 537 10
662 538 10
662 545 10
662 550 10
662 551 10
662 553 10
662 560 10
662 562 10
662 570 10
662 579 10
662 581 10
662 586 10
662 588 10
662 589 10
662 591 10
662 592 10
662 593 10
662 604 10
662 605 10
662 606 10
662 608 10
662 610 10
662 611 10
662 612 10
662 615 10
662 616 10
662 617 10
662 619 10
662 630 10
662 631 10
662 632 10
662 639 10
662 641 10
662 642 10
662 644 10
662 645 10
662 647 10
662 648 10
662 659 10
662 661 10
662 663 10
662 664 10
662 665 10
662 666 10
662 667 10
662 668 10
662 669 10
662 672 10
662 674 10
662 677 10
662 678 10
662 683 10
662 684 10
662 686 10
662 688 10
662 689 10
662 690 10
662 691 10
662 692 10
662 697 10
662 700 10
662 704 10
662 706 10
662 707 10
662 708 10
662 711 10
662 714 10
662 736 10
662 739 10
662 742 10
662 747 10
662 748 10
662 749 10
662 762 10
662 767 10
662 769 10
663 338 10
663 344 10
663 347 10
663 351 10
663 353 10
663 357 10
663 358 10
663 359 10
663 360 10
663 361 10
663 362 10
663 363 10
663 365 10
663 366 10
663 368 10
663 371 10
663 372 10
663 373 10
663 374 10
663 375 10
663 381 10
663 384 10
663 386 10
663 392 10
663 394 10
663 399 10
663 400 10
663 404 10
663 418 10
663 427 10
663 428 10
663 429 10
663 448 10
663 451 10
663 455 10
663 456 10
663 457 10
663 458 10
663 462 10
663 471 10
663 472 10
663 475 10
663 476 10
663 478 10
663 480 10
663 483 10
663 488 10
663 489 10
663 490 10
663 491 10
663 492 10
663 494 10
663 495 10
663 496 10
663 497 10
663 500 10
663 501 10
663 502 10
663 510 10
663 513 10
663 514 10
663 516 10
663 517 10
663 518 10
663 519 10
663 520 10
663 521 10
663 522 10
663 527 10
663 529 10
663 532 10
663 533 10
663 534 10
663 535 10
663 542 10
663 544 10
663 545 10
663 548 10
663 550 10
663 552 10
663 558 10
663 569 10
663 570 10
663 571 10
663 573 10
663 576 10
663 578 10
663 579 10
663 580 10
663 583 10
663 585 10
663 586 10
663 587 10
663 588 10
663 589 10
663 590 10
663 592 10
663 593 10
663 595 10
663 597 10
663 606 10
663 607 10
663 608 10
663 609 10
663 610 10
663 612 10
663 616 10
663 617 10
663 619 10
663 621 10
663 631 10
663 635 10
663 639 10
663 640 10
663 641 10
663 648 10
663 651 10
663 653 10
663 655 10
663 657 10
663 661 10
663 662 10
663 664 10
663 665 10
663 668 10
663 669 10
663 673 10
663 674 10
663 675 10
663 676 10
663 677 10
663 679 10
663 680 10
663 682 10
663 683 10
663 688 10
663 689 10
663 690 10
663 692 10
663 693 10
663 695 10
663 698 10
663 699 10
663 710 10
663 712 10
663 716 10
663 735 10
663 737 10
663 741 10
663 742 10
663 743 10
663 745 10
663 748 10
663 749 10
663 754 10
663 760 10
663 768 10
663 769 10
663 770 10
663 772 10
663 778 10
663 780 10
664 335 10
664 340 10
664 344 10
664 346 10
664 351 10
664 352 10
664 353 10
664 355 10
664 361 10
664 362 10
664 366 10
664 368 10
664 370 10
664 372 10
664 378 10
664 380 10
664 382 10
664 384 10
664 392 10
664 393 10
664 396 10
664 398 10
664 402 10
664 405 10
664 409 10
664 411 10
664 416 10
664 418 10
664 448 10
664 450 10
664 455 10
664 456 10
664 457 10
664 458 10
664 459 10
664 461 10
664 462 10
664 463 10
664 465 10
664 468 10
664 469 10
664 470 10
664 473 10
664 474 10
664 481 10
664 483 10
664 484 10
664 488 10
664 490 10
664 491 10
664 492 10
664 493 10
664 494 10
664 495 10
664 496 10
664 502 10
664 504 10
664 505 10
664 508 10
664 509 10
664 510 10
664 511 10
664 513 10
664 514 10
664 515 10
664 517 10
664 520 10
664 521 10
664 523 10
664 524 10
664 528 10
664 530 10
664 531 10
664 533 10
664 534 10
664 537 10
664 539 10
664 540 10
664 541 10
664 547 10
664 561 10
664 564 10
664 576 10
664 577 10
664 578 10
664 579 10
664 580 10
664 582 10
664 585 10
664 587 10
664 588 10
664 589 10
664 591 10
664 592 10
664 593 10
664 597 10
664 598 10
664 603 10
664 604 10
664 607 10
664 609 10
664 610 10
664 611 10
664 615 10
664 617 10
664 618 10
664 625 10
664 627 10
664 629 10
664 632 10
664 636 10
664 637 10
664 640 10
664 641 10
664 642 10
664 643 10
664 644 10
664 647 10
664 651 10
664 657 10
664 660 10
664 662 10
664 663 10
664 664 10
664 666 10
664 670 10
664 671 10
664 673 10
664 675 10
664 677 10
664 678 10
664 690 10
664 691 10
664 693 10
664 696 10
664 698 10
664 699 10
664 702 10
664 703 10
664 706 10
664 707 10
664 709 10
664 710 10
664 711 10
664 712 10
664 737 10
664 742 10
664 743 10
664 744 10
664 745 10
664 747 10
664 755 10
664 756 10
664 758 10
664 761 10
665 331 10
665 348 10
665 350 10
665 354 10
665 357 10
665 358 10
665 359 10
665 360 10
665 361 10
665 363 10
665 365 10
665 366 10
665 369 10
665 372 10
665 375 10
665 379 10
665 382 10
665 383 10
665 384 10
665 389 10
665 401 10
665 405 10
665 406 10
665 422 10
665 423 10
665 436 10
665 446 10
665 454 10
665 457 10
665 460 10
665 461 10
665 463 10
665 465 10
665 466 10
665 467 10
665 468 10
665 473 10
665 475 10
665 478 10
665 481 10
665 482 10
665 487 10
665 488 10
665 490 10
665 491 10
665 492 10
665 493 10
665 495 10
665 497 10
665 499 10
665 501 10
665 505 10
665 516 10
665 517 10
665 518 10
665 519 10
665 520 10
665 521 10
665 522 10
665 524 10
665 526 10
665 528 10
665 532 10
665 535 10
665 537 10
665 543 10
665 544 10
665 545 10
665 553 10
665 557 10
665 560 10
665 561 10
665 567 10
665 569 10
665 574 10
665 575 10
665 577 10
665 578 10
665 580 10
665 581 10
665 582 10
665 583 10
665 584 10
665 585 10
665 586 10
665 587 10
665 588 10
665 589 10
665 590 10
665 591 10
665 594 10
665 596 10
665 598 10
665 599 10
665 603 10
665 604 10
665 605 10
665 606 10
665 608 10
665 609 10
665 610 10
665 613 10
665 615 10
665 625 10
665 629 10
665 631 10
665 632 10
665 640 10
665 643 10
665 650 10
665 651 10
665 655 10
665 660 10
665 661 10
665 662 10
665 664 10
665 665 10
665 666 10
665 670 10
665 672 10
665 673 10
665 674 10
665 675 10
665 676 10
665 679 10
665 680 10
665 682 10
665 683 10
665 687 10
665 688 10
665 689 10
665 690 10
665 691 10
665 692 10
665 695 10
665 696 10
665 698 10
665 699 10
665 700 10
665 711 10
665 717 10
665 736 10
665 741 10
665 742 10
665 744 10
665 745 10
665 746 10
665 747 10
665 757 10
666 329 10
666 356 10
666 357 10
666 358 10
666 360 10
666 361 10
666 362 10
666 363 10
666 364 10
666 367 10
666 383 10
666 385 10
666 386 10
666 393 10
666 394 10
666 401 10
666 402 10
666 404 10
666 405 10
666 415 10
666 419 10
666 422 10
666 435 10
666 451 10
666 454 10
666 455 10
666 456 10
666 457 10
666 458 10
666 459 10
666 460 10
666 465 10
666 467 10
666 468 10
666 469 10
666 471 10
666 472 10
666 473 10
666 474 10
666 477 10
666 479 10
666 480 10
666 486 10
666 487 10
666 488 10
666 489 10
666 490 10
666 491 10
666 492 10
666 493 10
666 494 10
666 495 10
666 496 10
666 497 10
666 499 10
666 502 10
666 512 10
666 514 10
666 516 10
666 519 10
666 521 10
666 523 10
666 526 10
666 528 10
666 529 10
666 530 10
666 533 10
666 538 10
666 539 10
666 550 10
666 555 10
666 559 10
666 561 10
666 573 10
666 577 10
666 579 10
666 580 10
666 581 10
666 582 10
666 583 10
666 586 10
666 587 10
666 588 10
666 589 10
666 590 10
666 597 10
666 599 10
666 604 10
666 606 10
666 608 10
666 609 10
666 611 10
666 614 10
666 621 10
666 623 10
666 624 10
666 628 10
666 630 10
666 634 10
666 640 10
666 641 10
666 642 10
666 645 10
666 646 10
666 648 10
666 652 10
666 653 10
666 655 10
666 656 10
666 661 10
666 662 10
666 663 10
666 670 10
666 674 10
666 675 10
666 676 10
666 677 10
666 681 10
666 684 10
666 687 10
666 689 10
666 691 10
666 694 10
666 695 10
666 698 10
666 699 10
666 702 10
666 710 10
666 717 10
666 733 10
666 734 10
666 736 10
666 738 10
666 742 10
666 744 10
666 745 10
666 746 10
666 749 10
666 750 10
666 758 10
666 761 10
666 762 10
666 774 10
666 778 10
667 337 10
667 349 10
667 350 10
667 354 10
667 357 10
667 358 10
667 359 10
667 360 10
667 361 10
667 363 10
667 366 10
667 378 10
667 384 10
667 385 10
667 390 10
667 392 10
667 394 10
667 396 10
667 403 10
667 406 10
667 407 10
667 417 10
667 423 10
667 450 10
667 454 10
667 455 10
667 459 10
667 467 10
667 470 10
667 471 10
667 472 10
667 473 10
667 475 10
667 476 10
667 477 10
667 480 10
667 482 10
667 484 10
667 486 10
667 487 10
667 488 10
667 489 10
667 490 10
667 491 10
667 492 10
667 493 10
667 495 10
667 497 10
667 498 10
667 499 10
667 504 10
667 512 10
667 516 10
667 523 10
667 526 10
667 535 10
667 537 10
667 538 10
667 544 10
667 548 10
667 550 10
667 559 10
667 565 10
667 566 10
667 576 10
667 579 10
667 580 10
667 581 10
667 583 10
667 584 10
667 585 10
667 586 10
667 587 10
667 588 10
667 589 10
667 591 10
667 592 10
667 597 10
667 598 10
667 606 10
667 608 10
667 612 10
667 614 10
667 631 10
667 633 10
667 638 10
667 642 10
667 643 10
667 644 10
667 645 10
667 646 10
667 649 10
667 651 10
667 655 10
667 657 10
667 658 10
667 659 10
667 660 10
667 663 10
667 666 10
667 667 10
667 668 10
667 671 10
667 673 10
667 674 10
667 677 10
667 679 10
667 681 10
667 682 10
667 683 10
667 684 10
667 685 10
667 686 10
667 687 10
667 689 10
667 692 10
667 695 10
667 698 10
667 702 10
667 705 10
667 711 10
667 713 10
667 715 10
667 726 10
667 731 10
667 733 10
667 735 10
667 744 10
667 746 10
667 747 10
667 751 10
667 757 10
667 759 10
667 760 10
667 763 10
668 349 10
668 350 10
668 356 10
668 358 10
668 360 10
668 363 10
668 383 10
668 388 10
668 391 10
668 400 10
668 401 10
668 404 10
668 405 10
668 410 10
668 421 10
668 424 10
668 428 10
668 430 10
668 444 10
668 447 10
668 456 10
668 457 10
668 461 10
668 463 10
668 465 10
668 466 10
668 468 10
668 472 10
668 473 10
668 476 10
668 477 10
668 478 10
668 480 10
668 484 10
668 485 10
668 486 10
668 487 10
668 488 10
668 489 10
668 490 10
668 491 10
668 492 10
668 493 10
668 494 10
668 495 10
668 496 10
668 497 10
668 498 10
668 499 10
668 500 10
668 502 10
668 504 10
668 505 10
668 507 10
668 508 10
668 518 10
668 520 10
668 525 10
668 526 10
668 527 10
668 528 10
668 530 10
668 532 10
668 554 10
668 556 10
668 576 10
668 577 10
668 578 10
668 579 10
668 580 10
668 581 10
668 585 10
668 586 10
668 587 10
668 597 10
668 598 10
668 605 10
668 609 10
668 610 10
668 615 10
668 632 10
668 635 10
668 640 10
668 642 10
668 645 10
668 646 10
668 647 10
668 648 10
668 651 10
668 653 10
668 655 10
668 656 10
668 658 10
668 660 10
668 667 10
668 668 10
668 671 10
668 673 10
668 675 10
668 676 10
668 678 10
668 679 10
668 681 10
668 682 10
668 683 10
668 691 10
668 693 10
668 694 10
668 695 10
668 696 10
668 698 10
668 700 10
668 701 10
668 702 10
668 703 10
668 704 10
668 706 10
668 707 10
668 713 10
668 718 10
668 719 10
668 724 10
668 731 10
668 744 10
668 745 10
668 746 10
668 747 10
668 748 10
668 754 10
668 756 10
668 757 10
668 758 10
668 761 10
668 763 10
668 775 10
669 331 10
669 349 10
669 356 10
669 357 10
669 358 10
669 362 10
669 363 10
669 388 10
669 392 10
669 394 10
669 396 10
669 404 10
669 406 10
669 422 10
669 429 10
669 443 10
669 450 10
669 454 10
669 457 10
669 459 10
669 462 10
669 463 10
669 465 10
669 467 10
669 468 10
669 470 10
669 474 10
669 479 10
669 482 10
669 484 10
669 485 10
669 486 10
669 487 10
669 489 10
669 490 10
669 491 10
669 492 10
669 493 10
669 494 10
669 495 10
669 496 10
669 497 10
669 498 10
669 499 10
669 500 10
669 501 10
669 507 10
669 511 10
669 512 10
669 517 10
669 519 10
669 523 10
669 524 10
669 534 10
669 535 10
669 540 10
669 548 10
669 550 10
669 556 10
669 558 10
669 565 10
669 574 10
669 576 10
669 577 10
669 578 10
669 579 10
669 580 10
669 581 10
669 582 10
669 584 10
669 587 10
669 588 10
669 607 10
669 609 10
669 610 10
669 613 10
669 615 10
669 638 10
669 641 10
669 642 10
669 644 10
669 646 10
669 647 10
669 648 10
669 649 10
669 651 10
669 652 10
669 653 10
669 654 10
669 656 10
669 657 10
669 658 10
669 660 10
669 661 10
669 662 10
669 664 10
669 665 10
669 674 10
669 680 10
669 681 10
669 682 10
669 683 10
669 685 10
669 686 10
669 688 10
669 689 10
669 690 10
669 692 10
669 697 10
669 706 10
669 707 10
669 710 10
669 718 10
669 724 10
669 728 10
669 735 10
669 736 10
669 738 10
669 739 10
669 748 10
669 749 10
669 756 10
669 757 10
669 758 10
669 759 10
669 760 10
669 761 10
669 768 10
669 770 10
669 771 10
669 778 10
670 348 10
670 350 10
670 354 10
670 355 10
670 356 10
670 357 10
670 358 10
670 362 10
670 388 10
670 420 10
670 421 10
670 422 10
670 424 10
670 427 10
670 428 10
670 429 10
670 441 10
670 452 10
670 454 10
670 455 10
670 459 10
670 461 10
670 462 10
670 464 10
670 465 10
670 466 10
670 467 10
670 469 10
670 470 10
670 471 10
670 474 10
670 476 10
670 479 10
670 481 10
670 483 10
670 484 10
670 485 10
670 488 10
670 490 10
670 492 10
670 493 10
670 494 10
670 495 10
670 496 10
670 497 10
670 498 10
670 499 10
670 501 10
670 503 10
670 506 10
670 507 10
670 517 10
670 519 10
670 524 10
670 528 10
670 531 10
670 532 10
670 534 10
670 536 10
670 540 10
670 549 10
670 551 10
670 554 10
670 557 10
670 570 10
670 572 10
670 575 10
670 576 10
670 577 10
670 579 10
670 582 10
670 583 10
670 584 10
670 585 10
670 586 10
670 587 10
670 598 10
670 599 10
670 607 10
670 609 10
670 611 10
670 612 10
670 613 10
670 614 10
670 620 10
670 621 10
670 638 10
670 640 10
670 643 10
670 644 10
670 645 10
670 646 10
670 649 10
670 650 10
670 651 10
670 653 10
670 654 10
670 655 10
670 657 10
670 658 10
670 659 10
670 660 10
670 661 10
670 662 10
670 666 10
670 667 10
670 672 10
670 674 10
670 679 10
670 680 10
670 681 10
670 682 10
670 685 10
670 686 10
670 687 10
670 692 10
670 693 10
670 695 10
670 698 10
670 703 10
670 704 10
670 705 10
670 707 10
670 708 10
670 712 10
670 718 10
670 723 10
670 726 10
670 729 10
670 730 10
670 733 10
670 734 10
670 737 10
670 740 10
670 746 10
670 753 10
670 754 10
670 758 10
670 759 10
670 762 10
671 344 10
671 349 10
671 350 10
671 353 10
671 354 10
671 355 10
671 356 10
671 357 10
671 359 10
671 381 10
671 384 10
671 386 10
671 408 10
671 412 10
671 413 10
671 416 10
671 418 10
671 419 10
671 420 10
671 423 10
671 424 10
671 425 10
671 427 10
671 430 10
671 438 10
671 439 10
671 454 10
671 456 10
671 458 10
671 460 10
671 461 10
671 463 10
671 464 10
671 465 10
671 466 10
671 467 10
671 468 10
671 470 10
671 472 10
671 482 10
671 483 10
671 484 10
671 486 10
671 487 10
671 488 10
671 491 10
671 492 10
671 493 10
671 494 10
671 495 10
671 496 10
671 497 10
671 498 10
671 499 10
671 500 10
671 501 10
671 503 10
671 516 10
671 517 10
671 518 10
671 520 10
671 524 10
671 525 10
671 530 10
671 531 10
671 532 10
671 533 10
671 538 10
671 539 10
671 541 10
671 547 10
671 548 10
671 549 10
671 550 10
671 552 10
671 553 10
671 556 10
671 557 10
671 564 10
671 567 10
671 572 10
671 573 10
671 574 10
671 575 10
671 576 10
671 577 10
671 578 10
671 579 10
671 580 10
671 581 10
671 582 10
671 583 10
671 585 10
671 587 10
671 588 10
671 600 10
671 609 10
671 610 10
671 612 10
671 618 10
671 619 10
671 620 10
671 621 10
671 623 10
671 625 10
671 627 10
671 640 10
671 641 10
671 643 10
671 644 10
671 645 10
671 646 10
671 647 10
671 648 10
671 649 10
671 650 10
671 652 10
671 653 10
671 656 10
671 657 10
671 658 10
671 659 10
671 660 10
671 661 10
671 662 10
671 663 10
671 664 10
671 670 10
671 673 10
671 675 10
671 677 10
671 680 10
671 682 10
671 684 10
671 685 10
671 687 10
671 694 10
671 695 10
671 703 10
671 704 10
671 706 10
671 710 10
671 711 10
671 714 10
671 718 10
671 724 10
671 725 10
671 726 10
671 727 10
671 728 10
671 729 10
671 733 10
671 736 10
671 738 10
671 740 10
671 741 10
671 743 10
671 745 10
671 749 10
671 751 10
671 753 10
671 755 10
671 762 10
671 764 10
671 770 10
671 777 10
672 349 10
672 350 10
672 351 10
672 352 10
672 353 10
672 354 10
672 355 10
672 356 10
672 357 10
672 359 10
672 360 10
672 362 10
672 380 10
672 383 10
672 405 10
672 410 10
672 412 10
672 416 10
672 417 10
672 418 10
672 427 10
672 435 10
672 439 10
672 452 10
672 453 10
672 459 10
672 463 10
672 465 10
672 466 10
672 468 10
672 469 10
672 470 10
672 471 10
672 472 10
672 473 10
672 474 10
672 481 10
672 482 10
672 484 10
672 485 10
672 486 10
672 490 10
672 491 10
672 493 10
672 494 10
672 495 10
672 496 10
672 497 10
672 498 10
672 499 10
672 501 10
672 502 10
672 517 10
672 518 10
672 522 10
672 526 10
672 527 10
672 537 10
672 540 10
672 562 10
672 565 10
672 572 10
672 574 10
672 575 10
672 578 10
672 581 10
672 583 10
672 584 10
672 585 10
672 591 10
672 597 10
672 604 10
672 605 10
672 608 10
672 610 10
672 611 10
672 613 10
672 618 10
672 619 10
672 621 10
672 623 10
672 625 10
672 627 10
672 629 10
672 631 10
672 640 10
672 643 10
672 644 10
672 645 10
672 646 10
672 647 10
672 648 10
672 649 10
672 651 10
672 652 10
672 653 10
672 656 10
672 657 10
672 658 10
672 659 10
672 660 10
672 662 10
672 666 10
672 668 10
672 674 10
672 675 10
672 679 10
672 681 10
672 693 10
672 695 10
672 707 10
672 708 10
672 713 10
672 718 10
672 719 10
672 722 10
672 723 10
672 726 10
672 727 10
672 728 10
672 729 10
672 730 10
672 733 10
672 734 10
672 736 10
672 738 10
672 742 10
672 744 10
672 748 10
672 760 10
672 768 10
673 331 10
673 334 10
673 353 10
673 354 10
673 355 10
673 357 10
673 372 10
673 373 10
673 375 10
673 376 10
673 406 10
673 408 10
673 409 10
673 426 10
673 429 10
673 439 10
673 441 10
673 442 10
673 444 10
673 452 10
673 454 10
673 455 10
673 457 10
673 458 10
673 460 10
673 461 10
673 464 10
673 465 10
673 466 10
673 467 10
673 469 10
673 470 10
673 471 10
673 472 10
673 473 10
673 474 10
673 475 10
673 476 10
673 477 10
673 478 10
673 479 10
673 485 10
673 490 10
673 494 10
673 495 10
673 496 10
673 498 10
673 499 10
673 500 10
673 502 10
673 503 10
673 504 10
673 515 10
673 517 10
673 518 10
673 519 10
673 520 10
673 524 10
673 528 10
673 537 10
673 538 10
673 546 10
673 551 10
673 552 10
673 554 10
673 555 10
673 556 10
673 558 10
673 560 10
673 561 10
673 562 10
673 572 10
673 573 10
673 575 10
673 577 10
673 580 10
673 582 10
673 583 10
673 584 10
673 585 10
673 588 10
673 596 10
673 599 10
673 600 10
673 601 10
673 603 10
673 614 10
673 615 10
673 617 10
673 619 10
673 620 10
673 621 10
673 622 10
673 627 10
673 628 10
673 642 10
673 644 10
673 645 10
673 646 10
673 647 10
673 648 10
673 650 10
673 651 10
673 652 10
673 653 10
673 654 10
673 655 10
673 656 10
673 657 10
673 658 10
673 659 10
673 660 10
673 662 10
673 663 10
673 664 10
673 666 10
673 670 10
673 671 10
673 679 10
673 680 10
673 685 10
673 686 10
673 691 10
673 695 10
673 701 10
673 703 10
673 705 10
673 706 10
673 711 10
673 714 10
673 722 10
673 723 10
673 725 10
673 727 10
673 728 10
673 729 10
673 731 10
673 732 10
673 733 10
673 735 10
673 736 10
673 737 10
673 738 10
673 740 10
673 741 10
673 749 10
673 750 10
673 754 10
673 757 10
673 758 10
673 759 10
673 760 10
673 761 10
673 762 10
673 763 10
673 764 10
673 765 10
673 766 10
673 768 10
673 770 10
674 333 10
674 334 10
674 335 10
674 356 10
674 364 10
674 373 10
674 378 10
674 380 10
674 383 10
674 397 10
674 403 10
674 404 10
674 405 10
674 407 10
674 412 10
674 421 10
674 424 10
674 426 10
674 433 10
674 434 10
674 435 10
674 436 10
674 443 10
674 445 10
674 446 10
674 457 10
674 460 10
674 463 10
674 464 10
674 465 10
674 466 10
674 467 10
674 468 10
674 469 10
674 472 10
674 474 10
674 475 10
674 476 10
674 477 10
674 483 10
674 484 10
674 485 10
674 489 10
674 491 10
674 493 10
674 494 10
674 496 10
674 497 10
674 498 10
674 499 10
674 500 10
674 503 10
674 505 10
674 508 10
674 510 10
674 511 10
674 514 10
674 521 10
674 527 10
674 531 10
674 532 10
674 539 10
674 541 10
674 546 10
674 551 10
674 554 10
674 555 10
674 561 10
674 562 10
674 563 10
674 566 10
674 568 10
674 570 10
674 571 10
674 572 10
674 573 10
674 574 10
674 576 10
674 578 10
674 579 10
674 580 10
674 581 10
674 582 10
674 583 10
674 584 10
674 585 10
674 586 10
674 588 10
674 594 10
674 595 10
674 600 10
674 601 10
674 603 10
674 612 10
674 615 10
674 616 10
674 617 10
674 619 10
674 621 10
674 626 10
674 636 10
674 639 10
674 641 10
674 643 10
674 644 10
674 645 10
674 646 10
674 649 10
674 651 10
674 652 10
674 653 10
674 654 10
674 656 10
674 657 10
674 658 10
674 659 10
674 660 10
674 661 10
674 662 10
674 663 10
674 664 10
674 666 10
674 674 10
674 679 10
674 684 10
674 686 10
674 687 10
674 692 10
674 693 10
674 696 10
674 705 10
674 708 10
674 714 10
674 726 10
674 727 10
674 728 10
674 730 10
674 731 10
674 732 10
674 733 10
674 734 10
674 736 10
674 739 10
674 740 10
674 742 10
674 744 10
674 745 10
674 751 10
674 755 10
674 757 10
674 758 10
674 759 10
674 761 10
674 763 10
674 764 10
674 765 10
674 766 10
674 768 10
675 332 10
675 337 10
675 369 10
675 371 10
675 372 10
675 373 10
675 374 10
675 376 10
675 378 10
675 381 10
675 383 10
675 387 10
675 404 10
675 406 10
675 408 10
675 409 10
675 410 10
675 412 10
675 419 10
675 430 10
675 437 10
675 438 10
675 440 10
675 441 10
675 442 10
675 443 10
675 444 10
675 456 10
675 459 10
675 462 10
675 466 10
675 470 10
675 471 10
675 472 10
675 477 10
675 478 10
675 480 10
675 481 10
675 482 10
675 489 10
675 490 10
675 491 10
675 493 10
675 495 10
675 497 10
675 498 10
675 499 10
675 500 10
675 501 10
675 502 10
675 505 10
675 508 10
675 512 10
675 514 10
675 515 10
675 516 10
675 517 10
675 519 10
675 524 10
675 527 10
675 529 10
675 533 10
675 553 10
675 559 10
675 560 10
675 571 10
675 572 10
675 574 10
675 578 10
675 580 10
675 584 10
675 586 10
675 593 10
675 597 10
675 601 10
675 603 10
675 612 10
675 613 10
675 614 10
675 615 10
675 620 10
675 632 10
675 634 10
675 637 10
675 638 10
675 641 10
675 647 10
675 649 10
675 651 10
675 652 10
675 653 10
675 654 10
675 655 10
675 656 10
675 657 10
675 658 10
675 659 10
675 660 10
675 661 10
675 662 10
675 663 10
675 667 10
675 670 10
675 671 10
675 673 10
675 678 10
675 680 10
675 683 10
675 693 10
675 695 10
675 702 10
675 704 10
675 705 10
675 706 10
675 707 10
675 708 10
675 712 10
675 722 10
675 723 10
675 724 10
675 725 10
675 726 10
675 727 10
675 730 10
675 732 10
675 741 10
675 743 10
675 744 10
675 745 10
675 746 10
675 748 10
675 749 10
675 753 10
675 754 10
675 758 10
675 759 10
675 760 10
675 761 10
675 763 10
675 764 10
675 766 10
675 780 10
676 367 10
676 368 10
676 373 10
676 374 10
676 376 10
676 377 10
676 378 10
676 379 10
676 380 10
676 381 10
676 382 10
676 383 10
676 386 10
676 397 10
676 402 10
676 403 10
676 417 10
676 421 10
676 428 10
676 431 10
676 432 10
676 433 10
676 434 10
676 441 10
676 442 10
676 443 10
676 445 10
676 449 10
676 451 10
676 456 10
676 462 10
676 463 10
676 464 10
676 467 10
676 469 10
676 470 10
676 472 10
676 474 10
676 475 10
676 478 10
676 483 10
676 485 10
676 488 10
676 492 10
676 495 10
676 496 10
676 498 10
676 503 10
676 504 10
676 505 10
676 514 10
676 515 10
676 517 10
676 519 10
676 520 10
676 522 10
676 523 10
676 524 10
676 534 10
676 544 10
676 545 10
676 547 10
676 553 10
676 555 10
676 557 10
676 571 10
676 576 10
676 577 10
676 578 10
676 580 10
676 581 10
676 582 10
676 584 10
676 585 10
676 589 10
676 594 10
676 597 10
676 598 10
676 601 10
676 604 10
676 619 10
676 632 10
676 635 10
676 636 10
676 638 10
676 639 10
676 640 10
676 641 10
676 648 10
676 649 10
676 650 10
676 652 10
676 654 10
676 655 10
676 656 10
676 657 10
676 658 10
676 659 10
676 660 10
676 661 10
676 664 10
676 665 10
676 670 10
676 673 10
676 675 10
676 676 10
676 680 10
676 681 10
676 682 10
676 684 10
676 686 10
676 688 10
676 689 10
676 693 10
676 694 10
676 698 10
676 699 10
676 702 10
676 703 10
676 705 10
676 708 10
676 712 10
676 713 10
676 726 10
676 728 10
676 734 10
676 736 10
676 738 10
676 739 10
676 741 10
676 742 10
676 743 10
676 744 10
676 745 10
676 746 10
676 747 10
676 751 10
676 756 10
676 758 10
676 760 10
676 762 10
676 766 10
677 333 10
677 337 10
677 367 10
677 370 10
677 371 10
677 373 10
677 374 10
677 375 10
677 376 10
677 377 10
677 379 10
677 382 10
677 398 10
677 399 10
677 404 10
677 408 10
677 418 10
677 429 10
677 434 10
677 445 10
677 449 10
677 451 10
677 452 10
677 456 10
677 458 10
677 459 10
677 460 10
677 462 10
677 463 10
677 464 10
677 465 10
677 466 10
677 467 10
677 468 10
677 470 10
677 477 10
677 478 10
677 480 10
677 482 10
677 485 10
677 489 10
677 493 10
677 494 10
677 496 10
677 499 10
677 502 10
677 503 10
677 504 10
677 505 10
677 507 10
677 516 10
677 517 10
677 518 10
677 524 10
677 525 10
677 532 10
677 534 10
677 539 10
677 543 10
677 545 10
677 547 10
677 549 10
677 550 10
677 551 10
677 552 10
677 554 10
677 559 10
677 560 10
677 561 10
677 562 10
677 567 10
677 568 10
677 571 10
677 572 10
677 574 10
677 578 10
677 579 10
677 580 10
677 585 10
677 586 10
677 595 10
677 597 10
677 608 10
677 609 10
677 615 10
677 617 10
677 621 10
677 637 10
677 638 10
677 639 10
677 641 10
677 645 10
677 647 10
677 650 10
677 651 10
677 652 10
677 654 10
677 658 10
677 659 10
677 660 10
677 662 10
677 663 10
677 664 10
677 666 10
677 667 10
677 670 10
677 673 10
677 678 10
677 682 10
677 683 10
677 684 10
677 685 10
677 687 10
677 689 10
677 691 10
677 693 10
677 695 10
677 698 10
677 700 10
677 703 10
677 704 10
677 706 10
677 713 10
677 714 10
677 723 10
677 726 10
677 731 10
677 734 10
677 736 10
677 739 10
677 740 10
677 742 10
677 743 10
677 744 10
677 745 10
677 747 10
677 749 10
677 752 10
677 753 10
677 757 10
677 758 10
677 759 10
677 760 10
677 761 10
677 762 10
677 764 10
677 768 10
677 769 10
678 330 10
678 335 10
678 368 10
678 373 10
678 374 10
678 375 10
678 377 10
678 378 10
678 381 10
678 382 10
678 384 10
678 388 10
678 399 10
678 401 10
678 402 10
678 403 10
678 404 10
678 405 10
678 410 10
678 415 10
678 416 10
678 418 10
678 421 10
678 434 10
678 435 10
678 436 10
678 437 10
678 440 10
678 441 10
678 446 10
678 457 10
678 458 10
678 462 10
678 464 10
678 467 10
678 468 10
678 470 10
678 472 10
678 473 10
678 475 10
678 476 10
678 480 10
678 482 10
678 484 10
678 485 10
678 494 10
678 495 10
678 499 10
678 501 10
678 502 10
678 503 10
678 504 10
678 505 10
678 506 10
678 514 10
678 517 10
678 518 10
678 520 10
678 521 10
678 522 10
678 523 10
678 535 10
678 543 10
678 544 10
678 546 10
678 548 10
678 552 10
678 553 10
678 559 10
678 563 10
678 566 10
678 569 10
678 577 10
678 578 10
678 579 10
678 580 10
678 582 10
678 583 10
678 596 10
678 598 10
678 603 10
678 606 10
678 620 10
678 622 10
678 623 10
678 636 10
678 639 10
678 640 10
678 641 10
678 645 10
678 646 10
678 648 10
678 650 10
678 651 10
678 652 10
678 653 10
678 654 10
678 656 10
678 657 10
678 660 10
678 661 10
678 665 10
678 669 10
678 671 10
678 676 10
678 677 10
678 678 10
678 679 10
678 680 10
678 681 10
678 682 10
678 683 10
678 685 10
678 686 10
678 690 10
678 691 10
678 692 10
678 693 10
678 694 10
678 696 10
678 698 10
678 699 10
678 703 10
678 707 10
678 723 10
678 731 10
678 732 10
678 737 10
678 739 10
678 741 10
678 742 10
678 744 10
678 745 10
678 747 10
678 748 10
678 749 10
678 750 10
678 751 10
678 752 10
678 753 10
678 755 10
678 760 10
678 761 10
678 764 10
679 368 10
679 372 10
679 373 10
679 375 10
679 377 10
679 378 10
679 381 10
679 382 10
679 383 10
679 384 10
679 386 10
679 389 10
679 397 10
679 399 10
679 401 10
679 405 10
679 416 10
679 418 10
679 423 10
679 426 10
679 435 10
679 438 10
679 440 10
679 441 10
679 442 10
679 443 10
679 444 10
679 447 10
679 450 10
679 452 10
679 455 10
679 457 10
679 458 10
679 459 10
679 461 10
679 462 10
679 463 10
679 466 10
679 467 10
679 477 10
679 482 10
679 483 10
679 487 10
679 488 10
679 489 10
679 492 10
679 493 10
679 500 10
679 501 10
679 502 10
679 504 10
679 517 10
679 518 10
679 519 10
679 520 10
679 522 10
679 535 10
679 537 10
679 542 10
679 544 10
679 546 10
679 547 10
679 549 10
679 550 10
679 559 10
679 561 10
679 566 10
679 569 10
679 571 10
679 572 10
679 573 10
679 578 10
679 579 10
679 580 10
679 581 10
679 583 10
679 586 10
679 595 10
679 596 10
679 598 10
679 608 10
679 610 10
679 612 10
679 621 10
679 628 10
679 636 10
679 638 10
679 640 10
679 641 10
679 642 10
679 644 10
679 646 10
679 647 10
679 649 10
679 650 10
679 651 10
679 652 10
679 655 10
679 660 10
679 664 10
679 666 10
679 667 10
679 671 10
679 672 10
679 673 10
679 675 10
679 677 10
679 679 10
679 680 10
679 682 10
679 683 10
679 687 10
679 691 10
679 693 10
679 696 10
679 699 10
679 700 10
679 703 10
679 707 10
679 708 10
679 731 10
679 737 10
679 741 10
679 743 10
679 744 10
679 745 10
679 746 10
679 747 10
679 748 10
679 749 10
679 752 10
679 757 10
679 761 10
679 763 10
679 767 10
679 768 10
679 769 10
680 355 10
680 364 10
680 367 10
680 371 10
680 372 10
680 374 10
680 375 10
680 378 10
680 380 10
680 381 10
680 382 10
680 383 10
680 386 10
680 391 10
680 398 10
680 400 10
680 403 10
680 404 10
680 407 10
680 408 10
680 411 10
680 414 10
680 418 10
680 420 10
680 424 10
680 431 10
680 435 10
680 437 10
680 438 10
680 441 10
680 442 10
680 443 10
680 447 10
680 449 10
680 450 10
680 452 10
680 453 10
680 457 10
680 458 10
680 459 10
680 460 10
680 461 10
680 462 10
680 463 10
680 464 10
680 467 10
680 472 10
680 479 10
680 480 10
680 482 10
680 486 10
680 487 10
680 488 10
680 492 10
680 494 10
680 498 10
680 517 10
680 523 10
680 524 10
680 525 10
680 529 10
680 533 10
680 534 10
680 535 10
680 542 10
680 547 10
680 548 10
680 549 10
680 554 10
680 564 10
680 569 10
680 571 10
680 573 10
680 578 10
680 580 10
680 581 10
680 596 10
680 599 10
680 609 10
680 611 10
680 616 10
680 617 10
680 618 10
680 621 10
680 626 10
680 628 10
680 633 10
680 638 10
680 640 10
680 643 10
680 644 10
680 645 10
680 646 10
680 647 10
680 649 10
680 651 10
680 652 10
680 654 10
680 655 10
680 658 10
680 659 10
680 661 10
680 662 10
680 668 10
680 669 10
680 670 10
680 672 10
680 673 10
680 675 10
680 681 10
680 683 10
680 684 10
680 686 10
680 689 10
680 691 10
680 694 10
680 696 10
680 697 10
680 702 10
680 706 10
680 707 10
680 708 10
680 718 10
680 722 10
680 725 10
680 738 10
680 741 10
680 745 10
680 746 10
680 747 10
680 756 10
680 760 10
680 761 10
680 766 10
681 355 10
681 358 10
681 367 10
681 371 10
681 373 10
681 375 10
681 376 10
681 378 10
681 379 10
681 380 10
681 381 10
681 382 10
681 383 10
681 384 10
681 385 10
681 386 10
681 389 10
681 390 10
681 397 10
681 398 10
681 399 10
681 402 10
681 404 10
681 414 10
681 415 10
681 418 10
681 420 10
681 421 10
681 422 10
681 431 10
681 432 10
681 439 10
681 443 10
681 444 10
681 445 10
681 446 10
681 447 10
681 455 10
681 456 10
681 461 10
681 462 10
681 465 10
681 483 10
681 484 10
681 487 10
681 489 10
681 499 10
681 502 10
681 520 10
681 525 10
681 526 10
681 527 10
681 529 10
681 534 10
681 535 10
681 540 10
681 542 10
681 543 10
681 544 10
681 546 10
681 547 10
681 552 10
681 554 10
681 567 10
681 568 10
681 569 10
681 570 10
681 571 10
681 577 10
681 579 10
681 582 10
681 597 10
681 598 10
681 602 10
681 605 10
681 615 10
681 616 10
681 625 10
681 626 10
681 627 10
681 628 10
681 635 10
681 640 10
681 642 10
681 643 10
681 644 10
681 645 10
681 648 10
681 649 10
681 651 10
681 652 10
681 654 10
681 658 10
681 662 10
681 666 10
681 669 10
681 670 10
681 672 10
681 673 10
681 675 10
681 677 10
681 678 10
681 680 10
681 682 10
681 685 10
681 686 10
681 687 10
681 692 10
681 695 10
681 696 10
681 697 10
681 699 10
681 700 10
681 701 10
681 702 10
681 703 10
681 705 10
681 706 10
681 707 10
681 708 10
681 716 10
681 742 10
681 747 10
681 753 10
681 761 10
681 767 10
682 358 10
682 371 10
682 372 10
682 374 10
682 377 10
682 383 10
682 385 10
682 386 10
682 387 10
682 388 10
682 389 10
682 401 10
682 402 10
682 419 10
682 422 10
682 424 10
682 426 10
682 434 10
682 435 10
682 437 10
682 438 10
682 441 10
682 442 10
682 447 10
682 448 10
682 449 10
682 451 10
682 453 10
682 454 10
682 455 10
682 458 10
682 459 10
682 461 10
682 462 10
682 463 10
682 465 10
682 467 10
682 468 10
682 480 10
682 481 10
682 485 10
682 489 10
682 491 10
682 500 10
682 503 10
682 519 10
682 526 10
682 528 10
682 531 10
682 532 10
682 539 10
682 543 10
682 546 10
682 547 10
682 548 10
682 550 10
682 551 10
682 552 10
682 559 10
682 561 10
682 565 10
682 568 10
682 569 10
682 570 10
682 571 10
682 572 10
682 575 10
682 577 10
682 578 10
682 579 10
682 586 10
682 596 10
682 600 10
682 609 10
682 624 10
682 627 10
682 640 10
682 642 10
682 643 10
682 644 10
682 650 10
682 652 10
682 653 10
682 655 10
682 660 10
682 661 10
682 662 10
682 668 10
682 670 10
682 677 10
682 678 10
682 679 10
682 680 10
682 683 10
682 686 10
682 687 10
682 688 10
682 693 10
682 695 10
682 698 10
682 702 10
682 704 10
682 705 10
682 706 10
682 707 10
682 716 10
682 722 10
682 740 10
682 743 10
682 746 10
682 749 10
682 750 10
682 753 10
682 754 10
682 757 10
682 762 10
683 359 10
683 370 10
683 371 10
683 372 10
683 375 10
683 376 10
683 378 10
683 380 10
683 382 10
683 383 10
683 384 10
683 386 10
683 387 10
683 390 10
683 399 10
683 402 10
683 403 10
683 404 10
683 407 10
683 419 10
683 421 10
683 424 10
683 425 10
683 434 10
683 435 10
683 436 10
683 437 10
683 439 10
683 440 10
683 441 10
683 444 10
683 445 10
683 446 10
683 449 10
683 456 10
683 457 10
683 459 10
683 461 10
683 462 10
683 463 10
683 472 10
683 479 10
683 486 10
683 488 10
683 490 10
683 492 10
683 493 10
683 501 10
683 503 10
683 506 10
683 529 10
683 534 10
683 537 10
683 539 10
683 543 10
683 545 10
683 547 10
683 549 10
683 550 10
683 552 10
683 554 10
683 556 10
683 564 10
683 565 10
683 567 10
683 568 10
683 569 10
683 571 10
683 573 10
683 575 10
683 577 10
683 578 10
683 581 10
683 582 10
683 586 10
683 591 10
683 596 10
683 599 10
683 601 10
683 602 10
683 603 10
683 604 10
683 605 10
683 615 10
683 616 10
683 620 10
683 622 10
683 623 10
683 624 10
683 626 10
683 628 10
683 636 10
683 639 10
683 640 10
683 645 10
683 646 10
683 647 10
683 648 10
683 653 10
683 654 10
683 658 10
683 659 10
683 660 10
683 663 10
683 665 10
683 666 10
683 668 10
683 673 10
683 674 10
683 675 10
683 676 10
683 678 10
683 679 10
683 680 10
683 681 10
683 684 10
683 686 10
683 687 10
683 690 10
683 691 10
683 693 10
683 696 10
683 698 10
683 699 10
683 702 10
683 703 10
683 704 10
683 707 10
683 708 10
683 713 10
683 718 10
683 725 10
683 742 10
683 749 10
683 753 10
683 754 10
683 756 10
683 758 10
684 373 10
684 374 10
684 379 10
684 382 10
684 385 10
684 391 10
684 403 10
684 426 10
684 431 10
684 434 10
684 435 10
684 437 10
684 438 10
684 439 10
684 440 10
684 445 10
684 446 10
684 447 10
684 448 10
684 453 10
684 454 10
684 461 10
684 464 10
684 465 10
684 466 10
684 467 10
684 470 10
684 472 10
684 480 10
684 489 10
684 495 10
684 497 10
684 498 10
684 499 10
684 501 10
684 502 10
684 507 10
684 510 10
684 521 10
684 522 10
684 523 10
684 524 10
684 525 10
684 526 10
684 529 10
684 530 10
684 531 10
684 537 10
684 543 10
684 544 10
684 545 10
684 546 10
684 549 10
684 551 10
684 553 10
684 555 10
684 557 10
684 567 10
684 568 10
684 569 10
684 570 10
684 571 10
684 573 10
684 574 10
684 575 10
684 577 10
684 591 10
684 593 10
684 594 10
684 595 10
684 596 10
684 599 10
684 603 10
684 608 10
684 609 10
684 620 10
684 623 10
684 625 10
684 626 10
684 627 10
684 630 10
684 640 10
684 643 10
684 645 10
684 648 10
684 651 10
684 652 10
684 653 10
684 658 10
684 660 10
684 661 10
684 663 10
684 667 10
684 673 10
684 676 10
684 677 10
684 678 10
684 680 10
684 681 10
684 682 10
684 685 10
684 686 10
684 687 10
684 688 10
684 689 10
684 690 10
684 693 10
684 694 10
684 695 10
684 697 10
684 699 10
684 700 10
684 702 10
684 707 10
684 708 10
684 710 10
684 713 10
684 716 10
684 725 10
684 726 10
684 727 10
684 752 10
684 754 10
684 756 10
684 758 10
685 364 10
685 365 10
685 366 10
685 375 10
685 376 10
685 383 10
685 386 10
685 401 10
685 403 10
685 405 10
685 407 10
685 428 10
685 431 10
685 440 10
685 441 10
685 442 10
685 443 10
685 444 10
685 446 10
685 448 10
685 451 10
685 453 10
685 454 10
685 456 10
685 462 10
685 470 10
685 475 10
685 481 10
685 487 10
685 488 10
685 489 10
685 490 10
685 493 10
685 494 10
685 496 10
685 497 10
685 498 10
685 499 10
685 501 10
685 502 10
685 503 10
685 509 10
685 521 10
685 523 10
685 527 10
685 528 10
685 529 10
685 532 10
685 533 10
685 534 10
685 537 10
685 538 10
685 540 10
685 542 10
685 543 10
685 547 10
685 549 10
685 550 10
685 556 10
685 558 10
685 561 10
685 562 10
685 564 10
685 565 10
685 567 10
685 570 10
685 571 10
685 572 10
685 573 10
685 574 10
685 577 10
685 579 10
685 580 10
685 581 10
685 584 10
685 585 10
685 586 10
685 588 10
685 590 10
685 594 10
685 595 10
685 596 10
685 599 10
685 603 10
685 617 10
685 622 10
685 624 10
685 626 10
685 629 10
685 631 10
685 639 10
685 640 10
685 645 10
685 647 10
685 657 10
685 659 10
685 660 10
685 662 10
685 663 10
685 664 10
685 665 10
685 667 10
685 670 10
685 673 10
685 675 10
685 676 10
685 677 10
685 678 10
685 680 10
685 681 10
685 684 10
685 685 10
685 686 10
685 687 10
685 688 10
685 691 10
685 699 10
685 700 10
685 701 10
685 704 10
685 709 10
685 715 10
685 727 10
685 747 10
685 754 10
685 756 10
686 367 10
686 384 10
686 385 10
686 386 10
686 387 10
686 398 10
686 400 10
686 403 10
686 404 10
686 407 10
686 408 10
686 419 10
686 420 10
686 427 10
686 431 10
686 432 10
686 440 10
686 443 10
686 444 10
686 445 10
686 446 10
686 453 10
686 455 10
686 456 10
686 457 10
686 458 10
686 460 10
686 461 10
686 462 10
686 463 10
686 464 10
686 465 10
686 468 10
686 469 10
686 470 10
686 471 10
686 472 10
686 473 10
686 482 10
686 485 10
686 488 10
686 489 10
686 491 10
686 492 10
686 493 10
686 495 10
686 496 10
686 497 10
686 498 10
686 499 10
686 500 10
686 501 10
686 503 10
686 513 10
686 521 10
686 524 10
686 526 10
686 528 10
686 530 10
686 534 10
686 535 10
686 536 10
686 537 10
686 538 10
686 539 10
686 542 10
686 543 10
686 545 10
686 549 10
686 551 10
686 554 10
686 556 10
686 557 10
686 561 10
686 562 10
686 565 10
686 566 10
686 567 10
686 569 10
686 570 10
686 572 10
686 573 10
686 574 10
686 586 10
686 587 10
686 588 10
686 592 10
686 593 10
686 595 10
686 597 10
686 602 10
686 617 10
686 620 10
686 623 10
686 624 10
686 626 10
686 627 10
686 645 10
686 647 10
686 655 10
686 661 10
686 662 10
686 663 10
686 664 10
686 667 10
686 669 10
686 670 10
686 674 10
686 675 10
686 676 10
686 677 10
686 679 10
686 680 10
686 681 10
686 682 10
686 683 10
686 684 10
686 685 10
686 687 10
686 688 10
686 695 10
686 699 10
686 701 10
686 709 10
686 710 10
686 722 10
686 736 10
686 750 10
686 751 10
686 753 10
686 755 10
686 757 10
687 364 10
687 367 10
687 377 10
687 386 10
687 401 10
687 403 10
687 404 10
687 405 10
687 419 10
687 424 10
687 425 10
687 427 10
687 429 10
687 432 10
687 434 10
687 435 10
687 437 10
687 439 10
687 442 10
687 443 10
687 444 10
687 445 10
687 446 10
687 452 10
687 453 10
687 454 10
687 455 10
687 456 10
687 457 10
687 459 10
687 461 10
687 462 10
687 463 10
687 464 10
687 465 10
687 466 10
687 470 10
687 482 10
687 483 10
687 485 10
687 488 10
687 490 10
687 492 10
687 493 10
687 494 10
687 495 10
687 496 10
687 497 10
687 498 10
687 499 10
687 500 10
687 513 10
687 515 10
687 519 10
687 521 10
687 523 10
687 525 10
687 528 10
687 529 10
687 533 10
687 534 10
687 536 10
687 539 10
687 540 10
687 542 10
687 544 10
687 545 10
687 546 10
687 547 10
687 548 10
687 549 10
687 555 10
687 556 10
687 557 10
687 559 10
687 560 10
687 561 10
687 562 10
687 564 10
687 565 10
687 566 10
687 567 10
687 568 10
687 569 10
687 570 10
687 571 10
687 572 10
687 573 10
687 575 10
687 576 10
687 580 10
687 585 10
687 586 10
687 589 10
687 591 10
687 594 10
687 599 10
687 600 10
687 605 10
687 608 10
687 610 10
687 621 10
687 623 10
687 624 10
687 626 10
687 629 10
687 645 10
687 647 10
687 659 10
687 661 10
687 664 10
687 671 10
687 673 10
687 674 10
687 675 10
687 676 10
687 677 10
687 678 10
687 679 10
687 680 10
687 681 10
687 683 10
687 684 10
687 685 10
687 686 10
687 687 10
687 688 10
687 693 10
687 694 10
687 698 10
687 700 10
687 701 10
687 702 10
687 704 10
687 715 10
687 716 10
687 730 10
687 734 10
687 737 10
687 751 10
687 754 10
687 756 10
687 757 10
688 365 10
688 367 10
688 382 10
688 385 10
688 396 10
688 397 10
688 399 10
688 400 10
688 401 10
688 407 10
688 409 10
688 420 10
688 422 10
688 424 10
688 426 10
688 427 10
688 430 10
688 431 10
688 433 10
688 434 10
688 436 10
688 439 10
688 440 10
688 441 10
688 442 10
688 443 10
688 444 10
688 447 10
688 448 10
688 449 10
688 451 10
688 454 10
688 457 10
688 458 10
688 460 10
688 461 10
688 462 10
688 463 10
688 464 10
688 469 10
688 486 10
688 488 10
688 489 10
688 491 10
688 493 10
688 494 10
688 495 10
688 496 10
688 497 10
688 498 10
688 499 10
688 500 10
688 501 10
688 505 10
688 507 10
688 510 10
688 515 10
688 517 10
688 520 10
688 523 10
688 524 10
688 530 10
688 532 10
688 533 10
688 534 10
688 536 10
688 537 10
688 539 10
688 540 10
688 541 10
688 543 10
688 545 10
688 548 10
688 552 10
688 555 10
688 560 10
688 561 10
688 562 10
688 563 10
688 564 10
688 567 10
688 571 10
688 572 10
688 573 10
688 575 10
688 576 10
688 577 10
688 585 10
688 586 10
688 589 10
688 599 10
688 601 10
688 602 10
688 604 10
688 605 10
688 614 10
688 617 10
688 626 10
688 644 10
688 646 10
688 655 10
688 657 10
688 659 10
688 661 10
688 662 10
688 667 10
688 668 10
688 669 10
688 670 10
688 673 10
688 677 10
688 679 10
688 680 10
688 681 10
688 683 10
688 684 10
688 688 10
688 689 10
688 693 10
688 695 10
688 698 10
688 700 10
688 701 10
688 702 10
688 703 10
688 705 10
688 706 10
688 710 10
688 714 10
688 718 10
688 725 10
688 726 10
688 732 10
688 734 10
688 736 10
689 365 10
689 382 10
689 387 10
689 397 10
689 399 10
689 400 10
689 401 10
689 404 10
689 409 10
689 422 10
689 425 10
689 432 10
689 447 10
689 449 10
689 450 10
689 451 10
689 452 10
689 453 10
689 456 10
689 459 10
689 460 10
689 461 10
689 462 10
689 463 10
689 468 10
689 469 10
689 480 10
689 482 10
689 485 10
689 486 10
689 489 10
689 491 10
689 492 10
689 495 10
689 496 10
689 497 10
689 498 10
689 499 10
689 500 10
689 511 10
689 514 10
689 516 10
689 517 10
689 521 10
689 524 10
689 527 10
689 528 10
689 530 10
689 535 10
689 537 10
689 538 10
689 539 10
689 540 10
689 541 10
689 542 10
689 543 10
689 544 10
689 545 10
689 546 10
689 547 10
689 552 10
689 553 10
689 556 10
689 562 10
689 563 10
689 564 10
689 566 10
689 567 10
689 568 10
689 569 10
689 571 10
689 572 10
689 574 10
689 575 10
689 578 10
689 579 10
689 582 10
689 585 10
689 591 10
689 592 10
689 593 10
689 599 10
689 601 10
689 603 10
689 609 10
689 610 10
689 611 10
689 612 10
689 617 10
689 618 10
689 620 10
689 622 10
689 624 10
689 625 10
689 644 10
689 653 10
689 658 10
689 663 10
689 671 10
689 674 10
689 676 10
689 677 10
689 678 10
689 679 10
689 682 10
689 683 10
689 685 10
689 686 10
689 687 10
689 693 10
689 696 10
689 700 10
689 701 10
689 702 10
689 705 10
689 707 10
689 708 10
689 711 10
689 713 10
689 715 10
689 716 10
689 717 10
689 726 10
689 727 10
689 728 10
689 730 10
689 733 10
689 748 10
689 753 10
690 379 10
690 384 10
690 390 10
690 395 10
690 396 10
690 397 10
690 399 10
690 400 10
690 401 10
690 402 10
690 403 10
690 404 10
690 405 10
690 406 10
690 415 10
690 420 10
690 425 10
690 429 10
690 433 10
690 438 10
690 449 10
690 450 10
690 451 10
690 455 10
690 458 10
690 459 10
690 461 10
690 468 10
690 470 10
690 471 10
690 472 10
690 486 10
690 487 10
690 491 10
690 494 10
690 495 10
690 496 10
690 498 10
690 499 10
690 508 10
690 510 10
690 515 10
690 522 10
690 523 10
690 525 10
690 531 10
690 533 10
690 534 10
690 535 10
690 536 10
690 537 10
690 539 10
690 541 10
690 544 10
690 545 10
690 547 10
690 548 10
690 553 10
690 554 10
690 555 10
690 561 10
690 563 10
690 564 10
690 565 10
690 566 10
690 567 10
690 569 10
690 570 10
690 575 10
690 577 10
690 578 10
690 579 10
690 582 10
690 585 10
690 586 10
690 588 10
690 589 10
690 590 10
690 591 10
690 595 10
690 596 10
690 602 10
690 608 10
690 609 10
690 618 10
690 621 10
690 622 10
690 624 10
690 626 10
690 628 10
690 633 10
690 641 10
690 642 10
690 643 10
690 644 10
690 645 10
690 648 10
690 652 10
690 655 10
690 656 10
690 658 10
690 663 10
690 671 10
690 673 10
690 674 10
690 676 10
690 677 10
690 678 10
690 679 10
690 680 10
690 684 10
690 685 10
690 698 10
690 701 10
690 704 10
690 705 10
690 709 10
690 712 10
690 714 10
690 715 10
690 718 10
690 731 10
690 734 10
691 376 10
691 386 10
691 387 10
691 390 10
691 391 10
691 392 10
691 394 10
691 396 10
691 398 10
691 401 10
691 403 10
691 404 10
691 405 10
691 411 10
691 412 10
691 419 10
691 421 10
691 426 10
691 428 10
691 432 10
691 434 10
691 436 10
691 438 10
691 439 10
691 440 10
691 449 10
691 450 10
691 451 10
691 454 10
691 455 10
691 458 10
691 461 10
691 466 10
691 481 10
691 482 10
691 483 10
691 484 10
691 486 10
691 489 10
691 491 10
691 492 10
691 493 10
691 496 10
691 500 10
691 504 10
691 509 10
691 511 10
691 512 10
691 513 10
691 514 10
691 516 10
691 517 10
691 518 10
691 521 10
691 522 10
691 523 10
691 528 10
691 530 10
691 532 10
691 533 10
691 534 10
691 536 10
691 537 10
691 538 10
691 539 10
691 541 10
691 542 10
691 549 10
691 554 10
691 555 10
691 562 10
691 563 10
691 564 10
691 566 10
691 567 10
691 568 10
691 569 10
691 574 10
691 575 10
691 577 10
691 580 10
691 582 10
691 584 10
691 589 10
691 590 10
691 591 10
691 592 10
691 593 10
691 614 10
691 620 10
691 621 10
691 623 10
691 624 10
691 627 10
691 638 10
691 640 10
691 641 10
691 643 10
691 644 10
691 645 10
691 663 10
691 673 10
691 674 10
691 676 10
691 679 10
691 680 10
691 681 10
691 682 10
691 685 10
691 686 10
691 688 10
691 690 10
691 696 10
691 698 10
691 702 10
691 705 10
691 716 10
691 717 10
691 719 10
691 720 10
691 721 10
691 722 10
691 723 10
691 727 10
691 728 10
691 730 10
691 733 10
692 380 10
692 381 10
692 382 10
692 384 10
692 385 10
692 389 10
692 392 10
692 393 10
692 397 10
692 399 10
692 403 10
692 404 10
692 405 10
692 407 10
692 415 10
692 416 10
692 417 10
692 418 10
692 419 10
692 421 10
692 423 10
692 424 10
692 429 10
692 431 10
692 433 10
692 437 10
692 445 10
692 449 10
692 454 10
692 455 10
692 461 10
692 465 10
692 469 10
692 470 10
692 474 10
692 482 10
692 484 10
692 485 10
692 486 10
692 487 10
692 488 10
692 489 10
692 491 10
692 492 10
692 493 10
692 494 10
692 497 10
692 498 10
692 499 10
692 500 10
692 508 10
692 511 10
692 514 10
692 515 10
692 518 10
692 523 10
692 527 10
692 528 10
692 529 10
692 531 10
692 532 10
692 533 10
692 534 10
692 538 10
692 540 10
692 541 10
692 543 10
692 546 10
692 550 10
692 553 10
692 554 10
692 557 10
692 561 10
692 562 10
692 564 10
692 565 10
692 566 10
692 567 10
692 568 10
692 569 10
692 571 10
692 573 10
692 575 10
692 579 10
692 584 10
692 588 10
692 589 10
692 590 10
692 606 10
692 610 10
692 611 10
692 613 10
692 616 10
692 620 10
692 621 10
692 624 10
692 625 10
692 626 10
692 628 10
692 632 10
692 636 10
692 641 10
692 643 10
692 644 10
692 648 10
692 651 10
692 652 10
692 653 10
692 661 10
692 671 10
692 672 10
692 675 10
692 677 10
692 678 10
692 681 10
692 684 10
692 685 10
692 686 10
692 692 10
692 695 10
692 698 10
692 714 10
692 716 10
692 717 10
692 721 10
692 722 10
692 723 10
692 724 10
692 726 10
692 728 10
692 731 10
692 733 10
693 376 10
693 377 10
693 378 10
693 379 10
693 380 10
693 381 10
693 384 10
693 387 10
693 388 10
693 390 10
693 391 10
693 393 10
693 395 10
693 398 10
693 400 10
693 401 10
693 408 10
693 409 10
693 415 10
693 417 10
693 420 10
693 422 10
693 423 10
693 427 10
693 429 10
693 430 10
693 431 10
693 432 10
693 434 10
693 435 10
693 438 10
693 440 10
693 441 10
693 444 10
693 445 10
693 450 10
693 451 10
693 452 10
693 453 10
693 456 10
693 459 10
693 463 10
693 468 10
693 472 10
693 476 10
693 484 10
693 485 10
693 487 10
693 488 10
693 489 10
693 491 10
693 492 10
693 493 10
693 501 10
693 502 10
693 515 10
693 516 10
693 529 10
693 532 10
693 533 10
693 535 10
693 537 10
693 541 10
693 543 10
693 549 10
693 552 10
693 554 10
693 562 10
693 564 10
693 565 10
693 567 10
693 568 10
693 569 10
693 573 10
693 575 10
693 576 10
693 581 10
693 585 10
693 588 10
693 589 10
693 592 10
693 593 10
693 610 10
693 611 10
693 613 10
693 616 10
693 618 10
693 619 10
693 621 10
693 622 10
693 627 10
693 629 10
693 631 10
693 634 10
693 640 10
693 642 10
693 646 10
693 648 10
693 651 10
693 653 10
693 660 10
693 661 10
693 665 10
693 677 10
693 679 10
693 680 10
693 681 10
693 682 10
693 684 10
693 703 10
693 712 10
693 716 10
693 717 10
693 718 10
693 719 10
693 720 10
693 721 10
693 722 10
693 724 10
693 725 10
693 726 10
693 727 10
693 729 10
693 730 10
693 732 10
693 733 10
694 380 10
694 381 10
694 383 10
694 384 10
694 388 10
694 390 10
694 391 10
694 392 10
694 395 10
694 396 10
694 399 10
694 400 10
694 402 10
694 405 10
694 406 10
694 409 10
694 410 10
694 412 10
694 414 10
694 415 10
694 420 10
694 423 10
694 425 10
694 427 10
694 428 10
694 429 10
694 430 10
694 434 10
694 438 10
694 443 10
694 449 10
694 451 10
694 452 10
694 453 10
694 455 10
694 459 10
694 463 10
694 465 10
694 468 10
694 471 10
694 472 10
694 474 10
694 482 10
694 483 10
694 484 10
694 485 10
694 486 10
694 487 10
694 488 10
694 489 10
694 491 10
694 493 10
694 494 10
694 497 10
694 499 10
694 500 10
694 501 10
694 502 10
694 503 10
694 504 10
694 505 10
694 512 10
694 515 10
694 516 10
694 517 10
694 519 10
694 528 10
694 529 10
694 530 10
694 532 10
694 533 10
694 535 10
694 536 10
694 537 10
694 538 10
694 539 10
694 541 10
694 545 10
694 547 10
694 554 10
694 555 10
694 556 10
694 560 10
694 561 10
694 564 10
694 567 10
694 576 10
694 578 10
694 579 10
694 580 10
694 595 10
694 603 10
694 606 10
694 608 10
694 610 10
694 615 10
694 616 10
694 621 10
694 625 10
694 626 10
694 631 10
694 632 10
694 634 10
694 636 10
694 642 10
694 643 10
694 646 10
694 649 10
694 650 10
694 655 10
694 661 10
694 672 10
694 678 10
694 681 10
694 684 10
694 685 10
694 686 10
694 687 10
694 688 10
694 712 10
694 713 10
694 715 10
694 716 10
694 717 10
694 718 10
694 719 10
694 722 10
694 723 10
694 725 10
694 732 10
695 380 10
695 381 10
695 382 10
695 383 10
695 385 10
695 387 10
695 389 10
695 391 10
695 393 10
695 398 10
695 400 10
695 404 10
695 406 10
695 408 10
695 409 10
695 410 10
695 412 10
695 417 10
695 418 10
695 419 10
695 420 10
695 421 10
695 422 10
695 423 10
695 425 10
695 426 10
695 427 10
695 428 10
695 429 10
695 431 10
695 433 10
695 442 10
695 445 10
695 446 10
695 449 10
695 450 10
695 452 10
695 454 10
695 456 10
695 457 10
695 458 10
695 464 10
695 466 10
695 467 10
695 470 10
695 471 10
695 472 10
695 482 10
695 484 10
695 485 10
695 486 10
695 488 10
695 490 10
695 491 10
695 492 10
695 493 10
695 500 10
695 505 10
695 512 10
695 513 10
695 514 10
695 515 10
695 516 10
695 518 10
695 523 10
695 529 10
695 531 10
695 532 10
695 534 10
695 535 10
695 536 10
695 537 10
695 538 10
695 539 10
695 540 10
695 542 10
695 543 10
695 544 10
695 545 10
695 546 10
695 547 10
695 552 10
695 554 10
695 555 10
695 563 10
695 567 10
695 571 10
695 573 10
695 574 10
695 576 10
695 578 10
695 589 10
695 591 10
695 600 10
695 602 10
695 603 10
695 606 10
695 608 10
695 615 10
695 617 10
695 622 10
695 623 10
695 627 10
695 628 10
695 635 10
695 639 10
695 644 10
695 647 10
695 650 10
695 651 10
695 653 10
695 654 10
695 657 10
695 659 10
695 660 10
695 664 10
695 665 10
695 673 10
695 675 10
695 676 10
695 681 10
695 682 10
695 685 10
695 688 10
695 690 10
695 710 10
695 712 10
695 713 10
695 715 10
695 716 10
695 717 10
695 718 10
695 719 10
695 720 10
695 729 10
695 737 10
696 381 10
696 383 10
696 388 10
696 389 10
696 390 10
696 392 10
696 395 10
696 396 10
696 397 10
696 399 10
696 406 10
696 407 10
696 408 10
696 412 10
696 413 10
696 414 10
696 416 10
696 419 10
696 421 10
696 422 10
696 423 10
696 428 10
696 431 10
696 435 10
696 436 10
696 441 10
696 446 10
696 451 10
696 453 10
696 454 10
696 455 10
696 456 10
696 457 10
696 461 10
696 464 10
696 469 10
696 474 10
696 475 10
696 476 10
696 478 10
696 483 10
696 484 10
696 485 10
696 486 10
696 487 10
696 490 10
696 491 10
696 492 10
696 493 10
696 495 10
696 502 10
696 503 10
696 504 10
696 507 10
696 509 10
696 511 10
696 513 10
696 516 10
696 517 10
696 521 10
696 530 10
696 531 10
696 532 10
696 534 10
696 535 10
696 537 10
696 538 10
696 539 10
696 540 10
696 543 10
696 546 10
696 549 10
696 553 10
696 554 10
696 556 10
696 561 10
696 563 10
696 564 10
696 565 10
696 569 10
696 570 10
696 573 10
696 574 10
696 575 10
696 576 10
696 577 10
696 582 10
696 589 10
696 591 10
696 594 10
696 603 10
696 604 10
696 606 10
696 607 10
696 610 10
696 612 10
696 613 10
696 614 10
696 620 10
696 625 10
696 626 10
696 631 10
696 633 10
696 634 10
696 636 10
696 637 10
696 647 10
696 648 10
696 653 10
696 654 10
696 655 10
696 661 10
696 662 10
696 664 10
696 667 10
696 673 10
696 675 10
696 677 10
696 678 10
696 680 10
696 681 10
696 685 10
696 710 10
696 715 10
696 717 10
696 718 10
696 720 10
696 722 10
696 730 10
697 384 10
697 387 10
697 388 10
697 393 10
697 394 10
697 395 10
697 399 10
697 400 10
697 401 10
697 406 10
697 408 10
697 410 10
697 411 10
697 412 10
697 414 10
697 416 10
697 418 10
697 420 10
697 422 10
697 424 10
697 425 10
697 426 10
697 428 10
697 429 10
697 433 10
697 435 10
697 437 10
697 438 10
697 443 10
697 444 10
697 445 10
697 450 10
697 451 10
697 452 10
697 453 10
697 454 10
697 455 10
697 456 10
697 461 10
697 462 10
697 467 10
697 471 10
697 472 10
697 474 10
697 475 10
697 479 10
697 481 10
697 482 10
697 483 10
697 484 10
697 485 10
697 486 10
697 488 10
697 489 10
697 491 10
697 492 10
697 493 10
697 494 10
697 495 10
697 501 10
697 504 10
697 507 10
697 509 10
697 510 10
697 512 10
697 513 10
697 514 10
697 515 10
697 516 10
697 530 10
697 531 10
697 532 10
697 533 10
697 537 10
697 538 10
697 540 10
697 543 10
697 544 10
697 545 10
697 547 10
697 551 10
697 554 10
697 556 10
697 562 10
697 564 10
697 565 10
697 568 10
697 570 10
697 572 10
697 573 10
697 574 10
697 575 10
697 576 10
697 577 10
697 578 10
697 579 10
697 591 10
697 601 10
697 602 10
697 603 10
697 604 10
697 607 10
697 608 10
697 609 10
697 620 10
697 623 10
697 624 10
697 625 10
697 627 10
697 628 10
697 631 10
697 632 10
697 633 10
697 636 10
697 639 10
697 643 10
697 650 10
697 651 10
697 653 10
697 654 10
697 655 10
697 659 10
697 660 10
697 664 10
697 666 10
697 670 10
697 671 10
697 673 10
697 674 10
697 676 10
697 679 10
697 681 10
697 682 10
697 683 10
697 684 10
697 685 10
697 700 10
697 702 10
697 710 10
697 714 10
697 718 10
697 719 10
697 726 10
698 397 10
698 398 10
698 402 10
698 404 10
698 407 10
698 411 10
698 415 10
698 416 10
698 417 10
698 418 10
698 420 10
698 421 10
698 422 10
698 423 10
698 425 10
698 427 10
698 433 10
698 436 10
698 438 10
698 440 10
698 441 10
698 443 10
698 447 10
698 450 10
698 452 10
698 453 10
698 454 10
698 455 10
698 457 10
698 460 10
698 463 10
698 464 10
698 466 10
698 467 10
698 468 10
698 470 10
698 473 10
698 474 10
698 475 10
698 480 10
698 481 10
698 482 10
698 484 10
698 485 10
698 487 10
698 488 10
698 489 10
698 491 10
698 492 10
698 493 10
698 495 10
698 498 10
698 499 10
698 501 10
698 505 10
698 506 10
698 507 10
698 513 10
698 524 10
698 525 10
698 528 10
698 529 10
698 530 10
698 533 10
698 536 10
698 538 10
698 541 10
698 542 10
698 543 10
698 544 10
698 546 10
698 547 10
698 553 10
698 555 10
698 564 10
698 566 10
698 573 10
698 575 10
698 576 10
698 577 10
698 582 10
698 584 10
698 589 10
698 595 10
698 602 10
698 603 10
698 604 10
698 606 10
698 609 10
698 628 10
698 633 10
698 634 10
698 636 10
698 640 10
698 641 10
698 642 10
698 643 10
698 647 10
698 649 10
698 650 10
698 651 10
698 656 10
698 657 10
698 671 10
698 672 10
698 674 10
698 676 10
698 677 10
698 680 10
698 681 10
698 682 10
698 683 10
698 687 10
698 688 10
698 689 10
698 690 10
698 701 10
698 702 10
698 705 10
698 707 10
698 710 10
698 712 10
698 714 10
698 717 10
698 720 10
698 722 10
698 723 10
698 729 10
698 730 10
699 376 10
699 378 10
699 379 10
699 384 10
699 389 10
699 392 10
699 394 10
699 395 10
699 397 10
699 398 10
699 400 10
699 406 10
699 408 10
699 409 10
699 410 10
699 411 10
699 413 10
699 415 10
699 416 10
699 419 10
699 421 10
699 422 10
699 423 10
699 424 10
699 425 10
699 427 10
699 429 10
699 430 10
699 432 10
699 433 10
699 434 10
699 435 10
699 438 10
699 440 10
699 446 10
699 448 10
699 451 10
699 456 10
699 457 10
699 458 10
699 459 10
699 465 10
699 466 10
699 467 10
699 469 10
699 470 10
699 471 10
699 473 10
699 474 10
699 475 10
699 477 10
699 479 10
699 480 10
699 481 10
699 482 10
699 492 10
699 493 10
699 497 10
699 499 10
699 500 10
699 509 10
699 510 10
699 511 10
699 513 10
699 514 10
699 515 10
699 516 10
699 517 10
699 524 10
699 527 10
699 530 10
699 531 10
699 532 10
699 535 10
699 538 10
699 539 10
699 541 10
699 542 10
699 543 10
699 552 10
699 561 10
699 563 10
699 565 10
699 566 10
699 574 10
699 578 10
699 581 10
699 582 10
699 584 10
699 586 10
699 591 10
699 593 10
699 595 10
699 599 10
699 602 10
699 603 10
699 606 10
699 607 10
699 608 10
699 615 10
699 617 10
699 619 10
699 631 10
699 652 10
699 653 10
699 656 10
699 669 10
699 672 10
699 673 10
699 674 10
699 676 10
699 677 10
699 678 10
699 680 10
699 681 10
699 683 10
699 684 10
699 685 10
699 686 10
699 687 10
699 689 10
699 691 10
699 692 10
699 706 10
699 707 10
699 714 10
699 717 10
700 377 10
700 378 10
700 379 10
700 381 10
700 382 10
700 383 10
700 384 10
700 385 10
700 387 10
700 392 10
700 397 10
700 398 10
700 399 10
700 404 10
700 405 10
700 411 10
700 413 10
700 415 10
700 417 10
700 420 10
700 422 10
700 423 10
700 424 10
700 426 10
700 427 10
700 428 10
700 429 10
700 430 10
700 436 10
700 447 10
700 449 10
700 451 10
700 452 10
700 453 10
700 454 10
700 456 10
700 457 10
700 458 10
700 461 10
700 464 10
700 465 10
700 468 10
700 470 10
700 473 10
700 474 10
700 475 10
700 479 10
700 481 10
700 482 10
700 483 10
700 484 10
700 485 10
700 486 10
700 488 10
700 489 10
700 490 10
700 491 10
700 493 10
700 495 10
700 507 10
700 508 10
700 511 10
700 518 10
700 522 10
700 523 10
700 524 10
700 531 10
700 539 10
700 541 10
700 542 10
700 543 10
700 545 10
700 551 10
700 555 10
700 563 10
700 577 10
700 578 10
700 581 10
700 585 10
700 586 10
700 594 10
700 595 10
700 596 10
700 600 10
700 601 10
700 602 10
700 603 10
700 606 10
700 608 10
700 609 10
700 610 10
700 611 10
700 615 10
700 616 10
700 617 10
700 623 10
700 624 10
700 632 10
700 634 10
700 638 10
700 650 10
700 658 10
700 665 10
700 673 10
700 674 10
700 676 10
700 677 10
700 678 10
700 679 10
700 680 10
700 682 10
700 685 10
700 686 10
700 690 10
700 702 10
700 703 10
700 705 10
700 707 10
700 708 10
700 710 10
700 711 10
700 714 10
701 377 10
701 379 10
701 381 10
701 387 10
701 393 10
701 398 10
701 399 10
701 401 10
701 402 10
701 406 10
701 409 10
701 412 10
701 414 10
701 416 10
701 417 10
701 419 10
701 420 10
701 421 10
701 423 10
701 425 10
701 427 10
701 428 10
701 429 10
701 431 10
701 432 10
701 433 10
701 434 10
701 436 10
701 437 10
701 439 10
701 443 10
701 444 10
701 452 10
701 453 10
701 457 10
701 458 10
701 459 10
701 460 10
701 462 10
701 465 10
701 466 10
701 468 10
701 469 10
701 471 10
701 472 10
701 473 10
701 477 10
701 478 10
701 480 10
701 481 10
701 482 10
701 488 10
701 489 10
701 490 10
701 491 10
701 492 10
701 494 10
701 500 10
701 501 10
701 505 10
701 506 10
701 507 10
701 512 10
701 513 10
701 514 10
701 517 10
701 521 10
701 522 10
701 525 10
701 526 10
701 530 10
701 535 10
701 537 10
701 539 10
701 541 10
701 542 10
701 551 10
701 556 10
701 563 10
701 579 10
701 580 10
701 581 10
701 582 10
701 583 10
701 585 10
701 590 10
701 591 10
701 593 10
701 594 10
701 602 10
701 604 10
701 607 10
701 608 10
701 609 10
701 610 10
701 612 10
701 616 10
701 619 10
701 620 10
701 622 10
701 644 10
701 666 10
701 671 10
701 674 10
701 677 10
701 679 10
701 680 10
701 685 10
701 687 10
701 688 10
701 691 10
701 695 10
701 704 10
701 708 10
701 714 10
701 715 10
702 378 10
702 379 10
702 380 10
702 390 10
702 400 10
702 404 10
702 410 10
702 411 10
702 412 10
702 414 10
702 417 10
702 418 10
702 420 10
702 422 10
702 423 10
702 424 10
702 425 10
702 426 10
702 427 10
702 428 10
702 431 10
702 433 10
702 434 10
702 435 10
702 438 10
702 439 10
702 441 10
702 442 10
702 444 10
702 446 10
702 447 10
702 451 10
702 453 10
702 456 10
702 457 10
702 458 10
702 460 10
702 462 10
702 463 10
702 464 10
702 465 10
702 466 10
702 468 10
702 470 10
702 475 10
702 476 10
702 479 10
702 482 10
702 484 10
702 486 10
702 488 10
702 490 10
702 491 10
702 495 10
702 498 10
702 499 10
702 505 10
702 506 10
702 507 10
702 509 10
702 510 10
702 511 10
702 513 10
702 516 10
702 521 10
702 522 10
702 523 10
702 534 10
702 535 10
702 538 10
702 550 10
702 553 10
702 554 10
702 556 10
702 564 10
702 569 10
702 570 10
702 571 10
702 575 10
702 579 10
702 581 10
702 582 10
702 583 10
702 584 10
702 585 10
702 586 10
702 591 10
702 593 10
702 595 10
702 601 10
702 603 10
702 607 10
702 608 10
702 609 10
702 616 10
702 621 10
702 624 10
702 627 10
702 631 10
702 633 10
702 649 10
702 651 10
702 664 10
702 665 10
702 669 10
702 671 10
702 673 10
702 674 10
702 676 10
702 677 10
702 679 10
702 680 10
702 682 10
702 686 10
702 687 10
702 688 10
702 689 10
702 691 10
702 695 10
702 697 10
702 704 10
702 705 10
702 714 10
702 716 10
702 717 10
702 730 10
703 375 10
703 376 10
703 377 10
703 378 10
703 380 10
703 381 10
703 388 10
703 395 10
703 398 10
703 399 10
703 414 10
703 423 10
703 428 10
703 434 10
703 438 10
703 440 10
703 442 10
703 443 10
703 447 10
703 448 10
703 454 10
703 455 10
703 460 10
703 470 10
703 474 10
703 477 10
703 478 10
703 479 10
703 481 10
703 482 10
703 483 10
703 484 10
703 485 10
703 488 10
703 490 10
703 492 10
703 493 10
703 494 10
703 496 10
703 497 10
703 507 10
703 508 10
703 509 10
703 510 10
703 511 10
703 513 10
703 514 10
703 519 10
703 521 10
703 522 10
703 527 10
703 528 10
703 532 10
703 535 10
703 539 10
703 541 10
703 550 10
703 555 10
703 556 10
703 557 10
703 558 10
703 574 10
703 580 10
703 582 10
703 583 10
703 584 10
703 587 10
703 592 10
703 593 10
703 594 10
703 595 10
703 596 10
703 597 10
703 600 10
703 601 10
703 602 10
703 603 10
703 604 10
703 606 10
703 614 10
703 617 10
703 618 10
703 620 10
703 634 10
703 640 10
703 646 10
703 649 10
703 664 10
703 666 10
703 668 10
703 669 10
703 670 10
703 675 10
703 677 10
703 678 10
703 679 10
703 680 10
703 684 10
703 685 10
703 688 10
703 689 10
703 691 10
703 692 10
703 693 10
703 696 10
703 699 10
703 700 10
703 701 10
703 702 10
703 710 10
703 715 10
703 718 10
703 728 10
704 375 10
704 376 10
704 378 10
704 380 10
704 387 10
704 389 10
704 390 10
704 392 10
704 393 10
704 395 10
704 400 10
704 401 10
704 402 10
704 404 10
704 405 10
704 408 10
704 410 10
704 411 10
704 413 10
704 414 10
704 416 10
704 420 10
704 430 10
704 431 10
704 432 10
704 433 10
704 434 10
704 436 10
704 437 10
704 438 10
704 440 10
704 442 10
704 444 10
704 446 10
704 453 10
704 467 10
704 468 10
704 469 10
704 471 10
704 472 10
704 474 10
704 476 10
704 477 10
704 478 10
704 479 10
704 482 10
704 483 10
704 484 10
704 486 10
704 488 10
704 490 10
704 491 10
704 496 10
704 497 10
704 500 10
704 501 10
704 505 10
704 506 10
704 507 10
704 508 10
704 509 10
704 510 10
704 512 10
704 513 10
704 516 10
704 522 10
704 533 10
704 537 10
704 539 10
704 579 10
704 584 10
704 587 10
704 588 10
704 590 10
704 591 10
704 599 10
704 601 10
704 602 10
704 611 10
704 612 10
704 614 10
704 615 10
704 617 10
704 620 10
704 621 10
704 625 10
704 631 10
704 633 10
704 634 10
704 650 10
704 656 10
704 661 10
704 664 10
704 666 10
704 667 10
704 669 10
704 673 10
704 675 10
704 677 10
704 679 10
704 681 10
704 685 10
704 687 10
704 688 10
704 690 10
704 695 10
704 696 10
704 698 10
704 714 10
704 715 10
704 716 10
704 734 10
705 374 10
705 375 10
705 376 10
705 378 10
705 380 10
705 387 10
705 389 10
705 391 10
705 392 10
705 393 10
705 398 10
705 399 10
705 400 10
705 401 10
705 402 10
705 404 10
705 406 10
705 407 10
705 414 10
705 416 10
705 417 10
705 419 10
705 420 10
705 421 10
705 422 10
705 423 10
705 424 10
705 425 10
705 429 10
705 431 10
705 434 10
705 435 10
705 436 10
705 439 10
705 440 10
705 447 10
705 458 10
705 462 10
705 463 10
705 466 10
705 468 10
705 469 10
705 471 10
705 472 10
705 473 10
705 474 10
705 475 10
705 476 10
705 477 10
705 478 10
705 479 10
705 481 10
705 482 10
705 483 10
705 485 10
705 486 10
705 487 10
705 488 10
705 489 10
705 490 10
705 491 10
705 494 10
705 498 10
705 499 10
705 506 10
705 507 10
705 508 10
705 509 10
705 510 10
705 511 10
705 513 10
705 514 10
705 515 10
705 517 10
705 519 10
705 520 10
705 521 10
705 522 10
705 524 10
705 532 10
705 534 10
705 537 10
705 540 10
705 548 10
705 553 10
705 557 10
705 570 10
705 579 10
705 583 10
705 584 10
705 585 10
705 591 10
705 592 10
705 601 10
705 603 10
705 605 10
705 606 10
705 608 10
705 611 10
705 613 10
705 614 10
705 617 10
705 618 10
705 620 10
705 623 10
705 632 10
705 633 10
705 646 10
705 647 10
705 648 10
705 649 10
705 651 10
705 653 10
705 658 10
705 670 10
705 671 10
705 672 10
705 674 10
705 675 10
705 677 10
705 685 10
705 688 10
705 690 10
705 691 10
705 692 10
705 693 10
705 696 10
705 707 10
705 716 10
705 717 10
705 728 10
706 376 10
706 379 10
706 391 10
706 394 10
706 395 10
706 399 10
706 404 10
706 405 10
706 406 10
706 411 10
706 416 10
706 418 10
706 432 10
706 434 10
706 436 10
706 437 10
706 439 10
706 440 10
706 451 10
706 458 10
706 462 10
706 466 10
706 468 10
706 469 10
706 472 10
706 473 10
706 474 10
706 475 10
706 479 10
706 483 10
706 486 10
706 488 10
706 489 10
706 490 10
706 492 10
706 493 10
706 494 10
706 495 10
706 498 10
706 500 10
706 502 10
706 506 10
706 507 10
706 508 10
706 509 10
706 510 10
706 512 10
706 514 10
706 516 10
706 519 10
706 536 10
706 538 10
706 540 10
706 541 10
706 543 10
706 545 10
706 547 10
706 551 10
706 553 10
706 554 10
706 555 10
706 579 10
706 581 10
706 582 10
706 585 10
706 587 10
706 593 10
706 594 10
706 595 10
706 598 10
706 601 10
706 602 10
706 605 10
706 609 10
706 612 10
706 613 10
706 615 10
706 619 10
706 623 10
706 628 10
706 629 10
706 630 10
706 634 10
706 649 10
706 650 10
706 652 10
706 656 10
706 659 10
706 661 10
706 666 10
706 671 10
706 673 10
706 674 10
706 675 10
706 676 10
706 678 10
706 682 10
706 686 10
706 688 10
706 689 10
706 690 10
706 692 10
706 693 10
706 694 10
706 695 10
706 697 10
706 700 10
706 704 10
706 705 10
706 707 10
706 710 10
706 711 10
706 712 10
706 714 10
706 715 10
706 733 10
707 375 10
707 377 10
707 381 10
707 384 10
707 395 10
707 396 10
707 398 10
707 399 10
707 401 10
707 402 10
707 403 10
707 406 10
707 407 10
707 409 10
707 411 10
707 413 10
707 420 10
707 421 10
707 430 10
707 432 10
707 433 10
707 436 10
707 437 10
707 438 10
707 439 10
707 444 10
707 445 10
707 448 10
707 467 10
707 468 10
707 469 10
707 472 10
707 474 10
707 475 10
707 477 10
707 478 10
707 479 10
707 480 10
707 481 10
707 483 10
707 486 10
707 487 10
707 490 10
707 491 10
707 492 10
707 493 10
707 497 10
707 498 10
707 499 10
707 500 10
707 502 10
707 507 10
707 508 10
707 510 10
707 511 10
707 512 10
707 514 10
707 515 10
707 518 10
707 524 10
707 525 10
707 528 10
707 529 10
707 532 10
707 533 10
707 534 10
707 535 10
707 538 10
707 542 10
707 545 10
707 552 10
707 554 10
707 561 10
707 566 10
707 569 10
707 570 10
707 572 10
707 574 10
707 575 10
707 576 10
707 579 10
707 580 10
707 581 10
707 583 10
707 585 10
707 586 10
707 590 10
707 591 10
707 592 10
707 601 10
707 602 10
707 603 10
707 605 10
707 609 10
707 611 10
707 612 10
707 614 10
707 616 10
707 621 10
707 623 10
707 629 10
707 641 10
707 645 10
707 646 10
707 648 10
707 650 10
707 651 10
707 652 10
707 653 10
707 658 10
707 659 10
707 660 10
707 661 10
707 662 10
707 673 10
707 676 10
707 678 10
707 682 10
707 687 10
707 688 10
707 691 10
707 694 10
707 696 10
707 701 10
707 702 10
707 705 10
707 707 10
707 708 10
707 709 10
707 713 10
707 716 10
707 717 10
708 376 10
708 380 10
708 386 10
708 388 10
708 395 10
708 397 10
708 399 10
708 403 10
708 405 10
708 406 10
708 407 10
708 418 10
708 420 10
708 421 10
708 430 10
708 432 10
708 434 10
708 437 10
708 438 10
708 439 10
708 451 10
708 473 10
708 475 10
708 477 10
708 484 10
708 486 10
708 487 10
708 488 10
708 489 10
708 490 10
708 491 10
708 493 10
708 494 10
708 495 10
708 499 10
708 500 10
708 503 10
708 506 10
708 507 10
708 508 10
708 510 10
708 511 10
708 512 10
708 515 10
708 516 10
708 517 10
708 519 10
708 520 10
708 521 10
708 526 10
708 527 10
708 529 10
708 533 10
708 535 10
708 536 10
708 540 10
708 547 10
708 551 10
708 564 10
708 577 10
708 578 10
708 579 10
708 580 10
708 581 10
708 583 10
708 586 10
708 590 10
708 591 10
708 595 10
708 598 10
708 599 10
708 608 10
708 609 10
708 612 10
708 613 10
708 615 10
708 616 10
708 617 10
708 618 10
708 622 10
708 624 10
708 629 10
708 648 10
708 649 10
708 651 10
708 662 10
708 676 10
708 679 10
708 681 10
708 683 10
708 684 10
708 685 10
708 686 10
708 687 10
708 691 10
708 693 10
708 694 10
708 695 10
708 704 10
708 705 10
708 707 10
708 709 10
708 710 10
708 711 10
708 713 10
708 729 10
709 382 10
709 386 10
709 389 10
709 395 10
709 398 10
709 402 10
709 403 10
709 404 10
709 408 10
709 412 10
709 415 10
709 416 10
709 430 10
709 433 10
709 434 10
709 438 10
709 444 10
709 445 10
709 446 10
709 447 10
709 449 10
709 456 10
709 458 10
709 465 10
709 468 10
709 471 10
709 475 10
709 478 10
709 479 10
709 481 10
709 482 10
709 483 10
709 484 10
709 486 10
709 487 10
709 488 10
709 489 10
709 490 10
709 491 10
709 492 10
709 493 10
709 495 10
709 496 10
709 497 10
709 498 10
709 502 10
709 503 10
709 504 10
709 506 10
709 508 10
709 510 10
709 511 10
709 512 10
709 513 10
709 514 10
709 515 10
709 517 10
709 518 10
709 519 10
709 521 10
709 528 10
709 531 10
709 532 10
709 535 10
709 538 10
709 540 10
709 542 10
709 543 10
709 546 10
709 547 10
709 550 10
709 551 10
709 561 10
709 565 10
709 569 10
709 572 10
709 573 10
709 578 10
709 580 10
709 585 10
709 586 10
709 588 10
709 590 10
709 592 10
709 593 10
709 595 10
709 596 10
709 600 10
709 601 10
709 602 10
709 608 10
709 609 10
709 610 10
709 611 10
709 613 10
709 618 10
709 619 10
709 620 10
709 628 10
709 630 10
709 641 10
709 648 10
709 651 10
709 653 10
709 657 10
709 658 10
709 660 10
709 667 10
709 677 10
709 683 10
709 685 10
709 688 10
709 692 10
709 693 10
709 705 10
709 709 10
709 711 10
709 726 10
710 378 10
710 387 10
710 388 10
710 389 10
710 394 10
710 397 10
710 400 10
710 401 10
710 402 10
710 405 10
710 406 10
710 418 10
710 419 10
710 421 10
710 430 10
710 431 10
710 432 10
710 433 10
710 434 10
710 436 10
710 443 10
710 444 10
710 447 10
710 458 10
710 463 10
710 465 10
710 466 10
710 467 10
710 471 10
710 472 10
710 477 10
710 478 10
710 479 10
710 480 10
710 481 10
710 482 10
710 484 10
710 486 10
710 487 10
710 488 10
710 489 10
710 490 10
710 491 10
710 492 10
710 493 10
710 494 10
710 495 10
710 496 10
710 497 10
710 499 10
710 502 10
710 504 10
710 508 10
710 510 10
710 511 10
710 512 10
710 513 10
710 514 10
710 517 10
710 518 10
710 520 10
710 523 10
710 530 10
710 531 10
710 533 10
710 534 10
710 536 10
710 537 10
710 538 10
710 539 10
710 540 10
710 546 10
710 553 10
710 583 10
710 588 10
710 590 10
710 592 10
710 593 10
710 594 10
710 595 10
710 600 10
710 601 10
710 602 10
710 606 10
710 607 10
710 609 10
710 611 10
710 612 10
710 613 10
710 614 10
710 615 10
710 616 10
710 619 10
710 622 10
710 624 10
710 625 10
710 633 10
710 637 10
710 638 10
710 644 10
710 645 10
710 647 10
710 648 10
710 649 10
710 661 10
710 662 10
710 665 10
710 678 10
710 679 10
710 680 10
710 682 10
710 684 10
710 685 10
710 686 10
710 687 10
710 690 10
710 694 10
710 695 10
710 696 10
710 704 10
710 706 10
710 707 10
710 713 10
710 723 10
711 387 10
711 391 10
711 395 10
711 400 10
711 401 10
711 402 10
711 403 10
711 413 10
711 417 10
711 421 10
711 427 10
711 429 10
711 434 10
711 443 10
711 445 10
711 446 10
711 447 10
711 448 10
711 455 10
711 456 10
711 457 10
711 458 10
711 463 10
711 465 10
711 466 10
711 468 10
711 470 10
711 471 10
711 473 10
711 474 10
711 478 10
711 479 10
711 481 10
711 482 10
711 484 10
711 488 10
711 489 10
711 490 10
711 491 10
711 493 10
711 494 10
711 495 10
711 499 10
711 500 10
711 501 10
711 503 10
711 505 10
711 507 10
711 508 10
711 509 10
711 510 10
711 512 10
711 513 10
711 514 10
711 515 10
711 524 10
711 531 10
711 533 10
711 545 10
711 546 10
711 547 10
711 548 10
711 549 10
711 551 10
711 552 10
711 554 10
711 564 10
711 566 10
711 572 10
711 583 10
711 585 10
711 591 10
711 593 10
711 594 10
711 595 10
711 600 10
711 602 10
711 608 10
711 610 10
711 611 10
711 612 10
711 616 10
711 618 10
711 630 10
711 631 10
711 633 10
711 635 10
711 637 10
711 639 10
711 643 10
711 644 10
711 645 10
711 649 10
711 659 10
711 663 10
711 664 10
711 665 10
711 669 10
711 681 10
711 686 10
711 705 10
711 707 10
711 708 10
711 710 10
711 712 10
711 713 10
711 714 10
712 389 10
712 395 10
712 397 10
712 399 10
712 402 10
712 404 10
712 406 10
712 409 10
712 411 10
712 412 10
712 413 10
712 414 10
712 419 10
712 420 10
712 422 10
712 428 10
712 429 10
712 431 10
712 432 10
712 433 10
712 446 10
712 447 10
712 464 10
712 465 10
712 467 10
712 473 10
712 475 10
712 476 10
712 479 10
712 481 10
712 482 10
712 483 10
712 485 10
712 486 10
712 488 10
712 489 10
712 492 10
712 494 10
712 495 10
712 499 10
712 502 10
712 503 10
712 510 10
712 511 10
712 513 10
712 517 10
712 521 10
712 522 10
712 524 10
712 527 10
712 529 10
712 533 10
712 536 10
712 539 10
712 540 10
712 542 10
712 545 10
712 546 10
712 547 10
712 549 10
712 554 10
712 557 10
712 570 10
712 576 10
712 583 10
712 591 10
712 594 10
712 597 10
712 598 10
712 599 10
712 600 10
712 604 10
712 605 10
712 611 10
712 612 10
712 613 10
712 614 10
712 620 10
712 622 10
712 628 10
712 630 10
712 633 10
712 638 10
712 643 10
712 646 10
712 647 10
712 649 10
712 651 10
712 652 10
712 660 10
712 669 10
712 671 10
712 672 10
712 681 10
712 684 10
712 685 10
712 689 10
712 690 10
712 691 10
712 700 10
712 707 10
712 724 10
712 725 10
713 389 10
713 403 10
713 405 10
713 406 10
713 407 10
713 408 10
713 412 10
713 413 10
713 414 10
713 415 10
713 417 10
713 428 10
713 431 10
713 458 10
713 461 10
713 466 10
713 468 10
713 469 10
713 471 10
713 473 10
713 474 10
713 477 10
713 478 10
713 480 10
713 482 10
713 486 10
713 488 10
713 489 10
713 490 10
713 491 10
713 492 10
713 494 10
713 495 10
713 497 10
713 498 10
713 499 10
713 501 10
713 502 10
713 503 10
713 509 10
713 511 10
713 512 10
713 513 10
713 514 10
713 518 10
713 520 10
713 521 10
713 523 10
713 525 10
713 529 10
713 534 10
713 539 10
713 545 10
713 546 10
713 547 10
713 548 10
713 549 10
713 557 10
713 559 10
713 562 10
713 563 10
713 565 10
713 566 10
713 567 10
713 569 10
713 571 10
713 586 10
713 587 10
713 588 10
713 594 10
713 595 10
713 598 10
713 602 10
713 606 10
713 607 10
713 608 10
713 609 10
713 610 10
713 612 10
713 614 10
713 615 10
713 616 10
713 623 10
713 630 10
713 631 10
713 633 10
713 634 10
713 642 10
713 645 10
713 646 10
713 647 10
713 650 10
713 651 10
713 658 10
713 663 10
713 668 10
713 674 10
713 678 10
713 690 10
713 707 10
713 720 10
713 722 10
713 723 10
714 394 10
714 395 10
714 396 10
714 397 10
714 404 10
714 405 10
714 408 10
714 411 10
714 413 10
714 417 10
714 418 10
714 429 10
714 430 10
714 431 10
714 452 10
714 459 10
714 462 10
714 463 10
714 464 10
714 465 10
714 466 10
714 467 10
714 472 10
714 479 10
714 480 10
714 483 10
714 486 10
714 488 10
714 489 10
714 492 10
714 494 10
714 496 10
714 499 10
714 501 10
714 503 10
714 505 10
714 509 10
714 510 10
714 513 10
714 517 10
714 526 10
714 527 10
714 529 10
714 532 10
714 539 10
714 544 10
714 546 10
714 548 10
714 558 10
714 559 10
714 561 10
714 564 10
714 586 10
714 590 10
714 593 10
714 597 10
714 599 10
714 600 10
714 601 10
714 603 10
714 605 10
714 612 10
714 613 10
714 614 10
714 615 10
714 618 10
714 621 10
714 622 10
714 625 10
714 626 10
714 627 10
714 629 10
714 630 10
714 633 10
714 636 10
714 639 10
714 642 10
714 643 10
714 644 10
714 645 10
714 650 10
714 651 10
714 654 10
714 659 10
714 660 10
714 661 10
714 664 10
714 666 10
714 668 10
714 670 10
714 671 10
714 676 10
714 677 10
714 678 10
714 681 10
714 682 10
714 690 10
714 707 10
714 710 10
714 712 10
714 713 10
714 714 10
714 716 10
714 717 10
714 718 10
714 719 10
714 722 10
714 725 10
715 395 10
715 396 10
715 397 10
715 398 10
715 399 10
715 400 10
715 402 10
715 405 10
715 407 10
715 411 10
715 414 10
715 415 10
715 416 10
715 417 10
715 418 10
715 420 10
715 421 10
715 459 10
715 463 10
715 464 10
715 465 10
715 466 10
715 468 10
715 471 10
715 472 10
715 473 10
715 477 10
715 478 10
715 481 10
715 482 10
715 487 10
715 490 10
715 491 10
715 493 10
715 494 10
715 496 10
715 499 10
715 503 10
715 509 10
715 512 10
715 527 10
715 529 10
715 533 10
715 535 10
715 538 10
715 539 10
715 541 10
715 542 10
715 546 10
715 547 10
715 549 10
715 550 10
715 551 10
715 554 10
715 556 10
715 558 10
715 559 10
715 560 10
715 561 10
715 563 10
715 564 10
715 567 10
715 569 10
715 573 10
715 580 10
715 581 10
715 582 10
715 585 10
715 590 10
715 592 10
715 596 10
715 598 10
715 599 10
715 607 10
715 609 10
715 611 10
715 612 10
715 615 10
715 617 10
715 621 10
715 622 10
715 624 10
715 625 10
715 631 10
715 632 10
715 638 10
715 640 10
715 641 10
715 643 10
715 650 10
715 656 10
715 658 10
715 659 10
715 660 10
715 662 10
715 669 10
715 684 10
715 688 10
715 701 10
715 707 10
715 710 10
715 713 10
715 718 10
715 719 10
715 720 10
715 721 10
715 723 10
715 724 10
715 725 10
716 389 10
716 393 10
716 395 10
716 396 10
716 397 10
716 398 10
716 399 10
716 402 10
716 403 10
716 404 10
716 405 10
716 406 10
716 407 10
716 408 10
716 410 10
716 412 10
716 414 10
716 415 10
716 416 10
716 417 10
716 418 10
716 420 10
716 421 10
716 422 10
716 423 10
716 452 10
716 456 10
716 458 10
716 461 10
716 463 10
716 464 10
716 465 10
716 466 10
716 467 10
716 471 10
716 472 10
716 473 10
716 474 10
716 477 10
716 479 10
716 480 10
716 481 10
716 482 10
716 485 10
716 487 10
716 488 10
716 491 10
716 492 10
716 493 10
716 494 10
716 497 10
716 501 10
716 502 10
716 506 10
716 507 10
716 508 10
716 509 10
716 511 10
716 512 10
716 514 10
716 516 10
716 520 10
716 525 10
716 534 10
716 536 10
716 538 10
716 539 10
716 540 10
716 542 10
716 544 10
716 546 10
716 553 10
716 555 10
716 557 10
716 559 10
716 563 10
716 566 10
716 567 10
716 568 10
716 569 10
716 570 10
716 572 10
716 585 10
716 586 10
716 588 10
716 592 10
716 593 10
716 595 10
716 602 10
716 608 10
716 613 10
716 614 10
716 617 10
716 619 10
716 622 10
716 623 10
716 624 10
716 628 10
716 632 10
716 636 10
716 637 10
716 638 10
716 639 10
716 641 10
716 643 10
716 647 10
716 648 10
716 650 10
716 654 10
716 656 10
716 657 10
716 658 10
716 660 10
716 661 10
716 663 10
716 664 10
716 669 10
716 685 10
716 711 10
716 718 10
716 720 10
716 721 10
716 722 10
716 723 10
716 725 10
717 389 10
717 393 10
717 395 10
717 396 10
717 397 10
717 398 10
717 399 10
717 402 10
717 403 10
717 404 10
717 407 10
717 409 10
717 412 10
717 413 10
717 414 10
717 418 10
717 421 10
717 425 10
717 454 10
717 459 10
717 463 10
717 465 10
717 469 10
717 470 10
717 472 10
717 473 10
717 474 10
717 475 10
717 476 10
717 479 10
717 480 10
717 482 10
717 485 10
717 486 10
717 490 10
717 491 10
717 493 10
717 506 10
717 509 10
717 511 10
717 513 10
717 514 10
717 526 10
717 527 10
717 528 10
717 529 10
717 531 10
717 532 10
717 533 10
717 534 10
717 535 10
717 536 10
717 538 10
717 539 10
717 540 10
717 542 10
717 544 10
717 545 10
717 546 10
717 552 10
717 554 10
717 557 10
717 558 10
717 559 10
717 560 10
717 564 10
717 565 10
717 567 10
717 568 10
717 569 10
717 570 10
717 571 10
717 578 10
717 581 10
717 582 10
717 583 10
717 584 10
717 585 10
717 587 10
717 589 10
717 590 10
717 593 10
717 598 10
717 599 10
717 608 10
717 609 10
717 610 10
717 611 10
717 612 10
717 614 10
717 615 10
717 616 10
717 618 10
717 628 10
717 633 10
717 637 10
717 640 10
717 643 10
717 644 10
717 645 10
717 647 10
717 649 10
717 651 10
717 653 10
717 656 10
717 658 10
717 659 10
717 664 10
717 669 10
717 671 10
717 681 10
717 682 10
717 683 10
717 684 10
717 690 10
717 710 10
717 718 10
717 720 10
718 389 10
718 391 10
718 392 10
718 395 10
718 396 10
718 397 10
718 399 10
718 402 10
718 403 10
718 404 10
718 405 10
718 406 10
718 407 10
718 408 10
718 409 10
718 410 10
718 411 10
718 412 10
718 415 10
718 416 10
718 418 10
718 420 10
718 462 10
718 467 10
718 469 10
718 471 10
718 472 10
718 476 10
718 477 10
718 479 10
718 480 10
718 488 10
718 491 10
718 499 10
718 500 10
718 503 10
718 506 10
718 508 10
718 511 10
718 513 10
718 515 10
718 516 10
718 519 10
718 523 10
718 525 10
718 526 10
718 527 10
718 528 10
718 534 10
718 536 10
718 537 10
718 538 10
718 541 10
718 542 10
718 546 10
718 547 10
718 549 10
718 552 10
718 553 10
718 554 10
718 559 10
718 560 10
718 561 10
718 562 10
718 565 10
718 567 10
718 568 10
718 569 10
718 570 10
718 574 10
718 578 10
718 583 10
718 584 10
718 586 10
718 588 10
718 592 10
718 593 10
718 595 10
718 605 10
718 606 10
718 608 10
718 609 10
718 610 10
718 615 10
718 616 10
718 627 10
718 630 10
718 631 10
718 632 10
718 638 10
718 639 10
718 640 10
718 644 10
718 645 10
718 647 10
718 648 10
718 649 10
718 652 10
718 654 10
718 655 10
718 657 10
718 661 10
718 664 10
718 666 10
718 667 10
718 670 10
718 671 10
718 672 10
718 683 10
718 684 10
718 686 10
718 687 10
718 691 10
718 704 10
718 705 10
718 714 10
718 716 10
718 719 10
718 720 10
719 391 10
719 394 10
719 397 10
719 404 10
719 406 10
719 407 10
719 408 10
719 409 10
719 410 10
719 411 10
719 414 10
719 415 10
719 417 10
719 424 10
719 425 10
719 453 10
719 457 10
719 458 10
719 459 10
719 460 10
719 466 10
719 467 10
719 468 10
719 470 10
719 471 10
719 473 10
719 474 10
719 475 10
719 480 10
719 481 10
719 489 10
719 492 10
719 494 10
719 530 10
719 534 10
719 537 10
719 538 10
719 539 10
719 540 10
719 543 10
719 545 10
719 547 10
719 548 10
719 551 10
719 555 10
719 556 10
719 563 10
719 565 10
719 566 10
719 567 10
719 568 10
719 570 10
719 571 10
719 579 10
719 580 10
719 581 10
719 582 10
719 583 10
719 585 10
719 588 10
719 589 10
719 590 10
719 591 10
719 595 10
719 606 10
719 607 10
719 608 10
719 609 10
719 612 10
719 613 10
719 615 10
719 616 10
719 617 10
719 621 10
719 625 10
719 627 10
719 641 10
719 642 10
719 645 10
719 646 10
719 648 10
719 651 10
719 652 10
719 653 10
719 661 10
719 664 10
719 669 10
719 671 10
719 673 10
719 675 10
719 676 10
719 680 10
719 685 10
719 689 10
719 714 10
720 390 10
720 403 10
720 404 10
720 406 10
720 407 10
720 408 10
720 409 10
720 411 10
720 412 10
720 416 10
720 418 10
720 443 10
720 457 10
720 458 10
720 459 10
720 460 10
720 461 10
720 462 10
720 466 10
720 468 10
720 469 10
720 470 10
720 471 10
720 473 10
720 474 10
720 477 10
720 478 10
720 480 10
720 485 10
720 487 10
720 488 10
720 500 10
720 502 10
720 504 10
720 505 10
720 507 10
720 512 10
720 515 10
720 519 10
720 522 10
720 534 10
720 536 10
720 537 10
720 541 10
720 543 10
720 544 10
720 547 10
720 550 10
720 554 10
720 561 10
720 562 10
720 567 10
720 568 10
720 569 10
720 570 10
720 571 10
720 572 10
720 575 10
720 578 10
720 581 10
720 582 10
720 584 10
720 587 10
720 590 10
720 592 10
720 603 10
720 606 10
720 607 10
720 608 10
720 610 10
720 612 10
720 613 10
720 619 10
720 623 10
720 633 10
720 635 10
720 638 10
720 639 10
720 640 10
720 643 10
720 645 10
720 649 10
720 651 10
720 652 10
720 654 10
720 657 10
720 659 10
720 661 10
720 664 10
720 669 10
720 670 10
720 672 10
720 673 10
720 674 10
720 675 10
720 676 10
720 677 10
720 680 10
720 681 10
720 682 10
720 684 10
720 687 10
720 690 10
720 704 10
720 706 10
720 711 10
720 716 10
720 717 10
720 719 10
720 721 10
721 390 10
721 395 10
721 404 10
721 406 10
721 408 10
721 409 10
721 410 10
721 411 10
721 412 10
721 415 10
721 424 10
721 453 10
721 454 10
721 456 10
721 457 10
721 458 10
721 459 10
721 467 10
721 468 10
721 469 10
721 470 10
721 472 10
721 473 10
721 476 10
721 481 10
721 483 10
721 484 10
721 485 10
721 486 10
721 488 10
721 490 10
721 492 10
721 493 10
721 499 10
721 501 10
721 502 10
721 503 10
721 504 10
721 511 10
721 512 10
721 514 10
721 523 10
721 526 10
721 529 10
721 530 10
721 536 10
721 538 10
721 540 10
721 541 10
721 542 10
721 543 10
721 546 10
721 548 10
721 552 10
721 553 10
721 554 10
721 557 10
721 558 10
721 559 10
721 560 10
721 562 10
721 563 10
721 564 10
721 567 10
721 568 10
721 570 10
721 571 10
721 572 10
721 573 10
721 574 10
721 577 10
721 578 10
721 581 10
721 582 10
721 588 10
721 589 10
721 591 10
721 603 10
721 606 10
721 608 10
721 609 10
721 613 10
721 614 10
721 615 10
721 619 10
721 621 10
721 623 10
721 627 10
721 630 10
721 633 10
721 634 10
721 636 10
721 640 10
721 643 10
721 648 10
721 649 10
721 654 10
721 663 10
721 666 10
721 669 10
721 671 10
721 672 10
721 674 10
721 677 10
721 680 10
721 685 10
721 689 10
721 698 10
721 705 10
721 706 10
721 716 10
722 389 10
722 390 10
722 393 10
722 395 10
722 403 10
722 404 10
722 405 10
722 410 10
722 422 10
722 424 10
722 433 10
722 447 10
722 454 10
722 456 10
722 457 10
722 459 10
722 461 10
722 465 10
722 468 10
722 469 10
722 470 10
722 471 10
722 474 10
722 476 10
722 478 10
722 479 10
722 483 10
722 484 10
722 485 10
722 490 10
722 491 10
722 494 10
722 495 10
722 497 10
722 501 10
722 512 10
722 519 10
722 522 10
722 536 10
722 538 10
722 542 10
722 543 10
722 544 10
722 548 10
722 549 10
722 554 10
722 556 10
722 562 10
722 563 10
722 565 10
722 567 10
722 569 10
722 570 10
722 571 10
722 572 10
722 578 10
722 579 10
722 580 10
722 581 10
722 583 10
722 586 10
722 587 10
722 591 10
722 592 10
722 593 10
722 594 10
722 604 10
722 606 10
722 609 10
722 610 10
722 611 10
722 615 10
722 619 10
722 625 10
722 628 10
722 632 10
722 633 10
722 636 10
722 642 10
722 645 10
722 646 10
722 653 10
722 654 10
722 657 10
722 658 10
722 659 10
722 660 10
722 661 10
722 662 10
722 664 10
722 665 10
722 666 10
722 667 10
722 671 10
722 674 10
722 676 10
722 678 10
722 683 10
722 686 10
722 692 10
722 695 10
722 696 10
722 698 10
723 388 10
723 389 10
723 395 10
723 404 10
723 406 10
723 410 10
723 411 10
723 416 10
723 430 10
723 431 10
723 448 10
723 453 10
723 455 10
723 456 10
723 458 10
723 459 10
723 460 10
723 462 10
723 463 10
723 466 10
723 467 10
723 468 10
723 469 10
723 471 10
723 472 10
723 473 10
723 477 10
723 481 10
723 482 10
723 483 10
723 484 10
723 486 10
723 487 10
723 488 10
723 492 10
723 495 10
723 498 10
723 499 10
723 500 10
723 503 10
723 504 10
723 505 10
723 506 10
723 513 10
723 520 10
723 521 10
723 526 10
723 528 10
723 532 10
723 535 10
723 536 10
723 537 10
723 540 10
723 542 10
723 545 10
723 548 10
723 551 10
723 552 10
723 554 10
723 556 10
723 558 10
723 559 10
723 561 10
723 563 10
723 565 10
723 569 10
723 570 10
723 573 10
723 574 10
723 576 10
723 580 10
723 581 10
723 583 10
723 585 10
723 587 10
723 588 10
723 589 10
723 590 10
723 592 10
723 594 10
723 605 10
723 606 10
723 607 10
723 611 10
723 613 10
723 614 10
723 615 10
723 616 10
723 618 10
723 619 10
723 621 10
723 622 10
723 623 10
723 625 10
723 626 10
723 631 10
723 634 10
723 642 10
723 643 10
723 645 10
723 653 10
723 654 10
723 657 10
723 658 10
723 659 10
723 664 10
723 665 10
723 666 10
723 671 10
723 675 10
723 688 10
723 689 10
723 690 10
723 691 10
723 692 10
723 698 10
723 699 10
723 700 10
724 390 10
724 395 10
724 428 10
724 429 10
724 432 10
724 433 10
724 442 10
724 443 10
724 453 10
724 458 10
724 462 10
724 464 10
724 466 10
724 467 10
724 471 10
724 472 10
724 473 10
724 475 10
724 476 10
724 478 10
724 480 10
724 481 10
724 483 10
724 484 10
724 485 10
724 486 10
724 488 10
724 490 10
724 491 10
724 497 10
724 502 10
724 504 10
724 505 10
724 506 10
724 507 10
724 513 10
724 519 10
724 523 10
724 525 10
724 533 10
724 534 10
724 537 10
724 539 10
724 542 10
724 543 10
724 545 10
724 548 10
724 552 10
724 555 10
724 556 10
724 557 10
724 561 10
724 564 10
724 568 10
724 571 10
724 572 10
724 573 10
724 574 10
724 575 10
724 586 10
724 588 10
724 591 10
724 592 10
724 594 10
724 595 10
724 599 10
724 602 10
724 608 10
724 609 10
724 610 10
724 611 10
724 612 10
724 613 10
724 617 10
724 624 10
724 626 10
724 628 10
724 642 10
724 643 10
724 644 10
724 645 10
724 646 10
724 647 10
724 652 10
724 654 10
724 655 10
724 657 10
724 658 10
724 660 10
724 662 10
724 665 10
724 666 10
724 667 10
724 673 10
724 677 10
724 678 10
724 679 10
724 688 10
724 690 10
724 691 10
724 697 10
724 698 10
725 391 10
725 410 10
725 421 10
725 425 10
725 429 10
725 433 10
725 450 10
725 463 10
725 464 10
725 465 10
725 467 10
725 470 10
725 471 10
725 477 10
725 478 10
725 479 10
725 481 10
725 482 10
725 483 10
725 484 10
725 486 10
725 488 10
725 489 10
725 490 10
725 494 10
725 503 10
725 521 10
725 523 10
725 525 10
725 527 10
725 528 10
725 530 10
725 531 10
725 532 10
725 535 10
725 536 10
725 539 10
725 544 10
725 545 10
725 548 10
725 549 10
725 550 10
725 552 10
725 556 10
725 560 10
725 561 10
725 562 10
725 564 10
725 569 10
725 570 10
725 573 10
725 574 10
725 581 10
725 583 10
725 584 10
725 586 10
725 588 10
725 590 10
725 592 10
725 593 10
725 595 10
725 605 10
725 606 10
725 607 10
725 609 10
725 610 10
725 613 10
725 615 10
725 616 10
725 617 10
725 623 10
725 624 10
725 626 10
725 628 10
725 630 10
725 632 10
725 634 10
725 643 10
725 645 10
725 647 10
725 649 10
725 654 10
725 658 10
725 659 10
725 660 10
725 662 10
725 663 10
725 664 10
725 665 10
725 676 10
725 677 10
725 679 10
725 680 10
725 685 10
725 686 10
725 691 10
725 693 10
725 698 10
725 713 10
726 388 10
726 390 10
726 393 10
726 394 10
726 397 10
726 404 10
726 408 10
726 419 10
726 425 10
726 427 10
726 429 10
726 456 10
726 460 10
726 471 10
726 472 10
726 474 10
726 477 10
726 478 10
726 479 10
726 482 10
726 483 10
726 484 10
726 492 10
726 495 10
726 500 10
726 524 10
726 527 10
726 528 10
726 530 10
726 536 10
726 538 10
726 539 10
726 540 10
726 543 10
726 544 10
726 555 10
726 557 10
726 558 10
726 560 10
726 562 10
726 564 10
726 566 10
726 575 10
726 581 10
726 589 10
726 590 10
726 594 10
726 595 10
726 596 10
726 598 10
726 601 10
726 602 10
726 610 10
726 612 10
726 613 10
726 615 10
726 617 10
726 622 10
726 626 10
726 628 10
726 630 10
726 631 10
726 633 10
726 634 10
726 635 10
726 644 10
726 650 10
726 651 10
726 654 10
726 656 10
726 657 10
726 659 10
726 661 10
726 664 10
726 665 10
726 666 10
726 677 10
726 678 10
726 680 10
726 683 10
726 684 10
726 690 10
726 698 10
726 713 10
727 391 10
727 394 10
727 396 10
727 425 10
727 448 10
727 449 10
727 451 10
727 456 10
727 460 10
727 467 10
727 472 10
727 478 10
727 479 10
727 480 10
727 481 10
727 482 10
727 483 10
727 484 10
727 486 10
727 487 10
727 489 10
727 492 10
727 495 10
727 496 10
727 497 10
727 503 10
727 525 10
727 528 10
727 529 10
727 530 10
727 533 10
727 539 10
727 540 10
727 542 10
727 543 10
727 544 10
727 548 10
727 549 10
727 550 10
727 558 10
727 561 10
727 562 10
727 563 10
727 564 10
727 568 10
727 571 10
727 572 10
727 574 10
727 576 10
727 577 10
727 578 10
727 579 10
727 583 10
727 589 10
727 602 10
727 604 10
727 606 10
727 607 10
727 610 10
727 613 10
727 614 10
727 615 10
727 623 10
727 626 10
727 627 10
727 628 10
727 629 10
727 630 10
727 634 10
727 636 10
727 643 10
727 645 10
727 647 10
727 649 10
727 651 10
727 652 10
727 654 10
727 657 10
727 659 10
727 660 10
727 661 10
727 665 10
727 678 10
727 679 10
727 680 10
727 682 10
727 683 10
727 684 10
727 685 10
727 686 10
727 687 10
727 688 10
727 695 10
727 697 10
727 698 10
727 699 10
727 700 10
727 712 10
728 386 10
728 389 10
728 390 10
728 391 10
728 394 10
728 396 10
728 399 10
728 401 10
728 405 10
728 414 10
728 419 10
728 429 10
728 431 10
728 433 10
728 448 10
728 458 10
728 460 10
728 463 10
728 475 10
728 477 10
728 479 10
728 481 10
728 482 10
728 483 10
728 486 10
728 494 10
728 495 10
728 496 10
728 498 10
728 501 10
728 503 10
728 505 10
728 515 10
728 522 10
728 523 10
728 525 10
728 528 10
728 529 10
728 533 10
728 534 10
728 536 10
728 537 10
728 544 10
728 548 10
728 550 10
728 554 10
728 555 10
728 556 10
728 559 10
728 561 10
728 564 10
728 568 10
728 572 10
728 574 10
728 582 10
728 583 10
728 593 10
728 596 10
728 597 10
728 598 10
728 599 10
728 601 10
728 603 10
728 605 10
728 609 10
728 613 10
728 614 10
728 615 10
728 622 10
728 623 10
728 624 10
728 625 10
728 627 10
728 628 10
728 630 10
728 634 10
728 643 10
728 647 10
728 653 10
728 654 10
728 655 10
728 656 10
728 658 10
728 659 10
728 662 10
728 663 10
728 664 10
728 665 10
728 677 10
728 678 10
728 679 10
728 683 10
728 684 10
728 685 10
728 687 10
728 690 10
728 696 10
728 697 10
728 698 10
728 701 10
728 702 10
728 712 10
729 385 10
729 386 10
729 391 10
729 393 10
729 395 10
729 398 10
729 403 10
729 407 10
729 409 10
729 412 10
729 419 10
729 429 10
729 432 10
729 433 10
729 434 10
729 449 10
729 451 10
729 472 10
729 477 10
729 480 10
729 482 10
729 483 10
729 485 10
729 486 10
729 488 10
729 495 10
729 496 10
729 502 10
729 505 10
729 508 10
729 509 10
729 511 10
729 529 10
729 530 10
729 537 10
729 538 10
729 541 10
729 542 10
729 560 10
729 563 10
729 567 10
729 569 10
729 570 10
729 571 10
729 574 10
729 580 10
729 581 10
729 582 10
729 584 10
729 592 10
729 599 10
729 600 10
729 601 10
729 602 10
729 603 10
729 610 10
729 611 10
729 613 10
729 614 10
729 617 10
729 618 10
729 622 10
729 624 10
729 634 10
729 636 10
729 642 10
729 643 10
729 653 10
729 656 10
729 657 10
729 658 10
729 663 10
729 667 10
729 679 10
729 682 10
729 683 10
729 684 10
729 685 10
729 686 10
729 687 10
729 690 10
729 692 10
729 693 10
729 697 10
729 698 10
729 700 10
730 384 10
730 391 10
730 392 10
730 393 10
730 394 10
730 398 10
730 419 10
730 423 10
730 428 10
730 436 10
730 447 10
730 449 10
730 450 10
730 452 10
730 453 10
730 454 10
730 455 10
730 457 10
730 458 10
730 459 10
730 460 10
730 465 10
730 470 10
730 476 10
730 478 10
730 479 10
730 480 10
730 481 10
730 483 10
730 484 10
730 489 10
730 494 10
730 495 10
730 497 10
730 498 10
730 500 10
730 515 10
730 517 10
730 522 10
730 526 10
730 527 10
730 532 10
730 533 10
730 535 10
730 540 10
730 541 10
730 544 10
730 547 10
730 552 10
730 556 10
730 557 10
730 561 10
730 566 10
730 567 10
730 568 10
730 571 10
730 572 10
730 575 10
730 578 10
730 580 10
730 584 10
730 585 10
730 596 10
730 598 10
730 608 10
730 610 10
730 612 10
730 613 10
730 617 10
730 619 10
730 620 10
730 623 10
730 626 10
730 628 10
730 644 10
730 652 10
730 653 10
730 654 10
730 655 10
730 656 10
730 657 10
730 658 10
730 660 10
730 662 10
730 675 10
730 676 10
730 683 10
730 685 10
730 686 10
730 687 10
730 688 10
730 694 10
730 696 10
730 699 10
730 701 10
730 712 10
731 388 10
731 390 10
731 392 10
731 394 10
731 398 10
731 399 10
731 407 10
731 425 10
731 427 10
731 430 10
731 431 10
731 432 10
731 435 10
731 447 10
731 449 10
731 460 10
731 463 10
731 469 10
731 470 10
731 472 10
731 476 10
731 477 10
731 480 10
731 482 10
731 483 10
731 485 10
731 488 10
731 489 10
731 491 10
731 494 10
731 496 10
731 499 10
731 500 10
731 511 10
731 514 10
731 516 10
731 519 10
731 520 10
731 523 10
731 524 10
731 525 10
731 528 10
731 530 10
731 533 10
731 535 10
731 536 10
731 537 10
731 538 10
731 542 10
731 543 10
731 545 10
731 556 10
731 565 10
731 569 10
731 574 10
731 575 10
731 577 10
731 578 10
731 581 10
731 596 10
731 597 10
731 600 10
731 602 10
731 607 10
731 614 10
731 615 10
731 619 10
731 622 10
731 625 10
731 626 10
731 637 10
731 638 10
731 640 10
731 643 10
731 644 10
731 645 10
731 647 10
731 650 10
731 652 10
731 654 10
731 655 10
731 656 10
731 658 10
731 659 10
731 660 10
731 663 10
731 679 10
731 681 10
731 682 10
731 683 10
731 684 10
731 685 10
731 687 10
731 688 10
731 711 10
731 713 10
731 714 10
731 715 10
731 716 10
732 386 10
732 387 10
732 390 10
732 393 10
732 400 10
732 429 10
732 431 10
732 436 10
732 449 10
732 450 10
732 454 10
732 455 10
732 457 10
732 459 10
732 471 10
732 476 10
732 477 10
732 479 10
732 480 10
732 481 10
732 482 10
732 484 10
732 490 10
732 497 10
732 499 10
732 500 10
732 501 10
732 502 10
732 515 10
732 516 10
732 518 10
732 519 10
732 525 10
732 526 10
732 529 10
732 536 10
732 538 10
732 539 10
732 540 10
732 541 10
732 543 10
732 567 10
732 568 10
732 570 10
732 573 10
732 574 10
732 575 10
732 585 10
732 586 10
732 588 10
732 594 10
732 597 10
732 598 10
732 602 10
732 610 10
732 611 10
732 613 10
732 615 10
732 617 10
732 618 10
732 620 10
732 621 10
732 624 10
732 625 10
732 626 10
732 627 10
732 628 10
732 629 10
732 630 10
732 654 10
732 657 10
732 658 10
732 659 10
732 660 10
732 670 10
732 671 10
732 678 10
732 680 10
732 708 10
732 711 10
732 714 10
733 387 10
733 395 10
733 397 10
733 448 10
733 450 10
733 452 10
733 453 10
733 455 10
733 468 10
733 472 10
733 473 10
733 477 10
733 479 10
733 480 10
733 482 10
733 486 10
733 487 10
733 488 10
733 489 10
733 497 10
733 498 10
733 499 10
733 500 10
733 501 10
733 512 10
733 518 10
733 523 10
733 524 10
733 525 10
733 527 10
733 532 10
733 533 10
733 534 10
733 535 10
733 536 10
733 540 10
733 542 10
733 555 10
733 556 10
733 557 10
733 565 10
733 569 10
733 570 10
733 574 10
733 580 10
733 581 10
733 594 10
733 599 10
733 606 10
733 607 10
733 609 10
733 610 10
733 613 10
733 615 10
733 617 10
733 619 10
733 620 10
733 621 10
733 622 10
733 624 10
733 628 10
733 631 10
733 633 10
733 634 10
733 638 10
733 639 10
733 641 10
733 644 10
733 646 10
733 651 10
733 656 10
733 658 10
733 660 10
733 664 10
733 680 10
733 686 10
733 688 10
733 694 10
733 696 10
733 706 10
733 709 10
733 710 10
733 713 10
733 715 10
733 716 10
734 386 10
734 430 10
734 432 10
734 433 10
734 438 10
734 450 10
734 454 10
734 456 10
734 457 10
734 458 10
734 468 10
734 470 10
734 471 10
734 479 10
734 481 10
734 483 10
734 491 10
734 497 10
734 499 10
734 501 10
734 502 10
734 522 10
734 524 10
734 527 10
734 528 10
734 530 10
734 531 10
734 534 10
734 536 10
734 537 10
734 538 10
734 540 10
734 559 10
734 565 10
734 567 10
734 571 10
734 574 10
734 605 10
734 609 10
734 611 10
734 614 10
734 615 10
734 616 10
734 617 10
734 619 10
734 621 10
734 622 10
734 623 10
734 624 10
734 626 10
734 628 10
734 641 10
734 646 10
734 647 10
734 651 10
734 654 10
734 655 10
734 658 10
734 660 10
734 661 10
734 681 10
734 705 10
734 708 10
734 709 10
734 711 10
734 712 10
734 714 10
734 715 10
735 390 10
735 398 10
735 399 10
735 452 10
735 454 10
735 455 10
735 456 10
735 461 10
735 463 10
735 467 10
735 470 10
735 471 10
735 473 10
735 474 10
735 478 10
735 481 10
735 482 10
735 483 10
735 487 10
735 491 10
735 493 10
735 494 10
735 499 10
735 505 10
735 511 10
735 512 10
735 513 10
735 514 10
735 517 10
735 523 10
735 525 10
735 527 10
735 528 10
735 529 10
735 531 10
735 532 10
735 534 10
735 536 10
735 537 10
735 538 10
735 549 10
735 551 10
735 557 10
735 558 10
735 560 10
735 561 10
735 565 10
735 569 10
735 570 10
735 573 10
735 575 10
735 577 10
735 579 10
735 589 10
735 591 10
735 596 10
735 598 10
735 607 10
735 608 10
735 611 10
735 614 10
735 615 10
735 617 10
735 618 10
735 619 10
735 620 10
735 622 10
735 624 10
735 628 10
735 633 10
735 635 10
735 643 10
735 646 10
735 649 10
735 655 10
735 657 10
735 658 10
735 659 10
735 660 10
735 661 10
735 662 10
735 667 10
735 669 10
735 708 10
735 710 10
735 711 10
735 713 10
735 716 10
735 717 10
736 382 10
736 388 10
736 419 10
736 420 10
736 421 10
736 422 10
736 433 10
736 435 10
736 438 10
736 452 10
736 453 10
736 454 10
736 455 10
736 456 10
736 462 10
736 463 10
736 468 10
736 469 10
736 470 10
736 472 10
736 476 10
736 477 10
736 478 10
736 479 10
736 480 10
736 484 10
736 488 10
736 493 10
736 500 10
736 502 10
736 513 10
736 522 10
736 527 10
736 528 10
736 529 10
736 530 10
736 531 10
736 540 10
736 547 10
736 552 10
736 555 10
736 559 10
736 562 10
736 563 10
736 568 10
736 571 10
736 572 10
736 579 10
736 585 10
736 589 10
736 592 10
736 593 10
736 596 10
736 599 10
736 605 10
736 606 10
736 613 10
736 624 10
736 629 10
736 635 10
736 639 10
736 640 10
736 641 10
736 645 10
736 648 10
736 649 10
736 651 10
736 652 10
736 655 10
736 657 10
736 660 10
736 661 10
736 667 10
736 671 10
736 672 10
736 707 10
736 708 10
736 709 10
736 710 10
736 714 10
736 715 10
736 718 10
737 388 10
737 395 10
737 397 10
737 398 10
737 419 10
737 427 10
737 433 10
737 448 10
737 450 10
737 454 10
737 456 10
737 474 10
737 478 10
737 480 10
737 481 10
737 482 10
737 483 10
737 484 10
737 488 10
737 489 10
737 490 10
737 506 10
737 511 10
737 512 10
737 516 10
737 517 10
737 518 10
737 525 10
737 526 10
737 527 10
737 529 10
737 551 10
737 552 10
737 557 10
737 559 10
737 560 10
737 561 10
737 562 10
737 564 10
737 567 10
737 571 10
737 585 10
737 593 10
737 602 10
737 603 10
737 605 10
737 606 10
737 610 10
737 614 10
737 615 10
737 616 10
737 617 10
737 618 10
737 621 10
737 627 10
737 633 10
737 634 10
737 637 10
737 641 10
737 648 10
737 649 10
737 650 10
737 660 10
737 669 10
737 670 10
737 711 10
737 713 10
737 717 10
738 380 10
738 419 10
738 420 10
738 422 10
738 436 10
738 449 10
738 452 10
738 463 10
738 469 10
738 472 10
738 473 10
738 475 10
738 479 10
738 482 10
738 486 10
738 487 10
738 488 10
738 495 10
738 497 10
738 500 10
738 502 10
738 503 10
738 504 10
738 508 10
738 511 10
738 513 10
738 516 10
738 517 10
738 520 10
738 523 10
738 524 10
738 527 10
738 529 10
738 531 10
738 548 10
738 552 10
738 554 10
738 555 10
738 556 10
738 557 10
738 559 10
738 560 10
738 561 10
738 563 10
738 567 10
738 570 10
738 596 10
738 603 10
738 604 10
738 609 10
738 610 10
738 612 10
738 615 10
738 618 10
738 620 10
738 624 10
738 627 10
738 638 10
738 640 10
738 641 10
738 642 10
738 643 10
738 645 10
738 647 10
738 648 10
738 649 10
738 651 10
738 655 10
738 657 10
738 658 10
738 660 10
738 663 10
738 665 10
738 667 10
738 672 10
738 708 10
738 714 10
739 381 10
739 383 10
739 384 10
739 398 10
739 400 10
739 418 10
739 419 10
739 420 10
739 422 10
739 435 10
739 437 10
739 440 10
739 452 10
739 453 10
739 469 10
739 471 10
739 473 10
739 475 10
739 478 10
739 479 10
739 486 10
739 488 10
739 496 10
739 501 10
739 503 10
739 504 10
739 506 10
739 508 10
739 509 10
739 510 10
739 511 10
739 513 10
739 515 10
739 516 10
739 520 10
739 524 10
739 527 10
739 532 10
739 546 10
739 548 10
739 550 10
739 552 10
739 553 10
739 558 10
739 561 10
739 570 10
739 572 10
739 587 10
739 591 10
739 592 10
739 599 10
739 601 10
739 602 10
739 604 10
739 605 10
739 606 10
739 607 10
739 608 10
739 609 10
739 611 10
739 612 10
739 614 10
739 616 10
739 620 10
739 622 10
739 623 10
739 626 10
739 630 10
739 635 10
739 639 10
739 641 10
739 643 10
739 644 10
739 645 10
739 646 10
739 656 10
739 684 10
739 685 10
739 709 10
739 710 10
739 712 10
739 713 10
739 714 10
739 715 10
740 386 10
740 395 10
740 398 10
740 422 10
740 425 10
740 434 10
740 435 10
740 452 10
740 470 10
740 473 10
740 475 10
740 479 10
740 483 10
740 484 10
740 489 10
740 492 10
740 500 10
740 501 10
740 503 10
740 504 10
740 505 10
740 507 10
740 510 10
740 512 10
740 513 10
740 516 10
740 518 10
740 522 10
740 524 10
740 526 10
740 527 10
740 528 10
740 529 10
740 530 10
740 550 10
740 555 10
740 556 10
740 559 10
740 560 10
740 561 10
740 562 10
740 563 10
740 571 10
740 572 10
740 581 10
740 582 10
740 604 10
740 605 10
740 608 10
740 613 10
740 614 10
740 617 10
740 620 10
740 633 10
740 636 10
740 638 10
740 642 10
740 647 10
740 648 10
740 653 10
740 654 10
740 660 10
740 664 10
740 683 10
740 684 10
740 709 10
740 711 10
741 396 10
741 397 10
741 399 10
741 419 10
741 420 10
741 422 10
741 434 10
741 438 10
741 448 10
741 454 10
741 469 10
741 473 10
741 478 10
741 479 10
741 483 10
741 488 10
741 493 10
741 498 10
741 500 10
741 501 10
741 504 10
741 505 10
741 507 10
741 509 10
741 510 10
741 512 10
741 515 10
741 518 10
741 529 10
741 530 10
741 531 10
741 551 10
741 556 10
741 558 10
741 559 10
741 561 10
741 569 10
741 570 10
741 572 10
741 575 10
741 581 10
741 600 10
741 601 10
741 603 10
741 604 10
741 605 10
741 606 10
741 608 10
741 610 10
741 613 10
741 615 10
741 616 10
741 622 10
741 626 10
741 634 10
741 640 10
741 641 10
741 644 10
741 647 10
741 651 10
741 655 10
741 670 10
741 683 10
741 707 10
741 710 10
741 713 10
741 715 10
742 387 10
742 396 10
742 414 10
742 422 10
742 424 10
742 475 10
742 476 10
742 477 10
742 482 10
742 484 10
742 485 10
742 486 10
742 487 10
742 488 10
742 490 10
742 492 10
742 497 10
742 500 10
742 501 10
742 502 10
742 508 10
742 509 10
742 511 10
742 512 10
742 513 10
742 514 10
742 516 10
742 517 10
742 518 10
742 522 10
742 524 10
742 525 10
742 526 10
742 528 10
742 530 10
742 557 10
742 558 10
742 560 10
742 562 10
742 564 10
742 566 10
742 567 10
742 571 10
742 574 10
742 575 10
742 576 10
742 578 10
742 582 10
742 601 10
742 603 10
742 604 10
742 607 10
742 608 10
742 609 10
742 611 10
742 622 10
742 632 10
742 639 10
742 640 10
742 641 10
742 644 10
742 647 10
742 648 10
742 662 10
742 663 10
742 664 10
742 669 10
742 675 10
742 683 10
742 685 10
742 686 10
742 687 10
742 689 10
742 690 10
742 712 10
742 713 10
742 715 10
743 397 10
743 415 10
743 420 10
743 423 10
743 424 10
743 425 10
743 451 10
743 456 10
743 475 10
743 477 10
743 479 10
743 480 10
743 481 10
743 483 10
743 485 10
743 491 10
743 493 10
743 494 10
743 495 10
743 497 10
743 499 10
743 500 10
743 501 10
743 502 10
743 503 10
743 504 10
743 506 10
743 509 10
743 510 10
743 511 10
743 516 10
743 520 10
743 522 10
743 526 10
743 527 10
743 528 10
743 529 10
743 530 10
743 560 10
743 567 10
743 572 10
743 574 10
743 578 10
743 583 10
743 598 10
743 599 10
743 602 10
743 603 10
743 609 10
743 615 10
743 639 10
743 640 10
743 641 10
743 642 10
743 660 10
743 663 10
743 683 10
743 686 10
743 687 10
743 688 10
743 710 10
743 712 10
744 389 10
744 391 10
744 415 10
744 451 10
744 453 10
744 454 10
744 457 10
744 475 10
744 476 10
744 480 10
744 481 10
744 482 10
744 483 10
744 485 10
744 487 10
744 492 10
744 495 10
744 497 10
744 499 10
744 501 10
744 502 10
744 503 10
744 511 10
744 513 10
744 516 10
744 517 10
744 519 10
744 521 10
744 528 10
744 529 10
744 561 10
744 569 10
744 573 10
744 574 10
744 575 10
744 577 10
744 578 10
744 582 10
744 600 10
744 602 10
744 604 10
744 605 10
744 606 10
744 607 10
744 609 10
744 611 10
744 615 10
744 616 10
744 619 10
744 631 10
744 633 10
744 634 10
744 636 10
744 652 10
744 653 10
744 654 10
744 676 10
744 680 10
744 681 10
744 685 10
744 689 10
745 391 10
745 423 10
745 424 10
745 443 10
745 446 10
745 449 10
745 451 10
745 453 10
745 454 10
745 455 10
745 456 10
745 457 10
745 476 10
745 477 10
745 478 10
745 479 10
745 482 10
745 483 10
745 487 10
745 489 10
745 490 10
745 496 10
745 497 10
745 498 10
745 499 10
745 500 10
745 501 10
745 502 10
745 503 10
745 504 10
745 505 10
745 506 10
745 511 10
745 513 10
745 525 10
745 532 10
745 564 10
745 565 10
745 566 10
745 567 10
745 569 10
745 571 10
745 573 10
745 576 10
745 579 10
745 591 10
745 592 10
745 598 10
745 599 10
745 600 10
745 604 10
745 605 10
745 607 10
745 609 10
745 610 10
745 614 10
745 616 10
745 620 10
745 638 10
745 641 10
745 642 10
745 643 10
745 644 10
745 660 10
745 662 10
745 664 10
745 666 10
745 669 10
745 681 10
745 682 10
745 683 10
745 684 10
745 691 10
745 694 10
745 695 10
746 416 10
746 418 10
746 419 10
746 424 10
746 425 10
746 426 10
746 441 10
746 443 10
746 448 10
746 449 10
746 452 10
746 454 10
746 475 10
746 476 10
746 477 10
746 478 10
746 479 10
746 480 10
746 482 10
746 483 10
746 484 10
746 485 10
746 487 10
746 489 10
746 491 10
746 492 10
746 493 10
746 494 10
746 495 10
746 497 10
746 498 10
746 499 10
746 500 10
746 501 10
746 502 10
746 503 10
746 504 10
746 505 10
746 514 10
746 518 10
746 520 10
746 526 10
746 528 10
746 556 10
746 562 10
746 568 10
746 571 10
746 572 10
746 576 10
746 577 10
746 578 10
746 593 10
746 601 10
746 602 10
746 603 10
746 604 10
746 609 10
746 610 10
746 612 10
746 613 10
746 615 10
746 616 10
746 617 10
746 618 10
746 629 10
746 640 10
746 641 10
746 642 10
746 643 10
746 644 10
746 652 10
746 678 10
746 679 10
746 680 10
746 681 10
746 682 10
746 683 10
746 684 10
746 686 10
746 688 10
746 689 10
746 690 10
747 422 10
747 424 10
747 442 10
747 449 10
747 451 10
747 452 10
747 453 10
747 474 10
747 475 10
747 476 10
747 478 10
747 479 10
747 480 10
747 481 10
747 482 10
747 483 10
747 493 10
747 497 10
747 498 10
747 499 10
747 500 10
747 501 10
747 502 10
747 503 10
747 504 10
747 505 10
747 506 10
747 507 10
747 515 10
747 516 10
747 517 10
747 521 10
747 527 10
747 528 10
747 558 10
747 568 10
747 569 10
747 570 10
747 572 10
747 574 10
747 578 10
747 584 10
747 600 10
747 601 10
747 602 10
747 604 10
747 606 10
747 607 10
747 608 10
747 609 10
747 610 10
747 612 10
747 613 10
747 614 10
747 618 10
747 627 10
747 631 10
747 635 10
747 638 10
747 639 10
747 641 10
747 645 10
747 652 10
747 655 10
747 657 10
747 663 10
747 679 10
747 683 10
747 684 10
747 686 10
747 689 10
748 416 10
748 417 10
748 442 10
748 444 10
748 448 10
748 450 10
748 452 10
748 475 10
748 477 10
748 479 10
748 480 10
748 481 10
748 487 10
748 488 10
748 489 10
748 490 10
748 493 10
748 494 10
748 496 10
748 497 10
748 498 10
748 499 10
748 500 10
748 501 10
748 502 10
748 503 10
748 504 10
748 511 10
748 512 10
748 513 10
748 514 10
748 516 10
748 518 10
748 559 10
748 560 10
748 561 10
748 564 10
748 570 10
748 572 10
748 574 10
748 576 10
748 578 10
748 592 10
748 594 10
748 600 10
748 601 10
748 602 10
748 604 10
748 605 10
748 606 10
748 607 10
748 611 10
748 612 10
748 613 10
748 614 10
748 615 10
748 616 10
748 617 10
748 622 10
748 626 10
748 630 10
748 638 10
748 639 10
748 640 10
748 641 10
748 643 10
748 644 10
748 650 10
748 655 10
748 657 10
748 659 10
748 661 10
748 663 10
748 664 10
748 665 10
748 666 10
748 678 10
748 682 10
748 683 10
748 688 10
749 415 10
749 444 10
749 447 10
749 450 10
749 451 10
749 452 10
749 453 10
749 454 10
749 477 10
749 479 10
749 481 10
749 482 10
749 483 10
749 486 10
749 490 10
749 492 10
749 494 10
749 497 10
749 498 10
749 499 10
749 500 10
749 501 10
749 502 10
749 503 10
749 504 10
749 505 10
749 507 10
749 555 10
749 558 10
749 559 10
749 561 10
749 562 10
749 565 10
749 567 10
749 568 10
749 569 10
749 570 10
749 571 10
749 577 10
749 578 10
749 588 10
749 590 10
749 593 10
749 601 10
749 603 10
749 604 10
749 605 10
749 606 10
749 607 10
749 611 10
749 612 10
749 613 10
749 614 10
749 616 10
749 617 10
749 618 10
749 630 10
749 632 10
749 633 10
749 635 10
749 637 10
749 638 10
749 639 10
749 641 10
749 642 10
749 643 10
749 644 10
749 655 10
749 656 10
749 659 10
749 661 10
749 663 10
749 664 10
749 666 10
749 667 10
749 670 10
749 673 10
749 676 10
749 679 10
749 680 10
749 681 10
749 682 10
749 684 10
749 686 10
749 688 10
750 449 10
750 451 10
750 452 10
750 476 10
750 482 10
750 486 10
750 493 10
750 494 10
750 495 10
750 496 10
750 497 10
750 498 10
750 500 10
750 501 10
750 504 10
750 505 10
750 511 10
750 515 10
750 519 10
750 556 10
750 557 10
750 559 10
750 563 10
750 564 10
750 566 10
750 567 10
750 568 10
750 571 10
750 573 10
750 577 10
750 579 10
750 588 10
750 591 10
750 593 10
750 601 10
750 602 10
750 603 10
750 604 10
750 609 10
750 610 10
750 611 10
750 612 10
750 615 10
750 616 10
750 618 10
750 619 10
750 622 10
750 627 10
750 628 10
750 629 10
750 630 10
750 633 10
750 635 10
750 640 10
750 641 10
750 643 10
750 646 10
750 647 10
750 657 10
750 658 10
750 659 10
750 664 10
750 665 10
750 672 10
750 673 10
750 674 10
750 675 10
750 676 10
750 678 10
750 679 10
750 683 10
750 684 10
750 686 10
750 694 10
751 451 10
751 479 10
751 484 10
751 486 10
751 489 10
751 490 10
751 491 10
751 492 10
751 494 10
751 495 10
751 498 10
751 499 10
751 500 10
751 501 10
751 502 10
751 503 10
751 504 10
751 505 10
751 516 10
751 521 10
751 529 10
751 530 10
751 554 10
751 558 10
751 560 10
751 563 10
751 566 10
751 567 10
751 568 10
751 569 10
751 570 10
751 573 10
751 575 10
751 577 10
751 578 10
751 585 10
751 587 10
751 593 10
751 594 10
751 595 10
751 600 10
751 602 10
751 604 10
751 606 10
751 607 10
751 608 10
751 609 10
751 612 10
751 613 10
751 614 10
751 617 10
751 619 10
751 622 10
751 628 10
751 633 10
751 634 10
751 635 10
751 636 10
751 641 10
751 642 10
751 643 10
751 645 10
751 647 10
751 650 10
751 658 10
751 665 10
751 666 10
751 667 10
751 672 10
751 674 10
751 675 10
751 677 10
751 678 10
751 679 10
751 680 10
751 683 10
751 684 10
751 688 10
751 689 10
751 691 10
752 451 10
752 479 10
752 480 10
752 481 10
752 484 10
752 486 10
752 491 10
752 495 10
752 496 10
752 498 10
752 500 10
752 501 10
752 503 10
752 506 10
752 512 10
752 519 10
752 521 10
752 528 10
752 530 10
752 532 10
752 533 10
752 555 10
752 557 10
752 558 10
752 559 10
752 561 10
752 562 10
752 564 10
752 565 10
752 567 10
752 568 10
752 569 10
752 574 10
752 577 10
752 578 10
752 580 10
752 586 10
752 590 10
752 591 10
752 592 10
752 593 10
752 594 10
752 600 10
752 605 10
752 607 10
752 611 10
752 613 10
752 614 10
752 615 10
752 616 10
752 618 10
752 620 10
752 622 10
752 623 10
752 626 10
752 631 10
752 633 10
752 635 10
752 640 10
752 642 10
752 644 10
752 647 10
752 660 10
752 661 10
752 663 10
752 664 10
752 665 10
752 672 10
752 674 10
752 677 10
752 679 10
752 683 10
752 686 10
752 688 10
753 449 10
753 451 10
753 476 10
753 493 10
753 495 10
753 496 10
753 498 10
753 499 10
753 500 10
753 501 10
753 503 10
753 504 10
753 507 10
753 508 10
753 512 10
753 513 10
753 514 10
753 519 10
753 521 10
753 522 10
753 530 10
753 558 10
753 559 10
753 560 10
753 563 10
753 564 10
753 565 10
753 566 10
753 568 10
753 569 10
753 571 10
753 572 10
753 573 10
753 578 10
753 586 10
753 589 10
753 604 10
753 606 10
753 607 10
753 608 10
753 609 10
753 611 10
753 619 10
753 622 10
753 624 10
753 626 10
753 628 10
753 632 10
753 664 10
753 665 10
753 666 10
753 669 10
753 672 10
753 675 10
753 677 10
753 678 10
753 680 10
753 683 10
753 684 10
753 687 10
753 690 10
753 691 10
754 476 10
754 477 10
754 481 10
754 482 10
754 486 10
754 493 10
754 494 10
754 496 10
754 497 10
754 501 10
754 502 10
754 504 10
754 505 10
754 506 10
754 507 10
754 511 10
754 512 10
754 514 10
754 515 10
754 516 10
754 517 10
754 525 10
754 527 10
754 529 10
754 531 10
754 532 10
754 558 10
754 559 10
754 562 10
754 566 10
754 567 10
754 569 10
754 570 10
754 572 10
754 578 10
754 580 10
754 584 10
754 587 10
754 590 10
754 591 10
754 592 10
754 593 10
754 607 10
754 608 10
754 609 10
754 610 10
754 613 10
754 614 10
754 618 10
754 620 10
754 621 10
754 631 10
754 632 10
754 646 10
754 648 10
754 649 10
754 661 10
754 664 10
754 665 10
754 669 10
754 672 10
754 676 10
754 677 10
754 678 10
754 682 10
754 684 10
754 687 10
754 688 10
754 690 10
755 483 10
755 495 10
755 496 10
755 497 10
755 499 10
755 500 10
755 501 10
755 502 10
755 504 10
755 505 10
755 513 10
755 514 10
755 515 10
755 516 10
755 517 10
755 520 10
755 529 10
755 530 10
755 553 10
755 556 10
755 558 10
755 559 10
755 561 10
755 562 10
755 564 10
755 565 10
755 567 10
755 569 10
755 572 10
755 575 10
755 584 10
755 585 10
755 589 10
755 592 10
755 604 10
755 607 10
755 612 10
755 615 10
755 622 10
755 624 10
755 627 10
755 630 10
755 637 10
755 638 10
755 645 10
755 647 10
755 664 10
755 666 10
755 667 10
755 672 10
755 678 10
755 681 10
755 686 10
755 690 10
756 485 10
756 494 10
756 495 10
756 497 10
756 507 10
756 516 10
756 518 10
756 521 10
756 524 10
756 529 10
756 530 10
756 532 10
756 534 10
756 557 10
756 560 10
756 564 10
756 565 10
756 566 10
756 567 10
756 568 10
756 569 10
756 570 10
756 574 10
756 579 10
756 580 10
756 592 10
756 593 10
756 594 10
756 595 10
756 606 10
756 607 10
756 609 10
756 610 10
756 613 10
756 614 10
756 615 10
756 617 10
756 619 10
756 620 10
756 622 10
756 628 10
756 643 10
756 645 10
756 650 10
756 655 10
756 657 10
756 665 10
756 666 10
756 668 10
756 672 10
756 674 10
756 676 10
756 679 10
756 683 10
756 685 10
756 690 10
757 475 10
757 492 10
757 494 10
757 496 10
757 497 10
757 499 10
757 501 10
757 503 10
757 509 10
757 514 10
757 517 10
757 518 10
757 519 10
757 520 10
757 521 10
757 523 10
757 525 10
757 527 10
757 529 10
757 531 10
757 533 10
757 556 10
757 559 10
757 560 10
757 562 10
757 572 10
757 578 10
757 579 10
757 580 10
757 592 10
757 594 10
757 596 10
757 602 10
757 604 10
757 608 10
757 611 10
757 612 10
757 615 10
757 618 10
757 623 10
757 625 10
757 632 10
757 637 10
757 663 10
757 664 10
757 665 10
757 667 10
757 672 10
757 674 10
757 681 10
757 685 10
757 688 10
757 690 10
758 480 10
758 495 10
758 500 10
758 501 10
758 512 10
758 513 10
758 514 10
758 515 10
758 517 10
758 518 10
758 519 10
758 526 10
758 527 10
758 529 10
758 531 10
758 533 10
758 554 10
758 559 10
758 565 10
758 566 10
758 567 10
758 572 10
758 574 10
758 575 10
758 577 10
758 593 10
758 595 10
758 612 10
758 615 10
758 618 10
758 628 10
758 636 10
758 641 10
758 663 10
758 666 10
758 668 10
758 674 10
758 679 10
758 683 10
758 685 10
758 686 10
758 693 10
759 474 10
759 475 10
759 476 10
759 479 10
759 506 10
759 509 10
759 512 10
759 514 10
759 515 10
759 516 10
759 518 10
759 519 10
759 520 10
759 522 10
759 524 10
759 525 10
759 526 10
759 528 10
759 531 10
759 533 10
759 534 10
759 536 10
759 537 10
759 556 10
759 557 10
759 559 10
759 562 10
759 577 10
759 579 10
759 593 10
759 598 10
759 604 10
759 613 10
759 614 10
759 621 10
759 630 10
759 641 10
759 663 10
759 664 10
759 665 10
759 668 10
759 672 10
759 687 10
760 476 10
760 479 10
760 481 10
760 482 10
760 484 10
760 492 10
760 493 10
760 495 10
760 511 10
760 513 10
760 514 10
760 516 10
760 517 10
760 518 10
760 519 10
760 520 10
760 524 10
760 525 10
760 526 10
760 527 10
760 528 10
760 530 10
760 531 10
760 535 10
760 538 10
760 557 10
760 570 10
760 571 10
760 573 10
760 574 10
760 575 10
760 579 10
760 591 10
760 592 10
760 593 10
760 594 10
760 600 10
760 604 10
760 607 10
760 625 10
760 640 10
760 665 10
760 667 10
760 679 10
760 683 10
760 684 10
760 686 10
760 693 10
760 695 10
761 484 10
761 494 10
761 495 10
761 506 10
761 512 10
761 514 10
761 515 10
761 516 10
761 517 10
761 518 10
761 520 10
761 521 10
761 525 10
761 527 10
761 528 10
761 530 10
761 532 10
761 533 10
761 534 10
761 536 10
761 539 10
761 560 10
761 562 10
761 563 10
761 576 10
761 593 10
761 595 10
761 596 10
761 597 10
761 604 10
761 607 10
761 626 10
761 666 10
761 667 10
761 670 10
761 678 10
761 680 10
761 685 10
761 686 10
761 687 10
761 689 10
761 693 10
761 696 10
762 482 10
762 487 10
762 491 10
762 492 10
762 497 10
762 515 10
762 517 10
762 518 10
762 519 10
762 520 10
762 524 10
762 528 10
762 529 10
762 530 10
762 531 10
762 532 10
762 534 10
762 557 10
762 563 10
762 579 10
762 589 10
762 591 10
762 593 10
762 594 10
762 598 10
762 604 10
762 605 10
762 607 10
762 642 10
762 671 10
762 680 10
762 683 10
762 685 10
762 686 10
762 689 10
762 691 10
763 482 10
763 485 10
763 487 10
763 490 10
763 493 10
763 494 10
763 514 10
763 516 10
763 517 10
763 518 10
763 520 10
763 526 10
763 528 10
763 536 10
763 560 10
763 562 10
763 581 10
763 593 10
763 594 10
763 595 10
763 596 10
763 601 10
763 675 10
763 681 10
763 683 10
763 685 10
763 686 10
763 687 10
763 689 10
763 690 10
763 695 10
764 484 10
764 487 10
764 488 10
764 489 10
764 490 10
764 492 10
764 495 10
764 497 10
764 515 10
764 516 10
764 518 10
764 520 10
764 521 10
764 522 10
764 523 10
764 527 10
764 528 10
764 530 10
764 531 10
764 534 10
764 535 10
764 551 10
764 559 10
764 561 10
764 600 10
764 646 10
764 673 10
764 683 10
764 684 10
764 689 10
765 487 10
765 489 10
765 491 10
765 492 10
765 493 10
765 495 10
765 515 10
765 516 10
765 517 10
765 518 10
765 520 10
765 525 10
765 528 10
765 529 10
765 531 10
765 534 10
765 551 10
765 554 10
765 559 10
765 594 10
765 595 10
765 598 10
765 599 10
765 602 10
765 605 10
765 607 10
765 671 10
765 682 10
765 684 10
765 686 10
766 479 10
766 488 10
766 490 10
766 515 10
766 517 10
766 519 10
766 520 10
766 521 10
766 522 10
766 524 10
766 525 10
766 527 10
766 528 10
766 529 10
766 531 10
766 538 10
766 550 10
766 553 10
766 556 10
766 557 10
766 558 10
766 598 10
766 600 10
766 601 10
766 602 10
766 603 10
766 639 10
766 675 10
766 686 10
767 480 10
767 512 10
767 513 10
767 518 10
767 523 10
767 524 10
767 525 10
767 526 10
767 528 10
767 529 10
767 531 10
767 552 10
767 554 10
767 556 10
767 558 10
767 559 10
767 560 10
767 562 10
767 565 10
767 566 10
767 568 10
767 599 10
767 600 10
767 601 10
767 602 10
767 603 10
767 604 10
768 509 10
768 512 10
768 516 10
768 518 10
768 519 10
768 523 10
768 527 10
768 528 10
768 529 10
768 530 10
768 531 10
768 533 10
768 534 10
768 538 10
768 539 10
768 540 10
768 552 10
768 556 10
768 558 10
768 566 10
768 600 10
768 604 10
769 510 10
769 526 10
769 531 10
769 534 10
769 552 10
769 554 10
769 558 10
769 561 10
769 602 10
769 603 10
770 511 10
770 526 10
770 527 10
770 528 10
770 529 10
770 531 10
770 532 10
770 533 10
770 554 10
770 602 10
770 606 10
771 503 10
771 504 10
771 510 10
771 511 10
771 513 10
771 515 10
771 526 10
771 527 10
771 528 10
771 529 10
771 530 10
771 675 10
772 505 10
772 509 10
772 516 10
772 526 10
772 528 10
772 529 10
772 530 10
772 606 10
773 495 10
773 505 10
773 528 10
773 529 10
773 533 10
774 494 10
774 496 10
774 498 10
774 503 10
774 506 10
774 508 10
774 514 10
774 527 10
774 529 10
775 494 10
775 503 10
775 504 10
775 505 10
775 526 10
776 502 10
776 503 10
776 504 10
776 506 10
776 511 10
776 528 10
776 604 10
777 507 10
777 524 10
778 505 10
778 506 10
778 508 10
