1024
349 490 10
350 490 10
351 464 10
351 465 10
351 489 10
351 491 10
351 497 10
352 463 10
352 464 10
352 468 10
352 493 10
352 498 10
353 495 10
353 496 10
353 499 10
353 502 10
353 508 10
354 466 10
354 499 10
354 538 10
355 490 10
355 495 10
355 498 10
355 501 10
355 503 10
355 510 10
355 538 10
356 469 10
356 493 10
356 494 10
356 497 10
356 498 10
356 500 10
356 502 10
356 504 10
356 514 10
356 515 10
356 536 10
357 452 10
357 468 10
357 474 10
357 475 10
357 483 10
357 487 10
357 492 10
357 501 10
357 502 10
357 505 10
357 506 10
357 507 10
358 432 10
358 475 10
358 483 10
358 485 10
358 493 10
358 496 10
358 497 10
358 498 10
358 499 10
358 500 10
358 501 10
358 504 10
358 505 10
358 506 10
358 507 10
358 533 10
358 537 10
358 546 10
359 487 10
359 488 10
359 489 10
359 491 10
359 492 10
359 493 10
359 494 10
359 495 10
359 496 10
359 497 10
359 498 10
359 500 10
359 502 10
359 503 10
359 507 10
359 517 10
359 546 10
359 550 10
360 431 10
360 434 10
360 447 10
360 449 10
360 473 10
360 474 10
360 478 10
360 480 10
360 484 10
360 487 10
360 488 10
360 491 10
360 492 10
360 494 10
360 496 10
360 497 10
360 499 10
360 500 10
360 501 10
360 502 10
360 503 10
360 505 10
360 517 10
360 534 10
360 539 10
360 547 10
360 548 10
361 433 10
361 442 10
361 475 10
361 480 10
361 481 10
361 482 10
361 484 10
361 488 10
361 490 10
361 494 10
361 497 10
361 498 10
361 502 10
361 505 10
361 509 10
361 515 10
361 517 10
361 535 10
361 537 10
361 542 10
361 543 10
361 551 10
362 434 10
362 436 10
362 441 10
362 478 10
362 486 10
362 488 10
362 490 10
362 491 10
362 492 10
362 493 10
362 495 10
362 496 10
362 497 10
362 498 10
362 499 10
362 500 10
362 502 10
362 503 10
362 511 10
362 514 10
362 516 10
362 533 10
362 549 10
362 550 10
363 431 10
363 433 10
363 441 10
363 463 10
363 464 10
363 465 10
363 467 10
363 470 10
363 479 10
363 482 10
363 483 10
363 489 10
363 490 10
363 491 10
363 492 10
363 493 10
363 494 10
363 496 10
363 497 10
363 499 10
363 501 10
363 503 10
363 507 10
363 508 10
363 511 10
363 515 10
363 516 10
363 518 10
363 521 10
363 523 10
363 537 10
363 544 10
363 549 10
363 551 10
363 552 10
364 430 10
364 433 10
364 435 10
364 437 10
364 439 10
364 440 10
364 460 10
364 465 10
364 466 10
364 479 10
364 484 10
364 487 10
364 488 10
364 491 10
364 492 10
364 494 10
364 495 10
364 497 10
364 499 10
364 501 10
364 503 10
364 510 10
364 512 10
364 515 10
364 522 10
364 527 10
364 539 10
364 549 10
365 429 10
365 432 10
365 433 10
365 434 10
365 436 10
365 448 10
365 451 10
365 452 10
365 464 10
365 465 10
365 466 10
365 467 10
365 468 10
365 470 10
365 482 10
365 485 10
365 486 10
365 488 10
365 490 10
365 491 10
365 492 10
365 493 10
365 495 10
365 496 10
365 497 10
365 498 10
365 499 10
365 503 10
365 506 10
365 509 10
365 516 10
365 520 10
365 521 10
365 522 10
365 524 10
365 551 10
366 431 10
366 435 10
366 436 10
366 437 10
366 450 10
366 459 10
366 461 10
366 464 10
366 465 10
366 467 10
366 485 10
366 486 10
366 488 10
366 489 10
366 490 10
366 491 10
366 492 10
366 496 10
366 497 10
366 500 10
366 501 10
366 502 10
366 503 10
366 504 10
366 519 10
366 520 10
366 522 10
366 523 10
366 524 10
366 528 10
366 544 10
366 547 10
366 549 10
367 432 10
367 434 10
367 436 10
367 448 10
367 449 10
367 450 10
367 451 10
367 452 10
367 457 10
367 464 10
367 466 10
367 479 10
367 486 10
367 487 10
367 488 10
367 489 10
367 490 10
367 491 10
367 492 10
367 495 10
367 499 10
367 500 10
367 502 10
367 503 10
367 504 10
367 505 10
367 508 10
367 509 10
367 511 10
367 512 10
367 514 10
367 515 10
367 519 10
367 521 10
367 522 10
367 523 10
367 524 10
367 538 10
367 560 10
368 432 10
368 433 10
368 436 10
368 450 10
368 452 10
368 458 10
368 459 10
368 461 10
368 463 10
368 464 10
368 465 10
368 466 10
368 467 10
368 468 10
368 477 10
368 479 10
368 484 10
368 485 10
368 486 10
368 487 10
368 488 10
368 489 10
368 490 10
368 491 10
368 492 10
368 493 10
368 497 10
368 498 10
368 499 10
368 500 10
368 503 10
368 504 10
368 507 10
368 513 10
368 514 10
368 516 10
368 518 10
368 519 10
368 520 10
368 521 10
368 523 10
368 526 10
368 529 10
368 556 10
369 431 10
369 434 10
369 435 10
369 436 10
369 437 10
369 440 10
369 444 10
369 456 10
369 458 10
369 460 10
369 464 10
369 465 10
369 466 10
369 468 10
369 477 10
369 479 10
369 481 10
369 483 10
369 484 10
369 485 10
369 486 10
369 487 10
369 488 10
369 489 10
369 490 10
369 491 10
369 492 10
369 495 10
369 496 10
369 497 10
369 499 10
369 500 10
369 502 10
369 503 10
369 505 10
369 509 10
369 510 10
369 511 10
369 512 10
369 513 10
369 514 10
369 515 10
369 516 10
369 517 10
369 518 10
369 520 10
369 522 10
369 526 10
369 527 10
369 544 10
369 553 10
369 555 10
369 557 10
370 429 10
370 434 10
370 437 10
370 438 10
370 439 10
370 447 10
370 448 10
370 451 10
370 452 10
370 454 10
370 455 10
370 459 10
370 460 10
370 462 10
370 463 10
370 464 10
370 470 10
370 473 10
370 482 10
370 484 10
370 485 10
370 486 10
370 487 10
370 488 10
370 489 10
370 490 10
370 492 10
370 493 10
370 495 10
370 500 10
370 501 10
370 502 10
370 503 10
370 506 10
370 507 10
370 509 10
370 512 10
370 513 10
370 514 10
370 515 10
370 516 10
370 518 10
370 521 10
370 523 10
370 524 10
370 527 10
370 528 10
370 548 10
370 550 10
370 555 10
371 426 10
371 434 10
371 439 10
371 442 10
371 445 10
371 447 10
371 450 10
371 452 10
371 455 10
371 465 10
371 466 10
371 467 10
371 468 10
371 475 10
371 484 10
371 485 10
371 486 10
371 487 10
371 488 10
371 490 10
371 491 10
371 492 10
371 493 10
371 496 10
371 497 10
371 498 10
371 500 10
371 501 10
371 502 10
371 503 10
371 504 10
371 506 10
371 507 10
371 508 10
371 510 10
371 511 10
371 513 10
371 516 10
371 517 10
371 518 10
371 520 10
371 527 10
371 541 10
371 547 10
371 551 10
371 552 10
371 554 10
371 557 10
371 559 10
372 432 10
372 439 10
372 440 10
372 442 10
372 443 10
372 445 10
372 448 10
372 449 10
372 454 10
372 455 10
372 458 10
372 462 10
372 470 10
372 482 10
372 483 10
372 484 10
372 485 10
372 486 10
372 487 10
372 488 10
372 489 10
372 490 10
372 491 10
372 492 10
372 493 10
372 497 10
372 499 10
372 502 10
372 504 10
372 505 10
372 508 10
372 510 10
372 511 10
372 514 10
372 515 10
372 516 10
372 518 10
372 523 10
372 524 10
372 527 10
372 546 10
372 552 10
372 553 10
372 554 10
372 556 10
373 441 10
373 444 10
373 448 10
373 451 10
373 452 10
373 453 10
373 454 10
373 455 10
373 457 10
373 459 10
373 460 10
373 462 10
373 482 10
373 483 10
373 484 10
373 485 10
373 486 10
373 487 10
373 488 10
373 489 10
373 490 10
373 491 10
373 494 10
373 500 10
373 502 10
373 503 10
373 504 10
373 505 10
373 507 10
373 508 10
373 511 10
373 512 10
373 513 10
373 515 10
373 516 10
373 517 10
373 518 10
373 519 10
373 520 10
373 527 10
373 532 10
373 548 10
373 552 10
373 553 10
373 566 10
373 567 10
373 568 10
374 440 10
374 441 10
374 445 10
374 451 10
374 452 10
374 453 10
374 454 10
374 455 10
374 456 10
374 457 10
374 458 10
374 459 10
374 462 10
374 481 10
374 483 10
374 484 10
374 485 10
374 486 10
374 487 10
374 488 10
374 490 10
374 493 10
374 495 10
374 499 10
374 500 10
374 501 10
374 503 10
374 504 10
374 505 10
374 506 10
374 507 10
374 508 10
374 509 10
374 511 10
374 512 10
374 514 10
374 516 10
374 517 10
374 518 10
374 519 10
374 521 10
374 534 10
374 549 10
374 553 10
374 555 10
375 438 10
375 440 10
375 442 10
375 443 10
375 445 10
375 448 10
375 454 10
375 455 10
375 456 10
375 460 10
375 462 10
375 464 10
375 483 10
375 484 10
375 486 10
375 487 10
375 488 10
375 489 10
375 491 10
375 492 10
375 494 10
375 495 10
375 496 10
375 498 10
375 499 10
375 501 10
375 502 10
375 503 10
375 505 10
375 506 10
375 507 10
375 508 10
375 509 10
375 510 10
375 514 10
375 515 10
375 516 10
375 517 10
375 518 10
375 521 10
375 525 10
375 527 10
375 534 10
375 549 10
375 552 10
375 553 10
375 566 10
375 573 10
376 437 10
376 439 10
376 445 10
376 447 10
376 450 10
376 453 10
376 455 10
376 458 10
376 461 10
376 481 10
376 484 10
376 485 10
376 489 10
376 492 10
376 494 10
376 497 10
376 498 10
376 499 10
376 502 10
376 504 10
376 506 10
376 510 10
376 512 10
376 513 10
376 514 10
376 516 10
376 517 10
376 518 10
376 519 10
376 521 10
376 523 10
376 524 10
376 527 10
376 528 10
376 534 10
376 554 10
376 563 10
376 566 10
376 572 10
377 437 10
377 439 10
377 441 10
377 442 10
377 445 10
377 448 10
377 450 10
377 455 10
377 457 10
377 462 10
377 468 10
377 471 10
377 472 10
377 486 10
377 489 10
377 490 10
377 491 10
377 492 10
377 493 10
377 495 10
377 497 10
377 499 10
377 504 10
377 505 10
377 507 10
377 508 10
377 509 10
377 510 10
377 513 10
377 515 10
377 516 10
377 517 10
377 519 10
377 521 10
377 525 10
377 528 10
377 530 10
377 543 10
377 553 10
377 567 10
377 573 10
377 574 10
378 436 10
378 438 10
378 440 10
378 441 10
378 444 10
378 445 10
378 448 10
378 450 10
378 451 10
378 452 10
378 453 10
378 456 10
378 457 10
378 458 10
378 465 10
378 467 10
378 470 10
378 487 10
378 489 10
378 490 10
378 492 10
378 494 10
378 496 10
378 499 10
378 502 10
378 503 10
378 506 10
378 508 10
378 509 10
378 510 10
378 511 10
378 514 10
378 515 10
378 516 10
378 518 10
378 519 10
378 520 10
378 524 10
378 528 10
378 529 10
378 550 10
378 553 10
378 565 10
378 566 10
378 567 10
378 573 10
379 435 10
379 436 10
379 439 10
379 441 10
379 444 10
379 446 10
379 449 10
379 450 10
379 451 10
379 462 10
379 464 10
379 465 10
379 466 10
379 468 10
379 469 10
379 470 10
379 471 10
379 478 10
379 480 10
379 497 10
379 505 10
379 510 10
379 511 10
379 512 10
379 516 10
379 517 10
379 528 10
379 529 10
379 565 10
379 567 10
380 434 10
380 435 10
380 436 10
380 437 10
380 438 10
380 439 10
380 440 10
380 441 10
380 442 10
380 443 10
380 450 10
380 452 10
380 453 10
380 454 10
380 455 10
380 456 10
380 458 10
380 459 10
380 460 10
380 463 10
380 465 10
380 466 10
380 468 10
380 470 10
380 473 10
380 492 10
380 496 10
380 497 10
380 498 10
380 501 10
380 503 10
380 504 10
380 505 10
380 506 10
380 508 10
380 509 10
380 510 10
380 511 10
380 512 10
380 513 10
380 514 10
380 515 10
380 516 10
380 518 10
380 519 10
380 550 10
380 562 10
380 564 10
380 566 10
380 567 10
380 568 10
380 571 10
380 573 10
381 437 10
381 438 10
381 441 10
381 443 10
381 447 10
381 450 10
381 451 10
381 454 10
381 463 10
381 464 10
381 466 10
381 469 10
381 470 10
381 474 10
381 479 10
381 480 10
381 487 10
381 492 10
381 498 10
381 499 10
381 500 10
381 501 10
381 502 10
381 506 10
381 508 10
381 509 10
381 510 10
381 512 10
381 515 10
381 518 10
381 558 10
381 560 10
381 566 10
381 567 10
381 568 10
381 569 10
381 572 10
381 577 10
382 434 10
382 436 10
382 440 10
382 441 10
382 450 10
382 452 10
382 453 10
382 454 10
382 455 10
382 460 10
382 466 10
382 467 10
382 469 10
382 470 10
382 479 10
382 487 10
382 491 10
382 496 10
382 500 10
382 501 10
382 502 10
382 503 10
382 507 10
382 509 10
382 512 10
382 513 10
382 514 10
382 515 10
382 524 10
382 525 10
382 556 10
382 557 10
382 558 10
382 562 10
382 565 10
382 567 10
382 570 10
382 572 10
382 574 10
382 575 10
383 434 10
383 435 10
383 444 10
383 445 10
383 447 10
383 449 10
383 450 10
383 454 10
383 455 10
383 460 10
383 462 10
383 466 10
383 467 10
383 469 10
383 470 10
383 471 10
383 475 10
383 479 10
383 486 10
383 488 10
383 489 10
383 491 10
383 492 10
383 494 10
383 495 10
383 498 10
383 501 10
383 502 10
383 503 10
383 506 10
383 507 10
383 508 10
383 510 10
383 511 10
383 514 10
383 515 10
383 523 10
383 559 10
383 560 10
383 562 10
383 565 10
383 570 10
383 571 10
383 572 10
383 580 10
384 435 10
384 441 10
384 448 10
384 450 10
384 456 10
384 457 10
384 466 10
384 471 10
384 478 10
384 491 10
384 493 10
384 497 10
384 498 10
384 500 10
384 502 10
384 507 10
384 508 10
384 514 10
384 515 10
384 524 10
384 525 10
384 530 10
384 533 10
384 559 10
384 560 10
384 566 10
384 568 10
384 579 10
384 580 10
385 466 10
385 469 10
385 471 10
385 472 10
385 473 10
385 474 10
385 477 10
385 489 10
385 491 10
385 493 10
385 494 10
385 495 10
385 496 10
385 497 10
385 498 10
385 500 10
385 504 10
385 505 10
385 506 10
385 507 10
385 508 10
385 509 10
385 510 10
385 515 10
385 526 10
385 531 10
385 558 10
385 560 10
385 564 10
385 567 10
385 568 10
385 570 10
385 572 10
385 577 10
385 581 10
386 447 10
386 450 10
386 455 10
386 462 10
386 464 10
386 466 10
386 468 10
386 472 10
386 475 10
386 482 10
386 493 10
386 495 10
386 496 10
386 497 10
386 498 10
386 499 10
386 500 10
386 504 10
386 508 10
386 510 10
386 511 10
386 514 10
386 515 10
386 516 10
386 518 10
386 524 10
386 529 10
386 530 10
386 531 10
386 534 10
386 551 10
386 559 10
386 560 10
386 562 10
386 565 10
386 566 10
386 567 10
386 568 10
386 570 10
386 572 10
386 573 10
386 577 10
386 579 10
386 581 10
387 447 10
387 451 10
387 457 10
387 461 10
387 464 10
387 466 10
387 469 10
387 470 10
387 471 10
387 491 10
387 492 10
387 493 10
387 496 10
387 497 10
387 498 10
387 501 10
387 503 10
387 505 10
387 506 10
387 507 10
387 512 10
387 517 10
387 524 10
387 526 10
387 528 10
387 531 10
387 550 10
387 563 10
387 565 10
387 567 10
387 568 10
387 569 10
387 570 10
387 571 10
387 575 10
387 579 10
387 583 10
388 449 10
388 451 10
388 454 10
388 455 10
388 457 10
388 459 10
388 462 10
388 464 10
388 466 10
388 468 10
388 472 10
388 491 10
388 493 10
388 495 10
388 500 10
388 501 10
388 505 10
388 508 10
388 513 10
388 514 10
388 515 10
388 516 10
388 519 10
388 528 10
388 548 10
388 552 10
388 563 10
388 564 10
388 565 10
388 569 10
388 571 10
388 572 10
388 573 10
388 575 10
389 452 10
389 453 10
389 456 10
389 457 10
389 458 10
389 460 10
389 461 10
389 466 10
389 479 10
389 482 10
389 490 10
389 492 10
389 493 10
389 494 10
389 495 10
389 496 10
389 497 10
389 499 10
389 501 10
389 505 10
389 506 10
389 508 10
389 509 10
389 512 10
389 514 10
389 516 10
389 518 10
389 524 10
389 531 10
389 532 10
389 534 10
389 546 10
389 549 10
389 551 10
389 559 10
389 560 10
389 562 10
389 563 10
389 571 10
389 572 10
389 573 10
390 457 10
390 463 10
390 464 10
390 465 10
390 466 10
390 474 10
390 475 10
390 478 10
390 479 10
390 481 10
390 486 10
390 494 10
390 495 10
390 496 10
390 498 10
390 499 10
390 501 10
390 506 10
390 507 10
390 511 10
390 514 10
390 515 10
390 516 10
390 517 10
390 519 10
390 526 10
390 534 10
390 551 10
390 565 10
390 568 10
390 569 10
390 571 10
390 572 10
390 573 10
390 574 10
390 576 10
391 452 10
391 455 10
391 461 10
391 464 10
391 465 10
391 468 10
391 477 10
391 478 10
391 479 10
391 480 10
391 483 10
391 487 10
391 488 10
391 490 10
391 491 10
391 492 10
391 493 10
391 496 10
391 497 10
391 499 10
391 500 10
391 501 10
391 503 10
391 506 10
391 508 10
391 509 10
391 513 10
391 527 10
391 531 10
391 532 10
391 534 10
391 550 10
391 551 10
391 553 10
391 558 10
391 561 10
391 567 10
391 571 10
391 573 10
391 574 10
392 457 10
392 458 10
392 459 10
392 460 10
392 465 10
392 466 10
392 478 10
392 479 10
392 480 10
392 485 10
392 487 10
392 489 10
392 490 10
392 491 10
392 492 10
392 493 10
392 495 10
392 496 10
392 497 10
392 498 10
392 503 10
392 505 10
392 506 10
392 507 10
392 519 10
392 520 10
392 521 10
392 523 10
392 527 10
392 529 10
392 532 10
392 542 10
392 549 10
392 551 10
392 552 10
392 554 10
392 556 10
392 557 10
392 563 10
392 565 10
392 568 10
392 570 10
392 571 10
393 450 10
393 453 10
393 455 10
393 461 10
393 464 10
393 466 10
393 476 10
393 477 10
393 478 10
393 479 10
393 484 10
393 487 10
393 488 10
393 489 10
393 490 10
393 491 10
393 492 10
393 493 10
393 496 10
393 497 10
393 505 10
393 508 10
393 510 10
393 511 10
393 513 10
393 515 10
393 520 10
393 525 10
393 549 10
393 550 10
393 551 10
393 552 10
393 554 10
393 556 10
393 565 10
393 568 10
393 569 10
393 570 10
393 572 10
393 575 10
394 439 10
394 446 10
394 447 10
394 448 10
394 466 10
394 474 10
394 477 10
394 479 10
394 481 10
394 484 10
394 485 10
394 486 10
394 488 10
394 490 10
394 491 10
394 492 10
394 493 10
394 497 10
394 498 10
394 501 10
394 502 10
394 503 10
394 504 10
394 506 10
394 507 10
394 514 10
394 527 10
394 528 10
394 539 10
394 540 10
394 544 10
394 547 10
394 550 10
394 551 10
394 553 10
394 555 10
394 558 10
394 562 10
394 567 10
394 569 10
394 570 10
394 573 10
395 438 10
395 452 10
395 455 10
395 463 10
395 464 10
395 465 10
395 467 10
395 477 10
395 478 10
395 480 10
395 481 10
395 483 10
395 486 10
395 487 10
395 488 10
395 489 10
395 490 10
395 492 10
395 493 10
395 494 10
395 495 10
395 496 10
395 497 10
395 499 10
395 500 10
395 501 10
395 502 10
395 504 10
395 507 10
395 511 10
395 512 10
395 513 10
395 521 10
395 541 10
395 552 10
395 555 10
395 556 10
395 558 10
395 567 10
396 437 10
396 439 10
396 443 10
396 449 10
396 467 10
396 478 10
396 479 10
396 481 10
396 484 10
396 485 10
396 487 10
396 489 10
396 490 10
396 491 10
396 492 10
396 493 10
396 494 10
396 496 10
396 497 10
396 499 10
396 500 10
396 502 10
396 503 10
396 504 10
396 506 10
396 507 10
396 508 10
396 511 10
396 513 10
396 519 10
396 550 10
396 553 10
396 554 10
396 556 10
396 557 10
396 559 10
396 560 10
396 562 10
396 567 10
396 568 10
396 569 10
396 570 10
396 571 10
396 576 10
397 433 10
397 438 10
397 442 10
397 445 10
397 467 10
397 468 10
397 481 10
397 487 10
397 488 10
397 489 10
397 492 10
397 493 10
397 495 10
397 496 10
397 498 10
397 500 10
397 502 10
397 503 10
397 506 10
397 509 10
397 513 10
397 514 10
397 517 10
397 518 10
397 521 10
397 548 10
397 553 10
397 554 10
397 555 10
397 558 10
397 559 10
397 563 10
397 564 10
397 568 10
397 576 10
397 578 10
398 433 10
398 434 10
398 435 10
398 439 10
398 440 10
398 465 10
398 466 10
398 480 10
398 484 10
398 485 10
398 486 10
398 487 10
398 489 10
398 491 10
398 492 10
398 493 10
398 495 10
398 496 10
398 499 10
398 500 10
398 502 10
398 504 10
398 505 10
398 506 10
398 508 10
398 509 10
398 510 10
398 511 10
398 512 10
398 513 10
398 514 10
398 520 10
398 523 10
398 533 10
398 550 10
398 553 10
398 558 10
398 559 10
398 560 10
398 561 10
398 562 10
398 564 10
398 565 10
398 567 10
398 573 10
398 576 10
399 460 10
399 463 10
399 465 10
399 466 10
399 467 10
399 469 10
399 479 10
399 484 10
399 486 10
399 487 10
399 489 10
399 490 10
399 492 10
399 495 10
399 496 10
399 497 10
399 500 10
399 503 10
399 504 10
399 505 10
399 506 10
399 507 10
399 508 10
399 509 10
399 510 10
399 511 10
399 512 10
399 513 10
399 514 10
399 516 10
399 517 10
399 521 10
399 522 10
399 523 10
399 524 10
399 547 10
399 548 10
399 549 10
399 553 10
399 556 10
399 558 10
399 559 10
399 560 10
399 562 10
399 563 10
399 568 10
399 569 10
399 572 10
399 578 10
399 579 10
399 580 10
399 618 10
400 463 10
400 467 10
400 483 10
400 485 10
400 487 10
400 488 10
400 489 10
400 490 10
400 493 10
400 494 10
400 495 10
400 496 10
400 498 10
400 499 10
400 500 10
400 502 10
400 503 10
400 504 10
400 506 10
400 509 10
400 510 10
400 511 10
400 513 10
400 514 10
400 516 10
400 519 10
400 521 10
400 522 10
400 525 10
400 532 10
400 534 10
400 535 10
400 543 10
400 544 10
400 550 10
400 554 10
400 555 10
400 557 10
400 558 10
400 559 10
400 561 10
400 563 10
400 566 10
400 568 10
400 573 10
400 575 10
400 576 10
400 578 10
400 581 10
400 618 10
401 442 10
401 443 10
401 466 10
401 478 10
401 483 10
401 484 10
401 486 10
401 487 10
401 489 10
401 490 10
401 491 10
401 493 10
401 494 10
401 495 10
401 497 10
401 499 10
401 500 10
401 501 10
401 502 10
401 504 10
401 506 10
401 507 10
401 509 10
401 513 10
401 521 10
401 523 10
401 532 10
401 533 10
401 536 10
401 545 10
401 548 10
401 552 10
401 554 10
401 557 10
401 561 10
401 564 10
401 565 10
401 566 10
401 570 10
401 575 10
401 576 10
401 580 10
401 582 10
401 614 10
402 443 10
402 449 10
402 451 10
402 455 10
402 456 10
402 458 10
402 462 10
402 475 10
402 476 10
402 484 10
402 485 10
402 486 10
402 487 10
402 489 10
402 492 10
402 493 10
402 495 10
402 497 10
402 499 10
402 506 10
402 507 10
402 508 10
402 509 10
402 510 10
402 511 10
402 521 10
402 525 10
402 535 10
402 538 10
402 541 10
402 543 10
402 547 10
402 548 10
402 549 10
402 550 10
402 554 10
402 555 10
402 558 10
402 559 10
402 560 10
402 564 10
402 565 10
402 567 10
402 569 10
402 575 10
402 578 10
402 579 10
402 580 10
402 618 10
403 442 10
403 443 10
403 478 10
403 483 10
403 485 10
403 486 10
403 487 10
403 488 10
403 489 10
403 490 10
403 491 10
403 492 10
403 493 10
403 494 10
403 495 10
403 496 10
403 500 10
403 501 10
403 502 10
403 503 10
403 504 10
403 506 10
403 507 10
403 508 10
403 511 10
403 518 10
403 519 10
403 530 10
403 533 10
403 534 10
403 535 10
403 536 10
403 537 10
403 550 10
403 556 10
403 557 10
403 558 10
403 559 10
403 560 10
403 561 10
403 564 10
403 567 10
403 569 10
403 575 10
403 577 10
403 583 10
403 605 10
403 615 10
403 616 10
404 445 10
404 450 10
404 452 10
404 453 10
404 454 10
404 463 10
404 475 10
404 477 10
404 478 10
404 484 10
404 487 10
404 488 10
404 490 10
404 493 10
404 494 10
404 500 10
404 505 10
404 506 10
404 508 10
404 509 10
404 513 10
404 532 10
404 533 10
404 534 10
404 538 10
404 542 10
404 547 10
404 557 10
404 559 10
404 560 10
404 564 10
404 566 10
404 568 10
404 569 10
404 575 10
404 580 10
404 583 10
405 456 10
405 457 10
405 459 10
405 461 10
405 473 10
405 474 10
405 475 10
405 477 10
405 481 10
405 482 10
405 487 10
405 488 10
405 490 10
405 491 10
405 493 10
405 494 10
405 498 10
405 499 10
405 500 10
405 501 10
405 507 10
405 510 10
405 518 10
405 533 10
405 536 10
405 538 10
405 546 10
405 548 10
405 549 10
405 559 10
405 561 10
405 563 10
405 565 10
405 566 10
405 569 10
405 577 10
405 579 10
405 588 10
405 603 10
405 605 10
405 626 10
406 453 10
406 455 10
406 459 10
406 461 10
406 472 10
406 475 10
406 477 10
406 479 10
406 483 10
406 484 10
406 486 10
406 487 10
406 490 10
406 491 10
406 492 10
406 493 10
406 501 10
406 502 10
406 503 10
406 504 10
406 508 10
406 511 10
406 514 10
406 515 10
406 516 10
406 517 10
406 534 10
406 540 10
406 546 10
406 556 10
406 557 10
406 559 10
406 561 10
406 564 10
406 565 10
406 572 10
406 573 10
406 576 10
406 577 10
406 585 10
406 589 10
406 597 10
406 598 10
406 608 10
406 623 10
407 439 10
407 441 10
407 442 10
407 459 10
407 460 10
407 465 10
407 469 10
407 470 10
407 472 10
407 473 10
407 475 10
407 478 10
407 479 10
407 480 10
407 481 10
407 489 10
407 491 10
407 494 10
407 495 10
407 497 10
407 498 10
407 499 10
407 504 10
407 510 10
407 513 10
407 517 10
407 518 10
407 522 10
407 525 10
407 531 10
407 539 10
407 541 10
407 553 10
407 558 10
407 561 10
407 563 10
407 564 10
407 565 10
407 567 10
407 568 10
407 572 10
407 586 10
407 593 10
407 598 10
407 601 10
407 606 10
407 608 10
407 613 10
407 615 10
408 441 10
408 447 10
408 448 10
408 449 10
408 451 10
408 452 10
408 453 10
408 454 10
408 459 10
408 460 10
408 461 10
408 462 10
408 464 10
408 465 10
408 466 10
408 467 10
408 468 10
408 472 10
408 475 10
408 476 10
408 477 10
408 478 10
408 480 10
408 486 10
408 494 10
408 495 10
408 500 10
408 502 10
408 504 10
408 511 10
408 512 10
408 517 10
408 518 10
408 519 10
408 521 10
408 522 10
408 527 10
408 531 10
408 536 10
408 557 10
408 562 10
408 563 10
408 564 10
408 567 10
408 568 10
408 569 10
408 570 10
408 571 10
408 572 10
408 573 10
408 574 10
408 575 10
408 588 10
408 590 10
408 604 10
408 607 10
408 609 10
408 612 10
408 613 10
408 632 10
409 441 10
409 451 10
409 452 10
409 453 10
409 456 10
409 457 10
409 458 10
409 460 10
409 462 10
409 463 10
409 471 10
409 472 10
409 473 10
409 474 10
409 476 10
409 479 10
409 480 10
409 486 10
409 497 10
409 498 10
409 501 10
409 505 10
409 509 10
409 510 10
409 512 10
409 515 10
409 530 10
409 532 10
409 545 10
409 557 10
409 558 10
409 559 10
409 562 10
409 563 10
409 564 10
409 565 10
409 566 10
409 572 10
409 590 10
409 592 10
409 595 10
409 597 10
409 606 10
409 607 10
410 444 10
410 445 10
410 446 10
410 450 10
410 452 10
410 454 10
410 457 10
410 458 10
410 459 10
410 460 10
410 461 10
410 462 10
410 463 10
410 465 10
410 466 10
410 468 10
410 470 10
410 471 10
410 473 10
410 476 10
410 484 10
410 500 10
410 501 10
410 502 10
410 509 10
410 512 10
410 515 10
410 528 10
410 531 10
410 532 10
410 535 10
410 541 10
410 554 10
410 560 10
410 566 10
410 569 10
410 570 10
410 572 10
410 583 10
410 585 10
410 591 10
410 596 10
410 605 10
410 607 10
410 610 10
410 611 10
410 613 10
410 622 10
410 624 10
410 626 10
411 442 10
411 444 10
411 446 10
411 451 10
411 452 10
411 453 10
411 454 10
411 456 10
411 458 10
411 459 10
411 460 10
411 463 10
411 465 10
411 469 10
411 470 10
411 473 10
411 477 10
411 482 10
411 488 10
411 495 10
411 496 10
411 497 10
411 498 10
411 501 10
411 502 10
411 504 10
411 506 10
411 510 10
411 511 10
411 513 10
411 517 10
411 519 10
411 520 10
411 523 10
411 527 10
411 529 10
411 532 10
411 538 10
411 543 10
411 549 10
411 551 10
411 555 10
411 558 10
411 561 10
411 565 10
411 567 10
411 568 10
411 569 10
411 572 10
411 589 10
411 590 10
411 591 10
411 596 10
411 603 10
411 604 10
411 609 10
411 611 10
411 612 10
411 613 10
412 439 10
412 441 10
412 446 10
412 449 10
412 450 10
412 451 10
412 453 10
412 454 10
412 456 10
412 457 10
412 458 10
412 460 10
412 462 10
412 464 10
412 465 10
412 470 10
412 471 10
412 472 10
412 478 10
412 490 10
412 492 10
412 493 10
412 496 10
412 499 10
412 503 10
412 504 10
412 505 10
412 506 10
412 512 10
412 513 10
412 515 10
412 518 10
412 520 10
412 522 10
412 528 10
412 529 10
412 533 10
412 540 10
412 547 10
412 550 10
412 554 10
412 555 10
412 556 10
412 557 10
412 559 10
412 569 10
412 570 10
412 571 10
412 588 10
412 589 10
412 591 10
412 598 10
412 600 10
412 610 10
412 611 10
412 612 10
412 613 10
412 625 10
413 439 10
413 448 10
413 450 10
413 451 10
413 452 10
413 454 10
413 455 10
413 457 10
413 459 10
413 460 10
413 463 10
413 464 10
413 466 10
413 467 10
413 468 10
413 478 10
413 479 10
413 483 10
413 494 10
413 499 10
413 500 10
413 505 10
413 511 10
413 516 10
413 517 10
413 520 10
413 523 10
413 524 10
413 525 10
413 527 10
413 529 10
413 530 10
413 531 10
413 533 10
413 554 10
413 555 10
413 557 10
413 558 10
413 559 10
413 568 10
413 569 10
413 574 10
413 576 10
413 578 10
413 590 10
413 592 10
413 593 10
413 601 10
413 612 10
413 621 10
413 626 10
413 627 10
414 436 10
414 439 10
414 441 10
414 444 10
414 446 10
414 447 10
414 450 10
414 452 10
414 454 10
414 456 10
414 458 10
414 463 10
414 466 10
414 470 10
414 471 10
414 472 10
414 473 10
414 475 10
414 477 10
414 479 10
414 481 10
414 484 10
414 491 10
414 492 10
414 495 10
414 499 10
414 504 10
414 505 10
414 506 10
414 507 10
414 508 10
414 509 10
414 510 10
414 511 10
414 513 10
414 521 10
414 522 10
414 524 10
414 531 10
414 532 10
414 533 10
414 542 10
414 552 10
414 553 10
414 555 10
414 556 10
414 557 10
414 558 10
414 571 10
414 576 10
414 578 10
414 589 10
414 590 10
414 596 10
414 599 10
414 608 10
414 612 10
414 619 10
414 622 10
414 623 10
414 624 10
414 625 10
415 439 10
415 441 10
415 442 10
415 444 10
415 451 10
415 452 10
415 454 10
415 457 10
415 458 10
415 469 10
415 470 10
415 472 10
415 473 10
415 476 10
415 478 10
415 480 10
415 482 10
415 485 10
415 486 10
415 489 10
415 490 10
415 492 10
415 493 10
415 497 10
415 499 10
415 500 10
415 503 10
415 505 10
415 508 10
415 510 10
415 515 10
415 518 10
415 526 10
415 527 10
415 529 10
415 531 10
415 532 10
415 545 10
415 553 10
415 555 10
415 558 10
415 565 10
415 569 10
415 574 10
415 575 10
415 588 10
415 589 10
415 590 10
415 593 10
415 602 10
415 619 10
415 620 10
415 621 10
415 625 10
415 628 10
415 630 10
416 437 10
416 439 10
416 446 10
416 447 10
416 457 10
416 459 10
416 460 10
416 463 10
416 469 10
416 470 10
416 471 10
416 474 10
416 475 10
416 476 10
416 477 10
416 478 10
416 479 10
416 480 10
416 482 10
416 483 10
416 490 10
416 493 10
416 496 10
416 502 10
416 503 10
416 504 10
416 505 10
416 512 10
416 515 10
416 516 10
416 517 10
416 519 10
416 530 10
416 543 10
416 544 10
416 554 10
416 555 10
416 556 10
416 557 10
416 558 10
416 559 10
416 564 10
416 565 10
416 569 10
416 574 10
416 623 10
417 437 10
417 441 10
417 443 10
417 451 10
417 452 10
417 455 10
417 456 10
417 458 10
417 459 10
417 461 10
417 468 10
417 469 10
417 471 10
417 472 10
417 475 10
417 477 10
417 480 10
417 484 10
417 486 10
417 489 10
417 491 10
417 493 10
417 496 10
417 498 10
417 500 10
417 504 10
417 509 10
417 510 10
417 516 10
417 525 10
417 527 10
417 528 10
417 536 10
417 537 10
417 538 10
417 554 10
417 556 10
417 557 10
417 566 10
417 574 10
417 597 10
417 623 10
417 626 10
418 445 10
418 448 10
418 450 10
418 451 10
418 454 10
418 455 10
418 456 10
418 457 10
418 459 10
418 460 10
418 461 10
418 463 10
418 464 10
418 465 10
418 467 10
418 475 10
418 476 10
418 478 10
418 479 10
418 480 10
418 482 10
418 483 10
418 486 10
418 488 10
418 490 10
418 496 10
418 497 10
418 499 10
418 501 10
418 502 10
418 504 10
418 505 10
418 507 10
418 508 10
418 511 10
418 512 10
418 513 10
418 515 10
418 518 10
418 519 10
418 521 10
418 537 10
418 554 10
418 557 10
418 559 10
418 560 10
418 562 10
418 564 10
418 568 10
418 590 10
418 621 10
418 622 10
419 422 10
419 427 10
419 433 10
419 434 10
419 440 10
419 443 10
419 444 10
419 446 10
419 448 10
419 449 10
419 452 10
419 453 10
419 455 10
419 456 10
419 458 10
419 461 10
419 465 10
419 468 10
419 469 10
419 471 10
419 473 10
419 474 10
419 475 10
419 476 10
419 477 10
419 478 10
419 484 10
419 485 10
419 489 10
419 490 10
419 492 10
419 494 10
419 495 10
419 497 10
419 498 10
419 500 10
419 505 10
419 506 10
419 508 10
419 509 10
419 512 10
419 513 10
419 515 10
419 516 10
419 521 10
419 523 10
419 526 10
419 532 10
419 533 10
419 534 10
419 536 10
419 541 10
419 543 10
419 555 10
419 556 10
419 558 10
419 559 10
419 562 10
419 566 10
419 569 10
419 590 10
419 595 10
419 596 10
419 622 10
420 429 10
420 436 10
420 437 10
420 441 10
420 451 10
420 452 10
420 454 10
420 455 10
420 457 10
420 458 10
420 459 10
420 461 10
420 462 10
420 464 10
420 467 10
420 471 10
420 472 10
420 473 10
420 476 10
420 478 10
420 479 10
420 481 10
420 482 10
420 484 10
420 485 10
420 486 10
420 488 10
420 489 10
420 490 10
420 491 10
420 493 10
420 496 10
420 497 10
420 498 10
420 499 10
420 500 10
420 501 10
420 502 10
420 504 10
420 505 10
420 508 10
420 511 10
420 512 10
420 514 10
420 518 10
420 526 10
420 533 10
420 535 10
420 537 10
420 538 10
420 540 10
420 544 10
420 546 10
420 554 10
420 556 10
420 559 10
420 564 10
420 565 10
420 567 10
420 568 10
420 574 10
420 587 10
420 623 10
421 423 10
421 425 10
421 434 10
421 438 10
421 448 10
421 450 10
421 451 10
421 455 10
421 456 10
421 458 10
421 460 10
421 464 10
421 466 10
421 470 10
421 471 10
421 472 10
421 473 10
421 474 10
421 475 10
421 476 10
421 477 10
421 478 10
421 484 10
421 486 10
421 488 10
421 489 10
421 490 10
421 493 10
421 494 10
421 496 10
421 497 10
421 499 10
421 500 10
421 505 10
421 507 10
421 508 10
421 511 10
421 514 10
421 515 10
421 517 10
421 520 10
421 525 10
421 534 10
421 541 10
421 543 10
421 546 10
421 555 10
421 556 10
421 559 10
421 572 10
421 573 10
421 587 10
421 590 10
421 591 10
421 592 10
422 427 10
422 434 10
422 437 10
422 439 10
422 440 10
422 441 10
422 445 10
422 449 10
422 450 10
422 451 10
422 452 10
422 454 10
422 456 10
422 457 10
422 459 10
422 461 10
422 463 10
422 464 10
422 470 10
422 472 10
422 474 10
422 475 10
422 477 10
422 479 10
422 480 10
422 488 10
422 489 10
422 490 10
422 491 10
422 492 10
422 494 10
422 495 10
422 497 10
422 503 10
422 504 10
422 506 10
422 509 10
422 512 10
422 513 10
422 515 10
422 516 10
422 517 10
422 520 10
422 523 10
422 525 10
422 532 10
422 533 10
422 535 10
422 536 10
422 538 10
422 542 10
422 543 10
422 547 10
422 553 10
422 558 10
422 559 10
422 564 10
422 565 10
422 569 10
422 584 10
422 586 10
422 587 10
422 588 10
422 590 10
423 423 10
423 424 10
423 425 10
423 427 10
423 435 10
423 450 10
423 451 10
423 452 10
423 455 10
423 456 10
423 457 10
423 458 10
423 459 10
423 460 10
423 461 10
423 462 10
423 463 10
423 464 10
423 469 10
423 470 10
423 472 10
423 473 10
423 476 10
423 477 10
423 478 10
423 480 10
423 481 10
423 486 10
423 488 10
423 490 10
423 491 10
423 492 10
423 494 10
423 497 10
423 503 10
423 504 10
423 505 10
423 506 10
423 508 10
423 510 10
423 511 10
423 516 10
423 517 10
423 518 10
423 520 10
423 522 10
423 524 10
423 526 10
423 529 10
423 530 10
423 535 10
423 542 10
423 544 10
423 545 10
423 553 10
423 558 10
423 561 10
423 570 10
423 582 10
423 583 10
423 584 10
423 585 10
423 587 10
423 588 10
424 420 10
424 421 10
424 422 10
424 424 10
424 425 10
424 426 10
424 427 10
424 436 10
424 437 10
424 446 10
424 448 10
424 449 10
424 452 10
424 454 10
424 455 10
424 457 10
424 458 10
424 462 10
424 464 10
424 465 10
424 467 10
424 468 10
424 470 10
424 478 10
424 482 10
424 485 10
424 487 10
424 496 10
424 497 10
424 499 10
424 500 10
424 503 10
424 504 10
424 505 10
424 506 10
424 507 10
424 508 10
424 510 10
424 512 10
424 514 10
424 515 10
424 522 10
424 523 10
424 524 10
424 530 10
424 533 10
424 541 10
424 544 10
424 548 10
424 551 10
424 555 10
424 558 10
424 564 10
424 572 10
424 573 10
424 584 10
424 585 10
424 587 10
424 603 10
425 417 10
425 421 10
425 422 10
425 423 10
425 424 10
425 433 10
425 439 10
425 448 10
425 449 10
425 452 10
425 454 10
425 455 10
425 456 10
425 458 10
425 460 10
425 462 10
425 466 10
425 468 10
425 469 10
425 472 10
425 476 10
425 477 10
425 481 10
425 482 10
425 483 10
425 486 10
425 487 10
425 491 10
425 493 10
425 494 10
425 496 10
425 498 10
425 500 10
425 501 10
425 503 10
425 504 10
425 505 10
425 506 10
425 508 10
425 509 10
425 510 10
425 511 10
425 514 10
425 515 10
425 519 10
425 520 10
425 522 10
425 524 10
425 525 10
425 527 10
425 529 10
425 531 10
425 532 10
425 537 10
425 540 10
425 544 10
425 546 10
425 547 10
425 552 10
425 553 10
425 554 10
425 555 10
425 556 10
425 557 10
425 558 10
425 559 10
425 560 10
425 561 10
425 563 10
425 564 10
425 568 10
425 569 10
425 573 10
425 582 10
425 584 10
425 587 10
425 588 10
425 589 10
425 590 10
425 607 10
426 423 10
426 424 10
426 425 10
426 426 10
426 431 10
426 433 10
426 443 10
426 445 10
426 446 10
426 447 10
426 448 10
426 450 10
426 452 10
426 453 10
426 458 10
426 459 10
426 463 10
426 464 10
426 466 10
426 468 10
426 479 10
426 481 10
426 483 10
426 485 10
426 486 10
426 491 10
426 494 10
426 499 10
426 502 10
426 503 10
426 505 10
426 506 10
426 507 10
426 508 10
426 512 10
426 513 10
426 516 10
426 520 10
426 522 10
426 524 10
426 526 10
426 533 10
426 534 10
426 537 10
426 541 10
426 545 10
426 546 10
426 550 10
426 551 10
426 556 10
426 557 10
426 559 10
426 562 10
426 565 10
426 570 10
426 582 10
426 585 10
426 588 10
426 590 10
426 603 10
426 605 10
426 606 10
426 608 10
426 609 10
427 419 10
427 421 10
427 422 10
427 423 10
427 424 10
427 432 10
427 439 10
427 445 10
427 448 10
427 450 10
427 451 10
427 453 10
427 458 10
427 460 10
427 463 10
427 464 10
427 467 10
427 470 10
427 472 10
427 473 10
427 476 10
427 480 10
427 484 10
427 485 10
427 486 10
427 488 10
427 490 10
427 492 10
427 497 10
427 499 10
427 500 10
427 503 10
427 504 10
427 506 10
427 507 10
427 509 10
427 510 10
427 512 10
427 515 10
427 516 10
427 517 10
427 520 10
427 524 10
427 525 10
427 527 10
427 529 10
427 531 10
427 532 10
427 552 10
427 553 10
427 554 10
427 556 10
427 557 10
427 558 10
427 559 10
427 560 10
427 561 10
427 562 10
427 563 10
427 565 10
427 566 10
427 569 10
427 571 10
427 587 10
427 590 10
427 611 10
428 421 10
428 422 10
428 425 10
428 427 10
428 428 10
428 432 10
428 440 10
428 442 10
428 446 10
428 452 10
428 454 10
428 456 10
428 457 10
428 458 10
428 461 10
428 462 10
428 465 10
428 466 10
428 467 10
428 476 10
428 477 10
428 486 10
428 487 10
428 488 10
428 493 10
428 498 10
428 500 10
428 502 10
428 505 10
428 506 10
428 508 10
428 510 10
428 528 10
428 530 10
428 536 10
428 537 10
428 548 10
428 553 10
428 554 10
428 555 10
428 556 10
428 557 10
428 559 10
428 564 10
428 565 10
428 568 10
428 569 10
428 572 10
428 582 10
428 584 10
428 585 10
428 587 10
428 603 10
428 606 10
428 609 10
428 611 10
429 420 10
429 422 10
429 424 10
429 425 10
429 426 10
429 427 10
429 429 10
429 438 10
429 439 10
429 441 10
429 446 10
429 450 10
429 451 10
429 452 10
429 454 10
429 456 10
429 457 10
429 458 10
429 459 10
429 460 10
429 462 10
429 463 10
429 466 10
429 467 10
429 468 10
429 469 10
429 476 10
429 480 10
429 487 10
429 489 10
429 492 10
429 493 10
429 499 10
429 500 10
429 502 10
429 503 10
429 504 10
429 505 10
429 507 10
429 508 10
429 514 10
429 517 10
429 518 10
429 526 10
429 527 10
429 529 10
429 531 10
429 532 10
429 533 10
429 535 10
429 536 10
429 540 10
429 541 10
429 543 10
429 548 10
429 559 10
429 560 10
429 563 10
429 564 10
429 565 10
429 566 10
429 567 10
429 568 10
429 572 10
429 578 10
429 586 10
429 588 10
429 609 10
429 610 10
429 611 10
429 612 10
429 613 10
430 420 10
430 421 10
430 422 10
430 423 10
430 426 10
430 432 10
430 433 10
430 438 10
430 442 10
430 448 10
430 451 10
430 453 10
430 455 10
430 457 10
430 464 10
430 465 10
430 474 10
430 477 10
430 479 10
430 480 10
430 483 10
430 485 10
430 486 10
430 488 10
430 494 10
430 500 10
430 501 10
430 502 10
430 503 10
430 505 10
430 506 10
430 507 10
430 534 10
430 538 10
430 540 10
430 543 10
430 544 10
430 555 10
430 557 10
430 558 10
430 559 10
430 560 10
430 563 10
430 564 10
430 567 10
430 569 10
430 570 10
430 571 10
430 573 10
430 578 10
430 579 10
430 603 10
430 614 10
431 423 10
431 425 10
431 428 10
431 429 10
431 431 10
431 433 10
431 434 10
431 435 10
431 437 10
431 438 10
431 439 10
431 442 10
431 444 10
431 445 10
431 446 10
431 448 10
431 450 10
431 452 10
431 453 10
431 455 10
431 457 10
431 459 10
431 461 10
431 465 10
431 467 10
431 468 10
431 482 10
431 486 10
431 487 10
431 489 10
431 491 10
431 493 10
431 494 10
431 495 10
431 499 10
431 500 10
431 502 10
431 503 10
431 504 10
431 509 10
431 531 10
431 532 10
431 533 10
431 536 10
431 537 10
431 538 10
431 540 10
431 541 10
431 542 10
431 551 10
431 553 10
431 556 10
431 557 10
431 565 10
431 567 10
431 569 10
431 575 10
431 576 10
431 577 10
431 579 10
431 581 10
431 582 10
431 584 10
431 605 10
431 607 10
431 609 10
432 424 10
432 427 10
432 430 10
432 436 10
432 439 10
432 441 10
432 442 10
432 446 10
432 450 10
432 451 10
432 453 10
432 454 10
432 457 10
432 463 10
432 464 10
432 465 10
432 467 10
432 474 10
432 476 10
432 478 10
432 479 10
432 484 10
432 489 10
432 492 10
432 496 10
432 499 10
432 502 10
432 504 10
432 506 10
432 510 10
432 522 10
432 531 10
432 532 10
432 533 10
432 535 10
432 541 10
432 542 10
432 543 10
432 551 10
432 559 10
432 560 10
432 568 10
432 569 10
432 571 10
432 572 10
432 573 10
432 574 10
432 577 10
432 580 10
432 609 10
432 611 10
433 420 10
433 431 10
433 434 10
433 437 10
433 439 10
433 441 10
433 443 10
433 444 10
433 449 10
433 450 10
433 453 10
433 454 10
433 457 10
433 458 10
433 465 10
433 467 10
433 468 10
433 474 10
433 483 10
433 485 10
433 486 10
433 490 10
433 493 10
433 495 10
433 496 10
433 500 10
433 501 10
433 503 10
433 517 10
433 525 10
433 533 10
433 536 10
433 537 10
433 538 10
433 541 10
433 551 10
433 554 10
433 557 10
433 559 10
433 562 10
433 566 10
433 567 10
433 569 10
433 570 10
433 574 10
433 576 10
433 577 10
433 585 10
433 588 10
433 607 10
434 420 10
434 424 10
434 430 10
434 432 10
434 433 10
434 435 10
434 437 10
434 440 10
434 444 10
434 445 10
434 448 10
434 451 10
434 452 10
434 462 10
434 464 10
434 465 10
434 468 10
434 473 10
434 474 10
434 475 10
434 484 10
434 487 10
434 488 10
434 491 10
434 492 10
434 494 10
434 496 10
434 500 10
434 501 10
434 510 10
434 522 10
434 524 10
434 535 10
434 540 10
434 542 10
434 552 10
434 554 10
434 557 10
434 560 10
434 562 10
434 564 10
434 571 10
434 573 10
434 574 10
434 578 10
434 580 10
434 586 10
434 590 10
435 420 10
435 421 10
435 423 10
435 424 10
435 431 10
435 433 10
435 437 10
435 440 10
435 441 10
435 442 10
435 443 10
435 444 10
435 447 10
435 449 10
435 451 10
435 458 10
435 463 10
435 465 10
435 466 10
435 467 10
435 468 10
435 469 10
435 475 10
435 476 10
435 480 10
435 482 10
435 486 10
435 487 10
435 488 10
435 489 10
435 490 10
435 491 10
435 492 10
435 495 10
435 499 10
435 500 10
435 502 10
435 503 10
435 508 10
435 511 10
435 513 10
435 515 10
435 517 10
435 525 10
435 527 10
435 537 10
435 540 10
435 542 10
435 543 10
435 544 10
435 550 10
435 551 10
435 552 10
435 557 10
435 560 10
435 566 10
435 568 10
435 573 10
435 575 10
435 579 10
435 580 10
435 582 10
435 589 10
435 611 10
436 421 10
436 422 10
436 423 10
436 433 10
436 435 10
436 436 10
436 442 10
436 445 10
436 448 10
436 451 10
436 460 10
436 463 10
436 464 10
436 466 10
436 467 10
436 471 10
436 480 10
436 481 10
436 484 10
436 486 10
436 490 10
436 491 10
436 493 10
436 494 10
436 495 10
436 498 10
436 508 10
436 525 10
436 534 10
436 538 10
436 541 10
436 545 10
436 547 10
436 548 10
436 552 10
436 553 10
436 555 10
436 556 10
436 558 10
436 559 10
436 563 10
436 564 10
436 567 10
436 569 10
436 570 10
436 576 10
436 578 10
436 588 10
436 605 10
436 611 10
437 420 10
437 421 10
437 423 10
437 424 10
437 430 10
437 437 10
437 439 10
437 441 10
437 442 10
437 446 10
437 450 10
437 452 10
437 459 10
437 460 10
437 462 10
437 463 10
437 464 10
437 465 10
437 466 10
437 469 10
437 470 10
437 478 10
437 479 10
437 480 10
437 481 10
437 482 10
437 484 10
437 485 10
437 487 10
437 488 10
437 490 10
437 492 10
437 493 10
437 494 10
437 499 10
437 500 10
437 501 10
437 510 10
437 512 10
437 514 10
437 518 10
437 519 10
437 520 10
437 536 10
437 537 10
437 541 10
437 543 10
437 545 10
437 546 10
437 547 10
437 554 10
437 555 10
437 558 10
437 560 10
437 571 10
437 573 10
437 575 10
437 576 10
437 588 10
438 420 10
438 422 10
438 423 10
438 431 10
438 437 10
438 439 10
438 441 10
438 443 10
438 444 10
438 446 10
438 448 10
438 449 10
438 450 10
438 452 10
438 459 10
438 462 10
438 478 10
438 479 10
438 482 10
438 486 10
438 487 10
438 488 10
438 489 10
438 490 10
438 491 10
438 494 10
438 495 10
438 497 10
438 499 10
438 501 10
438 502 10
438 503 10
438 504 10
438 505 10
438 511 10
438 513 10
438 531 10
438 539 10
438 544 10
438 545 10
438 546 10
438 548 10
438 549 10
438 551 10
438 552 10
438 555 10
438 556 10
438 558 10
438 560 10
438 570 10
438 577 10
438 579 10
438 583 10
438 584 10
438 585 10
438 589 10
438 593 10
438 596 10
438 605 10
438 610 10
438 621 10
438 623 10
439 420 10
439 422 10
439 437 10
439 441 10
439 443 10
439 444 10
439 450 10
439 457 10
439 459 10
439 461 10
439 462 10
439 464 10
439 466 10
439 476 10
439 478 10
439 479 10
439 481 10
439 483 10
439 486 10
439 488 10
439 489 10
439 491 10
439 492 10
439 493 10
439 496 10
439 497 10
439 499 10
439 500 10
439 510 10
439 515 10
439 517 10
439 519 10
439 521 10
439 524 10
439 528 10
439 529 10
439 530 10
439 531 10
439 547 10
439 549 10
439 551 10
439 552 10
439 554 10
439 555 10
439 557 10
439 560 10
439 568 10
439 570 10
439 572 10
439 573 10
439 575 10
439 576 10
439 577 10
439 578 10
439 585 10
439 589 10
439 590 10
439 593 10
439 594 10
439 608 10
439 610 10
440 420 10
440 433 10
440 435 10
440 436 10
440 438 10
440 443 10
440 445 10
440 448 10
440 450 10
440 451 10
440 456 10
440 457 10
440 459 10
440 464 10
440 466 10
440 467 10
440 471 10
440 472 10
440 473 10
440 474 10
440 475 10
440 476 10
440 477 10
440 478 10
440 479 10
440 481 10
440 483 10
440 486 10
440 490 10
440 492 10
440 493 10
440 498 10
440 499 10
440 501 10
440 503 10
440 504 10
440 505 10
440 506 10
440 507 10
440 509 10
440 512 10
440 513 10
440 518 10
440 522 10
440 523 10
440 525 10
440 526 10
440 538 10
440 539 10
440 540 10
440 541 10
440 545 10
440 546 10
440 547 10
440 548 10
440 549 10
440 550 10
440 552 10
440 553 10
440 554 10
440 555 10
440 556 10
440 557 10
440 558 10
440 559 10
440 565 10
440 566 10
440 571 10
440 572 10
440 573 10
440 577 10
440 578 10
440 582 10
440 585 10
440 586 10
440 589 10
440 592 10
440 608 10
440 610 10
440 616 10
440 621 10
441 433 10
441 437 10
441 440 10
441 442 10
441 448 10
441 454 10
441 455 10
441 456 10
441 460 10
441 462 10
441 469 10
441 470 10
441 471 10
441 472 10
441 475 10
441 477 10
441 478 10
441 479 10
441 482 10
441 483 10
441 484 10
441 486 10
441 487 10
441 488 10
441 489 10
441 490 10
441 492 10
441 493 10
441 494 10
441 495 10
441 496 10
441 497 10
441 502 10
441 503 10
441 505 10
441 506 10
441 507 10
441 511 10
441 512 10
441 516 10
441 518 10
441 519 10
441 520 10
441 524 10
441 527 10
441 529 10
441 539 10
441 540 10
441 542 10
441 543 10
441 546 10
441 547 10
441 548 10
441 549 10
441 551 10
441 554 10
441 557 10
441 559 10
441 560 10
441 567 10
441 569 10
441 573 10
441 574 10
441 576 10
441 584 10
441 585 10
441 586 10
441 587 10
441 589 10
441 590 10
441 591 10
441 592 10
441 594 10
441 610 10
442 434 10
442 440 10
442 454 10
442 459 10
442 464 10
442 466 10
442 467 10
442 469 10
442 471 10
442 472 10
442 473 10
442 475 10
442 476 10
442 480 10
442 482 10
442 484 10
442 485 10
442 486 10
442 487 10
442 488 10
442 491 10
442 497 10
442 499 10
442 500 10
442 501 10
442 502 10
442 507 10
442 509 10
442 510 10
442 513 10
442 514 10
442 515 10
442 516 10
442 517 10
442 519 10
442 520 10
442 522 10
442 523 10
442 528 10
442 531 10
442 533 10
442 535 10
442 538 10
442 541 10
442 543 10
442 544 10
442 546 10
442 548 10
442 551 10
442 552 10
442 553 10
442 555 10
442 556 10
442 558 10
442 559 10
442 565 10
442 566 10
442 568 10
442 574 10
442 576 10
442 578 10
442 579 10
442 580 10
442 581 10
442 582 10
442 586 10
442 588 10
442 590 10
442 591 10
442 592 10
442 594 10
442 608 10
442 609 10
442 611 10
442 619 10
443 437 10
443 440 10
443 442 10
443 443 10
443 446 10
443 449 10
443 450 10
443 462 10
443 464 10
443 466 10
443 468 10
443 470 10
443 471 10
443 472 10
443 473 10
443 475 10
443 476 10
443 478 10
443 480 10
443 481 10
443 482 10
443 484 10
443 489 10
443 490 10
443 491 10
443 492 10
443 495 10
443 497 10
443 498 10
443 506 10
443 507 10
443 510 10
443 511 10
443 512 10
443 513 10
443 514 10
443 515 10
443 518 10
443 519 10
443 523 10
443 524 10
443 525 10
443 529 10
443 541 10
443 542 10
443 544 10
443 546 10
443 548 10
443 549 10
443 551 10
443 552 10
443 553 10
443 554 10
443 555 10
443 556 10
443 557 10
443 558 10
443 559 10
443 563 10
443 566 10
443 571 10
443 575 10
443 580 10
443 583 10
443 584 10
443 588 10
443 591 10
443 594 10
443 595 10
443 596 10
443 598 10
443 599 10
443 609 10
443 610 10
443 614 10
443 615 10
443 619 10
443 620 10
443 621 10
443 623 10
444 436 10
444 439 10
444 440 10
444 441 10
444 442 10
444 445 10
444 448 10
444 449 10
444 457 10
444 458 10
444 459 10
444 462 10
444 464 10
444 466 10
444 468 10
444 469 10
444 470 10
444 471 10
444 472 10
444 473 10
444 474 10
444 476 10
444 477 10
444 482 10
444 489 10
444 490 10
444 492 10
444 493 10
444 495 10
444 496 10
444 497 10
444 501 10
444 503 10
444 504 10
444 505 10
444 506 10
444 507 10
444 511 10
444 512 10
444 513 10
444 514 10
444 515 10
444 517 10
444 518 10
444 521 10
444 522 10
444 523 10
444 526 10
444 529 10
444 538 10
444 541 10
444 542 10
444 543 10
444 544 10
444 547 10
444 548 10
444 550 10
444 551 10
444 553 10
444 554 10
444 555 10
444 556 10
444 557 10
444 558 10
444 560 10
444 561 10
444 562 10
444 564 10
444 565 10
444 569 10
444 572 10
444 577 10
444 578 10
444 580 10
444 585 10
444 588 10
444 589 10
444 590 10
444 595 10
444 601 10
444 602 10
444 607 10
444 609 10
444 610 10
444 614 10
444 617 10
444 619 10
444 620 10
445 426 10
445 427 10
445 433 10
445 436 10
445 437 10
445 438 10
445 439 10
445 442 10
445 443 10
445 444 10
445 445 10
445 448 10
445 451 10
445 459 10
445 460 10
445 461 10
445 462 10
445 463 10
445 465 10
445 470 10
445 471 10
445 472 10
445 473 10
445 474 10
445 479 10
445 480 10
445 481 10
445 483 10
445 484 10
445 493 10
445 494 10
445 498 10
445 500 10
445 502 10
445 504 10
445 505 10
445 506 10
445 509 10
445 510 10
445 511 10
445 512 10
445 513 10
445 514 10
445 515 10
445 516 10
445 517 10
445 519 10
445 524 10
445 525 10
445 530 10
445 533 10
445 541 10
445 547 10
445 550 10
445 551 10
445 552 10
445 553 10
445 556 10
445 557 10
445 558 10
445 561 10
445 571 10
445 578 10
445 582 10
445 583 10
445 587 10
445 598 10
445 613 10
445 615 10
445 617 10
445 621 10
445 622 10
446 424 10
446 427 10
446 434 10
446 436 10
446 438 10
446 439 10
446 440 10
446 443 10
446 444 10
446 445 10
446 447 10
446 449 10
446 457 10
446 458 10
446 459 10
446 460 10
446 462 10
446 463 10
446 464 10
446 467 10
446 468 10
446 469 10
446 470 10
446 474 10
446 475 10
446 477 10
446 480 10
446 481 10
446 482 10
446 495 10
446 496 10
446 499 10
446 502 10
446 506 10
446 508 10
446 509 10
446 510 10
446 511 10
446 512 10
446 513 10
446 514 10
446 515 10
446 521 10
446 522 10
446 524 10
446 526 10
446 528 10
446 531 10
446 537 10
446 538 10
446 543 10
446 545 10
446 547 10
446 548 10
446 549 10
446 550 10
446 552 10
446 554 10
446 555 10
446 556 10
446 557 10
446 563 10
446 564 10
446 565 10
446 566 10
446 568 10
446 569 10
446 573 10
446 583 10
446 584 10
446 589 10
446 594 10
446 600 10
446 601 10
446 602 10
446 606 10
446 607 10
446 608 10
446 610 10
446 619 10
446 620 10
446 627 10
447 424 10
447 426 10
447 428 10
447 429 10
447 430 10
447 431 10
447 432 10
447 433 10
447 436 10
447 437 10
447 438 10
447 440 10
447 441 10
447 443 10
447 444 10
447 446 10
447 449 10
447 450 10
447 452 10
447 453 10
447 454 10
447 459 10
447 460 10
447 461 10
447 462 10
447 463 10
447 464 10
447 465 10
447 466 10
447 467 10
447 468 10
447 472 10
447 474 10
447 476 10
447 479 10
447 480 10
447 481 10
447 484 10
447 485 10
447 487 10
447 488 10
447 490 10
447 496 10
447 497 10
447 498 10
447 500 10
447 502 10
447 503 10
447 504 10
447 505 10
447 506 10
447 507 10
447 508 10
447 509 10
447 510 10
447 511 10
447 512 10
447 513 10
447 516 10
447 517 10
447 527 10
447 528 10
447 532 10
447 533 10
447 539 10
447 540 10
447 541 10
447 543 10
447 545 10
447 548 10
447 549 10
447 550 10
447 551 10
447 552 10
447 553 10
447 554 10
447 557 10
447 560 10
447 565 10
447 567 10
447 571 10
447 572 10
447 573 10
447 574 10
447 585 10
447 590 10
447 592 10
447 594 10
447 597 10
447 599 10
447 600 10
447 602 10
447 608 10
447 609 10
447 610 10
447 612 10
447 613 10
447 615 10
447 617 10
447 618 10
447 619 10
447 620 10
448 419 10
448 420 10
448 421 10
448 424 10
448 430 10
448 435 10
448 436 10
448 437 10
448 438 10
448 439 10
448 441 10
448 444 10
448 447 10
448 448 10
448 449 10
448 453 10
448 455 10
448 456 10
448 457 10
448 463 10
448 466 10
448 467 10
448 470 10
448 471 10
448 474 10
448 476 10
448 480 10
448 482 10
448 487 10
448 489 10
448 490 10
448 499 10
448 500 10
448 503 10
448 504 10
448 505 10
448 507 10
448 508 10
448 509 10
448 511 10
448 512 10
448 513 10
448 514 10
448 522 10
448 523 10
448 524 10
448 530 10
448 533 10
448 538 10
448 540 10
448 545 10
448 546 10
448 547 10
448 548 10
448 551 10
448 552 10
448 553 10
448 554 10
448 555 10
448 556 10
448 558 10
448 563 10
448 565 10
448 567 10
448 582 10
448 584 10
448 585 10
448 588 10
448 589 10
448 591 10
448 595 10
448 596 10
448 597 10
448 598 10
448 599 10
448 600 10
448 601 10
448 602 10
448 606 10
448 607 10
448 613 10
448 616 10
448 618 10
448 619 10
448 620 10
448 623 10
448 624 10
448 625 10
449 427 10
449 436 10
449 439 10
449 443 10
449 445 10
449 451 10
449 455 10
449 458 10
449 459 10
449 460 10
449 461 10
449 463 10
449 464 10
449 465 10
449 466 10
449 467 10
449 468 10
449 469 10
449 476 10
449 477 10
449 478 10
449 480 10
449 482 10
449 483 10
449 486 10
449 488 10
449 490 10
449 492 10
449 494 10
449 499 10
449 500 10
449 504 10
449 506 10
449 507 10
449 508 10
449 509 10
449 510 10
449 513 10
449 516 10
449 528 10
449 529 10
449 531 10
449 535 10
449 543 10
449 550 10
449 551 10
449 552 10
449 553 10
449 555 10
449 557 10
449 568 10
449 569 10
449 570 10
449 571 10
449 572 10
449 573 10
449 576 10
449 577 10
449 579 10
449 581 10
449 587 10
449 589 10
449 590 10
449 593 10
449 594 10
449 595 10
449 598 10
449 599 10
449 600 10
449 601 10
449 603 10
449 605 10
449 609 10
449 614 10
449 615 10
449 616 10
449 623 10
449 625 10
450 421 10
450 436 10
450 438 10
450 444 10
450 445 10
450 447 10
450 449 10
450 450 10
450 453 10
450 458 10
450 464 10
450 465 10
450 466 10
450 467 10
450 475 10
450 477 10
450 480 10
450 481 10
450 482 10
450 485 10
450 486 10
450 487 10
450 490 10
450 491 10
450 492 10
450 499 10
450 501 10
450 502 10
450 505 10
450 512 10
450 519 10
450 522 10
450 523 10
450 524 10
450 526 10
450 527 10
450 531 10
450 532 10
450 534 10
450 535 10
450 538 10
450 540 10
450 541 10
450 543 10
450 544 10
450 548 10
450 549 10
450 550 10
450 551 10
450 552 10
450 553 10
450 554 10
450 555 10
450 563 10
450 569 10
450 571 10
450 573 10
450 577 10
450 578 10
450 583 10
450 584 10
450 585 10
450 588 10
450 591 10
450 593 10
450 600 10
450 601 10
450 602 10
450 603 10
450 605 10
450 606 10
450 607 10
450 608 10
450 609 10
450 610 10
450 613 10
450 615 10
450 616 10
450 618 10
450 619 10
450 625 10
451 424 10
451 427 10
451 432 10
451 436 10
451 438 10
451 443 10
451 447 10
451 449 10
451 450 10
451 451 10
451 454 10
451 461 10
451 463 10
451 464 10
451 465 10
451 467 10
451 478 10
451 479 10
451 480 10
451 481 10
451 486 10
451 488 10
451 489 10
451 491 10
451 492 10
451 493 10
451 494 10
451 499 10
451 500 10
451 501 10
451 502 10
451 503 10
451 504 10
451 506 10
451 507 10
451 514 10
451 519 10
451 520 10
451 522 10
451 523 10
451 525 10
451 528 10
451 532 10
451 535 10
451 538 10
451 546 10
451 547 10
451 551 10
451 553 10
451 556 10
451 557 10
451 564 10
451 568 10
451 569 10
451 570 10
451 573 10
451 579 10
451 581 10
451 588 10
451 589 10
451 590 10
451 597 10
451 598 10
451 599 10
451 600 10
451 603 10
451 606 10
451 607 10
451 608 10
451 610 10
451 612 10
451 613 10
451 614 10
451 615 10
451 617 10
451 621 10
452 420 10
452 425 10
452 431 10
452 432 10
452 434 10
452 436 10
452 440 10
452 443 10
452 454 10
452 456 10
452 460 10
452 462 10
452 463 10
452 466 10
452 476 10
452 477 10
452 479 10
452 480 10
452 482 10
452 484 10
452 487 10
452 488 10
452 489 10
452 495 10
452 500 10
452 501 10
452 502 10
452 507 10
452 517 10
452 519 10
452 520 10
452 521 10
452 526 10
452 528 10
452 529 10
452 536 10
452 539 10
452 541 10
452 543 10
452 545 10
452 546 10
452 550 10
452 551 10
452 552 10
452 553 10
452 554 10
452 558 10
452 565 10
452 568 10
452 571 10
452 572 10
452 573 10
452 577 10
452 578 10
452 579 10
452 580 10
452 585 10
452 588 10
452 589 10
452 592 10
452 598 10
452 599 10
452 601 10
452 604 10
452 605 10
452 608 10
452 609 10
452 611 10
452 612 10
452 613 10
452 614 10
452 616 10
452 617 10
452 618 10
452 620 10
452 621 10
453 425 10
453 426 10
453 427 10
453 428 10
453 434 10
453 441 10
453 446 10
453 447 10
453 448 10
453 451 10
453 452 10
453 458 10
453 459 10
453 461 10
453 473 10
453 474 10
453 479 10
453 481 10
453 485 10
453 487 10
453 488 10
453 489 10
453 490 10
453 491 10
453 493 10
453 495 10
453 496 10
453 498 10
453 500 10
453 501 10
453 504 10
453 505 10
453 507 10
453 514 10
453 521 10
453 522 10
453 523 10
453 526 10
453 529 10
453 535 10
453 541 10
453 543 10
453 545 10
453 546 10
453 553 10
453 555 10
453 556 10
453 562 10
453 564 10
453 565 10
453 566 10
453 573 10
453 576 10
453 579 10
453 580 10
453 581 10
453 582 10
453 584 10
453 588 10
453 592 10
453 594 10
453 597 10
453 599 10
453 601 10
453 602 10
453 605 10
453 607 10
453 608 10
453 609 10
453 611 10
453 612 10
453 613 10
453 615 10
453 617 10
453 618 10
453 623 10
453 624 10
454 419 10
454 420 10
454 421 10
454 422 10
454 427 10
454 431 10
454 437 10
454 439 10
454 440 10
454 445 10
454 446 10
454 448 10
454 449 10
454 453 10
454 454 10
454 465 10
454 469 10
454 476 10
454 477 10
454 478 10
454 491 10
454 497 10
454 498 10
454 500 10
454 501 10
454 502 10
454 516 10
454 517 10
454 523 10
454 525 10
454 528 10
454 532 10
454 535 10
454 538 10
454 540 10
454 545 10
454 549 10
454 551 10
454 552 10
454 555 10
454 556 10
454 557 10
454 565 10
454 571 10
454 579 10
454 580 10
454 581 10
454 582 10
454 584 10
454 587 10
454 594 10
454 595 10
454 597 10
454 599 10
454 603 10
454 604 10
454 607 10
454 609 10
454 610 10
454 611 10
454 612 10
454 613 10
454 614 10
454 615 10
454 616 10
454 617 10
455 419 10
455 421 10
455 423 10
455 425 10
455 427 10
455 444 10
455 447 10
455 449 10
455 451 10
455 454 10
455 456 10
455 457 10
455 472 10
455 480 10
455 487 10
455 489 10
455 490 10
455 494 10
455 496 10
455 499 10
455 500 10
455 501 10
455 502 10
455 504 10
455 506 10
455 508 10
455 510 10
455 512 10
455 515 10
455 518 10
455 522 10
455 532 10
455 537 10
455 538 10
455 549 10
455 551 10
455 552 10
455 553 10
455 554 10
455 556 10
455 562 10
455 563 10
455 565 10
455 566 10
455 571 10
455 572 10
455 574 10
455 580 10
455 583 10
455 585 10
455 586 10
455 587 10
455 593 10
455 595 10
455 596 10
455 603 10
455 604 10
455 605 10
455 607 10
455 608 10
455 609 10
455 610 10
455 611 10
455 612 10
455 614 10
455 615 10
455 621 10
455 622 10
455 624 10
456 420 10
456 422 10
456 424 10
456 425 10
456 427 10
456 430 10
456 433 10
456 435 10
456 436 10
456 441 10
456 446 10
456 452 10
456 457 10
456 472 10
456 475 10
456 485 10
456 487 10
456 489 10
456 498 10
456 512 10
456 513 10
456 516 10
456 517 10
456 523 10
456 524 10
456 526 10
456 527 10
456 529 10
456 530 10
456 532 10
456 533 10
456 534 10
456 537 10
456 540 10
456 543 10
456 546 10
456 547 10
456 549 10
456 551 10
456 552 10
456 553 10
456 554 10
456 555 10
456 560 10
456 562 10
456 563 10
456 566 10
456 570 10
456 572 10
456 576 10
456 578 10
456 581 10
456 582 10
456 583 10
456 595 10
456 598 10
456 605 10
456 606 10
456 607 10
456 608 10
456 609 10
456 610 10
456 611 10
456 612 10
456 613 10
456 614 10
456 615 10
456 621 10
456 625 10
457 421 10
457 423 10
457 425 10
457 429 10
457 430 10
457 435 10
457 439 10
457 442 10
457 443 10
457 448 10
457 460 10
457 464 10
457 469 10
457 478 10
457 479 10
457 482 10
457 485 10
457 487 10
457 489 10
457 493 10
457 506 10
457 508 10
457 513 10
457 514 10
457 516 10
457 517 10
457 519 10
457 522 10
457 523 10
457 524 10
457 526 10
457 527 10
457 530 10
457 537 10
457 539 10
457 540 10
457 543 10
457 544 10
457 545 10
457 548 10
457 549 10
457 551 10
457 552 10
457 553 10
457 555 10
457 570 10
457 571 10
457 572 10
457 576 10
457 577 10
457 578 10
457 581 10
457 582 10
457 585 10
457 587 10
457 588 10
457 591 10
457 593 10
457 596 10
457 598 10
457 605 10
457 606 10
457 608 10
457 609 10
457 610 10
457 611 10
457 613 10
457 615 10
458 421 10
458 428 10
458 430 10
458 434 10
458 439 10
458 441 10
458 442 10
458 443 10
458 444 10
458 445 10
458 446 10
458 447 10
458 449 10
458 467 10
458 475 10
458 477 10
458 480 10
458 481 10
458 482 10
458 483 10
458 485 10
458 488 10
458 489 10
458 490 10
458 491 10
458 492 10
458 493 10
458 495 10
458 506 10
458 508 10
458 514 10
458 519 10
458 521 10
458 529 10
458 531 10
458 533 10
458 537 10
458 538 10
458 539 10
458 540 10
458 547 10
458 549 10
458 550 10
458 551 10
458 552 10
458 553 10
458 554 10
458 556 10
458 557 10
458 559 10
458 560 10
458 568 10
458 569 10
458 571 10
458 573 10
458 575 10
458 576 10
458 577 10
458 580 10
458 581 10
458 586 10
458 588 10
458 590 10
458 594 10
458 595 10
458 598 10
458 599 10
458 601 10
458 603 10
458 605 10
458 609 10
458 610 10
458 611 10
458 612 10
458 614 10
458 615 10
458 621 10
459 425 10
459 426 10
459 429 10
459 431 10
459 433 10
459 434 10
459 435 10
459 440 10
459 441 10
459 442 10
459 447 10
459 448 10
459 451 10
459 452 10
459 459 10
459 462 10
459 467 10
459 476 10
459 477 10
459 478 10
459 479 10
459 480 10
459 482 10
459 483 10
459 484 10
459 485 10
459 486 10
459 488 10
459 489 10
459 490 10
459 494 10
459 500 10
459 516 10
459 517 10
459 521 10
459 526 10
459 533 10
459 535 10
459 536 10
459 538 10
459 539 10
459 541 10
459 545 10
459 551 10
459 552 10
459 558 10
459 560 10
459 564 10
459 565 10
459 568 10
459 569 10
459 571 10
459 572 10
459 574 10
459 575 10
459 576 10
459 577 10
459 578 10
459 579 10
459 582 10
459 585 10
459 586 10
459 587 10
459 588 10
459 589 10
459 591 10
459 593 10
459 596 10
459 597 10
459 601 10
459 605 10
459 607 10
459 608 10
459 609 10
459 610 10
459 615 10
460 426 10
460 432 10
460 433 10
460 435 10
460 442 10
460 445 10
460 446 10
460 448 10
460 449 10
460 452 10
460 453 10
460 456 10
460 457 10
460 459 10
460 461 10
460 462 10
460 463 10
460 473 10
460 474 10
460 475 10
460 478 10
460 481 10
460 482 10
460 485 10
460 487 10
460 488 10
460 492 10
460 493 10
460 515 10
460 519 10
460 520 10
460 521 10
460 522 10
460 523 10
460 527 10
460 530 10
460 533 10
460 536 10
460 537 10
460 539 10
460 540 10
460 541 10
460 542 10
460 552 10
460 556 10
460 562 10
460 564 10
460 565 10
460 570 10
460 571 10
460 572 10
460 575 10
460 579 10
460 580 10
460 581 10
460 582 10
460 583 10
460 584 10
460 587 10
460 588 10
460 591 10
460 592 10
460 595 10
460 597 10
460 598 10
460 599 10
460 603 10
460 604 10
460 605 10
460 607 10
460 608 10
460 610 10
460 611 10
460 614 10
460 615 10
461 426 10
461 427 10
461 430 10
461 438 10
461 447 10
461 449 10
461 451 10
461 452 10
461 455 10
461 456 10
461 457 10
461 461 10
461 462 10
461 464 10
461 472 10
461 474 10
461 475 10
461 476 10
461 480 10
461 481 10
461 482 10
461 484 10
461 485 10
461 486 10
461 487 10
461 489 10
461 490 10
461 494 10
461 506 10
461 507 10
461 515 10
461 517 10
461 518 10
461 519 10
461 520 10
461 522 10
461 524 10
461 526 10
461 527 10
461 531 10
461 536 10
461 538 10
461 539 10
461 541 10
461 542 10
461 543 10
461 554 10
461 558 10
461 559 10
461 561 10
461 562 10
461 563 10
461 569 10
461 570 10
461 571 10
461 572 10
461 573 10
461 577 10
461 580 10
461 581 10
461 584 10
461 586 10
461 587 10
461 591 10
461 592 10
461 596 10
461 598 10
461 599 10
461 600 10
461 604 10
461 607 10
461 608 10
461 614 10
461 616 10
462 424 10
462 428 10
462 429 10
462 439 10
462 440 10
462 459 10
462 463 10
462 466 10
462 467 10
462 468 10
462 469 10
462 471 10
462 475 10
462 476 10
462 479 10
462 483 10
462 484 10
462 485 10
462 486 10
462 487 10
462 488 10
462 489 10
462 490 10
462 491 10
462 492 10
462 493 10
462 494 10
462 495 10
462 503 10
462 505 10
462 516 10
462 527 10
462 532 10
462 537 10
462 540 10
462 541 10
462 542 10
462 543 10
462 554 10
462 556 10
462 558 10
462 560 10
462 561 10
462 563 10
462 564 10
462 565 10
462 566 10
462 571 10
462 572 10
462 573 10
462 574 10
462 575 10
462 576 10
462 577 10
462 579 10
462 580 10
462 581 10
462 582 10
462 583 10
462 586 10
462 588 10
462 589 10
462 590 10
462 591 10
462 592 10
462 593 10
462 594 10
462 595 10
462 596 10
462 597 10
462 599 10
462 600 10
462 602 10
462 603 10
462 604 10
462 609 10
462 612 10
463 423 10
463 425 10
463 429 10
463 438 10
463 442 10
463 453 10
463 455 10
463 456 10
463 457 10
463 458 10
463 459 10
463 460 10
463 461 10
463 462 10
463 463 10
463 465 10
463 466 10
463 468 10
463 469 10
463 470 10
463 473 10
463 477 10
463 483 10
463 484 10
463 486 10
463 487 10
463 489 10
463 490 10
463 492 10
463 493 10
463 495 10
463 498 10
463 503 10
463 505 10
463 506 10
463 518 10
463 520 10
463 526 10
463 533 10
463 536 10
463 537 10
463 539 10
463 540 10
463 543 10
463 544 10
463 546 10
463 547 10
463 551 10
463 556 10
463 558 10
463 561 10
463 562 10
463 563 10
463 564 10
463 565 10
463 567 10
463 570 10
463 572 10
463 573 10
463 574 10
463 579 10
463 580 10
463 582 10
463 583 10
463 585 10
463 586 10
463 589 10
463 590 10
463 591 10
463 592 10
463 593 10
463 595 10
463 596 10
463 597 10
463 598 10
463 599 10
463 601 10
463 602 10
463 603 10
463 604 10
463 605 10
463 606 10
463 608 10
464 425 10
464 435 10
464 447 10
464 458 10
464 462 10
464 465 10
464 466 10
464 468 10
464 469 10
464 471 10
464 476 10
464 478 10
464 479 10
464 480 10
464 483 10
464 485 10
464 486 10
464 487 10
464 488 10
464 489 10
464 492 10
464 493 10
464 496 10
464 499 10
464 500 10
464 501 10
464 502 10
464 503 10
464 504 10
464 505 10
464 506 10
464 509 10
464 510 10
464 529 10
464 530 10
464 531 10
464 535 10
464 538 10
464 540 10
464 541 10
464 542 10
464 550 10
464 551 10
464 552 10
464 555 10
464 556 10
464 558 10
464 560 10
464 561 10
464 563 10
464 564 10
464 567 10
464 571 10
464 572 10
464 574 10
464 577 10
464 579 10
464 581 10
464 582 10
464 583 10
464 586 10
464 588 10
464 589 10
464 590 10
464 591 10
464 592 10
464 593 10
464 594 10
464 595 10
464 596 10
464 597 10
464 598 10
464 599 10
464 600 10
464 605 10
464 607 10
464 608 10
465 433 10
465 434 10
465 435 10
465 451 10
465 453 10
465 458 10
465 459 10
465 460 10
465 462 10
465 463 10
465 464 10
465 466 10
465 467 10
465 468 10
465 469 10
465 470 10
465 483 10
465 484 10
465 485 10
465 486 10
465 487 10
465 489 10
465 490 10
465 492 10
465 497 10
465 499 10
465 500 10
465 502 10
465 503 10
465 504 10
465 506 10
465 510 10
465 513 10
465 517 10
465 526 10
465 527 10
465 528 10
465 529 10
465 533 10
465 538 10
465 540 10
465 554 10
465 557 10
465 563 10
465 565 10
465 567 10
465 571 10
465 572 10
465 573 10
465 578 10
465 580 10
465 583 10
465 584 10
465 585 10
465 588 10
465 590 10
465 591 10
465 592 10
465 593 10
465 594 10
465 595 10
465 596 10
465 597 10
465 598 10
465 599 10
465 600 10
465 605 10
465 607 10
465 612 10
466 427 10
466 434 10
466 435 10
466 451 10
466 456 10
466 460 10
466 465 10
466 467 10
466 477 10
466 481 10
466 485 10
466 487 10
466 488 10
466 489 10
466 491 10
466 492 10
466 494 10
466 495 10
466 496 10
466 497 10
466 501 10
466 502 10
466 504 10
466 515 10
466 521 10
466 524 10
466 527 10
466 530 10
466 531 10
466 533 10
466 536 10
466 541 10
466 547 10
466 549 10
466 552 10
466 555 10
466 558 10
466 559 10
466 563 10
466 564 10
466 565 10
466 571 10
466 573 10
466 574 10
466 583 10
466 585 10
466 587 10
466 589 10
466 590 10
466 591 10
466 592 10
466 594 10
466 595 10
466 596 10
466 597 10
466 598 10
466 600 10
466 601 10
466 602 10
466 603 10
466 607 10
467 433 10
467 454 10
467 455 10
467 456 10
467 457 10
467 459 10
467 461 10
467 463 10
467 464 10
467 466 10
467 475 10
467 476 10
467 479 10
467 484 10
467 485 10
467 486 10
467 488 10
467 498 10
467 501 10
467 502 10
467 503 10
467 504 10
467 506 10
467 507 10
467 511 10
467 512 10
467 514 10
467 515 10
467 516 10
467 517 10
467 518 10
467 520 10
467 523 10
467 527 10
467 529 10
467 531 10
467 533 10
467 537 10
467 538 10
467 540 10
467 549 10
467 554 10
467 558 10
467 562 10
467 563 10
467 572 10
467 574 10
467 579 10
467 588 10
467 589 10
467 592 10
467 593 10
467 594 10
467 595 10
467 596 10
467 597 10
467 598 10
467 599 10
467 600 10
468 435 10
468 454 10
468 456 10
468 458 10
468 460 10
468 461 10
468 463 10
468 464 10
468 465 10
468 466 10
468 468 10
468 476 10
468 477 10
468 479 10
468 480 10
468 486 10
468 488 10
468 490 10
468 492 10
468 495 10
468 496 10
468 498 10
468 500 10
468 502 10
468 503 10
468 504 10
468 511 10
468 513 10
468 515 10
468 517 10
468 519 10
468 525 10
468 529 10
468 538 10
468 541 10
468 545 10
468 546 10
468 547 10
468 551 10
468 552 10
468 555 10
468 558 10
468 561 10
468 570 10
468 573 10
468 575 10
468 576 10
468 577 10
468 581 10
468 582 10
468 591 10
468 592 10
468 593 10
468 594 10
468 595 10
468 596 10
468 597 10
468 598 10
468 599 10
468 603 10
468 604 10
468 605 10
469 420 10
469 421 10
469 422 10
469 452 10
469 454 10
469 456 10
469 457 10
469 459 10
469 461 10
469 462 10
469 463 10
469 464 10
469 470 10
469 471 10
469 473 10
469 482 10
469 485 10
469 486 10
469 492 10
469 494 10
469 497 10
469 498 10
469 499 10
469 502 10
469 504 10
469 507 10
469 513 10
469 514 10
469 515 10
469 516 10
469 517 10
469 518 10
469 520 10
469 521 10
469 522 10
469 523 10
469 526 10
469 529 10
469 536 10
469 540 10
469 544 10
469 552 10
469 554 10
469 555 10
469 559 10
469 561 10
469 562 10
469 563 10
469 564 10
469 566 10
469 570 10
469 573 10
469 575 10
469 592 10
469 595 10
469 598 10
469 601 10
469 602 10
469 603 10
469 606 10
469 610 10
469 612 10
470 439 10
470 454 10
470 455 10
470 457 10
470 458 10
470 459 10
470 460 10
470 461 10
470 462 10
470 465 10
470 467 10
470 468 10
470 470 10
470 472 10
470 473 10
470 474 10
470 478 10
470 480 10
470 481 10
470 483 10
470 493 10
470 494 10
470 495 10
470 496 10
470 513 10
470 514 10
470 516 10
470 517 10
470 522 10
470 525 10
470 537 10
470 538 10
470 539 10
470 541 10
470 542 10
470 548 10
470 551 10
470 554 10
470 556 10
470 559 10
470 560 10
470 561 10
470 563 10
470 564 10
470 567 10
470 568 10
470 570 10
470 571 10
470 575 10
470 578 10
470 585 10
470 586 10
470 588 10
470 590 10
470 593 10
470 595 10
470 596 10
470 598 10
470 600 10
470 603 10
470 610 10
470 612 10
470 614 10
470 615 10
471 423 10
471 432 10
471 453 10
471 456 10
471 457 10
471 459 10
471 461 10
471 463 10
471 464 10
471 468 10
471 469 10
471 470 10
471 471 10
471 472 10
471 479 10
471 495 10
471 497 10
471 498 10
471 520 10
471 521 10
471 523 10
471 525 10
471 527 10
471 535 10
471 539 10
471 554 10
471 555 10
471 556 10
471 557 10
471 559 10
471 562 10
471 563 10
471 564 10
471 567 10
471 570 10
471 576 10
471 577 10
471 587 10
471 588 10
471 589 10
471 591 10
471 593 10
471 595 10
471 597 10
471 601 10
471 604 10
471 605 10
471 607 10
471 608 10
471 610 10
471 618 10
472 417 10
472 421 10
472 431 10
472 455 10
472 457 10
472 464 10
472 467 10
472 469 10
472 470 10
472 471 10
472 472 10
472 477 10
472 478 10
472 479 10
472 482 10
472 493 10
472 496 10
472 498 10
472 500 10
472 512 10
472 518 10
472 519 10
472 520 10
472 521 10
472 523 10
472 524 10
472 525 10
472 527 10
472 536 10
472 537 10
472 538 10
472 540 10
472 541 10
472 559 10
472 562 10
472 566 10
472 572 10
472 573 10
472 583 10
472 587 10
472 590 10
472 591 10
472 592 10
472 593 10
472 594 10
472 595 10
472 596 10
472 598 10
472 599 10
472 601 10
472 603 10
472 604 10
472 606 10
472 607 10
472 610 10
473 420 10
473 422 10
473 423 10
473 426 10
473 428 10
473 429 10
473 430 10
473 457 10
473 459 10
473 460 10
473 461 10
473 464 10
473 465 10
473 466 10
473 468 10
473 471 10
473 473 10
473 475 10
473 476 10
473 477 10
473 478 10
473 479 10
473 480 10
473 481 10
473 482 10
473 491 10
473 495 10
473 499 10
473 500 10
473 502 10
473 505 10
473 506 10
473 513 10
473 516 10
473 522 10
473 523 10
473 527 10
473 535 10
473 537 10
473 538 10
473 541 10
473 543 10
473 553 10
473 555 10
473 556 10
473 558 10
473 561 10
473 563 10
473 566 10
473 570 10
473 579 10
473 581 10
473 585 10
473 586 10
473 587 10
473 589 10
473 591 10
473 592 10
473 594 10
473 595 10
473 597 10
473 599 10
473 601 10
473 604 10
473 606 10
473 616 10
474 419 10
474 420 10
474 421 10
474 422 10
474 424 10
474 426 10
474 456 10
474 458 10
474 459 10
474 460 10
474 464 10
474 466 10
474 468 10
474 469 10
474 473 10
474 477 10
474 479 10
474 480 10
474 482 10
474 503 10
474 514 10
474 518 10
474 521 10
474 522 10
474 526 10
474 532 10
474 535 10
474 537 10
474 539 10
474 541 10
474 550 10
474 557 10
474 559 10
474 561 10
474 563 10
474 568 10
474 575 10
474 577 10
474 580 10
474 581 10
474 585 10
474 590 10
474 592 10
474 593 10
474 595 10
474 597 10
474 598 10
474 601 10
474 603 10
474 604 10
474 605 10
474 607 10
474 608 10
474 610 10
474 611 10
475 417 10
475 419 10
475 421 10
475 422 10
475 424 10
475 425 10
475 426 10
475 427 10
475 428 10
475 456 10
475 457 10
475 458 10
475 459 10
475 462 10
475 463 10
475 464 10
475 465 10
475 466 10
475 472 10
475 474 10
475 475 10
475 477 10
475 481 10
475 482 10
475 484 10
475 493 10
475 497 10
475 499 10
475 505 10
475 515 10
475 521 10
475 533 10
475 534 10
475 536 10
475 537 10
475 539 10
475 541 10
475 543 10
475 546 10
475 548 10
475 549 10
475 553 10
475 555 10
475 562 10
475 564 10
475 566 10
475 567 10
475 568 10
475 570 10
475 573 10
475 575 10
475 576 10
475 581 10
475 582 10
475 583 10
475 586 10
475 587 10
475 588 10
475 590 10
475 593 10
475 594 10
475 595 10
475 596 10
475 597 10
475 598 10
475 599 10
475 600 10
475 603 10
475 605 10
475 606 10
475 607 10
475 612 10
475 614 10
476 421 10
476 422 10
476 424 10
476 428 10
476 430 10
476 456 10
476 460 10
476 462 10
476 472 10
476 476 10
476 478 10
476 479 10
476 480 10
476 485 10
476 488 10
476 489 10
476 490 10
476 491 10
476 495 10
476 498 10
476 499 10
476 500 10
476 508 10
476 509 10
476 511 10
476 512 10
476 513 10
476 514 10
476 520 10
476 526 10
476 533 10
476 534 10
476 535 10
476 537 10
476 538 10
476 539 10
476 540 10
476 541 10
476 542 10
476 551 10
476 555 10
476 558 10
476 559 10
476 560 10
476 565 10
476 568 10
476 569 10
476 571 10
476 581 10
476 582 10
476 584 10
476 590 10
476 591 10
476 592 10
476 594 10
476 595 10
476 596 10
476 597 10
476 598 10
476 599 10
476 601 10
476 604 10
476 605 10
476 610 10
476 612 10
476 613 10
477 422 10
477 424 10
477 425 10
477 426 10
477 430 10
477 432 10
477 446 10
477 457 10
477 458 10
477 459 10
477 465 10
477 466 10
477 467 10
477 470 10
477 472 10
477 473 10
477 474 10
477 475 10
477 477 10
477 480 10
477 483 10
477 486 10
477 487 10
477 488 10
477 494 10
477 498 10
477 502 10
477 508 10
477 513 10
477 516 10
477 518 10
477 526 10
477 531 10
477 533 10
477 536 10
477 539 10
477 543 10
477 549 10
477 552 10
477 553 10
477 556 10
477 557 10
477 561 10
477 563 10
477 565 10
477 566 10
477 567 10
477 568 10
477 569 10
477 571 10
477 573 10
477 585 10
477 586 10
477 587 10
477 594 10
477 595 10
477 596 10
477 599 10
477 600 10
477 601 10
477 602 10
477 606 10
477 607 10
477 608 10
478 418 10
478 430 10
478 432 10
478 433 10
478 436 10
478 440 10
478 448 10
478 457 10
478 467 10
478 468 10
478 469 10
478 471 10
478 472 10
478 478 10
478 480 10
478 482 10
478 483 10
478 485 10
478 488 10
478 499 10
478 500 10
478 505 10
478 507 10
478 510 10
478 511 10
478 512 10
478 514 10
478 516 10
478 519 10
478 534 10
478 536 10
478 538 10
478 539 10
478 540 10
478 541 10
478 542 10
478 543 10
478 550 10
478 556 10
478 560 10
478 561 10
478 565 10
478 566 10
478 570 10
478 572 10
478 587 10
478 590 10
478 592 10
478 593 10
478 594 10
478 595 10
478 596 10
478 597 10
478 598 10
478 599 10
478 600 10
478 603 10
478 604 10
478 606 10
478 613 10
479 425 10
479 426 10
479 427 10
479 429 10
479 430 10
479 431 10
479 432 10
479 433 10
479 435 10
479 445 10
479 447 10
479 453 10
479 471 10
479 472 10
479 474 10
479 475 10
479 481 10
479 485 10
479 486 10
479 487 10
479 488 10
479 491 10
479 494 10
479 497 10
479 498 10
479 500 10
479 502 10
479 503 10
479 504 10
479 512 10
479 541 10
479 542 10
479 544 10
479 548 10
479 557 10
479 559 10
479 561 10
479 565 10
479 569 10
479 571 10
479 572 10
479 587 10
479 588 10
479 590 10
479 591 10
479 593 10
479 594 10
479 596 10
479 598 10
479 599 10
479 601 10
479 602 10
479 604 10
479 605 10
479 607 10
479 610 10
480 423 10
480 431 10
480 432 10
480 434 10
480 435 10
480 442 10
480 446 10
480 471 10
480 472 10
480 473 10
480 474 10
480 476 10
480 480 10
480 482 10
480 483 10
480 484 10
480 486 10
480 491 10
480 493 10
480 494 10
480 497 10
480 504 10
480 505 10
480 514 10
480 516 10
480 517 10
480 518 10
480 523 10
480 524 10
480 525 10
480 538 10
480 539 10
480 542 10
480 543 10
480 546 10
480 548 10
480 551 10
480 552 10
480 554 10
480 555 10
480 557 10
480 558 10
480 559 10
480 561 10
480 565 10
480 568 10
480 570 10
480 586 10
480 592 10
480 593 10
480 595 10
480 596 10
480 600 10
480 604 10
480 607 10
480 610 10
481 427 10
481 431 10
481 432 10
481 433 10
481 434 10
481 435 10
481 440 10
481 445 10
481 446 10
481 448 10
481 450 10
481 471 10
481 475 10
481 479 10
481 480 10
481 488 10
481 491 10
481 492 10
481 493 10
481 496 10
481 499 10
481 500 10
481 502 10
481 503 10
481 504 10
481 505 10
481 508 10
481 511 10
481 512 10
481 515 10
481 517 10
481 518 10
481 520 10
481 522 10
481 530 10
481 533 10
481 534 10
481 535 10
481 538 10
481 542 10
481 545 10
481 546 10
481 549 10
481 550 10
481 552 10
481 553 10
481 555 10
481 558 10
481 562 10
481 565 10
481 567 10
481 570 10
481 578 10
481 589 10
481 591 10
481 592 10
481 593 10
481 594 10
481 595 10
481 598 10
481 603 10
481 604 10
481 605 10
482 422 10
482 424 10
482 428 10
482 431 10
482 433 10
482 442 10
482 445 10
482 450 10
482 479 10
482 481 10
482 482 10
482 483 10
482 484 10
482 487 10
482 491 10
482 495 10
482 496 10
482 498 10
482 502 10
482 503 10
482 504 10
482 512 10
482 513 10
482 516 10
482 535 10
482 537 10
482 539 10
482 540 10
482 541 10
482 543 10
482 545 10
482 547 10
482 548 10
482 552 10
482 553 10
482 554 10
482 556 10
482 557 10
482 559 10
482 560 10
482 562 10
482 565 10
482 567 10
482 568 10
482 569 10
482 570 10
482 571 10
482 587 10
482 589 10
482 592 10
482 593 10
482 594 10
482 597 10
482 599 10
482 602 10
482 604 10
482 605 10
483 416 10
483 424 10
483 425 10
483 427 10
483 431 10
483 432 10
483 438 10
483 440 10
483 444 10
483 449 10
483 467 10
483 469 10
483 471 10
483 473 10
483 474 10
483 477 10
483 478 10
483 481 10
483 482 10
483 485 10
483 489 10
483 491 10
483 492 10
483 493 10
483 495 10
483 496 10
483 497 10
483 500 10
483 502 10
483 503 10
483 504 10
483 505 10
483 507 10
483 510 10
483 514 10
483 518 10
483 520 10
483 521 10
483 527 10
483 528 10
483 535 10
483 536 10
483 538 10
483 543 10
483 546 10
483 548 10
483 550 10
483 552 10
483 553 10
483 554 10
483 561 10
483 562 10
483 563 10
483 565 10
483 567 10
483 576 10
483 587 10
483 589 10
483 591 10
483 593 10
483 596 10
483 602 10
483 606 10
483 613 10
484 414 10
484 415 10
484 421 10
484 422 10
484 428 10
484 429 10
484 432 10
484 433 10
484 439 10
484 440 10
484 442 10
484 443 10
484 447 10
484 449 10
484 472 10
484 473 10
484 475 10
484 477 10
484 478 10
484 479 10
484 480 10
484 487 10
484 493 10
484 496 10
484 498 10
484 499 10
484 500 10
484 501 10
484 503 10
484 504 10
484 506 10
484 510 10
484 512 10
484 513 10
484 515 10
484 522 10
484 527 10
484 536 10
484 537 10
484 539 10
484 544 10
484 547 10
484 548 10
484 549 10
484 551 10
484 552 10
484 554 10
484 555 10
484 556 10
484 557 10
484 558 10
484 559 10
484 562 10
484 566 10
484 567 10
484 568 10
484 570 10
484 571 10
484 573 10
484 574 10
484 575 10
484 576 10
484 577 10
484 578 10
484 579 10
484 582 10
484 586 10
484 591 10
484 593 10
484 594 10
484 599 10
484 600 10
484 601 10
484 603 10
484 605 10
484 606 10
484 612 10
485 416 10
485 424 10
485 434 10
485 435 10
485 436 10
485 441 10
485 442 10
485 444 10
485 446 10
485 447 10
485 448 10
485 468 10
485 469 10
485 472 10
485 473 10
485 475 10
485 479 10
485 480 10
485 481 10
485 482 10
485 483 10
485 485 10
485 486 10
485 487 10
485 488 10
485 489 10
485 491 10
485 494 10
485 495 10
485 496 10
485 498 10
485 499 10
485 500 10
485 502 10
485 504 10
485 511 10
485 522 10
485 524 10
485 525 10
485 527 10
485 530 10
485 532 10
485 537 10
485 538 10
485 541 10
485 546 10
485 547 10
485 549 10
485 551 10
485 553 10
485 554 10
485 555 10
485 556 10
485 558 10
485 559 10
485 561 10
485 569 10
485 571 10
485 572 10
485 578 10
485 581 10
485 584 10
485 586 10
485 589 10
485 591 10
485 592 10
485 595 10
485 596 10
485 601 10
485 604 10
485 608 10
485 611 10
485 612 10
486 414 10
486 415 10
486 427 10
486 428 10
486 432 10
486 434 10
486 441 10
486 450 10
486 459 10
486 463 10
486 465 10
486 469 10
486 474 10
486 477 10
486 479 10
486 482 10
486 486 10
486 488 10
486 494 10
486 496 10
486 499 10
486 502 10
486 504 10
486 505 10
486 506 10
486 508 10
486 509 10
486 511 10
486 513 10
486 515 10
486 519 10
486 521 10
486 522 10
486 524 10
486 527 10
486 534 10
486 544 10
486 546 10
486 547 10
486 549 10
486 550 10
486 551 10
486 553 10
486 554 10
486 555 10
486 557 10
486 558 10
486 561 10
486 562 10
486 565 10
486 566 10
486 567 10
486 572 10
486 573 10
486 574 10
486 576 10
486 578 10
486 581 10
486 586 10
486 589 10
486 590 10
486 593 10
486 595 10
486 596 10
486 597 10
486 598 10
486 602 10
486 604 10
486 606 10
486 608 10
486 610 10
487 406 10
487 408 10
487 409 10
487 410 10
487 413 10
487 414 10
487 415 10
487 416 10
487 417 10
487 424 10
487 430 10
487 432 10
487 433 10
487 441 10
487 442 10
487 443 10
487 447 10
487 453 10
487 464 10
487 468 10
487 469 10
487 481 10
487 483 10
487 484 10
487 490 10
487 491 10
487 495 10
487 496 10
487 497 10
487 498 10
487 499 10
487 500 10
487 501 10
487 502 10
487 503 10
487 504 10
487 505 10
487 506 10
487 507 10
487 508 10
487 512 10
487 513 10
487 522 10
487 543 10
487 546 10
487 550 10
487 551 10
487 553 10
487 557 10
487 559 10
487 561 10
487 564 10
487 573 10
487 574 10
487 576 10
487 581 10
487 582 10
487 583 10
487 585 10
487 588 10
487 591 10
487 592 10
487 593 10
487 594 10
487 596 10
487 604 10
487 605 10
487 606 10
487 607 10
487 617 10
488 407 10
488 408 10
488 409 10
488 410 10
488 411 10
488 412 10
488 415 10
488 417 10
488 418 10
488 419 10
488 421 10
488 424 10
488 429 10
488 434 10
488 436 10
488 452 10
488 468 10
488 479 10
488 481 10
488 482 10
488 483 10
488 486 10
488 487 10
488 491 10
488 492 10
488 493 10
488 497 10
488 498 10
488 504 10
488 505 10
488 506 10
488 507 10
488 508 10
488 510 10
488 511 10
488 512 10
488 513 10
488 516 10
488 520 10
488 521 10
488 522 10
488 523 10
488 543 10
488 549 10
488 550 10
488 551 10
488 552 10
488 555 10
488 556 10
488 557 10
488 559 10
488 566 10
488 571 10
488 573 10
488 580 10
488 599 10
488 603 10
488 605 10
488 606 10
488 607 10
488 608 10
488 613 10
488 618 10
489 405 10
489 406 10
489 407 10
489 409 10
489 410 10
489 411 10
489 413 10
489 414 10
489 415 10
489 417 10
489 419 10
489 420 10
489 421 10
489 422 10
489 424 10
489 426 10
489 432 10
489 434 10
489 436 10
489 441 10
489 442 10
489 443 10
489 444 10
489 454 10
489 455 10
489 462 10
489 464 10
489 471 10
489 481 10
489 483 10
489 492 10
489 496 10
489 502 10
489 503 10
489 504 10
489 505 10
489 506 10
489 507 10
489 508 10
489 509 10
489 513 10
489 520 10
489 523 10
489 527 10
489 548 10
489 550 10
489 552 10
489 553 10
489 554 10
489 555 10
489 561 10
489 562 10
489 564 10
489 570 10
489 575 10
489 580 10
489 586 10
489 590 10
489 592 10
489 594 10
489 595 10
489 598 10
489 600 10
489 601 10
489 608 10
489 609 10
489 612 10
489 616 10
490 405 10
490 408 10
490 414 10
490 415 10
490 418 10
490 419 10
490 421 10
490 424 10
490 425 10
490 429 10
490 430 10
490 432 10
490 434 10
490 459 10
490 470 10
490 476 10
490 487 10
490 488 10
490 491 10
490 492 10
490 493 10
490 494 10
490 495 10
490 498 10
490 501 10
490 502 10
490 503 10
490 504 10
490 505 10
490 506 10
490 508 10
490 509 10
490 510 10
490 511 10
490 513 10
490 517 10
490 520 10
490 521 10
490 523 10
490 542 10
490 543 10
490 544 10
490 548 10
490 551 10
490 552 10
490 559 10
490 561 10
490 565 10
490 570 10
490 575 10
490 580 10
490 585 10
490 588 10
490 589 10
490 594 10
490 596 10
490 598 10
490 599 10
490 600 10
490 601 10
490 616 10
490 618 10
491 409 10
491 413 10
491 414 10
491 415 10
491 419 10
491 421 10
491 422 10
491 424 10
491 425 10
491 426 10
491 430 10
491 436 10
491 440 10
491 450 10
491 452 10
491 453 10
491 477 10
491 489 10
491 490 10
491 492 10
491 495 10
491 501 10
491 505 10
491 506 10
491 507 10
491 509 10
491 513 10
491 515 10
491 517 10
491 518 10
491 520 10
491 522 10
491 523 10
491 524 10
491 532 10
491 534 10
491 535 10
491 550 10
491 551 10
491 553 10
491 563 10
491 564 10
491 565 10
491 566 10
491 570 10
491 571 10
491 573 10
491 577 10
491 578 10
491 579 10
491 580 10
491 587 10
491 588 10
491 592 10
491 601 10
491 602 10
491 607 10
491 611 10
491 614 10
492 409 10
492 411 10
492 412 10
492 413 10
492 415 10
492 421 10
492 423 10
492 424 10
492 425 10
492 429 10
492 430 10
492 431 10
492 435 10
492 436 10
492 437 10
492 438 10
492 442 10
492 443 10
492 445 10
492 446 10
492 453 10
492 455 10
492 472 10
492 473 10
492 476 10
492 480 10
492 481 10
492 489 10
492 490 10
492 491 10
492 493 10
492 495 10
492 501 10
492 502 10
492 505 10
492 506 10
492 507 10
492 511 10
492 512 10
492 517 10
492 518 10
492 519 10
492 520 10
492 522 10
492 533 10
492 534 10
492 541 10
492 549 10
492 555 10
492 559 10
492 561 10
492 563 10
492 564 10
492 568 10
492 569 10
492 570 10
492 572 10
492 574 10
492 576 10
492 584 10
492 587 10
492 589 10
492 594 10
492 599 10
493 409 10
493 414 10
493 416 10
493 418 10
493 420 10
493 422 10
493 429 10
493 432 10
493 434 10
493 436 10
493 438 10
493 440 10
493 441 10
493 443 10
493 445 10
493 449 10
493 450 10
493 451 10
493 452 10
493 469 10
493 480 10
493 481 10
493 490 10
493 491 10
493 492 10
493 493 10
493 497 10
493 499 10
493 502 10
493 503 10
493 508 10
493 512 10
493 513 10
493 514 10
493 515 10
493 522 10
493 526 10
493 530 10
493 531 10
493 532 10
493 536 10
493 538 10
493 541 10
493 548 10
493 551 10
493 554 10
493 559 10
493 561 10
493 562 10
493 563 10
493 565 10
493 568 10
493 569 10
493 573 10
493 575 10
493 576 10
493 577 10
493 579 10
493 580 10
493 582 10
493 585 10
493 587 10
493 589 10
493 591 10
493 592 10
493 595 10
493 611 10
493 613 10
494 410 10
494 411 10
494 414 10
494 417 10
494 421 10
494 423 10
494 426 10
494 429 10
494 431 10
494 432 10
494 434 10
494 436 10
494 438 10
494 439 10
494 441 10
494 443 10
494 446 10
494 454 10
494 472 10
494 481 10
494 494 10
494 495 10
494 496 10
494 502 10
494 505 10
494 506 10
494 507 10
494 512 10
494 513 10
494 514 10
494 517 10
494 520 10
494 521 10
494 532 10
494 547 10
494 548 10
494 559 10
494 560 10
494 561 10
494 563 10
494 567 10
494 569 10
494 571 10
494 572 10
494 576 10
494 580 10
494 582 10
494 587 10
494 588 10
494 590 10
494 593 10
494 594 10
494 596 10
494 607 10
495 411 10
495 420 10
495 424 10
495 427 10
495 429 10
495 431 10
495 433 10
495 436 10
495 440 10
495 441 10
495 468 10
495 481 10
495 482 10
495 483 10
495 486 10
495 491 10
495 493 10
495 495 10
495 496 10
495 497 10
495 501 10
495 505 10
495 506 10
495 508 10
495 509 10
495 510 10
495 512 10
495 516 10
495 519 10
495 521 10
495 525 10
495 530 10
495 531 10
495 534 10
495 537 10
495 545 10
495 547 10
495 549 10
495 550 10
495 551 10
495 553 10
495 557 10
495 558 10
495 560 10
495 561 10
495 563 10
495 565 10
495 569 10
495 570 10
495 571 10
495 577 10
495 578 10
495 579 10
495 583 10
495 584 10
495 586 10
495 590 10
495 591 10
495 596 10
495 606 10
495 608 10
496 411 10
496 413 10
496 419 10
496 420 10
496 422 10
496 425 10
496 432 10
496 434 10
496 436 10
496 438 10
496 439 10
496 440 10
496 441 10
496 482 10
496 483 10
496 484 10
496 487 10
496 489 10
496 492 10
496 493 10
496 495 10
496 503 10
496 508 10
496 509 10
496 511 10
496 513 10
496 514 10
496 515 10
496 516 10
496 518 10
496 520 10
496 521 10
496 522 10
496 523 10
496 525 10
496 527 10
496 528 10
496 530 10
496 531 10
496 533 10
496 535 10
496 539 10
496 542 10
496 547 10
496 557 10
496 563 10
496 565 10
496 567 10
496 569 10
496 570 10
496 572 10
496 573 10
496 574 10
496 578 10
496 586 10
496 588 10
496 590 10
496 591 10
496 592 10
496 593 10
496 608 10
496 609 10
496 611 10
497 410 10
497 411 10
497 414 10
497 421 10
497 428 10
497 429 10
497 431 10
497 432 10
497 433 10
497 434 10
497 439 10
497 440 10
497 441 10
497 443 10
497 481 10
497 482 10
497 485 10
497 489 10
497 490 10
497 493 10
497 494 10
497 495 10
497 496 10
497 503 10
497 509 10
497 510 10
497 511 10
497 512 10
497 513 10
497 514 10
497 517 10
497 518 10
497 519 10
497 525 10
497 528 10
497 530 10
497 535 10
497 541 10
497 542 10
497 545 10
497 549 10
497 550 10
497 552 10
497 557 10
497 560 10
497 564 10
497 565 10
497 566 10
497 569 10
497 570 10
497 576 10
497 577 10
497 581 10
497 582 10
497 588 10
497 590 10
497 593 10
497 594 10
497 597 10
497 606 10
497 608 10
497 610 10
497 611 10
498 412 10
498 424 10
498 425 10
498 426 10
498 430 10
498 431 10
498 434 10
498 437 10
498 439 10
498 440 10
498 443 10
498 482 10
498 487 10
498 489 10
498 492 10
498 493 10
498 494 10
498 495 10
498 498 10
498 500 10
498 503 10
498 504 10
498 508 10
498 509 10
498 512 10
498 514 10
498 516 10
498 518 10
498 524 10
498 525 10
498 529 10
498 533 10
498 534 10
498 539 10
498 545 10
498 547 10
498 549 10
498 559 10
498 561 10
498 562 10
498 564 10
498 565 10
498 566 10
498 567 10
498 568 10
498 575 10
498 580 10
498 586 10
498 594 10
498 613 10
499 412 10
499 423 10
499 425 10
499 426 10
499 428 10
499 430 10
499 431 10
499 434 10
499 438 10
499 439 10
499 441 10
499 444 10
499 462 10
499 470 10
499 471 10
499 484 10
499 487 10
499 488 10
499 489 10
499 491 10
499 493 10
499 494 10
499 509 10
499 511 10
499 514 10
499 515 10
499 517 10
499 519 10
499 524 10
499 526 10
499 528 10
499 529 10
499 530 10
499 531 10
499 535 10
499 544 10
499 545 10
499 547 10
499 548 10
499 549 10
499 551 10
499 554 10
499 555 10
499 557 10
499 558 10
499 562 10
499 563 10
499 564 10
499 565 10
499 567 10
499 568 10
499 569 10
499 570 10
499 572 10
499 573 10
499 579 10
499 580 10
499 590 10
499 611 10
500 406 10
500 411 10
500 421 10
500 427 10
500 437 10
500 439 10
500 442 10
500 447 10
500 449 10
500 469 10
500 470 10
500 476 10
500 477 10
500 489 10
500 490 10
500 491 10
500 492 10
500 494 10
500 496 10
500 503 10
500 504 10
500 508 10
500 509 10
500 510 10
500 512 10
500 513 10
500 514 10
500 515 10
500 517 10
500 520 10
500 521 10
500 523 10
500 526 10
500 533 10
500 535 10
500 536 10
500 538 10
500 545 10
500 546 10
500 547 10
500 548 10
500 551 10
500 552 10
500 553 10
500 554 10
500 555 10
500 556 10
500 558 10
500 559 10
500 560 10
500 561 10
500 564 10
500 566 10
500 567 10
500 570 10
500 574 10
500 576 10
500 577 10
500 579 10
500 584 10
500 585 10
500 607 10
501 412 10
501 414 10
501 418 10
501 422 10
501 431 10
501 436 10
501 437 10
501 438 10
501 443 10
501 447 10
501 448 10
501 456 10
501 465 10
501 470 10
501 485 10
501 486 10
501 487 10
501 488 10
501 489 10
501 490 10
501 492 10
501 493 10
501 494 10
501 495 10
501 497 10
501 498 10
501 499 10
501 502 10
501 507 10
501 509 10
501 510 10
501 512 10
501 513 10
501 516 10
501 517 10
501 518 10
501 523 10
501 524 10
501 526 10
501 531 10
501 541 10
501 545 10
501 548 10
501 549 10
501 550 10
501 552 10
501 554 10
501 555 10
501 556 10
501 558 10
501 561 10
501 563 10
501 564 10
501 566 10
501 567 10
501 568 10
501 571 10
501 572 10
501 573 10
501 574 10
501 579 10
502 404 10
502 406 10
502 408 10
502 411 10
502 414 10
502 416 10
502 418 10
502 432 10
502 433 10
502 434 10
502 435 10
502 439 10
502 440 10
502 443 10
502 444 10
502 445 10
502 447 10
502 451 10
502 467 10
502 483 10
502 486 10
502 487 10
502 488 10
502 492 10
502 494 10
502 496 10
502 497 10
502 499 10
502 502 10
502 503 10
502 507 10
502 508 10
502 509 10
502 510 10
502 511 10
502 513 10
502 514 10
502 516 10
502 518 10
502 520 10
502 521 10
502 524 10
502 526 10
502 536 10
502 538 10
502 539 10
502 540 10
502 546 10
502 547 10
502 552 10
502 553 10
502 554 10
502 555 10
502 557 10
502 559 10
502 561 10
502 563 10
502 564 10
502 566 10
502 570 10
502 571 10
502 572 10
502 576 10
502 577 10
502 579 10
502 585 10
503 404 10
503 408 10
503 412 10
503 413 10
503 416 10
503 418 10
503 424 10
503 431 10
503 432 10
503 434 10
503 435 10
503 440 10
503 441 10
503 442 10
503 443 10
503 444 10
503 455 10
503 464 10
503 466 10
503 468 10
503 476 10
503 486 10
503 488 10
503 490 10
503 491 10
503 492 10
503 494 10
503 496 10
503 497 10
503 507 10
503 509 10
503 510 10
503 511 10
503 513 10
503 514 10
503 516 10
503 517 10
503 518 10
503 520 10
503 525 10
503 526 10
503 527 10
503 531 10
503 532 10
503 533 10
503 534 10
503 536 10
503 537 10
503 538 10
503 542 10
503 544 10
503 549 10
503 550 10
503 555 10
503 556 10
503 559 10
503 561 10
503 565 10
503 569 10
503 573 10
503 574 10
503 575 10
503 576 10
503 584 10
503 586 10
503 619 10
504 402 10
504 404 10
504 405 10
504 407 10
504 410 10
504 415 10
504 416 10
504 418 10
504 424 10
504 427 10
504 428 10
504 429 10
504 430 10
504 431 10
504 433 10
504 441 10
504 442 10
504 445 10
504 449 10
504 464 10
504 467 10
504 468 10
504 478 10
504 483 10
504 485 10
504 487 10
504 488 10
504 493 10
504 494 10
504 495 10
504 497 10
504 504 10
504 511 10
504 513 10
504 528 10
504 529 10
504 532 10
504 534 10
504 535 10
504 536 10
504 539 10
504 548 10
504 549 10
504 550 10
504 551 10
504 553 10
504 555 10
504 564 10
504 567 10
504 570 10
504 573 10
504 575 10
504 584 10
504 585 10
504 586 10
504 611 10
504 612 10
504 618 10
505 404 10
505 406 10
505 410 10
505 412 10
505 413 10
505 415 10
505 417 10
505 421 10
505 426 10
505 428 10
505 429 10
505 432 10
505 433 10
505 445 10
505 449 10
505 452 10
505 458 10
505 465 10
505 469 10
505 474 10
505 475 10
505 476 10
505 478 10
505 483 10
505 484 10
505 485 10
505 497 10
505 509 10
505 511 10
505 512 10
505 515 10
505 516 10
505 528 10
505 530 10
505 534 10
505 536 10
505 540 10
505 543 10
505 546 10
505 548 10
505 553 10
505 554 10
505 557 10
505 560 10
505 562 10
505 571 10
505 572 10
505 574 10
505 576 10
505 578 10
505 580 10
505 587 10
505 588 10
505 589 10
505 590 10
505 610 10
506 404 10
506 405 10
506 409 10
506 412 10
506 413 10
506 415 10
506 416 10
506 418 10
506 421 10
506 427 10
506 428 10
506 430 10
506 432 10
506 439 10
506 443 10
506 445 10
506 449 10
506 452 10
506 463 10
506 468 10
506 475 10
506 480 10
506 484 10
506 486 10
506 488 10
506 490 10
506 491 10
506 494 10
506 495 10
506 497 10
506 498 10
506 499 10
506 510 10
506 511 10
506 512 10
506 513 10
506 515 10
506 517 10
506 521 10
506 522 10
506 524 10
506 525 10
506 526 10
506 531 10
506 532 10
506 536 10
506 538 10
506 540 10
506 541 10
506 546 10
506 547 10
506 549 10
506 550 10
506 554 10
506 556 10
506 560 10
506 563 10
506 564 10
506 573 10
506 574 10
506 575 10
506 577 10
506 580 10
506 581 10
506 582 10
506 590 10
506 608 10
506 611 10
507 407 10
507 410 10
507 414 10
507 417 10
507 422 10
507 425 10
507 426 10
507 428 10
507 432 10
507 443 10
507 444 10
507 448 10
507 449 10
507 452 10
507 456 10
507 464 10
507 465 10
507 466 10
507 470 10
507 473 10
507 477 10
507 483 10
507 485 10
507 486 10
507 492 10
507 493 10
507 494 10
507 495 10
507 496 10
507 497 10
507 501 10
507 502 10
507 503 10
507 509 10
507 510 10
507 511 10
507 513 10
507 514 10
507 515 10
507 516 10
507 522 10
507 523 10
507 524 10
507 525 10
507 526 10
507 529 10
507 531 10
507 535 10
507 538 10
507 540 10
507 544 10
507 546 10
507 551 10
507 554 10
507 555 10
507 562 10
507 565 10
507 566 10
507 568 10
507 571 10
507 574 10
507 577 10
507 579 10
507 582 10
507 586 10
507 588 10
507 589 10
507 590 10
507 592 10
508 407 10
508 414 10
508 418 10
508 419 10
508 421 10
508 426 10
508 439 10
508 445 10
508 447 10
508 450 10
508 457 10
508 458 10
508 460 10
508 463 10
508 464 10
508 467 10
508 468 10
508 473 10
508 474 10
508 476 10
508 485 10
508 490 10
508 493 10
508 494 10
508 495 10
508 496 10
508 497 10
508 499 10
508 500 10
508 503 10
508 504 10
508 509 10
508 510 10
508 511 10
508 512 10
508 513 10
508 515 10
508 517 10
508 518 10
508 520 10
508 521 10
508 526 10
508 527 10
508 528 10
508 535 10
508 538 10
508 542 10
508 546 10
508 547 10
508 562 10
508 563 10
508 566 10
508 574 10
508 577 10
508 578 10
508 579 10
508 581 10
508 586 10
508 588 10
508 589 10
508 590 10
508 593 10
509 407 10
509 408 10
509 410 10
509 412 10
509 416 10
509 418 10
509 424 10
509 427 10
509 429 10
509 433 10
509 444 10
509 445 10
509 447 10
509 449 10
509 453 10
509 455 10
509 457 10
509 459 10
509 460 10
509 461 10
509 467 10
509 470 10
509 474 10
509 476 10
509 478 10
509 482 10
509 487 10
509 494 10
509 495 10
509 496 10
509 497 10
509 498 10
509 501 10
509 502 10
509 510 10
509 511 10
509 514 10
509 516 10
509 518 10
509 522 10
509 523 10
509 527 10
509 540 10
509 543 10
509 544 10
509 547 10
509 549 10
509 550 10
509 553 10
509 554 10
509 562 10
509 564 10
509 571 10
509 575 10
509 576 10
509 577 10
509 582 10
509 586 10
509 592 10
510 407 10
510 411 10
510 412 10
510 418 10
510 424 10
510 433 10
510 435 10
510 436 10
510 438 10
510 446 10
510 451 10
510 453 10
510 457 10
510 458 10
510 464 10
510 465 10
510 466 10
510 468 10
510 469 10
510 472 10
510 476 10
510 479 10
510 480 10
510 490 10
510 495 10
510 496 10
510 497 10
510 499 10
510 501 10
510 504 10
510 509 10
510 510 10
510 512 10
510 518 10
510 520 10
510 521 10
510 523 10
510 543 10
510 544 10
510 545 10
510 547 10
510 548 10
510 552 10
510 560 10
510 564 10
510 565 10
510 567 10
510 568 10
510 570 10
510 571 10
510 572 10
510 576 10
510 577 10
510 580 10
510 581 10
510 583 10
510 588 10
510 591 10
511 405 10
511 408 10
511 415 10
511 423 10
511 425 10
511 432 10
511 433 10
511 435 10
511 437 10
511 441 10
511 451 10
511 453 10
511 457 10
511 458 10
511 459 10
511 461 10
511 463 10
511 467 10
511 474 10
511 475 10
511 478 10
511 480 10
511 487 10
511 494 10
511 495 10
511 496 10
511 497 10
511 499 10
511 505 10
511 508 10
511 509 10
511 510 10
511 511 10
511 512 10
511 513 10
511 514 10
511 517 10
511 518 10
511 521 10
511 522 10
511 525 10
511 541 10
511 544 10
511 545 10
511 546 10
511 547 10
511 550 10
511 554 10
511 556 10
511 561 10
511 564 10
511 565 10
511 567 10
511 570 10
511 572 10
511 579 10
511 581 10
511 583 10
511 584 10
511 586 10
511 587 10
511 588 10
511 590 10
511 591 10
511 592 10
512 402 10
512 405 10
512 409 10
512 410 10
512 411 10
512 413 10
512 422 10
512 432 10
512 436 10
512 437 10
512 438 10
512 439 10
512 440 10
512 445 10
512 446 10
512 449 10
512 454 10
512 469 10
512 474 10
512 476 10
512 477 10
512 482 10
512 498 10
512 499 10
512 501 10
512 505 10
512 510 10
512 511 10
512 519 10
512 520 10
512 521 10
512 522 10
512 544 10
512 546 10
512 550 10
512 552 10
512 554 10
512 556 10
512 559 10
512 560 10
512 565 10
512 566 10
512 567 10
512 572 10
512 575 10
512 581 10
512 588 10
512 590 10
512 602 10
513 408 10
513 414 10
513 415 10
513 417 10
513 418 10
513 433 10
513 438 10
513 439 10
513 448 10
513 458 10
513 459 10
513 464 10
513 468 10
513 472 10
513 475 10
513 477 10
513 478 10
513 479 10
513 480 10
513 497 10
513 501 10
513 508 10
513 517 10
513 518 10
513 544 10
513 547 10
513 548 10
513 552 10
513 555 10
513 558 10
513 561 10
513 566 10
513 567 10
513 573 10
513 575 10
513 576 10
513 579 10
513 580 10
513 581 10
513 584 10
513 585 10
513 586 10
514 403 10
514 404 10
514 407 10
514 412 10
514 417 10
514 420 10
514 426 10
514 444 10
514 445 10
514 448 10
514 450 10
514 469 10
514 470 10
514 475 10
514 476 10
514 477 10
514 478 10
514 479 10
514 484 10
514 505 10
514 510 10
514 517 10
514 518 10
514 519 10
514 520 10
514 521 10
514 522 10
514 545 10
514 550 10
514 551 10
514 552 10
514 553 10
514 554 10
514 556 10
514 559 10
514 564 10
514 567 10
514 571 10
514 576 10
514 581 10
514 582 10
514 584 10
514 585 10
514 589 10
514 590 10
514 602 10
515 403 10
515 407 10
515 408 10
515 410 10
515 412 10
515 415 10
515 422 10
515 424 10
515 425 10
515 435 10
515 443 10
515 447 10
515 453 10
515 475 10
515 477 10
515 478 10
515 479 10
515 481 10
515 491 10
515 492 10
515 493 10
515 496 10
515 503 10
515 506 10
515 509 100000
515 510 10
515 517 10
515 518 10
515 519 10
515 520 10
515 522 10
515 544 10
515 550 10
515 553 10
515 555 10
515 557 10
515 564 10
515 566 10
515 568 10
515 571 10
515 574 10
515 576 10
515 577 10
515 578 10
515 579 10
515 580 10
515 581 10
515 582 10
515 583 10
515 584 10
515 586 10
515 587 10
515 588 10
515 590 10
515 595 10
516 403 10
516 405 10
516 409 10
516 411 10
516 413 10
516 414 10
516 415 10
516 419 10
516 420 10
516 423 10
516 432 10
516 435 10
516 437 10
516 439 10
516 446 10
516 448 10
516 449 10
516 459 10
516 470 10
516 475 10
516 476 10
516 479 10
516 480 10
516 481 10
516 491 10
516 495 10
516 499 10
516 503 10
516 505 10
516 520 10
516 522 10
516 548 10
516 551 10
516 553 10
516 555 10
516 558 10
516 559 10
516 568 10
516 573 10
516 576 10
516 580 10
516 582 10
516 585 10
516 586 10
516 588 10
516 590 10
516 595 10
516 601 10
517 406 10
517 407 10
517 408 10
517 419 10
517 423 10
517 424 10
517 425 10
517 429 10
517 433 10
517 437 10
517 447 10
517 449 10
517 450 10
517 451 10
517 462 10
517 465 10
517 467 10
517 469 10
517 472 10
517 474 10
517 477 10
517 478 10
517 479 10
517 481 10
517 488 10
517 490 10
517 491 10
517 493 10
517 494 10
517 499 10
517 501 10
517 506 10
517 516 10
517 521 10
517 523 10
517 524 10
517 535 10
517 537 10
517 544 10
517 545 10
517 547 10
517 557 10
517 558 10
517 559 10
517 561 10
517 562 10
517 563 10
517 564 10
517 571 10
517 576 10
517 577 10
517 578 10
517 579 10
517 580 10
517 581 10
517 583 10
517 584 10
517 586 10
517 588 10
517 589 10
517 590 10
517 595 10
517 598 10
517 600 10
518 411 10
518 413 10
518 422 10
518 429 10
518 430 10
518 435 10
518 441 10
518 445 10
518 447 10
518 450 10
518 467 10
518 471 10
518 476 10
518 480 10
518 486 10
518 491 10
518 492 10
518 494 10
518 497 10
518 499 10
518 503 10
518 505 10
518 506 10
518 507 10
518 518 10
518 524 10
518 536 10
518 537 10
518 545 10
518 547 10
518 549 10
518 550 10
518 551 10
518 552 10
518 553 10
518 554 10
518 555 10
518 557 10
518 559 10
518 560 10
518 561 10
518 563 10
518 566 10
518 567 10
518 568 10
518 573 10
518 574 10
518 576 10
518 577 10
518 580 10
518 582 10
518 583 10
518 584 10
518 585 10
518 586 10
518 587 10
518 597 10
519 408 10
519 409 10
519 410 10
519 411 10
519 412 10
519 427 10
519 428 10
519 429 10
519 431 10
519 436 10
519 439 10
519 444 10
519 449 10
519 450 10
519 462 10
519 466 10
519 468 10
519 471 10
519 474 10
519 475 10
519 477 10
519 479 10
519 489 10
519 491 10
519 493 10
519 495 10
519 501 10
519 505 10
519 506 10
519 508 10
519 515 10
519 521 10
519 541 10
519 542 10
519 544 10
519 547 10
519 548 10
519 552 10
519 556 10
519 557 10
519 558 10
519 559 10
519 561 10
519 563 10
519 565 10
519 569 10
519 571 10
519 573 10
519 579 10
519 584 10
519 586 10
519 589 10
520 411 10
520 413 10
520 415 10
520 424 10
520 426 10
520 428 10
520 430 10
520 431 10
520 432 10
520 435 10
520 446 10
520 447 10
520 448 10
520 449 10
520 466 10
520 467 10
520 471 10
520 475 10
520 476 10
520 477 10
520 478 10
520 481 10
520 482 10
520 483 10
520 489 10
520 506 10
520 508 10
520 540 10
520 542 10
520 546 10
520 548 10
520 549 10
520 550 10
520 551 10
520 552 10
520 555 10
520 558 10
520 559 10
520 563 10
520 565 10
520 566 10
520 567 10
520 568 10
520 570 10
520 572 10
520 573 10
520 574 10
520 576 10
520 577 10
520 578 10
520 579 10
520 581 10
520 584 10
520 585 10
520 587 10
520 591 10
520 592 10
520 598 10
520 612 10
521 410 10
521 416 10
521 418 10
521 422 10
521 426 10
521 428 10
521 432 10
521 436 10
521 437 10
521 439 10
521 442 10
521 472 10
521 475 10
521 479 10
521 483 10
521 485 10
521 487 10
521 504 10
521 507 10
521 508 10
521 530 10
521 539 10
521 543 10
521 545 10
521 548 10
521 549 10
521 550 10
521 553 10
521 554 10
521 555 10
521 557 10
521 559 10
521 561 10
521 563 10
521 566 10
521 568 10
521 569 10
521 570 10
521 571 10
521 572 10
521 575 10
521 577 10
521 580 10
521 581 10
521 583 10
521 584 10
521 585 10
521 588 10
521 589 10
521 590 10
521 593 10
521 597 10
521 618 10
522 411 10
522 414 10
522 415 10
522 427 10
522 431 10
522 433 10
522 434 10
522 436 10
522 446 10
522 448 10
522 462 10
522 474 10
522 475 10
522 476 10
522 479 10
522 482 10
522 488 10
522 494 10
522 496 10
522 513 10
522 514 10
522 536 10
522 552 10
522 553 10
522 557 10
522 558 10
522 561 10
522 562 10
522 566 10
522 567 10
522 568 10
522 569 10
522 570 10
522 572 10
522 573 10
522 574 10
522 576 10
522 577 10
522 579 10
522 582 10
522 591 10
522 594 10
522 597 10
522 600 10
522 613 10
523 405 10
523 407 10
523 409 10
523 412 10
523 413 10
523 415 10
523 417 10
523 419 10
523 424 10
523 430 10
523 431 10
523 432 10
523 433 10
523 435 10
523 436 10
523 437 10
523 439 10
523 440 10
523 441 10
523 446 10
523 449 10
523 473 10
523 474 10
523 476 10
523 477 10
523 478 10
523 479 10
523 481 10
523 486 10
523 489 10
523 491 10
523 492 10
523 500 10
523 529 10
523 533 10
523 538 10
523 543 10
523 550 10
523 553 10
523 561 10
523 563 10
523 565 10
523 566 10
523 567 10
523 570 10
523 571 10
523 573 10
523 576 10
523 577 10
523 578 10
523 580 10
523 585 10
523 586 10
523 598 10
523 599 10
523 600 10
523 602 10
523 605 10
524 402 10
524 407 10
524 409 10
524 410 10
524 411 10
524 412 10
524 416 10
524 417 10
524 419 10
524 429 10
524 430 10
524 431 10
524 432 10
524 433 10
524 435 10
524 436 10
524 437 10
524 440 10
524 444 10
524 447 10
524 449 10
524 450 10
524 452 10
524 457 10
524 458 10
524 462 10
524 469 10
524 470 10
524 474 10
524 475 10
524 477 10
524 480 10
524 488 10
524 490 10
524 498 10
524 505 10
524 506 10
524 513 10
524 515 10
524 531 10
524 535 10
524 541 10
524 553 10
524 561 10
524 562 10
524 563 10
524 564 10
524 566 10
524 567 10
524 569 10
524 574 10
524 575 10
524 580 10
524 590 10
524 597 10
524 599 10
524 600 10
524 602 10
525 406 10
525 408 10
525 411 10
525 415 10
525 416 10
525 417 10
525 418 10
525 419 10
525 421 10
525 422 10
525 424 10
525 425 10
525 427 10
525 428 10
525 430 10
525 433 10
525 434 10
525 435 10
525 437 10
525 438 10
525 441 10
525 442 10
525 444 10
525 445 10
525 448 10
525 459 10
525 460 10
525 471 10
525 472 10
525 475 10
525 476 10
525 489 10
525 490 10
525 498 10
525 499 10
525 513 10
525 515 10
525 520 10
525 532 10
525 550 10
525 554 10
525 562 10
525 563 10
525 565 10
525 567 10
525 568 10
525 569 10
525 570 10
525 575 10
525 576 10
525 577 10
525 578 10
525 580 10
525 581 10
525 582 10
525 586 10
525 589 10
525 596 10
525 597 10
525 604 10
526 403 10
526 405 10
526 406 10
526 407 10
526 408 10
526 409 10
526 415 10
526 418 10
526 423 10
526 425 10
526 426 10
526 427 10
526 428 10
526 431 10
526 432 10
526 433 10
526 434 10
526 436 10
526 437 10
526 438 10
526 439 10
526 441 10
526 460 10
526 462 10
526 469 10
526 470 10
526 472 10
526 473 10
526 475 10
526 476 10
526 478 10
526 480 10
526 499 10
526 517 10
526 525 10
526 531 10
526 533 10
526 534 10
526 538 10
526 548 10
526 560 10
526 562 10
526 563 10
526 564 10
526 565 10
526 566 10
526 569 10
526 570 10
526 573 10
526 574 10
526 577 10
526 578 10
526 580 10
526 581 10
526 583 10
526 584 10
526 588 10
526 589 10
526 590 10
526 597 10
526 603 10
526 611 10
527 402 10
527 403 10
527 404 10
527 405 10
527 407 10
527 411 10
527 412 10
527 415 10
527 417 10
527 418 10
527 419 10
527 420 10
527 421 10
527 431 10
527 432 10
527 433 10
527 434 10
527 435 10
527 438 10
527 439 10
527 440 10
527 441 10
527 460 10
527 467 10
527 469 10
527 473 10
527 476 10
527 501 10
527 519 10
527 522 10
527 526 10
527 527 10
527 528 10
527 529 10
527 546 10
527 556 10
527 558 10
527 563 10
527 565 10
527 567 10
527 568 10
527 569 10
527 572 10
527 578 10
527 582 10
527 584 10
527 588 10
527 595 10
527 596 10
527 603 10
527 604 10
527 617 10
528 402 10
528 405 10
528 406 10
528 407 10
528 408 10
528 417 10
528 418 10
528 419 10
528 420 10
528 426 10
528 428 10
528 430 10
528 431 10
528 432 10
528 434 10
528 435 10
528 436 10
528 437 10
528 440 10
528 462 10
528 472 10
528 473 10
528 475 10
528 476 10
528 478 10
528 496 10
528 499 10
528 503 10
528 516 10
528 517 10
528 521 10
528 528 10
528 531 10
528 532 10
528 533 10
528 534 10
528 548 10
528 549 10
528 556 10
528 563 10
528 564 10
528 566 10
528 569 10
528 573 10
528 575 10
528 577 10
528 578 10
528 580 10
528 581 10
528 583 10
528 584 10
528 589 10
528 590 10
528 593 10
528 594 10
528 595 10
528 596 10
528 598 10
528 599 10
528 600 10
528 607 10
529 402 10
529 404 10
529 407 10
529 408 10
529 410 10
529 414 10
529 415 10
529 416 10
529 417 10
529 418 10
529 424 10
529 427 10
529 428 10
529 429 10
529 430 10
529 431 10
529 432 10
529 433 10
529 435 10
529 436 10
529 460 10
529 467 10
529 469 10
529 474 10
529 475 10
529 476 10
529 477 10
529 478 10
529 479 10
529 480 10
529 481 10
529 482 10
529 498 10
529 500 10
529 508 10
529 514 10
529 515 10
529 522 10
529 524 10
529 527 10
529 531 10
529 533 10
529 538 10
529 539 10
529 549 10
529 551 10
529 560 10
529 561 10
529 565 10
529 566 10
529 568 10
529 569 10
529 570 10
529 571 10
529 572 10
529 573 10
529 574 10
529 575 10
529 577 10
529 579 10
529 583 10
529 585 10
529 586 10
529 587 10
529 592 10
529 593 10
529 594 10
529 596 10
529 597 10
529 600 10
529 601 10
529 602 10
529 603 10
529 606 10
529 614 10
530 410 10
530 416 10
530 417 10
530 419 10
530 421 10
530 427 10
530 429 10
530 430 10
530 431 10
530 433 10
530 441 10
530 443 10
530 460 10
530 471 10
530 472 10
530 473 10
530 475 10
530 501 10
530 502 10
530 503 10
530 512 10
530 518 10
530 525 10
530 528 10
530 529 10
530 530 10
530 533 10
530 536 10
530 564 10
530 566 10
530 567 10
530 569 10
530 571 10
530 573 10
530 575 10
530 576 10
530 578 10
530 579 10
530 581 10
530 584 10
530 585 10
530 586 10
530 591 10
530 592 10
530 595 10
530 597 10
530 598 10
530 599 10
530 600 10
530 602 10
530 607 10
531 407 10
531 408 10
531 409 10
531 410 10
531 415 10
531 417 10
531 418 10
531 419 10
531 427 10
531 428 10
531 430 10
531 441 10
531 442 10
531 443 10
531 445 10
531 446 10
531 447 10
531 467 10
531 476 10
531 477 10
531 478 10
531 479 10
531 480 10
531 484 10
531 497 10
531 500 10
531 503 10
531 506 10
531 508 10
531 510 10
531 514 10
531 517 10
531 518 10
531 523 10
531 527 10
531 540 10
531 566 10
531 568 10
531 569 10
531 571 10
531 573 10
531 574 10
531 575 10
531 576 10
531 577 10
531 579 10
531 580 10
531 582 10
531 584 10
531 587 10
531 588 10
531 589 10
531 593 10
531 594 10
531 595 10
531 600 10
531 604 10
531 606 10
532 409 10
532 415 10
532 417 10
532 418 10
532 422 10
532 427 10
532 432 10
532 434 10
532 440 10
532 441 10
532 442 10
532 443 10
532 447 10
532 467 10
532 475 10
532 476 10
532 503 10
532 510 10
532 514 10
532 516 10
532 520 10
532 521 10
532 522 10
532 527 10
532 530 10
532 531 10
532 532 10
532 533 10
532 534 10
532 535 10
532 536 10
532 537 10
532 539 10
532 566 10
532 569 10
532 571 10
532 572 10
532 573 10
532 574 10
532 575 10
532 576 10
532 577 10
532 578 10
532 580 10
532 582 10
532 584 10
532 585 10
532 586 10
532 587 10
532 592 10
532 595 10
532 596 10
532 597 10
533 411 10
533 416 10
533 417 10
533 418 10
533 419 10
533 420 10
533 421 10
533 424 10
533 426 10
533 430 10
533 432 10
533 433 10
533 434 10
533 446 10
533 447 10
533 448 10
533 451 10
533 459 10
533 471 10
533 473 10
533 474 10
533 475 10
533 476 10
533 479 10
533 485 10
533 496 10
533 497 10
533 498 10
533 499 10
533 501 10
533 502 10
533 504 10
533 505 10
533 510 10
533 516 10
533 519 10
533 520 10
533 521 10
533 522 10
533 523 10
533 526 10
533 528 10
533 529 10
533 531 10
533 533 10
533 534 10
533 537 10
533 538 10
533 540 10
533 562 10
533 569 10
533 571 10
533 572 10
533 573 10
533 574 10
533 575 10
533 576 10
533 577 10
533 578 10
533 582 10
533 585 10
533 590 10
533 592 10
533 594 10
533 597 10
533 600 10
534 416 10
534 419 10
534 421 10
534 422 10
534 424 10
534 425 10
534 426 10
534 427 10
534 428 10
534 430 10
534 431 10
534 433 10
534 439 10
534 442 10
534 445 10
534 446 10
534 473 10
534 475 10
534 484 10
534 486 10
534 500 10
534 504 10
534 514 10
534 516 10
534 519 10
534 520 10
534 521 10
534 523 10
534 524 10
534 525 10
534 526 10
534 562 10
534 563 10
534 568 10
534 570 10
534 572 10
534 573 10
534 576 10
534 577 10
534 579 10
534 580 10
534 581 10
534 582 10
534 583 10
534 585 10
534 586 10
534 588 10
534 591 10
534 597 10
534 602 10
534 603 10
534 605 10
534 607 10
535 416 10
535 417 10
535 418 10
535 424 10
535 430 10
535 432 10
535 436 10
535 439 10
535 440 10
535 441 10
535 443 10
535 444 10
535 446 10
535 447 10
535 456 10
535 471 10
535 477 10
535 481 10
535 484 10
535 502 10
535 504 10
535 505 10
535 506 10
535 507 10
535 511 10
535 515 10
535 519 10
535 521 10
535 522 10
535 523 10
535 524 10
535 525 10
535 527 10
535 530 10
535 531 10
535 532 10
535 533 10
535 534 10
535 535 10
535 538 10
535 541 10
535 559 10
535 561 10
535 562 10
535 565 10
535 567 10
535 571 10
535 576 10
535 577 10
535 579 10
535 580 10
535 583 10
535 584 10
535 587 10
535 588 10
535 591 10
535 592 10
535 594 10
535 595 10
535 598 10
535 599 10
535 605 10
536 416 10
536 421 10
536 424 10
536 431 10
536 432 10
536 433 10
536 434 10
536 441 10
536 458 10
536 473 10
536 479 10
536 481 10
536 483 10
536 485 10
536 502 10
536 507 10
536 514 10
536 516 10
536 518 10
536 521 10
536 522 10
536 523 10
536 524 10
536 525 10
536 526 10
536 527 10
536 528 10
536 530 10
536 531 10
536 533 10
536 536 10
536 538 10
536 540 10
536 551 10
536 559 10
536 562 10
536 564 10
536 568 10
536 569 10
536 570 10
536 571 10
536 572 10
536 574 10
536 575 10
536 576 10
536 578 10
536 579 10
536 581 10
536 582 10
536 584 10
536 586 10
536 596 10
536 597 10
536 603 10
536 606 10
536 608 10
537 417 10
537 418 10
537 419 10
537 420 10
537 426 10
537 430 10
537 431 10
537 434 10
537 435 10
537 444 10
537 473 10
537 474 10
537 482 10
537 502 10
537 503 10
537 504 10
537 505 10
537 506 10
537 507 10
537 509 10
537 511 10
537 513 10
537 516 10
537 521 10
537 523 10
537 524 10
537 528 10
537 530 10
537 531 10
537 534 10
537 535 10
537 536 10
537 539 10
537 540 10
537 551 10
537 559 10
537 561 10
537 562 10
537 564 10
537 565 10
537 566 10
537 567 10
537 568 10
537 569 10
537 571 10
537 572 10
537 573 10
537 574 10
537 576 10
537 577 10
537 578 10
537 579 10
537 580 10
537 581 10
537 584 10
537 585 10
537 587 10
537 588 10
537 590 10
537 592 10
537 594 10
537 595 10
537 596 10
537 599 10
537 601 10
537 610 10
538 410 10
538 412 10
538 417 10
538 420 10
538 424 10
538 426 10
538 427 10
538 428 10
538 431 10
538 432 10
538 440 10
538 459 10
538 464 10
538 468 10
538 473 10
538 474 10
538 475 10
538 476 10
538 478 10
538 483 10
538 496 10
538 498 10
538 501 10
538 502 10
538 503 10
538 504 10
538 505 10
538 506 10
538 507 10
538 509 10
538 511 10
538 512 10
538 513 10
538 516 10
538 517 10
538 518 10
538 519 10
538 520 10
538 521 10
538 522 10
538 523 10
538 524 10
538 525 10
538 529 10
538 530 10
538 532 10
538 533 10
538 535 10
538 536 10
538 537 10
538 540 10
538 549 10
538 552 10
538 554 10
538 559 10
538 560 10
538 568 10
538 569 10
538 572 10
538 573 10
538 574 10
538 575 10
538 577 10
538 578 10
538 579 10
538 583 10
538 584 10
538 591 10
538 594 10
538 595 10
538 597 10
538 598 10
538 599 10
538 601 10
538 607 10
538 608 10
538 609 10
538 612 10
539 410 10
539 419 10
539 422 10
539 424 10
539 426 10
539 427 10
539 428 10
539 431 10
539 432 10
539 433 10
539 435 10
539 440 10
539 460 10
539 461 10
539 464 10
539 468 10
539 471 10
539 472 10
539 477 10
539 478 10
539 480 10
539 481 10
539 486 10
539 487 10
539 501 10
539 502 10
539 503 10
539 505 10
539 506 10
539 508 10
539 518 10
539 522 10
539 523 10
539 524 10
539 526 10
539 528 10
539 530 10
539 532 10
539 533 10
539 534 10
539 535 10
539 536 10
539 538 10
539 540 10
539 543 10
539 544 10
539 547 10
539 550 10
539 552 10
539 567 10
539 568 10
539 570 10
539 572 10
539 573 10
539 576 10
539 578 10
539 582 10
539 583 10
539 584 10
539 589 10
539 593 10
539 596 10
539 598 10
539 599 10
539 602 10
539 603 10
539 608 10
540 413 10
540 415 10
540 421 10
540 422 10
540 424 10
540 425 10
540 427 10
540 429 10
540 430 10
540 431 10
540 435 10
540 440 10
540 444 10
540 447 10
540 452 10
540 453 10
540 461 10
540 464 10
540 466 10
540 470 10
540 471 10
540 473 10
540 475 10
540 477 10
540 481 10
540 495 10
540 499 10
540 500 10
540 501 10
540 502 10
540 503 10
540 505 10
540 510 10
540 512 10
540 519 10
540 520 10
540 522 10
540 524 10
540 526 10
540 527 10
540 529 10
540 530 10
540 531 10
540 532 10
540 533 10
540 534 10
540 535 10
540 536 10
540 537 10
540 538 10
540 539 10
540 550 10
540 562 10
540 564 10
540 565 10
540 566 10
540 567 10
540 568 10
540 570 10
540 572 10
540 574 10
540 575 10
540 578 10
540 579 10
540 580 10
540 581 10
540 589 10
540 591 10
540 595 10
540 596 10
540 598 10
540 599 10
540 600 10
540 601 10
540 603 10
540 604 10
540 607 10
541 419 10
541 420 10
541 422 10
541 427 10
541 432 10
541 433 10
541 434 10
541 435 10
541 437 10
541 440 10
541 441 10
541 442 10
541 444 10
541 447 10
541 448 10
541 449 10
541 451 10
541 459 10
541 462 10
541 472 10
541 474 10
541 475 10
541 476 10
541 477 10
541 478 10
541 479 10
541 480 10
541 482 10
541 495 10
541 500 10
541 501 10
541 502 10
541 504 10
541 506 10
541 508 10
541 510 10
541 511 10
541 512 10
541 518 10
541 521 10
541 523 10
541 524 10
541 527 10
541 528 10
541 530 10
541 532 10
541 533 10
541 534 10
541 535 10
541 536 10
541 537 10
541 540 10
541 541 10
541 547 10
541 550 10
541 559 10
541 564 10
541 570 10
541 574 10
541 575 10
541 578 10
541 579 10
541 580 10
541 581 10
541 582 10
541 593 10
541 594 10
541 598 10
541 601 10
541 603 10
541 604 10
542 401 10
542 403 10
542 409 10
542 415 10
542 416 10
542 428 10
542 431 10
542 447 10
542 452 10
542 453 10
542 456 10
542 461 10
542 468 10
542 469 10
542 471 10
542 473 10
542 474 10
542 475 10
542 476 10
542 477 10
542 478 10
542 479 10
542 480 10
542 483 10
542 485 10
542 493 10
542 498 10
542 500 10
542 501 10
542 503 10
542 505 10
542 506 10
542 507 10
542 508 10
542 510 10
542 512 10
542 513 10
542 519 10
542 526 10
542 528 10
542 529 10
542 530 10
542 531 10
542 532 10
542 533 10
542 534 10
542 535 10
542 537 10
542 538 10
542 539 10
542 540 10
542 550 10
542 553 10
542 555 10
542 556 10
542 557 10
542 560 10
542 564 10
542 565 10
542 567 10
542 574 10
542 575 10
542 577 10
542 580 10
542 582 10
542 592 10
542 597 10
542 598 10
542 600 10
542 601 10
542 602 10
542 604 10
542 606 10
542 610 10
543 411 10
543 416 10
543 431 10
543 434 10
543 435 10
543 440 10
543 442 10
543 447 10
543 451 10
543 454 10
543 460 10
543 461 10
543 462 10
543 463 10
543 464 10
543 468 10
543 469 10
543 470 10
543 471 10
543 472 10
543 474 10
543 475 10
543 476 10
543 477 10
543 478 10
543 481 10
543 482 10
543 484 10
543 485 10
543 487 10
543 499 10
543 500 10
543 502 10
543 503 10
543 505 10
543 506 10
543 511 10
543 513 10
543 522 10
543 523 10
543 525 10
543 527 10
543 528 10
543 530 10
543 531 10
543 532 10
543 535 10
543 536 10
543 537 10
543 540 10
543 542 10
543 543 10
543 548 10
543 549 10
543 550 10
543 551 10
543 553 10
543 556 10
543 558 10
543 559 10
543 560 10
543 562 10
543 570 10
543 571 10
543 572 10
543 574 10
543 575 10
543 577 10
543 578 10
543 580 10
543 581 10
543 584 10
543 592 10
543 593 10
543 594 10
543 595 10
543 597 10
543 611 10
544 403 10
544 414 10
544 428 10
544 429 10
544 433 10
544 442 10
544 444 10
544 446 10
544 447 10
544 452 10
544 456 10
544 457 10
544 458 10
544 467 10
544 469 10
544 471 10
544 472 10
544 475 10
544 476 10
544 477 10
544 478 10
544 485 10
544 486 10
544 487 10
544 488 10
544 498 10
544 503 10
544 506 10
544 507 10
544 508 10
544 514 10
544 516 10
544 522 10
544 523 10
544 524 10
544 531 10
544 532 10
544 533 10
544 534 10
544 535 10
544 536 10
544 538 10
544 540 10
544 545 10
544 548 10
544 549 10
544 551 10
544 552 10
544 555 10
544 556 10
544 558 10
544 559 10
544 563 10
544 564 10
544 572 10
544 573 10
544 574 10
544 575 10
544 580 10
544 583 10
544 591 10
544 593 10
544 595 10
544 597 10
544 598 10
544 599 10
544 600 10
544 601 10
544 602 10
544 603 10
544 604 10
544 610 10
545 411 10
545 422 10
545 423 10
545 428 10
545 429 10
545 430 10
545 431 10
545 434 10
545 435 10
545 436 10
545 440 10
545 446 10
545 457 10
545 460 10
545 461 10
545 462 10
545 463 10
545 467 10
545 468 10
545 469 10
545 470 10
545 471 10
545 472 10
545 473 10
545 474 10
545 475 10
545 476 10
545 478 10
545 481 10
545 483 10
545 485 10
545 487 10
545 489 10
545 492 10
545 499 10
545 500 10
545 501 10
545 504 10
545 510 10
545 511 10
545 514 10
545 516 10
545 518 10
545 523 10
545 525 10
545 527 10
545 529 10
545 531 10
545 532 10
545 533 10
545 534 10
545 535 10
545 537 10
545 538 10
545 540 10
545 542 10
545 543 10
545 546 10
545 547 10
545 548 10
545 549 10
545 550 10
545 551 10
545 553 10
545 554 10
545 556 10
545 558 10
545 560 10
545 564 10
545 571 10
545 573 10
545 575 10
545 581 10
545 583 10
545 585 10
545 592 10
545 593 10
545 594 10
545 601 10
545 605 10
545 610 10
546 404 10
546 415 10
546 427 10
546 443 10
546 445 10
546 446 10
546 448 10
546 457 10
546 459 10
546 460 10
546 461 10
546 462 10
546 463 10
546 467 10
546 470 10
546 471 10
546 473 10
546 475 10
546 476 10
546 477 10
546 478 10
546 479 10
546 481 10
546 484 10
546 486 10
546 487 10
546 488 10
546 489 10
546 490 10
546 492 10
546 494 10
546 496 10
546 497 10
546 498 10
546 499 10
546 500 10
546 501 10
546 502 10
546 504 10
546 506 10
546 507 10
546 508 10
546 509 10
546 510 10
546 512 10
546 513 10
546 514 10
546 515 10
546 516 10
546 518 10
546 522 10
546 523 10
546 524 10
546 525 10
546 526 10
546 527 10
546 529 10
546 530 10
546 531 10
546 532 10
546 535 10
546 536 10
546 537 10
546 538 10
546 540 10
546 541 10
546 542 10
546 543 10
546 545 10
546 546 10
546 549 10
546 551 10
546 552 10
546 553 10
546 554 10
546 555 10
546 556 10
546 557 10
546 559 10
546 571 10
546 572 10
546 574 10
546 575 10
546 579 10
546 581 10
546 583 10
546 594 10
546 595 10
546 596 10
546 597 10
546 600 10
546 604 10
546 607 10
546 608 10
547 405 10
547 407 10
547 411 10
547 414 10
547 422 10
547 424 10
547 432 10
547 441 10
547 445 10
547 446 10
547 447 10
547 448 10
547 449 10
547 451 10
547 464 10
547 467 10
547 470 10
547 471 10
547 472 10
547 473 10
547 474 10
547 475 10
547 476 10
547 477 10
547 478 10
547 479 10
547 480 10
547 481 10
547 482 10
547 486 10
547 487 10
547 490 10
547 493 10
547 497 10
547 498 10
547 499 10
547 501 10
547 502 10
547 503 10
547 504 10
547 505 10
547 506 10
547 507 10
547 508 10
547 509 10
547 510 10
547 511 10
547 518 10
547 521 10
547 522 10
547 523 10
547 525 10
547 529 10
547 530 10
547 533 10
547 534 10
547 536 10
547 538 10
547 539 10
547 540 10
547 542 10
547 543 10
547 545 10
547 546 10
547 547 10
547 548 10
547 549 10
547 550 10
547 551 10
547 552 10
547 553 10
547 556 10
547 559 10
547 561 10
547 574 10
547 577 10
547 579 10
547 582 10
547 584 10
547 590 10
547 592 10
547 593 10
547 595 10
547 597 10
547 599 10
547 601 10
547 602 10
547 603 10
547 605 10
548 403 10
548 404 10
548 409 10
548 410 10
548 412 10
548 414 10
548 415 10
548 416 10
548 418 10
548 426 10
548 429 10
548 432 10
548 433 10
548 434 10
548 442 10
548 451 10
548 455 10
548 458 10
548 459 10
548 460 10
548 461 10
548 462 10
548 463 10
548 466 10
548 467 10
548 468 10
548 471 10
548 472 10
548 473 10
548 474 10
548 475 10
548 476 10
548 477 10
548 479 10
548 480 10
548 481 10
548 482 10
548 483 10
548 484 10
548 487 10
548 492 10
548 493 10
548 494 10
548 495 10
548 498 10
548 500 10
548 501 10
548 502 10
548 503 10
548 505 10
548 513 10
548 519 10
548 522 10
548 523 10
548 524 10
548 526 10
548 530 10
548 531 10
548 532 10
548 535 10
548 536 10
548 538 10
548 540 10
548 542 10
548 544 10
548 545 10
548 546 10
548 547 10
548 549 10
548 551 10
548 556 10
548 557 10
548 558 10
548 574 10
548 575 10
548 576 10
548 577 10
548 580 10
548 582 10
548 585 10
548 592 10
548 597 10
548 599 10
548 601 10
548 602 10
548 603 10
548 605 10
548 606 10
548 607 10
549 409 10
549 412 10
549 413 10
549 416 10
549 427 10
549 429 10
549 430 10
549 433 10
549 434 10
549 436 10
549 441 10
549 446 10
549 449 10
549 459 10
549 464 10
549 466 10
549 468 10
549 469 10
549 471 10
549 472 10
549 473 10
549 474 10
549 475 10
549 476 10
549 477 10
549 478 10
549 479 10
549 480 10
549 484 10
549 485 10
549 487 10
549 489 10
549 494 10
549 496 10
549 498 10
549 499 10
549 500 10
549 501 10
549 502 10
549 506 10
549 509 10
549 511 10
549 514 10
549 521 10
549 523 10
549 525 10
549 529 10
549 530 10
549 531 10
549 534 10
549 535 10
549 543 10
549 544 10
549 546 10
549 547 10
549 549 10
549 554 10
549 555 10
549 557 10
549 559 10
549 564 10
549 565 10
549 573 10
549 575 10
549 576 10
549 577 10
549 583 10
549 591 10
549 606 10
549 609 10
550 405 10
550 407 10
550 409 10
550 410 10
550 412 10
550 413 10
550 414 10
550 415 10
550 416 10
550 418 10
550 419 10
550 420 10
550 426 10
550 428 10
550 429 10
550 432 10
550 438 10
550 439 10
550 444 10
550 446 10
550 447 10
550 448 10
550 461 10
550 462 10
550 464 10
550 467 10
550 470 10
550 471 10
550 472 10
550 473 10
550 474 10
550 475 10
550 476 10
550 477 10
550 478 10
550 480 10
550 481 10
550 483 10
550 487 10
550 488 10
550 489 10
550 491 10
550 493 10
550 495 10
550 496 10
550 497 10
550 498 10
550 499 10
550 500 10
550 501 10
550 503 10
550 505 10
550 514 10
550 520 10
550 521 10
550 526 10
550 533 10
550 534 10
550 535 10
550 536 10
550 537 10
550 539 10
550 546 10
550 548 10
550 549 10
550 550 10
550 552 10
550 554 10
550 557 10
550 560 10
550 562 10
550 569 10
550 584 10
550 586 10
550 591 10
551 405 10
551 406 10
551 408 10
551 409 10
551 412 10
551 413 10
551 414 10
551 415 10
551 416 10
551 417 10
551 430 10
551 431 10
551 432 10
551 434 10
551 435 10
551 436 10
551 438 10
551 445 10
551 446 10
551 462 10
551 465 10
551 467 10
551 469 10
551 474 10
551 475 10
551 477 10
551 478 10
551 479 10
551 480 10
551 481 10
551 482 10
551 483 10
551 485 10
551 493 10
551 495 10
551 496 10
551 498 10
551 506 10
551 511 10
551 516 10
551 523 10
551 524 10
551 532 10
551 534 10
551 536 10
551 537 10
551 541 10
551 542 10
551 543 10
551 544 10
551 547 10
551 548 10
551 550 10
551 551 10
551 553 10
551 554 10
551 556 10
551 557 10
551 558 10
551 564 10
551 565 10
551 569 10
551 572 10
551 574 10
551 576 10
551 582 10
551 583 10
551 585 10
552 406 10
552 409 10
552 410 10
552 411 10
552 413 10
552 415 10
552 417 10
552 420 10
552 431 10
552 432 10
552 433 10
552 435 10
552 438 10
552 439 10
552 440 10
552 441 10
552 442 10
552 445 10
552 446 10
552 461 10
552 462 10
552 464 10
552 465 10
552 466 10
552 469 10
552 471 10
552 472 10
552 474 10
552 476 10
552 477 10
552 478 10
552 479 10
552 493 10
552 495 10
552 498 10
552 502 10
552 503 10
552 506 10
552 508 10
552 521 10
552 525 10
552 534 10
552 536 10
552 543 10
552 545 10
552 548 10
552 549 10
552 550 10
552 552 10
552 554 10
552 556 10
552 557 10
552 558 10
552 559 10
552 560 10
552 561 10
552 563 10
552 564 10
552 565 10
552 570 10
552 573 10
552 575 10
552 592 10
552 593 10
552 596 10
552 597 10
553 404 10
553 406 10
553 407 10
553 408 10
553 409 10
553 411 10
553 416 10
553 418 10
553 419 10
553 420 10
553 427 10
553 428 10
553 429 10
553 430 10
553 436 10
553 437 10
553 441 10
553 445 10
553 453 10
553 454 10
553 457 10
553 462 10
553 463 10
553 467 10
553 468 10
553 469 10
553 470 10
553 472 10
553 474 10
553 476 10
553 477 10
553 478 10
553 480 10
553 481 10
553 483 10
553 488 10
553 491 10
553 492 10
553 493 10
553 494 10
553 500 10
553 503 10
553 504 10
553 505 10
553 506 10
553 507 10
553 508 10
553 509 10
553 510 10
553 511 10
553 512 10
553 516 10
553 522 10
553 524 10
553 531 10
553 534 10
553 543 10
553 544 10
553 547 10
553 550 10
553 552 10
553 553 10
553 554 10
553 559 10
553 561 10
553 564 10
553 568 10
553 570 10
553 572 10
553 581 10
553 584 10
553 589 10
553 590 10
553 593 10
553 594 10
553 595 10
554 405 10
554 407 10
554 409 10
554 410 10
554 411 10
554 415 10
554 416 10
554 423 10
554 424 10
554 427 10
554 428 10
554 434 10
554 438 10
554 440 10
554 443 10
554 444 10
554 445 10
554 446 10
554 448 10
554 454 10
554 460 10
554 462 10
554 469 10
554 470 10
554 472 10
554 473 10
554 474 10
554 475 10
554 476 10
554 477 10
554 478 10
554 479 10
554 484 10
554 486 10
554 495 10
554 500 10
554 501 10
554 502 10
554 504 10
554 508 10
554 509 10
554 518 10
554 520 10
554 524 10
554 526 10
554 539 10
554 540 10
554 542 10
554 550 10
554 552 10
554 556 10
554 557 10
554 563 10
554 564 10
554 565 10
554 566 10
554 570 10
554 572 10
554 574 10
554 577 10
554 583 10
554 584 10
554 587 10
554 588 10
554 593 10
554 594 10
554 596 10
554 597 10
555 403 10
555 405 10
555 408 10
555 410 10
555 411 10
555 417 10
555 421 10
555 422 10
555 426 10
555 430 10
555 436 10
555 438 10
555 440 10
555 441 10
555 442 10
555 443 10
555 444 10
555 445 10
555 446 10
555 450 10
555 454 10
555 455 10
555 456 10
555 461 10
555 463 10
555 464 10
555 469 10
555 470 10
555 472 10
555 473 10
555 474 10
555 475 10
555 476 10
555 477 10
555 478 10
555 479 10
555 480 10
555 483 10
555 485 10
555 486 10
555 487 10
555 503 10
555 507 10
555 509 10
555 510 10
555 511 10
555 512 10
555 515 10
555 520 10
555 526 10
555 528 10
555 532 10
555 539 10
555 541 10
555 542 10
555 543 10
555 544 10
555 547 10
555 549 10
555 550 10
555 551 10
555 552 10
555 557 10
555 559 10
555 561 10
555 563 10
555 564 10
555 566 10
555 568 10
555 570 10
555 571 10
555 572 10
555 573 10
555 581 10
555 583 10
555 589 10
555 590 10
555 594 10
556 403 10
556 406 10
556 407 10
556 409 10
556 410 10
556 411 10
556 414 10
556 415 10
556 421 10
556 423 10
556 425 10
556 428 10
556 429 10
556 431 10
556 432 10
556 433 10
556 437 10
556 439 10
556 440 10
556 441 10
556 442 10
556 445 10
556 449 10
556 453 10
556 454 10
556 455 10
556 462 10
556 467 10
556 470 10
556 471 10
556 472 10
556 473 10
556 475 10
556 476 10
556 477 10
556 478 10
556 482 10
556 483 10
556 485 10
556 486 10
556 493 10
556 494 10
556 498 10
556 500 10
556 502 10
556 503 10
556 504 10
556 506 10
556 507 10
556 509 10
556 510 10
556 514 10
556 515 10
556 516 10
556 517 10
556 521 10
556 522 10
556 523 10
556 525 10
556 527 10
556 530 10
556 534 10
556 536 10
556 537 10
556 540 10
556 542 10
556 546 10
556 548 10
556 550 10
556 551 10
556 552 10
556 558 10
556 561 10
556 564 10
556 565 10
556 566 10
556 567 10
556 568 10
556 569 10
556 570 10
556 571 10
556 573 10
556 574 10
556 577 10
556 589 10
556 591 10
556 592 10
556 594 10
556 595 10
556 596 10
557 401 10
557 404 10
557 405 10
557 412 10
557 419 10
557 427 10
557 428 10
557 429 10
557 432 10
557 435 10
557 437 10
557 441 10
557 442 10
557 443 10
557 453 10
557 455 10
557 457 10
557 460 10
557 471 10
557 472 10
557 473 10
557 479 10
557 480 10
557 482 10
557 499 10
557 500 10
557 502 10
557 504 10
557 505 10
557 507 10
557 508 10
557 509 10
557 510 10
557 511 10
557 514 10
557 516 10
557 517 10
557 518 10
557 519 10
557 528 10
557 533 10
557 535 10
557 540 10
557 541 10
557 542 10
557 543 10
557 544 10
557 545 10
557 548 10
557 549 10
557 550 10
557 552 10
557 553 10
557 555 10
557 559 10
557 565 10
557 571 10
557 573 10
557 574 10
557 575 10
557 578 10
557 587 10
557 591 10
557 592 10
557 594 10
558 403 10
558 405 10
558 407 10
558 409 10
558 410 10
558 411 10
558 413 10
558 420 10
558 421 10
558 422 10
558 423 10
558 424 10
558 425 10
558 426 10
558 428 10
558 432 10
558 437 10
558 439 10
558 441 10
558 442 10
558 443 10
558 451 10
558 457 10
558 468 10
558 471 10
558 473 10
558 476 10
558 478 10
558 484 10
558 497 10
558 498 10
558 499 10
558 501 10
558 503 10
558 504 10
558 505 10
558 506 10
558 507 10
558 508 10
558 509 10
558 511 10
558 513 10
558 514 10
558 515 10
558 516 10
558 517 10
558 519 10
558 520 10
558 521 10
558 524 10
558 533 10
558 535 10
558 541 10
558 543 10
558 544 10
558 547 10
558 549 10
558 556 10
558 560 10
558 562 10
558 567 10
558 568 10
558 573 10
558 586 10
558 587 10
558 589 10
558 592 10
558 594 10
558 596 10
559 401 10
559 403 10
559 405 10
559 406 10
559 408 10
559 409 10
559 415 10
559 420 10
559 421 10
559 422 10
559 426 10
559 427 10
559 433 10
559 436 10
559 440 10
559 442 10
559 443 10
559 444 10
559 463 10
559 467 10
559 468 10
559 470 10
559 472 10
559 479 10
559 480 10
559 488 10
559 492 10
559 494 10
559 500 10
559 501 10
559 502 10
559 503 10
559 504 10
559 505 10
559 506 10
559 507 10
559 508 10
559 509 10
559 510 10
559 511 10
559 515 10
559 519 10
559 520 10
559 522 10
559 524 10
559 527 10
559 531 10
559 535 10
559 536 10
559 542 10
559 544 10
559 546 10
559 547 10
559 549 10
559 550 10
559 551 10
559 555 10
559 561 10
559 562 10
559 565 10
559 566 10
559 567 10
559 570 10
559 571 10
559 576 10
559 580 10
559 581 10
559 584 10
559 585 10
559 588 10
559 590 10
560 405 10
560 406 10
560 408 10
560 412 10
560 419 10
560 420 10
560 422 10
560 423 10
560 424 10
560 438 10
560 439 10
560 442 10
560 453 10
560 459 10
560 460 10
560 461 10
560 478 10
560 482 10
560 486 10
560 490 10
560 494 10
560 497 10
560 499 10
560 501 10
560 502 10
560 503 10
560 504 10
560 505 10
560 506 10
560 507 10
560 508 10
560 510 10
560 514 10
560 515 10
560 516 10
560 517 10
560 518 10
560 519 10
560 522 10
560 525 10
560 526 10
560 528 10
560 538 10
560 544 10
560 545 10
560 548 10
560 549 10
560 550 10
560 554 10
560 555 10
560 556 10
560 557 10
560 558 10
560 559 10
560 562 10
560 563 10
560 573 10
560 575 10
560 576 10
560 577 10
560 578 10
560 582 10
560 584 10
560 589 10
560 590 10
561 411 10
561 418 10
561 424 10
561 425 10
561 426 10
561 432 10
561 434 10
561 440 10
561 441 10
561 443 10
561 459 10
561 460 10
561 463 10
561 464 10
561 466 10
561 470 10
561 473 10
561 475 10
561 479 10
561 496 10
561 497 10
561 501 10
561 503 10
561 504 10
561 505 10
561 506 10
561 507 10
561 508 10
561 513 10
561 518 10
561 526 10
561 527 10
561 528 10
561 531 10
561 535 10
561 540 10
561 542 10
561 544 10
561 545 10
561 546 10
561 547 10
561 548 10
561 551 10
561 552 10
561 558 10
561 560 10
561 568 10
561 573 10
561 574 10
561 578 10
561 586 10
561 589 10
561 591 10
562 408 10
562 422 10
562 428 10
562 429 10
562 431 10
562 437 10
562 439 10
562 458 10
562 459 10
562 461 10
562 463 10
562 466 10
562 470 10
562 472 10
562 475 10
562 479 10
562 480 10
562 481 10
562 482 10
562 487 10
562 497 10
562 498 10
562 501 10
562 503 10
562 504 10
562 505 10
562 506 10
562 507 10
562 508 10
562 511 10
562 512 10
562 516 10
562 517 10
562 522 10
562 525 10
562 526 10
562 527 10
562 528 10
562 531 10
562 532 10
562 533 10
562 534 10
562 535 10
562 542 10
562 544 10
562 548 10
562 551 10
562 555 10
562 557 10
562 558 10
562 561 10
562 567 10
562 568 10
562 569 10
562 574 10
562 575 10
562 576 10
562 577 10
562 579 10
562 580 10
562 582 10
562 583 10
562 584 10
562 585 10
562 586 10
563 418 10
563 423 10
563 424 10
563 425 10
563 438 10
563 439 10
563 458 10
563 464 10
563 466 10
563 470 10
563 471 10
563 473 10
563 474 10
563 475 10
563 484 10
563 498 10
563 501 10
563 504 10
563 506 10
563 508 10
563 509 10
563 513 10
563 515 10
563 518 10
563 521 10
563 522 10
563 523 10
563 524 10
563 525 10
563 528 10
563 530 10
563 531 10
563 533 10
563 534 10
563 542 10
563 545 10
563 547 10
563 549 10
563 551 10
563 553 10
563 555 10
563 556 10
563 557 10
563 558 10
563 559 10
563 560 10
563 561 10
563 567 10
563 570 10
563 574 10
563 575 10
563 576 10
563 579 10
563 583 10
563 585 10
563 586 10
563 589 10
563 590 10
563 591 10
563 593 10
563 599 10
564 405 10
564 422 10
564 423 10
564 424 10
564 425 10
564 427 10
564 429 10
564 436 10
564 437 10
564 448 10
564 461 10
564 463 10
564 464 10
564 466 10
564 467 10
564 470 10
564 471 10
564 474 10
564 475 10
564 477 10
564 481 10
564 482 10
564 488 10
564 499 10
564 502 10
564 503 10
564 505 10
564 506 10
564 507 10
564 518 10
564 520 10
564 521 10
564 522 10
564 523 10
564 526 10
564 527 10
564 528 10
564 529 10
564 530 10
564 532 10
564 533 10
564 542 10
564 544 10
564 546 10
564 547 10
564 553 10
564 554 10
564 559 10
564 560 10
564 561 10
564 569 10
564 571 10
564 577 10
564 578 10
564 579 10
564 580 10
564 582 10
564 586 10
564 587 10
564 588 10
564 589 10
564 590 10
564 593 10
564 594 10
564 596 10
565 403 10
565 407 10
565 420 10
565 422 10
565 424 10
565 425 10
565 426 10
565 438 10
565 440 10
565 442 10
565 444 10
565 465 10
565 467 10
565 468 10
565 477 10
565 486 10
565 487 10
565 489 10
565 493 10
565 495 10
565 498 10
565 500 10
565 501 10
565 502 10
565 504 10
565 505 10
565 507 10
565 508 10
565 510 10
565 513 10
565 515 10
565 519 10
565 521 10
565 522 10
565 523 10
565 524 10
565 526 10
565 527 10
565 528 10
565 529 10
565 530 10
565 531 10
565 532 10
565 533 10
565 538 10
565 539 10
565 544 10
565 545 10
565 546 10
565 549 10
565 550 10
565 551 10
565 556 10
565 557 10
565 558 10
565 559 10
565 569 10
565 570 10
565 571 10
565 575 10
565 576 10
565 578 10
565 580 10
565 581 10
565 582 10
565 583 10
565 584 10
565 586 10
565 590 10
565 591 10
565 593 10
565 595 10
565 599 10
566 405 10
566 421 10
566 428 10
566 437 10
566 439 10
566 441 10
566 444 10
566 446 10
566 456 10
566 462 10
566 463 10
566 464 10
566 465 10
566 466 10
566 467 10
566 468 10
566 469 10
566 483 10
566 485 10
566 486 10
566 489 10
566 490 10
566 492 10
566 493 10
566 494 10
566 497 10
566 498 10
566 501 10
566 502 10
566 503 10
566 505 10
566 509 10
566 510 10
566 514 10
566 515 10
566 516 10
566 517 10
566 518 10
566 520 10
566 522 10
566 523 10
566 524 10
566 525 10
566 526 10
566 528 10
566 529 10
566 532 10
566 534 10
566 535 10
566 541 10
566 542 10
566 544 10
566 546 10
566 549 10
566 550 10
566 555 10
566 556 10
566 557 10
566 558 10
566 559 10
566 560 10
566 562 10
566 570 10
566 575 10
566 580 10
566 581 10
566 585 10
566 586 10
566 587 10
566 588 10
566 589 10
566 591 10
566 594 10
566 598 10
567 406 10
567 419 10
567 437 10
567 439 10
567 440 10
567 442 10
567 443 10
567 444 10
567 451 10
567 468 10
567 470 10
567 474 10
567 479 10
567 480 10
567 482 10
567 485 10
567 492 10
567 494 10
567 496 10
567 497 10
567 498 10
567 499 10
567 501 10
567 503 10
567 504 10
567 506 10
567 508 10
567 510 10
567 512 10
567 518 10
567 520 10
567 521 10
567 522 10
567 525 10
567 527 10
567 529 10
567 530 10
567 531 10
567 532 10
567 535 10
567 539 10
567 540 10
567 543 10
567 544 10
567 545 10
567 552 10
567 553 10
567 558 10
567 559 10
567 560 10
567 562 10
567 567 10
567 571 10
567 572 10
567 573 10
567 574 10
567 575 10
567 577 10
567 583 10
567 584 10
567 585 10
567 591 10
567 592 10
567 593 10
567 594 10
567 595 10
567 596 10
568 437 10
568 440 10
568 441 10
568 444 10
568 445 10
568 450 10
568 451 10
568 452 10
568 456 10
568 467 10
568 471 10
568 475 10
568 481 10
568 485 10
568 486 10
568 488 10
568 490 10
568 491 10
568 492 10
568 495 10
568 496 10
568 497 10
568 499 10
568 501 10
568 502 10
568 503 10
568 506 10
568 507 10
568 513 10
568 515 10
568 518 10
568 519 10
568 521 10
568 522 10
568 523 10
568 524 10
568 526 10
568 527 10
568 528 10
568 529 10
568 530 10
568 531 10
568 532 10
568 533 10
568 534 10
568 537 10
568 539 10
568 544 10
568 545 10
568 546 10
568 550 10
568 554 10
568 555 10
568 557 10
568 561 10
568 567 10
568 570 10
568 577 10
568 579 10
568 583 10
568 585 10
568 587 10
568 588 10
568 590 10
568 591 10
568 598 10
569 440 10
569 441 10
569 443 10
569 447 10
569 450 10
569 461 10
569 464 10
569 467 10
569 474 10
569 476 10
569 480 10
569 486 10
569 488 10
569 489 10
569 490 10
569 492 10
569 493 10
569 495 10
569 499 10
569 500 10
569 502 10
569 504 10
569 505 10
569 508 10
569 511 10
569 512 10
569 515 10
569 517 10
569 518 10
569 519 10
569 522 10
569 523 10
569 524 10
569 525 10
569 526 10
569 527 10
569 528 10
569 529 10
569 531 10
569 534 10
569 539 10
569 547 10
569 550 10
569 557 10
569 567 10
569 572 10
569 573 10
569 575 10
569 577 10
569 578 10
569 584 10
569 592 10
569 594 10
569 595 10
569 597 10
569 598 10
570 443 10
570 445 10
570 446 10
570 450 10
570 451 10
570 452 10
570 462 10
570 465 10
570 466 10
570 469 10
570 490 10
570 494 10
570 497 10
570 499 10
570 502 10
570 504 10
570 505 10
570 508 10
570 515 10
570 517 10
570 519 10
570 520 10
570 521 10
570 524 10
570 525 10
570 526 10
570 527 10
570 529 10
570 531 10
570 532 10
570 535 10
570 537 10
570 538 10
570 539 10
570 547 10
570 549 10
570 554 10
570 557 10
570 558 10
570 560 10
570 569 10
570 570 10
570 575 10
570 576 10
570 582 10
570 588 10
570 590 10
570 598 10
571 445 10
571 449 10
571 452 10
571 453 10
571 460 10
571 463 10
571 469 10
571 470 10
571 471 10
571 473 10
571 486 10
571 488 10
571 491 10
571 492 10
571 493 10
571 495 10
571 497 10
571 498 10
571 499 10
571 500 10
571 502 10
571 503 10
571 505 10
571 506 10
571 507 10
571 509 10
571 510 10
571 513 10
571 514 10
571 515 10
571 517 10
571 518 10
571 520 10
571 521 10
571 526 10
571 527 10
571 528 10
571 530 10
571 531 10
571 532 10
571 535 10
571 536 10
571 537 10
571 538 10
571 542 10
571 548 10
571 550 10
571 551 10
571 558 10
571 573 10
571 574 10
571 575 10
571 576 10
571 577 10
571 579 10
571 580 10
571 586 10
571 587 10
571 590 10
571 591 10
571 592 10
571 593 10
572 443 10
572 446 10
572 448 10
572 449 10
572 451 10
572 453 10
572 460 10
572 461 10
572 462 10
572 465 10
572 471 10
572 487 10
572 489 10
572 491 10
572 492 10
572 494 10
572 495 10
572 503 10
572 504 10
572 505 10
572 507 10
572 508 10
572 509 10
572 510 10
572 511 10
572 512 10
572 513 10
572 514 10
572 515 10
572 516 10
572 517 10
572 518 10
572 520 10
572 521 10
572 522 10
572 524 10
572 525 10
572 526 10
572 529 10
572 531 10
572 535 10
572 540 10
572 541 10
572 545 10
572 547 10
572 548 10
572 578 10
572 579 10
572 580 10
573 441 10
573 444 10
573 446 10
573 448 10
573 449 10
573 450 10
573 452 10
573 453 10
573 462 10
573 464 10
573 468 10
573 469 10
573 471 10
573 473 10
573 475 10
573 478 10
573 479 10
573 480 10
573 487 10
573 491 10
573 492 10
573 493 10
573 496 10
573 497 10
573 498 10
573 499 10
573 500 10
573 502 10
573 503 10
573 505 10
573 506 10
573 507 10
573 508 10
573 510 10
573 512 10
573 513 10
573 514 10
573 515 10
573 516 10
573 517 10
573 520 10
573 521 10
573 522 10
573 524 10
573 525 10
573 527 10
573 539 10
573 543 10
573 544 10
573 545 10
573 548 10
573 549 10
573 550 10
573 551 10
573 552 10
573 569 10
573 572 10
573 573 10
573 575 10
573 576 10
573 577 10
573 578 10
573 579 10
573 580 10
573 585 10
573 587 10
573 588 10
573 591 10
574 446 10
574 449 10
574 450 10
574 451 10
574 452 10
574 454 10
574 469 10
574 470 10
574 471 10
574 472 10
574 475 10
574 476 10
574 477 10
574 481 10
574 489 10
574 490 10
574 491 10
574 492 10
574 494 10
574 496 10
574 498 10
574 499 10
574 500 10
574 504 10
574 505 10
574 507 10
574 508 10
574 509 10
574 510 10
574 511 10
574 513 10
574 514 10
574 515 10
574 516 10
574 517 10
574 521 10
574 522 10
574 524 10
574 525 10
574 526 10
574 527 10
574 529 10
574 530 10
574 531 10
574 535 10
574 536 10
574 541 10
574 547 10
574 566 10
574 567 10
574 568 10
574 569 10
574 570 10
574 571 10
574 572 10
574 573 10
574 574 10
574 576 10
574 577 10
574 579 10
574 580 10
574 582 10
574 590 10
574 592 10
574 596 10
575 448 10
575 449 10
575 450 10
575 452 10
575 453 10
575 465 10
575 466 10
575 468 10
575 479 10
575 480 10
575 481 10
575 490 10
575 492 10
575 493 10
575 494 10
575 495 10
575 496 10
575 499 10
575 503 10
575 504 10
575 505 10
575 507 10
575 509 10
575 511 10
575 512 10
575 513 10
575 514 10
575 515 10
575 516 10
575 517 10
575 518 10
575 521 10
575 523 10
575 524 10
575 526 10
575 533 10
575 541 10
575 544 10
575 547 10
575 548 10
575 550 10
575 551 10
575 567 10
575 569 10
575 572 10
575 573 10
575 575 10
575 576 10
575 577 10
575 578 10
575 581 10
575 582 10
575 586 10
576 451 10
576 453 10
576 466 10
576 469 10
576 471 10
576 473 10
576 476 10
576 478 10
576 489 10
576 491 10
576 496 10
576 497 10
576 501 10
576 502 10
576 503 10
576 504 10
576 506 10
576 507 10
576 510 10
576 511 10
576 512 10
576 513 10
576 514 10
576 515 10
576 516 10
576 517 10
576 519 10
576 521 10
576 524 10
576 526 10
576 529 10
576 530 10
576 534 10
576 535 10
576 536 10
576 538 10
576 541 10
576 546 10
576 550 10
576 565 10
576 567 10
576 569 10
576 570 10
576 571 10
576 573 10
576 574 10
576 578 10
576 579 10
576 580 10
576 581 10
577 448 10
577 449 10
577 450 10
577 451 10
577 454 10
577 459 10
577 461 10
577 464 10
577 465 10
577 471 10
577 472 10
577 482 10
577 487 10
577 491 10
577 492 10
577 493 10
577 494 10
577 495 10
577 496 10
577 501 10
577 503 10
577 504 10
577 505 10
577 506 10
577 508 10
577 509 10
577 510 10
577 511 10
577 512 10
577 515 10
577 517 10
577 518 10
577 521 10
577 524 10
577 526 10
577 528 10
577 534 10
577 535 10
577 536 10
577 538 10
577 539 10
577 543 10
577 551 10
577 570 10
577 571 10
577 574 10
577 576 10
577 592 10
578 443 10
578 444 10
578 447 10
578 448 10
578 449 10
578 450 10
578 461 10
578 465 10
578 466 10
578 471 10
578 473 10
578 476 10
578 481 10
578 489 10
578 492 10
578 494 10
578 495 10
578 497 10
578 500 10
578 501 10
578 503 10
578 506 10
578 507 10
578 508 10
578 509 10
578 510 10
578 514 10
578 515 10
578 516 10
578 517 10
578 519 10
578 520 10
578 521 10
578 530 10
578 531 10
578 532 10
578 534 10
578 535 10
578 536 10
578 565 10
578 567 10
578 569 10
578 570 10
578 571 10
578 572 10
578 574 10
578 575 10
578 576 10
578 577 10
578 578 10
578 581 10
578 585 10
578 586 10
578 587 10
579 443 10
579 448 10
579 450 10
579 453 10
579 463 10
579 484 10
579 485 10
579 486 10
579 490 10
579 491 10
579 492 10
579 494 10
579 498 10
579 502 10
579 504 10
579 505 10
579 506 10
579 508 10
579 509 10
579 515 10
579 531 10
579 533 10
579 534 10
579 535 10
579 536 10
579 537 10
579 565 10
579 569 10
579 571 10
579 572 10
579 573 10
579 579 10
579 581 10
579 583 10
579 586 10
579 592 10
580 433 10
580 441 10
580 449 10
580 452 10
580 454 10
580 457 10
580 459 10
580 460 10
580 472 10
580 479 10
580 480 10
580 481 10
580 484 10
580 487 10
580 488 10
580 490 10
580 491 10
580 492 10
580 496 10
580 497 10
580 498 10
580 499 10
580 500 10
580 501 10
580 502 10
580 503 10
580 504 10
580 506 10
580 507 10
580 508 10
580 511 10
580 514 10
580 515 10
580 516 10
580 517 10
580 522 10
580 523 10
580 529 10
580 530 10
580 532 10
580 533 10
580 534 10
580 535 10
580 536 10
580 537 10
580 538 10
580 539 10
580 575 10
580 576 10
580 578 10
580 583 10
580 585 10
580 586 10
580 590 10
581 433 10
581 441 10
581 450 10
581 451 10
581 452 10
581 474 10
581 479 10
581 480 10
581 482 10
581 484 10
581 487 10
581 490 10
581 491 10
581 492 10
581 493 10
581 496 10
581 497 10
581 499 10
581 500 10
581 502 10
581 503 10
581 504 10
581 505 10
581 512 10
581 513 10
581 518 10
581 520 10
581 523 10
581 530 10
581 532 10
581 534 10
581 535 10
581 536 10
581 537 10
581 539 10
581 540 10
581 541 10
581 542 10
581 576 10
581 577 10
581 580 10
581 581 10
581 582 10
581 584 10
581 586 10
581 589 10
582 431 10
582 432 10
582 433 10
582 435 10
582 443 10
582 450 10
582 453 10
582 454 10
582 455 10
582 456 10
582 457 10
582 459 10
582 463 10
582 469 10
582 470 10
582 471 10
582 472 10
582 473 10
582 476 10
582 478 10
582 479 10
582 481 10
582 483 10
582 484 10
582 486 10
582 488 10
582 489 10
582 490 10
582 491 10
582 493 10
582 494 10
582 496 10
582 497 10
582 501 10
582 504 10
582 505 10
582 508 10
582 510 10
582 511 10
582 512 10
582 514 10
582 515 10
582 516 10
582 518 10
582 520 10
582 523 10
582 531 10
582 532 10
582 533 10
582 535 10
582 536 10
582 537 10
582 538 10
582 545 10
582 580 10
582 583 10
582 585 10
583 431 10
583 434 10
583 441 10
583 448 10
583 452 10
583 453 10
583 455 10
583 457 10
583 458 10
583 463 10
583 467 10
583 468 10
583 469 10
583 475 10
583 477 10
583 478 10
583 479 10
583 481 10
583 482 10
583 484 10
583 487 10
583 490 10
583 491 10
583 493 10
583 496 10
583 497 10
583 499 10
583 501 10
583 503 10
583 504 10
583 507 10
583 511 10
583 512 10
583 516 10
583 518 10
583 519 10
583 520 10
583 522 10
583 523 10
583 524 10
583 525 10
583 527 10
583 528 10
583 531 10
583 533 10
583 535 10
583 536 10
583 537 10
583 538 10
583 539 10
583 540 10
583 541 10
583 542 10
583 543 10
583 553 10
583 559 10
583 577 10
583 580 10
583 581 10
583 587 10
583 589 10
583 590 10
584 435 10
584 452 10
584 453 10
584 458 10
584 459 10
584 460 10
584 465 10
584 467 10
584 470 10
584 472 10
584 476 10
584 480 10
584 483 10
584 485 10
584 491 10
584 493 10
584 495 10
584 496 10
584 498 10
584 500 10
584 501 10
584 502 10
584 503 10
584 505 10
584 507 10
584 509 10
584 511 10
584 514 10
584 516 10
584 518 10
584 519 10
584 520 10
584 522 10
584 523 10
584 525 10
584 534 10
584 540 10
584 578 10
584 579 10
584 583 10
584 586 10
584 590 10
585 430 10
585 443 10
585 448 10
585 453 10
585 465 10
585 467 10
585 469 10
585 471 10
585 472 10
585 474 10
585 478 10
585 480 10
585 481 10
585 482 10
585 485 10
585 488 10
585 490 10
585 491 10
585 493 10
585 494 10
585 495 10
585 497 10
585 500 10
585 502 10
585 503 10
585 506 10
585 508 10
585 509 10
585 512 10
585 513 10
585 514 10
585 518 10
585 520 10
585 522 10
585 524 10
585 527 10
585 529 10
585 535 10
585 540 10
585 541 10
585 542 10
585 545 10
585 551 10
585 557 10
585 577 10
585 580 10
585 583 10
586 432 10
586 435 10
586 438 10
586 450 10
586 452 10
586 459 10
586 463 10
586 467 10
586 468 10
586 469 10
586 470 10
586 481 10
586 482 10
586 484 10
586 485 10
586 487 10
586 488 10
586 490 10
586 493 10
586 494 10
586 496 10
586 498 10
586 499 10
586 505 10
586 506 10
586 507 10
586 510 10
586 511 10
586 512 10
586 513 10
586 516 10
586 520 10
586 521 10
586 523 10
586 529 10
586 531 10
586 535 10
586 536 10
586 537 10
586 538 10
586 550 10
586 553 10
586 557 10
586 559 10
586 560 10
586 563 10
586 564 10
586 580 10
586 581 10
587 430 10
587 432 10
587 435 10
587 437 10
587 447 10
587 449 10
587 452 10
587 453 10
587 455 10
587 464 10
587 470 10
587 471 10
587 474 10
587 478 10
587 479 10
587 480 10
587 481 10
587 482 10
587 485 10
587 491 10
587 492 10
587 494 10
587 499 10
587 502 10
587 503 10
587 505 10
587 507 10
587 508 10
587 509 10
587 510 10
587 511 10
587 514 10
587 516 10
587 517 10
587 518 10
587 519 10
587 521 10
587 522 10
587 524 10
587 531 10
587 532 10
587 533 10
587 534 10
587 536 10
587 538 10
587 543 10
587 549 10
587 556 10
587 560 10
587 561 10
587 563 10
587 566 10
587 578 10
587 590 10
588 429 10
588 434 10
588 438 10
588 445 10
588 449 10
588 471 10
588 478 10
588 479 10
588 480 10
588 481 10
588 482 10
588 486 10
588 488 10
588 489 10
588 495 10
588 498 10
588 499 10
588 500 10
588 506 10
588 507 10
588 508 10
588 509 10
588 511 10
588 512 10
588 514 10
588 515 10
588 516 10
588 521 10
588 522 10
588 523 10
588 529 10
588 537 10
588 538 10
588 539 10
588 540 10
588 543 10
588 544 10
588 553 10
588 557 10
588 558 10
588 560 10
588 564 10
588 565 10
588 571 10
588 585 10
588 587 10
588 588 10
588 590 10
588 591 10
589 435 10
589 437 10
589 438 10
589 454 10
589 466 10
589 467 10
589 477 10
589 481 10
589 482 10
589 485 10
589 486 10
589 487 10
589 488 10
589 491 10
589 492 10
589 500 10
589 501 10
589 502 10
589 504 10
589 506 10
589 507 10
589 508 10
589 509 10
589 510 10
589 511 10
589 512 10
589 513 10
589 516 10
589 519 10
589 520 10
589 525 10
589 527 10
589 528 10
589 529 10
589 530 10
589 532 10
589 534 10
589 535 10
589 537 10
589 540 10
589 541 10
589 544 10
589 554 10
589 556 10
589 558 10
589 564 10
589 570 10
589 586 10
589 589 10
589 590 10
589 592 10
590 433 10
590 437 10
590 443 10
590 445 10
590 450 10
590 466 10
590 471 10
590 473 10
590 478 10
590 481 10
590 482 10
590 488 10
590 489 10
590 493 10
590 497 10
590 501 10
590 505 10
590 507 10
590 508 10
590 509 10
590 510 10
590 511 10
590 512 10
590 513 10
590 516 10
590 518 10
590 521 10
590 526 10
590 527 10
590 528 10
590 529 10
590 532 10
590 534 10
590 535 10
590 538 10
590 539 10
590 541 10
590 542 10
590 557 10
590 559 10
590 576 10
590 577 10
590 578 10
590 583 10
590 584 10
590 587 10
590 589 10
590 590 10
590 591 10
590 592 10
591 433 10
591 436 10
591 445 10
591 451 10
591 453 10
591 471 10
591 472 10
591 484 10
591 486 10
591 487 10
591 491 10
591 494 10
591 499 10
591 504 10
591 506 10
591 508 10
591 509 10
591 511 10
591 514 10
591 515 10
591 516 10
591 517 10
591 519 10
591 521 10
591 522 10
591 524 10
591 527 10
591 528 10
591 530 10
591 531 10
591 536 10
591 537 10
591 538 10
591 552 10
591 553 10
591 554 10
591 555 10
591 556 10
591 557 10
591 558 10
591 559 10
591 560 10
591 563 10
591 569 10
591 577 10
591 579 10
591 582 10
591 586 10
591 589 10
591 590 10
591 591 10
592 435 10
592 444 10
592 450 10
592 453 10
592 483 10
592 485 10
592 487 10
592 488 10
592 489 10
592 490 10
592 497 10
592 498 10
592 499 10
592 501 10
592 509 10
592 510 10
592 511 10
592 512 10
592 517 10
592 520 10
592 521 10
592 522 10
592 526 10
592 527 10
592 528 10
592 530 10
592 532 10
592 539 10
592 540 10
592 542 10
592 554 10
592 563 10
592 565 10
592 571 10
592 576 10
592 577 10
592 583 10
592 587 10
592 592 10
592 593 10
593 443 10
593 447 10
593 449 10
593 450 10
593 453 10
593 454 10
593 469 10
593 472 10
593 473 10
593 481 10
593 482 10
593 484 10
593 485 10
593 486 10
593 487 10
593 489 10
593 505 10
593 506 10
593 507 10
593 508 10
593 509 10
593 511 10
593 512 10
593 513 10
593 516 10
593 522 10
593 524 10
593 526 10
593 527 10
593 528 10
593 529 10
593 531 10
593 535 10
593 537 10
593 538 10
593 539 10
593 555 10
593 556 10
593 570 10
593 572 10
593 573 10
593 574 10
593 579 10
593 581 10
593 584 10
593 587 10
593 588 10
593 590 10
593 592 10
594 447 10
594 449 10
594 453 10
594 471 10
594 476 10
594 477 10
594 479 10
594 480 10
594 482 10
594 483 10
594 486 10
594 487 10
594 488 10
594 490 10
594 491 10
594 499 10
594 504 10
594 513 10
594 517 10
594 518 10
594 521 10
594 523 10
594 526 10
594 529 10
594 533 10
594 549 10
594 552 10
594 554 10
594 560 10
594 564 10
594 570 10
594 572 10
594 579 10
594 583 10
594 585 10
594 586 10
594 588 10
594 589 10
594 590 10
595 475 10
595 478 10
595 479 10
595 480 10
595 481 10
595 483 10
595 484 10
595 485 10
595 487 10
595 489 10
595 499 10
595 505 10
595 507 10
595 509 10
595 510 10
595 518 10
595 526 10
595 527 10
595 529 10
595 530 10
595 532 10
595 534 10
595 536 10
595 538 10
595 551 10
595 561 10
595 562 10
595 563 10
595 566 10
595 567 10
595 568 10
595 573 10
595 574 10
595 577 10
595 583 10
595 587 10
595 589 10
595 590 10
596 442 10
596 444 10
596 445 10
596 448 10
596 475 10
596 482 10
596 485 10
596 487 10
596 488 10
596 502 10
596 503 10
596 504 10
596 509 10
596 510 10
596 512 10
596 513 10
596 520 10
596 524 10
596 525 10
596 527 10
596 530 10
596 531 10
596 532 10
596 533 10
596 534 10
596 550 10
596 551 10
596 558 10
596 562 10
596 565 10
596 566 10
596 569 10
596 571 10
596 574 10
596 575 10
596 577 10
596 579 10
596 581 10
596 582 10
596 586 10
596 587 10
596 589 10
596 590 10
596 592 10
596 594 10
597 441 10
597 443 10
597 474 10
597 475 10
597 477 10
597 479 10
597 482 10
597 484 10
597 501 10
597 503 10
597 509 10
597 510 10
597 511 10
597 512 10
597 513 10
597 515 10
597 516 10
597 520 10
597 523 10
597 524 10
597 525 10
597 527 10
597 530 10
597 531 10
597 562 10
597 563 10
597 565 10
597 567 10
597 568 10
597 571 10
597 582 10
597 586 10
597 587 10
597 589 10
598 443 10
598 444 10
598 475 10
598 477 10
598 482 10
598 483 10
598 484 10
598 490 10
598 496 10
598 498 10
598 502 10
598 504 10
598 506 10
598 511 10
598 512 10
598 517 10
598 519 10
598 520 10
598 521 10
598 522 10
598 526 10
598 529 10
598 533 10
598 535 10
598 536 10
598 553 10
598 555 10
598 561 10
598 563 10
598 565 10
598 566 10
598 567 10
598 577 10
598 579 10
598 582 10
598 583 10
598 584 10
598 587 10
598 589 10
598 590 10
598 591 10
598 592 10
598 593 10
599 485 10
599 498 10
599 504 10
599 505 10
599 506 10
599 510 10
599 512 10
599 514 10
599 515 10
599 516 10
599 519 10
599 526 10
599 527 10
599 529 10
599 535 10
599 537 10
599 552 10
599 555 10
599 557 10
599 561 10
599 563 10
599 564 10
599 566 10
599 579 10
599 583 10
599 584 10
599 585 10
599 592 10
600 449 10
600 482 10
600 496 10
600 497 10
600 504 10
600 510 10
600 512 10
600 513 10
600 514 10
600 515 10
600 517 10
600 518 10
600 520 10
600 524 10
600 529 10
600 531 10
600 557 10
600 559 10
600 561 10
600 564 10
600 566 10
600 567 10
600 568 10
600 569 10
600 570 10
600 580 10
600 583 10
600 585 10
600 588 10
601 484 10
601 498 10
601 509 10
601 510 10
601 511 10
601 512 10
601 516 10
601 517 10
601 518 10
601 519 10
601 520 10
601 524 10
601 526 10
601 530 10
601 533 10
601 546 10
601 560 10
601 561 10
601 563 10
601 564 10
601 565 10
601 569 10
601 585 10
601 586 10
601 587 10
602 481 10
602 484 10
602 493 10
602 507 10
602 509 10
602 510 10
602 512 10
602 513 10
602 514 10
602 515 10
602 516 10
602 517 10
602 518 10
602 519 10
602 520 10
602 522 10
602 524 10
602 527 10
602 528 10
602 529 10
602 530 10
602 531 10
602 533 10
602 544 10
602 546 10
602 551 10
602 561 10
602 562 10
602 567 10
602 585 10
602 588 10
603 481 10
603 483 10
603 485 10
603 506 10
603 507 10
603 510 10
603 511 10
603 512 10
603 514 10
603 516 10
603 517 10
603 518 10
603 519 10
603 520 10
603 521 10
603 523 10
603 524 10
603 526 10
603 529 10
603 530 10
603 531 10
603 544 10
603 546 10
603 549 10
603 556 10
603 561 10
603 566 10
603 568 10
603 584 10
603 586 10
603 588 10
604 488 10
604 490 10
604 491 10
604 495 10
604 500 10
604 507 10
604 508 10
604 509 10
604 510 10
604 512 10
604 515 10
604 516 10
604 519 10
604 526 10
604 527 10
604 529 10
604 530 10
604 544 10
604 553 10
604 556 10
604 557 10
604 558 10
604 567 10
604 569 10
604 570 10
604 575 10
604 585 10
604 587 10
605 484 10
605 485 10
605 488 10
605 491 10
605 492 10
605 499 10
605 500 10
605 504 10
605 506 10
605 509 10
605 510 10
605 512 10
605 515 10
605 518 10
605 519 10
605 520 10
605 523 10
605 525 10
605 526 10
605 527 10
605 529 10
605 531 10
605 554 10
605 559 10
605 560 10
605 561 10
605 564 10
605 567 10
605 573 10
605 577 10
605 582 10
605 583 10
605 586 10
605 588 10
605 589 10
606 481 10
606 483 10
606 486 10
606 491 10
606 492 10
606 494 10
606 496 10
606 498 10
606 499 10
606 507 10
606 508 10
606 510 10
606 511 10
606 513 10
606 514 10
606 518 10
606 521 10
606 522 10
606 523 10
606 524 10
606 525 10
606 526 10
606 538 10
606 540 10
606 544 10
606 550 10
606 551 10
606 553 10
606 556 10
606 557 10
606 559 10
606 560 10
606 563 10
606 565 10
606 569 10
606 576 10
606 589 10
607 474 10
607 483 10
607 484 10
607 487 10
607 488 10
607 490 10
607 492 10
607 493 10
607 504 10
607 508 10
607 509 10
607 510 10
607 511 10
607 513 10
607 514 10
607 517 10
607 521 10
607 526 10
607 527 10
607 533 10
607 550 10
607 553 10
607 554 10
607 556 10
607 557 10
607 558 10
607 559 10
607 561 10
607 562 10
607 563 10
607 571 10
607 574 10
607 586 10
607 589 10
608 481 10
608 484 10
608 491 10
608 496 10
608 502 10
608 504 10
608 512 10
608 515 10
608 516 10
608 518 10
608 519 10
608 522 10
608 524 10
608 526 10
608 527 10
608 551 10
608 552 10
608 554 10
608 556 10
608 558 10
608 562 10
608 566 10
608 569 10
608 572 10
608 577 10
608 590 10
608 591 10
609 473 10
609 476 10
609 481 10
609 484 10
609 485 10
609 486 10
609 498 10
609 503 10
609 504 10
609 511 10
609 513 10
609 514 10
609 516 10
609 521 10
609 526 10
609 530 10
609 552 10
609 553 10
609 554 10
609 555 10
609 556 10
609 557 10
609 558 10
609 559 10
609 569 10
609 573 10
609 579 10
609 584 10
610 474 10
610 486 10
610 487 10
610 501 10
610 502 10
610 504 10
610 509 10
610 512 10
610 517 10
610 526 10
610 533 10
610 538 10
610 542 10
610 546 10
610 548 10
610 549 10
610 553 10
610 554 10
610 555 10
610 556 10
610 557 10
610 558 10
610 559 10
610 561 10
610 562 10
610 569 10
610 577 10
610 581 10
610 586 10
611 475 10
611 476 10
611 480 10
611 486 10
611 490 10
611 498 10
611 500 10
611 511 10
611 512 10
611 519 10
611 525 10
611 526 10
611 535 10
611 537 10
611 547 10
611 548 10
611 550 10
611 551 10
611 554 10
611 555 10
611 557 10
611 558 10
611 559 10
611 560 10
611 562 10
611 563 10
611 564 10
611 565 10
611 567 10
611 572 10
612 473 10
612 476 10
612 478 10
612 480 10
612 482 10
612 492 10
612 493 10
612 496 10
612 498 10
612 512 10
612 513 10
612 527 10
612 531 10
612 534 10
612 546 10
612 547 10
612 548 10
612 550 10
612 554 10
612 556 10
612 557 10
612 560 10
612 561 10
612 564 10
612 567 10
612 568 10
612 570 10
612 571 10
612 572 10
612 573 10
612 583 10
613 480 10
613 483 10
613 488 10
613 490 10
613 511 10
613 515 10
613 516 10
613 517 10
613 539 10
613 547 10
613 549 10
613 555 10
613 558 10
613 562 10
613 564 10
613 566 10
613 571 10
613 572 10
613 574 10
614 474 10
614 475 10
614 478 10
614 480 10
614 498 10
614 513 10
614 518 10
614 519 10
614 520 10
614 521 10
614 536 10
614 537 10
614 544 10
614 547 10
614 548 10
614 549 10
614 550 10
614 556 10
614 562 10
614 564 10
614 565 10
614 566 10
614 568 10
614 569 10
614 570 10
614 571 10
614 572 10
614 573 10
614 582 10
615 510 10
615 517 10
615 518 10
615 536 10
615 547 10
615 548 10
615 550 10
615 551 10
615 552 10
615 554 10
615 558 10
615 559 10
615 561 10
615 562 10
615 563 10
615 565 10
615 567 10
615 568 10
615 569 10
615 574 10
616 508 10
616 510 10
616 513 10
616 519 10
616 538 10
616 542 10
616 545 10
616 549 10
616 561 10
616 564 10
616 565 10
616 566 10
616 567 10
616 569 10
616 571 10
616 572 10
616 573 10
616 574 10
616 575 10
616 576 10
617 510 10
617 511 10
617 530 10
617 537 10
617 547 10
617 549 10
617 552 10
617 555 10
617 559 10
617 560 10
617 561 10
617 568 10
617 573 10
617 574 10
618 509 10
618 515 10
618 536 10
618 545 10
618 546 10
618 552 10
618 553 10
618 554 10
618 557 10
618 570 10
618 571 10
618 575 10
619 509 10
619 511 10
619 513 10
619 529 10
619 530 10
619 534 10
619 536 10
619 546 10
619 548 10
619 549 10
619 550 10
619 554 10
619 555 10
619 556 10
619 573 10
620 509 10
620 514 10
620 520 10
620 553 10
620 559 10
621 509 10
621 512 10
621 514 10
621 515 10
621 516 10
621 522 10
621 546 10
621 549 10
621 551 10
621 558 10
621 559 10
621 560 10
621 562 10
622 510 10
622 515 10
622 517 10
622 518 10
622 520 10
622 523 10
622 524 10
622 525 10
622 530 10
622 540 10
622 553 10
622 557 10
622 563 10
623 512 10
623 514 10
623 517 10
623 552 10
623 558 10
624 518 10
624 520 10
624 540 10
624 552 10
624 553 10
625 511 10
625 513 10
625 520 10
625 530 10
625 553 10
626 515 10
626 517 10
626 518 10
626 551 10
626 555 10
627 515 10
628 518 10
628 555 10
630 519 10
635 535 10
636 535 10
637 537 10
639 534 10
