1024
322 474 10
322 475 10
323 472 10
323 473 10
324 471 10
324 472 10
324 473 10
324 475 10
325 451 10
325 474 10
325 475 10
325 476 10
326 449 10
326 450 10
326 474 10
326 476 10
326 477 10
327 449 10
327 450 10
327 451 10
327 475 10
327 478 10
328 439 10
328 441 10
328 445 10
328 450 10
328 452 10
328 453 10
328 494 10
328 501 10
329 441 10
329 443 10
329 445 10
329 448 10
329 449 10
329 451 10
329 495 10
330 442 10
330 445 10
330 448 10
330 449 10
330 450 10
330 451 10
330 453 10
330 455 10
330 457 10
330 459 10
330 490 10
330 492 10
330 501 10
330 502 10
331 443 10
331 444 10
331 447 10
331 449 10
331 450 10
331 451 10
331 452 10
331 454 10
331 455 10
331 457 10
331 493 10
331 494 10
332 441 10
332 443 10
332 447 10
332 452 10
332 453 10
332 455 10
332 457 10
332 458 10
332 459 10
332 493 10
332 496 10
333 438 10
333 439 10
333 440 10
333 441 10
333 446 10
333 447 10
333 448 10
333 449 10
333 450 10
333 453 10
333 456 10
333 457 10
333 459 10
333 463 10
333 480 10
333 490 10
333 492 10
333 493 10
333 496 10
333 504 10
334 439 10
334 445 10
334 447 10
334 450 10
334 451 10
334 452 10
334 453 10
334 455 10
334 457 10
334 463 10
334 465 10
334 491 10
334 564 10
334 566 10
335 442 10
335 443 10
335 444 10
335 445 10
335 451 10
335 455 10
335 470 10
335 475 10
335 477 10
335 493 10
335 532 10
335 550 10
335 563 10
336 437 10
336 439 10
336 440 10
336 441 10
336 443 10
336 444 10
336 445 10
336 446 10
336 447 10
336 448 10
336 450 10
336 451 10
336 458 10
336 461 10
336 469 10
336 470 10
336 472 10
336 475 10
336 476 10
336 478 10
336 480 10
336 487 10
336 496 10
336 530 10
336 532 10
336 550 10
336 551 10
337 443 10
337 445 10
337 448 10
337 449 10
337 450 10
337 452 10
337 458 10
337 468 10
337 475 10
337 476 10
337 490 10
337 494 10
337 498 10
337 505 10
337 517 10
337 528 10
337 531 10
337 532 10
337 536 10
337 569 10
338 440 10
338 441 10
338 443 10
338 445 10
338 447 10
338 456 10
338 458 10
338 460 10
338 462 10
338 474 10
338 475 10
338 486 10
338 489 10
338 496 10
338 509 10
338 524 10
338 528 10
338 530 10
338 533 10
338 536 10
338 550 10
338 567 10
339 443 10
339 444 10
339 446 10
339 448 10
339 460 10
339 462 10
339 463 10
339 468 10
339 469 10
339 472 10
339 476 10
339 478 10
339 479 10
339 487 10
339 506 10
339 509 10
339 528 10
339 530 10
339 532 10
339 534 10
339 536 10
339 567 10
339 570 10
340 441 10
340 445 10
340 446 10
340 449 10
340 456 10
340 458 10
340 460 10
340 473 10
340 474 10
340 487 10
340 490 10
340 503 10
340 509 10
340 529 10
340 531 10
340 532 10
340 547 10
340 561 10
340 566 10
340 567 10
340 571 10
341 446 10
341 449 10
341 456 10
341 458 10
341 459 10
341 461 10
341 463 10
341 465 10
341 466 10
341 467 10
341 468 10
341 469 10
341 470 10
341 471 10
341 472 10
341 478 10
341 479 10
341 480 10
341 486 10
341 490 10
341 494 10
341 503 10
341 505 10
341 507 10
341 529 10
341 534 10
341 543 10
341 555 10
341 568 10
341 569 10
342 446 10
342 447 10
342 448 10
342 449 10
342 456 10
342 458 10
342 459 10
342 460 10
342 461 10
342 465 10
342 467 10
342 473 10
342 475 10
342 479 10
342 480 10
342 481 10
342 490 10
342 494 10
342 495 10
342 499 10
342 505 10
342 506 10
342 532 10
342 547 10
342 557 10
342 571 10
342 573 10
343 445 10
343 446 10
343 450 10
343 454 10
343 457 10
343 465 10
343 469 10
343 471 10
343 472 10
343 474 10
343 477 10
343 479 10
343 480 10
343 482 10
343 490 10
343 496 10
343 499 10
343 502 10
343 505 10
343 507 10
343 508 10
343 510 10
343 527 10
343 530 10
343 545 10
343 548 10
343 562 10
343 575 10
344 444 10
344 445 10
344 446 10
344 447 10
344 449 10
344 451 10
344 457 10
344 459 10
344 467 10
344 469 10
344 471 10
344 472 10
344 475 10
344 477 10
344 478 10
344 479 10
344 482 10
344 484 10
344 488 10
344 495 10
344 502 10
344 505 10
344 508 10
344 529 10
344 530 10
344 532 10
344 533 10
344 534 10
344 536 10
344 538 10
344 540 10
344 546 10
344 548 10
344 562 10
344 566 10
345 442 10
345 445 10
345 453 10
345 457 10
345 458 10
345 459 10
345 467 10
345 469 10
345 472 10
345 475 10
345 477 10
345 478 10
345 481 10
345 483 10
345 485 10
345 486 10
345 487 10
345 488 10
345 492 10
345 493 10
345 497 10
345 500 10
345 501 10
345 503 10
345 531 10
345 532 10
345 533 10
345 539 10
345 540 10
345 551 10
345 558 10
345 559 10
345 578 10
345 579 10
345 581 10
346 442 10
346 444 10
346 447 10
346 450 10
346 452 10
346 453 10
346 458 10
346 461 10
346 462 10
346 463 10
346 465 10
346 474 10
346 476 10
346 478 10
346 479 10
346 482 10
346 486 10
346 487 10
346 488 10
346 489 10
346 490 10
346 492 10
346 493 10
346 496 10
346 528 10
346 529 10
346 532 10
346 534 10
346 536 10
346 537 10
346 550 10
346 554 10
346 556 10
346 558 10
346 565 10
346 566 10
346 567 10
347 442 10
347 455 10
347 459 10
347 461 10
347 463 10
347 464 10
347 466 10
347 467 10
347 473 10
347 475 10
347 476 10
347 477 10
347 479 10
347 482 10
347 483 10
347 485 10
347 487 10
347 489 10
347 490 10
347 493 10
347 496 10
347 501 10
347 507 10
347 518 10
347 528 10
347 529 10
347 530 10
347 531 10
347 532 10
347 534 10
347 535 10
347 539 10
347 540 10
347 545 10
347 547 10
347 554 10
347 558 10
347 564 10
347 565 10
347 569 10
348 449 10
348 453 10
348 454 10
348 457 10
348 460 10
348 462 10
348 464 10
348 467 10
348 468 10
348 470 10
348 473 10
348 475 10
348 476 10
348 480 10
348 481 10
348 483 10
348 485 10
348 486 10
348 487 10
348 488 10
348 489 10
348 490 10
348 493 10
348 503 10
348 505 10
348 532 10
348 533 10
348 537 10
348 540 10
348 541 10
348 543 10
348 545 10
348 546 10
348 547 10
348 549 10
348 555 10
348 557 10
348 560 10
348 569 10
349 434 10
349 436 10
349 438 10
349 439 10
349 448 10
349 455 10
349 457 10
349 459 10
349 462 10
349 464 10
349 465 10
349 466 10
349 467 10
349 472 10
349 474 10
349 480 10
349 483 10
349 485 10
349 486 10
349 487 10
349 488 10
349 491 10
349 493 10
349 495 10
349 499 10
349 502 10
349 503 10
349 506 10
349 516 10
349 519 10
349 528 10
349 530 10
349 533 10
349 535 10
349 536 10
349 537 10
349 538 10
349 539 10
349 542 10
349 545 10
349 549 10
349 550 10
349 559 10
349 563 10
349 567 10
349 576 10
349 579 10
349 581 10
349 596 10
350 447 10
350 448 10
350 452 10
350 458 10
350 459 10
350 462 10
350 463 10
350 464 10
350 466 10
350 470 10
350 472 10
350 481 10
350 482 10
350 484 10
350 486 10
350 487 10
350 488 10
350 489 10
350 490 10
350 493 10
350 494 10
350 504 10
350 507 10
350 517 10
350 528 10
350 529 10
350 532 10
350 533 10
350 534 10
350 535 10
350 539 10
350 540 10
350 544 10
350 546 10
350 547 10
350 551 10
350 556 10
350 568 10
350 598 10
351 431 10
351 436 10
351 437 10
351 447 10
351 449 10
351 452 10
351 454 10
351 456 10
351 457 10
351 458 10
351 460 10
351 461 10
351 462 10
351 473 10
351 477 10
351 484 10
351 486 10
351 493 10
351 494 10
351 504 10
351 517 10
351 525 10
351 526 10
351 528 10
351 530 10
351 532 10
351 533 10
351 534 10
351 542 10
351 543 10
351 545 10
351 546 10
351 549 10
351 551 10
351 552 10
351 557 10
351 558 10
351 560 10
351 562 10
351 571 10
352 435 10
352 439 10
352 446 10
352 447 10
352 448 10
352 457 10
352 460 10
352 462 10
352 463 10
352 464 10
352 466 10
352 476 10
352 485 10
352 486 10
352 489 10
352 492 10
352 495 10
352 496 10
352 500 10
352 502 10
352 504 10
352 506 10
352 513 10
352 514 10
352 517 10
352 518 10
352 528 10
352 532 10
352 534 10
352 538 10
352 546 10
352 547 10
352 550 10
352 556 10
352 559 10
352 562 10
352 564 10
353 439 10
353 440 10
353 441 10
353 442 10
353 446 10
353 451 10
353 452 10
353 453 10
353 454 10
353 457 10
353 459 10
353 460 10
353 461 10
353 464 10
353 465 10
353 477 10
353 489 10
353 490 10
353 495 10
353 497 10
353 501 10
353 504 10
353 512 10
353 515 10
353 520 10
353 522 10
353 527 10
353 528 10
353 530 10
353 531 10
353 532 10
353 534 10
353 536 10
353 537 10
353 539 10
353 543 10
353 556 10
353 557 10
353 560 10
353 573 10
354 434 10
354 437 10
354 440 10
354 441 10
354 442 10
354 445 10
354 454 10
354 456 10
354 457 10
354 458 10
354 459 10
354 461 10
354 466 10
354 487 10
354 488 10
354 490 10
354 503 10
354 504 10
354 505 10
354 507 10
354 510 10
354 512 10
354 514 10
354 518 10
354 522 10
354 527 10
354 530 10
354 532 10
354 533 10
354 534 10
354 536 10
354 538 10
354 554 10
354 561 10
354 562 10
354 572 10
354 574 10
355 435 10
355 437 10
355 439 10
355 440 10
355 442 10
355 443 10
355 451 10
355 452 10
355 453 10
355 459 10
355 461 10
355 464 10
355 488 10
355 489 10
355 498 10
355 499 10
355 500 10
355 501 10
355 502 10
355 503 10
355 505 10
355 507 10
355 509 10
355 511 10
355 514 10
355 515 10
355 517 10
355 520 10
355 521 10
355 525 10
355 527 10
355 530 10
355 533 10
355 537 10
355 538 10
355 539 10
355 540 10
355 541 10
355 544 10
355 550 10
355 551 10
355 553 10
355 555 10
355 556 10
355 557 10
355 558 10
355 559 10
355 562 10
355 569 10
355 571 10
356 438 10
356 439 10
356 441 10
356 443 10
356 447 10
356 449 10
356 452 10
356 453 10
356 455 10
356 459 10
356 462 10
356 463 10
356 468 10
356 487 10
356 488 10
356 490 10
356 499 10
356 502 10
356 504 10
356 507 10
356 510 10
356 512 10
356 516 10
356 520 10
356 530 10
356 533 10
356 534 10
356 536 10
356 537 10
356 538 10
356 540 10
356 541 10
356 542 10
356 549 10
356 553 10
356 555 10
356 556 10
356 559 10
356 560 10
356 561 10
356 562 10
356 569 10
356 572 10
357 433 10
357 435 10
357 436 10
357 437 10
357 438 10
357 443 10
357 450 10
357 452 10
357 455 10
357 457 10
357 461 10
357 469 10
357 477 10
357 488 10
357 499 10
357 501 10
357 502 10
357 505 10
357 507 10
357 508 10
357 510 10
357 514 10
357 515 10
357 516 10
357 517 10
357 519 10
357 520 10
357 526 10
357 536 10
357 539 10
357 541 10
357 542 10
357 544 10
357 545 10
357 549 10
357 551 10
357 552 10
357 553 10
357 555 10
357 556 10
357 557 10
357 558 10
357 559 10
357 568 10
357 571 10
357 575 10
358 431 10
358 435 10
358 439 10
358 440 10
358 442 10
358 450 10
358 456 10
358 459 10
358 461 10
358 463 10
358 476 10
358 489 10
358 492 10
358 500 10
358 502 10
358 504 10
358 505 10
358 506 10
358 508 10
358 509 10
358 512 10
358 513 10
358 514 10
358 516 10
358 517 10
358 518 10
358 520 10
358 521 10
358 525 10
358 527 10
358 535 10
358 536 10
358 538 10
358 539 10
358 544 10
358 545 10
358 546 10
358 550 10
358 551 10
358 553 10
358 555 10
358 556 10
358 558 10
358 559 10
358 560 10
358 562 10
358 569 10
358 570 10
358 573 10
358 574 10
359 437 10
359 440 10
359 442 10
359 443 10
359 449 10
359 450 10
359 455 10
359 457 10
359 460 10
359 463 10
359 465 10
359 468 10
359 469 10
359 471 10
359 478 10
359 481 10
359 486 10
359 487 10
359 496 10
359 497 10
359 499 10
359 500 10
359 503 10
359 504 10
359 505 10
359 506 10
359 507 10
359 508 10
359 509 10
359 510 10
359 511 10
359 513 10
359 514 10
359 515 10
359 516 10
359 517 10
359 518 10
359 519 10
359 522 10
359 523 10
359 536 10
359 537 10
359 541 10
359 542 10
359 543 10
359 545 10
359 548 10
359 551 10
359 552 10
359 553 10
359 554 10
359 555 10
359 556 10
359 560 10
359 571 10
359 573 10
360 430 10
360 432 10
360 434 10
360 436 10
360 437 10
360 438 10
360 440 10
360 441 10
360 442 10
360 443 10
360 448 10
360 454 10
360 456 10
360 457 10
360 458 10
360 459 10
360 460 10
360 463 10
360 467 10
360 469 10
360 492 10
360 493 10
360 496 10
360 500 10
360 502 10
360 503 10
360 504 10
360 505 10
360 506 10
360 508 10
360 510 10
360 511 10
360 512 10
360 513 10
360 514 10
360 515 10
360 518 10
360 519 10
360 520 10
360 522 10
360 523 10
360 524 10
360 525 10
360 529 10
360 538 10
360 539 10
360 540 10
360 541 10
360 542 10
360 543 10
360 544 10
360 547 10
360 549 10
360 550 10
360 551 10
360 552 10
360 553 10
360 554 10
360 555 10
360 556 10
360 557 10
360 559 10
360 560 10
360 564 10
360 568 10
360 570 10
360 572 10
360 573 10
360 574 10
361 430 10
361 432 10
361 433 10
361 434 10
361 435 10
361 436 10
361 437 10
361 438 10
361 439 10
361 441 10
361 442 10
361 443 10
361 444 10
361 445 10
361 448 10
361 456 10
361 457 10
361 469 10
361 472 10
361 473 10
361 477 10
361 478 10
361 480 10
361 492 10
361 493 10
361 494 10
361 496 10
361 501 10
361 502 10
361 503 10
361 505 10
361 506 10
361 510 10
361 511 10
361 513 10
361 514 10
361 516 10
361 517 10
361 518 10
361 520 10
361 521 10
361 522 10
361 524 10
361 527 10
361 529 10
361 535 10
361 536 10
361 539 10
361 541 10
361 542 10
361 543 10
361 548 10
361 551 10
361 554 10
361 555 10
361 556 10
361 558 10
361 561 10
361 562 10
361 563 10
361 568 10
361 570 10
361 571 10
361 573 10
361 575 10
361 576 10
362 430 10
362 431 10
362 432 10
362 434 10
362 435 10
362 436 10
362 437 10
362 439 10
362 440 10
362 441 10
362 442 10
362 443 10
362 444 10
362 445 10
362 447 10
362 448 10
362 451 10
362 453 10
362 454 10
362 455 10
362 457 10
362 460 10
362 461 10
362 464 10
362 465 10
362 469 10
362 470 10
362 471 10
362 473 10
362 481 10
362 494 10
362 495 10
362 497 10
362 500 10
362 505 10
362 506 10
362 507 10
362 508 10
362 509 10
362 510 10
362 511 10
362 512 10
362 513 10
362 514 10
362 516 10
362 517 10
362 518 10
362 519 10
362 520 10
362 521 10
362 522 10
362 523 10
362 524 10
362 526 10
362 531 10
362 538 10
362 539 10
362 541 10
362 542 10
362 543 10
362 544 10
362 545 10
362 546 10
362 550 10
362 552 10
362 553 10
362 556 10
362 557 10
362 558 10
362 559 10
362 565 10
362 566 10
362 570 10
362 571 10
362 573 10
362 579 10
363 418 10
363 425 10
363 426 10
363 432 10
363 433 10
363 434 10
363 435 10
363 437 10
363 441 10
363 442 10
363 443 10
363 444 10
363 449 10
363 451 10
363 453 10
363 454 10
363 457 10
363 460 10
363 461 10
363 462 10
363 464 10
363 465 10
363 467 10
363 468 10
363 471 10
363 472 10
363 481 10
363 494 10
363 496 10
363 497 10
363 500 10
363 501 10
363 503 10
363 505 10
363 506 10
363 507 10
363 509 10
363 511 10
363 515 10
363 517 10
363 518 10
363 519 10
363 525 10
363 526 10
363 527 10
363 530 10
363 535 10
363 539 10
363 541 10
363 542 10
363 545 10
363 547 10
363 553 10
363 556 10
363 559 10
363 560 10
363 561 10
363 563 10
363 565 10
363 572 10
363 573 10
363 574 10
363 576 10
363 577 10
364 418 10
364 419 10
364 424 10
364 425 10
364 426 10
364 434 10
364 435 10
364 436 10
364 438 10
364 439 10
364 440 10
364 441 10
364 442 10
364 443 10
364 445 10
364 447 10
364 449 10
364 451 10
364 452 10
364 454 10
364 455 10
364 457 10
364 461 10
364 472 10
364 479 10
364 482 10
364 484 10
364 487 10
364 493 10
364 496 10
364 502 10
364 503 10
364 505 10
364 506 10
364 507 10
364 508 10
364 509 10
364 510 10
364 514 10
364 515 10
364 516 10
364 517 10
364 518 10
364 523 10
364 524 10
364 525 10
364 530 10
364 533 10
364 535 10
364 538 10
364 540 10
364 544 10
364 545 10
364 546 10
364 549 10
364 552 10
364 553 10
364 555 10
364 556 10
364 558 10
364 560 10
364 561 10
364 562 10
364 563 10
364 565 10
364 566 10
364 567 10
364 569 10
364 573 10
365 420 10
365 425 10
365 427 10
365 428 10
365 432 10
365 433 10
365 435 10
365 436 10
365 438 10
365 439 10
365 440 10
365 442 10
365 443 10
365 445 10
365 446 10
365 448 10
365 449 10
365 450 10
365 451 10
365 453 10
365 454 10
365 455 10
365 459 10
365 460 10
365 461 10
365 464 10
365 465 10
365 466 10
365 467 10
365 468 10
365 479 10
365 485 10
365 495 10
365 496 10
365 500 10
365 501 10
365 503 10
365 508 10
365 510 10
365 511 10
365 512 10
365 514 10
365 515 10
365 517 10
365 518 10
365 520 10
365 521 10
365 526 10
365 527 10
365 532 10
365 534 10
365 536 10
365 537 10
365 541 10
365 542 10
365 544 10
365 545 10
365 550 10
365 552 10
365 553 10
365 554 10
365 555 10
365 557 10
365 558 10
365 560 10
365 561 10
365 562 10
365 574 10
365 575 10
365 576 10
365 578 10
365 579 10
365 587 10
366 418 10
366 419 10
366 426 10
366 430 10
366 432 10
366 434 10
366 435 10
366 436 10
366 440 10
366 441 10
366 443 10
366 444 10
366 446 10
366 447 10
366 449 10
366 450 10
366 451 10
366 452 10
366 453 10
366 454 10
366 462 10
366 463 10
366 465 10
366 466 10
366 474 10
366 480 10
366 483 10
366 485 10
366 495 10
366 496 10
366 497 10
366 498 10
366 499 10
366 501 10
366 502 10
366 506 10
366 509 10
366 510 10
366 512 10
366 514 10
366 517 10
366 523 10
366 524 10
366 526 10
366 527 10
366 532 10
366 535 10
366 536 10
366 537 10
366 538 10
366 539 10
366 546 10
366 548 10
366 549 10
366 552 10
366 554 10
366 555 10
366 557 10
366 558 10
366 560 10
366 561 10
366 562 10
366 563 10
366 565 10
366 566 10
366 567 10
366 569 10
367 421 10
367 429 10
367 435 10
367 437 10
367 441 10
367 443 10
367 444 10
367 445 10
367 446 10
367 447 10
367 449 10
367 450 10
367 454 10
367 456 10
367 461 10
367 468 10
367 469 10
367 471 10
367 472 10
367 476 10
367 483 10
367 495 10
367 497 10
367 498 10
367 499 10
367 501 10
367 503 10
367 506 10
367 507 10
367 508 10
367 509 10
367 510 10
367 511 10
367 512 10
367 513 10
367 514 10
367 518 10
367 520 10
367 521 10
367 525 10
367 526 10
367 528 10
367 529 10
367 533 10
367 534 10
367 535 10
367 536 10
367 537 10
367 538 10
367 539 10
367 541 10
367 545 10
367 549 10
367 552 10
367 553 10
367 556 10
367 557 10
367 559 10
367 560 10
367 562 10
367 563 10
367 574 10
367 577 10
368 419 10
368 424 10
368 428 10
368 430 10
368 434 10
368 437 10
368 438 10
368 439 10
368 444 10
368 445 10
368 447 10
368 449 10
368 450 10
368 451 10
368 453 10
368 455 10
368 459 10
368 463 10
368 464 10
368 469 10
368 472 10
368 480 10
368 496 10
368 497 10
368 499 10
368 501 10
368 503 10
368 505 10
368 506 10
368 508 10
368 513 10
368 515 10
368 516 10
368 518 10
368 519 10
368 520 10
368 522 10
368 523 10
368 525 10
368 528 10
368 530 10
368 531 10
368 532 10
368 538 10
368 539 10
368 540 10
368 541 10
368 542 10
368 543 10
368 545 10
368 548 10
368 553 10
368 554 10
368 555 10
368 558 10
368 561 10
368 564 10
368 573 10
369 419 10
369 424 10
369 426 10
369 427 10
369 429 10
369 430 10
369 434 10
369 435 10
369 437 10
369 438 10
369 439 10
369 440 10
369 441 10
369 442 10
369 443 10
369 444 10
369 447 10
369 449 10
369 451 10
369 454 10
369 457 10
369 458 10
369 474 10
369 496 10
369 499 10
369 510 10
369 511 10
369 512 10
369 513 10
369 514 10
369 515 10
369 517 10
369 518 10
369 519 10
369 520 10
369 521 10
369 522 10
369 526 10
369 536 10
369 537 10
369 538 10
369 540 10
369 541 10
369 545 10
369 546 10
369 547 10
369 548 10
369 549 10
369 551 10
369 552 10
369 554 10
369 555 10
369 556 10
369 558 10
369 561 10
369 564 10
369 565 10
369 573 10
369 574 10
369 575 10
369 581 10
369 583 10
369 585 10
370 426 10
370 430 10
370 436 10
370 437 10
370 440 10
370 442 10
370 443 10
370 449 10
370 452 10
370 454 10
370 462 10
370 463 10
370 465 10
370 467 10
370 470 10
370 476 10
370 496 10
370 500 10
370 502 10
370 503 10
370 506 10
370 510 10
370 512 10
370 513 10
370 514 10
370 515 10
370 520 10
370 521 10
370 522 10
370 524 10
370 527 10
370 529 10
370 530 10
370 539 10
370 541 10
370 542 10
370 543 10
370 544 10
370 546 10
370 548 10
370 551 10
370 552 10
370 554 10
370 555 10
370 556 10
370 557 10
370 558 10
370 560 10
370 561 10
370 562 10
370 564 10
371 423 10
371 425 10
371 426 10
371 428 10
371 430 10
371 435 10
371 437 10
371 439 10
371 441 10
371 444 10
371 445 10
371 447 10
371 449 10
371 451 10
371 455 10
371 465 10
371 467 10
371 478 10
371 504 10
371 512 10
371 514 10
371 515 10
371 517 10
371 518 10
371 520 10
371 525 10
371 536 10
371 537 10
371 541 10
371 544 10
371 546 10
371 550 10
371 551 10
371 552 10
371 553 10
371 554 10
371 556 10
371 557 10
371 558 10
371 559 10
371 561 10
371 564 10
371 570 10
371 592 10
372 420 10
372 425 10
372 427 10
372 428 10
372 430 10
372 432 10
372 436 10
372 437 10
372 438 10
372 439 10
372 440 10
372 441 10
372 442 10
372 444 10
372 446 10
372 447 10
372 448 10
372 451 10
372 454 10
372 464 10
372 466 10
372 467 10
372 476 10
372 488 10
372 509 10
372 510 10
372 511 10
372 514 10
372 516 10
372 523 10
372 524 10
372 534 10
372 535 10
372 538 10
372 539 10
372 541 10
372 542 10
372 543 10
372 545 10
372 546 10
372 549 10
372 550 10
372 551 10
372 552 10
372 553 10
372 555 10
372 556 10
372 558 10
372 566 10
372 574 10
372 579 10
372 580 10
372 588 10
373 424 10
373 425 10
373 432 10
373 435 10
373 436 10
373 439 10
373 441 10
373 442 10
373 444 10
373 447 10
373 448 10
373 451 10
373 452 10
373 473 10
373 504 10
373 505 10
373 509 10
373 511 10
373 512 10
373 513 10
373 514 10
373 515 10
373 516 10
373 517 10
373 519 10
373 520 10
373 524 10
373 536 10
373 537 10
373 540 10
373 542 10
373 543 10
373 548 10
373 552 10
373 553 10
373 557 10
373 558 10
373 559 10
373 561 10
373 573 10
373 575 10
373 577 10
373 594 10
374 425 10
374 427 10
374 435 10
374 437 10
374 438 10
374 441 10
374 442 10
374 443 10
374 444 10
374 445 10
374 446 10
374 447 10
374 448 10
374 449 10
374 451 10
374 465 10
374 487 10
374 490 10
374 503 10
374 507 10
374 508 10
374 511 10
374 512 10
374 515 10
374 516 10
374 517 10
374 518 10
374 520 10
374 522 10
374 523 10
374 533 10
374 534 10
374 536 10
374 539 10
374 540 10
374 541 10
374 542 10
374 543 10
374 546 10
374 547 10
374 549 10
374 550 10
374 551 10
374 552 10
374 554 10
374 556 10
374 557 10
374 576 10
374 577 10
374 588 10
374 589 10
374 590 10
374 592 10
374 593 10
374 596 10
375 418 10
375 421 10
375 427 10
375 437 10
375 441 10
375 445 10
375 446 10
375 447 10
375 451 10
375 453 10
375 455 10
375 456 10
375 461 10
375 471 10
375 472 10
375 474 10
375 497 10
375 503 10
375 504 10
375 505 10
375 507 10
375 509 10
375 510 10
375 512 10
375 517 10
375 518 10
375 519 10
375 520 10
375 525 10
375 536 10
375 537 10
375 539 10
375 551 10
375 552 10
375 554 10
376 421 10
376 427 10
376 435 10
376 445 10
376 446 10
376 447 10
376 448 10
376 449 10
376 450 10
376 451 10
376 452 10
376 453 10
376 458 10
376 464 10
376 465 10
376 467 10
376 468 10
376 475 10
376 478 10
376 497 10
376 509 10
376 511 10
376 512 10
376 519 10
376 520 10
376 521 10
376 522 10
376 523 10
376 525 10
376 536 10
376 539 10
376 541 10
376 544 10
376 547 10
376 554 10
376 576 10
376 578 10
376 589 10
377 423 10
377 425 10
377 426 10
377 433 10
377 435 10
377 451 10
377 453 10
377 454 10
377 456 10
377 458 10
377 461 10
377 463 10
377 465 10
377 466 10
377 467 10
377 491 10
377 493 10
377 494 10
377 495 10
377 496 10
377 497 10
377 499 10
377 500 10
377 501 10
377 503 10
377 504 10
377 505 10
377 507 10
377 508 10
377 510 10
377 511 10
377 512 10
377 515 10
377 517 10
377 521 10
377 534 10
377 538 10
377 542 10
377 543 10
377 546 10
377 548 10
377 550 10
377 551 10
377 561 10
377 566 10
377 568 10
377 573 10
377 574 10
378 418 10
378 420 10
378 435 10
378 437 10
378 451 10
378 452 10
378 453 10
378 454 10
378 455 10
378 456 10
378 457 10
378 459 10
378 460 10
378 462 10
378 463 10
378 464 10
378 466 10
378 468 10
378 480 10
378 491 10
378 492 10
378 494 10
378 495 10
378 498 10
378 500 10
378 501 10
378 503 10
378 504 10
378 506 10
378 507 10
378 509 10
378 512 10
378 513 10
378 514 10
378 515 10
378 517 10
378 523 10
378 537 10
378 539 10
378 541 10
378 547 10
378 549 10
378 551 10
378 553 10
378 554 10
378 560 10
378 570 10
378 571 10
378 572 10
378 574 10
378 579 10
378 585 10
379 417 10
379 423 10
379 431 10
379 435 10
379 445 10
379 449 10
379 452 10
379 455 10
379 456 10
379 457 10
379 459 10
379 460 10
379 462 10
379 464 10
379 467 10
379 468 10
379 474 10
379 475 10
379 489 10
379 494 10
379 495 10
379 498 10
379 501 10
379 502 10
379 503 10
379 504 10
379 505 10
379 507 10
379 508 10
379 511 10
379 514 10
379 522 10
379 532 10
379 534 10
379 535 10
379 545 10
379 546 10
379 548 10
379 549 10
379 550 10
379 551 10
379 552 10
379 553 10
379 562 10
379 570 10
379 571 10
379 573 10
379 576 10
379 577 10
379 578 10
379 580 10
379 582 10
379 583 10
380 418 10
380 430 10
380 431 10
380 437 10
380 444 10
380 450 10
380 451 10
380 452 10
380 453 10
380 458 10
380 459 10
380 460 10
380 462 10
380 464 10
380 465 10
380 466 10
380 468 10
380 471 10
380 474 10
380 475 10
380 490 10
380 491 10
380 493 10
380 495 10
380 496 10
380 497 10
380 498 10
380 499 10
380 502 10
380 503 10
380 504 10
380 505 10
380 506 10
380 507 10
380 508 10
380 509 10
380 510 10
380 511 10
380 512 10
380 522 10
380 535 10
380 536 10
380 537 10
380 538 10
380 541 10
380 544 10
380 547 10
380 549 10
380 550 10
380 551 10
380 552 10
380 553 10
380 554 10
380 567 10
380 572 10
380 576 10
380 581 10
380 582 10
380 583 10
380 597 10
381 417 10
381 419 10
381 428 10
381 429 10
381 431 10
381 434 10
381 435 10
381 436 10
381 454 10
381 457 10
381 460 10
381 461 10
381 462 10
381 464 10
381 465 10
381 470 10
381 472 10
381 474 10
381 477 10
381 491 10
381 492 10
381 494 10
381 495 10
381 497 10
381 499 10
381 500 10
381 503 10
381 509 10
381 510 10
381 511 10
381 512 10
381 514 10
381 515 10
381 521 10
381 536 10
381 543 10
381 544 10
381 546 10
381 547 10
381 548 10
381 549 10
381 551 10
381 554 10
381 555 10
381 566 10
381 572 10
381 576 10
381 577 10
381 579 10
381 580 10
381 582 10
381 591 10
381 594 10
382 423 10
382 431 10
382 434 10
382 436 10
382 446 10
382 448 10
382 451 10
382 455 10
382 458 10
382 459 10
382 462 10
382 467 10
382 468 10
382 472 10
382 474 10
382 475 10
382 476 10
382 477 10
382 479 10
382 480 10
382 481 10
382 482 10
382 486 10
382 489 10
382 490 10
382 492 10
382 497 10
382 500 10
382 501 10
382 503 10
382 506 10
382 509 10
382 510 10
382 511 10
382 512 10
382 513 10
382 514 10
382 526 10
382 527 10
382 529 10
382 530 10
382 536 10
382 537 10
382 539 10
382 543 10
382 545 10
382 547 10
382 551 10
382 552 10
382 553 10
382 555 10
382 564 10
382 568 10
382 576 10
382 582 10
382 593 10
382 596 10
382 597 10
383 418 10
383 419 10
383 424 10
383 427 10
383 429 10
383 433 10
383 435 10
383 437 10
383 440 10
383 441 10
383 446 10
383 449 10
383 452 10
383 455 10
383 459 10
383 461 10
383 463 10
383 464 10
383 468 10
383 469 10
383 471 10
383 474 10
383 475 10
383 476 10
383 479 10
383 480 10
383 484 10
383 487 10
383 488 10
383 489 10
383 496 10
383 497 10
383 498 10
383 500 10
383 502 10
383 503 10
383 505 10
383 506 10
383 508 10
383 509 10
383 510 10
383 511 10
383 513 10
383 514 10
383 515 10
383 516 10
383 536 10
383 537 10
383 544 10
383 545 10
383 546 10
383 549 10
383 553 10
383 554 10
383 556 10
383 570 10
383 577 10
383 580 10
383 582 10
383 591 10
383 594 10
384 426 10
384 427 10
384 429 10
384 436 10
384 441 10
384 447 10
384 448 10
384 449 10
384 450 10
384 451 10
384 455 10
384 456 10
384 457 10
384 459 10
384 460 10
384 461 10
384 464 10
384 465 10
384 466 10
384 468 10
384 469 10
384 476 10
384 477 10
384 478 10
384 480 10
384 484 10
384 486 10
384 488 10
384 489 10
384 491 10
384 494 10
384 503 10
384 505 10
384 510 10
384 511 10
384 514 10
384 516 10
384 517 10
384 531 10
384 534 10
384 542 10
384 543 10
384 544 10
384 548 10
384 553 10
384 554 10
384 555 10
384 562 10
384 563 10
384 564 10
384 566 10
384 578 10
384 592 10
384 594 10
385 418 10
385 419 10
385 421 10
385 422 10
385 424 10
385 425 10
385 431 10
385 434 10
385 441 10
385 443 10
385 444 10
385 445 10
385 454 10
385 457 10
385 458 10
385 459 10
385 461 10
385 463 10
385 464 10
385 468 10
385 469 10
385 470 10
385 475 10
385 477 10
385 480 10
385 481 10
385 482 10
385 485 10
385 486 10
385 489 10
385 491 10
385 493 10
385 496 10
385 501 10
385 503 10
385 504 10
385 506 10
385 508 10
385 510 10
385 517 10
385 518 10
385 523 10
385 527 10
385 531 10
385 532 10
385 541 10
385 544 10
385 546 10
385 548 10
385 551 10
385 554 10
385 563 10
386 420 10
386 422 10
386 424 10
386 426 10
386 435 10
386 444 10
386 445 10
386 447 10
386 448 10
386 451 10
386 453 10
386 457 10
386 461 10
386 462 10
386 463 10
386 464 10
386 467 10
386 468 10
386 469 10
386 470 10
386 471 10
386 472 10
386 475 10
386 478 10
386 480 10
386 481 10
386 482 10
386 483 10
386 484 10
386 487 10
386 488 10
386 490 10
386 491 10
386 497 10
386 503 10
386 505 10
386 507 10
386 509 10
386 510 10
386 511 10
386 512 10
386 515 10
386 516 10
386 517 10
386 522 10
386 531 10
386 539 10
386 543 10
386 544 10
386 546 10
386 551 10
386 552 10
386 554 10
386 565 10
386 567 10
386 595 10
386 596 10
387 422 10
387 426 10
387 427 10
387 429 10
387 430 10
387 431 10
387 432 10
387 441 10
387 442 10
387 447 10
387 448 10
387 451 10
387 453 10
387 454 10
387 456 10
387 457 10
387 458 10
387 459 10
387 460 10
387 461 10
387 463 10
387 465 10
387 468 10
387 469 10
387 470 10
387 471 10
387 473 10
387 474 10
387 476 10
387 477 10
387 479 10
387 480 10
387 481 10
387 482 10
387 483 10
387 485 10
387 487 10
387 488 10
387 496 10
387 504 10
387 505 10
387 506 10
387 507 10
387 508 10
387 509 10
387 510 10
387 513 10
387 514 10
387 529 10
387 530 10
387 531 10
387 534 10
387 535 10
387 536 10
387 543 10
387 552 10
387 562 10
387 563 10
387 564 10
387 598 10
387 599 10
387 605 10
387 606 10
387 615 10
388 417 10
388 419 10
388 420 10
388 421 10
388 423 10
388 424 10
388 425 10
388 426 10
388 429 10
388 443 10
388 445 10
388 446 10
388 448 10
388 451 10
388 458 10
388 459 10
388 460 10
388 461 10
388 463 10
388 464 10
388 468 10
388 469 10
388 470 10
388 471 10
388 474 10
388 478 10
388 479 10
388 480 10
388 483 10
388 484 10
388 485 10
388 489 10
388 491 10
388 493 10
388 494 10
388 498 10
388 502 10
388 505 10
388 506 10
388 507 10
388 508 10
388 510 10
388 514 10
388 521 10
388 532 10
388 533 10
388 536 10
388 537 10
388 539 10
388 540 10
388 545 10
388 546 10
388 547 10
388 548 10
388 549 10
388 550 10
388 565 10
388 595 10
388 597 10
388 599 10
388 601 10
388 655 10
389 417 10
389 422 10
389 424 10
389 429 10
389 430 10
389 436 10
389 437 10
389 441 10
389 451 10
389 453 10
389 454 10
389 458 10
389 460 10
389 461 10
389 463 10
389 467 10
389 468 10
389 469 10
389 470 10
389 471 10
389 472 10
389 474 10
389 476 10
389 478 10
389 480 10
389 483 10
389 484 10
389 485 10
389 486 10
389 487 10
389 488 10
389 489 10
389 491 10
389 493 10
389 495 10
389 496 10
389 502 10
389 504 10
389 506 10
389 507 10
389 510 10
389 512 10
389 521 10
389 529 10
389 532 10
389 534 10
389 535 10
389 537 10
389 539 10
389 540 10
389 541 10
389 542 10
389 543 10
389 544 10
389 549 10
389 550 10
389 559 10
389 561 10
389 562 10
389 594 10
389 595 10
389 597 10
389 598 10
389 599 10
389 600 10
389 603 10
389 605 10
389 607 10
389 629 10
389 630 10
389 631 10
389 633 10
389 656 10
390 420 10
390 424 10
390 429 10
390 436 10
390 447 10
390 448 10
390 452 10
390 454 10
390 460 10
390 462 10
390 464 10
390 465 10
390 466 10
390 467 10
390 469 10
390 476 10
390 478 10
390 480 10
390 481 10
390 483 10
390 485 10
390 486 10
390 488 10
390 489 10
390 490 10
390 493 10
390 495 10
390 503 10
390 505 10
390 506 10
390 507 10
390 509 10
390 513 10
390 532 10
390 533 10
390 534 10
390 537 10
390 539 10
390 540 10
390 542 10
390 543 10
390 549 10
390 560 10
390 561 10
390 564 10
390 565 10
390 567 10
390 568 10
390 569 10
390 573 10
390 593 10
390 596 10
390 598 10
390 599 10
390 601 10
390 602 10
390 603 10
390 605 10
390 607 10
390 611 10
390 612 10
390 615 10
390 627 10
390 632 10
390 633 10
390 634 10
390 638 10
390 647 10
390 648 10
390 650 10
390 655 10
391 421 10
391 423 10
391 436 10
391 440 10
391 441 10
391 443 10
391 445 10
391 447 10
391 448 10
391 451 10
391 462 10
391 463 10
391 466 10
391 467 10
391 468 10
391 469 10
391 470 10
391 471 10
391 472 10
391 474 10
391 475 10
391 477 10
391 479 10
391 480 10
391 481 10
391 482 10
391 485 10
391 486 10
391 487 10
391 489 10
391 490 10
391 491 10
391 492 10
391 494 10
391 498 10
391 502 10
391 503 10
391 505 10
391 506 10
391 507 10
391 508 10
391 509 10
391 511 10
391 513 10
391 518 10
391 521 10
391 523 10
391 532 10
391 537 10
391 540 10
391 541 10
391 543 10
391 544 10
391 545 10
391 557 10
391 559 10
391 561 10
391 563 10
391 566 10
391 567 10
391 568 10
391 570 10
391 571 10
391 596 10
391 597 10
391 602 10
391 604 10
391 605 10
391 606 10
391 607 10
391 609 10
391 628 10
391 637 10
391 652 10
392 419 10
392 425 10
392 436 10
392 439 10
392 441 10
392 447 10
392 448 10
392 450 10
392 463 10
392 464 10
392 467 10
392 469 10
392 470 10
392 473 10
392 477 10
392 479 10
392 480 10
392 483 10
392 484 10
392 487 10
392 489 10
392 492 10
392 493 10
392 494 10
392 495 10
392 497 10
392 500 10
392 504 10
392 505 10
392 507 10
392 508 10
392 510 10
392 511 10
392 512 10
392 516 10
392 520 10
392 521 10
392 531 10
392 532 10
392 540 10
392 543 10
392 545 10
392 558 10
392 560 10
392 561 10
392 562 10
392 564 10
392 565 10
392 566 10
392 569 10
392 572 10
392 594 10
392 595 10
392 596 10
392 598 10
392 599 10
392 600 10
392 601 10
392 603 10
392 604 10
392 606 10
392 607 10
392 608 10
392 610 10
392 614 10
392 640 10
392 641 10
392 648 10
393 424 10
393 425 10
393 437 10
393 439 10
393 441 10
393 443 10
393 445 10
393 448 10
393 449 10
393 450 10
393 458 10
393 463 10
393 465 10
393 466 10
393 468 10
393 469 10
393 472 10
393 475 10
393 477 10
393 481 10
393 483 10
393 484 10
393 486 10
393 488 10
393 490 10
393 491 10
393 495 10
393 497 10
393 499 10
393 500 10
393 504 10
393 505 10
393 506 10
393 507 10
393 508 10
393 509 10
393 511 10
393 512 10
393 513 10
393 515 10
393 519 10
393 520 10
393 533 10
393 537 10
393 539 10
393 543 10
393 545 10
393 547 10
393 549 10
393 558 10
393 559 10
393 563 10
393 568 10
393 571 10
393 577 10
393 578 10
393 595 10
393 597 10
393 598 10
393 599 10
393 601 10
393 602 10
393 604 10
393 605 10
393 606 10
393 607 10
393 610 10
393 637 10
394 416 10
394 417 10
394 418 10
394 419 10
394 420 10
394 421 10
394 423 10
394 424 10
394 425 10
394 426 10
394 427 10
394 428 10
394 440 10
394 442 10
394 446 10
394 450 10
394 453 10
394 454 10
394 460 10
394 461 10
394 462 10
394 463 10
394 467 10
394 470 10
394 471 10
394 472 10
394 473 10
394 475 10
394 476 10
394 482 10
394 484 10
394 486 10
394 487 10
394 488 10
394 494 10
394 496 10
394 498 10
394 501 10
394 502 10
394 504 10
394 505 10
394 506 10
394 507 10
394 509 10
394 510 10
394 511 10
394 515 10
394 516 10
394 517 10
394 519 10
394 523 10
394 529 10
394 533 10
394 534 10
394 540 10
394 542 10
394 543 10
394 544 10
394 546 10
394 547 10
394 548 10
394 552 10
394 557 10
394 558 10
394 560 10
394 561 10
394 562 10
394 563 10
394 565 10
394 567 10
394 571 10
394 573 10
394 590 10
394 595 10
394 596 10
394 600 10
394 604 10
394 605 10
394 609 10
394 610 10
394 639 10
395 420 10
395 422 10
395 423 10
395 424 10
395 426 10
395 442 10
395 446 10
395 452 10
395 453 10
395 455 10
395 456 10
395 457 10
395 462 10
395 463 10
395 466 10
395 469 10
395 470 10
395 479 10
395 481 10
395 482 10
395 483 10
395 484 10
395 485 10
395 487 10
395 490 10
395 491 10
395 492 10
395 496 10
395 497 10
395 499 10
395 504 10
395 505 10
395 506 10
395 507 10
395 509 10
395 510 10
395 511 10
395 512 10
395 513 10
395 514 10
395 515 10
395 516 10
395 518 10
395 520 10
395 522 10
395 523 10
395 524 10
395 525 10
395 526 10
395 530 10
395 532 10
395 537 10
395 538 10
395 539 10
395 543 10
395 544 10
395 546 10
395 547 10
395 550 10
395 551 10
395 552 10
395 556 10
395 557 10
395 565 10
395 566 10
395 567 10
395 574 10
395 575 10
395 579 10
395 595 10
395 596 10
395 597 10
395 602 10
395 606 10
395 609 10
396 415 10
396 416 10
396 419 10
396 424 10
396 428 10
396 430 10
396 442 10
396 444 10
396 445 10
396 447 10
396 448 10
396 452 10
396 461 10
396 464 10
396 465 10
396 466 10
396 467 10
396 468 10
396 470 10
396 471 10
396 472 10
396 474 10
396 475 10
396 477 10
396 481 10
396 485 10
396 489 10
396 490 10
396 493 10
396 495 10
396 496 10
396 497 10
396 500 10
396 502 10
396 503 10
396 504 10
396 506 10
396 508 10
396 509 10
396 510 10
396 511 10
396 512 10
396 513 10
396 516 10
396 517 10
396 522 10
396 523 10
396 524 10
396 525 10
396 526 10
396 531 10
396 532 10
396 538 10
396 539 10
396 541 10
396 545 10
396 547 10
396 548 10
396 553 10
396 557 10
396 560 10
396 562 10
396 563 10
396 567 10
396 570 10
396 591 10
396 595 10
396 598 10
396 600 10
396 601 10
396 603 10
396 605 10
397 422 10
397 425 10
397 426 10
397 428 10
397 429 10
397 437 10
397 438 10
397 439 10
397 447 10
397 454 10
397 455 10
397 462 10
397 463 10
397 466 10
397 470 10
397 476 10
397 478 10
397 481 10
397 482 10
397 485 10
397 487 10
397 488 10
397 491 10
397 492 10
397 495 10
397 498 10
397 499 10
397 502 10
397 505 10
397 506 10
397 507 10
397 509 10
397 510 10
397 513 10
397 514 10
397 515 10
397 516 10
397 520 10
397 521 10
397 522 10
397 524 10
397 525 10
397 527 10
397 529 10
397 533 10
397 535 10
397 536 10
397 538 10
397 543 10
397 544 10
397 545 10
397 547 10
397 556 10
397 557 10
397 558 10
397 559 10
397 562 10
397 564 10
397 566 10
397 567 10
397 570 10
397 587 10
397 589 10
397 597 10
397 600 10
397 602 10
397 606 10
397 607 10
397 608 10
398 423 10
398 424 10
398 426 10
398 427 10
398 428 10
398 431 10
398 437 10
398 444 10
398 445 10
398 447 10
398 449 10
398 452 10
398 467 10
398 468 10
398 469 10
398 471 10
398 473 10
398 476 10
398 477 10
398 478 10
398 482 10
398 483 10
398 485 10
398 487 10
398 488 10
398 494 10
398 495 10
398 498 10
398 499 10
398 501 10
398 502 10
398 503 10
398 504 10
398 505 10
398 507 10
398 508 10
398 509 10
398 510 10
398 512 10
398 513 10
398 514 10
398 515 10
398 517 10
398 522 10
398 523 10
398 524 10
398 525 10
398 526 10
398 527 10
398 529 10
398 530 10
398 534 10
398 537 10
398 545 10
398 548 10
398 550 10
398 563 10
398 564 10
398 565 10
398 566 10
398 568 10
398 574 10
398 575 10
398 596 10
398 600 10
398 602 10
398 604 10
398 605 10
398 606 10
398 618 10
399 415 10
399 424 10
399 425 10
399 429 10
399 430 10
399 432 10
399 433 10
399 434 10
399 439 10
399 447 10
399 462 10
399 463 10
399 465 10
399 466 10
399 467 10
399 468 10
399 469 10
399 470 10
399 474 10
399 475 10
399 477 10
399 488 10
399 489 10
399 493 10
399 497 10
399 498 10
399 500 10
399 501 10
399 502 10
399 503 10
399 504 10
399 505 10
399 506 10
399 507 10
399 508 10
399 512 10
399 513 10
399 514 10
399 516 10
399 518 10
399 519 10
399 520 10
399 522 10
399 524 10
399 525 10
399 526 10
399 527 10
399 531 10
399 533 10
399 536 10
399 538 10
399 539 10
399 540 10
399 541 10
399 547 10
399 548 10
399 549 10
399 555 10
399 557 10
399 558 10
399 565 10
399 569 10
399 589 10
399 594 10
399 595 10
399 600 10
399 601 10
399 602 10
399 608 10
399 617 10
400 413 10
400 422 10
400 424 10
400 430 10
400 439 10
400 440 10
400 447 10
400 448 10
400 451 10
400 459 10
400 465 10
400 467 10
400 469 10
400 470 10
400 472 10
400 475 10
400 476 10
400 484 10
400 485 10
400 492 10
400 495 10
400 498 10
400 499 10
400 500 10
400 501 10
400 502 10
400 503 10
400 504 10
400 505 10
400 506 10
400 508 10
400 509 10
400 510 10
400 512 10
400 513 10
400 514 10
400 515 10
400 516 10
400 519 10
400 520 10
400 522 10
400 523 10
400 524 10
400 525 10
400 526 10
400 527 10
400 528 10
400 529 10
400 530 10
400 531 10
400 533 10
400 537 10
400 539 10
400 548 10
400 549 10
400 550 10
400 551 10
400 557 10
400 559 10
400 565 10
400 566 10
400 567 10
400 574 10
400 576 10
400 579 10
400 581 10
400 587 10
400 592 10
400 595 10
400 596 10
400 597 10
400 602 10
400 603 10
400 604 10
400 605 10
400 620 10
401 413 10
401 422 10
401 427 10
401 434 10
401 439 10
401 440 10
401 449 10
401 465 10
401 466 10
401 471 10
401 472 10
401 474 10
401 477 10
401 478 10
401 488 10
401 490 10
401 492 10
401 494 10
401 496 10
401 498 10
401 499 10
401 501 10
401 502 10
401 503 10
401 504 10
401 506 10
401 507 10
401 509 10
401 511 10
401 513 10
401 514 10
401 515 10
401 516 10
401 517 10
401 519 10
401 522 10
401 523 10
401 524 10
401 525 10
401 526 10
401 527 10
401 529 10
401 531 10
401 534 10
401 540 10
401 548 10
401 549 10
401 550 10
401 552 10
401 561 10
401 564 10
401 565 10
401 572 10
401 573 10
401 574 10
401 580 10
401 590 10
401 593 10
401 594 10
401 595 10
401 596 10
401 601 10
401 605 10
401 607 10
401 609 10
401 618 10
401 620 10
402 412 10
402 424 10
402 427 10
402 433 10
402 442 10
402 447 10
402 449 10
402 450 10
402 466 10
402 467 10
402 468 10
402 474 10
402 475 10
402 478 10
402 480 10
402 484 10
402 490 10
402 492 10
402 494 10
402 497 10
402 498 10
402 499 10
402 500 10
402 501 10
402 502 10
402 505 10
402 509 10
402 512 10
402 513 10
402 517 10
402 518 10
402 521 10
402 523 10
402 524 10
402 527 10
402 529 10
402 535 10
402 536 10
402 537 10
402 538 10
402 539 10
402 540 10
402 546 10
402 547 10
402 548 10
402 549 10
402 550 10
402 557 10
402 559 10
402 563 10
402 566 10
402 574 10
402 575 10
402 577 10
402 586 10
402 587 10
402 590 10
402 595 10
402 596 10
402 597 10
402 598 10
402 600 10
402 601 10
402 602 10
402 604 10
402 605 10
402 608 10
403 423 10
403 426 10
403 427 10
403 428 10
403 431 10
403 432 10
403 434 10
403 436 10
403 438 10
403 440 10
403 447 10
403 465 10
403 466 10
403 470 10
403 471 10
403 473 10
403 475 10
403 477 10
403 480 10
403 481 10
403 488 10
403 489 10
403 495 10
403 497 10
403 500 10
403 502 10
403 503 10
403 504 10
403 505 10
403 507 10
403 509 10
403 510 10
403 511 10
403 513 10
403 515 10
403 516 10
403 519 10
403 522 10
403 523 10
403 524 10
403 525 10
403 526 10
403 530 10
403 532 10
403 534 10
403 537 10
403 538 10
403 539 10
403 540 10
403 548 10
403 549 10
403 550 10
403 552 10
403 564 10
403 569 10
403 570 10
403 571 10
403 572 10
403 576 10
403 588 10
403 589 10
403 594 10
403 595 10
403 597 10
403 602 10
403 603 10
403 605 10
403 607 10
403 609 10
403 611 10
403 616 10
403 617 10
403 618 10
404 419 10
404 429 10
404 430 10
404 431 10
404 433 10
404 435 10
404 437 10
404 438 10
404 441 10
404 444 10
404 448 10
404 465 10
404 466 10
404 473 10
404 477 10
404 478 10
404 479 10
404 480 10
404 481 10
404 486 10
404 494 10
404 498 10
404 499 10
404 502 10
404 503 10
404 504 10
404 505 10
404 506 10
404 507 10
404 510 10
404 512 10
404 513 10
404 517 10
404 519 10
404 520 10
404 523 10
404 526 10
404 530 10
404 531 10
404 533 10
404 535 10
404 547 10
404 548 10
404 550 10
404 557 10
404 563 10
404 566 10
404 569 10
404 570 10
404 573 10
404 574 10
404 589 10
404 590 10
404 597 10
404 599 10
404 604 10
404 605 10
404 607 10
404 609 10
404 610 10
404 615 10
404 620 10
405 412 10
405 414 10
405 420 10
405 422 10
405 431 10
405 432 10
405 433 10
405 434 10
405 435 10
405 438 10
405 441 10
405 442 10
405 446 10
405 468 10
405 469 10
405 475 10
405 476 10
405 478 10
405 479 10
405 480 10
405 481 10
405 483 10
405 485 10
405 488 10
405 496 10
405 497 10
405 500 10
405 502 10
405 503 10
405 504 10
405 505 10
405 509 10
405 510 10
405 511 10
405 512 10
405 513 10
405 516 10
405 519 10
405 521 10
405 522 10
405 523 10
405 524 10
405 527 10
405 528 10
405 531 10
405 532 10
405 534 10
405 535 10
405 537 10
405 541 10
405 547 10
405 549 10
405 550 10
405 552 10
405 562 10
405 563 10
405 565 10
405 569 10
405 571 10
405 589 10
405 594 10
405 595 10
405 599 10
405 601 10
405 602 10
405 603 10
405 607 10
405 610 10
405 611 10
405 616 10
405 617 10
405 621 10
406 412 10
406 414 10
406 422 10
406 424 10
406 436 10
406 437 10
406 438 10
406 439 10
406 441 10
406 443 10
406 444 10
406 446 10
406 456 10
406 463 10
406 464 10
406 467 10
406 469 10
406 472 10
406 473 10
406 475 10
406 476 10
406 477 10
406 479 10
406 483 10
406 484 10
406 501 10
406 502 10
406 503 10
406 504 10
406 505 10
406 506 10
406 507 10
406 508 10
406 511 10
406 512 10
406 513 10
406 514 10
406 515 10
406 517 10
406 520 10
406 521 10
406 523 10
406 524 10
406 525 10
406 527 10
406 529 10
406 531 10
406 533 10
406 534 10
406 536 10
406 537 10
406 540 10
406 541 10
406 542 10
406 544 10
406 546 10
406 549 10
406 550 10
406 552 10
406 567 10
406 570 10
406 580 10
406 582 10
406 597 10
406 600 10
406 605 10
406 614 10
406 620 10
406 621 10
407 415 10
407 421 10
407 432 10
407 436 10
407 438 10
407 440 10
407 441 10
407 455 10
407 457 10
407 460 10
407 465 10
407 467 10
407 470 10
407 475 10
407 479 10
407 481 10
407 482 10
407 483 10
407 484 10
407 486 10
407 500 10
407 501 10
407 502 10
407 504 10
407 505 10
407 506 10
407 507 10
407 508 10
407 509 10
407 511 10
407 512 10
407 513 10
407 517 10
407 518 10
407 520 10
407 522 10
407 525 10
407 528 10
407 529 10
407 530 10
407 531 10
407 536 10
407 537 10
407 540 10
407 541 10
407 542 10
407 543 10
407 544 10
407 545 10
407 546 10
407 547 10
407 553 10
407 564 10
407 570 10
407 572 10
407 593 10
407 594 10
407 595 10
407 599 10
407 604 10
407 615 10
407 617 10
408 409 10
408 420 10
408 421 10
408 431 10
408 436 10
408 438 10
408 439 10
408 440 10
408 441 10
408 442 10
408 444 10
408 445 10
408 451 10
408 458 10
408 461 10
408 467 10
408 468 10
408 470 10
408 472 10
408 476 10
408 477 10
408 478 10
408 480 10
408 481 10
408 482 10
408 485 10
408 486 10
408 487 10
408 497 10
408 502 10
408 503 10
408 504 10
408 505 10
408 513 10
408 514 10
408 517 10
408 518 10
408 520 10
408 522 10
408 523 10
408 524 10
408 526 10
408 532 10
408 535 10
408 536 10
408 537 10
408 539 10
408 540 10
408 543 10
408 545 10
408 547 10
408 549 10
408 551 10
408 558 10
408 559 10
408 566 10
408 572 10
408 573 10
408 577 10
408 596 10
408 597 10
408 598 10
408 601 10
408 603 10
408 604 10
408 605 10
408 606 10
408 607 10
408 608 10
409 411 10
409 414 10
409 417 10
409 418 10
409 419 10
409 420 10
409 421 10
409 432 10
409 438 10
409 439 10
409 443 10
409 445 10
409 449 10
409 454 10
409 458 10
409 466 10
409 469 10
409 470 10
409 472 10
409 474 10
409 477 10
409 478 10
409 479 10
409 480 10
409 481 10
409 482 10
409 483 10
409 484 10
409 485 10
409 495 10
409 497 10
409 499 10
409 501 10
409 502 10
409 503 10
409 504 10
409 505 10
409 506 10
409 507 10
409 509 10
409 511 10
409 512 10
409 515 10
409 518 10
409 519 10
409 520 10
409 521 10
409 522 10
409 523 10
409 524 10
409 531 10
409 532 10
409 535 10
409 536 10
409 537 10
409 538 10
409 539 10
409 540 10
409 541 10
409 542 10
409 545 10
409 546 10
409 548 10
409 549 10
409 550 10
409 551 10
409 565 10
409 575 10
409 578 10
409 586 10
410 409 10
410 412 10
410 418 10
410 421 10
410 426 10
410 436 10
410 437 10
410 438 10
410 440 10
410 442 10
410 443 10
410 447 10
410 451 10
410 452 10
410 453 10
410 454 10
410 457 10
410 469 10
410 471 10
410 473 10
410 478 10
410 479 10
410 481 10
410 482 10
410 483 10
410 485 10
410 487 10
410 489 10
410 495 10
410 497 10
410 501 10
410 503 10
410 504 10
410 507 10
410 517 10
410 519 10
410 521 10
410 523 10
410 526 10
410 527 10
410 529 10
410 532 10
410 533 10
410 535 10
410 537 10
410 538 10
410 540 10
410 546 10
410 549 10
410 550 10
410 560 10
410 561 10
410 566 10
410 574 10
410 586 10
410 592 10
410 594 10
410 599 10
410 604 10
410 616 10
411 419 10
411 434 10
411 439 10
411 442 10
411 450 10
411 459 10
411 460 10
411 462 10
411 468 10
411 473 10
411 477 10
411 478 10
411 483 10
411 484 10
411 495 10
411 496 10
411 497 10
411 500 10
411 501 10
411 505 10
411 507 10
411 509 10
411 510 10
411 511 10
411 512 10
411 514 10
411 518 10
411 519 10
411 521 10
411 522 10
411 523 10
411 525 10
411 527 10
411 534 10
411 535 10
411 536 10
411 539 10
411 542 10
411 544 10
411 546 10
411 548 10
411 549 10
411 565 10
411 566 10
411 572 10
411 574 10
411 575 10
411 576 10
411 577 10
411 586 10
411 597 10
411 599 10
411 603 10
411 613 10
411 616 10
412 434 10
412 436 10
412 437 10
412 439 10
412 440 10
412 441 10
412 444 10
412 448 10
412 452 10
412 456 10
412 458 10
412 461 10
412 471 10
412 472 10
412 473 10
412 475 10
412 477 10
412 478 10
412 479 10
412 480 10
412 481 10
412 482 10
412 483 10
412 485 10
412 500 10
412 501 10
412 502 10
412 503 10
412 504 10
412 506 10
412 509 10
412 510 10
412 517 10
412 521 10
412 522 10
412 524 10
412 526 10
412 528 10
412 531 10
412 533 10
412 535 10
412 536 10
412 538 10
412 539 10
412 541 10
412 542 10
412 543 10
412 546 10
412 547 10
412 548 10
412 549 10
412 567 10
412 571 10
412 573 10
412 576 10
412 598 10
412 604 10
412 607 10
412 615 10
413 425 10
413 437 10
413 438 10
413 439 10
413 442 10
413 456 10
413 457 10
413 461 10
413 464 10
413 470 10
413 471 10
413 478 10
413 481 10
413 485 10
413 501 10
413 502 10
413 503 10
413 504 10
413 505 10
413 509 10
413 511 10
413 512 10
413 517 10
413 519 10
413 521 10
413 522 10
413 523 10
413 524 10
413 531 10
413 536 10
413 539 10
413 542 10
413 544 10
413 546 10
413 547 10
413 548 10
413 562 10
413 564 10
413 572 10
413 581 10
413 582 10
413 597 10
413 612 10
414 421 10
414 425 10
414 426 10
414 427 10
414 436 10
414 438 10
414 439 10
414 448 10
414 449 10
414 451 10
414 453 10
414 455 10
414 456 10
414 458 10
414 459 10
414 463 10
414 471 10
414 478 10
414 480 10
414 499 10
414 500 10
414 502 10
414 506 10
414 512 10
414 513 10
414 517 10
414 519 10
414 521 10
414 522 10
414 523 10
414 524 10
414 526 10
414 527 10
414 528 10
414 529 10
414 530 10
414 534 10
414 535 10
414 538 10
414 539 10
414 543 10
414 548 10
414 549 10
414 552 10
414 554 10
414 555 10
414 562 10
414 571 10
414 573 10
414 574 10
414 596 10
414 614 10
414 615 10
415 422 10
415 425 10
415 434 10
415 438 10
415 439 10
415 440 10
415 441 10
415 442 10
415 444 10
415 445 10
415 452 10
415 453 10
415 465 10
415 466 10
415 470 10
415 471 10
415 473 10
415 480 10
415 481 10
415 482 10
415 498 10
415 502 10
415 503 10
415 504 10
415 505 10
415 508 10
415 510 10
415 517 10
415 518 10
415 519 10
415 521 10
415 522 10
415 525 10
415 526 10
415 527 10
415 534 10
415 539 10
415 543 10
415 547 10
415 548 10
415 549 10
415 550 10
415 552 10
415 553 10
415 555 10
415 556 10
415 560 10
415 563 10
415 570 10
415 571 10
415 576 10
415 577 10
415 578 10
415 583 10
415 602 10
416 407 10
416 419 10
416 420 10
416 421 10
416 423 10
416 424 10
416 425 10
416 431 10
416 436 10
416 437 10
416 448 10
416 451 10
416 452 10
416 458 10
416 459 10
416 464 10
416 465 10
416 468 10
416 482 10
416 483 10
416 484 10
416 486 10
416 497 10
416 499 10
416 500 10
416 502 10
416 505 10
416 506 10
416 514 10
416 516 10
416 517 10
416 522 10
416 523 10
416 525 10
416 527 10
416 529 10
416 532 10
416 533 10
416 537 10
416 543 10
416 544 10
416 551 10
416 552 10
416 556 10
416 564 10
416 566 10
416 577 10
416 584 10
416 611 10
416 613 10
416 623 10
417 421 10
417 423 10
417 424 10
417 426 10
417 430 10
417 438 10
417 439 10
417 443 10
417 445 10
417 447 10
417 448 10
417 458 10
417 462 10
417 464 10
417 466 10
417 469 10
417 489 10
417 501 10
417 503 10
417 504 10
417 507 10
417 509 10
417 514 10
417 517 10
417 520 10
417 521 10
417 523 10
417 524 10
417 526 10
417 528 10
417 529 10
417 534 10
417 535 10
417 536 10
417 540 10
417 541 10
417 543 10
417 545 10
417 546 10
417 547 10
417 551 10
417 552 10
417 557 10
417 558 10
417 562 10
417 563 10
417 564 10
417 565 10
417 570 10
417 572 10
417 582 10
417 585 10
417 587 10
417 611 10
418 421 10
418 423 10
418 424 10
418 426 10
418 427 10
418 430 10
418 436 10
418 437 10
418 439 10
418 440 10
418 445 10
418 446 10
418 449 10
418 451 10
418 453 10
418 454 10
418 456 10
418 458 10
418 461 10
418 471 10
418 473 10
418 476 10
418 480 10
418 482 10
418 496 10
418 498 10
418 499 10
418 500 10
418 502 10
418 504 10
418 506 10
418 507 10
418 509 10
418 511 10
418 513 10
418 516 10
418 517 10
418 519 10
418 522 10
418 524 10
418 526 10
418 527 10
418 531 10
418 533 10
418 536 10
418 538 10
418 539 10
418 541 10
418 542 10
418 543 10
418 544 10
418 545 10
418 546 10
418 549 10
418 550 10
418 559 10
418 560 10
418 561 10
418 563 10
418 564 10
418 566 10
418 567 10
418 568 10
418 576 10
418 579 10
418 580 10
418 581 10
418 583 10
418 609 10
418 611 10
418 612 10
418 622 10
418 626 10
419 422 10
419 425 10
419 427 10
419 432 10
419 435 10
419 444 10
419 445 10
419 446 10
419 449 10
419 452 10
419 455 10
419 457 10
419 459 10
419 478 10
419 481 10
419 492 10
419 495 10
419 496 10
419 499 10
419 500 10
419 501 10
419 508 10
419 510 10
419 514 10
419 515 10
419 516 10
419 517 10
419 520 10
419 521 10
419 523 10
419 524 10
419 527 10
419 534 10
419 535 10
419 538 10
419 541 10
419 544 10
419 547 10
419 551 10
419 552 10
419 558 10
419 562 10
419 565 10
419 569 10
419 579 10
419 581 10
419 582 10
419 583 10
419 610 10
419 615 10
419 626 10
419 627 10
419 628 10
419 629 10
420 416 10
420 423 10
420 424 10
420 429 10
420 431 10
420 432 10
420 437 10
420 439 10
420 441 10
420 444 10
420 446 10
420 448 10
420 449 10
420 451 10
420 452 10
420 453 10
420 455 10
420 460 10
420 461 10
420 463 10
420 465 10
420 466 10
420 469 10
420 471 10
420 477 10
420 497 10
420 498 10
420 504 10
420 505 10
420 510 10
420 513 10
420 515 10
420 516 10
420 517 10
420 521 10
420 522 10
420 523 10
420 524 10
420 525 10
420 528 10
420 529 10
420 531 10
420 532 10
420 535 10
420 537 10
420 539 10
420 542 10
420 543 10
420 544 10
420 545 10
420 551 10
420 563 10
420 571 10
420 578 10
420 580 10
420 581 10
420 582 10
420 583 10
420 588 10
420 610 10
420 614 10
420 622 10
420 627 10
420 629 10
421 424 10
421 428 10
421 429 10
421 431 10
421 434 10
421 435 10
421 445 10
421 447 10
421 448 10
421 449 10
421 450 10
421 458 10
421 460 10
421 461 10
421 463 10
421 483 10
421 487 10
421 494 10
421 496 10
421 497 10
421 499 10
421 503 10
421 504 10
421 505 10
421 508 10
421 511 10
421 514 10
421 515 10
421 516 10
421 519 10
421 521 10
421 527 10
421 529 10
421 530 10
421 535 10
421 537 10
421 539 10
421 541 10
421 542 10
421 545 10
421 546 10
421 566 10
421 570 10
421 573 10
421 576 10
421 580 10
421 582 10
421 586 10
421 589 10
421 608 10
421 611 10
421 612 10
421 621 10
421 623 10
421 624 10
421 627 10
421 629 10
422 417 10
422 427 10
422 429 10
422 433 10
422 436 10
422 437 10
422 438 10
422 440 10
422 444 10
422 449 10
422 452 10
422 458 10
422 459 10
422 460 10
422 462 10
422 463 10
422 465 10
422 466 10
422 482 10
422 485 10
422 495 10
422 498 10
422 499 10
422 502 10
422 503 10
422 505 10
422 525 10
422 530 10
422 532 10
422 535 10
422 541 10
422 543 10
422 544 10
422 546 10
422 547 10
422 548 10
422 564 10
422 568 10
422 574 10
422 576 10
422 580 10
422 584 10
422 586 10
422 589 10
422 590 10
422 615 10
422 616 10
422 619 10
422 621 10
422 623 10
422 626 10
422 627 10
422 628 10
422 629 10
423 425 10
423 426 10
423 429 10
423 435 10
423 436 10
423 438 10
423 439 10
423 443 10
423 447 10
423 449 10
423 450 10
423 452 10
423 453 10
423 459 10
423 461 10
423 482 10
423 494 10
423 495 10
423 496 10
423 497 10
423 501 10
423 503 10
423 504 10
423 507 10
423 508 10
423 509 10
423 516 10
423 522 10
423 524 10
423 526 10
423 527 10
423 528 10
423 530 10
423 531 10
423 542 10
423 543 10
423 544 10
423 546 10
423 547 10
423 552 10
423 560 10
423 561 10
423 564 10
423 570 10
423 576 10
423 578 10
423 589 10
423 592 10
423 597 10
423 616 10
423 617 10
423 623 10
423 624 10
423 626 10
423 627 10
423 630 10
423 638 10
424 415 10
424 422 10
424 426 10
424 428 10
424 429 10
424 433 10
424 435 10
424 436 10
424 438 10
424 441 10
424 450 10
424 458 10
424 465 10
424 482 10
424 486 10
424 488 10
424 489 10
424 490 10
424 491 10
424 493 10
424 494 10
424 496 10
424 504 10
424 507 10
424 510 10
424 511 10
424 513 10
424 516 10
424 521 10
424 523 10
424 525 10
424 526 10
424 527 10
424 528 10
424 536 10
424 539 10
424 548 10
424 558 10
424 566 10
424 569 10
424 570 10
424 574 10
424 576 10
424 577 10
424 587 10
424 592 10
424 595 10
424 596 10
424 598 10
424 603 10
424 609 10
424 610 10
424 611 10
424 614 10
424 622 10
424 625 10
424 627 10
424 633 10
424 638 10
425 423 10
425 426 10
425 428 10
425 429 10
425 430 10
425 431 10
425 433 10
425 436 10
425 441 10
425 442 10
425 443 10
425 444 10
425 449 10
425 464 10
425 465 10
425 466 10
425 470 10
425 483 10
425 484 10
425 487 10
425 490 10
425 491 10
425 493 10
425 495 10
425 497 10
425 508 10
425 510 10
425 519 10
425 521 10
425 524 10
425 525 10
425 526 10
425 530 10
425 531 10
425 534 10
425 537 10
425 540 10
425 563 10
425 569 10
425 575 10
425 576 10
425 578 10
425 587 10
425 590 10
425 592 10
425 593 10
425 598 10
425 599 10
425 600 10
425 601 10
425 613 10
425 619 10
425 620 10
425 625 10
425 626 10
425 636 10
426 422 10
426 423 10
426 424 10
426 431 10
426 433 10
426 435 10
426 438 10
426 441 10
426 444 10
426 446 10
426 447 10
426 450 10
426 468 10
426 485 10
426 488 10
426 492 10
426 494 10
426 496 10
426 507 10
426 509 10
426 522 10
426 523 10
426 527 10
426 531 10
426 536 10
426 549 10
426 563 10
426 564 10
426 569 10
426 571 10
426 572 10
426 573 10
426 575 10
426 577 10
426 588 10
426 589 10
426 597 10
426 601 10
426 603 10
426 604 10
426 609 10
426 615 10
426 619 10
426 624 10
427 417 10
427 420 10
427 423 10
427 426 10
427 427 10
427 430 10
427 431 10
427 432 10
427 437 10
427 441 10
427 442 10
427 443 10
427 444 10
427 460 10
427 461 10
427 479 10
427 482 10
427 485 10
427 487 10
427 488 10
427 489 10
427 490 10
427 492 10
427 493 10
427 494 10
427 500 10
427 501 10
427 502 10
427 509 10
427 517 10
427 520 10
427 521 10
427 523 10
427 524 10
427 526 10
427 528 10
427 532 10
427 536 10
427 538 10
427 555 10
427 557 10
427 558 10
427 565 10
427 567 10
427 568 10
427 569 10
427 570 10
427 571 10
427 572 10
427 573 10
427 574 10
427 575 10
427 590 10
427 598 10
427 608 10
427 612 10
427 613 10
427 615 10
427 619 10
427 624 10
427 627 10
427 629 10
427 632 10
427 633 10
427 635 10
428 421 10
428 422 10
428 424 10
428 426 10
428 427 10
428 436 10
428 438 10
428 439 10
428 441 10
428 442 10
428 446 10
428 449 10
428 456 10
428 461 10
428 462 10
428 463 10
428 465 10
428 476 10
428 478 10
428 482 10
428 484 10
428 487 10
428 488 10
428 489 10
428 490 10
428 491 10
428 492 10
428 495 10
428 498 10
428 499 10
428 506 10
428 512 10
428 515 10
428 519 10
428 521 10
428 524 10
428 525 10
428 526 10
428 530 10
428 533 10
428 538 10
428 559 10
428 562 10
428 566 10
428 567 10
428 569 10
428 570 10
428 571 10
428 573 10
428 574 10
428 578 10
428 580 10
428 588 10
428 589 10
428 591 10
428 600 10
428 601 10
428 602 10
428 603 10
428 607 10
428 608 10
428 609 10
428 610 10
428 613 10
428 615 10
428 623 10
428 633 10
429 419 10
429 422 10
429 425 10
429 426 10
429 431 10
429 432 10
429 433 10
429 435 10
429 445 10
429 451 10
429 454 10
429 455 10
429 456 10
429 457 10
429 459 10
429 460 10
429 461 10
429 464 10
429 466 10
429 478 10
429 479 10
429 480 10
429 481 10
429 483 10
429 484 10
429 486 10
429 489 10
429 490 10
429 492 10
429 493 10
429 498 10
429 500 10
429 502 10
429 508 10
429 509 10
429 511 10
429 515 10
429 516 10
429 517 10
429 518 10
429 521 10
429 523 10
429 528 10
429 535 10
429 536 10
429 537 10
429 538 10
429 539 10
429 555 10
429 558 10
429 562 10
429 564 10
429 567 10
429 568 10
429 572 10
429 574 10
429 576 10
429 579 10
429 580 10
429 588 10
429 593 10
429 594 10
429 595 10
429 599 10
429 603 10
429 604 10
429 606 10
429 608 10
429 612 10
429 614 10
429 617 10
429 621 10
429 639 10
430 422 10
430 423 10
430 424 10
430 431 10
430 433 10
430 435 10
430 449 10
430 454 10
430 455 10
430 461 10
430 470 10
430 472 10
430 473 10
430 480 10
430 482 10
430 484 10
430 485 10
430 486 10
430 487 10
430 489 10
430 491 10
430 492 10
430 496 10
430 497 10
430 499 10
430 502 10
430 503 10
430 504 10
430 505 10
430 506 10
430 507 10
430 508 10
430 509 10
430 516 10
430 521 10
430 522 10
430 523 10
430 533 10
430 535 10
430 537 10
430 539 10
430 544 10
430 548 10
430 559 10
430 561 10
430 565 10
430 566 10
430 567 10
430 568 10
430 569 10
430 571 10
430 574 10
430 575 10
430 578 10
430 581 10
430 584 10
430 597 10
430 599 10
430 604 10
430 606 10
430 613 10
430 615 10
430 617 10
430 619 10
430 620 10
430 626 10
430 627 10
430 637 10
430 639 10
431 423 10
431 428 10
431 431 10
431 434 10
431 435 10
431 443 10
431 447 10
431 448 10
431 450 10
431 453 10
431 455 10
431 458 10
431 460 10
431 462 10
431 463 10
431 465 10
431 474 10
431 476 10
431 479 10
431 480 10
431 482 10
431 483 10
431 484 10
431 485 10
431 486 10
431 488 10
431 489 10
431 491 10
431 493 10
431 496 10
431 497 10
431 498 10
431 499 10
431 500 10
431 501 10
431 505 10
431 506 10
431 509 10
431 511 10
431 514 10
431 516 10
431 518 10
431 521 10
431 522 10
431 527 10
431 528 10
431 531 10
431 534 10
431 537 10
431 544 10
431 547 10
431 549 10
431 557 10
431 560 10
431 561 10
431 563 10
431 566 10
431 567 10
431 568 10
431 569 10
431 570 10
431 571 10
431 572 10
431 573 10
431 574 10
431 576 10
431 578 10
431 579 10
431 580 10
431 582 10
431 584 10
431 589 10
431 591 10
431 593 10
431 594 10
431 595 10
431 596 10
431 598 10
431 599 10
431 601 10
431 602 10
431 604 10
431 606 10
431 617 10
431 621 10
431 622 10
432 415 10
432 416 10
432 417 10
432 419 10
432 421 10
432 429 10
432 432 10
432 434 10
432 435 10
432 436 10
432 437 10
432 443 10
432 445 10
432 451 10
432 452 10
432 454 10
432 456 10
432 457 10
432 458 10
432 459 10
432 461 10
432 463 10
432 468 10
432 474 10
432 477 10
432 478 10
432 482 10
432 484 10
432 485 10
432 486 10
432 487 10
432 488 10
432 492 10
432 496 10
432 497 10
432 498 10
432 500 10
432 503 10
432 504 10
432 506 10
432 507 10
432 509 10
432 527 10
432 529 10
432 531 10
432 534 10
432 535 10
432 541 10
432 546 10
432 548 10
432 549 10
432 556 10
432 558 10
432 559 10
432 563 10
432 564 10
432 566 10
432 568 10
432 569 10
432 570 10
432 571 10
432 574 10
432 578 10
432 580 10
432 588 10
432 589 10
432 591 10
432 595 10
432 602 10
432 605 10
432 615 10
432 617 10
432 618 10
432 620 10
432 621 10
432 650 10
432 654 10
432 658 10
433 416 10
433 418 10
433 430 10
433 432 10
433 433 10
433 434 10
433 436 10
433 437 10
433 438 10
433 441 10
433 443 10
433 444 10
433 445 10
433 447 10
433 448 10
433 451 10
433 455 10
433 456 10
433 457 10
433 460 10
433 462 10
433 464 10
433 473 10
433 478 10
433 480 10
433 482 10
433 483 10
433 484 10
433 486 10
433 492 10
433 493 10
433 495 10
433 497 10
433 499 10
433 500 10
433 506 10
433 507 10
433 508 10
433 511 10
433 512 10
433 513 10
433 514 10
433 519 10
433 520 10
433 529 10
433 533 10
433 538 10
433 544 10
433 551 10
433 561 10
433 562 10
433 564 10
433 565 10
433 567 10
433 568 10
433 569 10
433 571 10
433 572 10
433 577 10
433 579 10
433 580 10
433 583 10
433 584 10
433 588 10
433 590 10
433 591 10
433 593 10
433 598 10
433 602 10
433 605 10
433 607 10
433 610 10
433 615 10
433 617 10
433 618 10
433 620 10
433 621 10
433 623 10
433 629 10
433 652 10
433 655 10
434 417 10
434 422 10
434 423 10
434 425 10
434 427 10
434 436 10
434 437 10
434 441 10
434 450 10
434 451 10
434 452 10
434 454 10
434 455 10
434 456 10
434 459 10
434 461 10
434 464 10
434 465 10
434 475 10
434 476 10
434 477 10
434 479 10
434 480 10
434 482 10
434 483 10
434 486 10
434 489 10
434 496 10
434 497 10
434 498 10
434 499 10
434 519 10
434 520 10
434 522 10
434 523 10
434 525 10
434 526 10
434 528 10
434 531 10
434 545 10
434 546 10
434 547 10
434 548 10
434 549 10
434 555 10
434 561 10
434 563 10
434 569 10
434 574 10
434 575 10
434 577 10
434 582 10
434 585 10
434 587 10
434 588 10
434 589 10
434 591 10
434 600 10
434 601 10
434 606 10
434 613 10
434 615 10
434 616 10
434 621 10
434 626 10
434 629 10
434 650 10
434 652 10
434 653 10
435 420 10
435 425 10
435 426 10
435 429 10
435 430 10
435 433 10
435 434 10
435 435 10
435 438 10
435 439 10
435 440 10
435 442 10
435 444 10
435 449 10
435 451 10
435 452 10
435 453 10
435 454 10
435 455 10
435 456 10
435 457 10
435 458 10
435 459 10
435 461 10
435 462 10
435 464 10
435 471 10
435 473 10
435 474 10
435 478 10
435 479 10
435 480 10
435 481 10
435 482 10
435 483 10
435 484 10
435 493 10
435 495 10
435 510 10
435 516 10
435 519 10
435 526 10
435 527 10
435 530 10
435 531 10
435 538 10
435 546 10
435 556 10
435 557 10
435 558 10
435 563 10
435 566 10
435 567 10
435 577 10
435 578 10
435 579 10
435 580 10
435 582 10
435 586 10
435 590 10
435 591 10
435 603 10
435 605 10
435 607 10
435 611 10
435 612 10
435 614 10
435 618 10
435 619 10
435 620 10
435 621 10
435 624 10
435 627 10
435 628 10
435 629 10
435 648 10
435 653 10
436 390 10
436 414 10
436 420 10
436 422 10
436 428 10
436 430 10
436 432 10
436 433 10
436 434 10
436 435 10
436 437 10
436 438 10
436 440 10
436 441 10
436 442 10
436 443 10
436 444 10
436 445 10
436 446 10
436 447 10
436 449 10
436 453 10
436 455 10
436 456 10
436 458 10
436 459 10
436 460 10
436 461 10
436 462 10
436 464 10
436 476 10
436 483 10
436 485 10
436 486 10
436 487 10
436 492 10
436 494 10
436 496 10
436 500 10
436 502 10
436 511 10
436 512 10
436 515 10
436 516 10
436 519 10
436 521 10
436 522 10
436 525 10
436 528 10
436 531 10
436 534 10
436 547 10
436 548 10
436 558 10
436 560 10
436 561 10
436 562 10
436 563 10
436 564 10
436 567 10
436 571 10
436 578 10
436 580 10
436 581 10
436 582 10
436 583 10
436 584 10
436 586 10
436 588 10
436 592 10
436 594 10
436 601 10
436 602 10
436 603 10
436 608 10
436 610 10
436 613 10
436 614 10
436 616 10
436 621 10
436 622 10
436 632 10
436 633 10
436 634 10
436 650 10
437 418 10
437 423 10
437 424 10
437 433 10
437 434 10
437 435 10
437 436 10
437 437 10
437 440 10
437 442 10
437 443 10
437 444 10
437 445 10
437 447 10
437 450 10
437 452 10
437 455 10
437 456 10
437 458 10
437 460 10
437 463 10
437 464 10
437 465 10
437 466 10
437 467 10
437 469 10
437 478 10
437 479 10
437 481 10
437 482 10
437 485 10
437 494 10
437 497 10
437 511 10
437 512 10
437 517 10
437 522 10
437 527 10
437 534 10
437 535 10
437 538 10
437 545 10
437 546 10
437 555 10
437 556 10
437 560 10
437 561 10
437 564 10
437 567 10
437 571 10
437 579 10
437 580 10
437 581 10
437 584 10
437 585 10
437 586 10
437 591 10
437 593 10
437 603 10
437 605 10
437 608 10
437 609 10
437 614 10
437 615 10
437 627 10
437 632 10
437 635 10
437 654 10
438 417 10
438 418 10
438 420 10
438 423 10
438 426 10
438 429 10
438 431 10
438 432 10
438 433 10
438 434 10
438 436 10
438 437 10
438 438 10
438 439 10
438 440 10
438 441 10
438 442 10
438 444 10
438 447 10
438 449 10
438 451 10
438 452 10
438 453 10
438 456 10
438 457 10
438 458 10
438 460 10
438 461 10
438 463 10
438 465 10
438 478 10
438 480 10
438 481 10
438 483 10
438 496 10
438 499 10
438 501 10
438 510 10
438 514 10
438 516 10
438 518 10
438 520 10
438 522 10
438 529 10
438 532 10
438 533 10
438 534 10
438 536 10
438 537 10
438 544 10
438 550 10
438 554 10
438 558 10
438 560 10
438 564 10
438 579 10
438 581 10
438 582 10
438 587 10
438 588 10
438 592 10
438 594 10
438 605 10
438 609 10
438 615 10
438 618 10
438 621 10
438 624 10
438 630 10
438 651 10
438 652 10
438 654 10
438 655 10
438 657 10
438 659 10
439 388 10
439 415 10
439 422 10
439 423 10
439 427 10
439 430 10
439 431 10
439 432 10
439 433 10
439 434 10
439 435 10
439 436 10
439 437 10
439 438 10
439 439 10
439 440 10
439 442 10
439 443 10
439 446 10
439 449 10
439 451 10
439 452 10
439 453 10
439 455 10
439 456 10
439 457 10
439 458 10
439 459 10
439 460 10
439 462 10
439 463 10
439 467 10
439 499 10
439 513 10
439 518 10
439 519 10
439 534 10
439 537 10
439 539 10
439 545 10
439 546 10
439 548 10
439 550 10
439 551 10
439 557 10
439 558 10
439 559 10
439 564 10
439 566 10
439 569 10
439 576 10
439 580 10
439 581 10
439 582 10
439 585 10
439 590 10
439 592 10
439 594 10
439 596 10
439 598 10
439 601 10
439 606 10
439 607 10
439 608 10
439 610 10
439 612 10
439 618 10
439 619 10
439 620 10
439 623 10
439 626 10
439 627 10
439 629 10
439 655 10
439 657 10
439 658 10
439 659 10
439 661 10
439 662 10
440 410 10
440 417 10
440 419 10
440 420 10
440 421 10
440 426 10
440 429 10
440 430 10
440 432 10
440 433 10
440 434 10
440 435 10
440 436 10
440 437 10
440 438 10
440 439 10
440 440 10
440 441 10
440 443 10
440 448 10
440 449 10
440 450 10
440 458 10
440 460 10
440 462 10
440 469 10
440 473 10
440 478 10
440 480 10
440 490 10
440 491 10
440 493 10
440 501 10
440 521 10
440 528 10
440 529 10
440 537 10
440 539 10
440 549 10
440 552 10
440 554 10
440 555 10
440 558 10
440 560 10
440 568 10
440 569 10
440 575 10
440 579 10
440 581 10
440 582 10
440 583 10
440 592 10
440 593 10
440 597 10
440 610 10
440 621 10
440 622 10
440 623 10
440 627 10
440 631 10
440 632 10
440 653 10
440 656 10
440 657 10
440 658 10
440 659 10
440 662 10
440 663 10
441 392 10
441 406 10
441 408 10
441 417 10
441 418 10
441 420 10
441 422 10
441 423 10
441 425 10
441 427 10
441 433 10
441 434 10
441 435 10
441 437 10
441 438 10
441 439 10
441 440 10
441 441 10
441 443 10
441 444 10
441 451 10
441 458 10
441 460 10
441 464 10
441 467 10
441 473 10
441 504 10
441 511 10
441 520 10
441 538 10
441 547 10
441 555 10
441 557 10
441 559 10
441 560 10
441 569 10
441 577 10
441 579 10
441 580 10
441 581 10
441 583 10
441 595 10
441 596 10
441 597 10
441 599 10
441 602 10
441 609 10
441 610 10
441 620 10
441 625 10
441 631 10
441 637 10
441 638 10
441 658 10
441 663 10
442 405 10
442 416 10
442 420 10
442 423 10
442 431 10
442 432 10
442 434 10
442 435 10
442 441 10
442 445 10
442 451 10
442 457 10
442 459 10
442 460 10
442 461 10
442 464 10
442 467 10
442 469 10
442 473 10
442 474 10
442 504 10
442 510 10
442 513 10
442 516 10
442 519 10
442 528 10
442 530 10
442 536 10
442 539 10
442 547 10
442 552 10
442 554 10
442 556 10
442 557 10
442 561 10
442 567 10
442 574 10
442 577 10
442 578 10
442 579 10
442 595 10
442 599 10
442 606 10
442 608 10
442 614 10
442 615 10
442 620 10
442 621 10
442 624 10
442 625 10
442 626 10
442 627 10
442 630 10
442 631 10
442 632 10
442 633 10
442 634 10
442 635 10
442 636 10
442 639 10
442 656 10
442 658 10
442 659 10
442 660 10
442 664 10
443 403 10
443 414 10
443 419 10
443 421 10
443 429 10
443 430 10
443 432 10
443 435 10
443 441 10
443 443 10
443 445 10
443 452 10
443 455 10
443 457 10
443 458 10
443 461 10
443 462 10
443 463 10
443 471 10
443 472 10
443 473 10
443 474 10
443 475 10
443 476 10
443 477 10
443 498 10
443 500 10
443 505 10
443 513 10
443 518 10
443 519 10
443 521 10
443 530 10
443 531 10
443 535 10
443 536 10
443 554 10
443 559 10
443 577 10
443 596 10
443 598 10
443 607 10
443 608 10
443 610 10
443 621 10
443 624 10
443 625 10
443 626 10
443 630 10
443 631 10
443 634 10
443 636 10
443 638 10
443 641 10
444 391 10
444 404 10
444 406 10
444 408 10
444 409 10
444 418 10
444 419 10
444 420 10
444 431 10
444 437 10
444 439 10
444 442 10
444 443 10
444 445 10
444 449 10
444 450 10
444 451 10
444 453 10
444 456 10
444 457 10
444 458 10
444 459 10
444 460 10
444 461 10
444 462 10
444 464 10
444 467 10
444 470 10
444 472 10
444 473 10
444 475 10
444 504 10
444 511 10
444 518 10
444 520 10
444 530 10
444 537 10
444 542 10
444 543 10
444 554 10
444 556 10
444 567 10
444 568 10
444 573 10
444 575 10
444 576 10
444 577 10
444 582 10
444 585 10
444 586 10
444 591 10
444 601 10
444 603 10
444 604 10
444 605 10
444 610 10
444 612 10
444 614 10
444 623 10
444 628 10
444 629 10
444 633 10
444 638 10
444 655 10
444 656 10
445 404 10
445 407 10
445 415 10
445 416 10
445 418 10
445 420 10
445 422 10
445 428 10
445 439 10
445 440 10
445 442 10
445 444 10
445 452 10
445 454 10
445 456 10
445 463 10
445 468 10
445 470 10
445 471 10
445 473 10
445 475 10
445 477 10
445 478 10
445 480 10
445 492 10
445 496 10
445 500 10
445 501 10
445 505 10
445 511 10
445 512 10
445 516 10
445 517 10
445 521 10
445 543 10
445 545 10
445 548 10
445 565 10
445 566 10
445 570 10
445 575 10
445 583 10
445 585 10
445 586 10
445 595 10
445 598 10
445 601 10
445 603 10
445 605 10
445 608 10
445 610 10
445 617 10
445 618 10
445 619 10
445 620 10
445 622 10
445 625 10
445 628 10
445 630 10
445 631 10
445 632 10
446 405 10
446 407 10
446 411 10
446 419 10
446 421 10
446 423 10
446 424 10
446 431 10
446 432 10
446 434 10
446 437 10
446 438 10
446 440 10
446 441 10
446 442 10
446 443 10
446 444 10
446 447 10
446 449 10
446 450 10
446 452 10
446 453 10
446 454 10
446 455 10
446 457 10
446 458 10
446 459 10
446 466 10
446 469 10
446 471 10
446 473 10
446 474 10
446 476 10
446 477 10
446 480 10
446 490 10
446 493 10
446 494 10
446 495 10
446 496 10
446 507 10
446 513 10
446 514 10
446 518 10
446 520 10
446 523 10
446 524 10
446 529 10
446 541 10
446 543 10
446 561 10
446 565 10
446 566 10
446 567 10
446 568 10
446 571 10
446 572 10
446 575 10
446 576 10
446 583 10
446 586 10
446 588 10
446 590 10
446 598 10
446 600 10
446 602 10
446 604 10
446 608 10
446 610 10
446 612 10
446 616 10
446 620 10
446 622 10
446 626 10
446 630 10
446 633 10
446 651 10
446 653 10
447 407 10
447 412 10
447 414 10
447 415 10
447 417 10
447 419 10
447 420 10
447 421 10
447 425 10
447 426 10
447 428 10
447 434 10
447 439 10
447 442 10
447 443 10
447 444 10
447 446 10
447 447 10
447 452 10
447 453 10
447 455 10
447 456 10
447 472 10
447 473 10
447 474 10
447 476 10
447 477 10
447 480 10
447 484 10
447 495 10
447 496 10
447 498 10
447 499 10
447 501 10
447 508 10
447 510 10
447 514 10
447 516 10
447 518 10
447 520 10
447 525 10
447 526 10
447 528 10
447 529 10
447 531 10
447 543 10
447 548 10
447 550 10
447 551 10
447 552 10
447 553 10
447 554 10
447 555 10
447 562 10
447 563 10
447 567 10
447 568 10
447 569 10
447 570 10
447 572 10
447 573 10
447 575 10
447 583 10
447 585 10
447 601 10
447 603 10
447 604 10
447 607 10
447 609 10
447 611 10
447 621 10
447 622 10
447 627 10
447 628 10
447 629 10
447 630 10
447 631 10
447 634 10
447 651 10
447 652 10
447 658 10
448 402 10
448 403 10
448 404 10
448 419 10
448 424 10
448 425 10
448 426 10
448 427 10
448 433 10
448 436 10
448 437 10
448 438 10
448 439 10
448 441 10
448 442 10
448 444 10
448 445 10
448 449 10
448 453 10
448 455 10
448 456 10
448 460 10
448 471 10
448 474 10
448 476 10
448 477 10
448 480 10
448 484 10
448 487 10
448 497 10
448 498 10
448 499 10
448 500 10
448 501 10
448 510 10
448 512 10
448 516 10
448 517 10
448 518 10
448 519 10
448 524 10
448 525 10
448 528 10
448 539 10
448 542 10
448 548 10
448 562 10
448 563 10
448 565 10
448 566 10
448 569 10
448 570 10
448 572 10
448 576 10
448 584 10
448 587 10
448 597 10
448 601 10
448 602 10
448 604 10
448 605 10
448 607 10
448 609 10
448 611 10
448 612 10
448 613 10
448 615 10
448 616 10
448 619 10
448 628 10
448 629 10
448 630 10
448 631 10
448 632 10
448 633 10
448 636 10
448 645 10
448 653 10
448 654 10
448 656 10
448 658 10
448 659 10
448 660 10
449 397 10
449 402 10
449 404 10
449 407 10
449 413 10
449 416 10
449 417 10
449 426 10
449 430 10
449 437 10
449 445 10
449 446 10
449 447 10
449 449 10
449 451 10
449 453 10
449 462 10
449 471 10
449 474 10
449 475 10
449 476 10
449 477 10
449 479 10
449 482 10
449 497 10
449 499 10
449 500 10
449 505 10
449 510 10
449 511 10
449 516 10
449 517 10
449 518 10
449 520 10
449 524 10
449 525 10
449 526 10
449 527 10
449 528 10
449 531 10
449 532 10
449 541 10
449 545 10
449 546 10
449 547 10
449 548 10
449 551 10
449 552 10
449 561 10
449 563 10
449 565 10
449 566 10
449 568 10
449 570 10
449 572 10
449 576 10
449 580 10
449 584 10
449 586 10
449 600 10
449 602 10
449 603 10
449 604 10
449 605 10
449 608 10
449 611 10
449 612 10
449 621 10
449 625 10
449 626 10
449 629 10
449 631 10
449 632 10
449 636 10
449 638 10
449 658 10
449 659 10
450 403 10
450 405 10
450 407 10
450 408 10
450 418 10
450 427 10
450 428 10
450 429 10
450 430 10
450 431 10
450 437 10
450 439 10
450 441 10
450 442 10
450 444 10
450 446 10
450 448 10
450 449 10
450 450 10
450 456 10
450 458 10
450 462 10
450 463 10
450 464 10
450 465 10
450 466 10
450 468 10
450 469 10
450 470 10
450 473 10
450 474 10
450 476 10
450 477 10
450 478 10
450 479 10
450 483 10
450 484 10
450 485 10
450 486 10
450 488 10
450 493 10
450 495 10
450 497 10
450 507 10
450 509 10
450 510 10
450 512 10
450 513 10
450 515 10
450 517 10
450 519 10
450 520 10
450 522 10
450 527 10
450 528 10
450 531 10
450 532 10
450 534 10
450 538 10
450 539 10
450 544 10
450 545 10
450 546 10
450 547 10
450 550 10
450 555 10
450 562 10
450 563 10
450 564 10
450 569 10
450 570 10
450 573 10
450 574 10
450 578 10
450 584 10
450 585 10
450 597 10
450 600 10
450 602 10
450 605 10
450 606 10
450 608 10
450 611 10
450 612 10
450 613 10
450 615 10
450 616 10
450 618 10
450 619 10
450 623 10
450 642 10
450 644 10
450 645 10
450 647 10
450 655 10
450 656 10
450 657 10
450 658 10
451 398 10
451 402 10
451 418 10
451 421 10
451 424 10
451 425 10
451 427 10
451 440 10
451 444 10
451 446 10
451 447 10
451 450 10
451 452 10
451 464 10
451 466 10
451 468 10
451 471 10
451 472 10
451 473 10
451 476 10
451 478 10
451 479 10
451 483 10
451 484 10
451 485 10
451 486 10
451 488 10
451 493 10
451 496 10
451 497 10
451 502 10
451 504 10
451 508 10
451 511 10
451 512 10
451 513 10
451 516 10
451 518 10
451 520 10
451 522 10
451 524 10
451 525 10
451 527 10
451 529 10
451 532 10
451 544 10
451 545 10
451 546 10
451 547 10
451 548 10
451 549 10
451 551 10
451 553 10
451 554 10
451 556 10
451 557 10
451 558 10
451 559 10
451 563 10
451 564 10
451 566 10
451 570 10
451 571 10
451 578 10
451 583 10
451 585 10
451 586 10
451 587 10
451 595 10
451 596 10
451 597 10
451 599 10
451 601 10
451 603 10
451 606 10
451 607 10
451 610 10
451 613 10
451 619 10
451 621 10
451 634 10
451 643 10
451 644 10
451 645 10
451 646 10
451 649 10
452 397 10
452 402 10
452 403 10
452 405 10
452 406 10
452 407 10
452 411 10
452 414 10
452 419 10
452 421 10
452 422 10
452 423 10
452 425 10
452 428 10
452 438 10
452 439 10
452 440 10
452 442 10
452 444 10
452 446 10
452 448 10
452 449 10
452 454 10
452 457 10
452 458 10
452 463 10
452 467 10
452 473 10
452 475 10
452 476 10
452 477 10
452 480 10
452 482 10
452 483 10
452 484 10
452 490 10
452 493 10
452 494 10
452 495 10
452 496 10
452 505 10
452 506 10
452 509 10
452 512 10
452 513 10
452 514 10
452 516 10
452 520 10
452 522 10
452 524 10
452 525 10
452 527 10
452 530 10
452 531 10
452 539 10
452 547 10
452 548 10
452 549 10
452 552 10
452 553 10
452 559 10
452 562 10
452 564 10
452 566 10
452 568 10
452 569 10
452 570 10
452 572 10
452 579 10
452 580 10
452 583 10
452 584 10
452 589 10
452 592 10
452 595 10
452 598 10
452 599 10
452 603 10
452 604 10
452 612 10
452 615 10
452 619 10
452 620 10
452 622 10
452 625 10
452 626 10
452 627 10
452 629 10
452 630 10
452 632 10
452 633 10
452 640 10
452 641 10
452 645 10
452 647 10
452 648 10
452 651 10
452 653 10
452 656 10
452 658 10
453 401 10
453 402 10
453 403 10
453 408 10
453 411 10
453 413 10
453 417 10
453 418 10
453 419 10
453 420 10
453 421 10
453 424 10
453 436 10
453 441 10
453 442 10
453 444 10
453 448 10
453 451 10
453 455 10
453 457 10
453 459 10
453 462 10
453 463 10
453 465 10
453 468 10
453 469 10
453 472 10
453 479 10
453 481 10
453 487 10
453 488 10
453 493 10
453 494 10
453 505 10
453 507 10
453 508 10
453 510 10
453 512 10
453 513 10
453 514 10
453 515 10
453 517 10
453 519 10
453 520 10
453 521 10
453 522 10
453 524 10
453 527 10
453 531 10
453 544 10
453 547 10
453 548 10
453 550 10
453 553 10
453 559 10
453 560 10
453 568 10
453 570 10
453 575 10
453 576 10
453 578 10
453 582 10
453 584 10
453 585 10
453 586 10
453 587 10
453 595 10
453 596 10
453 598 10
453 600 10
453 602 10
453 605 10
453 609 10
453 611 10
453 612 10
453 613 10
453 615 10
453 618 10
453 620 10
453 621 10
453 622 10
453 624 10
453 625 10
453 628 10
453 642 10
453 647 10
453 650 10
453 656 10
454 407 10
454 408 10
454 411 10
454 412 10
454 413 10
454 414 10
454 415 10
454 420 10
454 421 10
454 424 10
454 432 10
454 435 10
454 442 10
454 448 10
454 449 10
454 450 10
454 451 10
454 452 10
454 453 10
454 457 10
454 458 10
454 459 10
454 464 10
454 469 10
454 471 10
454 478 10
454 479 10
454 480 10
454 484 10
454 485 10
454 490 10
454 502 10
454 505 10
454 506 10
454 509 10
454 510 10
454 512 10
454 515 10
454 516 10
454 522 10
454 523 10
454 530 10
454 534 10
454 539 10
454 541 10
454 546 10
454 551 10
454 556 10
454 564 10
454 567 10
454 568 10
454 569 10
454 573 10
454 577 10
454 580 10
454 584 10
454 585 10
454 587 10
454 588 10
454 589 10
454 590 10
454 596 10
454 597 10
454 598 10
454 599 10
454 600 10
454 602 10
454 607 10
454 613 10
454 614 10
454 616 10
454 618 10
454 619 10
454 620 10
454 621 10
454 625 10
454 631 10
454 640 10
454 645 10
454 646 10
454 647 10
455 402 10
455 409 10
455 411 10
455 412 10
455 413 10
455 415 10
455 417 10
455 418 10
455 419 10
455 420 10
455 421 10
455 422 10
455 424 10
455 434 10
455 436 10
455 444 10
455 446 10
455 448 10
455 450 10
455 451 10
455 452 10
455 454 10
455 456 10
455 461 10
455 462 10
455 466 10
455 469 10
455 471 10
455 472 10
455 473 10
455 474 10
455 475 10
455 478 10
455 479 10
455 480 10
455 482 10
455 483 10
455 487 10
455 491 10
455 493 10
455 494 10
455 508 10
455 509 10
455 511 10
455 514 10
455 517 10
455 518 10
455 520 10
455 533 10
455 539 10
455 545 10
455 549 10
455 551 10
455 555 10
455 564 10
455 568 10
455 569 10
455 570 10
455 571 10
455 575 10
455 576 10
455 577 10
455 578 10
455 582 10
455 583 10
455 584 10
455 585 10
455 586 10
455 588 10
455 589 10
455 590 10
455 591 10
455 592 10
455 598 10
455 599 10
455 600 10
455 601 10
455 603 10
455 604 10
455 610 10
455 611 10
455 614 10
455 617 10
455 618 10
455 624 10
455 627 10
455 628 10
455 629 10
455 632 10
455 633 10
455 643 10
455 646 10
455 648 10
456 407 10
456 409 10
456 411 10
456 415 10
456 417 10
456 419 10
456 422 10
456 423 10
456 424 10
456 426 10
456 427 10
456 433 10
456 437 10
456 438 10
456 441 10
456 444 10
456 446 10
456 448 10
456 451 10
456 453 10
456 455 10
456 456 10
456 457 10
456 460 10
456 467 10
456 477 10
456 478 10
456 479 10
456 480 10
456 484 10
456 505 10
456 506 10
456 507 10
456 509 10
456 510 10
456 512 10
456 514 10
456 515 10
456 516 10
456 517 10
456 518 10
456 519 10
456 520 10
456 521 10
456 532 10
456 533 10
456 541 10
456 542 10
456 544 10
456 547 10
456 549 10
456 552 10
456 557 10
456 560 10
456 561 10
456 562 10
456 563 10
456 564 10
456 566 10
456 567 10
456 577 10
456 579 10
456 580 10
456 583 10
456 585 10
456 589 10
456 592 10
456 595 10
456 599 10
456 600 10
456 601 10
456 602 10
456 609 10
456 610 10
456 612 10
456 615 10
456 617 10
456 620 10
456 621 10
456 623 10
456 624 10
456 625 10
456 626 10
456 629 10
456 631 10
456 632 10
456 637 10
456 638 10
456 641 10
456 644 10
456 647 10
456 650 10
456 651 10
457 406 10
457 407 10
457 410 10
457 411 10
457 412 10
457 415 10
457 419 10
457 423 10
457 424 10
457 437 10
457 438 10
457 441 10
457 444 10
457 445 10
457 450 10
457 452 10
457 453 10
457 454 10
457 455 10
457 460 10
457 461 10
457 462 10
457 466 10
457 467 10
457 468 10
457 469 10
457 471 10
457 472 10
457 473 10
457 475 10
457 476 10
457 477 10
457 478 10
457 479 10
457 480 10
457 485 10
457 486 10
457 490 10
457 491 10
457 493 10
457 496 10
457 508 10
457 509 10
457 511 10
457 513 10
457 515 10
457 516 10
457 517 10
457 518 10
457 519 10
457 520 10
457 522 10
457 523 10
457 529 10
457 531 10
457 534 10
457 538 10
457 541 10
457 544 10
457 546 10
457 547 10
457 549 10
457 550 10
457 558 10
457 560 10
457 561 10
457 564 10
457 568 10
457 569 10
457 571 10
457 574 10
457 579 10
457 581 10
457 585 10
457 586 10
457 587 10
457 588 10
457 589 10
457 590 10
457 592 10
457 594 10
457 596 10
457 599 10
457 606 10
457 609 10
457 610 10
457 612 10
457 613 10
457 614 10
457 615 10
457 616 10
457 618 10
457 620 10
457 622 10
457 625 10
457 626 10
457 628 10
457 629 10
457 633 10
457 635 10
457 638 10
457 639 10
457 643 10
457 644 10
458 409 10
458 410 10
458 413 10
458 414 10
458 416 10
458 421 10
458 424 10
458 428 10
458 430 10
458 431 10
458 432 10
458 433 10
458 435 10
458 436 10
458 438 10
458 439 10
458 440 10
458 441 10
458 444 10
458 449 10
458 452 10
458 460 10
458 467 10
458 468 10
458 469 10
458 471 10
458 474 10
458 475 10
458 476 10
458 478 10
458 479 10
458 483 10
458 493 10
458 496 10
458 505 10
458 507 10
458 508 10
458 509 10
458 510 10
458 511 10
458 513 10
458 514 10
458 515 10
458 517 10
458 519 10
458 521 10
458 522 10
458 526 10
458 530 10
458 531 10
458 535 10
458 538 10
458 541 10
458 544 10
458 547 10
458 548 10
458 549 10
458 550 10
458 553 10
458 555 10
458 556 10
458 559 10
458 560 10
458 562 10
458 563 10
458 564 10
458 566 10
458 567 10
458 568 10
458 573 10
458 584 10
458 588 10
458 592 10
458 594 10
458 596 10
458 597 10
458 600 10
458 601 10
458 602 10
458 605 10
458 611 10
458 612 10
458 614 10
458 617 10
458 618 10
458 620 10
458 621 10
458 622 10
458 623 10
458 626 10
458 627 10
458 628 10
458 632 10
458 634 10
458 635 10
458 638 10
458 645 10
458 647 10
458 650 10
458 651 10
459 400 10
459 405 10
459 407 10
459 412 10
459 415 10
459 418 10
459 421 10
459 423 10
459 424 10
459 425 10
459 429 10
459 432 10
459 436 10
459 437 10
459 438 10
459 440 10
459 442 10
459 453 10
459 462 10
459 463 10
459 464 10
459 468 10
459 471 10
459 475 10
459 478 10
459 479 10
459 483 10
459 485 10
459 488 10
459 491 10
459 493 10
459 498 10
459 499 10
459 500 10
459 501 10
459 507 10
459 508 10
459 509 10
459 510 10
459 513 10
459 514 10
459 515 10
459 517 10
459 519 10
459 520 10
459 521 10
459 522 10
459 523 10
459 524 10
459 532 10
459 533 10
459 534 10
459 541 10
459 542 10
459 544 10
459 545 10
459 546 10
459 551 10
459 552 10
459 555 10
459 557 10
459 560 10
459 563 10
459 566 10
459 568 10
459 572 10
459 582 10
459 584 10
459 585 10
459 588 10
459 589 10
459 591 10
459 592 10
459 593 10
459 600 10
459 607 10
459 608 10
459 609 10
459 610 10
459 611 10
459 612 10
459 613 10
459 614 10
459 615 10
459 616 10
459 618 10
459 619 10
459 620 10
459 629 10
459 632 10
459 638 10
459 640 10
459 644 10
459 646 10
459 647 10
459 650 10
460 402 10
460 404 10
460 406 10
460 407 10
460 408 10
460 415 10
460 419 10
460 420 10
460 421 10
460 422 10
460 425 10
460 428 10
460 431 10
460 438 10
460 444 10
460 449 10
460 450 10
460 452 10
460 453 10
460 454 10
460 455 10
460 457 10
460 461 10
460 462 10
460 463 10
460 464 10
460 466 10
460 467 10
460 474 10
460 475 10
460 476 10
460 477 10
460 478 10
460 480 10
460 481 10
460 483 10
460 484 10
460 489 10
460 491 10
460 493 10
460 496 10
460 497 10
460 498 10
460 503 10
460 508 10
460 510 10
460 511 10
460 512 10
460 513 10
460 514 10
460 515 10
460 516 10
460 517 10
460 518 10
460 519 10
460 521 10
460 523 10
460 525 10
460 533 10
460 538 10
460 539 10
460 540 10
460 542 10
460 548 10
460 549 10
460 552 10
460 554 10
460 557 10
460 558 10
460 559 10
460 561 10
460 562 10
460 566 10
460 567 10
460 568 10
460 569 10
460 570 10
460 571 10
460 572 10
460 575 10
460 579 10
460 584 10
460 586 10
460 588 10
460 590 10
460 592 10
460 594 10
460 597 10
460 598 10
460 599 10
460 600 10
460 603 10
460 605 10
460 606 10
460 608 10
460 613 10
460 614 10
460 616 10
460 617 10
460 622 10
460 633 10
460 634 10
460 636 10
460 637 10
460 639 10
460 647 10
460 648 10
460 649 10
460 650 10
460 651 10
461 400 10
461 405 10
461 407 10
461 413 10
461 419 10
461 421 10
461 422 10
461 427 10
461 431 10
461 433 10
461 435 10
461 437 10
461 441 10
461 442 10
461 452 10
461 454 10
461 455 10
461 456 10
461 460 10
461 463 10
461 465 10
461 468 10
461 471 10
461 472 10
461 474 10
461 475 10
461 476 10
461 477 10
461 478 10
461 480 10
461 482 10
461 485 10
461 486 10
461 487 10
461 488 10
461 489 10
461 494 10
461 495 10
461 498 10
461 501 10
461 502 10
461 504 10
461 506 10
461 507 10
461 509 10
461 511 10
461 512 10
461 515 10
461 516 10
461 521 10
461 523 10
461 528 10
461 534 10
461 535 10
461 539 10
461 540 10
461 542 10
461 543 10
461 546 10
461 549 10
461 551 10
461 555 10
461 556 10
461 559 10
461 561 10
461 564 10
461 566 10
461 567 10
461 569 10
461 574 10
461 576 10
461 578 10
461 580 10
461 585 10
461 586 10
461 587 10
461 588 10
461 589 10
461 591 10
461 593 10
461 595 10
461 596 10
461 598 10
461 599 10
461 601 10
461 603 10
461 605 10
461 608 10
461 609 10
461 611 10
461 612 10
461 613 10
461 619 10
461 623 10
461 625 10
461 634 10
461 640 10
461 641 10
461 647 10
462 395 10
462 397 10
462 398 10
462 401 10
462 402 10
462 407 10
462 408 10
462 419 10
462 420 10
462 425 10
462 430 10
462 435 10
462 441 10
462 442 10
462 443 10
462 444 10
462 448 10
462 449 10
462 451 10
462 452 10
462 454 10
462 459 10
462 461 10
462 462 10
462 463 10
462 464 10
462 466 10
462 467 10
462 473 10
462 475 10
462 478 10
462 479 10
462 482 10
462 483 10
462 484 10
462 488 10
462 489 10
462 490 10
462 491 10
462 493 10
462 497 10
462 498 10
462 500 10
462 503 10
462 504 10
462 505 10
462 509 10
462 510 10
462 511 10
462 513 10
462 515 10
462 517 10
462 518 10
462 519 10
462 520 10
462 524 10
462 527 10
462 535 10
462 537 10
462 542 10
462 544 10
462 545 10
462 546 10
462 547 10
462 552 10
462 560 10
462 561 10
462 562 10
462 564 10
462 568 10
462 569 10
462 570 10
462 572 10
462 574 10
462 586 10
462 587 10
462 590 10
462 592 10
462 594 10
462 596 10
462 600 10
462 603 10
462 610 10
462 614 10
462 635 10
462 636 10
462 638 10
462 640 10
462 644 10
463 394 10
463 395 10
463 400 10
463 409 10
463 417 10
463 418 10
463 421 10
463 422 10
463 424 10
463 427 10
463 434 10
463 435 10
463 437 10
463 438 10
463 440 10
463 441 10
463 444 10
463 454 10
463 455 10
463 466 10
463 473 10
463 474 10
463 476 10
463 477 10
463 478 10
463 481 10
463 482 10
463 484 10
463 486 10
463 487 10
463 488 10
463 490 10
463 491 10
463 492 10
463 493 10
463 494 10
463 495 10
463 498 10
463 499 10
463 501 10
463 511 10
463 512 10
463 513 10
463 516 10
463 517 10
463 520 10
463 521 10
463 525 10
463 527 10
463 528 10
463 531 10
463 532 10
463 535 10
463 537 10
463 539 10
463 540 10
463 541 10
463 543 10
463 544 10
463 545 10
463 547 10
463 548 10
463 552 10
463 559 10
463 562 10
463 564 10
463 565 10
463 567 10
463 568 10
463 569 10
463 572 10
463 573 10
463 577 10
463 582 10
463 583 10
463 584 10
463 585 10
463 589 10
463 590 10
463 591 10
463 592 10
463 593 10
463 596 10
463 598 10
463 601 10
463 603 10
463 605 10
463 607 10
463 611 10
463 612 10
463 614 10
463 620 10
463 631 10
463 636 10
463 639 10
463 646 10
464 397 10
464 399 10
464 401 10
464 402 10
464 410 10
464 421 10
464 425 10
464 426 10
464 429 10
464 430 10
464 434 10
464 436 10
464 437 10
464 438 10
464 439 10
464 440 10
464 441 10
464 443 10
464 445 10
464 447 10
464 448 10
464 450 10
464 451 10
464 452 10
464 453 10
464 461 10
464 466 10
464 468 10
464 473 10
464 476 10
464 477 10
464 478 10
464 479 10
464 480 10
464 484 10
464 488 10
464 495 10
464 501 10
464 504 10
464 508 10
464 511 10
464 516 10
464 518 10
464 519 10
464 522 10
464 523 10
464 525 10
464 528 10
464 529 10
464 531 10
464 533 10
464 537 10
464 539 10
464 541 10
464 542 10
464 543 10
464 544 10
464 546 10
464 547 10
464 548 10
464 549 10
464 551 10
464 557 10
464 561 10
464 562 10
464 563 10
464 565 10
464 566 10
464 567 10
464 569 10
464 570 10
464 571 10
464 575 10
464 576 10
464 577 10
464 579 10
464 581 10
464 583 10
464 584 10
464 585 10
464 588 10
464 589 10
464 590 10
464 591 10
464 593 10
464 594 10
464 595 10
464 596 10
464 597 10
464 598 10
464 602 10
464 607 10
464 615 10
464 630 10
464 635 10
464 636 10
464 637 10
464 638 10
464 639 10
464 641 10
464 642 10
464 644 10
465 393 10
465 394 10
465 395 10
465 396 10
465 398 10
465 400 10
465 410 10
465 418 10
465 421 10
465 426 10
465 427 10
465 428 10
465 430 10
465 432 10
465 433 10
465 434 10
465 435 10
465 437 10
465 439 10
465 447 10
465 448 10
465 449 10
465 450 10
465 455 10
465 459 10
465 465 10
465 468 10
465 473 10
465 476 10
465 478 10
465 480 10
465 481 10
465 483 10
465 485 10
465 490 10
465 493 10
465 495 10
465 496 10
465 497 10
465 498 10
465 502 10
465 503 10
465 505 10
465 519 10
465 524 10
465 526 10
465 527 10
465 528 10
465 529 10
465 534 10
465 535 10
465 541 10
465 545 10
465 546 10
465 547 10
465 548 10
465 549 10
465 558 10
465 565 10
465 567 10
465 568 10
465 569 10
465 570 10
465 572 10
465 574 10
465 581 10
465 584 10
465 586 10
465 587 10
465 588 10
465 589 10
465 593 10
465 594 10
465 596 10
465 598 10
465 599 10
465 603 10
465 605 10
465 610 10
465 612 10
465 613 10
465 614 10
465 615 10
465 619 10
465 636 10
465 641 10
465 646 10
466 393 10
466 395 10
466 398 10
466 399 10
466 411 10
466 413 10
466 414 10
466 417 10
466 418 10
466 419 10
466 420 10
466 424 10
466 425 10
466 426 10
466 427 10
466 428 10
466 429 10
466 436 10
466 439 10
466 446 10
466 447 10
466 448 10
466 449 10
466 451 10
466 455 10
466 456 10
466 463 10
466 469 10
466 474 10
466 475 10
466 477 10
466 480 10
466 482 10
466 492 10
466 493 10
466 494 10
466 496 10
466 497 10
466 499 10
466 503 10
466 505 10
466 507 10
466 508 10
466 509 10
466 510 10
466 514 10
466 517 10
466 521 10
466 523 10
466 527 10
466 529 10
466 530 10
466 531 10
466 534 10
466 541 10
466 542 10
466 543 10
466 545 10
466 547 10
466 551 10
466 554 10
466 556 10
466 557 10
466 559 10
466 561 10
466 562 10
466 563 10
466 567 10
466 568 10
466 569 10
466 570 10
466 571 10
466 572 10
466 578 10
466 580 10
466 582 10
466 583 10
466 585 10
466 586 10
466 587 10
466 590 10
466 591 10
466 593 10
466 602 10
466 604 10
466 606 10
466 612 10
466 615 10
466 620 10
466 637 10
466 639 10
466 641 10
466 643 10
466 644 10
467 395 10
467 396 10
467 397 10
467 399 10
467 401 10
467 406 10
467 407 10
467 410 10
467 411 10
467 415 10
467 427 10
467 428 10
467 432 10
467 436 10
467 441 10
467 450 10
467 453 10
467 454 10
467 455 10
467 457 10
467 458 10
467 463 10
467 471 10
467 472 10
467 473 10
467 475 10
467 476 10
467 478 10
467 479 10
467 480 10
467 481 10
467 482 10
467 483 10
467 492 10
467 494 10
467 496 10
467 498 10
467 501 10
467 507 10
467 510 10
467 511 10
467 516 10
467 520 10
467 522 10
467 533 10
467 535 10
467 540 10
467 541 10
467 542 10
467 543 10
467 545 10
467 548 10
467 550 10
467 551 10
467 552 10
467 555 10
467 556 10
467 557 10
467 560 10
467 565 10
467 566 10
467 568 10
467 569 10
467 571 10
467 574 10
467 581 10
467 582 10
467 583 10
467 584 10
467 586 10
467 587 10
467 588 10
467 589 10
467 590 10
467 591 10
467 592 10
467 594 10
467 599 10
467 603 10
467 604 10
467 606 10
467 609 10
467 612 10
467 615 10
467 620 10
467 636 10
467 638 10
467 639 10
467 640 10
468 382 10
468 393 10
468 394 10
468 396 10
468 397 10
468 398 10
468 400 10
468 401 10
468 402 10
468 406 10
468 407 10
468 412 10
468 413 10
468 417 10
468 418 10
468 419 10
468 421 10
468 423 10
468 428 10
468 429 10
468 430 10
468 435 10
468 437 10
468 438 10
468 439 10
468 440 10
468 441 10
468 446 10
468 448 10
468 452 10
468 456 10
468 465 10
468 467 10
468 470 10
468 471 10
468 472 10
468 474 10
468 475 10
468 476 10
468 477 10
468 481 10
468 482 10
468 483 10
468 486 10
468 492 10
468 493 10
468 496 10
468 501 10
468 503 10
468 504 10
468 505 10
468 506 10
468 508 10
468 511 10
468 512 10
468 519 10
468 528 10
468 530 10
468 537 10
468 540 10
468 541 10
468 542 10
468 543 10
468 551 10
468 553 10
468 555 10
468 556 10
468 558 10
468 560 10
468 561 10
468 562 10
468 563 10
468 567 10
468 568 10
468 570 10
468 571 10
468 572 10
468 580 10
468 588 10
468 589 10
468 590 10
468 593 10
468 594 10
468 600 10
468 603 10
468 606 10
468 612 10
468 614 10
468 615 10
468 616 10
468 617 10
468 624 10
468 640 10
468 642 10
469 382 10
469 384 10
469 400 10
469 402 10
469 415 10
469 416 10
469 419 10
469 420 10
469 422 10
469 427 10
469 428 10
469 430 10
469 432 10
469 433 10
469 435 10
469 438 10
469 439 10
469 441 10
469 452 10
469 454 10
469 456 10
469 457 10
469 458 10
469 459 10
469 462 10
469 464 10
469 466 10
469 468 10
469 470 10
469 472 10
469 474 10
469 478 10
469 480 10
469 497 10
469 504 10
469 509 10
469 511 10
469 513 10
469 521 10
469 523 10
469 530 10
469 531 10
469 533 10
469 537 10
469 540 10
469 541 10
469 543 10
469 546 10
469 547 10
469 548 10
469 550 10
469 552 10
469 554 10
469 555 10
469 557 10
469 558 10
469 559 10
469 561 10
469 565 10
469 566 10
469 568 10
469 569 10
469 570 10
469 571 10
469 572 10
469 575 10
469 578 10
469 580 10
469 581 10
469 584 10
469 586 10
469 588 10
469 592 10
469 596 10
469 602 10
469 607 10
469 615 10
469 617 10
469 627 10
469 637 10
469 639 10
469 640 10
470 382 10
470 384 10
470 385 10
470 386 10
470 396 10
470 397 10
470 399 10
470 401 10
470 402 10
470 403 10
470 404 10
470 406 10
470 412 10
470 417 10
470 419 10
470 420 10
470 421 10
470 422 10
470 423 10
470 424 10
470 432 10
470 434 10
470 440 10
470 441 10
470 448 10
470 450 10
470 451 10
470 452 10
470 456 10
470 457 10
470 461 10
470 463 10
470 465 10
470 466 10
470 468 10
470 470 10
470 471 10
470 472 10
470 473 10
470 474 10
470 475 10
470 477 10
470 479 10
470 480 10
470 481 10
470 500 10
470 502 10
470 506 10
470 508 10
470 509 10
470 511 10
470 513 10
470 535 10
470 536 10
470 538 10
470 540 10
470 542 10
470 543 10
470 546 10
470 547 10
470 549 10
470 551 10
470 553 10
470 554 10
470 555 10
470 557 10
470 560 10
470 562 10
470 563 10
470 567 10
470 570 10
470 571 10
470 573 10
470 574 10
470 579 10
470 586 10
470 587 10
470 588 10
470 589 10
470 590 10
470 593 10
470 594 10
470 601 10
470 602 10
470 605 10
470 606 10
470 608 10
470 616 10
470 619 10
470 621 10
470 626 10
470 636 10
470 639 10
471 383 10
471 398 10
471 400 10
471 402 10
471 410 10
471 414 10
471 417 10
471 421 10
471 422 10
471 423 10
471 424 10
471 425 10
471 426 10
471 427 10
471 428 10
471 429 10
471 431 10
471 434 10
471 437 10
471 440 10
471 441 10
471 445 10
471 447 10
471 455 10
471 461 10
471 462 10
471 468 10
471 469 10
471 470 10
471 471 10
471 475 10
471 476 10
471 477 10
471 478 10
471 479 10
471 480 10
471 485 10
471 488 10
471 493 10
471 495 10
471 498 10
471 500 10
471 507 10
471 508 10
471 509 10
471 545 10
471 548 10
471 549 10
471 551 10
471 552 10
471 553 10
471 554 10
471 556 10
471 558 10
471 559 10
471 560 10
471 565 10
471 569 10
471 571 10
471 572 10
471 574 10
471 577 10
471 583 10
471 585 10
471 586 10
471 588 10
471 595 10
471 601 10
471 607 10
471 608 10
471 615 10
471 620 10
471 621 10
471 623 10
471 625 10
471 626 10
471 628 10
471 629 10
471 638 10
471 655 10
472 385 10
472 398 10
472 400 10
472 406 10
472 412 10
472 413 10
472 415 10
472 418 10
472 419 10
472 421 10
472 422 10
472 423 10
472 424 10
472 426 10
472 430 10
472 433 10
472 434 10
472 436 10
472 439 10
472 441 10
472 444 10
472 445 10
472 447 10
472 448 10
472 450 10
472 452 10
472 457 10
472 466 10
472 467 10
472 468 10
472 474 10
472 477 10
472 479 10
472 481 10
472 482 10
472 483 10
472 484 10
472 498 10
472 500 10
472 507 10
472 510 10
472 535 10
472 536 10
472 538 10
472 548 10
472 549 10
472 551 10
472 552 10
472 554 10
472 555 10
472 559 10
472 560 10
472 561 10
472 563 10
472 564 10
472 569 10
472 572 10
472 573 10
472 577 10
472 579 10
472 587 10
472 602 10
472 606 10
472 611 10
472 612 10
472 613 10
472 614 10
472 620 10
472 621 10
472 627 10
472 628 10
472 629 10
472 631 10
472 637 10
472 650 10
473 382 10
473 383 10
473 401 10
473 403 10
473 408 10
473 409 10
473 410 10
473 411 10
473 413 10
473 418 10
473 419 10
473 421 10
473 422 10
473 423 10
473 424 10
473 426 10
473 428 10
473 432 10
473 433 10
473 436 10
473 439 10
473 441 10
473 442 10
473 443 10
473 446 10
473 448 10
473 450 10
473 453 10
473 454 10
473 458 10
473 459 10
473 470 10
473 471 10
473 475 10
473 476 10
473 477 10
473 478 10
473 479 10
473 482 10
473 483 10
473 484 10
473 485 10
473 486 10
473 491 10
473 493 10
473 494 10
473 497 10
473 498 10
473 511 10
473 523 10
473 526 10
473 534 10
473 536 10
473 541 10
473 549 10
473 550 10
473 552 10
473 553 10
473 554 10
473 556 10
473 557 10
473 558 10
473 559 10
473 563 10
473 564 10
473 569 10
473 571 10
473 573 10
473 574 10
473 575 10
473 577 10
473 585 10
473 593 10
473 594 10
473 595 10
473 608 10
473 613 10
473 615 10
473 622 10
473 628 10
473 629 10
473 630 10
473 636 10
473 644 10
473 656 10
474 376 10
474 377 10
474 394 10
474 398 10
474 402 10
474 407 10
474 414 10
474 417 10
474 420 10
474 421 10
474 424 10
474 426 10
474 427 10
474 428 10
474 429 10
474 430 10
474 431 10
474 432 10
474 433 10
474 434 10
474 437 10
474 438 10
474 439 10
474 440 10
474 441 10
474 442 10
474 443 10
474 444 10
474 445 10
474 446 10
474 447 10
474 452 10
474 453 10
474 454 10
474 462 10
474 468 10
474 469 10
474 474 10
474 475 10
474 476 10
474 477 10
474 479 10
474 481 10
474 483 10
474 484 10
474 486 10
474 487 10
474 488 10
474 495 10
474 498 10
474 508 10
474 509 10
474 515 10
474 521 10
474 523 10
474 524 10
474 529 10
474 531 10
474 535 10
474 536 10
474 543 10
474 549 10
474 551 10
474 552 10
474 553 10
474 554 10
474 556 10
474 558 10
474 559 10
474 561 10
474 570 10
474 571 10
474 576 10
474 591 10
474 592 10
474 597 10
474 608 10
474 611 10
474 612 10
474 617 10
474 629 10
474 635 10
474 639 10
474 640 10
474 641 10
474 642 10
474 643 10
474 648 10
474 649 10
475 395 10
475 396 10
475 397 10
475 408 10
475 409 10
475 414 10
475 415 10
475 418 10
475 419 10
475 424 10
475 430 10
475 432 10
475 434 10
475 435 10
475 437 10
475 438 10
475 439 10
475 440 10
475 441 10
475 443 10
475 444 10
475 447 10
475 448 10
475 449 10
475 459 10
475 461 10
475 467 10
475 469 10
475 476 10
475 477 10
475 478 10
475 480 10
475 481 10
475 483 10
475 484 10
475 485 10
475 486 10
475 487 10
475 496 10
475 499 10
475 501 10
475 506 10
475 507 10
475 510 10
475 511 10
475 513 10
475 529 10
475 531 10
475 533 10
475 534 10
475 537 10
475 543 10
475 545 10
475 546 10
475 549 10
475 550 10
475 551 10
475 552 10
475 555 10
475 559 10
475 560 10
475 562 10
475 565 10
475 567 10
475 569 10
475 572 10
475 574 10
475 575 10
475 594 10
475 609 10
475 611 10
475 612 10
475 633 10
475 645 10
475 646 10
475 653 10
476 401 10
476 407 10
476 414 10
476 417 10
476 418 10
476 420 10
476 422 10
476 424 10
476 426 10
476 428 10
476 433 10
476 435 10
476 436 10
476 438 10
476 439 10
476 442 10
476 444 10
476 445 10
476 446 10
476 447 10
476 451 10
476 455 10
476 467 10
476 469 10
476 471 10
476 472 10
476 474 10
476 475 10
476 478 10
476 480 10
476 481 10
476 482 10
476 483 10
476 484 10
476 486 10
476 488 10
476 499 10
476 501 10
476 505 10
476 507 10
476 513 10
476 522 10
476 523 10
476 524 10
476 528 10
476 529 10
476 531 10
476 532 10
476 535 10
476 537 10
476 546 10
476 548 10
476 549 10
476 550 10
476 551 10
476 552 10
476 553 10
476 554 10
476 556 10
476 558 10
476 561 10
476 563 10
476 567 10
476 572 10
476 574 10
476 580 10
476 584 10
476 586 10
476 591 10
476 595 10
476 607 10
476 609 10
476 611 10
476 613 10
476 625 10
476 633 10
476 638 10
476 639 10
476 644 10
476 647 10
476 649 10
476 651 10
477 374 10
477 375 10
477 391 10
477 393 10
477 394 10
477 396 10
477 397 10
477 398 10
477 400 10
477 401 10
477 404 10
477 408 10
477 410 10
477 411 10
477 412 10
477 413 10
477 415 10
477 416 10
477 418 10
477 424 10
477 426 10
477 429 10
477 430 10
477 433 10
477 436 10
477 439 10
477 440 10
477 441 10
477 442 10
477 445 10
477 446 10
477 448 10
477 450 10
477 454 10
477 460 10
477 466 10
477 467 10
477 469 10
477 471 10
477 474 10
477 475 10
477 476 10
477 478 10
477 479 10
477 481 10
477 482 10
477 483 10
477 485 10
477 486 10
477 491 10
477 492 10
477 499 10
477 502 10
477 503 10
477 505 10
477 508 10
477 512 10
477 513 10
477 514 10
477 534 10
477 535 10
477 544 10
477 550 10
477 553 10
477 555 10
477 556 10
477 559 10
477 562 10
477 564 10
477 566 10
477 569 10
477 571 10
477 584 10
477 586 10
477 608 10
477 616 10
477 632 10
477 638 10
477 639 10
477 642 10
477 646 10
477 647 10
478 376 10
478 395 10
478 396 10
478 401 10
478 406 10
478 408 10
478 409 10
478 410 10
478 411 10
478 412 10
478 414 10
478 417 10
478 425 10
478 426 10
478 427 10
478 429 10
478 433 10
478 434 10
478 435 10
478 437 10
478 441 10
478 443 10
478 444 10
478 450 10
478 452 10
478 457 10
478 458 10
478 460 10
478 464 10
478 470 10
478 476 10
478 477 10
478 478 10
478 481 10
478 482 10
478 483 10
478 484 10
478 485 10
478 488 10
478 490 10
478 492 10
478 498 10
478 500 10
478 501 10
478 512 10
478 514 10
478 515 10
478 537 10
478 541 10
478 549 10
478 551 10
478 556 10
478 558 10
478 560 10
478 561 10
478 562 10
478 563 10
478 564 10
478 566 10
478 567 10
478 570 10
478 572 10
478 575 10
478 576 10
478 577 10
478 608 10
478 612 10
478 613 10
478 614 10
478 620 10
478 634 10
478 637 10
478 641 10
478 643 10
478 648 10
479 374 10
479 377 10
479 393 10
479 394 10
479 399 10
479 400 10
479 402 10
479 407 10
479 409 10
479 411 10
479 412 10
479 413 10
479 414 10
479 416 10
479 418 10
479 424 10
479 427 10
479 432 10
479 437 10
479 438 10
479 441 10
479 442 10
479 444 10
479 447 10
479 448 10
479 450 10
479 451 10
479 458 10
479 459 10
479 460 10
479 462 10
479 463 10
479 472 10
479 473 10
479 475 10
479 476 10
479 479 10
479 480 10
479 481 10
479 482 10
479 483 10
479 484 10
479 488 10
479 495 10
479 500 10
479 501 10
479 504 10
479 514 10
479 515 10
479 525 10
479 538 10
479 543 10
479 545 10
479 546 10
479 547 10
479 548 10
479 549 10
479 551 10
479 557 10
479 559 10
479 561 10
479 563 10
479 565 10
479 566 10
479 567 10
479 570 10
479 572 10
479 596 10
479 599 10
479 602 10
479 633 10
479 636 10
479 640 10
479 641 10
480 378 10
480 379 10
480 391 10
480 392 10
480 395 10
480 398 10
480 401 10
480 403 10
480 412 10
480 416 10
480 417 10
480 428 10
480 430 10
480 436 10
480 438 10
480 449 10
480 452 10
480 455 10
480 456 10
480 462 10
480 468 10
480 470 10
480 472 10
480 478 10
480 480 10
480 481 10
480 486 10
480 487 10
480 489 10
480 490 10
480 491 10
480 492 10
480 493 10
480 495 10
480 499 10
480 501 10
480 515 10
480 524 10
480 544 10
480 545 10
480 551 10
480 553 10
480 555 10
480 560 10
480 561 10
480 564 10
480 567 10
480 569 10
480 593 10
480 598 10
480 610 10
480 611 10
480 612 10
480 614 10
480 615 10
480 617 10
480 636 10
480 637 10
481 376 10
481 377 10
481 378 10
481 391 10
481 395 10
481 397 10
481 400 10
481 401 10
481 403 10
481 406 10
481 408 10
481 410 10
481 411 10
481 413 10
481 415 10
481 420 10
481 428 10
481 431 10
481 434 10
481 439 10
481 440 10
481 441 10
481 442 10
481 444 10
481 446 10
481 449 10
481 450 10
481 452 10
481 454 10
481 455 10
481 458 10
481 463 10
481 474 10
481 476 10
481 477 10
481 478 10
481 479 10
481 480 10
481 483 10
481 484 10
481 485 10
481 488 10
481 490 10
481 493 10
481 494 10
481 498 10
481 526 10
481 544 10
481 547 10
481 549 10
481 551 10
481 553 10
481 555 10
481 556 10
481 557 10
481 559 10
481 560 10
481 561 10
481 562 10
481 567 10
481 569 10
481 595 10
481 596 10
481 597 10
481 608 10
481 611 10
481 614 10
481 623 10
481 624 10
482 378 10
482 395 10
482 398 10
482 399 10
482 400 10
482 403 10
482 404 10
482 408 10
482 411 10
482 412 10
482 413 10
482 415 10
482 424 10
482 426 10
482 427 10
482 428 10
482 429 10
482 430 10
482 431 10
482 432 10
482 447 10
482 450 10
482 451 10
482 456 10
482 460 10
482 464 10
482 472 10
482 478 10
482 483 10
482 484 10
482 485 10
482 486 10
482 487 10
482 488 10
482 489 10
482 490 10
482 491 10
482 493 10
482 498 10
482 507 10
482 529 10
482 536 10
482 541 10
482 544 10
482 552 10
482 553 10
482 554 10
482 555 10
482 557 10
482 560 10
482 562 10
482 569 10
482 589 10
482 590 10
482 596 10
482 609 10
482 611 10
482 614 10
482 615 10
482 617 10
482 622 10
482 624 10
483 378 10
483 395 10
483 396 10
483 401 10
483 406 10
483 410 10
483 412 10
483 413 10
483 414 10
483 426 10
483 429 10
483 430 10
483 432 10
483 434 10
483 436 10
483 441 10
483 443 10
483 444 10
483 446 10
483 448 10
483 449 10
483 450 10
483 452 10
483 454 10
483 455 10
483 456 10
483 465 10
483 470 10
483 475 10
483 476 10
483 477 10
483 478 10
483 479 10
483 480 10
483 484 10
483 486 10
483 487 10
483 490 10
483 491 10
483 493 10
483 494 10
483 496 10
483 534 10
483 543 10
483 547 10
483 548 10
483 549 10
483 551 10
483 554 10
483 557 10
483 559 10
483 561 10
483 563 10
483 566 10
483 567 10
483 568 10
483 569 10
483 573 10
483 593 10
483 594 10
483 595 10
483 596 10
483 597 10
483 598 10
483 603 10
483 613 10
483 618 10
483 621 10
483 623 10
483 624 10
483 625 10
484 395 10
484 399 10
484 400 10
484 405 10
484 406 10
484 408 10
484 409 10
484 414 10
484 416 10
484 424 10
484 425 10
484 426 10
484 429 10
484 441 10
484 442 10
484 446 10
484 448 10
484 453 10
484 457 10
484 460 10
484 468 10
484 473 10
484 484 10
484 485 10
484 487 10
484 488 10
484 491 10
484 494 10
484 497 10
484 507 10
484 509 10
484 532 10
484 534 10
484 535 10
484 544 10
484 549 10
484 550 10
484 551 10
484 554 10
484 555 10
484 557 10
484 560 10
484 563 10
484 565 10
484 568 10
484 591 10
484 602 10
484 609 10
484 610 10
484 618 10
484 620 10
484 621 10
484 623 10
484 624 10
485 395 10
485 396 10
485 397 10
485 402 10
485 405 10
485 406 10
485 414 10
485 415 10
485 425 10
485 430 10
485 431 10
485 432 10
485 440 10
485 442 10
485 447 10
485 450 10
485 452 10
485 455 10
485 457 10
485 459 10
485 468 10
485 469 10
485 470 10
485 472 10
485 473 10
485 474 10
485 485 10
485 488 10
485 489 10
485 490 10
485 497 10
485 509 10
485 523 10
485 531 10
485 532 10
485 536 10
485 537 10
485 539 10
485 541 10
485 543 10
485 544 10
485 546 10
485 547 10
485 550 10
485 566 10
485 567 10
485 568 10
485 571 10
485 586 10
485 588 10
485 594 10
485 596 10
485 597 10
485 603 10
485 605 10
485 606 10
485 610 10
485 620 10
486 396 10
486 399 10
486 401 10
486 402 10
486 405 10
486 409 10
486 437 10
486 443 10
486 446 10
486 448 10
486 453 10
486 454 10
486 455 10
486 456 10
486 458 10
486 459 10
486 461 10
486 462 10
486 466 10
486 468 10
486 470 10
486 471 10
486 472 10
486 474 10
486 476 10
486 483 10
486 486 10
486 487 10
486 489 10
486 490 10
486 491 10
486 493 10
486 495 10
486 502 10
486 503 10
486 519 10
486 526 10
486 531 10
486 532 10
486 533 10
486 534 10
486 536 10
486 544 10
486 545 10
486 547 10
486 548 10
486 550 10
486 552 10
486 554 10
486 559 10
486 562 10
486 567 10
486 571 10
486 588 10
486 592 10
486 594 10
486 600 10
486 601 10
486 603 10
486 607 10
486 613 10
486 618 10
487 395 10
487 415 10
487 420 10
487 427 10
487 428 10
487 430 10
487 437 10
487 438 10
487 440 10
487 443 10
487 444 10
487 445 10
487 447 10
487 449 10
487 450 10
487 451 10
487 452 10
487 454 10
487 456 10
487 457 10
487 465 10
487 466 10
487 469 10
487 470 10
487 472 10
487 473 10
487 474 10
487 478 10
487 479 10
487 482 10
487 483 10
487 484 10
487 485 10
487 487 10
487 488 10
487 489 10
487 490 10
487 491 10
487 492 10
487 494 10
487 524 10
487 525 10
487 526 10
487 530 10
487 539 10
487 540 10
487 546 10
487 548 10
487 549 10
487 552 10
487 564 10
487 570 10
487 595 10
487 601 10
487 604 10
487 605 10
487 606 10
487 611 10
487 613 10
487 614 10
487 616 10
487 617 10
487 621 10
487 622 10
487 624 10
487 625 10
488 394 10
488 395 10
488 399 10
488 400 10
488 402 10
488 407 10
488 420 10
488 424 10
488 425 10
488 426 10
488 427 10
488 431 10
488 435 10
488 437 10
488 438 10
488 440 10
488 441 10
488 442 10
488 445 10
488 446 10
488 447 10
488 449 10
488 450 10
488 452 10
488 453 10
488 454 10
488 455 10
488 456 10
488 460 10
488 464 10
488 471 10
488 479 10
488 482 10
488 484 10
488 486 10
488 487 10
488 488 10
488 489 10
488 490 10
488 491 10
488 492 10
488 493 10
488 495 10
488 498 10
488 499 10
488 500 10
488 501 10
488 511 10
488 523 10
488 525 10
488 528 10
488 533 10
488 539 10
488 541 10
488 543 10
488 544 10
488 545 10
488 549 10
488 550 10
488 551 10
488 552 10
488 569 10
488 573 10
488 574 10
488 575 10
488 576 10
488 600 10
488 601 10
488 602 10
488 604 10
488 605 10
488 607 10
488 609 10
488 611 10
488 613 10
488 614 10
488 615 10
488 621 10
488 622 10
489 396 10
489 398 10
489 400 10
489 401 10
489 403 10
489 404 10
489 428 10
489 429 10
489 431 10
489 435 10
489 436 10
489 438 10
489 439 10
489 440 10
489 442 10
489 443 10
489 446 10
489 447 10
489 452 10
489 453 10
489 455 10
489 457 10
489 463 10
489 465 10
489 467 10
489 470 10
489 472 10
489 477 10
489 481 10
489 482 10
489 484 10
489 485 10
489 489 10
489 490 10
489 491 10
489 494 10
489 495 10
489 498 10
489 500 10
489 502 10
489 509 10
489 518 10
489 519 10
489 523 10
489 528 10
489 529 10
489 530 10
489 531 10
489 533 10
489 539 10
489 540 10
489 541 10
489 542 10
489 546 10
489 564 10
489 570 10
489 573 10
489 596 10
489 602 10
489 605 10
489 609 10
489 612 10
489 619 10
489 621 10
489 623 10
489 625 10
489 635 10
490 394 10
490 396 10
490 397 10
490 398 10
490 410 10
490 426 10
490 433 10
490 437 10
490 438 10
490 441 10
490 442 10
490 444 10
490 445 10
490 450 10
490 451 10
490 452 10
490 454 10
490 467 10
490 471 10
490 480 10
490 481 10
490 483 10
490 484 10
490 485 10
490 486 10
490 488 10
490 489 10
490 490 10
490 491 10
490 495 10
490 503 10
490 506 10
490 511 10
490 520 10
490 521 10
490 522 10
490 528 10
490 532 10
490 534 10
490 539 10
490 540 10
490 541 10
490 542 10
490 543 10
490 544 10
490 545 10
490 561 10
490 570 10
490 574 10
490 598 10
490 600 10
490 602 10
490 603 10
490 606 10
490 607 10
490 609 10
490 610 10
490 618 10
490 619 10
490 620 10
490 623 10
490 624 10
490 626 10
490 634 10
491 394 10
491 396 10
491 399 10
491 402 10
491 422 10
491 424 10
491 428 10
491 430 10
491 434 10
491 436 10
491 447 10
491 454 10
491 456 10
491 465 10
491 469 10
491 470 10
491 475 10
491 476 10
491 477 10
491 480 10
491 481 10
491 483 10
491 484 10
491 485 10
491 487 10
491 489 10
491 492 10
491 493 10
491 494 10
491 495 10
491 501 10
491 502 10
491 503 10
491 505 10
491 508 10
491 509 10
491 513 10
491 523 10
491 524 10
491 529 10
491 533 10
491 534 10
491 535 10
491 536 10
491 537 10
491 538 10
491 541 10
491 542 10
491 547 10
491 548 10
491 549 10
491 573 10
491 575 10
491 577 10
491 588 10
491 593 10
491 595 10
491 597 10
491 601 10
491 604 10
491 611 10
491 612 10
491 613 10
491 614 10
491 617 10
491 618 10
491 620 10
491 621 10
491 624 10
491 625 10
491 634 10
491 636 10
492 399 10
492 403 10
492 405 10
492 407 10
492 409 10
492 414 10
492 423 10
492 430 10
492 435 10
492 441 10
492 442 10
492 462 10
492 464 10
492 465 10
492 466 10
492 469 10
492 471 10
492 473 10
492 476 10
492 478 10
492 482 10
492 484 10
492 485 10
492 486 10
492 487 10
492 491 10
492 492 10
492 493 10
492 495 10
492 499 10
492 500 10
492 502 10
492 504 10
492 506 10
492 507 10
492 509 10
492 511 10
492 514 10
492 521 10
492 525 10
492 533 10
492 539 10
492 540 10
492 541 10
492 542 10
492 546 10
492 547 10
492 551 10
492 554 10
492 555 10
492 556 10
492 563 10
492 565 10
492 571 10
492 572 10
492 576 10
492 577 10
492 587 10
492 591 10
492 595 10
492 598 10
492 602 10
492 604 10
492 607 10
492 608 10
492 610 10
492 614 10
492 615 10
492 616 10
492 617 10
492 618 10
492 619 10
492 623 10
492 626 10
492 629 10
492 631 10
492 636 10
493 389 10
493 390 10
493 392 10
493 394 10
493 396 10
493 400 10
493 401 10
493 427 10
493 428 10
493 429 10
493 435 10
493 440 10
493 445 10
493 446 10
493 447 10
493 462 10
493 464 10
493 465 10
493 466 10
493 469 10
493 470 10
493 471 10
493 472 10
493 473 10
493 474 10
493 475 10
493 478 10
493 479 10
493 480 10
493 486 10
493 487 10
493 489 10
493 491 10
493 492 10
493 493 10
493 494 10
493 500 10
493 501 10
493 506 10
493 509 10
493 510 10
493 512 10
493 514 10
493 518 10
493 523 10
493 524 10
493 529 10
493 537 10
493 538 10
493 541 10
493 542 10
493 543 10
493 545 10
493 546 10
493 547 10
493 556 10
493 566 10
493 567 10
493 568 10
493 572 10
493 591 10
493 597 10
493 598 10
493 599 10
493 607 10
493 610 10
493 612 10
493 615 10
493 616 10
493 617 10
493 623 10
493 626 10
493 629 10
493 631 10
493 633 10
493 634 10
494 392 10
494 396 10
494 402 10
494 404 10
494 407 10
494 414 10
494 415 10
494 425 10
494 427 10
494 428 10
494 429 10
494 430 10
494 432 10
494 442 10
494 445 10
494 448 10
494 450 10
494 463 10
494 471 10
494 473 10
494 474 10
494 475 10
494 479 10
494 480 10
494 482 10
494 483 10
494 484 10
494 485 10
494 486 10
494 487 10
494 488 10
494 492 10
494 493 10
494 500 10
494 501 10
494 504 10
494 506 10
494 508 10
494 509 10
494 511 10
494 512 10
494 513 10
494 521 10
494 522 10
494 524 10
494 528 10
494 537 10
494 539 10
494 541 10
494 544 10
494 547 10
494 549 10
494 557 10
494 559 10
494 562 10
494 564 10
494 567 10
494 570 10
494 573 10
494 574 10
494 578 10
494 591 10
494 593 10
494 594 10
494 598 10
494 600 10
494 602 10
494 603 10
494 604 10
494 608 10
494 610 10
494 611 10
494 616 10
494 617 10
494 619 10
494 628 10
494 629 10
494 630 10
494 632 10
494 634 10
495 384 10
495 385 10
495 389 10
495 391 10
495 392 10
495 400 10
495 414 10
495 424 10
495 425 10
495 426 10
495 429 10
495 430 10
495 435 10
495 437 10
495 439 10
495 446 10
495 447 10
495 448 10
495 452 10
495 453 10
495 457 10
495 458 10
495 460 10
495 461 10
495 464 10
495 466 10
495 468 10
495 469 10
495 471 10
495 472 10
495 475 10
495 480 10
495 481 10
495 482 10
495 484 10
495 485 10
495 486 10
495 487 10
495 488 10
495 489 10
495 490 10
495 492 10
495 493 10
495 499 10
495 506 10
495 508 10
495 509 10
495 510 10
495 511 10
495 513 10
495 518 10
495 520 10
495 522 10
495 525 10
495 527 10
495 530 10
495 541 10
495 543 10
495 546 10
495 547 10
495 551 10
495 555 10
495 558 10
495 560 10
495 565 10
495 573 10
495 575 10
495 586 10
495 588 10
495 589 10
495 597 10
495 603 10
495 604 10
495 605 10
495 607 10
495 608 10
495 616 10
495 617 10
495 619 10
495 620 10
495 628 10
495 630 10
495 632 10
495 633 10
495 637 10
496 387 10
496 389 10
496 392 10
496 402 10
496 403 10
496 412 10
496 415 10
496 425 10
496 426 10
496 427 10
496 428 10
496 429 10
496 430 10
496 431 10
496 432 10
496 436 10
496 438 10
496 439 10
496 440 10
496 443 10
496 446 10
496 453 10
496 454 10
496 457 10
496 459 10
496 461 10
496 469 10
496 474 10
496 475 10
496 476 10
496 479 10
496 484 10
496 485 10
496 486 10
496 487 10
496 490 10
496 492 10
496 495 10
496 499 10
496 502 10
496 505 10
496 506 10
496 517 10
496 520 10
496 528 10
496 532 10
496 533 10
496 534 10
496 535 10
496 536 10
496 541 10
496 543 10
496 544 10
496 546 10
496 556 10
496 560 10
496 567 10
496 568 10
496 573 10
496 588 10
496 590 10
496 598 10
496 600 10
496 601 10
496 602 10
496 605 10
496 607 10
496 610 10
496 612 10
496 616 10
496 620 10
496 625 10
496 627 10
496 630 10
496 631 10
496 633 10
497 387 10
497 389 10
497 390 10
497 391 10
497 393 10
497 395 10
497 398 10
497 401 10
497 412 10
497 419 10
497 424 10
497 426 10
497 427 10
497 428 10
497 432 10
497 433 10
497 434 10
497 436 10
497 437 10
497 438 10
497 440 10
497 441 10
497 443 10
497 444 10
497 445 10
497 448 10
497 450 10
497 459 10
497 461 10
497 467 10
497 478 10
497 479 10
497 481 10
497 482 10
497 483 10
497 484 10
497 485 10
497 486 10
497 488 10
497 489 10
497 490 10
497 494 10
497 499 10
497 500 10
497 501 10
497 502 10
497 503 10
497 504 10
497 505 10
497 507 10
497 508 10
497 509 10
497 511 10
497 514 10
497 518 10
497 521 10
497 522 10
497 526 10
497 529 10
497 530 10
497 531 10
497 532 10
497 534 10
497 535 10
497 537 10
497 538 10
497 539 10
497 540 10
497 543 10
497 544 10
497 545 10
497 546 10
497 547 10
497 549 10
497 552 10
497 553 10
497 554 10
497 556 10
497 559 10
497 565 10
497 566 10
497 568 10
497 592 10
497 599 10
497 603 10
497 608 10
497 611 10
497 614 10
497 620 10
497 624 10
497 628 10
497 630 10
497 632 10
497 633 10
497 636 10
498 390 10
498 391 10
498 392 10
498 393 10
498 397 10
498 412 10
498 413 10
498 415 10
498 419 10
498 423 10
498 424 10
498 426 10
498 429 10
498 433 10
498 437 10
498 439 10
498 441 10
498 442 10
498 445 10
498 447 10
498 448 10
498 449 10
498 450 10
498 451 10
498 452 10
498 453 10
498 458 10
498 463 10
498 464 10
498 468 10
498 470 10
498 471 10
498 473 10
498 474 10
498 475 10
498 478 10
498 479 10
498 484 10
498 485 10
498 487 10
498 488 10
498 489 10
498 491 10
498 497 10
498 498 10
498 501 10
498 502 10
498 508 10
498 516 10
498 519 10
498 521 10
498 528 10
498 529 10
498 530 10
498 531 10
498 532 10
498 533 10
498 535 10
498 536 10
498 537 10
498 541 10
498 542 10
498 544 10
498 545 10
498 547 10
498 548 10
498 549 10
498 550 10
498 555 10
498 556 10
498 557 10
498 560 10
498 564 10
498 567 10
498 571 10
498 573 10
498 590 10
498 591 10
498 592 10
498 593 10
498 596 10
498 599 10
498 600 10
498 607 10
498 608 10
498 609 10
498 613 10
498 614 10
498 615 10
498 619 10
498 621 10
498 624 10
498 625 10
498 627 10
498 629 10
499 383 10
499 387 10
499 389 10
499 390 10
499 411 10
499 417 10
499 424 10
499 427 10
499 431 10
499 433 10
499 434 10
499 440 10
499 444 10
499 447 10
499 465 10
499 468 10
499 471 10
499 472 10
499 474 10
499 475 10
499 480 10
499 482 10
499 484 10
499 485 10
499 488 10
499 491 10
499 492 10
499 493 10
499 501 10
499 503 10
499 504 10
499 507 10
499 508 10
499 509 10
499 520 10
499 528 10
499 529 10
499 530 10
499 531 10
499 533 10
499 536 10
499 539 10
499 542 10
499 543 10
499 546 10
499 548 10
499 550 10
499 552 10
499 557 10
499 558 10
499 559 10
499 564 10
499 567 10
499 571 10
499 589 10
499 593 10
499 607 10
499 608 10
499 610 10
499 616 10
499 617 10
499 620 10
499 627 10
499 628 10
499 629 10
499 636 10
499 637 10
500 389 10
500 390 10
500 417 10
500 418 10
500 419 10
500 427 10
500 428 10
500 429 10
500 434 10
500 435 10
500 440 10
500 442 10
500 448 10
500 450 10
500 452 10
500 470 10
500 474 10
500 477 10
500 479 10
500 484 10
500 486 10
500 487 10
500 488 10
500 490 10
500 491 10
500 495 10
500 497 10
500 498 10
500 499 10
500 500 10
500 501 10
500 504 10
500 505 10
500 507 10
500 508 10
500 516 10
500 519 10
500 521 10
500 530 10
500 531 10
500 532 10
500 533 10
500 535 10
500 537 10
500 542 10
500 543 10
500 545 10
500 551 10
500 552 10
500 554 10
500 556 10
500 561 10
500 562 10
500 568 10
500 580 10
500 588 10
500 591 10
500 593 10
500 594 10
500 600 10
500 601 10
500 603 10
500 604 10
500 605 10
500 608 10
500 627 10
500 628 10
500 636 10
500 638 10
501 389 10
501 391 10
501 392 10
501 404 10
501 415 10
501 417 10
501 420 10
501 429 10
501 430 10
501 431 10
501 433 10
501 435 10
501 441 10
501 442 10
501 445 10
501 446 10
501 450 10
501 465 10
501 466 10
501 467 10
501 471 10
501 472 10
501 473 10
501 474 10
501 475 10
501 476 10
501 490 10
501 496 10
501 501 10
501 502 10
501 503 10
501 505 10
501 517 10
501 529 10
501 530 10
501 532 10
501 533 10
501 534 10
501 535 10
501 537 10
501 539 10
501 542 10
501 543 10
501 546 10
501 549 10
501 551 10
501 554 10
501 560 10
501 562 10
501 564 10
501 565 10
501 566 10
501 593 10
501 594 10
501 601 10
501 602 10
501 604 10
501 605 10
501 608 10
501 619 10
501 626 10
501 632 10
501 636 10
501 637 10
502 389 10
502 399 10
502 400 10
502 405 10
502 406 10
502 411 10
502 418 10
502 421 10
502 427 10
502 428 10
502 430 10
502 431 10
502 441 10
502 443 10
502 444 10
502 445 10
502 446 10
502 449 10
502 460 10
502 464 10
502 471 10
502 474 10
502 475 10
502 488 10
502 490 10
502 494 10
502 495 10
502 498 10
502 500 10
502 502 10
502 504 10
502 505 10
502 506 10
502 507 10
502 508 10
502 526 10
502 528 10
502 529 10
502 530 10
502 531 10
502 532 10
502 534 10
502 537 10
502 538 10
502 539 10
502 540 10
502 541 10
502 542 10
502 544 10
502 545 10
502 546 10
502 548 10
502 550 10
502 554 10
502 556 10
502 557 10
502 562 10
502 564 10
502 567 10
502 568 10
502 575 10
502 578 10
502 579 10
502 588 10
502 590 10
502 591 10
502 592 10
502 594 10
502 602 10
502 603 10
502 604 10
502 606 10
502 615 10
503 400 10
503 401 10
503 405 10
503 406 10
503 408 10
503 409 10
503 414 10
503 415 10
503 416 10
503 418 10
503 419 10
503 428 10
503 429 10
503 431 10
503 436 10
503 438 10
503 439 10
503 452 10
503 453 10
503 455 10
503 460 10
503 461 10
503 463 10
503 464 10
503 466 10
503 468 10
503 469 10
503 494 10
503 498 10
503 500 10
503 503 10
503 506 10
503 508 10
503 514 10
503 525 10
503 528 10
503 530 10
503 532 10
503 540 10
503 541 10
503 543 10
503 544 10
503 546 10
503 549 10
503 553 10
503 554 10
503 555 10
503 561 10
503 562 10
503 565 10
503 568 10
503 570 10
503 572 10
503 577 10
503 581 10
503 582 10
503 584 10
503 586 10
503 587 10
503 596 10
503 603 10
503 606 10
503 607 10
503 608 10
503 613 10
503 614 10
503 615 10
503 620 10
503 630 10
503 631 10
504 398 10
504 408 10
504 410 10
504 411 10
504 415 10
504 417 10
504 428 10
504 429 10
504 431 10
504 439 10
504 441 10
504 444 10
504 445 10
504 446 10
504 452 10
504 456 10
504 458 10
504 459 10
504 461 10
504 462 10
504 464 10
504 469 10
504 472 10
504 473 10
504 476 10
504 479 10
504 495 10
504 498 10
504 500 10
504 504 10
504 505 10
504 508 10
504 514 10
504 529 10
504 530 10
504 531 10
504 532 10
504 533 10
504 534 10
504 535 10
504 536 10
504 539 10
504 540 10
504 544 10
504 546 10
504 550 10
504 553 10
504 555 10
504 558 10
504 560 10
504 564 10
504 568 10
504 570 10
504 572 10
504 578 10
504 579 10
504 581 10
504 582 10
504 583 10
504 584 10
504 588 10
504 601 10
504 604 10
504 605 10
504 606 10
504 607 10
504 611 10
504 612 10
504 615 10
505 396 10
505 397 10
505 398 10
505 401 10
505 402 10
505 403 10
505 406 10
505 407 10
505 409 10
505 410 10
505 414 10
505 415 10
505 418 10
505 430 10
505 431 10
505 435 10
505 439 10
505 441 10
505 446 10
505 449 10
505 450 10
505 452 10
505 453 10
505 454 10
505 455 10
505 456 10
505 460 10
505 461 10
505 462 10
505 463 10
505 464 10
505 465 10
505 467 10
505 469 10
505 470 10
505 473 10
505 474 10
505 478 10
505 482 10
505 488 10
505 492 10
505 493 10
505 497 10
505 498 10
505 501 10
505 502 10
505 503 10
505 507 10
505 508 10
505 518 10
505 531 10
505 532 10
505 537 10
505 538 10
505 542 10
505 543 10
505 545 10
505 546 10
505 548 10
505 549 10
505 553 10
505 557 10
505 559 10
505 562 10
505 565 10
505 567 10
505 568 10
505 570 10
505 571 10
505 574 10
505 577 10
505 578 10
505 581 10
505 582 10
505 584 10
505 586 10
505 587 10
505 589 10
505 590 10
505 591 10
505 595 10
505 597 10
505 600 10
505 601 10
505 603 10
505 605 10
505 606 10
505 608 10
505 609 10
505 611 10
505 613 10
505 623 10
505 625 10
506 390 10
506 391 10
506 398 10
506 401 10
506 402 10
506 404 10
506 405 10
506 408 10
506 411 10
506 412 10
506 414 10
506 417 10
506 438 10
506 440 10
506 445 10
506 448 10
506 449 10
506 452 10
506 453 10
506 454 10
506 455 10
506 456 10
506 460 10
506 462 10
506 464 10
506 465 10
506 467 10
506 468 10
506 469 10
506 471 10
506 472 10
506 474 10
506 476 10
506 481 10
506 483 10
506 486 10
506 488 10
506 494 10
506 495 10
506 496 10
506 499 10
506 500 10
506 501 10
506 502 10
506 503 10
506 505 10
506 506 10
506 507 10
506 514 10
506 517 10
506 534 10
506 537 10
506 539 10
506 540 10
506 542 10
506 545 10
506 547 10
506 550 10
506 551 10
506 553 10
506 555 10
506 558 10
506 562 10
506 563 10
506 565 10
506 567 10
506 574 10
506 579 10
506 582 10
506 583 10
506 584 10
506 585 10
506 587 10
506 599 10
506 600 10
506 603 10
506 604 10
506 605 10
506 607 10
506 609 10
506 611 10
507 390 10
507 392 10
507 395 10
507 396 10
507 397 10
507 401 10
507 403 10
507 407 10
507 413 10
507 416 10
507 418 10
507 424 10
507 431 10
507 432 10
507 438 10
507 439 10
507 441 10
507 443 10
507 446 10
507 447 10
507 449 10
507 455 10
507 456 10
507 461 10
507 462 10
507 463 10
507 464 10
507 466 10
507 467 10
507 471 10
507 472 10
507 473 10
507 476 10
507 492 10
507 497 10
507 502 10
507 504 10
507 505 10
507 506 10
507 514 10
507 516 10
507 518 10
507 519 10
507 528 10
507 532 10
507 534 10
507 537 10
507 545 10
507 546 10
507 548 10
507 549 10
507 550 10
507 551 10
507 552 10
507 554 10
507 556 10
507 563 10
507 564 10
507 565 10
507 567 10
507 568 10
507 581 10
507 583 10
507 585 10
507 586 10
507 587 10
507 590 10
507 591 10
507 592 10
507 596 10
507 598 10
507 599 10
507 601 10
507 603 10
507 604 10
507 605 10
507 606 10
507 607 10
507 609 10
507 610 10
507 611 10
508 390 10
508 402 10
508 404 10
508 405 10
508 406 10
508 407 10
508 413 10
508 416 10
508 417 10
508 418 10
508 419 10
508 420 10
508 421 10
508 423 10
508 424 10
508 425 10
508 426 10
508 430 10
508 431 10
508 432 10
508 433 10
508 440 10
508 449 10
508 451 10
508 452 10
508 457 10
508 458 10
508 460 10
508 469 10
508 473 10
508 475 10
508 476 10
508 477 10
508 478 10
508 484 10
508 490 10
508 491 10
508 492 10
508 494 10
508 497 10
508 498 10
508 499 10
508 500 10
508 501 10
508 505 10
508 506 10
508 518 10
508 536 10
508 537 10
508 540 10
508 542 10
508 544 10
508 545 10
508 546 10
508 548 10
508 550 10
508 551 10
508 557 10
508 562 10
508 567 10
508 572 10
508 574 10
508 581 10
508 582 10
508 585 10
508 587 10
508 588 10
508 590 10
508 594 10
508 595 10
508 596 10
508 597 10
508 598 10
508 600 10
508 601 10
508 602 10
508 604 10
508 606 10
508 607 10
509 382 10
509 386 10
509 389 10
509 391 10
509 394 10
509 396 10
509 410 10
509 412 10
509 413 10
509 414 10
509 415 10
509 417 10
509 419 10
509 421 10
509 422 10
509 423 10
509 425 10
509 427 10
509 428 10
509 430 10
509 431 10
509 433 10
509 448 10
509 456 10
509 459 10
509 461 10
509 462 10
509 463 10
509 464 10
509 465 10
509 469 10
509 471 10
509 474 10
509 475 10
509 478 10
509 479 10
509 481 10
509 482 10
509 483 10
509 487 10
509 494 10
509 495 10
509 498 10
509 499 10
509 500 10
509 501 10
509 502 10
509 504 10
509 506 10
509 507 10
509 509 10
509 515 10
509 523 10
509 533 10
509 535 10
509 536 10
509 542 10
509 543 10
509 545 10
509 547 10
509 548 10
509 550 10
509 557 10
509 558 10
509 559 10
509 560 10
509 562 10
509 583 10
509 586 10
509 587 10
509 592 10
509 596 10
509 597 10
509 598 10
509 599 10
509 600 10
509 601 10
509 602 10
509 606 10
509 608 10
509 610 10
509 612 10
509 613 10
510 380 10
510 382 10
510 390 10
510 393 10
510 394 10
510 397 10
510 405 10
510 409 10
510 410 10
510 411 10
510 412 10
510 415 10
510 417 10
510 421 10
510 422 10
510 424 10
510 425 10
510 426 10
510 427 10
510 428 10
510 430 10
510 432 10
510 444 10
510 446 10
510 447 10
510 457 10
510 458 10
510 459 10
510 460 10
510 467 10
510 469 10
510 470 10
510 471 10
510 473 10
510 474 10
510 475 10
510 476 10
510 477 10
510 478 10
510 479 10
510 485 10
510 486 10
510 487 10
510 490 10
510 491 10
510 493 10
510 494 10
510 496 10
510 499 10
510 501 10
510 503 10
510 504 10
510 507 10
510 508 10
510 509 10
510 523 10
510 541 10
510 546 10
510 549 10
510 555 10
510 557 10
510 562 10
510 563 10
510 566 10
510 568 10
510 574 10
510 584 10
510 585 10
510 587 10
510 589 10
510 590 10
510 592 10
510 595 10
510 596 10
510 597 10
510 598 10
510 599 10
510 600 10
510 601 10
510 602 10
510 612 10
511 398 10
511 399 10
511 400 10
511 401 10
511 403 10
511 407 10
511 408 10
511 411 10
511 413 10
511 415 10
511 416 10
511 418 10
511 419 10
511 421 10
511 423 10
511 424 10
511 428 10
511 429 10
511 433 10
511 434 10
511 438 10
511 443 10
511 444 10
511 446 10
511 448 10
511 457 10
511 458 10
511 459 10
511 462 10
511 465 10
511 466 10
511 468 10
511 469 10
511 470 10
511 471 10
511 473 10
511 474 10
511 475 10
511 477 10
511 479 10
511 482 10
511 484 10
511 485 10
511 486 10
511 487 10
511 488 10
511 489 10
511 491 10
511 492 10
511 496 10
511 497 10
511 498 10
511 501 10
511 502 10
511 503 10
511 506 10
511 507 10
511 508 10
511 509 10
511 514 10
511 520 10
511 523 10
511 524 10
511 525 10
511 526 10
511 535 10
511 537 10
511 538 10
511 539 10
511 541 10
511 542 10
511 546 10
511 553 10
511 557 10
511 558 10
511 559 10
511 560 10
511 563 10
511 565 10
511 573 10
511 576 10
511 578 10
511 587 10
511 589 10
511 590 10
511 592 10
511 597 10
511 598 10
511 599 10
511 601 10
511 603 10
511 604 10
512 394 10
512 403 10
512 406 10
512 407 10
512 409 10
512 410 10
512 412 10
512 413 10
512 415 10
512 416 10
512 417 10
512 421 10
512 422 10
512 424 10
512 425 10
512 426 10
512 428 10
512 429 10
512 430 10
512 439 10
512 441 10
512 442 10
512 447 10
512 449 10
512 454 10
512 457 10
512 459 10
512 463 10
512 465 10
512 467 10
512 468 10
512 469 10
512 471 10
512 472 10
512 473 10
512 474 10
512 477 10
512 478 10
512 481 10
512 482 10
512 485 10
512 486 10
512 487 10
512 488 10
512 489 10
512 491 10
512 493 10
512 496 10
512 498 10
512 499 10
512 501 10
512 503 10
512 505 10
512 507 10
512 513 10
512 515 10
512 516 10
512 517 10
512 518 10
512 520 10
512 521 10
512 524 10
512 525 10
512 526 10
512 527 10
512 530 10
512 532 10
512 533 10
512 535 10
512 537 10
512 540 10
512 541 10
512 542 10
512 546 10
512 548 10
512 551 10
512 555 10
512 557 10
512 559 10
512 561 10
512 563 10
512 573 10
512 574 10
512 590 10
512 591 10
512 594 10
512 598 10
512 600 10
512 601 10
512 606 10
512 607 10
513 393 10
513 397 10
513 403 10
513 407 10
513 408 10
513 410 10
513 411 10
513 412 10
513 414 10
513 415 10
513 416 10
513 417 10
513 419 10
513 420 10
513 422 10
513 424 10
513 426 10
513 427 10
513 433 10
513 434 10
513 435 10
513 437 10
513 441 10
513 443 10
513 444 10
513 447 10
513 449 10
513 456 10
513 457 10
513 460 10
513 465 10
513 466 10
513 467 10
513 468 10
513 469 10
513 470 10
513 471 10
513 472 10
513 473 10
513 474 10
513 475 10
513 476 10
513 483 10
513 484 10
513 485 10
513 487 10
513 489 10
513 490 10
513 492 10
513 494 10
513 495 10
513 497 10
513 499 10
513 500 10
513 502 10
513 503 10
513 505 10
513 506 10
513 507 10
513 508 10
513 509 10
513 511 10
513 524 10
513 526 10
513 527 10
513 528 10
513 530 10
513 531 10
513 532 10
513 533 10
513 535 10
513 538 10
513 550 10
513 564 10
513 572 10
513 573 10
513 580 10
513 581 10
513 588 10
513 589 10
513 590 10
513 591 10
513 592 10
513 593 10
513 596 10
513 597 10
513 600 10
513 602 10
513 603 10
513 604 10
513 605 10
514 392 10
514 394 10
514 400 10
514 408 10
514 409 10
514 412 10
514 415 10
514 416 10
514 417 10
514 420 10
514 421 10
514 422 10
514 424 10
514 425 10
514 426 10
514 429 10
514 430 10
514 432 10
514 433 10
514 435 10
514 441 10
514 443 10
514 444 10
514 447 10
514 454 10
514 456 10
514 463 10
514 464 10
514 465 10
514 466 10
514 469 10
514 471 10
514 472 10
514 473 10
514 474 10
514 475 10
514 477 10
514 480 10
514 481 10
514 482 10
514 483 10
514 485 10
514 488 10
514 490 10
514 491 10
514 492 10
514 493 10
514 495 10
514 496 10
514 501 10
514 504 10
514 505 10
514 506 10
514 507 10
514 510 10
514 512 10
514 515 10
514 516 10
514 517 10
514 518 10
514 519 10
514 520 10
514 521 10
514 522 10
514 523 10
514 526 10
514 527 10
514 528 10
514 529 10
514 537 10
514 538 10
514 541 10
514 542 10
514 563 10
514 564 10
514 575 10
514 578 10
514 587 10
514 594 10
514 595 10
514 597 10
514 599 10
514 603 10
514 604 10
514 605 10
514 608 10
515 398 10
515 405 10
515 407 10
515 410 10
515 412 10
515 413 10
515 414 10
515 415 10
515 416 10
515 418 10
515 419 10
515 421 10
515 423 10
515 425 10
515 428 10
515 431 10
515 434 10
515 436 10
515 438 10
515 439 10
515 449 10
515 458 10
515 459 10
515 460 10
515 464 10
515 465 10
515 469 10
515 470 10
515 471 10
515 472 10
515 473 10
515 474 10
515 475 10
515 477 10
515 485 10
515 486 10
515 487 10
515 488 10
515 489 10
515 493 10
515 497 10
515 499 10
515 500 10
515 503 10
515 505 10
515 506 10
515 507 10
515 508 10
515 510 10
515 511 10
515 513 10
515 515 10
515 516 100000
515 517 10
515 518 10
515 520 10
515 523 10
515 525 10
515 527 10
515 529 10
515 531 10
515 535 10
515 536 10
515 539 10
515 541 10
515 542 10
515 544 10
515 550 10
515 565 10
515 573 10
515 594 10
515 597 10
515 600 10
515 601 10
515 602 10
515 603 10
515 605 10
515 612 10
515 613 10
516 390 10
516 394 10
516 407 10
516 408 10
516 410 10
516 414 10
516 415 10
516 416 10
516 417 10
516 418 10
516 419 10
516 420 10
516 421 10
516 422 10
516 425 10
516 427 10
516 428 10
516 429 10
516 430 10
516 432 10
516 433 10
516 436 10
516 455 10
516 463 10
516 464 10
516 466 10
516 467 10
516 468 10
516 472 10
516 474 10
516 475 10
516 479 10
516 481 10
516 485 10
516 488 10
516 489 10
516 490 10
516 491 10
516 493 10
516 498 10
516 500 10
516 503 10
516 504 10
516 505 10
516 506 10
516 508 10
516 509 10
516 510 10
516 511 10
516 513 10
516 514 10
516 516 10
516 517 10
516 520 10
516 521 10
516 522 10
516 523 10
516 524 10
516 525 10
516 527 10
516 528 10
516 529 10
516 533 10
516 536 10
516 537 10
516 539 10
516 541 10
516 542 10
516 561 10
516 562 10
516 570 10
516 582 10
516 588 10
516 591 10
516 593 10
516 594 10
516 598 10
516 600 10
516 601 10
516 604 10
516 607 10
516 612 10
517 409 10
517 416 10
517 417 10
517 418 10
517 419 10
517 420 10
517 423 10
517 424 10
517 425 10
517 427 10
517 429 10
517 461 10
517 462 10
517 465 10
517 466 10
517 469 10
517 471 10
517 472 10
517 473 10
517 475 10
517 480 10
517 481 10
517 482 10
517 485 10
517 486 10
517 488 10
517 490 10
517 491 10
517 493 10
517 497 10
517 498 10
517 499 10
517 501 10
517 504 10
517 505 10
517 506 10
517 507 10
517 508 10
517 509 10
517 510 10
517 512 10
517 513 10
517 515 10
517 518 10
517 519 10
517 520 10
517 523 10
517 525 10
517 526 10
517 527 10
517 528 10
517 529 10
517 530 10
517 532 10
517 533 10
517 549 10
517 556 10
517 557 10
517 560 10
517 566 10
517 567 10
517 570 10
517 573 10
517 579 10
517 580 10
517 588 10
517 591 10
517 592 10
517 593 10
517 595 10
517 596 10
517 598 10
517 599 10
517 600 10
517 601 10
517 602 10
517 603 10
517 604 10
517 605 10
517 607 10
517 609 10
517 612 10
518 408 10
518 409 10
518 411 10
518 413 10
518 414 10
518 415 10
518 416 10
518 418 10
518 419 10
518 423 10
518 429 10
518 430 10
518 431 10
518 432 10
518 434 10
518 435 10
518 436 10
518 439 10
518 458 10
518 459 10
518 460 10
518 462 10
518 466 10
518 468 10
518 474 10
518 475 10
518 477 10
518 479 10
518 480 10
518 481 10
518 483 10
518 484 10
518 485 10
518 488 10
518 491 10
518 496 10
518 498 10
518 499 10
518 500 10
518 502 10
518 503 10
518 504 10
518 506 10
518 508 10
518 509 10
518 510 10
518 511 10
518 513 10
518 515 10
518 516 10
518 517 10
518 518 10
518 519 10
518 520 10
518 521 10
518 522 10
518 523 10
518 524 10
518 525 10
518 526 10
518 527 10
518 528 10
518 529 10
518 531 10
518 532 10
518 534 10
518 536 10
518 547 10
518 559 10
518 564 10
518 565 10
518 568 10
518 580 10
518 582 10
518 583 10
518 589 10
518 590 10
518 592 10
518 596 10
518 599 10
518 602 10
518 605 10
518 607 10
518 608 10
518 623 10
519 396 10
519 407 10
519 408 10
519 410 10
519 416 10
519 417 10
519 418 10
519 419 10
519 420 10
519 421 10
519 424 10
519 427 10
519 428 10
519 431 10
519 432 10
519 436 10
519 458 10
519 460 10
519 461 10
519 463 10
519 465 10
519 474 10
519 477 10
519 480 10
519 484 10
519 486 10
519 489 10
519 491 10
519 493 10
519 494 10
519 495 10
519 496 10
519 497 10
519 499 10
519 505 10
519 507 10
519 509 10
519 510 10
519 511 10
519 512 10
519 515 10
519 518 10
519 519 10
519 521 10
519 522 10
519 526 10
519 527 10
519 529 10
519 530 10
519 533 10
519 548 10
519 557 10
519 558 10
519 566 10
519 570 10
519 571 10
519 574 10
519 586 10
519 587 10
519 591 10
519 594 10
519 595 10
519 596 10
519 600 10
519 607 10
520 411 10
520 412 10
520 413 10
520 414 10
520 415 10
520 416 10
520 417 10
520 419 10
520 421 10
520 422 10
520 427 10
520 429 10
520 430 10
520 431 10
520 432 10
520 433 10
520 436 10
520 437 10
520 438 10
520 460 10
520 464 10
520 470 10
520 478 10
520 479 10
520 483 10
520 484 10
520 485 10
520 487 10
520 488 10
520 491 10
520 495 10
520 496 10
520 498 10
520 501 10
520 504 10
520 505 10
520 506 10
520 508 10
520 511 10
520 514 10
520 518 10
520 519 10
520 520 10
520 522 10
520 527 10
520 529 10
520 531 10
520 533 10
520 536 10
520 538 10
520 548 10
520 549 10
520 564 10
520 566 10
520 578 10
520 581 10
520 584 10
520 588 10
520 590 10
520 592 10
520 593 10
520 599 10
520 600 10
520 602 10
520 603 10
520 605 10
520 610 10
521 396 10
521 406 10
521 408 10
521 409 10
521 411 10
521 414 10
521 415 10
521 418 10
521 429 10
521 431 10
521 434 10
521 439 10
521 440 10
521 457 10
521 466 10
521 471 10
521 472 10
521 473 10
521 478 10
521 480 10
521 481 10
521 484 10
521 487 10
521 492 10
521 493 10
521 496 10
521 497 10
521 498 10
521 500 10
521 502 10
521 506 10
521 507 10
521 511 10
521 512 10
521 513 10
521 514 10
521 519 10
521 521 10
521 522 10
521 523 10
521 540 10
521 547 10
521 549 10
521 560 10
521 562 10
521 563 10
521 564 10
521 566 10
521 574 10
521 576 10
521 578 10
521 580 10
521 581 10
521 587 10
521 589 10
521 590 10
521 591 10
521 592 10
521 593 10
521 596 10
521 599 10
521 600 10
521 602 10
522 407 10
522 408 10
522 409 10
522 410 10
522 411 10
522 412 10
522 414 10
522 415 10
522 416 10
522 417 10
522 424 10
522 428 10
522 430 10
522 432 10
522 434 10
522 439 10
522 458 10
522 459 10
522 462 10
522 463 10
522 464 10
522 470 10
522 473 10
522 481 10
522 482 10
522 484 10
522 485 10
522 487 10
522 488 10
522 490 10
522 493 10
522 494 10
522 496 10
522 499 10
522 501 10
522 502 10
522 508 10
522 513 10
522 520 10
522 530 10
522 532 10
522 533 10
522 534 10
522 535 10
522 537 10
522 539 10
522 549 10
522 552 10
522 554 10
522 556 10
522 566 10
522 569 10
522 572 10
522 575 10
522 576 10
522 577 10
522 580 10
522 586 10
522 587 10
522 589 10
522 590 10
522 592 10
522 595 10
522 596 10
522 598 10
522 599 10
522 601 10
522 606 10
522 614 10
522 616 10
523 407 10
523 408 10
523 410 10
523 411 10
523 414 10
523 417 10
523 418 10
523 433 10
523 434 10
523 435 10
523 437 10
523 455 10
523 457 10
523 463 10
523 470 10
523 472 10
523 473 10
523 474 10
523 477 10
523 479 10
523 484 10
523 488 10
523 492 10
523 495 10
523 501 10
523 504 10
523 513 10
523 521 10
523 523 10
523 524 10
523 529 10
523 530 10
523 533 10
523 534 10
523 537 10
523 538 10
523 539 10
523 549 10
523 551 10
523 552 10
523 557 10
523 563 10
523 566 10
523 567 10
523 570 10
523 572 10
523 574 10
523 575 10
523 576 10
523 577 10
523 578 10
523 582 10
523 583 10
523 584 10
523 586 10
523 591 10
523 592 10
523 593 10
523 595 10
523 601 10
523 603 10
523 605 10
523 607 10
523 608 10
523 615 10
524 405 10
524 411 10
524 415 10
524 419 10
524 421 10
524 426 10
524 430 10
524 432 10
524 457 10
524 459 10
524 462 10
524 465 10
524 475 10
524 476 10
524 478 10
524 479 10
524 485 10
524 492 10
524 493 10
524 496 10
524 497 10
524 499 10
524 501 10
524 504 10
524 505 10
524 509 10
524 512 10
524 513 10
524 516 10
524 521 10
524 522 10
524 525 10
524 530 10
524 532 10
524 538 10
524 545 10
524 549 10
524 551 10
524 554 10
524 557 10
524 561 10
524 563 10
524 564 10
524 565 10
524 568 10
524 569 10
524 572 10
524 573 10
524 574 10
524 575 10
524 577 10
524 578 10
524 585 10
524 586 10
524 589 10
524 592 10
524 594 10
524 597 10
524 598 10
524 599 10
524 600 10
524 601 10
524 602 10
524 611 10
524 613 10
525 405 10
525 409 10
525 410 10
525 415 10
525 417 10
525 419 10
525 436 10
525 438 10
525 454 10
525 455 10
525 458 10
525 459 10
525 460 10
525 461 10
525 470 10
525 471 10
525 472 10
525 473 10
525 477 10
525 494 10
525 497 10
525 499 10
525 502 10
525 505 10
525 506 10
525 508 10
525 516 10
525 518 10
525 525 10
525 526 10
525 531 10
525 534 10
525 536 10
525 538 10
525 539 10
525 540 10
525 546 10
525 551 10
525 559 10
525 563 10
525 564 10
525 565 10
525 566 10
525 567 10
525 568 10
525 570 10
525 573 10
525 577 10
525 580 10
525 582 10
525 586 10
525 587 10
525 589 10
525 591 10
525 594 10
525 597 10
525 602 10
525 603 10
525 610 10
525 611 10
525 612 10
525 613 10
525 614 10
526 402 10
526 409 10
526 411 10
526 412 10
526 414 10
526 415 10
526 416 10
526 422 10
526 427 10
526 430 10
526 431 10
526 433 10
526 437 10
526 438 10
526 439 10
526 441 10
526 444 10
526 454 10
526 460 10
526 462 10
526 463 10
526 467 10
526 469 10
526 473 10
526 474 10
526 478 10
526 479 10
526 498 10
526 499 10
526 502 10
526 503 10
526 504 10
526 507 10
526 508 10
526 512 10
526 519 10
526 525 10
526 527 10
526 532 10
526 533 10
526 535 10
526 536 10
526 538 10
526 539 10
526 541 10
526 542 10
526 544 10
526 547 10
526 548 10
526 549 10
526 551 10
526 552 10
526 554 10
526 556 10
526 563 10
526 569 10
526 570 10
526 571 10
526 574 10
526 575 10
526 576 10
526 578 10
526 579 10
526 581 10
526 583 10
526 584 10
526 587 10
526 588 10
526 591 10
526 593 10
526 595 10
526 597 10
526 599 10
526 600 10
526 601 10
526 604 10
526 609 10
526 610 10
526 614 10
526 620 10
527 406 10
527 407 10
527 413 10
527 414 10
527 417 10
527 423 10
527 425 10
527 428 10
527 429 10
527 437 10
527 438 10
527 440 10
527 447 10
527 451 10
527 453 10
527 454 10
527 457 10
527 459 10
527 461 10
527 462 10
527 463 10
527 464 10
527 467 10
527 469 10
527 470 10
527 475 10
527 477 10
527 497 10
527 499 10
527 501 10
527 502 10
527 505 10
527 506 10
527 508 10
527 510 10
527 512 10
527 514 10
527 519 10
527 523 10
527 524 10
527 526 10
527 530 10
527 531 10
527 534 10
527 535 10
527 538 10
527 541 10
527 543 10
527 545 10
527 548 10
527 558 10
527 559 10
527 565 10
527 566 10
527 567 10
527 569 10
527 570 10
527 571 10
527 574 10
527 575 10
527 577 10
527 579 10
527 581 10
527 584 10
527 586 10
527 587 10
527 588 10
527 589 10
527 590 10
527 596 10
527 597 10
527 600 10
527 601 10
527 602 10
527 604 10
527 611 10
527 612 10
527 614 10
527 615 10
527 616 10
527 617 10
527 618 10
528 406 10
528 407 10
528 410 10
528 412 10
528 414 10
528 415 10
528 418 10
528 419 10
528 421 10
528 424 10
528 425 10
528 429 10
528 430 10
528 432 10
528 437 10
528 438 10
528 439 10
528 442 10
528 448 10
528 450 10
528 452 10
528 455 10
528 459 10
528 460 10
528 461 10
528 462 10
528 463 10
528 464 10
528 465 10
528 467 10
528 469 10
528 470 10
528 472 10
528 474 10
528 475 10
528 477 10
528 481 10
528 492 10
528 503 10
528 504 10
528 507 10
528 508 10
528 509 10
528 510 10
528 514 10
528 522 10
528 523 10
528 524 10
528 525 10
528 526 10
528 527 10
528 529 10
528 532 10
528 533 10
528 534 10
528 535 10
528 536 10
528 540 10
528 542 10
528 543 10
528 544 10
528 546 10
528 547 10
528 549 10
528 550 10
528 552 10
528 554 10
528 555 10
528 556 10
528 557 10
528 558 10
528 559 10
528 568 10
528 573 10
528 576 10
528 577 10
528 578 10
528 579 10
528 582 10
528 586 10
528 588 10
528 589 10
528 590 10
528 591 10
528 594 10
528 595 10
528 597 10
528 599 10
528 600 10
528 602 10
528 603 10
528 604 10
528 613 10
528 614 10
528 615 10
528 616 10
528 618 10
529 405 10
529 408 10
529 412 10
529 428 10
529 429 10
529 430 10
529 432 10
529 434 10
529 435 10
529 441 10
529 446 10
529 450 10
529 452 10
529 454 10
529 455 10
529 456 10
529 457 10
529 458 10
529 459 10
529 462 10
529 464 10
529 465 10
529 467 10
529 468 10
529 470 10
529 476 10
529 477 10
529 478 10
529 503 10
529 504 10
529 506 10
529 507 10
529 508 10
529 509 10
529 510 10
529 511 10
529 512 10
529 515 10
529 516 10
529 519 10
529 522 10
529 524 10
529 527 10
529 528 10
529 529 10
529 530 10
529 531 10
529 535 10
529 536 10
529 537 10
529 541 10
529 544 10
529 547 10
529 548 10
529 549 10
529 552 10
529 554 10
529 555 10
529 556 10
529 558 10
529 564 10
529 565 10
529 566 10
529 567 10
529 568 10
529 569 10
529 570 10
529 575 10
529 577 10
529 578 10
529 579 10
529 585 10
529 586 10
529 589 10
529 592 10
529 593 10
529 594 10
529 595 10
529 596 10
529 597 10
529 599 10
529 600 10
529 601 10
529 602 10
529 610 10
530 406 10
530 407 10
530 408 10
530 411 10
530 416 10
530 423 10
530 424 10
530 425 10
530 426 10
530 427 10
530 435 10
530 438 10
530 443 10
530 448 10
530 449 10
530 451 10
530 452 10
530 453 10
530 454 10
530 457 10
530 461 10
530 462 10
530 463 10
530 464 10
530 466 10
530 468 10
530 470 10
530 471 10
530 476 10
530 477 10
530 478 10
530 479 10
530 481 10
530 483 10
530 484 10
530 491 10
530 497 10
530 503 10
530 508 10
530 510 10
530 512 10
530 513 10
530 514 10
530 517 10
530 528 10
530 529 10
530 532 10
530 533 10
530 534 10
530 535 10
530 536 10
530 542 10
530 544 10
530 545 10
530 546 10
530 547 10
530 548 10
530 552 10
530 554 10
530 556 10
530 558 10
530 560 10
530 569 10
530 572 10
530 573 10
530 578 10
530 579 10
530 580 10
530 585 10
530 588 10
530 590 10
530 591 10
530 592 10
530 593 10
530 595 10
530 596 10
530 610 10
530 611 10
530 615 10
530 616 10
531 405 10
531 406 10
531 413 10
531 416 10
531 418 10
531 420 10
531 421 10
531 424 10
531 426 10
531 427 10
531 431 10
531 434 10
531 435 10
531 438 10
531 439 10
531 445 10
531 446 10
531 447 10
531 449 10
531 450 10
531 451 10
531 452 10
531 453 10
531 455 10
531 457 10
531 458 10
531 459 10
531 462 10
531 463 10
531 465 10
531 467 10
531 468 10
531 470 10
531 472 10
531 474 10
531 476 10
531 478 10
531 483 10
531 489 10
531 490 10
531 493 10
531 496 10
531 497 10
531 498 10
531 502 10
531 503 10
531 506 10
531 507 10
531 508 10
531 513 10
531 514 10
531 516 10
531 517 10
531 519 10
531 520 10
531 525 10
531 526 10
531 528 10
531 529 10
531 530 10
531 533 10
531 534 10
531 535 10
531 540 10
531 542 10
531 543 10
531 544 10
531 545 10
531 546 10
531 549 10
531 550 10
531 551 10
531 556 10
531 558 10
531 560 10
531 562 10
531 563 10
531 566 10
531 568 10
531 572 10
531 574 10
531 576 10
531 580 10
531 588 10
531 590 10
531 591 10
531 593 10
531 598 10
531 599 10
531 609 10
531 612 10
531 615 10
531 616 10
531 617 10
531 618 10
532 391 10
532 406 10
532 409 10
532 411 10
532 415 10
532 416 10
532 419 10
532 421 10
532 423 10
532 425 10
532 426 10
532 427 10
532 430 10
532 432 10
532 433 10
532 434 10
532 438 10
532 440 10
532 443 10
532 446 10
532 448 10
532 449 10
532 450 10
532 451 10
532 452 10
532 453 10
532 456 10
532 458 10
532 460 10
532 462 10
532 464 10
532 466 10
532 470 10
532 472 10
532 475 10
532 477 10
532 478 10
532 479 10
532 480 10
532 485 10
532 493 10
532 494 10
532 498 10
532 504 10
532 505 10
532 506 10
532 509 10
532 512 10
532 514 10
532 519 10
532 527 10
532 529 10
532 531 10
532 533 10
532 540 10
532 541 10
532 542 10
532 543 10
532 544 10
532 546 10
532 549 10
532 550 10
532 551 10
532 557 10
532 558 10
532 561 10
532 570 10
532 575 10
532 576 10
532 579 10
532 584 10
532 585 10
532 586 10
532 587 10
532 588 10
532 589 10
532 591 10
532 592 10
532 594 10
532 596 10
532 598 10
532 613 10
532 616 10
532 617 10
532 618 10
532 620 10
532 621 10
532 624 10
533 408 10
533 409 10
533 410 10
533 411 10
533 413 10
533 416 10
533 417 10
533 421 10
533 422 10
533 423 10
533 424 10
533 428 10
533 430 10
533 432 10
533 441 10
533 442 10
533 443 10
533 444 10
533 445 10
533 446 10
533 447 10
533 448 10
533 449 10
533 450 10
533 452 10
533 454 10
533 455 10
533 456 10
533 460 10
533 462 10
533 464 10
533 467 10
533 471 10
533 472 10
533 477 10
533 485 10
533 488 10
533 490 10
533 492 10
533 497 10
533 499 10
533 500 10
533 502 10
533 507 10
533 509 10
533 511 10
533 512 10
533 513 10
533 514 10
533 515 10
533 516 10
533 518 10
533 520 10
533 531 10
533 534 10
533 535 10
533 538 10
533 541 10
533 542 10
533 543 10
533 544 10
533 546 10
533 548 10
533 549 10
533 551 10
533 553 10
533 555 10
533 557 10
533 570 10
533 572 10
533 574 10
533 576 10
533 582 10
533 584 10
533 585 10
533 586 10
533 587 10
533 589 10
533 596 10
533 597 10
533 604 10
533 608 10
533 613 10
533 614 10
533 617 10
533 618 10
533 621 10
533 623 10
533 627 10
534 393 10
534 395 10
534 405 10
534 407 10
534 411 10
534 415 10
534 417 10
534 418 10
534 420 10
534 428 10
534 429 10
534 431 10
534 432 10
534 433 10
534 441 10
534 443 10
534 445 10
534 447 10
534 450 10
534 451 10
534 452 10
534 453 10
534 454 10
534 455 10
534 457 10
534 458 10
534 459 10
534 460 10
534 461 10
534 462 10
534 465 10
534 466 10
534 467 10
534 469 10
534 470 10
534 472 10
534 477 10
534 478 10
534 481 10
534 485 10
534 489 10
534 490 10
534 492 10
534 493 10
534 500 10
534 502 10
534 503 10
534 504 10
534 511 10
534 513 10
534 514 10
534 516 10
534 518 10
534 522 10
534 523 10
534 531 10
534 533 10
534 534 10
534 536 10
534 539 10
534 540 10
534 541 10
534 542 10
534 543 10
534 548 10
534 549 10
534 550 10
534 551 10
534 557 10
534 559 10
534 560 10
534 561 10
534 568 10
534 570 10
534 572 10
534 576 10
534 577 10
534 579 10
534 580 10
534 584 10
534 586 10
534 587 10
534 588 10
534 589 10
534 590 10
534 591 10
534 593 10
534 594 10
534 596 10
534 597 10
534 600 10
534 601 10
534 608 10
534 609 10
534 612 10
534 616 10
534 617 10
534 618 10
534 619 10
534 622 10
535 385 10
535 386 10
535 397 10
535 398 10
535 404 10
535 405 10
535 407 10
535 409 10
535 412 10
535 419 10
535 422 10
535 423 10
535 424 10
535 425 10
535 427 10
535 430 10
535 431 10
535 432 10
535 435 10
535 442 10
535 443 10
535 445 10
535 447 10
535 448 10
535 449 10
535 450 10
535 451 10
535 452 10
535 453 10
535 454 10
535 455 10
535 456 10
535 457 10
535 458 10
535 464 10
535 465 10
535 466 10
535 470 10
535 473 10
535 476 10
535 480 10
535 487 10
535 488 10
535 489 10
535 492 10
535 495 10
535 497 10
535 498 10
535 503 10
535 510 10
535 511 10
535 512 10
535 514 10
535 515 10
535 520 10
535 523 10
535 527 10
535 528 10
535 529 10
535 533 10
535 534 10
535 538 10
535 541 10
535 542 10
535 543 10
535 544 10
535 545 10
535 554 10
535 561 10
535 562 10
535 565 10
535 568 10
535 574 10
535 575 10
535 576 10
535 577 10
535 579 10
535 580 10
535 582 10
535 584 10
535 585 10
535 587 10
535 588 10
535 589 10
535 591 10
535 592 10
535 593 10
535 594 10
535 595 10
535 597 10
535 602 10
535 605 10
535 609 10
535 613 10
535 614 10
535 615 10
535 616 10
535 617 10
535 620 10
535 622 10
535 624 10
536 392 10
536 394 10
536 396 10
536 398 10
536 399 10
536 402 10
536 409 10
536 412 10
536 414 10
536 416 10
536 417 10
536 419 10
536 420 10
536 421 10
536 425 10
536 426 10
536 428 10
536 429 10
536 430 10
536 435 10
536 442 10
536 447 10
536 450 10
536 451 10
536 452 10
536 453 10
536 454 10
536 455 10
536 456 10
536 458 10
536 459 10
536 460 10
536 461 10
536 463 10
536 465 10
536 467 10
536 468 10
536 471 10
536 474 10
536 477 10
536 480 10
536 486 10
536 490 10
536 494 10
536 495 10
536 498 10
536 499 10
536 500 10
536 501 10
536 502 10
536 503 10
536 504 10
536 505 10
536 508 10
536 510 10
536 511 10
536 512 10
536 514 10
536 515 10
536 517 10
536 518 10
536 519 10
536 522 10
536 523 10
536 525 10
536 526 10
536 531 10
536 535 10
536 536 10
536 537 10
536 540 10
536 542 10
536 543 10
536 545 10
536 547 10
536 549 10
536 550 10
536 551 10
536 552 10
536 554 10
536 556 10
536 560 10
536 565 10
536 568 10
536 569 10
536 570 10
536 571 10
536 572 10
536 573 10
536 574 10
536 577 10
536 578 10
536 580 10
536 588 10
536 591 10
536 594 10
536 595 10
536 600 10
536 602 10
536 608 10
536 609 10
536 611 10
536 614 10
536 617 10
536 618 10
536 619 10
536 620 10
537 392 10
537 394 10
537 395 10
537 396 10
537 397 10
537 399 10
537 400 10
537 407 10
537 409 10
537 411 10
537 413 10
537 424 10
537 428 10
537 431 10
537 432 10
537 440 10
537 443 10
537 446 10
537 447 10
537 448 10
537 449 10
537 450 10
537 452 10
537 453 10
537 454 10
537 455 10
537 458 10
537 459 10
537 462 10
537 464 10
537 465 10
537 466 10
537 468 10
537 481 10
537 484 10
537 485 10
537 497 10
537 498 10
537 500 10
537 504 10
537 505 10
537 506 10
537 509 10
537 510 10
537 511 10
537 512 10
537 513 10
537 514 10
537 515 10
537 517 10
537 521 10
537 524 10
537 527 10
537 528 10
537 531 10
537 533 10
537 534 10
537 535 10
537 537 10
537 540 10
537 542 10
537 543 10
537 545 10
537 549 10
537 551 10
537 553 10
537 557 10
537 558 10
537 559 10
537 560 10
537 561 10
537 562 10
537 564 10
537 567 10
537 569 10
537 571 10
537 574 10
537 575 10
537 577 10
537 578 10
537 580 10
537 583 10
537 588 10
537 589 10
537 591 10
537 592 10
537 593 10
537 594 10
537 598 10
537 604 10
537 605 10
537 608 10
537 612 10
537 617 10
537 618 10
537 621 10
537 622 10
537 623 10
538 394 10
538 397 10
538 398 10
538 399 10
538 402 10
538 406 10
538 409 10
538 410 10
538 415 10
538 416 10
538 417 10
538 418 10
538 422 10
538 424 10
538 428 10
538 429 10
538 430 10
538 432 10
538 440 10
538 444 10
538 448 10
538 449 10
538 450 10
538 451 10
538 452 10
538 454 10
538 456 10
538 457 10
538 458 10
538 459 10
538 460 10
538 461 10
538 462 10
538 463 10
538 464 10
538 466 10
538 472 10
538 480 10
538 484 10
538 486 10
538 489 10
538 495 10
538 497 10
538 499 10
538 500 10
538 502 10
538 503 10
538 504 10
538 506 10
538 511 10
538 512 10
538 513 10
538 517 10
538 521 10
538 523 10
538 525 10
538 528 10
538 530 10
538 533 10
538 534 10
538 536 10
538 547 10
538 548 10
538 551 10
538 553 10
538 555 10
538 556 10
538 562 10
538 565 10
538 568 10
538 570 10
538 571 10
538 572 10
538 577 10
538 578 10
538 586 10
538 588 10
538 589 10
538 591 10
538 592 10
538 605 10
538 607 10
538 609 10
538 610 10
538 621 10
539 394 10
539 396 10
539 397 10
539 398 10
539 400 10
539 406 10
539 408 10
539 409 10
539 410 10
539 411 10
539 412 10
539 418 10
539 420 10
539 424 10
539 426 10
539 427 10
539 428 10
539 431 10
539 432 10
539 436 10
539 447 10
539 449 10
539 451 10
539 452 10
539 454 10
539 455 10
539 456 10
539 457 10
539 459 10
539 460 10
539 464 10
539 466 10
539 468 10
539 473 10
539 477 10
539 479 10
539 485 10
539 504 10
539 506 10
539 507 10
539 510 10
539 515 10
539 517 10
539 523 10
539 528 10
539 536 10
539 537 10
539 538 10
539 539 10
539 549 10
539 551 10
539 558 10
539 559 10
539 560 10
539 562 10
539 563 10
539 568 10
539 569 10
539 570 10
539 571 10
539 577 10
539 578 10
539 580 10
539 582 10
539 586 10
539 587 10
539 588 10
539 590 10
539 596 10
539 607 10
539 608 10
539 609 10
539 611 10
539 613 10
539 615 10
539 616 10
539 619 10
539 622 10
540 393 10
540 394 10
540 398 10
540 399 10
540 400 10
540 403 10
540 406 10
540 409 10
540 410 10
540 411 10
540 412 10
540 413 10
540 414 10
540 416 10
540 419 10
540 421 10
540 423 10
540 427 10
540 429 10
540 430 10
540 432 10
540 451 10
540 452 10
540 455 10
540 456 10
540 457 10
540 458 10
540 459 10
540 460 10
540 461 10
540 464 10
540 466 10
540 469 10
540 470 10
540 471 10
540 474 10
540 476 10
540 481 10
540 483 10
540 487 10
540 499 10
540 500 10
540 501 10
540 507 10
540 510 10
540 511 10
540 512 10
540 513 10
540 519 10
540 521 10
540 523 10
540 525 10
540 526 10
540 531 10
540 538 10
540 539 10
540 540 10
540 541 10
540 543 10
540 544 10
540 549 10
540 551 10
540 554 10
540 556 10
540 557 10
540 565 10
540 567 10
540 568 10
540 569 10
540 570 10
540 572 10
540 573 10
540 576 10
540 577 10
540 580 10
540 582 10
540 584 10
540 586 10
540 587 10
540 588 10
540 589 10
540 591 10
540 593 10
540 609 10
540 611 10
540 620 10
540 622 10
541 398 10
541 407 10
541 408 10
541 410 10
541 411 10
541 412 10
541 415 10
541 416 10
541 418 10
541 420 10
541 422 10
541 429 10
541 430 10
541 435 10
541 436 10
541 444 10
541 446 10
541 451 10
541 453 10
541 456 10
541 462 10
541 463 10
541 466 10
541 467 10
541 470 10
541 471 10
541 476 10
541 477 10
541 504 10
541 507 10
541 508 10
541 509 10
541 512 10
541 519 10
541 527 10
541 530 10
541 539 10
541 540 10
541 541 10
541 542 10
541 544 10
541 546 10
541 548 10
541 549 10
541 550 10
541 554 10
541 555 10
541 570 10
541 572 10
541 573 10
541 575 10
541 577 10
541 580 10
541 587 10
541 590 10
541 595 10
541 604 10
541 606 10
541 608 10
541 610 10
541 615 10
541 616 10
541 617 10
541 620 10
541 622 10
542 404 10
542 405 10
542 406 10
542 407 10
542 408 10
542 409 10
542 410 10
542 411 10
542 412 10
542 413 10
542 414 10
542 420 10
542 426 10
542 427 10
542 431 10
542 444 10
542 450 10
542 452 10
542 457 10
542 459 10
542 465 10
542 467 10
542 468 10
542 469 10
542 471 10
542 472 10
542 479 10
542 489 10
542 493 10
542 497 10
542 498 10
542 505 10
542 506 10
542 507 10
542 508 10
542 509 10
542 510 10
542 516 10
542 517 10
542 520 10
542 522 10
542 524 10
542 525 10
542 527 10
542 529 10
542 530 10
542 532 10
542 534 10
542 537 10
542 541 10
542 543 10
542 547 10
542 555 10
542 556 10
542 557 10
542 560 10
542 568 10
542 571 10
542 572 10
542 573 10
542 584 10
542 585 10
542 588 10
542 589 10
542 593 10
542 595 10
542 606 10
542 607 10
542 612 10
542 617 10
542 619 10
542 620 10
543 407 10
543 408 10
543 409 10
543 411 10
543 412 10
543 413 10
543 414 10
543 418 10
543 424 10
543 425 10
543 440 10
543 448 10
543 451 10
543 452 10
543 454 10
543 456 10
543 457 10
543 461 10
543 468 10
543 469 10
543 470 10
543 480 10
543 482 10
543 484 10
543 487 10
543 493 10
543 500 10
543 505 10
543 510 10
543 511 10
543 513 10
543 515 10
543 519 10
543 523 10
543 526 10
543 529 10
543 532 10
543 536 10
543 537 10
543 538 10
543 543 10
543 546 10
543 549 10
543 554 10
543 557 10
543 561 10
543 566 10
543 569 10
543 570 10
543 571 10
543 572 10
543 574 10
543 576 10
543 585 10
543 586 10
543 587 10
543 588 10
543 591 10
543 592 10
543 593 10
543 597 10
543 598 10
543 600 10
543 609 10
544 402 10
544 403 10
544 405 10
544 406 10
544 408 10
544 409 10
544 411 10
544 413 10
544 415 10
544 417 10
544 424 10
544 425 10
544 426 10
544 428 10
544 432 10
544 443 10
544 445 10
544 446 10
544 447 10
544 448 10
544 452 10
544 457 10
544 459 10
544 461 10
544 465 10
544 466 10
544 468 10
544 469 10
544 470 10
544 472 10
544 477 10
544 480 10
544 482 10
544 483 10
544 487 10
544 488 10
544 490 10
544 494 10
544 496 10
544 497 10
544 499 10
544 500 10
544 505 10
544 507 10
544 508 10
544 509 10
544 511 10
544 512 10
544 515 10
544 518 10
544 520 10
544 529 10
544 530 10
544 536 10
544 538 10
544 547 10
544 554 10
544 566 10
544 569 10
544 570 10
544 574 10
544 583 10
544 585 10
544 587 10
544 591 10
544 595 10
544 596 10
544 602 10
544 607 10
544 608 10
544 609 10
544 618 10
544 619 10
545 401 10
545 403 10
545 404 10
545 407 10
545 408 10
545 409 10
545 411 10
545 413 10
545 414 10
545 417 10
545 422 10
545 424 10
545 427 10
545 429 10
545 430 10
545 432 10
545 438 10
545 446 10
545 450 10
545 451 10
545 452 10
545 459 10
545 461 10
545 464 10
545 470 10
545 471 10
545 473 10
545 476 10
545 477 10
545 480 10
545 483 10
545 484 10
545 486 10
545 492 10
545 493 10
545 495 10
545 496 10
545 497 10
545 499 10
545 500 10
545 502 10
545 506 10
545 509 10
545 511 10
545 512 10
545 514 10
545 515 10
545 517 10
545 518 10
545 520 10
545 526 10
545 528 10
545 530 10
545 534 10
545 535 10
545 536 10
545 538 10
545 542 10
545 543 10
545 546 10
545 547 10
545 548 10
545 549 10
545 551 10
545 560 10
545 571 10
545 573 10
545 585 10
545 589 10
545 594 10
545 596 10
545 599 10
545 600 10
545 602 10
545 603 10
545 604 10
546 401 10
546 403 10
546 407 10
546 408 10
546 409 10
546 412 10
546 413 10
546 414 10
546 420 10
546 423 10
546 424 10
546 426 10
546 429 10
546 434 10
546 437 10
546 439 10
546 441 10
546 445 10
546 446 10
546 449 10
546 450 10
546 451 10
546 454 10
546 455 10
546 456 10
546 457 10
546 464 10
546 465 10
546 466 10
546 467 10
546 471 10
546 472 10
546 473 10
546 475 10
546 476 10
546 479 10
546 480 10
546 481 10
546 482 10
546 484 10
546 485 10
546 486 10
546 490 10
546 491 10
546 492 10
546 493 10
546 494 10
546 495 10
546 496 10
546 497 10
546 501 10
546 503 10
546 509 10
546 511 10
546 513 10
546 514 10
546 515 10
546 517 10
546 519 10
546 520 10
546 521 10
546 522 10
546 528 10
546 529 10
546 533 10
546 535 10
546 537 10
546 538 10
546 539 10
546 541 10
546 544 10
546 545 10
546 564 10
546 565 10
546 566 10
546 567 10
546 568 10
546 572 10
546 581 10
546 582 10
546 584 10
546 585 10
546 586 10
546 588 10
546 593 10
546 598 10
546 599 10
546 600 10
546 601 10
546 602 10
546 603 10
546 604 10
546 606 10
546 607 10
546 609 10
546 618 10
546 619 10
547 405 10
547 409 10
547 414 10
547 416 10
547 422 10
547 423 10
547 424 10
547 428 10
547 430 10
547 432 10
547 435 10
547 439 10
547 440 10
547 442 10
547 446 10
547 448 10
547 450 10
547 451 10
547 452 10
547 453 10
547 454 10
547 456 10
547 461 10
547 462 10
547 465 10
547 467 10
547 468 10
547 471 10
547 474 10
547 476 10
547 477 10
547 478 10
547 479 10
547 480 10
547 481 10
547 482 10
547 483 10
547 484 10
547 485 10
547 486 10
547 487 10
547 489 10
547 492 10
547 494 10
547 495 10
547 497 10
547 498 10
547 501 10
547 503 10
547 504 10
547 505 10
547 506 10
547 508 10
547 510 10
547 512 10
547 513 10
547 514 10
547 515 10
547 516 10
547 518 10
547 519 10
547 520 10
547 522 10
547 523 10
547 528 10
547 530 10
547 531 10
547 532 10
547 536 10
547 537 10
547 538 10
547 540 10
547 542 10
547 547 10
547 548 10
547 550 10
547 551 10
547 555 10
547 571 10
547 582 10
547 583 10
547 592 10
547 595 10
547 596 10
547 600 10
547 602 10
547 603 10
547 604 10
547 605 10
547 607 10
547 610 10
547 617 10
548 397 10
548 403 10
548 405 10
548 407 10
548 410 10
548 411 10
548 412 10
548 413 10
548 415 10
548 420 10
548 421 10
548 424 10
548 425 10
548 428 10
548 431 10
548 433 10
548 435 10
548 436 10
548 437 10
548 439 10
548 441 10
548 442 10
548 443 10
548 446 10
548 448 10
548 450 10
548 452 10
548 453 10
548 456 10
548 457 10
548 458 10
548 463 10
548 464 10
548 469 10
548 470 10
548 474 10
548 479 10
548 480 10
548 481 10
548 483 10
548 485 10
548 486 10
548 487 10
548 488 10
548 490 10
548 493 10
548 494 10
548 495 10
548 496 10
548 498 10
548 500 10
548 502 10
548 503 10
548 504 10
548 505 10
548 507 10
548 509 10
548 512 10
548 514 10
548 516 10
548 518 10
548 520 10
548 523 10
548 524 10
548 526 10
548 528 10
548 532 10
548 535 10
548 536 10
548 539 10
548 541 10
548 547 10
548 550 10
548 552 10
548 553 10
548 557 10
548 562 10
548 563 10
548 568 10
548 572 10
548 578 10
548 584 10
548 585 10
548 586 10
548 588 10
548 589 10
548 590 10
548 595 10
548 598 10
548 603 10
548 604 10
548 606 10
548 607 10
548 609 10
548 610 10
548 617 10
549 403 10
549 404 10
549 406 10
549 409 10
549 413 10
549 415 10
549 416 10
549 417 10
549 419 10
549 423 10
549 424 10
549 425 10
549 430 10
549 431 10
549 432 10
549 433 10
549 441 10
549 443 10
549 444 10
549 445 10
549 450 10
549 451 10
549 452 10
549 453 10
549 457 10
549 458 10
549 460 10
549 462 10
549 466 10
549 469 10
549 471 10
549 472 10
549 473 10
549 475 10
549 476 10
549 478 10
549 479 10
549 481 10
549 483 10
549 487 10
549 489 10
549 490 10
549 491 10
549 492 10
549 494 10
549 497 10
549 501 10
549 503 10
549 504 10
549 505 10
549 506 10
549 507 10
549 510 10
549 515 10
549 516 10
549 518 10
549 521 10
549 522 10
549 524 10
549 528 10
549 529 10
549 531 10
549 533 10
549 534 10
549 539 10
549 542 10
549 544 10
549 545 10
549 547 10
549 549 10
549 551 10
549 552 10
549 553 10
549 560 10
549 563 10
549 564 10
549 566 10
549 570 10
549 581 10
549 584 10
549 585 10
549 587 10
549 591 10
549 592 10
549 596 10
549 597 10
549 598 10
549 599 10
549 600 10
549 601 10
549 603 10
549 604 10
549 607 10
549 608 10
549 611 10
549 619 10
550 395 10
550 397 10
550 399 10
550 401 10
550 403 10
550 407 10
550 409 10
550 411 10
550 413 10
550 415 10
550 417 10
550 418 10
550 419 10
550 420 10
550 429 10
550 430 10
550 431 10
550 433 10
550 438 10
550 442 10
550 443 10
550 450 10
550 451 10
550 464 10
550 466 10
550 468 10
550 469 10
550 470 10
550 472 10
550 474 10
550 476 10
550 477 10
550 478 10
550 479 10
550 480 10
550 481 10
550 482 10
550 483 10
550 485 10
550 486 10
550 487 10
550 489 10
550 491 10
550 492 10
550 494 10
550 496 10
550 497 10
550 498 10
550 500 10
550 501 10
550 502 10
550 507 10
550 508 10
550 509 10
550 510 10
550 511 10
550 513 10
550 523 10
550 529 10
550 532 10
550 534 10
550 537 10
550 538 10
550 544 10
550 546 10
550 547 10
550 548 10
550 549 10
550 550 10
550 551 10
550 553 10
550 560 10
550 561 10
550 562 10
550 563 10
550 564 10
550 574 10
550 595 10
550 597 10
550 598 10
550 599 10
550 606 10
550 609 10
550 623 10
551 398 10
551 402 10
551 403 10
551 405 10
551 406 10
551 408 10
551 409 10
551 410 10
551 411 10
551 412 10
551 413 10
551 414 10
551 415 10
551 416 10
551 417 10
551 418 10
551 419 10
551 425 10
551 426 10
551 428 10
551 430 10
551 431 10
551 433 10
551 436 10
551 441 10
551 442 10
551 444 10
551 445 10
551 446 10
551 450 10
551 451 10
551 453 10
551 454 10
551 457 10
551 458 10
551 460 10
551 467 10
551 468 10
551 469 10
551 470 10
551 472 10
551 473 10
551 474 10
551 475 10
551 476 10
551 477 10
551 480 10
551 481 10
551 482 10
551 488 10
551 491 10
551 493 10
551 495 10
551 497 10
551 498 10
551 500 10
551 502 10
551 503 10
551 505 10
551 506 10
551 507 10
551 508 10
551 511 10
551 514 10
551 515 10
551 522 10
551 525 10
551 527 10
551 530 10
551 531 10
551 538 10
551 539 10
551 545 10
551 546 10
551 548 10
551 550 10
551 551 10
551 552 10
551 559 10
551 560 10
551 561 10
551 562 10
551 563 10
551 564 10
551 565 10
551 568 10
551 575 10
551 582 10
551 583 10
551 589 10
551 590 10
551 596 10
551 597 10
551 598 10
551 600 10
551 601 10
551 603 10
551 605 10
551 609 10
551 615 10
551 621 10
552 389 10
552 391 10
552 398 10
552 399 10
552 401 10
552 403 10
552 407 10
552 408 10
552 409 10
552 411 10
552 413 10
552 415 10
552 416 10
552 417 10
552 420 10
552 421 10
552 422 10
552 425 10
552 430 10
552 431 10
552 432 10
552 433 10
552 435 10
552 443 10
552 444 10
552 448 10
552 452 10
552 458 10
552 461 10
552 465 10
552 466 10
552 468 10
552 469 10
552 470 10
552 471 10
552 472 10
552 474 10
552 477 10
552 479 10
552 480 10
552 481 10
552 483 10
552 484 10
552 485 10
552 487 10
552 488 10
552 491 10
552 492 10
552 495 10
552 498 10
552 500 10
552 503 10
552 505 10
552 506 10
552 508 10
552 511 10
552 517 10
552 518 10
552 529 10
552 530 10
552 536 10
552 542 10
552 547 10
552 549 10
552 550 10
552 552 10
552 555 10
552 556 10
552 557 10
552 559 10
552 561 10
552 562 10
552 564 10
552 565 10
552 572 10
552 577 10
552 585 10
552 587 10
552 588 10
552 590 10
552 595 10
552 596 10
552 597 10
552 598 10
552 600 10
552 601 10
552 602 10
552 603 10
552 621 10
552 623 10
553 389 10
553 401 10
553 404 10
553 405 10
553 409 10
553 410 10
553 415 10
553 416 10
553 417 10
553 418 10
553 419 10
553 421 10
553 422 10
553 428 10
553 431 10
553 432 10
553 435 10
553 440 10
553 441 10
553 442 10
553 444 10
553 445 10
553 448 10
553 450 10
553 455 10
553 456 10
553 458 10
553 462 10
553 464 10
553 467 10
553 469 10
553 470 10
553 472 10
553 474 10
553 478 10
553 480 10
553 481 10
553 482 10
553 485 10
553 487 10
553 488 10
553 489 10
553 490 10
553 491 10
553 492 10
553 494 10
553 497 10
553 498 10
553 499 10
553 500 10
553 501 10
553 502 10
553 503 10
553 506 10
553 509 10
553 512 10
553 515 10
553 516 10
553 521 10
553 529 10
553 534 10
553 537 10
553 538 10
553 540 10
553 541 10
553 548 10
553 550 10
553 552 10
553 553 10
553 554 10
553 555 10
553 557 10
553 559 10
553 560 10
553 562 10
553 563 10
553 572 10
553 573 10
553 579 10
553 581 10
553 590 10
553 592 10
553 595 10
553 597 10
553 598 10
553 600 10
553 601 10
553 602 10
553 604 10
553 605 10
553 615 10
553 620 10
553 622 10
554 390 10
554 395 10
554 399 10
554 401 10
554 403 10
554 411 10
554 412 10
554 414 10
554 415 10
554 416 10
554 417 10
554 418 10
554 419 10
554 421 10
554 422 10
554 423 10
554 426 10
554 428 10
554 429 10
554 430 10
554 434 10
554 435 10
554 438 10
554 441 10
554 443 10
554 448 10
554 450 10
554 452 10
554 453 10
554 456 10
554 461 10
554 462 10
554 466 10
554 467 10
554 468 10
554 469 10
554 470 10
554 471 10
554 472 10
554 475 10
554 477 10
554 480 10
554 481 10
554 485 10
554 490 10
554 491 10
554 492 10
554 495 10
554 496 10
554 498 10
554 499 10
554 500 10
554 501 10
554 503 10
554 505 10
554 506 10
554 507 10
554 513 10
554 514 10
554 526 10
554 531 10
554 534 10
554 535 10
554 539 10
554 547 10
554 549 10
554 550 10
554 551 10
554 552 10
554 553 10
554 555 10
554 556 10
554 558 10
554 559 10
554 560 10
554 563 10
554 571 10
554 575 10
554 577 10
554 581 10
554 583 10
554 594 10
554 595 10
554 596 10
554 599 10
554 600 10
554 601 10
554 603 10
554 605 10
554 606 10
554 620 10
554 621 10
554 622 10
554 623 10
555 394 10
555 395 10
555 398 10
555 400 10
555 403 10
555 405 10
555 408 10
555 412 10
555 413 10
555 415 10
555 418 10
555 420 10
555 422 10
555 424 10
555 426 10
555 427 10
555 430 10
555 431 10
555 432 10
555 436 10
555 438 10
555 441 10
555 444 10
555 447 10
555 448 10
555 449 10
555 450 10
555 451 10
555 453 10
555 455 10
555 458 10
555 466 10
555 467 10
555 468 10
555 469 10
555 470 10
555 472 10
555 475 10
555 476 10
555 477 10
555 478 10
555 479 10
555 487 10
555 489 10
555 490 10
555 491 10
555 492 10
555 496 10
555 497 10
555 500 10
555 509 10
555 514 10
555 529 10
555 543 10
555 547 10
555 549 10
555 550 10
555 553 10
555 555 10
555 557 10
555 559 10
555 563 10
555 564 10
555 566 10
555 574 10
555 579 10
555 592 10
555 594 10
555 595 10
555 596 10
555 597 10
555 598 10
555 599 10
555 601 10
555 602 10
555 603 10
555 605 10
555 618 10
555 619 10
555 620 10
555 621 10
555 623 10
556 400 10
556 403 10
556 404 10
556 405 10
556 408 10
556 409 10
556 410 10
556 413 10
556 415 10
556 417 10
556 420 10
556 422 10
556 424 10
556 431 10
556 432 10
556 433 10
556 437 10
556 439 10
556 441 10
556 442 10
556 443 10
556 444 10
556 446 10
556 450 10
556 451 10
556 452 10
556 455 10
556 463 10
556 464 10
556 465 10
556 466 10
556 469 10
556 470 10
556 472 10
556 473 10
556 475 10
556 477 10
556 478 10
556 479 10
556 480 10
556 485 10
556 488 10
556 489 10
556 492 10
556 493 10
556 500 10
556 509 10
556 513 10
556 514 10
556 516 10
556 517 10
556 527 10
556 529 10
556 530 10
556 534 10
556 535 10
556 542 10
556 543 10
556 548 10
556 549 10
556 550 10
556 553 10
556 555 10
556 557 10
556 558 10
556 559 10
556 560 10
556 561 10
556 564 10
556 566 10
556 567 10
556 577 10
556 580 10
556 586 10
556 587 10
556 588 10
556 591 10
556 592 10
556 597 10
556 600 10
556 601 10
556 604 10
556 605 10
556 616 10
556 619 10
557 389 10
557 392 10
557 399 10
557 401 10
557 409 10
557 410 10
557 411 10
557 415 10
557 420 10
557 426 10
557 431 10
557 432 10
557 433 10
557 434 10
557 435 10
557 439 10
557 440 10
557 442 10
557 452 10
557 454 10
557 455 10
557 456 10
557 458 10
557 463 10
557 465 10
557 467 10
557 469 10
557 470 10
557 474 10
557 476 10
557 479 10
557 480 10
557 485 10
557 486 10
557 488 10
557 489 10
557 490 10
557 491 10
557 493 10
557 499 10
557 509 10
557 510 10
557 518 10
557 531 10
557 532 10
557 535 10
557 541 10
557 542 10
557 543 10
557 546 10
557 550 10
557 552 10
557 553 10
557 555 10
557 556 10
557 557 10
557 558 10
557 559 10
557 560 10
557 561 10
557 563 10
557 566 10
557 568 10
557 575 10
557 576 10
557 578 10
557 580 10
557 584 10
557 585 10
557 592 10
557 593 10
557 594 10
557 596 10
557 598 10
557 599 10
557 602 10
557 603 10
557 605 10
557 618 10
557 621 10
557 622 10
557 623 10
557 624 10
558 392 10
558 396 10
558 397 10
558 399 10
558 400 10
558 401 10
558 403 10
558 407 10
558 409 10
558 410 10
558 411 10
558 412 10
558 413 10
558 416 10
558 417 10
558 418 10
558 419 10
558 420 10
558 423 10
558 424 10
558 427 10
558 431 10
558 436 10
558 438 10
558 444 10
558 450 10
558 452 10
558 454 10
558 458 10
558 468 10
558 470 10
558 472 10
558 474 10
558 475 10
558 476 10
558 477 10
558 478 10
558 479 10
558 480 10
558 481 10
558 486 10
558 487 10
558 488 10
558 490 10
558 493 10
558 506 10
558 508 10
558 510 10
558 520 10
558 533 10
558 534 10
558 537 10
558 541 10
558 542 10
558 543 10
558 545 10
558 547 10
558 548 10
558 550 10
558 551 10
558 555 10
558 556 10
558 557 10
558 558 10
558 561 10
558 562 10
558 563 10
558 574 10
558 577 10
558 580 10
558 581 10
558 586 10
558 591 10
558 592 10
558 593 10
558 594 10
558 595 10
558 596 10
558 597 10
558 598 10
558 599 10
558 600 10
558 601 10
558 602 10
558 605 10
558 613 10
558 615 10
558 616 10
558 624 10
559 389 10
559 390 10
559 392 10
559 397 10
559 399 10
559 403 10
559 407 10
559 409 10
559 413 10
559 416 10
559 418 10
559 422 10
559 424 10
559 425 10
559 426 10
559 427 10
559 429 10
559 431 10
559 437 10
559 439 10
559 441 10
559 446 10
559 450 10
559 451 10
559 454 10
559 455 10
559 456 10
559 458 10
559 459 10
559 468 10
559 470 10
559 471 10
559 472 10
559 473 10
559 474 10
559 475 10
559 477 10
559 478 10
559 481 10
559 487 10
559 490 10
559 491 10
559 509 10
559 510 10
559 522 10
559 531 10
559 535 10
559 537 10
559 539 10
559 541 10
559 548 10
559 551 10
559 553 10
559 554 10
559 556 10
559 557 10
559 558 10
559 562 10
559 569 10
559 573 10
559 574 10
559 584 10
559 586 10
559 589 10
559 590 10
559 591 10
559 592 10
559 593 10
559 594 10
559 595 10
559 597 10
559 598 10
559 600 10
559 612 10
559 613 10
559 614 10
559 615 10
559 617 10
560 391 10
560 395 10
560 396 10
560 401 10
560 402 10
560 406 10
560 407 10
560 408 10
560 409 10
560 410 10
560 411 10
560 412 10
560 416 10
560 418 10
560 420 10
560 423 10
560 424 10
560 425 10
560 426 10
560 427 10
560 429 10
560 430 10
560 433 10
560 434 10
560 435 10
560 438 10
560 440 10
560 451 10
560 452 10
560 453 10
560 457 10
560 459 10
560 463 10
560 472 10
560 473 10
560 474 10
560 475 10
560 476 10
560 479 10
560 483 10
560 489 10
560 490 10
560 495 10
560 510 10
560 512 10
560 516 10
560 519 10
560 520 10
560 521 10
560 523 10
560 524 10
560 536 10
560 543 10
560 546 10
560 547 10
560 548 10
560 549 10
560 550 10
560 551 10
560 552 10
560 553 10
560 554 10
560 555 10
560 556 10
560 557 10
560 562 10
560 563 10
560 575 10
560 586 10
560 588 10
560 590 10
560 591 10
560 592 10
560 593 10
560 595 10
560 597 10
560 598 10
560 599 10
560 601 10
561 395 10
561 405 10
561 407 10
561 408 10
561 409 10
561 410 10
561 411 10
561 412 10
561 413 10
561 415 10
561 417 10
561 418 10
561 420 10
561 422 10
561 423 10
561 424 10
561 426 10
561 428 10
561 429 10
561 433 10
561 436 10
561 438 10
561 439 10
561 440 10
561 441 10
561 443 10
561 450 10
561 451 10
561 452 10
561 453 10
561 457 10
561 459 10
561 461 10
561 467 10
561 470 10
561 472 10
561 475 10
561 476 10
561 478 10
561 479 10
561 486 10
561 487 10
561 488 10
561 495 10
561 496 10
561 510 10
561 517 10
561 521 10
561 524 10
561 533 10
561 534 10
561 536 10
561 540 10
561 541 10
561 542 10
561 543 10
561 545 10
561 549 10
561 550 10
561 553 10
561 554 10
561 555 10
561 556 10
561 557 10
561 559 10
561 560 10
561 564 10
561 565 10
561 567 10
561 568 10
561 570 10
561 583 10
561 585 10
561 586 10
561 587 10
561 588 10
561 591 10
561 594 10
561 595 10
561 601 10
561 602 10
561 609 10
561 611 10
561 613 10
561 615 10
561 616 10
561 626 10
562 387 10
562 396 10
562 398 10
562 399 10
562 400 10
562 402 10
562 405 10
562 406 10
562 409 10
562 410 10
562 412 10
562 417 10
562 419 10
562 421 10
562 424 10
562 425 10
562 426 10
562 434 10
562 446 10
562 447 10
562 448 10
562 451 10
562 452 10
562 456 10
562 458 10
562 460 10
562 467 10
562 469 10
562 471 10
562 472 10
562 475 10
562 477 10
562 479 10
562 482 10
562 486 10
562 487 10
562 490 10
562 495 10
562 511 10
562 519 10
562 521 10
562 522 10
562 523 10
562 534 10
562 535 10
562 536 10
562 543 10
562 544 10
562 549 10
562 550 10
562 552 10
562 553 10
562 554 10
562 555 10
562 556 10
562 557 10
562 558 10
562 559 10
562 560 10
562 562 10
562 563 10
562 565 10
562 566 10
562 568 10
562 570 10
562 571 10
562 584 10
562 587 10
562 589 10
562 590 10
562 592 10
562 593 10
562 594 10
562 596 10
562 597 10
562 600 10
562 611 10
562 615 10
562 618 10
562 619 10
563 386 10
563 389 10
563 390 10
563 394 10
563 395 10
563 396 10
563 397 10
563 402 10
563 403 10
563 404 10
563 405 10
563 406 10
563 407 10
563 408 10
563 411 10
563 415 10
563 417 10
563 419 10
563 420 10
563 421 10
563 424 10
563 431 10
563 432 10
563 437 10
563 439 10
563 441 10
563 446 10
563 453 10
563 456 10
563 458 10
563 460 10
563 461 10
563 468 10
563 470 10
563 472 10
563 475 10
563 476 10
563 477 10
563 482 10
563 483 10
563 510 10
563 517 10
563 518 10
563 521 10
563 522 10
563 523 10
563 524 10
563 529 10
563 531 10
563 535 10
563 537 10
563 539 10
563 541 10
563 542 10
563 545 10
563 547 10
563 548 10
563 550 10
563 553 10
563 554 10
563 555 10
563 556 10
563 559 10
563 560 10
563 561 10
563 562 10
563 563 10
563 564 10
563 565 10
563 566 10
563 567 10
563 588 10
563 589 10
563 590 10
563 592 10
563 594 10
563 596 10
563 605 10
563 607 10
563 615 10
563 617 10
563 618 10
563 619 10
563 624 10
564 386 10
564 388 10
564 395 10
564 397 10
564 398 10
564 404 10
564 407 10
564 410 10
564 413 10
564 415 10
564 416 10
564 418 10
564 420 10
564 421 10
564 422 10
564 425 10
564 426 10
564 427 10
564 429 10
564 431 10
564 432 10
564 441 10
564 444 10
564 447 10
564 449 10
564 450 10
564 454 10
564 455 10
564 456 10
564 457 10
564 466 10
564 468 10
564 469 10
564 470 10
564 471 10
564 472 10
564 474 10
564 475 10
564 477 10
564 478 10
564 479 10
564 484 10
564 485 10
564 487 10
564 489 10
564 490 10
564 534 10
564 539 10
564 541 10
564 544 10
564 546 10
564 548 10
564 551 10
564 552 10
564 553 10
564 554 10
564 555 10
564 557 10
564 558 10
564 559 10
564 560 10
564 561 10
564 562 10
564 564 10
564 565 10
564 571 10
564 588 10
564 592 10
564 594 10
564 596 10
564 597 10
564 598 10
564 599 10
564 605 10
564 608 10
564 611 10
564 613 10
564 619 10
565 387 10
565 388 10
565 389 10
565 392 10
565 394 10
565 397 10
565 398 10
565 399 10
565 400 10
565 402 10
565 404 10
565 407 10
565 408 10
565 409 10
565 411 10
565 412 10
565 413 10
565 414 10
565 421 10
565 423 10
565 424 10
565 425 10
565 426 10
565 428 10
565 431 10
565 441 10
565 442 10
565 443 10
565 445 10
565 449 10
565 451 10
565 453 10
565 454 10
565 457 10
565 465 10
565 467 10
565 468 10
565 469 10
565 471 10
565 472 10
565 474 10
565 475 10
565 476 10
565 477 10
565 485 10
565 488 10
565 489 10
565 491 10
565 519 10
565 520 10
565 521 10
565 528 10
565 532 10
565 534 10
565 536 10
565 544 10
565 546 10
565 548 10
565 551 10
565 552 10
565 553 10
565 554 10
565 556 10
565 558 10
565 561 10
565 563 10
565 564 10
565 581 10
565 589 10
565 590 10
565 592 10
565 593 10
565 594 10
565 596 10
565 597 10
565 606 10
565 612 10
565 614 10
565 616 10
565 622 10
565 624 10
566 392 10
566 401 10
566 407 10
566 408 10
566 409 10
566 410 10
566 412 10
566 417 10
566 420 10
566 421 10
566 422 10
566 423 10
566 425 10
566 428 10
566 446 10
566 447 10
566 451 10
566 452 10
566 453 10
566 454 10
566 455 10
566 457 10
566 464 10
566 467 10
566 472 10
566 473 10
566 474 10
566 476 10
566 478 10
566 479 10
566 486 10
566 489 10
566 498 10
566 507 10
566 508 10
566 521 10
566 522 10
566 535 10
566 536 10
566 538 10
566 540 10
566 546 10
566 549 10
566 552 10
566 553 10
566 554 10
566 556 10
566 559 10
566 560 10
566 564 10
566 565 10
566 566 10
566 567 10
566 571 10
566 588 10
566 589 10
566 590 10
566 591 10
566 592 10
566 595 10
566 597 10
566 598 10
566 601 10
566 604 10
566 605 10
566 607 10
566 613 10
566 616 10
566 618 10
566 619 10
566 622 10
566 624 10
567 393 10
567 395 10
567 396 10
567 400 10
567 402 10
567 404 10
567 409 10
567 414 10
567 415 10
567 416 10
567 421 10
567 423 10
567 426 10
567 427 10
567 428 10
567 443 10
567 453 10
567 454 10
567 457 10
567 464 10
567 469 10
567 470 10
567 472 10
567 473 10
567 474 10
567 475 10
567 476 10
567 477 10
567 478 10
567 483 10
567 484 10
567 485 10
567 487 10
567 488 10
567 490 10
567 491 10
567 504 10
567 505 10
567 509 10
567 511 10
567 512 10
567 523 10
567 525 10
567 526 10
567 529 10
567 530 10
567 532 10
567 536 10
567 539 10
567 542 10
567 546 10
567 550 10
567 551 10
567 557 10
567 558 10
567 560 10
567 561 10
567 562 10
567 563 10
567 567 10
567 569 10
567 570 10
567 572 10
567 587 10
567 590 10
567 592 10
567 593 10
567 595 10
567 596 10
567 599 10
567 600 10
567 607 10
567 611 10
567 621 10
567 625 10
568 390 10
568 391 10
568 395 10
568 396 10
568 398 10
568 399 10
568 401 10
568 402 10
568 403 10
568 407 10
568 409 10
568 411 10
568 415 10
568 417 10
568 419 10
568 420 10
568 421 10
568 422 10
568 425 10
568 427 10
568 428 10
568 435 10
568 450 10
568 451 10
568 452 10
568 453 10
568 454 10
568 459 10
568 460 10
568 462 10
568 463 10
568 464 10
568 468 10
568 470 10
568 475 10
568 478 10
568 486 10
568 489 10
568 503 10
568 504 10
568 505 10
568 507 10
568 515 10
568 518 10
568 527 10
568 530 10
568 531 10
568 532 10
568 533 10
568 537 10
568 538 10
568 540 10
568 541 10
568 542 10
568 549 10
568 550 10
568 551 10
568 553 10
568 554 10
568 558 10
568 560 10
568 563 10
568 569 10
568 570 10
568 571 10
568 572 10
568 575 10
568 590 10
568 593 10
568 595 10
568 596 10
568 597 10
568 598 10
568 600 10
568 613 10
568 615 10
568 617 10
568 618 10
568 622 10
568 623 10
569 392 10
569 393 10
569 395 10
569 400 10
569 401 10
569 403 10
569 404 10
569 407 10
569 428 10
569 443 10
569 444 10
569 445 10
569 451 10
569 453 10
569 454 10
569 456 10
569 458 10
569 460 10
569 464 10
569 467 10
569 471 10
569 472 10
569 473 10
569 474 10
569 475 10
569 476 10
569 488 10
569 489 10
569 493 10
569 494 10
569 502 10
569 504 10
569 507 10
569 508 10
569 510 10
569 513 10
569 515 10
569 516 10
569 520 10
569 523 10
569 525 10
569 530 10
569 543 10
569 545 10
569 548 10
569 550 10
569 553 10
569 559 10
569 560 10
569 563 10
569 566 10
569 568 10
569 569 10
569 570 10
569 571 10
569 573 10
569 577 10
569 579 10
569 581 10
569 587 10
569 588 10
569 589 10
569 591 10
569 592 10
569 593 10
569 594 10
569 595 10
569 596 10
569 598 10
569 599 10
569 611 10
569 614 10
569 620 10
569 621 10
569 624 10
570 390 10
570 393 10
570 395 10
570 397 10
570 399 10
570 402 10
570 404 10
570 406 10
570 422 10
570 434 10
570 442 10
570 448 10
570 456 10
570 465 10
570 466 10
570 468 10
570 472 10
570 473 10
570 476 10
570 478 10
570 484 10
570 487 10
570 491 10
570 493 10
570 501 10
570 506 10
570 507 10
570 509 10
570 516 10
570 518 10
570 519 10
570 521 10
570 522 10
570 524 10
570 528 10
570 530 10
570 533 10
570 534 10
570 536 10
570 537 10
570 538 10
570 541 10
570 550 10
570 551 10
570 555 10
570 556 10
570 557 10
570 558 10
570 561 10
570 562 10
570 563 10
570 567 10
570 569 10
570 570 10
570 571 10
570 580 10
570 588 10
570 589 10
570 592 10
570 593 10
570 594 10
570 595 10
570 596 10
570 597 10
570 598 10
570 599 10
570 609 10
570 610 10
570 611 10
570 613 10
570 616 10
570 617 10
570 620 10
570 621 10
570 622 10
570 623 10
570 624 10
571 394 10
571 398 10
571 400 10
571 402 10
571 403 10
571 404 10
571 405 10
571 410 10
571 412 10
571 418 10
571 420 10
571 425 10
571 426 10
571 427 10
571 437 10
571 439 10
571 442 10
571 444 10
571 445 10
571 446 10
571 452 10
571 460 10
571 464 10
571 466 10
571 469 10
571 470 10
571 471 10
571 476 10
571 482 10
571 487 10
571 489 10
571 490 10
571 494 10
571 495 10
571 498 10
571 502 10
571 503 10
571 504 10
571 505 10
571 507 10
571 508 10
571 509 10
571 511 10
571 515 10
571 517 10
571 522 10
571 524 10
571 525 10
571 528 10
571 529 10
571 530 10
571 531 10
571 532 10
571 535 10
571 536 10
571 541 10
571 544 10
571 546 10
571 548 10
571 549 10
571 550 10
571 552 10
571 554 10
571 555 10
571 560 10
571 562 10
571 563 10
571 564 10
571 571 10
571 572 10
571 575 10
571 588 10
571 589 10
571 590 10
571 591 10
571 592 10
571 594 10
571 595 10
571 596 10
571 597 10
571 598 10
571 599 10
571 601 10
571 602 10
571 603 10
571 608 10
571 611 10
571 612 10
571 614 10
571 615 10
571 617 10
571 620 10
572 390 10
572 391 10
572 401 10
572 402 10
572 405 10
572 407 10
572 409 10
572 410 10
572 425 10
572 426 10
572 427 10
572 437 10
572 439 10
572 443 10
572 445 10
572 446 10
572 448 10
572 465 10
572 466 10
572 469 10
572 470 10
572 472 10
572 474 10
572 479 10
572 490 10
572 492 10
572 493 10
572 495 10
572 498 10
572 500 10
572 504 10
572 510 10
572 514 10
572 521 10
572 526 10
572 528 10
572 529 10
572 531 10
572 534 10
572 536 10
572 537 10
572 541 10
572 543 10
572 544 10
572 546 10
572 550 10
572 551 10
572 552 10
572 553 10
572 554 10
572 555 10
572 556 10
572 557 10
572 558 10
572 560 10
572 561 10
572 562 10
572 563 10
572 565 10
572 567 10
572 569 10
572 570 10
572 574 10
572 577 10
572 578 10
572 580 10
572 581 10
572 583 10
572 586 10
572 587 10
572 593 10
572 594 10
572 595 10
572 597 10
572 600 10
572 605 10
572 607 10
572 609 10
572 610 10
572 611 10
572 614 10
572 615 10
572 616 10
572 618 10
573 389 10
573 407 10
573 408 10
573 410 10
573 411 10
573 412 10
573 417 10
573 422 10
573 424 10
573 436 10
573 437 10
573 440 10
573 441 10
573 443 10
573 446 10
573 451 10
573 453 10
573 454 10
573 455 10
573 457 10
573 463 10
573 464 10
573 465 10
573 467 10
573 469 10
573 472 10
573 480 10
573 481 10
573 482 10
573 490 10
573 491 10
573 492 10
573 494 10
573 502 10
573 504 10
573 508 10
573 510 10
573 517 10
573 519 10
573 522 10
573 525 10
573 530 10
573 531 10
573 532 10
573 533 10
573 536 10
573 537 10
573 538 10
573 539 10
573 540 10
573 543 10
573 544 10
573 545 10
573 546 10
573 547 10
573 548 10
573 549 10
573 550 10
573 551 10
573 553 10
573 554 10
573 555 10
573 557 10
573 558 10
573 559 10
573 560 10
573 561 10
573 570 10
573 571 10
573 572 10
573 573 10
573 575 10
573 576 10
573 580 10
573 592 10
573 594 10
573 595 10
573 596 10
573 597 10
573 599 10
573 600 10
573 601 10
573 616 10
573 618 10
573 620 10
573 621 10
573 624 10
574 393 10
574 401 10
574 404 10
574 405 10
574 406 10
574 409 10
574 410 10
574 412 10
574 415 10
574 417 10
574 423 10
574 424 10
574 433 10
574 439 10
574 441 10
574 442 10
574 445 10
574 450 10
574 451 10
574 452 10
574 453 10
574 455 10
574 457 10
574 459 10
574 465 10
574 471 10
574 472 10
574 480 10
574 487 10
574 488 10
574 490 10
574 492 10
574 494 10
574 498 10
574 504 10
574 513 10
574 515 10
574 517 10
574 521 10
574 523 10
574 525 10
574 529 10
574 531 10
574 536 10
574 537 10
574 541 10
574 549 10
574 550 10
574 551 10
574 552 10
574 553 10
574 554 10
574 556 10
574 557 10
574 558 10
574 559 10
574 562 10
574 564 10
574 565 10
574 567 10
574 568 10
574 570 10
574 573 10
574 574 10
574 576 10
574 578 10
574 581 10
574 583 10
574 585 10
574 586 10
574 587 10
574 588 10
574 592 10
574 593 10
574 594 10
574 595 10
574 596 10
574 598 10
574 600 10
574 601 10
574 602 10
574 603 10
574 612 10
574 613 10
574 614 10
574 616 10
574 620 10
575 403 10
575 404 10
575 407 10
575 408 10
575 409 10
575 410 10
575 411 10
575 413 10
575 415 10
575 424 10
575 433 10
575 434 10
575 435 10
575 436 10
575 439 10
575 443 10
575 445 10
575 448 10
575 449 10
575 453 10
575 455 10
575 457 10
575 459 10
575 460 10
575 464 10
575 466 10
575 469 10
575 481 10
575 485 10
575 488 10
575 492 10
575 495 10
575 502 10
575 505 10
575 506 10
575 508 10
575 509 10
575 515 10
575 516 10
575 519 10
575 521 10
575 522 10
575 525 10
575 526 10
575 530 10
575 531 10
575 533 10
575 535 10
575 540 10
575 544 10
575 547 10
575 551 10
575 553 10
575 554 10
575 555 10
575 557 10
575 558 10
575 559 10
575 560 10
575 561 10
575 562 10
575 564 10
575 565 10
575 567 10
575 570 10
575 572 10
575 583 10
575 588 10
575 589 10
575 591 10
575 592 10
575 594 10
575 596 10
575 597 10
575 598 10
575 602 10
575 611 10
575 613 10
575 614 10
575 615 10
575 622 10
575 625 10
575 626 10
576 395 10
576 402 10
576 404 10
576 405 10
576 406 10
576 408 10
576 409 10
576 411 10
576 412 10
576 424 10
576 434 10
576 438 10
576 439 10
576 446 10
576 447 10
576 448 10
576 450 10
576 451 10
576 452 10
576 453 10
576 454 10
576 456 10
576 459 10
576 466 10
576 469 10
576 478 10
576 479 10
576 480 10
576 482 10
576 483 10
576 484 10
576 489 10
576 490 10
576 491 10
576 492 10
576 496 10
576 498 10
576 511 10
576 513 10
576 514 10
576 516 10
576 518 10
576 519 10
576 520 10
576 521 10
576 522 10
576 523 10
576 526 10
576 542 10
576 543 10
576 546 10
576 552 10
576 553 10
576 556 10
576 557 10
576 559 10
576 560 10
576 563 10
576 565 10
576 569 10
576 570 10
576 571 10
576 572 10
576 577 10
576 578 10
576 580 10
576 585 10
576 591 10
576 592 10
576 594 10
576 597 10
576 600 10
576 602 10
576 603 10
576 609 10
576 614 10
576 616 10
576 622 10
576 624 10
577 406 10
577 407 10
577 409 10
577 412 10
577 415 10
577 421 10
577 424 10
577 427 10
577 429 10
577 437 10
577 442 10
577 443 10
577 444 10
577 447 10
577 448 10
577 450 10
577 452 10
577 453 10
577 454 10
577 460 10
577 461 10
577 464 10
577 466 10
577 468 10
577 474 10
577 476 10
577 486 10
577 489 10
577 490 10
577 491 10
577 494 10
577 495 10
577 496 10
577 497 10
577 503 10
577 505 10
577 506 10
577 508 10
577 512 10
577 515 10
577 516 10
577 520 10
577 527 10
577 529 10
577 532 10
577 551 10
577 554 10
577 559 10
577 562 10
577 564 10
577 574 10
577 578 10
577 580 10
577 584 10
577 587 10
577 588 10
577 589 10
577 590 10
577 591 10
577 592 10
577 599 10
577 613 10
577 614 10
577 615 10
577 616 10
577 620 10
577 624 10
578 402 10
578 403 10
578 409 10
578 416 10
578 422 10
578 423 10
578 425 10
578 433 10
578 434 10
578 436 10
578 438 10
578 441 10
578 442 10
578 445 10
578 446 10
578 452 10
578 456 10
578 462 10
578 463 10
578 464 10
578 465 10
578 466 10
578 475 10
578 480 10
578 493 10
578 494 10
578 495 10
578 496 10
578 498 10
578 500 10
578 507 10
578 509 10
578 510 10
578 512 10
578 514 10
578 516 10
578 519 10
578 524 10
578 529 10
578 536 10
578 538 10
578 539 10
578 543 10
578 544 10
578 545 10
578 549 10
578 554 10
578 556 10
578 560 10
578 561 10
578 563 10
578 567 10
578 569 10
578 573 10
578 576 10
578 580 10
578 583 10
578 585 10
578 591 10
578 592 10
578 594 10
578 596 10
578 601 10
578 604 10
578 606 10
578 614 10
578 616 10
578 618 10
578 619 10
578 620 10
578 621 10
578 623 10
579 404 10
579 405 10
579 407 10
579 413 10
579 421 10
579 425 10
579 427 10
579 431 10
579 432 10
579 435 10
579 438 10
579 441 10
579 443 10
579 444 10
579 445 10
579 447 10
579 449 10
579 450 10
579 458 10
579 460 10
579 464 10
579 467 10
579 469 10
579 478 10
579 490 10
579 491 10
579 492 10
579 496 10
579 501 10
579 502 10
579 503 10
579 505 10
579 507 10
579 509 10
579 510 10
579 511 10
579 512 10
579 516 10
579 521 10
579 524 10
579 525 10
579 526 10
579 529 10
579 533 10
579 537 10
579 541 10
579 542 10
579 543 10
579 544 10
579 545 10
579 546 10
579 555 10
579 560 10
579 563 10
579 564 10
579 565 10
579 566 10
579 578 10
579 580 10
579 585 10
579 590 10
579 591 10
579 594 10
579 596 10
579 602 10
579 603 10
579 614 10
579 616 10
579 617 10
579 618 10
579 619 10
579 620 10
579 621 10
580 401 10
580 404 10
580 407 10
580 423 10
580 424 10
580 427 10
580 428 10
580 432 10
580 436 10
580 438 10
580 441 10
580 442 10
580 447 10
580 453 10
580 462 10
580 463 10
580 477 10
580 478 10
580 480 10
580 486 10
580 495 10
580 497 10
580 498 10
580 499 10
580 509 10
580 511 10
580 512 10
580 513 10
580 515 10
580 520 10
580 531 10
580 536 10
580 537 10
580 539 10
580 541 10
580 546 10
580 549 10
580 551 10
580 553 10
580 555 10
580 558 10
580 560 10
580 561 10
580 563 10
580 565 10
580 567 10
580 568 10
580 569 10
580 570 10
580 574 10
580 576 10
580 577 10
580 578 10
580 579 10
580 580 10
580 595 10
580 596 10
580 598 10
580 602 10
580 603 10
580 604 10
580 605 10
580 611 10
580 612 10
580 614 10
580 615 10
580 616 10
580 617 10
580 619 10
580 620 10
580 621 10
581 407 10
581 409 10
581 411 10
581 426 10
581 428 10
581 440 10
581 442 10
581 465 10
581 466 10
581 467 10
581 468 10
581 478 10
581 485 10
581 490 10
581 493 10
581 502 10
581 503 10
581 504 10
581 505 10
581 508 10
581 510 10
581 518 10
581 536 10
581 537 10
581 542 10
581 543 10
581 544 10
581 554 10
581 557 10
581 559 10
581 563 10
581 564 10
581 568 10
581 571 10
581 576 10
581 581 10
581 582 10
581 590 10
581 600 10
581 601 10
581 603 10
581 605 10
581 606 10
581 607 10
581 611 10
581 614 10
581 616 10
581 618 10
581 622 10
582 405 10
582 406 10
582 416 10
582 428 10
582 429 10
582 431 10
582 433 10
582 435 10
582 437 10
582 439 10
582 441 10
582 442 10
582 443 10
582 446 10
582 447 10
582 454 10
582 455 10
582 462 10
582 466 10
582 468 10
582 472 10
582 483 10
582 485 10
582 487 10
582 491 10
582 497 10
582 508 10
582 510 10
582 511 10
582 512 10
582 514 10
582 515 10
582 522 10
582 524 10
582 532 10
582 536 10
582 543 10
582 544 10
582 545 10
582 546 10
582 547 10
582 548 10
582 551 10
582 552 10
582 553 10
582 558 10
582 562 10
582 563 10
582 565 10
582 566 10
582 567 10
582 568 10
582 571 10
582 576 10
582 578 10
582 579 10
582 580 10
582 581 10
582 591 10
582 592 10
582 600 10
582 602 10
582 603 10
582 604 10
582 606 10
582 610 10
582 613 10
582 615 10
582 620 10
582 621 10
582 625 10
583 410 10
583 411 10
583 428 10
583 432 10
583 433 10
583 435 10
583 439 10
583 447 10
583 449 10
583 452 10
583 454 10
583 470 10
583 472 10
583 481 10
583 483 10
583 489 10
583 490 10
583 491 10
583 500 10
583 502 10
583 504 10
583 508 10
583 512 10
583 513 10
583 520 10
583 523 10
583 524 10
583 533 10
583 535 10
583 537 10
583 538 10
583 542 10
583 543 10
583 544 10
583 545 10
583 555 10
583 560 10
583 562 10
583 563 10
583 564 10
583 566 10
583 567 10
583 569 10
583 571 10
583 582 10
583 586 10
583 589 10
583 591 10
583 592 10
583 598 10
583 599 10
583 607 10
583 608 10
583 612 10
583 613 10
583 615 10
583 617 10
583 618 10
583 620 10
583 622 10
583 624 10
583 625 10
584 416 10
584 418 10
584 425 10
584 435 10
584 437 10
584 438 10
584 440 10
584 441 10
584 442 10
584 444 10
584 445 10
584 447 10
584 449 10
584 450 10
584 452 10
584 453 10
584 454 10
584 463 10
584 465 10
584 468 10
584 471 10
584 475 10
584 477 10
584 482 10
584 487 10
584 488 10
584 491 10
584 501 10
584 505 10
584 509 10
584 521 10
584 522 10
584 524 10
584 525 10
584 531 10
584 533 10
584 534 10
584 537 10
584 538 10
584 544 10
584 545 10
584 546 10
584 551 10
584 556 10
584 559 10
584 561 10
584 564 10
584 566 10
584 568 10
584 569 10
584 570 10
584 571 10
584 579 10
584 580 10
584 590 10
584 592 10
584 603 10
584 607 10
584 624 10
585 413 10
585 416 10
585 420 10
585 427 10
585 428 10
585 429 10
585 431 10
585 441 10
585 442 10
585 443 10
585 444 10
585 447 10
585 450 10
585 451 10
585 452 10
585 453 10
585 466 10
585 470 10
585 473 10
585 475 10
585 477 10
585 478 10
585 479 10
585 489 10
585 490 10
585 491 10
585 503 10
585 505 10
585 507 10
585 509 10
585 510 10
585 511 10
585 512 10
585 518 10
585 521 10
585 524 10
585 526 10
585 529 10
585 534 10
585 536 10
585 539 10
585 540 10
585 543 10
585 546 10
585 554 10
585 555 10
585 556 10
585 558 10
585 560 10
585 562 10
585 570 10
585 583 10
585 589 10
585 591 10
585 603 10
585 605 10
585 606 10
585 607 10
585 609 10
585 615 10
585 620 10
585 623 10
585 624 10
585 626 10
586 415 10
586 418 10
586 426 10
586 427 10
586 434 10
586 435 10
586 436 10
586 437 10
586 438 10
586 439 10
586 440 10
586 441 10
586 444 10
586 446 10
586 448 10
586 452 10
586 453 10
586 461 10
586 465 10
586 466 10
586 468 10
586 470 10
586 477 10
586 478 10
586 481 10
586 485 10
586 488 10
586 492 10
586 493 10
586 497 10
586 498 10
586 504 10
586 505 10
586 507 10
586 508 10
586 510 10
586 512 10
586 523 10
586 529 10
586 530 10
586 531 10
586 532 10
586 534 10
586 536 10
586 537 10
586 539 10
586 543 10
586 544 10
586 545 10
586 546 10
586 547 10
586 552 10
586 557 10
586 559 10
586 560 10
586 566 10
586 570 10
586 571 10
586 587 10
586 590 10
586 591 10
586 592 10
586 600 10
586 604 10
586 606 10
586 608 10
586 609 10
586 616 10
586 620 10
586 621 10
586 623 10
586 626 10
587 411 10
587 428 10
587 429 10
587 432 10
587 433 10
587 434 10
587 435 10
587 446 10
587 456 10
587 457 10
587 461 10
587 470 10
587 473 10
587 475 10
587 476 10
587 477 10
587 478 10
587 479 10
587 480 10
587 485 10
587 488 10
587 501 10
587 505 10
587 508 10
587 509 10
587 512 10
587 522 10
587 523 10
587 525 10
587 529 10
587 531 10
587 533 10
587 535 10
587 536 10
587 537 10
587 541 10
587 542 10
587 543 10
587 546 10
587 547 10
587 557 10
587 561 10
587 569 10
587 573 10
587 575 10
587 578 10
587 581 10
587 583 10
587 601 10
587 602 10
587 604 10
587 608 10
587 609 10
587 611 10
587 614 10
587 615 10
587 616 10
587 618 10
587 622 10
588 427 10
588 430 10
588 433 10
588 435 10
588 437 10
588 445 10
588 448 10
588 451 10
588 453 10
588 454 10
588 455 10
588 457 10
588 458 10
588 459 10
588 460 10
588 461 10
588 469 10
588 471 10
588 473 10
588 475 10
588 476 10
588 477 10
588 479 10
588 480 10
588 481 10
588 484 10
588 486 10
588 489 10
588 492 10
588 496 10
588 503 10
588 504 10
588 509 10
588 510 10
588 512 10
588 523 10
588 531 10
588 532 10
588 538 10
588 542 10
588 543 10
588 544 10
588 545 10
588 547 10
588 548 10
588 549 10
588 554 10
588 555 10
588 560 10
588 575 10
588 576 10
588 579 10
588 582 10
588 585 10
588 601 10
588 603 10
588 605 10
588 606 10
588 611 10
588 615 10
588 616 10
588 618 10
588 620 10
588 622 10
588 624 10
588 625 10
589 427 10
589 432 10
589 436 10
589 442 10
589 443 10
589 444 10
589 445 10
589 454 10
589 457 10
589 458 10
589 459 10
589 461 10
589 473 10
589 475 10
589 478 10
589 479 10
589 481 10
589 486 10
589 487 10
589 500 10
589 502 10
589 526 10
589 530 10
589 532 10
589 533 10
589 534 10
589 535 10
589 536 10
589 537 10
589 542 10
589 546 10
589 548 10
589 549 10
589 552 10
589 555 10
589 556 10
589 557 10
589 561 10
589 563 10
589 565 10
589 576 10
589 577 10
589 580 10
589 588 10
589 590 10
589 601 10
589 602 10
589 604 10
589 606 10
589 607 10
589 609 10
589 610 10
589 614 10
589 615 10
589 616 10
589 617 10
589 618 10
589 619 10
589 620 10
589 622 10
589 627 10
590 439 10
590 441 10
590 444 10
590 447 10
590 453 10
590 454 10
590 455 10
590 456 10
590 458 10
590 460 10
590 461 10
590 462 10
590 463 10
590 464 10
590 465 10
590 467 10
590 471 10
590 473 10
590 474 10
590 476 10
590 477 10
590 478 10
590 479 10
590 480 10
590 481 10
590 482 10
590 483 10
590 484 10
590 491 10
590 500 10
590 508 10
590 509 10
590 510 10
590 513 10
590 522 10
590 525 10
590 530 10
590 533 10
590 534 10
590 537 10
590 540 10
590 544 10
590 545 10
590 548 10
590 550 10
590 551 10
590 552 10
590 553 10
590 556 10
590 557 10
590 559 10
590 560 10
590 589 10
590 602 10
590 603 10
590 604 10
590 607 10
590 609 10
590 610 10
590 612 10
590 616 10
590 618 10
590 619 10
590 622 10
590 624 10
590 626 10
591 436 10
591 438 10
591 441 10
591 444 10
591 445 10
591 446 10
591 447 10
591 448 10
591 451 10
591 454 10
591 455 10
591 456 10
591 458 10
591 459 10
591 461 10
591 463 10
591 468 10
591 473 10
591 475 10
591 477 10
591 480 10
591 481 10
591 484 10
591 488 10
591 489 10
591 490 10
591 492 10
591 503 10
591 507 10
591 509 10
591 511 10
591 520 10
591 523 10
591 524 10
591 531 10
591 532 10
591 533 10
591 540 10
591 543 10
591 544 10
591 547 10
591 549 10
591 552 10
591 554 10
591 556 10
591 557 10
591 562 10
591 567 10
591 586 10
591 601 10
591 602 10
591 609 10
591 610 10
591 611 10
591 612 10
591 615 10
592 436 10
592 440 10
592 441 10
592 443 10
592 444 10
592 445 10
592 449 10
592 450 10
592 452 10
592 453 10
592 454 10
592 455 10
592 456 10
592 458 10
592 460 10
592 464 10
592 465 10
592 467 10
592 471 10
592 473 10
592 475 10
592 476 10
592 478 10
592 480 10
592 481 10
592 483 10
592 484 10
592 485 10
592 487 10
592 489 10
592 502 10
592 505 10
592 522 10
592 524 10
592 526 10
592 531 10
592 532 10
592 534 10
592 535 10
592 536 10
592 540 10
592 547 10
592 552 10
592 556 10
592 558 10
592 559 10
592 560 10
592 562 10
592 567 10
592 580 10
592 586 10
592 589 10
592 599 10
592 601 10
592 606 10
592 607 10
592 609 10
592 616 10
592 617 10
592 618 10
593 438 10
593 439 10
593 440 10
593 444 10
593 446 10
593 451 10
593 452 10
593 453 10
593 455 10
593 456 10
593 457 10
593 458 10
593 459 10
593 460 10
593 463 10
593 464 10
593 466 10
593 477 10
593 482 10
593 489 10
593 490 10
593 496 10
593 498 10
593 502 10
593 503 10
593 512 10
593 518 10
593 519 10
593 520 10
593 523 10
593 525 10
593 529 10
593 530 10
593 532 10
593 535 10
593 537 10
593 538 10
593 542 10
593 546 10
593 548 10
593 550 10
593 553 10
593 556 10
593 557 10
593 558 10
593 559 10
593 560 10
593 562 10
593 563 10
593 565 10
593 614 10
594 436 10
594 438 10
594 443 10
594 456 10
594 460 10
594 461 10
594 463 10
594 464 10
594 466 10
594 468 10
594 472 10
594 477 10
594 479 10
594 484 10
594 491 10
594 495 10
594 499 10
594 501 10
594 503 10
594 505 10
594 506 10
594 511 10
594 518 10
594 521 10
594 525 10
594 527 10
594 528 10
594 529 10
594 530 10
594 533 10
594 534 10
594 537 10
594 539 10
594 548 10
594 549 10
594 550 10
594 555 10
594 560 10
594 567 10
594 572 10
594 595 10
594 597 10
594 602 10
594 603 10
594 608 10
594 610 10
594 615 10
595 427 10
595 436 10
595 444 10
595 445 10
595 452 10
595 454 10
595 456 10
595 457 10
595 459 10
595 462 10
595 464 10
595 466 10
595 471 10
595 473 10
595 474 10
595 476 10
595 477 10
595 479 10
595 480 10
595 481 10
595 487 10
595 489 10
595 492 10
595 501 10
595 502 10
595 505 10
595 506 10
595 508 10
595 509 10
595 511 10
595 520 10
595 521 10
595 526 10
595 528 10
595 530 10
595 531 10
595 532 10
595 533 10
595 535 10
595 539 10
595 548 10
595 549 10
595 550 10
595 552 10
595 553 10
595 557 10
595 558 10
595 559 10
595 560 10
595 561 10
595 562 10
595 572 10
595 575 10
595 584 10
595 591 10
595 595 10
595 607 10
595 609 10
595 613 10
595 619 10
595 620 10
595 622 10
596 446 10
596 448 10
596 450 10
596 452 10
596 453 10
596 459 10
596 460 10
596 461 10
596 464 10
596 465 10
596 466 10
596 468 10
596 470 10
596 473 10
596 475 10
596 476 10
596 477 10
596 478 10
596 479 10
596 481 10
596 484 10
596 485 10
596 499 10
596 503 10
596 506 10
596 507 10
596 509 10
596 510 10
596 511 10
596 517 10
596 529 10
596 530 10
596 532 10
596 533 10
596 535 10
596 544 10
596 546 10
596 548 10
596 549 10
596 550 10
596 553 10
596 554 10
596 555 10
596 558 10
596 560 10
596 561 10
596 563 10
596 565 10
596 567 10
596 571 10
596 591 10
596 592 10
596 596 10
596 603 10
596 607 10
596 608 10
596 609 10
596 610 10
596 613 10
596 614 10
596 616 10
596 619 10
597 439 10
597 454 10
597 456 10
597 457 10
597 461 10
597 463 10
597 465 10
597 466 10
597 470 10
597 472 10
597 474 10
597 479 10
597 481 10
597 483 10
597 485 10
597 486 10
597 487 10
597 488 10
597 493 10
597 500 10
597 502 10
597 506 10
597 508 10
597 509 10
597 510 10
597 511 10
597 513 10
597 517 10
597 527 10
597 528 10
597 529 10
597 530 10
597 532 10
597 534 10
597 535 10
597 536 10
597 540 10
597 541 10
597 542 10
597 546 10
597 548 10
597 549 10
597 550 10
597 551 10
597 553 10
597 554 10
597 556 10
597 558 10
597 559 10
597 560 10
597 592 10
597 610 10
597 611 10
597 612 10
597 613 10
597 615 10
597 619 10
597 620 10
597 624 10
598 432 10
598 438 10
598 453 10
598 456 10
598 457 10
598 458 10
598 461 10
598 462 10
598 464 10
598 465 10
598 466 10
598 471 10
598 472 10
598 473 10
598 474 10
598 475 10
598 477 10
598 479 10
598 481 10
598 484 10
598 487 10
598 488 10
598 489 10
598 492 10
598 493 10
598 495 10
598 501 10
598 503 10
598 504 10
598 505 10
598 507 10
598 508 10
598 509 10
598 513 10
598 514 10
598 516 10
598 521 10
598 530 10
598 531 10
598 532 10
598 536 10
598 537 10
598 540 10
598 545 10
598 547 10
598 548 10
598 549 10
598 551 10
598 552 10
598 554 10
598 555 10
598 556 10
598 558 10
598 559 10
598 561 10
598 589 10
598 591 10
598 610 10
598 613 10
598 617 10
598 618 10
598 626 10
598 630 10
599 425 10
599 436 10
599 453 10
599 454 10
599 462 10
599 463 10
599 465 10
599 467 10
599 468 10
599 469 10
599 472 10
599 473 10
599 474 10
599 477 10
599 478 10
599 479 10
599 486 10
599 489 10
599 490 10
599 492 10
599 495 10
599 497 10
599 500 10
599 504 10
599 505 10
599 507 10
599 510 10
599 513 10
599 515 10
599 522 10
599 527 10
599 530 10
599 531 10
599 533 10
599 534 10
599 535 10
599 536 10
599 537 10
599 538 10
599 539 10
599 540 10
599 541 10
599 548 10
599 549 10
599 551 10
599 553 10
599 554 10
599 556 10
599 558 10
599 560 10
599 564 10
599 565 10
599 588 10
599 590 10
599 592 10
599 596 10
599 608 10
599 610 10
599 616 10
599 618 10
599 619 10
600 433 10
600 434 10
600 443 10
600 445 10
600 451 10
600 453 10
600 454 10
600 456 10
600 466 10
600 467 10
600 469 10
600 470 10
600 471 10
600 473 10
600 475 10
600 476 10
600 477 10
600 479 10
600 480 10
600 483 10
600 488 10
600 489 10
600 491 10
600 493 10
600 495 10
600 497 10
600 499 10
600 503 10
600 506 10
600 507 10
600 508 10
600 509 10
600 511 10
600 512 10
600 514 10
600 515 10
600 519 10
600 529 10
600 530 10
600 533 10
600 534 10
600 536 10
600 537 10
600 538 10
600 541 10
600 544 10
600 545 10
600 546 10
600 547 10
600 551 10
600 552 10
600 553 10
600 554 10
600 555 10
600 556 10
600 557 10
600 560 10
600 561 10
600 562 10
600 578 10
600 579 10
600 591 10
600 593 10
600 612 10
600 614 10
600 616 10
600 629 10
601 432 10
601 435 10
601 436 10
601 439 10
601 441 10
601 442 10
601 444 10
601 450 10
601 451 10
601 453 10
601 455 10
601 458 10
601 460 10
601 462 10
601 468 10
601 473 10
601 474 10
601 476 10
601 478 10
601 483 10
601 486 10
601 492 10
601 495 10
601 497 10
601 498 10
601 499 10
601 500 10
601 501 10
601 505 10
601 506 10
601 508 10
601 509 10
601 510 10
601 512 10
601 513 10
601 515 10
601 517 10
601 519 10
601 528 10
601 530 10
601 531 10
601 533 10
601 535 10
601 537 10
601 538 10
601 539 10
601 541 10
601 546 10
601 547 10
601 548 10
601 552 10
601 553 10
601 558 10
601 559 10
601 569 10
601 576 10
601 579 10
601 580 10
601 582 10
601 587 10
601 589 10
601 590 10
601 596 10
601 610 10
601 613 10
601 614 10
601 617 10
601 619 10
601 621 10
601 624 10
601 633 10
602 433 10
602 434 10
602 436 10
602 443 10
602 444 10
602 445 10
602 446 10
602 447 10
602 449 10
602 454 10
602 457 10
602 459 10
602 461 10
602 462 10
602 465 10
602 466 10
602 469 10
602 477 10
602 478 10
602 479 10
602 480 10
602 488 10
602 489 10
602 490 10
602 491 10
602 492 10
602 501 10
602 503 10
602 504 10
602 505 10
602 510 10
602 511 10
602 513 10
602 528 10
602 531 10
602 532 10
602 533 10
602 534 10
602 535 10
602 537 10
602 539 10
602 540 10
602 548 10
602 551 10
602 552 10
602 553 10
602 556 10
602 559 10
602 562 10
602 563 10
602 567 10
602 569 10
602 578 10
602 582 10
602 587 10
602 589 10
602 590 10
602 592 10
602 593 10
602 600 10
602 612 10
602 615 10
602 617 10
602 629 10
602 632 10
603 430 10
603 434 10
603 436 10
603 439 10
603 443 10
603 444 10
603 445 10
603 446 10
603 447 10
603 448 10
603 449 10
603 450 10
603 451 10
603 453 10
603 454 10
603 460 10
603 464 10
603 466 10
603 472 10
603 481 10
603 490 10
603 492 10
603 496 10
603 500 10
603 502 10
603 505 10
603 506 10
603 515 10
603 528 10
603 529 10
603 530 10
603 531 10
603 533 10
603 535 10
603 536 10
603 537 10
603 539 10
603 540 10
603 547 10
603 548 10
603 549 10
603 551 10
603 553 10
603 560 10
603 564 10
603 566 10
603 577 10
603 578 10
603 579 10
603 580 10
603 581 10
603 590 10
603 591 10
603 599 10
603 611 10
603 612 10
603 616 10
603 617 10
603 621 10
603 624 10
604 434 10
604 436 10
604 437 10
604 441 10
604 443 10
604 444 10
604 445 10
604 449 10
604 452 10
604 457 10
604 458 10
604 459 10
604 460 10
604 461 10
604 462 10
604 463 10
604 464 10
604 465 10
604 479 10
604 480 10
604 488 10
604 495 10
604 496 10
604 498 10
604 499 10
604 521 10
604 524 10
604 526 10
604 527 10
604 532 10
604 533 10
604 536 10
604 537 10
604 539 10
604 542 10
604 545 10
604 552 10
604 554 10
604 555 10
604 556 10
604 557 10
604 558 10
604 577 10
604 582 10
604 593 10
604 608 10
604 611 10
604 620 10
605 433 10
605 434 10
605 437 10
605 438 10
605 439 10
605 441 10
605 442 10
605 444 10
605 445 10
605 447 10
605 448 10
605 449 10
605 451 10
605 453 10
605 454 10
605 455 10
605 457 10
605 459 10
605 465 10
605 466 10
605 467 10
605 476 10
605 477 10
605 478 10
605 482 10
605 488 10
605 492 10
605 493 10
605 496 10
605 497 10
605 498 10
605 499 10
605 500 10
605 502 10
605 505 10
605 513 10
605 515 10
605 521 10
605 522 10
605 525 10
605 528 10
605 529 10
605 536 10
605 537 10
605 540 10
605 551 10
605 553 10
605 556 10
605 558 10
605 560 10
605 562 10
605 567 10
605 574 10
605 576 10
605 577 10
605 580 10
605 581 10
605 582 10
605 586 10
605 591 10
605 592 10
605 593 10
605 594 10
605 611 10
605 617 10
605 626 10
606 434 10
606 435 10
606 436 10
606 439 10
606 440 10
606 442 10
606 443 10
606 445 10
606 449 10
606 450 10
606 451 10
606 452 10
606 453 10
606 455 10
606 456 10
606 457 10
606 460 10
606 463 10
606 464 10
606 468 10
606 476 10
606 478 10
606 480 10
606 483 10
606 488 10
606 492 10
606 494 10
606 496 10
606 497 10
606 498 10
606 499 10
606 512 10
606 514 10
606 520 10
606 522 10
606 523 10
606 526 10
606 530 10
606 536 10
606 538 10
606 543 10
606 544 10
606 549 10
606 551 10
606 552 10
606 553 10
606 555 10
606 557 10
606 558 10
606 559 10
606 562 10
606 567 10
606 570 10
606 572 10
606 574 10
606 578 10
606 581 10
606 590 10
606 594 10
606 620 10
606 625 10
607 432 10
607 433 10
607 435 10
607 446 10
607 448 10
607 449 10
607 455 10
607 456 10
607 457 10
607 458 10
607 462 10
607 463 10
607 480 10
607 481 10
607 482 10
607 485 10
607 487 10
607 489 10
607 492 10
607 494 10
607 495 10
607 497 10
607 499 10
607 503 10
607 509 10
607 514 10
607 520 10
607 521 10
607 526 10
607 528 10
607 532 10
607 534 10
607 535 10
607 538 10
607 539 10
607 540 10
607 542 10
607 543 10
607 544 10
607 550 10
607 552 10
607 554 10
607 555 10
607 556 10
607 568 10
607 569 10
607 570 10
607 572 10
607 579 10
607 582 10
607 583 10
607 588 10
607 590 10
607 592 10
607 618 10
607 622 10
607 624 10
608 432 10
608 434 10
608 437 10
608 439 10
608 440 10
608 444 10
608 445 10
608 446 10
608 449 10
608 452 10
608 453 10
608 454 10
608 455 10
608 457 10
608 458 10
608 461 10
608 464 10
608 468 10
608 470 10
608 486 10
608 488 10
608 490 10
608 492 10
608 493 10
608 495 10
608 497 10
608 498 10
608 499 10
608 502 10
608 513 10
608 519 10
608 523 10
608 526 10
608 527 10
608 528 10
608 530 10
608 533 10
608 534 10
608 536 10
608 537 10
608 538 10
608 539 10
608 540 10
608 541 10
608 542 10
608 543 10
608 552 10
608 555 10
608 557 10
608 563 10
608 566 10
608 567 10
608 570 10
608 575 10
608 580 10
608 582 10
608 590 10
608 591 10
608 592 10
608 593 10
608 594 10
608 623 10
609 432 10
609 434 10
609 435 10
609 436 10
609 438 10
609 442 10
609 443 10
609 446 10
609 448 10
609 449 10
609 450 10
609 453 10
609 454 10
609 455 10
609 456 10
609 470 10
609 489 10
609 494 10
609 495 10
609 496 10
609 498 10
609 499 10
609 500 10
609 515 10
609 517 10
609 526 10
609 530 10
609 534 10
609 535 10
609 537 10
609 538 10
609 540 10
609 541 10
609 543 10
609 553 10
609 555 10
609 557 10
609 559 10
609 561 10
609 562 10
609 564 10
609 571 10
609 572 10
609 575 10
609 577 10
609 580 10
609 581 10
609 585 10
609 586 10
609 593 10
609 597 10
610 433 10
610 436 10
610 440 10
610 446 10
610 448 10
610 450 10
610 452 10
610 453 10
610 454 10
610 456 10
610 458 10
610 464 10
610 465 10
610 467 10
610 469 10
610 472 10
610 489 10
610 491 10
610 493 10
610 496 10
610 497 10
610 512 10
610 513 10
610 524 10
610 526 10
610 527 10
610 529 10
610 530 10
610 531 10
610 533 10
610 535 10
610 536 10
610 538 10
610 541 10
610 543 10
610 545 10
610 547 10
610 548 10
610 549 10
610 555 10
610 557 10
610 559 10
610 566 10
610 575 10
610 576 10
610 578 10
610 581 10
610 585 10
610 592 10
610 593 10
610 597 10
610 599 10
610 620 10
610 622 10
611 430 10
611 431 10
611 437 10
611 441 10
611 443 10
611 445 10
611 447 10
611 449 10
611 450 10
611 453 10
611 454 10
611 456 10
611 460 10
611 469 10
611 472 10
611 473 10
611 475 10
611 489 10
611 496 10
611 498 10
611 499 10
611 500 10
611 501 10
611 503 10
611 513 10
611 527 10
611 528 10
611 529 10
611 531 10
611 533 10
611 534 10
611 536 10
611 537 10
611 538 10
611 542 10
611 543 10
611 544 10
611 545 10
611 547 10
611 549 10
611 550 10
611 555 10
611 556 10
611 557 10
611 559 10
611 560 10
611 563 10
611 565 10
611 579 10
611 581 10
611 586 10
611 587 10
611 589 10
612 442 10
612 446 10
612 447 10
612 448 10
612 450 10
612 451 10
612 452 10
612 458 10
612 459 10
612 461 10
612 469 10
612 471 10
612 472 10
612 487 10
612 488 10
612 489 10
612 490 10
612 492 10
612 493 10
612 494 10
612 495 10
612 496 10
612 497 10
612 498 10
612 499 10
612 500 10
612 501 10
612 513 10
612 514 10
612 534 10
612 536 10
612 539 10
612 540 10
612 542 10
612 545 10
612 546 10
612 547 10
612 548 10
612 549 10
612 551 10
612 555 10
612 558 10
612 563 10
612 570 10
612 574 10
612 585 10
612 594 10
612 596 10
612 598 10
612 600 10
612 619 10
612 621 10
612 623 10
613 437 10
613 438 10
613 439 10
613 442 10
613 446 10
613 447 10
613 450 10
613 452 10
613 458 10
613 461 10
613 469 10
613 471 10
613 473 10
613 474 10
613 488 10
613 490 10
613 495 10
613 496 10
613 519 10
613 521 10
613 529 10
613 531 10
613 537 10
613 539 10
613 540 10
613 541 10
613 545 10
613 546 10
613 547 10
613 549 10
613 551 10
613 553 10
613 557 10
613 558 10
613 559 10
613 560 10
613 566 10
613 572 10
613 577 10
613 578 10
613 579 10
613 580 10
613 583 10
613 592 10
613 595 10
613 598 10
613 600 10
613 617 10
614 441 10
614 442 10
614 444 10
614 445 10
614 447 10
614 448 10
614 451 10
614 456 10
614 458 10
614 459 10
614 460 10
614 462 10
614 464 10
614 468 10
614 472 10
614 473 10
614 477 10
614 485 10
614 486 10
614 487 10
614 488 10
614 492 10
614 494 10
614 498 10
614 499 10
614 500 10
614 523 10
614 526 10
614 528 10
614 529 10
614 535 10
614 537 10
614 539 10
614 540 10
614 541 10
614 544 10
614 547 10
614 548 10
614 551 10
614 553 10
614 554 10
614 556 10
614 560 10
614 561 10
614 562 10
614 564 10
614 565 10
614 566 10
614 572 10
614 573 10
614 580 10
614 581 10
614 596 10
614 597 10
614 603 10
614 616 10
615 443 10
615 446 10
615 447 10
615 448 10
615 449 10
615 450 10
615 454 10
615 456 10
615 457 10
615 459 10
615 463 10
615 464 10
615 465 10
615 467 10
615 469 10
615 472 10
615 476 10
615 477 10
615 478 10
615 485 10
615 486 10
615 487 10
615 490 10
615 492 10
615 493 10
615 494 10
615 496 10
615 498 10
615 501 10
615 511 10
615 513 10
615 514 10
615 515 10
615 521 10
615 522 10
615 524 10
615 531 10
615 537 10
615 540 10
615 541 10
615 542 10
615 543 10
615 544 10
615 547 10
615 549 10
615 550 10
615 551 10
615 558 10
615 563 10
615 567 10
615 568 10
615 576 10
615 578 10
615 580 10
615 581 10
615 584 10
615 585 10
615 592 10
615 593 10
615 594 10
615 595 10
615 596 10
615 603 10
616 438 10
616 443 10
616 445 10
616 447 10
616 448 10
616 449 10
616 452 10
616 454 10
616 455 10
616 456 10
616 460 10
616 461 10
616 462 10
616 468 10
616 470 10
616 475 10
616 476 10
616 478 10
616 479 10
616 485 10
616 489 10
616 490 10
616 491 10
616 492 10
616 493 10
616 494 10
616 495 10
616 496 10
616 498 10
616 500 10
616 511 10
616 514 10
616 516 10
616 539 10
616 540 10
616 541 10
616 542 10
616 543 10
616 544 10
616 546 10
616 547 10
616 548 10
616 553 10
616 554 10
616 558 10
616 559 10
616 560 10
616 561 10
616 565 10
616 566 10
616 569 10
616 572 10
616 573 10
616 579 10
616 580 10
616 582 10
616 583 10
616 584 10
616 592 10
616 595 10
616 596 10
617 443 10
617 444 10
617 445 10
617 446 10
617 447 10
617 448 10
617 450 10
617 451 10
617 453 10
617 459 10
617 462 10
617 465 10
617 472 10
617 474 10
617 475 10
617 477 10
617 478 10
617 480 10
617 485 10
617 486 10
617 487 10
617 490 10
617 491 10
617 493 10
617 496 10
617 499 10
617 500 10
617 512 10
617 515 10
617 521 10
617 531 10
617 532 10
617 535 10
617 537 10
617 538 10
617 544 10
617 550 10
617 553 10
617 554 10
617 555 10
617 556 10
617 557 10
617 558 10
617 560 10
617 561 10
617 562 10
617 566 10
617 568 10
617 579 10
617 580 10
617 581 10
617 582 10
617 584 10
617 585 10
617 586 10
617 593 10
617 595 10
617 601 10
617 604 10
618 439 10
618 444 10
618 446 10
618 447 10
618 448 10
618 450 10
618 453 10
618 463 10
618 464 10
618 465 10
618 466 10
618 469 10
618 470 10
618 471 10
618 472 10
618 474 10
618 479 10
618 480 10
618 487 10
618 488 10
618 489 10
618 490 10
618 493 10
618 495 10
618 496 10
618 501 10
618 521 10
618 522 10
618 524 10
618 529 10
618 530 10
618 534 10
618 535 10
618 536 10
618 539 10
618 540 10
618 541 10
618 542 10
618 543 10
618 544 10
618 545 10
618 546 10
618 547 10
618 549 10
618 552 10
618 555 10
618 556 10
618 557 10
618 558 10
618 559 10
618 560 10
618 563 10
618 574 10
618 575 10
618 576 10
618 578 10
618 583 10
618 593 10
618 597 10
618 599 10
618 601 10
619 446 10
619 448 10
619 450 10
619 451 10
619 462 10
619 464 10
619 466 10
619 468 10
619 472 10
619 474 10
619 475 10
619 477 10
619 479 10
619 486 10
619 494 10
619 495 10
619 497 10
619 498 10
619 515 10
619 520 10
619 523 10
619 527 10
619 528 10
619 529 10
619 533 10
619 536 10
619 537 10
619 538 10
619 542 10
619 544 10
619 547 10
619 548 10
619 549 10
619 550 10
619 552 10
619 554 10
619 555 10
619 556 10
619 557 10
619 558 10
619 559 10
619 560 10
619 561 10
619 563 10
619 564 10
619 565 10
619 567 10
619 575 10
619 578 10
619 579 10
619 582 10
619 586 10
619 595 10
619 596 10
619 601 10
620 439 10
620 442 10
620 445 10
620 447 10
620 455 10
620 456 10
620 462 10
620 464 10
620 465 10
620 467 10
620 470 10
620 473 10
620 476 10
620 478 10
620 484 10
620 491 10
620 494 10
620 495 10
620 496 10
620 497 10
620 522 10
620 528 10
620 531 10
620 541 10
620 542 10
620 543 10
620 544 10
620 545 10
620 546 10
620 550 10
620 554 10
620 556 10
620 557 10
620 558 10
620 562 10
620 563 10
620 575 10
620 576 10
620 577 10
620 578 10
620 579 10
620 580 10
620 581 10
620 582 10
620 583 10
620 598 10
620 601 10
621 439 10
621 441 10
621 444 10
621 446 10
621 448 10
621 449 10
621 453 10
621 458 10
621 464 10
621 468 10
621 471 10
621 473 10
621 474 10
621 475 10
621 483 10
621 486 10
621 488 10
621 496 10
621 497 10
621 498 10
621 499 10
621 517 10
621 519 10
621 521 10
621 524 10
621 525 10
621 530 10
621 533 10
621 535 10
621 538 10
621 539 10
621 540 10
621 542 10
621 544 10
621 545 10
621 548 10
621 550 10
621 551 10
621 552 10
621 554 10
621 555 10
621 556 10
621 557 10
621 558 10
621 559 10
621 560 10
621 562 10
621 564 10
621 573 10
621 575 10
621 579 10
621 583 10
621 584 10
621 586 10
621 595 10
621 597 10
621 599 10
622 440 10
622 441 10
622 444 10
622 445 10
622 447 10
622 450 10
622 451 10
622 452 10
622 453 10
622 456 10
622 458 10
622 463 10
622 464 10
622 466 10
622 468 10
622 472 10
622 481 10
622 487 10
622 490 10
622 496 10
622 497 10
622 498 10
622 500 10
622 515 10
622 517 10
622 520 10
622 521 10
622 524 10
622 525 10
622 526 10
622 528 10
622 529 10
622 531 10
622 533 10
622 535 10
622 536 10
622 537 10
622 539 10
622 540 10
622 541 10
622 542 10
622 543 10
622 544 10
622 546 10
622 547 10
622 548 10
622 549 10
622 550 10
622 552 10
622 554 10
622 555 10
622 556 10
622 557 10
622 558 10
622 562 10
622 575 10
622 576 10
622 577 10
622 579 10
622 580 10
622 581 10
622 583 10
622 586 10
622 597 10
622 599 10
623 442 10
623 447 10
623 448 10
623 451 10
623 464 10
623 482 10
623 497 10
623 498 10
623 499 10
623 519 10
623 520 10
623 522 10
623 523 10
623 527 10
623 530 10
623 531 10
623 532 10
623 536 10
623 537 10
623 539 10
623 540 10
623 544 10
623 546 10
623 547 10
623 548 10
623 549 10
623 552 10
623 553 10
623 554 10
623 555 10
623 556 10
623 557 10
623 558 10
623 559 10
623 564 10
623 565 10
623 566 10
623 568 10
623 573 10
623 575 10
623 580 10
623 581 10
623 582 10
623 584 10
623 585 10
623 587 10
623 592 10
623 596 10
623 598 10
624 438 10
624 440 10
624 448 10
624 479 10
624 501 10
624 520 10
624 523 10
624 524 10
624 526 10
624 527 10
624 528 10
624 532 10
624 533 10
624 535 10
624 537 10
624 538 10
624 539 10
624 540 10
624 541 10
624 551 10
624 552 10
624 553 10
624 554 10
624 555 10
624 556 10
624 557 10
624 561 10
624 573 10
624 574 10
624 575 10
624 576 10
624 579 10
624 581 10
624 585 10
624 586 10
624 591 10
624 595 10
625 439 10
625 446 10
625 450 10
625 451 10
625 479 10
625 481 10
625 482 10
625 483 10
625 489 10
625 498 10
625 501 10
625 522 10
625 523 10
625 525 10
625 529 10
625 536 10
625 537 10
625 540 10
625 541 10
625 542 10
625 543 10
625 544 10
625 545 10
625 546 10
625 548 10
625 550 10
625 552 10
625 555 10
625 556 10
625 558 10
625 572 10
625 574 10
625 575 10
625 579 10
625 585 10
625 592 10
625 594 10
625 595 10
625 596 10
625 597 10
625 599 10
625 601 10
626 460 10
626 478 10
626 480 10
626 491 10
626 496 10
626 499 10
626 501 10
626 517 10
626 520 10
626 524 10
626 525 10
626 527 10
626 528 10
626 532 10
626 538 10
626 539 10
626 540 10
626 542 10
626 546 10
626 547 10
626 548 10
626 550 10
626 552 10
626 555 10
626 557 10
626 558 10
626 586 10
626 594 10
626 596 10
626 599 10
627 459 10
627 478 10
627 489 10
627 497 10
627 500 10
627 515 10
627 516 10
627 518 10
627 519 10
627 521 10
627 522 10
627 524 10
627 525 10
627 528 10
627 529 10
627 530 10
627 531 10
627 532 10
627 533 10
627 535 10
627 539 10
627 540 10
627 542 10
627 546 10
627 547 10
627 549 10
627 552 10
627 554 10
627 555 10
627 556 10
627 557 10
627 559 10
627 590 10
627 599 10
627 600 10
627 601 10
628 496 10
628 500 10
628 514 10
628 517 10
628 518 10
628 521 10
628 522 10
628 523 10
628 524 10
628 525 10
628 526 10
628 527 10
628 528 10
628 530 10
628 531 10
628 533 10
628 534 10
628 543 10
628 545 10
628 547 10
628 548 10
628 549 10
628 553 10
628 555 10
628 558 10
628 559 10
628 580 10
628 586 10
628 590 10
628 591 10
628 594 10
628 596 10
628 600 10
628 601 10
629 478 10
629 518 10
629 519 10
629 520 10
629 522 10
629 524 10
629 525 10
629 526 10
629 527 10
629 528 10
629 529 10
629 530 10
629 531 10
629 532 10
629 533 10
629 534 10
629 542 10
629 547 10
629 548 10
629 549 10
629 550 10
629 551 10
629 552 10
629 555 10
629 556 10
629 557 10
629 573 10
629 578 10
629 579 10
629 580 10
629 587 10
629 589 10
629 590 10
629 593 10
629 597 10
629 600 10
629 601 10
630 463 10
630 514 10
630 515 10
630 516 10
630 517 10
630 518 10
630 519 10
630 520 10
630 521 10
630 522 10
630 523 10
630 524 10
630 525 10
630 526 10
630 527 10
630 528 10
630 529 10
630 530 10
630 531 10
630 532 10
630 533 10
630 535 10
630 540 10
630 542 10
630 544 10
630 549 10
630 551 10
630 567 10
630 579 10
630 581 10
630 587 10
630 588 10
630 593 10
630 594 10
630 596 10
630 597 10
630 601 10
631 509 10
631 516 10
631 517 10
631 518 10
631 519 10
631 520 10
631 521 10
631 525 10
631 526 10
631 527 10
631 528 10
631 529 10
631 530 10
631 531 10
631 532 10
631 533 10
631 534 10
631 535 10
631 537 10
631 545 10
631 547 10
631 551 10
631 552 10
631 554 10
631 557 10
631 566 10
631 568 10
631 587 10
631 589 10
632 513 10
632 514 10
632 518 10
632 519 10
632 521 10
632 522 10
632 523 10
632 524 10
632 525 10
632 526 10
632 527 10
632 528 10
632 529 10
632 530 10
632 531 10
632 535 10
632 536 10
632 539 10
632 543 10
632 545 10
632 547 10
632 550 10
632 551 10
632 553 10
632 564 10
632 567 10
632 586 10
632 587 10
632 589 10
633 511 10
633 515 10
633 517 10
633 519 10
633 520 10
633 521 10
633 522 10
633 524 10
633 526 10
633 527 10
633 528 10
633 529 10
633 530 10
633 531 10
633 532 10
633 533 10
633 535 10
633 536 10
633 537 10
633 539 10
633 551 10
633 565 10
633 566 10
633 587 10
633 588 10
633 591 10
633 595 10
634 514 10
634 518 10
634 520 10
634 521 10
634 522 10
634 524 10
634 525 10
634 526 10
634 527 10
634 528 10
634 529 10
634 530 10
634 531 10
634 532 10
634 542 10
634 547 10
634 548 10
634 552 10
634 555 10
635 516 10
635 518 10
635 522 10
635 523 10
635 524 10
635 525 10
635 526 10
635 528 10
635 529 10
635 530 10
635 531 10
635 532 10
635 533 10
635 534 10
635 535 10
635 537 10
635 544 10
635 549 10
635 552 10
635 553 10
635 566 10
636 514 10
636 524 10
636 525 10
636 528 10
636 529 10
636 533 10
636 534 10
636 540 10
636 545 10
636 546 10
636 547 10
636 548 10
637 514 10
637 519 10
637 520 10
637 521 10
637 523 10
637 525 10
637 526 10
637 527 10
637 528 10
637 532 10
637 538 10
637 539 10
637 541 10
637 542 10
637 543 10
637 544 10
637 545 10
637 546 10
637 547 10
637 549 10
638 520 10
638 521 10
638 525 10
638 526 10
638 527 10
638 528 10
638 529 10
638 531 10
638 532 10
638 537 10
638 539 10
638 543 10
638 545 10
638 548 10
639 514 10
639 517 10
639 521 10
639 523 10
639 524 10
639 526 10
639 527 10
639 529 10
639 530 10
639 531 10
639 537 10
639 538 10
639 540 10
639 541 10
639 542 10
639 545 10
639 547 10
639 549 10
639 551 10
639 552 10
639 554 10
639 555 10
640 518 10
640 519 10
640 521 10
640 522 10
640 525 10
640 526 10
640 527 10
640 528 10
640 529 10
640 530 10
640 531 10
640 532 10
640 536 10
640 538 10
640 539 10
640 541 10
640 543 10
640 544 10
640 546 10
640 547 10
640 553 10
641 515 10
641 518 10
641 522 10
641 523 10
641 524 10
641 525 10
641 527 10
641 529 10
641 530 10
641 533 10
641 537 10
641 542 10
641 545 10
641 547 10
641 549 10
641 551 10
641 552 10
642 518 10
642 523 10
642 524 10
642 525 10
642 527 10
642 528 10
642 529 10
642 530 10
642 532 10
642 554 10
642 556 10
642 557 10
643 513 10
643 516 10
643 518 10
643 519 10
643 521 10
643 522 10
643 525 10
643 526 10
643 528 10
643 532 10
643 533 10
643 534 10
643 536 10
643 538 10
643 547 10
643 556 10
643 557 10
644 524 10
644 526 10
644 527 10
644 529 10
644 530 10
644 532 10
644 545 10
645 516 10
645 517 10
645 518 10
645 520 10
645 522 10
645 523 10
645 525 10
645 526 10
645 529 10
645 532 10
645 533 10
645 534 10
645 535 10
645 544 10
646 519 10
646 521 10
646 524 10
646 526 10
646 527 10
646 528 10
646 529 10
646 536 10
646 537 10
646 545 10
646 546 10
647 544 10
648 527 10
648 544 10
648 546 10
656 523 10
656 525 10
656 529 10
657 524 10
658 523 10
658 525 10
658 528 10
659 524 10
659 526 10
