1024
252 464 10
253 466 10
254 455 10
255 454 10
256 462 10
256 463 10
256 470 10
257 458 10
257 460 10
257 465 10
257 468 10
257 469 10
257 472 10
257 473 10
257 474 10
258 458 10
258 459 10
258 460 10
258 463 10
258 468 10
258 470 10
258 471 10
258 474 10
259 465 10
259 467 10
259 469 10
260 441 10
260 447 10
260 461 10
260 462 10
260 463 10
260 464 10
260 466 10
260 468 10
261 439 10
261 446 10
261 463 10
261 464 10
261 465 10
261 467 10
261 469 10
261 539 10
262 434 10
262 436 10
262 437 10
262 440 10
262 447 10
262 448 10
262 463 10
262 464 10
263 437 10
263 438 10
263 441 10
263 445 10
263 447 10
263 448 10
263 450 10
263 452 10
263 514 10
263 517 10
263 539 10
264 437 10
264 440 10
264 445 10
264 454 10
264 464 10
264 465 10
264 513 10
264 538 10
265 434 10
265 435 10
265 447 10
265 452 10
265 453 10
265 468 10
265 512 10
265 531 10
266 414 10
266 435 10
266 453 10
266 455 10
266 513 10
266 515 10
266 517 10
266 518 10
266 531 10
266 532 10
266 533 10
266 534 10
266 536 10
266 537 10
266 543 10
267 467 10
267 514 10
267 515 10
267 518 10
267 531 10
267 532 10
267 555 10
268 450 10
268 455 10
268 468 10
268 513 10
268 514 10
268 516 10
268 517 10
268 518 10
268 544 10
268 553 10
268 564 10
269 408 10
269 409 10
269 415 10
269 426 10
269 448 10
269 468 10
269 514 10
269 532 10
269 564 10
270 404 10
270 406 10
270 408 10
270 411 10
270 451 10
270 453 10
270 455 10
270 463 10
270 466 10
270 472 10
270 507 10
270 510 10
270 511 10
270 512 10
270 513 10
270 517 10
270 522 10
270 531 10
270 532 10
270 546 10
271 404 10
271 405 10
271 406 10
271 410 10
271 411 10
271 417 10
271 426 10
271 431 10
271 440 10
271 449 10
271 450 10
271 451 10
271 457 10
271 464 10
271 467 10
271 468 10
271 472 10
271 505 10
271 508 10
271 511 10
271 517 10
271 518 10
271 519 10
271 520 10
271 527 10
271 531 10
271 547 10
271 548 10
271 549 10
271 554 10
271 555 10
271 559 10
271 564 10
271 566 10
272 403 10
272 407 10
272 409 10
272 413 10
272 422 10
272 423 10
272 430 10
272 431 10
272 433 10
272 439 10
272 451 10
272 452 10
272 465 10
272 468 10
272 469 10
272 472 10
272 508 10
272 510 10
272 513 10
272 515 10
272 519 10
272 521 10
272 523 10
272 524 10
272 545 10
272 553 10
272 554 10
272 561 10
272 564 10
272 567 10
273 403 10
273 405 10
273 406 10
273 408 10
273 409 10
273 411 10
273 414 10
273 425 10
273 426 10
273 447 10
273 461 10
273 463 10
273 471 10
273 505 10
273 509 10
273 515 10
273 517 10
273 519 10
273 520 10
273 522 10
273 526 10
273 527 10
273 544 10
273 554 10
273 555 10
273 556 10
273 561 10
273 562 10
273 563 10
274 404 10
274 405 10
274 406 10
274 407 10
274 411 10
274 413 10
274 420 10
274 422 10
274 423 10
274 424 10
274 425 10
274 428 10
274 435 10
274 452 10
274 454 10
274 455 10
274 458 10
274 464 10
274 470 10
274 507 10
274 508 10
274 510 10
274 515 10
274 517 10
274 519 10
274 522 10
274 528 10
274 535 10
274 543 10
274 547 10
274 548 10
274 549 10
274 553 10
274 555 10
274 556 10
274 558 10
274 560 10
274 562 10
274 566 10
275 403 10
275 405 10
275 406 10
275 410 10
275 411 10
275 415 10
275 418 10
275 419 10
275 421 10
275 422 10
275 425 10
275 429 10
275 453 10
275 454 10
275 455 10
275 456 10
275 457 10
275 458 10
275 461 10
275 463 10
275 464 10
275 465 10
275 505 10
275 509 10
275 510 10
275 511 10
275 514 10
275 515 10
275 518 10
275 519 10
275 520 10
275 525 10
275 538 10
275 539 10
275 545 10
275 546 10
275 547 10
275 548 10
275 549 10
275 550 10
275 554 10
275 555 10
275 556 10
275 563 10
275 568 10
276 402 10
276 406 10
276 408 10
276 413 10
276 415 10
276 416 10
276 417 10
276 418 10
276 423 10
276 427 10
276 435 10
276 437 10
276 441 10
276 445 10
276 454 10
276 455 10
276 459 10
276 460 10
276 503 10
276 504 10
276 505 10
276 506 10
276 507 10
276 516 10
276 517 10
276 519 10
276 520 10
276 522 10
276 526 10
276 528 10
276 530 10
276 539 10
276 541 10
276 542 10
276 543 10
276 544 10
276 546 10
276 548 10
276 550 10
276 551 10
276 552 10
276 553 10
276 555 10
276 557 10
276 564 10
276 567 10
277 403 10
277 404 10
277 407 10
277 409 10
277 412 10
277 413 10
277 415 10
277 420 10
277 421 10
277 422 10
277 423 10
277 424 10
277 425 10
277 426 10
277 430 10
277 432 10
277 433 10
277 436 10
277 439 10
277 448 10
277 449 10
277 451 10
277 456 10
277 457 10
277 459 10
277 460 10
277 468 10
277 502 10
277 503 10
277 506 10
277 508 10
277 510 10
277 511 10
277 513 10
277 514 10
277 517 10
277 527 10
277 530 10
277 532 10
277 540 10
277 541 10
277 544 10
277 545 10
277 546 10
277 547 10
277 548 10
277 549 10
277 550 10
277 551 10
277 552 10
277 559 10
277 560 10
277 562 10
277 563 10
277 565 10
278 405 10
278 406 10
278 411 10
278 412 10
278 414 10
278 415 10
278 419 10
278 421 10
278 429 10
278 431 10
278 433 10
278 435 10
278 436 10
278 438 10
278 439 10
278 441 10
278 444 10
278 445 10
278 446 10
278 452 10
278 456 10
278 460 10
278 468 10
278 494 10
278 507 10
278 508 10
278 510 10
278 511 10
278 514 10
278 515 10
278 517 10
278 519 10
278 527 10
278 528 10
278 542 10
278 545 10
278 547 10
278 555 10
278 557 10
278 558 10
278 559 10
278 561 10
278 562 10
278 567 10
279 394 10
279 405 10
279 407 10
279 408 10
279 409 10
279 410 10
279 430 10
279 431 10
279 433 10
279 438 10
279 441 10
279 445 10
279 446 10
279 447 10
279 448 10
279 451 10
279 452 10
279 456 10
279 458 10
279 460 10
279 461 10
279 465 10
279 466 10
279 467 10
279 468 10
279 469 10
279 470 10
279 475 10
279 477 10
279 479 10
279 481 10
279 507 10
279 508 10
279 509 10
279 525 10
279 526 10
279 530 10
279 539 10
279 544 10
279 548 10
279 549 10
279 550 10
279 552 10
279 558 10
279 560 10
279 561 10
279 563 10
280 392 10
280 394 10
280 399 10
280 406 10
280 414 10
280 415 10
280 416 10
280 419 10
280 440 10
280 441 10
280 444 10
280 461 10
280 462 10
280 463 10
280 471 10
280 475 10
280 476 10
280 477 10
280 479 10
280 480 10
280 504 10
280 506 10
280 507 10
280 508 10
280 510 10
280 511 10
280 512 10
280 514 10
280 516 10
280 517 10
280 518 10
280 527 10
280 535 10
280 541 10
280 542 10
280 543 10
280 549 10
280 551 10
280 554 10
280 555 10
280 556 10
280 558 10
280 560 10
280 561 10
281 392 10
281 394 10
281 395 10
281 407 10
281 409 10
281 411 10
281 413 10
281 417 10
281 427 10
281 428 10
281 435 10
281 441 10
281 442 10
281 443 10
281 446 10
281 447 10
281 449 10
281 450 10
281 452 10
281 466 10
281 467 10
281 469 10
281 474 10
281 475 10
281 476 10
281 478 10
281 479 10
281 480 10
281 481 10
281 506 10
281 508 10
281 509 10
281 510 10
281 522 10
281 523 10
281 524 10
281 525 10
281 528 10
281 529 10
281 530 10
281 533 10
281 535 10
281 537 10
281 540 10
281 541 10
281 543 10
281 548 10
281 549 10
281 551 10
281 552 10
281 554 10
281 556 10
281 557 10
281 561 10
281 562 10
281 563 10
281 564 10
282 390 10
282 392 10
282 393 10
282 394 10
282 406 10
282 407 10
282 411 10
282 415 10
282 416 10
282 426 10
282 427 10
282 439 10
282 440 10
282 448 10
282 449 10
282 450 10
282 452 10
282 461 10
282 472 10
282 475 10
282 476 10
282 477 10
282 478 10
282 505 10
282 506 10
282 507 10
282 508 10
282 509 10
282 510 10
282 511 10
282 515 10
282 522 10
282 525 10
282 526 10
282 527 10
282 528 10
282 530 10
282 531 10
282 536 10
282 538 10
282 542 10
282 544 10
282 545 10
282 547 10
282 548 10
282 551 10
282 552 10
282 553 10
282 554 10
282 555 10
282 556 10
282 557 10
282 558 10
282 559 10
282 561 10
282 564 10
282 565 10
282 567 10
283 402 10
283 404 10
283 406 10
283 411 10
283 417 10
283 418 10
283 420 10
283 424 10
283 427 10
283 432 10
283 434 10
283 449 10
283 450 10
283 451 10
283 463 10
283 468 10
283 469 10
283 470 10
283 474 10
283 475 10
283 476 10
283 479 10
283 480 10
283 500 10
283 505 10
283 508 10
283 511 10
283 513 10
283 514 10
283 524 10
283 525 10
283 528 10
283 529 10
283 532 10
283 536 10
283 538 10
283 539 10
283 540 10
283 543 10
283 548 10
283 549 10
283 550 10
283 551 10
283 553 10
283 554 10
283 555 10
283 556 10
283 562 10
283 563 10
283 565 10
284 395 10
284 396 10
284 397 10
284 398 10
284 410 10
284 416 10
284 419 10
284 423 10
284 425 10
284 426 10
284 427 10
284 432 10
284 433 10
284 437 10
284 438 10
284 441 10
284 445 10
284 446 10
284 447 10
284 448 10
284 449 10
284 451 10
284 452 10
284 457 10
284 458 10
284 464 10
284 475 10
284 506 10
284 507 10
284 508 10
284 509 10
284 512 10
284 513 10
284 515 10
284 522 10
284 523 10
284 524 10
284 525 10
284 526 10
284 527 10
284 528 10
284 531 10
284 533 10
284 535 10
284 537 10
284 538 10
284 539 10
284 540 10
284 542 10
284 547 10
284 549 10
284 551 10
284 553 10
284 555 10
284 557 10
284 558 10
284 559 10
284 560 10
284 561 10
284 563 10
284 564 10
284 566 10
284 567 10
284 568 10
284 571 10
285 398 10
285 400 10
285 402 10
285 415 10
285 418 10
285 423 10
285 424 10
285 426 10
285 427 10
285 430 10
285 431 10
285 433 10
285 435 10
285 436 10
285 437 10
285 438 10
285 439 10
285 440 10
285 444 10
285 445 10
285 447 10
285 452 10
285 455 10
285 460 10
285 463 10
285 468 10
285 470 10
285 471 10
285 472 10
285 477 10
285 478 10
285 480 10
285 499 10
285 500 10
285 509 10
285 510 10
285 512 10
285 513 10
285 515 10
285 521 10
285 523 10
285 524 10
285 525 10
285 528 10
285 529 10
285 531 10
285 532 10
285 535 10
285 536 10
285 538 10
285 540 10
285 545 10
285 546 10
285 552 10
285 553 10
285 559 10
285 562 10
285 565 10
285 566 10
286 397 10
286 401 10
286 404 10
286 407 10
286 418 10
286 423 10
286 424 10
286 425 10
286 427 10
286 428 10
286 431 10
286 434 10
286 443 10
286 447 10
286 448 10
286 450 10
286 451 10
286 454 10
286 455 10
286 456 10
286 459 10
286 460 10
286 462 10
286 463 10
286 465 10
286 471 10
286 474 10
286 477 10
286 478 10
286 500 10
286 507 10
286 511 10
286 512 10
286 513 10
286 514 10
286 524 10
286 526 10
286 527 10
286 529 10
286 531 10
286 534 10
286 535 10
286 537 10
286 538 10
286 541 10
286 542 10
286 543 10
286 545 10
286 547 10
286 555 10
286 557 10
286 558 10
286 559 10
286 560 10
286 564 10
286 566 10
286 567 10
286 569 10
286 570 10
287 381 10
287 399 10
287 403 10
287 406 10
287 416 10
287 419 10
287 426 10
287 432 10
287 433 10
287 436 10
287 439 10
287 441 10
287 444 10
287 445 10
287 446 10
287 448 10
287 453 10
287 456 10
287 467 10
287 468 10
287 469 10
287 470 10
287 472 10
287 477 10
287 481 10
287 503 10
287 504 10
287 507 10
287 511 10
287 514 10
287 522 10
287 526 10
287 527 10
287 528 10
287 529 10
287 531 10
287 533 10
287 536 10
287 538 10
287 540 10
287 544 10
287 547 10
287 548 10
287 549 10
287 550 10
287 551 10
287 552 10
287 554 10
287 555 10
287 557 10
287 561 10
287 565 10
287 567 10
287 572 10
287 597 10
287 598 10
288 399 10
288 403 10
288 406 10
288 413 10
288 424 10
288 426 10
288 433 10
288 436 10
288 438 10
288 440 10
288 441 10
288 446 10
288 448 10
288 449 10
288 450 10
288 452 10
288 453 10
288 454 10
288 461 10
288 463 10
288 465 10
288 474 10
288 475 10
288 476 10
288 477 10
288 479 10
288 485 10
288 504 10
288 505 10
288 506 10
288 508 10
288 516 10
288 518 10
288 521 10
288 523 10
288 525 10
288 529 10
288 531 10
288 536 10
288 537 10
288 538 10
288 539 10
288 540 10
288 541 10
288 542 10
288 543 10
288 545 10
288 546 10
288 547 10
288 549 10
288 550 10
288 551 10
288 558 10
288 560 10
288 565 10
288 566 10
288 567 10
288 568 10
289 400 10
289 402 10
289 406 10
289 407 10
289 413 10
289 422 10
289 424 10
289 425 10
289 431 10
289 433 10
289 434 10
289 436 10
289 437 10
289 439 10
289 445 10
289 446 10
289 448 10
289 449 10
289 452 10
289 453 10
289 455 10
289 456 10
289 458 10
289 466 10
289 467 10
289 473 10
289 475 10
289 476 10
289 484 10
289 487 10
289 494 10
289 501 10
289 502 10
289 507 10
289 508 10
289 515 10
289 516 10
289 520 10
289 525 10
289 532 10
289 533 10
289 536 10
289 537 10
289 538 10
289 539 10
289 540 10
289 541 10
289 542 10
289 543 10
289 544 10
289 545 10
289 546 10
289 547 10
289 548 10
289 550 10
289 552 10
289 553 10
289 555 10
289 557 10
289 559 10
289 563 10
289 567 10
289 568 10
289 571 10
289 597 10
289 601 10
290 400 10
290 402 10
290 419 10
290 424 10
290 428 10
290 433 10
290 437 10
290 439 10
290 446 10
290 451 10
290 452 10
290 453 10
290 454 10
290 456 10
290 457 10
290 458 10
290 459 10
290 461 10
290 462 10
290 463 10
290 465 10
290 466 10
290 468 10
290 469 10
290 471 10
290 473 10
290 474 10
290 475 10
290 476 10
290 477 10
290 478 10
290 481 10
290 485 10
290 486 10
290 491 10
290 493 10
290 499 10
290 502 10
290 503 10
290 504 10
290 505 10
290 508 10
290 509 10
290 510 10
290 511 10
290 512 10
290 516 10
290 523 10
290 534 10
290 537 10
290 538 10
290 539 10
290 540 10
290 541 10
290 543 10
290 547 10
290 548 10
290 549 10
290 551 10
290 556 10
290 559 10
290 570 10
290 583 10
290 585 10
291 386 10
291 393 10
291 394 10
291 412 10
291 418 10
291 420 10
291 426 10
291 428 10
291 431 10
291 436 10
291 437 10
291 439 10
291 441 10
291 442 10
291 448 10
291 451 10
291 453 10
291 456 10
291 460 10
291 463 10
291 465 10
291 469 10
291 472 10
291 474 10
291 476 10
291 477 10
291 478 10
291 479 10
291 481 10
291 482 10
291 483 10
291 485 10
291 493 10
291 495 10
291 498 10
291 499 10
291 501 10
291 505 10
291 508 10
291 509 10
291 510 10
291 512 10
291 513 10
291 514 10
291 515 10
291 516 10
291 520 10
291 538 10
291 539 10
291 540 10
291 541 10
291 542 10
291 543 10
291 545 10
291 546 10
291 548 10
291 550 10
291 551 10
291 552 10
291 554 10
291 555 10
291 566 10
291 568 10
291 569 10
291 574 10
291 578 10
291 586 10
291 602 10
292 392 10
292 412 10
292 417 10
292 419 10
292 422 10
292 424 10
292 425 10
292 426 10
292 428 10
292 429 10
292 431 10
292 432 10
292 439 10
292 441 10
292 443 10
292 444 10
292 454 10
292 456 10
292 460 10
292 462 10
292 463 10
292 466 10
292 468 10
292 469 10
292 470 10
292 471 10
292 472 10
292 474 10
292 475 10
292 476 10
292 479 10
292 481 10
292 482 10
292 484 10
292 486 10
292 495 10
292 496 10
292 497 10
292 499 10
292 500 10
292 501 10
292 502 10
292 503 10
292 504 10
292 505 10
292 506 10
292 507 10
292 508 10
292 509 10
292 511 10
292 514 10
292 525 10
292 537 10
292 538 10
292 540 10
292 541 10
292 542 10
292 543 10
292 544 10
292 546 10
292 547 10
292 548 10
292 549 10
292 550 10
292 551 10
292 553 10
292 556 10
292 557 10
292 558 10
292 568 10
292 569 10
292 571 10
292 572 10
292 576 10
292 582 10
292 583 10
292 584 10
292 585 10
293 386 10
293 389 10
293 390 10
293 393 10
293 407 10
293 409 10
293 412 10
293 414 10
293 416 10
293 419 10
293 423 10
293 425 10
293 426 10
293 432 10
293 435 10
293 441 10
293 446 10
293 447 10
293 448 10
293 449 10
293 451 10
293 453 10
293 454 10
293 455 10
293 456 10
293 457 10
293 459 10
293 460 10
293 462 10
293 464 10
293 466 10
293 468 10
293 469 10
293 470 10
293 471 10
293 473 10
293 474 10
293 476 10
293 477 10
293 481 10
293 482 10
293 483 10
293 490 10
293 492 10
293 493 10
293 494 10
293 495 10
293 497 10
293 498 10
293 499 10
293 502 10
293 503 10
293 504 10
293 506 10
293 507 10
293 509 10
293 512 10
293 515 10
293 518 10
293 519 10
293 538 10
293 539 10
293 540 10
293 541 10
293 542 10
293 544 10
293 545 10
293 549 10
293 550 10
293 552 10
293 556 10
293 557 10
293 566 10
293 570 10
293 572 10
293 573 10
293 579 10
293 582 10
293 584 10
294 384 10
294 388 10
294 391 10
294 393 10
294 413 10
294 415 10
294 418 10
294 428 10
294 429 10
294 432 10
294 433 10
294 435 10
294 436 10
294 438 10
294 439 10
294 440 10
294 442 10
294 443 10
294 444 10
294 447 10
294 448 10
294 450 10
294 452 10
294 453 10
294 454 10
294 455 10
294 456 10
294 457 10
294 458 10
294 459 10
294 462 10
294 464 10
294 465 10
294 466 10
294 467 10
294 469 10
294 470 10
294 471 10
294 474 10
294 475 10
294 476 10
294 477 10
294 478 10
294 479 10
294 480 10
294 481 10
294 482 10
294 483 10
294 488 10
294 490 10
294 491 10
294 493 10
294 494 10
294 495 10
294 496 10
294 498 10
294 499 10
294 501 10
294 503 10
294 504 10
294 505 10
294 507 10
294 509 10
294 515 10
294 516 10
294 518 10
294 533 10
294 536 10
294 537 10
294 539 10
294 541 10
294 543 10
294 545 10
294 546 10
294 547 10
294 550 10
294 555 10
294 556 10
294 558 10
294 571 10
294 572 10
294 574 10
294 578 10
294 582 10
294 584 10
295 387 10
295 389 10
295 403 10
295 409 10
295 410 10
295 411 10
295 413 10
295 419 10
295 422 10
295 423 10
295 427 10
295 428 10
295 429 10
295 430 10
295 431 10
295 432 10
295 436 10
295 437 10
295 439 10
295 440 10
295 441 10
295 442 10
295 444 10
295 445 10
295 453 10
295 455 10
295 456 10
295 458 10
295 459 10
295 460 10
295 462 10
295 463 10
295 464 10
295 465 10
295 467 10
295 468 10
295 470 10
295 471 10
295 473 10
295 475 10
295 477 10
295 478 10
295 481 10
295 482 10
295 483 10
295 489 10
295 490 10
295 493 10
295 495 10
295 496 10
295 498 10
295 499 10
295 501 10
295 502 10
295 503 10
295 506 10
295 508 10
295 509 10
295 511 10
295 512 10
295 513 10
295 521 10
295 527 10
295 530 10
295 531 10
295 533 10
295 534 10
295 535 10
295 537 10
295 539 10
295 540 10
295 541 10
295 542 10
295 543 10
295 545 10
295 548 10
295 549 10
295 550 10
295 552 10
295 553 10
295 555 10
295 556 10
295 558 10
295 560 10
295 567 10
295 568 10
295 570 10
295 582 10
295 583 10
295 589 10
296 378 10
296 384 10
296 385 10
296 387 10
296 388 10
296 393 10
296 409 10
296 410 10
296 411 10
296 416 10
296 418 10
296 423 10
296 424 10
296 427 10
296 428 10
296 430 10
296 431 10
296 432 10
296 433 10
296 436 10
296 439 10
296 440 10
296 443 10
296 444 10
296 445 10
296 446 10
296 447 10
296 448 10
296 449 10
296 451 10
296 452 10
296 453 10
296 456 10
296 458 10
296 459 10
296 460 10
296 462 10
296 464 10
296 466 10
296 469 10
296 471 10
296 472 10
296 473 10
296 475 10
296 476 10
296 477 10
296 478 10
296 480 10
296 481 10
296 482 10
296 489 10
296 491 10
296 493 10
296 494 10
296 496 10
296 497 10
296 498 10
296 499 10
296 500 10
296 501 10
296 502 10
296 504 10
296 505 10
296 506 10
296 507 10
296 511 10
296 512 10
296 513 10
296 514 10
296 515 10
296 516 10
296 526 10
296 528 10
296 530 10
296 545 10
296 553 10
296 554 10
296 555 10
296 559 10
296 567 10
296 569 10
296 577 10
296 580 10
296 583 10
296 584 10
296 588 10
297 386 10
297 387 10
297 389 10
297 391 10
297 392 10
297 410 10
297 418 10
297 420 10
297 422 10
297 423 10
297 427 10
297 428 10
297 429 10
297 431 10
297 432 10
297 433 10
297 434 10
297 435 10
297 437 10
297 438 10
297 440 10
297 441 10
297 443 10
297 445 10
297 447 10
297 448 10
297 449 10
297 450 10
297 451 10
297 454 10
297 455 10
297 456 10
297 457 10
297 459 10
297 461 10
297 462 10
297 463 10
297 465 10
297 467 10
297 471 10
297 472 10
297 478 10
297 479 10
297 481 10
297 482 10
297 484 10
297 490 10
297 491 10
297 495 10
297 496 10
297 497 10
297 499 10
297 500 10
297 502 10
297 503 10
297 504 10
297 509 10
297 511 10
297 514 10
297 538 10
297 541 10
297 544 10
297 546 10
297 550 10
297 552 10
297 553 10
297 564 10
297 565 10
297 575 10
297 579 10
297 583 10
297 584 10
297 595 10
298 378 10
298 379 10
298 383 10
298 385 10
298 388 10
298 389 10
298 390 10
298 392 10
298 414 10
298 421 10
298 422 10
298 423 10
298 424 10
298 425 10
298 429 10
298 430 10
298 431 10
298 432 10
298 433 10
298 434 10
298 435 10
298 439 10
298 440 10
298 441 10
298 443 10
298 444 10
298 445 10
298 446 10
298 447 10
298 448 10
298 450 10
298 451 10
298 453 10
298 455 10
298 456 10
298 458 10
298 460 10
298 461 10
298 462 10
298 464 10
298 466 10
298 469 10
298 474 10
298 475 10
298 479 10
298 480 10
298 481 10
298 482 10
298 485 10
298 488 10
298 489 10
298 490 10
298 492 10
298 494 10
298 495 10
298 496 10
298 497 10
298 498 10
298 499 10
298 501 10
298 502 10
298 503 10
298 505 10
298 507 10
298 508 10
298 509 10
298 510 10
298 511 10
298 512 10
298 513 10
298 514 10
298 535 10
298 541 10
298 542 10
298 543 10
298 550 10
298 553 10
298 554 10
298 555 10
298 556 10
298 559 10
298 560 10
298 562 10
298 563 10
298 577 10
298 579 10
298 585 10
298 586 10
298 588 10
298 590 10
299 382 10
299 386 10
299 419 10
299 421 10
299 422 10
299 423 10
299 424 10
299 428 10
299 430 10
299 432 10
299 433 10
299 434 10
299 436 10
299 438 10
299 439 10
299 441 10
299 443 10
299 444 10
299 445 10
299 446 10
299 447 10
299 449 10
299 450 10
299 452 10
299 453 10
299 454 10
299 457 10
299 458 10
299 462 10
299 465 10
299 466 10
299 469 10
299 471 10
299 474 10
299 480 10
299 481 10
299 482 10
299 483 10
299 484 10
299 488 10
299 490 10
299 491 10
299 492 10
299 493 10
299 494 10
299 496 10
299 497 10
299 498 10
299 501 10
299 502 10
299 506 10
299 508 10
299 509 10
299 513 10
299 515 10
299 518 10
299 524 10
299 527 10
299 528 10
299 532 10
299 535 10
299 538 10
299 540 10
299 544 10
299 551 10
299 555 10
299 563 10
299 564 10
299 566 10
299 572 10
299 575 10
299 577 10
299 578 10
299 584 10
299 588 10
299 636 10
300 353 10
300 382 10
300 383 10
300 384 10
300 387 10
300 388 10
300 410 10
300 416 10
300 422 10
300 423 10
300 424 10
300 425 10
300 426 10
300 431 10
300 432 10
300 436 10
300 437 10
300 439 10
300 440 10
300 441 10
300 442 10
300 443 10
300 445 10
300 446 10
300 447 10
300 449 10
300 451 10
300 452 10
300 455 10
300 457 10
300 461 10
300 463 10
300 464 10
300 465 10
300 466 10
300 467 10
300 468 10
300 470 10
300 471 10
300 473 10
300 474 10
300 475 10
300 476 10
300 478 10
300 479 10
300 480 10
300 481 10
300 482 10
300 483 10
300 484 10
300 489 10
300 492 10
300 493 10
300 494 10
300 495 10
300 496 10
300 498 10
300 499 10
300 500 10
300 501 10
300 502 10
300 503 10
300 504 10
300 505 10
300 516 10
300 518 10
300 522 10
300 533 10
300 540 10
300 541 10
300 543 10
300 551 10
300 552 10
300 554 10
300 559 10
300 565 10
300 566 10
300 572 10
300 573 10
300 574 10
300 576 10
300 577 10
300 579 10
300 580 10
300 582 10
300 588 10
300 589 10
301 352 10
301 378 10
301 380 10
301 381 10
301 382 10
301 383 10
301 384 10
301 385 10
301 388 10
301 390 10
301 391 10
301 410 10
301 412 10
301 421 10
301 422 10
301 423 10
301 424 10
301 434 10
301 438 10
301 439 10
301 444 10
301 446 10
301 447 10
301 449 10
301 450 10
301 451 10
301 453 10
301 459 10
301 460 10
301 461 10
301 462 10
301 463 10
301 464 10
301 465 10
301 467 10
301 470 10
301 472 10
301 473 10
301 475 10
301 476 10
301 477 10
301 479 10
301 480 10
301 481 10
301 486 10
301 488 10
301 491 10
301 494 10
301 495 10
301 496 10
301 498 10
301 499 10
301 501 10
301 502 10
301 503 10
301 504 10
301 505 10
301 507 10
301 508 10
301 514 10
301 523 10
301 524 10
301 530 10
301 533 10
301 534 10
301 538 10
301 543 10
301 550 10
301 568 10
301 569 10
301 570 10
301 571 10
301 572 10
301 575 10
301 576 10
301 577 10
301 578 10
301 579 10
301 581 10
301 584 10
301 586 10
301 589 10
302 381 10
302 384 10
302 386 10
302 391 10
302 413 10
302 422 10
302 423 10
302 424 10
302 432 10
302 435 10
302 441 10
302 442 10
302 444 10
302 446 10
302 448 10
302 449 10
302 450 10
302 451 10
302 453 10
302 455 10
302 456 10
302 457 10
302 459 10
302 461 10
302 462 10
302 466 10
302 467 10
302 468 10
302 472 10
302 473 10
302 476 10
302 479 10
302 484 10
302 489 10
302 491 10
302 492 10
302 493 10
302 495 10
302 496 10
302 500 10
302 501 10
302 502 10
302 503 10
302 504 10
302 506 10
302 508 10
302 509 10
302 510 10
302 512 10
302 515 10
302 517 10
302 532 10
302 537 10
302 538 10
302 540 10
302 561 10
302 569 10
302 573 10
302 574 10
302 575 10
302 576 10
302 578 10
302 580 10
302 581 10
302 583 10
302 587 10
302 635 10
303 382 10
303 384 10
303 385 10
303 423 10
303 424 10
303 425 10
303 433 10
303 435 10
303 437 10
303 439 10
303 448 10
303 449 10
303 450 10
303 451 10
303 452 10
303 455 10
303 459 10
303 461 10
303 462 10
303 464 10
303 466 10
303 467 10
303 468 10
303 469 10
303 470 10
303 472 10
303 473 10
303 474 10
303 477 10
303 479 10
303 481 10
303 482 10
303 485 10
303 486 10
303 493 10
303 495 10
303 496 10
303 497 10
303 498 10
303 499 10
303 502 10
303 505 10
303 509 10
303 526 10
303 527 10
303 528 10
303 530 10
303 531 10
303 532 10
303 533 10
303 535 10
303 537 10
303 540 10
303 550 10
303 560 10
303 561 10
303 567 10
303 570 10
303 572 10
303 573 10
303 574 10
303 575 10
303 576 10
303 577 10
303 580 10
303 583 10
304 378 10
304 382 10
304 383 10
304 384 10
304 386 10
304 391 10
304 393 10
304 418 10
304 434 10
304 437 10
304 441 10
304 442 10
304 443 10
304 444 10
304 445 10
304 450 10
304 451 10
304 453 10
304 454 10
304 455 10
304 461 10
304 462 10
304 464 10
304 465 10
304 468 10
304 469 10
304 470 10
304 473 10
304 477 10
304 481 10
304 483 10
304 485 10
304 489 10
304 491 10
304 495 10
304 498 10
304 500 10
304 502 10
304 504 10
304 505 10
304 506 10
304 507 10
304 510 10
304 513 10
304 520 10
304 521 10
304 523 10
304 525 10
304 526 10
304 527 10
304 535 10
304 537 10
304 539 10
304 540 10
304 541 10
304 542 10
304 558 10
304 565 10
304 568 10
304 569 10
304 570 10
304 572 10
304 573 10
304 574 10
304 576 10
304 577 10
304 578 10
304 579 10
304 581 10
304 582 10
304 587 10
304 588 10
304 633 10
304 635 10
305 356 10
305 380 10
305 383 10
305 385 10
305 387 10
305 389 10
305 393 10
305 396 10
305 410 10
305 412 10
305 429 10
305 438 10
305 442 10
305 444 10
305 451 10
305 452 10
305 453 10
305 455 10
305 456 10
305 458 10
305 459 10
305 460 10
305 461 10
305 466 10
305 467 10
305 468 10
305 469 10
305 470 10
305 471 10
305 472 10
305 473 10
305 474 10
305 476 10
305 488 10
305 489 10
305 496 10
305 497 10
305 502 10
305 503 10
305 506 10
305 507 10
305 508 10
305 514 10
305 522 10
305 523 10
305 527 10
305 530 10
305 531 10
305 532 10
305 533 10
305 535 10
305 539 10
305 540 10
305 541 10
305 547 10
305 551 10
305 554 10
305 567 10
305 570 10
305 572 10
305 574 10
305 580 10
305 581 10
305 582 10
305 583 10
305 584 10
305 585 10
306 350 10
306 382 10
306 383 10
306 384 10
306 387 10
306 388 10
306 389 10
306 391 10
306 437 10
306 441 10
306 442 10
306 443 10
306 448 10
306 453 10
306 459 10
306 460 10
306 461 10
306 463 10
306 465 10
306 466 10
306 471 10
306 472 10
306 473 10
306 474 10
306 475 10
306 476 10
306 477 10
306 478 10
306 482 10
306 483 10
306 484 10
306 490 10
306 491 10
306 492 10
306 495 10
306 500 10
306 501 10
306 503 10
306 504 10
306 524 10
306 525 10
306 528 10
306 534 10
306 536 10
306 539 10
306 550 10
306 551 10
306 555 10
306 557 10
306 559 10
306 561 10
306 562 10
306 572 10
306 581 10
306 585 10
306 635 10
306 636 10
307 353 10
307 360 10
307 375 10
307 376 10
307 381 10
307 382 10
307 385 10
307 386 10
307 388 10
307 390 10
307 391 10
307 394 10
307 395 10
307 397 10
307 398 10
307 400 10
307 402 10
307 403 10
307 405 10
307 437 10
307 441 10
307 442 10
307 443 10
307 444 10
307 445 10
307 446 10
307 448 10
307 450 10
307 459 10
307 461 10
307 462 10
307 465 10
307 466 10
307 467 10
307 468 10
307 469 10
307 470 10
307 471 10
307 472 10
307 473 10
307 475 10
307 477 10
307 479 10
307 480 10
307 483 10
307 488 10
307 490 10
307 493 10
307 497 10
307 498 10
307 505 10
307 506 10
307 507 10
307 508 10
307 512 10
307 514 10
307 521 10
307 524 10
307 527 10
307 528 10
307 532 10
307 536 10
307 537 10
307 547 10
307 550 10
307 552 10
307 557 10
307 565 10
307 571 10
307 573 10
307 577 10
307 580 10
307 610 10
307 614 10
307 628 10
307 632 10
308 357 10
308 375 10
308 385 10
308 389 10
308 391 10
308 396 10
308 397 10
308 398 10
308 402 10
308 433 10
308 434 10
308 435 10
308 436 10
308 441 10
308 442 10
308 445 10
308 447 10
308 449 10
308 450 10
308 451 10
308 453 10
308 455 10
308 461 10
308 462 10
308 463 10
308 465 10
308 466 10
308 471 10
308 473 10
308 474 10
308 475 10
308 476 10
308 479 10
308 489 10
308 497 10
308 498 10
308 500 10
308 502 10
308 503 10
308 504 10
308 509 10
308 511 10
308 514 10
308 516 10
308 522 10
308 527 10
308 529 10
308 530 10
308 532 10
308 539 10
308 549 10
308 552 10
308 554 10
308 557 10
308 558 10
308 560 10
308 564 10
308 574 10
308 575 10
308 581 10
308 582 10
308 583 10
308 586 10
308 589 10
308 597 10
308 599 10
309 354 10
309 356 10
309 358 10
309 374 10
309 376 10
309 381 10
309 383 10
309 386 10
309 389 10
309 391 10
309 392 10
309 394 10
309 397 10
309 400 10
309 403 10
309 432 10
309 436 10
309 438 10
309 441 10
309 442 10
309 447 10
309 450 10
309 451 10
309 452 10
309 454 10
309 455 10
309 456 10
309 462 10
309 464 10
309 466 10
309 467 10
309 468 10
309 471 10
309 474 10
309 475 10
309 478 10
309 482 10
309 485 10
309 489 10
309 495 10
309 497 10
309 501 10
309 504 10
309 505 10
309 508 10
309 510 10
309 512 10
309 514 10
309 515 10
309 517 10
309 522 10
309 524 10
309 526 10
309 527 10
309 529 10
309 532 10
309 536 10
309 539 10
309 544 10
309 547 10
309 549 10
309 550 10
309 553 10
309 555 10
309 557 10
309 559 10
309 560 10
309 562 10
309 564 10
309 565 10
309 573 10
309 574 10
309 576 10
309 584 10
309 588 10
309 612 10
309 627 10
309 628 10
309 630 10
309 633 10
310 352 10
310 353 10
310 355 10
310 358 10
310 377 10
310 379 10
310 381 10
310 385 10
310 388 10
310 391 10
310 393 10
310 396 10
310 397 10
310 398 10
310 400 10
310 404 10
310 433 10
310 436 10
310 438 10
310 440 10
310 441 10
310 445 10
310 446 10
310 448 10
310 449 10
310 452 10
310 453 10
310 454 10
310 455 10
310 456 10
310 462 10
310 468 10
310 469 10
310 473 10
310 482 10
310 485 10
310 493 10
310 494 10
310 498 10
310 499 10
310 500 10
310 506 10
310 511 10
310 517 10
310 519 10
310 522 10
310 524 10
310 532 10
310 538 10
310 541 10
310 546 10
310 548 10
310 549 10
310 550 10
310 551 10
310 553 10
310 554 10
310 556 10
310 558 10
310 563 10
310 566 10
310 568 10
310 570 10
310 574 10
310 575 10
310 579 10
310 621 10
310 629 10
311 353 10
311 356 10
311 357 10
311 372 10
311 375 10
311 380 10
311 392 10
311 394 10
311 396 10
311 397 10
311 399 10
311 417 10
311 440 10
311 441 10
311 443 10
311 444 10
311 449 10
311 450 10
311 451 10
311 452 10
311 454 10
311 461 10
311 462 10
311 463 10
311 464 10
311 472 10
311 473 10
311 474 10
311 475 10
311 476 10
311 477 10
311 478 10
311 480 10
311 481 10
311 482 10
311 490 10
311 492 10
311 494 10
311 496 10
311 498 10
311 502 10
311 503 10
311 504 10
311 506 10
311 508 10
311 509 10
311 510 10
311 512 10
311 513 10
311 515 10
311 517 10
311 521 10
311 522 10
311 524 10
311 525 10
311 527 10
311 528 10
311 530 10
311 532 10
311 533 10
311 535 10
311 536 10
311 537 10
311 539 10
311 540 10
311 545 10
311 546 10
311 548 10
311 552 10
311 553 10
311 554 10
311 556 10
311 559 10
311 560 10
311 568 10
311 570 10
311 575 10
311 577 10
311 578 10
311 585 10
311 586 10
311 628 10
311 630 10
311 631 10
311 633 10
312 353 10
312 370 10
312 372 10
312 374 10
312 378 10
312 387 10
312 396 10
312 400 10
312 401 10
312 403 10
312 412 10
312 413 10
312 417 10
312 428 10
312 430 10
312 431 10
312 432 10
312 433 10
312 438 10
312 439 10
312 441 10
312 442 10
312 444 10
312 446 10
312 448 10
312 449 10
312 450 10
312 451 10
312 453 10
312 454 10
312 455 10
312 460 10
312 461 10
312 462 10
312 465 10
312 469 10
312 471 10
312 472 10
312 474 10
312 476 10
312 490 10
312 492 10
312 495 10
312 500 10
312 504 10
312 507 10
312 508 10
312 522 10
312 524 10
312 526 10
312 528 10
312 529 10
312 531 10
312 532 10
312 535 10
312 539 10
312 546 10
312 556 10
312 560 10
312 562 10
312 563 10
312 565 10
312 566 10
312 572 10
312 575 10
312 577 10
312 581 10
312 582 10
312 584 10
312 585 10
312 622 10
312 623 10
312 624 10
312 629 10
312 632 10
313 346 10
313 351 10
313 356 10
313 357 10
313 359 10
313 366 10
313 372 10
313 374 10
313 375 10
313 376 10
313 378 10
313 380 10
313 393 10
313 394 10
313 399 10
313 400 10
313 403 10
313 405 10
313 411 10
313 413 10
313 429 10
313 430 10
313 431 10
313 434 10
313 436 10
313 437 10
313 446 10
313 448 10
313 449 10
313 450 10
313 453 10
313 457 10
313 458 10
313 460 10
313 461 10
313 462 10
313 463 10
313 466 10
313 469 10
313 472 10
313 474 10
313 476 10
313 479 10
313 481 10
313 484 10
313 486 10
313 490 10
313 497 10
313 498 10
313 508 10
313 510 10
313 512 10
313 513 10
313 514 10
313 523 10
313 527 10
313 532 10
313 536 10
313 546 10
313 551 10
313 553 10
313 555 10
313 557 10
313 558 10
313 563 10
313 564 10
313 565 10
313 566 10
313 578 10
313 585 10
313 615 10
313 617 10
313 619 10
313 621 10
313 626 10
313 627 10
313 628 10
313 633 10
314 348 10
314 349 10
314 359 10
314 362 10
314 375 10
314 376 10
314 378 10
314 379 10
314 380 10
314 387 10
314 388 10
314 392 10
314 400 10
314 401 10
314 402 10
314 405 10
314 416 10
314 418 10
314 427 10
314 428 10
314 430 10
314 431 10
314 432 10
314 433 10
314 438 10
314 439 10
314 441 10
314 444 10
314 450 10
314 451 10
314 453 10
314 454 10
314 455 10
314 459 10
314 460 10
314 461 10
314 465 10
314 466 10
314 467 10
314 472 10
314 477 10
314 478 10
314 485 10
314 493 10
314 499 10
314 503 10
314 512 10
314 514 10
314 518 10
314 519 10
314 523 10
314 524 10
314 525 10
314 528 10
314 532 10
314 535 10
314 536 10
314 539 10
314 551 10
314 560 10
314 562 10
314 563 10
314 566 10
314 567 10
314 576 10
314 585 10
314 616 10
314 618 10
314 621 10
314 623 10
314 625 10
314 630 10
314 633 10
314 634 10
315 353 10
315 354 10
315 356 10
315 357 10
315 358 10
315 359 10
315 362 10
315 370 10
315 372 10
315 373 10
315 374 10
315 388 10
315 389 10
315 397 10
315 405 10
315 408 10
315 410 10
315 413 10
315 416 10
315 418 10
315 431 10
315 434 10
315 439 10
315 442 10
315 450 10
315 451 10
315 452 10
315 455 10
315 456 10
315 457 10
315 458 10
315 460 10
315 461 10
315 463 10
315 464 10
315 466 10
315 468 10
315 469 10
315 470 10
315 471 10
315 478 10
315 480 10
315 484 10
315 486 10
315 488 10
315 499 10
315 507 10
315 509 10
315 513 10
315 516 10
315 520 10
315 521 10
315 522 10
315 524 10
315 526 10
315 527 10
315 528 10
315 529 10
315 538 10
315 539 10
315 545 10
315 547 10
315 552 10
315 553 10
315 559 10
315 561 10
315 562 10
315 564 10
315 565 10
315 566 10
315 567 10
315 568 10
315 569 10
315 570 10
315 572 10
315 576 10
315 577 10
315 583 10
315 618 10
315 621 10
315 622 10
315 626 10
316 351 10
316 352 10
316 356 10
316 363 10
316 374 10
316 376 10
316 378 10
316 381 10
316 393 10
316 395 10
316 396 10
316 397 10
316 400 10
316 401 10
316 402 10
316 409 10
316 410 10
316 411 10
316 429 10
316 430 10
316 433 10
316 435 10
316 437 10
316 440 10
316 442 10
316 446 10
316 448 10
316 449 10
316 450 10
316 452 10
316 453 10
316 454 10
316 456 10
316 457 10
316 458 10
316 459 10
316 460 10
316 461 10
316 462 10
316 466 10
316 470 10
316 473 10
316 474 10
316 477 10
316 482 10
316 484 10
316 486 10
316 487 10
316 488 10
316 491 10
316 496 10
316 497 10
316 498 10
316 503 10
316 504 10
316 506 10
316 508 10
316 509 10
316 513 10
316 514 10
316 516 10
316 519 10
316 536 10
316 545 10
316 547 10
316 552 10
316 553 10
316 562 10
316 565 10
316 570 10
316 571 10
316 617 10
316 618 10
316 620 10
316 621 10
316 623 10
316 625 10
316 627 10
316 631 10
317 349 10
317 357 10
317 360 10
317 364 10
317 379 10
317 382 10
317 389 10
317 392 10
317 398 10
317 399 10
317 405 10
317 409 10
317 411 10
317 419 10
317 424 10
317 438 10
317 440 10
317 444 10
317 445 10
317 446 10
317 447 10
317 448 10
317 449 10
317 451 10
317 452 10
317 453 10
317 455 10
317 456 10
317 457 10
317 458 10
317 460 10
317 464 10
317 468 10
317 471 10
317 472 10
317 473 10
317 475 10
317 477 10
317 479 10
317 485 10
317 490 10
317 491 10
317 498 10
317 503 10
317 513 10
317 514 10
317 516 10
317 520 10
317 523 10
317 524 10
317 540 10
317 548 10
317 550 10
317 551 10
317 552 10
317 553 10
317 567 10
317 573 10
317 575 10
317 617 10
317 619 10
317 620 10
317 622 10
317 623 10
317 624 10
317 628 10
318 352 10
318 360 10
318 362 10
318 363 10
318 364 10
318 365 10
318 379 10
318 394 10
318 396 10
318 399 10
318 400 10
318 404 10
318 407 10
318 409 10
318 410 10
318 418 10
318 420 10
318 424 10
318 430 10
318 438 10
318 447 10
318 449 10
318 451 10
318 452 10
318 453 10
318 455 10
318 457 10
318 458 10
318 459 10
318 462 10
318 465 10
318 467 10
318 475 10
318 482 10
318 485 10
318 488 10
318 490 10
318 494 10
318 499 10
318 501 10
318 503 10
318 511 10
318 524 10
318 541 10
318 544 10
318 545 10
318 547 10
318 550 10
318 551 10
318 553 10
318 565 10
318 567 10
318 570 10
318 575 10
318 619 10
318 621 10
318 624 10
318 625 10
318 628 10
319 348 10
319 349 10
319 350 10
319 357 10
319 362 10
319 364 10
319 365 10
319 366 10
319 367 10
319 377 10
319 379 10
319 383 10
319 402 10
319 404 10
319 409 10
319 410 10
319 418 10
319 422 10
319 431 10
319 432 10
319 433 10
319 439 10
319 440 10
319 441 10
319 442 10
319 443 10
319 444 10
319 445 10
319 446 10
319 447 10
319 448 10
319 449 10
319 450 10
319 451 10
319 452 10
319 453 10
319 456 10
319 457 10
319 458 10
319 461 10
319 465 10
319 472 10
319 473 10
319 476 10
319 477 10
319 478 10
319 486 10
319 488 10
319 490 10
319 499 10
319 501 10
319 502 10
319 513 10
319 514 10
319 533 10
319 537 10
319 539 10
319 543 10
319 545 10
319 547 10
319 549 10
319 551 10
319 552 10
319 554 10
319 560 10
319 564 10
319 565 10
319 567 10
319 569 10
319 619 10
319 621 10
319 622 10
319 624 10
319 625 10
320 346 10
320 347 10
320 349 10
320 350 10
320 352 10
320 358 10
320 359 10
320 360 10
320 364 10
320 365 10
320 367 10
320 373 10
320 383 10
320 385 10
320 393 10
320 399 10
320 400 10
320 401 10
320 403 10
320 404 10
320 409 10
320 417 10
320 418 10
320 419 10
320 421 10
320 422 10
320 423 10
320 426 10
320 428 10
320 431 10
320 434 10
320 435 10
320 436 10
320 437 10
320 440 10
320 442 10
320 443 10
320 445 10
320 447 10
320 448 10
320 451 10
320 452 10
320 455 10
320 456 10
320 457 10
320 459 10
320 460 10
320 463 10
320 465 10
320 467 10
320 478 10
320 484 10
320 485 10
320 488 10
320 490 10
320 491 10
320 492 10
320 493 10
320 496 10
320 497 10
320 498 10
320 509 10
320 511 10
320 514 10
320 535 10
320 536 10
320 539 10
320 541 10
320 545 10
320 546 10
320 547 10
320 549 10
320 551 10
320 552 10
320 562 10
320 563 10
320 564 10
320 566 10
320 568 10
320 569 10
320 571 10
320 572 10
320 573 10
320 585 10
320 624 10
320 625 10
320 626 10
321 346 10
321 348 10
321 351 10
321 354 10
321 355 10
321 365 10
321 367 10
321 371 10
321 375 10
321 377 10
321 398 10
321 400 10
321 402 10
321 403 10
321 404 10
321 416 10
321 425 10
321 428 10
321 431 10
321 435 10
321 437 10
321 440 10
321 441 10
321 442 10
321 445 10
321 446 10
321 449 10
321 450 10
321 451 10
321 452 10
321 453 10
321 454 10
321 455 10
321 456 10
321 457 10
321 458 10
321 459 10
321 461 10
321 462 10
321 463 10
321 464 10
321 465 10
321 466 10
321 467 10
321 472 10
321 475 10
321 477 10
321 486 10
321 487 10
321 488 10
321 489 10
321 490 10
321 491 10
321 503 10
321 507 10
321 510 10
321 515 10
321 517 10
321 518 10
321 535 10
321 537 10
321 544 10
321 546 10
321 548 10
321 550 10
321 554 10
321 555 10
321 556 10
321 563 10
321 564 10
321 565 10
321 570 10
321 621 10
321 623 10
321 625 10
321 630 10
322 340 10
322 344 10
322 345 10
322 346 10
322 350 10
322 352 10
322 353 10
322 354 10
322 357 10
322 365 10
322 366 10
322 370 10
322 373 10
322 377 10
322 379 10
322 383 10
322 400 10
322 407 10
322 410 10
322 416 10
322 417 10
322 420 10
322 429 10
322 430 10
322 433 10
322 434 10
322 437 10
322 439 10
322 440 10
322 441 10
322 442 10
322 443 10
322 445 10
322 446 10
322 447 10
322 449 10
322 450 10
322 451 10
322 453 10
322 454 10
322 455 10
322 457 10
322 459 10
322 460 10
322 462 10
322 463 10
322 464 10
322 465 10
322 472 10
322 477 10
322 483 10
322 484 10
322 487 10
322 488 10
322 489 10
322 490 10
322 491 10
322 492 10
322 493 10
322 498 10
322 499 10
322 505 10
322 507 10
322 509 10
322 511 10
322 515 10
322 517 10
322 518 10
322 529 10
322 531 10
322 532 10
322 534 10
322 538 10
322 545 10
322 546 10
322 551 10
322 563 10
322 564 10
322 566 10
322 568 10
322 573 10
322 575 10
322 582 10
322 627 10
323 330 10
323 337 10
323 338 10
323 344 10
323 353 10
323 366 10
323 368 10
323 372 10
323 373 10
323 378 10
323 379 10
323 381 10
323 383 10
323 392 10
323 394 10
323 398 10
323 399 10
323 405 10
323 408 10
323 412 10
323 417 10
323 418 10
323 421 10
323 427 10
323 428 10
323 429 10
323 431 10
323 433 10
323 435 10
323 437 10
323 438 10
323 440 10
323 441 10
323 443 10
323 444 10
323 445 10
323 446 10
323 448 10
323 455 10
323 456 10
323 457 10
323 458 10
323 459 10
323 463 10
323 464 10
323 466 10
323 467 10
323 471 10
323 472 10
323 475 10
323 479 10
323 480 10
323 482 10
323 483 10
323 484 10
323 485 10
323 487 10
323 488 10
323 489 10
323 490 10
323 491 10
323 492 10
323 493 10
323 494 10
323 495 10
323 500 10
323 504 10
323 506 10
323 508 10
323 509 10
323 513 10
323 514 10
323 522 10
323 525 10
323 528 10
323 536 10
323 537 10
323 538 10
323 539 10
323 541 10
323 543 10
323 546 10
323 550 10
323 553 10
323 556 10
323 564 10
323 567 10
323 570 10
323 573 10
323 581 10
323 619 10
323 621 10
323 623 10
323 625 10
323 628 10
324 342 10
324 344 10
324 346 10
324 347 10
324 351 10
324 353 10
324 355 10
324 357 10
324 371 10
324 374 10
324 376 10
324 395 10
324 397 10
324 399 10
324 400 10
324 401 10
324 402 10
324 410 10
324 413 10
324 415 10
324 417 10
324 419 10
324 421 10
324 424 10
324 427 10
324 429 10
324 430 10
324 432 10
324 436 10
324 439 10
324 440 10
324 441 10
324 442 10
324 443 10
324 444 10
324 445 10
324 446 10
324 447 10
324 448 10
324 449 10
324 458 10
324 462 10
324 463 10
324 466 10
324 469 10
324 473 10
324 475 10
324 477 10
324 479 10
324 483 10
324 486 10
324 488 10
324 489 10
324 490 10
324 491 10
324 492 10
324 494 10
324 498 10
324 502 10
324 503 10
324 506 10
324 510 10
324 516 10
324 517 10
324 518 10
324 519 10
324 523 10
324 526 10
324 530 10
324 531 10
324 532 10
324 533 10
324 534 10
324 538 10
324 541 10
324 549 10
324 550 10
324 551 10
324 553 10
324 555 10
324 567 10
324 570 10
324 573 10
324 575 10
324 581 10
324 583 10
324 584 10
324 622 10
324 624 10
324 628 10
325 343 10
325 345 10
325 346 10
325 347 10
325 349 10
325 350 10
325 352 10
325 354 10
325 355 10
325 356 10
325 366 10
325 370 10
325 378 10
325 379 10
325 403 10
325 411 10
325 412 10
325 413 10
325 415 10
325 417 10
325 419 10
325 422 10
325 426 10
325 427 10
325 430 10
325 436 10
325 437 10
325 438 10
325 440 10
325 443 10
325 444 10
325 445 10
325 446 10
325 447 10
325 450 10
325 452 10
325 461 10
325 462 10
325 463 10
325 464 10
325 466 10
325 467 10
325 468 10
325 471 10
325 472 10
325 473 10
325 474 10
325 475 10
325 476 10
325 477 10
325 478 10
325 482 10
325 483 10
325 488 10
325 489 10
325 490 10
325 491 10
325 492 10
325 493 10
325 495 10
325 500 10
325 506 10
325 508 10
325 509 10
325 510 10
325 511 10
325 518 10
325 520 10
325 522 10
325 523 10
325 524 10
325 525 10
325 527 10
325 530 10
325 532 10
325 535 10
325 536 10
325 540 10
325 541 10
325 542 10
325 546 10
325 551 10
325 555 10
325 558 10
325 559 10
325 560 10
325 561 10
325 563 10
325 564 10
325 570 10
325 573 10
325 574 10
325 580 10
325 585 10
325 614 10
325 616 10
325 620 10
325 621 10
326 344 10
326 352 10
326 354 10
326 358 10
326 361 10
326 363 10
326 365 10
326 369 10
326 371 10
326 372 10
326 373 10
326 374 10
326 382 10
326 393 10
326 394 10
326 396 10
326 398 10
326 400 10
326 403 10
326 405 10
326 406 10
326 409 10
326 411 10
326 412 10
326 415 10
326 416 10
326 420 10
326 427 10
326 428 10
326 430 10
326 431 10
326 432 10
326 433 10
326 441 10
326 442 10
326 443 10
326 444 10
326 445 10
326 446 10
326 447 10
326 448 10
326 449 10
326 457 10
326 459 10
326 461 10
326 464 10
326 467 10
326 470 10
326 471 10
326 473 10
326 477 10
326 478 10
326 479 10
326 482 10
326 483 10
326 485 10
326 486 10
326 488 10
326 489 10
326 491 10
326 492 10
326 495 10
326 496 10
326 507 10
326 509 10
326 512 10
326 513 10
326 517 10
326 521 10
326 522 10
326 524 10
326 526 10
326 527 10
326 529 10
326 530 10
326 533 10
326 537 10
326 539 10
326 541 10
326 544 10
326 545 10
326 546 10
326 547 10
326 548 10
326 549 10
326 559 10
326 560 10
326 561 10
326 569 10
326 572 10
326 576 10
326 577 10
326 615 10
326 617 10
326 620 10
326 623 10
326 624 10
326 625 10
326 627 10
327 341 10
327 347 10
327 353 10
327 355 10
327 363 10
327 368 10
327 377 10
327 379 10
327 381 10
327 384 10
327 395 10
327 396 10
327 397 10
327 402 10
327 405 10
327 410 10
327 414 10
327 419 10
327 423 10
327 425 10
327 426 10
327 427 10
327 429 10
327 431 10
327 432 10
327 433 10
327 434 10
327 439 10
327 444 10
327 446 10
327 448 10
327 451 10
327 454 10
327 455 10
327 456 10
327 461 10
327 462 10
327 467 10
327 469 10
327 473 10
327 475 10
327 476 10
327 483 10
327 486 10
327 487 10
327 488 10
327 491 10
327 492 10
327 493 10
327 497 10
327 499 10
327 500 10
327 501 10
327 505 10
327 508 10
327 510 10
327 511 10
327 512 10
327 515 10
327 522 10
327 526 10
327 528 10
327 529 10
327 531 10
327 535 10
327 539 10
327 540 10
327 541 10
327 542 10
327 544 10
327 546 10
327 549 10
327 554 10
327 556 10
327 557 10
327 558 10
327 560 10
327 563 10
327 571 10
327 575 10
327 577 10
327 613 10
327 615 10
327 616 10
327 619 10
327 620 10
327 622 10
327 625 10
327 628 10
328 335 10
328 340 10
328 341 10
328 353 10
328 354 10
328 358 10
328 359 10
328 362 10
328 363 10
328 365 10
328 371 10
328 375 10
328 382 10
328 383 10
328 386 10
328 406 10
328 408 10
328 412 10
328 413 10
328 422 10
328 426 10
328 429 10
328 430 10
328 431 10
328 432 10
328 436 10
328 440 10
328 446 10
328 447 10
328 448 10
328 449 10
328 451 10
328 456 10
328 457 10
328 459 10
328 461 10
328 462 10
328 464 10
328 467 10
328 468 10
328 471 10
328 472 10
328 475 10
328 476 10
328 484 10
328 486 10
328 487 10
328 488 10
328 490 10
328 491 10
328 493 10
328 495 10
328 497 10
328 498 10
328 501 10
328 502 10
328 504 10
328 507 10
328 510 10
328 511 10
328 513 10
328 514 10
328 515 10
328 517 10
328 518 10
328 522 10
328 525 10
328 526 10
328 527 10
328 528 10
328 531 10
328 533 10
328 535 10
328 536 10
328 538 10
328 539 10
328 540 10
328 541 10
328 542 10
328 543 10
328 544 10
328 546 10
328 547 10
328 548 10
328 550 10
328 552 10
328 559 10
328 560 10
328 562 10
328 563 10
328 569 10
328 572 10
328 573 10
328 574 10
328 576 10
328 606 10
328 619 10
328 622 10
328 625 10
328 626 10
328 630 10
329 339 10
329 341 10
329 342 10
329 343 10
329 345 10
329 352 10
329 355 10
329 371 10
329 373 10
329 382 10
329 386 10
329 392 10
329 405 10
329 406 10
329 407 10
329 408 10
329 411 10
329 417 10
329 418 10
329 420 10
329 421 10
329 422 10
329 426 10
329 429 10
329 431 10
329 432 10
329 433 10
329 434 10
329 435 10
329 438 10
329 443 10
329 444 10
329 447 10
329 450 10
329 451 10
329 452 10
329 454 10
329 456 10
329 457 10
329 459 10
329 467 10
329 469 10
329 470 10
329 471 10
329 472 10
329 474 10
329 475 10
329 476 10
329 477 10
329 481 10
329 486 10
329 489 10
329 492 10
329 493 10
329 494 10
329 495 10
329 496 10
329 498 10
329 501 10
329 503 10
329 504 10
329 512 10
329 517 10
329 518 10
329 519 10
329 520 10
329 525 10
329 527 10
329 529 10
329 530 10
329 532 10
329 533 10
329 534 10
329 535 10
329 536 10
329 537 10
329 538 10
329 539 10
329 540 10
329 541 10
329 542 10
329 543 10
329 544 10
329 545 10
329 546 10
329 547 10
329 549 10
329 553 10
329 554 10
329 556 10
329 558 10
329 559 10
329 560 10
329 561 10
329 562 10
329 564 10
329 571 10
329 573 10
329 574 10
329 575 10
329 578 10
329 580 10
329 582 10
329 608 10
329 619 10
329 623 10
330 333 10
330 335 10
330 336 10
330 337 10
330 338 10
330 339 10
330 341 10
330 350 10
330 351 10
330 352 10
330 366 10
330 369 10
330 373 10
330 379 10
330 386 10
330 409 10
330 413 10
330 414 10
330 417 10
330 420 10
330 422 10
330 430 10
330 431 10
330 432 10
330 433 10
330 435 10
330 436 10
330 437 10
330 441 10
330 442 10
330 443 10
330 445 10
330 446 10
330 447 10
330 448 10
330 449 10
330 453 10
330 454 10
330 456 10
330 463 10
330 468 10
330 469 10
330 470 10
330 471 10
330 472 10
330 473 10
330 478 10
330 484 10
330 488 10
330 489 10
330 497 10
330 498 10
330 506 10
330 509 10
330 510 10
330 512 10
330 514 10
330 518 10
330 520 10
330 522 10
330 524 10
330 526 10
330 528 10
330 535 10
330 539 10
330 541 10
330 542 10
330 543 10
330 544 10
330 545 10
330 546 10
330 547 10
330 548 10
330 549 10
330 553 10
330 557 10
330 558 10
330 560 10
330 563 10
330 564 10
330 565 10
330 570 10
330 575 10
330 576 10
330 580 10
330 607 10
330 623 10
330 625 10
330 626 10
330 627 10
330 628 10
330 629 10
331 341 10
331 342 10
331 343 10
331 344 10
331 348 10
331 354 10
331 356 10
331 357 10
331 365 10
331 366 10
331 373 10
331 377 10
331 379 10
331 381 10
331 386 10
331 390 10
331 410 10
331 411 10
331 412 10
331 416 10
331 418 10
331 419 10
331 420 10
331 421 10
331 430 10
331 431 10
331 432 10
331 433 10
331 435 10
331 439 10
331 441 10
331 444 10
331 445 10
331 447 10
331 448 10
331 449 10
331 450 10
331 453 10
331 454 10
331 455 10
331 460 10
331 461 10
331 462 10
331 469 10
331 472 10
331 481 10
331 482 10
331 484 10
331 490 10
331 494 10
331 496 10
331 504 10
331 505 10
331 508 10
331 510 10
331 511 10
331 512 10
331 514 10
331 515 10
331 517 10
331 518 10
331 519 10
331 522 10
331 523 10
331 524 10
331 525 10
331 526 10
331 527 10
331 528 10
331 529 10
331 531 10
331 533 10
331 536 10
331 537 10
331 538 10
331 539 10
331 541 10
331 542 10
331 544 10
331 545 10
331 546 10
331 547 10
331 550 10
331 551 10
331 554 10
331 555 10
331 556 10
331 560 10
331 561 10
331 562 10
331 565 10
331 567 10
331 569 10
331 570 10
331 574 10
331 576 10
331 577 10
331 580 10
331 615 10
331 617 10
331 621 10
331 625 10
332 340 10
332 343 10
332 344 10
332 365 10
332 375 10
332 376 10
332 377 10
332 381 10
332 383 10
332 384 10
332 392 10
332 394 10
332 412 10
332 414 10
332 417 10
332 418 10
332 421 10
332 424 10
332 429 10
332 434 10
332 438 10
332 439 10
332 441 10
332 442 10
332 443 10
332 445 10
332 446 10
332 447 10
332 448 10
332 449 10
332 451 10
332 455 10
332 456 10
332 457 10
332 464 10
332 468 10
332 469 10
332 471 10
332 473 10
332 474 10
332 478 10
332 481 10
332 483 10
332 484 10
332 495 10
332 497 10
332 499 10
332 506 10
332 507 10
332 508 10
332 510 10
332 513 10
332 516 10
332 517 10
332 518 10
332 519 10
332 521 10
332 525 10
332 529 10
332 530 10
332 531 10
332 532 10
332 538 10
332 540 10
332 542 10
332 543 10
332 544 10
332 545 10
332 546 10
332 548 10
332 550 10
332 552 10
332 553 10
332 554 10
332 556 10
332 558 10
332 560 10
332 561 10
332 562 10
332 569 10
332 575 10
332 576 10
332 579 10
332 616 10
332 619 10
332 620 10
332 622 10
332 624 10
332 626 10
332 627 10
332 628 10
333 343 10
333 348 10
333 351 10
333 358 10
333 375 10
333 389 10
333 391 10
333 392 10
333 393 10
333 410 10
333 411 10
333 414 10
333 415 10
333 416 10
333 425 10
333 427 10
333 428 10
333 429 10
333 431 10
333 432 10
333 434 10
333 435 10
333 437 10
333 442 10
333 443 10
333 444 10
333 447 10
333 448 10
333 449 10
333 455 10
333 459 10
333 461 10
333 462 10
333 466 10
333 470 10
333 472 10
333 476 10
333 477 10
333 478 10
333 484 10
333 485 10
333 486 10
333 488 10
333 500 10
333 507 10
333 509 10
333 513 10
333 514 10
333 517 10
333 523 10
333 525 10
333 531 10
333 532 10
333 533 10
333 534 10
333 535 10
333 536 10
333 537 10
333 539 10
333 540 10
333 541 10
333 542 10
333 543 10
333 544 10
333 545 10
333 557 10
333 559 10
333 560 10
333 564 10
333 576 10
333 614 10
333 618 10
333 619 10
333 621 10
333 622 10
333 623 10
333 624 10
333 626 10
333 627 10
333 629 10
333 630 10
333 638 10
333 640 10
334 356 10
334 359 10
334 363 10
334 364 10
334 366 10
334 369 10
334 371 10
334 373 10
334 389 10
334 408 10
334 410 10
334 412 10
334 415 10
334 418 10
334 419 10
334 421 10
334 424 10
334 427 10
334 429 10
334 432 10
334 438 10
334 442 10
334 443 10
334 444 10
334 445 10
334 448 10
334 450 10
334 453 10
334 454 10
334 459 10
334 462 10
334 464 10
334 465 10
334 468 10
334 470 10
334 472 10
334 481 10
334 482 10
334 485 10
334 486 10
334 495 10
334 498 10
334 507 10
334 509 10
334 510 10
334 511 10
334 512 10
334 515 10
334 521 10
334 522 10
334 526 10
334 527 10
334 529 10
334 530 10
334 531 10
334 532 10
334 535 10
334 536 10
334 537 10
334 538 10
334 539 10
334 540 10
334 542 10
334 545 10
334 548 10
334 551 10
334 553 10
334 554 10
334 556 10
334 557 10
334 561 10
334 563 10
334 564 10
334 566 10
334 567 10
334 568 10
334 571 10
334 573 10
334 614 10
334 615 10
334 619 10
334 623 10
334 628 10
334 639 10
335 342 10
335 343 10
335 344 10
335 346 10
335 348 10
335 350 10
335 354 10
335 355 10
335 373 10
335 389 10
335 392 10
335 408 10
335 412 10
335 414 10
335 416 10
335 418 10
335 420 10
335 424 10
335 426 10
335 428 10
335 429 10
335 430 10
335 431 10
335 432 10
335 433 10
335 434 10
335 435 10
335 442 10
335 443 10
335 446 10
335 447 10
335 448 10
335 449 10
335 450 10
335 451 10
335 452 10
335 455 10
335 460 10
335 461 10
335 462 10
335 464 10
335 465 10
335 467 10
335 468 10
335 472 10
335 474 10
335 476 10
335 478 10
335 479 10
335 480 10
335 481 10
335 483 10
335 484 10
335 486 10
335 494 10
335 496 10
335 503 10
335 504 10
335 508 10
335 509 10
335 511 10
335 515 10
335 519 10
335 520 10
335 522 10
335 523 10
335 526 10
335 528 10
335 529 10
335 530 10
335 531 10
335 532 10
335 533 10
335 535 10
335 537 10
335 538 10
335 540 10
335 542 10
335 545 10
335 548 10
335 550 10
335 552 10
335 555 10
335 556 10
335 557 10
335 558 10
335 559 10
335 560 10
335 562 10
335 564 10
335 569 10
335 571 10
335 611 10
335 612 10
335 614 10
335 620 10
335 622 10
335 623 10
335 624 10
335 625 10
335 637 10
336 336 10
336 337 10
336 340 10
336 344 10
336 346 10
336 347 10
336 349 10
336 350 10
336 351 10
336 357 10
336 372 10
336 378 10
336 387 10
336 389 10
336 390 10
336 394 10
336 407 10
336 409 10
336 410 10
336 411 10
336 417 10
336 419 10
336 422 10
336 424 10
336 426 10
336 427 10
336 429 10
336 430 10
336 432 10
336 433 10
336 434 10
336 435 10
336 438 10
336 440 10
336 441 10
336 445 10
336 447 10
336 458 10
336 461 10
336 462 10
336 463 10
336 465 10
336 466 10
336 468 10
336 471 10
336 478 10
336 481 10
336 482 10
336 484 10
336 488 10
336 491 10
336 492 10
336 496 10
336 500 10
336 505 10
336 506 10
336 511 10
336 514 10
336 517 10
336 518 10
336 521 10
336 524 10
336 526 10
336 531 10
336 532 10
336 535 10
336 538 10
336 541 10
336 542 10
336 543 10
336 545 10
336 546 10
336 547 10
336 550 10
336 551 10
336 552 10
336 554 10
336 557 10
336 558 10
336 559 10
336 560 10
336 562 10
336 563 10
336 565 10
336 570 10
336 571 10
336 573 10
336 615 10
336 618 10
336 621 10
336 626 10
336 637 10
336 638 10
337 333 10
337 339 10
337 344 10
337 349 10
337 351 10
337 365 10
337 366 10
337 370 10
337 371 10
337 372 10
337 374 10
337 375 10
337 380 10
337 408 10
337 415 10
337 417 10
337 424 10
337 426 10
337 427 10
337 428 10
337 429 10
337 430 10
337 431 10
337 432 10
337 433 10
337 434 10
337 435 10
337 442 10
337 443 10
337 445 10
337 448 10
337 450 10
337 455 10
337 458 10
337 459 10
337 461 10
337 464 10
337 465 10
337 466 10
337 468 10
337 469 10
337 476 10
337 478 10
337 481 10
337 482 10
337 483 10
337 485 10
337 486 10
337 487 10
337 488 10
337 489 10
337 490 10
337 494 10
337 498 10
337 502 10
337 504 10
337 505 10
337 506 10
337 507 10
337 508 10
337 509 10
337 510 10
337 512 10
337 514 10
337 515 10
337 516 10
337 519 10
337 520 10
337 521 10
337 522 10
337 523 10
337 525 10
337 527 10
337 529 10
337 530 10
337 532 10
337 533 10
337 534 10
337 535 10
337 536 10
337 537 10
337 538 10
337 539 10
337 540 10
337 541 10
337 544 10
337 546 10
337 550 10
337 551 10
337 552 10
337 553 10
337 554 10
337 555 10
337 559 10
337 560 10
337 562 10
337 564 10
337 565 10
337 570 10
337 571 10
337 598 10
337 604 10
337 606 10
337 610 10
337 612 10
337 613 10
337 614 10
337 616 10
337 619 10
337 620 10
337 622 10
337 623 10
337 624 10
337 625 10
337 626 10
337 636 10
337 637 10
338 339 10
338 341 10
338 347 10
338 351 10
338 354 10
338 358 10
338 363 10
338 367 10
338 371 10
338 379 10
338 380 10
338 385 10
338 390 10
338 391 10
338 394 10
338 411 10
338 415 10
338 417 10
338 420 10
338 424 10
338 427 10
338 428 10
338 429 10
338 430 10
338 431 10
338 432 10
338 433 10
338 434 10
338 436 10
338 438 10
338 441 10
338 442 10
338 444 10
338 445 10
338 447 10
338 448 10
338 454 10
338 459 10
338 465 10
338 466 10
338 480 10
338 481 10
338 482 10
338 483 10
338 484 10
338 485 10
338 492 10
338 499 10
338 500 10
338 504 10
338 509 10
338 512 10
338 514 10
338 515 10
338 516 10
338 517 10
338 522 10
338 527 10
338 528 10
338 529 10
338 530 10
338 531 10
338 532 10
338 534 10
338 535 10
338 537 10
338 539 10
338 540 10
338 541 10
338 542 10
338 543 10
338 545 10
338 546 10
338 547 10
338 551 10
338 552 10
338 554 10
338 556 10
338 557 10
338 558 10
338 559 10
338 560 10
338 562 10
338 565 10
338 566 10
338 567 10
338 571 10
338 573 10
338 610 10
338 614 10
338 615 10
338 616 10
338 618 10
338 621 10
338 623 10
338 625 10
339 333 10
339 339 10
339 349 10
339 353 10
339 363 10
339 366 10
339 367 10
339 370 10
339 372 10
339 373 10
339 375 10
339 376 10
339 380 10
339 382 10
339 387 10
339 395 10
339 410 10
339 421 10
339 426 10
339 427 10
339 428 10
339 429 10
339 430 10
339 431 10
339 432 10
339 433 10
339 434 10
339 435 10
339 436 10
339 439 10
339 446 10
339 451 10
339 458 10
339 459 10
339 460 10
339 464 10
339 466 10
339 468 10
339 469 10
339 476 10
339 479 10
339 481 10
339 483 10
339 486 10
339 487 10
339 488 10
339 490 10
339 491 10
339 492 10
339 496 10
339 500 10
339 506 10
339 507 10
339 509 10
339 510 10
339 512 10
339 513 10
339 515 10
339 517 10
339 518 10
339 519 10
339 520 10
339 522 10
339 524 10
339 525 10
339 526 10
339 527 10
339 528 10
339 529 10
339 531 10
339 534 10
339 535 10
339 536 10
339 538 10
339 539 10
339 541 10
339 542 10
339 544 10
339 545 10
339 546 10
339 547 10
339 553 10
339 561 10
339 563 10
339 564 10
339 565 10
339 569 10
339 571 10
339 573 10
339 594 10
339 596 10
339 597 10
339 603 10
339 604 10
339 605 10
339 610 10
339 615 10
339 617 10
339 619 10
339 620 10
339 622 10
340 335 10
340 340 10
340 347 10
340 348 10
340 357 10
340 361 10
340 364 10
340 367 10
340 373 10
340 374 10
340 375 10
340 378 10
340 380 10
340 387 10
340 388 10
340 406 10
340 409 10
340 411 10
340 415 10
340 417 10
340 419 10
340 425 10
340 427 10
340 428 10
340 429 10
340 430 10
340 431 10
340 432 10
340 433 10
340 434 10
340 436 10
340 438 10
340 441 10
340 456 10
340 457 10
340 458 10
340 459 10
340 460 10
340 461 10
340 463 10
340 464 10
340 466 10
340 467 10
340 477 10
340 479 10
340 480 10
340 483 10
340 485 10
340 487 10
340 488 10
340 490 10
340 491 10
340 493 10
340 494 10
340 498 10
340 504 10
340 505 10
340 507 10
340 508 10
340 509 10
340 511 10
340 512 10
340 513 10
340 516 10
340 520 10
340 521 10
340 526 10
340 527 10
340 528 10
340 529 10
340 530 10
340 531 10
340 532 10
340 533 10
340 534 10
340 536 10
340 537 10
340 538 10
340 539 10
340 540 10
340 541 10
340 543 10
340 549 10
340 550 10
340 556 10
340 558 10
340 559 10
340 560 10
340 562 10
340 565 10
340 567 10
340 568 10
340 569 10
340 570 10
340 571 10
340 600 10
340 609 10
340 611 10
340 612 10
340 614 10
340 617 10
340 619 10
340 620 10
340 624 10
340 625 10
340 628 10
340 636 10
341 340 10
341 350 10
341 355 10
341 359 10
341 362 10
341 365 10
341 366 10
341 368 10
341 371 10
341 373 10
341 375 10
341 377 10
341 378 10
341 379 10
341 390 10
341 392 10
341 393 10
341 403 10
341 405 10
341 410 10
341 411 10
341 416 10
341 421 10
341 422 10
341 423 10
341 424 10
341 425 10
341 429 10
341 430 10
341 431 10
341 432 10
341 433 10
341 434 10
341 438 10
341 440 10
341 449 10
341 451 10
341 452 10
341 453 10
341 455 10
341 460 10
341 461 10
341 463 10
341 464 10
341 466 10
341 485 10
341 486 10
341 489 10
341 490 10
341 496 10
341 497 10
341 498 10
341 510 10
341 513 10
341 515 10
341 517 10
341 518 10
341 519 10
341 521 10
341 526 10
341 528 10
341 529 10
341 530 10
341 532 10
341 534 10
341 538 10
341 539 10
341 541 10
341 542 10
341 544 10
341 546 10
341 547 10
341 548 10
341 554 10
341 555 10
341 556 10
341 558 10
341 560 10
341 564 10
341 566 10
341 570 10
341 572 10
341 596 10
341 597 10
341 599 10
341 600 10
341 604 10
341 606 10
341 612 10
341 613 10
341 617 10
341 618 10
341 623 10
341 624 10
341 625 10
341 626 10
341 633 10
341 635 10
341 638 10
342 336 10
342 347 10
342 348 10
342 350 10
342 355 10
342 358 10
342 359 10
342 364 10
342 365 10
342 366 10
342 368 10
342 370 10
342 373 10
342 375 10
342 377 10
342 378 10
342 385 10
342 387 10
342 392 10
342 395 10
342 396 10
342 405 10
342 408 10
342 412 10
342 413 10
342 414 10
342 423 10
342 424 10
342 425 10
342 426 10
342 427 10
342 428 10
342 429 10
342 430 10
342 431 10
342 432 10
342 433 10
342 451 10
342 452 10
342 453 10
342 454 10
342 458 10
342 459 10
342 460 10
342 461 10
342 463 10
342 464 10
342 470 10
342 478 10
342 480 10
342 481 10
342 483 10
342 484 10
342 485 10
342 486 10
342 487 10
342 488 10
342 489 10
342 490 10
342 491 10
342 492 10
342 493 10
342 494 10
342 495 10
342 497 10
342 498 10
342 499 10
342 502 10
342 507 10
342 509 10
342 515 10
342 517 10
342 520 10
342 527 10
342 528 10
342 530 10
342 531 10
342 533 10
342 534 10
342 535 10
342 536 10
342 537 10
342 538 10
342 539 10
342 540 10
342 543 10
342 544 10
342 546 10
342 548 10
342 549 10
342 550 10
342 551 10
342 552 10
342 554 10
342 556 10
342 557 10
342 558 10
342 559 10
342 560 10
342 562 10
342 564 10
342 565 10
342 566 10
342 568 10
342 573 10
342 595 10
342 597 10
342 598 10
342 603 10
342 606 10
342 608 10
342 611 10
342 613 10
342 614 10
342 615 10
342 619 10
342 621 10
342 626 10
342 629 10
342 635 10
343 349 10
343 358 10
343 361 10
343 362 10
343 363 10
343 364 10
343 365 10
343 372 10
343 376 10
343 386 10
343 392 10
343 393 10
343 396 10
343 408 10
343 409 10
343 410 10
343 413 10
343 419 10
343 421 10
343 422 10
343 423 10
343 425 10
343 426 10
343 427 10
343 428 10
343 430 10
343 431 10
343 432 10
343 433 10
343 436 10
343 438 10
343 444 10
343 446 10
343 447 10
343 449 10
343 453 10
343 456 10
343 457 10
343 458 10
343 459 10
343 461 10
343 462 10
343 463 10
343 465 10
343 466 10
343 482 10
343 483 10
343 484 10
343 485 10
343 486 10
343 487 10
343 488 10
343 489 10
343 491 10
343 495 10
343 497 10
343 498 10
343 499 10
343 500 10
343 507 10
343 508 10
343 516 10
343 518 10
343 523 10
343 526 10
343 529 10
343 531 10
343 533 10
343 535 10
343 536 10
343 538 10
343 539 10
343 540 10
343 542 10
343 546 10
343 555 10
343 556 10
343 557 10
343 558 10
343 561 10
343 564 10
343 565 10
343 568 10
343 571 10
343 574 10
343 579 10
343 592 10
343 597 10
343 599 10
343 600 10
343 601 10
343 602 10
343 604 10
343 606 10
343 611 10
343 613 10
343 614 10
343 615 10
343 616 10
343 617 10
343 618 10
343 621 10
343 624 10
343 625 10
343 626 10
343 627 10
343 628 10
343 635 10
343 642 10
344 355 10
344 360 10
344 361 10
344 363 10
344 364 10
344 365 10
344 366 10
344 367 10
344 368 10
344 370 10
344 371 10
344 377 10
344 378 10
344 385 10
344 393 10
344 394 10
344 396 10
344 397 10
344 405 10
344 406 10
344 409 10
344 410 10
344 414 10
344 416 10
344 422 10
344 423 10
344 424 10
344 425 10
344 428 10
344 430 10
344 431 10
344 433 10
344 434 10
344 435 10
344 439 10
344 443 10
344 444 10
344 445 10
344 446 10
344 451 10
344 452 10
344 454 10
344 456 10
344 458 10
344 461 10
344 462 10
344 484 10
344 485 10
344 486 10
344 488 10
344 489 10
344 490 10
344 491 10
344 493 10
344 495 10
344 496 10
344 497 10
344 498 10
344 500 10
344 507 10
344 514 10
344 519 10
344 522 10
344 524 10
344 525 10
344 526 10
344 528 10
344 529 10
344 533 10
344 534 10
344 536 10
344 537 10
344 538 10
344 539 10
344 540 10
344 542 10
344 543 10
344 544 10
344 546 10
344 548 10
344 550 10
344 551 10
344 553 10
344 556 10
344 558 10
344 563 10
344 569 10
344 571 10
344 598 10
344 607 10
344 608 10
344 609 10
344 611 10
344 612 10
344 613 10
344 614 10
344 616 10
344 617 10
344 618 10
344 619 10
344 621 10
344 623 10
344 624 10
344 626 10
344 627 10
345 358 10
345 361 10
345 366 10
345 368 10
345 373 10
345 381 10
345 383 10
345 386 10
345 387 10
345 390 10
345 395 10
345 398 10
345 405 10
345 407 10
345 409 10
345 410 10
345 412 10
345 413 10
345 415 10
345 416 10
345 419 10
345 421 10
345 422 10
345 424 10
345 425 10
345 426 10
345 427 10
345 428 10
345 429 10
345 430 10
345 431 10
345 433 10
345 442 10
345 443 10
345 445 10
345 446 10
345 447 10
345 448 10
345 450 10
345 451 10
345 457 10
345 459 10
345 465 10
345 475 10
345 477 10
345 478 10
345 480 10
345 482 10
345 483 10
345 484 10
345 485 10
345 486 10
345 487 10
345 490 10
345 493 10
345 494 10
345 497 10
345 498 10
345 507 10
345 509 10
345 511 10
345 513 10
345 515 10
345 518 10
345 519 10
345 520 10
345 522 10
345 523 10
345 525 10
345 528 10
345 529 10
345 534 10
345 536 10
345 537 10
345 538 10
345 539 10
345 540 10
345 541 10
345 542 10
345 543 10
345 544 10
345 545 10
345 546 10
345 547 10
345 548 10
345 550 10
345 551 10
345 553 10
345 558 10
345 560 10
345 562 10
345 565 10
345 569 10
345 578 10
345 592 10
345 602 10
345 604 10
345 605 10
345 607 10
345 611 10
345 612 10
345 613 10
345 614 10
345 615 10
345 616 10
345 617 10
345 618 10
345 621 10
345 624 10
345 625 10
345 627 10
345 632 10
345 634 10
345 644 10
346 355 10
346 358 10
346 360 10
346 361 10
346 362 10
346 363 10
346 364 10
346 366 10
346 368 10
346 372 10
346 378 10
346 381 10
346 384 10
346 395 10
346 396 10
346 398 10
346 406 10
346 408 10
346 409 10
346 412 10
346 413 10
346 414 10
346 416 10
346 417 10
346 418 10
346 421 10
346 422 10
346 423 10
346 424 10
346 425 10
346 426 10
346 427 10
346 429 10
346 430 10
346 431 10
346 433 10
346 440 10
346 442 10
346 443 10
346 444 10
346 446 10
346 448 10
346 453 10
346 454 10
346 455 10
346 461 10
346 462 10
346 463 10
346 464 10
346 465 10
346 466 10
346 467 10
346 468 10
346 474 10
346 483 10
346 485 10
346 486 10
346 487 10
346 489 10
346 491 10
346 492 10
346 493 10
346 495 10
346 497 10
346 498 10
346 506 10
346 508 10
346 516 10
346 519 10
346 520 10
346 522 10
346 527 10
346 529 10
346 530 10
346 531 10
346 534 10
346 535 10
346 537 10
346 538 10
346 539 10
346 540 10
346 541 10
346 542 10
346 543 10
346 544 10
346 545 10
346 547 10
346 548 10
346 549 10
346 550 10
346 551 10
346 552 10
346 554 10
346 555 10
346 560 10
346 563 10
346 565 10
346 569 10
346 571 10
346 577 10
346 580 10
346 596 10
346 597 10
346 600 10
346 603 10
346 605 10
346 612 10
346 613 10
346 614 10
346 615 10
346 616 10
346 617 10
346 618 10
346 619 10
346 620 10
346 621 10
346 622 10
346 623 10
346 624 10
346 626 10
346 627 10
346 630 10
346 631 10
346 638 10
347 352 10
347 354 10
347 356 10
347 361 10
347 364 10
347 367 10
347 368 10
347 370 10
347 371 10
347 381 10
347 382 10
347 405 10
347 406 10
347 408 10
347 410 10
347 415 10
347 417 10
347 421 10
347 422 10
347 425 10
347 426 10
347 427 10
347 429 10
347 438 10
347 440 10
347 441 10
347 442 10
347 443 10
347 445 10
347 448 10
347 452 10
347 463 10
347 464 10
347 467 10
347 476 10
347 479 10
347 482 10
347 483 10
347 484 10
347 485 10
347 486 10
347 489 10
347 491 10
347 493 10
347 495 10
347 496 10
347 508 10
347 516 10
347 518 10
347 522 10
347 525 10
347 526 10
347 527 10
347 528 10
347 529 10
347 530 10
347 533 10
347 535 10
347 538 10
347 539 10
347 540 10
347 541 10
347 542 10
347 547 10
347 548 10
347 549 10
347 551 10
347 553 10
347 558 10
347 563 10
347 569 10
347 570 10
347 577 10
347 579 10
347 580 10
347 581 10
347 582 10
347 596 10
347 604 10
347 614 10
347 615 10
347 616 10
347 617 10
347 618 10
347 621 10
347 622 10
347 624 10
347 625 10
347 628 10
347 630 10
347 634 10
347 642 10
347 670 10
348 335 10
348 336 10
348 354 10
348 363 10
348 364 10
348 367 10
348 369 10
348 377 10
348 380 10
348 390 10
348 394 10
348 395 10
348 407 10
348 408 10
348 409 10
348 410 10
348 413 10
348 414 10
348 415 10
348 416 10
348 419 10
348 420 10
348 421 10
348 423 10
348 424 10
348 425 10
348 426 10
348 428 10
348 429 10
348 430 10
348 431 10
348 433 10
348 438 10
348 439 10
348 440 10
348 442 10
348 443 10
348 445 10
348 446 10
348 447 10
348 448 10
348 449 10
348 450 10
348 452 10
348 470 10
348 478 10
348 479 10
348 480 10
348 482 10
348 483 10
348 485 10
348 486 10
348 487 10
348 490 10
348 494 10
348 495 10
348 498 10
348 506 10
348 513 10
348 514 10
348 526 10
348 527 10
348 528 10
348 529 10
348 530 10
348 531 10
348 532 10
348 534 10
348 535 10
348 536 10
348 538 10
348 541 10
348 542 10
348 550 10
348 553 10
348 558 10
348 559 10
348 560 10
348 561 10
348 564 10
348 566 10
348 571 10
348 578 10
348 579 10
348 582 10
348 583 10
348 585 10
348 593 10
348 594 10
348 597 10
348 611 10
348 613 10
348 614 10
348 615 10
348 616 10
348 617 10
348 618 10
348 619 10
348 620 10
348 621 10
348 622 10
348 623 10
348 624 10
348 625 10
348 626 10
348 627 10
348 628 10
348 629 10
348 636 10
348 640 10
348 642 10
349 365 10
349 366 10
349 367 10
349 368 10
349 376 10
349 390 10
349 392 10
349 395 10
349 408 10
349 409 10
349 415 10
349 418 10
349 421 10
349 422 10
349 423 10
349 424 10
349 425 10
349 427 10
349 429 10
349 430 10
349 431 10
349 433 10
349 444 10
349 445 10
349 446 10
349 447 10
349 449 10
349 450 10
349 454 10
349 470 10
349 484 10
349 485 10
349 486 10
349 488 10
349 489 10
349 490 10
349 492 10
349 493 10
349 501 10
349 503 10
349 506 10
349 514 10
349 515 10
349 516 10
349 519 10
349 520 10
349 521 10
349 526 10
349 528 10
349 529 10
349 531 10
349 532 10
349 533 10
349 534 10
349 535 10
349 536 10
349 537 10
349 538 10
349 539 10
349 548 10
349 551 10
349 556 10
349 558 10
349 559 10
349 560 10
349 565 10
349 566 10
349 568 10
349 571 10
349 580 10
349 581 10
349 583 10
349 594 10
349 595 10
349 596 10
349 610 10
349 611 10
349 612 10
349 615 10
349 616 10
349 617 10
349 618 10
349 619 10
349 620 10
349 622 10
349 623 10
349 624 10
349 627 10
349 631 10
349 632 10
349 638 10
349 640 10
349 642 10
349 671 10
349 672 10
349 674 10
350 357 10
350 361 10
350 362 10
350 364 10
350 365 10
350 375 10
350 377 10
350 379 10
350 380 10
350 382 10
350 383 10
350 385 10
350 386 10
350 391 10
350 393 10
350 395 10
350 407 10
350 409 10
350 411 10
350 412 10
350 415 10
350 417 10
350 418 10
350 420 10
350 423 10
350 424 10
350 427 10
350 428 10
350 429 10
350 431 10
350 433 10
350 435 10
350 436 10
350 440 10
350 442 10
350 443 10
350 445 10
350 446 10
350 447 10
350 448 10
350 450 10
350 464 10
350 467 10
350 470 10
350 473 10
350 476 10
350 477 10
350 479 10
350 480 10
350 488 10
350 497 10
350 498 10
350 499 10
350 500 10
350 501 10
350 503 10
350 512 10
350 513 10
350 515 10
350 516 10
350 517 10
350 519 10
350 521 10
350 523 10
350 526 10
350 527 10
350 528 10
350 529 10
350 531 10
350 532 10
350 533 10
350 534 10
350 535 10
350 536 10
350 537 10
350 538 10
350 541 10
350 542 10
350 544 10
350 549 10
350 550 10
350 552 10
350 562 10
350 563 10
350 566 10
350 567 10
350 569 10
350 579 10
350 580 10
350 581 10
350 583 10
350 584 10
350 609 10
350 613 10
350 618 10
350 620 10
350 621 10
350 622 10
350 623 10
350 624 10
350 626 10
350 627 10
350 628 10
350 630 10
350 656 10
350 674 10
351 336 10
351 337 10
351 360 10
351 364 10
351 365 10
351 369 10
351 373 10
351 375 10
351 377 10
351 380 10
351 391 10
351 392 10
351 393 10
351 406 10
351 410 10
351 411 10
351 412 10
351 414 10
351 419 10
351 420 10
351 421 10
351 422 10
351 426 10
351 427 10
351 429 10
351 431 10
351 434 10
351 436 10
351 443 10
351 444 10
351 445 10
351 446 10
351 448 10
351 449 10
351 452 10
351 453 10
351 455 10
351 456 10
351 461 10
351 465 10
351 467 10
351 468 10
351 469 10
351 471 10
351 472 10
351 482 10
351 483 10
351 484 10
351 488 10
351 493 10
351 496 10
351 497 10
351 499 10
351 500 10
351 501 10
351 502 10
351 503 10
351 504 10
351 506 10
351 513 10
351 514 10
351 515 10
351 516 10
351 517 10
351 521 10
351 525 10
351 526 10
351 527 10
351 530 10
351 531 10
351 532 10
351 533 10
351 534 10
351 535 10
351 536 10
351 537 10
351 540 10
351 554 10
351 557 10
351 558 10
351 559 10
351 560 10
351 561 10
351 564 10
351 566 10
351 567 10
351 568 10
351 569 10
351 571 10
351 577 10
351 578 10
351 580 10
351 581 10
351 583 10
351 591 10
351 597 10
351 602 10
351 603 10
351 604 10
351 608 10
351 609 10
351 611 10
351 614 10
351 615 10
351 619 10
351 620 10
351 621 10
351 625 10
351 626 10
351 628 10
351 630 10
351 631 10
351 633 10
351 635 10
351 636 10
351 657 10
351 672 10
352 336 10
352 355 10
352 360 10
352 362 10
352 363 10
352 378 10
352 381 10
352 383 10
352 384 10
352 386 10
352 387 10
352 390 10
352 395 10
352 411 10
352 413 10
352 419 10
352 421 10
352 422 10
352 425 10
352 427 10
352 428 10
352 432 10
352 433 10
352 434 10
352 444 10
352 446 10
352 447 10
352 450 10
352 451 10
352 452 10
352 454 10
352 455 10
352 457 10
352 463 10
352 464 10
352 465 10
352 466 10
352 467 10
352 470 10
352 471 10
352 472 10
352 475 10
352 477 10
352 479 10
352 481 10
352 482 10
352 483 10
352 486 10
352 489 10
352 490 10
352 492 10
352 493 10
352 494 10
352 495 10
352 496 10
352 499 10
352 500 10
352 505 10
352 506 10
352 507 10
352 508 10
352 510 10
352 512 10
352 514 10
352 518 10
352 519 10
352 520 10
352 521 10
352 522 10
352 523 10
352 524 10
352 526 10
352 528 10
352 529 10
352 530 10
352 531 10
352 532 10
352 533 10
352 534 10
352 535 10
352 536 10
352 541 10
352 542 10
352 543 10
352 545 10
352 552 10
352 556 10
352 558 10
352 560 10
352 561 10
352 565 10
352 566 10
352 567 10
352 569 10
352 570 10
352 571 10
352 576 10
352 577 10
352 578 10
352 581 10
352 583 10
352 585 10
352 597 10
352 607 10
352 608 10
352 610 10
352 611 10
352 612 10
352 618 10
352 620 10
352 621 10
352 622 10
352 623 10
352 624 10
352 625 10
352 626 10
352 627 10
352 628 10
352 629 10
352 634 10
352 636 10
352 641 10
352 657 10
352 658 10
352 662 10
352 663 10
352 670 10
352 674 10
353 359 10
353 361 10
353 364 10
353 373 10
353 374 10
353 384 10
353 386 10
353 389 10
353 390 10
353 391 10
353 404 10
353 406 10
353 408 10
353 410 10
353 412 10
353 413 10
353 415 10
353 417 10
353 418 10
353 419 10
353 420 10
353 421 10
353 422 10
353 423 10
353 424 10
353 426 10
353 427 10
353 429 10
353 430 10
353 435 10
353 439 10
353 444 10
353 445 10
353 448 10
353 449 10
353 456 10
353 458 10
353 461 10
353 465 10
353 466 10
353 467 10
353 468 10
353 469 10
353 470 10
353 471 10
353 472 10
353 473 10
353 476 10
353 477 10
353 481 10
353 483 10
353 485 10
353 488 10
353 489 10
353 491 10
353 492 10
353 493 10
353 495 10
353 502 10
353 512 10
353 514 10
353 517 10
353 518 10
353 523 10
353 525 10
353 526 10
353 527 10
353 528 10
353 529 10
353 530 10
353 532 10
353 534 10
353 535 10
353 536 10
353 537 10
353 538 10
353 540 10
353 544 10
353 551 10
353 556 10
353 558 10
353 559 10
353 560 10
353 562 10
353 566 10
353 567 10
353 569 10
353 579 10
353 580 10
353 581 10
353 583 10
353 584 10
353 591 10
353 598 10
353 601 10
353 602 10
353 604 10
353 605 10
353 609 10
353 610 10
353 612 10
353 619 10
353 620 10
353 621 10
353 622 10
353 624 10
353 625 10
353 626 10
353 628 10
353 631 10
353 632 10
353 633 10
353 636 10
353 637 10
353 639 10
353 641 10
353 655 10
353 657 10
353 658 10
353 659 10
353 660 10
353 673 10
354 354 10
354 358 10
354 364 10
354 373 10
354 380 10
354 381 10
354 382 10
354 384 10
354 385 10
354 386 10
354 388 10
354 391 10
354 394 10
354 406 10
354 410 10
354 414 10
354 415 10
354 419 10
354 420 10
354 421 10
354 422 10
354 423 10
354 424 10
354 428 10
354 430 10
354 433 10
354 437 10
354 439 10
354 440 10
354 443 10
354 444 10
354 446 10
354 447 10
354 449 10
354 450 10
354 451 10
354 452 10
354 453 10
354 459 10
354 462 10
354 465 10
354 466 10
354 467 10
354 468 10
354 469 10
354 472 10
354 475 10
354 478 10
354 479 10
354 482 10
354 487 10
354 491 10
354 496 10
354 497 10
354 502 10
354 506 10
354 507 10
354 508 10
354 515 10
354 517 10
354 519 10
354 524 10
354 529 10
354 532 10
354 533 10
354 534 10
354 535 10
354 536 10
354 537 10
354 538 10
354 539 10
354 540 10
354 541 10
354 543 10
354 545 10
354 554 10
354 557 10
354 558 10
354 559 10
354 560 10
354 561 10
354 562 10
354 563 10
354 564 10
354 565 10
354 566 10
354 574 10
354 579 10
354 581 10
354 588 10
354 594 10
354 596 10
354 598 10
354 601 10
354 602 10
354 603 10
354 608 10
354 609 10
354 610 10
354 612 10
354 615 10
354 617 10
354 618 10
354 621 10
354 622 10
354 629 10
354 632 10
354 633 10
354 635 10
354 641 10
354 656 10
354 667 10
354 672 10
355 360 10
355 370 10
355 371 10
355 373 10
355 382 10
355 384 10
355 390 10
355 392 10
355 406 10
355 411 10
355 412 10
355 416 10
355 417 10
355 419 10
355 421 10
355 422 10
355 425 10
355 432 10
355 437 10
355 439 10
355 441 10
355 444 10
355 445 10
355 446 10
355 447 10
355 449 10
355 450 10
355 454 10
355 456 10
355 460 10
355 462 10
355 464 10
355 465 10
355 466 10
355 467 10
355 468 10
355 469 10
355 470 10
355 472 10
355 478 10
355 483 10
355 485 10
355 486 10
355 491 10
355 492 10
355 493 10
355 494 10
355 498 10
355 504 10
355 506 10
355 507 10
355 510 10
355 518 10
355 519 10
355 522 10
355 524 10
355 526 10
355 530 10
355 533 10
355 534 10
355 535 10
355 537 10
355 540 10
355 548 10
355 553 10
355 556 10
355 557 10
355 558 10
355 559 10
355 561 10
355 562 10
355 563 10
355 564 10
355 566 10
355 575 10
355 577 10
355 578 10
355 580 10
355 581 10
355 582 10
355 583 10
355 584 10
355 585 10
355 586 10
355 589 10
355 592 10
355 593 10
355 596 10
355 600 10
355 601 10
355 610 10
355 611 10
355 614 10
355 615 10
355 616 10
355 617 10
355 619 10
355 622 10
355 624 10
355 627 10
355 628 10
355 631 10
355 632 10
355 639 10
355 662 10
356 364 10
356 373 10
356 379 10
356 380 10
356 382 10
356 384 10
356 385 10
356 386 10
356 389 10
356 390 10
356 406 10
356 407 10
356 408 10
356 410 10
356 412 10
356 413 10
356 414 10
356 416 10
356 418 10
356 419 10
356 421 10
356 422 10
356 424 10
356 427 10
356 428 10
356 434 10
356 435 10
356 436 10
356 437 10
356 438 10
356 439 10
356 442 10
356 443 10
356 444 10
356 447 10
356 452 10
356 453 10
356 454 10
356 459 10
356 460 10
356 462 10
356 464 10
356 465 10
356 466 10
356 467 10
356 470 10
356 486 10
356 488 10
356 489 10
356 490 10
356 492 10
356 499 10
356 500 10
356 502 10
356 505 10
356 506 10
356 507 10
356 508 10
356 509 10
356 510 10
356 516 10
356 518 10
356 523 10
356 524 10
356 525 10
356 526 10
356 528 10
356 529 10
356 530 10
356 531 10
356 533 10
356 536 10
356 543 10
356 552 10
356 553 10
356 558 10
356 559 10
356 562 10
356 564 10
356 567 10
356 575 10
356 577 10
356 582 10
356 584 10
356 585 10
356 586 10
356 587 10
356 588 10
356 590 10
356 591 10
356 593 10
356 594 10
356 595 10
356 597 10
356 599 10
356 602 10
356 603 10
356 605 10
356 607 10
356 611 10
356 612 10
356 614 10
356 618 10
356 620 10
356 621 10
356 622 10
356 623 10
356 624 10
356 625 10
356 626 10
356 664 10
356 665 10
356 666 10
356 667 10
356 668 10
356 672 10
356 675 10
357 354 10
357 359 10
357 360 10
357 361 10
357 364 10
357 371 10
357 374 10
357 376 10
357 381 10
357 382 10
357 383 10
357 384 10
357 386 10
357 387 10
357 389 10
357 390 10
357 391 10
357 392 10
357 397 10
357 406 10
357 407 10
357 410 10
357 411 10
357 413 10
357 415 10
357 417 10
357 420 10
357 425 10
357 426 10
357 427 10
357 431 10
357 435 10
357 436 10
357 437 10
357 438 10
357 441 10
357 444 10
357 445 10
357 447 10
357 454 10
357 455 10
357 456 10
357 459 10
357 461 10
357 462 10
357 464 10
357 465 10
357 468 10
357 470 10
357 472 10
357 475 10
357 478 10
357 480 10
357 487 10
357 488 10
357 489 10
357 491 10
357 493 10
357 494 10
357 495 10
357 500 10
357 502 10
357 517 10
357 519 10
357 520 10
357 526 10
357 528 10
357 529 10
357 531 10
357 537 10
357 538 10
357 540 10
357 541 10
357 542 10
357 544 10
357 546 10
357 548 10
357 549 10
357 560 10
357 561 10
357 563 10
357 565 10
357 568 10
357 571 10
357 581 10
357 582 10
357 583 10
357 584 10
357 585 10
357 586 10
357 587 10
357 588 10
357 590 10
357 591 10
357 592 10
357 594 10
357 595 10
357 596 10
357 597 10
357 598 10
357 599 10
357 601 10
357 604 10
357 605 10
357 611 10
357 613 10
357 616 10
357 617 10
357 620 10
357 622 10
357 623 10
357 624 10
357 663 10
357 669 10
357 670 10
357 672 10
357 673 10
358 359 10
358 372 10
358 381 10
358 388 10
358 390 10
358 392 10
358 394 10
358 398 10
358 406 10
358 407 10
358 409 10
358 410 10
358 411 10
358 413 10
358 415 10
358 417 10
358 421 10
358 422 10
358 424 10
358 427 10
358 429 10
358 432 10
358 434 10
358 436 10
358 437 10
358 438 10
358 439 10
358 440 10
358 446 10
358 456 10
358 458 10
358 461 10
358 464 10
358 465 10
358 467 10
358 469 10
358 470 10
358 473 10
358 479 10
358 481 10
358 485 10
358 487 10
358 489 10
358 491 10
358 493 10
358 497 10
358 500 10
358 502 10
358 503 10
358 504 10
358 506 10
358 507 10
358 522 10
358 523 10
358 525 10
358 526 10
358 528 10
358 532 10
358 535 10
358 540 10
358 541 10
358 543 10
358 550 10
358 559 10
358 561 10
358 562 10
358 564 10
358 565 10
358 567 10
358 569 10
358 570 10
358 572 10
358 578 10
358 579 10
358 584 10
358 585 10
358 586 10
358 587 10
358 593 10
358 594 10
358 595 10
358 597 10
358 601 10
358 609 10
358 617 10
358 620 10
358 621 10
358 623 10
358 624 10
358 626 10
358 641 10
358 642 10
358 644 10
358 663 10
358 664 10
358 665 10
358 670 10
358 672 10
359 374 10
359 375 10
359 380 10
359 382 10
359 384 10
359 385 10
359 388 10
359 391 10
359 396 10
359 407 10
359 409 10
359 410 10
359 411 10
359 412 10
359 413 10
359 414 10
359 415 10
359 416 10
359 420 10
359 422 10
359 423 10
359 424 10
359 426 10
359 427 10
359 434 10
359 437 10
359 439 10
359 444 10
359 447 10
359 449 10
359 452 10
359 457 10
359 459 10
359 460 10
359 461 10
359 462 10
359 466 10
359 468 10
359 471 10
359 474 10
359 475 10
359 482 10
359 496 10
359 500 10
359 504 10
359 506 10
359 507 10
359 519 10
359 521 10
359 525 10
359 526 10
359 527 10
359 528 10
359 531 10
359 532 10
359 535 10
359 536 10
359 538 10
359 541 10
359 547 10
359 550 10
359 551 10
359 558 10
359 559 10
359 561 10
359 562 10
359 563 10
359 564 10
359 566 10
359 567 10
359 570 10
359 576 10
359 577 10
359 580 10
359 582 10
359 585 10
359 586 10
359 587 10
359 588 10
359 589 10
359 590 10
359 591 10
359 592 10
359 593 10
359 594 10
359 595 10
359 596 10
359 598 10
359 601 10
359 602 10
359 603 10
359 609 10
359 616 10
359 617 10
359 619 10
359 621 10
359 622 10
359 623 10
359 624 10
359 625 10
359 640 10
359 670 10
359 673 10
359 674 10
359 675 10
360 361 10
360 378 10
360 388 10
360 390 10
360 400 10
360 401 10
360 409 10
360 410 10
360 412 10
360 413 10
360 416 10
360 419 10
360 423 10
360 424 10
360 427 10
360 437 10
360 441 10
360 459 10
360 461 10
360 465 10
360 470 10
360 471 10
360 472 10
360 473 10
360 481 10
360 485 10
360 487 10
360 495 10
360 497 10
360 499 10
360 500 10
360 503 10
360 504 10
360 505 10
360 506 10
360 507 10
360 510 10
360 517 10
360 519 10
360 521 10
360 522 10
360 527 10
360 528 10
360 530 10
360 531 10
360 538 10
360 540 10
360 541 10
360 544 10
360 549 10
360 552 10
360 556 10
360 557 10
360 559 10
360 562 10
360 563 10
360 565 10
360 566 10
360 567 10
360 568 10
360 569 10
360 570 10
360 571 10
360 572 10
360 574 10
360 577 10
360 579 10
360 580 10
360 581 10
360 583 10
360 584 10
360 585 10
360 587 10
360 588 10
360 589 10
360 590 10
360 591 10
360 592 10
360 593 10
360 595 10
360 596 10
360 597 10
360 598 10
360 600 10
360 601 10
360 603 10
360 604 10
360 606 10
360 613 10
360 614 10
360 615 10
360 616 10
360 617 10
360 618 10
360 619 10
360 620 10
360 621 10
360 622 10
360 624 10
360 628 10
360 632 10
360 640 10
360 641 10
360 643 10
360 650 10
360 671 10
360 672 10
360 674 10
361 377 10
361 379 10
361 380 10
361 382 10
361 393 10
361 396 10
361 411 10
361 412 10
361 414 10
361 415 10
361 416 10
361 420 10
361 422 10
361 423 10
361 425 10
361 426 10
361 427 10
361 439 10
361 447 10
361 450 10
361 465 10
361 467 10
361 468 10
361 469 10
361 470 10
361 471 10
361 473 10
361 480 10
361 482 10
361 487 10
361 490 10
361 494 10
361 495 10
361 496 10
361 497 10
361 500 10
361 505 10
361 506 10
361 518 10
361 519 10
361 520 10
361 521 10
361 535 10
361 539 10
361 540 10
361 542 10
361 543 10
361 545 10
361 547 10
361 550 10
361 551 10
361 552 10
361 553 10
361 555 10
361 556 10
361 558 10
361 564 10
361 565 10
361 566 10
361 567 10
361 571 10
361 572 10
361 577 10
361 578 10
361 580 10
361 582 10
361 583 10
361 584 10
361 585 10
361 586 10
361 588 10
361 589 10
361 590 10
361 591 10
361 592 10
361 593 10
361 594 10
361 595 10
361 597 10
361 599 10
361 602 10
361 603 10
361 606 10
361 607 10
361 608 10
361 610 10
361 611 10
361 612 10
361 615 10
361 616 10
361 619 10
361 621 10
361 622 10
361 627 10
361 628 10
361 631 10
361 633 10
361 636 10
361 640 10
361 645 10
361 650 10
361 675 10
362 376 10
362 377 10
362 393 10
362 395 10
362 397 10
362 398 10
362 399 10
362 400 10
362 410 10
362 411 10
362 412 10
362 413 10
362 414 10
362 415 10
362 418 10
362 419 10
362 423 10
362 426 10
362 437 10
362 463 10
362 466 10
362 469 10
362 470 10
362 473 10
362 479 10
362 480 10
362 482 10
362 483 10
362 488 10
362 495 10
362 500 10
362 502 10
362 503 10
362 518 10
362 519 10
362 521 10
362 534 10
362 535 10
362 539 10
362 542 10
362 544 10
362 556 10
362 557 10
362 558 10
362 560 10
362 561 10
362 562 10
362 563 10
362 565 10
362 566 10
362 568 10
362 569 10
362 570 10
362 572 10
362 573 10
362 575 10
362 578 10
362 581 10
362 582 10
362 583 10
362 584 10
362 585 10
362 586 10
362 588 10
362 589 10
362 590 10
362 591 10
362 592 10
362 593 10
362 594 10
362 595 10
362 596 10
362 598 10
362 599 10
362 600 10
362 601 10
362 602 10
362 603 10
362 609 10
362 612 10
362 614 10
362 615 10
362 619 10
362 623 10
362 624 10
362 629 10
362 631 10
362 632 10
362 636 10
362 638 10
362 640 10
362 641 10
362 643 10
362 644 10
362 649 10
362 652 10
362 653 10
362 654 10
362 673 10
362 674 10
363 372 10
363 379 10
363 381 10
363 383 10
363 389 10
363 391 10
363 392 10
363 395 10
363 397 10
363 398 10
363 401 10
363 409 10
363 410 10
363 411 10
363 413 10
363 414 10
363 415 10
363 416 10
363 418 10
363 422 10
363 424 10
363 435 10
363 455 10
363 468 10
363 470 10
363 476 10
363 481 10
363 482 10
363 483 10
363 484 10
363 485 10
363 486 10
363 488 10
363 490 10
363 492 10
363 493 10
363 494 10
363 495 10
363 501 10
363 502 10
363 505 10
363 506 10
363 508 10
363 516 10
363 517 10
363 519 10
363 526 10
363 528 10
363 529 10
363 531 10
363 533 10
363 537 10
363 550 10
363 552 10
363 553 10
363 554 10
363 555 10
363 559 10
363 560 10
363 562 10
363 564 10
363 565 10
363 567 10
363 568 10
363 571 10
363 576 10
363 579 10
363 580 10
363 582 10
363 583 10
363 584 10
363 585 10
363 586 10
363 587 10
363 588 10
363 590 10
363 591 10
363 592 10
363 593 10
363 594 10
363 595 10
363 597 10
363 601 10
363 608 10
363 609 10
363 615 10
363 617 10
363 621 10
363 622 10
363 623 10
363 624 10
363 629 10
363 630 10
363 631 10
363 633 10
363 638 10
363 643 10
363 645 10
363 650 10
363 652 10
363 654 10
363 673 10
364 380 10
364 381 10
364 387 10
364 389 10
364 399 10
364 400 10
364 401 10
364 402 10
364 412 10
364 415 10
364 418 10
364 451 10
364 461 10
364 462 10
364 465 10
364 470 10
364 472 10
364 476 10
364 478 10
364 479 10
364 480 10
364 481 10
364 484 10
364 485 10
364 487 10
364 488 10
364 489 10
364 490 10
364 497 10
364 498 10
364 501 10
364 518 10
364 520 10
364 521 10
364 522 10
364 523 10
364 527 10
364 528 10
364 529 10
364 530 10
364 535 10
364 536 10
364 540 10
364 549 10
364 554 10
364 559 10
364 564 10
364 565 10
364 567 10
364 568 10
364 569 10
364 571 10
364 573 10
364 574 10
364 575 10
364 577 10
364 580 10
364 581 10
364 582 10
364 583 10
364 584 10
364 585 10
364 586 10
364 588 10
364 590 10
364 593 10
364 594 10
364 595 10
364 598 10
364 599 10
364 600 10
364 602 10
364 611 10
364 614 10
364 618 10
364 620 10
364 622 10
364 627 10
364 629 10
364 633 10
364 634 10
364 635 10
364 637 10
364 639 10
364 640 10
364 641 10
364 643 10
364 645 10
364 646 10
364 647 10
364 649 10
364 651 10
364 652 10
364 653 10
364 665 10
364 667 10
364 671 10
364 674 10
364 675 10
365 372 10
365 379 10
365 383 10
365 400 10
365 409 10
365 410 10
365 411 10
365 412 10
365 413 10
365 415 10
365 416 10
365 425 10
365 431 10
365 433 10
365 435 10
365 437 10
365 447 10
365 457 10
365 470 10
365 471 10
365 473 10
365 474 10
365 475 10
365 476 10
365 479 10
365 480 10
365 481 10
365 482 10
365 483 10
365 485 10
365 487 10
365 488 10
365 489 10
365 490 10
365 491 10
365 492 10
365 493 10
365 499 10
365 500 10
365 505 10
365 515 10
365 516 10
365 518 10
365 525 10
365 527 10
365 528 10
365 532 10
365 534 10
365 536 10
365 537 10
365 539 10
365 542 10
365 545 10
365 549 10
365 550 10
365 556 10
365 561 10
365 563 10
365 566 10
365 568 10
365 570 10
365 571 10
365 573 10
365 575 10
365 577 10
365 580 10
365 581 10
365 583 10
365 584 10
365 585 10
365 589 10
365 590 10
365 592 10
365 593 10
365 594 10
365 595 10
365 596 10
365 598 10
365 599 10
365 600 10
365 601 10
365 602 10
365 608 10
365 617 10
365 621 10
365 624 10
365 625 10
365 627 10
365 631 10
365 632 10
365 633 10
365 635 10
365 636 10
365 637 10
365 641 10
365 643 10
365 645 10
365 651 10
365 655 10
365 662 10
365 665 10
365 666 10
365 667 10
365 669 10
365 671 10
366 366 10
366 376 10
366 383 10
366 385 10
366 388 10
366 391 10
366 392 10
366 393 10
366 402 10
366 409 10
366 413 10
366 414 10
366 415 10
366 416 10
366 418 10
366 420 10
366 421 10
366 423 10
366 426 10
366 429 10
366 430 10
366 433 10
366 435 10
366 438 10
366 444 10
366 447 10
366 448 10
366 453 10
366 454 10
366 465 10
366 470 10
366 475 10
366 476 10
366 484 10
366 486 10
366 487 10
366 488 10
366 489 10
366 490 10
366 494 10
366 496 10
366 497 10
366 498 10
366 507 10
366 512 10
366 516 10
366 517 10
366 518 10
366 520 10
366 523 10
366 525 10
366 526 10
366 527 10
366 528 10
366 530 10
366 531 10
366 532 10
366 533 10
366 535 10
366 536 10
366 537 10
366 540 10
366 541 10
366 543 10
366 544 10
366 546 10
366 548 10
366 549 10
366 552 10
366 555 10
366 563 10
366 570 10
366 572 10
366 575 10
366 576 10
366 582 10
366 584 10
366 585 10
366 586 10
366 587 10
366 588 10
366 589 10
366 591 10
366 593 10
366 595 10
366 596 10
366 597 10
366 598 10
366 600 10
366 601 10
366 602 10
366 603 10
366 608 10
366 625 10
366 627 10
366 630 10
366 633 10
366 637 10
366 638 10
366 640 10
366 644 10
366 652 10
366 653 10
366 664 10
366 665 10
366 667 10
366 668 10
366 669 10
366 670 10
367 364 10
367 373 10
367 385 10
367 386 10
367 401 10
367 407 10
367 411 10
367 412 10
367 414 10
367 415 10
367 416 10
367 419 10
367 421 10
367 422 10
367 423 10
367 427 10
367 431 10
367 439 10
367 440 10
367 441 10
367 443 10
367 444 10
367 446 10
367 452 10
367 456 10
367 458 10
367 460 10
367 462 10
367 468 10
367 474 10
367 475 10
367 477 10
367 481 10
367 482 10
367 484 10
367 485 10
367 487 10
367 488 10
367 489 10
367 492 10
367 509 10
367 513 10
367 515 10
367 521 10
367 524 10
367 525 10
367 527 10
367 529 10
367 530 10
367 532 10
367 533 10
367 534 10
367 535 10
367 537 10
367 540 10
367 542 10
367 545 10
367 548 10
367 550 10
367 552 10
367 556 10
367 557 10
367 558 10
367 560 10
367 561 10
367 568 10
367 574 10
367 588 10
367 591 10
367 592 10
367 593 10
367 596 10
367 597 10
367 598 10
367 599 10
367 600 10
367 602 10
367 615 10
367 619 10
367 625 10
367 627 10
367 628 10
367 630 10
367 632 10
367 633 10
367 634 10
367 635 10
367 636 10
367 648 10
367 650 10
367 656 10
367 659 10
367 661 10
367 667 10
367 668 10
367 669 10
368 365 10
368 370 10
368 373 10
368 374 10
368 376 10
368 379 10
368 380 10
368 383 10
368 384 10
368 385 10
368 387 10
368 393 10
368 402 10
368 403 10
368 404 10
368 405 10
368 408 10
368 414 10
368 417 10
368 424 10
368 431 10
368 432 10
368 435 10
368 437 10
368 438 10
368 440 10
368 442 10
368 446 10
368 448 10
368 449 10
368 450 10
368 454 10
368 455 10
368 456 10
368 458 10
368 470 10
368 472 10
368 477 10
368 479 10
368 482 10
368 483 10
368 485 10
368 487 10
368 491 10
368 494 10
368 495 10
368 497 10
368 511 10
368 512 10
368 513 10
368 515 10
368 516 10
368 518 10
368 521 10
368 522 10
368 523 10
368 525 10
368 527 10
368 528 10
368 529 10
368 530 10
368 531 10
368 532 10
368 533 10
368 535 10
368 536 10
368 537 10
368 538 10
368 539 10
368 541 10
368 542 10
368 543 10
368 546 10
368 547 10
368 548 10
368 551 10
368 555 10
368 556 10
368 557 10
368 561 10
368 573 10
368 585 10
368 587 10
368 588 10
368 595 10
368 596 10
368 597 10
368 599 10
368 609 10
368 613 10
368 615 10
368 617 10
368 618 10
368 620 10
368 621 10
368 626 10
368 627 10
368 629 10
368 635 10
368 636 10
368 643 10
368 665 10
368 666 10
368 668 10
368 670 10
368 671 10
368 672 10
369 368 10
369 381 10
369 385 10
369 404 10
369 410 10
369 412 10
369 414 10
369 418 10
369 419 10
369 421 10
369 429 10
369 433 10
369 435 10
369 437 10
369 438 10
369 440 10
369 444 10
369 445 10
369 447 10
369 448 10
369 449 10
369 450 10
369 451 10
369 453 10
369 455 10
369 456 10
369 457 10
369 462 10
369 466 10
369 467 10
369 468 10
369 469 10
369 474 10
369 476 10
369 477 10
369 478 10
369 482 10
369 483 10
369 485 10
369 486 10
369 489 10
369 490 10
369 493 10
369 494 10
369 495 10
369 497 10
369 501 10
369 504 10
369 505 10
369 509 10
369 511 10
369 519 10
369 520 10
369 521 10
369 522 10
369 523 10
369 525 10
369 526 10
369 527 10
369 528 10
369 530 10
369 532 10
369 533 10
369 536 10
369 537 10
369 538 10
369 539 10
369 540 10
369 544 10
369 545 10
369 546 10
369 547 10
369 549 10
369 550 10
369 556 10
369 559 10
369 560 10
369 561 10
369 566 10
369 567 10
369 568 10
369 572 10
369 574 10
369 579 10
369 580 10
369 583 10
369 584 10
369 585 10
369 588 10
369 590 10
369 591 10
369 593 10
369 595 10
369 597 10
369 602 10
369 605 10
369 606 10
369 608 10
369 612 10
369 615 10
369 616 10
369 619 10
369 621 10
369 623 10
369 624 10
369 633 10
369 634 10
369 636 10
369 652 10
369 654 10
369 657 10
369 663 10
369 666 10
369 667 10
370 366 10
370 376 10
370 378 10
370 381 10
370 384 10
370 386 10
370 387 10
370 388 10
370 408 10
370 409 10
370 410 10
370 411 10
370 412 10
370 416 10
370 420 10
370 424 10
370 427 10
370 428 10
370 430 10
370 435 10
370 440 10
370 441 10
370 443 10
370 446 10
370 449 10
370 451 10
370 452 10
370 453 10
370 455 10
370 456 10
370 459 10
370 460 10
370 468 10
370 470 10
370 471 10
370 475 10
370 476 10
370 477 10
370 478 10
370 480 10
370 482 10
370 483 10
370 484 10
370 485 10
370 487 10
370 491 10
370 492 10
370 493 10
370 495 10
370 496 10
370 500 10
370 502 10
370 512 10
370 514 10
370 519 10
370 521 10
370 522 10
370 523 10
370 524 10
370 525 10
370 526 10
370 530 10
370 532 10
370 533 10
370 535 10
370 536 10
370 537 10
370 541 10
370 544 10
370 547 10
370 553 10
370 556 10
370 558 10
370 559 10
370 564 10
370 565 10
370 566 10
370 567 10
370 569 10
370 571 10
370 574 10
370 584 10
370 585 10
370 587 10
370 588 10
370 589 10
370 596 10
370 597 10
370 600 10
370 601 10
370 602 10
370 605 10
370 607 10
370 608 10
370 610 10
370 611 10
370 612 10
370 614 10
370 618 10
370 621 10
370 622 10
370 624 10
370 632 10
370 634 10
370 635 10
370 636 10
370 637 10
370 653 10
370 654 10
370 655 10
370 656 10
370 667 10
370 668 10
371 368 10
371 372 10
371 380 10
371 384 10
371 390 10
371 392 10
371 393 10
371 402 10
371 403 10
371 408 10
371 409 10
371 410 10
371 412 10
371 413 10
371 414 10
371 415 10
371 421 10
371 422 10
371 423 10
371 427 10
371 433 10
371 435 10
371 436 10
371 438 10
371 439 10
371 443 10
371 446 10
371 447 10
371 448 10
371 449 10
371 450 10
371 451 10
371 452 10
371 453 10
371 454 10
371 457 10
371 458 10
371 459 10
371 464 10
371 474 10
371 478 10
371 480 10
371 481 10
371 482 10
371 483 10
371 485 10
371 487 10
371 488 10
371 489 10
371 490 10
371 492 10
371 493 10
371 494 10
371 499 10
371 500 10
371 511 10
371 515 10
371 518 10
371 521 10
371 522 10
371 523 10
371 524 10
371 526 10
371 528 10
371 529 10
371 530 10
371 532 10
371 533 10
371 535 10
371 540 10
371 541 10
371 542 10
371 543 10
371 545 10
371 550 10
371 551 10
371 556 10
371 558 10
371 563 10
371 564 10
371 566 10
371 569 10
371 571 10
371 572 10
371 573 10
371 574 10
371 578 10
371 585 10
371 586 10
371 587 10
371 588 10
371 591 10
371 594 10
371 595 10
371 599 10
371 601 10
371 604 10
371 605 10
371 607 10
371 608 10
371 612 10
371 620 10
371 638 10
371 650 10
371 653 10
371 654 10
371 669 10
371 673 10
372 375 10
372 376 10
372 382 10
372 384 10
372 386 10
372 390 10
372 391 10
372 393 10
372 403 10
372 404 10
372 407 10
372 409 10
372 410 10
372 411 10
372 420 10
372 421 10
372 422 10
372 426 10
372 428 10
372 435 10
372 439 10
372 440 10
372 441 10
372 443 10
372 445 10
372 449 10
372 450 10
372 452 10
372 454 10
372 455 10
372 460 10
372 469 10
372 472 10
372 473 10
372 475 10
372 480 10
372 481 10
372 483 10
372 485 10
372 486 10
372 487 10
372 490 10
372 491 10
372 492 10
372 493 10
372 494 10
372 495 10
372 496 10
372 497 10
372 498 10
372 500 10
372 501 10
372 504 10
372 509 10
372 511 10
372 512 10
372 514 10
372 516 10
372 520 10
372 522 10
372 523 10
372 525 10
372 527 10
372 528 10
372 529 10
372 531 10
372 532 10
372 533 10
372 534 10
372 535 10
372 537 10
372 539 10
372 542 10
372 543 10
372 544 10
372 547 10
372 548 10
372 551 10
372 552 10
372 553 10
372 554 10
372 555 10
372 556 10
372 557 10
372 558 10
372 559 10
372 562 10
372 567 10
372 571 10
372 573 10
372 584 10
372 589 10
372 590 10
372 591 10
372 592 10
372 594 10
372 595 10
372 597 10
372 598 10
372 600 10
372 603 10
372 605 10
372 611 10
372 622 10
372 624 10
372 629 10
372 630 10
372 632 10
372 635 10
372 637 10
372 644 10
372 646 10
372 649 10
372 653 10
372 654 10
372 656 10
372 657 10
372 666 10
372 668 10
372 670 10
373 378 10
373 379 10
373 384 10
373 385 10
373 390 10
373 392 10
373 400 10
373 401 10
373 402 10
373 403 10
373 404 10
373 408 10
373 409 10
373 410 10
373 411 10
373 412 10
373 413 10
373 414 10
373 415 10
373 417 10
373 420 10
373 422 10
373 423 10
373 427 10
373 428 10
373 432 10
373 434 10
373 435 10
373 437 10
373 439 10
373 440 10
373 441 10
373 442 10
373 443 10
373 445 10
373 447 10
373 448 10
373 449 10
373 452 10
373 454 10
373 455 10
373 456 10
373 457 10
373 460 10
373 463 10
373 467 10
373 471 10
373 473 10
373 478 10
373 481 10
373 482 10
373 483 10
373 485 10
373 488 10
373 489 10
373 490 10
373 491 10
373 496 10
373 500 10
373 502 10
373 504 10
373 505 10
373 506 10
373 509 10
373 511 10
373 515 10
373 517 10
373 520 10
373 522 10
373 523 10
373 524 10
373 527 10
373 528 10
373 529 10
373 531 10
373 532 10
373 533 10
373 534 10
373 536 10
373 537 10
373 539 10
373 540 10
373 543 10
373 544 10
373 545 10
373 547 10
373 550 10
373 553 10
373 557 10
373 565 10
373 572 10
373 582 10
373 587 10
373 588 10
373 589 10
373 590 10
373 591 10
373 592 10
373 593 10
373 595 10
373 596 10
373 601 10
373 605 10
373 620 10
373 624 10
373 629 10
373 634 10
373 647 10
373 648 10
373 651 10
373 652 10
373 653 10
373 654 10
373 656 10
373 670 10
373 673 10
374 376 10
374 381 10
374 388 10
374 389 10
374 390 10
374 392 10
374 401 10
374 402 10
374 404 10
374 406 10
374 407 10
374 408 10
374 409 10
374 410 10
374 411 10
374 412 10
374 413 10
374 414 10
374 415 10
374 416 10
374 417 10
374 424 10
374 425 10
374 426 10
374 431 10
374 433 10
374 434 10
374 435 10
374 436 10
374 437 10
374 438 10
374 439 10
374 440 10
374 441 10
374 445 10
374 446 10
374 447 10
374 451 10
374 452 10
374 454 10
374 456 10
374 458 10
374 465 10
374 466 10
374 467 10
374 471 10
374 472 10
374 475 10
374 477 10
374 479 10
374 482 10
374 483 10
374 486 10
374 488 10
374 489 10
374 497 10
374 498 10
374 500 10
374 502 10
374 505 10
374 506 10
374 507 10
374 508 10
374 509 10
374 511 10
374 512 10
374 514 10
374 515 10
374 516 10
374 521 10
374 522 10
374 523 10
374 525 10
374 527 10
374 528 10
374 529 10
374 530 10
374 532 10
374 533 10
374 534 10
374 535 10
374 538 10
374 539 10
374 540 10
374 543 10
374 544 10
374 549 10
374 552 10
374 554 10
374 556 10
374 557 10
374 559 10
374 561 10
374 568 10
374 569 10
374 574 10
374 575 10
374 576 10
374 577 10
374 578 10
374 579 10
374 585 10
374 586 10
374 587 10
374 588 10
374 591 10
374 592 10
374 594 10
374 596 10
374 599 10
374 604 10
374 617 10
374 620 10
374 621 10
374 625 10
374 631 10
374 636 10
374 642 10
374 645 10
374 646 10
374 648 10
374 650 10
374 653 10
375 403 10
375 405 10
375 408 10
375 409 10
375 410 10
375 412 10
375 413 10
375 415 10
375 419 10
375 421 10
375 423 10
375 425 10
375 428 10
375 429 10
375 431 10
375 434 10
375 435 10
375 436 10
375 437 10
375 438 10
375 439 10
375 440 10
375 441 10
375 443 10
375 444 10
375 446 10
375 447 10
375 448 10
375 451 10
375 453 10
375 456 10
375 459 10
375 465 10
375 474 10
375 475 10
375 477 10
375 478 10
375 480 10
375 481 10
375 482 10
375 485 10
375 486 10
375 487 10
375 494 10
375 497 10
375 503 10
375 505 10
375 506 10
375 514 10
375 515 10
375 522 10
375 523 10
375 524 10
375 525 10
375 527 10
375 529 10
375 530 10
375 531 10
375 532 10
375 533 10
375 535 10
375 537 10
375 539 10
375 542 10
375 545 10
375 547 10
375 549 10
375 551 10
375 554 10
375 555 10
375 571 10
375 577 10
375 581 10
375 582 10
375 586 10
375 587 10
375 589 10
375 590 10
375 591 10
375 593 10
375 595 10
375 596 10
375 598 10
375 600 10
375 603 10
375 607 10
375 614 10
375 619 10
375 621 10
375 622 10
375 624 10
375 625 10
375 628 10
375 629 10
375 633 10
375 647 10
375 648 10
375 649 10
375 654 10
375 655 10
375 656 10
375 657 10
375 666 10
376 395 10
376 396 10
376 401 10
376 403 10
376 405 10
376 407 10
376 408 10
376 409 10
376 412 10
376 413 10
376 414 10
376 419 10
376 422 10
376 424 10
376 426 10
376 427 10
376 428 10
376 430 10
376 431 10
376 432 10
376 434 10
376 435 10
376 436 10
376 438 10
376 441 10
376 442 10
376 443 10
376 444 10
376 446 10
376 448 10
376 449 10
376 451 10
376 453 10
376 456 10
376 457 10
376 463 10
376 465 10
376 467 10
376 471 10
376 472 10
376 473 10
376 480 10
376 481 10
376 483 10
376 484 10
376 486 10
376 488 10
376 490 10
376 491 10
376 498 10
376 500 10
376 503 10
376 508 10
376 509 10
376 510 10
376 514 10
376 524 10
376 526 10
376 528 10
376 530 10
376 532 10
376 533 10
376 534 10
376 535 10
376 536 10
376 537 10
376 542 10
376 544 10
376 547 10
376 549 10
376 552 10
376 554 10
376 556 10
376 557 10
376 570 10
376 571 10
376 572 10
376 575 10
376 576 10
376 577 10
376 579 10
376 580 10
376 584 10
376 585 10
376 586 10
376 587 10
376 588 10
376 589 10
376 593 10
376 595 10
376 597 10
376 600 10
376 601 10
376 602 10
376 613 10
376 615 10
376 616 10
376 617 10
376 618 10
376 620 10
376 621 10
376 623 10
376 625 10
376 626 10
376 633 10
376 640 10
376 642 10
376 643 10
376 645 10
376 646 10
376 647 10
376 649 10
376 654 10
376 656 10
376 658 10
376 661 10
376 662 10
376 663 10
376 664 10
376 673 10
377 392 10
377 401 10
377 405 10
377 406 10
377 407 10
377 409 10
377 410 10
377 414 10
377 416 10
377 417 10
377 421 10
377 422 10
377 423 10
377 424 10
377 425 10
377 426 10
377 428 10
377 430 10
377 432 10
377 435 10
377 437 10
377 439 10
377 440 10
377 443 10
377 445 10
377 446 10
377 447 10
377 449 10
377 450 10
377 452 10
377 453 10
377 455 10
377 456 10
377 457 10
377 467 10
377 470 10
377 473 10
377 476 10
377 478 10
377 480 10
377 481 10
377 482 10
377 483 10
377 484 10
377 486 10
377 487 10
377 488 10
377 490 10
377 501 10
377 502 10
377 506 10
377 510 10
377 513 10
377 515 10
377 517 10
377 519 10
377 520 10
377 521 10
377 522 10
377 526 10
377 528 10
377 529 10
377 530 10
377 531 10
377 532 10
377 533 10
377 534 10
377 535 10
377 544 10
377 545 10
377 547 10
377 552 10
377 553 10
377 554 10
377 558 10
377 575 10
377 577 10
377 582 10
377 585 10
377 586 10
377 587 10
377 588 10
377 589 10
377 590 10
377 591 10
377 592 10
377 593 10
377 596 10
377 597 10
377 599 10
377 602 10
377 604 10
377 612 10
377 615 10
377 617 10
377 618 10
377 620 10
377 621 10
377 622 10
377 623 10
377 625 10
377 627 10
377 628 10
377 630 10
377 632 10
377 647 10
377 655 10
377 662 10
377 666 10
378 393 10
378 394 10
378 403 10
378 411 10
378 413 10
378 414 10
378 416 10
378 417 10
378 418 10
378 420 10
378 424 10
378 425 10
378 426 10
378 427 10
378 432 10
378 434 10
378 435 10
378 436 10
378 437 10
378 441 10
378 442 10
378 443 10
378 448 10
378 449 10
378 451 10
378 453 10
378 454 10
378 456 10
378 457 10
378 471 10
378 472 10
378 474 10
378 478 10
378 479 10
378 480 10
378 481 10
378 482 10
378 483 10
378 490 10
378 492 10
378 493 10
378 494 10
378 495 10
378 501 10
378 502 10
378 503 10
378 506 10
378 507 10
378 508 10
378 509 10
378 510 10
378 513 10
378 515 10
378 517 10
378 518 10
378 521 10
378 522 10
378 523 10
378 524 10
378 526 10
378 528 10
378 529 10
378 531 10
378 532 10
378 533 10
378 534 10
378 535 10
378 536 10
378 537 10
378 538 10
378 543 10
378 544 10
378 545 10
378 546 10
378 547 10
378 548 10
378 551 10
378 553 10
378 554 10
378 561 10
378 575 10
378 579 10
378 581 10
378 582 10
378 584 10
378 585 10
378 586 10
378 587 10
378 588 10
378 589 10
378 590 10
378 591 10
378 592 10
378 593 10
378 596 10
378 597 10
378 598 10
378 599 10
378 602 10
378 606 10
378 608 10
378 613 10
378 614 10
378 616 10
378 617 10
378 621 10
378 623 10
378 626 10
378 628 10
378 639 10
378 640 10
378 642 10
378 643 10
378 645 10
378 647 10
378 652 10
378 659 10
378 661 10
379 365 10
379 366 10
379 396 10
379 400 10
379 401 10
379 405 10
379 408 10
379 410 10
379 417 10
379 418 10
379 423 10
379 424 10
379 431 10
379 433 10
379 435 10
379 436 10
379 438 10
379 448 10
379 452 10
379 464 10
379 467 10
379 469 10
379 476 10
379 479 10
379 482 10
379 483 10
379 484 10
379 488 10
379 491 10
379 494 10
379 496 10
379 498 10
379 500 10
379 501 10
379 502 10
379 507 10
379 510 10
379 511 10
379 512 10
379 513 10
379 514 10
379 515 10
379 516 10
379 518 10
379 519 10
379 522 10
379 525 10
379 526 10
379 528 10
379 530 10
379 531 10
379 532 10
379 533 10
379 535 10
379 536 10
379 537 10
379 538 10
379 541 10
379 544 10
379 547 10
379 548 10
379 550 10
379 551 10
379 552 10
379 554 10
379 555 10
379 557 10
379 558 10
379 560 10
379 561 10
379 562 10
379 563 10
379 564 10
379 575 10
379 580 10
379 581 10
379 583 10
379 585 10
379 586 10
379 587 10
379 588 10
379 589 10
379 590 10
379 591 10
379 592 10
379 593 10
379 594 10
379 595 10
379 596 10
379 603 10
379 607 10
379 608 10
379 611 10
379 616 10
379 617 10
379 620 10
379 621 10
379 622 10
379 625 10
379 626 10
379 646 10
379 647 10
379 648 10
379 650 10
379 651 10
379 652 10
379 653 10
379 654 10
379 658 10
379 660 10
379 663 10
379 666 10
379 668 10
380 370 10
380 392 10
380 393 10
380 400 10
380 401 10
380 402 10
380 403 10
380 404 10
380 410 10
380 412 10
380 416 10
380 419 10
380 420 10
380 421 10
380 422 10
380 429 10
380 430 10
380 433 10
380 434 10
380 435 10
380 436 10
380 438 10
380 443 10
380 452 10
380 463 10
380 464 10
380 465 10
380 467 10
380 470 10
380 471 10
380 473 10
380 477 10
380 478 10
380 479 10
380 480 10
380 482 10
380 484 10
380 492 10
380 493 10
380 495 10
380 497 10
380 500 10
380 502 10
380 503 10
380 504 10
380 507 10
380 509 10
380 513 10
380 514 10
380 515 10
380 516 10
380 518 10
380 520 10
380 523 10
380 524 10
380 525 10
380 528 10
380 529 10
380 532 10
380 535 10
380 537 10
380 538 10
380 539 10
380 540 10
380 547 10
380 549 10
380 551 10
380 554 10
380 556 10
380 557 10
380 559 10
380 564 10
380 566 10
380 572 10
380 573 10
380 579 10
380 580 10
380 581 10
380 585 10
380 586 10
380 587 10
380 588 10
380 589 10
380 590 10
380 591 10
380 592 10
380 593 10
380 594 10
380 595 10
380 596 10
380 597 10
380 601 10
380 605 10
380 607 10
380 611 10
380 613 10
380 614 10
380 616 10
380 617 10
380 618 10
380 619 10
380 620 10
380 622 10
380 640 10
380 641 10
380 643 10
380 645 10
380 649 10
380 654 10
380 659 10
380 662 10
380 663 10
380 666 10
380 668 10
381 364 10
381 366 10
381 368 10
381 387 10
381 389 10
381 394 10
381 400 10
381 405 10
381 410 10
381 411 10
381 417 10
381 420 10
381 426 10
381 430 10
381 434 10
381 437 10
381 441 10
381 461 10
381 463 10
381 464 10
381 465 10
381 466 10
381 468 10
381 469 10
381 471 10
381 472 10
381 474 10
381 477 10
381 478 10
381 480 10
381 486 10
381 487 10
381 488 10
381 489 10
381 491 10
381 493 10
381 494 10
381 496 10
381 500 10
381 501 10
381 502 10
381 504 10
381 506 10
381 507 10
381 508 10
381 510 10
381 514 10
381 515 10
381 516 10
381 517 10
381 523 10
381 526 10
381 527 10
381 529 10
381 530 10
381 531 10
381 532 10
381 533 10
381 534 10
381 535 10
381 536 10
381 539 10
381 540 10
381 541 10
381 554 10
381 556 10
381 557 10
381 558 10
381 561 10
381 562 10
381 563 10
381 571 10
381 572 10
381 574 10
381 579 10
381 580 10
381 582 10
381 583 10
381 584 10
381 586 10
381 588 10
381 589 10
381 590 10
381 591 10
381 592 10
381 593 10
381 594 10
381 595 10
381 597 10
381 598 10
381 600 10
381 601 10
381 603 10
381 607 10
381 614 10
381 615 10
381 623 10
381 624 10
381 625 10
381 634 10
381 638 10
381 639 10
381 641 10
381 642 10
381 643 10
381 648 10
381 649 10
381 650 10
381 651 10
381 654 10
381 661 10
381 670 10
381 671 10
382 362 10
382 370 10
382 378 10
382 386 10
382 401 10
382 402 10
382 404 10
382 405 10
382 419 10
382 421 10
382 422 10
382 425 10
382 427 10
382 431 10
382 433 10
382 434 10
382 435 10
382 436 10
382 437 10
382 454 10
382 461 10
382 463 10
382 465 10
382 469 10
382 470 10
382 471 10
382 475 10
382 476 10
382 478 10
382 479 10
382 480 10
382 481 10
382 482 10
382 483 10
382 484 10
382 485 10
382 488 10
382 492 10
382 493 10
382 494 10
382 497 10
382 498 10
382 500 10
382 501 10
382 502 10
382 504 10
382 506 10
382 507 10
382 513 10
382 514 10
382 517 10
382 518 10
382 519 10
382 520 10
382 521 10
382 523 10
382 525 10
382 527 10
382 528 10
382 529 10
382 530 10
382 531 10
382 532 10
382 533 10
382 534 10
382 535 10
382 536 10
382 537 10
382 538 10
382 539 10
382 541 10
382 545 10
382 548 10
382 550 10
382 560 10
382 561 10
382 563 10
382 564 10
382 566 10
382 569 10
382 571 10
382 572 10
382 573 10
382 575 10
382 576 10
382 578 10
382 579 10
382 581 10
382 582 10
382 584 10
382 586 10
382 587 10
382 588 10
382 589 10
382 590 10
382 591 10
382 592 10
382 593 10
382 594 10
382 595 10
382 596 10
382 597 10
382 598 10
382 603 10
382 604 10
382 606 10
382 608 10
382 612 10
382 614 10
382 616 10
382 617 10
382 619 10
382 621 10
382 623 10
382 624 10
382 625 10
382 626 10
382 627 10
382 628 10
382 633 10
382 636 10
382 637 10
382 641 10
382 642 10
382 644 10
382 645 10
382 646 10
382 651 10
382 655 10
382 656 10
383 362 10
383 364 10
383 365 10
383 366 10
383 368 10
383 385 10
383 387 10
383 388 10
383 392 10
383 395 10
383 399 10
383 404 10
383 406 10
383 411 10
383 419 10
383 420 10
383 422 10
383 423 10
383 424 10
383 435 10
383 437 10
383 441 10
383 442 10
383 463 10
383 464 10
383 466 10
383 467 10
383 468 10
383 472 10
383 476 10
383 478 10
383 479 10
383 480 10
383 482 10
383 486 10
383 487 10
383 490 10
383 500 10
383 502 10
383 507 10
383 508 10
383 509 10
383 510 10
383 513 10
383 514 10
383 515 10
383 517 10
383 518 10
383 519 10
383 521 10
383 525 10
383 528 10
383 531 10
383 532 10
383 534 10
383 535 10
383 536 10
383 537 10
383 538 10
383 542 10
383 550 10
383 553 10
383 555 10
383 558 10
383 559 10
383 560 10
383 562 10
383 563 10
383 564 10
383 571 10
383 572 10
383 573 10
383 574 10
383 578 10
383 581 10
383 587 10
383 588 10
383 589 10
383 590 10
383 591 10
383 592 10
383 593 10
383 594 10
383 595 10
383 597 10
383 599 10
383 600 10
383 604 10
383 612 10
383 613 10
383 614 10
383 615 10
383 617 10
383 618 10
383 619 10
383 621 10
383 622 10
383 623 10
383 625 10
383 629 10
383 637 10
383 639 10
383 640 10
383 641 10
383 645 10
383 647 10
383 651 10
383 652 10
383 654 10
383 657 10
383 659 10
383 660 10
383 661 10
383 668 10
383 670 10
383 671 10
384 362 10
384 367 10
384 369 10
384 370 10
384 391 10
384 397 10
384 398 10
384 400 10
384 408 10
384 413 10
384 415 10
384 418 10
384 421 10
384 422 10
384 424 10
384 425 10
384 435 10
384 437 10
384 438 10
384 442 10
384 443 10
384 465 10
384 466 10
384 469 10
384 470 10
384 475 10
384 478 10
384 479 10
384 481 10
384 484 10
384 485 10
384 492 10
384 494 10
384 498 10
384 502 10
384 503 10
384 504 10
384 505 10
384 506 10
384 507 10
384 508 10
384 510 10
384 515 10
384 517 10
384 519 10
384 520 10
384 522 10
384 523 10
384 526 10
384 528 10
384 530 10
384 533 10
384 534 10
384 538 10
384 539 10
384 540 10
384 548 10
384 551 10
384 552 10
384 558 10
384 562 10
384 563 10
384 564 10
384 565 10
384 567 10
384 569 10
384 573 10
384 576 10
384 578 10
384 579 10
384 581 10
384 584 10
384 587 10
384 588 10
384 590 10
384 591 10
384 592 10
384 593 10
384 594 10
384 596 10
384 597 10
384 604 10
384 607 10
384 613 10
384 614 10
384 615 10
384 616 10
384 617 10
384 618 10
384 619 10
384 620 10
384 627 10
384 632 10
384 636 10
384 641 10
384 642 10
384 643 10
384 645 10
384 647 10
384 648 10
384 649 10
384 650 10
384 656 10
384 657 10
384 659 10
384 662 10
385 362 10
385 363 10
385 364 10
385 365 10
385 387 10
385 388 10
385 391 10
385 392 10
385 393 10
385 395 10
385 396 10
385 397 10
385 400 10
385 406 10
385 412 10
385 421 10
385 423 10
385 426 10
385 427 10
385 430 10
385 431 10
385 432 10
385 433 10
385 435 10
385 436 10
385 442 10
385 463 10
385 466 10
385 467 10
385 476 10
385 477 10
385 481 10
385 482 10
385 483 10
385 484 10
385 488 10
385 489 10
385 491 10
385 493 10
385 495 10
385 500 10
385 502 10
385 504 10
385 505 10
385 506 10
385 507 10
385 510 10
385 511 10
385 512 10
385 514 10
385 517 10
385 518 10
385 519 10
385 522 10
385 524 10
385 525 10
385 526 10
385 531 10
385 552 10
385 553 10
385 561 10
385 562 10
385 564 10
385 565 10
385 569 10
385 570 10
385 572 10
385 576 10
385 585 10
385 586 10
385 588 10
385 589 10
385 590 10
385 591 10
385 592 10
385 593 10
385 594 10
385 595 10
385 596 10
385 597 10
385 600 10
385 613 10
385 614 10
385 615 10
385 616 10
385 617 10
385 620 10
385 623 10
385 627 10
385 628 10
385 629 10
385 636 10
385 637 10
385 639 10
385 644 10
385 646 10
385 647 10
385 649 10
385 656 10
385 657 10
385 660 10
385 663 10
385 670 10
386 364 10
386 366 10
386 368 10
386 371 10
386 377 10
386 383 10
386 387 10
386 395 10
386 397 10
386 398 10
386 399 10
386 401 10
386 402 10
386 404 10
386 405 10
386 406 10
386 408 10
386 410 10
386 412 10
386 413 10
386 423 10
386 424 10
386 425 10
386 426 10
386 427 10
386 428 10
386 432 10
386 433 10
386 437 10
386 438 10
386 441 10
386 442 10
386 457 10
386 466 10
386 468 10
386 472 10
386 473 10
386 475 10
386 477 10
386 479 10
386 480 10
386 484 10
386 485 10
386 486 10
386 488 10
386 490 10
386 492 10
386 493 10
386 497 10
386 498 10
386 502 10
386 503 10
386 516 10
386 517 10
386 519 10
386 520 10
386 521 10
386 522 10
386 523 10
386 529 10
386 532 10
386 538 10
386 539 10
386 553 10
386 555 10
386 557 10
386 558 10
386 565 10
386 567 10
386 572 10
386 573 10
386 574 10
386 578 10
386 579 10
386 580 10
386 581 10
386 582 10
386 583 10
386 585 10
386 586 10
386 587 10
386 589 10
386 591 10
386 593 10
386 594 10
386 595 10
386 596 10
386 598 10
386 600 10
386 605 10
386 608 10
386 609 10
386 612 10
386 617 10
386 618 10
386 619 10
386 624 10
386 626 10
386 627 10
386 628 10
386 638 10
386 639 10
386 640 10
386 641 10
386 642 10
386 644 10
386 646 10
386 648 10
386 650 10
386 654 10
386 662 10
386 667 10
387 362 10
387 382 10
387 390 10
387 391 10
387 392 10
387 395 10
387 396 10
387 397 10
387 398 10
387 399 10
387 412 10
387 419 10
387 420 10
387 421 10
387 422 10
387 423 10
387 425 10
387 427 10
387 428 10
387 430 10
387 431 10
387 432 10
387 434 10
387 436 10
387 437 10
387 440 10
387 441 10
387 444 10
387 462 10
387 467 10
387 469 10
387 474 10
387 479 10
387 481 10
387 486 10
387 487 10
387 489 10
387 490 10
387 494 10
387 495 10
387 496 10
387 497 10
387 498 10
387 499 10
387 503 10
387 504 10
387 505 10
387 507 10
387 509 10
387 512 10
387 514 10
387 515 10
387 518 10
387 519 10
387 522 10
387 523 10
387 525 10
387 526 10
387 534 10
387 537 10
387 540 10
387 547 10
387 548 10
387 549 10
387 554 10
387 556 10
387 563 10
387 570 10
387 581 10
387 585 10
387 586 10
387 587 10
387 589 10
387 598 10
387 602 10
387 609 10
387 610 10
387 611 10
387 613 10
387 620 10
387 623 10
387 626 10
387 627 10
387 637 10
387 638 10
387 641 10
387 643 10
387 645 10
387 646 10
387 648 10
387 650 10
387 652 10
387 656 10
387 657 10
387 663 10
387 678 10
387 680 10
388 384 10
388 387 10
388 389 10
388 390 10
388 392 10
388 394 10
388 395 10
388 396 10
388 398 10
388 402 10
388 403 10
388 404 10
388 405 10
388 410 10
388 413 10
388 415 10
388 419 10
388 420 10
388 421 10
388 422 10
388 424 10
388 425 10
388 427 10
388 430 10
388 431 10
388 432 10
388 433 10
388 435 10
388 437 10
388 445 10
388 453 10
388 456 10
388 458 10
388 467 10
388 474 10
388 479 10
388 480 10
388 481 10
388 484 10
388 490 10
388 491 10
388 493 10
388 495 10
388 501 10
388 508 10
388 514 10
388 515 10
388 517 10
388 518 10
388 519 10
388 522 10
388 523 10
388 524 10
388 529 10
388 533 10
388 541 10
388 550 10
388 551 10
388 557 10
388 564 10
388 570 10
388 572 10
388 574 10
388 576 10
388 579 10
388 581 10
388 582 10
388 583 10
388 585 10
388 586 10
388 589 10
388 591 10
388 592 10
388 594 10
388 598 10
388 599 10
388 600 10
388 601 10
388 602 10
388 603 10
388 605 10
388 606 10
388 608 10
388 609 10
388 610 10
388 611 10
388 625 10
388 627 10
388 637 10
388 638 10
388 645 10
388 646 10
388 647 10
388 655 10
388 659 10
388 664 10
388 665 10
388 677 10
388 678 10
389 366 10
389 374 10
389 377 10
389 383 10
389 387 10
389 388 10
389 389 10
389 392 10
389 393 10
389 394 10
389 395 10
389 396 10
389 397 10
389 398 10
389 399 10
389 404 10
389 406 10
389 408 10
389 411 10
389 412 10
389 413 10
389 414 10
389 416 10
389 417 10
389 419 10
389 420 10
389 421 10
389 422 10
389 423 10
389 424 10
389 425 10
389 426 10
389 427 10
389 428 10
389 429 10
389 430 10
389 435 10
389 438 10
389 440 10
389 441 10
389 442 10
389 450 10
389 452 10
389 453 10
389 456 10
389 464 10
389 465 10
389 466 10
389 474 10
389 479 10
389 481 10
389 483 10
389 484 10
389 486 10
389 488 10
389 489 10
389 491 10
389 493 10
389 495 10
389 502 10
389 504 10
389 507 10
389 508 10
389 509 10
389 511 10
389 513 10
389 514 10
389 515 10
389 517 10
389 519 10
389 520 10
389 521 10
389 525 10
389 526 10
389 530 10
389 532 10
389 534 10
389 535 10
389 539 10
389 547 10
389 557 10
389 558 10
389 559 10
389 560 10
389 561 10
389 563 10
389 564 10
389 566 10
389 568 10
389 569 10
389 571 10
389 574 10
389 580 10
389 586 10
389 587 10
389 588 10
389 593 10
389 598 10
389 602 10
389 608 10
389 609 10
389 610 10
389 611 10
389 634 10
389 635 10
389 638 10
389 652 10
389 657 10
389 659 10
389 661 10
389 662 10
389 680 10
389 682 10
390 368 10
390 383 10
390 385 10
390 387 10
390 388 10
390 390 10
390 391 10
390 393 10
390 395 10
390 396 10
390 397 10
390 398 10
390 399 10
390 404 10
390 405 10
390 406 10
390 408 10
390 409 10
390 410 10
390 411 10
390 413 10
390 414 10
390 415 10
390 417 10
390 418 10
390 422 10
390 423 10
390 424 10
390 425 10
390 426 10
390 427 10
390 433 10
390 436 10
390 438 10
390 439 10
390 441 10
390 445 10
390 449 10
390 451 10
390 452 10
390 457 10
390 460 10
390 463 10
390 464 10
390 466 10
390 469 10
390 472 10
390 473 10
390 474 10
390 476 10
390 480 10
390 481 10
390 484 10
390 486 10
390 487 10
390 493 10
390 494 10
390 497 10
390 510 10
390 511 10
390 512 10
390 513 10
390 514 10
390 516 10
390 519 10
390 520 10
390 526 10
390 527 10
390 528 10
390 534 10
390 555 10
390 557 10
390 559 10
390 560 10
390 562 10
390 563 10
390 571 10
390 575 10
390 578 10
390 582 10
390 590 10
390 591 10
390 593 10
390 599 10
390 608 10
390 609 10
390 610 10
390 627 10
390 632 10
390 636 10
390 637 10
390 652 10
390 653 10
390 656 10
390 660 10
390 666 10
390 667 10
390 676 10
390 678 10
390 680 10
390 682 10
391 359 10
391 360 10
391 371 10
391 376 10
391 383 10
391 384 10
391 386 10
391 389 10
391 390 10
391 391 10
391 392 10
391 395 10
391 396 10
391 398 10
391 400 10
391 403 10
391 404 10
391 405 10
391 406 10
391 407 10
391 409 10
391 410 10
391 413 10
391 416 10
391 417 10
391 419 10
391 421 10
391 422 10
391 423 10
391 424 10
391 425 10
391 426 10
391 428 10
391 434 10
391 436 10
391 437 10
391 438 10
391 439 10
391 442 10
391 444 10
391 451 10
391 455 10
391 458 10
391 459 10
391 460 10
391 464 10
391 465 10
391 485 10
391 487 10
391 488 10
391 490 10
391 493 10
391 495 10
391 502 10
391 506 10
391 507 10
391 509 10
391 512 10
391 520 10
391 522 10
391 528 10
391 537 10
391 551 10
391 558 10
391 559 10
391 560 10
391 563 10
391 568 10
391 576 10
391 578 10
391 583 10
391 588 10
391 590 10
391 591 10
391 593 10
391 610 10
391 612 10
391 613 10
391 631 10
391 634 10
391 641 10
391 642 10
391 650 10
391 651 10
391 652 10
391 653 10
391 654 10
391 656 10
391 662 10
391 664 10
391 680 10
391 681 10
392 374 10
392 381 10
392 384 10
392 387 10
392 390 10
392 391 10
392 392 10
392 393 10
392 395 10
392 396 10
392 397 10
392 400 10
392 402 10
392 408 10
392 409 10
392 411 10
392 412 10
392 414 10
392 415 10
392 419 10
392 421 10
392 422 10
392 423 10
392 424 10
392 425 10
392 427 10
392 434 10
392 435 10
392 436 10
392 437 10
392 438 10
392 439 10
392 443 10
392 449 10
392 458 10
392 460 10
392 463 10
392 464 10
392 465 10
392 466 10
392 467 10
392 468 10
392 469 10
392 470 10
392 472 10
392 473 10
392 475 10
392 477 10
392 478 10
392 479 10
392 482 10
392 483 10
392 485 10
392 487 10
392 488 10
392 493 10
392 496 10
392 499 10
392 500 10
392 504 10
392 508 10
392 515 10
392 519 10
392 520 10
392 524 10
392 526 10
392 528 10
392 529 10
392 550 10
392 553 10
392 556 10
392 557 10
392 559 10
392 562 10
392 564 10
392 565 10
392 566 10
392 569 10
392 570 10
392 573 10
392 577 10
392 579 10
392 580 10
392 582 10
392 584 10
392 586 10
392 588 10
392 589 10
392 590 10
392 592 10
392 609 10
392 610 10
392 611 10
392 612 10
392 617 10
392 628 10
392 633 10
392 642 10
392 652 10
392 654 10
392 661 10
392 679 10
393 349 10
393 359 10
393 361 10
393 374 10
393 376 10
393 379 10
393 385 10
393 389 10
393 390 10
393 391 10
393 393 10
393 400 10
393 402 10
393 408 10
393 410 10
393 411 10
393 412 10
393 413 10
393 414 10
393 417 10
393 418 10
393 421 10
393 422 10
393 423 10
393 424 10
393 427 10
393 441 10
393 442 10
393 443 10
393 444 10
393 449 10
393 455 10
393 457 10
393 461 10
393 462 10
393 463 10
393 464 10
393 467 10
393 468 10
393 470 10
393 471 10
393 472 10
393 474 10
393 475 10
393 481 10
393 482 10
393 483 10
393 484 10
393 487 10
393 488 10
393 491 10
393 496 10
393 498 10
393 500 10
393 503 10
393 505 10
393 517 10
393 519 10
393 520 10
393 522 10
393 523 10
393 527 10
393 531 10
393 532 10
393 534 10
393 557 10
393 561 10
393 562 10
393 563 10
393 567 10
393 568 10
393 569 10
393 574 10
393 576 10
393 578 10
393 579 10
393 580 10
393 581 10
393 589 10
393 590 10
393 592 10
393 609 10
393 612 10
393 613 10
393 629 10
393 631 10
393 648 10
393 649 10
393 652 10
393 654 10
393 655 10
393 656 10
393 657 10
393 660 10
393 661 10
393 663 10
393 667 10
393 676 10
393 678 10
393 680 10
393 685 10
393 686 10
393 688 10
394 351 10
394 376 10
394 379 10
394 381 10
394 385 10
394 387 10
394 389 10
394 391 10
394 394 10
394 395 10
394 396 10
394 397 10
394 410 10
394 411 10
394 412 10
394 413 10
394 420 10
394 422 10
394 423 10
394 425 10
394 426 10
394 427 10
394 428 10
394 433 10
394 434 10
394 435 10
394 436 10
394 438 10
394 445 10
394 449 10
394 450 10
394 455 10
394 457 10
394 458 10
394 459 10
394 460 10
394 461 10
394 462 10
394 463 10
394 464 10
394 466 10
394 468 10
394 469 10
394 470 10
394 472 10
394 475 10
394 479 10
394 482 10
394 488 10
394 490 10
394 493 10
394 496 10
394 498 10
394 499 10
394 501 10
394 509 10
394 511 10
394 516 10
394 519 10
394 524 10
394 525 10
394 526 10
394 530 10
394 534 10
394 546 10
394 549 10
394 556 10
394 559 10
394 560 10
394 565 10
394 568 10
394 570 10
394 572 10
394 573 10
394 576 10
394 586 10
394 590 10
394 591 10
394 594 10
394 595 10
394 596 10
394 600 10
394 602 10
394 610 10
394 612 10
394 619 10
394 627 10
394 638 10
394 640 10
394 649 10
394 651 10
394 653 10
394 654 10
394 659 10
394 661 10
394 662 10
394 663 10
394 666 10
394 667 10
394 669 10
394 673 10
394 676 10
394 681 10
394 687 10
394 689 10
394 693 10
395 357 10
395 358 10
395 360 10
395 363 10
395 374 10
395 379 10
395 383 10
395 387 10
395 388 10
395 389 10
395 394 10
395 396 10
395 400 10
395 409 10
395 410 10
395 411 10
395 413 10
395 416 10
395 420 10
395 422 10
395 423 10
395 424 10
395 428 10
395 431 10
395 433 10
395 435 10
395 441 10
395 443 10
395 445 10
395 447 10
395 448 10
395 450 10
395 451 10
395 458 10
395 459 10
395 461 10
395 462 10
395 463 10
395 465 10
395 468 10
395 469 10
395 470 10
395 471 10
395 473 10
395 476 10
395 477 10
395 491 10
395 493 10
395 497 10
395 498 10
395 501 10
395 502 10
395 503 10
395 504 10
395 506 10
395 509 10
395 519 10
395 521 10
395 523 10
395 530 10
395 531 10
395 533 10
395 535 10
395 537 10
395 549 10
395 564 10
395 565 10
395 569 10
395 571 10
395 573 10
395 574 10
395 575 10
395 576 10
395 577 10
395 578 10
395 579 10
395 581 10
395 582 10
395 585 10
395 587 10
395 588 10
395 589 10
395 590 10
395 593 10
395 594 10
395 595 10
395 596 10
395 610 10
395 614 10
395 619 10
395 623 10
395 632 10
395 639 10
395 647 10
395 649 10
395 650 10
395 651 10
395 654 10
395 655 10
395 656 10
395 659 10
395 660 10
395 667 10
395 687 10
395 704 10
395 711 10
396 360 10
396 362 10
396 363 10
396 366 10
396 380 10
396 387 10
396 388 10
396 389 10
396 390 10
396 392 10
396 398 10
396 399 10
396 404 10
396 406 10
396 415 10
396 425 10
396 426 10
396 427 10
396 429 10
396 442 10
396 443 10
396 445 10
396 447 10
396 449 10
396 452 10
396 459 10
396 460 10
396 461 10
396 462 10
396 463 10
396 464 10
396 465 10
396 466 10
396 467 10
396 468 10
396 469 10
396 470 10
396 471 10
396 472 10
396 473 10
396 476 10
396 477 10
396 478 10
396 490 10
396 492 10
396 493 10
396 494 10
396 495 10
396 498 10
396 499 10
396 500 10
396 501 10
396 502 10
396 504 10
396 511 10
396 515 10
396 516 10
396 517 10
396 518 10
396 520 10
396 522 10
396 526 10
396 529 10
396 530 10
396 532 10
396 533 10
396 537 10
396 542 10
396 546 10
396 547 10
396 550 10
396 555 10
396 559 10
396 562 10
396 563 10
396 568 10
396 569 10
396 571 10
396 574 10
396 575 10
396 576 10
396 577 10
396 579 10
396 580 10
396 581 10
396 587 10
396 591 10
396 592 10
396 593 10
396 594 10
396 606 10
396 608 10
396 609 10
396 611 10
396 612 10
396 614 10
396 616 10
396 617 10
396 618 10
396 619 10
396 628 10
396 630 10
396 645 10
396 647 10
396 648 10
396 649 10
396 650 10
396 652 10
396 653 10
396 657 10
396 659 10
396 663 10
396 666 10
396 668 10
396 690 10
396 692 10
396 706 10
396 707 10
396 712 10
397 350 10
397 353 10
397 360 10
397 365 10
397 367 10
397 379 10
397 380 10
397 381 10
397 382 10
397 383 10
397 384 10
397 385 10
397 386 10
397 387 10
397 388 10
397 389 10
397 390 10
397 392 10
397 394 10
397 402 10
397 404 10
397 407 10
397 408 10
397 423 10
397 424 10
397 425 10
397 430 10
397 431 10
397 433 10
397 436 10
397 437 10
397 441 10
397 444 10
397 448 10
397 453 10
397 459 10
397 460 10
397 461 10
397 462 10
397 463 10
397 464 10
397 465 10
397 472 10
397 474 10
397 491 10
397 493 10
397 494 10
397 497 10
397 499 10
397 501 10
397 507 10
397 518 10
397 521 10
397 523 10
397 524 10
397 525 10
397 527 10
397 528 10
397 531 10
397 532 10
397 533 10
397 534 10
397 535 10
397 538 10
397 539 10
397 542 10
397 544 10
397 547 10
397 549 10
397 550 10
397 551 10
397 552 10
397 555 10
397 557 10
397 561 10
397 564 10
397 565 10
397 567 10
397 569 10
397 571 10
397 573 10
397 574 10
397 575 10
397 576 10
397 578 10
397 579 10
397 581 10
397 582 10
397 583 10
397 588 10
397 590 10
397 591 10
397 593 10
397 595 10
397 598 10
397 605 10
397 610 10
397 611 10
397 612 10
397 614 10
397 615 10
397 619 10
397 621 10
397 637 10
397 639 10
397 640 10
397 641 10
397 643 10
397 659 10
397 668 10
397 678 10
397 681 10
397 685 10
397 687 10
397 690 10
397 692 10
397 694 10
397 697 10
397 700 10
397 701 10
397 703 10
397 706 10
397 707 10
397 708 10
398 344 10
398 350 10
398 360 10
398 361 10
398 362 10
398 363 10
398 364 10
398 365 10
398 366 10
398 367 10
398 372 10
398 375 10
398 377 10
398 379 10
398 383 10
398 385 10
398 386 10
398 387 10
398 388 10
398 389 10
398 390 10
398 392 10
398 394 10
398 395 10
398 397 10
398 399 10
398 408 10
398 411 10
398 425 10
398 428 10
398 430 10
398 433 10
398 435 10
398 436 10
398 446 10
398 447 10
398 452 10
398 456 10
398 458 10
398 459 10
398 460 10
398 461 10
398 463 10
398 464 10
398 467 10
398 470 10
398 472 10
398 474 10
398 477 10
398 493 10
398 494 10
398 495 10
398 496 10
398 499 10
398 503 10
398 506 10
398 518 10
398 520 10
398 523 10
398 526 10
398 527 10
398 529 10
398 532 10
398 534 10
398 535 10
398 537 10
398 538 10
398 539 10
398 541 10
398 543 10
398 544 10
398 545 10
398 547 10
398 551 10
398 553 10
398 555 10
398 558 10
398 562 10
398 564 10
398 565 10
398 566 10
398 567 10
398 568 10
398 569 10
398 571 10
398 575 10
398 576 10
398 577 10
398 578 10
398 579 10
398 580 10
398 581 10
398 583 10
398 584 10
398 588 10
398 590 10
398 591 10
398 592 10
398 593 10
398 594 10
398 595 10
398 597 10
398 599 10
398 603 10
398 609 10
398 615 10
398 625 10
398 637 10
398 638 10
398 641 10
398 647 10
398 648 10
398 651 10
398 652 10
398 658 10
398 679 10
398 685 10
398 687 10
398 690 10
398 694 10
398 701 10
398 706 10
398 707 10
398 708 10
398 711 10
399 340 10
399 344 10
399 345 10
399 347 10
399 348 10
399 349 10
399 351 10
399 352 10
399 358 10
399 359 10
399 360 10
399 362 10
399 363 10
399 365 10
399 366 10
399 368 10
399 373 10
399 374 10
399 384 10
399 387 10
399 390 10
399 394 10
399 399 10
399 401 10
399 404 10
399 406 10
399 423 10
399 426 10
399 427 10
399 428 10
399 430 10
399 431 10
399 432 10
399 433 10
399 434 10
399 442 10
399 443 10
399 444 10
399 445 10
399 447 10
399 448 10
399 452 10
399 453 10
399 454 10
399 455 10
399 458 10
399 461 10
399 462 10
399 464 10
399 466 10
399 467 10
399 469 10
399 470 10
399 471 10
399 472 10
399 473 10
399 475 10
399 476 10
399 477 10
399 485 10
399 490 10
399 492 10
399 496 10
399 500 10
399 508 10
399 509 10
399 510 10
399 524 10
399 528 10
399 530 10
399 532 10
399 533 10
399 535 10
399 536 10
399 538 10
399 539 10
399 541 10
399 542 10
399 543 10
399 544 10
399 547 10
399 551 10
399 552 10
399 553 10
399 554 10
399 557 10
399 564 10
399 566 10
399 568 10
399 576 10
399 577 10
399 581 10
399 582 10
399 583 10
399 584 10
399 586 10
399 588 10
399 589 10
399 590 10
399 594 10
399 596 10
399 601 10
399 608 10
399 611 10
399 613 10
399 614 10
399 617 10
399 620 10
399 621 10
399 622 10
399 639 10
399 641 10
399 643 10
399 644 10
399 645 10
399 647 10
399 650 10
399 657 10
399 662 10
399 664 10
399 665 10
399 675 10
399 677 10
399 680 10
399 689 10
399 690 10
399 692 10
399 694 10
399 695 10
399 700 10
399 701 10
399 703 10
399 704 10
399 709 10
400 341 10
400 343 10
400 344 10
400 345 10
400 347 10
400 348 10
400 350 10
400 351 10
400 355 10
400 356 10
400 357 10
400 361 10
400 362 10
400 363 10
400 364 10
400 367 10
400 368 10
400 373 10
400 374 10
400 375 10
400 378 10
400 384 10
400 385 10
400 387 10
400 393 10
400 395 10
400 399 10
400 405 10
400 408 10
400 410 10
400 414 10
400 417 10
400 420 10
400 423 10
400 424 10
400 428 10
400 430 10
400 434 10
400 435 10
400 440 10
400 442 10
400 458 10
400 461 10
400 462 10
400 464 10
400 465 10
400 468 10
400 469 10
400 470 10
400 471 10
400 475 10
400 485 10
400 506 10
400 511 10
400 512 10
400 517 10
400 519 10
400 520 10
400 521 10
400 526 10
400 530 10
400 532 10
400 535 10
400 536 10
400 537 10
400 538 10
400 539 10
400 540 10
400 542 10
400 543 10
400 545 10
400 546 10
400 547 10
400 548 10
400 549 10
400 550 10
400 552 10
400 553 10
400 554 10
400 555 10
400 557 10
400 558 10
400 562 10
400 563 10
400 564 10
400 565 10
400 574 10
400 576 10
400 577 10
400 578 10
400 580 10
400 581 10
400 582 10
400 583 10
400 585 10
400 587 10
400 589 10
400 590 10
400 591 10
400 593 10
400 596 10
400 599 10
400 609 10
400 610 10
400 611 10
400 613 10
400 614 10
400 615 10
400 621 10
400 633 10
400 634 10
400 637 10
400 638 10
400 639 10
400 640 10
400 641 10
400 643 10
400 645 10
400 647 10
400 649 10
400 655 10
400 657 10
400 675 10
400 679 10
400 687 10
400 692 10
400 693 10
400 702 10
400 703 10
400 705 10
400 707 10
400 709 10
401 344 10
401 347 10
401 348 10
401 349 10
401 352 10
401 356 10
401 358 10
401 359 10
401 360 10
401 365 10
401 367 10
401 369 10
401 372 10
401 374 10
401 376 10
401 377 10
401 378 10
401 379 10
401 381 10
401 389 10
401 395 10
401 410 10
401 411 10
401 414 10
401 416 10
401 420 10
401 422 10
401 424 10
401 434 10
401 435 10
401 440 10
401 442 10
401 444 10
401 445 10
401 447 10
401 452 10
401 453 10
401 455 10
401 461 10
401 462 10
401 465 10
401 466 10
401 468 10
401 474 10
401 475 10
401 476 10
401 483 10
401 485 10
401 492 10
401 502 10
401 505 10
401 509 10
401 511 10
401 512 10
401 515 10
401 521 10
401 523 10
401 524 10
401 525 10
401 532 10
401 535 10
401 536 10
401 537 10
401 540 10
401 542 10
401 543 10
401 545 10
401 548 10
401 551 10
401 552 10
401 555 10
401 559 10
401 563 10
401 565 10
401 574 10
401 576 10
401 579 10
401 580 10
401 581 10
401 582 10
401 583 10
401 584 10
401 587 10
401 590 10
401 591 10
401 593 10
401 601 10
401 612 10
401 613 10
401 614 10
401 619 10
401 622 10
401 625 10
401 626 10
401 637 10
401 639 10
401 641 10
401 644 10
401 647 10
401 654 10
401 655 10
401 656 10
401 657 10
401 658 10
401 660 10
401 663 10
401 668 10
401 676 10
401 690 10
401 692 10
401 693 10
401 700 10
401 701 10
401 703 10
401 705 10
401 709 10
402 341 10
402 342 10
402 349 10
402 350 10
402 351 10
402 353 10
402 354 10
402 356 10
402 358 10
402 359 10
402 360 10
402 361 10
402 362 10
402 363 10
402 364 10
402 365 10
402 367 10
402 368 10
402 372 10
402 375 10
402 381 10
402 387 10
402 388 10
402 390 10
402 393 10
402 395 10
402 398 10
402 410 10
402 416 10
402 418 10
402 419 10
402 420 10
402 421 10
402 423 10
402 424 10
402 425 10
402 430 10
402 431 10
402 438 10
402 441 10
402 456 10
402 463 10
402 465 10
402 466 10
402 467 10
402 468 10
402 469 10
402 470 10
402 471 10
402 473 10
402 474 10
402 475 10
402 476 10
402 477 10
402 479 10
402 480 10
402 483 10
402 501 10
402 505 10
402 506 10
402 507 10
402 508 10
402 509 10
402 512 10
402 519 10
402 521 10
402 522 10
402 525 10
402 527 10
402 529 10
402 532 10
402 533 10
402 536 10
402 539 10
402 542 10
402 543 10
402 544 10
402 545 10
402 548 10
402 549 10
402 550 10
402 552 10
402 555 10
402 558 10
402 562 10
402 564 10
402 565 10
402 573 10
402 576 10
402 578 10
402 580 10
402 582 10
402 583 10
402 584 10
402 585 10
402 587 10
402 595 10
402 596 10
402 601 10
402 606 10
402 612 10
402 615 10
402 625 10
402 626 10
402 629 10
402 632 10
402 640 10
402 642 10
402 643 10
402 644 10
402 648 10
402 649 10
402 650 10
402 651 10
402 652 10
402 654 10
402 655 10
402 656 10
402 657 10
402 658 10
402 660 10
402 663 10
402 665 10
402 666 10
402 668 10
402 682 10
402 689 10
402 690 10
402 691 10
402 692 10
402 694 10
402 695 10
402 698 10
402 702 10
402 703 10
402 704 10
402 705 10
402 707 10
402 708 10
402 710 10
402 711 10
403 333 10
403 342 10
403 347 10
403 348 10
403 351 10
403 354 10
403 356 10
403 358 10
403 360 10
403 367 10
403 368 10
403 372 10
403 373 10
403 375 10
403 377 10
403 378 10
403 379 10
403 384 10
403 385 10
403 390 10
403 392 10
403 393 10
403 413 10
403 414 10
403 416 10
403 425 10
403 426 10
403 436 10
403 438 10
403 440 10
403 441 10
403 442 10
403 446 10
403 448 10
403 449 10
403 454 10
403 464 10
403 466 10
403 467 10
403 468 10
403 471 10
403 475 10
403 480 10
403 481 10
403 482 10
403 485 10
403 487 10
403 491 10
403 492 10
403 493 10
403 502 10
403 505 10
403 509 10
403 511 10
403 512 10
403 514 10
403 522 10
403 523 10
403 524 10
403 528 10
403 529 10
403 530 10
403 531 10
403 532 10
403 533 10
403 535 10
403 538 10
403 539 10
403 540 10
403 543 10
403 544 10
403 545 10
403 546 10
403 547 10
403 550 10
403 551 10
403 552 10
403 554 10
403 555 10
403 557 10
403 558 10
403 560 10
403 562 10
403 575 10
403 577 10
403 578 10
403 579 10
403 580 10
403 581 10
403 582 10
403 583 10
403 588 10
403 602 10
403 608 10
403 610 10
403 613 10
403 621 10
403 625 10
403 628 10
403 629 10
403 632 10
403 641 10
403 642 10
403 643 10
403 651 10
403 652 10
403 653 10
403 654 10
403 656 10
403 657 10
403 658 10
403 659 10
403 660 10
403 666 10
403 668 10
403 670 10
403 681 10
403 689 10
403 690 10
403 693 10
403 694 10
403 700 10
403 701 10
403 703 10
403 704 10
403 706 10
403 707 10
403 708 10
403 709 10
404 340 10
404 346 10
404 347 10
404 348 10
404 350 10
404 351 10
404 352 10
404 354 10
404 356 10
404 359 10
404 364 10
404 365 10
404 369 10
404 370 10
404 371 10
404 372 10
404 373 10
404 376 10
404 377 10
404 380 10
404 382 10
404 384 10
404 385 10
404 387 10
404 388 10
404 389 10
404 393 10
404 394 10
404 410 10
404 417 10
404 422 10
404 424 10
404 425 10
404 428 10
404 429 10
404 431 10
404 434 10
404 436 10
404 437 10
404 439 10
404 441 10
404 442 10
404 443 10
404 444 10
404 445 10
404 446 10
404 452 10
404 454 10
404 459 10
404 461 10
404 462 10
404 464 10
404 466 10
404 467 10
404 468 10
404 469 10
404 470 10
404 471 10
404 472 10
404 474 10
404 475 10
404 479 10
404 482 10
404 483 10
404 489 10
404 490 10
404 498 10
404 502 10
404 503 10
404 504 10
404 506 10
404 509 10
404 516 10
404 520 10
404 525 10
404 531 10
404 543 10
404 544 10
404 545 10
404 547 10
404 550 10
404 557 10
404 560 10
404 579 10
404 581 10
404 582 10
404 583 10
404 584 10
404 585 10
404 586 10
404 587 10
404 593 10
404 602 10
404 604 10
404 608 10
404 612 10
404 613 10
404 614 10
404 617 10
404 622 10
404 626 10
404 630 10
404 631 10
404 641 10
404 644 10
404 645 10
404 648 10
404 649 10
404 650 10
404 652 10
404 654 10
404 655 10
404 656 10
404 657 10
404 658 10
404 659 10
404 660 10
404 665 10
404 682 10
404 683 10
404 691 10
404 694 10
404 700 10
404 703 10
404 706 10
404 707 10
404 710 10
405 346 10
405 348 10
405 349 10
405 350 10
405 353 10
405 361 10
405 362 10
405 365 10
405 368 10
405 369 10
405 370 10
405 372 10
405 373 10
405 376 10
405 377 10
405 378 10
405 379 10
405 382 10
405 384 10
405 385 10
405 387 10
405 388 10
405 390 10
405 391 10
405 392 10
405 393 10
405 394 10
405 397 10
405 400 10
405 402 10
405 403 10
405 413 10
405 414 10
405 417 10
405 418 10
405 419 10
405 421 10
405 422 10
405 424 10
405 425 10
405 427 10
405 428 10
405 433 10
405 434 10
405 435 10
405 436 10
405 437 10
405 438 10
405 439 10
405 440 10
405 443 10
405 446 10
405 459 10
405 466 10
405 467 10
405 472 10
405 474 10
405 476 10
405 477 10
405 478 10
405 479 10
405 481 10
405 483 10
405 486 10
405 488 10
405 490 10
405 491 10
405 493 10
405 497 10
405 499 10
405 503 10
405 504 10
405 505 10
405 506 10
405 521 10
405 526 10
405 531 10
405 539 10
405 541 10
405 542 10
405 545 10
405 546 10
405 547 10
405 548 10
405 549 10
405 550 10
405 551 10
405 552 10
405 553 10
405 554 10
405 574 10
405 576 10
405 580 10
405 581 10
405 583 10
405 585 10
405 587 10
405 588 10
405 590 10
405 598 10
405 601 10
405 603 10
405 605 10
405 607 10
405 609 10
405 612 10
405 613 10
405 615 10
405 617 10
405 620 10
405 621 10
405 624 10
405 627 10
405 629 10
405 630 10
405 633 10
405 636 10
405 640 10
405 642 10
405 643 10
405 646 10
405 651 10
405 654 10
405 656 10
405 657 10
405 658 10
405 664 10
405 666 10
405 667 10
405 668 10
405 670 10
405 690 10
405 701 10
405 704 10
405 706 10
405 708 10
405 709 10
406 346 10
406 349 10
406 350 10
406 351 10
406 352 10
406 354 10
406 359 10
406 360 10
406 361 10
406 363 10
406 364 10
406 365 10
406 366 10
406 369 10
406 371 10
406 375 10
406 377 10
406 378 10
406 380 10
406 382 10
406 387 10
406 388 10
406 390 10
406 391 10
406 394 10
406 398 10
406 399 10
406 400 10
406 410 10
406 414 10
406 419 10
406 421 10
406 422 10
406 423 10
406 424 10
406 425 10
406 426 10
406 429 10
406 431 10
406 433 10
406 435 10
406 436 10
406 437 10
406 439 10
406 440 10
406 441 10
406 442 10
406 443 10
406 444 10
406 446 10
406 447 10
406 448 10
406 455 10
406 468 10
406 469 10
406 470 10
406 472 10
406 474 10
406 480 10
406 483 10
406 493 10
406 494 10
406 495 10
406 503 10
406 505 10
406 506 10
406 507 10
406 508 10
406 518 10
406 520 10
406 521 10
406 522 10
406 524 10
406 525 10
406 528 10
406 530 10
406 531 10
406 533 10
406 538 10
406 542 10
406 546 10
406 550 10
406 572 10
406 574 10
406 575 10
406 578 10
406 580 10
406 581 10
406 582 10
406 585 10
406 587 10
406 588 10
406 595 10
406 597 10
406 600 10
406 602 10
406 604 10
406 605 10
406 606 10
406 608 10
406 609 10
406 610 10
406 614 10
406 618 10
406 623 10
406 624 10
406 629 10
406 630 10
406 631 10
406 633 10
406 636 10
406 641 10
406 646 10
406 648 10
406 650 10
406 652 10
406 653 10
406 654 10
406 655 10
406 657 10
406 658 10
406 659 10
406 660 10
406 662 10
406 664 10
406 666 10
406 668 10
406 670 10
406 683 10
406 689 10
406 700 10
406 703 10
406 705 10
406 706 10
406 708 10
406 709 10
407 333 10
407 336 10
407 347 10
407 348 10
407 353 10
407 356 10
407 363 10
407 364 10
407 366 10
407 367 10
407 368 10
407 370 10
407 371 10
407 372 10
407 374 10
407 376 10
407 380 10
407 381 10
407 382 10
407 383 10
407 385 10
407 386 10
407 389 10
407 391 10
407 392 10
407 394 10
407 397 10
407 398 10
407 399 10
407 403 10
407 408 10
407 409 10
407 413 10
407 414 10
407 418 10
407 420 10
407 421 10
407 423 10
407 425 10
407 426 10
407 427 10
407 428 10
407 429 10
407 430 10
407 431 10
407 433 10
407 437 10
407 438 10
407 439 10
407 440 10
407 442 10
407 443 10
407 444 10
407 445 10
407 449 10
407 450 10
407 455 10
407 464 10
407 467 10
407 470 10
407 473 10
407 475 10
407 478 10
407 479 10
407 483 10
407 485 10
407 490 10
407 493 10
407 495 10
407 496 10
407 497 10
407 503 10
407 505 10
407 506 10
407 507 10
407 521 10
407 522 10
407 524 10
407 526 10
407 528 10
407 529 10
407 530 10
407 531 10
407 533 10
407 534 10
407 546 10
407 548 10
407 550 10
407 552 10
407 554 10
407 573 10
407 575 10
407 580 10
407 582 10
407 583 10
407 584 10
407 585 10
407 586 10
407 587 10
407 588 10
407 589 10
407 590 10
407 596 10
407 597 10
407 602 10
407 603 10
407 605 10
407 606 10
407 607 10
407 610 10
407 612 10
407 614 10
407 617 10
407 619 10
407 620 10
407 623 10
407 625 10
407 626 10
407 631 10
407 633 10
407 640 10
407 641 10
407 649 10
407 651 10
407 653 10
407 654 10
407 655 10
407 656 10
407 657 10
407 659 10
407 664 10
407 665 10
407 666 10
407 698 10
407 703 10
407 707 10
407 708 10
408 333 10
408 346 10
408 354 10
408 361 10
408 363 10
408 365 10
408 366 10
408 367 10
408 368 10
408 369 10
408 372 10
408 373 10
408 374 10
408 376 10
408 378 10
408 379 10
408 380 10
408 386 10
408 388 10
408 389 10
408 390 10
408 392 10
408 394 10
408 395 10
408 396 10
408 400 10
408 401 10
408 403 10
408 405 10
408 412 10
408 419 10
408 420 10
408 423 10
408 425 10
408 430 10
408 432 10
408 434 10
408 436 10
408 437 10
408 438 10
408 440 10
408 441 10
408 442 10
408 443 10
408 444 10
408 445 10
408 446 10
408 448 10
408 449 10
408 450 10
408 451 10
408 452 10
408 455 10
408 457 10
408 458 10
408 465 10
408 467 10
408 468 10
408 469 10
408 471 10
408 474 10
408 475 10
408 482 10
408 483 10
408 484 10
408 485 10
408 486 10
408 488 10
408 490 10
408 491 10
408 496 10
408 498 10
408 500 10
408 501 10
408 502 10
408 503 10
408 504 10
408 505 10
408 507 10
408 519 10
408 522 10
408 523 10
408 524 10
408 527 10
408 528 10
408 530 10
408 531 10
408 534 10
408 546 10
408 549 10
408 555 10
408 558 10
408 578 10
408 579 10
408 580 10
408 582 10
408 583 10
408 584 10
408 588 10
408 591 10
408 599 10
408 600 10
408 601 10
408 603 10
408 604 10
408 605 10
408 606 10
408 608 10
408 612 10
408 614 10
408 618 10
408 622 10
408 626 10
408 632 10
408 642 10
408 644 10
408 647 10
408 650 10
408 651 10
408 652 10
408 654 10
408 655 10
408 656 10
408 657 10
408 658 10
408 659 10
408 660 10
408 666 10
408 679 10
408 694 10
408 696 10
408 700 10
408 705 10
409 338 10
409 346 10
409 351 10
409 354 10
409 365 10
409 366 10
409 367 10
409 369 10
409 371 10
409 372 10
409 376 10
409 378 10
409 379 10
409 381 10
409 382 10
409 388 10
409 389 10
409 390 10
409 391 10
409 392 10
409 393 10
409 394 10
409 395 10
409 398 10
409 399 10
409 401 10
409 403 10
409 411 10
409 412 10
409 413 10
409 414 10
409 419 10
409 422 10
409 424 10
409 429 10
409 430 10
409 432 10
409 434 10
409 435 10
409 436 10
409 437 10
409 438 10
409 439 10
409 441 10
409 443 10
409 444 10
409 445 10
409 448 10
409 451 10
409 452 10
409 459 10
409 463 10
409 466 10
409 469 10
409 472 10
409 473 10
409 474 10
409 477 10
409 480 10
409 481 10
409 483 10
409 486 10
409 487 10
409 488 10
409 489 10
409 495 10
409 496 10
409 498 10
409 501 10
409 502 10
409 504 10
409 506 10
409 510 10
409 521 10
409 524 10
409 525 10
409 527 10
409 528 10
409 533 10
409 550 10
409 556 10
409 563 10
409 579 10
409 580 10
409 584 10
409 586 10
409 588 10
409 589 10
409 591 10
409 600 10
409 602 10
409 603 10
409 605 10
409 607 10
409 608 10
409 617 10
409 619 10
409 620 10
409 625 10
409 639 10
409 640 10
409 641 10
409 643 10
409 644 10
409 652 10
409 654 10
409 656 10
409 666 10
409 667 10
409 679 10
409 701 10
409 702 10
409 704 10
409 710 10
410 334 10
410 339 10
410 340 10
410 341 10
410 351 10
410 361 10
410 363 10
410 364 10
410 367 10
410 369 10
410 370 10
410 371 10
410 372 10
410 373 10
410 376 10
410 377 10
410 378 10
410 379 10
410 380 10
410 384 10
410 390 10
410 392 10
410 398 10
410 399 10
410 402 10
410 409 10
410 412 10
410 414 10
410 417 10
410 421 10
410 425 10
410 427 10
410 428 10
410 431 10
410 432 10
410 433 10
410 435 10
410 436 10
410 437 10
410 438 10
410 439 10
410 440 10
410 441 10
410 444 10
410 445 10
410 447 10
410 450 10
410 456 10
410 457 10
410 467 10
410 468 10
410 471 10
410 472 10
410 473 10
410 474 10
410 483 10
410 487 10
410 488 10
410 491 10
410 492 10
410 494 10
410 496 10
410 497 10
410 498 10
410 499 10
410 500 10
410 501 10
410 502 10
410 504 10
410 513 10
410 516 10
410 518 10
410 521 10
410 522 10
410 523 10
410 525 10
410 529 10
410 530 10
410 531 10
410 533 10
410 535 10
410 537 10
410 538 10
410 565 10
410 568 10
410 584 10
410 588 10
410 593 10
410 599 10
410 602 10
410 603 10
410 606 10
410 607 10
410 613 10
410 614 10
410 615 10
410 618 10
410 619 10
410 626 10
410 631 10
410 633 10
410 640 10
410 644 10
410 646 10
410 650 10
410 652 10
410 653 10
410 662 10
410 667 10
410 672 10
410 675 10
410 676 10
410 677 10
410 679 10
410 689 10
410 690 10
410 699 10
410 701 10
410 703 10
410 704 10
411 322 10
411 333 10
411 334 10
411 335 10
411 336 10
411 339 10
411 340 10
411 351 10
411 352 10
411 358 10
411 359 10
411 364 10
411 366 10
411 367 10
411 368 10
411 369 10
411 374 10
411 378 10
411 379 10
411 383 10
411 387 10
411 392 10
411 393 10
411 394 10
411 395 10
411 396 10
411 398 10
411 402 10
411 403 10
411 408 10
411 410 10
411 414 10
411 419 10
411 420 10
411 421 10
411 424 10
411 426 10
411 431 10
411 437 10
411 438 10
411 440 10
411 441 10
411 442 10
411 443 10
411 447 10
411 449 10
411 450 10
411 453 10
411 457 10
411 459 10
411 466 10
411 470 10
411 471 10
411 472 10
411 473 10
411 478 10
411 480 10
411 482 10
411 484 10
411 485 10
411 489 10
411 493 10
411 494 10
411 496 10
411 497 10
411 499 10
411 500 10
411 501 10
411 503 10
411 504 10
411 510 10
411 513 10
411 515 10
411 525 10
411 526 10
411 527 10
411 529 10
411 533 10
411 534 10
411 535 10
411 550 10
411 551 10
411 564 10
411 565 10
411 574 10
411 575 10
411 579 10
411 580 10
411 586 10
411 588 10
411 589 10
411 591 10
411 601 10
411 617 10
411 627 10
411 629 10
411 630 10
411 633 10
411 640 10
411 642 10
411 644 10
411 651 10
411 654 10
411 655 10
411 662 10
411 676 10
411 678 10
411 679 10
411 687 10
411 691 10
411 699 10
411 701 10
411 702 10
412 323 10
412 337 10
412 338 10
412 339 10
412 340 10
412 349 10
412 359 10
412 367 10
412 374 10
412 375 10
412 376 10
412 377 10
412 381 10
412 383 10
412 390 10
412 394 10
412 395 10
412 396 10
412 402 10
412 403 10
412 409 10
412 413 10
412 414 10
412 415 10
412 420 10
412 425 10
412 431 10
412 432 10
412 437 10
412 438 10
412 439 10
412 441 10
412 442 10
412 444 10
412 446 10
412 447 10
412 454 10
412 456 10
412 457 10
412 458 10
412 459 10
412 460 10
412 462 10
412 464 10
412 467 10
412 468 10
412 469 10
412 470 10
412 472 10
412 474 10
412 476 10
412 477 10
412 479 10
412 483 10
412 484 10
412 485 10
412 486 10
412 488 10
412 494 10
412 497 10
412 498 10
412 500 10
412 502 10
412 508 10
412 510 10
412 512 10
412 515 10
412 516 10
412 525 10
412 527 10
412 530 10
412 531 10
412 532 10
412 534 10
412 535 10
412 537 10
412 561 10
412 562 10
412 568 10
412 569 10
412 572 10
412 573 10
412 574 10
412 577 10
412 590 10
412 592 10
412 600 10
412 602 10
412 603 10
412 624 10
412 625 10
412 626 10
412 627 10
412 629 10
412 631 10
412 633 10
412 652 10
412 653 10
412 654 10
412 662 10
412 664 10
412 673 10
412 678 10
412 679 10
412 682 10
412 697 10
412 701 10
413 323 10
413 332 10
413 334 10
413 336 10
413 337 10
413 344 10
413 346 10
413 347 10
413 349 10
413 352 10
413 363 10
413 369 10
413 370 10
413 378 10
413 379 10
413 384 10
413 390 10
413 392 10
413 401 10
413 413 10
413 417 10
413 419 10
413 421 10
413 422 10
413 423 10
413 424 10
413 425 10
413 426 10
413 427 10
413 430 10
413 431 10
413 432 10
413 436 10
413 437 10
413 438 10
413 439 10
413 440 10
413 441 10
413 442 10
413 443 10
413 445 10
413 447 10
413 448 10
413 450 10
413 454 10
413 456 10
413 465 10
413 466 10
413 468 10
413 470 10
413 472 10
413 476 10
413 477 10
413 478 10
413 479 10
413 482 10
413 484 10
413 488 10
413 492 10
413 493 10
413 496 10
413 497 10
413 498 10
413 499 10
413 502 10
413 503 10
413 506 10
413 513 10
413 518 10
413 525 10
413 526 10
413 529 10
413 534 10
413 535 10
413 536 10
413 562 10
413 564 10
413 569 10
413 570 10
413 571 10
413 572 10
413 574 10
413 575 10
413 577 10
413 578 10
413 586 10
413 592 10
413 604 10
413 606 10
413 607 10
413 608 10
413 621 10
413 624 10
413 630 10
413 631 10
413 644 10
413 645 10
413 650 10
413 654 10
413 655 10
413 699 10
414 336 10
414 343 10
414 344 10
414 345 10
414 346 10
414 347 10
414 348 10
414 360 10
414 365 10
414 367 10
414 369 10
414 370 10
414 371 10
414 372 10
414 373 10
414 374 10
414 375 10
414 376 10
414 378 10
414 379 10
414 380 10
414 382 10
414 383 10
414 384 10
414 387 10
414 388 10
414 391 10
414 393 10
414 402 10
414 403 10
414 412 10
414 413 10
414 414 10
414 415 10
414 419 10
414 422 10
414 423 10
414 424 10
414 426 10
414 432 10
414 433 10
414 434 10
414 437 10
414 439 10
414 440 10
414 441 10
414 442 10
414 443 10
414 444 10
414 445 10
414 446 10
414 449 10
414 452 10
414 454 10
414 457 10
414 459 10
414 460 10
414 461 10
414 462 10
414 463 10
414 465 10
414 467 10
414 471 10
414 472 10
414 478 10
414 479 10
414 482 10
414 485 10
414 486 10
414 487 10
414 488 10
414 493 10
414 494 10
414 495 10
414 496 10
414 498 10
414 499 10
414 500 10
414 502 10
414 503 10
414 504 10
414 508 10
414 511 10
414 512 10
414 513 10
414 516 10
414 518 10
414 526 10
414 528 10
414 531 10
414 532 10
414 537 10
414 558 10
414 560 10
414 562 10
414 563 10
414 572 10
414 577 10
414 580 10
414 590 10
414 591 10
414 592 10
414 597 10
414 599 10
414 601 10
414 602 10
414 603 10
414 604 10
414 605 10
414 606 10
414 607 10
414 611 10
414 621 10
414 623 10
414 625 10
414 626 10
414 628 10
414 630 10
414 644 10
414 649 10
414 652 10
414 678 10
414 680 10
414 688 10
414 691 10
414 699 10
415 334 10
415 338 10
415 365 10
415 367 10
415 368 10
415 369 10
415 370 10
415 371 10
415 372 10
415 375 10
415 377 10
415 379 10
415 382 10
415 383 10
415 386 10
415 389 10
415 390 10
415 391 10
415 393 10
415 406 10
415 412 10
415 414 10
415 415 10
415 418 10
415 425 10
415 430 10
415 431 10
415 432 10
415 433 10
415 435 10
415 438 10
415 439 10
415 440 10
415 441 10
415 442 10
415 443 10
415 444 10
415 445 10
415 446 10
415 447 10
415 448 10
415 451 10
415 462 10
415 464 10
415 465 10
415 466 10
415 467 10
415 472 10
415 473 10
415 474 10
415 476 10
415 477 10
415 479 10
415 480 10
415 482 10
415 483 10
415 485 10
415 486 10
415 489 10
415 495 10
415 496 10
415 498 10
415 500 10
415 502 10
415 503 10
415 504 10
415 510 10
415 522 10
415 524 10
415 526 10
415 527 10
415 530 10
415 532 10
415 537 10
415 559 10
415 562 10
415 564 10
415 566 10
415 569 10
415 570 10
415 571 10
415 572 10
415 574 10
415 576 10
415 578 10
415 580 10
415 584 10
415 587 10
415 590 10
415 595 10
415 600 10
415 603 10
415 604 10
415 607 10
415 608 10
415 610 10
415 611 10
415 612 10
415 617 10
415 619 10
415 620 10
415 621 10
415 622 10
415 623 10
415 629 10
415 630 10
415 643 10
415 644 10
415 649 10
415 655 10
415 665 10
415 684 10
415 685 10
415 695 10
415 699 10
415 701 10
416 333 10
416 335 10
416 342 10
416 343 10
416 344 10
416 345 10
416 346 10
416 347 10
416 353 10
416 359 10
416 366 10
416 368 10
416 369 10
416 370 10
416 371 10
416 372 10
416 373 10
416 375 10
416 378 10
416 381 10
416 382 10
416 389 10
416 390 10
416 391 10
416 392 10
416 399 10
416 408 10
416 414 10
416 417 10
416 420 10
416 423 10
416 428 10
416 429 10
416 431 10
416 432 10
416 433 10
416 440 10
416 441 10
416 444 10
416 446 10
416 451 10
416 458 10
416 466 10
416 467 10
416 470 10
416 471 10
416 474 10
416 476 10
416 479 10
416 480 10
416 481 10
416 482 10
416 485 10
416 496 10
416 499 10
416 502 10
416 505 10
416 510 10
416 517 10
416 523 10
416 525 10
416 526 10
416 527 10
416 528 10
416 529 10
416 532 10
416 535 10
416 536 10
416 538 10
416 539 10
416 553 10
416 554 10
416 555 10
416 557 10
416 562 10
416 565 10
416 567 10
416 569 10
416 570 10
416 571 10
416 574 10
416 576 10
416 580 10
416 582 10
416 583 10
416 591 10
416 596 10
416 604 10
416 605 10
416 608 10
416 612 10
416 616 10
416 618 10
416 628 10
416 629 10
416 630 10
416 652 10
416 654 10
416 666 10
416 671 10
416 683 10
416 684 10
416 685 10
416 686 10
416 692 10
417 328 10
417 331 10
417 332 10
417 334 10
417 335 10
417 338 10
417 339 10
417 344 10
417 345 10
417 347 10
417 350 10
417 366 10
417 369 10
417 371 10
417 376 10
417 380 10
417 386 10
417 387 10
417 388 10
417 389 10
417 392 10
417 394 10
417 396 10
417 401 10
417 417 10
417 426 10
417 427 10
417 428 10
417 433 10
417 434 10
417 437 10
417 438 10
417 442 10
417 446 10
417 459 10
417 460 10
417 461 10
417 464 10
417 465 10
417 466 10
417 468 10
417 472 10
417 473 10
417 474 10
417 475 10
417 478 10
417 479 10
417 480 10
417 482 10
417 484 10
417 485 10
417 488 10
417 502 10
417 507 10
417 508 10
417 509 10
417 510 10
417 522 10
417 524 10
417 525 10
417 527 10
417 535 10
417 536 10
417 537 10
417 538 10
417 553 10
417 554 10
417 555 10
417 566 10
417 567 10
417 569 10
417 571 10
417 574 10
417 575 10
417 576 10
417 579 10
417 582 10
417 588 10
417 602 10
417 603 10
417 606 10
417 610 10
417 612 10
417 616 10
417 618 10
417 620 10
417 623 10
417 628 10
417 632 10
417 643 10
417 648 10
417 660 10
417 667 10
417 669 10
417 670 10
417 683 10
417 687 10
417 688 10
417 689 10
417 690 10
417 692 10
418 328 10
418 333 10
418 334 10
418 335 10
418 339 10
418 340 10
418 343 10
418 345 10
418 346 10
418 347 10
418 348 10
418 349 10
418 352 10
418 353 10
418 359 10
418 366 10
418 370 10
418 371 10
418 372 10
418 380 10
418 389 10
418 390 10
418 392 10
418 394 10
418 397 10
418 404 10
418 406 10
418 411 10
418 414 10
418 425 10
418 428 10
418 430 10
418 432 10
418 433 10
418 434 10
418 435 10
418 436 10
418 442 10
418 444 10
418 445 10
418 448 10
418 450 10
418 454 10
418 456 10
418 457 10
418 459 10
418 460 10
418 461 10
418 463 10
418 465 10
418 466 10
418 468 10
418 469 10
418 472 10
418 474 10
418 475 10
418 478 10
418 481 10
418 482 10
418 483 10
418 487 10
418 488 10
418 489 10
418 500 10
418 501 10
418 505 10
418 507 10
418 508 10
418 509 10
418 510 10
418 530 10
418 532 10
418 536 10
418 538 10
418 552 10
418 553 10
418 554 10
418 555 10
418 558 10
418 559 10
418 562 10
418 563 10
418 564 10
418 569 10
418 570 10
418 571 10
418 573 10
418 575 10
418 577 10
418 578 10
418 580 10
418 586 10
418 588 10
418 595 10
418 600 10
418 602 10
418 604 10
418 609 10
418 612 10
418 613 10
418 616 10
418 618 10
418 620 10
418 621 10
418 625 10
418 628 10
418 636 10
418 639 10
418 644 10
418 651 10
418 665 10
418 669 10
418 671 10
418 673 10
418 674 10
418 676 10
418 683 10
418 688 10
418 689 10
418 692 10
419 327 10
419 332 10
419 333 10
419 334 10
419 336 10
419 337 10
419 338 10
419 340 10
419 341 10
419 348 10
419 349 10
419 362 10
419 372 10
419 373 10
419 376 10
419 378 10
419 381 10
419 394 10
419 405 10
419 406 10
419 415 10
419 419 10
419 426 10
419 427 10
419 428 10
419 429 10
419 430 10
419 434 10
419 440 10
419 444 10
419 445 10
419 447 10
419 449 10
419 452 10
419 454 10
419 455 10
419 456 10
419 460 10
419 461 10
419 462 10
419 464 10
419 465 10
419 466 10
419 468 10
419 471 10
419 472 10
419 473 10
419 474 10
419 475 10
419 478 10
419 479 10
419 480 10
419 481 10
419 483 10
419 484 10
419 488 10
419 490 10
419 492 10
419 494 10
419 501 10
419 506 10
419 507 10
419 509 10
419 510 10
419 512 10
419 513 10
419 514 10
419 526 10
419 527 10
419 532 10
419 534 10
419 538 10
419 550 10
419 560 10
419 566 10
419 567 10
419 569 10
419 570 10
419 572 10
419 576 10
419 578 10
419 579 10
419 581 10
419 582 10
419 587 10
419 588 10
419 591 10
419 602 10
419 605 10
419 611 10
419 614 10
419 615 10
419 619 10
419 633 10
419 634 10
419 638 10
419 646 10
419 647 10
419 648 10
419 649 10
419 662 10
419 664 10
419 671 10
419 673 10
419 675 10
419 680 10
419 682 10
419 684 10
419 689 10
420 327 10
420 333 10
420 335 10
420 336 10
420 338 10
420 339 10
420 340 10
420 341 10
420 343 10
420 350 10
420 351 10
420 353 10
420 357 10
420 368 10
420 372 10
420 376 10
420 377 10
420 383 10
420 394 10
420 402 10
420 403 10
420 405 10
420 407 10
420 415 10
420 416 10
420 417 10
420 419 10
420 420 10
420 422 10
420 423 10
420 425 10
420 427 10
420 430 10
420 433 10
420 436 10
420 444 10
420 448 10
420 449 10
420 450 10
420 451 10
420 455 10
420 456 10
420 466 10
420 468 10
420 470 10
420 471 10
420 473 10
420 475 10
420 476 10
420 479 10
420 480 10
420 482 10
420 483 10
420 486 10
420 488 10
420 489 10
420 491 10
420 493 10
420 496 10
420 506 10
420 508 10
420 510 10
420 511 10
420 517 10
420 519 10
420 525 10
420 529 10
420 537 10
420 542 10
420 552 10
420 554 10
420 558 10
420 560 10
420 563 10
420 564 10
420 566 10
420 567 10
420 568 10
420 574 10
420 578 10
420 580 10
420 581 10
420 583 10
420 584 10
420 586 10
420 589 10
420 602 10
420 606 10
420 607 10
420 608 10
420 609 10
420 644 10
420 663 10
420 664 10
420 670 10
420 674 10
420 676 10
420 684 10
420 685 10
420 691 10
421 327 10
421 331 10
421 334 10
421 335 10
421 340 10
421 342 10
421 343 10
421 344 10
421 345 10
421 346 10
421 354 10
421 363 10
421 366 10
421 371 10
421 372 10
421 373 10
421 375 10
421 379 10
421 385 10
421 391 10
421 399 10
421 400 10
421 401 10
421 402 10
421 405 10
421 415 10
421 420 10
421 422 10
421 424 10
421 425 10
421 426 10
421 428 10
421 432 10
421 446 10
421 450 10
421 452 10
421 453 10
421 455 10
421 457 10
421 458 10
421 459 10
421 460 10
421 462 10
421 463 10
421 465 10
421 466 10
421 468 10
421 469 10
421 470 10
421 471 10
421 472 10
421 474 10
421 475 10
421 476 10
421 478 10
421 479 10
421 480 10
421 482 10
421 488 10
421 489 10
421 491 10
421 493 10
421 494 10
421 501 10
421 503 10
421 507 10
421 508 10
421 509 10
421 512 10
421 517 10
421 519 10
421 523 10
421 525 10
421 526 10
421 528 10
421 530 10
421 531 10
421 533 10
421 544 10
421 558 10
421 560 10
421 569 10
421 571 10
421 572 10
421 573 10
421 574 10
421 580 10
421 583 10
421 585 10
421 586 10
421 590 10
421 601 10
421 602 10
421 603 10
421 604 10
421 606 10
421 607 10
421 610 10
421 611 10
421 640 10
421 646 10
421 648 10
421 649 10
421 650 10
421 651 10
421 660 10
421 661 10
421 662 10
421 670 10
421 671 10
421 674 10
421 676 10
421 678 10
421 679 10
421 680 10
421 682 10
421 683 10
421 687 10
421 689 10
421 691 10
421 693 10
422 323 10
422 325 10
422 328 10
422 331 10
422 332 10
422 339 10
422 340 10
422 341 10
422 342 10
422 343 10
422 352 10
422 353 10
422 370 10
422 376 10
422 377 10
422 378 10
422 381 10
422 398 10
422 399 10
422 402 10
422 403 10
422 405 10
422 412 10
422 416 10
422 418 10
422 419 10
422 420 10
422 422 10
422 428 10
422 435 10
422 437 10
422 440 10
422 448 10
422 450 10
422 456 10
422 457 10
422 459 10
422 462 10
422 467 10
422 468 10
422 469 10
422 470 10
422 471 10
422 477 10
422 484 10
422 485 10
422 486 10
422 492 10
422 493 10
422 495 10
422 505 10
422 508 10
422 509 10
422 510 10
422 519 10
422 520 10
422 521 10
422 522 10
422 524 10
422 528 10
422 530 10
422 531 10
422 533 10
422 536 10
422 537 10
422 550 10
422 556 10
422 562 10
422 563 10
422 565 10
422 567 10
422 568 10
422 573 10
422 577 10
422 579 10
422 581 10
422 582 10
422 583 10
422 585 10
422 587 10
422 588 10
422 590 10
422 593 10
422 602 10
422 604 10
422 606 10
422 607 10
422 609 10
422 615 10
422 646 10
422 647 10
422 662 10
422 664 10
422 665 10
422 666 10
422 667 10
422 669 10
422 675 10
422 679 10
422 681 10
422 682 10
422 683 10
422 691 10
423 325 10
423 330 10
423 331 10
423 332 10
423 333 10
423 338 10
423 340 10
423 341 10
423 343 10
423 344 10
423 378 10
423 381 10
423 383 10
423 384 10
423 398 10
423 399 10
423 404 10
423 405 10
423 407 10
423 408 10
423 417 10
423 418 10
423 419 10
423 422 10
423 430 10
423 432 10
423 444 10
423 448 10
423 450 10
423 451 10
423 452 10
423 453 10
423 454 10
423 457 10
423 459 10
423 460 10
423 462 10
423 467 10
423 468 10
423 469 10
423 470 10
423 471 10
423 473 10
423 474 10
423 479 10
423 480 10
423 482 10
423 488 10
423 492 10
423 493 10
423 494 10
423 496 10
423 497 10
423 503 10
423 505 10
423 506 10
423 507 10
423 508 10
423 510 10
423 511 10
423 512 10
423 526 10
423 527 10
423 528 10
423 531 10
423 532 10
423 541 10
423 549 10
423 555 10
423 560 10
423 561 10
423 562 10
423 564 10
423 565 10
423 566 10
423 568 10
423 573 10
423 577 10
423 578 10
423 583 10
423 584 10
423 585 10
423 590 10
423 591 10
423 592 10
423 594 10
423 595 10
423 598 10
423 601 10
423 602 10
423 604 10
423 606 10
423 607 10
423 611 10
423 612 10
423 614 10
423 620 10
423 622 10
423 624 10
423 633 10
423 635 10
423 648 10
423 649 10
423 650 10
423 651 10
423 656 10
423 659 10
423 662 10
423 663 10
423 666 10
423 676 10
423 677 10
423 678 10
423 679 10
423 681 10
423 682 10
423 683 10
423 691 10
424 327 10
424 330 10
424 331 10
424 335 10
424 336 10
424 338 10
424 339 10
424 340 10
424 341 10
424 342 10
424 343 10
424 344 10
424 345 10
424 354 10
424 356 10
424 357 10
424 359 10
424 378 10
424 399 10
424 400 10
424 417 10
424 420 10
424 424 10
424 426 10
424 431 10
424 435 10
424 440 10
424 449 10
424 451 10
424 453 10
424 455 10
424 463 10
424 465 10
424 468 10
424 473 10
424 477 10
424 480 10
424 481 10
424 493 10
424 494 10
424 495 10
424 496 10
424 497 10
424 498 10
424 506 10
424 507 10
424 508 10
424 509 10
424 510 10
424 511 10
424 512 10
424 513 10
424 516 10
424 518 10
424 522 10
424 524 10
424 525 10
424 526 10
424 527 10
424 529 10
424 531 10
424 532 10
424 533 10
424 534 10
424 537 10
424 542 10
424 547 10
424 554 10
424 555 10
424 560 10
424 562 10
424 563 10
424 564 10
424 577 10
424 581 10
424 582 10
424 583 10
424 584 10
424 585 10
424 599 10
424 600 10
424 603 10
424 606 10
424 608 10
424 609 10
424 617 10
424 635 10
424 643 10
424 646 10
424 651 10
424 653 10
424 661 10
424 664 10
424 665 10
424 666 10
424 680 10
424 687 10
425 325 10
425 327 10
425 328 10
425 330 10
425 332 10
425 333 10
425 336 10
425 339 10
425 340 10
425 341 10
425 342 10
425 344 10
425 345 10
425 354 10
425 357 10
425 359 10
425 361 10
425 378 10
425 381 10
425 384 10
425 396 10
425 399 10
425 400 10
425 401 10
425 404 10
425 411 10
425 413 10
425 415 10
425 419 10
425 426 10
425 433 10
425 436 10
425 442 10
425 443 10
425 444 10
425 447 10
425 449 10
425 450 10
425 455 10
425 456 10
425 457 10
425 459 10
425 462 10
425 463 10
425 464 10
425 466 10
425 468 10
425 470 10
425 474 10
425 477 10
425 478 10
425 479 10
425 481 10
425 482 10
425 488 10
425 492 10
425 493 10
425 497 10
425 501 10
425 505 10
425 506 10
425 508 10
425 509 10
425 510 10
425 513 10
425 514 10
425 515 10
425 520 10
425 521 10
425 525 10
425 529 10
425 531 10
425 532 10
425 535 10
425 547 10
425 552 10
425 554 10
425 563 10
425 564 10
425 565 10
425 566 10
425 567 10
425 574 10
425 577 10
425 579 10
425 586 10
425 590 10
425 591 10
425 593 10
425 601 10
425 609 10
425 610 10
425 611 10
425 621 10
425 624 10
425 636 10
425 659 10
425 663 10
425 664 10
425 668 10
425 677 10
425 679 10
425 680 10
425 682 10
425 683 10
425 687 10
425 689 10
426 327 10
426 328 10
426 329 10
426 330 10
426 331 10
426 334 10
426 336 10
426 338 10
426 340 10
426 341 10
426 343 10
426 346 10
426 348 10
426 352 10
426 355 10
426 358 10
426 397 10
426 399 10
426 401 10
426 411 10
426 413 10
426 414 10
426 419 10
426 424 10
426 428 10
426 443 10
426 447 10
426 448 10
426 449 10
426 451 10
426 452 10
426 453 10
426 457 10
426 459 10
426 461 10
426 462 10
426 463 10
426 466 10
426 473 10
426 477 10
426 478 10
426 479 10
426 480 10
426 481 10
426 483 10
426 485 10
426 491 10
426 492 10
426 494 10
426 496 10
426 505 10
426 506 10
426 509 10
426 511 10
426 512 10
426 513 10
426 514 10
426 515 10
426 517 10
426 527 10
426 530 10
426 531 10
426 532 10
426 533 10
426 539 10
426 540 10
426 541 10
426 544 10
426 547 10
426 559 10
426 563 10
426 564 10
426 565 10
426 567 10
426 568 10
426 569 10
426 570 10
426 572 10
426 573 10
426 579 10
426 580 10
426 581 10
426 583 10
426 592 10
426 594 10
426 600 10
426 601 10
426 602 10
426 603 10
426 604 10
426 608 10
426 610 10
426 614 10
426 631 10
426 633 10
426 640 10
426 642 10
426 643 10
426 656 10
426 659 10
426 661 10
426 664 10
426 666 10
426 678 10
426 679 10
426 680 10
426 682 10
427 330 10
427 331 10
427 332 10
427 333 10
427 334 10
427 336 10
427 337 10
427 338 10
427 340 10
427 343 10
427 345 10
427 346 10
427 347 10
427 352 10
427 354 10
427 355 10
427 356 10
427 358 10
427 359 10
427 360 10
427 369 10
427 370 10
427 383 10
427 384 10
427 397 10
427 398 10
427 399 10
427 413 10
427 414 10
427 415 10
427 416 10
427 417 10
427 418 10
427 420 10
427 427 10
427 429 10
427 431 10
427 432 10
427 434 10
427 441 10
427 444 10
427 446 10
427 447 10
427 448 10
427 450 10
427 451 10
427 454 10
427 456 10
427 462 10
427 463 10
427 466 10
427 467 10
427 471 10
427 472 10
427 473 10
427 475 10
427 477 10
427 478 10
427 479 10
427 480 10
427 481 10
427 483 10
427 487 10
427 488 10
427 489 10
427 490 10
427 493 10
427 494 10
427 496 10
427 497 10
427 501 10
427 509 10
427 513 10
427 514 10
427 517 10
427 519 10
427 524 10
427 527 10
427 528 10
427 530 10
427 533 10
427 537 10
427 542 10
427 544 10
427 549 10
427 551 10
427 556 10
427 557 10
427 561 10
427 562 10
427 564 10
427 567 10
427 574 10
427 579 10
427 580 10
427 583 10
427 592 10
427 593 10
427 601 10
427 605 10
427 607 10
427 608 10
427 609 10
427 610 10
427 611 10
427 612 10
427 614 10
427 616 10
427 617 10
427 631 10
427 633 10
427 635 10
427 648 10
427 656 10
427 659 10
427 664 10
427 667 10
427 668 10
427 669 10
427 670 10
427 674 10
427 682 10
427 688 10
427 689 10
428 325 10
428 327 10
428 328 10
428 329 10
428 330 10
428 333 10
428 334 10
428 337 10
428 338 10
428 339 10
428 344 10
428 345 10
428 347 10
428 348 10
428 351 10
428 355 10
428 357 10
428 358 10
428 360 10
428 362 10
428 370 10
428 372 10
428 384 10
428 385 10
428 390 10
428 396 10
428 405 10
428 406 10
428 413 10
428 414 10
428 415 10
428 417 10
428 420 10
428 423 10
428 429 10
428 439 10
428 440 10
428 441 10
428 444 10
428 448 10
428 451 10
428 453 10
428 455 10
428 458 10
428 459 10
428 460 10
428 461 10
428 465 10
428 466 10
428 468 10
428 474 10
428 475 10
428 478 10
428 479 10
428 480 10
428 481 10
428 482 10
428 483 10
428 487 10
428 488 10
428 490 10
428 491 10
428 492 10
428 494 10
428 495 10
428 496 10
428 497 10
428 500 10
428 505 10
428 506 10
428 507 10
428 512 10
428 515 10
428 521 10
428 522 10
428 523 10
428 525 10
428 528 10
428 530 10
428 533 10
428 534 10
428 535 10
428 538 10
428 542 10
428 549 10
428 556 10
428 558 10
428 561 10
428 563 10
428 565 10
428 566 10
428 567 10
428 571 10
428 578 10
428 580 10
428 581 10
428 582 10
428 584 10
428 585 10
428 586 10
428 596 10
428 598 10
428 601 10
428 603 10
428 605 10
428 607 10
428 608 10
428 611 10
428 634 10
428 646 10
428 647 10
428 648 10
428 649 10
428 653 10
428 656 10
428 668 10
428 678 10
428 686 10
428 687 10
428 689 10
429 318 10
429 319 10
429 322 10
429 323 10
429 324 10
429 325 10
429 328 10
429 329 10
429 330 10
429 331 10
429 332 10
429 333 10
429 334 10
429 335 10
429 336 10
429 344 10
429 345 10
429 352 10
429 354 10
429 358 10
429 364 10
429 371 10
429 372 10
429 395 10
429 396 10
429 397 10
429 398 10
429 399 10
429 405 10
429 406 10
429 407 10
429 411 10
429 414 10
429 417 10
429 424 10
429 431 10
429 433 10
429 439 10
429 447 10
429 451 10
429 453 10
429 454 10
429 455 10
429 456 10
429 457 10
429 463 10
429 464 10
429 468 10
429 472 10
429 474 10
429 475 10
429 477 10
429 478 10
429 481 10
429 484 10
429 491 10
429 494 10
429 495 10
429 497 10
429 499 10
429 504 10
429 507 10
429 509 10
429 512 10
429 513 10
429 518 10
429 521 10
429 522 10
429 523 10
429 524 10
429 525 10
429 531 10
429 532 10
429 534 10
429 536 10
429 550 10
429 553 10
429 554 10
429 556 10
429 557 10
429 561 10
429 562 10
429 564 10
429 565 10
429 576 10
429 578 10
429 583 10
429 586 10
429 591 10
429 595 10
429 596 10
429 600 10
429 602 10
429 604 10
429 605 10
429 606 10
429 609 10
429 610 10
429 611 10
429 614 10
429 615 10
429 617 10
429 635 10
429 636 10
429 646 10
429 648 10
429 649 10
429 651 10
429 658 10
429 659 10
429 664 10
429 677 10
429 681 10
429 682 10
429 683 10
429 684 10
429 685 10
429 687 10
429 691 10
430 320 10
430 325 10
430 326 10
430 328 10
430 329 10
430 331 10
430 332 10
430 333 10
430 334 10
430 335 10
430 336 10
430 337 10
430 338 10
430 340 10
430 347 10
430 349 10
430 352 10
430 357 10
430 373 10
430 375 10
430 376 10
430 379 10
430 399 10
430 402 10
430 405 10
430 407 10
430 409 10
430 412 10
430 414 10
430 415 10
430 418 10
430 419 10
430 420 10
430 423 10
430 428 10
430 429 10
430 431 10
430 439 10
430 443 10
430 445 10
430 450 10
430 451 10
430 453 10
430 454 10
430 456 10
430 457 10
430 458 10
430 464 10
430 471 10
430 474 10
430 475 10
430 476 10
430 479 10
430 483 10
430 484 10
430 485 10
430 487 10
430 488 10
430 489 10
430 490 10
430 491 10
430 492 10
430 493 10
430 496 10
430 504 10
430 506 10
430 510 10
430 513 10
430 514 10
430 515 10
430 516 10
430 521 10
430 522 10
430 523 10
430 524 10
430 526 10
430 529 10
430 530 10
430 531 10
430 534 10
430 535 10
430 536 10
430 545 10
430 547 10
430 548 10
430 554 10
430 555 10
430 559 10
430 560 10
430 563 10
430 571 10
430 572 10
430 576 10
430 579 10
430 581 10
430 585 10
430 589 10
430 592 10
430 593 10
430 599 10
430 603 10
430 609 10
430 612 10
430 613 10
430 615 10
430 616 10
430 617 10
430 619 10
430 624 10
430 626 10
430 627 10
430 634 10
430 653 10
430 654 10
430 658 10
430 660 10
430 661 10
430 664 10
430 670 10
430 678 10
430 681 10
430 683 10
431 321 10
431 323 10
431 330 10
431 331 10
431 332 10
431 333 10
431 334 10
431 335 10
431 336 10
431 337 10
431 338 10
431 343 10
431 347 10
431 348 10
431 350 10
431 352 10
431 358 10
431 360 10
431 362 10
431 369 10
431 370 10
431 371 10
431 375 10
431 377 10
431 383 10
431 385 10
431 390 10
431 391 10
431 396 10
431 397 10
431 398 10
431 401 10
431 407 10
431 408 10
431 409 10
431 413 10
431 422 10
431 423 10
431 424 10
431 425 10
431 427 10
431 441 10
431 443 10
431 444 10
431 452 10
431 453 10
431 454 10
431 455 10
431 471 10
431 472 10
431 475 10
431 480 10
431 481 10
431 482 10
431 483 10
431 484 10
431 485 10
431 487 10
431 490 10
431 492 10
431 494 10
431 495 10
431 496 10
431 498 10
431 499 10
431 501 10
431 505 10
431 506 10
431 508 10
431 514 10
431 516 10
431 517 10
431 521 10
431 522 10
431 527 10
431 529 10
431 532 10
431 536 10
431 537 10
431 543 10
431 544 10
431 552 10
431 553 10
431 555 10
431 556 10
431 558 10
431 561 10
431 566 10
431 567 10
431 568 10
431 569 10
431 570 10
431 571 10
431 573 10
431 574 10
431 576 10
431 579 10
431 586 10
431 587 10
431 595 10
431 596 10
431 599 10
431 600 10
431 606 10
431 611 10
431 613 10
431 615 10
431 618 10
431 620 10
431 625 10
431 626 10
431 627 10
431 628 10
431 632 10
431 634 10
431 648 10
431 651 10
431 664 10
431 671 10
431 672 10
431 677 10
431 680 10
431 681 10
431 683 10
431 687 10
432 326 10
432 328 10
432 329 10
432 330 10
432 331 10
432 332 10
432 333 10
432 334 10
432 335 10
432 336 10
432 337 10
432 342 10
432 345 10
432 347 10
432 351 10
432 352 10
432 353 10
432 354 10
432 356 10
432 358 10
432 361 10
432 362 10
432 366 10
432 373 10
432 374 10
432 377 10
432 384 10
432 385 10
432 386 10
432 396 10
432 397 10
432 398 10
432 405 10
432 406 10
432 407 10
432 409 10
432 410 10
432 415 10
432 418 10
432 419 10
432 423 10
432 426 10
432 428 10
432 430 10
432 440 10
432 441 10
432 446 10
432 448 10
432 449 10
432 450 10
432 453 10
432 454 10
432 455 10
432 456 10
432 460 10
432 461 10
432 462 10
432 470 10
432 471 10
432 472 10
432 473 10
432 475 10
432 476 10
432 477 10
432 478 10
432 479 10
432 481 10
432 482 10
432 483 10
432 484 10
432 485 10
432 486 10
432 487 10
432 488 10
432 489 10
432 490 10
432 492 10
432 494 10
432 499 10
432 501 10
432 504 10
432 510 10
432 511 10
432 513 10
432 515 10
432 517 10
432 519 10
432 526 10
432 528 10
432 531 10
432 535 10
432 536 10
432 539 10
432 542 10
432 547 10
432 558 10
432 559 10
432 568 10
432 569 10
432 572 10
432 581 10
432 584 10
432 589 10
432 591 10
432 593 10
432 595 10
432 596 10
432 598 10
432 599 10
432 601 10
432 615 10
432 616 10
432 618 10
432 619 10
432 620 10
432 625 10
432 626 10
432 628 10
432 632 10
432 634 10
432 648 10
432 649 10
432 661 10
432 663 10
432 672 10
432 673 10
432 674 10
432 675 10
432 682 10
433 317 10
433 325 10
433 327 10
433 332 10
433 333 10
433 334 10
433 335 10
433 337 10
433 339 10
433 340 10
433 342 10
433 343 10
433 344 10
433 346 10
433 347 10
433 348 10
433 350 10
433 352 10
433 354 10
433 355 10
433 358 10
433 359 10
433 363 10
433 368 10
433 371 10
433 377 10
433 378 10
433 385 10
433 388 10
433 389 10
433 392 10
433 397 10
433 399 10
433 408 10
433 414 10
433 415 10
433 416 10
433 417 10
433 420 10
433 423 10
433 425 10
433 426 10
433 428 10
433 434 10
433 440 10
433 441 10
433 442 10
433 444 10
433 447 10
433 448 10
433 450 10
433 453 10
433 454 10
433 455 10
433 456 10
433 462 10
433 465 10
433 468 10
433 470 10
433 473 10
433 474 10
433 475 10
433 477 10
433 478 10
433 479 10
433 480 10
433 481 10
433 484 10
433 485 10
433 486 10
433 487 10
433 488 10
433 489 10
433 490 10
433 491 10
433 492 10
433 494 10
433 495 10
433 496 10
433 497 10
433 498 10
433 500 10
433 502 10
433 507 10
433 508 10
433 512 10
433 513 10
433 515 10
433 523 10
433 524 10
433 525 10
433 529 10
433 531 10
433 533 10
433 534 10
433 537 10
433 539 10
433 542 10
433 548 10
433 549 10
433 550 10
433 554 10
433 555 10
433 556 10
433 562 10
433 563 10
433 567 10
433 577 10
433 579 10
433 580 10
433 581 10
433 582 10
433 584 10
433 585 10
433 586 10
433 587 10
433 588 10
433 589 10
433 593 10
433 595 10
433 596 10
433 597 10
433 599 10
433 601 10
433 603 10
433 616 10
433 617 10
433 618 10
433 621 10
433 626 10
433 627 10
433 630 10
433 632 10
433 651 10
433 652 10
433 659 10
433 661 10
433 662 10
433 663 10
433 673 10
433 675 10
433 676 10
433 677 10
433 680 10
433 683 10
433 690 10
434 319 10
434 329 10
434 330 10
434 332 10
434 334 10
434 337 10
434 340 10
434 341 10
434 342 10
434 343 10
434 344 10
434 348 10
434 350 10
434 353 10
434 354 10
434 355 10
434 356 10
434 357 10
434 361 10
434 377 10
434 378 10
434 379 10
434 382 10
434 383 10
434 389 10
434 392 10
434 393 10
434 394 10
434 395 10
434 396 10
434 397 10
434 399 10
434 402 10
434 408 10
434 413 10
434 417 10
434 420 10
434 423 10
434 424 10
434 427 10
434 428 10
434 439 10
434 441 10
434 442 10
434 448 10
434 449 10
434 450 10
434 451 10
434 455 10
434 461 10
434 469 10
434 471 10
434 472 10
434 474 10
434 475 10
434 479 10
434 480 10
434 481 10
434 483 10
434 485 10
434 486 10
434 487 10
434 488 10
434 489 10
434 490 10
434 491 10
434 492 10
434 502 10
434 507 10
434 510 10
434 511 10
434 517 10
434 521 10
434 528 10
434 529 10
434 530 10
434 531 10
434 533 10
434 537 10
434 542 10
434 547 10
434 550 10
434 567 10
434 571 10
434 574 10
434 578 10
434 585 10
434 586 10
434 587 10
434 593 10
434 595 10
434 598 10
434 600 10
434 601 10
434 616 10
434 618 10
434 619 10
434 622 10
434 625 10
434 627 10
434 633 10
434 643 10
434 648 10
434 660 10
434 662 10
434 680 10
434 682 10
434 689 10
434 690 10
435 317 10
435 323 10
435 327 10
435 329 10
435 331 10
435 333 10
435 334 10
435 336 10
435 337 10
435 338 10
435 343 10
435 344 10
435 346 10
435 347 10
435 349 10
435 352 10
435 354 10
435 356 10
435 359 10
435 360 10
435 361 10
435 377 10
435 378 10
435 380 10
435 392 10
435 393 10
435 394 10
435 395 10
435 397 10
435 409 10
435 414 10
435 415 10
435 417 10
435 418 10
435 420 10
435 423 10
435 424 10
435 426 10
435 427 10
435 428 10
435 431 10
435 443 10
435 445 10
435 446 10
435 447 10
435 451 10
435 452 10
435 453 10
435 462 10
435 465 10
435 467 10
435 468 10
435 470 10
435 471 10
435 472 10
435 477 10
435 479 10
435 480 10
435 481 10
435 486 10
435 487 10
435 488 10
435 489 10
435 490 10
435 491 10
435 494 10
435 498 10
435 499 10
435 500 10
435 504 10
435 507 10
435 509 10
435 510 10
435 521 10
435 528 10
435 529 10
435 530 10
435 531 10
435 532 10
435 533 10
435 535 10
435 536 10
435 541 10
435 544 10
435 545 10
435 546 10
435 551 10
435 552 10
435 557 10
435 562 10
435 564 10
435 573 10
435 575 10
435 577 10
435 579 10
435 580 10
435 585 10
435 587 10
435 588 10
435 590 10
435 591 10
435 592 10
435 594 10
435 595 10
435 598 10
435 599 10
435 602 10
435 614 10
435 617 10
435 618 10
435 620 10
435 621 10
435 622 10
435 623 10
435 625 10
435 629 10
435 634 10
435 635 10
435 636 10
435 641 10
435 652 10
435 660 10
435 661 10
435 662 10
435 664 10
435 674 10
435 681 10
435 682 10
435 683 10
435 685 10
435 686 10
435 698 10
436 321 10
436 323 10
436 325 10
436 327 10
436 329 10
436 330 10
436 331 10
436 332 10
436 336 10
436 337 10
436 338 10
436 340 10
436 341 10
436 343 10
436 345 10
436 348 10
436 349 10
436 350 10
436 351 10
436 352 10
436 353 10
436 354 10
436 355 10
436 358 10
436 359 10
436 361 10
436 370 10
436 378 10
436 382 10
436 383 10
436 384 10
436 385 10
436 390 10
436 391 10
436 392 10
436 394 10
436 396 10
436 397 10
436 398 10
436 407 10
436 412 10
436 414 10
436 416 10
436 418 10
436 420 10
436 421 10
436 423 10
436 424 10
436 425 10
436 426 10
436 427 10
436 428 10
436 429 10
436 445 10
436 446 10
436 447 10
436 448 10
436 449 10
436 452 10
436 460 10
436 461 10
436 464 10
436 465 10
436 466 10
436 469 10
436 471 10
436 473 10
436 474 10
436 475 10
436 476 10
436 478 10
436 479 10
436 480 10
436 481 10
436 482 10
436 483 10
436 484 10
436 485 10
436 487 10
436 488 10
436 489 10
436 490 10
436 491 10
436 492 10
436 494 10
436 495 10
436 508 10
436 510 10
436 512 10
436 516 10
436 524 10
436 525 10
436 527 10
436 528 10
436 529 10
436 532 10
436 533 10
436 534 10
436 539 10
436 540 10
436 541 10
436 545 10
436 546 10
436 550 10
436 561 10
436 562 10
436 569 10
436 574 10
436 575 10
436 576 10
436 577 10
436 578 10
436 579 10
436 584 10
436 585 10
436 586 10
436 587 10
436 588 10
436 596 10
436 597 10
436 598 10
436 600 10
436 601 10
436 608 10
436 616 10
436 618 10
436 626 10
436 628 10
436 640 10
436 653 10
436 658 10
436 661 10
436 668 10
436 685 10
436 688 10
436 698 10
437 323 10
437 326 10
437 329 10
437 331 10
437 332 10
437 333 10
437 334 10
437 336 10
437 339 10
437 344 10
437 345 10
437 346 10
437 347 10
437 351 10
437 352 10
437 353 10
437 354 10
437 355 10
437 356 10
437 361 10
437 380 10
437 383 10
437 384 10
437 385 10
437 386 10
437 388 10
437 389 10
437 391 10
437 392 10
437 393 10
437 395 10
437 396 10
437 399 10
437 410 10
437 412 10
437 414 10
437 416 10
437 418 10
437 421 10
437 422 10
437 423 10
437 424 10
437 425 10
437 426 10
437 427 10
437 428 10
437 429 10
437 438 10
437 443 10
437 445 10
437 446 10
437 447 10
437 449 10
437 454 10
437 461 10
437 463 10
437 469 10
437 470 10
437 471 10
437 472 10
437 473 10
437 474 10
437 475 10
437 476 10
437 477 10
437 478 10
437 479 10
437 480 10
437 481 10
437 482 10
437 483 10
437 484 10
437 486 10
437 487 10
437 488 10
437 489 10
437 492 10
437 493 10
437 496 10
437 497 10
437 506 10
437 507 10
437 508 10
437 509 10
437 510 10
437 513 10
437 523 10
437 525 10
437 526 10
437 527 10
437 529 10
437 530 10
437 532 10
437 533 10
437 535 10
437 542 10
437 547 10
437 558 10
437 563 10
437 565 10
437 573 10
437 574 10
437 576 10
437 577 10
437 578 10
437 584 10
437 585 10
437 586 10
437 587 10
437 589 10
437 590 10
437 591 10
437 593 10
437 595 10
437 596 10
437 599 10
437 614 10
437 615 10
437 616 10
437 618 10
437 619 10
437 621 10
437 630 10
437 638 10
437 640 10
437 646 10
437 650 10
437 653 10
437 659 10
437 662 10
437 668 10
437 669 10
437 670 10
437 683 10
437 689 10
437 692 10
437 698 10
438 327 10
438 332 10
438 334 10
438 336 10
438 337 10
438 341 10
438 343 10
438 346 10
438 349 10
438 351 10
438 354 10
438 355 10
438 358 10
438 362 10
438 363 10
438 365 10
438 370 10
438 383 10
438 384 10
438 385 10
438 389 10
438 391 10
438 410 10
438 412 10
438 413 10
438 415 10
438 417 10
438 418 10
438 419 10
438 420 10
438 421 10
438 422 10
438 423 10
438 424 10
438 425 10
438 426 10
438 427 10
438 430 10
438 437 10
438 439 10
438 447 10
438 456 10
438 457 10
438 460 10
438 461 10
438 467 10
438 469 10
438 470 10
438 471 10
438 472 10
438 473 10
438 475 10
438 476 10
438 477 10
438 478 10
438 479 10
438 480 10
438 481 10
438 482 10
438 483 10
438 484 10
438 486 10
438 487 10
438 489 10
438 490 10
438 491 10
438 492 10
438 495 10
438 496 10
438 503 10
438 504 10
438 507 10
438 508 10
438 509 10
438 510 10
438 523 10
438 525 10
438 527 10
438 528 10
438 530 10
438 531 10
438 535 10
438 539 10
438 542 10
438 546 10
438 547 10
438 548 10
438 549 10
438 561 10
438 565 10
438 571 10
438 572 10
438 573 10
438 574 10
438 575 10
438 576 10
438 577 10
438 579 10
438 580 10
438 581 10
438 582 10
438 585 10
438 588 10
438 591 10
438 593 10
438 597 10
438 598 10
438 599 10
438 608 10
438 614 10
438 618 10
438 619 10
438 620 10
438 621 10
438 625 10
438 640 10
438 653 10
438 654 10
438 655 10
438 659 10
438 660 10
438 662 10
438 668 10
438 683 10
438 685 10
438 688 10
438 696 10
439 323 10
439 325 10
439 329 10
439 330 10
439 336 10
439 339 10
439 348 10
439 350 10
439 352 10
439 353 10
439 354 10
439 358 10
439 360 10
439 362 10
439 370 10
439 374 10
439 375 10
439 379 10
439 380 10
439 385 10
439 386 10
439 387 10
439 388 10
439 393 10
439 394 10
439 395 10
439 396 10
439 402 10
439 406 10
439 416 10
439 418 10
439 419 10
439 420 10
439 421 10
439 422 10
439 423 10
439 424 10
439 425 10
439 426 10
439 427 10
439 428 10
439 439 10
439 442 10
439 444 10
439 445 10
439 447 10
439 449 10
439 454 10
439 463 10
439 464 10
439 465 10
439 467 10
439 472 10
439 473 10
439 474 10
439 475 10
439 476 10
439 477 10
439 478 10
439 479 10
439 481 10
439 482 10
439 483 10
439 484 10
439 485 10
439 488 10
439 489 10
439 490 10
439 491 10
439 493 10
439 494 10
439 497 10
439 505 10
439 506 10
439 508 10
439 511 10
439 512 10
439 517 10
439 523 10
439 525 10
439 527 10
439 531 10
439 533 10
439 534 10
439 536 10
439 539 10
439 541 10
439 542 10
439 543 10
439 544 10
439 549 10
439 558 10
439 561 10
439 564 10
439 566 10
439 568 10
439 573 10
439 575 10
439 576 10
439 577 10
439 578 10
439 579 10
439 588 10
439 589 10
439 591 10
439 592 10
439 615 10
439 616 10
439 617 10
439 621 10
439 623 10
439 625 10
439 627 10
439 628 10
439 635 10
439 639 10
439 640 10
439 641 10
439 644 10
439 645 10
439 648 10
439 653 10
439 655 10
439 656 10
439 659 10
439 661 10
439 662 10
439 664 10
439 666 10
439 669 10
439 683 10
439 686 10
439 688 10
439 690 10
439 692 10
439 695 10
439 697 10
439 700 10
440 321 10
440 323 10
440 325 10
440 327 10
440 330 10
440 331 10
440 332 10
440 333 10
440 334 10
440 335 10
440 339 10
440 343 10
440 350 10
440 352 10
440 355 10
440 361 10
440 365 10
440 366 10
440 370 10
440 372 10
440 375 10
440 379 10
440 381 10
440 382 10
440 383 10
440 386 10
440 388 10
440 389 10
440 390 10
440 395 10
440 399 10
440 400 10
440 402 10
440 404 10
440 405 10
440 408 10
440 409 10
440 411 10
440 417 10
440 419 10
440 421 10
440 422 10
440 423 10
440 424 10
440 425 10
440 426 10
440 427 10
440 428 10
440 438 10
440 439 10
440 441 10
440 448 10
440 450 10
440 453 10
440 461 10
440 463 10
440 466 10
440 468 10
440 470 10
440 471 10
440 472 10
440 473 10
440 474 10
440 475 10
440 476 10
440 477 10
440 478 10
440 479 10
440 480 10
440 481 10
440 482 10
440 483 10
440 484 10
440 486 10
440 487 10
440 490 10
440 493 10
440 494 10
440 505 10
440 507 10
440 509 10
440 510 10
440 526 10
440 529 10
440 530 10
440 531 10
440 532 10
440 536 10
440 538 10
440 540 10
440 542 10
440 543 10
440 544 10
440 545 10
440 548 10
440 549 10
440 558 10
440 562 10
440 565 10
440 567 10
440 573 10
440 575 10
440 577 10
440 579 10
440 580 10
440 582 10
440 585 10
440 586 10
440 589 10
440 590 10
440 595 10
440 614 10
440 616 10
440 619 10
440 621 10
440 622 10
440 628 10
440 632 10
440 640 10
440 643 10
440 645 10
440 646 10
440 652 10
440 657 10
440 659 10
440 660 10
440 661 10
440 663 10
440 665 10
440 667 10
440 681 10
440 683 10
440 684 10
440 687 10
440 697 10
440 698 10
441 318 10
441 319 10
441 322 10
441 324 10
441 325 10
441 326 10
441 330 10
441 331 10
441 332 10
441 333 10
441 335 10
441 336 10
441 337 10
441 338 10
441 339 10
441 340 10
441 341 10
441 354 10
441 357 10
441 358 10
441 372 10
441 375 10
441 378 10
441 379 10
441 384 10
441 386 10
441 389 10
441 390 10
441 394 10
441 395 10
441 396 10
441 398 10
441 400 10
441 401 10
441 403 10
441 404 10
441 406 10
441 407 10
441 411 10
441 412 10
441 413 10
441 415 10
441 416 10
441 419 10
441 422 10
441 423 10
441 424 10
441 425 10
441 427 10
441 446 10
441 450 10
441 451 10
441 461 10
441 463 10
441 466 10
441 469 10
441 470 10
441 472 10
441 474 10
441 475 10
441 476 10
441 477 10
441 478 10
441 479 10
441 480 10
441 482 10
441 484 10
441 485 10
441 486 10
441 487 10
441 488 10
441 489 10
441 490 10
441 492 10
441 508 10
441 509 10
441 513 10
441 521 10
441 528 10
441 529 10
441 531 10
441 540 10
441 541 10
441 542 10
441 543 10
441 544 10
441 546 10
441 547 10
441 554 10
441 557 10
441 565 10
441 567 10
441 569 10
441 570 10
441 571 10
441 572 10
441 573 10
441 576 10
441 579 10
441 580 10
441 582 10
441 583 10
441 585 10
441 586 10
441 587 10
441 590 10
441 597 10
441 605 10
441 606 10
441 612 10
441 614 10
441 615 10
441 616 10
441 617 10
441 628 10
441 629 10
441 630 10
441 631 10
441 633 10
441 635 10
441 636 10
441 638 10
441 640 10
441 641 10
441 644 10
441 665 10
441 680 10
441 682 10
441 685 10
441 688 10
441 689 10
441 692 10
441 696 10
441 699 10
442 319 10
442 323 10
442 326 10
442 328 10
442 331 10
442 334 10
442 336 10
442 337 10
442 338 10
442 339 10
442 342 10
442 349 10
442 354 10
442 356 10
442 360 10
442 365 10
442 371 10
442 373 10
442 377 10
442 378 10
442 380 10
442 383 10
442 384 10
442 385 10
442 386 10
442 387 10
442 389 10
442 392 10
442 396 10
442 398 10
442 404 10
442 414 10
442 415 10
442 420 10
442 421 10
442 423 10
442 426 10
442 427 10
442 441 10
442 446 10
442 452 10
442 453 10
442 455 10
442 459 10
442 465 10
442 467 10
442 468 10
442 469 10
442 472 10
442 474 10
442 475 10
442 476 10
442 478 10
442 479 10
442 481 10
442 482 10
442 483 10
442 485 10
442 487 10
442 488 10
442 490 10
442 492 10
442 493 10
442 494 10
442 504 10
442 505 10
442 507 10
442 509 10
442 511 10
442 521 10
442 529 10
442 532 10
442 535 10
442 536 10
442 537 10
442 538 10
442 539 10
442 540 10
442 541 10
442 542 10
442 543 10
442 544 10
442 545 10
442 546 10
442 549 10
442 556 10
442 557 10
442 562 10
442 563 10
442 566 10
442 567 10
442 568 10
442 571 10
442 572 10
442 573 10
442 574 10
442 575 10
442 576 10
442 580 10
442 581 10
442 582 10
442 583 10
442 585 10
442 587 10
442 588 10
442 607 10
442 608 10
442 609 10
442 616 10
442 618 10
442 619 10
442 631 10
442 633 10
442 635 10
442 636 10
442 637 10
442 638 10
442 639 10
442 640 10
442 641 10
442 642 10
442 656 10
442 682 10
442 686 10
442 688 10
442 689 10
442 691 10
442 692 10
442 693 10
442 697 10
442 702 10
443 317 10
443 318 10
443 319 10
443 320 10
443 321 10
443 325 10
443 326 10
443 327 10
443 330 10
443 331 10
443 333 10
443 334 10
443 335 10
443 336 10
443 337 10
443 343 10
443 351 10
443 352 10
443 372 10
443 373 10
443 375 10
443 380 10
443 382 10
443 385 10
443 386 10
443 387 10
443 388 10
443 389 10
443 393 10
443 394 10
443 395 10
443 400 10
443 401 10
443 402 10
443 404 10
443 414 10
443 420 10
443 422 10
443 426 10
443 441 10
443 445 10
443 447 10
443 455 10
443 457 10
443 459 10
443 460 10
443 461 10
443 462 10
443 465 10
443 467 10
443 470 10
443 471 10
443 472 10
443 475 10
443 476 10
443 477 10
443 478 10
443 479 10
443 481 10
443 483 10
443 485 10
443 486 10
443 488 10
443 489 10
443 490 10
443 491 10
443 494 10
443 506 10
443 507 10
443 509 10
443 511 10
443 514 10
443 521 10
443 527 10
443 530 10
443 532 10
443 536 10
443 539 10
443 540 10
443 541 10
443 542 10
443 543 10
443 545 10
443 547 10
443 552 10
443 555 10
443 556 10
443 562 10
443 563 10
443 564 10
443 565 10
443 571 10
443 572 10
443 574 10
443 577 10
443 578 10
443 581 10
443 582 10
443 585 10
443 586 10
443 594 10
443 606 10
443 615 10
443 616 10
443 617 10
443 618 10
443 624 10
443 638 10
443 640 10
443 642 10
443 643 10
443 677 10
443 679 10
443 680 10
443 681 10
443 682 10
443 685 10
443 686 10
443 688 10
443 691 10
443 693 10
443 698 10
444 317 10
444 320 10
444 322 10
444 325 10
444 326 10
444 328 10
444 330 10
444 331 10
444 332 10
444 333 10
444 334 10
444 335 10
444 336 10
444 337 10
444 338 10
444 345 10
444 346 10
444 347 10
444 350 10
444 352 10
444 354 10
444 375 10
444 376 10
444 377 10
444 378 10
444 381 10
444 382 10
444 383 10
444 384 10
444 385 10
444 388 10
444 392 10
444 395 10
444 402 10
444 403 10
444 404 10
444 405 10
444 419 10
444 424 10
444 425 10
444 430 10
444 431 10
444 432 10
444 438 10
444 443 10
444 444 10
444 446 10
444 448 10
444 450 10
444 451 10
444 454 10
444 455 10
444 457 10
444 458 10
444 460 10
444 461 10
444 467 10
444 469 10
444 471 10
444 472 10
444 473 10
444 474 10
444 475 10
444 476 10
444 479 10
444 480 10
444 482 10
444 484 10
444 485 10
444 486 10
444 487 10
444 488 10
444 489 10
444 490 10
444 491 10
444 492 10
444 493 10
444 495 10
444 502 10
444 504 10
444 507 10
444 509 10
444 529 10
444 535 10
444 538 10
444 540 10
444 542 10
444 543 10
444 544 10
444 545 10
444 546 10
444 547 10
444 549 10
444 562 10
444 566 10
444 572 10
444 573 10
444 575 10
444 579 10
444 580 10
444 582 10
444 583 10
444 584 10
444 588 10
444 590 10
444 604 10
444 606 10
444 607 10
444 616 10
444 622 10
444 626 10
444 627 10
444 636 10
444 638 10
444 640 10
444 642 10
444 678 10
444 683 10
444 686 10
444 687 10
444 689 10
444 690 10
444 692 10
444 694 10
444 695 10
444 696 10
445 319 10
445 322 10
445 323 10
445 324 10
445 329 10
445 331 10
445 332 10
445 333 10
445 334 10
445 336 10
445 338 10
445 339 10
445 344 10
445 349 10
445 371 10
445 376 10
445 384 10
445 385 10
445 390 10
445 392 10
445 394 10
445 396 10
445 400 10
445 405 10
445 415 10
445 417 10
445 419 10
445 422 10
445 423 10
445 425 10
445 428 10
445 431 10
445 436 10
445 438 10
445 440 10
445 441 10
445 442 10
445 444 10
445 446 10
445 447 10
445 450 10
445 455 10
445 457 10
445 459 10
445 461 10
445 463 10
445 466 10
445 467 10
445 468 10
445 469 10
445 472 10
445 473 10
445 475 10
445 476 10
445 478 10
445 480 10
445 483 10
445 484 10
445 485 10
445 486 10
445 487 10
445 488 10
445 489 10
445 490 10
445 491 10
445 492 10
445 493 10
445 494 10
445 502 10
445 504 10
445 510 10
445 523 10
445 526 10
445 527 10
445 529 10
445 535 10
445 537 10
445 538 10
445 547 10
445 550 10
445 553 10
445 555 10
445 560 10
445 561 10
445 564 10
445 569 10
445 570 10
445 571 10
445 573 10
445 574 10
445 575 10
445 581 10
445 582 10
445 583 10
445 584 10
445 606 10
445 608 10
445 616 10
445 617 10
445 619 10
445 620 10
445 623 10
445 636 10
445 638 10
445 640 10
445 641 10
445 643 10
445 646 10
445 678 10
445 679 10
445 686 10
445 687 10
445 689 10
445 693 10
445 694 10
446 324 10
446 328 10
446 329 10
446 330 10
446 331 10
446 332 10
446 333 10
446 334 10
446 335 10
446 337 10
446 340 10
446 352 10
446 354 10
446 355 10
446 357 10
446 361 10
446 365 10
446 371 10
446 373 10
446 374 10
446 376 10
446 378 10
446 385 10
446 388 10
446 389 10
446 392 10
446 394 10
446 395 10
446 398 10
446 402 10
446 403 10
446 404 10
446 405 10
446 406 10
446 407 10
446 418 10
446 420 10
446 421 10
446 423 10
446 426 10
446 427 10
446 428 10
446 435 10
446 440 10
446 444 10
446 446 10
446 448 10
446 456 10
446 457 10
446 458 10
446 461 10
446 462 10
446 464 10
446 467 10
446 469 10
446 470 10
446 471 10
446 473 10
446 474 10
446 475 10
446 476 10
446 477 10
446 478 10
446 479 10
446 480 10
446 481 10
446 484 10
446 485 10
446 486 10
446 487 10
446 488 10
446 490 10
446 491 10
446 492 10
446 494 10
446 502 10
446 504 10
446 505 10
446 507 10
446 526 10
446 527 10
446 529 10
446 532 10
446 533 10
446 537 10
446 539 10
446 550 10
446 553 10
446 562 10
446 563 10
446 565 10
446 568 10
446 570 10
446 572 10
446 573 10
446 574 10
446 577 10
446 578 10
446 579 10
446 580 10
446 582 10
446 584 10
446 585 10
446 588 10
446 589 10
446 590 10
446 602 10
446 605 10
446 613 10
446 614 10
446 615 10
446 621 10
446 625 10
446 628 10
446 633 10
446 634 10
446 635 10
446 636 10
446 637 10
446 640 10
446 641 10
446 680 10
446 687 10
446 689 10
446 692 10
446 694 10
447 321 10
447 323 10
447 324 10
447 327 10
447 328 10
447 329 10
447 330 10
447 331 10
447 333 10
447 337 10
447 338 10
447 339 10
447 340 10
447 351 10
447 356 10
447 360 10
447 361 10
447 372 10
447 375 10
447 377 10
447 378 10
447 379 10
447 380 10
447 381 10
447 384 10
447 385 10
447 387 10
447 388 10
447 390 10
447 392 10
447 393 10
447 395 10
447 396 10
447 397 10
447 398 10
447 408 10
447 418 10
447 421 10
447 426 10
447 429 10
447 430 10
447 437 10
447 440 10
447 442 10
447 447 10
447 449 10
447 450 10
447 453 10
447 454 10
447 455 10
447 457 10
447 460 10
447 464 10
447 466 10
447 468 10
447 470 10
447 471 10
447 472 10
447 473 10
447 474 10
447 476 10
447 477 10
447 478 10
447 479 10
447 480 10
447 482 10
447 483 10
447 484 10
447 485 10
447 486 10
447 487 10
447 489 10
447 490 10
447 492 10
447 493 10
447 499 10
447 507 10
447 511 10
447 524 10
447 527 10
447 532 10
447 537 10
447 541 10
447 544 10
447 547 10
447 548 10
447 552 10
447 560 10
447 568 10
447 569 10
447 570 10
447 574 10
447 575 10
447 578 10
447 579 10
447 580 10
447 581 10
447 582 10
447 583 10
447 584 10
447 604 10
447 616 10
447 620 10
447 623 10
447 624 10
447 625 10
447 626 10
447 627 10
447 637 10
447 639 10
447 641 10
447 642 10
447 648 10
447 678 10
447 682 10
447 688 10
447 690 10
447 693 10
447 695 10
448 315 10
448 324 10
448 329 10
448 330 10
448 332 10
448 333 10
448 334 10
448 336 10
448 337 10
448 338 10
448 340 10
448 341 10
448 342 10
448 351 10
448 354 10
448 359 10
448 376 10
448 377 10
448 378 10
448 379 10
448 383 10
448 386 10
448 387 10
448 388 10
448 392 10
448 393 10
448 397 10
448 398 10
448 404 10
448 416 10
448 418 10
448 422 10
448 427 10
448 429 10
448 431 10
448 442 10
448 444 10
448 447 10
448 449 10
448 450 10
448 452 10
448 458 10
448 463 10
448 465 10
448 469 10
448 470 10
448 471 10
448 473 10
448 474 10
448 475 10
448 476 10
448 477 10
448 478 10
448 479 10
448 480 10
448 482 10
448 483 10
448 486 10
448 488 10
448 492 10
448 495 10
448 499 10
448 508 10
448 510 10
448 511 10
448 512 10
448 526 10
448 527 10
448 530 10
448 535 10
448 538 10
448 543 10
448 547 10
448 548 10
448 550 10
448 555 10
448 556 10
448 560 10
448 562 10
448 563 10
448 565 10
448 566 10
448 567 10
448 569 10
448 570 10
448 571 10
448 572 10
448 575 10
448 576 10
448 577 10
448 579 10
448 580 10
448 581 10
448 582 10
448 585 10
448 589 10
448 591 10
448 592 10
448 604 10
448 609 10
448 614 10
448 616 10
448 617 10
448 618 10
448 624 10
448 626 10
448 627 10
448 629 10
448 633 10
448 634 10
448 637 10
448 638 10
448 639 10
448 643 10
448 651 10
448 652 10
448 679 10
448 680 10
448 688 10
448 689 10
448 691 10
448 692 10
448 693 10
449 317 10
449 319 10
449 328 10
449 329 10
449 330 10
449 331 10
449 333 10
449 335 10
449 353 10
449 358 10
449 359 10
449 360 10
449 371 10
449 374 10
449 378 10
449 379 10
449 380 10
449 387 10
449 392 10
449 393 10
449 396 10
449 403 10
449 404 10
449 406 10
449 407 10
449 418 10
449 419 10
449 420 10
449 421 10
449 424 10
449 425 10
449 427 10
449 428 10
449 429 10
449 431 10
449 438 10
449 439 10
449 440 10
449 442 10
449 443 10
449 444 10
449 446 10
449 447 10
449 448 10
449 450 10
449 451 10
449 452 10
449 453 10
449 454 10
449 457 10
449 466 10
449 467 10
449 468 10
449 470 10
449 471 10
449 473 10
449 474 10
449 475 10
449 476 10
449 477 10
449 478 10
449 479 10
449 480 10
449 481 10
449 482 10
449 483 10
449 484 10
449 486 10
449 489 10
449 496 10
449 502 10
449 509 10
449 511 10
449 521 10
449 522 10
449 523 10
449 524 10
449 527 10
449 530 10
449 531 10
449 534 10
449 535 10
449 537 10
449 543 10
449 548 10
449 549 10
449 557 10
449 566 10
449 569 10
449 571 10
449 572 10
449 573 10
449 574 10
449 575 10
449 576 10
449 577 10
449 578 10
449 579 10
449 580 10
449 581 10
449 583 10
449 584 10
449 588 10
449 594 10
449 596 10
449 604 10
449 612 10
449 615 10
449 616 10
449 619 10
449 620 10
449 627 10
449 629 10
449 630 10
449 631 10
449 635 10
449 636 10
449 638 10
449 640 10
449 641 10
449 647 10
449 650 10
449 652 10
449 682 10
449 688 10
449 690 10
449 691 10
449 695 10
450 316 10
450 321 10
450 323 10
450 324 10
450 325 10
450 326 10
450 328 10
450 329 10
450 330 10
450 331 10
450 333 10
450 337 10
450 339 10
450 340 10
450 348 10
450 349 10
450 364 10
450 370 10
450 371 10
450 373 10
450 376 10
450 377 10
450 378 10
450 379 10
450 381 10
450 392 10
450 393 10
450 395 10
450 397 10
450 402 10
450 403 10
450 404 10
450 407 10
450 408 10
450 417 10
450 418 10
450 419 10
450 420 10
450 421 10
450 423 10
450 427 10
450 429 10
450 430 10
450 432 10
450 433 10
450 437 10
450 438 10
450 443 10
450 448 10
450 449 10
450 450 10
450 454 10
450 458 10
450 465 10
450 466 10
450 467 10
450 468 10
450 470 10
450 474 10
450 475 10
450 478 10
450 479 10
450 481 10
450 482 10
450 484 10
450 486 10
450 488 10
450 489 10
450 492 10
450 493 10
450 494 10
450 495 10
450 500 10
450 510 10
450 525 10
450 527 10
450 529 10
450 532 10
450 533 10
450 536 10
450 537 10
450 544 10
450 545 10
450 547 10
450 549 10
450 559 10
450 561 10
450 562 10
450 563 10
450 564 10
450 565 10
450 569 10
450 570 10
450 571 10
450 572 10
450 573 10
450 574 10
450 575 10
450 576 10
450 577 10
450 578 10
450 579 10
450 580 10
450 581 10
450 582 10
450 583 10
450 587 10
450 591 10
450 592 10
450 593 10
450 605 10
450 610 10
450 613 10
450 615 10
450 617 10
450 627 10
450 634 10
450 636 10
450 637 10
450 638 10
450 639 10
450 640 10
450 641 10
450 650 10
450 685 10
450 688 10
450 694 10
451 313 10
451 317 10
451 319 10
451 320 10
451 322 10
451 326 10
451 327 10
451 332 10
451 333 10
451 335 10
451 336 10
451 339 10
451 350 10
451 354 10
451 355 10
451 359 10
451 365 10
451 371 10
451 372 10
451 373 10
451 379 10
451 386 10
451 395 10
451 396 10
451 402 10
451 403 10
451 406 10
451 407 10
451 409 10
451 416 10
451 419 10
451 425 10
451 426 10
451 427 10
451 428 10
451 430 10
451 431 10
451 438 10
451 439 10
451 441 10
451 453 10
451 454 10
451 457 10
451 462 10
451 467 10
451 471 10
451 473 10
451 475 10
451 476 10
451 477 10
451 478 10
451 482 10
451 484 10
451 486 10
451 487 10
451 491 10
451 492 10
451 494 10
451 498 10
451 501 10
451 520 10
451 523 10
451 524 10
451 528 10
451 529 10
451 534 10
451 535 10
451 538 10
451 543 10
451 544 10
451 547 10
451 554 10
451 558 10
451 561 10
451 567 10
451 570 10
451 571 10
451 572 10
451 573 10
451 574 10
451 576 10
451 577 10
451 578 10
451 579 10
451 580 10
451 581 10
451 582 10
451 583 10
451 584 10
451 585 10
451 587 10
451 588 10
451 594 10
451 595 10
451 603 10
451 604 10
451 606 10
451 608 10
451 609 10
451 616 10
451 617 10
451 626 10
451 628 10
451 629 10
451 636 10
451 637 10
451 638 10
451 639 10
451 641 10
451 642 10
451 645 10
451 653 10
451 654 10
451 661 10
451 682 10
451 683 10
452 316 10
452 322 10
452 323 10
452 324 10
452 325 10
452 327 10
452 328 10
452 329 10
452 331 10
452 334 10
452 336 10
452 337 10
452 338 10
452 340 10
452 341 10
452 342 10
452 350 10
452 351 10
452 366 10
452 371 10
452 374 10
452 376 10
452 383 10
452 388 10
452 389 10
452 393 10
452 394 10
452 395 10
452 401 10
452 404 10
452 405 10
452 406 10
452 408 10
452 409 10
452 410 10
452 411 10
452 412 10
452 413 10
452 422 10
452 423 10
452 424 10
452 425 10
452 426 10
452 428 10
452 429 10
452 430 10
452 431 10
452 436 10
452 437 10
452 442 10
452 445 10
452 449 10
452 453 10
452 454 10
452 460 10
452 464 10
452 465 10
452 466 10
452 468 10
452 469 10
452 470 10
452 474 10
452 476 10
452 477 10
452 479 10
452 485 10
452 487 10
452 489 10
452 490 10
452 496 10
452 500 10
452 502 10
452 503 10
452 520 10
452 523 10
452 524 10
452 525 10
452 526 10
452 527 10
452 528 10
452 530 10
452 531 10
452 533 10
452 535 10
452 536 10
452 540 10
452 542 10
452 548 10
452 554 10
452 560 10
452 561 10
452 568 10
452 569 10
452 570 10
452 571 10
452 572 10
452 573 10
452 574 10
452 575 10
452 576 10
452 577 10
452 578 10
452 579 10
452 580 10
452 581 10
452 582 10
452 583 10
452 584 10
452 588 10
452 589 10
452 590 10
452 597 10
452 612 10
452 613 10
452 614 10
452 617 10
452 624 10
452 625 10
452 626 10
452 628 10
452 633 10
452 637 10
452 639 10
452 640 10
452 644 10
452 655 10
452 657 10
453 320 10
453 325 10
453 326 10
453 327 10
453 328 10
453 329 10
453 339 10
453 340 10
453 342 10
453 352 10
453 353 10
453 356 10
453 367 10
453 373 10
453 374 10
453 376 10
453 383 10
453 385 10
453 386 10
453 392 10
453 395 10
453 397 10
453 400 10
453 402 10
453 404 10
453 406 10
453 407 10
453 408 10
453 409 10
453 410 10
453 412 10
453 413 10
453 420 10
453 421 10
453 427 10
453 438 10
453 439 10
453 442 10
453 446 10
453 452 10
453 462 10
453 463 10
453 466 10
453 467 10
453 469 10
453 471 10
453 474 10
453 475 10
453 476 10
453 477 10
453 479 10
453 481 10
453 487 10
453 492 10
453 493 10
453 497 10
453 500 10
453 502 10
453 509 10
453 518 10
453 519 10
453 522 10
453 523 10
453 524 10
453 527 10
453 529 10
453 530 10
453 532 10
453 533 10
453 537 10
453 541 10
453 545 10
453 547 10
453 557 10
453 561 10
453 571 10
453 572 10
453 573 10
453 575 10
453 576 10
453 579 10
453 580 10
453 581 10
453 586 10
453 587 10
453 588 10
453 589 10
453 590 10
453 591 10
453 594 10
453 595 10
453 596 10
453 608 10
453 610 10
453 613 10
453 617 10
453 623 10
453 627 10
453 629 10
453 635 10
453 636 10
453 637 10
453 641 10
453 644 10
453 645 10
453 649 10
453 654 10
454 311 10
454 313 10
454 319 10
454 320 10
454 322 10
454 323 10
454 324 10
454 327 10
454 329 10
454 331 10
454 335 10
454 336 10
454 337 10
454 339 10
454 340 10
454 341 10
454 342 10
454 351 10
454 352 10
454 358 10
454 367 10
454 371 10
454 386 10
454 387 10
454 394 10
454 400 10
454 401 10
454 402 10
454 409 10
454 413 10
454 414 10
454 422 10
454 424 10
454 425 10
454 426 10
454 427 10
454 435 10
454 439 10
454 441 10
454 443 10
454 448 10
454 449 10
454 451 10
454 455 10
454 461 10
454 462 10
454 463 10
454 472 10
454 473 10
454 475 10
454 477 10
454 478 10
454 488 10
454 490 10
454 492 10
454 493 10
454 495 10
454 497 10
454 500 10
454 501 10
454 517 10
454 519 10
454 520 10
454 521 10
454 524 10
454 525 10
454 528 10
454 531 10
454 532 10
454 533 10
454 534 10
454 536 10
454 537 10
454 538 10
454 539 10
454 541 10
454 544 10
454 545 10
454 546 10
454 553 10
454 554 10
454 557 10
454 559 10
454 560 10
454 562 10
454 564 10
454 571 10
454 572 10
454 573 10
454 574 10
454 576 10
454 586 10
454 588 10
454 589 10
454 594 10
454 610 10
454 612 10
454 616 10
454 624 10
454 627 10
454 629 10
454 630 10
454 635 10
454 639 10
454 641 10
454 644 10
454 649 10
454 652 10
454 653 10
454 655 10
454 656 10
454 658 10
454 661 10
455 312 10
455 320 10
455 322 10
455 323 10
455 324 10
455 326 10
455 338 10
455 340 10
455 341 10
455 342 10
455 347 10
455 350 10
455 351 10
455 382 10
455 383 10
455 384 10
455 387 10
455 389 10
455 391 10
455 394 10
455 395 10
455 396 10
455 397 10
455 399 10
455 403 10
455 404 10
455 406 10
455 409 10
455 411 10
455 412 10
455 413 10
455 423 10
455 424 10
455 426 10
455 427 10
455 429 10
455 430 10
455 438 10
455 439 10
455 445 10
455 446 10
455 447 10
455 448 10
455 451 10
455 454 10
455 456 10
455 460 10
455 469 10
455 470 10
455 474 10
455 475 10
455 477 10
455 481 10
455 482 10
455 483 10
455 488 10
455 489 10
455 490 10
455 491 10
455 493 10
455 494 10
455 517 10
455 518 10
455 521 10
455 523 10
455 527 10
455 528 10
455 529 10
455 532 10
455 533 10
455 534 10
455 535 10
455 536 10
455 538 10
455 545 10
455 546 10
455 551 10
455 552 10
455 553 10
455 554 10
455 556 10
455 558 10
455 560 10
455 562 10
455 563 10
455 565 10
455 569 10
455 570 10
455 571 10
455 572 10
455 576 10
455 578 10
455 579 10
455 580 10
455 581 10
455 587 10
455 588 10
455 592 10
455 609 10
455 610 10
455 611 10
455 613 10
455 614 10
455 621 10
455 627 10
455 631 10
455 634 10
455 635 10
455 636 10
455 642 10
455 647 10
455 649 10
455 651 10
455 653 10
455 654 10
455 657 10
455 685 10
455 687 10
455 689 10
456 318 10
456 321 10
456 323 10
456 326 10
456 329 10
456 347 10
456 351 10
456 358 10
456 360 10
456 380 10
456 381 10
456 385 10
456 389 10
456 394 10
456 396 10
456 398 10
456 399 10
456 401 10
456 404 10
456 405 10
456 406 10
456 411 10
456 422 10
456 425 10
456 441 10
456 442 10
456 443 10
456 445 10
456 447 10
456 449 10
456 450 10
456 461 10
456 463 10
456 470 10
456 471 10
456 474 10
456 475 10
456 485 10
456 497 10
456 498 10
456 499 10
456 500 10
456 503 10
456 508 10
456 520 10
456 521 10
456 522 10
456 523 10
456 527 10
456 529 10
456 530 10
456 532 10
456 533 10
456 534 10
456 536 10
456 539 10
456 540 10
456 541 10
456 546 10
456 552 10
456 553 10
456 555 10
456 563 10
456 568 10
456 570 10
456 571 10
456 573 10
456 575 10
456 578 10
456 580 10
456 583 10
456 584 10
456 586 10
456 587 10
456 589 10
456 592 10
456 596 10
456 599 10
456 629 10
456 631 10
456 633 10
456 634 10
456 636 10
456 637 10
456 650 10
456 651 10
456 652 10
456 653 10
456 655 10
456 685 10
456 686 10
457 322 10
457 324 10
457 325 10
457 326 10
457 328 10
457 329 10
457 350 10
457 351 10
457 352 10
457 359 10
457 361 10
457 362 10
457 365 10
457 371 10
457 381 10
457 386 10
457 388 10
457 389 10
457 391 10
457 393 10
457 395 10
457 397 10
457 398 10
457 400 10
457 402 10
457 403 10
457 404 10
457 409 10
457 410 10
457 411 10
457 412 10
457 413 10
457 414 10
457 415 10
457 421 10
457 423 10
457 424 10
457 427 10
457 437 10
457 439 10
457 442 10
457 443 10
457 445 10
457 446 10
457 447 10
457 448 10
457 452 10
457 461 10
457 463 10
457 469 10
457 471 10
457 472 10
457 474 10
457 476 10
457 477 10
457 479 10
457 481 10
457 482 10
457 483 10
457 490 10
457 493 10
457 498 10
457 500 10
457 503 10
457 505 10
457 506 10
457 515 10
457 516 10
457 517 10
457 518 10
457 519 10
457 521 10
457 526 10
457 532 10
457 533 10
457 534 10
457 536 10
457 538 10
457 539 10
457 545 10
457 549 10
457 553 10
457 556 10
457 557 10
457 558 10
457 560 10
457 561 10
457 563 10
457 564 10
457 566 10
457 568 10
457 571 10
457 572 10
457 574 10
457 575 10
457 576 10
457 578 10
457 580 10
457 584 10
457 588 10
457 589 10
457 592 10
457 595 10
457 596 10
457 599 10
457 609 10
457 632 10
457 633 10
457 635 10
457 643 10
457 646 10
457 647 10
457 652 10
457 653 10
457 655 10
457 659 10
457 667 10
457 672 10
457 673 10
457 685 10
457 686 10
457 687 10
457 688 10
457 689 10
458 321 10
458 322 10
458 324 10
458 325 10
458 348 10
458 349 10
458 350 10
458 351 10
458 355 10
458 357 10
458 365 10
458 382 10
458 387 10
458 388 10
458 392 10
458 395 10
458 399 10
458 400 10
458 403 10
458 408 10
458 413 10
458 417 10
458 421 10
458 423 10
458 426 10
458 427 10
458 438 10
458 439 10
458 442 10
458 443 10
458 444 10
458 445 10
458 446 10
458 447 10
458 448 10
458 449 10
458 455 10
458 458 10
458 460 10
458 462 10
458 467 10
458 468 10
458 469 10
458 473 10
458 476 10
458 480 10
458 486 10
458 489 10
458 490 10
458 491 10
458 500 10
458 502 10
458 505 10
458 511 10
458 512 10
458 513 10
458 516 10
458 519 10
458 520 10
458 524 10
458 528 10
458 530 10
458 531 10
458 532 10
458 533 10
458 534 10
458 535 10
458 536 10
458 537 10
458 538 10
458 539 10
458 540 10
458 544 10
458 553 10
458 557 10
458 561 10
458 565 10
458 568 10
458 571 10
458 573 10
458 575 10
458 578 10
458 579 10
458 580 10
458 585 10
458 591 10
458 593 10
458 623 10
458 632 10
458 635 10
458 641 10
458 643 10
458 644 10
458 646 10
458 648 10
458 649 10
458 651 10
458 652 10
458 671 10
458 672 10
458 680 10
458 681 10
458 688 10
459 321 10
459 322 10
459 324 10
459 325 10
459 349 10
459 350 10
459 353 10
459 358 10
459 359 10
459 360 10
459 363 10
459 384 10
459 388 10
459 390 10
459 396 10
459 399 10
459 400 10
459 403 10
459 410 10
459 412 10
459 414 10
459 415 10
459 416 10
459 419 10
459 421 10
459 424 10
459 426 10
459 439 10
459 440 10
459 441 10
459 442 10
459 443 10
459 444 10
459 445 10
459 446 10
459 447 10
459 448 10
459 452 10
459 461 10
459 467 10
459 468 10
459 470 10
459 475 10
459 479 10
459 480 10
459 482 10
459 485 10
459 487 10
459 491 10
459 492 10
459 494 10
459 496 10
459 497 10
459 498 10
459 499 10
459 500 10
459 501 10
459 505 10
459 508 10
459 511 10
459 515 10
459 516 10
459 518 10
459 529 10
459 535 10
459 537 10
459 539 10
459 553 10
459 557 10
459 558 10
459 559 10
459 560 10
459 561 10
459 562 10
459 563 10
459 565 10
459 566 10
459 567 10
459 568 10
459 570 10
459 574 10
459 575 10
459 576 10
459 577 10
459 578 10
459 580 10
459 583 10
459 584 10
459 585 10
459 587 10
459 588 10
459 595 10
459 596 10
459 622 10
459 631 10
459 632 10
459 637 10
459 649 10
459 650 10
459 651 10
459 653 10
459 654 10
459 666 10
459 670 10
459 672 10
459 679 10
459 683 10
459 684 10
459 688 10
459 689 10
460 322 10
460 323 10
460 330 10
460 353 10
460 358 10
460 360 10
460 389 10
460 390 10
460 391 10
460 392 10
460 393 10
460 394 10
460 395 10
460 396 10
460 401 10
460 402 10
460 405 10
460 406 10
460 409 10
460 412 10
460 416 10
460 421 10
460 423 10
460 430 10
460 436 10
460 439 10
460 440 10
460 444 10
460 445 10
460 446 10
460 448 10
460 456 10
460 457 10
460 460 10
460 461 10
460 462 10
460 467 10
460 468 10
460 477 10
460 478 10
460 479 10
460 480 10
460 482 10
460 483 10
460 484 10
460 485 10
460 494 10
460 495 10
460 499 10
460 502 10
460 503 10
460 506 10
460 518 10
460 521 10
460 522 10
460 523 10
460 530 10
460 531 10
460 532 10
460 534 10
460 536 10
460 537 10
460 538 10
460 539 10
460 540 10
460 541 10
460 543 10
460 553 10
460 559 10
460 560 10
460 561 10
460 569 10
460 570 10
460 571 10
460 572 10
460 574 10
460 575 10
460 576 10
460 578 10
460 580 10
460 583 10
460 585 10
460 587 10
460 595 10
460 622 10
460 627 10
460 628 10
460 629 10
460 632 10
460 633 10
460 637 10
460 639 10
460 642 10
460 646 10
460 648 10
460 651 10
460 652 10
460 662 10
460 665 10
460 668 10
460 669 10
460 672 10
460 680 10
460 684 10
460 686 10
460 687 10
461 352 10
461 353 10
461 360 10
461 362 10
461 385 10
461 391 10
461 392 10
461 394 10
461 398 10
461 402 10
461 405 10
461 406 10
461 407 10
461 413 10
461 414 10
461 415 10
461 417 10
461 418 10
461 419 10
461 423 10
461 424 10
461 439 10
461 440 10
461 441 10
461 442 10
461 443 10
461 444 10
461 445 10
461 446 10
461 450 10
461 451 10
461 454 10
461 457 10
461 458 10
461 462 10
461 467 10
461 468 10
461 469 10
461 473 10
461 475 10
461 480 10
461 482 10
461 483 10
461 490 10
461 491 10
461 493 10
461 495 10
461 496 10
461 497 10
461 498 10
461 499 10
461 500 10
461 502 10
461 503 10
461 504 10
461 505 10
461 506 10
461 507 10
461 510 10
461 512 10
461 514 10
461 515 10
461 516 10
461 517 10
461 518 10
461 532 10
461 534 10
461 535 10
461 537 10
461 543 10
461 544 10
461 548 10
461 556 10
461 568 10
461 571 10
461 574 10
461 575 10
461 576 10
461 586 10
461 588 10
461 589 10
461 594 10
461 596 10
461 621 10
461 623 10
461 630 10
461 634 10
461 635 10
461 636 10
461 637 10
461 641 10
461 642 10
461 643 10
461 650 10
461 651 10
461 652 10
461 667 10
461 679 10
461 680 10
461 681 10
461 682 10
461 683 10
461 684 10
461 687 10
461 688 10
462 349 10
462 352 10
462 356 10
462 365 10
462 381 10
462 383 10
462 390 10
462 392 10
462 393 10
462 395 10
462 396 10
462 397 10
462 401 10
462 403 10
462 405 10
462 411 10
462 413 10
462 416 10
462 417 10
462 419 10
462 421 10
462 423 10
462 425 10
462 434 10
462 438 10
462 441 10
462 443 10
462 447 10
462 454 10
462 455 10
462 456 10
462 457 10
462 460 10
462 462 10
462 463 10
462 477 10
462 478 10
462 483 10
462 493 10
462 494 10
462 496 10
462 500 10
462 501 10
462 503 10
462 504 10
462 505 10
462 506 10
462 510 10
462 512 10
462 514 10
462 515 10
462 516 10
462 517 10
462 518 10
462 519 10
462 532 10
462 533 10
462 535 10
462 536 10
462 537 10
462 538 10
462 542 10
462 543 10
462 545 10
462 552 10
462 553 10
462 558 10
462 561 10
462 565 10
462 566 10
462 567 10
462 570 10
462 574 10
462 575 10
462 576 10
462 577 10
462 578 10
462 586 10
462 587 10
462 589 10
462 590 10
462 592 10
462 593 10
462 599 10
462 619 10
462 623 10
462 636 10
462 637 10
462 638 10
462 639 10
462 640 10
462 643 10
462 645 10
462 647 10
462 652 10
462 659 10
462 660 10
462 672 10
462 683 10
463 350 10
463 361 10
463 371 10
463 379 10
463 382 10
463 385 10
463 392 10
463 393 10
463 394 10
463 395 10
463 397 10
463 398 10
463 400 10
463 401 10
463 403 10
463 404 10
463 405 10
463 406 10
463 407 10
463 408 10
463 410 10
463 416 10
463 418 10
463 420 10
463 421 10
463 422 10
463 423 10
463 424 10
463 426 10
463 436 10
463 440 10
463 443 10
463 444 10
463 446 10
463 453 10
463 456 10
463 457 10
463 458 10
463 459 10
463 463 10
463 464 10
463 466 10
463 467 10
463 470 10
463 478 10
463 480 10
463 481 10
463 483 10
463 488 10
463 490 10
463 492 10
463 494 10
463 496 10
463 497 10
463 499 10
463 500 10
463 502 10
463 503 10
463 504 10
463 507 10
463 509 10
463 510 10
463 511 10
463 513 10
463 514 10
463 516 10
463 518 10
463 520 10
463 533 10
463 537 10
463 538 10
463 541 10
463 543 10
463 544 10
463 552 10
463 553 10
463 554 10
463 558 10
463 560 10
463 562 10
463 566 10
463 569 10
463 570 10
463 574 10
463 575 10
463 576 10
463 581 10
463 585 10
463 590 10
463 591 10
463 592 10
463 602 10
463 619 10
463 620 10
463 623 10
463 624 10
463 639 10
463 640 10
463 641 10
463 643 10
463 645 10
463 648 10
463 650 10
463 653 10
463 671 10
463 674 10
463 675 10
463 680 10
463 681 10
463 682 10
463 686 10
464 343 10
464 358 10
464 361 10
464 362 10
464 363 10
464 365 10
464 380 10
464 388 10
464 389 10
464 391 10
464 393 10
464 394 10
464 396 10
464 397 10
464 398 10
464 400 10
464 401 10
464 405 10
464 408 10
464 410 10
464 411 10
464 415 10
464 416 10
464 417 10
464 418 10
464 419 10
464 420 10
464 423 10
464 425 10
464 427 10
464 433 10
464 434 10
464 439 10
464 440 10
464 442 10
464 444 10
464 445 10
464 450 10
464 453 10
464 454 10
464 457 10
464 460 10
464 461 10
464 462 10
464 464 10
464 465 10
464 471 10
464 485 10
464 486 10
464 487 10
464 488 10
464 490 10
464 492 10
464 493 10
464 494 10
464 497 10
464 498 10
464 499 10
464 500 10
464 501 10
464 504 10
464 505 10
464 506 10
464 509 10
464 510 10
464 514 10
464 515 10
464 516 10
464 519 10
464 531 10
464 533 10
464 535 10
464 542 10
464 551 10
464 553 10
464 554 10
464 556 10
464 558 10
464 559 10
464 563 10
464 566 10
464 568 10
464 571 10
464 576 10
464 578 10
464 579 10
464 580 10
464 584 10
464 587 10
464 588 10
464 590 10
464 592 10
464 601 10
464 602 10
464 618 10
464 620 10
464 626 10
464 635 10
464 636 10
464 641 10
464 642 10
464 643 10
464 645 10
464 646 10
464 654 10
464 657 10
464 659 10
464 661 10
464 665 10
464 668 10
464 671 10
464 672 10
464 675 10
464 679 10
464 680 10
464 681 10
464 683 10
464 684 10
465 356 10
465 358 10
465 364 10
465 377 10
465 378 10
465 381 10
465 383 10
465 387 10
465 395 10
465 396 10
465 397 10
465 398 10
465 400 10
465 403 10
465 405 10
465 406 10
465 407 10
465 408 10
465 411 10
465 418 10
465 420 10
465 425 10
465 428 10
465 448 10
465 454 10
465 456 10
465 458 10
465 459 10
465 462 10
465 465 10
465 468 10
465 469 10
465 471 10
465 474 10
465 481 10
465 482 10
465 492 10
465 496 10
465 500 10
465 501 10
465 502 10
465 505 10
465 508 10
465 511 10
465 512 10
465 514 10
465 518 10
465 521 10
465 524 10
465 532 10
465 533 10
465 535 10
465 536 10
465 538 10
465 539 10
465 540 10
465 545 10
465 552 10
465 554 10
465 557 10
465 566 10
465 568 10
465 570 10
465 574 10
465 576 10
465 577 10
465 578 10
465 579 10
465 581 10
465 584 10
465 585 10
465 586 10
465 592 10
465 594 10
465 595 10
465 596 10
465 599 10
465 601 10
465 622 10
465 626 10
465 633 10
465 637 10
465 638 10
465 640 10
465 641 10
465 642 10
465 649 10
465 650 10
465 652 10
465 654 10
465 656 10
465 657 10
465 659 10
465 660 10
465 661 10
465 662 10
465 665 10
465 667 10
465 671 10
465 672 10
465 673 10
465 674 10
465 679 10
465 681 10
465 683 10
465 686 10
466 341 10
466 344 10
466 360 10
466 365 10
466 367 10
466 375 10
466 384 10
466 390 10
466 391 10
466 392 10
466 393 10
466 394 10
466 395 10
466 398 10
466 400 10
466 401 10
466 402 10
466 403 10
466 404 10
466 406 10
466 409 10
466 410 10
466 412 10
466 416 10
466 418 10
466 419 10
466 422 10
466 428 10
466 445 10
466 446 10
466 448 10
466 451 10
466 452 10
466 455 10
466 456 10
466 457 10
466 459 10
466 468 10
466 473 10
466 481 10
466 485 10
466 487 10
466 488 10
466 490 10
466 491 10
466 493 10
466 494 10
466 495 10
466 497 10
466 501 10
466 503 10
466 504 10
466 505 10
466 506 10
466 507 10
466 508 10
466 509 10
466 510 10
466 514 10
466 515 10
466 516 10
466 517 10
466 521 10
466 526 10
466 529 10
466 533 10
466 534 10
466 548 10
466 549 10
466 550 10
466 552 10
466 554 10
466 556 10
466 563 10
466 567 10
466 570 10
466 571 10
466 575 10
466 582 10
466 583 10
466 586 10
466 588 10
466 589 10
466 593 10
466 598 10
466 599 10
466 601 10
466 602 10
466 609 10
466 618 10
466 619 10
466 621 10
466 624 10
466 627 10
466 628 10
466 633 10
466 637 10
466 639 10
466 643 10
466 645 10
466 653 10
466 656 10
466 662 10
466 663 10
466 666 10
466 667 10
466 668 10
466 669 10
466 681 10
466 683 10
466 684 10
466 687 10
467 355 10
467 357 10
467 358 10
467 359 10
467 363 10
467 377 10
467 378 10
467 384 10
467 386 10
467 391 10
467 394 10
467 396 10
467 398 10
467 399 10
467 400 10
467 403 10
467 406 10
467 408 10
467 409 10
467 410 10
467 411 10
467 415 10
467 416 10
467 422 10
467 427 10
467 429 10
467 436 10
467 441 10
467 442 10
467 445 10
467 456 10
467 458 10
467 459 10
467 461 10
467 463 10
467 471 10
467 475 10
467 476 10
467 480 10
467 486 10
467 487 10
467 489 10
467 493 10
467 495 10
467 497 10
467 499 10
467 502 10
467 503 10
467 505 10
467 508 10
467 512 10
467 514 10
467 519 10
467 523 10
467 525 10
467 535 10
467 544 10
467 550 10
467 551 10
467 560 10
467 561 10
467 565 10
467 566 10
467 572 10
467 573 10
467 574 10
467 577 10
467 579 10
467 584 10
467 589 10
467 595 10
467 596 10
467 597 10
467 598 10
467 624 10
467 626 10
467 633 10
467 641 10
467 642 10
467 647 10
467 648 10
467 649 10
467 655 10
467 658 10
467 661 10
467 665 10
467 668 10
467 669 10
467 672 10
467 679 10
467 682 10
467 685 10
467 691 10
468 352 10
468 353 10
468 357 10
468 361 10
468 366 10
468 379 10
468 382 10
468 384 10
468 386 10
468 389 10
468 390 10
468 393 10
468 394 10
468 395 10
468 396 10
468 397 10
468 398 10
468 399 10
468 401 10
468 405 10
468 408 10
468 409 10
468 411 10
468 413 10
468 417 10
468 418 10
468 442 10
468 444 10
468 448 10
468 455 10
468 456 10
468 457 10
468 458 10
468 459 10
468 462 10
468 465 10
468 471 10
468 473 10
468 477 10
468 488 10
468 489 10
468 490 10
468 491 10
468 493 10
468 495 10
468 496 10
468 497 10
468 498 10
468 499 10
468 504 10
468 506 10
468 508 10
468 513 10
468 515 10
468 516 10
468 517 10
468 518 10
468 519 10
468 520 10
468 521 10
468 525 10
468 527 10
468 534 10
468 535 10
468 536 10
468 537 10
468 545 10
468 550 10
468 551 10
468 554 10
468 557 10
468 558 10
468 560 10
468 561 10
468 564 10
468 565 10
468 568 10
468 571 10
468 572 10
468 574 10
468 578 10
468 584 10
468 591 10
468 596 10
468 597 10
468 598 10
468 599 10
468 603 10
468 604 10
468 605 10
468 607 10
468 608 10
468 616 10
468 618 10
468 619 10
468 621 10
468 623 10
468 628 10
468 633 10
468 634 10
468 636 10
468 638 10
468 640 10
468 641 10
468 642 10
468 643 10
468 644 10
468 645 10
468 648 10
468 650 10
468 656 10
468 657 10
468 661 10
468 666 10
468 668 10
468 670 10
468 671 10
468 674 10
468 681 10
468 683 10
468 688 10
468 689 10
468 690 10
468 691 10
469 356 10
469 359 10
469 360 10
469 363 10
469 365 10
469 368 10
469 372 10
469 373 10
469 376 10
469 389 10
469 391 10
469 392 10
469 393 10
469 394 10
469 395 10
469 396 10
469 397 10
469 400 10
469 401 10
469 403 10
469 404 10
469 405 10
469 409 10
469 410 10
469 413 10
469 415 10
469 416 10
469 422 10
469 430 10
469 432 10
469 434 10
469 436 10
469 440 10
469 443 10
469 451 10
469 453 10
469 456 10
469 458 10
469 461 10
469 465 10
469 468 10
469 470 10
469 471 10
469 475 10
469 479 10
469 480 10
469 485 10
469 486 10
469 488 10
469 490 10
469 491 10
469 493 10
469 494 10
469 495 10
469 496 10
469 497 10
469 498 10
469 503 10
469 510 10
469 512 10
469 513 10
469 514 10
469 515 10
469 518 10
469 522 10
469 523 10
469 525 10
469 531 10
469 533 10
469 534 10
469 536 10
469 544 10
469 555 10
469 558 10
469 561 10
469 563 10
469 565 10
469 567 10
469 571 10
469 574 10
469 575 10
469 576 10
469 577 10
469 581 10
469 584 10
469 587 10
469 588 10
469 590 10
469 595 10
469 596 10
469 597 10
469 599 10
469 609 10
469 616 10
469 619 10
469 627 10
469 629 10
469 632 10
469 644 10
469 648 10
469 650 10
469 659 10
469 662 10
469 663 10
469 665 10
469 666 10
469 669 10
469 673 10
469 678 10
469 687 10
470 353 10
470 361 10
470 364 10
470 365 10
470 367 10
470 369 10
470 371 10
470 372 10
470 374 10
470 375 10
470 376 10
470 381 10
470 385 10
470 387 10
470 388 10
470 391 10
470 394 10
470 395 10
470 396 10
470 397 10
470 398 10
470 399 10
470 401 10
470 402 10
470 403 10
470 406 10
470 410 10
470 412 10
470 415 10
470 417 10
470 418 10
470 430 10
470 436 10
470 441 10
470 443 10
470 449 10
470 455 10
470 456 10
470 457 10
470 460 10
470 462 10
470 470 10
470 471 10
470 492 10
470 493 10
470 496 10
470 497 10
470 498 10
470 499 10
470 500 10
470 503 10
470 511 10
470 514 10
470 516 10
470 520 10
470 527 10
470 529 10
470 531 10
470 534 10
470 542 10
470 548 10
470 549 10
470 560 10
470 561 10
470 562 10
470 563 10
470 569 10
470 571 10
470 576 10
470 577 10
470 583 10
470 586 10
470 590 10
470 591 10
470 592 10
470 599 10
470 602 10
470 605 10
470 606 10
470 617 10
470 628 10
470 633 10
470 635 10
470 636 10
470 638 10
470 640 10
470 642 10
470 643 10
470 644 10
470 645 10
470 647 10
470 654 10
470 656 10
470 662 10
470 664 10
470 665 10
470 668 10
470 669 10
470 671 10
470 673 10
470 678 10
471 348 10
471 352 10
471 353 10
471 354 10
471 356 10
471 357 10
471 365 10
471 368 10
471 369 10
471 371 10
471 372 10
471 373 10
471 374 10
471 379 10
471 380 10
471 381 10
471 386 10
471 390 10
471 392 10
471 393 10
471 394 10
471 395 10
471 396 10
471 398 10
471 400 10
471 401 10
471 403 10
471 404 10
471 405 10
471 406 10
471 407 10
471 410 10
471 421 10
471 437 10
471 439 10
471 441 10
471 443 10
471 445 10
471 449 10
471 453 10
471 457 10
471 459 10
471 460 10
471 461 10
471 465 10
471 472 10
471 473 10
471 474 10
471 476 10
471 477 10
471 480 10
471 481 10
471 487 10
471 488 10
471 490 10
471 495 10
471 497 10
471 498 10
471 499 10
471 501 10
471 510 10
471 511 10
471 512 10
471 514 10
471 517 10
471 519 10
471 520 10
471 530 10
471 536 10
471 537 10
471 556 10
471 557 10
471 562 10
471 564 10
471 565 10
471 566 10
471 567 10
471 571 10
471 572 10
471 574 10
471 575 10
471 576 10
471 577 10
471 583 10
471 584 10
471 585 10
471 586 10
471 587 10
471 590 10
471 593 10
471 594 10
471 596 10
471 597 10
471 604 10
471 616 10
471 632 10
471 633 10
471 634 10
471 642 10
471 658 10
471 660 10
471 664 10
471 665 10
471 666 10
471 667 10
471 673 10
471 678 10
472 347 10
472 348 10
472 358 10
472 359 10
472 361 10
472 363 10
472 364 10
472 367 10
472 369 10
472 370 10
472 371 10
472 372 10
472 374 10
472 375 10
472 378 10
472 381 10
472 389 10
472 392 10
472 393 10
472 395 10
472 396 10
472 398 10
472 400 10
472 401 10
472 402 10
472 405 10
472 406 10
472 414 10
472 416 10
472 421 10
472 435 10
472 437 10
472 440 10
472 443 10
472 450 10
472 457 10
472 459 10
472 461 10
472 462 10
472 463 10
472 470 10
472 473 10
472 474 10
472 475 10
472 476 10
472 477 10
472 481 10
472 485 10
472 488 10
472 492 10
472 493 10
472 495 10
472 502 10
472 510 10
472 514 10
472 517 10
472 519 10
472 521 10
472 526 10
472 552 10
472 554 10
472 558 10
472 561 10
472 565 10
472 571 10
472 572 10
472 576 10
472 577 10
472 578 10
472 581 10
472 582 10
472 584 10
472 585 10
472 586 10
472 587 10
472 588 10
472 589 10
472 590 10
472 591 10
472 592 10
472 596 10
472 604 10
472 615 10
472 619 10
472 620 10
472 634 10
472 637 10
472 638 10
472 641 10
472 653 10
472 654 10
472 656 10
472 661 10
472 662 10
472 664 10
472 666 10
472 668 10
472 671 10
472 674 10
473 345 10
473 349 10
473 360 10
473 364 10
473 367 10
473 378 10
473 379 10
473 381 10
473 390 10
473 391 10
473 395 10
473 399 10
473 401 10
473 402 10
473 403 10
473 405 10
473 408 10
473 410 10
473 412 10
473 413 10
473 417 10
473 421 10
473 424 10
473 429 10
473 439 10
473 442 10
473 445 10
473 447 10
473 453 10
473 457 10
473 460 10
473 461 10
473 462 10
473 464 10
473 466 10
473 468 10
473 469 10
473 470 10
473 471 10
473 474 10
473 476 10
473 486 10
473 488 10
473 494 10
473 495 10
473 498 10
473 500 10
473 501 10
473 503 10
473 505 10
473 511 10
473 515 10
473 516 10
473 517 10
473 518 10
473 519 10
473 535 10
473 542 10
473 547 10
473 549 10
473 550 10
473 554 10
473 555 10
473 561 10
473 562 10
473 563 10
473 564 10
473 566 10
473 567 10
473 569 10
473 571 10
473 574 10
473 576 10
473 579 10
473 581 10
473 582 10
473 584 10
473 585 10
473 588 10
473 590 10
473 591 10
473 592 10
473 593 10
473 594 10
473 598 10
473 601 10
473 618 10
473 619 10
473 620 10
473 622 10
473 628 10
473 631 10
473 632 10
473 633 10
473 634 10
473 637 10
473 639 10
473 653 10
473 654 10
473 655 10
473 656 10
473 660 10
473 661 10
473 663 10
473 666 10
473 667 10
473 669 10
473 671 10
473 673 10
474 346 10
474 347 10
474 359 10
474 361 10
474 362 10
474 363 10
474 365 10
474 368 10
474 370 10
474 375 10
474 376 10
474 377 10
474 378 10
474 379 10
474 381 10
474 382 10
474 389 10
474 390 10
474 395 10
474 396 10
474 399 10
474 401 10
474 402 10
474 403 10
474 407 10
474 408 10
474 414 10
474 415 10
474 416 10
474 418 10
474 421 10
474 431 10
474 439 10
474 440 10
474 447 10
474 449 10
474 455 10
474 461 10
474 467 10
474 469 10
474 475 10
474 478 10
474 479 10
474 486 10
474 487 10
474 492 10
474 493 10
474 500 10
474 506 10
474 514 10
474 515 10
474 517 10
474 519 10
474 520 10
474 521 10
474 522 10
474 526 10
474 529 10
474 537 10
474 539 10
474 541 10
474 544 10
474 546 10
474 548 10
474 552 10
474 560 10
474 563 10
474 565 10
474 566 10
474 567 10
474 568 10
474 570 10
474 576 10
474 578 10
474 583 10
474 584 10
474 587 10
474 588 10
474 589 10
474 594 10
474 595 10
474 596 10
474 604 10
474 605 10
474 616 10
474 624 10
474 628 10
474 630 10
474 631 10
474 632 10
474 634 10
474 636 10
474 637 10
474 653 10
474 658 10
474 660 10
474 662 10
474 670 10
474 671 10
474 673 10
474 686 10
475 345 10
475 348 10
475 350 10
475 351 10
475 361 10
475 363 10
475 364 10
475 366 10
475 367 10
475 369 10
475 370 10
475 378 10
475 380 10
475 381 10
475 384 10
475 388 10
475 389 10
475 392 10
475 394 10
475 395 10
475 399 10
475 401 10
475 402 10
475 404 10
475 406 10
475 414 10
475 415 10
475 416 10
475 417 10
475 420 10
475 423 10
475 432 10
475 434 10
475 445 10
475 446 10
475 448 10
475 450 10
475 451 10
475 454 10
475 455 10
475 458 10
475 459 10
475 461 10
475 463 10
475 464 10
475 467 10
475 469 10
475 470 10
475 471 10
475 473 10
475 477 10
475 478 10
475 490 10
475 495 10
475 496 10
475 505 10
475 513 10
475 515 10
475 516 10
475 518 10
475 519 10
475 523 10
475 535 10
475 538 10
475 539 10
475 549 10
475 553 10
475 557 10
475 558 10
475 559 10
475 562 10
475 563 10
475 565 10
475 567 10
475 568 10
475 585 10
475 586 10
475 588 10
475 590 10
475 591 10
475 594 10
475 595 10
475 596 10
475 603 10
475 606 10
475 618 10
475 620 10
475 622 10
475 624 10
475 625 10
475 626 10
475 627 10
475 628 10
475 629 10
475 631 10
475 632 10
475 633 10
475 634 10
475 639 10
475 640 10
475 655 10
475 657 10
475 659 10
475 661 10
475 666 10
475 668 10
475 669 10
475 670 10
475 671 10
475 672 10
476 344 10
476 347 10
476 361 10
476 363 10
476 364 10
476 366 10
476 367 10
476 368 10
476 373 10
476 376 10
476 379 10
476 380 10
476 384 10
476 385 10
476 386 10
476 390 10
476 395 10
476 397 10
476 400 10
476 403 10
476 404 10
476 405 10
476 407 10
476 408 10
476 409 10
476 412 10
476 420 10
476 435 10
476 440 10
476 441 10
476 447 10
476 448 10
476 451 10
476 453 10
476 454 10
476 461 10
476 468 10
476 469 10
476 471 10
476 473 10
476 480 10
476 481 10
476 483 10
476 485 10
476 486 10
476 494 10
476 496 10
476 497 10
476 502 10
476 521 10
476 534 10
476 538 10
476 540 10
476 543 10
476 551 10
476 552 10
476 553 10
476 554 10
476 555 10
476 556 10
476 558 10
476 561 10
476 562 10
476 566 10
476 567 10
476 568 10
476 569 10
476 570 10
476 579 10
476 581 10
476 583 10
476 584 10
476 585 10
476 586 10
476 587 10
476 594 10
476 595 10
476 596 10
476 598 10
476 604 10
476 605 10
476 617 10
476 619 10
476 625 10
476 627 10
476 629 10
476 630 10
476 631 10
476 632 10
476 650 10
476 651 10
476 654 10
476 656 10
476 662 10
476 663 10
476 667 10
476 668 10
477 351 10
477 358 10
477 362 10
477 364 10
477 365 10
477 369 10
477 376 10
477 377 10
477 378 10
477 379 10
477 382 10
477 388 10
477 391 10
477 395 10
477 396 10
477 399 10
477 400 10
477 401 10
477 403 10
477 404 10
477 405 10
477 412 10
477 414 10
477 417 10
477 419 10
477 427 10
477 428 10
477 430 10
477 431 10
477 432 10
477 433 10
477 444 10
477 445 10
477 448 10
477 451 10
477 453 10
477 455 10
477 459 10
477 461 10
477 464 10
477 468 10
477 477 10
477 481 10
477 482 10
477 486 10
477 487 10
477 490 10
477 492 10
477 493 10
477 494 10
477 495 10
477 496 10
477 497 10
477 500 10
477 505 10
477 512 10
477 513 10
477 517 10
477 521 10
477 531 10
477 536 10
477 537 10
477 541 10
477 542 10
477 550 10
477 551 10
477 552 10
477 553 10
477 554 10
477 555 10
477 558 10
477 565 10
477 566 10
477 567 10
477 568 10
477 569 10
477 570 10
477 574 10
477 583 10
477 584 10
477 585 10
477 586 10
477 595 10
477 597 10
477 602 10
477 603 10
477 606 10
477 607 10
477 620 10
477 622 10
477 623 10
477 626 10
477 630 10
477 638 10
477 640 10
477 644 10
477 645 10
477 656 10
477 664 10
477 666 10
477 670 10
477 672 10
477 676 10
478 353 10
478 355 10
478 356 10
478 358 10
478 362 10
478 364 10
478 365 10
478 366 10
478 367 10
478 369 10
478 381 10
478 382 10
478 384 10
478 386 10
478 394 10
478 396 10
478 397 10
478 398 10
478 399 10
478 401 10
478 402 10
478 404 10
478 406 10
478 407 10
478 409 10
478 413 10
478 414 10
478 415 10
478 417 10
478 426 10
478 429 10
478 434 10
478 451 10
478 453 10
478 459 10
478 464 10
478 467 10
478 480 10
478 483 10
478 485 10
478 487 10
478 492 10
478 493 10
478 496 10
478 498 10
478 503 10
478 511 10
478 513 10
478 515 10
478 516 10
478 517 10
478 519 10
478 521 10
478 538 10
478 551 10
478 552 10
478 553 10
478 555 10
478 557 10
478 558 10
478 562 10
478 563 10
478 566 10
478 567 10
478 568 10
478 578 10
478 579 10
478 580 10
478 581 10
478 582 10
478 583 10
478 585 10
478 586 10
478 592 10
478 599 10
478 600 10
478 605 10
478 607 10
478 621 10
478 622 10
478 623 10
478 624 10
478 625 10
478 626 10
478 628 10
478 629 10
478 630 10
478 631 10
478 644 10
478 645 10
478 652 10
478 654 10
478 666 10
478 671 10
479 348 10
479 351 10
479 356 10
479 357 10
479 361 10
479 362 10
479 363 10
479 364 10
479 365 10
479 366 10
479 374 10
479 378 10
479 385 10
479 386 10
479 388 10
479 392 10
479 397 10
479 399 10
479 400 10
479 401 10
479 403 10
479 406 10
479 409 10
479 413 10
479 430 10
479 431 10
479 433 10
479 443 10
479 444 10
479 446 10
479 447 10
479 448 10
479 449 10
479 450 10
479 451 10
479 453 10
479 455 10
479 457 10
479 465 10
479 467 10
479 469 10
479 477 10
479 479 10
479 480 10
479 485 10
479 487 10
479 488 10
479 494 10
479 496 10
479 510 10
479 512 10
479 519 10
479 522 10
479 525 10
479 531 10
479 532 10
479 536 10
479 537 10
479 551 10
479 552 10
479 553 10
479 554 10
479 555 10
479 556 10
479 557 10
479 558 10
479 562 10
479 565 10
479 566 10
479 567 10
479 568 10
479 569 10
479 571 10
479 573 10
479 574 10
479 579 10
479 580 10
479 581 10
479 584 10
479 591 10
479 594 10
479 597 10
479 598 10
479 600 10
479 601 10
479 602 10
479 603 10
479 606 10
479 608 10
479 615 10
479 620 10
479 621 10
479 624 10
479 626 10
479 627 10
479 630 10
479 641 10
479 644 10
479 650 10
479 656 10
479 667 10
479 669 10
479 672 10
479 674 10
479 684 10
479 687 10
479 690 10
479 693 10
480 345 10
480 350 10
480 352 10
480 355 10
480 357 10
480 358 10
480 359 10
480 360 10
480 363 10
480 364 10
480 367 10
480 368 10
480 383 10
480 387 10
480 390 10
480 391 10
480 393 10
480 396 10
480 397 10
480 398 10
480 399 10
480 400 10
480 402 10
480 403 10
480 404 10
480 408 10
480 411 10
480 412 10
480 413 10
480 417 10
480 419 10
480 421 10
480 424 10
480 426 10
480 428 10
480 432 10
480 433 10
480 445 10
480 447 10
480 450 10
480 455 10
480 456 10
480 464 10
480 466 10
480 468 10
480 469 10
480 470 10
480 471 10
480 478 10
480 482 10
480 483 10
480 487 10
480 488 10
480 490 10
480 491 10
480 494 10
480 496 10
480 499 10
480 500 10
480 501 10
480 502 10
480 503 10
480 515 10
480 524 10
480 529 10
480 530 10
480 550 10
480 551 10
480 555 10
480 556 10
480 557 10
480 558 10
480 562 10
480 567 10
480 570 10
480 571 10
480 573 10
480 574 10
480 578 10
480 579 10
480 580 10
480 581 10
480 582 10
480 584 10
480 590 10
480 591 10
480 597 10
480 599 10
480 600 10
480 601 10
480 602 10
480 603 10
480 605 10
480 607 10
480 609 10
480 610 10
480 619 10
480 622 10
480 627 10
480 631 10
480 632 10
480 641 10
480 643 10
480 644 10
480 648 10
480 651 10
480 654 10
480 665 10
480 667 10
480 669 10
480 683 10
480 686 10
480 688 10
480 690 10
480 693 10
480 696 10
481 344 10
481 349 10
481 351 10
481 352 10
481 354 10
481 355 10
481 359 10
481 361 10
481 362 10
481 365 10
481 366 10
481 367 10
481 373 10
481 375 10
481 377 10
481 386 10
481 391 10
481 392 10
481 393 10
481 397 10
481 399 10
481 400 10
481 401 10
481 406 10
481 407 10
481 408 10
481 409 10
481 410 10
481 413 10
481 414 10
481 415 10
481 419 10
481 423 10
481 424 10
481 426 10
481 431 10
481 443 10
481 445 10
481 446 10
481 451 10
481 452 10
481 454 10
481 455 10
481 459 10
481 461 10
481 464 10
481 466 10
481 470 10
481 471 10
481 472 10
481 477 10
481 484 10
481 485 10
481 487 10
481 489 10
481 490 10
481 493 10
481 497 10
481 498 10
481 501 10
481 502 10
481 503 10
481 509 10
481 512 10
481 517 10
481 519 10
481 520 10
481 521 10
481 531 10
481 532 10
481 540 10
481 541 10
481 545 10
481 550 10
481 552 10
481 553 10
481 554 10
481 556 10
481 559 10
481 560 10
481 561 10
481 565 10
481 569 10
481 572 10
481 573 10
481 575 10
481 576 10
481 578 10
481 579 10
481 582 10
481 587 10
481 597 10
481 599 10
481 600 10
481 606 10
481 607 10
481 608 10
481 628 10
481 629 10
481 630 10
481 637 10
481 641 10
481 642 10
481 646 10
481 647 10
481 649 10
481 653 10
481 654 10
481 666 10
481 668 10
481 672 10
481 674 10
481 683 10
481 684 10
481 686 10
481 688 10
482 350 10
482 353 10
482 357 10
482 360 10
482 362 10
482 364 10
482 367 10
482 373 10
482 394 10
482 398 10
482 399 10
482 400 10
482 401 10
482 402 10
482 403 10
482 404 10
482 405 10
482 409 10
482 410 10
482 411 10
482 412 10
482 413 10
482 414 10
482 415 10
482 420 10
482 421 10
482 423 10
482 425 10
482 426 10
482 432 10
482 439 10
482 444 10
482 446 10
482 447 10
482 449 10
482 453 10
482 454 10
482 456 10
482 457 10
482 458 10
482 464 10
482 465 10
482 466 10
482 467 10
482 468 10
482 469 10
482 470 10
482 472 10
482 474 10
482 479 10
482 481 10
482 483 10
482 490 10
482 491 10
482 492 10
482 493 10
482 494 10
482 495 10
482 496 10
482 497 10
482 502 10
482 505 10
482 512 10
482 520 10
482 521 10
482 526 10
482 529 10
482 531 10
482 534 10
482 538 10
482 541 10
482 544 10
482 545 10
482 552 10
482 553 10
482 554 10
482 555 10
482 556 10
482 557 10
482 561 10
482 569 10
482 572 10
482 573 10
482 577 10
482 578 10
482 580 10
482 581 10
482 582 10
482 583 10
482 584 10
482 592 10
482 596 10
482 597 10
482 598 10
482 599 10
482 601 10
482 603 10
482 604 10
482 606 10
482 620 10
482 621 10
482 622 10
482 624 10
482 627 10
482 629 10
482 638 10
482 640 10
482 642 10
482 644 10
482 649 10
482 650 10
482 651 10
482 652 10
482 654 10
482 655 10
482 656 10
482 658 10
482 661 10
482 662 10
482 665 10
482 666 10
482 667 10
482 684 10
482 685 10
482 686 10
482 688 10
482 692 10
482 695 10
482 696 10
482 698 10
483 350 10
483 359 10
483 362 10
483 365 10
483 367 10
483 372 10
483 375 10
483 376 10
483 377 10
483 391 10
483 392 10
483 394 10
483 399 10
483 403 10
483 404 10
483 406 10
483 407 10
483 409 10
483 410 10
483 411 10
483 412 10
483 413 10
483 414 10
483 415 10
483 416 10
483 420 10
483 426 10
483 427 10
483 428 10
483 441 10
483 442 10
483 444 10
483 446 10
483 448 10
483 450 10
483 453 10
483 454 10
483 455 10
483 456 10
483 460 10
483 463 10
483 467 10
483 469 10
483 470 10
483 472 10
483 476 10
483 477 10
483 486 10
483 488 10
483 491 10
483 493 10
483 494 10
483 497 10
483 499 10
483 500 10
483 501 10
483 510 10
483 511 10
483 512 10
483 514 10
483 515 10
483 518 10
483 519 10
483 521 10
483 523 10
483 529 10
483 531 10
483 532 10
483 533 10
483 537 10
483 538 10
483 539 10
483 540 10
483 544 10
483 547 10
483 551 10
483 554 10
483 555 10
483 556 10
483 557 10
483 559 10
483 564 10
483 569 10
483 572 10
483 574 10
483 578 10
483 579 10
483 580 10
483 581 10
483 582 10
483 583 10
483 587 10
483 588 10
483 594 10
483 597 10
483 598 10
483 599 10
483 600 10
483 601 10
483 603 10
483 604 10
483 613 10
483 619 10
483 620 10
483 622 10
483 625 10
483 626 10
483 628 10
483 631 10
483 635 10
483 636 10
483 638 10
483 640 10
483 643 10
483 647 10
483 648 10
483 649 10
483 653 10
483 654 10
483 656 10
483 658 10
483 667 10
483 673 10
483 674 10
483 676 10
483 682 10
483 683 10
483 685 10
483 686 10
483 687 10
483 691 10
483 694 10
483 695 10
483 698 10
484 360 10
484 361 10
484 363 10
484 366 10
484 370 10
484 373 10
484 374 10
484 375 10
484 376 10
484 377 10
484 386 10
484 392 10
484 398 10
484 399 10
484 400 10
484 401 10
484 403 10
484 405 10
484 407 10
484 409 10
484 410 10
484 411 10
484 412 10
484 413 10
484 414 10
484 415 10
484 416 10
484 421 10
484 423 10
484 424 10
484 425 10
484 428 10
484 430 10
484 431 10
484 433 10
484 436 10
484 440 10
484 442 10
484 444 10
484 447 10
484 449 10
484 450 10
484 451 10
484 452 10
484 453 10
484 456 10
484 457 10
484 460 10
484 462 10
484 464 10
484 465 10
484 466 10
484 467 10
484 468 10
484 469 10
484 470 10
484 471 10
484 478 10
484 479 10
484 482 10
484 485 10
484 488 10
484 490 10
484 492 10
484 493 10
484 494 10
484 495 10
484 496 10
484 498 10
484 511 10
484 512 10
484 516 10
484 519 10
484 520 10
484 524 10
484 534 10
484 539 10
484 547 10
484 551 10
484 553 10
484 554 10
484 556 10
484 558 10
484 560 10
484 563 10
484 566 10
484 569 10
484 572 10
484 573 10
484 576 10
484 577 10
484 578 10
484 579 10
484 581 10
484 582 10
484 583 10
484 584 10
484 585 10
484 587 10
484 588 10
484 589 10
484 594 10
484 596 10
484 597 10
484 599 10
484 600 10
484 602 10
484 603 10
484 606 10
484 607 10
484 608 10
484 614 10
484 618 10
484 620 10
484 621 10
484 622 10
484 626 10
484 628 10
484 636 10
484 641 10
484 646 10
484 647 10
484 651 10
484 654 10
484 661 10
484 668 10
484 671 10
484 673 10
484 678 10
484 679 10
484 680 10
484 682 10
484 684 10
484 685 10
484 691 10
484 697 10
484 699 10
485 350 10
485 352 10
485 361 10
485 362 10
485 365 10
485 367 10
485 372 10
485 373 10
485 374 10
485 375 10
485 376 10
485 378 10
485 389 10
485 391 10
485 393 10
485 395 10
485 397 10
485 399 10
485 400 10
485 402 10
485 403 10
485 406 10
485 407 10
485 409 10
485 411 10
485 412 10
485 414 10
485 416 10
485 418 10
485 419 10
485 424 10
485 426 10
485 428 10
485 441 10
485 442 10
485 443 10
485 445 10
485 449 10
485 450 10
485 453 10
485 454 10
485 456 10
485 457 10
485 458 10
485 459 10
485 463 10
485 465 10
485 466 10
485 467 10
485 468 10
485 469 10
485 472 10
485 475 10
485 476 10
485 477 10
485 478 10
485 479 10
485 481 10
485 482 10
485 484 10
485 486 10
485 490 10
485 491 10
485 493 10
485 495 10
485 496 10
485 497 10
485 500 10
485 506 10
485 507 10
485 508 10
485 509 10
485 510 10
485 511 10
485 512 10
485 513 10
485 514 10
485 515 10
485 516 10
485 517 10
485 532 10
485 536 10
485 537 10
485 538 10
485 543 10
485 544 10
485 545 10
485 548 10
485 549 10
485 551 10
485 554 10
485 556 10
485 557 10
485 558 10
485 560 10
485 562 10
485 565 10
485 572 10
485 574 10
485 578 10
485 579 10
485 581 10
485 583 10
485 586 10
485 587 10
485 597 10
485 600 10
485 601 10
485 602 10
485 603 10
485 604 10
485 606 10
485 608 10
485 620 10
485 621 10
485 630 10
485 631 10
485 634 10
485 637 10
485 638 10
485 641 10
485 642 10
485 643 10
485 644 10
485 646 10
485 649 10
485 651 10
485 653 10
485 662 10
485 663 10
485 669 10
485 670 10
485 671 10
485 673 10
485 675 10
485 680 10
485 682 10
485 683 10
485 684 10
485 685 10
485 686 10
485 687 10
485 691 10
485 696 10
485 698 10
485 699 10
486 349 10
486 353 10
486 369 10
486 370 10
486 372 10
486 373 10
486 377 10
486 388 10
486 398 10
486 399 10
486 402 10
486 403 10
486 404 10
486 406 10
486 407 10
486 408 10
486 409 10
486 410 10
486 413 10
486 415 10
486 416 10
486 417 10
486 420 10
486 422 10
486 425 10
486 426 10
486 428 10
486 429 10
486 435 10
486 436 10
486 442 10
486 443 10
486 444 10
486 445 10
486 447 10
486 448 10
486 450 10
486 451 10
486 454 10
486 455 10
486 456 10
486 457 10
486 458 10
486 459 10
486 461 10
486 462 10
486 463 10
486 466 10
486 467 10
486 468 10
486 469 10
486 470 10
486 472 10
486 474 10
486 475 10
486 476 10
486 477 10
486 478 10
486 479 10
486 480 10
486 483 10
486 486 10
486 487 10
486 490 10
486 491 10
486 493 10
486 494 10
486 495 10
486 496 10
486 497 10
486 504 10
486 506 10
486 508 10
486 510 10
486 511 10
486 512 10
486 514 10
486 515 10
486 523 10
486 534 10
486 546 10
486 548 10
486 549 10
486 550 10
486 552 10
486 553 10
486 554 10
486 556 10
486 561 10
486 564 10
486 570 10
486 573 10
486 574 10
486 575 10
486 578 10
486 580 10
486 583 10
486 585 10
486 586 10
486 590 10
486 596 10
486 598 10
486 604 10
486 608 10
486 620 10
486 622 10
486 624 10
486 634 10
486 635 10
486 642 10
486 646 10
486 647 10
486 648 10
486 649 10
486 651 10
486 653 10
486 654 10
486 655 10
486 656 10
486 657 10
486 661 10
486 670 10
486 675 10
486 676 10
486 677 10
486 680 10
486 681 10
486 683 10
486 684 10
486 685 10
486 687 10
486 688 10
486 689 10
486 691 10
486 694 10
486 696 10
486 697 10
487 351 10
487 361 10
487 362 10
487 364 10
487 365 10
487 367 10
487 369 10
487 373 10
487 374 10
487 375 10
487 376 10
487 377 10
487 388 10
487 400 10
487 401 10
487 402 10
487 404 10
487 405 10
487 406 10
487 408 10
487 409 10
487 410 10
487 411 10
487 413 10
487 414 10
487 415 10
487 416 10
487 417 10
487 418 10
487 419 10
487 422 10
487 423 10
487 424 10
487 427 10
487 430 10
487 431 10
487 432 10
487 434 10
487 435 10
487 441 10
487 442 10
487 443 10
487 445 10
487 448 10
487 449 10
487 451 10
487 452 10
487 454 10
487 455 10
487 456 10
487 457 10
487 458 10
487 459 10
487 460 10
487 461 10
487 462 10
487 464 10
487 465 10
487 466 10
487 467 10
487 468 10
487 469 10
487 471 10
487 474 10
487 477 10
487 479 10
487 481 10
487 482 10
487 483 10
487 485 10
487 486 10
487 491 10
487 492 10
487 494 10
487 496 10
487 497 10
487 498 10
487 501 10
487 505 10
487 506 10
487 507 10
487 510 10
487 514 10
487 517 10
487 520 10
487 521 10
487 522 10
487 528 10
487 530 10
487 533 10
487 535 10
487 536 10
487 537 10
487 538 10
487 543 10
487 548 10
487 549 10
487 550 10
487 551 10
487 552 10
487 553 10
487 554 10
487 555 10
487 556 10
487 558 10
487 559 10
487 564 10
487 566 10
487 567 10
487 570 10
487 572 10
487 573 10
487 574 10
487 577 10
487 580 10
487 582 10
487 585 10
487 586 10
487 594 10
487 598 10
487 603 10
487 604 10
487 605 10
487 607 10
487 618 10
487 626 10
487 631 10
487 637 10
487 638 10
487 640 10
487 642 10
487 649 10
487 651 10
487 655 10
487 657 10
487 662 10
487 664 10
487 666 10
487 667 10
487 668 10
487 669 10
487 670 10
487 676 10
487 679 10
487 682 10
487 684 10
487 685 10
487 686 10
487 687 10
487 691 10
488 350 10
488 357 10
488 367 10
488 372 10
488 374 10
488 377 10
488 389 10
488 401 10
488 402 10
488 404 10
488 406 10
488 408 10
488 409 10
488 410 10
488 412 10
488 413 10
488 414 10
488 415 10
488 416 10
488 422 10
488 424 10
488 427 10
488 429 10
488 431 10
488 433 10
488 434 10
488 436 10
488 438 10
488 445 10
488 446 10
488 447 10
488 448 10
488 450 10
488 451 10
488 452 10
488 453 10
488 454 10
488 456 10
488 457 10
488 458 10
488 459 10
488 460 10
488 461 10
488 462 10
488 463 10
488 464 10
488 465 10
488 466 10
488 468 10
488 469 10
488 471 10
488 472 10
488 480 10
488 481 10
488 483 10
488 485 10
488 489 10
488 490 10
488 492 10
488 493 10
488 494 10
488 501 10
488 503 10
488 504 10
488 505 10
488 506 10
488 512 10
488 514 10
488 515 10
488 516 10
488 517 10
488 522 10
488 528 10
488 535 10
488 537 10
488 539 10
488 543 10
488 548 10
488 550 10
488 553 10
488 555 10
488 556 10
488 560 10
488 561 10
488 567 10
488 568 10
488 570 10
488 571 10
488 574 10
488 575 10
488 579 10
488 580 10
488 581 10
488 582 10
488 583 10
488 586 10
488 597 10
488 599 10
488 600 10
488 601 10
488 604 10
488 608 10
488 610 10
488 621 10
488 623 10
488 624 10
488 626 10
488 628 10
488 637 10
488 639 10
488 640 10
488 644 10
488 646 10
488 648 10
488 652 10
488 654 10
488 656 10
488 667 10
488 674 10
488 676 10
488 678 10
488 689 10
488 692 10
489 350 10
489 351 10
489 359 10
489 360 10
489 369 10
489 376 10
489 387 10
489 398 10
489 402 10
489 403 10
489 404 10
489 405 10
489 406 10
489 407 10
489 408 10
489 410 10
489 411 10
489 412 10
489 413 10
489 414 10
489 415 10
489 417 10
489 418 10
489 420 10
489 422 10
489 423 10
489 425 10
489 426 10
489 433 10
489 434 10
489 437 10
489 443 10
489 444 10
489 445 10
489 446 10
489 447 10
489 448 10
489 449 10
489 451 10
489 452 10
489 453 10
489 454 10
489 455 10
489 456 10
489 457 10
489 458 10
489 459 10
489 461 10
489 462 10
489 464 10
489 465 10
489 468 10
489 469 10
489 470 10
489 471 10
489 472 10
489 473 10
489 474 10
489 475 10
489 477 10
489 478 10
489 480 10
489 481 10
489 482 10
489 483 10
489 486 10
489 487 10
489 488 10
489 491 10
489 492 10
489 493 10
489 494 10
489 495 10
489 496 10
489 497 10
489 498 10
489 499 10
489 500 10
489 501 10
489 506 10
489 508 10
489 510 10
489 511 10
489 515 10
489 517 10
489 518 10
489 528 10
489 535 10
489 537 10
489 539 10
489 541 10
489 542 10
489 550 10
489 551 10
489 553 10
489 554 10
489 556 10
489 557 10
489 558 10
489 560 10
489 561 10
489 562 10
489 563 10
489 564 10
489 565 10
489 566 10
489 570 10
489 571 10
489 573 10
489 576 10
489 578 10
489 579 10
489 580 10
489 581 10
489 583 10
489 584 10
489 585 10
489 589 10
489 594 10
489 603 10
489 606 10
489 615 10
489 617 10
489 624 10
489 625 10
489 627 10
489 632 10
489 637 10
489 639 10
489 640 10
489 644 10
489 646 10
489 649 10
489 650 10
489 652 10
489 656 10
489 657 10
489 661 10
489 663 10
489 664 10
489 665 10
489 666 10
489 667 10
489 669 10
489 678 10
489 680 10
489 681 10
489 685 10
489 686 10
489 694 10
490 355 10
490 356 10
490 357 10
490 358 10
490 359 10
490 367 10
490 369 10
490 374 10
490 376 10
490 377 10
490 386 10
490 389 10
490 390 10
490 395 10
490 399 10
490 400 10
490 402 10
490 403 10
490 404 10
490 405 10
490 407 10
490 408 10
490 409 10
490 410 10
490 411 10
490 412 10
490 413 10
490 414 10
490 415 10
490 418 10
490 420 10
490 422 10
490 424 10
490 425 10
490 427 10
490 433 10
490 434 10
490 435 10
490 436 10
490 438 10
490 441 10
490 443 10
490 444 10
490 447 10
490 448 10
490 449 10
490 450 10
490 451 10
490 452 10
490 454 10
490 455 10
490 456 10
490 457 10
490 458 10
490 459 10
490 461 10
490 462 10
490 463 10
490 466 10
490 467 10
490 469 10
490 470 10
490 473 10
490 475 10
490 477 10
490 478 10
490 479 10
490 480 10
490 481 10
490 485 10
490 488 10
490 489 10
490 490 10
490 492 10
490 497 10
490 500 10
490 504 10
490 505 10
490 507 10
490 510 10
490 512 10
490 513 10
490 514 10
490 515 10
490 517 10
490 522 10
490 524 10
490 527 10
490 528 10
490 529 10
490 531 10
490 539 10
490 548 10
490 551 10
490 553 10
490 554 10
490 555 10
490 556 10
490 559 10
490 561 10
490 562 10
490 565 10
490 566 10
490 567 10
490 571 10
490 572 10
490 578 10
490 580 10
490 581 10
490 582 10
490 583 10
490 585 10
490 587 10
490 588 10
490 598 10
490 599 10
490 602 10
490 605 10
490 608 10
490 609 10
490 630 10
490 635 10
490 640 10
490 644 10
490 646 10
490 651 10
490 653 10
490 655 10
490 656 10
490 657 10
490 658 10
490 659 10
490 662 10
490 664 10
490 665 10
490 666 10
490 667 10
490 668 10
490 669 10
490 670 10
490 672 10
490 673 10
490 674 10
490 677 10
490 678 10
490 681 10
490 696 10
490 702 10
490 704 10
490 705 10
491 353 10
491 354 10
491 356 10
491 359 10
491 360 10
491 361 10
491 363 10
491 364 10
491 367 10
491 372 10
491 373 10
491 374 10
491 375 10
491 377 10
491 387 10
491 388 10
491 389 10
491 397 10
491 398 10
491 399 10
491 400 10
491 402 10
491 403 10
491 404 10
491 405 10
491 407 10
491 408 10
491 409 10
491 410 10
491 412 10
491 413 10
491 416 10
491 418 10
491 420 10
491 424 10
491 430 10
491 431 10
491 443 10
491 445 10
491 446 10
491 447 10
491 448 10
491 449 10
491 450 10
491 451 10
491 452 10
491 453 10
491 454 10
491 455 10
491 456 10
491 457 10
491 458 10
491 459 10
491 460 10
491 461 10
491 462 10
491 463 10
491 464 10
491 465 10
491 466 10
491 467 10
491 468 10
491 470 10
491 471 10
491 473 10
491 475 10
491 480 10
491 486 10
491 489 10
491 491 10
491 493 10
491 494 10
491 495 10
491 497 10
491 499 10
491 500 10
491 501 10
491 508 10
491 509 10
491 511 10
491 515 10
491 516 10
491 517 10
491 518 10
491 522 10
491 541 10
491 543 10
491 545 10
491 548 10
491 549 10
491 550 10
491 551 10
491 552 10
491 553 10
491 554 10
491 555 10
491 556 10
491 557 10
491 558 10
491 561 10
491 564 10
491 565 10
491 566 10
491 568 10
491 570 10
491 579 10
491 580 10
491 581 10
491 582 10
491 583 10
491 584 10
491 588 10
491 590 10
491 603 10
491 605 10
491 609 10
491 610 10
491 611 10
491 613 10
491 629 10
491 630 10
491 635 10
491 636 10
491 637 10
491 641 10
491 642 10
491 644 10
491 646 10
491 650 10
491 651 10
491 653 10
491 656 10
491 660 10
491 662 10
491 664 10
491 665 10
491 666 10
491 670 10
491 671 10
491 672 10
491 673 10
491 674 10
491 684 10
491 686 10
491 691 10
491 695 10
491 697 10
492 351 10
492 356 10
492 369 10
492 372 10
492 375 10
492 377 10
492 388 10
492 392 10
492 393 10
492 395 10
492 397 10
492 398 10
492 399 10
492 401 10
492 402 10
492 403 10
492 404 10
492 405 10
492 406 10
492 407 10
492 408 10
492 409 10
492 410 10
492 411 10
492 413 10
492 416 10
492 419 10
492 430 10
492 431 10
492 433 10
492 436 10
492 437 10
492 442 10
492 444 10
492 445 10
492 446 10
492 447 10
492 448 10
492 449 10
492 450 10
492 451 10
492 453 10
492 454 10
492 455 10
492 456 10
492 457 10
492 458 10
492 459 10
492 460 10
492 461 10
492 462 10
492 464 10
492 465 10
492 467 10
492 468 10
492 470 10
492 471 10
492 472 10
492 473 10
492 474 10
492 475 10
492 477 10
492 479 10
492 481 10
492 484 10
492 488 10
492 489 10
492 491 10
492 493 10
492 496 10
492 497 10
492 500 10
492 501 10
492 502 10
492 503 10
492 504 10
492 507 10
492 510 10
492 512 10
492 514 10
492 517 10
492 519 10
492 544 10
492 545 10
492 547 10
492 548 10
492 552 10
492 553 10
492 554 10
492 555 10
492 558 10
492 559 10
492 560 10
492 561 10
492 562 10
492 565 10
492 566 10
492 568 10
492 575 10
492 577 10
492 578 10
492 579 10
492 580 10
492 581 10
492 582 10
492 583 10
492 585 10
492 586 10
492 587 10
492 593 10
492 595 10
492 604 10
492 605 10
492 606 10
492 607 10
492 610 10
492 611 10
492 615 10
492 616 10
492 622 10
492 624 10
492 638 10
492 642 10
492 649 10
492 653 10
492 654 10
492 655 10
492 660 10
492 662 10
492 665 10
492 668 10
492 669 10
492 670 10
492 672 10
492 675 10
492 677 10
492 681 10
492 682 10
492 683 10
492 685 10
492 686 10
492 687 10
492 688 10
492 691 10
492 695 10
492 700 10
492 701 10
492 702 10
492 706 10
492 707 10
493 352 10
493 360 10
493 371 10
493 372 10
493 373 10
493 385 10
493 387 10
493 390 10
493 392 10
493 393 10
493 394 10
493 395 10
493 396 10
493 397 10
493 398 10
493 399 10
493 401 10
493 404 10
493 406 10
493 407 10
493 408 10
493 410 10
493 413 10
493 414 10
493 415 10
493 416 10
493 418 10
493 419 10
493 420 10
493 431 10
493 434 10
493 435 10
493 437 10
493 442 10
493 445 10
493 446 10
493 447 10
493 448 10
493 449 10
493 450 10
493 451 10
493 452 10
493 453 10
493 454 10
493 455 10
493 456 10
493 459 10
493 460 10
493 462 10
493 463 10
493 466 10
493 468 10
493 470 10
493 471 10
493 472 10
493 473 10
493 474 10
493 475 10
493 476 10
493 477 10
493 479 10
493 482 10
493 484 10
493 490 10
493 491 10
493 494 10
493 496 10
493 497 10
493 498 10
493 499 10
493 502 10
493 514 10
493 515 10
493 517 10
493 521 10
493 522 10
493 543 10
493 545 10
493 547 10
493 551 10
493 552 10
493 554 10
493 555 10
493 556 10
493 557 10
493 559 10
493 561 10
493 562 10
493 563 10
493 564 10
493 565 10
493 568 10
493 577 10
493 579 10
493 581 10
493 582 10
493 583 10
493 584 10
493 587 10
493 591 10
493 592 10
493 594 10
493 595 10
493 601 10
493 604 10
493 607 10
493 608 10
493 609 10
493 610 10
493 618 10
493 621 10
493 624 10
493 629 10
493 630 10
493 633 10
493 642 10
493 647 10
493 648 10
493 651 10
493 652 10
493 653 10
493 660 10
493 663 10
493 665 10
493 666 10
493 668 10
493 669 10
493 670 10
493 672 10
493 674 10
493 675 10
493 681 10
493 682 10
493 683 10
493 685 10
493 688 10
493 692 10
493 694 10
493 698 10
493 699 10
493 701 10
493 706 10
494 357 10
494 358 10
494 361 10
494 364 10
494 372 10
494 373 10
494 375 10
494 378 10
494 380 10
494 391 10
494 392 10
494 395 10
494 403 10
494 405 10
494 406 10
494 407 10
494 409 10
494 412 10
494 414 10
494 417 10
494 429 10
494 432 10
494 437 10
494 438 10
494 441 10
494 443 10
494 444 10
494 445 10
494 447 10
494 448 10
494 449 10
494 453 10
494 454 10
494 455 10
494 456 10
494 457 10
494 458 10
494 460 10
494 462 10
494 463 10
494 466 10
494 469 10
494 470 10
494 475 10
494 476 10
494 477 10
494 478 10
494 479 10
494 480 10
494 482 10
494 491 10
494 493 10
494 494 10
494 496 10
494 497 10
494 498 10
494 499 10
494 500 10
494 501 10
494 503 10
494 514 10
494 517 10
494 521 10
494 549 10
494 551 10
494 552 10
494 553 10
494 554 10
494 555 10
494 556 10
494 557 10
494 558 10
494 559 10
494 561 10
494 566 10
494 573 10
494 577 10
494 581 10
494 582 10
494 586 10
494 591 10
494 593 10
494 594 10
494 595 10
494 596 10
494 599 10
494 603 10
494 604 10
494 605 10
494 606 10
494 607 10
494 611 10
494 615 10
494 619 10
494 621 10
494 624 10
494 630 10
494 631 10
494 632 10
494 633 10
494 644 10
494 650 10
494 652 10
494 659 10
494 660 10
494 663 10
494 671 10
494 672 10
494 673 10
494 674 10
494 676 10
494 677 10
494 682 10
494 684 10
494 685 10
494 691 10
494 696 10
495 355 10
495 356 10
495 358 10
495 368 10
495 374 10
495 377 10
495 380 10
495 383 10
495 384 10
495 385 10
495 386 10
495 387 10
495 390 10
495 393 10
495 394 10
495 395 10
495 396 10
495 400 10
495 401 10
495 403 10
495 405 10
495 406 10
495 407 10
495 413 10
495 414 10
495 418 10
495 420 10
495 421 10
495 429 10
495 433 10
495 436 10
495 439 10
495 440 10
495 441 10
495 443 10
495 445 10
495 446 10
495 447 10
495 448 10
495 449 10
495 450 10
495 451 10
495 452 10
495 453 10
495 455 10
495 458 10
495 459 10
495 460 10
495 461 10
495 464 10
495 468 10
495 469 10
495 472 10
495 473 10
495 474 10
495 476 10
495 477 10
495 478 10
495 479 10
495 493 10
495 494 10
495 495 10
495 496 10
495 498 10
495 500 10
495 514 10
495 519 10
495 537 10
495 538 10
495 539 10
495 546 10
495 547 10
495 552 10
495 554 10
495 556 10
495 557 10
495 559 10
495 560 10
495 561 10
495 564 10
495 566 10
495 567 10
495 569 10
495 579 10
495 580 10
495 581 10
495 583 10
495 585 10
495 586 10
495 587 10
495 589 10
495 592 10
495 593 10
495 594 10
495 596 10
495 606 10
495 607 10
495 608 10
495 609 10
495 616 10
495 617 10
495 618 10
495 620 10
495 622 10
495 630 10
495 631 10
495 633 10
495 634 10
495 635 10
495 636 10
495 637 10
495 639 10
495 641 10
495 644 10
495 647 10
495 648 10
495 651 10
495 652 10
495 653 10
495 658 10
495 659 10
495 662 10
495 663 10
495 676 10
495 677 10
495 680 10
495 682 10
495 683 10
495 684 10
495 693 10
495 694 10
495 697 10
495 704 10
495 705 10
496 357 10
496 365 10
496 369 10
496 372 10
496 373 10
496 374 10
496 375 10
496 376 10
496 377 10
496 386 10
496 387 10
496 390 10
496 391 10
496 395 10
496 398 10
496 399 10
496 400 10
496 403 10
496 405 10
496 406 10
496 407 10
496 408 10
496 411 10
496 412 10
496 413 10
496 414 10
496 416 10
496 417 10
496 419 10
496 421 10
496 427 10
496 434 10
496 435 10
496 436 10
496 439 10
496 443 10
496 446 10
496 448 10
496 449 10
496 450 10
496 451 10
496 454 10
496 455 10
496 456 10
496 457 10
496 458 10
496 459 10
496 460 10
496 461 10
496 463 10
496 464 10
496 466 10
496 467 10
496 470 10
496 471 10
496 472 10
496 475 10
496 481 10
496 482 10
496 485 10
496 486 10
496 487 10
496 490 10
496 491 10
496 493 10
496 495 10
496 496 10
496 497 10
496 500 10
496 502 10
496 517 10
496 518 10
496 519 10
496 520 10
496 522 10
496 524 10
496 543 10
496 546 10
496 547 10
496 548 10
496 549 10
496 550 10
496 552 10
496 557 10
496 558 10
496 560 10
496 561 10
496 562 10
496 564 10
496 565 10
496 568 10
496 579 10
496 581 10
496 582 10
496 583 10
496 585 10
496 586 10
496 587 10
496 591 10
496 594 10
496 596 10
496 601 10
496 605 10
496 606 10
496 608 10
496 609 10
496 610 10
496 612 10
496 614 10
496 615 10
496 631 10
496 632 10
496 634 10
496 636 10
496 637 10
496 641 10
496 642 10
496 649 10
496 650 10
496 651 10
496 660 10
496 669 10
496 670 10
496 672 10
496 673 10
496 674 10
496 675 10
496 682 10
496 692 10
496 694 10
496 695 10
496 705 10
496 707 10
497 347 10
497 349 10
497 366 10
497 371 10
497 377 10
497 382 10
497 384 10
497 391 10
497 392 10
497 397 10
497 399 10
497 400 10
497 404 10
497 405 10
497 406 10
497 407 10
497 410 10
497 411 10
497 412 10
497 413 10
497 415 10
497 417 10
497 419 10
497 420 10
497 427 10
497 428 10
497 438 10
497 441 10
497 443 10
497 444 10
497 445 10
497 447 10
497 448 10
497 449 10
497 450 10
497 451 10
497 452 10
497 453 10
497 455 10
497 456 10
497 458 10
497 459 10
497 460 10
497 461 10
497 464 10
497 465 10
497 466 10
497 471 10
497 472 10
497 474 10
497 475 10
497 476 10
497 481 10
497 482 10
497 484 10
497 486 10
497 488 10
497 491 10
497 493 10
497 495 10
497 496 10
497 497 10
497 498 10
497 510 10
497 515 10
497 521 10
497 525 10
497 536 10
497 539 10
497 541 10
497 544 10
497 545 10
497 547 10
497 548 10
497 550 10
497 551 10
497 553 10
497 556 10
497 557 10
497 559 10
497 562 10
497 564 10
497 569 10
497 579 10
497 582 10
497 583 10
497 584 10
497 587 10
497 588 10
497 589 10
497 594 10
497 603 10
497 604 10
497 606 10
497 609 10
497 613 10
497 615 10
497 618 10
497 636 10
497 637 10
497 642 10
497 643 10
497 648 10
497 649 10
497 650 10
497 652 10
497 657 10
497 661 10
497 667 10
497 669 10
497 672 10
497 673 10
497 692 10
497 704 10
498 350 10
498 366 10
498 368 10
498 371 10
498 380 10
498 387 10
498 390 10
498 394 10
498 395 10
498 397 10
498 398 10
498 399 10
498 401 10
498 405 10
498 411 10
498 412 10
498 413 10
498 414 10
498 415 10
498 417 10
498 418 10
498 419 10
498 421 10
498 427 10
498 443 10
498 444 10
498 447 10
498 449 10
498 450 10
498 451 10
498 452 10
498 453 10
498 454 10
498 456 10
498 457 10
498 458 10
498 460 10
498 462 10
498 463 10
498 465 10
498 468 10
498 471 10
498 472 10
498 474 10
498 475 10
498 478 10
498 480 10
498 485 10
498 486 10
498 488 10
498 489 10
498 494 10
498 495 10
498 500 10
498 501 10
498 511 10
498 519 10
498 524 10
498 531 10
498 537 10
498 539 10
498 540 10
498 541 10
498 543 10
498 546 10
498 551 10
498 553 10
498 555 10
498 556 10
498 559 10
498 560 10
498 562 10
498 563 10
498 566 10
498 567 10
498 569 10
498 579 10
498 580 10
498 581 10
498 582 10
498 583 10
498 584 10
498 585 10
498 586 10
498 587 10
498 590 10
498 601 10
498 603 10
498 604 10
498 605 10
498 606 10
498 607 10
498 608 10
498 610 10
498 612 10
498 616 10
498 617 10
498 618 10
498 634 10
498 641 10
498 645 10
498 647 10
498 648 10
498 650 10
498 656 10
498 657 10
498 658 10
498 673 10
498 674 10
498 681 10
498 683 10
498 693 10
498 702 10
498 703 10
499 350 10
499 351 10
499 359 10
499 364 10
499 367 10
499 368 10
499 372 10
499 376 10
499 386 10
499 389 10
499 390 10
499 391 10
499 392 10
499 393 10
499 394 10
499 395 10
499 396 10
499 398 10
499 399 10
499 400 10
499 401 10
499 403 10
499 404 10
499 405 10
499 409 10
499 411 10
499 412 10
499 413 10
499 415 10
499 416 10
499 418 10
499 425 10
499 426 10
499 427 10
499 435 10
499 436 10
499 439 10
499 443 10
499 448 10
499 451 10
499 453 10
499 454 10
499 456 10
499 457 10
499 459 10
499 461 10
499 462 10
499 463 10
499 465 10
499 467 10
499 472 10
499 474 10
499 478 10
499 479 10
499 482 10
499 484 10
499 485 10
499 487 10
499 489 10
499 490 10
499 492 10
499 493 10
499 494 10
499 496 10
499 505 10
499 506 10
499 507 10
499 512 10
499 515 10
499 531 10
499 532 10
499 535 10
499 541 10
499 543 10
499 544 10
499 546 10
499 547 10
499 548 10
499 550 10
499 551 10
499 553 10
499 555 10
499 556 10
499 557 10
499 558 10
499 560 10
499 562 10
499 565 10
499 569 10
499 572 10
499 573 10
499 578 10
499 581 10
499 582 10
499 585 10
499 587 10
499 597 10
499 598 10
499 599 10
499 601 10
499 603 10
499 605 10
499 606 10
499 607 10
499 608 10
499 609 10
499 610 10
499 616 10
499 618 10
499 620 10
499 629 10
499 630 10
499 631 10
499 634 10
499 635 10
499 638 10
499 649 10
499 655 10
499 656 10
499 657 10
499 664 10
499 670 10
499 672 10
499 679 10
499 683 10
499 691 10
499 704 10
500 351 10
500 352 10
500 370 10
500 381 10
500 384 10
500 389 10
500 390 10
500 391 10
500 392 10
500 393 10
500 394 10
500 396 10
500 397 10
500 398 10
500 399 10
500 401 10
500 405 10
500 411 10
500 412 10
500 413 10
500 414 10
500 416 10
500 418 10
500 419 10
500 425 10
500 427 10
500 428 10
500 435 10
500 436 10
500 449 10
500 450 10
500 451 10
500 454 10
500 457 10
500 463 10
500 467 10
500 473 10
500 474 10
500 476 10
500 478 10
500 479 10
500 484 10
500 485 10
500 486 10
500 494 10
500 496 10
500 498 10
500 502 10
500 503 10
500 511 10
500 528 10
500 529 10
500 531 10
500 532 10
500 537 10
500 540 10
500 542 10
500 544 10
500 547 10
500 549 10
500 551 10
500 553 10
500 555 10
500 558 10
500 560 10
500 562 10
500 565 10
500 566 10
500 568 10
500 570 10
500 571 10
500 574 10
500 575 10
500 576 10
500 579 10
500 580 10
500 581 10
500 582 10
500 583 10
500 584 10
500 586 10
500 587 10
500 589 10
500 593 10
500 597 10
500 599 10
500 603 10
500 609 10
500 612 10
500 613 10
500 621 10
500 630 10
500 631 10
500 632 10
500 633 10
500 634 10
500 635 10
500 638 10
500 640 10
500 642 10
500 650 10
500 651 10
500 655 10
500 656 10
500 657 10
500 658 10
500 665 10
500 667 10
500 672 10
500 673 10
500 677 10
500 680 10
500 691 10
500 694 10
500 696 10
501 349 10
501 352 10
501 353 10
501 369 10
501 371 10
501 384 10
501 386 10
501 387 10
501 389 10
501 391 10
501 393 10
501 394 10
501 395 10
501 400 10
501 403 10
501 404 10
501 411 10
501 412 10
501 413 10
501 414 10
501 416 10
501 433 10
501 436 10
501 440 10
501 448 10
501 449 10
501 453 10
501 455 10
501 457 10
501 458 10
501 459 10
501 460 10
501 465 10
501 469 10
501 470 10
501 471 10
501 472 10
501 473 10
501 476 10
501 478 10
501 479 10
501 484 10
501 485 10
501 486 10
501 489 10
501 492 10
501 493 10
501 494 10
501 495 10
501 496 10
501 499 10
501 501 10
501 502 10
501 504 10
501 507 10
501 509 10
501 510 10
501 512 10
501 524 10
501 527 10
501 530 10
501 531 10
501 533 10
501 535 10
501 537 10
501 538 10
501 539 10
501 540 10
501 542 10
501 543 10
501 545 10
501 548 10
501 549 10
501 550 10
501 551 10
501 552 10
501 553 10
501 554 10
501 555 10
501 556 10
501 558 10
501 559 10
501 563 10
501 566 10
501 570 10
501 572 10
501 573 10
501 577 10
501 581 10
501 583 10
501 585 10
501 587 10
501 589 10
501 598 10
501 600 10
501 603 10
501 604 10
501 605 10
501 610 10
501 613 10
501 615 10
501 616 10
501 628 10
501 630 10
501 631 10
501 640 10
501 649 10
501 657 10
501 659 10
501 665 10
501 667 10
501 669 10
501 675 10
501 676 10
501 682 10
501 690 10
502 343 10
502 353 10
502 366 10
502 369 10
502 373 10
502 385 10
502 388 10
502 389 10
502 391 10
502 392 10
502 394 10
502 395 10
502 396 10
502 397 10
502 398 10
502 399 10
502 401 10
502 402 10
502 404 10
502 405 10
502 406 10
502 409 10
502 411 10
502 412 10
502 413 10
502 414 10
502 425 10
502 434 10
502 435 10
502 436 10
502 442 10
502 443 10
502 447 10
502 448 10
502 450 10
502 451 10
502 453 10
502 460 10
502 462 10
502 469 10
502 474 10
502 476 10
502 477 10
502 478 10
502 479 10
502 481 10
502 483 10
502 484 10
502 485 10
502 495 10
502 496 10
502 497 10
502 498 10
502 502 10
502 503 10
502 504 10
502 506 10
502 507 10
502 511 10
502 512 10
502 513 10
502 535 10
502 536 10
502 537 10
502 542 10
502 543 10
502 547 10
502 548 10
502 549 10
502 550 10
502 551 10
502 552 10
502 553 10
502 554 10
502 556 10
502 557 10
502 560 10
502 562 10
502 564 10
502 566 10
502 571 10
502 573 10
502 574 10
502 575 10
502 578 10
502 579 10
502 581 10
502 582 10
502 583 10
502 584 10
502 585 10
502 592 10
502 599 10
502 600 10
502 601 10
502 604 10
502 605 10
502 607 10
502 609 10
502 611 10
502 612 10
502 618 10
502 626 10
502 627 10
502 629 10
502 630 10
502 632 10
502 634 10
502 637 10
502 640 10
502 649 10
502 650 10
502 651 10
502 657 10
502 663 10
502 666 10
502 667 10
502 669 10
502 675 10
502 680 10
502 693 10
502 695 10
502 699 10
503 341 10
503 343 10
503 347 10
503 348 10
503 355 10
503 358 10
503 359 10
503 360 10
503 368 10
503 369 10
503 382 10
503 384 10
503 385 10
503 386 10
503 388 10
503 390 10
503 393 10
503 394 10
503 396 10
503 398 10
503 400 10
503 401 10
503 402 10
503 403 10
503 404 10
503 406 10
503 407 10
503 409 10
503 411 10
503 412 10
503 415 10
503 416 10
503 417 10
503 431 10
503 433 10
503 434 10
503 437 10
503 441 10
503 444 10
503 447 10
503 452 10
503 453 10
503 456 10
503 457 10
503 458 10
503 459 10
503 460 10
503 469 10
503 470 10
503 471 10
503 472 10
503 478 10
503 482 10
503 489 10
503 490 10
503 491 10
503 494 10
503 495 10
503 498 10
503 501 10
503 502 10
503 504 10
503 506 10
503 507 10
503 508 10
503 509 10
503 510 10
503 512 10
503 525 10
503 529 10
503 531 10
503 535 10
503 539 10
503 541 10
503 545 10
503 547 10
503 549 10
503 550 10
503 551 10
503 552 10
503 553 10
503 554 10
503 555 10
503 556 10
503 557 10
503 561 10
503 565 10
503 566 10
503 569 10
503 571 10
503 576 10
503 577 10
503 578 10
503 585 10
503 587 10
503 592 10
503 593 10
503 598 10
503 599 10
503 602 10
503 604 10
503 606 10
503 607 10
503 609 10
503 611 10
503 612 10
503 613 10
503 614 10
503 616 10
503 620 10
503 632 10
503 634 10
503 635 10
503 636 10
503 639 10
503 641 10
503 643 10
503 648 10
503 649 10
503 655 10
503 658 10
503 659 10
503 661 10
503 663 10
503 665 10
503 666 10
503 669 10
503 671 10
503 674 10
503 676 10
503 678 10
503 680 10
503 691 10
503 692 10
503 693 10
504 343 10
504 346 10
504 348 10
504 354 10
504 355 10
504 365 10
504 366 10
504 369 10
504 370 10
504 371 10
504 380 10
504 383 10
504 385 10
504 386 10
504 387 10
504 388 10
504 391 10
504 395 10
504 396 10
504 397 10
504 399 10
504 401 10
504 402 10
504 404 10
504 405 10
504 409 10
504 410 10
504 413 10
504 415 10
504 416 10
504 417 10
504 432 10
504 435 10
504 442 10
504 445 10
504 446 10
504 449 10
504 451 10
504 452 10
504 453 10
504 459 10
504 462 10
504 463 10
504 466 10
504 469 10
504 474 10
504 475 10
504 476 10
504 480 10
504 483 10
504 489 10
504 491 10
504 492 10
504 493 10
504 496 10
504 497 10
504 498 10
504 499 10
504 500 10
504 503 10
504 504 10
504 506 10
504 509 10
504 510 10
504 512 10
504 513 10
504 514 10
504 522 10
504 527 10
504 531 10
504 533 10
504 535 10
504 537 10
504 543 10
504 544 10
504 545 10
504 548 10
504 549 10
504 550 10
504 552 10
504 554 10
504 555 10
504 556 10
504 558 10
504 560 10
504 562 10
504 573 10
504 574 10
504 576 10
504 578 10
504 580 10
504 585 10
504 587 10
504 588 10
504 589 10
504 590 10
504 592 10
504 595 10
504 600 10
504 601 10
504 602 10
504 604 10
504 605 10
504 606 10
504 607 10
504 610 10
504 611 10
504 612 10
504 613 10
504 616 10
504 632 10
504 634 10
504 635 10
504 636 10
504 639 10
504 648 10
504 649 10
504 656 10
504 658 10
504 664 10
504 665 10
504 667 10
504 677 10
504 681 10
504 682 10
504 683 10
504 685 10
504 688 10
504 693 10
504 697 10
504 702 10
504 703 10
505 341 10
505 344 10
505 348 10
505 355 10
505 358 10
505 359 10
505 365 10
505 367 10
505 371 10
505 377 10
505 379 10
505 380 10
505 384 10
505 385 10
505 390 10
505 392 10
505 395 10
505 398 10
505 400 10
505 401 10
505 404 10
505 405 10
505 407 10
505 408 10
505 411 10
505 412 10
505 413 10
505 414 10
505 416 10
505 418 10
505 433 10
505 434 10
505 438 10
505 450 10
505 458 10
505 464 10
505 467 10
505 469 10
505 470 10
505 471 10
505 473 10
505 477 10
505 481 10
505 483 10
505 488 10
505 490 10
505 491 10
505 492 10
505 493 10
505 494 10
505 495 10
505 496 10
505 499 10
505 500 10
505 501 10
505 502 10
505 503 10
505 504 10
505 506 10
505 507 10
505 508 10
505 509 10
505 511 10
505 514 10
505 515 10
505 526 10
505 531 10
505 532 10
505 540 10
505 541 10
505 542 10
505 543 10
505 545 10
505 547 10
505 548 10
505 550 10
505 551 10
505 552 10
505 553 10
505 554 10
505 557 10
505 558 10
505 559 10
505 560 10
505 562 10
505 563 10
505 566 10
505 567 10
505 575 10
505 579 10
505 583 10
505 584 10
505 585 10
505 590 10
505 591 10
505 592 10
505 593 10
505 594 10
505 600 10
505 601 10
505 602 10
505 603 10
505 605 10
505 606 10
505 609 10
505 610 10
505 611 10
505 613 10
505 614 10
505 616 10
505 617 10
505 618 10
505 619 10
505 620 10
505 635 10
505 636 10
505 637 10
505 639 10
505 640 10
505 642 10
505 646 10
505 648 10
505 650 10
505 653 10
505 659 10
505 662 10
505 663 10
505 668 10
505 675 10
505 676 10
505 679 10
505 680 10
505 683 10
505 684 10
505 689 10
505 702 10
506 343 10
506 344 10
506 355 10
506 356 10
506 358 10
506 359 10
506 369 10
506 370 10
506 378 10
506 381 10
506 382 10
506 383 10
506 385 10
506 386 10
506 387 10
506 388 10
506 392 10
506 393 10
506 400 10
506 402 10
506 405 10
506 406 10
506 409 10
506 411 10
506 413 10
506 414 10
506 415 10
506 432 10
506 433 10
506 435 10
506 441 10
506 443 10
506 447 10
506 450 10
506 451 10
506 453 10
506 454 10
506 456 10
506 457 10
506 458 10
506 460 10
506 461 10
506 462 10
506 465 10
506 466 10
506 467 10
506 468 10
506 469 10
506 470 10
506 472 10
506 477 10
506 481 10
506 486 10
506 490 10
506 494 10
506 495 10
506 496 10
506 497 10
506 499 10
506 500 10
506 501 10
506 503 10
506 504 10
506 505 10
506 506 10
506 509 10
506 510 10
506 511 10
506 513 10
506 520 10
506 526 10
506 527 10
506 529 10
506 531 10
506 533 10
506 537 10
506 540 10
506 542 10
506 543 10
506 545 10
506 547 10
506 549 10
506 550 10
506 553 10
506 554 10
506 562 10
506 564 10
506 565 10
506 566 10
506 567 10
506 577 10
506 579 10
506 581 10
506 583 10
506 584 10
506 585 10
506 588 10
506 597 10
506 603 10
506 605 10
506 606 10
506 608 10
506 619 10
506 623 10
506 633 10
506 637 10
506 639 10
506 642 10
506 645 10
506 648 10
506 650 10
506 661 10
506 663 10
506 672 10
506 673 10
506 674 10
506 677 10
506 679 10
506 685 10
506 686 10
506 698 10
506 700 10
506 701 10
506 703 10
507 333 10
507 343 10
507 344 10
507 349 10
507 351 10
507 354 10
507 357 10
507 365 10
507 366 10
507 368 10
507 369 10
507 370 10
507 371 10
507 382 10
507 383 10
507 384 10
507 385 10
507 388 10
507 398 10
507 402 10
507 404 10
507 405 10
507 407 10
507 412 10
507 413 10
507 415 10
507 416 10
507 417 10
507 418 10
507 447 10
507 448 10
507 452 10
507 456 10
507 459 10
507 462 10
507 466 10
507 467 10
507 470 10
507 473 10
507 476 10
507 478 10
507 479 10
507 481 10
507 492 10
507 493 10
507 497 10
507 498 10
507 506 10
507 508 10
507 512 10
507 514 10
507 517 10
507 520 10
507 533 10
507 535 10
507 540 10
507 541 10
507 545 10
507 552 10
507 553 10
507 557 10
507 564 10
507 565 10
507 567 10
507 574 10
507 577 10
507 580 10
507 581 10
507 583 10
507 584 10
507 600 10
507 601 10
507 604 10
507 605 10
507 607 10
507 610 10
507 612 10
507 616 10
507 618 10
507 620 10
507 621 10
507 623 10
507 635 10
507 641 10
507 642 10
507 645 10
507 654 10
507 655 10
507 656 10
507 659 10
507 672 10
507 673 10
507 675 10
507 676 10
507 680 10
507 682 10
507 697 10
507 699 10
507 700 10
507 701 10
508 326 10
508 330 10
508 343 10
508 346 10
508 348 10
508 354 10
508 357 10
508 366 10
508 367 10
508 368 10
508 372 10
508 375 10
508 376 10
508 380 10
508 395 10
508 397 10
508 398 10
508 399 10
508 400 10
508 401 10
508 402 10
508 403 10
508 404 10
508 406 10
508 407 10
508 408 10
508 410 10
508 411 10
508 412 10
508 414 10
508 416 10
508 420 10
508 423 10
508 433 10
508 435 10
508 449 10
508 450 10
508 453 10
508 454 10
508 456 10
508 457 10
508 460 10
508 461 10
508 462 10
508 463 10
508 464 10
508 467 10
508 468 10
508 471 10
508 472 10
508 473 10
508 475 10
508 480 10
508 486 10
508 491 10
508 497 10
508 498 10
508 501 10
508 502 10
508 505 10
508 508 10
508 509 10
508 510 10
508 514 10
508 516 10
508 523 10
508 529 10
508 533 10
508 540 10
508 541 10
508 543 10
508 545 10
508 548 10
508 549 10
508 551 10
508 555 10
508 556 10
508 559 10
508 561 10
508 573 10
508 574 10
508 578 10
508 580 10
508 583 10
508 584 10
508 585 10
508 590 10
508 596 10
508 603 10
508 605 10
508 608 10
508 609 10
508 620 10
508 634 10
508 635 10
508 636 10
508 637 10
508 638 10
508 643 10
508 646 10
508 655 10
508 656 10
508 659 10
508 662 10
508 663 10
508 675 10
508 677 10
508 679 10
508 682 10
508 687 10
508 688 10
508 690 10
508 691 10
508 692 10
508 693 10
508 698 10
508 699 10
508 700 10
508 701 10
508 703 10
509 330 10
509 333 10
509 337 10
509 350 10
509 352 10
509 355 10
509 356 10
509 358 10
509 366 10
509 367 10
509 368 10
509 370 10
509 371 10
509 372 10
509 375 10
509 376 10
509 377 10
509 383 10
509 384 10
509 385 10
509 387 10
509 393 10
509 398 10
509 399 10
509 406 10
509 407 10
509 408 10
509 410 10
509 411 10
509 412 10
509 416 10
509 429 10
509 430 10
509 446 10
509 447 10
509 448 10
509 449 10
509 450 10
509 452 10
509 454 10
509 455 10
509 458 10
509 459 10
509 460 10
509 462 10
509 464 10
509 465 10
509 467 10
509 468 10
509 469 10
509 470 10
509 472 10
509 473 10
509 477 10
509 478 10
509 480 10
509 487 10
509 489 10
509 490 10
509 491 10
509 493 10
509 495 10
509 496 10
509 498 10
509 499 10
509 503 10
509 504 10
509 505 10
509 506 10
509 508 10
509 509 10
509 513 10
509 514 10
509 515 10
509 516 10
509 521 10
509 524 10
509 529 10
509 531 10
509 532 10
509 533 10
509 534 10
509 540 10
509 550 10
509 552 10
509 555 10
509 557 10
509 558 10
509 563 10
509 573 10
509 574 10
509 575 10
509 579 10
509 580 10
509 581 10
509 582 10
509 583 10
509 584 10
509 586 10
509 588 10
509 589 10
509 593 10
509 597 10
509 598 10
509 599 10
509 600 10
509 601 10
509 602 10
509 603 10
509 606 10
509 608 10
509 610 10
509 611 10
509 613 10
509 616 10
509 617 10
509 619 10
509 621 10
509 622 10
509 632 10
509 639 10
509 641 10
509 643 10
509 644 10
509 646 10
509 647 10
509 648 10
509 649 10
509 650 10
509 657 10
509 658 10
509 660 10
509 681 10
509 683 10
509 684 10
509 687 10
509 692 10
509 697 10
509 698 10
509 699 10
509 701 10
510 332 10
510 335 10
510 339 10
510 344 10
510 345 10
510 346 10
510 348 10
510 350 10
510 352 10
510 355 10
510 357 10
510 363 10
510 365 10
510 366 10
510 367 10
510 369 10
510 370 10
510 372 10
510 375 10
510 379 10
510 381 10
510 383 10
510 384 10
510 385 10
510 386 10
510 391 10
510 398 10
510 401 10
510 402 10
510 404 10
510 405 10
510 406 10
510 409 10
510 410 10
510 412 10
510 414 10
510 419 10
510 421 10
510 425 10
510 426 10
510 427 10
510 431 10
510 432 10
510 433 10
510 434 10
510 443 10
510 450 10
510 453 10
510 454 10
510 457 10
510 458 10
510 459 10
510 460 10
510 461 10
510 462 10
510 466 10
510 467 10
510 470 10
510 471 10
510 472 10
510 473 10
510 474 10
510 475 10
510 476 10
510 479 10
510 483 10
510 488 10
510 489 10
510 490 10
510 491 10
510 492 10
510 493 10
510 497 10
510 498 10
510 504 10
510 508 10
510 509 10
510 512 10
510 513 10
510 515 10
510 516 10
510 517 10
510 519 10
510 521 10
510 522 10
510 524 10
510 526 10
510 530 10
510 539 10
510 540 10
510 542 10
510 543 10
510 547 10
510 548 10
510 550 10
510 551 10
510 554 10
510 561 10
510 562 10
510 564 10
510 565 10
510 572 10
510 574 10
510 575 10
510 577 10
510 582 10
510 583 10
510 586 10
510 591 10
510 594 10
510 597 10
510 598 10
510 599 10
510 601 10
510 604 10
510 605 10
510 608 10
510 609 10
510 611 10
510 613 10
510 615 10
510 624 10
510 632 10
510 636 10
510 637 10
510 638 10
510 640 10
510 644 10
510 646 10
510 647 10
510 648 10
510 654 10
510 656 10
510 659 10
510 662 10
510 663 10
510 676 10
510 677 10
510 681 10
510 683 10
510 684 10
510 685 10
510 687 10
510 688 10
510 697 10
510 698 10
510 700 10
510 702 10
511 329 10
511 330 10
511 334 10
511 335 10
511 336 10
511 337 10
511 339 10
511 340 10
511 350 10
511 352 10
511 354 10
511 355 10
511 360 10
511 361 10
511 363 10
511 366 10
511 369 10
511 370 10
511 373 10
511 377 10
511 379 10
511 380 10
511 383 10
511 384 10
511 385 10
511 389 10
511 397 10
511 398 10
511 399 10
511 400 10
511 401 10
511 402 10
511 403 10
511 408 10
511 410 10
511 412 10
511 413 10
511 415 10
511 422 10
511 425 10
511 428 10
511 429 10
511 433 10
511 435 10
511 442 10
511 447 10
511 448 10
511 451 10
511 452 10
511 453 10
511 455 10
511 456 10
511 458 10
511 459 10
511 460 10
511 461 10
511 462 10
511 463 10
511 465 10
511 467 10
511 469 10
511 470 10
511 472 10
511 474 10
511 480 10
511 481 10
511 483 10
511 490 10
511 493 10
511 495 10
511 496 10
511 497 10
511 498 10
511 499 10
511 501 10
511 502 10
511 503 10
511 512 10
511 514 10
511 515 10
511 516 10
511 520 10
511 522 10
511 523 10
511 525 10
511 540 10
511 541 10
511 542 10
511 543 10
511 544 10
511 548 10
511 550 10
511 552 10
511 553 10
511 554 10
511 555 10
511 561 10
511 562 10
511 563 10
511 564 10
511 565 10
511 568 10
511 569 10
511 570 10
511 571 10
511 580 10
511 582 10
511 587 10
511 591 10
511 592 10
511 593 10
511 594 10
511 595 10
511 596 10
511 597 10
511 598 10
511 600 10
511 601 10
511 602 10
511 604 10
511 605 10
511 606 10
511 608 10
511 609 10
511 610 10
511 612 10
511 617 10
511 618 10
511 627 10
511 639 10
511 641 10
511 647 10
511 650 10
511 651 10
511 659 10
511 660 10
511 661 10
511 663 10
511 665 10
511 683 10
511 685 10
511 686 10
511 687 10
511 688 10
511 692 10
511 693 10
511 695 10
511 699 10
511 700 10
511 701 10
511 702 10
512 336 10
512 340 10
512 344 10
512 345 10
512 347 10
512 351 10
512 352 10
512 354 10
512 355 10
512 357 10
512 360 10
512 363 10
512 364 10
512 369 10
512 371 10
512 374 10
512 375 10
512 378 10
512 380 10
512 381 10
512 382 10
512 383 10
512 384 10
512 385 10
512 391 10
512 403 10
512 404 10
512 405 10
512 414 10
512 417 10
512 418 10
512 420 10
512 421 10
512 424 10
512 427 10
512 428 10
512 431 10
512 435 10
512 439 10
512 440 10
512 442 10
512 444 10
512 445 10
512 446 10
512 448 10
512 450 10
512 451 10
512 452 10
512 454 10
512 455 10
512 456 10
512 462 10
512 463 10
512 464 10
512 465 10
512 469 10
512 472 10
512 473 10
512 475 10
512 478 10
512 480 10
512 483 10
512 486 10
512 490 10
512 492 10
512 493 10
512 495 10
512 498 10
512 500 10
512 502 10
512 506 10
512 509 10
512 511 10
512 513 10
512 515 10
512 516 10
512 517 10
512 522 10
512 523 10
512 524 10
512 526 10
512 528 10
512 531 10
512 537 10
512 540 10
512 541 10
512 542 10
512 543 10
512 545 10
512 550 10
512 552 10
512 553 10
512 556 10
512 557 10
512 558 10
512 560 10
512 561 10
512 565 10
512 566 10
512 577 10
512 580 10
512 582 10
512 584 10
512 585 10
512 586 10
512 587 10
512 589 10
512 594 10
512 595 10
512 598 10
512 599 10
512 600 10
512 602 10
512 603 10
512 605 10
512 607 10
512 614 10
512 616 10
512 628 10
512 629 10
512 630 10
512 631 10
512 637 10
512 638 10
512 639 10
512 640 10
512 641 10
512 642 10
512 647 10
512 648 10
512 651 10
512 653 10
512 656 10
512 657 10
512 663 10
512 665 10
512 667 10
512 681 10
512 682 10
512 683 10
512 685 10
512 693 10
512 695 10
512 697 10
512 698 10
512 701 10
513 338 10
513 339 10
513 343 10
513 349 10
513 351 10
513 352 10
513 357 10
513 359 10
513 365 10
513 376 10
513 377 10
513 378 10
513 380 10
513 381 10
513 382 10
513 383 10
513 386 10
513 387 10
513 398 10
513 399 10
513 401 10
513 403 10
513 405 10
513 407 10
513 419 10
513 420 10
513 421 10
513 430 10
513 433 10
513 435 10
513 436 10
513 440 10
513 441 10
513 442 10
513 443 10
513 446 10
513 448 10
513 449 10
513 453 10
513 455 10
513 456 10
513 460 10
513 462 10
513 463 10
513 464 10
513 466 10
513 467 10
513 469 10
513 473 10
513 476 10
513 477 10
513 478 10
513 480 10
513 487 10
513 488 10
513 489 10
513 490 10
513 491 10
513 492 10
513 493 10
513 494 10
513 495 10
513 496 10
513 497 10
513 500 10
513 506 10
513 510 10
513 522 10
513 524 10
513 526 10
513 527 10
513 528 10
513 529 10
513 530 10
513 531 10
513 535 10
513 539 10
513 540 10
513 541 10
513 544 10
513 545 10
513 554 10
513 557 10
513 559 10
513 560 10
513 561 10
513 563 10
513 567 10
513 568 10
513 569 10
513 571 10
513 578 10
513 579 10
513 580 10
513 581 10
513 587 10
513 591 10
513 598 10
513 599 10
513 600 10
513 601 10
513 603 10
513 606 10
513 607 10
513 608 10
513 610 10
513 612 10
513 613 10
513 614 10
513 615 10
513 616 10
513 617 10
513 618 10
513 624 10
513 625 10
513 626 10
513 627 10
513 629 10
513 633 10
513 634 10
513 635 10
513 637 10
513 638 10
513 639 10
513 640 10
513 642 10
513 643 10
513 644 10
513 648 10
513 649 10
513 652 10
513 654 10
513 655 10
513 656 10
513 657 10
513 659 10
513 661 10
513 666 10
513 682 10
513 684 10
513 686 10
513 690 10
513 695 10
513 698 10
514 337 10
514 338 10
514 339 10
514 342 10
514 344 10
514 348 10
514 349 10
514 350 10
514 351 10
514 352 10
514 353 10
514 354 10
514 355 10
514 376 10
514 377 10
514 378 10
514 379 10
514 381 10
514 382 10
514 383 10
514 384 10
514 385 10
514 391 10
514 398 10
514 400 10
514 401 10
514 403 10
514 417 10
514 422 10
514 426 10
514 429 10
514 430 10
514 431 10
514 432 10
514 433 10
514 434 10
514 436 10
514 439 10
514 442 10
514 443 10
514 455 10
514 458 10
514 459 10
514 460 10
514 462 10
514 465 10
514 466 10
514 467 10
514 469 10
514 472 10
514 473 10
514 475 10
514 476 10
514 478 10
514 479 10
514 488 10
514 490 10
514 491 10
514 492 10
514 493 10
514 494 10
514 506 10
514 510 10
514 516 10
514 523 10
514 526 10
514 527 10
514 529 10
514 531 10
514 537 10
514 542 10
514 543 10
514 544 10
514 553 10
514 555 10
514 556 10
514 557 10
514 558 10
514 559 10
514 560 10
514 561 10
514 562 10
514 563 10
514 566 10
514 567 10
514 568 10
514 571 10
514 577 10
514 579 10
514 581 10
514 582 10
514 594 10
514 595 10
514 596 10
514 599 10
514 600 10
514 602 10
514 603 10
514 605 10
514 607 10
514 608 10
514 609 10
514 611 10
514 614 10
514 616 10
514 617 10
514 625 10
514 630 10
514 631 10
514 632 10
514 633 10
514 634 10
514 635 10
514 636 10
514 638 10
514 640 10
514 641 10
514 642 10
514 644 10
514 648 10
514 650 10
514 652 10
514 653 10
514 655 10
514 656 10
514 657 10
514 659 10
514 660 10
514 661 10
514 667 10
514 690 10
514 696 10
514 698 10
515 335 10
515 339 10
515 340 10
515 341 10
515 342 10
515 344 10
515 345 10
515 351 10
515 358 10
515 359 10
515 377 10
515 378 10
515 380 10
515 381 10
515 383 10
515 385 10
515 388 10
515 399 10
515 400 10
515 402 10
515 403 10
515 413 10
515 415 10
515 418 10
515 419 10
515 422 10
515 424 10
515 425 10
515 426 10
515 427 10
515 428 10
515 432 10
515 433 10
515 434 10
515 440 10
515 441 10
515 442 10
515 443 10
515 448 10
515 450 10
515 453 10
515 454 10
515 455 10
515 465 10
515 468 10
515 469 10
515 472 10
515 473 10
515 474 10
515 475 10
515 476 10
515 477 10
515 478 10
515 480 10
515 481 10
515 482 10
515 484 10
515 485 10
515 489 10
515 490 10
515 492 10
515 493 10
515 494 10
515 495 10
515 496 10
515 497 10
515 498 10
515 500 10
515 505 10
515 510 10
515 511 10
515 512 10
515 513 10
515 516 10
515 517 10
515 518 10
515 519 10
515 521 10
515 526 10
515 527 10
515 528 10
515 529 10
515 530 10
515 531 10
515 537 10
515 541 10
515 542 10
515 543 10
515 553 10
515 554 10
515 556 10
515 557 10
515 558 10
515 560 10
515 561 10
515 562 10
515 563 10
515 565 10
515 566 10
515 567 10
515 568 10
515 571 10
515 575 10
515 576 10
515 577 10
515 578 10
515 579 10
515 581 10
515 582 10
515 583 10
515 584 10
515 591 10
515 597 10
515 598 10
515 599 10
515 600 10
515 601 10
515 603 10
515 604 10
515 607 10
515 608 10
515 610 10
515 614 10
515 615 10
515 616 10
515 617 10
515 618 10
515 619 10
515 622 10
515 630 10
515 633 10
515 634 10
515 635 10
515 637 10
515 638 10
515 639 10
515 641 10
515 644 10
515 645 10
515 646 10
515 648 10
515 649 10
515 650 10
515 651 10
515 652 10
515 653 10
515 655 10
515 656 10
515 657 10
515 658 10
515 659 10
515 661 10
515 662 10
515 663 10
515 686 10
515 690 10
515 695 10
515 696 10
515 698 10
515 699 10
516 344 10
516 349 10
516 350 10
516 351 10
516 353 10
516 354 10
516 355 10
516 360 10
516 379 10
516 382 10
516 383 10
516 384 10
516 385 10
516 396 10
516 398 10
516 401 10
516 404 10
516 405 10
516 414 10
516 417 10
516 419 10
516 422 10
516 425 10
516 426 10
516 427 10
516 429 10
516 431 10
516 434 10
516 437 10
516 442 10
516 443 10
516 444 10
516 445 10
516 446 10
516 447 10
516 448 10
516 449 10
516 459 10
516 460 10
516 461 10
516 463 10
516 465 10
516 472 10
516 473 10
516 475 10
516 477 10
516 478 10
516 482 10
516 483 10
516 484 10
516 485 10
516 486 10
516 487 10
516 488 10
516 489 10
516 490 10
516 495 10
516 496 10
516 498 10
516 500 10
516 505 10
516 507 10
516 508 10
516 510 10
516 511 10
516 516 10
516 518 10
516 519 10
516 523 10
516 524 10
516 525 10
516 527 10
516 528 10
516 529 10
516 532 10
516 539 10
516 543 10
516 548 10
516 553 10
516 554 10
516 555 10
516 556 10
516 557 10
516 558 10
516 559 10
516 560 10
516 561 10
516 562 10
516 564 10
516 566 10
516 567 10
516 568 10
516 569 10
516 573 10
516 576 10
516 582 10
516 596 10
516 598 10
516 599 10
516 600 10
516 601 10
516 602 10
516 603 10
516 604 10
516 605 10
516 606 10
516 609 10
516 611 10
516 612 10
516 613 10
516 614 10
516 615 10
516 617 10
516 630 10
516 633 10
516 634 10
516 635 10
516 636 10
516 637 10
516 638 10
516 639 10
516 640 10
516 641 10
516 642 10
516 643 10
516 644 10
516 645 10
516 646 10
516 647 10
516 648 10
516 649 10
516 650 10
516 651 10
516 652 10
516 653 10
516 655 10
516 657 10
516 658 10
516 660 10
516 662 10
516 695 10
516 700 10
517 342 10
517 343 10
517 345 10
517 347 10
517 349 10
517 354 10
517 355 10
517 360 10
517 364 10
517 367 10
517 373 10
517 374 10
517 378 10
517 384 10
517 392 10
517 400 10
517 402 10
517 403 10
517 414 10
517 427 10
517 429 10
517 432 10
517 434 10
517 438 10
517 443 10
517 444 10
517 445 10
517 448 10
517 450 10
517 451 10
517 453 10
517 456 10
517 459 10
517 464 10
517 465 10
517 466 10
517 467 10
517 472 10
517 474 10
517 475 10
517 476 10
517 477 10
517 478 10
517 480 10
517 481 10
517 482 10
517 484 10
517 485 10
517 486 10
517 487 10
517 488 10
517 490 10
517 491 10
517 492 10
517 493 10
517 494 10
517 497 10
517 501 10
517 502 10
517 503 10
517 507 10
517 508 10
517 511 10
517 516 10
517 517 10
517 518 10
517 520 10
517 522 10
517 523 10
517 524 10
517 527 10
517 528 10
517 529 10
517 530 10
517 532 10
517 534 10
517 537 10
517 538 10
517 539 10
517 540 10
517 541 10
517 542 10
517 543 10
517 556 10
517 559 10
517 560 10
517 561 10
517 562 10
517 563 10
517 565 10
517 566 10
517 567 10
517 568 10
517 569 10
517 570 10
517 597 10
517 598 10
517 599 10
517 600 10
517 602 10
517 606 10
517 608 10
517 610 10
517 611 10
517 613 10
517 614 10
517 615 10
517 616 10
517 617 10
517 618 10
517 629 10
517 632 10
517 633 10
517 636 10
517 637 10
517 638 10
517 639 10
517 640 10
517 642 10
517 644 10
517 645 10
517 646 10
517 647 10
517 649 10
517 650 10
517 651 10
517 653 10
517 654 10
517 656 10
517 658 10
517 659 10
517 660 10
517 661 10
517 663 10
517 665 10
517 666 10
517 679 10
517 700 10
517 701 10
518 350 10
518 352 10
518 354 10
518 355 10
518 357 10
518 360 10
518 374 10
518 375 10
518 380 10
518 382 10
518 389 10
518 392 10
518 395 10
518 396 10
518 397 10
518 398 10
518 399 10
518 400 10
518 401 10
518 403 10
518 404 10
518 413 10
518 415 10
518 417 10
518 419 10
518 421 10
518 424 10
518 426 10
518 428 10
518 430 10
518 432 10
518 434 10
518 436 10
518 438 10
518 441 10
518 444 10
518 446 10
518 447 10
518 448 10
518 454 10
518 463 10
518 465 10
518 467 10
518 471 10
518 472 10
518 475 10
518 476 10
518 477 10
518 480 10
518 484 10
518 485 10
518 490 10
518 498 10
518 499 10
518 500 10
518 501 10
518 504 10
518 505 10
518 506 10
518 507 10
518 510 10
518 511 10
518 513 10
518 514 10
518 515 10
518 516 10
518 520 10
518 524 10
518 525 10
518 527 10
518 529 10
518 532 10
518 533 10
518 537 10
518 538 10
518 539 10
518 540 10
518 542 10
518 543 10
518 547 10
518 556 10
518 557 10
518 558 10
518 559 10
518 560 10
518 562 10
518 564 10
518 565 10
518 566 10
518 567 10
518 570 10
518 590 10
518 592 10
518 599 10
518 600 10
518 601 10
518 602 10
518 603 10
518 604 10
518 607 10
518 608 10
518 609 10
518 612 10
518 613 10
518 614 10
518 615 10
518 616 10
518 617 10
518 624 10
518 627 10
518 628 10
518 629 10
518 632 10
518 633 10
518 634 10
518 635 10
518 637 10
518 638 10
518 639 10
518 643 10
518 645 10
518 646 10
518 647 10
518 649 10
518 652 10
518 657 10
518 658 10
518 660 10
518 662 10
518 697 10
518 698 10
518 702 10
518 707 10
519 334 10
519 335 10
519 343 10
519 348 10
519 349 10
519 350 10
519 351 10
519 354 10
519 356 10
519 357 10
519 359 10
519 362 10
519 367 10
519 368 10
519 370 10
519 371 10
519 372 10
519 373 10
519 374 10
519 375 10
519 378 10
519 379 10
519 381 10
519 383 10
519 385 10
519 386 10
519 389 10
519 391 10
519 394 10
519 395 10
519 397 10
519 399 10
519 401 10
519 409 10
519 410 10
519 414 10
519 415 10
519 417 10
519 424 10
519 425 10
519 426 10
519 428 10
519 430 10
519 432 10
519 433 10
519 439 10
519 441 10
519 442 10
519 444 10
519 445 10
519 449 10
519 450 10
519 455 10
519 457 10
519 458 10
519 474 10
519 475 10
519 476 10
519 477 10
519 481 10
519 483 10
519 484 10
519 485 10
519 486 10
519 487 10
519 491 10
519 492 10
519 499 10
519 500 10
519 504 10
519 505 10
519 507 10
519 508 10
519 510 10
519 511 10
519 513 10
519 514 10
519 515 10
519 516 10
519 522 10
519 524 10
519 526 10
519 527 10
519 528 10
519 529 10
519 530 10
519 531 10
519 532 10
519 533 10
519 539 10
519 541 10
519 542 10
519 547 10
519 548 10
519 549 10
519 558 10
519 560 10
519 562 10
519 563 10
519 565 10
519 566 10
519 567 10
519 568 10
519 580 10
519 585 10
519 587 10
519 588 10
519 590 10
519 591 10
519 592 10
519 595 10
519 599 10
519 601 10
519 602 10
519 605 10
519 610 10
519 611 10
519 613 10
519 614 10
519 617 10
519 619 10
519 627 10
519 628 10
519 629 10
519 630 10
519 636 10
519 637 10
519 638 10
519 639 10
519 640 10
519 641 10
519 642 10
519 645 10
519 646 10
519 647 10
519 650 10
519 659 10
519 660 10
519 661 10
519 662 10
519 663 10
519 664 10
519 665 10
519 666 10
519 669 10
519 698 10
519 701 10
519 707 10
519 709 10
520 334 10
520 350 10
520 354 10
520 355 10
520 356 10
520 357 10
520 360 10
520 364 10
520 368 10
520 373 10
520 375 10
520 381 10
520 383 10
520 387 10
520 390 10
520 391 10
520 392 10
520 394 10
520 396 10
520 397 10
520 398 10
520 399 10
520 401 10
520 402 10
520 405 10
520 412 10
520 413 10
520 415 10
520 417 10
520 418 10
520 420 10
520 426 10
520 428 10
520 430 10
520 431 10
520 432 10
520 436 10
520 441 10
520 442 10
520 443 10
520 445 10
520 450 10
520 455 10
520 457 10
520 458 10
520 459 10
520 460 10
520 461 10
520 462 10
520 464 10
520 468 10
520 470 10
520 471 10
520 473 10
520 474 10
520 475 10
520 479 10
520 480 10
520 481 10
520 484 10
520 492 10
520 496 10
520 497 10
520 498 10
520 500 10
520 507 10
520 509 10
520 510 10
520 512 10
520 513 10
520 515 10
520 517 10
520 518 10
520 519 10
520 526 10
520 527 10
520 528 10
520 531 10
520 532 10
520 533 10
520 536 10
520 538 10
520 540 10
520 541 10
520 545 10
520 546 10
520 547 10
520 549 10
520 553 10
520 554 10
520 555 10
520 556 10
520 558 10
520 559 10
520 564 10
520 565 10
520 567 10
520 576 10
520 584 10
520 585 10
520 600 10
520 608 10
520 614 10
520 615 10
520 616 10
520 624 10
520 626 10
520 627 10
520 629 10
520 631 10
520 633 10
520 634 10
520 636 10
520 637 10
520 638 10
520 639 10
520 640 10
520 641 10
520 642 10
520 643 10
520 645 10
520 646 10
520 648 10
520 649 10
520 650 10
520 651 10
520 654 10
520 663 10
520 664 10
520 665 10
520 666 10
520 668 10
520 694 10
520 695 10
520 699 10
520 707 10
521 340 10
521 353 10
521 355 10
521 356 10
521 357 10
521 366 10
521 371 10
521 372 10
521 374 10
521 375 10
521 376 10
521 383 10
521 385 10
521 391 10
521 393 10
521 394 10
521 395 10
521 396 10
521 397 10
521 399 10
521 413 10
521 416 10
521 418 10
521 420 10
521 425 10
521 426 10
521 428 10
521 430 10
521 435 10
521 443 10
521 446 10
521 447 10
521 450 10
521 455 10
521 457 10
521 458 10
521 462 10
521 463 10
521 464 10
521 466 10
521 467 10
521 474 10
521 477 10
521 478 10
521 480 10
521 481 10
521 482 10
521 483 10
521 486 10
521 490 10
521 499 10
521 502 10
521 504 10
521 505 10
521 506 10
521 507 10
521 508 10
521 509 10
521 510 10
521 511 10
521 512 10
521 513 10
521 514 10
521 515 10
521 516 10
521 518 10
521 519 10
521 522 10
521 524 10
521 526 10
521 527 10
521 530 10
521 533 10
521 534 10
521 536 10
521 539 10
521 541 10
521 544 10
521 545 10
521 546 10
521 549 10
521 556 10
521 557 10
521 558 10
521 559 10
521 561 10
521 564 10
521 565 10
521 566 10
521 567 10
521 570 10
521 585 10
521 588 10
521 602 10
521 604 10
521 607 10
521 613 10
521 614 10
521 615 10
521 618 10
521 624 10
521 626 10
521 627 10
521 628 10
521 629 10
521 636 10
521 639 10
521 641 10
521 642 10
521 645 10
521 646 10
521 647 10
521 650 10
521 651 10
521 652 10
521 659 10
521 675 10
521 692 10
521 696 10
521 705 10
521 706 10
522 333 10
522 335 10
522 343 10
522 354 10
522 355 10
522 358 10
522 360 10
522 367 10
522 369 10
522 372 10
522 374 10
522 376 10
522 377 10
522 379 10
522 380 10
522 381 10
522 382 10
522 383 10
522 385 10
522 388 10
522 390 10
522 391 10
522 392 10
522 393 10
522 395 10
522 396 10
522 397 10
522 399 10
522 400 10
522 403 10
522 404 10
522 405 10
522 410 10
522 413 10
522 418 10
522 422 10
522 424 10
522 426 10
522 427 10
522 428 10
522 429 10
522 430 10
522 431 10
522 444 10
522 448 10
522 449 10
522 452 10
522 454 10
522 456 10
522 458 10
522 459 10
522 460 10
522 461 10
522 462 10
522 463 10
522 468 10
522 470 10
522 474 10
522 477 10
522 478 10
522 480 10
522 481 10
522 483 10
522 492 10
522 494 10
522 496 10
522 499 10
522 501 10
522 502 10
522 506 10
522 509 10
522 510 10
522 511 10
522 512 10
522 513 10
522 516 10
522 518 10
522 520 10
522 523 10
522 524 10
522 525 10
522 542 10
522 543 10
522 544 10
522 545 10
522 547 10
522 548 10
522 549 10
522 555 10
522 556 10
522 557 10
522 558 10
522 561 10
522 562 10
522 563 10
522 565 10
522 566 10
522 583 10
522 585 10
522 589 10
522 590 10
522 604 10
522 605 10
522 606 10
522 607 10
522 609 10
522 610 10
522 611 10
522 626 10
522 630 10
522 633 10
522 634 10
522 635 10
522 636 10
522 637 10
522 638 10
522 639 10
522 640 10
522 642 10
522 643 10
522 645 10
522 647 10
522 648 10
522 649 10
522 650 10
522 652 10
522 653 10
522 654 10
522 655 10
522 661 10
522 663 10
522 670 10
522 674 10
522 675 10
522 701 10
522 702 10
522 703 10
522 707 10
523 341 10
523 343 10
523 355 10
523 356 10
523 357 10
523 358 10
523 359 10
523 361 10
523 364 10
523 365 10
523 366 10
523 367 10
523 368 10
523 370 10
523 372 10
523 374 10
523 375 10
523 376 10
523 381 10
523 390 10
523 393 10
523 396 10
523 399 10
523 402 10
523 409 10
523 411 10
523 412 10
523 414 10
523 416 10
523 417 10
523 427 10
523 432 10
523 434 10
523 435 10
523 446 10
523 447 10
523 449 10
523 452 10
523 459 10
523 461 10
523 463 10
523 466 10
523 468 10
523 469 10
523 477 10
523 478 10
523 479 10
523 481 10
523 483 10
523 491 10
523 494 10
523 499 10
523 500 10
523 503 10
523 505 10
523 507 10
523 508 10
523 509 10
523 510 10
523 512 10
523 513 10
523 514 10
523 516 10
523 517 10
523 518 10
523 519 10
523 520 10
523 522 10
523 524 10
523 525 10
523 527 10
523 531 10
523 536 10
523 537 10
523 539 10
523 540 10
523 545 10
523 547 10
523 549 10
523 556 10
523 558 10
523 559 10
523 561 10
523 564 10
523 584 10
523 595 10
523 598 10
523 604 10
523 607 10
523 610 10
523 613 10
523 614 10
523 624 10
523 626 10
523 628 10
523 629 10
523 630 10
523 631 10
523 633 10
523 634 10
523 635 10
523 638 10
523 639 10
523 641 10
523 642 10
523 643 10
523 644 10
523 645 10
523 646 10
523 647 10
523 648 10
523 649 10
523 650 10
523 653 10
523 657 10
523 659 10
523 660 10
523 662 10
523 668 10
523 676 10
523 688 10
523 698 10
523 699 10
523 703 10
523 704 10
523 705 10
524 353 10
524 354 10
524 357 10
524 359 10
524 360 10
524 361 10
524 365 10
524 367 10
524 368 10
524 369 10
524 371 10
524 372 10
524 374 10
524 375 10
524 376 10
524 377 10
524 379 10
524 381 10
524 385 10
524 386 10
524 388 10
524 392 10
524 396 10
524 397 10
524 405 10
524 406 10
524 408 10
524 409 10
524 412 10
524 415 10
524 421 10
524 422 10
524 424 10
524 425 10
524 426 10
524 431 10
524 432 10
524 434 10
524 438 10
524 439 10
524 442 10
524 444 10
524 447 10
524 454 10
524 458 10
524 459 10
524 460 10
524 462 10
524 463 10
524 465 10
524 466 10
524 469 10
524 479 10
524 486 10
524 488 10
524 490 10
524 498 10
524 499 10
524 501 10
524 502 10
524 503 10
524 505 10
524 507 10
524 509 10
524 511 10
524 515 10
524 516 10
524 517 10
524 518 10
524 519 10
524 520 10
524 522 10
524 523 10
524 524 10
524 526 10
524 531 10
524 537 10
524 541 10
524 542 10
524 545 10
524 546 10
524 547 10
524 556 10
524 557 10
524 558 10
524 559 10
524 560 10
524 563 10
524 564 10
524 583 10
524 585 10
524 586 10
524 593 10
524 594 10
524 596 10
524 598 10
524 607 10
524 608 10
524 609 10
524 611 10
524 614 10
524 616 10
524 623 10
524 627 10
524 628 10
524 629 10
524 631 10
524 632 10
524 634 10
524 636 10
524 637 10
524 641 10
524 642 10
524 643 10
524 644 10
524 645 10
524 647 10
524 648 10
524 649 10
524 650 10
524 651 10
524 654 10
524 656 10
524 658 10
524 659 10
524 662 10
524 664 10
524 665 10
524 666 10
524 669 10
524 671 10
524 673 10
524 674 10
524 681 10
524 683 10
524 684 10
524 686 10
524 692 10
524 701 10
524 705 10
525 348 10
525 350 10
525 357 10
525 361 10
525 363 10
525 369 10
525 370 10
525 372 10
525 373 10
525 374 10
525 376 10
525 378 10
525 385 10
525 386 10
525 387 10
525 389 10
525 390 10
525 391 10
525 393 10
525 394 10
525 397 10
525 398 10
525 399 10
525 400 10
525 401 10
525 408 10
525 413 10
525 415 10
525 419 10
525 421 10
525 426 10
525 431 10
525 437 10
525 448 10
525 449 10
525 453 10
525 458 10
525 460 10
525 468 10
525 469 10
525 470 10
525 480 10
525 482 10
525 492 10
525 494 10
525 497 10
525 501 10
525 502 10
525 504 10
525 508 10
525 511 10
525 512 100000
525 513 10
525 515 10
525 516 10
525 517 10
525 518 10
525 519 10
525 520 10
525 521 10
525 539 10
525 540 10
525 541 10
525 542 10
525 543 10
525 544 10
525 545 10
525 547 10
525 557 10
525 559 10
525 569 10
525 570 10
525 571 10
525 582 10
525 595 10
525 599 10
525 600 10
525 606 10
525 609 10
525 613 10
525 621 10
525 625 10
525 630 10
525 631 10
525 633 10
525 636 10
525 637 10
525 638 10
525 642 10
525 643 10
525 645 10
525 646 10
525 647 10
525 649 10
525 650 10
525 653 10
525 654 10
525 659 10
525 660 10
525 661 10
525 664 10
525 666 10
525 667 10
525 676 10
525 677 10
525 678 10
525 679 10
525 682 10
525 686 10
525 694 10
525 695 10
525 697 10
525 698 10
525 704 10
525 705 10
526 349 10
526 352 10
526 356 10
526 357 10
526 360 10
526 362 10
526 371 10
526 373 10
526 374 10
526 375 10
526 378 10
526 380 10
526 381 10
526 385 10
526 386 10
526 388 10
526 390 10
526 391 10
526 392 10
526 393 10
526 395 10
526 398 10
526 399 10
526 400 10
526 402 10
526 403 10
526 407 10
526 409 10
526 410 10
526 413 10
526 419 10
526 420 10
526 424 10
526 426 10
526 427 10
526 428 10
526 430 10
526 433 10
526 438 10
526 442 10
526 447 10
526 457 10
526 463 10
526 465 10
526 466 10
526 473 10
526 482 10
526 495 10
526 497 10
526 500 10
526 504 10
526 505 10
526 506 10
526 507 10
526 509 10
526 510 10
526 512 10
526 514 10
526 515 10
526 516 10
526 517 10
526 518 10
526 519 10
526 521 10
526 522 10
526 523 10
526 531 10
526 532 10
526 536 10
526 537 10
526 538 10
526 540 10
526 543 10
526 544 10
526 545 10
526 546 10
526 547 10
526 548 10
526 549 10
526 550 10
526 551 10
526 553 10
526 556 10
526 557 10
526 558 10
526 559 10
526 563 10
526 565 10
526 569 10
526 572 10
526 573 10
526 574 10
526 580 10
526 594 10
526 595 10
526 596 10
526 606 10
526 614 10
526 616 10
526 624 10
526 626 10
526 628 10
526 629 10
526 633 10
526 634 10
526 635 10
526 637 10
526 640 10
526 641 10
526 642 10
526 643 10
526 644 10
526 648 10
526 650 10
526 651 10
526 652 10
526 653 10
526 654 10
526 655 10
526 656 10
526 661 10
526 663 10
526 665 10
526 666 10
526 667 10
526 674 10
526 676 10
526 677 10
526 678 10
526 680 10
526 683 10
526 684 10
526 686 10
526 687 10
526 688 10
526 689 10
526 690 10
526 691 10
526 696 10
526 697 10
526 701 10
526 704 10
526 706 10
526 709 10
527 344 10
527 348 10
527 350 10
527 351 10
527 352 10
527 353 10
527 360 10
527 369 10
527 372 10
527 373 10
527 374 10
527 376 10
527 377 10
527 378 10
527 384 10
527 388 10
527 389 10
527 390 10
527 391 10
527 392 10
527 393 10
527 394 10
527 395 10
527 399 10
527 400 10
527 401 10
527 402 10
527 404 10
527 408 10
527 412 10
527 419 10
527 420 10
527 424 10
527 425 10
527 427 10
527 429 10
527 430 10
527 434 10
527 435 10
527 436 10
527 437 10
527 438 10
527 442 10
527 444 10
527 446 10
527 448 10
527 451 10
527 459 10
527 462 10
527 469 10
527 470 10
527 471 10
527 472 10
527 489 10
527 491 10
527 493 10
527 494 10
527 497 10
527 498 10
527 500 10
527 504 10
527 509 10
527 514 10
527 515 10
527 516 10
527 518 10
527 519 10
527 520 10
527 521 10
527 522 10
527 534 10
527 537 10
527 539 10
527 540 10
527 542 10
527 543 10
527 544 10
527 545 10
527 546 10
527 547 10
527 548 10
527 550 10
527 551 10
527 552 10
527 557 10
527 568 10
527 570 10
527 572 10
527 573 10
527 574 10
527 575 10
527 589 10
527 590 10
527 598 10
527 601 10
527 603 10
527 604 10
527 607 10
527 614 10
527 616 10
527 619 10
527 624 10
527 630 10
527 635 10
527 637 10
527 638 10
527 639 10
527 640 10
527 641 10
527 642 10
527 643 10
527 645 10
527 646 10
527 648 10
527 652 10
527 653 10
527 654 10
527 655 10
527 656 10
527 660 10
527 661 10
527 662 10
527 664 10
527 666 10
527 667 10
527 669 10
527 670 10
527 676 10
527 677 10
527 680 10
527 681 10
527 686 10
527 688 10
527 689 10
527 691 10
527 698 10
527 703 10
528 342 10
528 348 10
528 349 10
528 353 10
528 354 10
528 357 10
528 366 10
528 367 10
528 368 10
528 370 10
528 372 10
528 373 10
528 375 10
528 376 10
528 378 10
528 379 10
528 385 10
528 387 10
528 389 10
528 390 10
528 391 10
528 392 10
528 393 10
528 394 10
528 396 10
528 398 10
528 399 10
528 400 10
528 402 10
528 403 10
528 407 10
528 410 10
528 412 10
528 415 10
528 417 10
528 418 10
528 429 10
528 432 10
528 434 10
528 435 10
528 437 10
528 439 10
528 441 10
528 444 10
528 445 10
528 459 10
528 465 10
528 470 10
528 471 10
528 474 10
528 476 10
528 492 10
528 494 10
528 500 10
528 509 10
528 510 10
528 512 10
528 514 10
528 515 10
528 516 10
528 517 10
528 520 10
528 521 10
528 522 10
528 535 10
528 538 10
528 540 10
528 542 10
528 544 10
528 545 10
528 546 10
528 548 10
528 549 10
528 550 10
528 551 10
528 554 10
528 559 10
528 560 10
528 562 10
528 563 10
528 565 10
528 569 10
528 575 10
528 576 10
528 578 10
528 595 10
528 596 10
528 598 10
528 603 10
528 604 10
528 609 10
528 612 10
528 628 10
528 630 10
528 631 10
528 637 10
528 640 10
528 643 10
528 644 10
528 645 10
528 649 10
528 650 10
528 652 10
528 653 10
528 654 10
528 665 10
528 667 10
528 674 10
528 675 10
528 677 10
528 678 10
528 680 10
528 686 10
528 688 10
528 689 10
528 691 10
528 693 10
528 703 10
529 341 10
529 345 10
529 348 10
529 350 10
529 351 10
529 354 10
529 364 10
529 367 10
529 368 10
529 369 10
529 370 10
529 371 10
529 372 10
529 373 10
529 376 10
529 381 10
529 387 10
529 388 10
529 389 10
529 390 10
529 391 10
529 392 10
529 393 10
529 394 10
529 395 10
529 397 10
529 401 10
529 402 10
529 405 10
529 412 10
529 414 10
529 415 10
529 416 10
529 418 10
529 420 10
529 422 10
529 423 10
529 429 10
529 433 10
529 434 10
529 438 10
529 443 10
529 461 10
529 462 10
529 469 10
529 493 10
529 494 10
529 495 10
529 498 10
529 500 10
529 501 10
529 503 10
529 506 10
529 510 10
529 513 10
529 518 10
529 519 10
529 520 10
529 522 10
529 535 10
529 538 10
529 540 10
529 544 10
529 545 10
529 546 10
529 547 10
529 548 10
529 549 10
529 551 10
529 552 10
529 558 10
529 560 10
529 563 10
529 574 10
529 577 10
529 588 10
529 591 10
529 595 10
529 599 10
529 601 10
529 602 10
529 604 10
529 616 10
529 617 10
529 618 10
529 621 10
529 624 10
529 625 10
529 629 10
529 634 10
529 637 10
529 642 10
529 643 10
529 644 10
529 647 10
529 649 10
529 653 10
529 656 10
529 658 10
529 661 10
529 664 10
529 666 10
529 667 10
529 670 10
529 672 10
529 676 10
529 678 10
529 686 10
529 687 10
529 688 10
529 691 10
529 692 10
529 694 10
529 695 10
529 700 10
529 706 10
530 343 10
530 344 10
530 347 10
530 349 10
530 352 10
530 355 10
530 357 10
530 366 10
530 367 10
530 369 10
530 371 10
530 375 10
530 376 10
530 377 10
530 378 10
530 379 10
530 381 10
530 388 10
530 389 10
530 390 10
530 391 10
530 392 10
530 393 10
530 394 10
530 395 10
530 396 10
530 397 10
530 398 10
530 401 10
530 402 10
530 403 10
530 408 10
530 413 10
530 414 10
530 416 10
530 417 10
530 418 10
530 419 10
530 422 10
530 424 10
530 426 10
530 431 10
530 433 10
530 456 10
530 462 10
530 471 10
530 477 10
530 478 10
530 480 10
530 485 10
530 491 10
530 492 10
530 493 10
530 495 10
530 497 10
530 501 10
530 502 10
530 503 10
530 504 10
530 505 10
530 507 10
530 508 10
530 511 10
530 515 10
530 518 10
530 521 10
530 526 10
530 527 10
530 529 10
530 530 10
530 536 10
530 537 10
530 539 10
530 540 10
530 542 10
530 543 10
530 544 10
530 545 10
530 546 10
530 547 10
530 548 10
530 549 10
530 550 10
530 554 10
530 557 10
530 558 10
530 560 10
530 561 10
530 569 10
530 571 10
530 579 10
530 583 10
530 587 10
530 588 10
530 589 10
530 591 10
530 597 10
530 599 10
530 601 10
530 603 10
530 604 10
530 612 10
530 617 10
530 619 10
530 620 10
530 621 10
530 632 10
530 635 10
530 636 10
530 638 10
530 641 10
530 642 10
530 643 10
530 644 10
530 646 10
530 647 10
530 648 10
530 650 10
530 651 10
530 653 10
530 654 10
530 655 10
530 657 10
530 658 10
530 665 10
530 666 10
530 667 10
530 672 10
530 678 10
530 679 10
530 680 10
530 686 10
530 687 10
530 688 10
530 689 10
530 690 10
530 692 10
530 696 10
530 706 10
531 341 10
531 343 10
531 347 10
531 348 10
531 350 10
531 352 10
531 353 10
531 355 10
531 365 10
531 366 10
531 367 10
531 369 10
531 370 10
531 371 10
531 372 10
531 373 10
531 374 10
531 375 10
531 376 10
531 377 10
531 384 10
531 385 10
531 386 10
531 389 10
531 390 10
531 392 10
531 393 10
531 394 10
531 395 10
531 396 10
531 397 10
531 400 10
531 402 10
531 403 10
531 407 10
531 413 10
531 414 10
531 416 10
531 421 10
531 422 10
531 433 10
531 435 10
531 437 10
531 440 10
531 442 10
531 443 10
531 444 10
531 446 10
531 450 10
531 452 10
531 458 10
531 460 10
531 476 10
531 478 10
531 480 10
531 494 10
531 497 10
531 499 10
531 502 10
531 505 10
531 507 10
531 508 10
531 514 10
531 515 10
531 521 10
531 528 10
531 535 10
531 536 10
531 537 10
531 539 10
531 540 10
531 541 10
531 542 10
531 543 10
531 544 10
531 545 10
531 547 10
531 548 10
531 550 10
531 551 10
531 552 10
531 553 10
531 555 10
531 556 10
531 557 10
531 558 10
531 559 10
531 563 10
531 565 10
531 566 10
531 568 10
531 570 10
531 572 10
531 573 10
531 575 10
531 579 10
531 581 10
531 584 10
531 593 10
531 594 10
531 596 10
531 598 10
531 599 10
531 601 10
531 604 10
531 607 10
531 614 10
531 615 10
531 620 10
531 623 10
531 628 10
531 637 10
531 641 10
531 643 10
531 644 10
531 645 10
531 646 10
531 647 10
531 649 10
531 650 10
531 651 10
531 652 10
531 654 10
531 655 10
531 656 10
531 657 10
531 665 10
531 671 10
531 673 10
531 674 10
531 681 10
531 691 10
531 692 10
531 693 10
531 694 10
531 696 10
531 709 10
532 341 10
532 348 10
532 362 10
532 365 10
532 367 10
532 368 10
532 370 10
532 371 10
532 373 10
532 374 10
532 375 10
532 376 10
532 382 10
532 383 10
532 384 10
532 387 10
532 388 10
532 389 10
532 390 10
532 391 10
532 393 10
532 394 10
532 395 10
532 396 10
532 403 10
532 405 10
532 407 10
532 409 10
532 414 10
532 417 10
532 418 10
532 419 10
532 420 10
532 421 10
532 422 10
532 423 10
532 424 10
532 427 10
532 431 10
532 435 10
532 437 10
532 441 10
532 444 10
532 448 10
532 458 10
532 460 10
532 465 10
532 472 10
532 476 10
532 478 10
532 479 10
532 487 10
532 491 10
532 493 10
532 495 10
532 497 10
532 499 10
532 501 10
532 502 10
532 503 10
532 505 10
532 507 10
532 508 10
532 509 10
532 510 10
532 512 10
532 515 10
532 520 10
532 528 10
532 529 10
532 530 10
532 536 10
532 537 10
532 539 10
532 541 10
532 543 10
532 545 10
532 546 10
532 547 10
532 548 10
532 555 10
532 556 10
532 557 10
532 558 10
532 560 10
532 561 10
532 562 10
532 570 10
532 571 10
532 574 10
532 575 10
532 579 10
532 582 10
532 588 10
532 589 10
532 591 10
532 592 10
532 593 10
532 598 10
532 599 10
532 602 10
532 604 10
532 609 10
532 612 10
532 619 10
532 620 10
532 621 10
532 627 10
532 633 10
532 639 10
532 640 10
532 641 10
532 643 10
532 644 10
532 648 10
532 649 10
532 650 10
532 652 10
532 654 10
532 658 10
532 659 10
532 660 10
532 667 10
532 677 10
532 678 10
532 682 10
532 683 10
532 686 10
532 688 10
532 694 10
532 695 10
533 344 10
533 349 10
533 351 10
533 353 10
533 356 10
533 357 10
533 363 10
533 365 10
533 368 10
533 369 10
533 370 10
533 371 10
533 374 10
533 376 10
533 377 10
533 378 10
533 381 10
533 382 10
533 383 10
533 385 10
533 386 10
533 387 10
533 389 10
533 391 10
533 392 10
533 393 10
533 395 10
533 397 10
533 402 10
533 404 10
533 407 10
533 408 10
533 411 10
533 413 10
533 415 10
533 419 10
533 420 10
533 429 10
533 430 10
533 433 10
533 434 10
533 439 10
533 441 10
533 442 10
533 453 10
533 454 10
533 461 10
533 471 10
533 476 10
533 494 10
533 496 10
533 497 10
533 498 10
533 501 10
533 503 10
533 504 10
533 507 10
533 510 10
533 519 10
533 522 10
533 525 10
533 536 10
533 537 10
533 540 10
533 541 10
533 542 10
533 543 10
533 544 10
533 546 10
533 547 10
533 549 10
533 550 10
533 551 10
533 554 10
533 555 10
533 557 10
533 558 10
533 559 10
533 560 10
533 562 10
533 564 10
533 567 10
533 573 10
533 578 10
533 583 10
533 585 10
533 586 10
533 588 10
533 593 10
533 595 10
533 597 10
533 602 10
533 611 10
533 615 10
533 632 10
533 634 10
533 637 10
533 638 10
533 639 10
533 642 10
533 643 10
533 644 10
533 648 10
533 649 10
533 650 10
533 651 10
533 653 10
533 654 10
533 656 10
533 657 10
533 658 10
533 660 10
533 661 10
533 666 10
533 670 10
533 675 10
533 702 10
533 706 10
534 338 10
534 342 10
534 344 10
534 347 10
534 348 10
534 349 10
534 354 10
534 358 10
534 365 10
534 367 10
534 368 10
534 374 10
534 376 10
534 379 10
534 380 10
534 382 10
534 383 10
534 385 10
534 386 10
534 391 10
534 392 10
534 395 10
534 396 10
534 398 10
534 399 10
534 401 10
534 404 10
534 405 10
534 410 10
534 412 10
534 421 10
534 425 10
534 427 10
534 428 10
534 429 10
534 430 10
534 431 10
534 432 10
534 433 10
534 437 10
534 438 10
534 439 10
534 440 10
534 441 10
534 443 10
534 446 10
534 449 10
534 459 10
534 460 10
534 461 10
534 462 10
534 464 10
534 473 10
534 477 10
534 482 10
534 484 10
534 485 10
534 495 10
534 496 10
534 499 10
534 501 10
534 506 10
534 507 10
534 510 10
534 512 10
534 514 10
534 515 10
534 517 10
534 520 10
534 534 10
534 538 10
534 540 10
534 541 10
534 542 10
534 543 10
534 545 10
534 546 10
534 550 10
534 551 10
534 553 10
534 554 10
534 556 10
534 558 10
534 559 10
534 562 10
534 563 10
534 567 10
534 568 10
534 569 10
534 570 10
534 571 10
534 572 10
534 577 10
534 578 10
534 579 10
534 580 10
534 582 10
534 584 10
534 585 10
534 586 10
534 588 10
534 590 10
534 592 10
534 594 10
534 595 10
534 596 10
534 597 10
534 598 10
534 599 10
534 600 10
534 602 10
534 604 10
534 614 10
534 622 10
534 626 10
534 628 10
534 629 10
534 642 10
534 643 10
534 648 10
534 649 10
534 651 10
534 652 10
534 653 10
534 654 10
534 655 10
534 657 10
534 658 10
534 666 10
534 668 10
534 674 10
534 677 10
534 695 10
534 704 10
534 706 10
535 329 10
535 338 10
535 340 10
535 342 10
535 343 10
535 344 10
535 352 10
535 362 10
535 363 10
535 365 10
535 366 10
535 370 10
535 371 10
535 372 10
535 375 10
535 377 10
535 379 10
535 381 10
535 382 10
535 383 10
535 385 10
535 388 10
535 393 10
535 400 10
535 402 10
535 420 10
535 421 10
535 424 10
535 435 10
535 440 10
535 442 10
535 443 10
535 444 10
535 445 10
535 446 10
535 460 10
535 461 10
535 463 10
535 465 10
535 467 10
535 468 10
535 472 10
535 473 10
535 474 10
535 475 10
535 478 10
535 480 10
535 482 10
535 486 10
535 487 10
535 488 10
535 490 10
535 493 10
535 495 10
535 497 10
535 498 10
535 500 10
535 503 10
535 504 10
535 508 10
535 509 10
535 510 10
535 511 10
535 513 10
535 514 10
535 515 10
535 517 10
535 521 10
535 522 10
535 536 10
535 540 10
535 541 10
535 542 10
535 543 10
535 544 10
535 546 10
535 547 10
535 548 10
535 550 10
535 551 10
535 552 10
535 553 10
535 554 10
535 555 10
535 556 10
535 558 10
535 560 10
535 561 10
535 562 10
535 564 10
535 567 10
535 568 10
535 569 10
535 570 10
535 576 10
535 580 10
535 584 10
535 585 10
535 586 10
535 588 10
535 590 10
535 591 10
535 592 10
535 593 10
535 594 10
535 595 10
535 597 10
535 601 10
535 606 10
535 607 10
535 612 10
535 613 10
535 615 10
535 616 10
535 617 10
535 618 10
535 624 10
535 628 10
535 632 10
535 634 10
535 635 10
535 636 10
535 637 10
535 640 10
535 643 10
535 644 10
535 645 10
535 646 10
535 647 10
535 649 10
535 650 10
535 651 10
535 652 10
535 653 10
535 657 10
535 659 10
535 661 10
535 663 10
535 668 10
535 670 10
535 676 10
535 704 10
536 343 10
536 344 10
536 350 10
536 353 10
536 358 10
536 366 10
536 375 10
536 379 10
536 380 10
536 381 10
536 382 10
536 384 10
536 388 10
536 420 10
536 422 10
536 426 10
536 428 10
536 429 10
536 435 10
536 438 10
536 449 10
536 458 10
536 459 10
536 460 10
536 461 10
536 462 10
536 465 10
536 466 10
536 470 10
536 472 10
536 474 10
536 475 10
536 476 10
536 477 10
536 479 10
536 481 10
536 487 10
536 489 10
536 490 10
536 491 10
536 495 10
536 497 10
536 498 10
536 501 10
536 504 10
536 508 10
536 510 10
536 513 10
536 519 10
536 520 10
536 534 10
536 540 10
536 545 10
536 546 10
536 548 10
536 549 10
536 550 10
536 551 10
536 552 10
536 554 10
536 558 10
536 567 10
536 570 10
536 577 10
536 579 10
536 580 10
536 584 10
536 586 10
536 587 10
536 588 10
536 589 10
536 590 10
536 592 10
536 593 10
536 594 10
536 596 10
536 597 10
536 598 10
536 601 10
536 605 10
536 612 10
536 614 10
536 618 10
536 619 10
536 623 10
536 630 10
536 631 10
536 632 10
536 633 10
536 636 10
536 640 10
536 650 10
536 653 10
536 657 10
536 658 10
536 659 10
536 660 10
536 666 10
536 668 10
536 677 10
536 678 10
536 706 10
537 334 10
537 335 10
537 338 10
537 341 10
537 347 10
537 348 10
537 354 10
537 358 10
537 363 10
537 369 10
537 370 10
537 378 10
537 379 10
537 380 10
537 383 10
537 385 10
537 386 10
537 388 10
537 389 10
537 390 10
537 392 10
537 393 10
537 421 10
537 423 10
537 424 10
537 425 10
537 426 10
537 433 10
537 434 10
537 436 10
537 437 10
537 439 10
537 443 10
537 444 10
537 446 10
537 447 10
537 450 10
537 459 10
537 460 10
537 461 10
537 462 10
537 463 10
537 464 10
537 465 10
537 466 10
537 467 10
537 468 10
537 470 10
537 473 10
537 476 10
537 479 10
537 482 10
537 483 10
537 484 10
537 485 10
537 486 10
537 487 10
537 489 10
537 492 10
537 498 10
537 499 10
537 501 10
537 502 10
537 504 10
537 506 10
537 507 10
537 513 10
537 514 10
537 515 10
537 516 10
537 518 10
537 519 10
537 533 10
537 534 10
537 535 10
537 539 10
537 547 10
537 549 10
537 550 10
537 551 10
537 552 10
537 553 10
537 555 10
537 557 10
537 560 10
537 566 10
537 567 10
537 568 10
537 575 10
537 578 10
537 579 10
537 582 10
537 583 10
537 586 10
537 587 10
537 588 10
537 589 10
537 590 10
537 592 10
537 593 10
537 594 10
537 595 10
537 596 10
537 600 10
537 603 10
537 605 10
537 606 10
537 607 10
537 613 10
537 616 10
537 617 10
537 619 10
537 624 10
537 626 10
537 630 10
537 631 10
537 633 10
537 635 10
537 637 10
537 640 10
537 643 10
537 647 10
537 650 10
537 651 10
537 653 10
537 654 10
537 659 10
537 661 10
537 663 10
537 666 10
537 668 10
537 670 10
537 672 10
537 673 10
537 674 10
538 330 10
538 344 10
538 345 10
538 348 10
538 349 10
538 359 10
538 362 10
538 363 10
538 364 10
538 365 10
538 366 10
538 367 10
538 380 10
538 382 10
538 383 10
538 389 10
538 391 10
538 400 10
538 421 10
538 422 10
538 427 10
538 429 10
538 431 10
538 433 10
538 434 10
538 435 10
538 439 10
538 440 10
538 441 10
538 443 10
538 446 10
538 451 10
538 452 10
538 453 10
538 454 10
538 456 10
538 457 10
538 459 10
538 463 10
538 465 10
538 466 10
538 467 10
538 469 10
538 471 10
538 473 10
538 474 10
538 476 10
538 477 10
538 478 10
538 479 10
538 482 10
538 486 10
538 489 10
538 490 10
538 492 10
538 493 10
538 494 10
538 497 10
538 504 10
538 505 10
538 507 10
538 508 10
538 514 10
538 516 10
538 518 10
538 519 10
538 527 10
538 528 10
538 535 10
538 537 10
538 550 10
538 551 10
538 555 10
538 557 10
538 562 10
538 563 10
538 569 10
538 570 10
538 576 10
538 577 10
538 578 10
538 579 10
538 580 10
538 582 10
538 583 10
538 586 10
538 589 10
538 590 10
538 593 10
538 595 10
538 597 10
538 603 10
538 604 10
538 612 10
538 613 10
538 616 10
538 617 10
538 619 10
538 628 10
538 634 10
538 641 10
538 642 10
538 645 10
538 647 10
538 649 10
538 650 10
538 652 10
538 654 10
538 655 10
538 656 10
538 657 10
538 658 10
538 660 10
538 663 10
538 666 10
538 668 10
538 669 10
538 670 10
538 683 10
539 328 10
539 329 10
539 341 10
539 348 10
539 349 10
539 352 10
539 356 10
539 358 10
539 362 10
539 364 10
539 367 10
539 385 10
539 386 10
539 387 10
539 389 10
539 390 10
539 391 10
539 399 10
539 401 10
539 424 10
539 427 10
539 428 10
539 429 10
539 430 10
539 437 10
539 438 10
539 439 10
539 440 10
539 441 10
539 442 10
539 443 10
539 444 10
539 445 10
539 447 10
539 460 10
539 461 10
539 462 10
539 463 10
539 464 10
539 467 10
539 468 10
539 469 10
539 470 10
539 471 10
539 473 10
539 474 10
539 475 10
539 478 10
539 483 10
539 487 10
539 488 10
539 491 10
539 493 10
539 506 10
539 510 10
539 514 10
539 519 10
539 520 10
539 525 10
539 527 10
539 528 10
539 530 10
539 549 10
539 550 10
539 551 10
539 555 10
539 556 10
539 557 10
539 559 10
539 561 10
539 562 10
539 563 10
539 564 10
539 565 10
539 566 10
539 568 10
539 570 10
539 575 10
539 576 10
539 577 10
539 578 10
539 582 10
539 583 10
539 584 10
539 585 10
539 586 10
539 587 10
539 588 10
539 589 10
539 590 10
539 591 10
539 592 10
539 593 10
539 596 10
539 598 10
539 613 10
539 617 10
539 618 10
539 623 10
539 629 10
539 630 10
539 631 10
539 632 10
539 641 10
539 643 10
539 650 10
539 651 10
539 655 10
539 659 10
539 660 10
539 661 10
539 668 10
539 672 10
539 673 10
539 675 10
539 684 10
540 332 10
540 333 10
540 343 10
540 346 10
540 362 10
540 364 10
540 367 10
540 371 10
540 378 10
540 379 10
540 383 10
540 386 10
540 387 10
540 390 10
540 393 10
540 417 10
540 423 10
540 424 10
540 426 10
540 428 10
540 434 10
540 436 10
540 438 10
540 439 10
540 440 10
540 442 10
540 444 10
540 446 10
540 448 10
540 452 10
540 453 10
540 455 10
540 461 10
540 465 10
540 467 10
540 469 10
540 475 10
540 476 10
540 477 10
540 478 10
540 479 10
540 480 10
540 488 10
540 489 10
540 492 10
540 493 10
540 497 10
540 500 10
540 502 10
540 506 10
540 507 10
540 509 10
540 514 10
540 519 10
540 522 10
540 523 10
540 525 10
540 528 10
540 539 10
540 547 10
540 548 10
540 549 10
540 551 10
540 557 10
540 558 10
540 563 10
540 567 10
540 578 10
540 580 10
540 582 10
540 583 10
540 585 10
540 587 10
540 588 10
540 590 10
540 591 10
540 603 10
540 605 10
540 611 10
540 612 10
540 615 10
540 621 10
540 624 10
540 626 10
540 628 10
540 632 10
540 639 10
540 642 10
540 643 10
540 650 10
540 653 10
540 655 10
540 658 10
540 659 10
540 660 10
540 663 10
540 664 10
540 667 10
540 669 10
540 672 10
540 673 10
540 674 10
540 683 10
541 328 10
541 329 10
541 331 10
541 332 10
541 335 10
541 337 10
541 338 10
541 339 10
541 340 10
541 343 10
541 345 10
541 346 10
541 347 10
541 350 10
541 357 10
541 364 10
541 365 10
541 367 10
541 381 10
541 384 10
541 387 10
541 389 10
541 390 10
541 391 10
541 402 10
541 404 10
541 418 10
541 419 10
541 421 10
541 422 10
541 426 10
541 431 10
541 432 10
541 434 10
541 436 10
541 437 10
541 438 10
541 439 10
541 440 10
541 441 10
541 443 10
541 444 10
541 445 10
541 446 10
541 447 10
541 449 10
541 450 10
541 451 10
541 458 10
541 460 10
541 461 10
541 462 10
541 463 10
541 464 10
541 465 10
541 469 10
541 471 10
541 476 10
541 477 10
541 478 10
541 479 10
541 480 10
541 484 10
541 485 10
541 488 10
541 489 10
541 492 10
541 500 10
541 508 10
541 509 10
541 511 10
541 514 10
541 518 10
541 520 10
541 522 10
541 524 10
541 525 10
541 526 10
541 527 10
541 528 10
541 536 10
541 542 10
541 552 10
541 553 10
541 554 10
541 555 10
541 557 10
541 558 10
541 560 10
541 561 10
541 573 10
541 576 10
541 578 10
541 584 10
541 587 10
541 588 10
541 591 10
541 593 10
541 594 10
541 596 10
541 597 10
541 599 10
541 606 10
541 607 10
541 608 10
541 609 10
541 610 10
541 611 10
541 612 10
541 615 10
541 616 10
541 617 10
541 623 10
541 624 10
541 626 10
541 628 10
541 630 10
541 634 10
541 651 10
541 654 10
541 657 10
541 659 10
541 660 10
541 663 10
541 665 10
541 668 10
541 669 10
541 675 10
542 330 10
542 332 10
542 333 10
542 334 10
542 335 10
542 340 10
542 355 10
542 357 10
542 364 10
542 372 10
542 384 10
542 387 10
542 389 10
542 390 10
542 391 10
542 424 10
542 426 10
542 428 10
542 429 10
542 430 10
542 433 10
542 434 10
542 435 10
542 436 10
542 438 10
542 440 10
542 441 10
542 444 10
542 445 10
542 447 10
542 453 10
542 459 10
542 460 10
542 462 10
542 463 10
542 466 10
542 467 10
542 470 10
542 473 10
542 475 10
542 478 10
542 480 10
542 481 10
542 486 10
542 487 10
542 489 10
542 490 10
542 494 10
542 495 10
542 502 10
542 510 10
542 511 10
542 519 10
542 520 10
542 521 10
542 523 10
542 525 10
542 527 10
542 530 10
542 536 10
542 537 10
542 543 10
542 550 10
542 551 10
542 552 10
542 553 10
542 554 10
542 556 10
542 559 10
542 560 10
542 564 10
542 571 10
542 574 10
542 576 10
542 579 10
542 580 10
542 582 10
542 583 10
542 584 10
542 586 10
542 587 10
542 588 10
542 589 10
542 590 10
542 591 10
542 592 10
542 593 10
542 594 10
542 605 10
542 608 10
542 612 10
542 615 10
542 617 10
542 625 10
542 626 10
542 629 10
542 631 10
542 632 10
542 637 10
542 638 10
542 651 10
542 653 10
542 655 10
542 657 10
542 660 10
542 661 10
542 663 10
542 664 10
542 665 10
542 667 10
542 672 10
543 331 10
543 334 10
543 339 10
543 341 10
543 342 10
543 343 10
543 344 10
543 346 10
543 356 10
543 361 10
543 365 10
543 366 10
543 370 10
543 383 10
543 385 10
543 391 10
543 392 10
543 393 10
543 395 10
543 403 10
543 404 10
543 406 10
543 407 10
543 417 10
543 419 10
543 424 10
543 432 10
543 434 10
543 436 10
543 437 10
543 438 10
543 439 10
543 440 10
543 443 10
543 444 10
543 445 10
543 447 10
543 448 10
543 449 10
543 451 10
543 452 10
543 453 10
543 455 10
543 457 10
543 460 10
543 461 10
543 463 10
543 465 10
543 466 10
543 470 10
543 472 10
543 473 10
543 474 10
543 476 10
543 480 10
543 481 10
543 486 10
543 487 10
543 489 10
543 490 10
543 491 10
543 493 10
543 495 10
543 497 10
543 499 10
543 505 10
543 508 10
543 512 10
543 513 10
543 518 10
543 520 10
543 526 10
543 527 10
543 528 10
543 539 10
543 541 10
543 542 10
543 547 10
543 552 10
543 554 10
543 559 10
543 560 10
543 561 10
543 565 10
543 566 10
543 569 10
543 571 10
543 578 10
543 583 10
543 584 10
543 585 10
543 586 10
543 587 10
543 588 10
543 589 10
543 592 10
543 593 10
543 599 10
543 601 10
543 603 10
543 605 10
543 606 10
543 607 10
543 612 10
543 628 10
543 629 10
543 639 10
543 656 10
543 660 10
543 663 10
543 664 10
543 665 10
543 672 10
544 331 10
544 332 10
544 334 10
544 338 10
544 339 10
544 340 10
544 342 10
544 344 10
544 359 10
544 362 10
544 363 10
544 364 10
544 380 10
544 387 10
544 388 10
544 391 10
544 394 10
544 402 10
544 403 10
544 404 10
544 421 10
544 429 10
544 430 10
544 431 10
544 432 10
544 433 10
544 434 10
544 437 10
544 438 10
544 441 10
544 442 10
544 445 10
544 446 10
544 447 10
544 448 10
544 454 10
544 461 10
544 462 10
544 464 10
544 466 10
544 468 10
544 472 10
544 475 10
544 477 10
544 478 10
544 479 10
544 480 10
544 486 10
544 487 10
544 488 10
544 489 10
544 493 10
544 504 10
544 511 10
544 512 10
544 513 10
544 517 10
544 518 10
544 524 10
544 525 10
544 527 10
544 528 10
544 530 10
544 536 10
544 537 10
544 542 10
544 543 10
544 545 10
544 550 10
544 551 10
544 554 10
544 561 10
544 562 10
544 564 10
544 565 10
544 567 10
544 569 10
544 573 10
544 579 10
544 584 10
544 586 10
544 587 10
544 589 10
544 590 10
544 591 10
544 592 10
544 593 10
544 594 10
544 600 10
544 602 10
544 603 10
544 608 10
544 609 10
544 611 10
544 612 10
544 613 10
544 614 10
544 615 10
544 616 10
544 625 10
544 627 10
544 637 10
544 655 10
544 657 10
544 658 10
544 664 10
544 665 10
544 667 10
544 670 10
545 329 10
545 331 10
545 333 10
545 337 10
545 342 10
545 345 10
545 350 10
545 353 10
545 357 10
545 358 10
545 363 10
545 382 10
545 384 10
545 385 10
545 386 10
545 387 10
545 388 10
545 391 10
545 395 10
545 396 10
545 397 10
545 398 10
545 403 10
545 415 10
545 418 10
545 420 10
545 423 10
545 424 10
545 425 10
545 428 10
545 433 10
545 434 10
545 435 10
545 436 10
545 438 10
545 439 10
545 440 10
545 441 10
545 442 10
545 443 10
545 444 10
545 445 10
545 447 10
545 449 10
545 456 10
545 460 10
545 461 10
545 462 10
545 463 10
545 464 10
545 465 10
545 466 10
545 469 10
545 474 10
545 476 10
545 478 10
545 480 10
545 481 10
545 483 10
545 488 10
545 489 10
545 492 10
545 493 10
545 494 10
545 495 10
545 504 10
545 506 10
545 516 10
545 517 10
545 519 10
545 520 10
545 521 10
545 522 10
545 523 10
545 524 10
545 525 10
545 526 10
545 528 10
545 537 10
545 539 10
545 540 10
545 542 10
545 544 10
545 546 10
545 549 10
545 551 10
545 553 10
545 556 10
545 559 10
545 560 10
545 561 10
545 565 10
545 567 10
545 569 10
545 572 10
545 574 10
545 576 10
545 578 10
545 579 10
545 580 10
545 583 10
545 584 10
545 586 10
545 589 10
545 591 10
545 592 10
545 594 10
545 600 10
545 602 10
545 603 10
545 604 10
545 605 10
545 606 10
545 608 10
545 611 10
545 612 10
545 614 10
545 626 10
545 636 10
545 648 10
545 649 10
545 652 10
545 654 10
545 656 10
545 657 10
545 659 10
545 663 10
545 666 10
546 332 10
546 333 10
546 337 10
546 339 10
546 343 10
546 345 10
546 346 10
546 348 10
546 352 10
546 359 10
546 360 10
546 361 10
546 364 10
546 376 10
546 384 10
546 385 10
546 387 10
546 391 10
546 400 10
546 401 10
546 402 10
546 409 10
546 410 10
546 411 10
546 417 10
546 420 10
546 427 10
546 431 10
546 432 10
546 434 10
546 435 10
546 436 10
546 437 10
546 438 10
546 439 10
546 440 10
546 442 10
546 446 10
546 453 10
546 458 10
546 460 10
546 461 10
546 462 10
546 463 10
546 464 10
546 466 10
546 469 10
546 470 10
546 471 10
546 473 10
546 481 10
546 489 10
546 490 10
546 492 10
546 493 10
546 494 10
546 495 10
546 506 10
546 507 10
546 511 10
546 512 10
546 514 10
546 516 10
546 517 10
546 523 10
546 527 10
546 528 10
546 537 10
546 538 10
546 539 10
546 544 10
546 545 10
546 561 10
546 563 10
546 570 10
546 574 10
546 578 10
546 582 10
546 583 10
546 585 10
546 587 10
546 589 10
546 591 10
546 593 10
546 596 10
546 597 10
546 599 10
546 600 10
546 601 10
546 603 10
546 606 10
546 607 10
546 609 10
546 629 10
546 637 10
546 639 10
546 642 10
546 652 10
546 658 10
546 661 10
546 663 10
546 667 10
546 682 10
547 334 10
547 335 10
547 339 10
547 341 10
547 343 10
547 348 10
547 349 10
547 354 10
547 355 10
547 357 10
547 361 10
547 362 10
547 363 10
547 380 10
547 381 10
547 383 10
547 384 10
547 385 10
547 386 10
547 387 10
547 393 10
547 398 10
547 399 10
547 408 10
547 414 10
547 416 10
547 418 10
547 420 10
547 428 10
547 431 10
547 432 10
547 433 10
547 434 10
547 435 10
547 436 10
547 437 10
547 438 10
547 440 10
547 441 10
547 443 10
547 444 10
547 446 10
547 447 10
547 453 10
547 454 10
547 458 10
547 460 10
547 461 10
547 462 10
547 463 10
547 465 10
547 467 10
547 468 10
547 469 10
547 470 10
547 477 10
547 479 10
547 485 10
547 486 10
547 492 10
547 494 10
547 495 10
547 496 10
547 504 10
547 506 10
547 508 10
547 509 10
547 519 10
547 521 10
547 525 10
547 526 10
547 540 10
547 541 10
547 553 10
547 554 10
547 560 10
547 567 10
547 568 10
547 570 10
547 577 10
547 585 10
547 591 10
547 592 10
547 599 10
547 600 10
547 602 10
547 603 10
547 605 10
547 607 10
547 610 10
547 624 10
547 625 10
547 627 10
547 628 10
547 635 10
547 637 10
547 639 10
547 641 10
547 644 10
547 647 10
547 648 10
547 650 10
547 652 10
547 653 10
547 655 10
547 657 10
547 662 10
547 663 10
547 664 10
547 665 10
547 668 10
547 675 10
547 676 10
548 339 10
548 342 10
548 343 10
548 344 10
548 345 10
548 354 10
548 356 10
548 357 10
548 358 10
548 359 10
548 361 10
548 377 10
548 383 10
548 385 10
548 386 10
548 388 10
548 392 10
548 393 10
548 401 10
548 404 10
548 405 10
548 406 10
548 418 10
548 421 10
548 428 10
548 430 10
548 433 10
548 434 10
548 435 10
548 436 10
548 437 10
548 438 10
548 439 10
548 443 10
548 449 10
548 453 10
548 458 10
548 460 10
548 461 10
548 464 10
548 465 10
548 466 10
548 467 10
548 470 10
548 471 10
548 476 10
548 481 10
548 485 10
548 490 10
548 492 10
548 493 10
548 495 10
548 497 10
548 506 10
548 508 10
548 509 10
548 511 10
548 516 10
548 518 10
548 521 10
548 527 10
548 529 10
548 530 10
548 536 10
548 538 10
548 539 10
548 543 10
548 544 10
548 545 10
548 554 10
548 561 10
548 562 10
548 564 10
548 566 10
548 568 10
548 570 10
548 583 10
548 588 10
548 592 10
548 594 10
548 595 10
548 597 10
548 598 10
548 600 10
548 602 10
548 603 10
548 604 10
548 605 10
548 606 10
548 608 10
548 611 10
548 613 10
548 624 10
548 637 10
548 638 10
548 639 10
548 644 10
548 646 10
548 647 10
548 651 10
548 654 10
548 655 10
548 658 10
548 659 10
548 660 10
548 661 10
548 663 10
548 665 10
548 666 10
548 668 10
548 671 10
549 339 10
549 344 10
549 345 10
549 346 10
549 347 10
549 348 10
549 349 10
549 350 10
549 352 10
549 353 10
549 354 10
549 355 10
549 356 10
549 357 10
549 359 10
549 360 10
549 377 10
549 378 10
549 381 10
549 383 10
549 385 10
549 386 10
549 392 10
549 394 10
549 396 10
549 399 10
549 408 10
549 417 10
549 418 10
549 419 10
549 421 10
549 428 10
549 429 10
549 430 10
549 431 10
549 433 10
549 434 10
549 436 10
549 438 10
549 439 10
549 440 10
549 441 10
549 449 10
549 450 10
549 451 10
549 460 10
549 462 10
549 463 10
549 464 10
549 466 10
549 467 10
549 468 10
549 469 10
549 470 10
549 474 10
549 475 10
549 482 10
549 484 10
549 485 10
549 486 10
549 487 10
549 488 10
549 489 10
549 490 10
549 492 10
549 493 10
549 494 10
549 496 10
549 504 10
549 506 10
549 513 10
549 517 10
549 518 10
549 521 10
549 522 10
549 524 10
549 534 10
549 538 10
549 542 10
549 543 10
549 544 10
549 551 10
549 553 10
549 556 10
549 559 10
549 560 10
549 565 10
549 566 10
549 568 10
549 570 10
549 578 10
549 584 10
549 591 10
549 592 10
549 595 10
549 596 10
549 598 10
549 600 10
549 603 10
549 605 10
549 607 10
549 608 10
549 610 10
549 611 10
549 613 10
549 626 10
549 637 10
549 638 10
549 641 10
549 642 10
549 643 10
549 645 10
549 646 10
549 648 10
549 649 10
549 653 10
549 662 10
549 663 10
549 665 10
549 667 10
549 672 10
549 676 10
550 343 10
550 344 10
550 345 10
550 349 10
550 350 10
550 352 10
550 354 10
550 356 10
550 357 10
550 359 10
550 363 10
550 378 10
550 384 10
550 387 10
550 390 10
550 394 10
550 396 10
550 398 10
550 399 10
550 405 10
550 407 10
550 410 10
550 416 10
550 419 10
550 420 10
550 421 10
550 423 10
550 424 10
550 425 10
550 426 10
550 427 10
550 428 10
550 429 10
550 432 10
550 433 10
550 435 10
550 436 10
550 438 10
550 439 10
550 440 10
550 441 10
550 443 10
550 451 10
550 452 10
550 457 10
550 461 10
550 462 10
550 463 10
550 464 10
550 465 10
550 481 10
550 484 10
550 486 10
550 487 10
550 489 10
550 490 10
550 491 10
550 492 10
550 493 10
550 495 10
550 503 10
550 505 10
550 511 10
550 512 10
550 516 10
550 518 10
550 520 10
550 521 10
550 529 10
550 537 10
550 541 10
550 542 10
550 543 10
550 544 10
550 549 10
550 551 10
550 555 10
550 559 10
550 560 10
550 562 10
550 565 10
550 566 10
550 577 10
550 578 10
550 589 10
550 596 10
550 597 10
550 598 10
550 602 10
550 603 10
550 605 10
550 611 10
550 622 10
550 628 10
550 629 10
550 630 10
550 635 10
550 638 10
550 639 10
550 643 10
550 645 10
550 646 10
550 650 10
550 661 10
550 663 10
550 665 10
550 672 10
550 683 10
550 685 10
550 691 10
550 693 10
551 342 10
551 343 10
551 346 10
551 347 10
551 348 10
551 349 10
551 350 10
551 353 10
551 356 10
551 358 10
551 361 10
551 380 10
551 381 10
551 385 10
551 391 10
551 393 10
551 395 10
551 397 10
551 400 10
551 402 10
551 409 10
551 414 10
551 417 10
551 418 10
551 419 10
551 421 10
551 423 10
551 426 10
551 428 10
551 429 10
551 430 10
551 432 10
551 433 10
551 435 10
551 436 10
551 440 10
551 441 10
551 442 10
551 444 10
551 448 10
551 450 10
551 451 10
551 453 10
551 458 10
551 461 10
551 462 10
551 465 10
551 466 10
551 468 10
551 472 10
551 473 10
551 476 10
551 478 10
551 482 10
551 491 10
551 492 10
551 493 10
551 494 10
551 495 10
551 496 10
551 497 10
551 503 10
551 505 10
551 506 10
551 507 10
551 510 10
551 514 10
551 520 10
551 521 10
551 522 10
551 523 10
551 524 10
551 530 10
551 531 10
551 532 10
551 536 10
551 552 10
551 555 10
551 560 10
551 562 10
551 563 10
551 566 10
551 574 10
551 577 10
551 578 10
551 579 10
551 581 10
551 586 10
551 587 10
551 589 10
551 590 10
551 594 10
551 595 10
551 596 10
551 597 10
551 598 10
551 599 10
551 600 10
551 602 10
551 603 10
551 604 10
551 605 10
551 607 10
551 608 10
551 610 10
551 611 10
551 618 10
551 645 10
551 646 10
551 647 10
551 648 10
551 649 10
551 650 10
551 659 10
551 660 10
551 661 10
551 664 10
551 665 10
551 672 10
551 684 10
551 691 10
551 695 10
552 346 10
552 347 10
552 350 10
552 354 10
552 356 10
552 358 10
552 359 10
552 360 10
552 380 10
552 382 10
552 383 10
552 386 10
552 387 10
552 393 10
552 399 10
552 400 10
552 406 10
552 416 10
552 417 10
552 419 10
552 420 10
552 421 10
552 422 10
552 423 10
552 424 10
552 425 10
552 426 10
552 427 10
552 428 10
552 429 10
552 432 10
552 433 10
552 434 10
552 435 10
552 436 10
552 437 10
552 438 10
552 440 10
552 451 10
552 452 10
552 453 10
552 455 10
552 456 10
552 458 10
552 461 10
552 463 10
552 467 10
552 468 10
552 470 10
552 474 10
552 477 10
552 479 10
552 481 10
552 485 10
552 488 10
552 489 10
552 490 10
552 493 10
552 494 10
552 496 10
552 497 10
552 502 10
552 504 10
552 505 10
552 506 10
552 507 10
552 508 10
552 509 10
552 510 10
552 512 10
552 514 10
552 516 10
552 517 10
552 518 10
552 520 10
552 523 10
552 530 10
552 532 10
552 537 10
552 539 10
552 543 10
552 552 10
552 553 10
552 564 10
552 565 10
552 579 10
552 589 10
552 590 10
552 591 10
552 593 10
552 595 10
552 596 10
552 598 10
552 599 10
552 602 10
552 603 10
552 604 10
552 609 10
552 611 10
552 630 10
552 632 10
552 640 10
552 641 10
552 643 10
552 645 10
552 647 10
552 650 10
552 652 10
552 653 10
552 662 10
552 664 10
552 667 10
552 670 10
552 673 10
552 677 10
553 343 10
553 344 10
553 346 10
553 349 10
553 351 10
553 352 10
553 354 10
553 355 10
553 356 10
553 357 10
553 358 10
553 359 10
553 364 10
553 383 10
553 388 10
553 391 10
553 393 10
553 395 10
553 405 10
553 409 10
553 411 10
553 416 10
553 420 10
553 422 10
553 423 10
553 427 10
553 434 10
553 435 10
553 441 10
553 442 10
553 444 10
553 446 10
553 447 10
553 448 10
553 449 10
553 455 10
553 456 10
553 457 10
553 459 10
553 465 10
553 466 10
553 467 10
553 470 10
553 474 10
553 475 10
553 478 10
553 486 10
553 498 10
553 500 10
553 503 10
553 504 10
553 505 10
553 506 10
553 510 10
553 511 10
553 513 10
553 516 10
553 519 10
553 522 10
553 528 10
553 529 10
553 531 10
553 535 10
553 542 10
553 544 10
553 545 10
553 552 10
553 558 10
553 560 10
553 561 10
553 568 10
553 577 10
553 580 10
553 581 10
553 587 10
553 588 10
553 590 10
553 593 10
553 595 10
553 596 10
553 598 10
553 601 10
553 603 10
553 608 10
553 620 10
553 621 10
553 622 10
553 638 10
553 645 10
553 646 10
553 647 10
553 649 10
553 650 10
553 651 10
553 662 10
553 663 10
553 664 10
553 665 10
553 666 10
553 668 10
553 682 10
553 683 10
553 695 10
554 343 10
554 344 10
554 347 10
554 357 10
554 358 10
554 359 10
554 362 10
554 364 10
554 381 10
554 382 10
554 385 10
554 393 10
554 404 10
554 407 10
554 408 10
554 409 10
554 412 10
554 417 10
554 418 10
554 419 10
554 420 10
554 422 10
554 427 10
554 428 10
554 429 10
554 430 10
554 431 10
554 434 10
554 435 10
554 436 10
554 437 10
554 438 10
554 441 10
554 442 10
554 445 10
554 447 10
554 451 10
554 454 10
554 455 10
554 459 10
554 462 10
554 464 10
554 472 10
554 475 10
554 481 10
554 483 10
554 488 10
554 490 10
554 491 10
554 492 10
554 497 10
554 502 10
554 503 10
554 504 10
554 506 10
554 509 10
554 511 10
554 512 10
554 517 10
554 521 10
554 522 10
554 523 10
554 525 10
554 526 10
554 527 10
554 528 10
554 531 10
554 532 10
554 533 10
554 536 10
554 540 10
554 546 10
554 547 10
554 548 10
554 550 10
554 551 10
554 553 10
554 556 10
554 558 10
554 562 10
554 567 10
554 580 10
554 581 10
554 582 10
554 592 10
554 595 10
554 596 10
554 597 10
554 598 10
554 600 10
554 601 10
554 603 10
554 604 10
554 609 10
554 631 10
554 642 10
554 645 10
554 646 10
554 647 10
554 648 10
554 650 10
554 652 10
554 662 10
554 664 10
554 665 10
554 666 10
554 668 10
554 671 10
554 676 10
554 678 10
554 685 10
554 688 10
554 693 10
554 694 10
555 344 10
555 346 10
555 354 10
555 355 10
555 357 10
555 358 10
555 359 10
555 361 10
555 376 10
555 383 10
555 392 10
555 394 10
555 403 10
555 406 10
555 407 10
555 409 10
555 410 10
555 411 10
555 413 10
555 414 10
555 422 10
555 423 10
555 426 10
555 429 10
555 431 10
555 435 10
555 436 10
555 439 10
555 440 10
555 444 10
555 448 10
555 450 10
555 451 10
555 453 10
555 454 10
555 455 10
555 456 10
555 458 10
555 463 10
555 464 10
555 465 10
555 467 10
555 468 10
555 470 10
555 471 10
555 472 10
555 473 10
555 476 10
555 480 10
555 482 10
555 485 10
555 489 10
555 493 10
555 494 10
555 495 10
555 499 10
555 500 10
555 501 10
555 504 10
555 507 10
555 508 10
555 509 10
555 511 10
555 513 10
555 516 10
555 518 10
555 519 10
555 525 10
555 526 10
555 527 10
555 531 10
555 535 10
555 538 10
555 539 10
555 543 10
555 544 10
555 545 10
555 550 10
555 551 10
555 552 10
555 560 10
555 566 10
555 573 10
555 575 10
555 588 10
555 589 10
555 590 10
555 593 10
555 594 10
555 595 10
555 596 10
555 597 10
555 599 10
555 603 10
555 604 10
555 606 10
555 607 10
555 635 10
555 636 10
555 644 10
555 646 10
555 647 10
555 649 10
555 652 10
555 653 10
555 665 10
555 671 10
555 680 10
555 685 10
555 689 10
555 690 10
555 691 10
556 341 10
556 346 10
556 350 10
556 354 10
556 359 10
556 364 10
556 376 10
556 384 10
556 393 10
556 395 10
556 397 10
556 408 10
556 410 10
556 413 10
556 415 10
556 417 10
556 418 10
556 420 10
556 421 10
556 424 10
556 427 10
556 428 10
556 431 10
556 432 10
556 433 10
556 434 10
556 435 10
556 436 10
556 437 10
556 442 10
556 443 10
556 446 10
556 447 10
556 449 10
556 450 10
556 454 10
556 455 10
556 457 10
556 460 10
556 463 10
556 465 10
556 468 10
556 469 10
556 470 10
556 473 10
556 476 10
556 479 10
556 480 10
556 482 10
556 483 10
556 485 10
556 487 10
556 488 10
556 490 10
556 491 10
556 492 10
556 496 10
556 498 10
556 503 10
556 505 10
556 507 10
556 508 10
556 509 10
556 510 10
556 511 10
556 512 10
556 516 10
556 521 10
556 522 10
556 523 10
556 525 10
556 526 10
556 527 10
556 529 10
556 531 10
556 538 10
556 539 10
556 540 10
556 541 10
556 542 10
556 543 10
556 545 10
556 546 10
556 549 10
556 550 10
556 553 10
556 558 10
556 560 10
556 562 10
556 563 10
556 565 10
556 571 10
556 572 10
556 584 10
556 588 10
556 594 10
556 595 10
556 597 10
556 600 10
556 601 10
556 604 10
556 606 10
556 609 10
556 622 10
556 623 10
556 630 10
556 632 10
556 633 10
556 634 10
556 648 10
556 649 10
556 650 10
556 654 10
556 663 10
556 665 10
556 666 10
556 667 10
556 673 10
556 675 10
556 688 10
556 689 10
557 346 10
557 348 10
557 358 10
557 375 10
557 390 10
557 391 10
557 394 10
557 398 10
557 404 10
557 407 10
557 409 10
557 413 10
557 414 10
557 416 10
557 418 10
557 420 10
557 421 10
557 425 10
557 426 10
557 429 10
557 431 10
557 434 10
557 435 10
557 437 10
557 438 10
557 442 10
557 446 10
557 447 10
557 451 10
557 452 10
557 453 10
557 454 10
557 455 10
557 456 10
557 460 10
557 462 10
557 464 10
557 465 10
557 468 10
557 471 10
557 474 10
557 476 10
557 477 10
557 478 10
557 479 10
557 480 10
557 481 10
557 482 10
557 483 10
557 484 10
557 489 10
557 490 10
557 492 10
557 493 10
557 496 10
557 498 10
557 499 10
557 500 10
557 506 10
557 507 10
557 508 10
557 509 10
557 510 10
557 511 10
557 512 10
557 516 10
557 517 10
557 521 10
557 522 10
557 527 10
557 528 10
557 531 10
557 533 10
557 535 10
557 537 10
557 538 10
557 540 10
557 541 10
557 542 10
557 543 10
557 547 10
557 549 10
557 550 10
557 556 10
557 561 10
557 564 10
557 573 10
557 574 10
557 578 10
557 579 10
557 590 10
557 592 10
557 593 10
557 596 10
557 605 10
557 606 10
557 607 10
557 625 10
557 631 10
557 637 10
557 638 10
557 643 10
557 644 10
557 647 10
557 650 10
557 654 10
557 664 10
557 665 10
557 666 10
557 673 10
557 674 10
557 675 10
557 684 10
557 686 10
557 688 10
558 343 10
558 351 10
558 353 10
558 375 10
558 378 10
558 392 10
558 394 10
558 399 10
558 408 10
558 409 10
558 413 10
558 414 10
558 416 10
558 418 10
558 419 10
558 420 10
558 422 10
558 424 10
558 426 10
558 427 10
558 429 10
558 431 10
558 436 10
558 437 10
558 438 10
558 440 10
558 444 10
558 445 10
558 447 10
558 448 10
558 450 10
558 451 10
558 454 10
558 455 10
558 456 10
558 458 10
558 461 10
558 467 10
558 469 10
558 470 10
558 471 10
558 473 10
558 477 10
558 481 10
558 483 10
558 488 10
558 490 10
558 491 10
558 493 10
558 494 10
558 495 10
558 496 10
558 502 10
558 505 10
558 507 10
558 508 10
558 509 10
558 510 10
558 512 10
558 513 10
558 515 10
558 522 10
558 523 10
558 524 10
558 525 10
558 526 10
558 528 10
558 530 10
558 531 10
558 535 10
558 536 10
558 538 10
558 539 10
558 541 10
558 543 10
558 545 10
558 546 10
558 549 10
558 551 10
558 559 10
558 561 10
558 562 10
558 564 10
558 565 10
558 566 10
558 573 10
558 577 10
558 582 10
558 584 10
558 585 10
558 589 10
558 591 10
558 595 10
558 596 10
558 597 10
558 598 10
558 601 10
558 602 10
558 605 10
558 611 10
558 620 10
558 622 10
558 626 10
558 628 10
558 629 10
558 630 10
558 631 10
558 635 10
558 636 10
558 638 10
558 639 10
558 647 10
558 648 10
558 655 10
558 656 10
558 664 10
558 665 10
558 666 10
558 668 10
558 673 10
558 676 10
558 679 10
558 682 10
559 348 10
559 349 10
559 353 10
559 355 10
559 374 10
559 376 10
559 404 10
559 406 10
559 407 10
559 409 10
559 410 10
559 411 10
559 412 10
559 416 10
559 420 10
559 421 10
559 424 10
559 427 10
559 429 10
559 433 10
559 434 10
559 435 10
559 438 10
559 442 10
559 443 10
559 446 10
559 447 10
559 448 10
559 449 10
559 450 10
559 451 10
559 452 10
559 454 10
559 456 10
559 457 10
559 459 10
559 462 10
559 464 10
559 467 10
559 468 10
559 469 10
559 470 10
559 471 10
559 472 10
559 473 10
559 474 10
559 475 10
559 476 10
559 478 10
559 479 10
559 480 10
559 482 10
559 483 10
559 484 10
559 487 10
559 488 10
559 489 10
559 492 10
559 496 10
559 497 10
559 503 10
559 506 10
559 507 10
559 509 10
559 510 10
559 511 10
559 512 10
559 513 10
559 515 10
559 516 10
559 520 10
559 522 10
559 525 10
559 531 10
559 533 10
559 536 10
559 537 10
559 538 10
559 540 10
559 542 10
559 543 10
559 544 10
559 545 10
559 546 10
559 547 10
559 548 10
559 549 10
559 554 10
559 556 10
559 561 10
559 579 10
559 585 10
559 589 10
559 591 10
559 592 10
559 595 10
559 596 10
559 598 10
559 602 10
559 604 10
559 608 10
559 620 10
559 623 10
559 624 10
559 627 10
559 629 10
559 644 10
559 649 10
559 652 10
559 654 10
559 662 10
559 663 10
559 664 10
559 665 10
559 666 10
559 670 10
559 671 10
559 677 10
560 374 10
560 376 10
560 377 10
560 378 10
560 387 10
560 388 10
560 393 10
560 395 10
560 404 10
560 409 10
560 415 10
560 427 10
560 432 10
560 436 10
560 439 10
560 440 10
560 444 10
560 445 10
560 447 10
560 452 10
560 455 10
560 456 10
560 457 10
560 458 10
560 464 10
560 466 10
560 468 10
560 472 10
560 477 10
560 481 10
560 483 10
560 488 10
560 489 10
560 490 10
560 492 10
560 493 10
560 494 10
560 497 10
560 501 10
560 504 10
560 505 10
560 506 10
560 508 10
560 509 10
560 510 10
560 511 10
560 522 10
560 523 10
560 527 10
560 528 10
560 534 10
560 535 10
560 536 10
560 538 10
560 540 10
560 541 10
560 546 10
560 547 10
560 548 10
560 552 10
560 559 10
560 561 10
560 562 10
560 565 10
560 575 10
560 577 10
560 582 10
560 584 10
560 587 10
560 590 10
560 591 10
560 595 10
560 596 10
560 597 10
560 599 10
560 601 10
560 602 10
560 619 10
560 621 10
560 623 10
560 624 10
560 625 10
560 628 10
560 632 10
560 633 10
560 634 10
560 637 10
560 641 10
560 647 10
560 648 10
560 650 10
560 661 10
560 663 10
560 668 10
560 669 10
560 671 10
560 673 10
560 674 10
560 677 10
560 678 10
560 679 10
561 356 10
561 363 10
561 364 10
561 373 10
561 385 10
561 404 10
561 406 10
561 409 10
561 423 10
561 427 10
561 428 10
561 430 10
561 431 10
561 434 10
561 437 10
561 439 10
561 441 10
561 442 10
561 443 10
561 445 10
561 447 10
561 450 10
561 451 10
561 453 10
561 454 10
561 455 10
561 456 10
561 457 10
561 459 10
561 461 10
561 462 10
561 466 10
561 467 10
561 470 10
561 472 10
561 474 10
561 476 10
561 480 10
561 481 10
561 483 10
561 490 10
561 491 10
561 495 10
561 496 10
561 498 10
561 500 10
561 501 10
561 503 10
561 504 10
561 506 10
561 507 10
561 508 10
561 512 10
561 513 10
561 520 10
561 524 10
561 525 10
561 529 10
561 530 10
561 531 10
561 532 10
561 534 10
561 536 10
561 537 10
561 538 10
561 542 10
561 543 10
561 545 10
561 547 10
561 559 10
561 563 10
561 579 10
561 581 10
561 582 10
561 586 10
561 590 10
561 592 10
561 594 10
561 596 10
561 597 10
561 599 10
561 600 10
561 601 10
561 616 10
561 632 10
561 633 10
561 637 10
561 639 10
561 641 10
561 648 10
561 649 10
561 663 10
561 666 10
561 667 10
561 670 10
561 671 10
561 676 10
561 677 10
561 678 10
561 684 10
561 689 10
561 695 10
561 696 10
562 341 10
562 359 10
562 376 10
562 378 10
562 379 10
562 380 10
562 401 10
562 403 10
562 405 10
562 407 10
562 409 10
562 432 10
562 433 10
562 435 10
562 436 10
562 437 10
562 441 10
562 446 10
562 447 10
562 450 10
562 455 10
562 456 10
562 457 10
562 459 10
562 461 10
562 466 10
562 469 10
562 472 10
562 473 10
562 474 10
562 475 10
562 476 10
562 477 10
562 478 10
562 480 10
562 481 10
562 494 10
562 495 10
562 497 10
562 504 10
562 505 10
562 508 10
562 516 10
562 517 10
562 518 10
562 519 10
562 521 10
562 523 10
562 528 10
562 533 10
562 534 10
562 538 10
562 539 10
562 540 10
562 541 10
562 544 10
562 545 10
562 546 10
562 556 10
562 558 10
562 559 10
562 565 10
562 577 10
562 581 10
562 586 10
562 589 10
562 591 10
562 592 10
562 594 10
562 595 10
562 599 10
562 600 10
562 601 10
562 606 10
562 609 10
562 619 10
562 632 10
562 633 10
562 634 10
562 638 10
562 646 10
562 649 10
562 651 10
562 662 10
562 666 10
562 669 10
562 671 10
562 673 10
562 675 10
562 683 10
562 688 10
562 690 10
562 693 10
562 694 10
562 696 10
562 697 10
563 335 10
563 339 10
563 340 10
563 364 10
563 365 10
563 376 10
563 377 10
563 378 10
563 399 10
563 402 10
563 404 10
563 405 10
563 406 10
563 407 10
563 410 10
563 419 10
563 426 10
563 431 10
563 432 10
563 434 10
563 441 10
563 443 10
563 444 10
563 447 10
563 452 10
563 453 10
563 454 10
563 455 10
563 458 10
563 459 10
563 461 10
563 462 10
563 464 10
563 465 10
563 467 10
563 469 10
563 470 10
563 471 10
563 472 10
563 473 10
563 474 10
563 475 10
563 476 10
563 483 10
563 484 10
563 495 10
563 497 10
563 500 10
563 512 10
563 514 10
563 519 10
563 520 10
563 521 10
563 523 10
563 524 10
563 526 10
563 527 10
563 528 10
563 530 10
563 531 10
563 532 10
563 533 10
563 534 10
563 535 10
563 537 10
563 541 10
563 546 10
563 557 10
563 559 10
563 560 10
563 574 10
563 575 10
563 576 10
563 578 10
563 579 10
563 583 10
563 585 10
563 587 10
563 588 10
563 593 10
563 594 10
563 595 10
563 597 10
563 598 10
563 599 10
563 611 10
563 612 10
563 616 10
563 621 10
563 632 10
563 636 10
563 639 10
563 646 10
563 651 10
563 660 10
563 662 10
563 663 10
563 666 10
563 674 10
563 675 10
563 678 10
563 681 10
563 690 10
563 691 10
563 693 10
563 695 10
564 346 10
564 347 10
564 363 10
564 367 10
564 380 10
564 387 10
564 401 10
564 402 10
564 403 10
564 405 10
564 411 10
564 412 10
564 418 10
564 432 10
564 433 10
564 434 10
564 435 10
564 436 10
564 441 10
564 443 10
564 445 10
564 446 10
564 447 10
564 449 10
564 450 10
564 451 10
564 455 10
564 457 10
564 459 10
564 461 10
564 463 10
564 464 10
564 471 10
564 472 10
564 473 10
564 478 10
564 479 10
564 481 10
564 482 10
564 485 10
564 486 10
564 495 10
564 498 10
564 500 10
564 502 10
564 507 10
564 508 10
564 515 10
564 516 10
564 519 10
564 521 10
564 529 10
564 530 10
564 531 10
564 535 10
564 536 10
564 537 10
564 539 10
564 540 10
564 542 10
564 543 10
564 545 10
564 546 10
564 547 10
564 548 10
564 558 10
564 560 10
564 576 10
564 584 10
564 589 10
564 590 10
564 592 10
564 594 10
564 597 10
564 599 10
564 601 10
564 605 10
564 608 10
564 609 10
564 610 10
564 633 10
564 634 10
564 638 10
564 647 10
564 649 10
564 650 10
564 660 10
564 663 10
564 668 10
564 670 10
564 674 10
564 676 10
564 677 10
564 678 10
564 681 10
564 684 10
564 686 10
564 690 10
565 338 10
565 340 10
565 347 10
565 359 10
565 364 10
565 367 10
565 389 10
565 404 10
565 405 10
565 407 10
565 408 10
565 411 10
565 414 10
565 421 10
565 424 10
565 428 10
565 429 10
565 431 10
565 432 10
565 434 10
565 435 10
565 444 10
565 445 10
565 446 10
565 447 10
565 449 10
565 450 10
565 455 10
565 458 10
565 461 10
565 462 10
565 463 10
565 464 10
565 465 10
565 467 10
565 468 10
565 469 10
565 470 10
565 471 10
565 472 10
565 476 10
565 478 10
565 484 10
565 486 10
565 493 10
565 495 10
565 499 10
565 509 10
565 515 10
565 517 10
565 520 10
565 523 10
565 526 10
565 527 10
565 528 10
565 529 10
565 530 10
565 531 10
565 532 10
565 533 10
565 534 10
565 535 10
565 536 10
565 539 10
565 545 10
565 548 10
565 550 10
565 551 10
565 571 10
565 574 10
565 575 10
565 576 10
565 578 10
565 583 10
565 584 10
565 589 10
565 592 10
565 597 10
565 598 10
565 599 10
565 602 10
565 603 10
565 610 10
565 611 10
565 614 10
565 615 10
565 634 10
565 636 10
565 638 10
565 640 10
565 641 10
565 643 10
565 647 10
565 650 10
565 651 10
565 655 10
565 662 10
565 669 10
565 674 10
565 675 10
565 676 10
565 686 10
565 691 10
565 692 10
566 343 10
566 347 10
566 348 10
566 362 10
566 364 10
566 381 10
566 399 10
566 403 10
566 405 10
566 407 10
566 409 10
566 411 10
566 412 10
566 413 10
566 419 10
566 422 10
566 423 10
566 431 10
566 432 10
566 433 10
566 434 10
566 435 10
566 437 10
566 444 10
566 446 10
566 448 10
566 449 10
566 453 10
566 456 10
566 457 10
566 459 10
566 460 10
566 462 10
566 464 10
566 468 10
566 471 10
566 474 10
566 478 10
566 481 10
566 483 10
566 484 10
566 486 10
566 487 10
566 495 10
566 499 10
566 500 10
566 501 10
566 506 10
566 507 10
566 518 10
566 521 10
566 522 10
566 529 10
566 530 10
566 531 10
566 532 10
566 533 10
566 534 10
566 535 10
566 536 10
566 537 10
566 538 10
566 539 10
566 541 10
566 543 10
566 544 10
566 548 10
566 549 10
566 550 10
566 553 10
566 571 10
566 574 10
566 581 10
566 584 10
566 585 10
566 586 10
566 589 10
566 591 10
566 594 10
566 595 10
566 597 10
566 598 10
566 599 10
566 601 10
566 602 10
566 604 10
566 606 10
566 607 10
566 611 10
566 615 10
566 625 10
566 626 10
566 631 10
566 633 10
566 634 10
566 636 10
566 638 10
566 639 10
566 645 10
566 648 10
566 649 10
566 650 10
566 651 10
566 655 10
566 658 10
566 659 10
566 660 10
566 662 10
566 669 10
566 673 10
566 674 10
566 676 10
566 677 10
566 679 10
566 680 10
566 681 10
566 688 10
566 689 10
566 690 10
566 694 10
567 348 10
567 349 10
567 358 10
567 359 10
567 362 10
567 402 10
567 404 10
567 405 10
567 406 10
567 407 10
567 409 10
567 410 10
567 411 10
567 413 10
567 419 10
567 420 10
567 421 10
567 430 10
567 432 10
567 434 10
567 435 10
567 438 10
567 439 10
567 441 10
567 443 10
567 444 10
567 448 10
567 449 10
567 460 10
567 463 10
567 467 10
567 468 10
567 469 10
567 472 10
567 475 10
567 477 10
567 479 10
567 481 10
567 483 10
567 484 10
567 485 10
567 486 10
567 487 10
567 489 10
567 492 10
567 493 10
567 494 10
567 501 10
567 504 10
567 508 10
567 519 10
567 528 10
567 529 10
567 530 10
567 531 10
567 532 10
567 533 10
567 534 10
567 535 10
567 536 10
567 542 10
567 545 10
567 546 10
567 556 10
567 557 10
567 569 10
567 570 10
567 576 10
567 579 10
567 580 10
567 587 10
567 589 10
567 593 10
567 594 10
567 595 10
567 596 10
567 598 10
567 600 10
567 601 10
567 604 10
567 609 10
567 610 10
567 616 10
567 636 10
567 637 10
567 639 10
567 641 10
567 642 10
567 646 10
567 649 10
567 650 10
567 651 10
567 657 10
567 658 10
567 660 10
567 662 10
567 663 10
567 664 10
567 665 10
567 673 10
567 675 10
567 677 10
567 679 10
567 680 10
567 682 10
567 683 10
567 687 10
567 688 10
567 689 10
567 690 10
567 692 10
567 693 10
567 695 10
567 696 10
568 341 10
568 342 10
568 349 10
568 363 10
568 364 10
568 365 10
568 368 10
568 406 10
568 408 10
568 410 10
568 415 10
568 428 10
568 432 10
568 434 10
568 437 10
568 438 10
568 444 10
568 448 10
568 450 10
568 452 10
568 454 10
568 456 10
568 457 10
568 464 10
568 465 10
568 467 10
568 468 10
568 470 10
568 471 10
568 474 10
568 475 10
568 478 10
568 481 10
568 482 10
568 483 10
568 489 10
568 490 10
568 499 10
568 500 10
568 518 10
568 528 10
568 529 10
568 530 10
568 531 10
568 532 10
568 533 10
568 534 10
568 538 10
568 539 10
568 543 10
568 544 10
568 545 10
568 548 10
568 551 10
568 552 10
568 554 10
568 556 10
568 558 10
568 559 10
568 562 10
568 567 10
568 569 10
568 572 10
568 575 10
568 576 10
568 580 10
568 583 10
568 585 10
568 586 10
568 591 10
568 593 10
568 596 10
568 597 10
568 599 10
568 601 10
568 603 10
568 614 10
568 620 10
568 630 10
568 632 10
568 633 10
568 635 10
568 638 10
568 640 10
568 641 10
568 642 10
568 643 10
568 645 10
568 648 10
568 652 10
568 653 10
568 656 10
568 658 10
568 660 10
568 662 10
568 675 10
568 676 10
568 678 10
568 680 10
568 684 10
568 688 10
568 691 10
568 693 10
568 694 10
568 695 10
568 697 10
569 340 10
569 357 10
569 364 10
569 403 10
569 405 10
569 406 10
569 407 10
569 408 10
569 410 10
569 412 10
569 413 10
569 419 10
569 420 10
569 422 10
569 430 10
569 432 10
569 434 10
569 435 10
569 437 10
569 438 10
569 440 10
569 441 10
569 442 10
569 443 10
569 444 10
569 445 10
569 446 10
569 447 10
569 448 10
569 450 10
569 454 10
569 462 10
569 465 10
569 470 10
569 475 10
569 477 10
569 481 10
569 484 10
569 485 10
569 486 10
569 487 10
569 488 10
569 495 10
569 498 10
569 500 10
569 502 10
569 504 10
569 505 10
569 507 10
569 529 10
569 530 10
569 531 10
569 532 10
569 533 10
569 534 10
569 535 10
569 536 10
569 538 10
569 540 10
569 543 10
569 548 10
569 549 10
569 550 10
569 551 10
569 552 10
569 554 10
569 555 10
569 563 10
569 567 10
569 568 10
569 571 10
569 572 10
569 573 10
569 574 10
569 576 10
569 581 10
569 585 10
569 587 10
569 588 10
569 590 10
569 592 10
569 594 10
569 595 10
569 598 10
569 600 10
569 603 10
569 610 10
569 617 10
569 622 10
569 626 10
569 635 10
569 636 10
569 638 10
569 639 10
569 640 10
569 641 10
569 643 10
569 645 10
569 646 10
569 647 10
569 650 10
569 651 10
569 654 10
569 656 10
569 661 10
569 663 10
569 676 10
569 677 10
569 678 10
569 680 10
569 681 10
569 682 10
569 687 10
569 690 10
569 691 10
569 694 10
570 341 10
570 342 10
570 381 10
570 400 10
570 403 10
570 404 10
570 408 10
570 414 10
570 421 10
570 422 10
570 425 10
570 427 10
570 429 10
570 433 10
570 439 10
570 440 10
570 441 10
570 443 10
570 444 10
570 445 10
570 446 10
570 448 10
570 449 10
570 451 10
570 452 10
570 454 10
570 464 10
570 467 10
570 469 10
570 474 10
570 475 10
570 476 10
570 479 10
570 481 10
570 482 10
570 489 10
570 492 10
570 498 10
570 500 10
570 501 10
570 516 10
570 519 10
570 522 10
570 523 10
570 529 10
570 530 10
570 531 10
570 532 10
570 535 10
570 538 10
570 541 10
570 543 10
570 549 10
570 552 10
570 555 10
570 562 10
570 568 10
570 569 10
570 570 10
570 573 10
570 575 10
570 583 10
570 588 10
570 595 10
570 596 10
570 599 10
570 600 10
570 602 10
570 615 10
570 618 10
570 619 10
570 625 10
570 630 10
570 631 10
570 634 10
570 635 10
570 637 10
570 638 10
570 640 10
570 643 10
570 644 10
570 645 10
570 646 10
570 647 10
570 648 10
570 649 10
570 650 10
570 654 10
570 656 10
570 657 10
570 663 10
570 667 10
570 673 10
570 675 10
570 677 10
570 678 10
570 679 10
570 680 10
570 681 10
570 686 10
570 689 10
570 691 10
570 692 10
570 693 10
570 694 10
570 699 10
571 375 10
571 379 10
571 407 10
571 408 10
571 410 10
571 411 10
571 412 10
571 414 10
571 423 10
571 424 10
571 428 10
571 429 10
571 439 10
571 440 10
571 441 10
571 443 10
571 444 10
571 445 10
571 447 10
571 448 10
571 450 10
571 451 10
571 452 10
571 459 10
571 464 10
571 480 10
571 481 10
571 482 10
571 484 10
571 487 10
571 488 10
571 494 10
571 495 10
571 497 10
571 499 10
571 501 10
571 523 10
571 524 10
571 528 10
571 530 10
571 532 10
571 533 10
571 536 10
571 538 10
571 539 10
571 541 10
571 542 10
571 543 10
571 544 10
571 545 10
571 547 10
571 550 10
571 551 10
571 552 10
571 571 10
571 572 10
571 578 10
571 580 10
571 581 10
571 583 10
571 586 10
571 593 10
571 597 10
571 599 10
571 607 10
571 611 10
571 613 10
571 618 10
571 626 10
571 627 10
571 632 10
571 633 10
571 636 10
571 638 10
571 642 10
571 643 10
571 644 10
571 648 10
571 650 10
571 651 10
571 653 10
571 654 10
571 655 10
571 664 10
571 669 10
571 673 10
571 675 10
571 676 10
571 677 10
571 678 10
571 679 10
571 680 10
571 682 10
571 690 10
571 699 10
571 702 10
571 705 10
572 379 10
572 403 10
572 406 10
572 408 10
572 411 10
572 412 10
572 413 10
572 414 10
572 422 10
572 424 10
572 427 10
572 428 10
572 430 10
572 432 10
572 433 10
572 434 10
572 438 10
572 442 10
572 444 10
572 445 10
572 446 10
572 447 10
572 448 10
572 449 10
572 450 10
572 453 10
572 457 10
572 459 10
572 471 10
572 476 10
572 486 10
572 488 10
572 489 10
572 491 10
572 492 10
572 497 10
572 499 10
572 500 10
572 506 10
572 507 10
572 522 10
572 527 10
572 528 10
572 530 10
572 531 10
572 532 10
572 533 10
572 535 10
572 537 10
572 538 10
572 539 10
572 541 10
572 542 10
572 544 10
572 547 10
572 549 10
572 550 10
572 551 10
572 553 10
572 555 10
572 557 10
572 565 10
572 566 10
572 567 10
572 568 10
572 569 10
572 570 10
572 571 10
572 573 10
572 574 10
572 580 10
572 582 10
572 585 10
572 586 10
572 588 10
572 590 10
572 592 10
572 593 10
572 595 10
572 598 10
572 609 10
572 611 10
572 612 10
572 614 10
572 616 10
572 618 10
572 619 10
572 621 10
572 622 10
572 626 10
572 630 10
572 633 10
572 635 10
572 636 10
572 637 10
572 642 10
572 645 10
572 646 10
572 647 10
572 650 10
572 653 10
572 657 10
572 658 10
572 660 10
572 661 10
572 662 10
572 664 10
572 668 10
572 671 10
572 672 10
572 674 10
572 675 10
572 676 10
572 679 10
572 680 10
572 682 10
572 686 10
572 688 10
572 689 10
572 694 10
572 699 10
572 704 10
573 368 10
573 369 10
573 370 10
573 376 10
573 395 10
573 397 10
573 402 10
573 403 10
573 404 10
573 405 10
573 407 10
573 408 10
573 409 10
573 411 10
573 413 10
573 414 10
573 415 10
573 416 10
573 433 10
573 434 10
573 440 10
573 442 10
573 443 10
573 445 10
573 450 10
573 451 10
573 452 10
573 457 10
573 468 10
573 471 10
573 486 10
573 497 10
573 498 10
573 503 10
573 505 10
573 508 10
573 528 10
573 529 10
573 532 10
573 534 10
573 535 10
573 536 10
573 538 10
573 540 10
573 541 10
573 543 10
573 545 10
573 550 10
573 552 10
573 557 10
573 561 10
573 562 10
573 563 10
573 564 10
573 566 10
573 572 10
573 575 10
573 576 10
573 578 10
573 581 10
573 583 10
573 585 10
573 586 10
573 587 10
573 590 10
573 592 10
573 601 10
573 602 10
573 607 10
573 617 10
573 619 10
573 620 10
573 628 10
573 632 10
573 633 10
573 634 10
573 637 10
573 638 10
573 640 10
573 643 10
573 644 10
573 647 10
573 654 10
573 655 10
573 657 10
573 659 10
573 661 10
573 664 10
573 669 10
573 672 10
573 679 10
573 681 10
573 690 10
573 691 10
573 692 10
573 700 10
573 702 10
574 368 10
574 374 10
574 376 10
574 379 10
574 389 10
574 390 10
574 394 10
574 401 10
574 402 10
574 403 10
574 404 10
574 407 10
574 408 10
574 409 10
574 411 10
574 412 10
574 422 10
574 423 10
574 424 10
574 435 10
574 437 10
574 443 10
574 444 10
574 446 10
574 447 10
574 449 10
574 450 10
574 451 10
574 454 10
574 456 10
574 463 10
574 465 10
574 478 10
574 495 10
574 505 10
574 506 10
574 507 10
574 510 10
574 520 10
574 523 10
574 533 10
574 535 10
574 536 10
574 538 10
574 540 10
574 543 10
574 544 10
574 545 10
574 546 10
574 547 10
574 550 10
574 551 10
574 552 10
574 561 10
574 562 10
574 564 10
574 566 10
574 571 10
574 573 10
574 574 10
574 576 10
574 577 10
574 579 10
574 584 10
574 586 10
574 590 10
574 593 10
574 594 10
574 595 10
574 596 10
574 600 10
574 601 10
574 609 10
574 613 10
574 615 10
574 616 10
574 617 10
574 621 10
574 628 10
574 630 10
574 631 10
574 633 10
574 634 10
574 636 10
574 639 10
574 642 10
574 643 10
574 648 10
574 649 10
574 650 10
574 656 10
574 657 10
574 659 10
574 660 10
574 661 10
574 663 10
574 667 10
574 677 10
574 678 10
574 679 10
574 683 10
574 687 10
574 688 10
574 689 10
574 690 10
574 691 10
574 692 10
574 693 10
574 694 10
574 697 10
574 699 10
574 700 10
574 701 10
574 705 10
574 706 10
575 363 10
575 383 10
575 391 10
575 396 10
575 399 10
575 401 10
575 402 10
575 404 10
575 405 10
575 407 10
575 410 10
575 412 10
575 422 10
575 424 10
575 434 10
575 437 10
575 447 10
575 451 10
575 452 10
575 453 10
575 454 10
575 455 10
575 456 10
575 463 10
575 469 10
575 471 10
575 472 10
575 486 10
575 492 10
575 496 10
575 497 10
575 498 10
575 499 10
575 503 10
575 505 10
575 518 10
575 519 10
575 520 10
575 534 10
575 536 10
575 539 10
575 540 10
575 541 10
575 542 10
575 543 10
575 545 10
575 547 10
575 549 10
575 550 10
575 554 10
575 560 10
575 564 10
575 571 10
575 572 10
575 573 10
575 574 10
575 575 10
575 579 10
575 580 10
575 581 10
575 582 10
575 584 10
575 585 10
575 589 10
575 593 10
575 595 10
575 601 10
575 610 10
575 611 10
575 614 10
575 617 10
575 618 10
575 624 10
575 625 10
575 627 10
575 632 10
575 633 10
575 635 10
575 636 10
575 638 10
575 639 10
575 640 10
575 641 10
575 642 10
575 647 10
575 648 10
575 650 10
575 654 10
575 655 10
575 658 10
575 659 10
575 660 10
575 661 10
575 663 10
575 669 10
575 677 10
575 683 10
575 689 10
575 692 10
575 693 10
575 694 10
575 695 10
575 699 10
575 704 10
575 707 10
575 708 10
575 709 10
575 710 10
576 368 10
576 373 10
576 377 10
576 384 10
576 391 10
576 393 10
576 394 10
576 396 10
576 400 10
576 402 10
576 403 10
576 404 10
576 405 10
576 407 10
576 408 10
576 410 10
576 411 10
576 419 10
576 425 10
576 426 10
576 427 10
576 428 10
576 431 10
576 436 10
576 437 10
576 438 10
576 439 10
576 440 10
576 441 10
576 442 10
576 443 10
576 445 10
576 447 10
576 448 10
576 450 10
576 451 10
576 453 10
576 454 10
576 457 10
576 460 10
576 461 10
576 467 10
576 470 10
576 481 10
576 482 10
576 486 10
576 489 10
576 501 10
576 502 10
576 503 10
576 505 10
576 506 10
576 507 10
576 508 10
576 517 10
576 520 10
576 523 10
576 525 10
576 526 10
576 527 10
576 533 10
576 535 10
576 537 10
576 541 10
576 543 10
576 544 10
576 545 10
576 546 10
576 547 10
576 548 10
576 550 10
576 551 10
576 560 10
576 561 10
576 563 10
576 565 10
576 566 10
576 567 10
576 568 10
576 570 10
576 572 10
576 575 10
576 577 10
576 584 10
576 585 10
576 586 10
576 589 10
576 591 10
576 592 10
576 593 10
576 594 10
576 596 10
576 600 10
576 602 10
576 603 10
576 604 10
576 606 10
576 617 10
576 619 10
576 620 10
576 623 10
576 626 10
576 627 10
576 630 10
576 632 10
576 633 10
576 636 10
576 638 10
576 640 10
576 642 10
576 643 10
576 644 10
576 645 10
576 647 10
576 649 10
576 650 10
576 654 10
576 657 10
576 658 10
576 659 10
576 661 10
576 662 10
576 663 10
576 673 10
576 675 10
576 677 10
576 679 10
576 680 10
576 683 10
576 684 10
576 685 10
576 686 10
576 691 10
576 693 10
576 694 10
576 695 10
576 699 10
576 700 10
576 706 10
576 707 10
576 708 10
577 348 10
577 373 10
577 386 10
577 388 10
577 389 10
577 395 10
577 402 10
577 403 10
577 405 10
577 406 10
577 407 10
577 408 10
577 409 10
577 413 10
577 419 10
577 423 10
577 425 10
577 426 10
577 428 10
577 430 10
577 431 10
577 440 10
577 441 10
577 445 10
577 446 10
577 448 10
577 449 10
577 451 10
577 453 10
577 455 10
577 456 10
577 457 10
577 461 10
577 463 10
577 469 10
577 473 10
577 475 10
577 478 10
577 481 10
577 485 10
577 497 10
577 498 10
577 501 10
577 503 10
577 510 10
577 511 10
577 515 10
577 517 10
577 520 10
577 524 10
577 525 10
577 527 10
577 531 10
577 535 10
577 536 10
577 540 10
577 541 10
577 542 10
577 544 10
577 545 10
577 547 10
577 551 10
577 552 10
577 554 10
577 558 10
577 560 10
577 562 10
577 563 10
577 565 10
577 576 10
577 579 10
577 580 10
577 582 10
577 583 10
577 586 10
577 587 10
577 589 10
577 591 10
577 593 10
577 594 10
577 595 10
577 597 10
577 601 10
577 602 10
577 603 10
577 617 10
577 621 10
577 624 10
577 626 10
577 627 10
577 628 10
577 629 10
577 632 10
577 633 10
577 634 10
577 635 10
577 636 10
577 640 10
577 643 10
577 646 10
577 647 10
577 648 10
577 649 10
577 650 10
577 654 10
577 655 10
577 656 10
577 658 10
577 659 10
577 660 10
577 663 10
577 665 10
577 671 10
577 673 10
577 679 10
577 681 10
577 682 10
577 683 10
577 686 10
577 689 10
577 698 10
577 699 10
577 700 10
577 705 10
577 706 10
578 350 10
578 371 10
578 373 10
578 375 10
578 376 10
578 383 10
578 391 10
578 393 10
578 394 10
578 395 10
578 396 10
578 401 10
578 402 10
578 403 10
578 404 10
578 405 10
578 408 10
578 412 10
578 413 10
578 421 10
578 424 10
578 426 10
578 428 10
578 431 10
578 433 10
578 434 10
578 440 10
578 442 10
578 443 10
578 444 10
578 445 10
578 447 10
578 448 10
578 450 10
578 451 10
578 453 10
578 454 10
578 458 10
578 459 10
578 460 10
578 461 10
578 466 10
578 467 10
578 469 10
578 471 10
578 480 10
578 482 10
578 485 10
578 489 10
578 491 10
578 495 10
578 496 10
578 497 10
578 501 10
578 504 10
578 505 10
578 510 10
578 511 10
578 515 10
578 516 10
578 521 10
578 522 10
578 525 10
578 527 10
578 532 10
578 533 10
578 534 10
578 535 10
578 536 10
578 538 10
578 540 10
578 542 10
578 544 10
578 545 10
578 546 10
578 548 10
578 550 10
578 556 10
578 557 10
578 558 10
578 559 10
578 560 10
578 562 10
578 563 10
578 567 10
578 572 10
578 574 10
578 575 10
578 576 10
578 583 10
578 585 10
578 586 10
578 588 10
578 592 10
578 595 10
578 596 10
578 598 10
578 600 10
578 601 10
578 604 10
578 605 10
578 608 10
578 622 10
578 623 10
578 626 10
578 627 10
578 628 10
578 629 10
578 630 10
578 632 10
578 634 10
578 635 10
578 638 10
578 639 10
578 640 10
578 641 10
578 643 10
578 644 10
578 645 10
578 648 10
578 649 10
578 651 10
578 652 10
578 656 10
578 658 10
578 659 10
578 660 10
578 661 10
578 662 10
578 663 10
578 665 10
578 667 10
578 669 10
578 673 10
578 674 10
578 675 10
578 676 10
578 680 10
578 686 10
578 688 10
578 696 10
578 708 10
579 354 10
579 375 10
579 376 10
579 377 10
579 382 10
579 383 10
579 384 10
579 387 10
579 388 10
579 391 10
579 394 10
579 396 10
579 397 10
579 402 10
579 403 10
579 404 10
579 405 10
579 407 10
579 409 10
579 410 10
579 411 10
579 412 10
579 413 10
579 414 10
579 415 10
579 420 10
579 422 10
579 424 10
579 426 10
579 428 10
579 429 10
579 432 10
579 434 10
579 437 10
579 444 10
579 446 10
579 448 10
579 452 10
579 453 10
579 458 10
579 460 10
579 463 10
579 465 10
579 466 10
579 467 10
579 470 10
579 473 10
579 475 10
579 476 10
579 477 10
579 480 10
579 481 10
579 489 10
579 496 10
579 501 10
579 503 10
579 504 10
579 505 10
579 507 10
579 508 10
579 509 10
579 511 10
579 512 10
579 515 10
579 518 10
579 519 10
579 524 10
579 525 10
579 526 10
579 527 10
579 528 10
579 530 10
579 535 10
579 537 10
579 538 10
579 543 10
579 544 10
579 545 10
579 546 10
579 547 10
579 548 10
579 551 10
579 552 10
579 556 10
579 559 10
579 561 10
579 564 10
579 565 10
579 566 10
579 573 10
579 581 10
579 582 10
579 584 10
579 586 10
579 587 10
579 588 10
579 589 10
579 591 10
579 593 10
579 594 10
579 595 10
579 596 10
579 597 10
579 598 10
579 599 10
579 600 10
579 605 10
579 609 10
579 622 10
579 624 10
579 628 10
579 630 10
579 633 10
579 634 10
579 635 10
579 636 10
579 637 10
579 638 10
579 639 10
579 640 10
579 641 10
579 642 10
579 644 10
579 645 10
579 647 10
579 648 10
579 649 10
579 655 10
579 656 10
579 657 10
579 660 10
579 662 10
579 663 10
579 664 10
579 665 10
579 666 10
579 669 10
579 674 10
579 676 10
579 681 10
579 685 10
579 686 10
579 688 10
579 695 10
579 706 10
580 348 10
580 349 10
580 374 10
580 376 10
580 377 10
580 379 10
580 380 10
580 383 10
580 384 10
580 386 10
580 387 10
580 388 10
580 393 10
580 394 10
580 395 10
580 396 10
580 397 10
580 399 10
580 400 10
580 401 10
580 403 10
580 405 10
580 409 10
580 410 10
580 415 10
580 417 10
580 419 10
580 421 10
580 422 10
580 423 10
580 424 10
580 426 10
580 428 10
580 429 10
580 432 10
580 436 10
580 440 10
580 444 10
580 448 10
580 449 10
580 453 10
580 454 10
580 461 10
580 464 10
580 467 10
580 468 10
580 469 10
580 470 10
580 475 10
580 476 10
580 477 10
580 484 10
580 485 10
580 489 10
580 491 10
580 500 10
580 502 10
580 503 10
580 504 10
580 505 10
580 506 10
580 507 10
580 508 10
580 509 10
580 510 10
580 512 10
580 513 10
580 514 10
580 515 10
580 518 10
580 521 10
580 523 10
580 525 10
580 526 10
580 527 10
580 532 10
580 533 10
580 534 10
580 536 10
580 537 10
580 539 10
580 543 10
580 544 10
580 545 10
580 546 10
580 548 10
580 549 10
580 550 10
580 551 10
580 553 10
580 555 10
580 556 10
580 557 10
580 560 10
580 564 10
580 565 10
580 571 10
580 575 10
580 576 10
580 583 10
580 584 10
580 585 10
580 587 10
580 588 10
580 590 10
580 592 10
580 593 10
580 594 10
580 595 10
580 598 10
580 599 10
580 602 10
580 605 10
580 608 10
580 610 10
580 616 10
580 617 10
580 619 10
580 625 10
580 626 10
580 627 10
580 628 10
580 629 10
580 630 10
580 631 10
580 633 10
580 634 10
580 635 10
580 636 10
580 638 10
580 639 10
580 640 10
580 641 10
580 642 10
580 643 10
580 644 10
580 648 10
580 649 10
580 650 10
580 652 10
580 653 10
580 654 10
580 657 10
580 659 10
580 663 10
580 664 10
580 669 10
580 670 10
580 671 10
580 672 10
580 677 10
580 678 10
580 679 10
580 687 10
580 688 10
580 694 10
580 702 10
581 354 10
581 370 10
581 373 10
581 374 10
581 375 10
581 376 10
581 377 10
581 380 10
581 383 10
581 385 10
581 389 10
581 397 10
581 400 10
581 401 10
581 407 10
581 411 10
581 412 10
581 414 10
581 415 10
581 417 10
581 420 10
581 425 10
581 426 10
581 430 10
581 431 10
581 434 10
581 435 10
581 442 10
581 443 10
581 444 10
581 445 10
581 446 10
581 447 10
581 456 10
581 457 10
581 466 10
581 467 10
581 468 10
581 475 10
581 476 10
581 477 10
581 486 10
581 487 10
581 495 10
581 499 10
581 500 10
581 503 10
581 504 10
581 505 10
581 506 10
581 507 10
581 508 10
581 512 10
581 513 10
581 514 10
581 515 10
581 517 10
581 518 10
581 521 10
581 522 10
581 524 10
581 525 10
581 531 10
581 532 10
581 534 10
581 537 10
581 540 10
581 541 10
581 544 10
581 545 10
581 546 10
581 547 10
581 548 10
581 551 10
581 552 10
581 556 10
581 559 10
581 560 10
581 564 10
581 566 10
581 567 10
581 568 10
581 570 10
581 575 10
581 583 10
581 584 10
581 585 10
581 586 10
581 587 10
581 588 10
581 589 10
581 591 10
581 593 10
581 594 10
581 596 10
581 597 10
581 598 10
581 607 10
581 608 10
581 609 10
581 611 10
581 615 10
581 616 10
581 618 10
581 628 10
581 629 10
581 630 10
581 631 10
581 632 10
581 633 10
581 635 10
581 638 10
581 639 10
581 640 10
581 641 10
581 642 10
581 643 10
581 644 10
581 645 10
581 646 10
581 648 10
581 649 10
581 651 10
581 654 10
581 656 10
581 664 10
581 669 10
581 670 10
581 671 10
581 673 10
581 674 10
581 675 10
581 677 10
581 685 10
581 686 10
581 687 10
581 691 10
581 694 10
582 343 10
582 347 10
582 348 10
582 352 10
582 371 10
582 374 10
582 375 10
582 378 10
582 379 10
582 381 10
582 382 10
582 386 10
582 387 10
582 388 10
582 389 10
582 395 10
582 397 10
582 400 10
582 402 10
582 403 10
582 405 10
582 408 10
582 409 10
582 410 10
582 411 10
582 412 10
582 417 10
582 421 10
582 422 10
582 423 10
582 424 10
582 425 10
582 429 10
582 431 10
582 432 10
582 433 10
582 434 10
582 436 10
582 440 10
582 443 10
582 444 10
582 446 10
582 449 10
582 450 10
582 451 10
582 452 10
582 455 10
582 457 10
582 461 10
582 465 10
582 467 10
582 475 10
582 476 10
582 477 10
582 479 10
582 485 10
582 492 10
582 494 10
582 495 10
582 507 10
582 508 10
582 512 10
582 513 10
582 514 10
582 520 10
582 523 10
582 527 10
582 530 10
582 531 10
582 533 10
582 534 10
582 536 10
582 538 10
582 541 10
582 542 10
582 544 10
582 545 10
582 546 10
582 549 10
582 550 10
582 551 10
582 552 10
582 556 10
582 557 10
582 560 10
582 561 10
582 564 10
582 565 10
582 567 10
582 569 10
582 570 10
582 577 10
582 579 10
582 584 10
582 586 10
582 587 10
582 588 10
582 590 10
582 591 10
582 592 10
582 593 10
582 595 10
582 596 10
582 597 10
582 598 10
582 599 10
582 600 10
582 609 10
582 615 10
582 624 10
582 625 10
582 626 10
582 627 10
582 628 10
582 629 10
582 630 10
582 631 10
582 632 10
582 635 10
582 636 10
582 637 10
582 640 10
582 641 10
582 642 10
582 646 10
582 648 10
582 649 10
582 651 10
582 653 10
582 654 10
582 655 10
582 657 10
582 660 10
582 661 10
582 662 10
582 663 10
582 664 10
582 665 10
582 666 10
582 667 10
582 668 10
582 669 10
582 670 10
582 671 10
582 672 10
582 673 10
582 674 10
582 677 10
582 679 10
582 680 10
582 681 10
582 694 10
583 349 10
583 371 10
583 374 10
583 377 10
583 379 10
583 381 10
583 383 10
583 384 10
583 388 10
583 392 10
583 393 10
583 395 10
583 400 10
583 403 10
583 405 10
583 406 10
583 407 10
583 408 10
583 409 10
583 411 10
583 413 10
583 416 10
583 417 10
583 418 10
583 419 10
583 420 10
583 421 10
583 428 10
583 429 10
583 431 10
583 433 10
583 434 10
583 436 10
583 437 10
583 439 10
583 443 10
583 444 10
583 446 10
583 448 10
583 449 10
583 452 10
583 455 10
583 457 10
583 458 10
583 460 10
583 471 10
583 476 10
583 477 10
583 484 10
583 486 10
583 491 10
583 500 10
583 502 10
583 504 10
583 506 10
583 507 10
583 508 10
583 509 10
583 510 10
583 512 10
583 514 10
583 515 10
583 520 10
583 522 10
583 524 10
583 528 10
583 530 10
583 536 10
583 543 10
583 544 10
583 545 10
583 547 10
583 548 10
583 551 10
583 554 10
583 556 10
583 566 10
583 567 10
583 574 10
583 576 10
583 577 10
583 582 10
583 583 10
583 584 10
583 585 10
583 586 10
583 587 10
583 588 10
583 590 10
583 591 10
583 592 10
583 594 10
583 597 10
583 598 10
583 607 10
583 613 10
583 616 10
583 620 10
583 622 10
583 625 10
583 626 10
583 628 10
583 630 10
583 632 10
583 633 10
583 634 10
583 635 10
583 636 10
583 637 10
583 640 10
583 641 10
583 642 10
583 643 10
583 646 10
583 651 10
583 655 10
583 664 10
583 665 10
583 669 10
583 671 10
583 672 10
583 675 10
583 679 10
583 681 10
583 682 10
583 693 10
584 373 10
584 374 10
584 379 10
584 380 10
584 382 10
584 385 10
584 386 10
584 391 10
584 392 10
584 393 10
584 395 10
584 397 10
584 398 10
584 410 10
584 411 10
584 412 10
584 413 10
584 416 10
584 418 10
584 419 10
584 421 10
584 425 10
584 428 10
584 438 10
584 439 10
584 440 10
584 441 10
584 444 10
584 447 10
584 449 10
584 450 10
584 451 10
584 452 10
584 453 10
584 455 10
584 456 10
584 457 10
584 458 10
584 459 10
584 465 10
584 470 10
584 475 10
584 477 10
584 481 10
584 482 10
584 486 10
584 487 10
584 502 10
584 505 10
584 507 10
584 509 10
584 510 10
584 511 10
584 512 10
584 513 10
584 514 10
584 516 10
584 519 10
584 520 10
584 521 10
584 523 10
584 525 10
584 526 10
584 527 10
584 529 10
584 530 10
584 531 10
584 533 10
584 534 10
584 535 10
584 536 10
584 537 10
584 538 10
584 541 10
584 542 10
584 543 10
584 544 10
584 545 10
584 546 10
584 549 10
584 551 10
584 555 10
584 568 10
584 574 10
584 575 10
584 577 10
584 578 10
584 582 10
584 583 10
584 584 10
584 585 10
584 586 10
584 587 10
584 588 10
584 589 10
584 590 10
584 591 10
584 592 10
584 593 10
584 594 10
584 595 10
584 596 10
584 597 10
584 601 10
584 603 10
584 604 10
584 620 10
584 622 10
584 624 10
584 625 10
584 626 10
584 628 10
584 629 10
584 630 10
584 632 10
584 633 10
584 634 10
584 635 10
584 636 10
584 638 10
584 639 10
584 640 10
584 641 10
584 642 10
584 643 10
584 644 10
584 645 10
584 646 10
584 647 10
584 648 10
584 650 10
584 653 10
584 654 10
584 658 10
584 662 10
584 667 10
584 669 10
584 673 10
584 674 10
584 677 10
584 681 10
584 684 10
584 685 10
584 686 10
585 355 10
585 372 10
585 374 10
585 377 10
585 378 10
585 380 10
585 381 10
585 382 10
585 383 10
585 384 10
585 386 10
585 387 10
585 390 10
585 391 10
585 394 10
585 395 10
585 397 10
585 398 10
585 399 10
585 402 10
585 409 10
585 412 10
585 415 10
585 420 10
585 421 10
585 424 10
585 429 10
585 437 10
585 438 10
585 439 10
585 444 10
585 445 10
585 447 10
585 452 10
585 453 10
585 455 10
585 456 10
585 457 10
585 458 10
585 464 10
585 466 10
585 475 10
585 476 10
585 477 10
585 481 10
585 485 10
585 486 10
585 487 10
585 501 10
585 502 10
585 503 10
585 505 10
585 506 10
585 508 10
585 510 10
585 511 10
585 512 10
585 513 10
585 514 10
585 515 10
585 518 10
585 519 10
585 520 10
585 521 10
585 522 10
585 525 10
585 526 10
585 528 10
585 530 10
585 531 10
585 533 10
585 534 10
585 535 10
585 541 10
585 542 10
585 544 10
585 545 10
585 547 10
585 548 10
585 549 10
585 552 10
585 554 10
585 562 10
585 576 10
585 577 10
585 579 10
585 580 10
585 581 10
585 582 10
585 583 10
585 584 10
585 585 10
585 586 10
585 587 10
585 588 10
585 589 10
585 590 10
585 591 10
585 592 10
585 593 10
585 594 10
585 595 10
585 598 10
585 600 10
585 601 10
585 604 10
585 607 10
585 617 10
585 618 10
585 622 10
585 623 10
585 624 10
585 627 10
585 629 10
585 630 10
585 632 10
585 633 10
585 634 10
585 635 10
585 636 10
585 638 10
585 640 10
585 648 10
585 652 10
585 655 10
585 656 10
585 659 10
585 664 10
585 665 10
585 666 10
585 669 10
585 670 10
585 671 10
585 672 10
585 675 10
585 679 10
585 680 10
585 681 10
585 683 10
585 684 10
585 687 10
585 688 10
586 368 10
586 369 10
586 370 10
586 371 10
586 374 10
586 375 10
586 376 10
586 379 10
586 380 10
586 381 10
586 382 10
586 383 10
586 384 10
586 385 10
586 387 10
586 388 10
586 390 10
586 391 10
586 392 10
586 394 10
586 397 10
586 400 10
586 401 10
586 404 10
586 405 10
586 406 10
586 418 10
586 437 10
586 439 10
586 440 10
586 444 10
586 446 10
586 453 10
586 456 10
586 457 10
586 462 10
586 469 10
586 470 10
586 472 10
586 476 10
586 478 10
586 483 10
586 484 10
586 488 10
586 489 10
586 491 10
586 503 10
586 505 10
586 507 10
586 508 10
586 509 10
586 510 10
586 511 10
586 512 10
586 513 10
586 515 10
586 520 10
586 521 10
586 522 10
586 524 10
586 528 10
586 529 10
586 535 10
586 536 10
586 537 10
586 539 10
586 540 10
586 541 10
586 542 10
586 543 10
586 544 10
586 548 10
586 553 10
586 556 10
586 566 10
586 568 10
586 569 10
586 576 10
586 577 10
586 579 10
586 580 10
586 581 10
586 582 10
586 584 10
586 585 10
586 586 10
586 587 10
586 588 10
586 589 10
586 590 10
586 594 10
586 595 10
586 597 10
586 598 10
586 600 10
586 601 10
586 602 10
586 604 10
586 613 10
586 614 10
586 616 10
586 618 10
586 619 10
586 620 10
586 621 10
586 622 10
586 624 10
586 625 10
586 628 10
586 629 10
586 630 10
586 631 10
586 632 10
586 633 10
586 635 10
586 643 10
586 644 10
586 646 10
586 648 10
586 649 10
586 651 10
586 653 10
586 655 10
586 663 10
586 664 10
586 665 10
586 667 10
586 670 10
586 672 10
586 677 10
586 678 10
586 679 10
586 680 10
586 683 10
586 685 10
586 688 10
587 355 10
587 367 10
587 368 10
587 369 10
587 373 10
587 378 10
587 379 10
587 381 10
587 382 10
587 383 10
587 384 10
587 385 10
587 403 10
587 405 10
587 412 10
587 421 10
587 423 10
587 427 10
587 429 10
587 434 10
587 435 10
587 437 10
587 438 10
587 439 10
587 446 10
587 450 10
587 451 10
587 452 10
587 454 10
587 455 10
587 467 10
587 470 10
587 474 10
587 476 10
587 478 10
587 480 10
587 481 10
587 482 10
587 485 10
587 486 10
587 487 10
587 503 10
587 510 10
587 515 10
587 517 10
587 518 10
587 519 10
587 520 10
587 523 10
587 524 10
587 525 10
587 526 10
587 527 10
587 528 10
587 530 10
587 532 10
587 534 10
587 535 10
587 536 10
587 539 10
587 541 10
587 542 10
587 544 10
587 545 10
587 546 10
587 548 10
587 549 10
587 554 10
587 558 10
587 559 10
587 560 10
587 561 10
587 569 10
587 574 10
587 576 10
587 578 10
587 579 10
587 582 10
587 583 10
587 585 10
587 586 10
587 587 10
587 588 10
587 589 10
587 590 10
587 591 10
587 592 10
587 593 10
587 594 10
587 595 10
587 600 10
587 601 10
587 602 10
587 604 10
587 613 10
587 614 10
587 615 10
587 616 10
587 618 10
587 620 10
587 621 10
587 624 10
587 625 10
587 627 10
587 629 10
587 631 10
587 632 10
587 633 10
587 635 10
587 637 10
587 638 10
587 639 10
587 644 10
587 645 10
587 648 10
587 651 10
587 652 10
587 658 10
587 659 10
587 672 10
587 673 10
587 674 10
587 677 10
587 680 10
587 682 10
587 683 10
587 686 10
587 689 10
588 355 10
588 358 10
588 365 10
588 368 10
588 370 10
588 371 10
588 373 10
588 375 10
588 376 10
588 377 10
588 380 10
588 381 10
588 383 10
588 384 10
588 386 10
588 396 10
588 402 10
588 407 10
588 411 10
588 413 10
588 414 10
588 423 10
588 427 10
588 431 10
588 440 10
588 441 10
588 443 10
588 445 10
588 448 10
588 450 10
588 451 10
588 453 10
588 454 10
588 455 10
588 456 10
588 460 10
588 462 10
588 466 10
588 471 10
588 484 10
588 487 10
588 505 10
588 506 10
588 510 10
588 512 10
588 514 10
588 516 10
588 518 10
588 525 10
588 526 10
588 529 10
588 530 10
588 531 10
588 532 10
588 533 10
588 534 10
588 535 10
588 539 10
588 540 10
588 542 10
588 543 10
588 544 10
588 545 10
588 548 10
588 549 10
588 550 10
588 552 10
588 558 10
588 561 10
588 562 10
588 564 10
588 567 10
588 569 10
588 571 10
588 572 10
588 575 10
588 578 10
588 580 10
588 582 10
588 583 10
588 586 10
588 587 10
588 588 10
588 589 10
588 590 10
588 591 10
588 592 10
588 593 10
588 594 10
588 596 10
588 597 10
588 598 10
588 599 10
588 600 10
588 601 10
588 602 10
588 610 10
588 618 10
588 619 10
588 622 10
588 623 10
588 631 10
588 632 10
588 633 10
588 634 10
588 635 10
588 636 10
588 637 10
588 638 10
588 659 10
588 660 10
588 661 10
588 663 10
588 664 10
588 665 10
588 666 10
588 668 10
588 669 10
588 671 10
588 679 10
588 680 10
588 682 10
588 686 10
588 689 10
589 355 10
589 358 10
589 366 10
589 367 10
589 369 10
589 370 10
589 372 10
589 374 10
589 375 10
589 377 10
589 381 10
589 382 10
589 383 10
589 384 10
589 385 10
589 388 10
589 394 10
589 408 10
589 411 10
589 412 10
589 423 10
589 425 10
589 426 10
589 429 10
589 431 10
589 432 10
589 433 10
589 434 10
589 437 10
589 438 10
589 443 10
589 444 10
589 446 10
589 447 10
589 448 10
589 449 10
589 451 10
589 453 10
589 454 10
589 455 10
589 458 10
589 460 10
589 461 10
589 468 10
589 473 10
589 477 10
589 478 10
589 481 10
589 482 10
589 485 10
589 486 10
589 487 10
589 490 10
589 492 10
589 493 10
589 496 10
589 504 10
589 513 10
589 515 10
589 516 10
589 519 10
589 521 10
589 522 10
589 523 10
589 524 10
589 527 10
589 529 10
589 530 10
589 532 10
589 537 10
589 539 10
589 540 10
589 541 10
589 542 10
589 543 10
589 545 10
589 546 10
589 547 10
589 548 10
589 549 10
589 552 10
589 554 10
589 560 10
589 561 10
589 562 10
589 564 10
589 573 10
589 575 10
589 578 10
589 579 10
589 580 10
589 581 10
589 583 10
589 584 10
589 585 10
589 586 10
589 588 10
589 589 10
589 591 10
589 592 10
589 593 10
589 594 10
589 596 10
589 600 10
589 604 10
589 610 10
589 611 10
589 613 10
589 614 10
589 616 10
589 618 10
589 619 10
589 620 10
589 621 10
589 622 10
589 625 10
589 626 10
589 630 10
589 631 10
589 632 10
589 635 10
589 637 10
589 638 10
589 639 10
589 648 10
589 650 10
589 665 10
589 675 10
589 679 10
589 680 10
589 682 10
589 684 10
589 686 10
590 355 10
590 356 10
590 362 10
590 368 10
590 370 10
590 372 10
590 374 10
590 375 10
590 376 10
590 378 10
590 379 10
590 380 10
590 381 10
590 384 10
590 385 10
590 388 10
590 390 10
590 391 10
590 393 10
590 399 10
590 401 10
590 414 10
590 420 10
590 422 10
590 424 10
590 425 10
590 426 10
590 427 10
590 428 10
590 431 10
590 432 10
590 438 10
590 439 10
590 441 10
590 443 10
590 445 10
590 447 10
590 448 10
590 449 10
590 450 10
590 452 10
590 453 10
590 456 10
590 458 10
590 460 10
590 463 10
590 467 10
590 469 10
590 471 10
590 474 10
590 476 10
590 477 10
590 480 10
590 483 10
590 484 10
590 489 10
590 507 10
590 508 10
590 512 10
590 515 10
590 517 10
590 518 10
590 520 10
590 521 10
590 522 10
590 523 10
590 525 10
590 526 10
590 527 10
590 528 10
590 529 10
590 530 10
590 532 10
590 533 10
590 534 10
590 535 10
590 538 10
590 539 10
590 540 10
590 542 10
590 543 10
590 544 10
590 546 10
590 548 10
590 550 10
590 552 10
590 556 10
590 557 10
590 558 10
590 559 10
590 562 10
590 563 10
590 564 10
590 565 10
590 566 10
590 567 10
590 568 10
590 570 10
590 571 10
590 572 10
590 573 10
590 574 10
590 575 10
590 576 10
590 577 10
590 580 10
590 581 10
590 582 10
590 583 10
590 584 10
590 585 10
590 586 10
590 588 10
590 589 10
590 590 10
590 591 10
590 592 10
590 594 10
590 595 10
590 596 10
590 600 10
590 603 10
590 609 10
590 616 10
590 618 10
590 620 10
590 621 10
590 622 10
590 624 10
590 629 10
590 632 10
590 634 10
590 636 10
590 639 10
590 652 10
590 653 10
590 660 10
590 665 10
590 668 10
590 675 10
590 678 10
590 684 10
590 686 10
591 363 10
591 364 10
591 366 10
591 370 10
591 371 10
591 372 10
591 373 10
591 375 10
591 376 10
591 378 10
591 379 10
591 380 10
591 381 10
591 382 10
591 383 10
591 384 10
591 386 10
591 389 10
591 403 10
591 411 10
591 414 10
591 415 10
591 416 10
591 417 10
591 421 10
591 422 10
591 423 10
591 424 10
591 425 10
591 426 10
591 429 10
591 432 10
591 433 10
591 435 10
591 437 10
591 440 10
591 444 10
591 446 10
591 449 10
591 453 10
591 454 10
591 455 10
591 456 10
591 460 10
591 474 10
591 475 10
591 481 10
591 484 10
591 488 10
591 497 10
591 503 10
591 505 10
591 506 10
591 508 10
591 514 10
591 515 10
591 518 10
591 521 10
591 524 10
591 525 10
591 526 10
591 530 10
591 531 10
591 532 10
591 534 10
591 535 10
591 541 10
591 542 10
591 544 10
591 546 10
591 547 10
591 552 10
591 554 10
591 555 10
591 558 10
591 562 10
591 565 10
591 568 10
591 569 10
591 570 10
591 573 10
591 574 10
591 575 10
591 576 10
591 577 10
591 578 10
591 579 10
591 580 10
591 581 10
591 582 10
591 583 10
591 585 10
591 586 10
591 588 10
591 589 10
591 590 10
591 591 10
591 593 10
591 594 10
591 597 10
591 598 10
591 599 10
591 601 10
591 602 10
591 605 10
591 606 10
591 608 10
591 610 10
591 613 10
591 618 10
591 619 10
591 620 10
591 622 10
591 623 10
591 624 10
591 627 10
591 631 10
591 632 10
591 638 10
591 642 10
591 644 10
591 649 10
591 651 10
591 654 10
591 658 10
591 692 10
592 365 10
592 366 10
592 367 10
592 369 10
592 370 10
592 371 10
592 372 10
592 373 10
592 374 10
592 375 10
592 377 10
592 378 10
592 381 10
592 384 10
592 386 10
592 391 10
592 406 10
592 407 10
592 408 10
592 409 10
592 413 10
592 414 10
592 415 10
592 417 10
592 423 10
592 424 10
592 425 10
592 426 10
592 428 10
592 429 10
592 430 10
592 431 10
592 432 10
592 438 10
592 439 10
592 441 10
592 444 10
592 448 10
592 449 10
592 450 10
592 451 10
592 453 10
592 455 10
592 456 10
592 458 10
592 462 10
592 472 10
592 484 10
592 485 10
592 490 10
592 491 10
592 494 10
592 506 10
592 507 10
592 508 10
592 511 10
592 519 10
592 521 10
592 522 10
592 523 10
592 524 10
592 525 10
592 527 10
592 528 10
592 530 10
592 531 10
592 533 10
592 534 10
592 535 10
592 539 10
592 543 10
592 547 10
592 548 10
592 549 10
592 550 10
592 553 10
592 558 10
592 562 10
592 565 10
592 566 10
592 567 10
592 571 10
592 572 10
592 573 10
592 574 10
592 575 10
592 576 10
592 577 10
592 578 10
592 579 10
592 580 10
592 581 10
592 582 10
592 583 10
592 584 10
592 585 10
592 587 10
592 588 10
592 589 10
592 591 10
592 595 10
592 605 10
592 606 10
592 607 10
592 608 10
592 610 10
592 611 10
592 617 10
592 621 10
592 622 10
592 624 10
592 625 10
592 627 10
592 629 10
592 631 10
592 643 10
592 644 10
592 645 10
592 651 10
592 653 10
592 658 10
592 675 10
592 678 10
592 679 10
592 681 10
593 364 10
593 365 10
593 366 10
593 367 10
593 368 10
593 370 10
593 371 10
593 372 10
593 373 10
593 374 10
593 381 10
593 382 10
593 383 10
593 384 10
593 385 10
593 386 10
593 389 10
593 401 10
593 405 10
593 408 10
593 409 10
593 410 10
593 412 10
593 416 10
593 423 10
593 424 10
593 425 10
593 426 10
593 427 10
593 429 10
593 430 10
593 432 10
593 436 10
593 437 10
593 441 10
593 442 10
593 443 10
593 446 10
593 447 10
593 448 10
593 450 10
593 451 10
593 452 10
593 453 10
593 455 10
593 457 10
593 461 10
593 462 10
593 464 10
593 466 10
593 469 10
593 473 10
593 475 10
593 485 10
593 486 10
593 495 10
593 496 10
593 498 10
593 502 10
593 505 10
593 506 10
593 508 10
593 516 10
593 518 10
593 519 10
593 522 10
593 523 10
593 530 10
593 532 10
593 533 10
593 534 10
593 535 10
593 541 10
593 545 10
593 546 10
593 547 10
593 548 10
593 549 10
593 550 10
593 551 10
593 552 10
593 554 10
593 555 10
593 559 10
593 560 10
593 561 10
593 562 10
593 563 10
593 564 10
593 566 10
593 567 10
593 569 10
593 570 10
593 571 10
593 572 10
593 573 10
593 574 10
593 575 10
593 576 10
593 577 10
593 578 10
593 579 10
593 580 10
593 581 10
593 582 10
593 583 10
593 584 10
593 585 10
593 586 10
593 587 10
593 589 10
593 590 10
593 591 10
593 593 10
593 594 10
593 596 10
593 597 10
593 601 10
593 603 10
593 604 10
593 605 10
593 611 10
593 612 10
593 613 10
593 615 10
593 619 10
593 620 10
593 622 10
593 623 10
593 624 10
593 625 10
593 626 10
593 628 10
593 631 10
593 633 10
593 635 10
593 643 10
593 651 10
593 656 10
593 657 10
593 658 10
593 673 10
593 678 10
593 683 10
593 684 10
594 364 10
594 367 10
594 368 10
594 370 10
594 373 10
594 374 10
594 376 10
594 377 10
594 378 10
594 384 10
594 385 10
594 386 10
594 387 10
594 403 10
594 404 10
594 405 10
594 406 10
594 407 10
594 408 10
594 409 10
594 410 10
594 411 10
594 414 10
594 415 10
594 416 10
594 422 10
594 423 10
594 424 10
594 426 10
594 429 10
594 430 10
594 431 10
594 432 10
594 434 10
594 436 10
594 440 10
594 441 10
594 443 10
594 446 10
594 447 10
594 448 10
594 452 10
594 454 10
594 455 10
594 457 10
594 459 10
594 460 10
594 468 10
594 470 10
594 471 10
594 472 10
594 474 10
594 477 10
594 478 10
594 484 10
594 488 10
594 494 10
594 504 10
594 509 10
594 511 10
594 512 10
594 515 10
594 516 10
594 520 10
594 523 10
594 525 10
594 526 10
594 530 10
594 532 10
594 535 10
594 538 10
594 539 10
594 545 10
594 547 10
594 548 10
594 552 10
594 553 10
594 557 10
594 558 10
594 560 10
594 561 10
594 562 10
594 565 10
594 566 10
594 570 10
594 572 10
594 574 10
594 575 10
594 576 10
594 577 10
594 578 10
594 580 10
594 581 10
594 584 10
594 585 10
594 586 10
594 588 10
594 590 10
594 592 10
594 601 10
594 604 10
594 605 10
594 607 10
594 613 10
594 616 10
594 618 10
594 619 10
594 620 10
594 621 10
594 623 10
594 624 10
594 626 10
594 627 10
594 629 10
594 632 10
594 633 10
594 636 10
594 640 10
594 641 10
594 642 10
594 644 10
594 676 10
594 677 10
594 679 10
595 359 10
595 365 10
595 366 10
595 371 10
595 372 10
595 373 10
595 374 10
595 376 10
595 383 10
595 384 10
595 385 10
595 386 10
595 402 10
595 404 10
595 406 10
595 410 10
595 411 10
595 414 10
595 415 10
595 416 10
595 417 10
595 423 10
595 424 10
595 426 10
595 427 10
595 429 10
595 430 10
595 431 10
595 432 10
595 433 10
595 434 10
595 442 10
595 448 10
595 449 10
595 450 10
595 451 10
595 454 10
595 455 10
595 457 10
595 459 10
595 472 10
595 474 10
595 476 10
595 478 10
595 479 10
595 483 10
595 485 10
595 487 10
595 489 10
595 491 10
595 494 10
595 496 10
595 497 10
595 504 10
595 506 10
595 507 10
595 509 10
595 512 10
595 513 10
595 520 10
595 523 10
595 531 10
595 532 10
595 533 10
595 535 10
595 536 10
595 537 10
595 540 10
595 541 10
595 551 10
595 552 10
595 555 10
595 558 10
595 560 10
595 561 10
595 562 10
595 563 10
595 564 10
595 565 10
595 567 10
595 569 10
595 570 10
595 571 10
595 572 10
595 573 10
595 574 10
595 576 10
595 577 10
595 578 10
595 579 10
595 580 10
595 581 10
595 582 10
595 584 10
595 585 10
595 588 10
595 590 10
595 592 10
595 594 10
595 596 10
595 606 10
595 608 10
595 611 10
595 612 10
595 613 10
595 614 10
595 616 10
595 617 10
595 620 10
595 621 10
595 623 10
595 624 10
595 625 10
595 626 10
595 628 10
595 629 10
595 630 10
595 632 10
595 639 10
596 361 10
596 362 10
596 365 10
596 368 10
596 369 10
596 370 10
596 371 10
596 373 10
596 375 10
596 376 10
596 377 10
596 379 10
596 382 10
596 384 10
596 387 10
596 391 10
596 400 10
596 406 10
596 407 10
596 408 10
596 412 10
596 413 10
596 419 10
596 426 10
596 428 10
596 429 10
596 430 10
596 439 10
596 449 10
596 450 10
596 451 10
596 452 10
596 457 10
596 458 10
596 463 10
596 470 10
596 471 10
596 472 10
596 473 10
596 474 10
596 475 10
596 477 10
596 478 10
596 480 10
596 485 10
596 486 10
596 487 10
596 489 10
596 491 10
596 492 10
596 507 10
596 508 10
596 509 10
596 511 10
596 514 10
596 521 10
596 526 10
596 529 10
596 531 10
596 532 10
596 533 10
596 534 10
596 537 10
596 538 10
596 553 10
596 554 10
596 555 10
596 560 10
596 562 10
596 564 10
596 566 10
596 567 10
596 568 10
596 569 10
596 571 10
596 573 10
596 574 10
596 575 10
596 576 10
596 577 10
596 578 10
596 579 10
596 580 10
596 581 10
596 582 10
596 583 10
596 587 10
596 588 10
596 590 10
596 591 10
596 592 10
596 594 10
596 598 10
596 599 10
596 602 10
596 603 10
596 604 10
596 606 10
596 608 10
596 611 10
596 612 10
596 615 10
596 618 10
596 619 10
596 620 10
596 621 10
596 622 10
596 623 10
596 624 10
596 625 10
596 628 10
596 631 10
596 632 10
596 633 10
596 634 10
596 637 10
596 639 10
596 641 10
596 665 10
596 678 10
597 350 10
597 351 10
597 355 10
597 357 10
597 361 10
597 364 10
597 367 10
597 368 10
597 369 10
597 370 10
597 373 10
597 374 10
597 377 10
597 379 10
597 384 10
597 385 10
597 388 10
597 391 10
597 392 10
597 393 10
597 404 10
597 405 10
597 407 10
597 409 10
597 410 10
597 411 10
597 413 10
597 415 10
597 417 10
597 419 10
597 421 10
597 425 10
597 428 10
597 429 10
597 430 10
597 431 10
597 432 10
597 433 10
597 444 10
597 453 10
597 455 10
597 456 10
597 457 10
597 458 10
597 462 10
597 465 10
597 469 10
597 470 10
597 471 10
597 472 10
597 473 10
597 475 10
597 478 10
597 479 10
597 485 10
597 489 10
597 490 10
597 493 10
597 494 10
597 495 10
597 499 10
597 504 10
597 506 10
597 509 10
597 513 10
597 519 10
597 521 10
597 522 10
597 523 10
597 526 10
597 528 10
597 530 10
597 532 10
597 533 10
597 552 10
597 556 10
597 558 10
597 559 10
597 560 10
597 561 10
597 562 10
597 563 10
597 564 10
597 565 10
597 566 10
597 569 10
597 571 10
597 574 10
597 575 10
597 577 10
597 578 10
597 579 10
597 581 10
597 582 10
597 585 10
597 586 10
597 587 10
597 588 10
597 589 10
597 590 10
597 591 10
597 592 10
597 593 10
597 595 10
597 597 10
597 598 10
597 606 10
597 612 10
597 614 10
597 616 10
597 620 10
597 621 10
597 622 10
597 623 10
597 624 10
597 625 10
597 626 10
597 627 10
597 628 10
597 631 10
597 632 10
597 634 10
597 640 10
597 641 10
597 659 10
597 663 10
598 351 10
598 355 10
598 359 10
598 361 10
598 363 10
598 366 10
598 368 10
598 369 10
598 372 10
598 381 10
598 382 10
598 383 10
598 388 10
598 391 10
598 394 10
598 395 10
598 398 10
598 404 10
598 406 10
598 407 10
598 408 10
598 409 10
598 411 10
598 413 10
598 415 10
598 418 10
598 422 10
598 423 10
598 424 10
598 428 10
598 430 10
598 432 10
598 438 10
598 440 10
598 445 10
598 446 10
598 447 10
598 448 10
598 449 10
598 453 10
598 455 10
598 456 10
598 458 10
598 459 10
598 460 10
598 469 10
598 470 10
598 471 10
598 472 10
598 473 10
598 474 10
598 477 10
598 480 10
598 482 10
598 483 10
598 485 10
598 486 10
598 487 10
598 488 10
598 489 10
598 490 10
598 492 10
598 496 10
598 497 10
598 499 10
598 505 10
598 515 10
598 517 10
598 519 10
598 523 10
598 526 10
598 529 10
598 531 10
598 532 10
598 534 10
598 535 10
598 536 10
598 538 10
598 539 10
598 546 10
598 549 10
598 550 10
598 552 10
598 553 10
598 562 10
598 563 10
598 565 10
598 566 10
598 567 10
598 569 10
598 571 10
598 573 10
598 576 10
598 577 10
598 579 10
598 581 10
598 582 10
598 583 10
598 587 10
598 588 10
598 589 10
598 591 10
598 592 10
598 593 10
598 595 10
598 597 10
598 599 10
598 600 10
598 606 10
598 613 10
598 614 10
598 616 10
598 617 10
598 618 10
598 621 10
598 622 10
598 623 10
598 624 10
598 625 10
598 626 10
598 627 10
598 628 10
598 629 10
598 630 10
598 631 10
598 632 10
598 636 10
598 639 10
598 643 10
598 661 10
598 664 10
599 351 10
599 365 10
599 366 10
599 367 10
599 369 10
599 370 10
599 372 10
599 374 10
599 376 10
599 377 10
599 378 10
599 379 10
599 392 10
599 395 10
599 406 10
599 407 10
599 409 10
599 410 10
599 412 10
599 413 10
599 414 10
599 420 10
599 425 10
599 426 10
599 427 10
599 431 10
599 432 10
599 433 10
599 434 10
599 438 10
599 446 10
599 448 10
599 449 10
599 450 10
599 451 10
599 453 10
599 454 10
599 455 10
599 456 10
599 457 10
599 458 10
599 459 10
599 462 10
599 463 10
599 469 10
599 470 10
599 471 10
599 472 10
599 473 10
599 474 10
599 475 10
599 476 10
599 478 10
599 479 10
599 482 10
599 485 10
599 488 10
599 505 10
599 509 10
599 518 10
599 519 10
599 520 10
599 521 10
599 523 10
599 525 10
599 527 10
599 528 10
599 530 10
599 531 10
599 532 10
599 533 10
599 535 10
599 536 10
599 537 10
599 538 10
599 546 10
599 547 10
599 549 10
599 550 10
599 553 10
599 557 10
599 558 10
599 561 10
599 562 10
599 563 10
599 565 10
599 566 10
599 567 10
599 569 10
599 574 10
599 576 10
599 578 10
599 579 10
599 580 10
599 581 10
599 583 10
599 585 10
599 588 10
599 589 10
599 590 10
599 591 10
599 592 10
599 594 10
599 596 10
599 597 10
599 601 10
599 602 10
599 603 10
599 605 10
599 606 10
599 607 10
599 608 10
599 610 10
599 616 10
599 617 10
599 619 10
599 621 10
599 622 10
599 624 10
599 625 10
599 627 10
599 628 10
599 631 10
599 634 10
599 636 10
599 637 10
599 638 10
599 639 10
599 640 10
599 641 10
599 661 10
599 663 10
599 664 10
599 665 10
599 668 10
599 691 10
600 364 10
600 367 10
600 368 10
600 369 10
600 371 10
600 380 10
600 382 10
600 383 10
600 384 10
600 385 10
600 386 10
600 387 10
600 390 10
600 391 10
600 393 10
600 395 10
600 397 10
600 399 10
600 401 10
600 407 10
600 408 10
600 409 10
600 411 10
600 414 10
600 415 10
600 416 10
600 423 10
600 424 10
600 425 10
600 426 10
600 428 10
600 429 10
600 432 10
600 435 10
600 440 10
600 441 10
600 450 10
600 451 10
600 452 10
600 453 10
600 454 10
600 455 10
600 456 10
600 457 10
600 459 10
600 460 10
600 461 10
600 462 10
600 463 10
600 466 10
600 468 10
600 469 10
600 472 10
600 476 10
600 477 10
600 482 10
600 484 10
600 490 10
600 491 10
600 492 10
600 493 10
600 495 10
600 497 10
600 498 10
600 499 10
600 513 10
600 516 10
600 517 10
600 518 10
600 519 10
600 520 10
600 521 10
600 523 10
600 526 10
600 527 10
600 530 10
600 531 10
600 534 10
600 536 10
600 545 10
600 546 10
600 548 10
600 551 10
600 553 10
600 555 10
600 559 10
600 571 10
600 572 10
600 576 10
600 577 10
600 578 10
600 579 10
600 583 10
600 585 10
600 587 10
600 590 10
600 591 10
600 592 10
600 593 10
600 598 10
600 599 10
600 600 10
600 601 10
600 602 10
600 605 10
600 606 10
600 607 10
600 611 10
600 613 10
600 616 10
600 618 10
600 620 10
600 622 10
600 623 10
600 624 10
600 626 10
600 627 10
600 628 10
600 634 10
600 637 10
600 638 10
600 639 10
600 640 10
600 664 10
600 665 10
600 666 10
600 667 10
600 670 10
600 694 10
601 365 10
601 366 10
601 367 10
601 368 10
601 369 10
601 371 10
601 372 10
601 373 10
601 374 10
601 375 10
601 376 10
601 377 10
601 380 10
601 383 10
601 385 10
601 386 10
601 389 10
601 392 10
601 393 10
601 396 10
601 400 10
601 413 10
601 421 10
601 424 10
601 427 10
601 432 10
601 434 10
601 441 10
601 446 10
601 449 10
601 450 10
601 451 10
601 452 10
601 453 10
601 454 10
601 455 10
601 456 10
601 459 10
601 460 10
601 462 10
601 463 10
601 465 10
601 466 10
601 467 10
601 469 10
601 471 10
601 473 10
601 474 10
601 476 10
601 477 10
601 479 10
601 481 10
601 484 10
601 485 10
601 487 10
601 490 10
601 493 10
601 494 10
601 495 10
601 497 10
601 498 10
601 500 10
601 501 10
601 507 10
601 509 10
601 516 10
601 518 10
601 519 10
601 522 10
601 528 10
601 530 10
601 532 10
601 534 10
601 535 10
601 548 10
601 549 10
601 550 10
601 551 10
601 553 10
601 559 10
601 564 10
601 565 10
601 569 10
601 570 10
601 572 10
601 577 10
601 578 10
601 581 10
601 585 10
601 590 10
601 593 10
601 595 10
601 596 10
601 600 10
601 601 10
601 603 10
601 604 10
601 606 10
601 607 10
601 609 10
601 611 10
601 614 10
601 615 10
601 616 10
601 617 10
601 618 10
601 620 10
601 622 10
601 624 10
601 632 10
601 634 10
601 636 10
601 637 10
601 638 10
601 639 10
601 640 10
601 642 10
601 650 10
601 658 10
601 662 10
601 664 10
601 666 10
601 667 10
601 668 10
601 670 10
601 692 10
601 693 10
601 694 10
601 697 10
602 360 10
602 364 10
602 365 10
602 366 10
602 368 10
602 370 10
602 372 10
602 373 10
602 374 10
602 375 10
602 381 10
602 383 10
602 385 10
602 386 10
602 387 10
602 388 10
602 389 10
602 390 10
602 391 10
602 392 10
602 396 10
602 397 10
602 399 10
602 400 10
602 401 10
602 402 10
602 403 10
602 409 10
602 410 10
602 413 10
602 414 10
602 415 10
602 419 10
602 420 10
602 422 10
602 423 10
602 424 10
602 425 10
602 426 10
602 428 10
602 429 10
602 430 10
602 434 10
602 435 10
602 438 10
602 439 10
602 440 10
602 441 10
602 443 10
602 447 10
602 449 10
602 450 10
602 453 10
602 456 10
602 458 10
602 460 10
602 461 10
602 462 10
602 463 10
602 465 10
602 466 10
602 467 10
602 468 10
602 471 10
602 472 10
602 474 10
602 477 10
602 483 10
602 485 10
602 487 10
602 488 10
602 492 10
602 493 10
602 494 10
602 495 10
602 496 10
602 497 10
602 505 10
602 506 10
602 507 10
602 508 10
602 509 10
602 511 10
602 515 10
602 516 10
602 517 10
602 518 10
602 520 10
602 521 10
602 522 10
602 525 10
602 529 10
602 531 10
602 533 10
602 534 10
602 535 10
602 539 10
602 554 10
602 556 10
602 560 10
602 563 10
602 564 10
602 565 10
602 572 10
602 574 10
602 581 10
602 585 10
602 587 10
602 588 10
602 590 10
602 591 10
602 594 10
602 599 10
602 600 10
602 601 10
602 604 10
602 605 10
602 606 10
602 609 10
602 610 10
602 611 10
602 612 10
602 615 10
602 619 10
602 620 10
602 622 10
602 624 10
602 627 10
602 630 10
602 637 10
602 638 10
602 639 10
602 640 10
602 641 10
602 642 10
602 644 10
602 650 10
602 658 10
602 659 10
602 660 10
602 662 10
602 666 10
602 667 10
602 670 10
602 694 10
602 695 10
603 356 10
603 359 10
603 364 10
603 365 10
603 367 10
603 368 10
603 369 10
603 372 10
603 373 10
603 375 10
603 376 10
603 378 10
603 382 10
603 383 10
603 384 10
603 385 10
603 387 10
603 390 10
603 391 10
603 392 10
603 394 10
603 395 10
603 405 10
603 414 10
603 416 10
603 417 10
603 422 10
603 423 10
603 424 10
603 425 10
603 426 10
603 429 10
603 430 10
603 432 10
603 433 10
603 434 10
603 435 10
603 437 10
603 439 10
603 440 10
603 441 10
603 442 10
603 443 10
603 446 10
603 447 10
603 450 10
603 452 10
603 453 10
603 454 10
603 462 10
603 464 10
603 469 10
603 470 10
603 473 10
603 474 10
603 475 10
603 476 10
603 477 10
603 480 10
603 484 10
603 485 10
603 486 10
603 487 10
603 489 10
603 491 10
603 493 10
603 494 10
603 495 10
603 496 10
603 497 10
603 498 10
603 499 10
603 500 10
603 502 10
603 505 10
603 506 10
603 507 10
603 509 10
603 510 10
603 513 10
603 514 10
603 518 10
603 519 10
603 520 10
603 531 10
603 532 10
603 534 10
603 535 10
603 548 10
603 550 10
603 552 10
603 559 10
603 561 10
603 566 10
603 569 10
603 571 10
603 576 10
603 579 10
603 581 10
603 584 10
603 585 10
603 586 10
603 587 10
603 590 10
603 591 10
603 592 10
603 594 10
603 598 10
603 600 10
603 601 10
603 602 10
603 604 10
603 605 10
603 607 10
603 608 10
603 609 10
603 613 10
603 614 10
603 615 10
603 616 10
603 618 10
603 620 10
603 621 10
603 623 10
603 625 10
603 627 10
603 629 10
603 632 10
603 633 10
603 634 10
603 636 10
603 638 10
603 639 10
603 640 10
603 641 10
603 643 10
603 644 10
603 648 10
603 649 10
603 652 10
603 654 10
603 658 10
603 659 10
603 662 10
603 667 10
603 706 10
604 358 10
604 359 10
604 363 10
604 367 10
604 368 10
604 371 10
604 372 10
604 374 10
604 377 10
604 381 10
604 382 10
604 383 10
604 384 10
604 385 10
604 386 10
604 387 10
604 388 10
604 390 10
604 391 10
604 392 10
604 393 10
604 396 10
604 397 10
604 401 10
604 402 10
604 403 10
604 414 10
604 419 10
604 420 10
604 421 10
604 422 10
604 423 10
604 424 10
604 425 10
604 426 10
604 427 10
604 430 10
604 432 10
604 434 10
604 436 10
604 437 10
604 438 10
604 440 10
604 442 10
604 446 10
604 447 10
604 450 10
604 453 10
604 454 10
604 455 10
604 457 10
604 458 10
604 459 10
604 461 10
604 462 10
604 463 10
604 466 10
604 468 10
604 471 10
604 472 10
604 485 10
604 486 10
604 491 10
604 492 10
604 493 10
604 494 10
604 495 10
604 496 10
604 498 10
604 499 10
604 502 10
604 503 10
604 504 10
604 505 10
604 506 10
604 507 10
604 508 10
604 509 10
604 510 10
604 511 10
604 513 10
604 517 10
604 519 10
604 520 10
604 524 10
604 528 10
604 529 10
604 530 10
604 546 10
604 550 10
604 552 10
604 555 10
604 561 10
604 562 10
604 564 10
604 566 10
604 568 10
604 569 10
604 576 10
604 579 10
604 581 10
604 584 10
604 585 10
604 586 10
604 588 10
604 589 10
604 592 10
604 595 10
604 596 10
604 599 10
604 600 10
604 601 10
604 602 10
604 603 10
604 604 10
604 605 10
604 608 10
604 609 10
604 612 10
604 613 10
604 614 10
604 615 10
604 616 10
604 617 10
604 618 10
604 619 10
604 621 10
604 624 10
604 626 10
604 629 10
604 632 10
604 636 10
604 637 10
604 638 10
604 639 10
604 640 10
604 641 10
604 643 10
604 648 10
604 652 10
604 653 10
604 659 10
604 661 10
604 666 10
604 667 10
604 668 10
604 669 10
604 670 10
604 671 10
605 357 10
605 362 10
605 365 10
605 367 10
605 369 10
605 371 10
605 374 10
605 376 10
605 377 10
605 383 10
605 384 10
605 385 10
605 386 10
605 388 10
605 389 10
605 390 10
605 394 10
605 412 10
605 416 10
605 418 10
605 419 10
605 420 10
605 421 10
605 422 10
605 423 10
605 424 10
605 425 10
605 426 10
605 428 10
605 431 10
605 433 10
605 434 10
605 435 10
605 437 10
605 442 10
605 447 10
605 449 10
605 454 10
605 460 10
605 461 10
605 462 10
605 463 10
605 465 10
605 468 10
605 482 10
605 484 10
605 486 10
605 488 10
605 491 10
605 492 10
605 493 10
605 495 10
605 499 10
605 501 10
605 502 10
605 504 10
605 505 10
605 506 10
605 507 10
605 509 10
605 515 10
605 516 10
605 518 10
605 520 10
605 521 10
605 522 10
605 532 10
605 548 10
605 550 10
605 551 10
605 558 10
605 559 10
605 560 10
605 562 10
605 565 10
605 567 10
605 568 10
605 569 10
605 572 10
605 573 10
605 574 10
605 575 10
605 577 10
605 581 10
605 582 10
605 583 10
605 585 10
605 586 10
605 588 10
605 590 10
605 592 10
605 594 10
605 595 10
605 596 10
605 598 10
605 600 10
605 601 10
605 602 10
605 603 10
605 604 10
605 605 10
605 606 10
605 607 10
605 609 10
605 611 10
605 612 10
605 613 10
605 614 10
605 615 10
605 617 10
605 619 10
605 620 10
605 622 10
605 623 10
605 626 10
605 630 10
605 632 10
605 636 10
605 638 10
605 639 10
605 640 10
605 642 10
605 649 10
605 650 10
605 652 10
605 653 10
605 667 10
605 668 10
605 671 10
605 707 10
606 361 10
606 362 10
606 368 10
606 369 10
606 379 10
606 380 10
606 381 10
606 382 10
606 383 10
606 384 10
606 386 10
606 387 10
606 388 10
606 396 10
606 397 10
606 398 10
606 415 10
606 417 10
606 418 10
606 420 10
606 421 10
606 422 10
606 423 10
606 424 10
606 425 10
606 427 10
606 429 10
606 432 10
606 433 10
606 444 10
606 447 10
606 448 10
606 449 10
606 450 10
606 451 10
606 452 10
606 455 10
606 457 10
606 459 10
606 461 10
606 466 10
606 471 10
606 472 10
606 474 10
606 477 10
606 480 10
606 481 10
606 485 10
606 486 10
606 490 10
606 493 10
606 494 10
606 496 10
606 497 10
606 500 10
606 501 10
606 502 10
606 504 10
606 506 10
606 508 10
606 510 10
606 511 10
606 512 10
606 515 10
606 516 10
606 517 10
606 518 10
606 520 10
606 521 10
606 528 10
606 531 10
606 551 10
606 552 10
606 558 10
606 560 10
606 562 10
606 564 10
606 565 10
606 568 10
606 569 10
606 574 10
606 577 10
606 579 10
606 583 10
606 586 10
606 587 10
606 589 10
606 590 10
606 592 10
606 593 10
606 594 10
606 596 10
606 597 10
606 598 10
606 600 10
606 601 10
606 602 10
606 603 10
606 604 10
606 606 10
606 609 10
606 611 10
606 614 10
606 618 10
606 619 10
606 622 10
606 625 10
606 626 10
606 629 10
606 630 10
606 631 10
606 632 10
606 634 10
606 636 10
606 637 10
606 641 10
606 648 10
606 650 10
606 657 10
606 658 10
606 660 10
606 668 10
606 669 10
606 670 10
607 363 10
607 372 10
607 378 10
607 380 10
607 382 10
607 383 10
607 384 10
607 385 10
607 386 10
607 388 10
607 389 10
607 392 10
607 393 10
607 394 10
607 395 10
607 400 10
607 416 10
607 417 10
607 420 10
607 421 10
607 423 10
607 424 10
607 426 10
607 427 10
607 428 10
607 429 10
607 431 10
607 432 10
607 433 10
607 437 10
607 440 10
607 447 10
607 449 10
607 451 10
607 452 10
607 455 10
607 457 10
607 460 10
607 463 10
607 464 10
607 469 10
607 470 10
607 475 10
607 480 10
607 482 10
607 483 10
607 484 10
607 486 10
607 488 10
607 489 10
607 490 10
607 491 10
607 500 10
607 501 10
607 503 10
607 505 10
607 510 10
607 512 10
607 513 10
607 515 10
607 518 10
607 520 10
607 521 10
607 525 10
607 529 10
607 531 10
607 554 10
607 555 10
607 561 10
607 563 10
607 564 10
607 567 10
607 569 10
607 571 10
607 574 10
607 575 10
607 576 10
607 577 10
607 579 10
607 584 10
607 585 10
607 586 10
607 587 10
607 588 10
607 589 10
607 591 10
607 593 10
607 594 10
607 595 10
607 596 10
607 600 10
607 601 10
607 602 10
607 604 10
607 605 10
607 607 10
607 608 10
607 609 10
607 611 10
607 612 10
607 613 10
607 615 10
607 616 10
607 617 10
607 618 10
607 620 10
607 621 10
607 624 10
607 625 10
607 626 10
607 627 10
607 629 10
607 631 10
607 632 10
607 633 10
607 636 10
607 638 10
607 639 10
607 640 10
607 648 10
607 650 10
607 652 10
607 655 10
607 657 10
607 660 10
607 668 10
607 669 10
607 670 10
607 672 10
607 674 10
608 360 10
608 377 10
608 380 10
608 381 10
608 382 10
608 383 10
608 384 10
608 385 10
608 386 10
608 387 10
608 388 10
608 389 10
608 390 10
608 391 10
608 393 10
608 395 10
608 396 10
608 413 10
608 414 10
608 415 10
608 418 10
608 419 10
608 421 10
608 423 10
608 424 10
608 425 10
608 427 10
608 428 10
608 429 10
608 430 10
608 431 10
608 436 10
608 438 10
608 441 10
608 447 10
608 451 10
608 452 10
608 453 10
608 456 10
608 460 10
608 465 10
608 471 10
608 473 10
608 477 10
608 482 10
608 485 10
608 486 10
608 492 10
608 493 10
608 496 10
608 497 10
608 498 10
608 502 10
608 504 10
608 505 10
608 513 10
608 514 10
608 517 10
608 518 10
608 521 10
608 523 10
608 524 10
608 530 10
608 532 10
608 559 10
608 561 10
608 562 10
608 563 10
608 565 10
608 568 10
608 570 10
608 572 10
608 576 10
608 578 10
608 580 10
608 587 10
608 589 10
608 590 10
608 591 10
608 592 10
608 593 10
608 594 10
608 598 10
608 600 10
608 601 10
608 602 10
608 603 10
608 604 10
608 606 10
608 609 10
608 611 10
608 613 10
608 616 10
608 621 10
608 622 10
608 624 10
608 629 10
608 633 10
608 634 10
608 636 10
608 645 10
608 648 10
608 649 10
608 655 10
608 656 10
608 657 10
608 658 10
608 660 10
608 668 10
608 669 10
608 672 10
609 378 10
609 379 10
609 381 10
609 382 10
609 384 10
609 386 10
609 387 10
609 388 10
609 389 10
609 396 10
609 403 10
609 407 10
609 413 10
609 415 10
609 418 10
609 419 10
609 420 10
609 421 10
609 422 10
609 423 10
609 424 10
609 425 10
609 427 10
609 429 10
609 432 10
609 441 10
609 442 10
609 445 10
609 449 10
609 450 10
609 451 10
609 453 10
609 454 10
609 456 10
609 459 10
609 461 10
609 463 10
609 471 10
609 476 10
609 477 10
609 483 10
609 487 10
609 489 10
609 490 10
609 491 10
609 492 10
609 493 10
609 495 10
609 497 10
609 501 10
609 503 10
609 505 10
609 506 10
609 514 10
609 515 10
609 524 10
609 526 10
609 527 10
609 529 10
609 557 10
609 560 10
609 561 10
609 562 10
609 563 10
609 566 10
609 573 10
609 574 10
609 575 10
609 576 10
609 578 10
609 579 10
609 580 10
609 581 10
609 582 10
609 583 10
609 587 10
609 589 10
609 590 10
609 595 10
609 597 10
609 598 10
609 599 10
609 600 10
609 601 10
609 602 10
609 607 10
609 608 10
609 610 10
609 614 10
609 616 10
609 617 10
609 619 10
609 622 10
609 624 10
609 630 10
609 636 10
609 639 10
609 644 10
609 647 10
609 666 10
609 669 10
610 380 10
610 381 10
610 383 10
610 387 10
610 388 10
610 393 10
610 394 10
610 396 10
610 407 10
610 415 10
610 416 10
610 419 10
610 421 10
610 422 10
610 423 10
610 424 10
610 425 10
610 426 10
610 427 10
610 428 10
610 429 10
610 433 10
610 434 10
610 436 10
610 445 10
610 446 10
610 449 10
610 453 10
610 456 10
610 458 10
610 472 10
610 473 10
610 474 10
610 476 10
610 478 10
610 480 10
610 481 10
610 482 10
610 486 10
610 489 10
610 490 10
610 491 10
610 492 10
610 493 10
610 494 10
610 495 10
610 496 10
610 503 10
610 506 10
610 512 10
610 516 10
610 517 10
610 525 10
610 527 10
610 530 10
610 532 10
610 559 10
610 560 10
610 561 10
610 564 10
610 565 10
610 572 10
610 573 10
610 574 10
610 576 10
610 578 10
610 579 10
610 580 10
610 581 10
610 582 10
610 585 10
610 586 10
610 588 10
610 590 10
610 598 10
610 599 10
610 600 10
610 601 10
610 602 10
610 603 10
610 604 10
610 606 10
610 608 10
610 609 10
610 610 10
610 611 10
610 613 10
610 615 10
610 616 10
610 617 10
610 625 10
610 627 10
610 632 10
610 634 10
610 635 10
610 646 10
610 647 10
610 649 10
610 650 10
610 652 10
610 656 10
610 662 10
610 671 10
611 378 10
611 379 10
611 381 10
611 389 10
611 391 10
611 392 10
611 402 10
611 406 10
611 413 10
611 416 10
611 417 10
611 419 10
611 420 10
611 423 10
611 424 10
611 425 10
611 426 10
611 427 10
611 428 10
611 429 10
611 430 10
611 431 10
611 433 10
611 435 10
611 439 10
611 444 10
611 446 10
611 447 10
611 452 10
611 454 10
611 456 10
611 466 10
611 468 10
611 470 10
611 471 10
611 472 10
611 473 10
611 474 10
611 477 10
611 478 10
611 479 10
611 480 10
611 484 10
611 488 10
611 490 10
611 491 10
611 494 10
611 498 10
611 499 10
611 500 10
611 506 10
611 510 10
611 516 10
611 523 10
611 525 10
611 526 10
611 530 10
611 551 10
611 561 10
611 562 10
611 565 10
611 572 10
611 574 10
611 577 10
611 579 10
611 583 10
611 584 10
611 586 10
611 588 10
611 589 10
611 592 10
611 595 10
611 596 10
611 598 10
611 599 10
611 600 10
611 601 10
611 602 10
611 603 10
611 605 10
611 608 10
611 609 10
611 610 10
611 611 10
611 612 10
611 614 10
611 616 10
611 629 10
611 631 10
611 633 10
611 634 10
611 635 10
611 636 10
611 638 10
611 639 10
611 640 10
611 641 10
611 644 10
611 646 10
611 647 10
611 648 10
611 649 10
611 650 10
611 652 10
611 657 10
612 377 10
612 378 10
612 379 10
612 381 10
612 383 10
612 385 10
612 387 10
612 388 10
612 393 10
612 401 10
612 411 10
612 412 10
612 413 10
612 414 10
612 416 10
612 419 10
612 422 10
612 423 10
612 424 10
612 425 10
612 426 10
612 427 10
612 428 10
612 430 10
612 432 10
612 433 10
612 434 10
612 436 10
612 437 10
612 438 10
612 442 10
612 444 10
612 445 10
612 446 10
612 447 10
612 452 10
612 454 10
612 455 10
612 460 10
612 461 10
612 462 10
612 465 10
612 467 10
612 469 10
612 473 10
612 477 10
612 478 10
612 480 10
612 481 10
612 487 10
612 489 10
612 490 10
612 491 10
612 493 10
612 503 10
612 506 10
612 509 10
612 518 10
612 520 10
612 524 10
612 525 10
612 532 10
612 553 10
612 559 10
612 560 10
612 561 10
612 563 10
612 564 10
612 565 10
612 566 10
612 567 10
612 568 10
612 577 10
612 578 10
612 579 10
612 580 10
612 581 10
612 583 10
612 585 10
612 586 10
612 589 10
612 591 10
612 593 10
612 594 10
612 595 10
612 596 10
612 598 10
612 599 10
612 600 10
612 601 10
612 602 10
612 603 10
612 604 10
612 605 10
612 606 10
612 610 10
612 611 10
612 612 10
612 613 10
612 615 10
612 625 10
612 634 10
612 635 10
612 636 10
612 654 10
612 655 10
612 657 10
612 660 10
613 377 10
613 380 10
613 382 10
613 385 10
613 387 10
613 391 10
613 395 10
613 398 10
613 402 10
613 404 10
613 407 10
613 409 10
613 414 10
613 415 10
613 416 10
613 417 10
613 419 10
613 421 10
613 422 10
613 423 10
613 424 10
613 425 10
613 426 10
613 427 10
613 428 10
613 429 10
613 430 10
613 431 10
613 432 10
613 434 10
613 436 10
613 438 10
613 441 10
613 444 10
613 453 10
613 454 10
613 456 10
613 461 10
613 468 10
613 469 10
613 470 10
613 474 10
613 475 10
613 476 10
613 478 10
613 479 10
613 482 10
613 483 10
613 487 10
613 504 10
613 505 10
613 506 10
613 507 10
613 515 10
613 523 10
613 529 10
613 534 10
613 536 10
613 552 10
613 554 10
613 555 10
613 558 10
613 561 10
613 563 10
613 564 10
613 566 10
613 569 10
613 572 10
613 574 10
613 577 10
613 578 10
613 579 10
613 580 10
613 582 10
613 583 10
613 584 10
613 585 10
613 587 10
613 589 10
613 590 10
613 595 10
613 596 10
613 597 10
613 599 10
613 600 10
613 601 10
613 602 10
613 603 10
613 606 10
613 607 10
613 608 10
613 609 10
613 610 10
613 622 10
613 624 10
613 625 10
613 636 10
613 639 10
613 647 10
613 651 10
613 662 10
614 378 10
614 383 10
614 384 10
614 393 10
614 394 10
614 396 10
614 404 10
614 411 10
614 412 10
614 413 10
614 414 10
614 416 10
614 418 10
614 420 10
614 423 10
614 424 10
614 425 10
614 426 10
614 427 10
614 428 10
614 430 10
614 431 10
614 434 10
614 436 10
614 438 10
614 439 10
614 440 10
614 441 10
614 442 10
614 443 10
614 447 10
614 448 10
614 450 10
614 451 10
614 452 10
614 453 10
614 454 10
614 455 10
614 457 10
614 459 10
614 461 10
614 468 10
614 469 10
614 470 10
614 472 10
614 474 10
614 475 10
614 476 10
614 478 10
614 479 10
614 480 10
614 481 10
614 482 10
614 483 10
614 484 10
614 485 10
614 491 10
614 502 10
614 503 10
614 504 10
614 506 10
614 507 10
614 509 10
614 517 10
614 519 10
614 520 10
614 523 10
614 524 10
614 525 10
614 526 10
614 537 10
614 545 10
614 552 10
614 554 10
614 555 10
614 556 10
614 558 10
614 561 10
614 562 10
614 563 10
614 567 10
614 569 10
614 571 10
614 573 10
614 574 10
614 577 10
614 578 10
614 579 10
614 580 10
614 581 10
614 583 10
614 584 10
614 585 10
614 587 10
614 591 10
614 593 10
614 595 10
614 596 10
614 598 10
614 599 10
614 600 10
614 601 10
614 602 10
614 603 10
614 604 10
614 605 10
614 609 10
614 635 10
614 636 10
614 639 10
614 654 10
614 655 10
614 656 10
614 657 10
614 659 10
614 661 10
615 381 10
615 391 10
615 393 10
615 396 10
615 398 10
615 406 10
615 409 10
615 410 10
615 412 10
615 416 10
615 418 10
615 420 10
615 422 10
615 423 10
615 424 10
615 425 10
615 426 10
615 427 10
615 428 10
615 429 10
615 431 10
615 435 10
615 436 10
615 438 10
615 439 10
615 442 10
615 444 10
615 445 10
615 448 10
615 450 10
615 451 10
615 453 10
615 454 10
615 455 10
615 456 10
615 473 10
615 474 10
615 475 10
615 482 10
615 484 10
615 486 10
615 487 10
615 489 10
615 490 10
615 502 10
615 503 10
615 507 10
615 509 10
615 517 10
615 518 10
615 528 10
615 533 10
615 553 10
615 554 10
615 556 10
615 558 10
615 559 10
615 560 10
615 561 10
615 563 10
615 564 10
615 566 10
615 569 10
615 571 10
615 572 10
615 574 10
615 575 10
615 576 10
615 577 10
615 578 10
615 579 10
615 581 10
615 582 10
615 583 10
615 584 10
615 585 10
615 586 10
615 594 10
615 597 10
615 598 10
615 599 10
615 600 10
615 601 10
615 602 10
615 603 10
615 605 10
615 607 10
615 624 10
615 632 10
615 633 10
615 636 10
615 639 10
615 641 10
615 642 10
615 648 10
615 649 10
615 655 10
615 656 10
615 659 10
615 663 10
616 381 10
616 400 10
616 401 10
616 403 10
616 404 10
616 411 10
616 413 10
616 417 10
616 422 10
616 424 10
616 425 10
616 426 10
616 427 10
616 428 10
616 429 10
616 430 10
616 431 10
616 434 10
616 435 10
616 436 10
616 437 10
616 440 10
616 443 10
616 448 10
616 452 10
616 455 10
616 456 10
616 457 10
616 458 10
616 459 10
616 460 10
616 461 10
616 471 10
616 473 10
616 478 10
616 481 10
616 483 10
616 485 10
616 486 10
616 487 10
616 491 10
616 501 10
616 504 10
616 505 10
616 506 10
616 507 10
616 511 10
616 514 10
616 522 10
616 525 10
616 530 10
616 537 10
616 552 10
616 553 10
616 556 10
616 557 10
616 560 10
616 562 10
616 563 10
616 569 10
616 573 10
616 574 10
616 576 10
616 581 10
616 582 10
616 583 10
616 584 10
616 587 10
616 589 10
616 592 10
616 595 10
616 596 10
616 597 10
616 601 10
616 602 10
616 603 10
616 604 10
616 605 10
616 606 10
616 614 10
616 622 10
616 630 10
616 632 10
616 633 10
616 634 10
616 636 10
616 642 10
616 660 10
617 396 10
617 397 10
617 402 10
617 405 10
617 412 10
617 414 10
617 415 10
617 416 10
617 418 10
617 420 10
617 422 10
617 424 10
617 425 10
617 426 10
617 428 10
617 430 10
617 431 10
617 434 10
617 435 10
617 437 10
617 438 10
617 439 10
617 440 10
617 441 10
617 442 10
617 443 10
617 447 10
617 451 10
617 452 10
617 453 10
617 454 10
617 456 10
617 458 10
617 471 10
617 472 10
617 475 10
617 477 10
617 478 10
617 479 10
617 480 10
617 482 10
617 483 10
617 488 10
617 490 10
617 494 10
617 503 10
617 504 10
617 508 10
617 514 10
617 525 10
617 528 10
617 529 10
617 531 10
617 539 10
617 543 10
617 545 10
617 551 10
617 553 10
617 554 10
617 555 10
617 556 10
617 559 10
617 562 10
617 569 10
617 574 10
617 577 10
617 579 10
617 582 10
617 583 10
617 584 10
617 585 10
617 587 10
617 590 10
617 592 10
617 593 10
617 595 10
617 597 10
617 598 10
617 600 10
617 603 10
617 604 10
617 605 10
617 615 10
617 622 10
617 623 10
617 624 10
617 626 10
617 632 10
617 635 10
617 636 10
617 641 10
617 643 10
617 654 10
617 655 10
618 395 10
618 397 10
618 399 10
618 400 10
618 402 10
618 403 10
618 408 10
618 409 10
618 412 10
618 413 10
618 414 10
618 419 10
618 420 10
618 424 10
618 426 10
618 427 10
618 428 10
618 429 10
618 432 10
618 435 10
618 436 10
618 438 10
618 439 10
618 440 10
618 442 10
618 443 10
618 446 10
618 448 10
618 455 10
618 460 10
618 465 10
618 466 10
618 467 10
618 468 10
618 469 10
618 472 10
618 473 10
618 475 10
618 476 10
618 477 10
618 478 10
618 479 10
618 480 10
618 481 10
618 482 10
618 483 10
618 484 10
618 486 10
618 489 10
618 490 10
618 504 10
618 505 10
618 506 10
618 508 10
618 510 10
618 511 10
618 516 10
618 526 10
618 527 10
618 528 10
618 530 10
618 531 10
618 532 10
618 536 10
618 539 10
618 540 10
618 543 10
618 555 10
618 556 10
618 557 10
618 558 10
618 559 10
618 563 10
618 564 10
618 568 10
618 571 10
618 572 10
618 573 10
618 574 10
618 575 10
618 577 10
618 580 10
618 582 10
618 583 10
618 584 10
618 586 10
618 588 10
618 589 10
618 591 10
618 592 10
618 593 10
618 594 10
618 595 10
618 597 10
618 598 10
618 599 10
618 601 10
618 602 10
618 603 10
618 604 10
618 618 10
618 620 10
618 622 10
618 625 10
618 627 10
618 629 10
618 631 10
618 632 10
618 635 10
618 636 10
618 641 10
618 644 10
619 395 10
619 396 10
619 397 10
619 398 10
619 399 10
619 402 10
619 409 10
619 410 10
619 419 10
619 420 10
619 421 10
619 423 10
619 424 10
619 425 10
619 426 10
619 427 10
619 428 10
619 431 10
619 432 10
619 433 10
619 434 10
619 437 10
619 439 10
619 441 10
619 445 10
619 448 10
619 449 10
619 450 10
619 451 10
619 452 10
619 453 10
619 455 10
619 456 10
619 457 10
619 465 10
619 466 10
619 467 10
619 470 10
619 471 10
619 475 10
619 476 10
619 477 10
619 478 10
619 481 10
619 482 10
619 484 10
619 485 10
619 486 10
619 487 10
619 489 10
619 490 10
619 491 10
619 494 10
619 496 10
619 530 10
619 537 10
619 538 10
619 540 10
619 550 10
619 552 10
619 556 10
619 558 10
619 566 10
619 567 10
619 568 10
619 569 10
619 571 10
619 572 10
619 573 10
619 574 10
619 575 10
619 576 10
619 577 10
619 578 10
619 580 10
619 582 10
619 587 10
619 588 10
619 589 10
619 590 10
619 592 10
619 593 10
619 595 10
619 596 10
619 598 10
619 600 10
619 602 10
619 603 10
619 617 10
619 623 10
619 624 10
619 628 10
619 629 10
619 630 10
619 632 10
619 634 10
619 638 10
619 639 10
619 646 10
619 667 10
620 394 10
620 395 10
620 396 10
620 397 10
620 399 10
620 403 10
620 404 10
620 406 10
620 408 10
620 410 10
620 413 10
620 414 10
620 415 10
620 416 10
620 418 10
620 419 10
620 420 10
620 421 10
620 422 10
620 423 10
620 424 10
620 428 10
620 434 10
620 435 10
620 439 10
620 442 10
620 443 10
620 444 10
620 447 10
620 448 10
620 450 10
620 452 10
620 454 10
620 456 10
620 457 10
620 458 10
620 461 10
620 470 10
620 474 10
620 475 10
620 476 10
620 477 10
620 478 10
620 479 10
620 480 10
620 481 10
620 482 10
620 483 10
620 484 10
620 485 10
620 486 10
620 487 10
620 488 10
620 492 10
620 498 10
620 499 10
620 503 10
620 505 10
620 507 10
620 508 10
620 512 10
620 518 10
620 526 10
620 539 10
620 553 10
620 555 10
620 557 10
620 560 10
620 566 10
620 567 10
620 568 10
620 570 10
620 571 10
620 572 10
620 573 10
620 574 10
620 576 10
620 578 10
620 579 10
620 581 10
620 582 10
620 584 10
620 585 10
620 586 10
620 591 10
620 592 10
620 593 10
620 594 10
620 597 10
620 617 10
620 620 10
620 624 10
620 629 10
620 630 10
620 631 10
620 632 10
620 633 10
620 634 10
620 636 10
620 641 10
620 642 10
620 643 10
620 645 10
620 647 10
620 667 10
621 393 10
621 395 10
621 396 10
621 397 10
621 399 10
621 400 10
621 401 10
621 406 10
621 414 10
621 415 10
621 416 10
621 417 10
621 418 10
621 419 10
621 420 10
621 421 10
621 422 10
621 424 10
621 425 10
621 426 10
621 428 10
621 435 10
621 436 10
621 438 10
621 441 10
621 443 10
621 445 10
621 449 10
621 450 10
621 451 10
621 452 10
621 454 10
621 455 10
621 456 10
621 457 10
621 458 10
621 459 10
621 461 10
621 462 10
621 463 10
621 464 10
621 467 10
621 468 10
621 470 10
621 472 10
621 474 10
621 476 10
621 478 10
621 479 10
621 480 10
621 481 10
621 482 10
621 483 10
621 485 10
621 486 10
621 487 10
621 491 10
621 499 10
621 505 10
621 506 10
621 507 10
621 538 10
621 553 10
621 554 10
621 555 10
621 556 10
621 558 10
621 559 10
621 560 10
621 561 10
621 562 10
621 563 10
621 564 10
621 567 10
621 569 10
621 570 10
621 571 10
621 572 10
621 573 10
621 574 10
621 575 10
621 580 10
621 581 10
621 584 10
621 585 10
621 588 10
621 589 10
621 590 10
621 592 10
621 593 10
621 594 10
621 595 10
621 597 10
621 598 10
621 600 10
621 615 10
621 617 10
621 619 10
621 621 10
621 627 10
621 628 10
621 629 10
621 631 10
621 632 10
621 634 10
621 636 10
621 637 10
621 638 10
621 644 10
621 645 10
621 646 10
621 648 10
621 649 10
621 650 10
621 675 10
622 393 10
622 394 10
622 396 10
622 397 10
622 399 10
622 401 10
622 403 10
622 405 10
622 407 10
622 413 10
622 414 10
622 416 10
622 420 10
622 423 10
622 425 10
622 426 10
622 427 10
622 428 10
622 430 10
622 432 10
622 433 10
622 437 10
622 438 10
622 439 10
622 440 10
622 442 10
622 443 10
622 446 10
622 449 10
622 450 10
622 451 10
622 453 10
622 454 10
622 455 10
622 456 10
622 457 10
622 458 10
622 459 10
622 460 10
622 461 10
622 462 10
622 463 10
622 465 10
622 466 10
622 467 10
622 468 10
622 470 10
622 472 10
622 476 10
622 477 10
622 478 10
622 479 10
622 480 10
622 481 10
622 483 10
622 484 10
622 485 10
622 488 10
622 493 10
622 499 10
622 501 10
622 503 10
622 505 10
622 507 10
622 510 10
622 535 10
622 536 10
622 538 10
622 549 10
622 551 10
622 556 10
622 557 10
622 558 10
622 561 10
622 563 10
622 564 10
622 567 10
622 568 10
622 569 10
622 570 10
622 571 10
622 572 10
622 573 10
622 575 10
622 577 10
622 579 10
622 583 10
622 584 10
622 585 10
622 587 10
622 591 10
622 592 10
622 593 10
622 596 10
622 617 10
622 619 10
622 623 10
622 624 10
622 627 10
622 629 10
622 630 10
622 631 10
622 632 10
622 633 10
622 634 10
622 640 10
622 641 10
622 642 10
622 643 10
622 644 10
622 645 10
622 646 10
622 647 10
623 392 10
623 396 10
623 400 10
623 401 10
623 404 10
623 405 10
623 406 10
623 407 10
623 413 10
623 415 10
623 418 10
623 420 10
623 421 10
623 422 10
623 423 10
623 425 10
623 427 10
623 435 10
623 436 10
623 437 10
623 440 10
623 442 10
623 443 10
623 444 10
623 446 10
623 447 10
623 449 10
623 451 10
623 452 10
623 453 10
623 454 10
623 455 10
623 456 10
623 458 10
623 459 10
623 461 10
623 462 10
623 463 10
623 464 10
623 466 10
623 467 10
623 469 10
623 470 10
623 471 10
623 473 10
623 477 10
623 478 10
623 479 10
623 480 10
623 481 10
623 482 10
623 483 10
623 486 10
623 490 10
623 491 10
623 492 10
623 497 10
623 499 10
623 500 10
623 501 10
623 504 10
623 510 10
623 534 10
623 535 10
623 544 10
623 549 10
623 552 10
623 553 10
623 554 10
623 555 10
623 557 10
623 558 10
623 560 10
623 564 10
623 569 10
623 570 10
623 571 10
623 574 10
623 576 10
623 577 10
623 585 10
623 587 10
623 588 10
623 589 10
623 591 10
623 592 10
623 594 10
623 598 10
623 599 10
623 618 10
623 619 10
623 622 10
623 623 10
623 624 10
623 628 10
623 629 10
623 631 10
623 634 10
623 635 10
623 637 10
623 639 10
623 644 10
623 646 10
623 649 10
623 650 10
623 673 10
623 677 10
624 393 10
624 395 10
624 398 10
624 399 10
624 401 10
624 405 10
624 406 10
624 407 10
624 408 10
624 411 10
624 413 10
624 414 10
624 417 10
624 420 10
624 421 10
624 423 10
624 424 10
624 427 10
624 429 10
624 436 10
624 437 10
624 439 10
624 440 10
624 441 10
624 445 10
624 447 10
624 450 10
624 452 10
624 453 10
624 454 10
624 456 10
624 457 10
624 458 10
624 459 10
624 460 10
624 462 10
624 465 10
624 467 10
624 468 10
624 469 10
624 471 10
624 476 10
624 478 10
624 479 10
624 480 10
624 482 10
624 484 10
624 486 10
624 493 10
624 495 10
624 498 10
624 502 10
624 509 10
624 510 10
624 518 10
624 520 10
624 523 10
624 534 10
624 536 10
624 539 10
624 544 10
624 551 10
624 554 10
624 557 10
624 559 10
624 560 10
624 562 10
624 566 10
624 568 10
624 570 10
624 571 10
624 573 10
624 574 10
624 577 10
624 584 10
624 590 10
624 593 10
624 594 10
624 597 10
624 598 10
624 616 10
624 617 10
624 619 10
624 628 10
624 629 10
624 630 10
624 633 10
624 634 10
624 635 10
624 637 10
624 644 10
624 645 10
624 646 10
624 648 10
624 649 10
625 391 10
625 393 10
625 399 10
625 405 10
625 408 10
625 409 10
625 410 10
625 411 10
625 413 10
625 414 10
625 415 10
625 416 10
625 417 10
625 420 10
625 422 10
625 423 10
625 427 10
625 429 10
625 432 10
625 433 10
625 435 10
625 436 10
625 438 10
625 440 10
625 442 10
625 443 10
625 445 10
625 446 10
625 447 10
625 449 10
625 450 10
625 451 10
625 454 10
625 455 10
625 456 10
625 457 10
625 458 10
625 459 10
625 460 10
625 461 10
625 463 10
625 464 10
625 465 10
625 466 10
625 467 10
625 468 10
625 471 10
625 472 10
625 473 10
625 476 10
625 477 10
625 481 10
625 482 10
625 483 10
625 484 10
625 485 10
625 486 10
625 489 10
625 492 10
625 496 10
625 504 10
625 505 10
625 517 10
625 534 10
625 539 10
625 552 10
625 553 10
625 554 10
625 555 10
625 556 10
625 557 10
625 559 10
625 560 10
625 562 10
625 568 10
625 569 10
625 570 10
625 573 10
625 581 10
625 582 10
625 585 10
625 587 10
625 588 10
625 590 10
625 591 10
625 594 10
625 596 10
625 604 10
625 605 10
625 628 10
625 630 10
625 632 10
625 633 10
625 634 10
625 635 10
625 643 10
625 646 10
625 648 10
625 652 10
625 679 10
626 390 10
626 392 10
626 402 10
626 405 10
626 410 10
626 411 10
626 412 10
626 413 10
626 415 10
626 418 10
626 420 10
626 422 10
626 423 10
626 430 10
626 435 10
626 436 10
626 438 10
626 439 10
626 440 10
626 442 10
626 443 10
626 444 10
626 445 10
626 446 10
626 447 10
626 448 10
626 450 10
626 452 10
626 453 10
626 455 10
626 456 10
626 457 10
626 458 10
626 460 10
626 461 10
626 462 10
626 465 10
626 466 10
626 468 10
626 469 10
626 470 10
626 471 10
626 476 10
626 479 10
626 480 10
626 481 10
626 482 10
626 483 10
626 487 10
626 488 10
626 505 10
626 507 10
626 509 10
626 513 10
626 517 10
626 519 10
626 521 10
626 523 10
626 536 10
626 537 10
626 538 10
626 544 10
626 546 10
626 547 10
626 552 10
626 554 10
626 556 10
626 557 10
626 558 10
626 560 10
626 570 10
626 571 10
626 580 10
626 582 10
626 585 10
626 586 10
626 587 10
626 588 10
626 589 10
626 591 10
626 593 10
626 594 10
626 595 10
626 617 10
626 618 10
626 619 10
626 620 10
626 623 10
626 628 10
626 631 10
626 633 10
626 635 10
626 637 10
626 639 10
626 644 10
626 645 10
626 650 10
626 652 10
626 672 10
626 676 10
627 392 10
627 394 10
627 406 10
627 408 10
627 409 10
627 410 10
627 413 10
627 415 10
627 416 10
627 417 10
627 423 10
627 428 10
627 429 10
627 431 10
627 432 10
627 434 10
627 435 10
627 437 10
627 438 10
627 439 10
627 440 10
627 441 10
627 442 10
627 443 10
627 444 10
627 445 10
627 446 10
627 447 10
627 448 10
627 449 10
627 450 10
627 451 10
627 455 10
627 456 10
627 457 10
627 458 10
627 459 10
627 460 10
627 462 10
627 463 10
627 464 10
627 465 10
627 468 10
627 471 10
627 477 10
627 478 10
627 480 10
627 482 10
627 483 10
627 486 10
627 489 10
627 490 10
627 495 10
627 496 10
627 499 10
627 503 10
627 507 10
627 514 10
627 537 10
627 540 10
627 542 10
627 544 10
627 547 10
627 548 10
627 553 10
627 555 10
627 557 10
627 558 10
627 559 10
627 560 10
627 562 10
627 567 10
627 568 10
627 569 10
627 572 10
627 573 10
627 574 10
627 575 10
627 583 10
627 584 10
627 585 10
627 588 10
627 589 10
627 592 10
627 594 10
627 595 10
627 605 10
627 606 10
627 608 10
627 617 10
627 620 10
627 623 10
627 625 10
627 628 10
627 629 10
627 630 10
627 637 10
627 638 10
627 642 10
627 643 10
627 646 10
627 647 10
627 650 10
627 653 10
627 656 10
627 675 10
627 676 10
628 392 10
628 393 10
628 406 10
628 409 10
628 411 10
628 413 10
628 414 10
628 415 10
628 418 10
628 419 10
628 420 10
628 421 10
628 424 10
628 434 10
628 437 10
628 440 10
628 441 10
628 442 10
628 445 10
628 446 10
628 447 10
628 448 10
628 449 10
628 450 10
628 453 10
628 454 10
628 456 10
628 457 10
628 460 10
628 462 10
628 463 10
628 464 10
628 466 10
628 467 10
628 468 10
628 470 10
628 475 10
628 476 10
628 478 10
628 481 10
628 483 10
628 484 10
628 488 10
628 490 10
628 491 10
628 492 10
628 498 10
628 502 10
628 504 10
628 505 10
628 506 10
628 507 10
628 512 10
628 516 10
628 517 10
628 519 10
628 532 10
628 537 10
628 539 10
628 542 10
628 544 10
628 547 10
628 551 10
628 554 10
628 555 10
628 556 10
628 559 10
628 561 10
628 562 10
628 563 10
628 569 10
628 571 10
628 572 10
628 574 10
628 579 10
628 580 10
628 582 10
628 586 10
628 587 10
628 588 10
628 589 10
628 590 10
628 592 10
628 607 10
628 609 10
628 615 10
628 618 10
628 619 10
628 620 10
628 626 10
628 627 10
628 628 10
628 629 10
628 634 10
628 635 10
628 636 10
628 637 10
628 638 10
628 639 10
628 641 10
628 643 10
628 645 10
628 646 10
628 647 10
628 648 10
628 650 10
628 652 10
628 653 10
628 656 10
628 667 10
628 671 10
628 678 10
629 403 10
629 404 10
629 406 10
629 407 10
629 408 10
629 411 10
629 412 10
629 413 10
629 414 10
629 416 10
629 417 10
629 419 10
629 421 10
629 422 10
629 423 10
629 424 10
629 425 10
629 429 10
629 431 10
629 434 10
629 438 10
629 439 10
629 442 10
629 443 10
629 444 10
629 445 10
629 446 10
629 447 10
629 448 10
629 451 10
629 453 10
629 454 10
629 456 10
629 457 10
629 458 10
629 464 10
629 466 10
629 471 10
629 472 10
629 474 10
629 475 10
629 477 10
629 483 10
629 496 10
629 504 10
629 506 10
629 510 10
629 512 10
629 516 10
629 517 10
629 538 10
629 542 10
629 545 10
629 557 10
629 558 10
629 559 10
629 560 10
629 565 10
629 568 10
629 569 10
629 570 10
629 572 10
629 573 10
629 574 10
629 579 10
629 584 10
629 585 10
629 587 10
629 588 10
629 589 10
629 592 10
629 594 10
629 607 10
629 608 10
629 621 10
629 627 10
629 628 10
629 632 10
629 633 10
629 634 10
629 635 10
629 637 10
629 640 10
629 641 10
629 643 10
629 644 10
629 645 10
629 650 10
629 655 10
629 660 10
629 669 10
629 671 10
629 672 10
629 674 10
629 677 10
629 678 10
630 402 10
630 403 10
630 405 10
630 410 10
630 411 10
630 414 10
630 416 10
630 417 10
630 418 10
630 419 10
630 420 10
630 421 10
630 422 10
630 423 10
630 426 10
630 431 10
630 433 10
630 434 10
630 435 10
630 436 10
630 437 10
630 439 10
630 440 10
630 441 10
630 443 10
630 444 10
630 445 10
630 446 10
630 447 10
630 448 10
630 450 10
630 451 10
630 453 10
630 455 10
630 456 10
630 457 10
630 468 10
630 469 10
630 470 10
630 471 10
630 472 10
630 474 10
630 475 10
630 476 10
630 477 10
630 479 10
630 480 10
630 481 10
630 482 10
630 483 10
630 485 10
630 494 10
630 503 10
630 506 10
630 507 10
630 508 10
630 517 10
630 518 10
630 519 10
630 536 10
630 537 10
630 538 10
630 539 10
630 541 10
630 545 10
630 546 10
630 547 10
630 548 10
630 550 10
630 559 10
630 560 10
630 563 10
630 564 10
630 565 10
630 568 10
630 570 10
630 571 10
630 575 10
630 576 10
630 582 10
630 584 10
630 588 10
630 590 10
630 591 10
630 606 10
630 613 10
630 618 10
630 622 10
630 634 10
630 635 10
630 636 10
630 638 10
630 639 10
630 640 10
630 642 10
630 643 10
630 646 10
630 649 10
630 651 10
630 658 10
630 660 10
630 669 10
630 670 10
630 675 10
630 677 10
630 680 10
631 390 10
631 392 10
631 402 10
631 406 10
631 407 10
631 417 10
631 419 10
631 421 10
631 422 10
631 423 10
631 424 10
631 426 10
631 428 10
631 429 10
631 431 10
631 435 10
631 436 10
631 437 10
631 438 10
631 439 10
631 440 10
631 441 10
631 442 10
631 443 10
631 444 10
631 447 10
631 450 10
631 455 10
631 456 10
631 458 10
631 463 10
631 467 10
631 468 10
631 469 10
631 470 10
631 473 10
631 474 10
631 475 10
631 476 10
631 477 10
631 478 10
631 481 10
631 487 10
631 499 10
631 505 10
631 506 10
631 507 10
631 519 10
631 521 10
631 535 10
631 536 10
631 537 10
631 539 10
631 540 10
631 543 10
631 545 10
631 551 10
631 555 10
631 559 10
631 561 10
631 566 10
631 568 10
631 569 10
631 571 10
631 574 10
631 576 10
631 585 10
631 594 10
631 597 10
631 616 10
631 618 10
631 622 10
631 624 10
631 626 10
631 628 10
631 629 10
631 632 10
631 634 10
631 635 10
631 636 10
631 638 10
631 639 10
631 640 10
631 641 10
631 642 10
631 643 10
631 644 10
631 646 10
631 648 10
631 649 10
631 651 10
631 655 10
631 656 10
631 657 10
631 671 10
631 673 10
631 676 10
632 410 10
632 411 10
632 412 10
632 413 10
632 417 10
632 422 10
632 424 10
632 425 10
632 426 10
632 428 10
632 429 10
632 430 10
632 433 10
632 434 10
632 435 10
632 436 10
632 437 10
632 438 10
632 439 10
632 441 10
632 443 10
632 447 10
632 448 10
632 449 10
632 450 10
632 454 10
632 456 10
632 458 10
632 463 10
632 464 10
632 471 10
632 472 10
632 473 10
632 474 10
632 476 10
632 477 10
632 479 10
632 481 10
632 485 10
632 507 10
632 510 10
632 512 10
632 514 10
632 517 10
632 518 10
632 519 10
632 520 10
632 522 10
632 537 10
632 538 10
632 539 10
632 540 10
632 541 10
632 544 10
632 546 10
632 555 10
632 559 10
632 561 10
632 564 10
632 570 10
632 571 10
632 572 10
632 574 10
632 576 10
632 589 10
632 592 10
632 594 10
632 595 10
632 596 10
632 598 10
632 605 10
632 617 10
632 619 10
632 622 10
632 624 10
632 625 10
632 626 10
632 627 10
632 630 10
632 634 10
632 636 10
632 637 10
632 639 10
632 640 10
632 641 10
632 642 10
632 649 10
632 650 10
632 654 10
632 661 10
632 668 10
632 671 10
632 672 10
632 675 10
632 677 10
633 390 10
633 391 10
633 394 10
633 409 10
633 418 10
633 421 10
633 425 10
633 430 10
633 432 10
633 434 10
633 435 10
633 436 10
633 437 10
633 438 10
633 440 10
633 441 10
633 444 10
633 446 10
633 449 10
633 452 10
633 457 10
633 465 10
633 468 10
633 469 10
633 473 10
633 474 10
633 475 10
633 478 10
633 479 10
633 480 10
633 486 10
633 488 10
633 489 10
633 504 10
633 505 10
633 515 10
633 516 10
633 517 10
633 518 10
633 519 10
633 520 10
633 524 10
633 536 10
633 537 10
633 538 10
633 541 10
633 563 10
633 564 10
633 566 10
633 576 10
633 578 10
633 581 10
633 590 10
633 591 10
633 593 10
633 601 10
633 609 10
633 618 10
633 621 10
633 625 10
633 628 10
633 630 10
633 631 10
633 633 10
633 636 10
633 637 10
633 638 10
633 639 10
633 641 10
633 642 10
633 644 10
633 646 10
633 647 10
633 648 10
633 649 10
633 652 10
633 653 10
633 655 10
633 658 10
633 677 10
633 680 10
633 682 10
634 388 10
634 389 10
634 392 10
634 394 10
634 396 10
634 398 10
634 399 10
634 405 10
634 406 10
634 409 10
634 418 10
634 420 10
634 421 10
634 422 10
634 424 10
634 429 10
634 431 10
634 434 10
634 435 10
634 436 10
634 438 10
634 439 10
634 440 10
634 441 10
634 443 10
634 445 10
634 446 10
634 449 10
634 450 10
634 453 10
634 468 10
634 472 10
634 473 10
634 474 10
634 476 10
634 478 10
634 481 10
634 482 10
634 486 10
634 489 10
634 507 10
634 511 10
634 512 10
634 515 10
634 518 10
634 519 10
634 521 10
634 557 10
634 558 10
634 560 10
634 562 10
634 566 10
634 568 10
634 571 10
634 579 10
634 580 10
634 589 10
634 590 10
634 591 10
634 598 10
634 599 10
634 610 10
634 616 10
634 619 10
634 621 10
634 624 10
634 627 10
634 628 10
634 631 10
634 633 10
634 634 10
634 639 10
634 640 10
634 641 10
634 642 10
634 645 10
634 648 10
634 650 10
634 662 10
634 679 10
634 683 10
635 385 10
635 387 10
635 388 10
635 391 10
635 392 10
635 393 10
635 394 10
635 395 10
635 396 10
635 397 10
635 399 10
635 409 10
635 416 10
635 418 10
635 420 10
635 429 10
635 431 10
635 433 10
635 434 10
635 436 10
635 437 10
635 438 10
635 443 10
635 444 10
635 446 10
635 447 10
635 448 10
635 450 10
635 451 10
635 452 10
635 454 10
635 456 10
635 460 10
635 465 10
635 470 10
635 472 10
635 473 10
635 476 10
635 477 10
635 478 10
635 488 10
635 490 10
635 491 10
635 504 10
635 509 10
635 510 10
635 514 10
635 519 10
635 522 10
635 523 10
635 543 10
635 548 10
635 549 10
635 556 10
635 558 10
635 568 10
635 569 10
635 570 10
635 579 10
635 581 10
635 588 10
635 592 10
635 593 10
635 594 10
635 598 10
635 599 10
635 600 10
635 601 10
635 602 10
635 610 10
635 614 10
635 617 10
635 627 10
635 628 10
635 629 10
635 636 10
635 638 10
635 639 10
635 641 10
635 642 10
635 644 10
635 681 10
635 682 10
636 390 10
636 391 10
636 392 10
636 393 10
636 395 10
636 396 10
636 401 10
636 415 10
636 418 10
636 421 10
636 423 10
636 428 10
636 429 10
636 433 10
636 436 10
636 438 10
636 441 10
636 448 10
636 449 10
636 451 10
636 455 10
636 464 10
636 465 10
636 467 10
636 468 10
636 469 10
636 472 10
636 473 10
636 474 10
636 475 10
636 477 10
636 478 10
636 479 10
636 480 10
636 493 10
636 508 10
636 510 10
636 511 10
636 515 10
636 516 10
636 553 10
636 554 10
636 557 10
636 569 10
636 570 10
636 571 10
636 579 10
636 594 10
636 597 10
636 610 10
636 614 10
636 618 10
636 620 10
636 621 10
636 623 10
636 625 10
636 626 10
636 628 10
636 636 10
636 638 10
636 639 10
636 641 10
636 644 10
636 645 10
636 647 10
636 648 10
636 652 10
636 673 10
636 679 10
637 387 10
637 391 10
637 393 10
637 396 10
637 400 10
637 415 10
637 417 10
637 422 10
637 433 10
637 435 10
637 436 10
637 437 10
637 441 10
637 443 10
637 444 10
637 445 10
637 447 10
637 448 10
637 449 10
637 450 10
637 452 10
637 453 10
637 454 10
637 459 10
637 463 10
637 466 10
637 469 10
637 472 10
637 475 10
637 476 10
637 477 10
637 479 10
637 480 10
637 486 10
637 490 10
637 494 10
637 508 10
637 509 10
637 511 10
637 512 10
637 518 10
637 519 10
637 542 10
637 543 10
637 554 10
637 556 10
637 557 10
637 558 10
637 564 10
637 568 10
637 569 10
637 571 10
637 577 10
637 578 10
637 581 10
637 589 10
637 591 10
637 592 10
637 593 10
637 598 10
637 600 10
637 601 10
637 604 10
637 607 10
637 609 10
637 614 10
637 616 10
637 617 10
637 618 10
637 624 10
637 625 10
637 626 10
637 630 10
637 632 10
637 636 10
637 638 10
637 640 10
637 642 10
637 643 10
637 644 10
637 645 10
637 648 10
637 651 10
637 653 10
637 657 10
638 385 10
638 386 10
638 390 10
638 393 10
638 395 10
638 399 10
638 408 10
638 409 10
638 411 10
638 413 10
638 414 10
638 415 10
638 420 10
638 421 10
638 431 10
638 432 10
638 436 10
638 437 10
638 443 10
638 446 10
638 447 10
638 448 10
638 449 10
638 450 10
638 451 10
638 462 10
638 465 10
638 469 10
638 470 10
638 472 10
638 474 10
638 486 10
638 487 10
638 489 10
638 498 10
638 501 10
638 506 10
638 509 10
638 510 10
638 511 10
638 539 10
638 542 10
638 555 10
638 556 10
638 557 10
638 559 10
638 560 10
638 569 10
638 570 10
638 575 10
638 580 10
638 599 10
638 606 10
638 614 10
638 618 10
638 622 10
638 624 10
638 625 10
638 626 10
638 628 10
638 629 10
638 637 10
638 638 10
638 639 10
638 640 10
638 641 10
638 643 10
638 645 10
638 646 10
638 647 10
638 649 10
638 655 10
638 657 10
638 659 10
638 668 10
638 670 10
638 672 10
639 387 10
639 389 10
639 390 10
639 393 10
639 395 10
639 396 10
639 397 10
639 398 10
639 399 10
639 400 10
639 407 10
639 422 10
639 432 10
639 433 10
639 434 10
639 435 10
639 438 10
639 439 10
639 441 10
639 444 10
639 446 10
639 460 10
639 462 10
639 463 10
639 464 10
639 467 10
639 469 10
639 470 10
639 471 10
639 473 10
639 475 10
639 485 10
639 490 10
639 491 10
639 493 10
639 494 10
639 495 10
639 496 10
639 497 10
639 498 10
639 499 10
639 502 10
639 503 10
639 508 10
639 511 10
639 516 10
639 518 10
639 520 10
639 547 10
639 551 10
639 554 10
639 555 10
639 578 10
639 582 10
639 591 10
639 593 10
639 596 10
639 606 10
639 608 10
639 616 10
639 617 10
639 621 10
639 623 10
639 624 10
639 627 10
639 629 10
639 630 10
639 631 10
639 633 10
639 634 10
639 637 10
639 638 10
639 644 10
639 645 10
639 651 10
639 657 10
639 660 10
639 661 10
639 668 10
640 388 10
640 389 10
640 397 10
640 400 10
640 408 10
640 409 10
640 411 10
640 412 10
640 415 10
640 416 10
640 418 10
640 421 10
640 430 10
640 431 10
640 432 10
640 438 10
640 444 10
640 446 10
640 449 10
640 450 10
640 451 10
640 452 10
640 454 10
640 455 10
640 456 10
640 457 10
640 461 10
640 462 10
640 468 10
640 472 10
640 473 10
640 476 10
640 478 10
640 480 10
640 481 10
640 494 10
640 511 10
640 516 10
640 517 10
640 518 10
640 522 10
640 524 10
640 533 10
640 543 10
640 553 10
640 555 10
640 557 10
640 558 10
640 559 10
640 560 10
640 565 10
640 566 10
640 570 10
640 575 10
640 580 10
640 592 10
640 620 10
640 621 10
640 622 10
640 623 10
640 634 10
640 635 10
640 636 10
640 637 10
640 638 10
640 639 10
640 641 10
640 644 10
640 645 10
640 646 10
640 648 10
640 650 10
640 652 10
640 657 10
640 658 10
640 659 10
640 660 10
640 670 10
640 671 10
641 385 10
641 386 10
641 388 10
641 393 10
641 395 10
641 397 10
641 400 10
641 407 10
641 411 10
641 413 10
641 417 10
641 433 10
641 436 10
641 438 10
641 439 10
641 441 10
641 443 10
641 444 10
641 447 10
641 448 10
641 457 10
641 461 10
641 462 10
641 463 10
641 464 10
641 465 10
641 467 10
641 470 10
641 471 10
641 474 10
641 476 10
641 481 10
641 490 10
641 492 10
641 495 10
641 499 10
641 501 10
641 502 10
641 503 10
641 509 10
641 510 10
641 511 10
641 512 10
641 517 10
641 523 10
641 524 10
641 525 10
641 527 10
641 530 10
641 531 10
641 532 10
641 540 10
641 543 10
641 544 10
641 545 10
641 546 10
641 547 10
641 548 10
641 549 10
641 550 10
641 552 10
641 553 10
641 555 10
641 558 10
641 573 10
641 575 10
641 580 10
641 588 10
641 589 10
641 592 10
641 598 10
641 610 10
641 617 10
641 620 10
641 622 10
641 624 10
641 626 10
641 627 10
641 629 10
641 631 10
641 633 10
641 634 10
641 635 10
641 636 10
641 638 10
641 640 10
641 641 10
641 642 10
641 643 10
641 645 10
641 647 10
641 648 10
641 650 10
641 651 10
641 652 10
641 654 10
641 656 10
641 657 10
641 658 10
641 659 10
641 660 10
641 661 10
641 662 10
641 668 10
641 670 10
641 672 10
641 687 10
642 386 10
642 387 10
642 389 10
642 390 10
642 395 10
642 397 10
642 408 10
642 409 10
642 410 10
642 415 10
642 416 10
642 417 10
642 422 10
642 428 10
642 430 10
642 432 10
642 433 10
642 435 10
642 436 10
642 437 10
642 439 10
642 443 10
642 446 10
642 447 10
642 451 10
642 453 10
642 454 10
642 456 10
642 457 10
642 463 10
642 465 10
642 468 10
642 470 10
642 478 10
642 479 10
642 480 10
642 482 10
642 483 10
642 484 10
642 490 10
642 492 10
642 494 10
642 495 10
642 497 10
642 500 10
642 501 10
642 509 10
642 512 10
642 514 10
642 516 10
642 518 10
642 519 10
642 527 10
642 529 10
642 546 10
642 548 10
642 550 10
642 551 10
642 553 10
642 568 10
642 569 10
642 573 10
642 575 10
642 577 10
642 578 10
642 589 10
642 590 10
642 602 10
642 604 10
642 607 10
642 608 10
642 609 10
642 617 10
642 619 10
642 620 10
642 623 10
642 625 10
642 628 10
642 629 10
642 631 10
642 634 10
642 635 10
642 636 10
642 640 10
642 641 10
642 644 10
642 646 10
642 647 10
642 651 10
642 654 10
642 656 10
642 658 10
642 659 10
642 660 10
642 661 10
642 662 10
642 664 10
642 666 10
642 668 10
642 669 10
642 672 10
642 678 10
643 388 10
643 390 10
643 398 10
643 401 10
643 406 10
643 409 10
643 410 10
643 413 10
643 414 10
643 415 10
643 416 10
643 419 10
643 429 10
643 432 10
643 439 10
643 445 10
643 446 10
643 461 10
643 462 10
643 463 10
643 464 10
643 465 10
643 466 10
643 467 10
643 469 10
643 470 10
643 471 10
643 476 10
643 479 10
643 480 10
643 488 10
643 494 10
643 495 10
643 496 10
643 499 10
643 501 10
643 508 10
643 510 10
643 519 10
643 523 10
643 525 10
643 527 10
643 528 10
643 530 10
643 531 10
643 546 10
643 548 10
643 550 10
643 551 10
643 556 10
643 557 10
643 558 10
643 559 10
643 560 10
643 561 10
643 563 10
643 565 10
643 569 10
643 570 10
643 572 10
643 574 10
643 576 10
643 577 10
643 579 10
643 580 10
643 581 10
643 586 10
643 587 10
643 588 10
643 600 10
643 604 10
643 605 10
643 606 10
643 607 10
643 609 10
643 612 10
643 617 10
643 622 10
643 623 10
643 624 10
643 628 10
643 633 10
643 634 10
643 636 10
643 637 10
643 638 10
643 640 10
643 643 10
643 649 10
643 651 10
643 652 10
643 653 10
643 655 10
643 657 10
643 659 10
643 660 10
643 662 10
643 663 10
643 665 10
643 666 10
643 678 10
643 686 10
644 388 10
644 392 10
644 394 10
644 395 10
644 396 10
644 397 10
644 416 10
644 417 10
644 418 10
644 419 10
644 421 10
644 425 10
644 430 10
644 432 10
644 434 10
644 436 10
644 444 10
644 446 10
644 447 10
644 449 10
644 452 10
644 456 10
644 464 10
644 465 10
644 466 10
644 467 10
644 475 10
644 480 10
644 482 10
644 483 10
644 488 10
644 494 10
644 495 10
644 497 10
644 499 10
644 501 10
644 502 10
644 509 10
644 510 10
644 513 10
644 524 10
644 526 10
644 527 10
644 528 10
644 530 10
644 531 10
644 544 10
644 546 10
644 550 10
644 551 10
644 552 10
644 557 10
644 558 10
644 564 10
644 566 10
644 567 10
644 575 10
644 577 10
644 579 10
644 586 10
644 590 10
644 591 10
644 600 10
644 602 10
644 605 10
644 606 10
644 607 10
644 608 10
644 609 10
644 610 10
644 613 10
644 617 10
644 620 10
644 621 10
644 622 10
644 623 10
644 624 10
644 625 10
644 627 10
644 628 10
644 629 10
644 631 10
644 632 10
644 633 10
644 635 10
644 641 10
644 645 10
644 646 10
644 649 10
644 650 10
644 651 10
644 652 10
644 656 10
644 659 10
644 660 10
644 663 10
644 664 10
644 665 10
644 667 10
644 677 10
644 680 10
644 681 10
644 688 10
644 689 10
645 392 10
645 396 10
645 398 10
645 402 10
645 405 10
645 410 10
645 411 10
645 412 10
645 420 10
645 425 10
645 427 10
645 428 10
645 430 10
645 435 10
645 436 10
645 438 10
645 445 10
645 446 10
645 448 10
645 451 10
645 459 10
645 462 10
645 463 10
645 464 10
645 465 10
645 466 10
645 472 10
645 473 10
645 476 10
645 483 10
645 484 10
645 485 10
645 486 10
645 488 10
645 489 10
645 495 10
645 497 10
645 499 10
645 501 10
645 512 10
645 519 10
645 523 10
645 524 10
645 527 10
645 528 10
645 530 10
645 531 10
645 532 10
645 534 10
645 543 10
645 547 10
645 550 10
645 551 10
645 552 10
645 554 10
645 567 10
645 568 10
645 570 10
645 572 10
645 575 10
645 577 10
645 578 10
645 579 10
645 580 10
645 582 10
645 583 10
645 585 10
645 589 10
645 601 10
645 604 10
645 605 10
645 606 10
645 608 10
645 612 10
645 618 10
645 620 10
645 621 10
645 622 10
645 623 10
645 625 10
645 626 10
645 631 10
645 632 10
645 637 10
645 638 10
645 639 10
645 640 10
645 647 10
645 649 10
645 652 10
645 653 10
645 654 10
645 657 10
645 659 10
645 661 10
645 662 10
645 663 10
645 664 10
645 666 10
645 667 10
645 669 10
645 672 10
645 674 10
645 677 10
645 680 10
645 681 10
645 682 10
646 391 10
646 394 10
646 397 10
646 398 10
646 400 10
646 403 10
646 414 10
646 416 10
646 417 10
646 418 10
646 428 10
646 447 10
646 451 10
646 453 10
646 455 10
646 460 10
646 462 10
646 463 10
646 466 10
646 467 10
646 468 10
646 473 10
646 474 10
646 475 10
646 478 10
646 479 10
646 480 10
646 482 10
646 484 10
646 486 10
646 487 10
646 489 10
646 496 10
646 499 10
646 500 10
646 512 10
646 513 10
646 515 10
646 519 10
646 521 10
646 523 10
646 525 10
646 526 10
646 528 10
646 529 10
646 530 10
646 532 10
646 535 10
646 545 10
646 547 10
646 548 10
646 550 10
646 551 10
646 552 10
646 553 10
646 554 10
646 555 10
646 557 10
646 559 10
646 565 10
646 566 10
646 574 10
646 575 10
646 576 10
646 578 10
646 580 10
646 581 10
646 583 10
646 586 10
646 587 10
646 588 10
646 589 10
646 607 10
646 608 10
646 610 10
646 616 10
646 618 10
646 619 10
646 620 10
646 623 10
646 624 10
646 628 10
646 629 10
646 630 10
646 631 10
646 632 10
646 634 10
646 636 10
646 640 10
646 646 10
646 647 10
646 648 10
646 649 10
646 650 10
646 651 10
646 652 10
646 653 10
646 654 10
646 659 10
646 663 10
646 666 10
646 667 10
646 672 10
646 673 10
646 675 10
646 676 10
647 391 10
647 394 10
647 395 10
647 396 10
647 401 10
647 407 10
647 412 10
647 413 10
647 415 10
647 422 10
647 426 10
647 427 10
647 429 10
647 431 10
647 434 10
647 436 10
647 437 10
647 439 10
647 448 10
647 449 10
647 457 10
647 464 10
647 465 10
647 467 10
647 468 10
647 474 10
647 475 10
647 476 10
647 478 10
647 479 10
647 481 10
647 486 10
647 489 10
647 490 10
647 492 10
647 494 10
647 497 10
647 498 10
647 500 10
647 509 10
647 510 10
647 512 10
647 513 10
647 514 10
647 515 10
647 517 10
647 518 10
647 524 10
647 526 10
647 528 10
647 529 10
647 530 10
647 531 10
647 532 10
647 533 10
647 535 10
647 544 10
647 546 10
647 549 10
647 550 10
647 552 10
647 554 10
647 555 10
647 556 10
647 559 10
647 560 10
647 562 10
647 563 10
647 564 10
647 566 10
647 570 10
647 575 10
647 578 10
647 583 10
647 585 10
647 590 10
647 592 10
647 596 10
647 599 10
647 600 10
647 601 10
647 604 10
647 605 10
647 607 10
647 609 10
647 611 10
647 613 10
647 620 10
647 622 10
647 623 10
647 625 10
647 627 10
647 630 10
647 633 10
647 634 10
647 635 10
647 636 10
647 638 10
647 645 10
647 648 10
647 650 10
647 652 10
647 659 10
647 661 10
647 664 10
647 667 10
647 668 10
647 672 10
647 673 10
647 675 10
647 679 10
647 680 10
647 682 10
647 684 10
648 393 10
648 395 10
648 396 10
648 398 10
648 399 10
648 400 10
648 409 10
648 410 10
648 412 10
648 413 10
648 415 10
648 422 10
648 426 10
648 428 10
648 436 10
648 444 10
648 446 10
648 447 10
648 449 10
648 451 10
648 453 10
648 454 10
648 456 10
648 457 10
648 459 10
648 463 10
648 466 10
648 468 10
648 472 10
648 477 10
648 482 10
648 484 10
648 485 10
648 486 10
648 487 10
648 488 10
648 489 10
648 490 10
648 491 10
648 496 10
648 498 10
648 500 10
648 502 10
648 504 10
648 510 10
648 512 10
648 513 10
648 514 10
648 515 10
648 518 10
648 520 10
648 522 10
648 523 10
648 525 10
648 526 10
648 527 10
648 528 10
648 529 10
648 530 10
648 531 10
648 532 10
648 535 10
648 544 10
648 545 10
648 547 10
648 548 10
648 549 10
648 550 10
648 554 10
648 555 10
648 561 10
648 565 10
648 566 10
648 567 10
648 570 10
648 571 10
648 572 10
648 577 10
648 578 10
648 582 10
648 587 10
648 599 10
648 600 10
648 601 10
648 606 10
648 610 10
648 612 10
648 617 10
648 619 10
648 622 10
648 626 10
648 627 10
648 636 10
648 639 10
648 640 10
648 646 10
648 647 10
648 648 10
648 649 10
648 650 10
648 651 10
648 652 10
648 662 10
648 663 10
648 666 10
648 667 10
648 668 10
648 670 10
648 671 10
648 673 10
648 674 10
648 675 10
648 679 10
648 683 10
648 684 10
648 685 10
649 400 10
649 404 10
649 412 10
649 413 10
649 415 10
649 416 10
649 422 10
649 423 10
649 425 10
649 429 10
649 431 10
649 433 10
649 437 10
649 438 10
649 440 10
649 441 10
649 445 10
649 450 10
649 451 10
649 453 10
649 454 10
649 455 10
649 457 10
649 458 10
649 459 10
649 460 10
649 461 10
649 462 10
649 464 10
649 465 10
649 473 10
649 479 10
649 481 10
649 485 10
649 486 10
649 489 10
649 490 10
649 492 10
649 493 10
649 494 10
649 500 10
649 505 10
649 511 10
649 512 10
649 514 10
649 515 10
649 516 10
649 522 10
649 527 10
649 528 10
649 529 10
649 530 10
649 531 10
649 532 10
649 533 10
649 541 10
649 543 10
649 544 10
649 545 10
649 546 10
649 550 10
649 552 10
649 555 10
649 566 10
649 567 10
649 568 10
649 569 10
649 570 10
649 571 10
649 573 10
649 574 10
649 575 10
649 576 10
649 577 10
649 586 10
649 588 10
649 601 10
649 604 10
649 605 10
649 609 10
649 612 10
649 614 10
649 619 10
649 623 10
649 624 10
649 625 10
649 628 10
649 630 10
649 632 10
649 633 10
649 634 10
649 641 10
649 645 10
649 646 10
649 647 10
649 648 10
649 649 10
649 650 10
649 654 10
649 658 10
649 659 10
649 661 10
649 667 10
649 670 10
649 672 10
649 675 10
649 676 10
649 682 10
649 687 10
650 399 10
650 400 10
650 401 10
650 413 10
650 426 10
650 427 10
650 435 10
650 437 10
650 438 10
650 440 10
650 441 10
650 444 10
650 446 10
650 447 10
650 448 10
650 449 10
650 450 10
650 451 10
650 454 10
650 455 10
650 456 10
650 466 10
650 467 10
650 468 10
650 470 10
650 471 10
650 472 10
650 473 10
650 474 10
650 477 10
650 478 10
650 481 10
650 482 10
650 483 10
650 484 10
650 487 10
650 488 10
650 490 10
650 491 10
650 493 10
650 495 10
650 498 10
650 500 10
650 501 10
650 502 10
650 503 10
650 504 10
650 505 10
650 510 10
650 511 10
650 512 10
650 513 10
650 514 10
650 517 10
650 520 10
650 527 10
650 530 10
650 531 10
650 533 10
650 547 10
650 551 10
650 552 10
650 554 10
650 560 10
650 561 10
650 568 10
650 569 10
650 570 10
650 571 10
650 573 10
650 574 10
650 581 10
650 582 10
650 583 10
650 584 10
650 586 10
650 598 10
650 599 10
650 600 10
650 607 10
650 609 10
650 610 10
650 612 10
650 615 10
650 618 10
650 619 10
650 620 10
650 622 10
650 623 10
650 627 10
650 631 10
650 632 10
650 634 10
650 643 10
650 645 10
650 647 10
650 648 10
650 649 10
650 651 10
650 652 10
650 654 10
650 655 10
650 657 10
650 658 10
650 660 10
650 661 10
650 662 10
650 665 10
650 667 10
650 669 10
650 670 10
650 671 10
650 672 10
650 673 10
650 675 10
650 677 10
650 678 10
650 679 10
650 683 10
650 685 10
651 398 10
651 400 10
651 402 10
651 413 10
651 414 10
651 415 10
651 416 10
651 422 10
651 424 10
651 428 10
651 429 10
651 432 10
651 433 10
651 435 10
651 440 10
651 443 10
651 445 10
651 446 10
651 447 10
651 448 10
651 449 10
651 450 10
651 451 10
651 454 10
651 455 10
651 457 10
651 458 10
651 464 10
651 467 10
651 468 10
651 469 10
651 472 10
651 474 10
651 476 10
651 478 10
651 481 10
651 483 10
651 484 10
651 485 10
651 490 10
651 491 10
651 493 10
651 494 10
651 496 10
651 497 10
651 500 10
651 508 10
651 509 10
651 510 10
651 511 10
651 513 10
651 514 10
651 518 10
651 521 10
651 523 10
651 524 10
651 525 10
651 527 10
651 528 10
651 529 10
651 531 10
651 532 10
651 533 10
651 534 10
651 539 10
651 548 10
651 551 10
651 552 10
651 554 10
651 560 10
651 563 10
651 565 10
651 567 10
651 570 10
651 571 10
651 572 10
651 573 10
651 574 10
651 576 10
651 577 10
651 578 10
651 583 10
651 585 10
651 586 10
651 591 10
651 594 10
651 602 10
651 603 10
651 610 10
651 612 10
651 616 10
651 617 10
651 618 10
651 620 10
651 621 10
651 624 10
651 632 10
651 647 10
651 648 10
651 649 10
651 651 10
651 653 10
651 654 10
651 655 10
651 656 10
651 657 10
651 658 10
651 659 10
651 662 10
651 663 10
651 667 10
651 670 10
651 672 10
651 674 10
651 675 10
651 680 10
651 681 10
651 682 10
651 683 10
652 400 10
652 401 10
652 411 10
652 417 10
652 419 10
652 426 10
652 427 10
652 429 10
652 433 10
652 435 10
652 437 10
652 438 10
652 439 10
652 440 10
652 441 10
652 443 10
652 444 10
652 445 10
652 446 10
652 449 10
652 453 10
652 455 10
652 456 10
652 463 10
652 469 10
652 470 10
652 472 10
652 473 10
652 475 10
652 478 10
652 479 10
652 480 10
652 482 10
652 483 10
652 484 10
652 485 10
652 487 10
652 491 10
652 492 10
652 493 10
652 496 10
652 497 10
652 499 10
652 500 10
652 502 10
652 503 10
652 504 10
652 506 10
652 507 10
652 509 10
652 511 10
652 512 10
652 520 10
652 521 10
652 522 10
652 527 10
652 529 10
652 532 10
652 533 10
652 536 10
652 539 10
652 544 10
652 545 10
652 546 10
652 549 10
652 550 10
652 551 10
652 552 10
652 559 10
652 562 10
652 567 10
652 569 10
652 570 10
652 571 10
652 572 10
652 573 10
652 576 10
652 577 10
652 583 10
652 584 10
652 588 10
652 598 10
652 599 10
652 600 10
652 603 10
652 608 10
652 610 10
652 611 10
652 614 10
652 615 10
652 617 10
652 618 10
652 619 10
652 620 10
652 622 10
652 623 10
652 629 10
652 630 10
652 633 10
652 648 10
652 652 10
652 653 10
652 654 10
652 655 10
652 657 10
652 658 10
652 659 10
652 660 10
652 661 10
652 662 10
652 665 10
652 668 10
652 671 10
652 672 10
652 673 10
652 674 10
652 676 10
652 679 10
652 685 10
653 399 10
653 400 10
653 401 10
653 413 10
653 417 10
653 419 10
653 424 10
653 427 10
653 433 10
653 440 10
653 442 10
653 444 10
653 445 10
653 447 10
653 449 10
653 451 10
653 453 10
653 455 10
653 457 10
653 458 10
653 459 10
653 462 10
653 473 10
653 478 10
653 480 10
653 482 10
653 483 10
653 485 10
653 487 10
653 488 10
653 491 10
653 494 10
653 498 10
653 499 10
653 501 10
653 503 10
653 508 10
653 512 10
653 514 10
653 515 10
653 520 10
653 526 10
653 527 10
653 529 10
653 531 10
653 532 10
653 533 10
653 534 10
653 547 10
653 548 10
653 551 10
653 552 10
653 553 10
653 563 10
653 564 10
653 566 10
653 567 10
653 568 10
653 569 10
653 570 10
653 571 10
653 572 10
653 573 10
653 575 10
653 576 10
653 577 10
653 582 10
653 584 10
653 586 10
653 589 10
653 591 10
653 593 10
653 594 10
653 595 10
653 601 10
653 603 10
653 606 10
653 607 10
653 611 10
653 614 10
653 616 10
653 617 10
653 618 10
653 620 10
653 623 10
653 624 10
653 630 10
653 631 10
653 649 10
653 650 10
653 651 10
653 652 10
653 653 10
653 654 10
653 655 10
653 656 10
653 660 10
653 662 10
653 663 10
653 664 10
653 665 10
653 668 10
653 671 10
653 672 10
653 675 10
653 683 10
653 685 10
654 399 10
654 402 10
654 404 10
654 411 10
654 425 10
654 430 10
654 435 10
654 439 10
654 442 10
654 447 10
654 448 10
654 450 10
654 451 10
654 452 10
654 453 10
654 454 10
654 459 10
654 463 10
654 465 10
654 471 10
654 477 10
654 478 10
654 479 10
654 487 10
654 489 10
654 492 10
654 494 10
654 495 10
654 496 10
654 497 10
654 498 10
654 499 10
654 500 10
654 501 10
654 502 10
654 504 10
654 510 10
654 515 10
654 516 10
654 518 10
654 519 10
654 521 10
654 523 10
654 525 10
654 530 10
654 531 10
654 532 10
654 533 10
654 534 10
654 547 10
654 554 10
654 558 10
654 565 10
654 566 10
654 568 10
654 569 10
654 570 10
654 571 10
654 572 10
654 573 10
654 574 10
654 575 10
654 585 10
654 589 10
654 592 10
654 607 10
654 610 10
654 614 10
654 616 10
654 619 10
654 621 10
654 629 10
654 630 10
654 633 10
654 645 10
654 647 10
654 648 10
654 649 10
654 650 10
654 651 10
654 652 10
654 653 10
654 654 10
654 655 10
654 656 10
654 658 10
654 660 10
654 663 10
654 665 10
654 666 10
654 667 10
654 671 10
654 672 10
654 678 10
654 680 10
654 681 10
654 682 10
654 690 10
655 400 10
655 401 10
655 403 10
655 405 10
655 412 10
655 417 10
655 421 10
655 423 10
655 424 10
655 426 10
655 431 10
655 432 10
655 434 10
655 439 10
655 445 10
655 447 10
655 448 10
655 450 10
655 451 10
655 453 10
655 454 10
655 455 10
655 456 10
655 461 10
655 462 10
655 463 10
655 464 10
655 465 10
655 478 10
655 480 10
655 484 10
655 485 10
655 492 10
655 498 10
655 499 10
655 500 10
655 501 10
655 502 10
655 507 10
655 509 10
655 511 10
655 512 10
655 518 10
655 519 10
655 520 10
655 523 10
655 525 10
655 526 10
655 528 10
655 531 10
655 534 10
655 535 10
655 536 10
655 543 10
655 546 10
655 547 10
655 549 10
655 551 10
655 552 10
655 553 10
655 554 10
655 555 10
655 560 10
655 562 10
655 563 10
655 564 10
655 566 10
655 567 10
655 569 10
655 570 10
655 571 10
655 572 10
655 574 10
655 575 10
655 577 10
655 578 10
655 579 10
655 580 10
655 582 10
655 588 10
655 590 10
655 593 10
655 597 10
655 614 10
655 616 10
655 617 10
655 620 10
655 624 10
655 626 10
655 628 10
655 632 10
655 636 10
655 637 10
655 644 10
655 646 10
655 647 10
655 648 10
655 649 10
655 650 10
655 651 10
655 653 10
655 654 10
655 655 10
655 664 10
655 666 10
655 667 10
655 668 10
655 673 10
655 678 10
655 680 10
655 691 10
655 695 10
656 403 10
656 415 10
656 416 10
656 427 10
656 429 10
656 430 10
656 433 10
656 436 10
656 440 10
656 443 10
656 445 10
656 446 10
656 448 10
656 449 10
656 451 10
656 452 10
656 453 10
656 454 10
656 456 10
656 476 10
656 477 10
656 478 10
656 480 10
656 481 10
656 483 10
656 487 10
656 499 10
656 500 10
656 502 10
656 507 10
656 514 10
656 515 10
656 516 10
656 526 10
656 529 10
656 531 10
656 532 10
656 544 10
656 546 10
656 551 10
656 558 10
656 565 10
656 566 10
656 567 10
656 569 10
656 570 10
656 572 10
656 573 10
656 574 10
656 576 10
656 579 10
656 583 10
656 584 10
656 587 10
656 599 10
656 600 10
656 602 10
656 608 10
656 609 10
656 612 10
656 613 10
656 614 10
656 615 10
656 620 10
656 630 10
656 634 10
656 635 10
656 644 10
656 645 10
656 647 10
656 648 10
656 649 10
656 650 10
656 651 10
656 653 10
656 655 10
656 656 10
656 659 10
656 662 10
656 665 10
656 672 10
656 673 10
656 674 10
656 675 10
656 676 10
656 688 10
656 690 10
656 691 10
657 407 10
657 416 10
657 418 10
657 421 10
657 422 10
657 423 10
657 424 10
657 425 10
657 428 10
657 429 10
657 430 10
657 432 10
657 433 10
657 434 10
657 435 10
657 436 10
657 438 10
657 445 10
657 447 10
657 450 10
657 451 10
657 452 10
657 453 10
657 454 10
657 455 10
657 456 10
657 462 10
657 480 10
657 486 10
657 492 10
657 493 10
657 494 10
657 496 10
657 498 10
657 499 10
657 507 10
657 508 10
657 509 10
657 511 10
657 512 10
657 515 10
657 516 10
657 521 10
657 522 10
657 527 10
657 534 10
657 538 10
657 539 10
657 542 10
657 543 10
657 545 10
657 546 10
657 548 10
657 550 10
657 552 10
657 553 10
657 563 10
657 565 10
657 566 10
657 568 10
657 569 10
657 570 10
657 572 10
657 573 10
657 575 10
657 577 10
657 579 10
657 580 10
657 587 10
657 594 10
657 596 10
657 603 10
657 606 10
657 607 10
657 610 10
657 611 10
657 644 10
657 646 10
657 649 10
657 650 10
657 651 10
657 653 10
657 654 10
657 655 10
657 658 10
657 661 10
657 662 10
657 663 10
657 666 10
657 669 10
657 670 10
657 671 10
657 672 10
657 673 10
657 677 10
657 680 10
657 690 10
657 694 10
658 401 10
658 403 10
658 404 10
658 418 10
658 427 10
658 429 10
658 431 10
658 433 10
658 436 10
658 437 10
658 438 10
658 441 10
658 444 10
658 445 10
658 446 10
658 448 10
658 449 10
658 450 10
658 452 10
658 454 10
658 457 10
658 464 10
658 478 10
658 483 10
658 488 10
658 490 10
658 500 10
658 501 10
658 504 10
658 511 10
658 515 10
658 517 10
658 520 10
658 523 10
658 524 10
658 529 10
658 531 10
658 535 10
658 537 10
658 539 10
658 541 10
658 542 10
658 544 10
658 545 10
658 546 10
658 548 10
658 550 10
658 551 10
658 563 10
658 564 10
658 566 10
658 567 10
658 568 10
658 569 10
658 571 10
658 573 10
658 576 10
658 579 10
658 582 10
658 583 10
658 591 10
658 594 10
658 595 10
658 596 10
658 598 10
658 601 10
658 605 10
658 607 10
658 610 10
658 612 10
658 617 10
658 618 10
658 619 10
658 620 10
658 626 10
658 627 10
658 628 10
658 631 10
658 636 10
658 644 10
658 647 10
658 650 10
658 653 10
658 656 10
658 658 10
658 660 10
658 661 10
658 662 10
658 663 10
658 664 10
658 665 10
658 668 10
658 669 10
658 670 10
658 671 10
658 672 10
658 676 10
658 678 10
658 680 10
658 690 10
658 691 10
659 402 10
659 403 10
659 413 10
659 427 10
659 428 10
659 433 10
659 435 10
659 440 10
659 443 10
659 446 10
659 450 10
659 451 10
659 452 10
659 453 10
659 454 10
659 455 10
659 457 10
659 461 10
659 464 10
659 474 10
659 477 10
659 481 10
659 484 10
659 486 10
659 495 10
659 497 10
659 503 10
659 506 10
659 507 10
659 512 10
659 514 10
659 517 10
659 518 10
659 523 10
659 525 10
659 526 10
659 532 10
659 537 10
659 538 10
659 539 10
659 541 10
659 546 10
659 547 10
659 548 10
659 550 10
659 555 10
659 556 10
659 557 10
659 564 10
659 566 10
659 568 10
659 569 10
659 570 10
659 572 10
659 574 10
659 575 10
659 576 10
659 577 10
659 579 10
659 580 10
659 599 10
659 601 10
659 612 10
659 617 10
659 633 10
659 635 10
659 636 10
659 644 10
659 648 10
659 650 10
659 651 10
659 652 10
659 653 10
659 665 10
659 667 10
659 668 10
659 669 10
659 671 10
659 673 10
659 676 10
659 678 10
659 680 10
659 690 10
660 417 10
660 425 10
660 427 10
660 428 10
660 434 10
660 435 10
660 436 10
660 437 10
660 443 10
660 444 10
660 446 10
660 447 10
660 450 10
660 451 10
660 452 10
660 453 10
660 454 10
660 461 10
660 462 10
660 464 10
660 476 10
660 477 10
660 479 10
660 481 10
660 484 10
660 498 10
660 499 10
660 502 10
660 503 10
660 505 10
660 506 10
660 514 10
660 517 10
660 520 10
660 521 10
660 523 10
660 524 10
660 527 10
660 528 10
660 532 10
660 534 10
660 536 10
660 539 10
660 544 10
660 545 10
660 548 10
660 550 10
660 552 10
660 553 10
660 554 10
660 556 10
660 561 10
660 565 10
660 567 10
660 569 10
660 570 10
660 573 10
660 575 10
660 576 10
660 579 10
660 582 10
660 595 10
660 597 10
660 598 10
660 600 10
660 601 10
660 602 10
660 603 10
660 610 10
660 612 10
660 614 10
660 615 10
660 619 10
660 620 10
660 622 10
660 645 10
660 650 10
660 653 10
660 654 10
660 662 10
660 665 10
660 666 10
660 668 10
660 670 10
660 672 10
660 676 10
660 679 10
660 684 10
660 690 10
660 692 10
661 420 10
661 426 10
661 434 10
661 442 10
661 445 10
661 447 10
661 449 10
661 452 10
661 453 10
661 454 10
661 455 10
661 456 10
661 459 10
661 461 10
661 475 10
661 477 10
661 485 10
661 496 10
661 499 10
661 501 10
661 502 10
661 505 10
661 506 10
661 510 10
661 517 10
661 519 10
661 520 10
661 521 10
661 522 10
661 524 10
661 525 10
661 526 10
661 536 10
661 538 10
661 539 10
661 541 10
661 548 10
661 549 10
661 550 10
661 554 10
661 555 10
661 563 10
661 565 10
661 567 10
661 568 10
661 569 10
661 570 10
661 575 10
661 576 10
661 577 10
661 579 10
661 580 10
661 583 10
661 594 10
661 595 10
661 596 10
661 598 10
661 599 10
661 600 10
661 602 10
661 603 10
661 604 10
661 610 10
661 615 10
661 616 10
661 617 10
661 618 10
661 620 10
661 621 10
661 622 10
661 635 10
661 638 10
661 642 10
661 650 10
661 651 10
661 653 10
661 654 10
661 655 10
661 660 10
661 661 10
661 663 10
661 668 10
661 669 10
661 670 10
661 671 10
661 675 10
661 676 10
661 678 10
661 686 10
661 690 10
661 692 10
662 422 10
662 426 10
662 429 10
662 441 10
662 443 10
662 445 10
662 446 10
662 447 10
662 448 10
662 454 10
662 461 10
662 477 10
662 489 10
662 499 10
662 504 10
662 506 10
662 510 10
662 511 10
662 513 10
662 514 10
662 519 10
662 520 10
662 521 10
662 522 10
662 529 10
662 533 10
662 534 10
662 536 10
662 540 10
662 541 10
662 542 10
662 543 10
662 548 10
662 550 10
662 552 10
662 553 10
662 554 10
662 558 10
662 560 10
662 564 10
662 569 10
662 572 10
662 573 10
662 574 10
662 575 10
662 576 10
662 577 10
662 578 10
662 579 10
662 581 10
662 583 10
662 584 10
662 585 10
662 588 10
662 589 10
662 591 10
662 596 10
662 598 10
662 599 10
662 600 10
662 601 10
662 602 10
662 603 10
662 604 10
662 610 10
662 611 10
662 612 10
662 616 10
662 617 10
662 618 10
662 619 10
662 621 10
662 643 10
662 646 10
662 648 10
662 649 10
662 650 10
662 652 10
662 655 10
662 659 10
662 660 10
662 663 10
662 664 10
662 665 10
662 666 10
662 667 10
662 668 10
662 669 10
662 672 10
662 677 10
662 678 10
662 680 10
662 681 10
662 682 10
662 690 10
662 692 10
662 693 10
663 422 10
663 429 10
663 439 10
663 446 10
663 459 10
663 462 10
663 477 10
663 501 10
663 502 10
663 503 10
663 504 10
663 506 10
663 514 10
663 516 10
663 519 10
663 520 10
663 521 10
663 523 10
663 524 10
663 527 10
663 536 10
663 541 10
663 545 10
663 547 10
663 548 10
663 549 10
663 552 10
663 554 10
663 563 10
663 564 10
663 570 10
663 573 10
663 576 10
663 577 10
663 578 10
663 579 10
663 580 10
663 582 10
663 583 10
663 592 10
663 594 10
663 597 10
663 599 10
663 600 10
663 601 10
663 602 10
663 604 10
663 613 10
663 615 10
663 621 10
663 638 10
663 639 10
663 642 10
663 644 10
663 646 10
663 650 10
663 654 10
663 656 10
663 661 10
663 662 10
663 664 10
663 665 10
663 668 10
663 670 10
663 671 10
663 674 10
663 681 10
663 682 10
663 688 10
664 418 10
664 420 10
664 424 10
664 425 10
664 430 10
664 432 10
664 434 10
664 435 10
664 441 10
664 442 10
664 443 10
664 444 10
664 475 10
664 478 10
664 486 10
664 487 10
664 501 10
664 505 10
664 511 10
664 512 10
664 513 10
664 514 10
664 516 10
664 518 10
664 520 10
664 522 10
664 524 10
664 527 10
664 529 10
664 530 10
664 540 10
664 543 10
664 545 10
664 548 10
664 550 10
664 551 10
664 559 10
664 563 10
664 572 10
664 575 10
664 576 10
664 577 10
664 579 10
664 581 10
664 596 10
664 597 10
664 598 10
664 599 10
664 600 10
664 601 10
664 602 10
664 603 10
664 613 10
664 639 10
664 640 10
664 642 10
664 643 10
664 645 10
664 646 10
664 647 10
664 648 10
664 649 10
664 650 10
664 659 10
664 662 10
664 665 10
664 666 10
664 668 10
664 671 10
664 674 10
664 676 10
664 679 10
664 681 10
664 682 10
664 684 10
664 686 10
664 689 10
664 694 10
665 422 10
665 425 10
665 427 10
665 430 10
665 433 10
665 434 10
665 436 10
665 442 10
665 445 10
665 446 10
665 490 10
665 492 10
665 509 10
665 511 10
665 512 10
665 514 10
665 518 10
665 519 10
665 520 10
665 521 10
665 522 10
665 526 10
665 528 10
665 542 10
665 545 10
665 548 10
665 550 10
665 554 10
665 564 10
665 566 10
665 572 10
665 574 10
665 575 10
665 577 10
665 579 10
665 584 10
665 588 10
665 594 10
665 595 10
665 597 10
665 598 10
665 599 10
665 600 10
665 601 10
665 602 10
665 603 10
665 626 10
665 638 10
665 643 10
665 649 10
665 653 10
665 655 10
665 663 10
665 664 10
665 669 10
665 672 10
665 673 10
665 675 10
665 676 10
665 680 10
665 682 10
665 687 10
665 690 10
665 693 10
666 420 10
666 431 10
666 432 10
666 434 10
666 435 10
666 436 10
666 440 10
666 442 10
666 444 10
666 461 10
666 499 10
666 500 10
666 503 10
666 511 10
666 512 10
666 513 10
666 516 10
666 517 10
666 519 10
666 520 10
666 521 10
666 540 10
666 542 10
666 551 10
666 553 10
666 554 10
666 573 10
666 574 10
666 591 10
666 593 10
666 594 10
666 596 10
666 597 10
666 600 10
666 602 10
666 604 10
666 625 10
666 637 10
666 647 10
666 650 10
666 676 10
666 677 10
666 679 10
666 683 10
666 684 10
666 686 10
666 688 10
666 690 10
666 691 10
667 430 10
667 431 10
667 436 10
667 441 10
667 446 10
667 461 10
667 462 10
667 469 10
667 470 10
667 476 10
667 486 10
667 491 10
667 492 10
667 499 10
667 500 10
667 506 10
667 511 10
667 513 10
667 514 10
667 515 10
667 516 10
667 517 10
667 518 10
667 519 10
667 521 10
667 530 10
667 531 10
667 533 10
667 534 10
667 542 10
667 543 10
667 544 10
667 546 10
667 547 10
667 550 10
667 555 10
667 560 10
667 574 10
667 575 10
667 576 10
667 577 10
667 578 10
667 579 10
667 587 10
667 588 10
667 590 10
667 595 10
667 596 10
667 598 10
667 614 10
667 620 10
667 627 10
667 639 10
667 642 10
667 657 10
667 668 10
667 669 10
667 670 10
667 671 10
667 673 10
667 674 10
667 675 10
667 678 10
667 682 10
667 683 10
667 688 10
668 430 10
668 432 10
668 433 10
668 438 10
668 439 10
668 440 10
668 443 10
668 445 10
668 462 10
668 488 10
668 492 10
668 496 10
668 499 10
668 500 10
668 501 10
668 502 10
668 508 10
668 511 10
668 512 10
668 513 10
668 515 10
668 516 10
668 518 10
668 519 10
668 524 10
668 526 10
668 528 10
668 530 10
668 533 10
668 534 10
668 535 10
668 536 10
668 537 10
668 544 10
668 545 10
668 552 10
668 553 10
668 557 10
668 558 10
668 560 10
668 561 10
668 563 10
668 571 10
668 573 10
668 575 10
668 576 10
668 580 10
668 582 10
668 585 10
668 587 10
668 592 10
668 593 10
668 594 10
668 597 10
668 599 10
668 618 10
668 621 10
668 638 10
668 639 10
668 670 10
668 671 10
668 672 10
668 676 10
668 678 10
668 679 10
668 681 10
668 688 10
669 433 10
669 435 10
669 460 10
669 499 10
669 501 10
669 502 10
669 506 10
669 511 10
669 512 10
669 513 10
669 515 10
669 516 10
669 517 10
669 521 10
669 522 10
669 523 10
669 526 10
669 527 10
669 528 10
669 529 10
669 530 10
669 531 10
669 532 10
669 533 10
669 534 10
669 536 10
669 542 10
669 543 10
669 549 10
669 557 10
669 559 10
669 560 10
669 561 10
669 562 10
669 573 10
669 575 10
669 576 10
669 577 10
669 579 10
669 590 10
669 593 10
669 594 10
669 595 10
669 597 10
669 598 10
669 599 10
669 600 10
669 616 10
669 619 10
669 622 10
669 624 10
669 657 10
669 674 10
669 675 10
669 685 10
669 687 10
670 431 10
670 432 10
670 435 10
670 437 10
670 441 10
670 444 10
670 491 10
670 492 10
670 493 10
670 494 10
670 495 10
670 497 10
670 499 10
670 500 10
670 503 10
670 509 10
670 510 10
670 511 10
670 513 10
670 516 10
670 518 10
670 519 10
670 520 10
670 524 10
670 526 10
670 527 10
670 529 10
670 530 10
670 532 10
670 533 10
670 534 10
670 535 10
670 536 10
670 543 10
670 546 10
670 548 10
670 551 10
670 552 10
670 553 10
670 558 10
670 560 10
670 574 10
670 576 10
670 578 10
670 580 10
670 581 10
670 585 10
670 588 10
670 592 10
670 593 10
670 594 10
670 595 10
670 596 10
670 597 10
670 600 10
670 612 10
670 613 10
670 618 10
670 622 10
670 676 10
670 679 10
670 680 10
671 467 10
671 471 10
671 495 10
671 499 10
671 500 10
671 501 10
671 509 10
671 510 10
671 512 10
671 514 10
671 515 10
671 517 10
671 520 10
671 523 10
671 527 10
671 528 10
671 531 10
671 532 10
671 533 10
671 534 10
671 535 10
671 536 10
671 538 10
671 541 10
671 542 10
671 544 10
671 549 10
671 554 10
671 557 10
671 558 10
671 572 10
671 575 10
671 595 10
671 601 10
671 655 10
672 425 10
672 427 10
672 459 10
672 490 10
672 498 10
672 500 10
672 502 10
672 505 10
672 510 10
672 512 10
672 514 10
672 515 10
672 516 10
672 517 10
672 520 10
672 530 10
672 532 10
672 534 10
672 535 10
672 536 10
672 543 10
672 552 10
672 558 10
672 561 10
672 584 10
672 593 10
672 594 10
672 595 10
672 596 10
672 597 10
672 598 10
672 599 10
672 600 10
672 612 10
672 614 10
672 680 10
672 689 10
673 423 10
673 424 10
673 425 10
673 427 10
673 442 10
673 444 10
673 445 10
673 451 10
673 457 10
673 459 10
673 460 10
673 461 10
673 462 10
673 463 10
673 467 10
673 468 10
673 470 10
673 486 10
673 495 10
673 497 10
673 498 10
673 499 10
673 500 10
673 501 10
673 506 10
673 508 10
673 509 10
673 513 10
673 515 10
673 519 10
673 522 10
673 523 10
673 525 10
673 531 10
673 532 10
673 533 10
673 534 10
673 535 10
673 538 10
673 542 10
673 543 10
673 550 10
673 593 10
673 594 10
673 597 10
673 599 10
673 612 10
673 615 10
673 678 10
674 422 10
674 424 10
674 426 10
674 460 10
674 461 10
674 466 10
674 469 10
674 471 10
674 489 10
674 495 10
674 497 10
674 499 10
674 501 10
674 506 10
674 511 10
674 513 10
674 514 10
674 515 10
674 516 10
674 517 10
674 518 10
674 519 10
674 520 10
674 523 10
674 528 10
674 530 10
674 531 10
674 532 10
674 533 10
674 534 10
674 536 10
674 544 10
674 550 10
674 595 10
674 598 10
674 599 10
674 615 10
674 616 10
674 674 10
674 681 10
675 422 10
675 425 10
675 446 10
675 456 10
675 461 10
675 463 10
675 465 10
675 468 10
675 469 10
675 471 10
675 485 10
675 487 10
675 488 10
675 492 10
675 493 10
675 494 10
675 495 10
675 496 10
675 497 10
675 499 10
675 502 10
675 512 10
675 514 10
675 515 10
675 516 10
675 517 10
675 518 10
675 519 10
675 524 10
675 525 10
675 526 10
675 527 10
675 530 10
675 532 10
675 533 10
675 535 10
675 536 10
675 543 10
675 544 10
675 583 10
675 584 10
675 593 10
675 597 10
675 598 10
675 657 10
675 675 10
676 423 10
676 441 10
676 455 10
676 458 10
676 460 10
676 461 10
676 465 10
676 467 10
676 469 10
676 487 10
676 492 10
676 494 10
676 495 10
676 497 10
676 498 10
676 499 10
676 502 10
676 506 10
676 507 10
676 509 10
676 515 10
676 517 10
676 518 10
676 525 10
676 527 10
676 532 10
676 533 10
676 534 10
676 536 10
676 537 10
676 571 10
676 574 10
676 585 10
676 596 10
676 597 10
676 598 10
676 613 10
676 634 10
677 441 10
677 446 10
677 459 10
677 461 10
677 463 10
677 466 10
677 470 10
677 472 10
677 473 10
677 477 10
677 480 10
677 485 10
677 486 10
677 488 10
677 490 10
677 492 10
677 493 10
677 494 10
677 497 10
677 499 10
677 510 10
677 513 10
677 514 10
677 516 10
677 528 10
677 529 10
677 531 10
677 533 10
677 535 10
677 538 10
677 542 10
677 543 10
677 549 10
677 568 10
677 575 10
677 593 10
677 594 10
677 611 10
677 612 10
677 629 10
677 634 10
677 635 10
678 444 10
678 463 10
678 464 10
678 466 10
678 469 10
678 472 10
678 473 10
678 475 10
678 478 10
678 485 10
678 488 10
678 496 10
678 498 10
678 499 10
678 505 10
678 515 10
678 533 10
678 538 10
678 542 10
678 571 10
678 572 10
678 573 10
678 577 10
678 579 10
678 590 10
678 591 10
678 592 10
678 593 10
678 594 10
678 596 10
678 597 10
678 598 10
678 611 10
678 633 10
678 634 10
679 443 10
679 444 10
679 457 10
679 458 10
679 460 10
679 463 10
679 465 10
679 466 10
679 467 10
679 471 10
679 474 10
679 477 10
679 479 10
679 480 10
679 485 10
679 486 10
679 488 10
679 489 10
679 497 10
679 501 10
679 507 10
679 510 10
679 511 10
679 513 10
679 591 10
679 593 10
679 594 10
679 596 10
679 597 10
679 598 10
679 632 10
679 633 10
679 635 10
680 437 10
680 438 10
680 439 10
680 441 10
680 444 10
680 448 10
680 456 10
680 459 10
680 460 10
680 463 10
680 464 10
680 465 10
680 466 10
680 468 10
680 472 10
680 476 10
680 484 10
680 487 10
680 494 10
680 507 10
680 511 10
680 512 10
680 513 10
680 540 10
680 542 10
680 544 10
680 546 10
680 549 10
680 573 10
680 574 10
680 575 10
680 579 10
680 580 10
680 596 10
680 598 10
680 632 10
680 634 10
680 635 10
680 636 10
681 444 10
681 447 10
681 453 10
681 455 10
681 463 10
681 464 10
681 465 10
681 466 10
681 468 10
681 469 10
681 470 10
681 476 10
681 486 10
681 491 10
681 492 10
681 493 10
681 497 10
681 499 10
681 500 10
681 508 10
681 511 10
681 512 10
681 514 10
681 522 10
681 540 10
681 543 10
681 545 10
681 549 10
681 633 10
682 439 10
682 441 10
682 443 10
682 447 10
682 451 10
682 454 10
682 458 10
682 463 10
682 464 10
682 465 10
682 466 10
682 467 10
682 471 10
682 472 10
682 473 10
682 475 10
682 483 10
682 485 10
682 489 10
682 490 10
682 495 10
682 497 10
682 509 10
682 514 10
682 517 10
682 518 10
682 519 10
682 540 10
682 545 10
682 546 10
682 547 10
682 548 10
682 550 10
682 551 10
682 633 10
683 440 10
683 445 10
683 447 10
683 448 10
683 450 10
683 456 10
683 459 10
683 460 10
683 461 10
683 462 10
683 464 10
683 468 10
683 469 10
683 486 10
683 487 10
683 490 10
683 494 10
683 496 10
683 497 10
683 499 10
683 509 10
683 510 10
683 511 10
683 513 10
683 515 10
683 517 10
683 518 10
683 521 10
683 542 10
683 543 10
683 546 10
683 547 10
683 569 10
683 570 10
683 571 10
683 572 10
683 627 10
683 635 10
684 438 10
684 442 10
684 444 10
684 453 10
684 455 10
684 459 10
684 461 10
684 462 10
684 465 10
684 466 10
684 467 10
684 470 10
684 471 10
684 473 10
684 476 10
684 490 10
684 495 10
684 508 10
684 512 10
684 513 10
684 517 10
684 520 10
684 539 10
684 544 10
684 545 10
684 547 10
685 439 10
685 446 10
685 447 10
685 448 10
685 457 10
685 458 10
685 459 10
685 460 10
685 462 10
685 463 10
685 465 10
685 466 10
685 469 10
685 475 10
685 476 10
685 477 10
685 479 10
685 483 10
685 484 10
685 485 10
685 489 10
685 495 10
685 497 10
685 511 10
685 516 10
685 519 10
685 520 10
685 524 10
685 525 10
685 544 10
685 545 10
685 548 10
685 626 10
686 436 10
686 438 10
686 439 10
686 446 10
686 448 10
686 450 10
686 456 10
686 460 10
686 463 10
686 474 10
686 475 10
686 476 10
686 481 10
686 485 10
686 489 10
686 495 10
686 496 10
686 514 10
686 518 10
687 441 10
687 444 10
687 446 10
687 467 10
687 475 10
687 476 10
687 478 10
687 487 10
687 495 10
687 512 10
687 515 10
687 519 10
687 522 10
688 444 10
688 446 10
688 452 10
688 454 10
688 463 10
688 476 10
688 480 10
688 490 10
688 495 10
688 496 10
688 508 10
688 516 10
688 520 10
689 442 10
689 445 10
689 454 10
689 455 10
689 510 10
689 512 10
689 515 10
689 516 10
690 439 10
690 441 10
690 447 10
690 476 10
690 495 10
690 496 10
690 509 10
690 511 10
690 513 10
691 441 10
691 442 10
691 508 10
691 510 10
691 511 10
692 440 10
692 442 10
692 509 10
692 510 10
692 512 10
692 513 10
693 513 10
694 510 10
694 513 10
695 510 10
695 513 10
696 512 10
697 441 10
697 512 10
699 443 10
