1024
242 428 10
245 421 10
246 424 10
246 429 10
246 449 10
246 451 10
247 411 10
247 413 10
248 427 10
248 428 10
248 429 10
249 410 10
249 413 10
249 414 10
249 429 10
249 451 10
249 456 10
250 409 10
250 426 10
250 427 10
250 456 10
251 410 10
251 417 10
251 420 10
251 425 10
251 427 10
251 445 10
251 452 10
251 458 10
251 460 10
252 415 10
252 424 10
252 426 10
252 427 10
252 428 10
252 443 10
252 445 10
252 458 10
252 504 10
253 412 10
253 415 10
253 418 10
253 424 10
253 426 10
253 442 10
253 443 10
253 456 10
253 458 10
253 459 10
253 502 10
253 505 10
253 506 10
254 415 10
254 417 10
254 424 10
254 425 10
254 426 10
254 427 10
254 428 10
254 457 10
254 458 10
254 504 10
254 524 10
254 525 10
255 403 10
255 405 10
255 407 10
255 408 10
255 409 10
255 410 10
255 412 10
255 414 10
255 416 10
255 418 10
255 426 10
255 427 10
255 461 10
255 504 10
255 518 10
255 519 10
255 520 10
255 522 10
255 523 10
256 404 10
256 405 10
256 408 10
256 410 10
256 411 10
256 414 10
256 418 10
256 421 10
256 426 10
256 427 10
256 449 10
256 450 10
256 521 10
256 522 10
257 403 10
257 407 10
257 409 10
257 410 10
257 413 10
257 414 10
257 421 10
257 422 10
257 423 10
257 427 10
257 449 10
257 450 10
257 452 10
257 507 10
257 521 10
258 400 10
258 401 10
258 403 10
258 404 10
258 405 10
258 406 10
258 410 10
258 411 10
258 413 10
258 415 10
258 418 10
258 423 10
258 427 10
258 429 10
258 430 10
258 431 10
258 453 10
258 500 10
258 501 10
258 508 10
258 510 10
258 521 10
259 404 10
259 409 10
259 411 10
259 413 10
259 414 10
259 416 10
259 422 10
259 423 10
259 426 10
259 430 10
259 438 10
259 449 10
259 450 10
259 451 10
259 468 10
259 503 10
259 510 10
259 518 10
260 400 10
260 402 10
260 405 10
260 407 10
260 408 10
260 409 10
260 412 10
260 414 10
260 415 10
260 419 10
260 421 10
260 422 10
260 423 10
260 424 10
260 426 10
260 427 10
260 428 10
260 433 10
260 434 10
260 447 10
260 448 10
260 453 10
260 454 10
260 460 10
260 466 10
260 472 10
260 499 10
260 510 10
260 513 10
260 518 10
260 522 10
260 523 10
260 549 10
260 551 10
261 404 10
261 409 10
261 413 10
261 414 10
261 415 10
261 417 10
261 423 10
261 427 10
261 428 10
261 432 10
261 443 10
261 447 10
261 448 10
261 450 10
261 462 10
261 502 10
261 504 10
261 516 10
261 518 10
261 520 10
261 525 10
261 563 10
262 401 10
262 403 10
262 405 10
262 414 10
262 422 10
262 424 10
262 426 10
262 427 10
262 428 10
262 429 10
262 431 10
262 444 10
262 447 10
262 448 10
262 449 10
262 452 10
262 467 10
262 468 10
262 472 10
262 500 10
262 510 10
262 512 10
262 519 10
262 524 10
262 550 10
262 564 10
263 408 10
263 417 10
263 418 10
263 419 10
263 425 10
263 426 10
263 427 10
263 428 10
263 429 10
263 430 10
263 432 10
263 439 10
263 442 10
263 443 10
263 444 10
263 445 10
263 447 10
263 448 10
263 450 10
263 498 10
263 502 10
263 505 10
263 507 10
263 514 10
263 515 10
263 518 10
263 560 10
263 564 10
264 407 10
264 410 10
264 415 10
264 416 10
264 420 10
264 426 10
264 428 10
264 430 10
264 433 10
264 442 10
264 443 10
264 444 10
264 445 10
264 448 10
264 457 10
264 468 10
264 500 10
264 505 10
264 520 10
265 407 10
265 410 10
265 414 10
265 415 10
265 417 10
265 419 10
265 421 10
265 427 10
265 428 10
265 429 10
265 433 10
265 434 10
265 436 10
265 441 10
265 442 10
265 443 10
265 444 10
265 445 10
265 446 10
265 447 10
265 448 10
265 449 10
265 450 10
265 457 10
265 501 10
265 504 10
265 512 10
266 417 10
266 419 10
266 421 10
266 424 10
266 431 10
266 434 10
266 441 10
266 442 10
266 443 10
266 444 10
266 445 10
266 446 10
266 447 10
266 448 10
266 450 10
266 458 10
266 459 10
266 495 10
266 501 10
266 502 10
266 507 10
266 516 10
266 517 10
266 550 10
266 553 10
266 554 10
267 407 10
267 408 10
267 409 10
267 415 10
267 418 10
267 419 10
267 420 10
267 424 10
267 426 10
267 428 10
267 432 10
267 433 10
267 434 10
267 435 10
267 436 10
267 440 10
267 441 10
267 444 10
267 446 10
267 447 10
267 448 10
267 449 10
267 451 10
267 452 10
267 482 10
267 502 10
267 510 10
267 514 10
267 550 10
267 553 10
268 416 10
268 417 10
268 418 10
268 421 10
268 423 10
268 431 10
268 434 10
268 435 10
268 436 10
268 439 10
268 440 10
268 441 10
268 442 10
268 443 10
268 444 10
268 445 10
268 446 10
268 449 10
268 451 10
268 456 10
268 458 10
268 482 10
268 493 10
268 495 10
268 496 10
268 497 10
268 518 10
268 531 10
268 532 10
268 534 10
268 553 10
268 555 10
268 558 10
268 559 10
268 560 10
269 408 10
269 409 10
269 413 10
269 416 10
269 417 10
269 420 10
269 421 10
269 422 10
269 424 10
269 425 10
269 429 10
269 431 10
269 433 10
269 435 10
269 436 10
269 439 10
269 440 10
269 441 10
269 445 10
269 446 10
269 456 10
269 481 10
269 489 10
269 490 10
269 494 10
269 495 10
269 506 10
269 509 10
269 510 10
269 529 10
269 534 10
269 553 10
269 555 10
269 557 10
269 561 10
270 407 10
270 408 10
270 414 10
270 415 10
270 419 10
270 421 10
270 426 10
270 429 10
270 430 10
270 431 10
270 434 10
270 436 10
270 437 10
270 438 10
270 439 10
270 440 10
270 442 10
270 443 10
270 444 10
270 446 10
270 447 10
270 448 10
270 449 10
270 451 10
270 458 10
270 487 10
270 488 10
270 489 10
270 491 10
270 493 10
270 494 10
270 495 10
270 503 10
270 530 10
270 536 10
270 552 10
270 553 10
270 559 10
271 402 10
271 408 10
271 410 10
271 411 10
271 413 10
271 415 10
271 416 10
271 418 10
271 421 10
271 422 10
271 424 10
271 426 10
271 427 10
271 430 10
271 433 10
271 435 10
271 436 10
271 437 10
271 438 10
271 441 10
271 442 10
271 446 10
271 448 10
271 460 10
271 477 10
271 487 10
271 490 10
271 493 10
271 494 10
271 520 10
271 528 10
271 554 10
271 556 10
271 557 10
272 407 10
272 408 10
272 409 10
272 411 10
272 412 10
272 414 10
272 416 10
272 417 10
272 423 10
272 424 10
272 425 10
272 426 10
272 427 10
272 428 10
272 429 10
272 430 10
272 433 10
272 434 10
272 437 10
272 438 10
272 440 10
272 443 10
272 445 10
272 446 10
272 448 10
272 450 10
272 455 10
272 456 10
272 458 10
272 488 10
272 490 10
272 491 10
272 495 10
272 496 10
272 557 10
272 559 10
273 402 10
273 407 10
273 410 10
273 411 10
273 412 10
273 413 10
273 415 10
273 416 10
273 423 10
273 427 10
273 429 10
273 433 10
273 435 10
273 436 10
273 437 10
273 439 10
273 441 10
273 442 10
273 446 10
273 448 10
273 451 10
273 453 10
273 459 10
273 476 10
273 492 10
273 493 10
273 496 10
273 504 10
273 507 10
273 510 10
273 512 10
273 539 10
273 541 10
273 558 10
273 559 10
274 400 10
274 405 10
274 407 10
274 408 10
274 409 10
274 411 10
274 412 10
274 413 10
274 424 10
274 425 10
274 427 10
274 431 10
274 432 10
274 433 10
274 437 10
274 438 10
274 442 10
274 443 10
274 444 10
274 446 10
274 447 10
274 452 10
274 455 10
274 457 10
274 480 10
274 481 10
274 488 10
274 491 10
274 509 10
274 553 10
274 554 10
274 567 10
274 568 10
275 394 10
275 396 10
275 397 10
275 401 10
275 405 10
275 406 10
275 407 10
275 408 10
275 409 10
275 410 10
275 414 10
275 419 10
275 422 10
275 427 10
275 428 10
275 429 10
275 434 10
275 437 10
275 438 10
275 439 10
275 440 10
275 441 10
275 442 10
275 443 10
275 444 10
275 445 10
275 447 10
275 450 10
275 472 10
275 476 10
275 479 10
275 480 10
275 486 10
275 492 10
275 493 10
275 495 10
275 508 10
275 510 10
275 511 10
275 512 10
275 533 10
275 553 10
275 568 10
275 570 10
276 384 10
276 401 10
276 405 10
276 407 10
276 408 10
276 409 10
276 410 10
276 411 10
276 412 10
276 413 10
276 415 10
276 416 10
276 417 10
276 420 10
276 422 10
276 424 10
276 427 10
276 432 10
276 435 10
276 437 10
276 438 10
276 440 10
276 442 10
276 443 10
276 444 10
276 446 10
276 448 10
276 449 10
276 450 10
276 466 10
276 469 10
276 470 10
276 477 10
276 480 10
276 482 10
276 486 10
276 488 10
276 490 10
276 491 10
276 493 10
276 494 10
276 502 10
276 507 10
276 525 10
276 527 10
276 528 10
276 529 10
276 539 10
276 540 10
276 546 10
276 550 10
276 554 10
276 565 10
276 570 10
276 573 10
276 574 10
276 577 10
276 578 10
277 394 10
277 398 10
277 402 10
277 404 10
277 405 10
277 406 10
277 407 10
277 408 10
277 411 10
277 412 10
277 413 10
277 414 10
277 419 10
277 423 10
277 424 10
277 426 10
277 428 10
277 429 10
277 433 10
277 434 10
277 437 10
277 438 10
277 440 10
277 443 10
277 446 10
277 448 10
277 472 10
277 475 10
277 478 10
277 482 10
277 485 10
277 488 10
277 493 10
277 499 10
277 507 10
277 509 10
277 510 10
277 511 10
277 516 10
277 525 10
277 533 10
277 535 10
277 541 10
277 542 10
277 550 10
277 553 10
277 573 10
278 396 10
278 399 10
278 400 10
278 401 10
278 403 10
278 404 10
278 405 10
278 406 10
278 407 10
278 408 10
278 410 10
278 411 10
278 415 10
278 423 10
278 424 10
278 426 10
278 427 10
278 429 10
278 430 10
278 431 10
278 432 10
278 435 10
278 436 10
278 437 10
278 439 10
278 440 10
278 441 10
278 442 10
278 443 10
278 446 10
278 450 10
278 451 10
278 452 10
278 454 10
278 455 10
278 467 10
278 469 10
278 471 10
278 478 10
278 479 10
278 480 10
278 484 10
278 485 10
278 488 10
278 489 10
278 501 10
278 507 10
278 508 10
278 524 10
278 525 10
278 527 10
278 529 10
278 530 10
278 531 10
278 533 10
278 536 10
278 538 10
278 539 10
278 542 10
278 551 10
278 567 10
278 572 10
279 396 10
279 397 10
279 398 10
279 399 10
279 400 10
279 402 10
279 404 10
279 406 10
279 409 10
279 410 10
279 412 10
279 413 10
279 418 10
279 427 10
279 428 10
279 430 10
279 431 10
279 432 10
279 433 10
279 434 10
279 435 10
279 436 10
279 437 10
279 439 10
279 442 10
279 445 10
279 448 10
279 449 10
279 453 10
279 457 10
279 466 10
279 469 10
279 472 10
279 473 10
279 474 10
279 475 10
279 476 10
279 478 10
279 479 10
279 480 10
279 485 10
279 486 10
279 488 10
279 491 10
279 504 10
279 505 10
279 512 10
279 525 10
279 527 10
279 529 10
279 530 10
279 532 10
279 535 10
279 537 10
279 541 10
279 548 10
279 550 10
279 551 10
279 553 10
279 554 10
279 555 10
279 561 10
279 573 10
279 577 10
279 578 10
280 385 10
280 398 10
280 399 10
280 400 10
280 402 10
280 403 10
280 404 10
280 405 10
280 406 10
280 408 10
280 409 10
280 410 10
280 417 10
280 426 10
280 432 10
280 433 10
280 435 10
280 437 10
280 438 10
280 439 10
280 443 10
280 446 10
280 447 10
280 450 10
280 455 10
280 456 10
280 458 10
280 467 10
280 471 10
280 474 10
280 476 10
280 477 10
280 478 10
280 480 10
280 481 10
280 483 10
280 484 10
280 485 10
280 486 10
280 487 10
280 488 10
280 501 10
280 506 10
280 507 10
280 511 10
280 521 10
280 526 10
280 528 10
280 529 10
280 532 10
280 534 10
280 536 10
280 537 10
280 549 10
280 550 10
280 552 10
280 553 10
280 557 10
280 558 10
280 559 10
280 562 10
280 566 10
280 569 10
280 575 10
280 577 10
280 578 10
281 391 10
281 397 10
281 398 10
281 400 10
281 402 10
281 406 10
281 408 10
281 409 10
281 410 10
281 411 10
281 412 10
281 413 10
281 430 10
281 431 10
281 435 10
281 437 10
281 439 10
281 441 10
281 443 10
281 444 10
281 445 10
281 446 10
281 447 10
281 448 10
281 449 10
281 450 10
281 452 10
281 453 10
281 454 10
281 456 10
281 465 10
281 469 10
281 470 10
281 471 10
281 473 10
281 474 10
281 475 10
281 476 10
281 478 10
281 479 10
281 480 10
281 482 10
281 483 10
281 484 10
281 485 10
281 486 10
281 487 10
281 488 10
281 489 10
281 492 10
281 499 10
281 501 10
281 513 10
281 518 10
281 520 10
281 521 10
281 522 10
281 525 10
281 529 10
281 532 10
281 534 10
281 535 10
281 537 10
281 538 10
281 539 10
281 540 10
281 547 10
281 548 10
281 549 10
281 550 10
281 551 10
281 553 10
281 558 10
281 561 10
281 567 10
281 575 10
281 577 10
282 346 10
282 351 10
282 385 10
282 397 10
282 399 10
282 403 10
282 404 10
282 405 10
282 406 10
282 407 10
282 408 10
282 409 10
282 411 10
282 422 10
282 423 10
282 428 10
282 429 10
282 432 10
282 435 10
282 436 10
282 437 10
282 438 10
282 439 10
282 440 10
282 441 10
282 442 10
282 444 10
282 445 10
282 446 10
282 447 10
282 449 10
282 450 10
282 451 10
282 453 10
282 454 10
282 474 10
282 476 10
282 478 10
282 481 10
282 482 10
282 485 10
282 487 10
282 490 10
282 492 10
282 493 10
282 497 10
282 498 10
282 499 10
282 504 10
282 505 10
282 513 10
282 521 10
282 522 10
282 523 10
282 524 10
282 529 10
282 535 10
282 537 10
282 539 10
282 541 10
282 546 10
282 549 10
282 550 10
282 551 10
282 552 10
282 553 10
282 554 10
282 557 10
282 560 10
282 563 10
282 564 10
282 573 10
282 575 10
282 577 10
282 578 10
283 351 10
283 389 10
283 397 10
283 398 10
283 400 10
283 401 10
283 402 10
283 405 10
283 407 10
283 408 10
283 409 10
283 410 10
283 413 10
283 420 10
283 422 10
283 424 10
283 425 10
283 430 10
283 431 10
283 432 10
283 433 10
283 434 10
283 436 10
283 437 10
283 438 10
283 440 10
283 443 10
283 444 10
283 445 10
283 446 10
283 447 10
283 448 10
283 449 10
283 450 10
283 451 10
283 453 10
283 455 10
283 462 10
283 463 10
283 476 10
283 478 10
283 490 10
283 492 10
283 494 10
283 499 10
283 500 10
283 511 10
283 520 10
283 526 10
283 528 10
283 529 10
283 533 10
283 536 10
283 538 10
283 539 10
283 540 10
283 543 10
283 548 10
283 549 10
283 550 10
283 551 10
283 552 10
283 553 10
283 555 10
283 557 10
283 558 10
283 559 10
283 560 10
283 562 10
283 563 10
283 564 10
283 566 10
283 572 10
283 581 10
283 590 10
284 351 10
284 370 10
284 372 10
284 393 10
284 397 10
284 401 10
284 404 10
284 406 10
284 407 10
284 409 10
284 410 10
284 422 10
284 424 10
284 428 10
284 432 10
284 433 10
284 438 10
284 439 10
284 440 10
284 441 10
284 443 10
284 444 10
284 445 10
284 446 10
284 447 10
284 448 10
284 449 10
284 450 10
284 451 10
284 453 10
284 473 10
284 474 10
284 477 10
284 478 10
284 479 10
284 482 10
284 490 10
284 491 10
284 494 10
284 500 10
284 502 10
284 512 10
284 514 10
284 520 10
284 522 10
284 523 10
284 524 10
284 528 10
284 532 10
284 534 10
284 536 10
284 539 10
284 540 10
284 544 10
284 547 10
284 548 10
284 549 10
284 551 10
284 552 10
284 553 10
284 555 10
284 556 10
284 557 10
284 558 10
284 562 10
284 563 10
284 564 10
284 565 10
284 589 10
284 591 10
285 347 10
285 348 10
285 363 10
285 364 10
285 368 10
285 388 10
285 398 10
285 400 10
285 401 10
285 403 10
285 404 10
285 406 10
285 408 10
285 410 10
285 413 10
285 416 10
285 417 10
285 425 10
285 429 10
285 430 10
285 432 10
285 434 10
285 436 10
285 437 10
285 438 10
285 439 10
285 440 10
285 443 10
285 444 10
285 445 10
285 446 10
285 447 10
285 448 10
285 463 10
285 473 10
285 474 10
285 475 10
285 477 10
285 478 10
285 479 10
285 480 10
285 481 10
285 483 10
285 486 10
285 490 10
285 493 10
285 494 10
285 496 10
285 497 10
285 498 10
285 501 10
285 502 10
285 504 10
285 512 10
285 515 10
285 522 10
285 528 10
285 529 10
285 530 10
285 532 10
285 540 10
285 541 10
285 542 10
285 544 10
285 545 10
285 547 10
285 549 10
285 551 10
285 554 10
285 558 10
285 560 10
285 562 10
285 570 10
285 572 10
285 574 10
286 366 10
286 370 10
286 371 10
286 395 10
286 396 10
286 399 10
286 402 10
286 403 10
286 404 10
286 405 10
286 407 10
286 408 10
286 410 10
286 412 10
286 417 10
286 423 10
286 427 10
286 431 10
286 432 10
286 434 10
286 438 10
286 439 10
286 443 10
286 444 10
286 445 10
286 446 10
286 449 10
286 450 10
286 453 10
286 471 10
286 473 10
286 474 10
286 475 10
286 476 10
286 477 10
286 478 10
286 479 10
286 480 10
286 481 10
286 485 10
286 487 10
286 489 10
286 494 10
286 497 10
286 500 10
286 501 10
286 503 10
286 505 10
286 509 10
286 515 10
286 532 10
286 533 10
286 534 10
286 537 10
286 538 10
286 540 10
286 541 10
286 542 10
286 547 10
286 549 10
286 551 10
286 558 10
286 559 10
286 561 10
286 562 10
286 564 10
286 573 10
286 574 10
287 353 10
287 368 10
287 369 10
287 394 10
287 395 10
287 397 10
287 399 10
287 402 10
287 406 10
287 408 10
287 409 10
287 410 10
287 411 10
287 422 10
287 434 10
287 435 10
287 437 10
287 438 10
287 440 10
287 444 10
287 445 10
287 447 10
287 448 10
287 450 10
287 455 10
287 469 10
287 470 10
287 472 10
287 474 10
287 479 10
287 480 10
287 481 10
287 482 10
287 483 10
287 484 10
287 485 10
287 487 10
287 489 10
287 490 10
287 491 10
287 492 10
287 501 10
287 502 10
287 507 10
287 509 10
287 511 10
287 530 10
287 531 10
287 533 10
287 535 10
287 536 10
287 540 10
287 543 10
287 545 10
287 546 10
287 548 10
287 549 10
287 550 10
287 554 10
287 555 10
287 557 10
287 558 10
287 559 10
287 561 10
287 564 10
287 566 10
287 573 10
287 574 10
287 588 10
288 350 10
288 363 10
288 366 10
288 367 10
288 368 10
288 369 10
288 377 10
288 392 10
288 396 10
288 398 10
288 400 10
288 401 10
288 405 10
288 407 10
288 408 10
288 409 10
288 412 10
288 423 10
288 424 10
288 426 10
288 428 10
288 430 10
288 431 10
288 433 10
288 435 10
288 436 10
288 439 10
288 440 10
288 441 10
288 442 10
288 444 10
288 446 10
288 453 10
288 455 10
288 457 10
288 468 10
288 471 10
288 474 10
288 475 10
288 479 10
288 480 10
288 482 10
288 483 10
288 484 10
288 485 10
288 486 10
288 487 10
288 488 10
288 489 10
288 490 10
288 491 10
288 492 10
288 493 10
288 507 10
288 516 10
288 527 10
288 529 10
288 533 10
288 534 10
288 537 10
288 538 10
288 540 10
288 541 10
288 543 10
288 544 10
288 548 10
288 550 10
288 552 10
288 554 10
288 555 10
288 556 10
288 557 10
288 558 10
288 559 10
288 560 10
288 561 10
289 349 10
289 350 10
289 352 10
289 353 10
289 355 10
289 357 10
289 359 10
289 361 10
289 367 10
289 373 10
289 389 10
289 393 10
289 397 10
289 399 10
289 405 10
289 408 10
289 413 10
289 422 10
289 424 10
289 428 10
289 432 10
289 434 10
289 435 10
289 436 10
289 437 10
289 438 10
289 439 10
289 444 10
289 445 10
289 446 10
289 447 10
289 448 10
289 450 10
289 454 10
289 471 10
289 473 10
289 475 10
289 476 10
289 477 10
289 478 10
289 479 10
289 481 10
289 482 10
289 483 10
289 484 10
289 485 10
289 486 10
289 487 10
289 488 10
289 494 10
289 495 10
289 500 10
289 502 10
289 505 10
289 517 10
289 526 10
289 529 10
289 535 10
289 537 10
289 538 10
289 539 10
289 543 10
289 544 10
289 545 10
289 546 10
289 552 10
289 553 10
289 554 10
289 556 10
289 557 10
289 558 10
289 560 10
289 567 10
289 570 10
289 573 10
289 585 10
289 587 10
289 588 10
289 590 10
289 591 10
290 351 10
290 355 10
290 357 10
290 359 10
290 368 10
290 370 10
290 371 10
290 384 10
290 389 10
290 391 10
290 392 10
290 397 10
290 398 10
290 408 10
290 410 10
290 417 10
290 426 10
290 429 10
290 431 10
290 432 10
290 435 10
290 436 10
290 439 10
290 440 10
290 441 10
290 442 10
290 444 10
290 446 10
290 449 10
290 453 10
290 455 10
290 456 10
290 457 10
290 458 10
290 459 10
290 461 10
290 469 10
290 470 10
290 473 10
290 474 10
290 475 10
290 479 10
290 480 10
290 481 10
290 482 10
290 483 10
290 484 10
290 485 10
290 486 10
290 487 10
290 488 10
290 489 10
290 490 10
290 491 10
290 502 10
290 509 10
290 515 10
290 516 10
290 526 10
290 528 10
290 530 10
290 531 10
290 532 10
290 533 10
290 534 10
290 537 10
290 539 10
290 540 10
290 541 10
290 542 10
290 543 10
290 545 10
290 546 10
290 550 10
290 551 10
290 553 10
290 554 10
290 556 10
290 557 10
290 558 10
290 561 10
290 563 10
290 564 10
290 567 10
290 585 10
290 589 10
291 350 10
291 362 10
291 363 10
291 366 10
291 383 10
291 388 10
291 390 10
291 391 10
291 397 10
291 412 10
291 415 10
291 421 10
291 423 10
291 426 10
291 434 10
291 435 10
291 438 10
291 443 10
291 444 10
291 446 10
291 447 10
291 448 10
291 451 10
291 456 10
291 457 10
291 458 10
291 459 10
291 460 10
291 465 10
291 466 10
291 467 10
291 468 10
291 470 10
291 472 10
291 473 10
291 475 10
291 476 10
291 477 10
291 481 10
291 482 10
291 483 10
291 484 10
291 486 10
291 489 10
291 490 10
291 493 10
291 494 10
291 498 10
291 499 10
291 501 10
291 503 10
291 508 10
291 511 10
291 512 10
291 516 10
291 520 10
291 527 10
291 530 10
291 531 10
291 532 10
291 534 10
291 535 10
291 536 10
291 537 10
291 539 10
291 540 10
291 543 10
291 545 10
291 546 10
291 548 10
291 552 10
291 554 10
291 555 10
291 558 10
291 559 10
291 560 10
291 561 10
291 564 10
291 568 10
291 571 10
291 586 10
291 587 10
291 588 10
291 591 10
291 592 10
292 361 10
292 363 10
292 364 10
292 382 10
292 384 10
292 386 10
292 387 10
292 388 10
292 390 10
292 399 10
292 410 10
292 414 10
292 419 10
292 420 10
292 426 10
292 430 10
292 432 10
292 433 10
292 434 10
292 436 10
292 437 10
292 439 10
292 440 10
292 441 10
292 442 10
292 443 10
292 444 10
292 445 10
292 446 10
292 450 10
292 452 10
292 453 10
292 455 10
292 456 10
292 463 10
292 464 10
292 468 10
292 469 10
292 470 10
292 471 10
292 472 10
292 474 10
292 475 10
292 479 10
292 480 10
292 481 10
292 482 10
292 485 10
292 486 10
292 490 10
292 492 10
292 493 10
292 494 10
292 495 10
292 496 10
292 497 10
292 499 10
292 508 10
292 509 10
292 510 10
292 511 10
292 512 10
292 513 10
292 515 10
292 519 10
292 521 10
292 531 10
292 533 10
292 534 10
292 536 10
292 537 10
292 539 10
292 540 10
292 541 10
292 542 10
292 547 10
292 548 10
292 549 10
292 551 10
292 553 10
292 554 10
292 555 10
292 558 10
292 559 10
292 563 10
292 566 10
292 567 10
292 586 10
292 587 10
292 589 10
292 590 10
292 591 10
293 341 10
293 343 10
293 347 10
293 349 10
293 353 10
293 356 10
293 361 10
293 362 10
293 363 10
293 364 10
293 366 10
293 377 10
293 379 10
293 383 10
293 389 10
293 410 10
293 413 10
293 415 10
293 425 10
293 426 10
293 428 10
293 429 10
293 432 10
293 434 10
293 435 10
293 436 10
293 438 10
293 441 10
293 442 10
293 443 10
293 445 10
293 452 10
293 453 10
293 454 10
293 455 10
293 456 10
293 457 10
293 458 10
293 466 10
293 470 10
293 471 10
293 472 10
293 476 10
293 478 10
293 479 10
293 481 10
293 483 10
293 485 10
293 487 10
293 489 10
293 492 10
293 494 10
293 497 10
293 499 10
293 500 10
293 501 10
293 502 10
293 503 10
293 510 10
293 511 10
293 513 10
293 514 10
293 518 10
293 519 10
293 522 10
293 524 10
293 535 10
293 536 10
293 537 10
293 538 10
293 539 10
293 540 10
293 542 10
293 543 10
293 545 10
293 547 10
293 549 10
293 550 10
293 551 10
293 552 10
293 553 10
293 554 10
293 555 10
293 556 10
293 558 10
293 559 10
293 560 10
293 561 10
293 562 10
293 563 10
293 564 10
293 572 10
293 586 10
293 588 10
293 589 10
294 353 10
294 355 10
294 356 10
294 357 10
294 358 10
294 361 10
294 362 10
294 365 10
294 366 10
294 377 10
294 379 10
294 380 10
294 385 10
294 386 10
294 389 10
294 402 10
294 411 10
294 415 10
294 420 10
294 422 10
294 423 10
294 425 10
294 437 10
294 439 10
294 444 10
294 445 10
294 448 10
294 455 10
294 460 10
294 462 10
294 468 10
294 471 10
294 473 10
294 474 10
294 476 10
294 477 10
294 480 10
294 481 10
294 482 10
294 483 10
294 484 10
294 486 10
294 489 10
294 492 10
294 495 10
294 496 10
294 500 10
294 507 10
294 509 10
294 511 10
294 512 10
294 519 10
294 521 10
294 535 10
294 536 10
294 537 10
294 538 10
294 539 10
294 540 10
294 541 10
294 542 10
294 543 10
294 544 10
294 545 10
294 547 10
294 548 10
294 550 10
294 551 10
294 555 10
294 557 10
294 558 10
294 559 10
294 560 10
294 563 10
294 566 10
294 569 10
294 586 10
294 588 10
294 590 10
295 341 10
295 350 10
295 352 10
295 355 10
295 358 10
295 359 10
295 361 10
295 364 10
295 366 10
295 378 10
295 379 10
295 381 10
295 383 10
295 384 10
295 385 10
295 390 10
295 391 10
295 398 10
295 405 10
295 411 10
295 419 10
295 421 10
295 423 10
295 425 10
295 433 10
295 437 10
295 438 10
295 441 10
295 443 10
295 447 10
295 451 10
295 452 10
295 453 10
295 463 10
295 464 10
295 465 10
295 466 10
295 468 10
295 469 10
295 470 10
295 471 10
295 472 10
295 474 10
295 477 10
295 478 10
295 479 10
295 480 10
295 482 10
295 483 10
295 485 10
295 486 10
295 488 10
295 490 10
295 493 10
295 494 10
295 496 10
295 498 10
295 499 10
295 500 10
295 502 10
295 509 10
295 510 10
295 513 10
295 514 10
295 516 10
295 521 10
295 525 10
295 529 10
295 530 10
295 531 10
295 534 10
295 535 10
295 536 10
295 537 10
295 538 10
295 539 10
295 541 10
295 542 10
295 543 10
295 545 10
295 547 10
295 549 10
295 550 10
295 553 10
295 554 10
295 555 10
295 556 10
295 561 10
295 562 10
295 563 10
295 564 10
295 570 10
295 571 10
295 584 10
295 588 10
295 589 10
295 595 10
296 350 10
296 351 10
296 354 10
296 355 10
296 357 10
296 358 10
296 361 10
296 363 10
296 365 10
296 373 10
296 375 10
296 379 10
296 380 10
296 382 10
296 384 10
296 388 10
296 398 10
296 400 10
296 411 10
296 413 10
296 420 10
296 422 10
296 424 10
296 426 10
296 427 10
296 428 10
296 432 10
296 433 10
296 437 10
296 439 10
296 443 10
296 452 10
296 463 10
296 464 10
296 465 10
296 466 10
296 469 10
296 472 10
296 473 10
296 475 10
296 476 10
296 478 10
296 479 10
296 480 10
296 481 10
296 482 10
296 483 10
296 484 10
296 486 10
296 487 10
296 488 10
296 490 10
296 491 10
296 494 10
296 496 10
296 499 10
296 500 10
296 501 10
296 504 10
296 510 10
296 511 10
296 513 10
296 518 10
296 527 10
296 531 10
296 533 10
296 534 10
296 536 10
296 538 10
296 540 10
296 542 10
296 543 10
296 544 10
296 545 10
296 548 10
296 557 10
296 559 10
296 561 10
296 562 10
296 563 10
296 565 10
296 566 10
296 567 10
296 568 10
296 569 10
296 570 10
296 583 10
296 584 10
296 586 10
296 591 10
297 335 10
297 338 10
297 343 10
297 362 10
297 365 10
297 369 10
297 372 10
297 377 10
297 378 10
297 380 10
297 382 10
297 385 10
297 386 10
297 391 10
297 396 10
297 406 10
297 417 10
297 420 10
297 421 10
297 426 10
297 427 10
297 432 10
297 433 10
297 434 10
297 435 10
297 444 10
297 449 10
297 461 10
297 462 10
297 463 10
297 464 10
297 465 10
297 466 10
297 467 10
297 468 10
297 469 10
297 470 10
297 473 10
297 474 10
297 476 10
297 477 10
297 478 10
297 480 10
297 481 10
297 482 10
297 483 10
297 484 10
297 487 10
297 489 10
297 493 10
297 495 10
297 496 10
297 498 10
297 500 10
297 501 10
297 503 10
297 506 10
297 509 10
297 510 10
297 511 10
297 512 10
297 517 10
297 525 10
297 527 10
297 529 10
297 531 10
297 534 10
297 535 10
297 536 10
297 538 10
297 539 10
297 541 10
297 542 10
297 544 10
297 545 10
297 550 10
297 557 10
297 560 10
297 561 10
297 563 10
297 565 10
297 568 10
297 570 10
297 572 10
297 575 10
297 585 10
297 589 10
298 337 10
298 347 10
298 351 10
298 354 10
298 356 10
298 362 10
298 365 10
298 372 10
298 373 10
298 374 10
298 377 10
298 378 10
298 380 10
298 382 10
298 383 10
298 384 10
298 385 10
298 388 10
298 402 10
298 411 10
298 412 10
298 413 10
298 414 10
298 421 10
298 422 10
298 423 10
298 424 10
298 427 10
298 428 10
298 431 10
298 436 10
298 438 10
298 462 10
298 465 10
298 467 10
298 468 10
298 470 10
298 472 10
298 474 10
298 475 10
298 476 10
298 477 10
298 480 10
298 483 10
298 484 10
298 485 10
298 486 10
298 487 10
298 490 10
298 492 10
298 497 10
298 498 10
298 499 10
298 500 10
298 501 10
298 509 10
298 511 10
298 514 10
298 515 10
298 516 10
298 520 10
298 522 10
298 524 10
298 525 10
298 527 10
298 529 10
298 531 10
298 532 10
298 536 10
298 537 10
298 539 10
298 540 10
298 541 10
298 542 10
298 545 10
298 548 10
298 551 10
298 564 10
298 565 10
298 568 10
298 585 10
298 586 10
298 587 10
298 592 10
299 338 10
299 344 10
299 346 10
299 347 10
299 349 10
299 350 10
299 357 10
299 369 10
299 371 10
299 372 10
299 376 10
299 379 10
299 383 10
299 384 10
299 385 10
299 386 10
299 389 10
299 404 10
299 405 10
299 406 10
299 416 10
299 417 10
299 419 10
299 421 10
299 422 10
299 424 10
299 426 10
299 428 10
299 434 10
299 436 10
299 437 10
299 439 10
299 455 10
299 459 10
299 463 10
299 464 10
299 465 10
299 467 10
299 474 10
299 476 10
299 477 10
299 479 10
299 480 10
299 481 10
299 482 10
299 485 10
299 487 10
299 488 10
299 489 10
299 490 10
299 491 10
299 492 10
299 493 10
299 494 10
299 495 10
299 497 10
299 503 10
299 504 10
299 507 10
299 508 10
299 510 10
299 513 10
299 522 10
299 524 10
299 525 10
299 531 10
299 535 10
299 538 10
299 542 10
299 544 10
299 546 10
299 548 10
299 550 10
299 555 10
299 559 10
299 562 10
299 564 10
299 566 10
299 568 10
299 574 10
299 578 10
299 582 10
300 340 10
300 348 10
300 354 10
300 356 10
300 371 10
300 372 10
300 373 10
300 374 10
300 377 10
300 378 10
300 379 10
300 381 10
300 383 10
300 385 10
300 388 10
300 391 10
300 392 10
300 395 10
300 408 10
300 409 10
300 411 10
300 413 10
300 415 10
300 416 10
300 420 10
300 425 10
300 427 10
300 428 10
300 429 10
300 432 10
300 433 10
300 434 10
300 438 10
300 440 10
300 442 10
300 464 10
300 468 10
300 472 10
300 473 10
300 474 10
300 476 10
300 477 10
300 478 10
300 480 10
300 481 10
300 482 10
300 483 10
300 485 10
300 486 10
300 488 10
300 490 10
300 491 10
300 493 10
300 496 10
300 499 10
300 500 10
300 506 10
300 510 10
300 513 10
300 514 10
300 519 10
300 522 10
300 524 10
300 525 10
300 527 10
300 528 10
300 529 10
300 530 10
300 532 10
300 533 10
300 534 10
300 536 10
300 538 10
300 539 10
300 541 10
300 545 10
300 546 10
300 547 10
300 550 10
300 562 10
300 563 10
300 564 10
300 566 10
300 568 10
300 570 10
300 572 10
300 583 10
300 587 10
300 590 10
300 591 10
301 343 10
301 344 10
301 351 10
301 353 10
301 356 10
301 369 10
301 377 10
301 378 10
301 380 10
301 382 10
301 384 10
301 388 10
301 393 10
301 404 10
301 406 10
301 409 10
301 410 10
301 411 10
301 413 10
301 415 10
301 417 10
301 423 10
301 424 10
301 425 10
301 429 10
301 432 10
301 443 10
301 444 10
301 445 10
301 459 10
301 465 10
301 466 10
301 474 10
301 476 10
301 484 10
301 485 10
301 486 10
301 491 10
301 492 10
301 493 10
301 494 10
301 498 10
301 501 10
301 502 10
301 504 10
301 508 10
301 509 10
301 511 10
301 512 10
301 524 10
301 526 10
301 531 10
301 533 10
301 536 10
301 539 10
301 540 10
301 541 10
301 543 10
301 545 10
301 557 10
301 558 10
301 559 10
301 563 10
301 564 10
301 567 10
301 568 10
301 572 10
301 585 10
301 586 10
301 589 10
301 590 10
302 346 10
302 354 10
302 355 10
302 356 10
302 357 10
302 358 10
302 359 10
302 365 10
302 379 10
302 380 10
302 382 10
302 383 10
302 384 10
302 390 10
302 391 10
302 392 10
302 393 10
302 394 10
302 405 10
302 406 10
302 407 10
302 408 10
302 409 10
302 410 10
302 411 10
302 416 10
302 418 10
302 420 10
302 425 10
302 426 10
302 427 10
302 431 10
302 432 10
302 433 10
302 438 10
302 463 10
302 464 10
302 466 10
302 468 10
302 469 10
302 470 10
302 478 10
302 481 10
302 483 10
302 485 10
302 487 10
302 489 10
302 490 10
302 491 10
302 492 10
302 493 10
302 496 10
302 497 10
302 500 10
302 502 10
302 503 10
302 504 10
302 507 10
302 509 10
302 514 10
302 515 10
302 522 10
302 523 10
302 524 10
302 532 10
302 539 10
302 540 10
302 542 10
302 543 10
302 548 10
302 549 10
302 550 10
302 551 10
302 554 10
302 555 10
302 556 10
302 558 10
302 560 10
302 562 10
302 565 10
302 566 10
302 567 10
302 568 10
302 570 10
302 571 10
302 581 10
302 582 10
303 344 10
303 345 10
303 352 10
303 353 10
303 356 10
303 379 10
303 380 10
303 385 10
303 389 10
303 391 10
303 400 10
303 408 10
303 409 10
303 410 10
303 411 10
303 415 10
303 418 10
303 424 10
303 425 10
303 426 10
303 427 10
303 436 10
303 438 10
303 441 10
303 443 10
303 444 10
303 446 10
303 449 10
303 463 10
303 466 10
303 482 10
303 484 10
303 485 10
303 487 10
303 489 10
303 490 10
303 491 10
303 492 10
303 493 10
303 532 10
303 534 10
303 535 10
303 536 10
303 537 10
303 538 10
303 539 10
303 542 10
303 543 10
303 546 10
303 551 10
303 552 10
303 553 10
303 554 10
303 555 10
303 558 10
303 559 10
303 562 10
303 563 10
303 569 10
303 584 10
303 586 10
303 590 10
304 342 10
304 343 10
304 344 10
304 347 10
304 356 10
304 357 10
304 358 10
304 359 10
304 362 10
304 377 10
304 379 10
304 385 10
304 386 10
304 387 10
304 388 10
304 391 10
304 393 10
304 402 10
304 403 10
304 405 10
304 407 10
304 411 10
304 412 10
304 413 10
304 415 10
304 416 10
304 418 10
304 430 10
304 435 10
304 437 10
304 443 10
304 452 10
304 454 10
304 463 10
304 464 10
304 465 10
304 466 10
304 475 10
304 476 10
304 480 10
304 481 10
304 482 10
304 483 10
304 484 10
304 488 10
304 489 10
304 490 10
304 491 10
304 493 10
304 495 10
304 496 10
304 498 10
304 499 10
304 501 10
304 505 10
304 522 10
304 524 10
304 533 10
304 539 10
304 540 10
304 543 10
304 544 10
304 545 10
304 547 10
304 548 10
304 549 10
304 551 10
304 552 10
304 553 10
304 557 10
304 559 10
304 564 10
304 565 10
304 566 10
304 568 10
304 571 10
305 330 10
305 335 10
305 345 10
305 351 10
305 354 10
305 355 10
305 356 10
305 374 10
305 378 10
305 382 10
305 384 10
305 387 10
305 389 10
305 391 10
305 392 10
305 394 10
305 402 10
305 408 10
305 410 10
305 411 10
305 412 10
305 416 10
305 417 10
305 419 10
305 422 10
305 423 10
305 424 10
305 425 10
305 429 10
305 431 10
305 432 10
305 435 10
305 436 10
305 437 10
305 463 10
305 464 10
305 465 10
305 469 10
305 474 10
305 482 10
305 483 10
305 488 10
305 490 10
305 491 10
305 492 10
305 497 10
305 498 10
305 499 10
305 500 10
305 503 10
305 504 10
305 507 10
305 509 10
305 514 10
305 516 10
305 517 10
305 524 10
305 530 10
305 535 10
305 536 10
305 537 10
305 543 10
305 545 10
305 548 10
305 550 10
305 553 10
305 554 10
305 555 10
305 557 10
305 558 10
305 561 10
305 562 10
305 565 10
305 566 10
305 568 10
305 569 10
305 570 10
306 348 10
306 351 10
306 352 10
306 353 10
306 356 10
306 358 10
306 360 10
306 365 10
306 366 10
306 367 10
306 368 10
306 374 10
306 386 10
306 389 10
306 390 10
306 391 10
306 392 10
306 393 10
306 401 10
306 402 10
306 403 10
306 407 10
306 410 10
306 411 10
306 412 10
306 414 10
306 415 10
306 419 10
306 426 10
306 427 10
306 433 10
306 434 10
306 436 10
306 437 10
306 440 10
306 445 10
306 450 10
306 452 10
306 458 10
306 459 10
306 462 10
306 466 10
306 471 10
306 476 10
306 480 10
306 486 10
306 487 10
306 488 10
306 491 10
306 492 10
306 494 10
306 495 10
306 501 10
306 504 10
306 509 10
306 510 10
306 514 10
306 515 10
306 516 10
306 523 10
306 531 10
306 533 10
306 534 10
306 543 10
306 548 10
306 549 10
306 550 10
306 551 10
306 552 10
306 553 10
306 554 10
306 555 10
306 557 10
306 558 10
306 560 10
306 562 10
306 563 10
306 569 10
306 571 10
306 582 10
306 583 10
307 330 10
307 347 10
307 348 10
307 349 10
307 352 10
307 353 10
307 355 10
307 356 10
307 358 10
307 360 10
307 366 10
307 368 10
307 369 10
307 371 10
307 372 10
307 373 10
307 379 10
307 381 10
307 383 10
307 384 10
307 385 10
307 388 10
307 399 10
307 406 10
307 407 10
307 408 10
307 409 10
307 410 10
307 411 10
307 413 10
307 414 10
307 417 10
307 418 10
307 419 10
307 424 10
307 425 10
307 432 10
307 433 10
307 434 10
307 436 10
307 437 10
307 438 10
307 439 10
307 440 10
307 441 10
307 442 10
307 444 10
307 446 10
307 447 10
307 450 10
307 451 10
307 454 10
307 457 10
307 463 10
307 465 10
307 466 10
307 469 10
307 470 10
307 480 10
307 483 10
307 485 10
307 487 10
307 490 10
307 493 10
307 497 10
307 499 10
307 501 10
307 502 10
307 505 10
307 506 10
307 507 10
307 510 10
307 512 10
307 536 10
307 537 10
307 548 10
307 549 10
307 551 10
307 555 10
307 557 10
307 559 10
307 560 10
307 564 10
307 565 10
307 566 10
307 572 10
307 573 10
307 574 10
307 584 10
308 333 10
308 334 10
308 335 10
308 345 10
308 346 10
308 349 10
308 350 10
308 351 10
308 356 10
308 359 10
308 360 10
308 361 10
308 362 10
308 373 10
308 381 10
308 382 10
308 387 10
308 401 10
308 403 10
308 404 10
308 407 10
308 409 10
308 410 10
308 418 10
308 423 10
308 433 10
308 435 10
308 436 10
308 437 10
308 438 10
308 439 10
308 442 10
308 448 10
308 449 10
308 450 10
308 451 10
308 452 10
308 453 10
308 459 10
308 460 10
308 462 10
308 470 10
308 472 10
308 474 10
308 480 10
308 482 10
308 486 10
308 489 10
308 490 10
308 491 10
308 493 10
308 494 10
308 496 10
308 497 10
308 499 10
308 501 10
308 502 10
308 505 10
308 506 10
308 508 10
308 509 10
308 514 10
308 515 10
308 526 10
308 528 10
308 532 10
308 534 10
308 535 10
308 538 10
308 545 10
308 547 10
308 549 10
308 550 10
308 551 10
308 554 10
308 555 10
308 562 10
308 566 10
308 567 10
308 568 10
308 570 10
308 571 10
308 572 10
309 330 10
309 331 10
309 332 10
309 333 10
309 334 10
309 335 10
309 336 10
309 345 10
309 347 10
309 348 10
309 350 10
309 351 10
309 353 10
309 354 10
309 355 10
309 356 10
309 357 10
309 358 10
309 359 10
309 366 10
309 370 10
309 372 10
309 374 10
309 378 10
309 380 10
309 381 10
309 383 10
309 385 10
309 399 10
309 403 10
309 405 10
309 407 10
309 409 10
309 422 10
309 426 10
309 435 10
309 445 10
309 452 10
309 455 10
309 461 10
309 463 10
309 464 10
309 466 10
309 467 10
309 469 10
309 471 10
309 476 10
309 478 10
309 482 10
309 485 10
309 489 10
309 493 10
309 494 10
309 496 10
309 497 10
309 499 10
309 504 10
309 506 10
309 510 10
309 512 10
309 514 10
309 516 10
309 524 10
309 526 10
309 530 10
309 531 10
309 532 10
309 533 10
309 543 10
309 544 10
309 545 10
309 546 10
309 547 10
309 548 10
309 551 10
309 552 10
309 556 10
309 557 10
309 559 10
309 561 10
309 562 10
309 564 10
309 565 10
309 566 10
309 568 10
309 569 10
309 571 10
309 585 10
310 331 10
310 337 10
310 349 10
310 352 10
310 353 10
310 354 10
310 355 10
310 356 10
310 358 10
310 359 10
310 360 10
310 374 10
310 377 10
310 378 10
310 381 10
310 400 10
310 401 10
310 404 10
310 405 10
310 409 10
310 413 10
310 418 10
310 420 10
310 421 10
310 422 10
310 423 10
310 424 10
310 432 10
310 434 10
310 435 10
310 436 10
310 437 10
310 442 10
310 445 10
310 449 10
310 451 10
310 452 10
310 456 10
310 459 10
310 461 10
310 462 10
310 464 10
310 465 10
310 470 10
310 473 10
310 477 10
310 479 10
310 483 10
310 484 10
310 489 10
310 491 10
310 492 10
310 493 10
310 494 10
310 495 10
310 496 10
310 497 10
310 498 10
310 501 10
310 502 10
310 506 10
310 508 10
310 510 10
310 514 10
310 524 10
310 525 10
310 527 10
310 528 10
310 529 10
310 531 10
310 532 10
310 535 10
310 540 10
310 545 10
310 547 10
310 548 10
310 549 10
310 552 10
310 554 10
310 555 10
310 559 10
310 561 10
310 562 10
310 563 10
310 571 10
310 573 10
311 331 10
311 336 10
311 342 10
311 347 10
311 349 10
311 350 10
311 351 10
311 353 10
311 354 10
311 355 10
311 356 10
311 357 10
311 358 10
311 359 10
311 361 10
311 366 10
311 382 10
311 383 10
311 386 10
311 400 10
311 403 10
311 405 10
311 406 10
311 408 10
311 410 10
311 411 10
311 419 10
311 420 10
311 423 10
311 428 10
311 437 10
311 438 10
311 444 10
311 446 10
311 447 10
311 456 10
311 458 10
311 460 10
311 462 10
311 463 10
311 464 10
311 467 10
311 472 10
311 474 10
311 475 10
311 476 10
311 477 10
311 481 10
311 483 10
311 487 10
311 488 10
311 492 10
311 493 10
311 494 10
311 496 10
311 498 10
311 500 10
311 510 10
311 511 10
311 512 10
311 514 10
311 515 10
311 516 10
311 521 10
311 525 10
311 526 10
311 529 10
311 531 10
311 534 10
311 536 10
311 541 10
311 544 10
311 546 10
311 548 10
311 549 10
311 552 10
311 554 10
311 555 10
311 556 10
311 557 10
311 558 10
311 560 10
311 569 10
311 571 10
311 573 10
311 574 10
311 619 10
312 338 10
312 347 10
312 350 10
312 353 10
312 354 10
312 355 10
312 356 10
312 357 10
312 358 10
312 359 10
312 373 10
312 396 10
312 398 10
312 400 10
312 401 10
312 403 10
312 405 10
312 406 10
312 407 10
312 408 10
312 422 10
312 423 10
312 424 10
312 429 10
312 441 10
312 454 10
312 458 10
312 461 10
312 464 10
312 467 10
312 468 10
312 469 10
312 470 10
312 471 10
312 472 10
312 473 10
312 475 10
312 478 10
312 480 10
312 483 10
312 485 10
312 487 10
312 488 10
312 489 10
312 490 10
312 491 10
312 492 10
312 493 10
312 494 10
312 495 10
312 496 10
312 497 10
312 508 10
312 510 10
312 511 10
312 512 10
312 513 10
312 514 10
312 515 10
312 516 10
312 526 10
312 528 10
312 529 10
312 531 10
312 533 10
312 534 10
312 535 10
312 538 10
312 548 10
312 549 10
312 550 10
312 553 10
312 554 10
312 555 10
312 556 10
312 557 10
312 558 10
312 559 10
312 560 10
312 563 10
312 564 10
312 569 10
312 570 10
312 571 10
312 572 10
313 335 10
313 337 10
313 350 10
313 352 10
313 353 10
313 354 10
313 355 10
313 356 10
313 358 10
313 364 10
313 366 10
313 371 10
313 380 10
313 383 10
313 389 10
313 396 10
313 398 10
313 399 10
313 402 10
313 404 10
313 405 10
313 406 10
313 407 10
313 413 10
313 423 10
313 441 10
313 449 10
313 451 10
313 458 10
313 459 10
313 460 10
313 462 10
313 463 10
313 464 10
313 467 10
313 468 10
313 469 10
313 470 10
313 472 10
313 473 10
313 474 10
313 475 10
313 479 10
313 481 10
313 486 10
313 487 10
313 489 10
313 490 10
313 491 10
313 492 10
313 493 10
313 494 10
313 495 10
313 496 10
313 497 10
313 498 10
313 509 10
313 511 10
313 513 10
313 515 10
313 516 10
313 517 10
313 529 10
313 540 10
313 547 10
313 548 10
313 551 10
313 553 10
313 554 10
313 557 10
313 561 10
313 562 10
313 563 10
313 567 10
313 569 10
313 570 10
313 571 10
313 616 10
313 618 10
313 619 10
313 620 10
314 345 10
314 346 10
314 348 10
314 351 10
314 353 10
314 354 10
314 357 10
314 361 10
314 381 10
314 383 10
314 387 10
314 388 10
314 395 10
314 397 10
314 398 10
314 400 10
314 403 10
314 404 10
314 407 10
314 410 10
314 411 10
314 412 10
314 424 10
314 429 10
314 440 10
314 441 10
314 448 10
314 462 10
314 463 10
314 466 10
314 468 10
314 470 10
314 471 10
314 472 10
314 475 10
314 487 10
314 489 10
314 490 10
314 491 10
314 492 10
314 493 10
314 495 10
314 496 10
314 499 10
314 506 10
314 513 10
314 516 10
314 517 10
314 518 10
314 524 10
314 525 10
314 527 10
314 528 10
314 530 10
314 531 10
314 532 10
314 533 10
314 540 10
314 543 10
314 549 10
314 550 10
314 551 10
314 552 10
314 555 10
314 556 10
314 559 10
314 560 10
314 569 10
314 619 10
315 344 10
315 346 10
315 347 10
315 348 10
315 351 10
315 357 10
315 358 10
315 359 10
315 360 10
315 363 10
315 371 10
315 373 10
315 376 10
315 379 10
315 381 10
315 383 10
315 389 10
315 392 10
315 395 10
315 396 10
315 399 10
315 400 10
315 401 10
315 402 10
315 403 10
315 406 10
315 407 10
315 409 10
315 410 10
315 411 10
315 414 10
315 415 10
315 428 10
315 429 10
315 432 10
315 448 10
315 459 10
315 460 10
315 461 10
315 462 10
315 468 10
315 469 10
315 472 10
315 473 10
315 474 10
315 475 10
315 478 10
315 487 10
315 488 10
315 489 10
315 490 10
315 491 10
315 492 10
315 494 10
315 495 10
315 512 10
315 518 10
315 522 10
315 524 10
315 528 10
315 530 10
315 533 10
315 534 10
315 536 10
315 538 10
315 540 10
315 542 10
315 545 10
315 551 10
315 553 10
315 554 10
315 555 10
315 556 10
315 557 10
315 558 10
315 559 10
315 560 10
315 561 10
315 562 10
315 564 10
315 566 10
315 567 10
315 569 10
315 571 10
315 577 10
315 578 10
315 579 10
315 624 10
316 342 10
316 344 10
316 345 10
316 348 10
316 352 10
316 353 10
316 354 10
316 356 10
316 357 10
316 358 10
316 359 10
316 361 10
316 371 10
316 377 10
316 379 10
316 380 10
316 385 10
316 387 10
316 389 10
316 391 10
316 392 10
316 393 10
316 394 10
316 395 10
316 396 10
316 397 10
316 398 10
316 399 10
316 403 10
316 404 10
316 406 10
316 407 10
316 409 10
316 410 10
316 412 10
316 413 10
316 429 10
316 431 10
316 459 10
316 460 10
316 461 10
316 462 10
316 464 10
316 466 10
316 468 10
316 469 10
316 475 10
316 480 10
316 486 10
316 488 10
316 489 10
316 490 10
316 491 10
316 492 10
316 495 10
316 498 10
316 499 10
316 500 10
316 505 10
316 513 10
316 514 10
316 515 10
316 520 10
316 521 10
316 522 10
316 523 10
316 524 10
316 527 10
316 528 10
316 530 10
316 532 10
316 535 10
316 547 10
316 550 10
316 553 10
316 556 10
316 557 10
316 558 10
316 563 10
316 564 10
316 566 10
316 567 10
316 568 10
316 569 10
316 571 10
316 572 10
317 334 10
317 342 10
317 344 10
317 346 10
317 347 10
317 348 10
317 352 10
317 353 10
317 354 10
317 356 10
317 357 10
317 358 10
317 359 10
317 361 10
317 365 10
317 376 10
317 379 10
317 383 10
317 390 10
317 392 10
317 393 10
317 394 10
317 395 10
317 397 10
317 398 10
317 399 10
317 400 10
317 401 10
317 403 10
317 404 10
317 405 10
317 408 10
317 409 10
317 412 10
317 413 10
317 414 10
317 417 10
317 418 10
317 419 10
317 420 10
317 422 10
317 423 10
317 428 10
317 431 10
317 432 10
317 449 10
317 458 10
317 465 10
317 466 10
317 468 10
317 470 10
317 474 10
317 476 10
317 478 10
317 480 10
317 484 10
317 487 10
317 488 10
317 490 10
317 491 10
317 493 10
317 494 10
317 496 10
317 503 10
317 506 10
317 514 10
317 517 10
317 519 10
317 520 10
317 522 10
317 525 10
317 526 10
317 528 10
317 529 10
317 531 10
317 533 10
317 535 10
317 536 10
317 543 10
317 545 10
317 546 10
317 547 10
317 549 10
317 552 10
317 554 10
317 555 10
317 556 10
317 559 10
317 563 10
317 564 10
317 565 10
317 568 10
317 572 10
317 578 10
317 579 10
318 340 10
318 342 10
318 343 10
318 344 10
318 346 10
318 351 10
318 353 10
318 355 10
318 358 10
318 359 10
318 361 10
318 362 10
318 370 10
318 378 10
318 381 10
318 385 10
318 386 10
318 387 10
318 388 10
318 389 10
318 393 10
318 394 10
318 395 10
318 397 10
318 398 10
318 399 10
318 400 10
318 402 10
318 404 10
318 405 10
318 406 10
318 407 10
318 409 10
318 410 10
318 411 10
318 412 10
318 417 10
318 418 10
318 419 10
318 421 10
318 424 10
318 425 10
318 429 10
318 430 10
318 434 10
318 438 10
318 458 10
318 462 10
318 464 10
318 466 10
318 467 10
318 468 10
318 470 10
318 471 10
318 472 10
318 473 10
318 474 10
318 475 10
318 476 10
318 481 10
318 484 10
318 485 10
318 488 10
318 489 10
318 493 10
318 496 10
318 498 10
318 500 10
318 502 10
318 504 10
318 510 10
318 512 10
318 514 10
318 519 10
318 522 10
318 523 10
318 524 10
318 526 10
318 527 10
318 528 10
318 529 10
318 532 10
318 533 10
318 541 10
318 560 10
318 562 10
318 563 10
318 565 10
318 569 10
318 570 10
318 576 10
319 336 10
319 337 10
319 339 10
319 341 10
319 342 10
319 343 10
319 344 10
319 346 10
319 349 10
319 352 10
319 353 10
319 355 10
319 357 10
319 358 10
319 359 10
319 360 10
319 368 10
319 378 10
319 379 10
319 380 10
319 386 10
319 389 10
319 390 10
319 391 10
319 394 10
319 395 10
319 396 10
319 397 10
319 400 10
319 401 10
319 404 10
319 405 10
319 407 10
319 408 10
319 410 10
319 411 10
319 413 10
319 414 10
319 415 10
319 416 10
319 417 10
319 418 10
319 419 10
319 420 10
319 428 10
319 432 10
319 433 10
319 459 10
319 462 10
319 464 10
319 465 10
319 466 10
319 467 10
319 468 10
319 477 10
319 478 10
319 479 10
319 481 10
319 483 10
319 486 10
319 488 10
319 489 10
319 494 10
319 495 10
319 496 10
319 500 10
319 501 10
319 503 10
319 504 10
319 508 10
319 509 10
319 512 10
319 515 10
319 517 10
319 518 10
319 521 10
319 523 10
319 524 10
319 526 10
319 527 10
319 528 10
319 529 10
319 533 10
319 534 10
319 541 10
319 544 10
319 551 10
319 552 10
319 559 10
319 562 10
319 565 10
319 567 10
319 570 10
319 572 10
319 573 10
319 575 10
320 331 10
320 337 10
320 338 10
320 341 10
320 343 10
320 344 10
320 347 10
320 350 10
320 351 10
320 353 10
320 358 10
320 360 10
320 361 10
320 362 10
320 365 10
320 373 10
320 379 10
320 390 10
320 391 10
320 393 10
320 394 10
320 395 10
320 396 10
320 402 10
320 404 10
320 405 10
320 406 10
320 407 10
320 410 10
320 413 10
320 415 10
320 416 10
320 418 10
320 419 10
320 420 10
320 421 10
320 425 10
320 428 10
320 432 10
320 435 10
320 438 10
320 441 10
320 461 10
320 465 10
320 467 10
320 469 10
320 470 10
320 472 10
320 474 10
320 476 10
320 479 10
320 482 10
320 483 10
320 485 10
320 496 10
320 498 10
320 499 10
320 500 10
320 503 10
320 505 10
320 511 10
320 513 10
320 515 10
320 516 10
320 519 10
320 520 10
320 521 10
320 522 10
320 523 10
320 525 10
320 526 10
320 527 10
320 528 10
320 529 10
320 530 10
320 531 10
320 533 10
320 537 10
320 539 10
320 548 10
320 550 10
320 551 10
320 563 10
320 564 10
320 568 10
320 569 10
320 572 10
320 612 10
321 333 10
321 334 10
321 335 10
321 338 10
321 339 10
321 340 10
321 343 10
321 345 10
321 347 10
321 348 10
321 349 10
321 352 10
321 353 10
321 354 10
321 355 10
321 356 10
321 357 10
321 359 10
321 360 10
321 362 10
321 366 10
321 370 10
321 371 10
321 372 10
321 374 10
321 385 10
321 386 10
321 388 10
321 393 10
321 394 10
321 395 10
321 396 10
321 403 10
321 405 10
321 406 10
321 412 10
321 413 10
321 415 10
321 416 10
321 417 10
321 418 10
321 421 10
321 422 10
321 423 10
321 425 10
321 426 10
321 427 10
321 434 10
321 435 10
321 438 10
321 439 10
321 447 10
321 451 10
321 459 10
321 463 10
321 465 10
321 466 10
321 467 10
321 469 10
321 472 10
321 473 10
321 477 10
321 478 10
321 479 10
321 484 10
321 489 10
321 490 10
321 494 10
321 497 10
321 498 10
321 500 10
321 501 10
321 503 10
321 504 10
321 513 10
321 515 10
321 517 10
321 518 10
321 519 10
321 520 10
321 521 10
321 522 10
321 523 10
321 524 10
321 525 10
321 526 10
321 527 10
321 528 10
321 529 10
321 533 10
321 536 10
321 538 10
321 548 10
321 549 10
321 551 10
321 554 10
321 560 10
321 561 10
321 565 10
321 566 10
321 567 10
321 568 10
321 569 10
321 570 10
321 575 10
322 327 10
322 329 10
322 330 10
322 331 10
322 332 10
322 337 10
322 338 10
322 343 10
322 345 10
322 346 10
322 347 10
322 348 10
322 355 10
322 356 10
322 363 10
322 364 10
322 366 10
322 368 10
322 369 10
322 372 10
322 374 10
322 375 10
322 387 10
322 390 10
322 392 10
322 393 10
322 396 10
322 406 10
322 410 10
322 411 10
322 414 10
322 415 10
322 416 10
322 417 10
322 418 10
322 419 10
322 421 10
322 429 10
322 432 10
322 434 10
322 435 10
322 438 10
322 441 10
322 443 10
322 447 10
322 455 10
322 461 10
322 463 10
322 465 10
322 466 10
322 467 10
322 468 10
322 469 10
322 470 10
322 471 10
322 472 10
322 473 10
322 474 10
322 477 10
322 479 10
322 486 10
322 487 10
322 490 10
322 494 10
322 495 10
322 496 10
322 497 10
322 500 10
322 508 10
322 511 10
322 513 10
322 515 10
322 517 10
322 518 10
322 520 10
322 522 10
322 525 10
322 526 10
322 527 10
322 528 10
322 529 10
322 530 10
322 531 10
322 532 10
322 533 10
322 534 10
322 537 10
322 542 10
322 549 10
322 552 10
322 562 10
322 564 10
322 566 10
322 569 10
322 571 10
322 574 10
322 577 10
323 331 10
323 332 10
323 337 10
323 338 10
323 339 10
323 344 10
323 346 10
323 348 10
323 351 10
323 353 10
323 354 10
323 359 10
323 360 10
323 363 10
323 365 10
323 367 10
323 369 10
323 370 10
323 372 10
323 373 10
323 374 10
323 375 10
323 381 10
323 385 10
323 386 10
323 387 10
323 389 10
323 391 10
323 394 10
323 395 10
323 405 10
323 412 10
323 415 10
323 416 10
323 417 10
323 418 10
323 423 10
323 426 10
323 427 10
323 428 10
323 431 10
323 436 10
323 437 10
323 438 10
323 442 10
323 448 10
323 462 10
323 465 10
323 468 10
323 469 10
323 470 10
323 471 10
323 473 10
323 474 10
323 475 10
323 485 10
323 486 10
323 488 10
323 490 10
323 495 10
323 496 10
323 498 10
323 500 10
323 502 10
323 509 10
323 516 10
323 519 10
323 520 10
323 521 10
323 522 10
323 523 10
323 524 10
323 525 10
323 527 10
323 528 10
323 529 10
323 532 10
323 536 10
323 537 10
323 538 10
323 540 10
323 548 10
323 549 10
323 551 10
323 554 10
323 558 10
323 564 10
323 566 10
323 567 10
323 568 10
323 569 10
323 570 10
323 572 10
323 575 10
323 577 10
323 591 10
323 594 10
324 329 10
324 332 10
324 334 10
324 342 10
324 346 10
324 353 10
324 354 10
324 356 10
324 357 10
324 358 10
324 361 10
324 362 10
324 364 10
324 365 10
324 368 10
324 373 10
324 377 10
324 379 10
324 380 10
324 381 10
324 388 10
324 389 10
324 391 10
324 397 10
324 410 10
324 411 10
324 413 10
324 414 10
324 415 10
324 417 10
324 418 10
324 419 10
324 420 10
324 426 10
324 427 10
324 429 10
324 433 10
324 435 10
324 436 10
324 437 10
324 438 10
324 439 10
324 441 10
324 442 10
324 444 10
324 449 10
324 450 10
324 456 10
324 460 10
324 461 10
324 462 10
324 464 10
324 465 10
324 470 10
324 472 10
324 474 10
324 476 10
324 487 10
324 488 10
324 489 10
324 490 10
324 491 10
324 496 10
324 497 10
324 499 10
324 500 10
324 515 10
324 517 10
324 520 10
324 522 10
324 524 10
324 525 10
324 526 10
324 527 10
324 528 10
324 529 10
324 530 10
324 531 10
324 533 10
324 534 10
324 535 10
324 537 10
324 542 10
324 562 10
324 563 10
324 564 10
324 566 10
324 567 10
324 570 10
324 572 10
324 575 10
324 577 10
324 589 10
324 592 10
325 330 10
325 331 10
325 332 10
325 333 10
325 335 10
325 338 10
325 339 10
325 342 10
325 343 10
325 344 10
325 345 10
325 346 10
325 347 10
325 348 10
325 349 10
325 356 10
325 359 10
325 362 10
325 367 10
325 370 10
325 371 10
325 372 10
325 388 10
325 390 10
325 391 10
325 395 10
325 397 10
325 415 10
325 420 10
325 423 10
325 424 10
325 428 10
325 429 10
325 431 10
325 432 10
325 434 10
325 437 10
325 438 10
325 439 10
325 440 10
325 443 10
325 445 10
325 450 10
325 460 10
325 464 10
325 465 10
325 466 10
325 467 10
325 468 10
325 470 10
325 471 10
325 473 10
325 481 10
325 482 10
325 485 10
325 487 10
325 488 10
325 494 10
325 495 10
325 500 10
325 502 10
325 517 10
325 518 10
325 522 10
325 523 10
325 524 10
325 525 10
325 526 10
325 527 10
325 528 10
325 529 10
325 530 10
325 532 10
325 534 10
325 536 10
325 539 10
325 542 10
325 546 10
325 547 10
325 554 10
325 557 10
325 563 10
325 565 10
325 567 10
325 569 10
325 571 10
325 577 10
325 579 10
325 590 10
325 593 10
325 601 10
325 618 10
326 332 10
326 334 10
326 336 10
326 339 10
326 340 10
326 344 10
326 352 10
326 353 10
326 354 10
326 355 10
326 356 10
326 368 10
326 370 10
326 371 10
326 373 10
326 379 10
326 388 10
326 410 10
326 411 10
326 412 10
326 418 10
326 419 10
326 424 10
326 427 10
326 429 10
326 430 10
326 432 10
326 435 10
326 436 10
326 437 10
326 438 10
326 439 10
326 440 10
326 442 10
326 443 10
326 445 10
326 446 10
326 448 10
326 462 10
326 464 10
326 465 10
326 466 10
326 468 10
326 469 10
326 471 10
326 472 10
326 474 10
326 479 10
326 484 10
326 485 10
326 486 10
326 489 10
326 497 10
326 498 10
326 501 10
326 503 10
326 511 10
326 519 10
326 521 10
326 522 10
326 525 10
326 526 10
326 527 10
326 528 10
326 532 10
326 537 10
326 544 10
326 550 10
326 553 10
326 555 10
326 556 10
326 557 10
326 559 10
326 562 10
326 563 10
326 565 10
326 567 10
326 569 10
326 570 10
326 575 10
326 577 10
326 578 10
326 579 10
326 580 10
326 590 10
326 603 10
326 605 10
326 619 10
326 622 10
327 330 10
327 331 10
327 335 10
327 339 10
327 343 10
327 346 10
327 348 10
327 349 10
327 350 10
327 351 10
327 353 10
327 354 10
327 362 10
327 363 10
327 364 10
327 366 10
327 367 10
327 369 10
327 372 10
327 373 10
327 377 10
327 386 10
327 387 10
327 395 10
327 396 10
327 409 10
327 413 10
327 414 10
327 420 10
327 426 10
327 428 10
327 429 10
327 431 10
327 432 10
327 434 10
327 435 10
327 436 10
327 438 10
327 440 10
327 441 10
327 442 10
327 443 10
327 445 10
327 446 10
327 447 10
327 448 10
327 450 10
327 452 10
327 459 10
327 463 10
327 464 10
327 465 10
327 466 10
327 467 10
327 468 10
327 469 10
327 472 10
327 480 10
327 481 10
327 488 10
327 489 10
327 493 10
327 496 10
327 498 10
327 499 10
327 500 10
327 502 10
327 503 10
327 507 10
327 516 10
327 520 10
327 522 10
327 523 10
327 526 10
327 527 10
327 528 10
327 529 10
327 530 10
327 531 10
327 532 10
327 535 10
327 536 10
327 537 10
327 538 10
327 542 10
327 545 10
327 552 10
327 554 10
327 555 10
327 556 10
327 557 10
327 558 10
327 562 10
327 566 10
327 571 10
327 572 10
327 576 10
327 583 10
327 591 10
327 619 10
327 621 10
327 622 10
328 328 10
328 329 10
328 339 10
328 340 10
328 341 10
328 342 10
328 344 10
328 345 10
328 346 10
328 347 10
328 348 10
328 350 10
328 351 10
328 363 10
328 364 10
328 366 10
328 368 10
328 369 10
328 375 10
328 386 10
328 388 10
328 396 10
328 410 10
328 411 10
328 414 10
328 419 10
328 420 10
328 425 10
328 426 10
328 430 10
328 434 10
328 436 10
328 437 10
328 439 10
328 441 10
328 444 10
328 445 10
328 448 10
328 450 10
328 451 10
328 453 10
328 454 10
328 458 10
328 459 10
328 460 10
328 461 10
328 463 10
328 464 10
328 467 10
328 468 10
328 469 10
328 470 10
328 471 10
328 472 10
328 477 10
328 478 10
328 479 10
328 480 10
328 483 10
328 484 10
328 489 10
328 493 10
328 495 10
328 496 10
328 497 10
328 501 10
328 503 10
328 509 10
328 515 10
328 517 10
328 519 10
328 520 10
328 521 10
328 524 10
328 526 10
328 527 10
328 530 10
328 531 10
328 532 10
328 534 10
328 535 10
328 536 10
328 539 10
328 541 10
328 543 10
328 551 10
328 552 10
328 554 10
328 555 10
328 558 10
328 559 10
328 561 10
328 563 10
328 565 10
328 569 10
328 570 10
328 572 10
328 573 10
328 618 10
328 619 10
328 621 10
329 330 10
329 333 10
329 336 10
329 342 10
329 344 10
329 345 10
329 348 10
329 351 10
329 355 10
329 360 10
329 362 10
329 364 10
329 365 10
329 370 10
329 372 10
329 373 10
329 374 10
329 375 10
329 376 10
329 393 10
329 395 10
329 396 10
329 397 10
329 399 10
329 409 10
329 410 10
329 411 10
329 412 10
329 413 10
329 414 10
329 415 10
329 416 10
329 420 10
329 421 10
329 422 10
329 425 10
329 429 10
329 431 10
329 435 10
329 437 10
329 438 10
329 439 10
329 440 10
329 441 10
329 443 10
329 444 10
329 446 10
329 448 10
329 449 10
329 450 10
329 451 10
329 457 10
329 461 10
329 462 10
329 463 10
329 464 10
329 465 10
329 466 10
329 467 10
329 470 10
329 473 10
329 480 10
329 484 10
329 485 10
329 486 10
329 488 10
329 497 10
329 499 10
329 500 10
329 502 10
329 503 10
329 504 10
329 507 10
329 508 10
329 509 10
329 513 10
329 514 10
329 515 10
329 521 10
329 522 10
329 523 10
329 525 10
329 526 10
329 527 10
329 528 10
329 529 10
329 533 10
329 534 10
329 535 10
329 537 10
329 538 10
329 539 10
329 545 10
329 549 10
329 550 10
329 552 10
329 555 10
329 557 10
329 558 10
329 560 10
329 561 10
329 563 10
329 565 10
329 566 10
329 567 10
329 569 10
329 585 10
329 594 10
329 620 10
329 621 10
330 328 10
330 330 10
330 333 10
330 334 10
330 338 10
330 341 10
330 344 10
330 346 10
330 347 10
330 348 10
330 349 10
330 351 10
330 352 10
330 356 10
330 363 10
330 365 10
330 370 10
330 386 10
330 388 10
330 389 10
330 391 10
330 393 10
330 399 10
330 409 10
330 410 10
330 411 10
330 414 10
330 417 10
330 419 10
330 420 10
330 421 10
330 424 10
330 426 10
330 433 10
330 434 10
330 436 10
330 437 10
330 438 10
330 439 10
330 440 10
330 442 10
330 444 10
330 445 10
330 446 10
330 449 10
330 450 10
330 454 10
330 457 10
330 458 10
330 460 10
330 464 10
330 466 10
330 467 10
330 468 10
330 469 10
330 470 10
330 471 10
330 472 10
330 473 10
330 475 10
330 476 10
330 477 10
330 479 10
330 481 10
330 495 10
330 497 10
330 498 10
330 500 10
330 504 10
330 506 10
330 507 10
330 508 10
330 509 10
330 510 10
330 514 10
330 515 10
330 516 10
330 518 10
330 520 10
330 522 10
330 523 10
330 525 10
330 526 10
330 527 10
330 528 10
330 529 10
330 530 10
330 531 10
330 535 10
330 537 10
330 540 10
330 541 10
330 550 10
330 551 10
330 556 10
330 558 10
330 559 10
330 567 10
330 571 10
330 573 10
330 575 10
330 576 10
330 584 10
330 620 10
330 621 10
330 629 10
330 661 10
331 329 10
331 330 10
331 338 10
331 339 10
331 341 10
331 342 10
331 343 10
331 350 10
331 353 10
331 358 10
331 362 10
331 363 10
331 365 10
331 373 10
331 374 10
331 375 10
331 376 10
331 377 10
331 386 10
331 392 10
331 393 10
331 394 10
331 403 10
331 410 10
331 413 10
331 414 10
331 415 10
331 420 10
331 422 10
331 423 10
331 425 10
331 427 10
331 430 10
331 432 10
331 433 10
331 435 10
331 438 10
331 440 10
331 445 10
331 446 10
331 447 10
331 448 10
331 450 10
331 451 10
331 452 10
331 455 10
331 460 10
331 462 10
331 463 10
331 464 10
331 465 10
331 466 10
331 467 10
331 470 10
331 471 10
331 472 10
331 473 10
331 475 10
331 476 10
331 477 10
331 479 10
331 486 10
331 487 10
331 496 10
331 497 10
331 498 10
331 500 10
331 502 10
331 506 10
331 512 10
331 513 10
331 514 10
331 517 10
331 520 10
331 522 10
331 523 10
331 524 10
331 525 10
331 526 10
331 527 10
331 528 10
331 529 10
331 530 10
331 531 10
331 535 10
331 537 10
331 539 10
331 541 10
331 542 10
331 548 10
331 549 10
331 550 10
331 552 10
331 555 10
331 557 10
331 564 10
331 567 10
331 570 10
331 571 10
331 578 10
331 580 10
331 581 10
331 582 10
331 586 10
331 595 10
331 598 10
331 599 10
331 618 10
331 620 10
331 663 10
332 332 10
332 338 10
332 341 10
332 343 10
332 344 10
332 346 10
332 348 10
332 349 10
332 350 10
332 351 10
332 352 10
332 353 10
332 361 10
332 364 10
332 366 10
332 372 10
332 374 10
332 377 10
332 391 10
332 400 10
332 403 10
332 404 10
332 405 10
332 408 10
332 409 10
332 410 10
332 412 10
332 414 10
332 421 10
332 423 10
332 425 10
332 427 10
332 432 10
332 435 10
332 439 10
332 440 10
332 441 10
332 442 10
332 443 10
332 446 10
332 447 10
332 449 10
332 455 10
332 457 10
332 458 10
332 459 10
332 461 10
332 462 10
332 463 10
332 464 10
332 465 10
332 467 10
332 469 10
332 470 10
332 472 10
332 474 10
332 476 10
332 481 10
332 484 10
332 496 10
332 497 10
332 499 10
332 501 10
332 507 10
332 515 10
332 516 10
332 521 10
332 522 10
332 523 10
332 524 10
332 525 10
332 526 10
332 527 10
332 528 10
332 529 10
332 530 10
332 531 10
332 532 10
332 534 10
332 535 10
332 543 10
332 548 10
332 549 10
332 550 10
332 552 10
332 553 10
332 554 10
332 555 10
332 556 10
332 562 10
332 568 10
332 569 10
332 572 10
332 573 10
332 574 10
332 575 10
332 579 10
332 580 10
332 582 10
332 585 10
332 586 10
332 587 10
332 596 10
332 597 10
332 598 10
332 600 10
332 601 10
332 604 10
332 620 10
332 621 10
332 622 10
332 661 10
333 328 10
333 331 10
333 332 10
333 336 10
333 337 10
333 338 10
333 339 10
333 341 10
333 343 10
333 344 10
333 346 10
333 347 10
333 348 10
333 349 10
333 350 10
333 352 10
333 353 10
333 364 10
333 376 10
333 392 10
333 394 10
333 396 10
333 398 10
333 404 10
333 407 10
333 409 10
333 412 10
333 413 10
333 416 10
333 417 10
333 418 10
333 420 10
333 421 10
333 429 10
333 430 10
333 435 10
333 437 10
333 438 10
333 445 10
333 446 10
333 447 10
333 452 10
333 453 10
333 455 10
333 456 10
333 458 10
333 465 10
333 467 10
333 468 10
333 469 10
333 470 10
333 471 10
333 472 10
333 474 10
333 475 10
333 477 10
333 479 10
333 481 10
333 493 10
333 495 10
333 500 10
333 502 10
333 505 10
333 507 10
333 509 10
333 510 10
333 521 10
333 523 10
333 524 10
333 525 10
333 526 10
333 527 10
333 528 10
333 529 10
333 530 10
333 532 10
333 536 10
333 537 10
333 538 10
333 539 10
333 541 10
333 542 10
333 543 10
333 545 10
333 547 10
333 552 10
333 554 10
333 555 10
333 558 10
333 561 10
333 563 10
333 566 10
333 570 10
333 571 10
333 578 10
333 579 10
333 581 10
333 582 10
333 583 10
333 586 10
333 589 10
333 592 10
333 594 10
333 595 10
333 596 10
333 619 10
333 620 10
333 632 10
333 633 10
333 661 10
333 662 10
333 665 10
334 323 10
334 328 10
334 331 10
334 334 10
334 339 10
334 340 10
334 341 10
334 346 10
334 348 10
334 349 10
334 350 10
334 362 10
334 363 10
334 366 10
334 391 10
334 396 10
334 403 10
334 405 10
334 407 10
334 409 10
334 410 10
334 411 10
334 412 10
334 414 10
334 415 10
334 417 10
334 418 10
334 422 10
334 424 10
334 429 10
334 430 10
334 432 10
334 433 10
334 436 10
334 439 10
334 441 10
334 442 10
334 444 10
334 445 10
334 447 10
334 451 10
334 456 10
334 458 10
334 459 10
334 460 10
334 461 10
334 463 10
334 464 10
334 467 10
334 469 10
334 470 10
334 471 10
334 473 10
334 474 10
334 475 10
334 476 10
334 478 10
334 480 10
334 481 10
334 489 10
334 491 10
334 497 10
334 498 10
334 499 10
334 500 10
334 501 10
334 504 10
334 507 10
334 520 10
334 522 10
334 523 10
334 524 10
334 525 10
334 526 10
334 527 10
334 528 10
334 529 10
334 530 10
334 531 10
334 532 10
334 533 10
334 545 10
334 547 10
334 549 10
334 552 10
334 556 10
334 559 10
334 567 10
334 568 10
334 570 10
334 574 10
334 577 10
334 579 10
334 580 10
334 581 10
334 585 10
334 589 10
334 592 10
334 594 10
334 597 10
334 600 10
334 603 10
334 619 10
334 621 10
334 627 10
334 629 10
335 322 10
335 324 10
335 331 10
335 334 10
335 338 10
335 342 10
335 343 10
335 344 10
335 345 10
335 346 10
335 349 10
335 350 10
335 351 10
335 352 10
335 364 10
335 368 10
335 376 10
335 395 10
335 396 10
335 404 10
335 405 10
335 407 10
335 416 10
335 418 10
335 426 10
335 427 10
335 428 10
335 430 10
335 431 10
335 432 10
335 435 10
335 436 10
335 439 10
335 440 10
335 441 10
335 442 10
335 443 10
335 450 10
335 451 10
335 454 10
335 457 10
335 464 10
335 465 10
335 466 10
335 467 10
335 468 10
335 471 10
335 475 10
335 476 10
335 479 10
335 495 10
335 499 10
335 504 10
335 508 10
335 509 10
335 512 10
335 514 10
335 519 10
335 520 10
335 523 10
335 526 10
335 527 10
335 528 10
335 529 10
335 530 10
335 531 10
335 534 10
335 539 10
335 541 10
335 542 10
335 549 10
335 551 10
335 552 10
335 555 10
335 556 10
335 559 10
335 562 10
335 563 10
335 564 10
335 565 10
335 566 10
335 567 10
335 568 10
335 569 10
335 570 10
335 571 10
335 572 10
335 581 10
335 587 10
335 590 10
335 591 10
335 594 10
335 596 10
335 600 10
335 603 10
335 605 10
335 611 10
335 613 10
335 620 10
335 621 10
335 624 10
335 631 10
335 632 10
336 321 10
336 322 10
336 323 10
336 330 10
336 332 10
336 335 10
336 341 10
336 342 10
336 346 10
336 347 10
336 348 10
336 349 10
336 366 10
336 373 10
336 404 10
336 405 10
336 409 10
336 410 10
336 412 10
336 413 10
336 415 10
336 418 10
336 421 10
336 423 10
336 424 10
336 425 10
336 428 10
336 431 10
336 432 10
336 433 10
336 434 10
336 435 10
336 436 10
336 438 10
336 441 10
336 443 10
336 444 10
336 446 10
336 449 10
336 451 10
336 452 10
336 453 10
336 454 10
336 464 10
336 465 10
336 466 10
336 468 10
336 469 10
336 471 10
336 473 10
336 474 10
336 478 10
336 496 10
336 498 10
336 499 10
336 501 10
336 503 10
336 504 10
336 505 10
336 506 10
336 514 10
336 520 10
336 522 10
336 524 10
336 525 10
336 527 10
336 528 10
336 529 10
336 530 10
336 531 10
336 533 10
336 539 10
336 540 10
336 551 10
336 552 10
336 553 10
336 557 10
336 562 10
336 567 10
336 568 10
336 569 10
336 572 10
336 580 10
336 584 10
336 587 10
336 588 10
336 590 10
336 591 10
336 593 10
336 598 10
336 599 10
336 602 10
336 605 10
336 612 10
336 613 10
336 614 10
336 624 10
336 625 10
337 321 10
337 323 10
337 324 10
337 329 10
337 330 10
337 332 10
337 336 10
337 337 10
337 338 10
337 340 10
337 342 10
337 343 10
337 344 10
337 346 10
337 347 10
337 348 10
337 349 10
337 350 10
337 364 10
337 367 10
337 371 10
337 393 10
337 395 10
337 400 10
337 403 10
337 406 10
337 407 10
337 415 10
337 419 10
337 420 10
337 421 10
337 423 10
337 426 10
337 427 10
337 429 10
337 430 10
337 431 10
337 433 10
337 434 10
337 435 10
337 436 10
337 437 10
337 441 10
337 446 10
337 449 10
337 451 10
337 452 10
337 453 10
337 455 10
337 458 10
337 460 10
337 462 10
337 472 10
337 475 10
337 477 10
337 479 10
337 482 10
337 486 10
337 493 10
337 496 10
337 497 10
337 501 10
337 502 10
337 504 10
337 505 10
337 507 10
337 508 10
337 510 10
337 512 10
337 513 10
337 521 10
337 525 10
337 526 10
337 527 10
337 529 10
337 530 10
337 531 10
337 532 10
337 541 10
337 547 10
337 548 10
337 553 10
337 555 10
337 557 10
337 559 10
337 565 10
337 566 10
337 572 10
337 573 10
337 579 10
337 580 10
337 581 10
337 582 10
337 583 10
337 584 10
337 585 10
337 587 10
337 590 10
337 591 10
337 592 10
337 593 10
337 595 10
337 596 10
337 598 10
337 600 10
337 601 10
337 603 10
337 610 10
337 611 10
337 612 10
338 322 10
338 331 10
338 332 10
338 334 10
338 335 10
338 344 10
338 364 10
338 365 10
338 384 10
338 387 10
338 388 10
338 392 10
338 394 10
338 407 10
338 413 10
338 422 10
338 423 10
338 424 10
338 425 10
338 428 10
338 429 10
338 430 10
338 431 10
338 432 10
338 433 10
338 437 10
338 440 10
338 441 10
338 442 10
338 448 10
338 450 10
338 451 10
338 452 10
338 453 10
338 456 10
338 460 10
338 461 10
338 462 10
338 465 10
338 467 10
338 469 10
338 470 10
338 471 10
338 474 10
338 475 10
338 476 10
338 482 10
338 483 10
338 485 10
338 486 10
338 488 10
338 493 10
338 496 10
338 498 10
338 499 10
338 501 10
338 503 10
338 504 10
338 505 10
338 506 10
338 507 10
338 511 10
338 514 10
338 515 10
338 517 10
338 518 10
338 522 10
338 523 10
338 524 10
338 527 10
338 529 10
338 530 10
338 531 10
338 533 10
338 534 10
338 537 10
338 540 10
338 542 10
338 544 10
338 546 10
338 549 10
338 556 10
338 566 10
338 568 10
338 570 10
338 572 10
338 573 10
338 583 10
338 584 10
338 585 10
338 587 10
338 589 10
338 591 10
338 594 10
338 595 10
338 596 10
338 597 10
338 599 10
338 601 10
338 604 10
338 624 10
338 633 10
339 333 10
339 334 10
339 336 10
339 338 10
339 342 10
339 350 10
339 366 10
339 368 10
339 369 10
339 378 10
339 386 10
339 391 10
339 392 10
339 393 10
339 395 10
339 402 10
339 405 10
339 410 10
339 411 10
339 413 10
339 414 10
339 416 10
339 419 10
339 420 10
339 423 10
339 425 10
339 427 10
339 429 10
339 431 10
339 433 10
339 434 10
339 435 10
339 436 10
339 438 10
339 443 10
339 445 10
339 446 10
339 449 10
339 450 10
339 451 10
339 453 10
339 454 10
339 456 10
339 457 10
339 458 10
339 467 10
339 469 10
339 470 10
339 478 10
339 479 10
339 484 10
339 494 10
339 498 10
339 499 10
339 501 10
339 502 10
339 503 10
339 504 10
339 505 10
339 506 10
339 508 10
339 509 10
339 511 10
339 518 10
339 522 10
339 526 10
339 531 10
339 536 10
339 538 10
339 539 10
339 540 10
339 542 10
339 550 10
339 556 10
339 559 10
339 566 10
339 574 10
339 576 10
339 578 10
339 579 10
339 581 10
339 583 10
339 584 10
339 585 10
339 588 10
339 590 10
339 594 10
339 595 10
339 596 10
339 597 10
339 598 10
339 599 10
339 601 10
339 606 10
339 612 10
339 613 10
339 625 10
339 626 10
340 331 10
340 335 10
340 336 10
340 337 10
340 339 10
340 345 10
340 350 10
340 351 10
340 361 10
340 365 10
340 368 10
340 381 10
340 383 10
340 387 10
340 389 10
340 396 10
340 402 10
340 403 10
340 404 10
340 405 10
340 411 10
340 413 10
340 414 10
340 419 10
340 421 10
340 423 10
340 425 10
340 426 10
340 427 10
340 428 10
340 429 10
340 431 10
340 433 10
340 435 10
340 436 10
340 437 10
340 438 10
340 442 10
340 447 10
340 449 10
340 452 10
340 453 10
340 454 10
340 459 10
340 460 10
340 465 10
340 466 10
340 469 10
340 471 10
340 473 10
340 474 10
340 475 10
340 478 10
340 479 10
340 480 10
340 483 10
340 484 10
340 485 10
340 486 10
340 487 10
340 488 10
340 492 10
340 494 10
340 497 10
340 499 10
340 500 10
340 501 10
340 503 10
340 505 10
340 506 10
340 509 10
340 511 10
340 514 10
340 517 10
340 520 10
340 521 10
340 533 10
340 536 10
340 538 10
340 539 10
340 541 10
340 543 10
340 544 10
340 547 10
340 548 10
340 549 10
340 557 10
340 571 10
340 572 10
340 574 10
340 576 10
340 577 10
340 580 10
340 581 10
340 587 10
340 588 10
340 592 10
340 593 10
340 594 10
340 595 10
340 596 10
340 598 10
340 600 10
340 605 10
340 625 10
340 627 10
341 333 10
341 335 10
341 337 10
341 340 10
341 342 10
341 344 10
341 350 10
341 360 10
341 364 10
341 366 10
341 368 10
341 370 10
341 371 10
341 380 10
341 383 10
341 384 10
341 385 10
341 399 10
341 400 10
341 401 10
341 402 10
341 403 10
341 404 10
341 411 10
341 416 10
341 421 10
341 422 10
341 423 10
341 424 10
341 427 10
341 432 10
341 435 10
341 436 10
341 438 10
341 444 10
341 445 10
341 446 10
341 447 10
341 448 10
341 451 10
341 455 10
341 457 10
341 462 10
341 464 10
341 466 10
341 467 10
341 468 10
341 470 10
341 471 10
341 473 10
341 475 10
341 486 10
341 494 10
341 496 10
341 497 10
341 498 10
341 499 10
341 501 10
341 502 10
341 503 10
341 504 10
341 505 10
341 506 10
341 507 10
341 509 10
341 510 10
341 511 10
341 513 10
341 516 10
341 519 10
341 520 10
341 524 10
341 525 10
341 526 10
341 531 10
341 533 10
341 539 10
341 540 10
341 541 10
341 544 10
341 546 10
341 550 10
341 567 10
341 569 10
341 573 10
341 578 10
341 579 10
341 580 10
341 581 10
341 582 10
341 587 10
341 597 10
341 598 10
341 600 10
341 602 10
341 630 10
342 331 10
342 337 10
342 338 10
342 339 10
342 341 10
342 362 10
342 365 10
342 369 10
342 376 10
342 377 10
342 379 10
342 380 10
342 382 10
342 384 10
342 403 10
342 404 10
342 405 10
342 406 10
342 413 10
342 414 10
342 419 10
342 420 10
342 423 10
342 424 10
342 425 10
342 426 10
342 427 10
342 432 10
342 433 10
342 435 10
342 436 10
342 439 10
342 447 10
342 448 10
342 449 10
342 450 10
342 457 10
342 458 10
342 460 10
342 465 10
342 470 10
342 472 10
342 478 10
342 480 10
342 482 10
342 483 10
342 484 10
342 485 10
342 486 10
342 488 10
342 499 10
342 500 10
342 501 10
342 502 10
342 503 10
342 504 10
342 505 10
342 510 10
342 512 10
342 513 10
342 517 10
342 518 10
342 521 10
342 525 10
342 527 10
342 529 10
342 533 10
342 534 10
342 536 10
342 537 10
342 538 10
342 539 10
342 541 10
342 542 10
342 543 10
342 556 10
342 558 10
342 565 10
342 566 10
342 567 10
342 572 10
342 573 10
342 576 10
342 578 10
342 580 10
342 581 10
342 583 10
342 586 10
342 591 10
342 593 10
342 594 10
342 595 10
342 599 10
342 601 10
342 602 10
342 605 10
342 628 10
342 679 10
343 333 10
343 336 10
343 337 10
343 338 10
343 339 10
343 340 10
343 349 10
343 365 10
343 366 10
343 367 10
343 368 10
343 375 10
343 382 10
343 384 10
343 393 10
343 395 10
343 399 10
343 402 10
343 416 10
343 420 10
343 423 10
343 427 10
343 428 10
343 446 10
343 447 10
343 448 10
343 449 10
343 462 10
343 465 10
343 468 10
343 470 10
343 471 10
343 472 10
343 484 10
343 485 10
343 498 10
343 500 10
343 502 10
343 503 10
343 510 10
343 518 10
343 519 10
343 520 10
343 521 10
343 522 10
343 524 10
343 527 10
343 530 10
343 531 10
343 536 10
343 537 10
343 539 10
343 541 10
343 546 10
343 547 10
343 548 10
343 553 10
343 555 10
343 558 10
343 562 10
343 566 10
343 567 10
343 568 10
343 574 10
343 575 10
343 578 10
343 580 10
343 585 10
343 586 10
343 592 10
343 594 10
343 597 10
343 599 10
343 606 10
343 625 10
343 628 10
343 681 10
344 322 10
344 334 10
344 335 10
344 336 10
344 339 10
344 361 10
344 363 10
344 369 10
344 378 10
344 379 10
344 380 10
344 381 10
344 383 10
344 384 10
344 391 10
344 394 10
344 406 10
344 407 10
344 408 10
344 412 10
344 413 10
344 414 10
344 416 10
344 417 10
344 419 10
344 421 10
344 423 10
344 426 10
344 427 10
344 431 10
344 432 10
344 434 10
344 447 10
344 448 10
344 449 10
344 451 10
344 461 10
344 466 10
344 467 10
344 468 10
344 469 10
344 470 10
344 471 10
344 472 10
344 476 10
344 480 10
344 481 10
344 483 10
344 484 10
344 485 10
344 486 10
344 487 10
344 490 10
344 494 10
344 498 10
344 499 10
344 500 10
344 502 10
344 504 10
344 505 10
344 506 10
344 507 10
344 512 10
344 517 10
344 521 10
344 522 10
344 524 10
344 525 10
344 526 10
344 529 10
344 530 10
344 532 10
344 533 10
344 536 10
344 537 10
344 538 10
344 539 10
344 541 10
344 542 10
344 543 10
344 544 10
344 545 10
344 547 10
344 553 10
344 554 10
344 564 10
344 566 10
344 570 10
344 578 10
344 586 10
344 587 10
344 588 10
344 595 10
344 596 10
344 597 10
344 598 10
344 599 10
344 601 10
344 605 10
345 332 10
345 335 10
345 337 10
345 339 10
345 363 10
345 364 10
345 377 10
345 378 10
345 379 10
345 380 10
345 383 10
345 384 10
345 389 10
345 391 10
345 392 10
345 405 10
345 419 10
345 420 10
345 421 10
345 422 10
345 428 10
345 430 10
345 433 10
345 435 10
345 440 10
345 442 10
345 445 10
345 446 10
345 451 10
345 461 10
345 463 10
345 465 10
345 468 10
345 469 10
345 472 10
345 473 10
345 475 10
345 479 10
345 480 10
345 484 10
345 486 10
345 490 10
345 491 10
345 492 10
345 497 10
345 498 10
345 499 10
345 501 10
345 503 10
345 509 10
345 511 10
345 520 10
345 525 10
345 526 10
345 528 10
345 529 10
345 531 10
345 534 10
345 538 10
345 539 10
345 540 10
345 541 10
345 542 10
345 543 10
345 545 10
345 547 10
345 548 10
345 559 10
345 562 10
345 563 10
345 566 10
345 568 10
345 570 10
345 572 10
345 578 10
345 579 10
345 580 10
345 586 10
345 594 10
345 597 10
345 602 10
345 603 10
345 623 10
345 650 10
345 680 10
346 315 10
346 329 10
346 333 10
346 335 10
346 359 10
346 363 10
346 364 10
346 365 10
346 375 10
346 378 10
346 379 10
346 380 10
346 381 10
346 383 10
346 384 10
346 386 10
346 393 10
346 405 10
346 409 10
346 411 10
346 416 10
346 417 10
346 419 10
346 420 10
346 421 10
346 422 10
346 426 10
346 428 10
346 429 10
346 430 10
346 433 10
346 434 10
346 435 10
346 436 10
346 439 10
346 443 10
346 445 10
346 447 10
346 449 10
346 453 10
346 462 10
346 465 10
346 466 10
346 468 10
346 470 10
346 472 10
346 478 10
346 479 10
346 480 10
346 484 10
346 486 10
346 488 10
346 489 10
346 492 10
346 494 10
346 500 10
346 501 10
346 505 10
346 513 10
346 517 10
346 520 10
346 529 10
346 531 10
346 537 10
346 540 10
346 543 10
346 544 10
346 546 10
346 548 10
346 549 10
346 551 10
346 561 10
346 565 10
346 566 10
346 569 10
346 570 10
346 571 10
346 579 10
346 581 10
346 584 10
346 587 10
346 588 10
346 591 10
346 594 10
346 595 10
346 597 10
346 599 10
346 600 10
346 601 10
346 603 10
346 626 10
346 628 10
346 681 10
347 312 10
347 360 10
347 361 10
347 362 10
347 363 10
347 371 10
347 375 10
347 376 10
347 377 10
347 378 10
347 381 10
347 384 10
347 388 10
347 389 10
347 390 10
347 391 10
347 392 10
347 394 10
347 404 10
347 406 10
347 408 10
347 410 10
347 415 10
347 416 10
347 417 10
347 419 10
347 420 10
347 421 10
347 428 10
347 430 10
347 431 10
347 434 10
347 435 10
347 441 10
347 443 10
347 447 10
347 448 10
347 458 10
347 459 10
347 466 10
347 467 10
347 469 10
347 474 10
347 475 10
347 476 10
347 477 10
347 479 10
347 480 10
347 482 10
347 483 10
347 487 10
347 502 10
347 503 10
347 505 10
347 514 10
347 515 10
347 517 10
347 529 10
347 531 10
347 532 10
347 533 10
347 536 10
347 538 10
347 540 10
347 543 10
347 551 10
347 561 10
347 566 10
347 567 10
347 568 10
347 569 10
347 570 10
347 571 10
347 581 10
347 592 10
347 594 10
347 595 10
347 596 10
347 597 10
347 598 10
347 600 10
347 601 10
347 623 10
347 649 10
348 313 10
348 334 10
348 335 10
348 363 10
348 364 10
348 367 10
348 368 10
348 378 10
348 381 10
348 383 10
348 392 10
348 406 10
348 409 10
348 413 10
348 414 10
348 415 10
348 417 10
348 422 10
348 423 10
348 433 10
348 435 10
348 436 10
348 437 10
348 441 10
348 447 10
348 449 10
348 450 10
348 451 10
348 452 10
348 454 10
348 465 10
348 467 10
348 469 10
348 472 10
348 474 10
348 476 10
348 481 10
348 484 10
348 485 10
348 487 10
348 501 10
348 506 10
348 512 10
348 517 10
348 530 10
348 532 10
348 533 10
348 534 10
348 535 10
348 536 10
348 537 10
348 539 10
348 540 10
348 542 10
348 543 10
348 544 10
348 548 10
348 561 10
348 563 10
348 564 10
348 566 10
348 567 10
348 568 10
348 569 10
348 572 10
348 574 10
348 581 10
348 586 10
348 592 10
348 595 10
348 599 10
348 603 10
348 623 10
348 624 10
348 625 10
349 311 10
349 317 10
349 367 10
349 369 10
349 370 10
349 372 10
349 375 10
349 379 10
349 382 10
349 383 10
349 386 10
349 387 10
349 388 10
349 389 10
349 392 10
349 394 10
349 395 10
349 396 10
349 397 10
349 404 10
349 413 10
349 414 10
349 416 10
349 418 10
349 420 10
349 421 10
349 432 10
349 437 10
349 438 10
349 448 10
349 462 10
349 464 10
349 465 10
349 466 10
349 467 10
349 468 10
349 469 10
349 470 10
349 472 10
349 475 10
349 477 10
349 478 10
349 479 10
349 481 10
349 483 10
349 484 10
349 486 10
349 488 10
349 500 10
349 504 10
349 505 10
349 513 10
349 514 10
349 525 10
349 527 10
349 533 10
349 535 10
349 538 10
349 539 10
349 541 10
349 563 10
349 566 10
349 567 10
349 569 10
349 570 10
349 572 10
349 580 10
349 581 10
349 586 10
349 587 10
349 588 10
349 592 10
349 593 10
349 595 10
349 596 10
349 597 10
349 598 10
349 606 10
349 608 10
349 618 10
349 621 10
349 623 10
349 624 10
350 323 10
350 333 10
350 334 10
350 364 10
350 365 10
350 369 10
350 370 10
350 372 10
350 373 10
350 378 10
350 380 10
350 381 10
350 382 10
350 383 10
350 385 10
350 386 10
350 389 10
350 390 10
350 392 10
350 396 10
350 406 10
350 408 10
350 411 10
350 417 10
350 421 10
350 424 10
350 435 10
350 438 10
350 439 10
350 440 10
350 452 10
350 465 10
350 467 10
350 474 10
350 478 10
350 481 10
350 485 10
350 486 10
350 487 10
350 490 10
350 492 10
350 501 10
350 503 10
350 504 10
350 505 10
350 506 10
350 509 10
350 510 10
350 511 10
350 512 10
350 514 10
350 515 10
350 523 10
350 526 10
350 534 10
350 536 10
350 537 10
350 540 10
350 541 10
350 548 10
350 549 10
350 562 10
350 567 10
350 568 10
350 576 10
350 580 10
350 583 10
350 588 10
350 591 10
350 593 10
350 594 10
350 595 10
350 596 10
350 597 10
350 600 10
350 621 10
350 626 10
351 319 10
351 323 10
351 342 10
351 366 10
351 367 10
351 371 10
351 378 10
351 380 10
351 382 10
351 383 10
351 384 10
351 385 10
351 388 10
351 389 10
351 391 10
351 399 10
351 410 10
351 412 10
351 413 10
351 421 10
351 424 10
351 428 10
351 431 10
351 432 10
351 433 10
351 435 10
351 436 10
351 437 10
351 438 10
351 439 10
351 464 10
351 465 10
351 467 10
351 468 10
351 470 10
351 472 10
351 473 10
351 474 10
351 476 10
351 478 10
351 484 10
351 488 10
351 490 10
351 500 10
351 510 10
351 512 10
351 517 10
351 521 10
351 523 10
351 530 10
351 532 10
351 533 10
351 534 10
351 535 10
351 539 10
351 564 10
351 565 10
351 569 10
351 582 10
351 583 10
351 592 10
351 595 10
351 597 10
351 606 10
351 609 10
351 610 10
351 612 10
351 614 10
351 616 10
351 619 10
351 624 10
352 312 10
352 322 10
352 342 10
352 365 10
352 366 10
352 368 10
352 369 10
352 373 10
352 376 10
352 377 10
352 380 10
352 382 10
352 384 10
352 385 10
352 386 10
352 390 10
352 391 10
352 393 10
352 394 10
352 398 10
352 406 10
352 407 10
352 409 10
352 411 10
352 412 10
352 421 10
352 422 10
352 424 10
352 426 10
352 430 10
352 436 10
352 451 10
352 453 10
352 464 10
352 466 10
352 467 10
352 468 10
352 470 10
352 471 10
352 472 10
352 475 10
352 476 10
352 477 10
352 479 10
352 481 10
352 482 10
352 484 10
352 485 10
352 487 10
352 488 10
352 496 10
352 505 10
352 507 10
352 512 10
352 517 10
352 519 10
352 522 10
352 523 10
352 524 10
352 529 10
352 531 10
352 532 10
352 534 10
352 535 10
352 540 10
352 541 10
352 542 10
352 543 10
352 544 10
352 562 10
352 564 10
352 566 10
352 581 10
352 582 10
352 583 10
352 585 10
352 594 10
352 595 10
352 596 10
352 597 10
352 603 10
352 606 10
352 607 10
352 608 10
352 609 10
352 610 10
352 612 10
352 617 10
352 618 10
352 619 10
352 620 10
352 622 10
352 624 10
353 319 10
353 342 10
353 364 10
353 368 10
353 371 10
353 372 10
353 373 10
353 374 10
353 375 10
353 380 10
353 381 10
353 382 10
353 386 10
353 387 10
353 389 10
353 394 10
353 401 10
353 409 10
353 412 10
353 416 10
353 430 10
353 432 10
353 436 10
353 440 10
353 444 10
353 445 10
353 446 10
353 448 10
353 449 10
353 460 10
353 466 10
353 468 10
353 469 10
353 473 10
353 474 10
353 475 10
353 477 10
353 483 10
353 486 10
353 488 10
353 490 10
353 497 10
353 500 10
353 504 10
353 505 10
353 507 10
353 508 10
353 511 10
353 512 10
353 522 10
353 529 10
353 532 10
353 533 10
353 535 10
353 536 10
353 537 10
353 539 10
353 540 10
353 542 10
353 545 10
353 557 10
353 562 10
353 563 10
353 567 10
353 574 10
353 579 10
353 580 10
353 582 10
353 585 10
353 590 10
353 591 10
353 596 10
353 597 10
353 601 10
353 602 10
353 603 10
353 605 10
353 607 10
353 608 10
353 611 10
353 618 10
353 621 10
353 625 10
353 626 10
354 314 10
354 318 10
354 319 10
354 364 10
354 369 10
354 378 10
354 380 10
354 386 10
354 388 10
354 389 10
354 394 10
354 403 10
354 405 10
354 408 10
354 410 10
354 412 10
354 413 10
354 422 10
354 425 10
354 427 10
354 429 10
354 430 10
354 436 10
354 437 10
354 438 10
354 439 10
354 443 10
354 445 10
354 448 10
354 452 10
354 465 10
354 466 10
354 474 10
354 475 10
354 477 10
354 478 10
354 479 10
354 481 10
354 484 10
354 487 10
354 488 10
354 491 10
354 495 10
354 499 10
354 505 10
354 507 10
354 510 10
354 513 10
354 521 10
354 522 10
354 530 10
354 531 10
354 532 10
354 534 10
354 535 10
354 536 10
354 537 10
354 541 10
354 542 10
354 544 10
354 563 10
354 568 10
354 571 10
354 574 10
354 577 10
354 579 10
354 581 10
354 582 10
354 583 10
354 584 10
354 585 10
354 588 10
354 596 10
354 603 10
354 605 10
354 612 10
354 614 10
354 615 10
354 618 10
354 620 10
354 622 10
354 624 10
354 625 10
354 626 10
354 627 10
354 629 10
354 632 10
355 312 10
355 315 10
355 316 10
355 317 10
355 368 10
355 373 10
355 375 10
355 377 10
355 379 10
355 387 10
355 391 10
355 410 10
355 411 10
355 412 10
355 413 10
355 418 10
355 421 10
355 429 10
355 439 10
355 441 10
355 442 10
355 446 10
355 447 10
355 464 10
355 475 10
355 477 10
355 478 10
355 479 10
355 481 10
355 482 10
355 486 10
355 494 10
355 498 10
355 499 10
355 500 10
355 501 10
355 502 10
355 504 10
355 506 10
355 508 10
355 510 10
355 512 10
355 514 10
355 516 10
355 520 10
355 521 10
355 522 10
355 523 10
355 526 10
355 527 10
355 528 10
355 529 10
355 534 10
355 535 10
355 536 10
355 540 10
355 541 10
355 543 10
355 544 10
355 545 10
355 546 10
355 547 10
355 559 10
355 563 10
355 564 10
355 565 10
355 569 10
355 574 10
355 577 10
355 579 10
355 583 10
355 590 10
355 592 10
355 593 10
355 595 10
355 599 10
355 603 10
355 609 10
355 611 10
355 614 10
355 618 10
355 619 10
355 622 10
355 624 10
355 626 10
355 627 10
355 629 10
355 631 10
355 633 10
356 376 10
356 379 10
356 383 10
356 388 10
356 389 10
356 393 10
356 394 10
356 395 10
356 396 10
356 397 10
356 398 10
356 420 10
356 421 10
356 423 10
356 424 10
356 425 10
356 426 10
356 431 10
356 432 10
356 435 10
356 438 10
356 439 10
356 440 10
356 441 10
356 443 10
356 448 10
356 450 10
356 452 10
356 465 10
356 468 10
356 474 10
356 476 10
356 477 10
356 478 10
356 479 10
356 482 10
356 483 10
356 484 10
356 487 10
356 488 10
356 489 10
356 490 10
356 491 10
356 492 10
356 496 10
356 499 10
356 503 10
356 504 10
356 505 10
356 507 10
356 508 10
356 509 10
356 510 10
356 511 10
356 512 10
356 513 10
356 521 10
356 524 10
356 526 10
356 527 10
356 528 10
356 530 10
356 535 10
356 536 10
356 537 10
356 542 10
356 543 10
356 544 10
356 545 10
356 548 10
356 559 10
356 568 10
356 570 10
356 571 10
356 574 10
356 575 10
356 576 10
356 577 10
356 578 10
356 580 10
356 582 10
356 583 10
356 585 10
356 586 10
356 591 10
356 594 10
356 596 10
356 597 10
356 601 10
356 617 10
356 620 10
356 622 10
356 624 10
356 626 10
356 627 10
356 628 10
356 629 10
356 631 10
357 316 10
357 317 10
357 376 10
357 379 10
357 380 10
357 383 10
357 387 10
357 389 10
357 391 10
357 392 10
357 395 10
357 396 10
357 399 10
357 404 10
357 407 10
357 408 10
357 413 10
357 414 10
357 426 10
357 432 10
357 438 10
357 444 10
357 445 10
357 451 10
357 466 10
357 474 10
357 476 10
357 478 10
357 485 10
357 487 10
357 488 10
357 490 10
357 491 10
357 494 10
357 506 10
357 507 10
357 509 10
357 510 10
357 511 10
357 513 10
357 514 10
357 515 10
357 516 10
357 519 10
357 520 10
357 521 10
357 523 10
357 528 10
357 532 10
357 540 10
357 541 10
357 543 10
357 545 10
357 546 10
357 547 10
357 559 10
357 563 10
357 565 10
357 569 10
357 570 10
357 572 10
357 577 10
357 579 10
357 580 10
357 584 10
357 585 10
357 591 10
357 592 10
357 593 10
357 594 10
357 595 10
357 596 10
357 597 10
357 599 10
357 601 10
357 610 10
357 614 10
357 620 10
357 623 10
357 624 10
357 625 10
357 626 10
357 628 10
357 630 10
357 631 10
358 357 10
358 358 10
358 359 10
358 361 10
358 365 10
358 367 10
358 369 10
358 371 10
358 376 10
358 377 10
358 380 10
358 383 10
358 385 10
358 389 10
358 390 10
358 393 10
358 395 10
358 397 10
358 398 10
358 399 10
358 408 10
358 412 10
358 414 10
358 420 10
358 424 10
358 427 10
358 431 10
358 440 10
358 441 10
358 442 10
358 443 10
358 444 10
358 445 10
358 446 10
358 447 10
358 448 10
358 453 10
358 456 10
358 464 10
358 466 10
358 471 10
358 474 10
358 478 10
358 480 10
358 482 10
358 483 10
358 485 10
358 488 10
358 491 10
358 492 10
358 495 10
358 500 10
358 502 10
358 504 10
358 506 10
358 508 10
358 509 10
358 510 10
358 512 10
358 515 10
358 516 10
358 523 10
358 524 10
358 525 10
358 526 10
358 527 10
358 528 10
358 529 10
358 530 10
358 532 10
358 538 10
358 540 10
358 542 10
358 543 10
358 544 10
358 573 10
358 575 10
358 576 10
358 589 10
358 593 10
358 594 10
358 596 10
358 603 10
358 606 10
358 607 10
358 608 10
358 620 10
358 623 10
358 626 10
358 630 10
359 356 10
359 360 10
359 371 10
359 374 10
359 381 10
359 383 10
359 385 10
359 388 10
359 389 10
359 390 10
359 392 10
359 394 10
359 395 10
359 397 10
359 403 10
359 404 10
359 408 10
359 414 10
359 415 10
359 417 10
359 422 10
359 424 10
359 426 10
359 430 10
359 431 10
359 432 10
359 433 10
359 438 10
359 439 10
359 441 10
359 442 10
359 443 10
359 444 10
359 448 10
359 464 10
359 473 10
359 481 10
359 482 10
359 485 10
359 487 10
359 490 10
359 492 10
359 493 10
359 494 10
359 495 10
359 496 10
359 497 10
359 498 10
359 502 10
359 503 10
359 508 10
359 509 10
359 511 10
359 512 10
359 514 10
359 515 10
359 517 10
359 519 10
359 520 10
359 521 10
359 524 10
359 526 10
359 527 10
359 528 10
359 529 10
359 532 10
359 533 10
359 534 10
359 542 10
359 543 10
359 567 10
359 572 10
359 575 10
359 580 10
359 581 10
359 582 10
359 583 10
359 589 10
359 591 10
359 593 10
359 595 10
359 596 10
359 600 10
359 610 10
359 612 10
359 613 10
359 623 10
359 628 10
359 629 10
359 635 10
359 639 10
359 648 10
359 650 10
359 652 10
360 362 10
360 370 10
360 371 10
360 372 10
360 374 10
360 378 10
360 380 10
360 384 10
360 394 10
360 398 10
360 409 10
360 410 10
360 412 10
360 413 10
360 416 10
360 417 10
360 418 10
360 422 10
360 439 10
360 440 10
360 442 10
360 443 10
360 444 10
360 448 10
360 455 10
360 466 10
360 472 10
360 474 10
360 475 10
360 476 10
360 477 10
360 482 10
360 488 10
360 490 10
360 491 10
360 492 10
360 493 10
360 494 10
360 495 10
360 496 10
360 497 10
360 501 10
360 503 10
360 509 10
360 513 10
360 515 10
360 518 10
360 521 10
360 522 10
360 523 10
360 526 10
360 527 10
360 528 10
360 529 10
360 530 10
360 531 10
360 532 10
360 534 10
360 536 10
360 537 10
360 540 10
360 541 10
360 570 10
360 572 10
360 573 10
360 576 10
360 584 10
360 585 10
360 587 10
360 590 10
360 595 10
360 597 10
360 602 10
360 606 10
360 608 10
360 610 10
360 613 10
360 614 10
360 619 10
360 620 10
360 622 10
360 626 10
360 627 10
360 629 10
360 636 10
360 646 10
360 647 10
361 360 10
361 367 10
361 369 10
361 372 10
361 374 10
361 379 10
361 382 10
361 389 10
361 392 10
361 393 10
361 394 10
361 396 10
361 407 10
361 409 10
361 410 10
361 411 10
361 416 10
361 417 10
361 419 10
361 423 10
361 431 10
361 433 10
361 440 10
361 443 10
361 445 10
361 446 10
361 447 10
361 455 10
361 476 10
361 478 10
361 480 10
361 481 10
361 483 10
361 485 10
361 487 10
361 489 10
361 490 10
361 492 10
361 493 10
361 497 10
361 498 10
361 499 10
361 506 10
361 511 10
361 513 10
361 515 10
361 516 10
361 517 10
361 518 10
361 519 10
361 522 10
361 523 10
361 524 10
361 526 10
361 527 10
361 528 10
361 531 10
361 534 10
361 550 10
361 570 10
361 573 10
361 574 10
361 575 10
361 578 10
361 580 10
361 581 10
361 588 10
361 593 10
361 597 10
361 598 10
361 600 10
361 610 10
361 614 10
361 616 10
361 620 10
361 622 10
361 624 10
361 630 10
361 631 10
361 647 10
361 648 10
362 357 10
362 359 10
362 361 10
362 365 10
362 369 10
362 370 10
362 371 10
362 385 10
362 386 10
362 387 10
362 389 10
362 391 10
362 392 10
362 393 10
362 394 10
362 395 10
362 396 10
362 398 10
362 400 10
362 402 10
362 406 10
362 411 10
362 412 10
362 426 10
362 444 10
362 445 10
362 462 10
362 465 10
362 472 10
362 473 10
362 476 10
362 479 10
362 482 10
362 484 10
362 487 10
362 488 10
362 489 10
362 490 10
362 492 10
362 493 10
362 494 10
362 496 10
362 497 10
362 498 10
362 501 10
362 504 10
362 507 10
362 510 10
362 513 10
362 514 10
362 515 10
362 516 10
362 521 10
362 523 10
362 524 10
362 525 10
362 528 10
362 529 10
362 532 10
362 544 10
362 546 10
362 550 10
362 560 10
362 571 10
362 574 10
362 577 10
362 583 10
362 585 10
362 586 10
362 587 10
362 588 10
362 589 10
362 592 10
362 595 10
362 596 10
362 597 10
362 600 10
362 602 10
362 607 10
362 613 10
362 615 10
362 617 10
362 619 10
362 627 10
362 628 10
362 631 10
362 632 10
362 634 10
362 636 10
362 649 10
362 651 10
362 652 10
362 653 10
363 358 10
363 360 10
363 362 10
363 364 10
363 368 10
363 369 10
363 370 10
363 371 10
363 373 10
363 374 10
363 376 10
363 377 10
363 380 10
363 384 10
363 385 10
363 387 10
363 389 10
363 390 10
363 391 10
363 392 10
363 394 10
363 395 10
363 396 10
363 399 10
363 400 10
363 411 10
363 412 10
363 421 10
363 442 10
363 450 10
363 459 10
363 467 10
363 471 10
363 473 10
363 476 10
363 480 10
363 481 10
363 483 10
363 484 10
363 486 10
363 489 10
363 490 10
363 492 10
363 493 10
363 494 10
363 496 10
363 499 10
363 502 10
363 503 10
363 507 10
363 508 10
363 512 10
363 514 10
363 515 10
363 522 10
363 524 10
363 526 10
363 528 10
363 532 10
363 540 10
363 546 10
363 551 10
363 552 10
363 562 10
363 571 10
363 572 10
363 573 10
363 574 10
363 575 10
363 576 10
363 577 10
363 580 10
363 582 10
363 583 10
363 585 10
363 586 10
363 589 10
363 594 10
363 598 10
363 606 10
363 609 10
363 611 10
363 612 10
363 619 10
363 621 10
363 631 10
363 633 10
363 637 10
363 646 10
363 650 10
364 354 10
364 360 10
364 365 10
364 367 10
364 369 10
364 370 10
364 375 10
364 376 10
364 381 10
364 382 10
364 384 10
364 386 10
364 388 10
364 391 10
364 392 10
364 393 10
364 394 10
364 395 10
364 396 10
364 399 10
364 400 10
364 406 10
364 408 10
364 411 10
364 413 10
364 417 10
364 429 10
364 442 10
364 443 10
364 444 10
364 445 10
364 446 10
364 447 10
364 448 10
364 449 10
364 457 10
364 458 10
364 463 10
364 464 10
364 465 10
364 469 10
364 473 10
364 475 10
364 477 10
364 478 10
364 480 10
364 482 10
364 483 10
364 485 10
364 487 10
364 488 10
364 491 10
364 493 10
364 494 10
364 495 10
364 497 10
364 509 10
364 512 10
364 513 10
364 514 10
364 516 10
364 519 10
364 520 10
364 523 10
364 531 10
364 536 10
364 557 10
364 569 10
364 571 10
364 573 10
364 577 10
364 578 10
364 580 10
364 581 10
364 582 10
364 584 10
364 585 10
364 587 10
364 588 10
364 589 10
364 590 10
364 593 10
364 602 10
364 604 10
364 611 10
364 613 10
364 615 10
364 621 10
364 624 10
364 626 10
364 627 10
364 630 10
364 631 10
364 632 10
364 636 10
364 638 10
364 640 10
364 648 10
364 650 10
365 356 10
365 359 10
365 362 10
365 364 10
365 365 10
365 366 10
365 367 10
365 369 10
365 371 10
365 372 10
365 373 10
365 374 10
365 375 10
365 379 10
365 380 10
365 382 10
365 385 10
365 387 10
365 389 10
365 392 10
365 394 10
365 395 10
365 396 10
365 397 10
365 399 10
365 400 10
365 401 10
365 408 10
365 410 10
365 414 10
365 415 10
365 421 10
365 422 10
365 427 10
365 429 10
365 442 10
365 444 10
365 451 10
365 453 10
365 457 10
365 460 10
365 462 10
365 463 10
365 467 10
365 470 10
365 474 10
365 476 10
365 478 10
365 481 10
365 482 10
365 484 10
365 496 10
365 497 10
365 499 10
365 506 10
365 514 10
365 518 10
365 520 10
365 522 10
365 523 10
365 525 10
365 529 10
365 531 10
365 569 10
365 573 10
365 574 10
365 575 10
365 576 10
365 581 10
365 583 10
365 584 10
365 585 10
365 586 10
365 588 10
365 589 10
365 591 10
365 593 10
365 595 10
365 596 10
365 598 10
365 599 10
365 601 10
365 606 10
365 607 10
365 610 10
365 612 10
365 613 10
365 616 10
365 617 10
365 618 10
365 623 10
365 627 10
365 630 10
365 632 10
365 634 10
365 641 10
365 642 10
365 652 10
366 361 10
366 364 10
366 369 10
366 370 10
366 372 10
366 373 10
366 375 10
366 376 10
366 378 10
366 380 10
366 382 10
366 385 10
366 388 10
366 389 10
366 390 10
366 393 10
366 398 10
366 411 10
366 412 10
366 413 10
366 414 10
366 415 10
366 421 10
366 446 10
366 453 10
366 455 10
366 458 10
366 462 10
366 465 10
366 466 10
366 467 10
366 471 10
366 472 10
366 476 10
366 478 10
366 493 10
366 496 10
366 497 10
366 499 10
366 500 10
366 501 10
366 511 10
366 512 10
366 513 10
366 514 10
366 524 10
366 525 10
366 528 10
366 529 10
366 530 10
366 532 10
366 533 10
366 536 10
366 537 10
366 558 10
366 559 10
366 560 10
366 561 10
366 565 10
366 573 10
366 575 10
366 576 10
366 577 10
366 578 10
366 581 10
366 582 10
366 583 10
366 584 10
366 585 10
366 587 10
366 588 10
366 591 10
366 594 10
366 595 10
366 598 10
366 601 10
366 602 10
366 603 10
366 605 10
366 612 10
366 613 10
366 614 10
366 615 10
366 616 10
366 622 10
366 624 10
366 625 10
366 626 10
366 628 10
366 631 10
366 647 10
366 664 10
367 359 10
367 363 10
367 371 10
367 374 10
367 376 10
367 385 10
367 386 10
367 389 10
367 391 10
367 392 10
367 393 10
367 394 10
367 395 10
367 396 10
367 397 10
367 399 10
367 401 10
367 407 10
367 409 10
367 442 10
367 446 10
367 447 10
367 451 10
367 452 10
367 455 10
367 457 10
367 458 10
367 463 10
367 465 10
367 476 10
367 478 10
367 479 10
367 483 10
367 493 10
367 497 10
367 498 10
367 500 10
367 501 10
367 504 10
367 505 10
367 512 10
367 513 10
367 515 10
367 521 10
367 523 10
367 526 10
367 528 10
367 529 10
367 530 10
367 531 10
367 535 10
367 536 10
367 538 10
367 558 10
367 564 10
367 580 10
367 581 10
367 582 10
367 583 10
367 584 10
367 585 10
367 586 10
367 587 10
367 588 10
367 589 10
367 590 10
367 592 10
367 593 10
367 596 10
367 597 10
367 599 10
367 600 10
367 602 10
367 614 10
367 615 10
367 618 10
367 619 10
367 626 10
367 628 10
367 629 10
367 632 10
367 639 10
367 641 10
367 642 10
367 662 10
368 362 10
368 367 10
368 369 10
368 370 10
368 374 10
368 378 10
368 381 10
368 383 10
368 386 10
368 387 10
368 389 10
368 394 10
368 397 10
368 405 10
368 407 10
368 408 10
368 409 10
368 412 10
368 418 10
368 440 10
368 441 10
368 444 10
368 446 10
368 447 10
368 454 10
368 455 10
368 456 10
368 472 10
368 477 10
368 482 10
368 487 10
368 491 10
368 492 10
368 493 10
368 494 10
368 495 10
368 498 10
368 499 10
368 500 10
368 507 10
368 509 10
368 511 10
368 512 10
368 514 10
368 516 10
368 525 10
368 528 10
368 532 10
368 537 10
368 544 10
368 545 10
368 557 10
368 559 10
368 564 10
368 571 10
368 573 10
368 574 10
368 576 10
368 579 10
368 581 10
368 583 10
368 584 10
368 585 10
368 586 10
368 587 10
368 588 10
368 594 10
368 595 10
368 596 10
368 597 10
368 601 10
368 602 10
368 616 10
368 620 10
368 621 10
368 627 10
368 630 10
368 631 10
368 634 10
368 643 10
368 663 10
368 676 10
368 697 10
368 699 10
369 367 10
369 370 10
369 372 10
369 376 10
369 382 10
369 384 10
369 388 10
369 391 10
369 394 10
369 395 10
369 396 10
369 398 10
369 404 10
369 406 10
369 408 10
369 410 10
369 416 10
369 420 10
369 424 10
369 442 10
369 446 10
369 447 10
369 448 10
369 449 10
369 455 10
369 457 10
369 460 10
369 463 10
369 466 10
369 468 10
369 472 10
369 476 10
369 477 10
369 478 10
369 480 10
369 489 10
369 491 10
369 493 10
369 494 10
369 495 10
369 496 10
369 497 10
369 498 10
369 501 10
369 502 10
369 504 10
369 511 10
369 513 10
369 514 10
369 516 10
369 522 10
369 523 10
369 528 10
369 529 10
369 531 10
369 536 10
369 540 10
369 542 10
369 562 10
369 566 10
369 581 10
369 583 10
369 584 10
369 585 10
369 586 10
369 588 10
369 596 10
369 603 10
369 611 10
369 613 10
369 616 10
369 627 10
369 629 10
369 633 10
369 636 10
369 667 10
369 673 10
369 675 10
369 676 10
369 699 10
370 362 10
370 370 10
370 376 10
370 388 10
370 389 10
370 394 10
370 395 10
370 396 10
370 397 10
370 398 10
370 400 10
370 403 10
370 421 10
370 422 10
370 449 10
370 451 10
370 453 10
370 456 10
370 461 10
370 462 10
370 463 10
370 465 10
370 479 10
370 480 10
370 486 10
370 489 10
370 491 10
370 492 10
370 493 10
370 495 10
370 496 10
370 497 10
370 499 10
370 500 10
370 501 10
370 503 10
370 512 10
370 514 10
370 515 10
370 517 10
370 524 10
370 525 10
370 526 10
370 529 10
370 530 10
370 531 10
370 533 10
370 534 10
370 536 10
370 538 10
370 539 10
370 540 10
370 541 10
370 543 10
370 562 10
370 566 10
370 569 10
370 570 10
370 582 10
370 583 10
370 585 10
370 586 10
370 588 10
370 592 10
370 597 10
370 598 10
370 600 10
370 605 10
370 611 10
370 614 10
370 618 10
370 620 10
370 622 10
370 623 10
370 627 10
370 631 10
370 632 10
370 634 10
370 648 10
370 667 10
370 675 10
370 676 10
370 697 10
370 700 10
371 368 10
371 371 10
371 376 10
371 378 10
371 379 10
371 384 10
371 392 10
371 395 10
371 396 10
371 399 10
371 403 10
371 405 10
371 407 10
371 418 10
371 419 10
371 422 10
371 423 10
371 425 10
371 442 10
371 444 10
371 446 10
371 448 10
371 449 10
371 451 10
371 461 10
371 466 10
371 470 10
371 473 10
371 476 10
371 477 10
371 479 10
371 484 10
371 487 10
371 488 10
371 489 10
371 491 10
371 493 10
371 495 10
371 498 10
371 500 10
371 501 10
371 504 10
371 510 10
371 511 10
371 517 10
371 522 10
371 527 10
371 528 10
371 531 10
371 532 10
371 533 10
371 534 10
371 540 10
371 542 10
371 545 10
371 566 10
371 568 10
371 574 10
371 575 10
371 576 10
371 583 10
371 584 10
371 589 10
371 609 10
371 613 10
371 616 10
371 618 10
371 622 10
371 632 10
371 644 10
371 649 10
371 659 10
371 664 10
371 667 10
371 673 10
371 674 10
371 675 10
371 676 10
371 690 10
371 699 10
372 375 10
372 393 10
372 394 10
372 395 10
372 396 10
372 397 10
372 398 10
372 399 10
372 407 10
372 414 10
372 420 10
372 421 10
372 423 10
372 425 10
372 426 10
372 427 10
372 428 10
372 444 10
372 451 10
372 453 10
372 455 10
372 457 10
372 466 10
372 468 10
372 469 10
372 474 10
372 476 10
372 477 10
372 478 10
372 480 10
372 481 10
372 483 10
372 484 10
372 485 10
372 486 10
372 487 10
372 489 10
372 490 10
372 491 10
372 492 10
372 493 10
372 495 10
372 496 10
372 498 10
372 500 10
372 502 10
372 503 10
372 506 10
372 524 10
372 526 10
372 528 10
372 531 10
372 534 10
372 535 10
372 543 10
372 545 10
372 558 10
372 566 10
372 567 10
372 568 10
372 571 10
372 572 10
372 573 10
372 576 10
372 578 10
372 582 10
372 589 10
372 598 10
372 614 10
372 615 10
372 619 10
372 620 10
372 622 10
372 623 10
372 630 10
372 649 10
372 661 10
372 662 10
372 663 10
372 676 10
372 678 10
373 368 10
373 369 10
373 372 10
373 376 10
373 378 10
373 390 10
373 391 10
373 392 10
373 393 10
373 394 10
373 397 10
373 399 10
373 415 10
373 432 10
373 444 10
373 446 10
373 449 10
373 456 10
373 460 10
373 464 10
373 465 10
373 468 10
373 470 10
373 471 10
373 472 10
373 478 10
373 480 10
373 482 10
373 486 10
373 489 10
373 490 10
373 492 10
373 493 10
373 496 10
373 498 10
373 499 10
373 502 10
373 504 10
373 506 10
373 512 10
373 514 10
373 526 10
373 528 10
373 530 10
373 533 10
373 535 10
373 537 10
373 545 10
373 558 10
373 564 10
373 568 10
373 570 10
373 571 10
373 575 10
373 576 10
373 585 10
373 586 10
373 587 10
373 588 10
373 600 10
373 602 10
373 603 10
373 605 10
373 606 10
373 608 10
373 616 10
373 618 10
373 619 10
373 621 10
373 640 10
373 642 10
373 643 10
373 645 10
373 648 10
373 667 10
373 668 10
373 674 10
373 689 10
373 699 10
374 367 10
374 368 10
374 369 10
374 376 10
374 384 10
374 388 10
374 409 10
374 412 10
374 413 10
374 415 10
374 417 10
374 418 10
374 420 10
374 425 10
374 426 10
374 431 10
374 453 10
374 457 10
374 460 10
374 462 10
374 465 10
374 471 10
374 472 10
374 473 10
374 475 10
374 476 10
374 477 10
374 484 10
374 485 10
374 487 10
374 490 10
374 491 10
374 493 10
374 494 10
374 496 10
374 497 10
374 498 10
374 509 10
374 528 10
374 532 10
374 534 10
374 539 10
374 541 10
374 545 10
374 546 10
374 557 10
374 558 10
374 562 10
374 568 10
374 570 10
374 571 10
374 572 10
374 573 10
374 583 10
374 584 10
374 585 10
374 591 10
374 592 10
374 593 10
374 596 10
374 598 10
374 602 10
374 603 10
374 611 10
374 614 10
374 615 10
374 620 10
374 622 10
374 623 10
374 629 10
374 630 10
374 632 10
374 635 10
374 636 10
374 644 10
374 647 10
374 648 10
374 688 10
375 368 10
375 369 10
375 370 10
375 372 10
375 380 10
375 388 10
375 389 10
375 394 10
375 396 10
375 397 10
375 400 10
375 414 10
375 415 10
375 423 10
375 425 10
375 445 10
375 448 10
375 454 10
375 455 10
375 458 10
375 459 10
375 462 10
375 463 10
375 465 10
375 466 10
375 468 10
375 471 10
375 474 10
375 477 10
375 478 10
375 487 10
375 488 10
375 490 10
375 500 10
375 503 10
375 506 10
375 510 10
375 528 10
375 532 10
375 533 10
375 535 10
375 536 10
375 539 10
375 541 10
375 544 10
375 545 10
375 546 10
375 555 10
375 556 10
375 557 10
375 563 10
375 568 10
375 569 10
375 572 10
375 575 10
375 584 10
375 585 10
375 589 10
375 593 10
375 605 10
375 606 10
375 607 10
375 619 10
375 620 10
375 623 10
375 624 10
375 629 10
375 631 10
375 636 10
375 648 10
375 652 10
375 664 10
375 665 10
375 669 10
375 678 10
375 690 10
376 366 10
376 367 10
376 370 10
376 376 10
376 378 10
376 381 10
376 383 10
376 386 10
376 387 10
376 388 10
376 390 10
376 392 10
376 393 10
376 394 10
376 396 10
376 397 10
376 398 10
376 408 10
376 409 10
376 410 10
376 412 10
376 414 10
376 416 10
376 418 10
376 423 10
376 432 10
376 433 10
376 444 10
376 445 10
376 450 10
376 451 10
376 453 10
376 454 10
376 455 10
376 457 10
376 458 10
376 461 10
376 462 10
376 463 10
376 465 10
376 469 10
376 470 10
376 471 10
376 473 10
376 474 10
376 475 10
376 482 10
376 485 10
376 487 10
376 493 10
376 495 10
376 496 10
376 501 10
376 503 10
376 504 10
376 506 10
376 511 10
376 530 10
376 531 10
376 535 10
376 541 10
376 543 10
376 544 10
376 545 10
376 550 10
376 565 10
376 567 10
376 571 10
376 585 10
376 590 10
376 591 10
376 594 10
376 596 10
376 605 10
376 607 10
376 609 10
376 616 10
376 634 10
376 636 10
376 644 10
376 662 10
376 667 10
376 669 10
376 676 10
376 685 10
376 695 10
377 375 10
377 379 10
377 380 10
377 382 10
377 383 10
377 384 10
377 386 10
377 392 10
377 393 10
377 396 10
377 398 10
377 399 10
377 410 10
377 414 10
377 416 10
377 426 10
377 446 10
377 451 10
377 454 10
377 457 10
377 458 10
377 459 10
377 466 10
377 468 10
377 472 10
377 474 10
377 475 10
377 476 10
377 477 10
377 480 10
377 484 10
377 485 10
377 487 10
377 489 10
377 490 10
377 502 10
377 503 10
377 504 10
377 507 10
377 509 10
377 510 10
377 524 10
377 525 10
377 533 10
377 534 10
377 535 10
377 537 10
377 538 10
377 541 10
377 543 10
377 545 10
377 548 10
377 557 10
377 558 10
377 559 10
377 560 10
377 563 10
377 564 10
377 571 10
377 572 10
377 574 10
377 582 10
377 584 10
377 587 10
377 588 10
377 592 10
377 593 10
377 605 10
377 619 10
377 633 10
377 639 10
377 640 10
377 643 10
377 644 10
377 646 10
377 647 10
377 660 10
377 667 10
377 668 10
377 671 10
377 674 10
377 677 10
377 687 10
377 697 10
378 379 10
378 382 10
378 383 10
378 384 10
378 385 10
378 386 10
378 392 10
378 395 10
378 414 10
378 416 10
378 423 10
378 424 10
378 443 10
378 445 10
378 449 10
378 450 10
378 452 10
378 454 10
378 455 10
378 456 10
378 457 10
378 459 10
378 463 10
378 467 10
378 469 10
378 470 10
378 472 10
378 473 10
378 474 10
378 475 10
378 476 10
378 478 10
378 482 10
378 484 10
378 486 10
378 488 10
378 489 10
378 495 10
378 496 10
378 504 10
378 505 10
378 506 10
378 507 10
378 508 10
378 531 10
378 532 10
378 533 10
378 535 10
378 537 10
378 539 10
378 541 10
378 542 10
378 543 10
378 548 10
378 549 10
378 555 10
378 562 10
378 563 10
378 570 10
378 575 10
378 583 10
378 584 10
378 586 10
378 587 10
378 589 10
378 590 10
378 596 10
378 605 10
378 630 10
378 632 10
378 633 10
378 642 10
378 643 10
378 645 10
378 646 10
378 651 10
378 661 10
378 663 10
378 666 10
378 667 10
378 673 10
378 674 10
378 686 10
378 709 10
379 375 10
379 378 10
379 383 10
379 384 10
379 385 10
379 391 10
379 392 10
379 394 10
379 397 10
379 398 10
379 414 10
379 421 10
379 423 10
379 425 10
379 426 10
379 427 10
379 439 10
379 448 10
379 450 10
379 451 10
379 452 10
379 453 10
379 454 10
379 455 10
379 457 10
379 461 10
379 465 10
379 466 10
379 467 10
379 468 10
379 470 10
379 471 10
379 472 10
379 473 10
379 475 10
379 476 10
379 480 10
379 481 10
379 482 10
379 483 10
379 485 10
379 486 10
379 487 10
379 488 10
379 489 10
379 493 10
379 497 10
379 500 10
379 503 10
379 505 10
379 507 10
379 508 10
379 510 10
379 512 10
379 529 10
379 531 10
379 532 10
379 534 10
379 535 10
379 536 10
379 537 10
379 540 10
379 542 10
379 544 10
379 550 10
379 552 10
379 555 10
379 556 10
379 557 10
379 560 10
379 562 10
379 564 10
379 566 10
379 573 10
379 575 10
379 581 10
379 582 10
379 584 10
379 585 10
379 586 10
379 587 10
379 589 10
379 590 10
379 591 10
379 592 10
379 631 10
379 636 10
379 638 10
379 641 10
379 647 10
379 648 10
379 660 10
379 662 10
379 664 10
379 669 10
379 670 10
379 671 10
379 673 10
379 676 10
379 677 10
379 682 10
379 687 10
379 691 10
379 693 10
379 708 10
379 717 10
380 370 10
380 377 10
380 379 10
380 383 10
380 384 10
380 396 10
380 407 10
380 409 10
380 410 10
380 412 10
380 415 10
380 420 10
380 424 10
380 425 10
380 426 10
380 428 10
380 449 10
380 451 10
380 452 10
380 456 10
380 464 10
380 465 10
380 466 10
380 469 10
380 470 10
380 471 10
380 472 10
380 473 10
380 474 10
380 475 10
380 476 10
380 477 10
380 478 10
380 479 10
380 480 10
380 481 10
380 482 10
380 484 10
380 485 10
380 488 10
380 495 10
380 496 10
380 497 10
380 498 10
380 506 10
380 507 10
380 508 10
380 511 10
380 524 10
380 526 10
380 530 10
380 531 10
380 534 10
380 536 10
380 540 10
380 542 10
380 543 10
380 544 10
380 547 10
380 556 10
380 559 10
380 560 10
380 564 10
380 566 10
380 576 10
380 578 10
380 584 10
380 585 10
380 586 10
380 588 10
380 589 10
380 591 10
380 592 10
380 594 10
380 595 10
380 604 10
380 632 10
380 634 10
380 642 10
380 644 10
380 656 10
380 665 10
380 666 10
380 667 10
380 668 10
380 669 10
380 673 10
380 675 10
380 676 10
380 677 10
380 678 10
380 682 10
380 685 10
380 687 10
381 391 10
381 394 10
381 398 10
381 405 10
381 406 10
381 409 10
381 412 10
381 421 10
381 424 10
381 427 10
381 437 10
381 449 10
381 450 10
381 453 10
381 454 10
381 456 10
381 460 10
381 463 10
381 466 10
381 467 10
381 468 10
381 469 10
381 470 10
381 471 10
381 472 10
381 473 10
381 474 10
381 475 10
381 476 10
381 477 10
381 481 10
381 482 10
381 485 10
381 486 10
381 492 10
381 500 10
381 501 10
381 502 10
381 504 10
381 505 10
381 508 10
381 509 10
381 513 10
381 515 10
381 526 10
381 528 10
381 532 10
381 533 10
381 534 10
381 539 10
381 540 10
381 544 10
381 552 10
381 557 10
381 560 10
381 562 10
381 564 10
381 567 10
381 575 10
381 581 10
381 582 10
381 583 10
381 585 10
381 588 10
381 590 10
381 591 10
381 603 10
381 604 10
381 607 10
381 637 10
381 638 10
381 647 10
381 650 10
381 651 10
381 655 10
381 657 10
381 661 10
381 663 10
381 664 10
381 666 10
381 667 10
381 670 10
381 671 10
381 673 10
381 675 10
381 676 10
381 678 10
381 683 10
381 691 10
381 693 10
381 695 10
381 697 10
381 714 10
381 732 10
382 385 10
382 389 10
382 393 10
382 394 10
382 396 10
382 404 10
382 406 10
382 407 10
382 408 10
382 411 10
382 414 10
382 415 10
382 418 10
382 420 10
382 421 10
382 422 10
382 423 10
382 425 10
382 433 10
382 434 10
382 439 10
382 453 10
382 455 10
382 460 10
382 465 10
382 466 10
382 467 10
382 469 10
382 470 10
382 471 10
382 472 10
382 473 10
382 474 10
382 475 10
382 476 10
382 477 10
382 479 10
382 480 10
382 483 10
382 486 10
382 487 10
382 488 10
382 496 10
382 501 10
382 504 10
382 511 10
382 513 10
382 529 10
382 535 10
382 537 10
382 538 10
382 540 10
382 541 10
382 542 10
382 544 10
382 545 10
382 546 10
382 549 10
382 556 10
382 559 10
382 561 10
382 579 10
382 580 10
382 581 10
382 582 10
382 583 10
382 584 10
382 589 10
382 593 10
382 595 10
382 596 10
382 598 10
382 607 10
382 615 10
382 632 10
382 643 10
382 644 10
382 646 10
382 653 10
382 659 10
382 662 10
382 664 10
382 665 10
382 667 10
382 669 10
382 670 10
382 671 10
382 673 10
382 674 10
382 676 10
382 682 10
382 686 10
382 687 10
382 710 10
382 714 10
383 338 10
383 374 10
383 387 10
383 388 10
383 391 10
383 392 10
383 394 10
383 396 10
383 403 10
383 406 10
383 407 10
383 408 10
383 409 10
383 414 10
383 419 10
383 421 10
383 425 10
383 433 10
383 439 10
383 453 10
383 463 10
383 464 10
383 466 10
383 467 10
383 468 10
383 469 10
383 470 10
383 471 10
383 472 10
383 473 10
383 474 10
383 484 10
383 491 10
383 496 10
383 497 10
383 499 10
383 501 10
383 502 10
383 504 10
383 506 10
383 510 10
383 512 10
383 523 10
383 524 10
383 525 10
383 527 10
383 528 10
383 531 10
383 533 10
383 535 10
383 536 10
383 542 10
383 543 10
383 544 10
383 545 10
383 546 10
383 550 10
383 558 10
383 559 10
383 562 10
383 563 10
383 564 10
383 565 10
383 566 10
383 568 10
383 571 10
383 573 10
383 574 10
383 576 10
383 580 10
383 583 10
383 585 10
383 591 10
383 593 10
383 594 10
383 596 10
383 598 10
383 608 10
383 610 10
383 611 10
383 630 10
383 638 10
383 639 10
383 641 10
383 642 10
383 643 10
383 644 10
383 645 10
383 646 10
383 651 10
383 655 10
383 666 10
383 667 10
383 668 10
383 669 10
383 671 10
383 672 10
383 674 10
383 676 10
383 677 10
383 678 10
383 679 10
383 680 10
383 681 10
383 714 10
383 718 10
383 731 10
383 732 10
384 341 10
384 387 10
384 390 10
384 393 10
384 394 10
384 403 10
384 409 10
384 411 10
384 412 10
384 414 10
384 416 10
384 420 10
384 422 10
384 423 10
384 425 10
384 431 10
384 441 10
384 443 10
384 450 10
384 452 10
384 454 10
384 456 10
384 461 10
384 463 10
384 464 10
384 465 10
384 467 10
384 469 10
384 471 10
384 472 10
384 474 10
384 483 10
384 488 10
384 493 10
384 496 10
384 497 10
384 500 10
384 501 10
384 503 10
384 508 10
384 510 10
384 527 10
384 535 10
384 536 10
384 538 10
384 540 10
384 541 10
384 543 10
384 544 10
384 545 10
384 558 10
384 561 10
384 562 10
384 563 10
384 564 10
384 566 10
384 573 10
384 579 10
384 580 10
384 581 10
384 582 10
384 583 10
384 584 10
384 585 10
384 592 10
384 594 10
384 595 10
384 596 10
384 598 10
384 605 10
384 610 10
384 612 10
384 616 10
384 633 10
384 639 10
384 641 10
384 643 10
384 645 10
384 646 10
384 650 10
384 654 10
384 655 10
384 658 10
384 663 10
384 666 10
384 667 10
384 668 10
384 669 10
384 672 10
384 673 10
384 675 10
384 676 10
384 677 10
384 678 10
384 679 10
384 680 10
384 681 10
384 687 10
384 717 10
384 721 10
384 731 10
384 732 10
385 341 10
385 342 10
385 372 10
385 375 10
385 380 10
385 385 10
385 389 10
385 393 10
385 394 10
385 395 10
385 403 10
385 404 10
385 406 10
385 409 10
385 410 10
385 411 10
385 413 10
385 414 10
385 419 10
385 421 10
385 426 10
385 435 10
385 436 10
385 437 10
385 443 10
385 450 10
385 451 10
385 454 10
385 456 10
385 469 10
385 470 10
385 471 10
385 472 10
385 473 10
385 474 10
385 475 10
385 478 10
385 487 10
385 489 10
385 493 10
385 496 10
385 498 10
385 499 10
385 502 10
385 507 10
385 508 10
385 509 10
385 511 10
385 524 10
385 529 10
385 533 10
385 543 10
385 545 10
385 556 10
385 558 10
385 559 10
385 560 10
385 563 10
385 568 10
385 573 10
385 574 10
385 581 10
385 582 10
385 583 10
385 584 10
385 585 10
385 587 10
385 588 10
385 589 10
385 593 10
385 596 10
385 597 10
385 598 10
385 602 10
385 604 10
385 613 10
385 618 10
385 620 10
385 641 10
385 642 10
385 650 10
385 652 10
385 655 10
385 658 10
385 661 10
385 664 10
385 666 10
385 668 10
385 670 10
385 674 10
385 676 10
385 677 10
385 679 10
385 681 10
385 709 10
385 713 10
385 714 10
385 717 10
385 723 10
385 731 10
385 736 10
385 737 10
386 341 10
386 387 10
386 391 10
386 395 10
386 402 10
386 414 10
386 416 10
386 419 10
386 421 10
386 422 10
386 423 10
386 425 10
386 427 10
386 429 10
386 432 10
386 433 10
386 435 10
386 441 10
386 442 10
386 451 10
386 452 10
386 457 10
386 462 10
386 464 10
386 468 10
386 469 10
386 471 10
386 473 10
386 475 10
386 477 10
386 487 10
386 495 10
386 502 10
386 503 10
386 505 10
386 508 10
386 509 10
386 510 10
386 526 10
386 529 10
386 530 10
386 533 10
386 535 10
386 537 10
386 538 10
386 549 10
386 553 10
386 561 10
386 565 10
386 566 10
386 571 10
386 576 10
386 578 10
386 579 10
386 581 10
386 583 10
386 584 10
386 590 10
386 591 10
386 595 10
386 596 10
386 599 10
386 604 10
386 605 10
386 612 10
386 619 10
386 640 10
386 652 10
386 653 10
386 655 10
386 656 10
386 658 10
386 660 10
386 661 10
386 662 10
386 663 10
386 666 10
386 667 10
386 669 10
386 670 10
386 673 10
386 674 10
386 675 10
386 676 10
386 677 10
386 678 10
386 679 10
386 680 10
386 681 10
386 682 10
386 683 10
386 684 10
386 685 10
386 706 10
386 707 10
386 708 10
386 715 10
386 716 10
386 717 10
386 718 10
386 719 10
386 720 10
386 721 10
386 722 10
386 725 10
386 727 10
386 728 10
386 731 10
386 732 10
386 735 10
386 737 10
387 340 10
387 341 10
387 379 10
387 380 10
387 381 10
387 382 10
387 388 10
387 390 10
387 393 10
387 394 10
387 402 10
387 409 10
387 410 10
387 412 10
387 413 10
387 414 10
387 416 10
387 418 10
387 421 10
387 422 10
387 425 10
387 426 10
387 427 10
387 429 10
387 434 10
387 435 10
387 436 10
387 438 10
387 439 10
387 441 10
387 442 10
387 443 10
387 444 10
387 453 10
387 462 10
387 469 10
387 473 10
387 475 10
387 477 10
387 478 10
387 480 10
387 490 10
387 498 10
387 500 10
387 506 10
387 509 10
387 527 10
387 530 10
387 533 10
387 534 10
387 536 10
387 538 10
387 548 10
387 560 10
387 561 10
387 563 10
387 564 10
387 566 10
387 573 10
387 576 10
387 579 10
387 584 10
387 588 10
387 590 10
387 594 10
387 595 10
387 597 10
387 599 10
387 601 10
387 603 10
387 604 10
387 606 10
387 607 10
387 614 10
387 619 10
387 649 10
387 650 10
387 651 10
387 653 10
387 658 10
387 662 10
387 663 10
387 664 10
387 665 10
387 667 10
387 668 10
387 669 10
387 681 10
387 682 10
387 688 10
387 706 10
387 708 10
387 710 10
387 711 10
387 714 10
387 715 10
387 718 10
387 720 10
387 722 10
387 727 10
387 728 10
387 729 10
387 735 10
387 736 10
388 341 10
388 349 10
388 378 10
388 379 10
388 382 10
388 386 10
388 388 10
388 392 10
388 394 10
388 395 10
388 398 10
388 401 10
388 406 10
388 413 10
388 415 10
388 416 10
388 418 10
388 421 10
388 423 10
388 424 10
388 427 10
388 431 10
388 432 10
388 435 10
388 436 10
388 438 10
388 444 10
388 455 10
388 460 10
388 462 10
388 466 10
388 468 10
388 470 10
388 473 10
388 476 10
388 477 10
388 482 10
388 488 10
388 492 10
388 494 10
388 498 10
388 499 10
388 502 10
388 503 10
388 504 10
388 507 10
388 523 10
388 526 10
388 528 10
388 530 10
388 538 10
388 547 10
388 549 10
388 550 10
388 563 10
388 565 10
388 566 10
388 568 10
388 569 10
388 571 10
388 573 10
388 576 10
388 578 10
388 579 10
388 581 10
388 582 10
388 584 10
388 585 10
388 586 10
388 587 10
388 588 10
388 590 10
388 592 10
388 594 10
388 597 10
388 598 10
388 599 10
388 602 10
388 604 10
388 605 10
388 607 10
388 608 10
388 616 10
388 618 10
388 619 10
388 620 10
388 649 10
388 650 10
388 653 10
388 656 10
388 657 10
388 660 10
388 661 10
388 662 10
388 663 10
388 664 10
388 665 10
388 666 10
388 667 10
388 668 10
388 669 10
388 670 10
388 673 10
388 676 10
388 677 10
388 678 10
388 679 10
388 685 10
388 691 10
388 705 10
388 708 10
388 712 10
388 713 10
388 714 10
388 715 10
388 719 10
388 720 10
388 721 10
388 727 10
388 728 10
388 733 10
389 343 10
389 345 10
389 349 10
389 350 10
389 378 10
389 379 10
389 380 10
389 382 10
389 384 10
389 386 10
389 388 10
389 393 10
389 394 10
389 397 10
389 401 10
389 415 10
389 417 10
389 418 10
389 420 10
389 421 10
389 425 10
389 427 10
389 435 10
389 437 10
389 438 10
389 439 10
389 440 10
389 442 10
389 449 10
389 468 10
389 469 10
389 472 10
389 473 10
389 477 10
389 479 10
389 481 10
389 482 10
389 484 10
389 485 10
389 487 10
389 493 10
389 504 10
389 506 10
389 509 10
389 521 10
389 523 10
389 528 10
389 531 10
389 538 10
389 545 10
389 548 10
389 551 10
389 553 10
389 554 10
389 558 10
389 560 10
389 561 10
389 563 10
389 564 10
389 567 10
389 569 10
389 576 10
389 578 10
389 579 10
389 580 10
389 584 10
389 585 10
389 588 10
389 589 10
389 592 10
389 594 10
389 596 10
389 598 10
389 599 10
389 600 10
389 601 10
389 602 10
389 603 10
389 604 10
389 605 10
389 607 10
389 614 10
389 615 10
389 645 10
389 650 10
389 651 10
389 652 10
389 655 10
389 660 10
389 662 10
389 664 10
389 667 10
389 668 10
389 669 10
389 670 10
389 677 10
389 687 10
389 698 10
389 699 10
389 708 10
389 711 10
389 712 10
389 714 10
389 716 10
389 726 10
389 728 10
390 336 10
390 341 10
390 343 10
390 347 10
390 349 10
390 380 10
390 382 10
390 383 10
390 385 10
390 386 10
390 389 10
390 391 10
390 394 10
390 396 10
390 398 10
390 399 10
390 401 10
390 408 10
390 409 10
390 416 10
390 422 10
390 429 10
390 434 10
390 440 10
390 442 10
390 443 10
390 444 10
390 447 10
390 448 10
390 454 10
390 457 10
390 459 10
390 460 10
390 462 10
390 469 10
390 470 10
390 479 10
390 482 10
390 483 10
390 484 10
390 496 10
390 497 10
390 498 10
390 499 10
390 503 10
390 506 10
390 525 10
390 526 10
390 538 10
390 550 10
390 552 10
390 559 10
390 562 10
390 563 10
390 564 10
390 565 10
390 567 10
390 568 10
390 569 10
390 571 10
390 572 10
390 574 10
390 575 10
390 576 10
390 579 10
390 583 10
390 585 10
390 586 10
390 587 10
390 588 10
390 589 10
390 590 10
390 592 10
390 593 10
390 599 10
390 600 10
390 601 10
390 602 10
390 605 10
390 607 10
390 610 10
390 613 10
390 616 10
390 617 10
390 622 10
390 626 10
390 628 10
390 631 10
390 634 10
390 644 10
390 645 10
390 649 10
390 650 10
390 652 10
390 655 10
390 657 10
390 658 10
390 659 10
390 663 10
390 665 10
390 666 10
390 667 10
390 668 10
390 669 10
390 676 10
390 677 10
390 684 10
390 686 10
390 692 10
390 705 10
390 710 10
390 712 10
390 716 10
390 717 10
390 718 10
390 721 10
390 722 10
390 727 10
390 729 10
391 336 10
391 339 10
391 343 10
391 344 10
391 345 10
391 350 10
391 376 10
391 378 10
391 379 10
391 380 10
391 381 10
391 382 10
391 383 10
391 384 10
391 385 10
391 386 10
391 387 10
391 388 10
391 389 10
391 397 10
391 401 10
391 403 10
391 413 10
391 423 10
391 435 10
391 436 10
391 438 10
391 439 10
391 440 10
391 441 10
391 448 10
391 449 10
391 454 10
391 455 10
391 457 10
391 467 10
391 469 10
391 473 10
391 475 10
391 476 10
391 477 10
391 478 10
391 485 10
391 502 10
391 504 10
391 505 10
391 514 10
391 529 10
391 536 10
391 547 10
391 550 10
391 552 10
391 555 10
391 557 10
391 559 10
391 566 10
391 567 10
391 569 10
391 571 10
391 572 10
391 573 10
391 574 10
391 575 10
391 578 10
391 580 10
391 582 10
391 583 10
391 584 10
391 585 10
391 586 10
391 587 10
391 590 10
391 591 10
391 592 10
391 593 10
391 594 10
391 595 10
391 598 10
391 599 10
391 600 10
391 601 10
391 602 10
391 603 10
391 604 10
391 606 10
391 607 10
391 608 10
391 623 10
391 626 10
391 627 10
391 629 10
391 632 10
391 634 10
391 639 10
391 640 10
391 641 10
391 642 10
391 647 10
391 649 10
391 650 10
391 652 10
391 653 10
391 655 10
391 656 10
391 659 10
391 661 10
391 662 10
391 663 10
391 666 10
391 668 10
391 669 10
391 673 10
391 712 10
391 713 10
391 714 10
391 717 10
391 720 10
391 721 10
391 722 10
391 724 10
391 727 10
391 730 10
392 336 10
392 339 10
392 340 10
392 345 10
392 347 10
392 349 10
392 378 10
392 380 10
392 383 10
392 384 10
392 393 10
392 399 10
392 400 10
392 402 10
392 406 10
392 408 10
392 413 10
392 415 10
392 416 10
392 423 10
392 424 10
392 431 10
392 439 10
392 441 10
392 444 10
392 446 10
392 455 10
392 460 10
392 462 10
392 467 10
392 468 10
392 471 10
392 475 10
392 480 10
392 485 10
392 487 10
392 488 10
392 489 10
392 499 10
392 534 10
392 547 10
392 552 10
392 558 10
392 559 10
392 560 10
392 561 10
392 562 10
392 564 10
392 565 10
392 567 10
392 568 10
392 569 10
392 570 10
392 572 10
392 573 10
392 575 10
392 576 10
392 578 10
392 584 10
392 585 10
392 586 10
392 587 10
392 588 10
392 589 10
392 590 10
392 596 10
392 597 10
392 598 10
392 602 10
392 603 10
392 604 10
392 605 10
392 606 10
392 607 10
392 610 10
392 626 10
392 628 10
392 630 10
392 631 10
392 632 10
392 634 10
392 635 10
392 650 10
392 654 10
392 655 10
392 656 10
392 658 10
392 689 10
392 690 10
392 696 10
392 697 10
392 705 10
392 709 10
392 721 10
392 727 10
392 729 10
392 732 10
392 735 10
393 342 10
393 379 10
393 381 10
393 382 10
393 385 10
393 387 10
393 392 10
393 399 10
393 401 10
393 408 10
393 415 10
393 417 10
393 423 10
393 424 10
393 427 10
393 428 10
393 429 10
393 435 10
393 436 10
393 439 10
393 441 10
393 442 10
393 445 10
393 446 10
393 447 10
393 448 10
393 449 10
393 450 10
393 453 10
393 455 10
393 457 10
393 458 10
393 459 10
393 467 10
393 468 10
393 470 10
393 473 10
393 474 10
393 481 10
393 482 10
393 483 10
393 484 10
393 485 10
393 489 10
393 509 10
393 526 10
393 529 10
393 530 10
393 531 10
393 533 10
393 536 10
393 538 10
393 543 10
393 544 10
393 548 10
393 550 10
393 554 10
393 560 10
393 561 10
393 562 10
393 565 10
393 567 10
393 568 10
393 570 10
393 572 10
393 575 10
393 581 10
393 584 10
393 586 10
393 587 10
393 590 10
393 591 10
393 592 10
393 593 10
393 594 10
393 595 10
393 596 10
393 597 10
393 598 10
393 600 10
393 602 10
393 605 10
393 606 10
393 607 10
393 610 10
393 615 10
393 620 10
393 626 10
393 627 10
393 629 10
393 631 10
393 633 10
393 634 10
393 635 10
393 638 10
393 639 10
393 641 10
393 643 10
393 644 10
393 647 10
393 648 10
393 650 10
393 651 10
393 652 10
393 655 10
393 656 10
393 658 10
393 659 10
393 660 10
393 661 10
393 662 10
393 663 10
393 667 10
393 668 10
393 670 10
393 673 10
393 680 10
393 687 10
393 690 10
393 691 10
393 692 10
393 703 10
393 705 10
393 712 10
393 714 10
393 717 10
393 722 10
393 731 10
394 343 10
394 352 10
394 376 10
394 377 10
394 380 10
394 381 10
394 383 10
394 387 10
394 388 10
394 395 10
394 396 10
394 397 10
394 399 10
394 400 10
394 401 10
394 406 10
394 407 10
394 410 10
394 417 10
394 423 10
394 429 10
394 432 10
394 433 10
394 437 10
394 441 10
394 443 10
394 444 10
394 445 10
394 446 10
394 447 10
394 449 10
394 451 10
394 454 10
394 455 10
394 456 10
394 457 10
394 466 10
394 468 10
394 471 10
394 478 10
394 480 10
394 481 10
394 482 10
394 483 10
394 484 10
394 485 10
394 486 10
394 487 10
394 489 10
394 491 10
394 492 10
394 500 10
394 507 10
394 508 10
394 510 10
394 511 10
394 517 10
394 526 10
394 527 10
394 530 10
394 535 10
394 536 10
394 538 10
394 542 10
394 543 10
394 552 10
394 553 10
394 554 10
394 556 10
394 561 10
394 562 10
394 563 10
394 564 10
394 565 10
394 566 10
394 570 10
394 571 10
394 573 10
394 574 10
394 575 10
394 576 10
394 578 10
394 579 10
394 580 10
394 581 10
394 582 10
394 583 10
394 586 10
394 591 10
394 592 10
394 593 10
394 595 10
394 596 10
394 598 10
394 599 10
394 600 10
394 601 10
394 602 10
394 603 10
394 604 10
394 605 10
394 606 10
394 608 10
394 610 10
394 611 10
394 612 10
394 617 10
394 618 10
394 628 10
394 629 10
394 631 10
394 632 10
394 633 10
394 634 10
394 635 10
394 642 10
394 644 10
394 646 10
394 647 10
394 648 10
394 649 10
394 650 10
394 652 10
394 654 10
394 655 10
394 658 10
394 659 10
394 666 10
394 673 10
394 674 10
394 677 10
394 678 10
394 684 10
394 686 10
394 688 10
394 689 10
394 690 10
394 695 10
394 698 10
394 703 10
394 707 10
394 708 10
394 716 10
394 717 10
394 718 10
394 734 10
395 339 10
395 340 10
395 378 10
395 379 10
395 384 10
395 386 10
395 387 10
395 388 10
395 389 10
395 391 10
395 393 10
395 397 10
395 398 10
395 408 10
395 409 10
395 415 10
395 421 10
395 424 10
395 426 10
395 432 10
395 434 10
395 441 10
395 444 10
395 445 10
395 447 10
395 450 10
395 453 10
395 458 10
395 466 10
395 468 10
395 472 10
395 473 10
395 475 10
395 479 10
395 484 10
395 485 10
395 487 10
395 489 10
395 491 10
395 504 10
395 509 10
395 510 10
395 512 10
395 513 10
395 517 10
395 523 10
395 525 10
395 526 10
395 530 10
395 532 10
395 534 10
395 535 10
395 537 10
395 538 10
395 544 10
395 545 10
395 546 10
395 550 10
395 552 10
395 553 10
395 556 10
395 561 10
395 568 10
395 571 10
395 574 10
395 575 10
395 576 10
395 577 10
395 578 10
395 579 10
395 581 10
395 582 10
395 583 10
395 585 10
395 586 10
395 592 10
395 593 10
395 595 10
395 598 10
395 600 10
395 601 10
395 602 10
395 603 10
395 604 10
395 605 10
395 606 10
395 607 10
395 609 10
395 610 10
395 612 10
395 615 10
395 616 10
395 618 10
395 619 10
395 627 10
395 628 10
395 631 10
395 633 10
395 635 10
395 637 10
395 638 10
395 640 10
395 641 10
395 647 10
395 649 10
395 650 10
395 656 10
395 657 10
395 658 10
395 671 10
395 675 10
395 677 10
395 678 10
395 680 10
395 681 10
395 682 10
395 684 10
395 685 10
395 686 10
395 689 10
395 696 10
395 705 10
395 707 10
395 715 10
395 718 10
395 720 10
396 331 10
396 339 10
396 354 10
396 355 10
396 378 10
396 381 10
396 384 10
396 388 10
396 394 10
396 395 10
396 397 10
396 400 10
396 402 10
396 407 10
396 409 10
396 416 10
396 417 10
396 421 10
396 423 10
396 427 10
396 428 10
396 429 10
396 431 10
396 435 10
396 436 10
396 437 10
396 438 10
396 440 10
396 441 10
396 442 10
396 443 10
396 444 10
396 447 10
396 449 10
396 453 10
396 454 10
396 456 10
396 466 10
396 472 10
396 474 10
396 479 10
396 481 10
396 482 10
396 484 10
396 488 10
396 490 10
396 499 10
396 500 10
396 502 10
396 503 10
396 506 10
396 511 10
396 512 10
396 523 10
396 524 10
396 527 10
396 532 10
396 533 10
396 535 10
396 536 10
396 538 10
396 543 10
396 545 10
396 547 10
396 549 10
396 551 10
396 554 10
396 555 10
396 556 10
396 558 10
396 560 10
396 563 10
396 569 10
396 570 10
396 571 10
396 572 10
396 574 10
396 576 10
396 578 10
396 579 10
396 581 10
396 583 10
396 590 10
396 595 10
396 596 10
396 598 10
396 601 10
396 602 10
396 603 10
396 604 10
396 605 10
396 606 10
396 607 10
396 608 10
396 610 10
396 611 10
396 614 10
396 615 10
396 618 10
396 619 10
396 629 10
396 630 10
396 631 10
396 632 10
396 642 10
396 645 10
396 650 10
396 651 10
396 653 10
396 655 10
396 657 10
396 659 10
396 660 10
396 667 10
396 672 10
396 673 10
396 675 10
396 678 10
396 680 10
396 682 10
396 685 10
396 686 10
396 687 10
396 688 10
396 689 10
396 690 10
396 692 10
396 693 10
396 698 10
396 702 10
396 703 10
396 706 10
396 709 10
396 713 10
396 715 10
396 717 10
397 334 10
397 337 10
397 342 10
397 373 10
397 383 10
397 384 10
397 388 10
397 391 10
397 396 10
397 397 10
397 398 10
397 399 10
397 401 10
397 411 10
397 414 10
397 415 10
397 425 10
397 429 10
397 431 10
397 435 10
397 436 10
397 438 10
397 442 10
397 446 10
397 452 10
397 454 10
397 455 10
397 469 10
397 471 10
397 473 10
397 474 10
397 480 10
397 483 10
397 484 10
397 488 10
397 508 10
397 513 10
397 514 10
397 519 10
397 521 10
397 526 10
397 527 10
397 531 10
397 533 10
397 534 10
397 535 10
397 537 10
397 538 10
397 542 10
397 544 10
397 545 10
397 548 10
397 550 10
397 551 10
397 552 10
397 553 10
397 554 10
397 556 10
397 560 10
397 568 10
397 575 10
397 576 10
397 577 10
397 578 10
397 586 10
397 588 10
397 592 10
397 593 10
397 596 10
397 601 10
397 603 10
397 607 10
397 609 10
397 612 10
397 616 10
397 618 10
397 622 10
397 627 10
397 628 10
397 629 10
397 630 10
397 631 10
397 633 10
397 640 10
397 641 10
397 643 10
397 644 10
397 646 10
397 647 10
397 648 10
397 650 10
397 652 10
397 655 10
397 667 10
397 669 10
397 670 10
397 671 10
397 672 10
397 678 10
397 680 10
397 682 10
397 683 10
397 684 10
397 685 10
397 687 10
397 688 10
397 694 10
397 695 10
397 697 10
397 704 10
397 705 10
397 709 10
397 710 10
397 711 10
397 716 10
397 717 10
397 718 10
398 329 10
398 330 10
398 331 10
398 336 10
398 343 10
398 344 10
398 351 10
398 355 10
398 357 10
398 377 10
398 379 10
398 381 10
398 387 10
398 393 10
398 395 10
398 397 10
398 398 10
398 399 10
398 400 10
398 405 10
398 406 10
398 407 10
398 408 10
398 416 10
398 424 10
398 425 10
398 432 10
398 434 10
398 436 10
398 439 10
398 441 10
398 442 10
398 445 10
398 448 10
398 452 10
398 459 10
398 467 10
398 470 10
398 473 10
398 476 10
398 477 10
398 480 10
398 484 10
398 485 10
398 489 10
398 492 10
398 503 10
398 504 10
398 505 10
398 507 10
398 509 10
398 513 10
398 517 10
398 521 10
398 523 10
398 525 10
398 526 10
398 527 10
398 528 10
398 531 10
398 536 10
398 537 10
398 538 10
398 543 10
398 545 10
398 546 10
398 547 10
398 549 10
398 552 10
398 553 10
398 554 10
398 556 10
398 558 10
398 560 10
398 570 10
398 571 10
398 575 10
398 577 10
398 579 10
398 580 10
398 582 10
398 583 10
398 586 10
398 587 10
398 589 10
398 590 10
398 591 10
398 592 10
398 603 10
398 604 10
398 607 10
398 609 10
398 610 10
398 611 10
398 615 10
398 616 10
398 618 10
398 620 10
398 621 10
398 624 10
398 625 10
398 628 10
398 631 10
398 632 10
398 638 10
398 640 10
398 643 10
398 644 10
398 645 10
398 655 10
398 656 10
398 659 10
398 660 10
398 661 10
398 666 10
398 668 10
398 673 10
398 674 10
398 675 10
398 678 10
398 680 10
398 681 10
398 682 10
398 683 10
398 685 10
398 689 10
398 690 10
398 691 10
398 692 10
398 698 10
398 701 10
398 702 10
398 703 10
398 705 10
398 706 10
398 707 10
398 708 10
398 709 10
398 711 10
398 713 10
398 715 10
398 717 10
398 718 10
399 337 10
399 345 10
399 350 10
399 357 10
399 358 10
399 371 10
399 373 10
399 375 10
399 376 10
399 377 10
399 379 10
399 382 10
399 384 10
399 389 10
399 390 10
399 394 10
399 395 10
399 396 10
399 397 10
399 398 10
399 399 10
399 400 10
399 401 10
399 402 10
399 403 10
399 404 10
399 405 10
399 408 10
399 409 10
399 410 10
399 417 10
399 421 10
399 423 10
399 424 10
399 425 10
399 426 10
399 427 10
399 429 10
399 430 10
399 432 10
399 433 10
399 436 10
399 443 10
399 455 10
399 456 10
399 457 10
399 462 10
399 465 10
399 471 10
399 473 10
399 478 10
399 480 10
399 483 10
399 485 10
399 486 10
399 487 10
399 505 10
399 506 10
399 507 10
399 508 10
399 518 10
399 522 10
399 523 10
399 525 10
399 526 10
399 528 10
399 531 10
399 532 10
399 533 10
399 538 10
399 540 10
399 541 10
399 545 10
399 546 10
399 548 10
399 549 10
399 550 10
399 552 10
399 553 10
399 555 10
399 556 10
399 562 10
399 570 10
399 578 10
399 579 10
399 580 10
399 583 10
399 584 10
399 585 10
399 588 10
399 589 10
399 592 10
399 594 10
399 595 10
399 597 10
399 598 10
399 599 10
399 601 10
399 602 10
399 604 10
399 606 10
399 612 10
399 613 10
399 617 10
399 622 10
399 624 10
399 625 10
399 628 10
399 631 10
399 632 10
399 634 10
399 637 10
399 643 10
399 644 10
399 647 10
399 648 10
399 653 10
399 655 10
399 656 10
399 658 10
399 659 10
399 665 10
399 666 10
399 667 10
399 668 10
399 671 10
399 673 10
399 674 10
399 682 10
399 683 10
399 684 10
399 686 10
399 687 10
399 689 10
399 690 10
399 692 10
399 694 10
399 695 10
399 701 10
399 704 10
399 705 10
399 706 10
399 707 10
399 709 10
399 710 10
399 715 10
399 716 10
400 341 10
400 343 10
400 345 10
400 347 10
400 348 10
400 350 10
400 354 10
400 369 10
400 372 10
400 373 10
400 376 10
400 382 10
400 387 10
400 390 10
400 391 10
400 396 10
400 397 10
400 404 10
400 405 10
400 408 10
400 409 10
400 410 10
400 411 10
400 416 10
400 422 10
400 424 10
400 426 10
400 433 10
400 434 10
400 435 10
400 436 10
400 437 10
400 438 10
400 440 10
400 443 10
400 445 10
400 447 10
400 451 10
400 455 10
400 457 10
400 465 10
400 480 10
400 483 10
400 486 10
400 488 10
400 489 10
400 508 10
400 509 10
400 514 10
400 517 10
400 523 10
400 524 10
400 525 10
400 526 10
400 530 10
400 533 10
400 539 10
400 541 10
400 543 10
400 545 10
400 546 10
400 548 10
400 551 10
400 553 10
400 556 10
400 575 10
400 576 10
400 577 10
400 578 10
400 580 10
400 582 10
400 584 10
400 586 10
400 587 10
400 588 10
400 590 10
400 591 10
400 592 10
400 593 10
400 595 10
400 598 10
400 600 10
400 601 10
400 602 10
400 603 10
400 604 10
400 605 10
400 606 10
400 607 10
400 608 10
400 609 10
400 611 10
400 612 10
400 613 10
400 614 10
400 615 10
400 618 10
400 619 10
400 622 10
400 623 10
400 627 10
400 629 10
400 631 10
400 632 10
400 633 10
400 634 10
400 637 10
400 638 10
400 641 10
400 643 10
400 646 10
400 649 10
400 654 10
400 656 10
400 658 10
400 659 10
400 660 10
400 663 10
400 666 10
400 667 10
400 668 10
400 669 10
400 670 10
400 672 10
400 673 10
400 680 10
400 681 10
400 683 10
400 684 10
400 688 10
400 689 10
400 690 10
400 693 10
400 701 10
400 704 10
400 705 10
400 706 10
400 708 10
400 709 10
400 710 10
400 712 10
400 715 10
401 331 10
401 336 10
401 339 10
401 344 10
401 345 10
401 347 10
401 349 10
401 351 10
401 352 10
401 353 10
401 370 10
401 381 10
401 382 10
401 385 10
401 386 10
401 388 10
401 394 10
401 395 10
401 396 10
401 397 10
401 398 10
401 399 10
401 404 10
401 406 10
401 410 10
401 411 10
401 418 10
401 421 10
401 423 10
401 424 10
401 425 10
401 426 10
401 430 10
401 432 10
401 433 10
401 434 10
401 439 10
401 440 10
401 441 10
401 451 10
401 455 10
401 457 10
401 458 10
401 468 10
401 471 10
401 473 10
401 474 10
401 475 10
401 476 10
401 477 10
401 485 10
401 488 10
401 490 10
401 506 10
401 507 10
401 508 10
401 509 10
401 512 10
401 513 10
401 518 10
401 520 10
401 523 10
401 524 10
401 526 10
401 527 10
401 528 10
401 538 10
401 540 10
401 541 10
401 543 10
401 545 10
401 546 10
401 547 10
401 548 10
401 553 10
401 575 10
401 576 10
401 579 10
401 582 10
401 583 10
401 584 10
401 585 10
401 586 10
401 589 10
401 591 10
401 594 10
401 595 10
401 597 10
401 598 10
401 599 10
401 601 10
401 602 10
401 603 10
401 606 10
401 607 10
401 608 10
401 612 10
401 614 10
401 622 10
401 627 10
401 629 10
401 634 10
401 635 10
401 636 10
401 639 10
401 641 10
401 642 10
401 643 10
401 644 10
401 645 10
401 646 10
401 647 10
401 652 10
401 654 10
401 655 10
401 658 10
401 660 10
401 663 10
401 665 10
401 666 10
401 668 10
401 670 10
401 671 10
401 673 10
401 679 10
401 682 10
401 687 10
401 689 10
401 691 10
401 692 10
401 695 10
401 696 10
401 702 10
401 703 10
401 705 10
401 706 10
401 707 10
401 709 10
401 717 10
402 329 10
402 337 10
402 340 10
402 346 10
402 347 10
402 350 10
402 351 10
402 369 10
402 370 10
402 374 10
402 379 10
402 384 10
402 389 10
402 396 10
402 397 10
402 406 10
402 407 10
402 408 10
402 409 10
402 410 10
402 422 10
402 423 10
402 424 10
402 425 10
402 431 10
402 432 10
402 436 10
402 438 10
402 439 10
402 440 10
402 445 10
402 446 10
402 448 10
402 450 10
402 454 10
402 455 10
402 456 10
402 457 10
402 458 10
402 470 10
402 471 10
402 476 10
402 477 10
402 478 10
402 480 10
402 484 10
402 486 10
402 489 10
402 491 10
402 492 10
402 494 10
402 496 10
402 499 10
402 500 10
402 505 10
402 509 10
402 511 10
402 513 10
402 524 10
402 525 10
402 533 10
402 534 10
402 535 10
402 537 10
402 538 10
402 539 10
402 540 10
402 541 10
402 542 10
402 543 10
402 544 10
402 545 10
402 546 10
402 548 10
402 555 10
402 556 10
402 572 10
402 574 10
402 576 10
402 578 10
402 579 10
402 580 10
402 582 10
402 583 10
402 584 10
402 586 10
402 587 10
402 589 10
402 590 10
402 591 10
402 592 10
402 594 10
402 595 10
402 597 10
402 599 10
402 600 10
402 601 10
402 602 10
402 603 10
402 604 10
402 605 10
402 607 10
402 610 10
402 612 10
402 614 10
402 616 10
402 617 10
402 620 10
402 622 10
402 623 10
402 624 10
402 629 10
402 631 10
402 632 10
402 633 10
402 634 10
402 635 10
402 636 10
402 638 10
402 639 10
402 640 10
402 643 10
402 645 10
402 646 10
402 652 10
402 656 10
402 657 10
402 660 10
402 661 10
402 664 10
402 682 10
402 683 10
402 687 10
402 688 10
402 691 10
402 692 10
402 695 10
402 697 10
402 698 10
402 702 10
402 703 10
402 705 10
402 713 10
402 716 10
403 329 10
403 331 10
403 336 10
403 338 10
403 340 10
403 363 10
403 377 10
403 379 10
403 382 10
403 383 10
403 384 10
403 385 10
403 387 10
403 388 10
403 394 10
403 399 10
403 400 10
403 403 10
403 406 10
403 408 10
403 410 10
403 411 10
403 420 10
403 422 10
403 424 10
403 426 10
403 427 10
403 430 10
403 435 10
403 437 10
403 443 10
403 450 10
403 456 10
403 459 10
403 472 10
403 473 10
403 475 10
403 478 10
403 480 10
403 482 10
403 483 10
403 491 10
403 494 10
403 497 10
403 505 10
403 506 10
403 514 10
403 516 10
403 517 10
403 521 10
403 523 10
403 524 10
403 531 10
403 534 10
403 536 10
403 537 10
403 541 10
403 544 10
403 546 10
403 551 10
403 553 10
403 570 10
403 576 10
403 579 10
403 583 10
403 585 10
403 587 10
403 590 10
403 591 10
403 592 10
403 593 10
403 594 10
403 597 10
403 599 10
403 600 10
403 601 10
403 602 10
403 604 10
403 609 10
403 612 10
403 614 10
403 615 10
403 616 10
403 618 10
403 621 10
403 622 10
403 626 10
403 631 10
403 632 10
403 633 10
403 634 10
403 636 10
403 637 10
403 638 10
403 639 10
403 640 10
403 641 10
403 642 10
403 643 10
403 644 10
403 655 10
403 659 10
403 661 10
403 664 10
403 665 10
403 666 10
403 669 10
403 671 10
403 678 10
403 679 10
403 680 10
403 682 10
403 686 10
403 688 10
403 689 10
403 690 10
403 693 10
403 694 10
403 697 10
403 700 10
403 701 10
403 702 10
403 704 10
403 705 10
403 707 10
403 711 10
403 712 10
403 714 10
403 716 10
404 330 10
404 332 10
404 334 10
404 335 10
404 336 10
404 338 10
404 339 10
404 340 10
404 341 10
404 348 10
404 361 10
404 379 10
404 380 10
404 381 10
404 382 10
404 384 10
404 385 10
404 389 10
404 397 10
404 398 10
404 400 10
404 407 10
404 409 10
404 413 10
404 422 10
404 423 10
404 424 10
404 425 10
404 426 10
404 432 10
404 433 10
404 434 10
404 443 10
404 447 10
404 452 10
404 459 10
404 460 10
404 470 10
404 472 10
404 474 10
404 475 10
404 476 10
404 477 10
404 479 10
404 482 10
404 483 10
404 485 10
404 487 10
404 488 10
404 490 10
404 491 10
404 494 10
404 496 10
404 497 10
404 498 10
404 502 10
404 504 10
404 507 10
404 511 10
404 514 10
404 515 10
404 516 10
404 518 10
404 521 10
404 530 10
404 531 10
404 532 10
404 533 10
404 534 10
404 536 10
404 538 10
404 539 10
404 540 10
404 541 10
404 542 10
404 543 10
404 544 10
404 546 10
404 547 10
404 553 10
404 554 10
404 570 10
404 574 10
404 578 10
404 579 10
404 582 10
404 583 10
404 585 10
404 586 10
404 587 10
404 589 10
404 590 10
404 591 10
404 593 10
404 596 10
404 597 10
404 600 10
404 601 10
404 602 10
404 604 10
404 607 10
404 608 10
404 609 10
404 617 10
404 618 10
404 623 10
404 627 10
404 633 10
404 634 10
404 635 10
404 636 10
404 637 10
404 638 10
404 639 10
404 640 10
404 642 10
404 644 10
404 646 10
404 653 10
404 655 10
404 659 10
404 660 10
404 661 10
404 663 10
404 664 10
404 666 10
404 667 10
404 668 10
404 669 10
404 670 10
404 671 10
404 682 10
404 683 10
404 684 10
404 686 10
404 691 10
404 692 10
404 694 10
404 695 10
404 699 10
404 701 10
404 705 10
404 706 10
404 708 10
404 710 10
404 711 10
404 712 10
404 720 10
405 329 10
405 330 10
405 332 10
405 333 10
405 335 10
405 337 10
405 341 10
405 348 10
405 363 10
405 365 10
405 366 10
405 367 10
405 382 10
405 383 10
405 384 10
405 385 10
405 387 10
405 388 10
405 390 10
405 398 10
405 399 10
405 400 10
405 401 10
405 403 10
405 404 10
405 411 10
405 419 10
405 420 10
405 423 10
405 426 10
405 429 10
405 433 10
405 436 10
405 437 10
405 439 10
405 443 10
405 446 10
405 448 10
405 449 10
405 450 10
405 451 10
405 469 10
405 473 10
405 476 10
405 480 10
405 483 10
405 487 10
405 488 10
405 489 10
405 491 10
405 492 10
405 493 10
405 496 10
405 497 10
405 500 10
405 505 10
405 509 10
405 512 10
405 513 10
405 514 10
405 515 10
405 516 10
405 517 10
405 518 10
405 520 10
405 521 10
405 528 10
405 530 10
405 532 10
405 535 10
405 536 10
405 537 10
405 538 10
405 540 10
405 541 10
405 542 10
405 545 10
405 546 10
405 547 10
405 553 10
405 556 10
405 575 10
405 577 10
405 580 10
405 582 10
405 585 10
405 588 10
405 589 10
405 590 10
405 591 10
405 592 10
405 593 10
405 594 10
405 595 10
405 597 10
405 599 10
405 600 10
405 603 10
405 604 10
405 612 10
405 614 10
405 616 10
405 621 10
405 629 10
405 630 10
405 632 10
405 633 10
405 634 10
405 635 10
405 636 10
405 637 10
405 638 10
405 639 10
405 640 10
405 641 10
405 643 10
405 645 10
405 651 10
405 655 10
405 657 10
405 658 10
405 662 10
405 664 10
405 665 10
405 668 10
405 670 10
405 671 10
405 672 10
405 678 10
405 679 10
405 683 10
405 685 10
405 687 10
405 689 10
405 697 10
405 699 10
405 700 10
405 706 10
405 707 10
405 708 10
405 711 10
405 712 10
405 717 10
405 721 10
405 722 10
406 326 10
406 329 10
406 332 10
406 334 10
406 335 10
406 337 10
406 338 10
406 340 10
406 345 10
406 362 10
406 363 10
406 364 10
406 366 10
406 370 10
406 372 10
406 375 10
406 379 10
406 381 10
406 383 10
406 384 10
406 385 10
406 387 10
406 390 10
406 395 10
406 396 10
406 397 10
406 398 10
406 399 10
406 400 10
406 402 10
406 405 10
406 406 10
406 407 10
406 409 10
406 412 10
406 414 10
406 416 10
406 419 10
406 420 10
406 422 10
406 424 10
406 425 10
406 426 10
406 427 10
406 429 10
406 431 10
406 432 10
406 436 10
406 444 10
406 445 10
406 447 10
406 455 10
406 456 10
406 459 10
406 470 10
406 472 10
406 473 10
406 475 10
406 477 10
406 478 10
406 479 10
406 481 10
406 483 10
406 485 10
406 487 10
406 489 10
406 490 10
406 493 10
406 494 10
406 495 10
406 497 10
406 498 10
406 499 10
406 500 10
406 504 10
406 507 10
406 510 10
406 513 10
406 514 10
406 515 10
406 516 10
406 522 10
406 529 10
406 532 10
406 533 10
406 534 10
406 536 10
406 537 10
406 540 10
406 541 10
406 542 10
406 543 10
406 544 10
406 545 10
406 548 10
406 551 10
406 552 10
406 553 10
406 555 10
406 579 10
406 582 10
406 584 10
406 585 10
406 587 10
406 588 10
406 589 10
406 591 10
406 593 10
406 595 10
406 596 10
406 597 10
406 598 10
406 601 10
406 602 10
406 603 10
406 604 10
406 605 10
406 610 10
406 615 10
406 617 10
406 619 10
406 622 10
406 627 10
406 628 10
406 630 10
406 632 10
406 633 10
406 635 10
406 638 10
406 639 10
406 640 10
406 641 10
406 642 10
406 643 10
406 644 10
406 651 10
406 652 10
406 653 10
406 654 10
406 655 10
406 657 10
406 660 10
406 661 10
406 664 10
406 667 10
406 671 10
406 672 10
406 677 10
406 680 10
406 681 10
406 687 10
406 691 10
406 692 10
406 694 10
406 707 10
406 710 10
406 711 10
406 715 10
406 716 10
406 717 10
406 722 10
407 330 10
407 334 10
407 335 10
407 336 10
407 339 10
407 340 10
407 341 10
407 345 10
407 350 10
407 358 10
407 360 10
407 362 10
407 363 10
407 366 10
407 378 10
407 384 10
407 387 10
407 396 10
407 397 10
407 398 10
407 400 10
407 401 10
407 402 10
407 403 10
407 408 10
407 409 10
407 412 10
407 414 10
407 415 10
407 420 10
407 423 10
407 424 10
407 425 10
407 427 10
407 429 10
407 431 10
407 433 10
407 437 10
407 442 10
407 443 10
407 444 10
407 445 10
407 453 10
407 456 10
407 460 10
407 463 10
407 464 10
407 469 10
407 471 10
407 474 10
407 479 10
407 481 10
407 482 10
407 483 10
407 484 10
407 485 10
407 489 10
407 490 10
407 491 10
407 493 10
407 494 10
407 495 10
407 496 10
407 497 10
407 498 10
407 500 10
407 505 10
407 506 10
407 507 10
407 508 10
407 510 10
407 516 10
407 529 10
407 531 10
407 535 10
407 536 10
407 539 10
407 540 10
407 541 10
407 543 10
407 544 10
407 547 10
407 551 10
407 552 10
407 553 10
407 554 10
407 556 10
407 566 10
407 574 10
407 581 10
407 583 10
407 586 10
407 587 10
407 590 10
407 592 10
407 593 10
407 594 10
407 595 10
407 596 10
407 597 10
407 598 10
407 599 10
407 600 10
407 601 10
407 602 10
407 603 10
407 608 10
407 613 10
407 614 10
407 617 10
407 619 10
407 621 10
407 622 10
407 624 10
407 627 10
407 629 10
407 631 10
407 633 10
407 634 10
407 635 10
407 637 10
407 638 10
407 639 10
407 640 10
407 641 10
407 643 10
407 645 10
407 646 10
407 650 10
407 651 10
407 661 10
407 663 10
407 664 10
407 668 10
407 669 10
407 670 10
407 671 10
407 672 10
407 681 10
407 682 10
407 683 10
407 684 10
407 686 10
407 688 10
407 692 10
407 696 10
407 705 10
407 706 10
407 707 10
407 708 10
407 709 10
407 710 10
407 720 10
407 724 10
408 332 10
408 333 10
408 334 10
408 335 10
408 336 10
408 337 10
408 338 10
408 341 10
408 348 10
408 349 10
408 351 10
408 352 10
408 355 10
408 357 10
408 359 10
408 360 10
408 361 10
408 363 10
408 365 10
408 375 10
408 383 10
408 384 10
408 385 10
408 387 10
408 390 10
408 392 10
408 395 10
408 396 10
408 400 10
408 401 10
408 406 10
408 407 10
408 409 10
408 411 10
408 412 10
408 414 10
408 417 10
408 419 10
408 421 10
408 422 10
408 424 10
408 429 10
408 431 10
408 436 10
408 438 10
408 439 10
408 440 10
408 441 10
408 444 10
408 452 10
408 455 10
408 456 10
408 459 10
408 463 10
408 464 10
408 467 10
408 472 10
408 473 10
408 474 10
408 475 10
408 477 10
408 478 10
408 480 10
408 482 10
408 485 10
408 486 10
408 487 10
408 488 10
408 490 10
408 491 10
408 492 10
408 493 10
408 494 10
408 495 10
408 496 10
408 497 10
408 499 10
408 502 10
408 509 10
408 510 10
408 511 10
408 513 10
408 514 10
408 529 10
408 531 10
408 532 10
408 533 10
408 534 10
408 535 10
408 536 10
408 538 10
408 539 10
408 541 10
408 544 10
408 545 10
408 546 10
408 547 10
408 548 10
408 549 10
408 551 10
408 552 10
408 553 10
408 554 10
408 562 10
408 564 10
408 565 10
408 566 10
408 574 10
408 577 10
408 578 10
408 580 10
408 583 10
408 584 10
408 587 10
408 588 10
408 591 10
408 592 10
408 593 10
408 594 10
408 595 10
408 597 10
408 598 10
408 601 10
408 604 10
408 605 10
408 607 10
408 611 10
408 612 10
408 615 10
408 617 10
408 621 10
408 622 10
408 624 10
408 625 10
408 627 10
408 628 10
408 631 10
408 633 10
408 635 10
408 636 10
408 637 10
408 638 10
408 641 10
408 642 10
408 644 10
408 646 10
408 648 10
408 653 10
408 654 10
408 655 10
408 656 10
408 659 10
408 665 10
408 672 10
408 678 10
408 680 10
408 682 10
408 683 10
408 693 10
408 703 10
408 708 10
408 710 10
408 712 10
408 715 10
408 718 10
408 721 10
408 722 10
409 332 10
409 335 10
409 336 10
409 337 10
409 338 10
409 339 10
409 340 10
409 342 10
409 349 10
409 355 10
409 356 10
409 357 10
409 358 10
409 359 10
409 360 10
409 361 10
409 362 10
409 363 10
409 373 10
409 374 10
409 375 10
409 377 10
409 382 10
409 383 10
409 388 10
409 390 10
409 397 10
409 399 10
409 401 10
409 403 10
409 405 10
409 406 10
409 407 10
409 408 10
409 411 10
409 412 10
409 413 10
409 415 10
409 417 10
409 418 10
409 421 10
409 422 10
409 424 10
409 427 10
409 429 10
409 430 10
409 431 10
409 432 10
409 433 10
409 436 10
409 439 10
409 442 10
409 444 10
409 445 10
409 446 10
409 453 10
409 455 10
409 458 10
409 459 10
409 462 10
409 465 10
409 466 10
409 467 10
409 469 10
409 477 10
409 480 10
409 481 10
409 482 10
409 483 10
409 484 10
409 485 10
409 487 10
409 488 10
409 489 10
409 490 10
409 491 10
409 492 10
409 493 10
409 494 10
409 495 10
409 496 10
409 497 10
409 499 10
409 503 10
409 505 10
409 506 10
409 508 10
409 509 10
409 510 10
409 511 10
409 512 10
409 515 10
409 531 10
409 532 10
409 533 10
409 534 10
409 536 10
409 539 10
409 541 10
409 542 10
409 543 10
409 545 10
409 547 10
409 551 10
409 564 10
409 566 10
409 568 10
409 576 10
409 579 10
409 580 10
409 585 10
409 586 10
409 587 10
409 590 10
409 591 10
409 592 10
409 593 10
409 594 10
409 595 10
409 596 10
409 597 10
409 598 10
409 599 10
409 601 10
409 602 10
409 603 10
409 604 10
409 605 10
409 606 10
409 607 10
409 608 10
409 609 10
409 610 10
409 613 10
409 614 10
409 618 10
409 619 10
409 620 10
409 621 10
409 622 10
409 623 10
409 624 10
409 627 10
409 628 10
409 630 10
409 631 10
409 634 10
409 635 10
409 636 10
409 639 10
409 640 10
409 644 10
409 650 10
409 652 10
409 653 10
409 658 10
409 661 10
409 665 10
409 667 10
409 668 10
409 669 10
409 671 10
409 674 10
409 675 10
409 676 10
409 678 10
409 682 10
409 683 10
409 692 10
409 699 10
409 701 10
409 703 10
409 705 10
409 707 10
409 712 10
409 716 10
410 324 10
410 325 10
410 326 10
410 331 10
410 332 10
410 333 10
410 334 10
410 335 10
410 336 10
410 337 10
410 338 10
410 340 10
410 341 10
410 342 10
410 344 10
410 345 10
410 347 10
410 349 10
410 350 10
410 351 10
410 353 10
410 354 10
410 358 10
410 359 10
410 360 10
410 361 10
410 362 10
410 375 10
410 378 10
410 381 10
410 386 10
410 387 10
410 391 10
410 392 10
410 394 10
410 396 10
410 398 10
410 400 10
410 402 10
410 405 10
410 406 10
410 412 10
410 415 10
410 416 10
410 419 10
410 420 10
410 421 10
410 423 10
410 424 10
410 425 10
410 427 10
410 432 10
410 434 10
410 435 10
410 436 10
410 439 10
410 441 10
410 442 10
410 443 10
410 444 10
410 455 10
410 457 10
410 458 10
410 461 10
410 462 10
410 463 10
410 464 10
410 465 10
410 466 10
410 468 10
410 469 10
410 473 10
410 476 10
410 477 10
410 479 10
410 480 10
410 482 10
410 483 10
410 484 10
410 485 10
410 486 10
410 488 10
410 489 10
410 490 10
410 492 10
410 493 10
410 494 10
410 495 10
410 496 10
410 497 10
410 498 10
410 503 10
410 508 10
410 511 10
410 512 10
410 513 10
410 515 10
410 530 10
410 531 10
410 532 10
410 533 10
410 537 10
410 539 10
410 540 10
410 543 10
410 545 10
410 546 10
410 547 10
410 555 10
410 556 10
410 560 10
410 563 10
410 566 10
410 568 10
410 570 10
410 572 10
410 581 10
410 582 10
410 583 10
410 587 10
410 591 10
410 592 10
410 593 10
410 594 10
410 595 10
410 596 10
410 598 10
410 601 10
410 602 10
410 611 10
410 612 10
410 621 10
410 623 10
410 624 10
410 625 10
410 626 10
410 627 10
410 628 10
410 629 10
410 630 10
410 631 10
410 633 10
410 635 10
410 636 10
410 637 10
410 640 10
410 642 10
410 643 10
410 654 10
410 660 10
410 662 10
410 663 10
410 664 10
410 666 10
410 669 10
410 672 10
410 673 10
410 677 10
410 679 10
410 680 10
410 682 10
410 702 10
410 705 10
410 706 10
410 710 10
410 712 10
410 713 10
410 716 10
411 331 10
411 332 10
411 334 10
411 335 10
411 336 10
411 339 10
411 342 10
411 344 10
411 347 10
411 348 10
411 349 10
411 351 10
411 354 10
411 356 10
411 357 10
411 358 10
411 359 10
411 360 10
411 361 10
411 362 10
411 363 10
411 364 10
411 365 10
411 367 10
411 368 10
411 372 10
411 376 10
411 381 10
411 382 10
411 385 10
411 393 10
411 395 10
411 398 10
411 399 10
411 402 10
411 403 10
411 404 10
411 405 10
411 406 10
411 410 10
411 412 10
411 413 10
411 416 10
411 420 10
411 423 10
411 425 10
411 426 10
411 428 10
411 429 10
411 430 10
411 431 10
411 434 10
411 435 10
411 436 10
411 438 10
411 439 10
411 442 10
411 444 10
411 452 10
411 454 10
411 459 10
411 462 10
411 463 10
411 465 10
411 466 10
411 469 10
411 471 10
411 473 10
411 475 10
411 476 10
411 479 10
411 480 10
411 481 10
411 482 10
411 483 10
411 485 10
411 487 10
411 488 10
411 489 10
411 490 10
411 491 10
411 492 10
411 493 10
411 494 10
411 496 10
411 497 10
411 499 10
411 504 10
411 505 10
411 506 10
411 507 10
411 508 10
411 509 10
411 510 10
411 532 10
411 533 10
411 535 10
411 539 10
411 541 10
411 542 10
411 543 10
411 544 10
411 545 10
411 546 10
411 547 10
411 552 10
411 556 10
411 557 10
411 558 10
411 561 10
411 569 10
411 570 10
411 571 10
411 572 10
411 575 10
411 584 10
411 585 10
411 587 10
411 589 10
411 592 10
411 593 10
411 594 10
411 595 10
411 596 10
411 597 10
411 598 10
411 601 10
411 604 10
411 607 10
411 609 10
411 616 10
411 617 10
411 618 10
411 621 10
411 622 10
411 623 10
411 624 10
411 627 10
411 628 10
411 632 10
411 633 10
411 634 10
411 636 10
411 637 10
411 639 10
411 640 10
411 641 10
411 642 10
411 657 10
411 660 10
411 662 10
411 666 10
411 668 10
411 669 10
411 670 10
411 671 10
411 672 10
411 675 10
411 679 10
411 698 10
411 700 10
411 711 10
411 712 10
411 720 10
411 723 10
412 324 10
412 327 10
412 332 10
412 333 10
412 334 10
412 335 10
412 336 10
412 340 10
412 342 10
412 344 10
412 345 10
412 346 10
412 347 10
412 349 10
412 351 10
412 352 10
412 354 10
412 355 10
412 356 10
412 357 10
412 358 10
412 359 10
412 360 10
412 361 10
412 362 10
412 366 10
412 374 10
412 376 10
412 377 10
412 378 10
412 383 10
412 384 10
412 388 10
412 391 10
412 398 10
412 399 10
412 401 10
412 406 10
412 407 10
412 410 10
412 414 10
412 417 10
412 418 10
412 419 10
412 421 10
412 425 10
412 427 10
412 431 10
412 432 10
412 438 10
412 440 10
412 443 10
412 446 10
412 448 10
412 453 10
412 457 10
412 458 10
412 460 10
412 463 10
412 464 10
412 467 10
412 468 10
412 470 10
412 471 10
412 474 10
412 478 10
412 479 10
412 480 10
412 483 10
412 484 10
412 487 10
412 488 10
412 490 10
412 491 10
412 492 10
412 493 10
412 494 10
412 496 10
412 497 10
412 498 10
412 499 10
412 500 10
412 501 10
412 502 10
412 505 10
412 506 10
412 507 10
412 508 10
412 509 10
412 511 10
412 519 10
412 524 10
412 529 10
412 537 10
412 539 10
412 540 10
412 543 10
412 546 10
412 554 10
412 556 10
412 557 10
412 559 10
412 566 10
412 568 10
412 575 10
412 584 10
412 586 10
412 587 10
412 588 10
412 592 10
412 593 10
412 594 10
412 595 10
412 597 10
412 599 10
412 600 10
412 601 10
412 602 10
412 606 10
412 610 10
412 611 10
412 617 10
412 618 10
412 620 10
412 621 10
412 622 10
412 623 10
412 625 10
412 626 10
412 627 10
412 628 10
412 632 10
412 635 10
412 637 10
412 641 10
412 642 10
412 644 10
412 652 10
412 653 10
412 663 10
412 668 10
412 671 10
412 672 10
412 675 10
412 677 10
412 678 10
412 681 10
412 682 10
412 683 10
412 703 10
413 313 10
413 328 10
413 329 10
413 330 10
413 331 10
413 332 10
413 333 10
413 339 10
413 341 10
413 343 10
413 344 10
413 346 10
413 349 10
413 350 10
413 353 10
413 354 10
413 355 10
413 356 10
413 357 10
413 358 10
413 359 10
413 360 10
413 361 10
413 362 10
413 363 10
413 365 10
413 371 10
413 372 10
413 374 10
413 376 10
413 380 10
413 381 10
413 383 10
413 384 10
413 386 10
413 392 10
413 398 10
413 399 10
413 401 10
413 403 10
413 404 10
413 406 10
413 408 10
413 409 10
413 412 10
413 413 10
413 414 10
413 416 10
413 417 10
413 420 10
413 423 10
413 426 10
413 427 10
413 435 10
413 436 10
413 437 10
413 439 10
413 441 10
413 442 10
413 444 10
413 445 10
413 446 10
413 450 10
413 451 10
413 452 10
413 453 10
413 454 10
413 456 10
413 460 10
413 461 10
413 462 10
413 463 10
413 467 10
413 469 10
413 473 10
413 475 10
413 478 10
413 479 10
413 480 10
413 481 10
413 482 10
413 483 10
413 487 10
413 489 10
413 490 10
413 492 10
413 493 10
413 494 10
413 495 10
413 497 10
413 498 10
413 499 10
413 500 10
413 502 10
413 503 10
413 504 10
413 505 10
413 507 10
413 508 10
413 511 10
413 522 10
413 531 10
413 537 10
413 538 10
413 540 10
413 543 10
413 544 10
413 546 10
413 549 10
413 551 10
413 552 10
413 554 10
413 555 10
413 556 10
413 561 10
413 565 10
413 567 10
413 568 10
413 569 10
413 570 10
413 573 10
413 575 10
413 582 10
413 584 10
413 585 10
413 587 10
413 590 10
413 591 10
413 592 10
413 593 10
413 595 10
413 596 10
413 598 10
413 599 10
413 601 10
413 602 10
413 605 10
413 616 10
413 617 10
413 618 10
413 622 10
413 624 10
413 626 10
413 627 10
413 630 10
413 633 10
413 634 10
413 636 10
413 644 10
413 655 10
413 656 10
413 663 10
413 667 10
413 669 10
413 673 10
413 675 10
413 676 10
413 677 10
413 678 10
413 679 10
413 680 10
413 681 10
413 682 10
413 683 10
413 710 10
414 333 10
414 334 10
414 337 10
414 340 10
414 341 10
414 342 10
414 343 10
414 348 10
414 349 10
414 351 10
414 352 10
414 354 10
414 355 10
414 356 10
414 357 10
414 358 10
414 359 10
414 360 10
414 361 10
414 364 10
414 368 10
414 369 10
414 373 10
414 376 10
414 384 10
414 386 10
414 389 10
414 390 10
414 397 10
414 399 10
414 400 10
414 401 10
414 404 10
414 406 10
414 407 10
414 409 10
414 412 10
414 414 10
414 415 10
414 416 10
414 417 10
414 419 10
414 421 10
414 422 10
414 424 10
414 428 10
414 429 10
414 430 10
414 431 10
414 437 10
414 438 10
414 443 10
414 444 10
414 447 10
414 448 10
414 451 10
414 453 10
414 454 10
414 455 10
414 458 10
414 459 10
414 463 10
414 466 10
414 467 10
414 472 10
414 473 10
414 477 10
414 478 10
414 479 10
414 480 10
414 483 10
414 487 10
414 489 10
414 490 10
414 491 10
414 492 10
414 494 10
414 496 10
414 498 10
414 499 10
414 501 10
414 510 10
414 519 10
414 521 10
414 538 10
414 540 10
414 543 10
414 544 10
414 546 10
414 547 10
414 549 10
414 550 10
414 551 10
414 552 10
414 553 10
414 555 10
414 558 10
414 560 10
414 561 10
414 566 10
414 568 10
414 569 10
414 570 10
414 571 10
414 576 10
414 579 10
414 580 10
414 582 10
414 585 10
414 589 10
414 590 10
414 592 10
414 593 10
414 595 10
414 596 10
414 597 10
414 598 10
414 599 10
414 602 10
414 604 10
414 610 10
414 612 10
414 615 10
414 619 10
414 620 10
414 622 10
414 624 10
414 627 10
414 628 10
414 630 10
414 632 10
414 642 10
414 643 10
414 653 10
414 663 10
414 664 10
414 665 10
414 667 10
414 672 10
414 673 10
414 674 10
414 675 10
414 676 10
414 678 10
414 680 10
414 682 10
414 723 10
415 316 10
415 327 10
415 328 10
415 329 10
415 330 10
415 332 10
415 334 10
415 335 10
415 337 10
415 338 10
415 341 10
415 342 10
415 348 10
415 350 10
415 351 10
415 352 10
415 354 10
415 355 10
415 356 10
415 357 10
415 358 10
415 359 10
415 360 10
415 361 10
415 367 10
415 369 10
415 373 10
415 374 10
415 382 10
415 391 10
415 392 10
415 395 10
415 400 10
415 401 10
415 403 10
415 405 10
415 407 10
415 408 10
415 410 10
415 412 10
415 414 10
415 423 10
415 429 10
415 436 10
415 438 10
415 440 10
415 441 10
415 442 10
415 443 10
415 444 10
415 445 10
415 448 10
415 449 10
415 450 10
415 454 10
415 456 10
415 460 10
415 461 10
415 463 10
415 464 10
415 465 10
415 467 10
415 474 10
415 477 10
415 479 10
415 481 10
415 482 10
415 484 10
415 485 10
415 486 10
415 487 10
415 489 10
415 490 10
415 491 10
415 492 10
415 493 10
415 494 10
415 496 10
415 498 10
415 499 10
415 501 10
415 508 10
415 515 10
415 517 10
415 522 10
415 528 10
415 530 10
415 536 10
415 542 10
415 545 10
415 546 10
415 549 10
415 550 10
415 551 10
415 552 10
415 553 10
415 554 10
415 555 10
415 556 10
415 557 10
415 560 10
415 562 10
415 563 10
415 567 10
415 570 10
415 574 10
415 578 10
415 582 10
415 583 10
415 584 10
415 587 10
415 590 10
415 591 10
415 592 10
415 593 10
415 594 10
415 595 10
415 598 10
415 599 10
415 600 10
415 601 10
415 602 10
415 605 10
415 613 10
415 618 10
415 623 10
415 624 10
415 625 10
415 627 10
415 630 10
415 634 10
415 636 10
415 640 10
415 642 10
415 653 10
415 669 10
415 671 10
415 672 10
415 675 10
415 677 10
415 679 10
416 331 10
416 333 10
416 334 10
416 337 10
416 338 10
416 339 10
416 340 10
416 342 10
416 343 10
416 347 10
416 348 10
416 350 10
416 351 10
416 353 10
416 354 10
416 355 10
416 356 10
416 357 10
416 359 10
416 361 10
416 363 10
416 365 10
416 367 10
416 370 10
416 374 10
416 376 10
416 381 10
416 387 10
416 396 10
416 398 10
416 401 10
416 403 10
416 404 10
416 405 10
416 406 10
416 407 10
416 409 10
416 419 10
416 420 10
416 422 10
416 425 10
416 429 10
416 431 10
416 434 10
416 436 10
416 437 10
416 440 10
416 441 10
416 446 10
416 447 10
416 448 10
416 450 10
416 451 10
416 453 10
416 456 10
416 458 10
416 460 10
416 461 10
416 464 10
416 476 10
416 479 10
416 481 10
416 482 10
416 483 10
416 484 10
416 485 10
416 490 10
416 492 10
416 495 10
416 497 10
416 499 10
416 510 10
416 515 10
416 537 10
416 541 10
416 542 10
416 544 10
416 547 10
416 548 10
416 551 10
416 552 10
416 553 10
416 554 10
416 555 10
416 559 10
416 560 10
416 570 10
416 572 10
416 574 10
416 575 10
416 576 10
416 577 10
416 582 10
416 585 10
416 586 10
416 587 10
416 590 10
416 592 10
416 593 10
416 597 10
416 598 10
416 600 10
416 601 10
416 603 10
416 604 10
416 606 10
416 610 10
416 619 10
416 620 10
416 622 10
416 625 10
416 627 10
416 629 10
416 632 10
416 633 10
416 636 10
416 645 10
416 656 10
416 666 10
416 667 10
416 671 10
416 674 10
416 677 10
416 678 10
416 695 10
416 696 10
417 330 10
417 332 10
417 333 10
417 334 10
417 337 10
417 341 10
417 342 10
417 343 10
417 345 10
417 347 10
417 351 10
417 353 10
417 355 10
417 356 10
417 358 10
417 359 10
417 363 10
417 364 10
417 365 10
417 367 10
417 368 10
417 371 10
417 372 10
417 375 10
417 377 10
417 379 10
417 380 10
417 381 10
417 393 10
417 395 10
417 396 10
417 400 10
417 401 10
417 404 10
417 405 10
417 408 10
417 409 10
417 410 10
417 411 10
417 421 10
417 424 10
417 425 10
417 427 10
417 428 10
417 429 10
417 433 10
417 436 10
417 439 10
417 441 10
417 442 10
417 445 10
417 446 10
417 447 10
417 448 10
417 449 10
417 451 10
417 452 10
417 453 10
417 454 10
417 457 10
417 458 10
417 459 10
417 460 10
417 461 10
417 464 10
417 465 10
417 470 10
417 472 10
417 473 10
417 474 10
417 476 10
417 477 10
417 478 10
417 481 10
417 482 10
417 483 10
417 485 10
417 489 10
417 490 10
417 494 10
417 495 10
417 496 10
417 497 10
417 500 10
417 510 10
417 518 10
417 530 10
417 533 10
417 535 10
417 539 10
417 540 10
417 541 10
417 543 10
417 545 10
417 547 10
417 549 10
417 550 10
417 551 10
417 552 10
417 553 10
417 557 10
417 558 10
417 566 10
417 572 10
417 577 10
417 583 10
417 585 10
417 586 10
417 587 10
417 588 10
417 590 10
417 591 10
417 593 10
417 595 10
417 596 10
417 597 10
417 598 10
417 599 10
417 603 10
417 604 10
417 605 10
417 606 10
417 608 10
417 618 10
417 620 10
417 621 10
417 622 10
417 623 10
417 625 10
417 626 10
417 627 10
417 629 10
417 630 10
417 631 10
417 632 10
417 635 10
417 637 10
417 638 10
417 647 10
417 648 10
417 653 10
417 666 10
417 668 10
417 669 10
417 670 10
417 671 10
417 681 10
417 684 10
417 695 10
418 314 10
418 320 10
418 325 10
418 330 10
418 332 10
418 335 10
418 336 10
418 339 10
418 340 10
418 341 10
418 343 10
418 347 10
418 348 10
418 350 10
418 353 10
418 354 10
418 355 10
418 358 10
418 361 10
418 362 10
418 363 10
418 368 10
418 373 10
418 374 10
418 380 10
418 382 10
418 395 10
418 397 10
418 398 10
418 399 10
418 400 10
418 406 10
418 408 10
418 409 10
418 412 10
418 417 10
418 419 10
418 420 10
418 421 10
418 424 10
418 427 10
418 428 10
418 429 10
418 434 10
418 438 10
418 439 10
418 441 10
418 442 10
418 443 10
418 444 10
418 446 10
418 449 10
418 451 10
418 452 10
418 454 10
418 457 10
418 459 10
418 460 10
418 461 10
418 462 10
418 464 10
418 466 10
418 467 10
418 472 10
418 473 10
418 474 10
418 475 10
418 476 10
418 478 10
418 481 10
418 483 10
418 484 10
418 486 10
418 487 10
418 489 10
418 491 10
418 492 10
418 493 10
418 494 10
418 495 10
418 496 10
418 498 10
418 499 10
418 500 10
418 503 10
418 512 10
418 515 10
418 518 10
418 521 10
418 525 10
418 531 10
418 537 10
418 539 10
418 542 10
418 547 10
418 548 10
418 549 10
418 550 10
418 551 10
418 556 10
418 560 10
418 561 10
418 562 10
418 563 10
418 564 10
418 570 10
418 571 10
418 572 10
418 573 10
418 574 10
418 576 10
418 578 10
418 579 10
418 582 10
418 585 10
418 586 10
418 587 10
418 588 10
418 591 10
418 592 10
418 593 10
418 595 10
418 596 10
418 597 10
418 601 10
418 602 10
418 604 10
418 617 10
418 621 10
418 625 10
418 629 10
418 631 10
418 632 10
418 633 10
418 636 10
418 646 10
418 647 10
418 648 10
418 650 10
418 670 10
418 672 10
418 673 10
418 674 10
418 675 10
418 681 10
418 693 10
418 696 10
419 315 10
419 316 10
419 321 10
419 331 10
419 332 10
419 333 10
419 336 10
419 338 10
419 341 10
419 342 10
419 344 10
419 349 10
419 352 10
419 353 10
419 355 10
419 356 10
419 359 10
419 360 10
419 371 10
419 374 10
419 375 10
419 376 10
419 378 10
419 382 10
419 384 10
419 385 10
419 395 10
419 401 10
419 402 10
419 403 10
419 405 10
419 406 10
419 407 10
419 409 10
419 410 10
419 412 10
419 416 10
419 417 10
419 418 10
419 421 10
419 424 10
419 425 10
419 426 10
419 428 10
419 432 10
419 437 10
419 439 10
419 441 10
419 446 10
419 452 10
419 458 10
419 461 10
419 462 10
419 464 10
419 468 10
419 469 10
419 470 10
419 473 10
419 474 10
419 481 10
419 482 10
419 484 10
419 486 10
419 487 10
419 490 10
419 492 10
419 495 10
419 496 10
419 497 10
419 498 10
419 501 10
419 504 10
419 510 10
419 517 10
419 518 10
419 523 10
419 531 10
419 532 10
419 533 10
419 534 10
419 535 10
419 537 10
419 539 10
419 542 10
419 543 10
419 545 10
419 552 10
419 555 10
419 556 10
419 557 10
419 559 10
419 561 10
419 564 10
419 567 10
419 571 10
419 572 10
419 575 10
419 576 10
419 578 10
419 579 10
419 580 10
419 581 10
419 584 10
419 585 10
419 586 10
419 588 10
419 589 10
419 590 10
419 591 10
419 592 10
419 593 10
419 597 10
419 598 10
419 599 10
419 603 10
419 604 10
419 614 10
419 619 10
419 620 10
419 623 10
419 624 10
419 627 10
419 628 10
419 629 10
419 635 10
419 645 10
419 646 10
419 649 10
419 651 10
419 652 10
419 656 10
419 659 10
419 668 10
419 670 10
419 672 10
419 674 10
419 675 10
419 677 10
419 679 10
419 680 10
419 681 10
419 694 10
419 705 10
419 715 10
419 716 10
420 308 10
420 313 10
420 315 10
420 316 10
420 317 10
420 321 10
420 327 10
420 330 10
420 333 10
420 335 10
420 339 10
420 341 10
420 342 10
420 346 10
420 347 10
420 348 10
420 349 10
420 350 10
420 353 10
420 354 10
420 356 10
420 359 10
420 362 10
420 364 10
420 368 10
420 369 10
420 371 10
420 372 10
420 373 10
420 374 10
420 378 10
420 380 10
420 382 10
420 392 10
420 396 10
420 398 10
420 399 10
420 400 10
420 401 10
420 403 10
420 406 10
420 411 10
420 413 10
420 415 10
420 416 10
420 419 10
420 420 10
420 421 10
420 422 10
420 423 10
420 424 10
420 425 10
420 426 10
420 428 10
420 429 10
420 430 10
420 432 10
420 433 10
420 434 10
420 437 10
420 440 10
420 441 10
420 442 10
420 444 10
420 445 10
420 446 10
420 455 10
420 463 10
420 470 10
420 471 10
420 474 10
420 475 10
420 476 10
420 478 10
420 479 10
420 481 10
420 482 10
420 483 10
420 484 10
420 487 10
420 491 10
420 493 10
420 495 10
420 498 10
420 500 10
420 502 10
420 503 10
420 515 10
420 517 10
420 521 10
420 523 10
420 525 10
420 527 10
420 530 10
420 531 10
420 534 10
420 537 10
420 539 10
420 540 10
420 541 10
420 543 10
420 546 10
420 548 10
420 550 10
420 553 10
420 557 10
420 559 10
420 560 10
420 561 10
420 566 10
420 567 10
420 568 10
420 569 10
420 571 10
420 573 10
420 575 10
420 579 10
420 582 10
420 585 10
420 586 10
420 587 10
420 588 10
420 589 10
420 590 10
420 591 10
420 592 10
420 593 10
420 595 10
420 596 10
420 598 10
420 599 10
420 602 10
420 605 10
420 609 10
420 617 10
420 619 10
420 620 10
420 621 10
420 624 10
420 625 10
420 627 10
420 628 10
420 629 10
420 630 10
420 631 10
420 632 10
420 634 10
420 636 10
420 638 10
420 640 10
420 644 10
420 646 10
420 648 10
420 650 10
420 660 10
420 663 10
420 664 10
420 665 10
420 670 10
420 672 10
420 674 10
420 675 10
420 677 10
420 680 10
420 694 10
420 708 10
421 309 10
421 313 10
421 314 10
421 315 10
421 323 10
421 324 10
421 326 10
421 331 10
421 332 10
421 333 10
421 335 10
421 336 10
421 337 10
421 339 10
421 342 10
421 344 10
421 346 10
421 347 10
421 348 10
421 349 10
421 352 10
421 353 10
421 354 10
421 359 10
421 362 10
421 368 10
421 370 10
421 371 10
421 373 10
421 375 10
421 377 10
421 384 10
421 385 10
421 386 10
421 388 10
421 390 10
421 392 10
421 393 10
421 396 10
421 397 10
421 398 10
421 402 10
421 403 10
421 405 10
421 408 10
421 409 10
421 413 10
421 414 10
421 416 10
421 417 10
421 418 10
421 420 10
421 423 10
421 436 10
421 438 10
421 439 10
421 450 10
421 461 10
421 463 10
421 469 10
421 471 10
421 475 10
421 478 10
421 480 10
421 481 10
421 484 10
421 485 10
421 487 10
421 488 10
421 489 10
421 490 10
421 492 10
421 493 10
421 494 10
421 495 10
421 501 10
421 504 10
421 510 10
421 517 10
421 519 10
421 523 10
421 528 10
421 531 10
421 535 10
421 536 10
421 537 10
421 539 10
421 540 10
421 541 10
421 547 10
421 548 10
421 551 10
421 552 10
421 554 10
421 556 10
421 558 10
421 562 10
421 570 10
421 571 10
421 572 10
421 576 10
421 578 10
421 579 10
421 580 10
421 582 10
421 583 10
421 584 10
421 586 10
421 587 10
421 588 10
421 589 10
421 590 10
421 591 10
421 594 10
421 595 10
421 597 10
421 598 10
421 600 10
421 602 10
421 605 10
421 610 10
421 611 10
421 613 10
421 614 10
421 615 10
421 621 10
421 622 10
421 625 10
421 628 10
421 629 10
421 630 10
421 634 10
421 638 10
421 641 10
421 642 10
421 643 10
421 644 10
421 646 10
421 648 10
421 656 10
421 662 10
421 674 10
421 675 10
421 677 10
421 682 10
421 683 10
421 684 10
421 689 10
421 692 10
421 697 10
421 698 10
421 717 10
422 295 10
422 296 10
422 298 10
422 299 10
422 300 10
422 301 10
422 303 10
422 305 10
422 308 10
422 316 10
422 321 10
422 325 10
422 326 10
422 328 10
422 337 10
422 341 10
422 344 10
422 345 10
422 346 10
422 348 10
422 349 10
422 352 10
422 355 10
422 356 10
422 357 10
422 367 10
422 372 10
422 374 10
422 375 10
422 377 10
422 378 10
422 380 10
422 381 10
422 382 10
422 383 10
422 384 10
422 385 10
422 388 10
422 389 10
422 394 10
422 395 10
422 401 10
422 406 10
422 407 10
422 409 10
422 410 10
422 413 10
422 417 10
422 419 10
422 420 10
422 421 10
422 423 10
422 429 10
422 430 10
422 432 10
422 438 10
422 444 10
422 446 10
422 466 10
422 467 10
422 469 10
422 470 10
422 476 10
422 478 10
422 480 10
422 481 10
422 483 10
422 484 10
422 485 10
422 486 10
422 487 10
422 488 10
422 489 10
422 490 10
422 493 10
422 496 10
422 497 10
422 512 10
422 514 10
422 516 10
422 517 10
422 519 10
422 520 10
422 522 10
422 530 10
422 531 10
422 532 10
422 533 10
422 534 10
422 538 10
422 539 10
422 541 10
422 543 10
422 544 10
422 546 10
422 549 10
422 550 10
422 551 10
422 552 10
422 554 10
422 556 10
422 558 10
422 561 10
422 562 10
422 565 10
422 567 10
422 568 10
422 569 10
422 571 10
422 572 10
422 573 10
422 576 10
422 578 10
422 580 10
422 584 10
422 586 10
422 587 10
422 588 10
422 589 10
422 590 10
422 591 10
422 592 10
422 594 10
422 598 10
422 599 10
422 604 10
422 606 10
422 607 10
422 608 10
422 609 10
422 611 10
422 613 10
422 616 10
422 622 10
422 623 10
422 624 10
422 627 10
422 629 10
422 630 10
422 632 10
422 633 10
422 638 10
422 639 10
422 640 10
422 641 10
422 644 10
422 645 10
422 646 10
422 648 10
422 649 10
422 653 10
422 654 10
422 660 10
422 661 10
422 662 10
422 669 10
422 672 10
422 674 10
422 675 10
422 677 10
422 679 10
422 682 10
422 685 10
422 690 10
422 693 10
422 696 10
422 697 10
422 704 10
422 709 10
423 296 10
423 302 10
423 303 10
423 305 10
423 311 10
423 313 10
423 314 10
423 319 10
423 323 10
423 325 10
423 328 10
423 329 10
423 331 10
423 332 10
423 335 10
423 337 10
423 340 10
423 343 10
423 345 10
423 347 10
423 349 10
423 352 10
423 353 10
423 354 10
423 355 10
423 361 10
423 363 10
423 367 10
423 370 10
423 372 10
423 380 10
423 381 10
423 382 10
423 386 10
423 387 10
423 391 10
423 395 10
423 397 10
423 398 10
423 400 10
423 401 10
423 402 10
423 404 10
423 408 10
423 411 10
423 413 10
423 414 10
423 418 10
423 419 10
423 420 10
423 435 10
423 436 10
423 439 10
423 440 10
423 442 10
423 445 10
423 451 10
423 460 10
423 461 10
423 462 10
423 463 10
423 466 10
423 470 10
423 472 10
423 474 10
423 476 10
423 478 10
423 479 10
423 482 10
423 483 10
423 484 10
423 486 10
423 488 10
423 489 10
423 490 10
423 492 10
423 493 10
423 494 10
423 495 10
423 497 10
423 501 10
423 504 10
423 510 10
423 515 10
423 516 10
423 517 10
423 519 10
423 521 10
423 522 10
423 525 10
423 533 10
423 534 10
423 536 10
423 539 10
423 541 10
423 543 10
423 545 10
423 546 10
423 547 10
423 549 10
423 555 10
423 556 10
423 557 10
423 558 10
423 560 10
423 561 10
423 566 10
423 570 10
423 578 10
423 582 10
423 584 10
423 587 10
423 588 10
423 589 10
423 590 10
423 591 10
423 593 10
423 599 10
423 601 10
423 604 10
423 605 10
423 611 10
423 612 10
423 615 10
423 618 10
423 623 10
423 626 10
423 631 10
423 634 10
423 637 10
423 638 10
423 641 10
423 642 10
423 645 10
423 646 10
423 647 10
423 648 10
423 654 10
423 663 10
423 665 10
423 667 10
423 669 10
423 672 10
423 674 10
423 675 10
423 677 10
423 678 10
423 683 10
423 684 10
423 687 10
423 689 10
423 691 10
423 699 10
423 709 10
424 294 10
424 298 10
424 299 10
424 300 10
424 304 10
424 305 10
424 306 10
424 307 10
424 318 10
424 319 10
424 324 10
424 325 10
424 326 10
424 332 10
424 333 10
424 335 10
424 337 10
424 338 10
424 339 10
424 340 10
424 341 10
424 342 10
424 343 10
424 344 10
424 345 10
424 346 10
424 347 10
424 352 10
424 354 10
424 360 10
424 374 10
424 376 10
424 381 10
424 384 10
424 388 10
424 395 10
424 398 10
424 400 10
424 405 10
424 407 10
424 412 10
424 413 10
424 414 10
424 415 10
424 416 10
424 417 10
424 420 10
424 421 10
424 424 10
424 427 10
424 434 10
424 440 10
424 442 10
424 444 10
424 445 10
424 446 10
424 457 10
424 461 10
424 467 10
424 469 10
424 471 10
424 476 10
424 478 10
424 479 10
424 480 10
424 481 10
424 485 10
424 486 10
424 487 10
424 488 10
424 489 10
424 491 10
424 495 10
424 496 10
424 497 10
424 500 10
424 510 10
424 511 10
424 512 10
424 513 10
424 521 10
424 522 10
424 528 10
424 530 10
424 531 10
424 532 10
424 533 10
424 536 10
424 537 10
424 539 10
424 543 10
424 544 10
424 547 10
424 550 10
424 553 10
424 556 10
424 570 10
424 572 10
424 575 10
424 579 10
424 580 10
424 581 10
424 585 10
424 586 10
424 587 10
424 588 10
424 590 10
424 591 10
424 592 10
424 593 10
424 600 10
424 602 10
424 604 10
424 608 10
424 609 10
424 610 10
424 612 10
424 613 10
424 617 10
424 622 10
424 630 10
424 633 10
424 635 10
424 639 10
424 640 10
424 641 10
424 644 10
424 645 10
424 650 10
424 654 10
424 656 10
424 658 10
424 662 10
424 664 10
424 666 10
424 667 10
424 668 10
424 671 10
424 673 10
424 675 10
424 677 10
424 678 10
424 680 10
424 688 10
424 691 10
424 698 10
424 699 10
424 702 10
424 706 10
425 296 10
425 304 10
425 305 10
425 307 10
425 315 10
425 322 10
425 323 10
425 330 10
425 335 10
425 336 10
425 340 10
425 341 10
425 343 10
425 344 10
425 345 10
425 348 10
425 351 10
425 353 10
425 354 10
425 355 10
425 356 10
425 358 10
425 361 10
425 365 10
425 372 10
425 377 10
425 380 10
425 381 10
425 385 10
425 388 10
425 395 10
425 400 10
425 404 10
425 405 10
425 406 10
425 407 10
425 408 10
425 409 10
425 414 10
425 416 10
425 419 10
425 421 10
425 422 10
425 423 10
425 425 10
425 429 10
425 431 10
425 436 10
425 438 10
425 439 10
425 443 10
425 447 10
425 448 10
425 449 10
425 451 10
425 452 10
425 460 10
425 463 10
425 464 10
425 470 10
425 471 10
425 473 10
425 477 10
425 478 10
425 483 10
425 485 10
425 486 10
425 487 10
425 489 10
425 492 10
425 493 10
425 495 10
425 496 10
425 497 10
425 501 10
425 507 10
425 510 10
425 511 10
425 512 10
425 514 10
425 516 10
425 524 10
425 527 10
425 528 10
425 529 10
425 530 10
425 532 10
425 536 10
425 537 10
425 544 10
425 545 10
425 546 10
425 547 10
425 550 10
425 554 10
425 557 10
425 571 10
425 575 10
425 580 10
425 581 10
425 582 10
425 583 10
425 584 10
425 585 10
425 587 10
425 590 10
425 592 10
425 593 10
425 595 10
425 596 10
425 598 10
425 600 10
425 606 10
425 607 10
425 608 10
425 612 10
425 617 10
425 622 10
425 638 10
425 643 10
425 644 10
425 648 10
425 652 10
425 653 10
425 657 10
425 661 10
425 664 10
425 665 10
425 666 10
425 667 10
425 668 10
425 669 10
425 677 10
425 678 10
425 679 10
425 680 10
425 681 10
425 682 10
425 687 10
425 688 10
425 695 10
425 698 10
425 708 10
426 297 10
426 304 10
426 306 10
426 311 10
426 321 10
426 334 10
426 338 10
426 339 10
426 341 10
426 343 10
426 344 10
426 345 10
426 347 10
426 348 10
426 349 10
426 351 10
426 353 10
426 361 10
426 375 10
426 387 10
426 397 10
426 398 10
426 399 10
426 400 10
426 401 10
426 402 10
426 405 10
426 406 10
426 408 10
426 409 10
426 412 10
426 413 10
426 414 10
426 415 10
426 416 10
426 418 10
426 420 10
426 421 10
426 424 10
426 426 10
426 429 10
426 433 10
426 435 10
426 436 10
426 438 10
426 439 10
426 440 10
426 441 10
426 442 10
426 443 10
426 449 10
426 452 10
426 454 10
426 463 10
426 464 10
426 466 10
426 470 10
426 475 10
426 476 10
426 480 10
426 486 10
426 487 10
426 488 10
426 489 10
426 491 10
426 492 10
426 493 10
426 494 10
426 496 10
426 497 10
426 498 10
426 500 10
426 505 10
426 507 10
426 509 10
426 511 10
426 512 10
426 517 10
426 524 10
426 527 10
426 529 10
426 534 10
426 537 10
426 544 10
426 545 10
426 547 10
426 562 10
426 563 10
426 568 10
426 571 10
426 572 10
426 573 10
426 575 10
426 576 10
426 578 10
426 582 10
426 586 10
426 589 10
426 591 10
426 593 10
426 594 10
426 595 10
426 602 10
426 604 10
426 611 10
426 612 10
426 614 10
426 616 10
426 640 10
426 641 10
426 643 10
426 646 10
426 648 10
426 655 10
426 656 10
426 658 10
426 663 10
426 664 10
426 665 10
426 666 10
426 667 10
426 668 10
426 669 10
426 670 10
426 675 10
426 676 10
426 677 10
426 678 10
426 679 10
426 680 10
426 681 10
426 698 10
426 703 10
427 297 10
427 306 10
427 311 10
427 314 10
427 315 10
427 318 10
427 321 10
427 322 10
427 325 10
427 335 10
427 340 10
427 342 10
427 343 10
427 344 10
427 347 10
427 348 10
427 355 10
427 357 10
427 363 10
427 364 10
427 370 10
427 382 10
427 383 10
427 384 10
427 387 10
427 389 10
427 399 10
427 401 10
427 403 10
427 405 10
427 406 10
427 407 10
427 408 10
427 409 10
427 414 10
427 416 10
427 417 10
427 420 10
427 422 10
427 423 10
427 424 10
427 426 10
427 427 10
427 429 10
427 431 10
427 436 10
427 437 10
427 438 10
427 439 10
427 443 10
427 445 10
427 446 10
427 457 10
427 458 10
427 460 10
427 464 10
427 465 10
427 466 10
427 467 10
427 470 10
427 471 10
427 474 10
427 475 10
427 476 10
427 479 10
427 482 10
427 484 10
427 486 10
427 492 10
427 494 10
427 500 10
427 506 10
427 509 10
427 511 10
427 513 10
427 514 10
427 515 10
427 523 10
427 525 10
427 526 10
427 529 10
427 531 10
427 537 10
427 539 10
427 544 10
427 546 10
427 547 10
427 550 10
427 555 10
427 572 10
427 574 10
427 576 10
427 578 10
427 582 10
427 584 10
427 589 10
427 598 10
427 599 10
427 600 10
427 605 10
427 608 10
427 625 10
427 637 10
427 638 10
427 639 10
427 643 10
427 644 10
427 648 10
427 650 10
427 651 10
427 653 10
427 654 10
427 655 10
427 663 10
427 665 10
427 667 10
427 668 10
427 669 10
427 678 10
427 682 10
427 690 10
427 695 10
427 698 10
427 700 10
427 702 10
427 704 10
427 708 10
428 302 10
428 303 10
428 304 10
428 306 10
428 308 10
428 309 10
428 310 10
428 316 10
428 317 10
428 322 10
428 336 10
428 337 10
428 338 10
428 339 10
428 341 10
428 344 10
428 346 10
428 348 10
428 349 10
428 350 10
428 351 10
428 352 10
428 353 10
428 354 10
428 355 10
428 358 10
428 360 10
428 361 10
428 362 10
428 363 10
428 364 10
428 365 10
428 367 10
428 370 10
428 373 10
428 374 10
428 400 10
428 401 10
428 404 10
428 405 10
428 406 10
428 407 10
428 408 10
428 409 10
428 412 10
428 414 10
428 415 10
428 420 10
428 421 10
428 425 10
428 427 10
428 428 10
428 429 10
428 439 10
428 440 10
428 441 10
428 444 10
428 451 10
428 457 10
428 461 10
428 462 10
428 464 10
428 466 10
428 475 10
428 477 10
428 478 10
428 480 10
428 481 10
428 482 10
428 484 10
428 486 10
428 487 10
428 488 10
428 496 10
428 497 10
428 499 10
428 505 10
428 506 10
428 508 10
428 510 10
428 511 10
428 515 10
428 526 10
428 527 10
428 528 10
428 530 10
428 537 10
428 552 10
428 562 10
428 564 10
428 566 10
428 572 10
428 574 10
428 575 10
428 581 10
428 582 10
428 583 10
428 586 10
428 589 10
428 599 10
428 607 10
428 608 10
428 610 10
428 611 10
428 612 10
428 613 10
428 614 10
428 615 10
428 640 10
428 649 10
428 651 10
428 653 10
428 654 10
428 655 10
428 656 10
428 664 10
428 665 10
428 666 10
428 668 10
428 674 10
428 678 10
428 680 10
428 681 10
428 682 10
428 690 10
428 692 10
428 693 10
428 700 10
428 701 10
428 703 10
428 704 10
429 303 10
429 305 10
429 307 10
429 308 10
429 310 10
429 311 10
429 316 10
429 321 10
429 325 10
429 326 10
429 329 10
429 332 10
429 336 10
429 340 10
429 341 10
429 343 10
429 345 10
429 347 10
429 352 10
429 353 10
429 357 10
429 361 10
429 362 10
429 363 10
429 364 10
429 366 10
429 367 10
429 369 10
429 393 10
429 394 10
429 397 10
429 398 10
429 403 10
429 408 10
429 411 10
429 412 10
429 414 10
429 415 10
429 416 10
429 417 10
429 422 10
429 425 10
429 426 10
429 428 10
429 429 10
429 431 10
429 435 10
429 436 10
429 438 10
429 439 10
429 440 10
429 441 10
429 442 10
429 443 10
429 444 10
429 454 10
429 461 10
429 472 10
429 474 10
429 475 10
429 487 10
429 488 10
429 489 10
429 494 10
429 497 10
429 505 10
429 507 10
429 508 10
429 509 10
429 511 10
429 515 10
429 524 10
429 525 10
429 527 10
429 532 10
429 534 10
429 541 10
429 543 10
429 550 10
429 557 10
429 576 10
429 577 10
429 579 10
429 587 10
429 589 10
429 592 10
429 594 10
429 599 10
429 600 10
429 601 10
429 605 10
429 608 10
429 615 10
429 634 10
429 638 10
429 649 10
429 650 10
429 652 10
429 657 10
429 662 10
429 664 10
429 672 10
429 676 10
429 677 10
429 679 10
429 680 10
429 682 10
429 685 10
429 686 10
429 693 10
429 695 10
429 697 10
429 698 10
429 700 10
429 701 10
429 702 10
429 703 10
429 704 10
429 706 10
429 710 10
430 300 10
430 301 10
430 304 10
430 305 10
430 307 10
430 308 10
430 310 10
430 319 10
430 320 10
430 321 10
430 322 10
430 323 10
430 324 10
430 327 10
430 328 10
430 331 10
430 344 10
430 347 10
430 349 10
430 350 10
430 351 10
430 354 10
430 358 10
430 359 10
430 363 10
430 364 10
430 365 10
430 370 10
430 371 10
430 384 10
430 386 10
430 397 10
430 398 10
430 400 10
430 401 10
430 404 10
430 406 10
430 407 10
430 410 10
430 411 10
430 423 10
430 425 10
430 427 10
430 428 10
430 430 10
430 437 10
430 443 10
430 444 10
430 445 10
430 455 10
430 460 10
430 462 10
430 464 10
430 465 10
430 469 10
430 474 10
430 476 10
430 478 10
430 479 10
430 484 10
430 487 10
430 493 10
430 494 10
430 498 10
430 499 10
430 504 10
430 509 10
430 523 10
430 528 10
430 529 10
430 530 10
430 538 10
430 539 10
430 540 10
430 550 10
430 551 10
430 556 10
430 562 10
430 564 10
430 566 10
430 567 10
430 579 10
430 581 10
430 582 10
430 584 10
430 590 10
430 594 10
430 596 10
430 597 10
430 599 10
430 609 10
430 611 10
430 613 10
430 627 10
430 629 10
430 633 10
430 634 10
430 637 10
430 649 10
430 650 10
430 651 10
430 652 10
430 653 10
430 654 10
430 655 10
430 664 10
430 674 10
430 677 10
430 678 10
430 681 10
430 691 10
430 693 10
430 699 10
430 700 10
430 701 10
430 702 10
430 703 10
431 299 10
431 300 10
431 301 10
431 303 10
431 306 10
431 307 10
431 308 10
431 309 10
431 315 10
431 317 10
431 322 10
431 326 10
431 327 10
431 329 10
431 331 10
431 332 10
431 335 10
431 339 10
431 340 10
431 343 10
431 344 10
431 346 10
431 347 10
431 349 10
431 353 10
431 356 10
431 357 10
431 360 10
431 364 10
431 367 10
431 371 10
431 380 10
431 386 10
431 394 10
431 395 10
431 401 10
431 402 10
431 403 10
431 405 10
431 406 10
431 407 10
431 409 10
431 412 10
431 413 10
431 416 10
431 418 10
431 422 10
431 423 10
431 426 10
431 435 10
431 438 10
431 439 10
431 441 10
431 442 10
431 447 10
431 457 10
431 459 10
431 460 10
431 461 10
431 462 10
431 463 10
431 464 10
431 465 10
431 467 10
431 468 10
431 477 10
431 478 10
431 479 10
431 481 10
431 483 10
431 486 10
431 507 10
431 508 10
431 509 10
431 513 10
431 514 10
431 516 10
431 517 10
431 519 10
431 526 10
431 532 10
431 540 10
431 541 10
431 557 10
431 560 10
431 561 10
431 564 10
431 567 10
431 570 10
431 571 10
431 577 10
431 584 10
431 585 10
431 586 10
431 597 10
431 599 10
431 600 10
431 602 10
431 605 10
431 606 10
431 624 10
431 626 10
431 635 10
431 638 10
431 649 10
431 663 10
431 665 10
431 667 10
431 694 10
431 699 10
431 700 10
431 701 10
431 702 10
431 703 10
431 704 10
431 705 10
431 706 10
431 713 10
432 299 10
432 302 10
432 303 10
432 312 10
432 314 10
432 315 10
432 317 10
432 318 10
432 319 10
432 323 10
432 325 10
432 327 10
432 332 10
432 343 10
432 344 10
432 346 10
432 363 10
432 364 10
432 365 10
432 368 10
432 373 10
432 380 10
432 382 10
432 384 10
432 387 10
432 388 10
432 401 10
432 405 10
432 406 10
432 408 10
432 410 10
432 413 10
432 415 10
432 418 10
432 420 10
432 423 10
432 424 10
432 425 10
432 435 10
432 440 10
432 447 10
432 450 10
432 457 10
432 459 10
432 461 10
432 462 10
432 463 10
432 467 10
432 469 10
432 472 10
432 477 10
432 478 10
432 479 10
432 483 10
432 484 10
432 486 10
432 502 10
432 503 10
432 504 10
432 505 10
432 508 10
432 509 10
432 510 10
432 511 10
432 516 10
432 525 10
432 529 10
432 530 10
432 532 10
432 536 10
432 537 10
432 538 10
432 539 10
432 550 10
432 553 10
432 558 10
432 561 10
432 562 10
432 567 10
432 569 10
432 570 10
432 572 10
432 573 10
432 574 10
432 580 10
432 581 10
432 582 10
432 587 10
432 588 10
432 590 10
432 600 10
432 602 10
432 606 10
432 628 10
432 631 10
432 635 10
432 636 10
432 638 10
432 650 10
432 652 10
432 653 10
432 660 10
432 663 10
432 664 10
432 669 10
432 670 10
432 677 10
432 693 10
432 697 10
432 698 10
432 700 10
432 702 10
432 703 10
432 704 10
432 705 10
432 706 10
432 710 10
432 713 10
432 714 10
433 299 10
433 300 10
433 306 10
433 314 10
433 315 10
433 316 10
433 318 10
433 319 10
433 320 10
433 325 10
433 330 10
433 331 10
433 332 10
433 336 10
433 337 10
433 338 10
433 340 10
433 345 10
433 346 10
433 353 10
433 354 10
433 359 10
433 365 10
433 370 10
433 371 10
433 380 10
433 381 10
433 383 10
433 399 10
433 401 10
433 402 10
433 403 10
433 404 10
433 407 10
433 408 10
433 411 10
433 413 10
433 414 10
433 415 10
433 416 10
433 418 10
433 419 10
433 422 10
433 424 10
433 425 10
433 432 10
433 434 10
433 437 10
433 438 10
433 440 10
433 442 10
433 445 10
433 447 10
433 449 10
433 450 10
433 457 10
433 459 10
433 461 10
433 462 10
433 463 10
433 464 10
433 467 10
433 468 10
433 470 10
433 471 10
433 476 10
433 477 10
433 479 10
433 483 10
433 507 10
433 508 10
433 509 10
433 513 10
433 514 10
433 528 10
433 531 10
433 533 10
433 534 10
433 535 10
433 537 10
433 538 10
433 540 10
433 544 10
433 546 10
433 555 10
433 558 10
433 561 10
433 564 10
433 568 10
433 570 10
433 571 10
433 575 10
433 585 10
433 586 10
433 587 10
433 596 10
433 599 10
433 602 10
433 603 10
433 604 10
433 620 10
433 621 10
433 622 10
433 623 10
433 626 10
433 628 10
433 629 10
433 630 10
433 641 10
433 649 10
433 650 10
433 655 10
433 666 10
433 668 10
433 669 10
433 677 10
433 680 10
433 693 10
433 695 10
433 696 10
433 698 10
433 699 10
433 701 10
433 702 10
433 703 10
433 704 10
433 705 10
433 706 10
433 708 10
433 713 10
433 717 10
434 299 10
434 304 10
434 305 10
434 306 10
434 316 10
434 318 10
434 320 10
434 321 10
434 325 10
434 326 10
434 331 10
434 332 10
434 335 10
434 336 10
434 341 10
434 348 10
434 350 10
434 352 10
434 355 10
434 365 10
434 368 10
434 375 10
434 377 10
434 380 10
434 381 10
434 387 10
434 388 10
434 391 10
434 392 10
434 395 10
434 399 10
434 406 10
434 408 10
434 409 10
434 410 10
434 411 10
434 414 10
434 415 10
434 416 10
434 417 10
434 418 10
434 426 10
434 437 10
434 438 10
434 439 10
434 440 10
434 444 10
434 463 10
434 464 10
434 472 10
434 475 10
434 476 10
434 479 10
434 483 10
434 486 10
434 487 10
434 493 10
434 501 10
434 506 10
434 510 10
434 511 10
434 512 10
434 515 10
434 516 10
434 517 10
434 519 10
434 520 10
434 525 10
434 531 10
434 536 10
434 537 10
434 538 10
434 539 10
434 549 10
434 552 10
434 553 10
434 567 10
434 569 10
434 570 10
434 571 10
434 572 10
434 573 10
434 577 10
434 580 10
434 581 10
434 582 10
434 584 10
434 585 10
434 586 10
434 587 10
434 588 10
434 599 10
434 600 10
434 601 10
434 603 10
434 604 10
434 618 10
434 623 10
434 634 10
434 637 10
434 639 10
434 640 10
434 642 10
434 650 10
434 653 10
434 654 10
434 657 10
434 661 10
434 663 10
434 667 10
434 669 10
434 670 10
434 671 10
434 672 10
434 677 10
434 693 10
434 694 10
434 695 10
434 697 10
434 698 10
434 699 10
434 700 10
434 702 10
434 703 10
434 704 10
434 705 10
434 708 10
434 711 10
434 716 10
435 300 10
435 301 10
435 307 10
435 308 10
435 311 10
435 314 10
435 316 10
435 317 10
435 318 10
435 319 10
435 322 10
435 327 10
435 328 10
435 330 10
435 331 10
435 333 10
435 339 10
435 343 10
435 344 10
435 352 10
435 353 10
435 356 10
435 361 10
435 370 10
435 371 10
435 375 10
435 379 10
435 382 10
435 384 10
435 389 10
435 397 10
435 402 10
435 403 10
435 404 10
435 406 10
435 407 10
435 408 10
435 409 10
435 411 10
435 412 10
435 414 10
435 415 10
435 418 10
435 422 10
435 427 10
435 430 10
435 433 10
435 435 10
435 437 10
435 441 10
435 444 10
435 455 10
435 464 10
435 466 10
435 467 10
435 472 10
435 475 10
435 476 10
435 477 10
435 479 10
435 484 10
435 485 10
435 499 10
435 502 10
435 508 10
435 510 10
435 511 10
435 512 10
435 514 10
435 516 10
435 517 10
435 519 10
435 522 10
435 530 10
435 531 10
435 538 10
435 540 10
435 541 10
435 546 10
435 549 10
435 565 10
435 567 10
435 570 10
435 571 10
435 572 10
435 573 10
435 575 10
435 587 10
435 589 10
435 597 10
435 600 10
435 604 10
435 623 10
435 637 10
435 638 10
435 641 10
435 649 10
435 654 10
435 659 10
435 660 10
435 662 10
435 663 10
435 664 10
435 669 10
435 670 10
435 671 10
435 691 10
435 693 10
435 695 10
435 697 10
435 698 10
435 699 10
435 700 10
435 702 10
435 703 10
435 704 10
435 705 10
435 707 10
435 711 10
435 712 10
435 714 10
435 716 10
436 299 10
436 300 10
436 306 10
436 311 10
436 313 10
436 316 10
436 317 10
436 318 10
436 319 10
436 320 10
436 325 10
436 327 10
436 332 10
436 334 10
436 335 10
436 336 10
436 339 10
436 341 10
436 346 10
436 349 10
436 351 10
436 352 10
436 355 10
436 356 10
436 359 10
436 362 10
436 364 10
436 366 10
436 368 10
436 374 10
436 384 10
436 393 10
436 394 10
436 396 10
436 405 10
436 407 10
436 409 10
436 411 10
436 412 10
436 413 10
436 414 10
436 422 10
436 424 10
436 426 10
436 427 10
436 429 10
436 430 10
436 431 10
436 432 10
436 433 10
436 438 10
436 439 10
436 440 10
436 442 10
436 444 10
436 445 10
436 448 10
436 455 10
436 465 10
436 467 10
436 469 10
436 474 10
436 477 10
436 484 10
436 486 10
436 488 10
436 489 10
436 491 10
436 508 10
436 511 10
436 512 10
436 513 10
436 517 10
436 518 10
436 519 10
436 525 10
436 526 10
436 527 10
436 530 10
436 536 10
436 537 10
436 538 10
436 539 10
436 540 10
436 544 10
436 564 10
436 568 10
436 572 10
436 575 10
436 585 10
436 591 10
436 593 10
436 595 10
436 601 10
436 603 10
436 604 10
436 605 10
436 606 10
436 617 10
436 621 10
436 636 10
436 638 10
436 642 10
436 648 10
436 649 10
436 660 10
436 664 10
436 665 10
436 666 10
436 669 10
436 686 10
436 687 10
436 696 10
436 697 10
436 703 10
436 704 10
436 705 10
436 707 10
436 709 10
436 713 10
436 716 10
437 305 10
437 307 10
437 309 10
437 311 10
437 312 10
437 314 10
437 317 10
437 318 10
437 319 10
437 321 10
437 326 10
437 329 10
437 332 10
437 335 10
437 342 10
437 352 10
437 353 10
437 354 10
437 362 10
437 367 10
437 370 10
437 372 10
437 374 10
437 384 10
437 386 10
437 387 10
437 392 10
437 394 10
437 395 10
437 396 10
437 397 10
437 400 10
437 401 10
437 404 10
437 405 10
437 407 10
437 410 10
437 411 10
437 413 10
437 417 10
437 422 10
437 424 10
437 425 10
437 429 10
437 430 10
437 432 10
437 433 10
437 435 10
437 441 10
437 444 10
437 458 10
437 467 10
437 471 10
437 486 10
437 487 10
437 488 10
437 491 10
437 499 10
437 500 10
437 502 10
437 503 10
437 507 10
437 509 10
437 510 10
437 512 10
437 513 10
437 514 10
437 515 10
437 516 10
437 517 10
437 518 10
437 520 10
437 526 10
437 527 10
437 528 10
437 530 10
437 531 10
437 532 10
437 533 10
437 534 10
437 549 10
437 565 10
437 566 10
437 567 10
437 569 10
437 572 10
437 573 10
437 574 10
437 590 10
437 593 10
437 597 10
437 600 10
437 602 10
437 603 10
437 607 10
437 621 10
437 625 10
437 631 10
437 641 10
437 652 10
437 653 10
437 657 10
437 658 10
437 687 10
437 689 10
437 690 10
437 695 10
437 697 10
437 702 10
437 704 10
437 705 10
437 707 10
437 708 10
437 715 10
438 300 10
438 309 10
438 310 10
438 311 10
438 312 10
438 313 10
438 314 10
438 317 10
438 322 10
438 323 10
438 325 10
438 326 10
438 329 10
438 331 10
438 337 10
438 338 10
438 339 10
438 340 10
438 341 10
438 342 10
438 344 10
438 346 10
438 347 10
438 348 10
438 349 10
438 350 10
438 351 10
438 353 10
438 368 10
438 371 10
438 376 10
438 393 10
438 394 10
438 395 10
438 397 10
438 400 10
438 402 10
438 406 10
438 418 10
438 425 10
438 426 10
438 427 10
438 428 10
438 429 10
438 432 10
438 434 10
438 438 10
438 446 10
438 452 10
438 461 10
438 466 10
438 469 10
438 471 10
438 475 10
438 484 10
438 486 10
438 489 10
438 490 10
438 500 10
438 504 10
438 510 10
438 511 10
438 512 10
438 513 10
438 514 10
438 515 10
438 518 10
438 520 10
438 522 10
438 523 10
438 525 10
438 526 10
438 528 10
438 531 10
438 533 10
438 535 10
438 551 10
438 552 10
438 571 10
438 586 10
438 590 10
438 592 10
438 595 10
438 596 10
438 601 10
438 603 10
438 605 10
438 617 10
438 633 10
438 636 10
438 642 10
438 643 10
438 657 10
438 658 10
438 659 10
438 661 10
438 662 10
438 666 10
438 687 10
438 691 10
438 697 10
438 701 10
438 703 10
438 704 10
438 705 10
438 706 10
438 708 10
438 709 10
438 713 10
438 718 10
439 300 10
439 301 10
439 305 10
439 311 10
439 315 10
439 317 10
439 318 10
439 320 10
439 321 10
439 323 10
439 326 10
439 327 10
439 335 10
439 339 10
439 341 10
439 346 10
439 348 10
439 349 10
439 352 10
439 353 10
439 354 10
439 356 10
439 357 10
439 360 10
439 372 10
439 374 10
439 376 10
439 377 10
439 393 10
439 395 10
439 396 10
439 397 10
439 409 10
439 414 10
439 417 10
439 423 10
439 425 10
439 426 10
439 427 10
439 429 10
439 430 10
439 431 10
439 432 10
439 434 10
439 436 10
439 439 10
439 440 10
439 459 10
439 461 10
439 465 10
439 466 10
439 470 10
439 471 10
439 472 10
439 473 10
439 474 10
439 481 10
439 485 10
439 486 10
439 487 10
439 488 10
439 489 10
439 490 10
439 491 10
439 494 10
439 503 10
439 509 10
439 510 10
439 512 10
439 514 10
439 516 10
439 517 10
439 524 10
439 525 10
439 526 10
439 527 10
439 529 10
439 530 10
439 531 10
439 533 10
439 534 10
439 535 10
439 537 10
439 539 10
439 542 10
439 543 10
439 546 10
439 548 10
439 562 10
439 568 10
439 577 10
439 588 10
439 590 10
439 591 10
439 592 10
439 598 10
439 600 10
439 605 10
439 619 10
439 621 10
439 626 10
439 632 10
439 634 10
439 639 10
439 642 10
439 645 10
439 658 10
439 659 10
439 665 10
439 667 10
439 668 10
439 672 10
439 689 10
439 698 10
439 699 10
439 701 10
439 704 10
439 706 10
439 707 10
439 708 10
439 709 10
439 713 10
439 715 10
440 306 10
440 311 10
440 315 10
440 317 10
440 318 10
440 321 10
440 322 10
440 323 10
440 324 10
440 325 10
440 328 10
440 338 10
440 339 10
440 341 10
440 342 10
440 345 10
440 347 10
440 348 10
440 349 10
440 351 10
440 353 10
440 355 10
440 359 10
440 361 10
440 363 10
440 368 10
440 369 10
440 370 10
440 379 10
440 390 10
440 394 10
440 395 10
440 398 10
440 401 10
440 402 10
440 407 10
440 410 10
440 411 10
440 413 10
440 415 10
440 418 10
440 420 10
440 422 10
440 426 10
440 427 10
440 429 10
440 435 10
440 437 10
440 450 10
440 457 10
440 459 10
440 467 10
440 476 10
440 483 10
440 484 10
440 485 10
440 497 10
440 503 10
440 510 10
440 511 10
440 517 10
440 522 10
440 525 10
440 527 10
440 528 10
440 529 10
440 530 10
440 536 10
440 545 10
440 561 10
440 580 10
440 587 10
440 588 10
440 589 10
440 592 10
440 595 10
440 596 10
440 607 10
440 614 10
440 618 10
440 623 10
440 631 10
440 645 10
440 647 10
440 648 10
440 658 10
440 659 10
440 661 10
440 662 10
440 663 10
440 667 10
440 670 10
440 674 10
440 688 10
440 697 10
440 700 10
440 702 10
440 704 10
440 705 10
440 706 10
440 707 10
440 708 10
440 715 10
441 300 10
441 301 10
441 308 10
441 313 10
441 316 10
441 317 10
441 320 10
441 322 10
441 324 10
441 336 10
441 338 10
441 339 10
441 344 10
441 347 10
441 351 10
441 355 10
441 358 10
441 363 10
441 364 10
441 365 10
441 370 10
441 371 10
441 373 10
441 374 10
441 376 10
441 377 10
441 378 10
441 379 10
441 380 10
441 381 10
441 388 10
441 389 10
441 391 10
441 393 10
441 396 10
441 409 10
441 414 10
441 416 10
441 417 10
441 418 10
441 425 10
441 426 10
441 428 10
441 429 10
441 438 10
441 441 10
441 448 10
441 451 10
441 453 10
441 455 10
441 456 10
441 457 10
441 458 10
441 472 10
441 474 10
441 476 10
441 477 10
441 481 10
441 485 10
441 489 10
441 490 10
441 491 10
441 492 10
441 500 10
441 501 10
441 503 10
441 505 10
441 519 10
441 520 10
441 525 10
441 526 10
441 527 10
441 529 10
441 530 10
441 533 10
441 534 10
441 538 10
441 543 10
441 544 10
441 546 10
441 555 10
441 559 10
441 567 10
441 569 10
441 571 10
441 577 10
441 579 10
441 587 10
441 588 10
441 590 10
441 593 10
441 595 10
441 596 10
441 598 10
441 599 10
441 605 10
441 607 10
441 610 10
441 612 10
441 631 10
441 643 10
441 650 10
441 654 10
441 657 10
441 658 10
441 659 10
441 660 10
441 664 10
441 665 10
441 667 10
441 675 10
441 676 10
441 698 10
441 699 10
441 700 10
441 702 10
441 704 10
441 706 10
441 707 10
441 708 10
441 709 10
441 710 10
441 712 10
441 713 10
441 714 10
441 715 10
442 301 10
442 305 10
442 307 10
442 308 10
442 309 10
442 311 10
442 312 10
442 313 10
442 316 10
442 318 10
442 319 10
442 324 10
442 325 10
442 326 10
442 328 10
442 335 10
442 337 10
442 339 10
442 341 10
442 343 10
442 344 10
442 346 10
442 348 10
442 349 10
442 351 10
442 358 10
442 362 10
442 364 10
442 365 10
442 367 10
442 369 10
442 370 10
442 374 10
442 380 10
442 386 10
442 387 10
442 391 10
442 392 10
442 393 10
442 395 10
442 400 10
442 412 10
442 414 10
442 417 10
442 418 10
442 420 10
442 421 10
442 424 10
442 425 10
442 427 10
442 428 10
442 432 10
442 434 10
442 444 10
442 446 10
442 449 10
442 455 10
442 456 10
442 467 10
442 468 10
442 474 10
442 476 10
442 477 10
442 480 10
442 487 10
442 490 10
442 491 10
442 493 10
442 494 10
442 498 10
442 500 10
442 501 10
442 502 10
442 511 10
442 513 10
442 522 10
442 523 10
442 524 10
442 525 10
442 526 10
442 527 10
442 528 10
442 529 10
442 530 10
442 531 10
442 532 10
442 533 10
442 535 10
442 537 10
442 539 10
442 545 10
442 547 10
442 551 10
442 554 10
442 555 10
442 556 10
442 558 10
442 566 10
442 567 10
442 571 10
442 576 10
442 585 10
442 589 10
442 590 10
442 591 10
442 597 10
442 603 10
442 614 10
442 615 10
442 621 10
442 642 10
442 645 10
442 646 10
442 653 10
442 654 10
442 655 10
442 657 10
442 659 10
442 660 10
442 661 10
442 666 10
442 669 10
442 670 10
442 674 10
442 685 10
442 686 10
442 688 10
442 696 10
442 697 10
442 698 10
442 701 10
442 702 10
442 703 10
442 705 10
442 710 10
442 714 10
443 296 10
443 302 10
443 303 10
443 304 10
443 305 10
443 310 10
443 311 10
443 312 10
443 316 10
443 319 10
443 326 10
443 328 10
443 329 10
443 331 10
443 332 10
443 335 10
443 341 10
443 342 10
443 343 10
443 344 10
443 345 10
443 346 10
443 349 10
443 358 10
443 362 10
443 370 10
443 371 10
443 372 10
443 373 10
443 376 10
443 379 10
443 380 10
443 384 10
443 385 10
443 386 10
443 387 10
443 390 10
443 391 10
443 392 10
443 395 10
443 403 10
443 406 10
443 408 10
443 410 10
443 417 10
443 429 10
443 431 10
443 433 10
443 434 10
443 435 10
443 441 10
443 444 10
443 446 10
443 447 10
443 448 10
443 454 10
443 457 10
443 463 10
443 464 10
443 467 10
443 469 10
443 471 10
443 474 10
443 481 10
443 485 10
443 486 10
443 487 10
443 490 10
443 492 10
443 493 10
443 494 10
443 497 10
443 498 10
443 499 10
443 500 10
443 501 10
443 502 10
443 504 10
443 509 10
443 514 10
443 522 10
443 528 10
443 529 10
443 530 10
443 531 10
443 536 10
443 548 10
443 549 10
443 550 10
443 555 10
443 557 10
443 558 10
443 559 10
443 562 10
443 566 10
443 567 10
443 569 10
443 570 10
443 572 10
443 587 10
443 588 10
443 589 10
443 590 10
443 594 10
443 596 10
443 603 10
443 604 10
443 605 10
443 608 10
443 609 10
443 614 10
443 617 10
443 622 10
443 626 10
443 645 10
443 651 10
443 656 10
443 657 10
443 658 10
443 660 10
443 665 10
443 667 10
443 668 10
443 669 10
443 670 10
443 678 10
443 682 10
443 696 10
443 699 10
443 700 10
443 701 10
443 702 10
443 704 10
443 706 10
443 707 10
443 709 10
443 710 10
443 712 10
443 714 10
444 295 10
444 312 10
444 314 10
444 315 10
444 319 10
444 321 10
444 322 10
444 334 10
444 338 10
444 340 10
444 345 10
444 346 10
444 347 10
444 349 10
444 350 10
444 361 10
444 362 10
444 363 10
444 370 10
444 386 10
444 387 10
444 388 10
444 389 10
444 392 10
444 393 10
444 399 10
444 400 10
444 404 10
444 406 10
444 407 10
444 408 10
444 410 10
444 414 10
444 415 10
444 418 10
444 421 10
444 424 10
444 426 10
444 434 10
444 437 10
444 444 10
444 445 10
444 449 10
444 450 10
444 456 10
444 458 10
444 460 10
444 464 10
444 465 10
444 467 10
444 480 10
444 481 10
444 482 10
444 486 10
444 490 10
444 492 10
444 493 10
444 494 10
444 499 10
444 500 10
444 502 10
444 504 10
444 507 10
444 509 10
444 510 10
444 511 10
444 513 10
444 520 10
444 522 10
444 523 10
444 525 10
444 527 10
444 536 10
444 537 10
444 538 10
444 543 10
444 551 10
444 557 10
444 559 10
444 560 10
444 561 10
444 562 10
444 564 10
444 566 10
444 567 10
444 568 10
444 574 10
444 601 10
444 604 10
444 611 10
444 613 10
444 615 10
444 618 10
444 619 10
444 620 10
444 621 10
444 639 10
444 643 10
444 648 10
444 662 10
444 667 10
444 669 10
444 672 10
444 673 10
444 674 10
444 678 10
444 679 10
444 681 10
444 689 10
444 695 10
444 697 10
444 698 10
444 699 10
444 701 10
444 703 10
444 705 10
444 706 10
444 712 10
444 713 10
445 296 10
445 304 10
445 305 10
445 306 10
445 307 10
445 309 10
445 310 10
445 312 10
445 316 10
445 317 10
445 320 10
445 321 10
445 330 10
445 333 10
445 340 10
445 344 10
445 345 10
445 347 10
445 348 10
445 354 10
445 358 10
445 359 10
445 364 10
445 372 10
445 374 10
445 382 10
445 383 10
445 385 10
445 386 10
445 387 10
445 388 10
445 389 10
445 390 10
445 392 10
445 399 10
445 400 10
445 408 10
445 409 10
445 414 10
445 415 10
445 416 10
445 417 10
445 418 10
445 420 10
445 421 10
445 429 10
445 431 10
445 433 10
445 435 10
445 436 10
445 443 10
445 445 10
445 447 10
445 448 10
445 449 10
445 450 10
445 452 10
445 454 10
445 455 10
445 456 10
445 461 10
445 464 10
445 465 10
445 466 10
445 470 10
445 471 10
445 482 10
445 488 10
445 494 10
445 496 10
445 498 10
445 500 10
445 502 10
445 504 10
445 505 10
445 517 10
445 518 10
445 519 10
445 520 10
445 522 10
445 525 10
445 529 10
445 530 10
445 531 10
445 547 10
445 552 10
445 556 10
445 557 10
445 558 10
445 559 10
445 560 10
445 561 10
445 562 10
445 563 10
445 566 10
445 567 10
445 568 10
445 571 10
445 574 10
445 587 10
445 590 10
445 591 10
445 594 10
445 595 10
445 603 10
445 604 10
445 610 10
445 613 10
445 614 10
445 616 10
445 620 10
445 621 10
445 622 10
445 640 10
445 642 10
445 644 10
445 645 10
445 646 10
445 649 10
445 652 10
445 664 10
445 668 10
445 669 10
445 670 10
445 681 10
445 682 10
445 686 10
445 687 10
445 688 10
445 690 10
445 694 10
445 695 10
445 696 10
445 697 10
445 699 10
445 701 10
445 702 10
445 704 10
445 706 10
445 707 10
445 708 10
445 711 10
445 714 10
446 303 10
446 305 10
446 307 10
446 308 10
446 309 10
446 310 10
446 311 10
446 314 10
446 315 10
446 320 10
446 321 10
446 329 10
446 330 10
446 331 10
446 335 10
446 336 10
446 348 10
446 349 10
446 350 10
446 352 10
446 362 10
446 368 10
446 369 10
446 381 10
446 383 10
446 384 10
446 385 10
446 387 10
446 388 10
446 389 10
446 390 10
446 392 10
446 405 10
446 408 10
446 409 10
446 411 10
446 416 10
446 417 10
446 419 10
446 422 10
446 426 10
446 427 10
446 430 10
446 431 10
446 445 10
446 446 10
446 447 10
446 448 10
446 449 10
446 455 10
446 462 10
446 465 10
446 468 10
446 470 10
446 473 10
446 474 10
446 475 10
446 476 10
446 477 10
446 478 10
446 482 10
446 484 10
446 486 10
446 492 10
446 495 10
446 501 10
446 502 10
446 508 10
446 509 10
446 514 10
446 516 10
446 519 10
446 520 10
446 521 10
446 524 10
446 525 10
446 527 10
446 529 10
446 538 10
446 550 10
446 556 10
446 560 10
446 561 10
446 562 10
446 563 10
446 564 10
446 565 10
446 566 10
446 568 10
446 570 10
446 571 10
446 573 10
446 580 10
446 596 10
446 600 10
446 601 10
446 604 10
446 606 10
446 609 10
446 611 10
446 614 10
446 615 10
446 616 10
446 619 10
446 620 10
446 621 10
446 625 10
446 627 10
446 641 10
446 642 10
446 647 10
446 650 10
446 658 10
446 663 10
446 666 10
446 669 10
446 671 10
446 672 10
446 675 10
446 676 10
446 677 10
446 679 10
446 693 10
446 697 10
446 698 10
446 699 10
446 700 10
446 702 10
446 703 10
446 704 10
446 706 10
446 707 10
446 708 10
446 710 10
447 304 10
447 307 10
447 308 10
447 309 10
447 311 10
447 321 10
447 322 10
447 332 10
447 334 10
447 340 10
447 342 10
447 344 10
447 346 10
447 349 10
447 351 10
447 353 10
447 366 10
447 368 10
447 371 10
447 374 10
447 375 10
447 376 10
447 377 10
447 378 10
447 382 10
447 383 10
447 385 10
447 386 10
447 387 10
447 388 10
447 390 10
447 411 10
447 415 10
447 417 10
447 419 10
447 420 10
447 421 10
447 422 10
447 426 10
447 434 10
447 435 10
447 437 10
447 443 10
447 446 10
447 447 10
447 448 10
447 454 10
447 455 10
447 457 10
447 463 10
447 464 10
447 466 10
447 467 10
447 473 10
447 481 10
447 486 10
447 489 10
447 495 10
447 503 10
447 507 10
447 512 10
447 513 10
447 515 10
447 518 10
447 519 10
447 524 10
447 526 10
447 527 10
447 528 10
447 547 10
447 549 10
447 553 10
447 558 10
447 559 10
447 560 10
447 561 10
447 562 10
447 563 10
447 564 10
447 565 10
447 566 10
447 567 10
447 568 10
447 569 10
447 570 10
447 571 10
447 572 10
447 573 10
447 574 10
447 575 10
447 578 10
447 580 10
447 595 10
447 596 10
447 609 10
447 611 10
447 618 10
447 619 10
447 620 10
447 622 10
447 623 10
447 624 10
447 625 10
447 629 10
447 640 10
447 641 10
447 652 10
447 656 10
447 657 10
447 661 10
447 662 10
447 665 10
447 671 10
447 672 10
447 681 10
447 698 10
447 700 10
447 701 10
447 703 10
447 705 10
447 706 10
447 707 10
447 708 10
447 711 10
447 712 10
448 303 10
448 306 10
448 307 10
448 309 10
448 310 10
448 316 10
448 319 10
448 322 10
448 342 10
448 345 10
448 347 10
448 351 10
448 352 10
448 353 10
448 354 10
448 355 10
448 365 10
448 370 10
448 372 10
448 373 10
448 381 10
448 382 10
448 386 10
448 387 10
448 388 10
448 389 10
448 390 10
448 392 10
448 394 10
448 397 10
448 413 10
448 418 10
448 423 10
448 424 10
448 426 10
448 431 10
448 432 10
448 433 10
448 434 10
448 435 10
448 438 10
448 440 10
448 442 10
448 444 10
448 445 10
448 447 10
448 448 10
448 456 10
448 459 10
448 465 10
448 469 10
448 470 10
448 471 10
448 474 10
448 475 10
448 476 10
448 491 10
448 506 10
448 507 10
448 508 10
448 509 10
448 511 10
448 512 10
448 517 10
448 518 10
448 520 10
448 521 10
448 525 10
448 526 10
448 528 10
448 530 10
448 533 10
448 534 10
448 535 10
448 549 10
448 550 10
448 555 10
448 557 10
448 559 10
448 560 10
448 561 10
448 562 10
448 563 10
448 564 10
448 566 10
448 567 10
448 568 10
448 569 10
448 570 10
448 571 10
448 574 10
448 578 10
448 580 10
448 599 10
448 600 10
448 601 10
448 609 10
448 613 10
448 614 10
448 615 10
448 616 10
448 619 10
448 620 10
448 622 10
448 626 10
448 627 10
448 639 10
448 641 10
448 642 10
448 653 10
448 655 10
448 663 10
448 664 10
448 666 10
448 668 10
448 677 10
448 681 10
448 686 10
448 688 10
448 699 10
448 703 10
448 704 10
448 708 10
448 709 10
448 710 10
448 711 10
448 714 10
449 305 10
449 307 10
449 309 10
449 312 10
449 322 10
449 333 10
449 338 10
449 342 10
449 345 10
449 347 10
449 349 10
449 353 10
449 354 10
449 355 10
449 364 10
449 365 10
449 367 10
449 369 10
449 370 10
449 372 10
449 374 10
449 375 10
449 379 10
449 382 10
449 385 10
449 390 10
449 392 10
449 394 10
449 401 10
449 415 10
449 417 10
449 422 10
449 423 10
449 425 10
449 427 10
449 430 10
449 432 10
449 433 10
449 446 10
449 447 10
449 453 10
449 456 10
449 463 10
449 471 10
449 472 10
449 474 10
449 475 10
449 476 10
449 477 10
449 478 10
449 483 10
449 493 10
449 503 10
449 505 10
449 506 10
449 507 10
449 508 10
449 509 10
449 511 10
449 513 10
449 514 10
449 517 10
449 519 10
449 521 10
449 524 10
449 551 10
449 553 10
449 554 10
449 558 10
449 559 10
449 560 10
449 562 10
449 563 10
449 565 10
449 568 10
449 569 10
449 570 10
449 571 10
449 572 10
449 573 10
449 576 10
449 577 10
449 580 10
449 584 10
449 585 10
449 586 10
449 600 10
449 602 10
449 610 10
449 612 10
449 619 10
449 621 10
449 625 10
449 651 10
449 653 10
449 659 10
449 660 10
449 661 10
449 668 10
449 669 10
449 671 10
449 674 10
449 678 10
449 687 10
449 690 10
449 696 10
449 697 10
449 702 10
449 704 10
449 705 10
449 706 10
449 707 10
449 708 10
449 710 10
449 711 10
449 716 10
450 303 10
450 307 10
450 310 10
450 313 10
450 316 10
450 320 10
450 336 10
450 337 10
450 340 10
450 343 10
450 344 10
450 346 10
450 349 10
450 350 10
450 351 10
450 352 10
450 356 10
450 365 10
450 366 10
450 367 10
450 368 10
450 369 10
450 370 10
450 371 10
450 373 10
450 375 10
450 383 10
450 388 10
450 391 10
450 411 10
450 412 10
450 419 10
450 420 10
450 422 10
450 423 10
450 425 10
450 430 10
450 438 10
450 441 10
450 442 10
450 443 10
450 445 10
450 446 10
450 455 10
450 458 10
450 459 10
450 460 10
450 467 10
450 469 10
450 472 10
450 474 10
450 483 10
450 484 10
450 490 10
450 493 10
450 494 10
450 506 10
450 509 10
450 510 10
450 511 10
450 512 10
450 513 10
450 519 10
450 529 10
450 530 10
450 533 10
450 549 10
450 556 10
450 557 10
450 559 10
450 560 10
450 561 10
450 562 10
450 563 10
450 564 10
450 566 10
450 567 10
450 568 10
450 569 10
450 570 10
450 571 10
450 572 10
450 573 10
450 580 10
450 598 10
450 599 10
450 600 10
450 601 10
450 612 10
450 614 10
450 621 10
450 622 10
450 623 10
450 624 10
450 625 10
450 629 10
450 652 10
450 656 10
450 664 10
450 667 10
450 669 10
450 674 10
450 676 10
450 686 10
450 687 10
450 688 10
450 689 10
450 699 10
450 700 10
450 704 10
450 705 10
450 707 10
450 709 10
450 710 10
450 712 10
450 713 10
450 714 10
451 310 10
451 316 10
451 317 10
451 318 10
451 320 10
451 321 10
451 333 10
451 339 10
451 341 10
451 343 10
451 347 10
451 348 10
451 350 10
451 352 10
451 353 10
451 363 10
451 368 10
451 369 10
451 370 10
451 372 10
451 373 10
451 374 10
451 377 10
451 378 10
451 383 10
451 384 10
451 392 10
451 394 10
451 396 10
451 398 10
451 415 10
451 416 10
451 417 10
451 427 10
451 432 10
451 434 10
451 436 10
451 439 10
451 447 10
451 451 10
451 459 10
451 460 10
451 462 10
451 463 10
451 464 10
451 467 10
451 470 10
451 474 10
451 477 10
451 478 10
451 486 10
451 504 10
451 505 10
451 506 10
451 507 10
451 509 10
451 510 10
451 512 10
451 513 10
451 526 10
451 529 10
451 530 10
451 547 10
451 554 10
451 555 10
451 559 10
451 562 10
451 564 10
451 565 10
451 566 10
451 567 10
451 569 10
451 571 10
451 574 10
451 580 10
451 581 10
451 583 10
451 584 10
451 585 10
451 598 10
451 603 10
451 604 10
451 608 10
451 613 10
451 615 10
451 618 10
451 619 10
451 629 10
451 635 10
451 640 10
451 651 10
451 652 10
451 653 10
451 655 10
451 661 10
451 662 10
451 664 10
451 671 10
451 672 10
451 683 10
451 687 10
451 697 10
451 699 10
451 700 10
451 702 10
451 704 10
451 705 10
451 707 10
451 709 10
451 710 10
451 711 10
451 712 10
452 307 10
452 308 10
452 312 10
452 314 10
452 315 10
452 318 10
452 321 10
452 323 10
452 325 10
452 334 10
452 340 10
452 342 10
452 344 10
452 345 10
452 346 10
452 349 10
452 351 10
452 352 10
452 356 10
452 363 10
452 364 10
452 365 10
452 369 10
452 370 10
452 371 10
452 373 10
452 374 10
452 380 10
452 382 10
452 384 10
452 386 10
452 387 10
452 398 10
452 415 10
452 424 10
452 425 10
452 430 10
452 434 10
452 436 10
452 437 10
452 440 10
452 441 10
452 453 10
452 458 10
452 461 10
452 462 10
452 466 10
452 469 10
452 470 10
452 480 10
452 481 10
452 482 10
452 485 10
452 491 10
452 504 10
452 505 10
452 506 10
452 507 10
452 508 10
452 510 10
452 523 10
452 532 10
452 543 10
452 545 10
452 548 10
452 551 10
452 553 10
452 556 10
452 558 10
452 561 10
452 562 10
452 564 10
452 566 10
452 567 10
452 568 10
452 569 10
452 570 10
452 571 10
452 573 10
452 574 10
452 576 10
452 578 10
452 580 10
452 588 10
452 597 10
452 600 10
452 601 10
452 602 10
452 606 10
452 608 10
452 619 10
452 620 10
452 622 10
452 624 10
452 625 10
452 633 10
452 637 10
452 649 10
452 651 10
452 652 10
452 653 10
452 654 10
452 655 10
452 657 10
452 667 10
452 668 10
452 669 10
452 670 10
452 672 10
452 673 10
452 675 10
452 679 10
452 688 10
452 697 10
452 698 10
452 699 10
452 700 10
452 701 10
452 702 10
452 704 10
452 705 10
452 706 10
452 707 10
452 708 10
452 709 10
452 713 10
453 306 10
453 308 10
453 310 10
453 311 10
453 312 10
453 314 10
453 325 10
453 329 10
453 334 10
453 336 10
453 337 10
453 347 10
453 349 10
453 350 10
453 352 10
453 354 10
453 356 10
453 359 10
453 363 10
453 365 10
453 370 10
453 371 10
453 372 10
453 378 10
453 379 10
453 380 10
453 381 10
453 385 10
453 387 10
453 389 10
453 393 10
453 400 10
453 414 10
453 415 10
453 420 10
453 429 10
453 432 10
453 438 10
453 440 10
453 441 10
453 442 10
453 446 10
453 457 10
453 458 10
453 459 10
453 460 10
453 461 10
453 467 10
453 470 10
453 490 10
453 495 10
453 511 10
453 513 10
453 514 10
453 517 10
453 521 10
453 532 10
453 540 10
453 541 10
453 542 10
453 546 10
453 551 10
453 553 10
453 558 10
453 559 10
453 560 10
453 561 10
453 563 10
453 564 10
453 565 10
453 566 10
453 567 10
453 569 10
453 570 10
453 571 10
453 574 10
453 575 10
453 578 10
453 579 10
453 585 10
453 586 10
453 594 10
453 596 10
453 597 10
453 600 10
453 603 10
453 604 10
453 605 10
453 607 10
453 608 10
453 610 10
453 624 10
453 631 10
453 636 10
453 640 10
453 650 10
453 651 10
453 653 10
453 654 10
453 656 10
453 659 10
453 661 10
453 663 10
453 667 10
453 668 10
453 669 10
453 670 10
453 671 10
453 672 10
453 674 10
453 675 10
453 677 10
453 679 10
453 680 10
453 699 10
453 706 10
453 707 10
453 709 10
453 710 10
453 712 10
454 305 10
454 306 10
454 307 10
454 312 10
454 313 10
454 320 10
454 327 10
454 347 10
454 349 10
454 350 10
454 351 10
454 354 10
454 355 10
454 357 10
454 358 10
454 367 10
454 368 10
454 373 10
454 376 10
454 377 10
454 380 10
454 381 10
454 382 10
454 386 10
454 388 10
454 389 10
454 390 10
454 391 10
454 408 10
454 411 10
454 417 10
454 419 10
454 434 10
454 435 10
454 436 10
454 439 10
454 440 10
454 441 10
454 442 10
454 444 10
454 446 10
454 449 10
454 455 10
454 457 10
454 472 10
454 475 10
454 477 10
454 479 10
454 496 10
454 504 10
454 506 10
454 507 10
454 508 10
454 516 10
454 520 10
454 541 10
454 543 10
454 544 10
454 545 10
454 547 10
454 549 10
454 550 10
454 555 10
454 557 10
454 558 10
454 560 10
454 565 10
454 568 10
454 569 10
454 571 10
454 573 10
454 574 10
454 580 10
454 582 10
454 588 10
454 589 10
454 591 10
454 593 10
454 594 10
454 597 10
454 601 10
454 602 10
454 604 10
454 605 10
454 608 10
454 609 10
454 611 10
454 614 10
454 629 10
454 631 10
454 638 10
454 646 10
454 650 10
454 652 10
454 659 10
454 664 10
454 665 10
454 668 10
454 669 10
454 672 10
454 674 10
454 677 10
454 682 10
454 697 10
454 698 10
454 704 10
454 705 10
454 709 10
454 710 10
454 711 10
454 712 10
455 310 10
455 311 10
455 327 10
455 329 10
455 331 10
455 332 10
455 337 10
455 338 10
455 340 10
455 342 10
455 347 10
455 348 10
455 349 10
455 350 10
455 353 10
455 355 10
455 362 10
455 363 10
455 365 10
455 376 10
455 378 10
455 379 10
455 382 10
455 384 10
455 396 10
455 406 10
455 410 10
455 421 10
455 422 10
455 432 10
455 439 10
455 440 10
455 441 10
455 442 10
455 445 10
455 456 10
455 481 10
455 484 10
455 499 10
455 502 10
455 503 10
455 516 10
455 520 10
455 521 10
455 540 10
455 542 10
455 551 10
455 552 10
455 554 10
455 555 10
455 558 10
455 559 10
455 563 10
455 567 10
455 569 10
455 570 10
455 571 10
455 572 10
455 574 10
455 581 10
455 582 10
455 587 10
455 591 10
455 594 10
455 596 10
455 598 10
455 599 10
455 602 10
455 603 10
455 605 10
455 610 10
455 612 10
455 614 10
455 617 10
455 618 10
455 621 10
455 623 10
455 624 10
455 628 10
455 631 10
455 634 10
455 635 10
455 650 10
455 652 10
455 653 10
455 654 10
455 656 10
455 661 10
455 664 10
455 665 10
455 666 10
455 669 10
455 671 10
455 675 10
455 679 10
455 699 10
455 703 10
455 705 10
455 706 10
455 710 10
455 711 10
455 719 10
456 320 10
456 321 10
456 322 10
456 323 10
456 330 10
456 333 10
456 334 10
456 335 10
456 340 10
456 344 10
456 348 10
456 350 10
456 351 10
456 354 10
456 355 10
456 356 10
456 357 10
456 358 10
456 364 10
456 376 10
456 377 10
456 378 10
456 379 10
456 380 10
456 381 10
456 383 10
456 387 10
456 391 10
456 404 10
456 407 10
456 410 10
456 412 10
456 413 10
456 414 10
456 416 10
456 420 10
456 430 10
456 432 10
456 433 10
456 434 10
456 436 10
456 438 10
456 439 10
456 440 10
456 442 10
456 443 10
456 445 10
456 446 10
456 448 10
456 454 10
456 457 10
456 459 10
456 470 10
456 480 10
456 482 10
456 484 10
456 492 10
456 494 10
456 495 10
456 498 10
456 501 10
456 505 10
456 524 10
456 526 10
456 534 10
456 541 10
456 542 10
456 545 10
456 552 10
456 558 10
456 559 10
456 560 10
456 561 10
456 567 10
456 568 10
456 569 10
456 571 10
456 576 10
456 585 10
456 586 10
456 587 10
456 592 10
456 595 10
456 601 10
456 602 10
456 603 10
456 605 10
456 611 10
456 613 10
456 616 10
456 617 10
456 621 10
456 622 10
456 627 10
456 630 10
456 632 10
456 635 10
456 637 10
456 641 10
456 644 10
456 649 10
456 650 10
456 651 10
456 652 10
456 653 10
456 654 10
456 655 10
456 665 10
456 666 10
456 667 10
456 668 10
456 670 10
456 671 10
456 673 10
456 674 10
456 676 10
456 679 10
456 699 10
456 704 10
456 706 10
456 707 10
456 708 10
456 709 10
456 711 10
456 712 10
456 713 10
457 319 10
457 324 10
457 328 10
457 330 10
457 336 10
457 341 10
457 342 10
457 347 10
457 348 10
457 349 10
457 351 10
457 353 10
457 356 10
457 358 10
457 359 10
457 365 10
457 376 10
457 377 10
457 379 10
457 380 10
457 381 10
457 383 10
457 385 10
457 404 10
457 405 10
457 412 10
457 413 10
457 418 10
457 426 10
457 432 10
457 434 10
457 435 10
457 437 10
457 438 10
457 439 10
457 440 10
457 441 10
457 458 10
457 470 10
457 480 10
457 482 10
457 483 10
457 496 10
457 499 10
457 500 10
457 506 10
457 533 10
457 540 10
457 541 10
457 542 10
457 543 10
457 544 10
457 545 10
457 547 10
457 550 10
457 568 10
457 571 10
457 573 10
457 577 10
457 578 10
457 591 10
457 593 10
457 594 10
457 595 10
457 602 10
457 604 10
457 605 10
457 615 10
457 618 10
457 628 10
457 630 10
457 632 10
457 634 10
457 636 10
457 637 10
457 640 10
457 641 10
457 646 10
457 648 10
457 651 10
457 652 10
457 653 10
457 654 10
457 657 10
457 661 10
457 663 10
457 664 10
457 666 10
457 669 10
457 670 10
457 672 10
457 673 10
457 675 10
457 676 10
457 694 10
457 700 10
457 703 10
457 704 10
457 705 10
457 706 10
457 708 10
457 709 10
457 710 10
457 712 10
457 717 10
458 305 10
458 306 10
458 314 10
458 324 10
458 332 10
458 333 10
458 334 10
458 335 10
458 340 10
458 342 10
458 344 10
458 351 10
458 355 10
458 357 10
458 358 10
458 360 10
458 362 10
458 365 10
458 376 10
458 378 10
458 379 10
458 385 10
458 386 10
458 387 10
458 389 10
458 403 10
458 404 10
458 405 10
458 406 10
458 411 10
458 424 10
458 425 10
458 436 10
458 438 10
458 439 10
458 441 10
458 442 10
458 446 10
458 454 10
458 456 10
458 459 10
458 467 10
458 468 10
458 470 10
458 471 10
458 472 10
458 476 10
458 481 10
458 482 10
458 483 10
458 488 10
458 489 10
458 493 10
458 494 10
458 497 10
458 499 10
458 500 10
458 502 10
458 509 10
458 517 10
458 519 10
458 531 10
458 539 10
458 540 10
458 543 10
458 547 10
458 548 10
458 556 10
458 569 10
458 570 10
458 577 10
458 578 10
458 583 10
458 584 10
458 588 10
458 589 10
458 590 10
458 591 10
458 592 10
458 593 10
458 595 10
458 598 10
458 600 10
458 601 10
458 602 10
458 603 10
458 604 10
458 614 10
458 616 10
458 617 10
458 619 10
458 620 10
458 632 10
458 633 10
458 634 10
458 635 10
458 637 10
458 641 10
458 644 10
458 647 10
458 648 10
458 650 10
458 651 10
458 652 10
458 653 10
458 655 10
458 656 10
458 663 10
458 664 10
458 665 10
458 667 10
458 668 10
458 672 10
458 688 10
458 689 10
458 694 10
458 695 10
458 696 10
458 701 10
458 707 10
458 709 10
459 306 10
459 310 10
459 312 10
459 318 10
459 320 10
459 322 10
459 323 10
459 332 10
459 336 10
459 344 10
459 346 10
459 347 10
459 348 10
459 355 10
459 356 10
459 357 10
459 360 10
459 362 10
459 365 10
459 376 10
459 378 10
459 381 10
459 384 10
459 386 10
459 388 10
459 389 10
459 391 10
459 392 10
459 405 10
459 407 10
459 412 10
459 433 10
459 434 10
459 435 10
459 438 10
459 440 10
459 441 10
459 442 10
459 451 10
459 452 10
459 458 10
459 459 10
459 474 10
459 477 10
459 480 10
459 489 10
459 493 10
459 499 10
459 500 10
459 501 10
459 505 10
459 510 10
459 516 10
459 517 10
459 518 10
459 519 10
459 533 10
459 540 10
459 541 10
459 542 10
459 544 10
459 549 10
459 550 10
459 567 10
459 572 10
459 573 10
459 575 10
459 585 10
459 591 10
459 597 10
459 598 10
459 599 10
459 601 10
459 603 10
459 605 10
459 609 10
459 610 10
459 611 10
459 612 10
459 615 10
459 620 10
459 624 10
459 631 10
459 632 10
459 633 10
459 634 10
459 635 10
459 638 10
459 644 10
459 648 10
459 650 10
459 652 10
459 653 10
459 655 10
459 656 10
459 658 10
459 663 10
459 664 10
459 666 10
459 668 10
459 669 10
459 671 10
459 674 10
459 685 10
459 687 10
459 688 10
459 695 10
459 702 10
459 709 10
459 712 10
460 303 10
460 304 10
460 305 10
460 307 10
460 310 10
460 313 10
460 318 10
460 323 10
460 327 10
460 337 10
460 339 10
460 346 10
460 347 10
460 348 10
460 350 10
460 351 10
460 354 10
460 355 10
460 356 10
460 357 10
460 358 10
460 359 10
460 361 10
460 362 10
460 364 10
460 365 10
460 381 10
460 384 10
460 386 10
460 388 10
460 391 10
460 393 10
460 402 10
460 407 10
460 408 10
460 416 10
460 420 10
460 423 10
460 425 10
460 426 10
460 434 10
460 437 10
460 440 10
460 441 10
460 445 10
460 446 10
460 447 10
460 454 10
460 455 10
460 457 10
460 459 10
460 461 10
460 465 10
460 469 10
460 472 10
460 473 10
460 474 10
460 475 10
460 479 10
460 481 10
460 489 10
460 490 10
460 492 10
460 497 10
460 498 10
460 503 10
460 516 10
460 519 10
460 538 10
460 542 10
460 550 10
460 568 10
460 571 10
460 573 10
460 574 10
460 582 10
460 588 10
460 589 10
460 590 10
460 596 10
460 597 10
460 599 10
460 601 10
460 602 10
460 604 10
460 609 10
460 610 10
460 611 10
460 612 10
460 614 10
460 616 10
460 619 10
460 621 10
460 624 10
460 626 10
460 632 10
460 635 10
460 644 10
460 648 10
460 649 10
460 650 10
460 652 10
460 653 10
460 654 10
460 655 10
460 656 10
460 657 10
460 658 10
460 663 10
460 664 10
460 665 10
460 666 10
460 669 10
460 671 10
460 674 10
460 675 10
460 681 10
460 684 10
460 686 10
460 689 10
460 690 10
460 707 10
460 712 10
461 306 10
461 314 10
461 315 10
461 320 10
461 322 10
461 324 10
461 327 10
461 332 10
461 337 10
461 339 10
461 341 10
461 344 10
461 345 10
461 346 10
461 347 10
461 348 10
461 349 10
461 351 10
461 352 10
461 353 10
461 354 10
461 355 10
461 356 10
461 357 10
461 358 10
461 359 10
461 360 10
461 362 10
461 364 10
461 365 10
461 380 10
461 382 10
461 385 10
461 386 10
461 390 10
461 392 10
461 394 10
461 398 10
461 400 10
461 404 10
461 406 10
461 407 10
461 415 10
461 416 10
461 419 10
461 425 10
461 426 10
461 433 10
461 434 10
461 438 10
461 442 10
461 443 10
461 444 10
461 454 10
461 457 10
461 460 10
461 468 10
461 469 10
461 471 10
461 477 10
461 479 10
461 491 10
461 514 10
461 517 10
461 518 10
461 520 10
461 545 10
461 549 10
461 550 10
461 551 10
461 559 10
461 566 10
461 569 10
461 570 10
461 573 10
461 574 10
461 576 10
461 587 10
461 590 10
461 591 10
461 593 10
461 597 10
461 598 10
461 599 10
461 600 10
461 601 10
461 602 10
461 608 10
461 611 10
461 612 10
461 613 10
461 614 10
461 616 10
461 622 10
461 624 10
461 628 10
461 629 10
461 631 10
461 632 10
461 637 10
461 641 10
461 649 10
461 651 10
461 652 10
461 653 10
461 655 10
461 657 10
461 659 10
461 667 10
461 668 10
461 682 10
461 685 10
461 690 10
461 701 10
462 304 10
462 306 10
462 307 10
462 321 10
462 324 10
462 331 10
462 333 10
462 339 10
462 343 10
462 345 10
462 346 10
462 347 10
462 351 10
462 352 10
462 353 10
462 354 10
462 355 10
462 356 10
462 357 10
462 358 10
462 360 10
462 362 10
462 378 10
462 380 10
462 384 10
462 389 10
462 390 10
462 391 10
462 401 10
462 413 10
462 414 10
462 415 10
462 419 10
462 430 10
462 435 10
462 445 10
462 450 10
462 452 10
462 453 10
462 455 10
462 456 10
462 462 10
462 464 10
462 465 10
462 467 10
462 471 10
462 472 10
462 477 10
462 482 10
462 495 10
462 497 10
462 499 10
462 501 10
462 513 10
462 514 10
462 519 10
462 520 10
462 521 10
462 542 10
462 546 10
462 551 10
462 552 10
462 557 10
462 560 10
462 568 10
462 571 10
462 572 10
462 573 10
462 575 10
462 588 10
462 589 10
462 590 10
462 591 10
462 593 10
462 598 10
462 599 10
462 600 10
462 602 10
462 610 10
462 612 10
462 613 10
462 617 10
462 620 10
462 622 10
462 624 10
462 626 10
462 627 10
462 647 10
462 649 10
462 651 10
462 658 10
462 666 10
462 668 10
462 669 10
462 670 10
462 672 10
462 673 10
462 675 10
462 678 10
462 695 10
462 698 10
462 702 10
462 710 10
462 712 10
463 307 10
463 310 10
463 315 10
463 327 10
463 328 10
463 329 10
463 337 10
463 343 10
463 345 10
463 346 10
463 347 10
463 350 10
463 351 10
463 352 10
463 353 10
463 354 10
463 355 10
463 356 10
463 357 10
463 358 10
463 361 10
463 362 10
463 383 10
463 384 10
463 385 10
463 386 10
463 391 10
463 395 10
463 398 10
463 400 10
463 404 10
463 425 10
463 428 10
463 430 10
463 433 10
463 434 10
463 435 10
463 436 10
463 439 10
463 440 10
463 449 10
463 456 10
463 457 10
463 462 10
463 467 10
463 469 10
463 470 10
463 473 10
463 497 10
463 500 10
463 501 10
463 507 10
463 511 10
463 516 10
463 518 10
463 535 10
463 537 10
463 554 10
463 556 10
463 590 10
463 591 10
463 592 10
463 594 10
463 597 10
463 598 10
463 599 10
463 600 10
463 601 10
463 604 10
463 606 10
463 610 10
463 611 10
463 613 10
463 614 10
463 615 10
463 616 10
463 617 10
463 619 10
463 620 10
463 621 10
463 622 10
463 623 10
463 624 10
463 626 10
463 629 10
463 646 10
463 647 10
463 648 10
463 651 10
463 652 10
463 653 10
463 654 10
463 656 10
463 657 10
463 667 10
463 668 10
463 673 10
463 675 10
463 679 10
463 681 10
463 696 10
464 305 10
464 310 10
464 321 10
464 326 10
464 330 10
464 337 10
464 343 10
464 348 10
464 350 10
464 351 10
464 352 10
464 353 10
464 354 10
464 355 10
464 356 10
464 357 10
464 358 10
464 360 10
464 362 10
464 365 10
464 373 10
464 376 10
464 378 10
464 379 10
464 380 10
464 381 10
464 386 10
464 387 10
464 388 10
464 390 10
464 392 10
464 393 10
464 397 10
464 400 10
464 412 10
464 414 10
464 415 10
464 417 10
464 419 10
464 428 10
464 429 10
464 431 10
464 438 10
464 442 10
464 443 10
464 444 10
464 445 10
464 447 10
464 450 10
464 452 10
464 454 10
464 461 10
464 467 10
464 476 10
464 478 10
464 479 10
464 480 10
464 493 10
464 494 10
464 497 10
464 499 10
464 507 10
464 509 10
464 512 10
464 513 10
464 515 10
464 530 10
464 535 10
464 541 10
464 542 10
464 544 10
464 546 10
464 555 10
464 557 10
464 560 10
464 566 10
464 575 10
464 586 10
464 589 10
464 591 10
464 595 10
464 596 10
464 599 10
464 600 10
464 605 10
464 607 10
464 610 10
464 611 10
464 613 10
464 614 10
464 615 10
464 616 10
464 620 10
464 622 10
464 623 10
464 626 10
464 627 10
464 628 10
464 630 10
464 641 10
464 642 10
464 647 10
464 648 10
464 650 10
464 655 10
464 657 10
464 658 10
464 662 10
464 667 10
464 669 10
464 670 10
464 673 10
464 677 10
464 679 10
464 694 10
464 701 10
464 710 10
465 306 10
465 323 10
465 327 10
465 332 10
465 333 10
465 335 10
465 336 10
465 337 10
465 339 10
465 341 10
465 345 10
465 349 10
465 350 10
465 351 10
465 352 10
465 353 10
465 354 10
465 356 10
465 357 10
465 358 10
465 360 10
465 361 10
465 362 10
465 364 10
465 373 10
465 374 10
465 375 10
465 379 10
465 383 10
465 386 10
465 389 10
465 391 10
465 408 10
465 413 10
465 414 10
465 415 10
465 418 10
465 419 10
465 421 10
465 422 10
465 423 10
465 424 10
465 425 10
465 426 10
465 428 10
465 432 10
465 434 10
465 436 10
465 443 10
465 448 10
465 451 10
465 455 10
465 457 10
465 465 10
465 476 10
465 478 10
465 491 10
465 492 10
465 493 10
465 497 10
465 499 10
465 500 10
465 507 10
465 508 10
465 509 10
465 510 10
465 511 10
465 536 10
465 537 10
465 544 10
465 546 10
465 554 10
465 559 10
465 560 10
465 566 10
465 567 10
465 569 10
465 570 10
465 571 10
465 590 10
465 591 10
465 593 10
465 594 10
465 595 10
465 596 10
465 597 10
465 599 10
465 600 10
465 601 10
465 602 10
465 605 10
465 606 10
465 610 10
465 612 10
465 615 10
465 616 10
465 617 10
465 619 10
465 620 10
465 621 10
465 629 10
465 631 10
465 638 10
465 643 10
465 646 10
465 650 10
465 651 10
465 660 10
465 663 10
465 666 10
465 668 10
465 669 10
465 670 10
465 671 10
465 714 10
466 313 10
466 323 10
466 327 10
466 330 10
466 333 10
466 349 10
466 351 10
466 355 10
466 357 10
466 360 10
466 362 10
466 363 10
466 366 10
466 375 10
466 376 10
466 377 10
466 378 10
466 381 10
466 383 10
466 385 10
466 388 10
466 393 10
466 394 10
466 396 10
466 398 10
466 399 10
466 401 10
466 404 10
466 410 10
466 411 10
466 413 10
466 415 10
466 417 10
466 418 10
466 421 10
466 427 10
466 428 10
466 430 10
466 431 10
466 433 10
466 434 10
466 436 10
466 440 10
466 443 10
466 445 10
466 446 10
466 447 10
466 448 10
466 450 10
466 452 10
466 456 10
466 464 10
466 477 10
466 478 10
466 479 10
466 480 10
466 497 10
466 511 10
466 514 10
466 528 10
466 529 10
466 531 10
466 547 10
466 548 10
466 553 10
466 555 10
466 558 10
466 559 10
466 562 10
466 569 10
466 576 10
466 581 10
466 587 10
466 591 10
466 595 10
466 596 10
466 597 10
466 598 10
466 600 10
466 604 10
466 607 10
466 608 10
466 611 10
466 614 10
466 615 10
466 616 10
466 617 10
466 618 10
466 619 10
466 620 10
466 628 10
466 629 10
466 630 10
466 631 10
466 638 10
466 642 10
466 647 10
466 648 10
466 651 10
466 653 10
466 655 10
466 662 10
466 666 10
466 668 10
466 669 10
466 670 10
466 676 10
466 714 10
467 305 10
467 309 10
467 311 10
467 312 10
467 313 10
467 315 10
467 327 10
467 332 10
467 333 10
467 334 10
467 336 10
467 337 10
467 338 10
467 339 10
467 353 10
467 354 10
467 356 10
467 358 10
467 359 10
467 360 10
467 361 10
467 362 10
467 364 10
467 366 10
467 377 10
467 379 10
467 383 10
467 386 10
467 387 10
467 392 10
467 394 10
467 395 10
467 399 10
467 401 10
467 408 10
467 409 10
467 411 10
467 412 10
467 414 10
467 415 10
467 417 10
467 419 10
467 422 10
467 426 10
467 428 10
467 436 10
467 440 10
467 441 10
467 442 10
467 443 10
467 445 10
467 447 10
467 450 10
467 452 10
467 453 10
467 456 10
467 459 10
467 460 10
467 461 10
467 462 10
467 463 10
467 464 10
467 465 10
467 466 10
467 494 10
467 500 10
467 501 10
467 506 10
467 508 10
467 510 10
467 512 10
467 513 10
467 514 10
467 516 10
467 518 10
467 523 10
467 524 10
467 543 10
467 546 10
467 547 10
467 549 10
467 552 10
467 554 10
467 556 10
467 559 10
467 561 10
467 565 10
467 567 10
467 568 10
467 570 10
467 571 10
467 596 10
467 597 10
467 598 10
467 600 10
467 602 10
467 603 10
467 605 10
467 612 10
467 614 10
467 615 10
467 617 10
467 637 10
467 645 10
467 647 10
467 652 10
467 653 10
467 654 10
467 658 10
467 663 10
467 671 10
467 693 10
467 695 10
467 696 10
467 698 10
467 705 10
467 708 10
467 710 10
468 302 10
468 310 10
468 314 10
468 315 10
468 322 10
468 323 10
468 327 10
468 330 10
468 331 10
468 334 10
468 337 10
468 338 10
468 339 10
468 341 10
468 352 10
468 354 10
468 356 10
468 357 10
468 359 10
468 362 10
468 364 10
468 375 10
468 378 10
468 381 10
468 382 10
468 393 10
468 396 10
468 404 10
468 409 10
468 411 10
468 412 10
468 414 10
468 418 10
468 428 10
468 429 10
468 431 10
468 432 10
468 433 10
468 434 10
468 436 10
468 437 10
468 441 10
468 442 10
468 446 10
468 447 10
468 449 10
468 455 10
468 458 10
468 459 10
468 463 10
468 464 10
468 466 10
468 475 10
468 479 10
468 492 10
468 495 10
468 503 10
468 516 10
468 537 10
468 538 10
468 540 10
468 541 10
468 543 10
468 546 10
468 551 10
468 553 10
468 555 10
468 557 10
468 559 10
468 560 10
468 561 10
468 564 10
468 566 10
468 569 10
468 570 10
468 572 10
468 581 10
468 585 10
468 588 10
468 589 10
468 591 10
468 593 10
468 594 10
468 596 10
468 597 10
468 599 10
468 600 10
468 604 10
468 609 10
468 614 10
468 615 10
468 619 10
468 626 10
468 627 10
468 628 10
468 643 10
468 645 10
468 650 10
468 651 10
468 653 10
468 656 10
468 660 10
468 667 10
468 670 10
468 672 10
468 692 10
468 694 10
468 695 10
468 700 10
468 706 10
468 708 10
468 715 10
469 302 10
469 310 10
469 311 10
469 320 10
469 329 10
469 330 10
469 334 10
469 336 10
469 337 10
469 339 10
469 357 10
469 358 10
469 359 10
469 360 10
469 361 10
469 378 10
469 379 10
469 380 10
469 383 10
469 391 10
469 394 10
469 395 10
469 396 10
469 399 10
469 400 10
469 401 10
469 409 10
469 413 10
469 414 10
469 420 10
469 425 10
469 429 10
469 432 10
469 434 10
469 436 10
469 437 10
469 438 10
469 440 10
469 441 10
469 442 10
469 443 10
469 445 10
469 447 10
469 448 10
469 456 10
469 460 10
469 462 10
469 464 10
469 465 10
469 477 10
469 479 10
469 482 10
469 492 10
469 493 10
469 499 10
469 500 10
469 503 10
469 505 10
469 507 10
469 509 10
469 510 10
469 511 10
469 512 10
469 513 10
469 514 10
469 517 10
469 518 10
469 524 10
469 532 10
469 534 10
469 540 10
469 543 10
469 549 10
469 559 10
469 560 10
469 563 10
469 566 10
469 567 10
469 571 10
469 583 10
469 586 10
469 587 10
469 588 10
469 589 10
469 597 10
469 599 10
469 608 10
469 612 10
469 616 10
469 617 10
469 625 10
469 628 10
469 633 10
469 635 10
469 638 10
469 655 10
469 656 10
469 659 10
469 660 10
469 663 10
469 672 10
469 673 10
469 687 10
469 691 10
469 692 10
469 693 10
469 695 10
469 696 10
469 697 10
469 698 10
469 704 10
470 312 10
470 313 10
470 315 10
470 328 10
470 331 10
470 333 10
470 334 10
470 335 10
470 337 10
470 339 10
470 345 10
470 346 10
470 355 10
470 363 10
470 381 10
470 382 10
470 383 10
470 385 10
470 386 10
470 388 10
470 389 10
470 390 10
470 391 10
470 393 10
470 394 10
470 395 10
470 405 10
470 407 10
470 411 10
470 417 10
470 419 10
470 422 10
470 431 10
470 432 10
470 433 10
470 435 10
470 438 10
470 439 10
470 440 10
470 441 10
470 442 10
470 449 10
470 454 10
470 457 10
470 459 10
470 465 10
470 470 10
470 475 10
470 483 10
470 485 10
470 486 10
470 488 10
470 491 10
470 494 10
470 496 10
470 498 10
470 500 10
470 502 10
470 503 10
470 504 10
470 513 10
470 514 10
470 516 10
470 518 10
470 536 10
470 540 10
470 541 10
470 542 10
470 545 10
470 550 10
470 551 10
470 553 10
470 555 10
470 558 10
470 560 10
470 564 10
470 565 10
470 566 10
470 568 10
470 570 10
470 571 10
470 572 10
470 574 10
470 580 10
470 591 10
470 592 10
470 594 10
470 595 10
470 596 10
470 599 10
470 600 10
470 608 10
470 610 10
470 612 10
470 625 10
470 630 10
470 631 10
470 637 10
470 639 10
470 647 10
470 656 10
470 659 10
470 661 10
470 667 10
470 671 10
470 673 10
470 675 10
470 695 10
470 697 10
470 700 10
470 716 10
471 308 10
471 309 10
471 311 10
471 312 10
471 329 10
471 331 10
471 333 10
471 334 10
471 336 10
471 337 10
471 338 10
471 339 10
471 340 10
471 343 10
471 358 10
471 359 10
471 362 10
471 363 10
471 388 10
471 389 10
471 393 10
471 394 10
471 395 10
471 397 10
471 416 10
471 420 10
471 422 10
471 429 10
471 431 10
471 433 10
471 434 10
471 436 10
471 438 10
471 440 10
471 441 10
471 442 10
471 444 10
471 446 10
471 447 10
471 457 10
471 458 10
471 463 10
471 472 10
471 474 10
471 479 10
471 483 10
471 487 10
471 488 10
471 492 10
471 494 10
471 495 10
471 498 10
471 499 10
471 500 10
471 507 10
471 511 10
471 512 10
471 513 10
471 514 10
471 516 10
471 517 10
471 522 10
471 524 10
471 525 10
471 543 10
471 544 10
471 547 10
471 548 10
471 551 10
471 556 10
471 562 10
471 566 10
471 567 10
471 574 10
471 579 10
471 580 10
471 581 10
471 582 10
471 584 10
471 587 10
471 588 10
471 589 10
471 591 10
471 592 10
471 593 10
471 596 10
471 608 10
471 609 10
471 622 10
471 628 10
471 634 10
471 635 10
471 636 10
471 637 10
471 645 10
471 654 10
471 656 10
471 657 10
471 658 10
471 659 10
471 660 10
471 665 10
471 667 10
471 670 10
471 671 10
471 674 10
471 677 10
471 686 10
471 687 10
471 688 10
471 690 10
471 696 10
471 700 10
471 701 10
471 707 10
472 308 10
472 311 10
472 313 10
472 314 10
472 332 10
472 335 10
472 336 10
472 338 10
472 339 10
472 343 10
472 355 10
472 357 10
472 358 10
472 359 10
472 360 10
472 361 10
472 362 10
472 386 10
472 389 10
472 391 10
472 397 10
472 416 10
472 417 10
472 419 10
472 420 10
472 424 10
472 431 10
472 433 10
472 438 10
472 440 10
472 442 10
472 444 10
472 449 10
472 452 10
472 454 10
472 457 10
472 458 10
472 460 10
472 464 10
472 465 10
472 466 10
472 468 10
472 474 10
472 483 10
472 484 10
472 486 10
472 495 10
472 504 10
472 513 10
472 519 10
472 520 10
472 523 10
472 538 10
472 539 10
472 542 10
472 543 10
472 544 10
472 547 10
472 548 10
472 550 10
472 554 10
472 566 10
472 570 10
472 572 10
472 573 10
472 574 10
472 581 10
472 583 10
472 584 10
472 585 10
472 586 10
472 588 10
472 589 10
472 590 10
472 591 10
472 592 10
472 593 10
472 594 10
472 595 10
472 597 10
472 599 10
472 622 10
472 625 10
472 633 10
472 635 10
472 636 10
472 644 10
472 657 10
472 658 10
472 659 10
472 661 10
472 662 10
472 669 10
472 670 10
472 671 10
472 672 10
472 673 10
472 674 10
472 683 10
472 692 10
472 696 10
472 699 10
472 705 10
473 307 10
473 333 10
473 334 10
473 335 10
473 337 10
473 340 10
473 341 10
473 360 10
473 362 10
473 375 10
473 376 10
473 381 10
473 385 10
473 386 10
473 388 10
473 389 10
473 390 10
473 391 10
473 392 10
473 394 10
473 417 10
473 420 10
473 422 10
473 424 10
473 428 10
473 431 10
473 437 10
473 438 10
473 440 10
473 441 10
473 442 10
473 444 10
473 445 10
473 447 10
473 454 10
473 458 10
473 460 10
473 465 10
473 466 10
473 467 10
473 468 10
473 469 10
473 471 10
473 472 10
473 473 10
473 475 10
473 476 10
473 477 10
473 479 10
473 481 10
473 483 10
473 487 10
473 488 10
473 492 10
473 493 10
473 494 10
473 495 10
473 502 10
473 503 10
473 506 10
473 512 10
473 513 10
473 514 10
473 517 10
473 519 10
473 521 10
473 522 10
473 524 10
473 527 10
473 528 10
473 531 10
473 539 10
473 542 10
473 544 10
473 551 10
473 552 10
473 556 10
473 559 10
473 561 10
473 563 10
473 564 10
473 566 10
473 567 10
473 570 10
473 571 10
473 572 10
473 573 10
473 574 10
473 575 10
473 581 10
473 585 10
473 586 10
473 589 10
473 592 10
473 593 10
473 594 10
473 595 10
473 597 10
473 606 10
473 616 10
473 617 10
473 618 10
473 619 10
473 621 10
473 623 10
473 624 10
473 625 10
473 626 10
473 627 10
473 632 10
473 634 10
473 637 10
473 638 10
473 645 10
473 647 10
473 658 10
473 659 10
473 660 10
473 661 10
473 665 10
473 671 10
473 674 10
473 675 10
473 676 10
473 677 10
473 678 10
473 684 10
473 686 10
473 687 10
473 689 10
473 701 10
473 703 10
473 704 10
473 705 10
473 707 10
474 307 10
474 309 10
474 324 10
474 334 10
474 336 10
474 337 10
474 360 10
474 365 10
474 375 10
474 376 10
474 377 10
474 387 10
474 388 10
474 392 10
474 394 10
474 396 10
474 417 10
474 421 10
474 423 10
474 424 10
474 426 10
474 432 10
474 433 10
474 434 10
474 435 10
474 441 10
474 445 10
474 448 10
474 450 10
474 452 10
474 453 10
474 454 10
474 459 10
474 461 10
474 462 10
474 465 10
474 468 10
474 473 10
474 478 10
474 479 10
474 484 10
474 485 10
474 487 10
474 490 10
474 491 10
474 493 10
474 494 10
474 495 10
474 496 10
474 498 10
474 501 10
474 504 10
474 506 10
474 522 10
474 523 10
474 525 10
474 531 10
474 535 10
474 538 10
474 539 10
474 540 10
474 542 10
474 544 10
474 546 10
474 548 10
474 549 10
474 550 10
474 552 10
474 555 10
474 558 10
474 559 10
474 561 10
474 563 10
474 564 10
474 568 10
474 572 10
474 574 10
474 588 10
474 589 10
474 590 10
474 591 10
474 594 10
474 595 10
474 596 10
474 597 10
474 599 10
474 602 10
474 616 10
474 619 10
474 622 10
474 625 10
474 627 10
474 632 10
474 635 10
474 636 10
474 638 10
474 639 10
474 640 10
474 643 10
474 644 10
474 646 10
474 647 10
474 648 10
474 649 10
474 650 10
474 655 10
474 656 10
474 659 10
474 660 10
474 667 10
474 670 10
474 673 10
474 675 10
474 684 10
474 685 10
474 687 10
474 688 10
474 689 10
474 691 10
474 696 10
474 698 10
474 699 10
474 701 10
474 705 10
475 326 10
475 336 10
475 337 10
475 340 10
475 354 10
475 356 10
475 357 10
475 358 10
475 361 10
475 362 10
475 363 10
475 372 10
475 374 10
475 377 10
475 381 10
475 386 10
475 387 10
475 388 10
475 389 10
475 390 10
475 391 10
475 392 10
475 393 10
475 394 10
475 395 10
475 414 10
475 415 10
475 417 10
475 418 10
475 419 10
475 420 10
475 421 10
475 424 10
475 425 10
475 436 10
475 438 10
475 439 10
475 445 10
475 450 10
475 451 10
475 455 10
475 457 10
475 458 10
475 460 10
475 461 10
475 462 10
475 468 10
475 469 10
475 471 10
475 472 10
475 473 10
475 477 10
475 479 10
475 481 10
475 485 10
475 488 10
475 489 10
475 490 10
475 492 10
475 493 10
475 494 10
475 496 10
475 497 10
475 510 10
475 516 10
475 518 10
475 519 10
475 520 10
475 526 10
475 529 10
475 535 10
475 537 10
475 538 10
475 540 10
475 541 10
475 542 10
475 544 10
475 546 10
475 547 10
475 548 10
475 549 10
475 550 10
475 552 10
475 553 10
475 560 10
475 561 10
475 562 10
475 564 10
475 568 10
475 569 10
475 570 10
475 573 10
475 574 10
475 575 10
475 576 10
475 577 10
475 584 10
475 592 10
475 593 10
475 594 10
475 595 10
475 596 10
475 597 10
475 598 10
475 600 10
475 606 10
475 607 10
475 617 10
475 618 10
475 619 10
475 632 10
475 636 10
475 637 10
475 639 10
475 651 10
475 652 10
475 654 10
475 656 10
475 660 10
475 664 10
475 665 10
475 670 10
475 673 10
475 676 10
475 677 10
475 685 10
475 686 10
475 687 10
475 694 10
475 696 10
475 698 10
475 699 10
475 702 10
475 703 10
475 706 10
475 708 10
476 310 10
476 325 10
476 326 10
476 336 10
476 347 10
476 348 10
476 349 10
476 371 10
476 374 10
476 376 10
476 377 10
476 380 10
476 384 10
476 386 10
476 387 10
476 389 10
476 390 10
476 391 10
476 394 10
476 396 10
476 397 10
476 407 10
476 408 10
476 412 10
476 413 10
476 414 10
476 415 10
476 420 10
476 424 10
476 425 10
476 426 10
476 428 10
476 433 10
476 436 10
476 447 10
476 448 10
476 449 10
476 455 10
476 459 10
476 460 10
476 461 10
476 464 10
476 465 10
476 467 10
476 469 10
476 470 10
476 471 10
476 474 10
476 481 10
476 483 10
476 485 10
476 490 10
476 491 10
476 494 10
476 498 10
476 502 10
476 503 10
476 520 10
476 521 10
476 524 10
476 525 10
476 527 10
476 528 10
476 530 10
476 531 10
476 532 10
476 534 10
476 538 10
476 539 10
476 540 10
476 544 10
476 545 10
476 546 10
476 548 10
476 549 10
476 551 10
476 555 10
476 556 10
476 557 10
476 558 10
476 560 10
476 562 10
476 563 10
476 565 10
476 566 10
476 567 10
476 570 10
476 572 10
476 575 10
476 591 10
476 594 10
476 595 10
476 596 10
476 598 10
476 599 10
476 606 10
476 607 10
476 617 10
476 619 10
476 620 10
476 625 10
476 626 10
476 630 10
476 634 10
476 636 10
476 637 10
476 638 10
476 643 10
476 644 10
476 646 10
476 647 10
476 649 10
476 651 10
476 652 10
476 657 10
476 663 10
476 667 10
476 669 10
476 670 10
476 671 10
476 672 10
476 673 10
476 674 10
476 675 10
476 677 10
476 683 10
476 684 10
476 685 10
476 687 10
476 690 10
476 693 10
476 694 10
476 696 10
476 699 10
476 700 10
476 705 10
476 707 10
476 709 10
477 312 10
477 336 10
477 337 10
477 338 10
477 346 10
477 358 10
477 359 10
477 364 10
477 365 10
477 366 10
477 369 10
477 372 10
477 376 10
477 382 10
477 384 10
477 386 10
477 387 10
477 389 10
477 390 10
477 394 10
477 395 10
477 399 10
477 405 10
477 406 10
477 410 10
477 412 10
477 413 10
477 414 10
477 419 10
477 420 10
477 421 10
477 422 10
477 424 10
477 425 10
477 427 10
477 429 10
477 436 10
477 438 10
477 440 10
477 441 10
477 446 10
477 448 10
477 455 10
477 458 10
477 459 10
477 460 10
477 463 10
477 465 10
477 466 10
477 467 10
477 469 10
477 470 10
477 471 10
477 472 10
477 474 10
477 477 10
477 480 10
477 482 10
477 483 10
477 485 10
477 487 10
477 488 10
477 489 10
477 490 10
477 491 10
477 492 10
477 493 10
477 496 10
477 498 10
477 500 10
477 506 10
477 507 10
477 508 10
477 510 10
477 512 10
477 515 10
477 516 10
477 520 10
477 522 10
477 523 10
477 524 10
477 525 10
477 528 10
477 529 10
477 530 10
477 531 10
477 533 10
477 537 10
477 538 10
477 539 10
477 540 10
477 541 10
477 544 10
477 547 10
477 548 10
477 550 10
477 551 10
477 556 10
477 558 10
477 560 10
477 561 10
477 562 10
477 563 10
477 568 10
477 569 10
477 570 10
477 573 10
477 574 10
477 577 10
477 578 10
477 579 10
477 591 10
477 594 10
477 596 10
477 597 10
477 598 10
477 614 10
477 615 10
477 617 10
477 618 10
477 619 10
477 620 10
477 632 10
477 633 10
477 635 10
477 636 10
477 637 10
477 638 10
477 639 10
477 641 10
477 645 10
477 646 10
477 647 10
477 649 10
477 651 10
477 660 10
477 662 10
477 665 10
477 667 10
477 668 10
477 673 10
477 675 10
477 678 10
477 680 10
477 681 10
477 682 10
477 684 10
477 685 10
477 686 10
477 688 10
477 689 10
477 692 10
477 694 10
477 695 10
477 697 10
477 701 10
477 702 10
477 705 10
477 708 10
478 347 10
478 350 10
478 352 10
478 360 10
478 368 10
478 369 10
478 371 10
478 372 10
478 373 10
478 374 10
478 375 10
478 387 10
478 388 10
478 389 10
478 390 10
478 391 10
478 398 10
478 400 10
478 404 10
478 406 10
478 408 10
478 413 10
478 417 10
478 418 10
478 422 10
478 425 10
478 426 10
478 427 10
478 428 10
478 434 10
478 436 10
478 447 10
478 448 10
478 450 10
478 451 10
478 452 10
478 458 10
478 459 10
478 460 10
478 461 10
478 462 10
478 465 10
478 466 10
478 470 10
478 472 10
478 473 10
478 474 10
478 477 10
478 478 10
478 479 10
478 484 10
478 486 10
478 490 10
478 491 10
478 492 10
478 501 10
478 502 10
478 503 10
478 505 10
478 506 10
478 507 10
478 510 10
478 514 10
478 515 10
478 520 10
478 522 10
478 523 10
478 524 10
478 525 10
478 526 10
478 527 10
478 531 10
478 533 10
478 537 10
478 538 10
478 541 10
478 542 10
478 548 10
478 549 10
478 550 10
478 553 10
478 554 10
478 559 10
478 561 10
478 562 10
478 563 10
478 564 10
478 565 10
478 567 10
478 568 10
478 575 10
478 576 10
478 585 10
478 586 10
478 589 10
478 590 10
478 592 10
478 593 10
478 595 10
478 596 10
478 599 10
478 611 10
478 615 10
478 618 10
478 622 10
478 623 10
478 625 10
478 630 10
478 631 10
478 633 10
478 635 10
478 636 10
478 638 10
478 640 10
478 642 10
478 643 10
478 644 10
478 645 10
478 646 10
478 650 10
478 651 10
478 653 10
478 655 10
478 658 10
478 661 10
478 662 10
478 676 10
478 679 10
478 682 10
478 683 10
478 684 10
478 685 10
478 688 10
478 693 10
478 695 10
478 696 10
478 698 10
478 704 10
478 707 10
478 708 10
479 335 10
479 346 10
479 349 10
479 352 10
479 359 10
479 371 10
479 379 10
479 381 10
479 382 10
479 384 10
479 387 10
479 393 10
479 394 10
479 396 10
479 397 10
479 398 10
479 403 10
479 405 10
479 407 10
479 408 10
479 411 10
479 412 10
479 415 10
479 416 10
479 418 10
479 421 10
479 422 10
479 423 10
479 424 10
479 425 10
479 426 10
479 428 10
479 429 10
479 430 10
479 436 10
479 437 10
479 441 10
479 442 10
479 445 10
479 449 10
479 450 10
479 452 10
479 458 10
479 459 10
479 460 10
479 461 10
479 465 10
479 466 10
479 467 10
479 468 10
479 469 10
479 470 10
479 472 10
479 474 10
479 475 10
479 477 10
479 479 10
479 483 10
479 484 10
479 485 10
479 486 10
479 488 10
479 489 10
479 495 10
479 502 10
479 503 10
479 505 10
479 506 10
479 508 10
479 509 10
479 510 10
479 512 10
479 513 10
479 514 10
479 515 10
479 516 10
479 518 10
479 522 10
479 524 10
479 525 10
479 526 10
479 527 10
479 528 10
479 529 10
479 530 10
479 536 10
479 537 10
479 538 10
479 540 10
479 541 10
479 542 10
479 543 10
479 546 10
479 550 10
479 554 10
479 555 10
479 558 10
479 560 10
479 563 10
479 575 10
479 576 10
479 577 10
479 578 10
479 589 10
479 591 10
479 592 10
479 596 10
479 597 10
479 599 10
479 600 10
479 613 10
479 614 10
479 615 10
479 619 10
479 620 10
479 621 10
479 622 10
479 628 10
479 633 10
479 635 10
479 636 10
479 637 10
479 638 10
479 640 10
479 642 10
479 648 10
479 649 10
479 650 10
479 651 10
479 654 10
479 657 10
479 659 10
479 660 10
479 661 10
479 663 10
479 664 10
479 671 10
479 672 10
479 673 10
479 674 10
479 676 10
479 677 10
479 678 10
479 679 10
479 680 10
479 681 10
479 682 10
479 685 10
479 686 10
479 693 10
479 694 10
479 696 10
479 704 10
480 349 10
480 352 10
480 355 10
480 358 10
480 363 10
480 367 10
480 369 10
480 375 10
480 378 10
480 379 10
480 387 10
480 391 10
480 392 10
480 393 10
480 400 10
480 401 10
480 402 10
480 405 10
480 406 10
480 417 10
480 418 10
480 419 10
480 420 10
480 422 10
480 424 10
480 427 10
480 441 10
480 443 10
480 447 10
480 450 10
480 457 10
480 458 10
480 459 10
480 460 10
480 461 10
480 465 10
480 467 10
480 468 10
480 471 10
480 472 10
480 476 10
480 477 10
480 483 10
480 485 10
480 486 10
480 487 10
480 488 10
480 494 10
480 495 10
480 500 10
480 502 10
480 503 10
480 504 10
480 506 10
480 508 10
480 509 10
480 510 10
480 512 10
480 517 10
480 519 10
480 520 10
480 522 10
480 523 10
480 524 10
480 525 10
480 526 10
480 527 10
480 536 10
480 537 10
480 538 10
480 539 10
480 540 10
480 541 10
480 542 10
480 543 10
480 547 10
480 548 10
480 556 10
480 557 10
480 560 10
480 563 10
480 565 10
480 566 10
480 572 10
480 575 10
480 584 10
480 589 10
480 591 10
480 592 10
480 594 10
480 595 10
480 597 10
480 598 10
480 599 10
480 606 10
480 607 10
480 613 10
480 616 10
480 617 10
480 619 10
480 620 10
480 621 10
480 623 10
480 624 10
480 625 10
480 631 10
480 637 10
480 640 10
480 644 10
480 648 10
480 649 10
480 651 10
480 652 10
480 654 10
480 656 10
480 657 10
480 659 10
480 661 10
480 667 10
480 668 10
480 670 10
480 674 10
480 678 10
480 679 10
480 687 10
480 688 10
480 689 10
480 691 10
480 696 10
480 704 10
480 707 10
480 709 10
481 346 10
481 347 10
481 348 10
481 349 10
481 350 10
481 352 10
481 354 10
481 362 10
481 367 10
481 368 10
481 371 10
481 372 10
481 378 10
481 379 10
481 384 10
481 386 10
481 390 10
481 392 10
481 396 10
481 397 10
481 399 10
481 400 10
481 401 10
481 402 10
481 403 10
481 404 10
481 405 10
481 406 10
481 408 10
481 409 10
481 410 10
481 411 10
481 413 10
481 415 10
481 416 10
481 420 10
481 423 10
481 429 10
481 434 10
481 439 10
481 441 10
481 444 10
481 447 10
481 448 10
481 449 10
481 450 10
481 453 10
481 454 10
481 455 10
481 457 10
481 458 10
481 459 10
481 460 10
481 461 10
481 465 10
481 467 10
481 469 10
481 470 10
481 474 10
481 477 10
481 478 10
481 480 10
481 481 10
481 485 10
481 487 10
481 492 10
481 493 10
481 494 10
481 495 10
481 497 10
481 500 10
481 501 10
481 502 10
481 503 10
481 506 10
481 507 10
481 509 10
481 511 10
481 517 10
481 518 10
481 523 10
481 524 10
481 526 10
481 530 10
481 531 10
481 537 10
481 539 10
481 540 10
481 554 10
481 556 10
481 563 10
481 575 10
481 581 10
481 582 10
481 588 10
481 589 10
481 590 10
481 591 10
481 599 10
481 600 10
481 617 10
481 620 10
481 624 10
481 625 10
481 627 10
481 631 10
481 632 10
481 633 10
481 637 10
481 639 10
481 641 10
481 644 10
481 646 10
481 649 10
481 650 10
481 653 10
481 654 10
481 655 10
481 656 10
481 657 10
481 658 10
481 659 10
481 661 10
481 662 10
481 666 10
481 668 10
481 670 10
481 674 10
481 681 10
481 685 10
481 686 10
481 688 10
481 690 10
481 694 10
481 695 10
481 696 10
481 706 10
482 358 10
482 360 10
482 367 10
482 369 10
482 370 10
482 371 10
482 372 10
482 377 10
482 380 10
482 381 10
482 382 10
482 391 10
482 392 10
482 393 10
482 394 10
482 397 10
482 398 10
482 399 10
482 402 10
482 405 10
482 406 10
482 408 10
482 411 10
482 413 10
482 417 10
482 418 10
482 419 10
482 421 10
482 424 10
482 425 10
482 427 10
482 428 10
482 430 10
482 440 10
482 441 10
482 443 10
482 447 10
482 449 10
482 451 10
482 452 10
482 455 10
482 457 10
482 458 10
482 461 10
482 462 10
482 463 10
482 464 10
482 465 10
482 467 10
482 468 10
482 469 10
482 471 10
482 472 10
482 473 10
482 474 10
482 475 10
482 479 10
482 481 10
482 483 10
482 484 10
482 485 10
482 491 10
482 494 10
482 495 10
482 496 10
482 498 10
482 501 10
482 504 10
482 508 10
482 510 10
482 513 10
482 517 10
482 521 10
482 524 10
482 526 10
482 528 10
482 536 10
482 537 10
482 538 10
482 539 10
482 540 10
482 541 10
482 542 10
482 550 10
482 552 10
482 554 10
482 556 10
482 559 10
482 562 10
482 564 10
482 565 10
482 568 10
482 571 10
482 572 10
482 582 10
482 583 10
482 587 10
482 588 10
482 593 10
482 596 10
482 598 10
482 612 10
482 615 10
482 618 10
482 619 10
482 621 10
482 622 10
482 623 10
482 625 10
482 626 10
482 627 10
482 630 10
482 631 10
482 635 10
482 636 10
482 638 10
482 639 10
482 640 10
482 641 10
482 644 10
482 653 10
482 655 10
482 656 10
482 657 10
482 658 10
482 660 10
482 661 10
482 662 10
482 664 10
482 666 10
482 669 10
482 671 10
482 674 10
482 675 10
482 676 10
482 677 10
482 678 10
482 680 10
482 681 10
482 682 10
482 692 10
482 693 10
482 694 10
482 705 10
482 708 10
482 709 10
482 710 10
483 338 10
483 344 10
483 360 10
483 363 10
483 367 10
483 371 10
483 372 10
483 377 10
483 380 10
483 387 10
483 388 10
483 389 10
483 391 10
483 392 10
483 393 10
483 397 10
483 399 10
483 400 10
483 402 10
483 403 10
483 404 10
483 408 10
483 409 10
483 410 10
483 411 10
483 412 10
483 413 10
483 418 10
483 419 10
483 421 10
483 422 10
483 423 10
483 425 10
483 427 10
483 432 10
483 439 10
483 441 10
483 443 10
483 444 10
483 446 10
483 447 10
483 449 10
483 450 10
483 455 10
483 458 10
483 460 10
483 464 10
483 465 10
483 467 10
483 470 10
483 471 10
483 478 10
483 479 10
483 480 10
483 481 10
483 482 10
483 484 10
483 485 10
483 486 10
483 489 10
483 491 10
483 493 10
483 494 10
483 495 10
483 496 10
483 497 10
483 498 10
483 500 10
483 502 10
483 506 10
483 507 10
483 508 10
483 511 10
483 515 10
483 516 10
483 517 10
483 520 10
483 521 10
483 523 10
483 529 10
483 535 10
483 536 10
483 537 10
483 538 10
483 539 10
483 540 10
483 541 10
483 548 10
483 556 10
483 557 10
483 558 10
483 559 10
483 560 10
483 562 10
483 563 10
483 564 10
483 566 10
483 567 10
483 568 10
483 580 10
483 583 10
483 587 10
483 588 10
483 589 10
483 591 10
483 592 10
483 616 10
483 622 10
483 625 10
483 626 10
483 635 10
483 643 10
483 652 10
483 656 10
483 657 10
483 659 10
483 660 10
483 665 10
483 666 10
483 669 10
483 670 10
483 672 10
483 673 10
483 675 10
483 676 10
483 678 10
483 679 10
483 681 10
483 687 10
483 689 10
483 690 10
483 692 10
483 694 10
483 705 10
483 706 10
484 335 10
484 336 10
484 342 10
484 351 10
484 357 10
484 358 10
484 365 10
484 370 10
484 375 10
484 376 10
484 380 10
484 381 10
484 385 10
484 387 10
484 388 10
484 389 10
484 390 10
484 391 10
484 392 10
484 394 10
484 397 10
484 398 10
484 401 10
484 402 10
484 403 10
484 404 10
484 405 10
484 406 10
484 407 10
484 408 10
484 410 10
484 411 10
484 417 10
484 419 10
484 420 10
484 421 10
484 422 10
484 423 10
484 424 10
484 425 10
484 427 10
484 440 10
484 441 10
484 442 10
484 443 10
484 444 10
484 448 10
484 449 10
484 451 10
484 454 10
484 456 10
484 457 10
484 460 10
484 464 10
484 466 10
484 467 10
484 468 10
484 469 10
484 474 10
484 475 10
484 476 10
484 478 10
484 480 10
484 482 10
484 483 10
484 485 10
484 487 10
484 488 10
484 489 10
484 492 10
484 495 10
484 498 10
484 499 10
484 501 10
484 505 10
484 506 10
484 510 10
484 511 10
484 512 10
484 513 10
484 514 10
484 515 10
484 519 10
484 520 10
484 521 10
484 532 10
484 536 10
484 537 10
484 538 10
484 539 10
484 540 10
484 548 10
484 551 10
484 552 10
484 554 10
484 555 10
484 560 10
484 563 10
484 565 10
484 576 10
484 580 10
484 581 10
484 582 10
484 589 10
484 590 10
484 607 10
484 618 10
484 619 10
484 622 10
484 623 10
484 628 10
484 629 10
484 630 10
484 631 10
484 632 10
484 634 10
484 650 10
484 655 10
484 657 10
484 661 10
484 668 10
484 669 10
484 673 10
484 678 10
484 680 10
484 682 10
484 684 10
484 703 10
484 706 10
484 708 10
484 711 10
485 336 10
485 338 10
485 344 10
485 359 10
485 361 10
485 362 10
485 366 10
485 387 10
485 388 10
485 390 10
485 391 10
485 392 10
485 393 10
485 394 10
485 395 10
485 396 10
485 397 10
485 398 10
485 399 10
485 400 10
485 401 10
485 402 10
485 403 10
485 404 10
485 406 10
485 407 10
485 408 10
485 409 10
485 410 10
485 411 10
485 412 10
485 416 10
485 420 10
485 421 10
485 422 10
485 424 10
485 426 10
485 440 10
485 441 10
485 442 10
485 446 10
485 452 10
485 457 10
485 459 10
485 467 10
485 468 10
485 470 10
485 471 10
485 474 10
485 477 10
485 478 10
485 479 10
485 480 10
485 482 10
485 483 10
485 485 10
485 488 10
485 490 10
485 492 10
485 494 10
485 496 10
485 497 10
485 498 10
485 500 10
485 502 10
485 505 10
485 508 10
485 509 10
485 510 10
485 520 10
485 521 10
485 522 10
485 533 10
485 536 10
485 537 10
485 539 10
485 546 10
485 548 10
485 549 10
485 551 10
485 556 10
485 557 10
485 558 10
485 564 10
485 567 10
485 581 10
485 582 10
485 583 10
485 584 10
485 586 10
485 589 10
485 590 10
485 596 10
485 616 10
485 625 10
485 626 10
485 627 10
485 629 10
485 632 10
485 633 10
485 634 10
485 640 10
485 650 10
485 652 10
485 654 10
485 655 10
485 662 10
485 663 10
485 664 10
485 666 10
485 667 10
485 668 10
485 669 10
485 670 10
485 671 10
485 672 10
485 674 10
485 677 10
485 678 10
485 679 10
485 680 10
485 681 10
485 686 10
485 688 10
485 689 10
485 690 10
485 691 10
485 692 10
485 702 10
485 706 10
485 707 10
485 708 10
485 713 10
486 333 10
486 336 10
486 357 10
486 358 10
486 363 10
486 368 10
486 369 10
486 374 10
486 376 10
486 379 10
486 380 10
486 388 10
486 389 10
486 390 10
486 391 10
486 392 10
486 393 10
486 394 10
486 395 10
486 396 10
486 397 10
486 398 10
486 399 10
486 400 10
486 401 10
486 402 10
486 405 10
486 406 10
486 407 10
486 408 10
486 409 10
486 410 10
486 411 10
486 413 10
486 415 10
486 417 10
486 419 10
486 420 10
486 421 10
486 422 10
486 423 10
486 425 10
486 428 10
486 446 10
486 452 10
486 454 10
486 455 10
486 459 10
486 465 10
486 468 10
486 476 10
486 477 10
486 479 10
486 480 10
486 482 10
486 483 10
486 487 10
486 490 10
486 493 10
486 496 10
486 497 10
486 499 10
486 500 10
486 506 10
486 510 10
486 515 10
486 516 10
486 517 10
486 518 10
486 519 10
486 522 10
486 528 10
486 529 10
486 536 10
486 537 10
486 538 10
486 540 10
486 541 10
486 546 10
486 547 10
486 548 10
486 549 10
486 554 10
486 556 10
486 557 10
486 558 10
486 560 10
486 561 10
486 563 10
486 572 10
486 574 10
486 585 10
486 589 10
486 591 10
486 594 10
486 620 10
486 624 10
486 631 10
486 634 10
486 638 10
486 645 10
486 659 10
486 661 10
486 662 10
486 668 10
486 669 10
486 670 10
486 672 10
486 674 10
486 675 10
486 678 10
486 679 10
486 680 10
486 681 10
486 682 10
486 683 10
486 686 10
486 693 10
486 702 10
486 705 10
486 706 10
486 708 10
486 710 10
486 711 10
487 333 10
487 336 10
487 338 10
487 339 10
487 353 10
487 354 10
487 355 10
487 356 10
487 358 10
487 359 10
487 362 10
487 363 10
487 370 10
487 377 10
487 379 10
487 386 10
487 388 10
487 390 10
487 391 10
487 392 10
487 393 10
487 394 10
487 395 10
487 396 10
487 397 10
487 398 10
487 399 10
487 400 10
487 401 10
487 402 10
487 403 10
487 404 10
487 405 10
487 407 10
487 409 10
487 410 10
487 411 10
487 412 10
487 413 10
487 419 10
487 420 10
487 421 10
487 422 10
487 423 10
487 424 10
487 426 10
487 432 10
487 441 10
487 442 10
487 444 10
487 446 10
487 448 10
487 449 10
487 450 10
487 451 10
487 464 10
487 467 10
487 468 10
487 469 10
487 470 10
487 471 10
487 473 10
487 474 10
487 475 10
487 477 10
487 479 10
487 480 10
487 481 10
487 482 10
487 483 10
487 484 10
487 485 10
487 492 10
487 493 10
487 494 10
487 497 10
487 501 10
487 515 10
487 516 10
487 517 10
487 518 10
487 519 10
487 520 10
487 521 10
487 523 10
487 526 10
487 530 10
487 536 10
487 537 10
487 539 10
487 540 10
487 542 10
487 546 10
487 548 10
487 550 10
487 551 10
487 554 10
487 557 10
487 558 10
487 559 10
487 563 10
487 565 10
487 567 10
487 569 10
487 570 10
487 580 10
487 581 10
487 584 10
487 588 10
487 591 10
487 594 10
487 595 10
487 596 10
487 598 10
487 601 10
487 604 10
487 606 10
487 614 10
487 627 10
487 628 10
487 629 10
487 631 10
487 632 10
487 638 10
487 640 10
487 641 10
487 642 10
487 647 10
487 650 10
487 654 10
487 655 10
487 660 10
487 661 10
487 665 10
487 666 10
487 667 10
487 668 10
487 670 10
487 671 10
487 672 10
487 673 10
487 674 10
487 675 10
487 677 10
487 678 10
487 679 10
487 680 10
487 682 10
487 683 10
487 685 10
487 686 10
487 688 10
487 690 10
487 696 10
487 698 10
487 700 10
487 701 10
487 702 10
487 704 10
487 706 10
487 707 10
487 709 10
487 711 10
488 336 10
488 338 10
488 352 10
488 353 10
488 356 10
488 358 10
488 359 10
488 360 10
488 367 10
488 375 10
488 377 10
488 381 10
488 389 10
488 390 10
488 391 10
488 392 10
488 393 10
488 394 10
488 396 10
488 398 10
488 399 10
488 400 10
488 401 10
488 403 10
488 404 10
488 407 10
488 409 10
488 412 10
488 415 10
488 416 10
488 418 10
488 419 10
488 420 10
488 421 10
488 423 10
488 425 10
488 426 10
488 428 10
488 444 10
488 446 10
488 452 10
488 454 10
488 456 10
488 457 10
488 458 10
488 460 10
488 461 10
488 463 10
488 464 10
488 465 10
488 467 10
488 468 10
488 470 10
488 471 10
488 472 10
488 476 10
488 477 10
488 478 10
488 479 10
488 481 10
488 482 10
488 484 10
488 485 10
488 488 10
488 489 10
488 490 10
488 495 10
488 496 10
488 510 10
488 515 10
488 517 10
488 518 10
488 521 10
488 522 10
488 524 10
488 528 10
488 534 10
488 537 10
488 539 10
488 540 10
488 541 10
488 545 10
488 547 10
488 548 10
488 549 10
488 550 10
488 551 10
488 552 10
488 553 10
488 555 10
488 556 10
488 559 10
488 563 10
488 564 10
488 565 10
488 566 10
488 567 10
488 568 10
488 572 10
488 575 10
488 583 10
488 584 10
488 586 10
488 587 10
488 588 10
488 599 10
488 600 10
488 614 10
488 624 10
488 633 10
488 637 10
488 640 10
488 642 10
488 643 10
488 645 10
488 646 10
488 649 10
488 650 10
488 651 10
488 652 10
488 656 10
488 665 10
488 671 10
488 673 10
488 675 10
488 676 10
488 677 10
488 679 10
488 680 10
488 682 10
488 683 10
488 684 10
488 685 10
488 687 10
488 695 10
488 709 10
488 716 10
489 339 10
489 340 10
489 345 10
489 354 10
489 355 10
489 356 10
489 357 10
489 358 10
489 361 10
489 367 10
489 368 10
489 369 10
489 377 10
489 379 10
489 382 10
489 391 10
489 392 10
489 393 10
489 394 10
489 395 10
489 396 10
489 397 10
489 398 10
489 399 10
489 400 10
489 401 10
489 403 10
489 405 10
489 407 10
489 408 10
489 409 10
489 410 10
489 411 10
489 412 10
489 413 10
489 414 10
489 416 10
489 417 10
489 420 10
489 421 10
489 423 10
489 430 10
489 435 10
489 440 10
489 441 10
489 452 10
489 453 10
489 455 10
489 459 10
489 460 10
489 463 10
489 464 10
489 466 10
489 467 10
489 468 10
489 471 10
489 473 10
489 474 10
489 475 10
489 476 10
489 478 10
489 480 10
489 481 10
489 482 10
489 483 10
489 487 10
489 491 10
489 495 10
489 496 10
489 498 10
489 499 10
489 508 10
489 510 10
489 511 10
489 512 10
489 516 10
489 517 10
489 518 10
489 519 10
489 520 10
489 521 10
489 523 10
489 524 10
489 528 10
489 531 10
489 536 10
489 538 10
489 539 10
489 540 10
489 546 10
489 548 10
489 549 10
489 550 10
489 551 10
489 552 10
489 553 10
489 557 10
489 558 10
489 560 10
489 561 10
489 563 10
489 564 10
489 565 10
489 567 10
489 574 10
489 577 10
489 582 10
489 585 10
489 587 10
489 592 10
489 593 10
489 594 10
489 595 10
489 597 10
489 598 10
489 600 10
489 601 10
489 602 10
489 607 10
489 611 10
489 613 10
489 614 10
489 615 10
489 617 10
489 619 10
489 620 10
489 622 10
489 625 10
489 626 10
489 627 10
489 633 10
489 637 10
489 639 10
489 641 10
489 643 10
489 646 10
489 647 10
489 648 10
489 649 10
489 650 10
489 652 10
489 654 10
489 657 10
489 663 10
489 665 10
489 669 10
489 670 10
489 671 10
489 673 10
489 674 10
489 675 10
489 678 10
489 679 10
489 680 10
489 681 10
489 682 10
489 684 10
489 689 10
489 698 10
489 700 10
489 705 10
489 706 10
489 707 10
489 709 10
489 712 10
489 718 10
489 719 10
490 337 10
490 339 10
490 341 10
490 342 10
490 348 10
490 350 10
490 351 10
490 352 10
490 353 10
490 355 10
490 357 10
490 358 10
490 361 10
490 363 10
490 364 10
490 365 10
490 377 10
490 382 10
490 383 10
490 387 10
490 388 10
490 390 10
490 391 10
490 392 10
490 393 10
490 394 10
490 395 10
490 396 10
490 397 10
490 398 10
490 399 10
490 400 10
490 401 10
490 402 10
490 403 10
490 405 10
490 410 10
490 416 10
490 417 10
490 420 10
490 422 10
490 425 10
490 426 10
490 434 10
490 436 10
490 452 10
490 453 10
490 455 10
490 457 10
490 459 10
490 460 10
490 461 10
490 463 10
490 464 10
490 465 10
490 466 10
490 473 10
490 474 10
490 477 10
490 478 10
490 479 10
490 481 10
490 482 10
490 484 10
490 487 10
490 488 10
490 489 10
490 490 10
490 493 10
490 494 10
490 501 10
490 505 10
490 509 10
490 513 10
490 515 10
490 517 10
490 518 10
490 519 10
490 522 10
490 529 10
490 530 10
490 531 10
490 532 10
490 545 10
490 546 10
490 547 10
490 551 10
490 553 10
490 555 10
490 556 10
490 557 10
490 558 10
490 560 10
490 566 10
490 567 10
490 569 10
490 579 10
490 584 10
490 585 10
490 588 10
490 593 10
490 599 10
490 600 10
490 601 10
490 604 10
490 611 10
490 614 10
490 616 10
490 617 10
490 618 10
490 619 10
490 620 10
490 621 10
490 625 10
490 626 10
490 628 10
490 629 10
490 631 10
490 633 10
490 636 10
490 641 10
490 644 10
490 646 10
490 647 10
490 648 10
490 657 10
490 659 10
490 662 10
490 665 10
490 666 10
490 669 10
490 670 10
490 672 10
490 675 10
490 676 10
490 678 10
490 679 10
490 681 10
490 683 10
490 685 10
490 687 10
490 688 10
490 691 10
490 694 10
490 701 10
490 702 10
490 703 10
490 707 10
490 708 10
490 714 10
490 716 10
491 339 10
491 342 10
491 343 10
491 345 10
491 346 10
491 348 10
491 350 10
491 351 10
491 352 10
491 355 10
491 357 10
491 359 10
491 361 10
491 362 10
491 363 10
491 364 10
491 366 10
491 368 10
491 379 10
491 383 10
491 384 10
491 391 10
491 392 10
491 393 10
491 394 10
491 395 10
491 397 10
491 398 10
491 402 10
491 403 10
491 404 10
491 408 10
491 409 10
491 410 10
491 420 10
491 421 10
491 422 10
491 423 10
491 424 10
491 438 10
491 441 10
491 449 10
491 451 10
491 455 10
491 456 10
491 457 10
491 460 10
491 461 10
491 464 10
491 465 10
491 468 10
491 471 10
491 474 10
491 475 10
491 476 10
491 479 10
491 481 10
491 482 10
491 483 10
491 484 10
491 485 10
491 486 10
491 488 10
491 497 10
491 498 10
491 499 10
491 504 10
491 509 10
491 510 10
491 511 10
491 512 10
491 518 10
491 520 10
491 521 10
491 523 10
491 525 10
491 528 10
491 531 10
491 532 10
491 533 10
491 534 10
491 535 10
491 537 10
491 539 10
491 541 10
491 542 10
491 546 10
491 551 10
491 552 10
491 559 10
491 565 10
491 566 10
491 567 10
491 572 10
491 576 10
491 577 10
491 584 10
491 585 10
491 586 10
491 602 10
491 603 10
491 606 10
491 611 10
491 613 10
491 615 10
491 616 10
491 618 10
491 619 10
491 620 10
491 622 10
491 623 10
491 628 10
491 629 10
491 632 10
491 638 10
491 641 10
491 644 10
491 646 10
491 648 10
491 649 10
491 650 10
491 652 10
491 653 10
491 657 10
491 659 10
491 660 10
491 662 10
491 663 10
491 664 10
491 666 10
491 668 10
491 670 10
491 671 10
491 672 10
491 673 10
491 674 10
491 675 10
491 676 10
491 677 10
491 678 10
491 679 10
491 690 10
491 701 10
491 711 10
491 720 10
492 337 10
492 340 10
492 350 10
492 353 10
492 356 10
492 357 10
492 359 10
492 360 10
492 361 10
492 362 10
492 365 10
492 382 10
492 384 10
492 386 10
492 388 10
492 389 10
492 390 10
492 391 10
492 392 10
492 393 10
492 394 10
492 395 10
492 396 10
492 398 10
492 399 10
492 400 10
492 407 10
492 415 10
492 417 10
492 419 10
492 421 10
492 423 10
492 424 10
492 425 10
492 427 10
492 428 10
492 434 10
492 435 10
492 436 10
492 450 10
492 458 10
492 459 10
492 462 10
492 465 10
492 467 10
492 473 10
492 474 10
492 477 10
492 479 10
492 480 10
492 483 10
492 485 10
492 486 10
492 489 10
492 492 10
492 495 10
492 497 10
492 499 10
492 501 10
492 505 10
492 509 10
492 511 10
492 512 10
492 513 10
492 514 10
492 515 10
492 520 10
492 531 10
492 533 10
492 535 10
492 536 10
492 537 10
492 538 10
492 541 10
492 542 10
492 543 10
492 547 10
492 548 10
492 549 10
492 551 10
492 555 10
492 556 10
492 558 10
492 559 10
492 561 10
492 563 10
492 578 10
492 583 10
492 592 10
492 599 10
492 602 10
492 611 10
492 612 10
492 614 10
492 616 10
492 618 10
492 620 10
492 621 10
492 635 10
492 645 10
492 646 10
492 648 10
492 657 10
492 658 10
492 662 10
492 665 10
492 666 10
492 668 10
492 669 10
492 670 10
492 671 10
492 674 10
492 676 10
492 678 10
492 679 10
492 683 10
492 693 10
492 694 10
492 699 10
492 711 10
492 718 10
493 339 10
493 342 10
493 343 10
493 346 10
493 347 10
493 355 10
493 358 10
493 359 10
493 361 10
493 362 10
493 363 10
493 364 10
493 368 10
493 369 10
493 370 10
493 380 10
493 381 10
493 384 10
493 388 10
493 390 10
493 391 10
493 392 10
493 393 10
493 394 10
493 395 10
493 396 10
493 397 10
493 398 10
493 400 10
493 401 10
493 402 10
493 403 10
493 404 10
493 405 10
493 407 10
493 409 10
493 410 10
493 411 10
493 414 10
493 416 10
493 420 10
493 421 10
493 422 10
493 423 10
493 458 10
493 459 10
493 460 10
493 463 10
493 464 10
493 465 10
493 466 10
493 468 10
493 474 10
493 481 10
493 482 10
493 483 10
493 486 10
493 487 10
493 488 10
493 490 10
493 491 10
493 495 10
493 497 10
493 504 10
493 506 10
493 507 10
493 508 10
493 509 10
493 510 10
493 511 10
493 512 10
493 513 10
493 514 10
493 515 10
493 522 10
493 523 10
493 524 10
493 525 10
493 527 10
493 530 10
493 537 10
493 540 10
493 541 10
493 543 10
493 544 10
493 545 10
493 546 10
493 547 10
493 548 10
493 549 10
493 550 10
493 553 10
493 557 10
493 561 10
493 569 10
493 576 10
493 579 10
493 583 10
493 585 10
493 587 10
493 588 10
493 601 10
493 602 10
493 604 10
493 606 10
493 607 10
493 614 10
493 617 10
493 619 10
493 620 10
493 621 10
493 622 10
493 633 10
493 634 10
493 638 10
493 639 10
493 640 10
493 641 10
493 650 10
493 651 10
493 652 10
493 653 10
493 655 10
493 658 10
493 660 10
493 662 10
493 664 10
493 669 10
493 671 10
493 672 10
493 674 10
493 676 10
493 678 10
493 679 10
493 681 10
493 684 10
493 694 10
493 700 10
493 701 10
493 708 10
493 712 10
493 713 10
493 714 10
494 345 10
494 351 10
494 355 10
494 356 10
494 357 10
494 360 10
494 362 10
494 364 10
494 365 10
494 376 10
494 378 10
494 379 10
494 382 10
494 386 10
494 390 10
494 391 10
494 392 10
494 393 10
494 394 10
494 395 10
494 396 10
494 397 10
494 399 10
494 409 10
494 411 10
494 412 10
494 414 10
494 419 10
494 422 10
494 423 10
494 424 10
494 447 10
494 449 10
494 450 10
494 451 10
494 453 10
494 454 10
494 460 10
494 464 10
494 465 10
494 468 10
494 470 10
494 472 10
494 475 10
494 477 10
494 479 10
494 481 10
494 483 10
494 486 10
494 488 10
494 492 10
494 497 10
494 499 10
494 501 10
494 503 10
494 504 10
494 505 10
494 507 10
494 508 10
494 512 10
494 515 10
494 519 10
494 520 10
494 521 10
494 525 10
494 526 10
494 536 10
494 538 10
494 542 10
494 543 10
494 544 10
494 545 10
494 546 10
494 547 10
494 548 10
494 549 10
494 551 10
494 555 10
494 557 10
494 558 10
494 561 10
494 565 10
494 569 10
494 570 10
494 576 10
494 577 10
494 581 10
494 583 10
494 586 10
494 589 10
494 591 10
494 600 10
494 603 10
494 604 10
494 609 10
494 612 10
494 613 10
494 616 10
494 617 10
494 618 10
494 621 10
494 622 10
494 623 10
494 625 10
494 638 10
494 645 10
494 646 10
494 647 10
494 650 10
494 652 10
494 658 10
494 659 10
494 660 10
494 661 10
494 662 10
494 665 10
494 668 10
494 670 10
494 671 10
494 672 10
494 673 10
494 674 10
494 675 10
494 676 10
494 677 10
494 681 10
494 683 10
494 692 10
494 693 10
494 694 10
494 699 10
494 701 10
494 705 10
494 708 10
494 713 10
494 719 10
495 340 10
495 343 10
495 344 10
495 348 10
495 350 10
495 355 10
495 357 10
495 358 10
495 360 10
495 363 10
495 364 10
495 368 10
495 369 10
495 379 10
495 381 10
495 382 10
495 383 10
495 384 10
495 385 10
495 387 10
495 388 10
495 389 10
495 391 10
495 392 10
495 393 10
495 394 10
495 395 10
495 396 10
495 398 10
495 402 10
495 405 10
495 411 10
495 412 10
495 415 10
495 417 10
495 418 10
495 420 10
495 421 10
495 422 10
495 424 10
495 445 10
495 453 10
495 458 10
495 459 10
495 460 10
495 462 10
495 463 10
495 468 10
495 469 10
495 470 10
495 471 10
495 474 10
495 478 10
495 480 10
495 481 10
495 482 10
495 483 10
495 484 10
495 488 10
495 492 10
495 493 10
495 497 10
495 499 10
495 502 10
495 507 10
495 510 10
495 511 10
495 512 10
495 514 10
495 515 10
495 516 10
495 518 10
495 520 10
495 524 10
495 527 10
495 529 10
495 530 10
495 536 10
495 538 10
495 539 10
495 542 10
495 543 10
495 544 10
495 548 10
495 550 10
495 551 10
495 553 10
495 555 10
495 557 10
495 558 10
495 559 10
495 580 10
495 582 10
495 584 10
495 587 10
495 593 10
495 600 10
495 602 10
495 603 10
495 605 10
495 606 10
495 607 10
495 608 10
495 610 10
495 611 10
495 615 10
495 616 10
495 617 10
495 618 10
495 619 10
495 620 10
495 621 10
495 625 10
495 632 10
495 633 10
495 634 10
495 637 10
495 639 10
495 648 10
495 649 10
495 650 10
495 651 10
495 657 10
495 658 10
495 660 10
495 664 10
495 668 10
495 671 10
495 673 10
495 675 10
495 676 10
495 677 10
495 679 10
495 680 10
495 681 10
495 695 10
495 697 10
495 699 10
495 701 10
495 716 10
496 339 10
496 342 10
496 346 10
496 356 10
496 362 10
496 365 10
496 366 10
496 367 10
496 377 10
496 381 10
496 383 10
496 384 10
496 389 10
496 390 10
496 394 10
496 395 10
496 396 10
496 397 10
496 399 10
496 408 10
496 411 10
496 412 10
496 413 10
496 417 10
496 419 10
496 444 10
496 446 10
496 448 10
496 449 10
496 450 10
496 452 10
496 453 10
496 460 10
496 461 10
496 463 10
496 464 10
496 465 10
496 468 10
496 474 10
496 476 10
496 483 10
496 487 10
496 489 10
496 490 10
496 492 10
496 496 10
496 499 10
496 500 10
496 501 10
496 505 10
496 508 10
496 510 10
496 512 10
496 513 10
496 515 10
496 516 10
496 517 10
496 523 10
496 524 10
496 526 10
496 528 10
496 530 10
496 533 10
496 538 10
496 540 10
496 541 10
496 542 10
496 543 10
496 545 10
496 547 10
496 548 10
496 551 10
496 552 10
496 554 10
496 555 10
496 556 10
496 558 10
496 560 10
496 561 10
496 566 10
496 569 10
496 571 10
496 579 10
496 582 10
496 583 10
496 584 10
496 585 10
496 587 10
496 590 10
496 608 10
496 611 10
496 613 10
496 618 10
496 619 10
496 620 10
496 623 10
496 625 10
496 637 10
496 638 10
496 640 10
496 641 10
496 644 10
496 645 10
496 647 10
496 650 10
496 652 10
496 659 10
496 660 10
496 661 10
496 663 10
496 665 10
496 666 10
496 667 10
496 669 10
496 671 10
496 673 10
496 674 10
496 675 10
496 676 10
496 677 10
496 683 10
496 693 10
496 708 10
497 337 10
497 339 10
497 358 10
497 359 10
497 361 10
497 363 10
497 368 10
497 369 10
497 370 10
497 371 10
497 373 10
497 380 10
497 382 10
497 384 10
497 388 10
497 392 10
497 393 10
497 394 10
497 395 10
497 396 10
497 397 10
497 398 10
497 401 10
497 405 10
497 406 10
497 407 10
497 408 10
497 409 10
497 410 10
497 412 10
497 413 10
497 414 10
497 415 10
497 419 10
497 421 10
497 423 10
497 424 10
497 426 10
497 438 10
497 441 10
497 445 10
497 450 10
497 452 10
497 458 10
497 460 10
497 461 10
497 462 10
497 465 10
497 469 10
497 471 10
497 479 10
497 481 10
497 482 10
497 484 10
497 490 10
497 491 10
497 492 10
497 496 10
497 498 10
497 499 10
497 500 10
497 512 10
497 513 10
497 514 10
497 518 10
497 520 10
497 528 10
497 530 10
497 532 10
497 540 10
497 543 10
497 547 10
497 551 10
497 552 10
497 553 10
497 554 10
497 555 10
497 556 10
497 557 10
497 563 10
497 568 10
497 572 10
497 574 10
497 580 10
497 581 10
497 583 10
497 584 10
497 585 10
497 586 10
497 593 10
497 594 10
497 596 10
497 599 10
497 600 10
497 603 10
497 606 10
497 607 10
497 611 10
497 613 10
497 614 10
497 615 10
497 616 10
497 618 10
497 619 10
497 620 10
497 622 10
497 627 10
497 633 10
497 640 10
497 641 10
497 645 10
497 646 10
497 647 10
497 650 10
497 651 10
497 652 10
497 653 10
497 656 10
497 658 10
497 661 10
497 663 10
497 664 10
497 670 10
497 672 10
497 674 10
497 675 10
497 676 10
497 678 10
497 680 10
497 682 10
497 697 10
497 699 10
497 700 10
497 701 10
497 708 10
498 334 10
498 335 10
498 337 10
498 349 10
498 361 10
498 363 10
498 364 10
498 365 10
498 366 10
498 367 10
498 368 10
498 369 10
498 370 10
498 371 10
498 373 10
498 374 10
498 376 10
498 377 10
498 380 10
498 382 10
498 383 10
498 388 10
498 390 10
498 391 10
498 393 10
498 394 10
498 395 10
498 396 10
498 397 10
498 398 10
498 400 10
498 406 10
498 413 10
498 414 10
498 421 10
498 424 10
498 425 10
498 437 10
498 439 10
498 446 10
498 447 10
498 448 10
498 449 10
498 450 10
498 451 10
498 454 10
498 455 10
498 457 10
498 458 10
498 460 10
498 461 10
498 462 10
498 463 10
498 464 10
498 465 10
498 469 10
498 471 10
498 473 10
498 475 10
498 477 10
498 478 10
498 486 10
498 487 10
498 490 10
498 495 10
498 496 10
498 498 10
498 499 10
498 503 10
498 511 10
498 512 10
498 513 10
498 515 10
498 516 10
498 518 10
498 522 10
498 524 10
498 525 10
498 527 10
498 529 10
498 532 10
498 534 10
498 535 10
498 537 10
498 543 10
498 544 10
498 545 10
498 546 10
498 548 10
498 549 10
498 550 10
498 553 10
498 554 10
498 555 10
498 557 10
498 558 10
498 559 10
498 560 10
498 561 10
498 563 10
498 565 10
498 570 10
498 572 10
498 574 10
498 578 10
498 579 10
498 582 10
498 583 10
498 584 10
498 593 10
498 595 10
498 603 10
498 605 10
498 610 10
498 612 10
498 618 10
498 620 10
498 623 10
498 624 10
498 636 10
498 637 10
498 640 10
498 643 10
498 646 10
498 651 10
498 657 10
498 661 10
498 662 10
498 663 10
498 665 10
498 666 10
498 673 10
498 674 10
498 675 10
498 678 10
498 691 10
498 693 10
498 699 10
499 334 10
499 358 10
499 360 10
499 361 10
499 362 10
499 363 10
499 364 10
499 365 10
499 367 10
499 368 10
499 369 10
499 371 10
499 372 10
499 374 10
499 375 10
499 377 10
499 378 10
499 379 10
499 380 10
499 381 10
499 382 10
499 386 10
499 392 10
499 394 10
499 395 10
499 399 10
499 408 10
499 409 10
499 411 10
499 413 10
499 416 10
499 420 10
499 423 10
499 432 10
499 435 10
499 437 10
499 438 10
499 440 10
499 441 10
499 443 10
499 444 10
499 445 10
499 447 10
499 448 10
499 450 10
499 451 10
499 455 10
499 458 10
499 460 10
499 461 10
499 462 10
499 463 10
499 464 10
499 465 10
499 467 10
499 470 10
499 479 10
499 483 10
499 484 10
499 485 10
499 487 10
499 488 10
499 492 10
499 493 10
499 497 10
499 498 10
499 501 10
499 503 10
499 505 10
499 515 10
499 516 10
499 521 10
499 523 10
499 524 10
499 530 10
499 531 10
499 532 10
499 533 10
499 535 10
499 536 10
499 537 10
499 539 10
499 541 10
499 547 10
499 552 10
499 553 10
499 554 10
499 555 10
499 556 10
499 557 10
499 558 10
499 559 10
499 564 10
499 567 10
499 572 10
499 577 10
499 578 10
499 583 10
499 587 10
499 588 10
499 590 10
499 592 10
499 593 10
499 595 10
499 597 10
499 599 10
499 601 10
499 602 10
499 610 10
499 611 10
499 612 10
499 613 10
499 616 10
499 617 10
499 618 10
499 620 10
499 624 10
499 627 10
499 629 10
499 637 10
499 639 10
499 640 10
499 641 10
499 642 10
499 649 10
499 651 10
499 661 10
499 662 10
499 665 10
499 667 10
499 671 10
499 672 10
499 673 10
499 674 10
499 676 10
499 681 10
499 691 10
499 699 10
499 700 10
499 717 10
499 719 10
500 335 10
500 336 10
500 337 10
500 339 10
500 340 10
500 350 10
500 353 10
500 362 10
500 363 10
500 365 10
500 368 10
500 369 10
500 370 10
500 371 10
500 373 10
500 374 10
500 376 10
500 377 10
500 378 10
500 379 10
500 391 10
500 393 10
500 394 10
500 395 10
500 396 10
500 397 10
500 398 10
500 400 10
500 402 10
500 410 10
500 421 10
500 426 10
500 432 10
500 435 10
500 437 10
500 439 10
500 440 10
500 444 10
500 445 10
500 446 10
500 448 10
500 449 10
500 450 10
500 451 10
500 458 10
500 459 10
500 460 10
500 462 10
500 463 10
500 465 10
500 467 10
500 469 10
500 472 10
500 474 10
500 477 10
500 482 10
500 485 10
500 489 10
500 495 10
500 496 10
500 498 10
500 499 10
500 500 10
500 503 10
500 504 10
500 507 10
500 511 10
500 512 10
500 513 10
500 514 10
500 515 10
500 517 10
500 520 10
500 523 10
500 526 10
500 527 10
500 530 10
500 533 10
500 534 10
500 537 10
500 542 10
500 544 10
500 547 10
500 551 10
500 552 10
500 553 10
500 555 10
500 556 10
500 557 10
500 559 10
500 566 10
500 567 10
500 569 10
500 572 10
500 574 10
500 575 10
500 580 10
500 581 10
500 583 10
500 584 10
500 586 10
500 592 10
500 601 10
500 603 10
500 605 10
500 610 10
500 613 10
500 618 10
500 619 10
500 621 10
500 623 10
500 631 10
500 633 10
500 635 10
500 636 10
500 638 10
500 639 10
500 640 10
500 641 10
500 642 10
500 643 10
500 644 10
500 645 10
500 646 10
500 647 10
500 649 10
500 651 10
500 653 10
500 655 10
500 659 10
500 660 10
500 662 10
500 665 10
500 666 10
500 667 10
500 668 10
500 671 10
500 672 10
500 673 10
500 674 10
500 675 10
500 676 10
500 680 10
500 681 10
500 694 10
500 715 10
500 721 10
501 325 10
501 326 10
501 332 10
501 337 10
501 338 10
501 346 10
501 347 10
501 348 10
501 349 10
501 358 10
501 360 10
501 361 10
501 364 10
501 365 10
501 368 10
501 372 10
501 373 10
501 375 10
501 394 10
501 396 10
501 398 10
501 409 10
501 414 10
501 415 10
501 418 10
501 419 10
501 423 10
501 437 10
501 438 10
501 441 10
501 444 10
501 445 10
501 446 10
501 448 10
501 449 10
501 450 10
501 456 10
501 460 10
501 461 10
501 462 10
501 466 10
501 469 10
501 471 10
501 472 10
501 482 10
501 484 10
501 489 10
501 490 10
501 493 10
501 494 10
501 495 10
501 502 10
501 503 10
501 504 10
501 509 10
501 513 10
501 515 10
501 517 10
501 518 10
501 520 10
501 523 10
501 525 10
501 527 10
501 530 10
501 531 10
501 532 10
501 535 10
501 536 10
501 538 10
501 539 10
501 540 10
501 542 10
501 544 10
501 546 10
501 550 10
501 551 10
501 552 10
501 553 10
501 554 10
501 555 10
501 556 10
501 559 10
501 560 10
501 564 10
501 568 10
501 573 10
501 577 10
501 579 10
501 582 10
501 586 10
501 588 10
501 589 10
501 592 10
501 593 10
501 601 10
501 603 10
501 604 10
501 607 10
501 608 10
501 610 10
501 613 10
501 614 10
501 615 10
501 617 10
501 624 10
501 632 10
501 633 10
501 637 10
501 639 10
501 640 10
501 641 10
501 642 10
501 643 10
501 644 10
501 647 10
501 651 10
501 652 10
501 663 10
501 664 10
501 668 10
501 669 10
501 670 10
501 672 10
501 674 10
501 682 10
501 693 10
501 715 10
501 719 10
502 322 10
502 331 10
502 336 10
502 337 10
502 338 10
502 341 10
502 343 10
502 344 10
502 346 10
502 348 10
502 349 10
502 354 10
502 357 10
502 361 10
502 363 10
502 364 10
502 368 10
502 369 10
502 370 10
502 371 10
502 375 10
502 376 10
502 378 10
502 379 10
502 381 10
502 382 10
502 386 10
502 393 10
502 395 10
502 396 10
502 410 10
502 412 10
502 413 10
502 417 10
502 433 10
502 434 10
502 438 10
502 442 10
502 443 10
502 447 10
502 448 10
502 449 10
502 457 10
502 463 10
502 466 10
502 469 10
502 472 10
502 475 10
502 486 10
502 488 10
502 491 10
502 493 10
502 496 10
502 497 10
502 498 10
502 499 10
502 501 10
502 502 10
502 503 10
502 504 10
502 505 10
502 506 10
502 508 10
502 511 10
502 512 10
502 514 10
502 515 10
502 516 10
502 519 10
502 521 10
502 523 10
502 524 10
502 529 10
502 533 10
502 538 10
502 541 10
502 546 10
502 550 10
502 551 10
502 552 10
502 553 10
502 555 10
502 558 10
502 562 10
502 564 10
502 565 10
502 570 10
502 571 10
502 573 10
502 576 10
502 577 10
502 580 10
502 581 10
502 584 10
502 585 10
502 586 10
502 590 10
502 593 10
502 596 10
502 601 10
502 602 10
502 607 10
502 611 10
502 615 10
502 619 10
502 621 10
502 623 10
502 627 10
502 629 10
502 630 10
502 632 10
502 634 10
502 636 10
502 639 10
502 640 10
502 641 10
502 642 10
502 643 10
502 645 10
502 648 10
502 661 10
502 663 10
502 666 10
502 667 10
502 669 10
502 671 10
502 692 10
502 713 10
502 714 10
502 716 10
502 718 10
502 720 10
502 721 10
503 322 10
503 331 10
503 333 10
503 336 10
503 337 10
503 338 10
503 346 10
503 347 10
503 357 10
503 358 10
503 359 10
503 360 10
503 361 10
503 364 10
503 365 10
503 366 10
503 367 10
503 369 10
503 372 10
503 373 10
503 374 10
503 375 10
503 376 10
503 377 10
503 378 10
503 391 10
503 394 10
503 396 10
503 399 10
503 400 10
503 409 10
503 410 10
503 412 10
503 414 10
503 416 10
503 434 10
503 435 10
503 436 10
503 439 10
503 440 10
503 441 10
503 442 10
503 444 10
503 465 10
503 467 10
503 468 10
503 469 10
503 470 10
503 471 10
503 488 10
503 490 10
503 503 10
503 506 10
503 507 10
503 508 10
503 509 10
503 510 10
503 514 10
503 516 10
503 530 10
503 534 10
503 536 10
503 539 10
503 541 10
503 542 10
503 547 10
503 550 10
503 551 10
503 552 10
503 553 10
503 556 10
503 557 10
503 561 10
503 564 10
503 568 10
503 571 10
503 581 10
503 583 10
503 585 10
503 587 10
503 600 10
503 610 10
503 612 10
503 613 10
503 614 10
503 617 10
503 619 10
503 620 10
503 621 10
503 623 10
503 625 10
503 627 10
503 628 10
503 630 10
503 634 10
503 635 10
503 638 10
503 639 10
503 640 10
503 642 10
503 646 10
503 650 10
503 651 10
503 658 10
503 662 10
503 664 10
503 665 10
503 666 10
503 667 10
503 670 10
503 673 10
503 677 10
503 679 10
503 687 10
503 714 10
503 722 10
504 332 10
504 334 10
504 337 10
504 342 10
504 344 10
504 345 10
504 347 10
504 349 10
504 353 10
504 355 10
504 359 10
504 360 10
504 363 10
504 364 10
504 365 10
504 368 10
504 369 10
504 370 10
504 371 10
504 373 10
504 375 10
504 376 10
504 377 10
504 379 10
504 380 10
504 384 10
504 385 10
504 386 10
504 392 10
504 393 10
504 394 10
504 397 10
504 399 10
504 400 10
504 401 10
504 402 10
504 406 10
504 411 10
504 415 10
504 417 10
504 419 10
504 427 10
504 434 10
504 436 10
504 438 10
504 440 10
504 441 10
504 442 10
504 443 10
504 445 10
504 447 10
504 449 10
504 463 10
504 465 10
504 467 10
504 493 10
504 496 10
504 499 10
504 501 10
504 502 10
504 503 10
504 505 10
504 506 10
504 508 10
504 510 10
504 511 10
504 512 10
504 513 10
504 515 10
504 516 10
504 525 10
504 526 10
504 528 10
504 530 10
504 532 10
504 534 10
504 536 10
504 537 10
504 547 10
504 552 10
504 553 10
504 554 10
504 557 10
504 559 10
504 560 10
504 564 10
504 566 10
504 570 10
504 571 10
504 572 10
504 574 10
504 577 10
504 579 10
504 581 10
504 582 10
504 583 10
504 586 10
504 598 10
504 599 10
504 610 10
504 613 10
504 614 10
504 617 10
504 622 10
504 627 10
504 628 10
504 629 10
504 632 10
504 633 10
504 634 10
504 635 10
504 638 10
504 640 10
504 641 10
504 642 10
504 645 10
504 647 10
504 649 10
504 650 10
504 655 10
504 662 10
504 663 10
504 664 10
504 665 10
504 666 10
504 667 10
504 668 10
504 675 10
504 679 10
504 701 10
504 714 10
504 720 10
504 722 10
505 321 10
505 323 10
505 330 10
505 339 10
505 341 10
505 343 10
505 344 10
505 347 10
505 348 10
505 349 10
505 350 10
505 351 10
505 352 10
505 358 10
505 359 10
505 360 10
505 361 10
505 362 10
505 363 10
505 365 10
505 366 10
505 371 10
505 372 10
505 374 10
505 375 10
505 376 10
505 377 10
505 380 10
505 381 10
505 393 10
505 397 10
505 398 10
505 399 10
505 400 10
505 409 10
505 416 10
505 417 10
505 418 10
505 419 10
505 425 10
505 435 10
505 438 10
505 439 10
505 440 10
505 441 10
505 442 10
505 443 10
505 445 10
505 449 10
505 452 10
505 463 10
505 467 10
505 469 10
505 470 10
505 471 10
505 472 10
505 483 10
505 489 10
505 490 10
505 491 10
505 492 10
505 500 10
505 506 10
505 508 10
505 510 10
505 512 10
505 513 10
505 514 10
505 515 10
505 528 10
505 533 10
505 534 10
505 539 10
505 541 10
505 542 10
505 544 10
505 548 10
505 549 10
505 553 10
505 555 10
505 559 10
505 566 10
505 568 10
505 572 10
505 574 10
505 575 10
505 579 10
505 581 10
505 584 10
505 594 10
505 599 10
505 602 10
505 603 10
505 604 10
505 611 10
505 613 10
505 614 10
505 615 10
505 624 10
505 625 10
505 626 10
505 629 10
505 630 10
505 632 10
505 633 10
505 635 10
505 637 10
505 638 10
505 639 10
505 640 10
505 642 10
505 643 10
505 644 10
505 655 10
505 656 10
505 660 10
505 661 10
505 662 10
505 664 10
505 665 10
505 666 10
505 667 10
505 668 10
505 669 10
505 670 10
505 672 10
505 673 10
505 686 10
505 688 10
505 691 10
505 715 10
506 318 10
506 328 10
506 332 10
506 337 10
506 338 10
506 345 10
506 352 10
506 360 10
506 362 10
506 363 10
506 365 10
506 368 10
506 370 10
506 372 10
506 373 10
506 374 10
506 375 10
506 377 10
506 380 10
506 394 10
506 398 10
506 400 10
506 403 10
506 416 10
506 420 10
506 421 10
506 425 10
506 427 10
506 432 10
506 435 10
506 437 10
506 438 10
506 439 10
506 441 10
506 444 10
506 462 10
506 464 10
506 483 10
506 487 10
506 488 10
506 492 10
506 501 10
506 502 10
506 506 10
506 507 10
506 508 10
506 509 10
506 511 10
506 512 10
506 513 10
506 530 10
506 531 10
506 542 10
506 545 10
506 546 10
506 551 10
506 552 10
506 553 10
506 554 10
506 557 10
506 559 10
506 560 10
506 562 10
506 564 10
506 565 10
506 569 10
506 570 10
506 573 10
506 574 10
506 576 10
506 577 10
506 578 10
506 580 10
506 581 10
506 583 10
506 585 10
506 587 10
506 595 10
506 598 10
506 601 10
506 604 10
506 606 10
506 612 10
506 613 10
506 614 10
506 615 10
506 616 10
506 619 10
506 627 10
506 629 10
506 631 10
506 632 10
506 634 10
506 635 10
506 636 10
506 637 10
506 638 10
506 642 10
506 660 10
506 662 10
506 663 10
506 664 10
506 665 10
506 666 10
506 668 10
506 669 10
506 672 10
506 678 10
506 685 10
506 689 10
506 692 10
506 693 10
506 694 10
506 695 10
506 704 10
506 706 10
506 712 10
506 713 10
506 715 10
506 720 10
507 328 10
507 343 10
507 345 10
507 350 10
507 352 10
507 358 10
507 361 10
507 362 10
507 364 10
507 365 10
507 367 10
507 368 10
507 369 10
507 371 10
507 372 10
507 375 10
507 376 10
507 392 10
507 395 10
507 397 10
507 398 10
507 413 10
507 415 10
507 421 10
507 423 10
507 434 10
507 435 10
507 436 10
507 439 10
507 441 10
507 442 10
507 443 10
507 445 10
507 450 10
507 461 10
507 463 10
507 464 10
507 466 10
507 470 10
507 473 10
507 491 10
507 492 10
507 504 10
507 506 10
507 507 10
507 510 10
507 513 10
507 514 10
507 525 10
507 527 10
507 528 10
507 530 10
507 531 10
507 534 10
507 538 10
507 542 10
507 543 10
507 544 10
507 545 10
507 548 10
507 549 10
507 557 10
507 558 10
507 562 10
507 566 10
507 568 10
507 572 10
507 573 10
507 574 10
507 575 10
507 581 10
507 582 10
507 583 10
507 584 10
507 589 10
507 592 10
507 595 10
507 602 10
507 604 10
507 607 10
507 609 10
507 615 10
507 623 10
507 627 10
507 629 10
507 632 10
507 633 10
507 634 10
507 636 10
507 637 10
507 639 10
507 640 10
507 642 10
507 653 10
507 655 10
507 664 10
507 665 10
507 666 10
507 668 10
507 671 10
507 672 10
507 673 10
507 674 10
507 675 10
507 676 10
507 683 10
507 685 10
507 690 10
507 691 10
507 692 10
507 694 10
507 707 10
507 708 10
507 709 10
507 711 10
507 712 10
507 714 10
507 716 10
507 717 10
508 317 10
508 318 10
508 328 10
508 335 10
508 336 10
508 337 10
508 340 10
508 341 10
508 357 10
508 358 10
508 360 10
508 361 10
508 363 10
508 364 10
508 366 10
508 367 10
508 370 10
508 372 10
508 373 10
508 374 10
508 375 10
508 376 10
508 377 10
508 393 10
508 398 10
508 401 10
508 418 10
508 421 10
508 422 10
508 428 10
508 429 10
508 432 10
508 433 10
508 434 10
508 439 10
508 441 10
508 442 10
508 444 10
508 445 10
508 462 10
508 465 10
508 467 10
508 470 10
508 472 10
508 489 10
508 504 10
508 505 10
508 507 10
508 508 10
508 509 10
508 510 10
508 511 10
508 515 10
508 518 10
508 522 10
508 523 10
508 529 10
508 530 10
508 534 10
508 535 10
508 540 10
508 543 10
508 544 10
508 545 10
508 546 10
508 547 10
508 551 10
508 552 10
508 554 10
508 555 10
508 558 10
508 560 10
508 561 10
508 563 10
508 564 10
508 566 10
508 569 10
508 570 10
508 571 10
508 576 10
508 577 10
508 597 10
508 598 10
508 599 10
508 601 10
508 604 10
508 607 10
508 608 10
508 610 10
508 611 10
508 614 10
508 615 10
508 616 10
508 627 10
508 628 10
508 633 10
508 634 10
508 635 10
508 637 10
508 641 10
508 643 10
508 644 10
508 653 10
508 655 10
508 660 10
508 662 10
508 663 10
508 664 10
508 665 10
508 666 10
508 668 10
508 671 10
508 675 10
508 678 10
508 686 10
508 703 10
508 707 10
508 710 10
508 711 10
508 715 10
509 309 10
509 311 10
509 335 10
509 337 10
509 338 10
509 344 10
509 350 10
509 351 10
509 353 10
509 354 10
509 357 10
509 362 10
509 363 10
509 368 10
509 369 10
509 374 10
509 375 10
509 376 10
509 377 10
509 392 10
509 394 10
509 400 10
509 413 10
509 416 10
509 422 10
509 426 10
509 429 10
509 430 10
509 431 10
509 433 10
509 435 10
509 436 10
509 439 10
509 440 10
509 442 10
509 443 10
509 444 10
509 445 10
509 463 10
509 465 10
509 466 10
509 469 10
509 470 10
509 471 10
509 473 10
509 474 10
509 484 10
509 490 10
509 491 10
509 496 10
509 497 10
509 499 10
509 501 10
509 502 10
509 506 10
509 508 10
509 510 10
509 512 10
509 525 10
509 530 10
509 531 10
509 533 10
509 535 10
509 536 10
509 539 10
509 540 10
509 542 10
509 544 10
509 545 10
509 548 10
509 550 10
509 557 10
509 559 10
509 561 10
509 572 10
509 574 10
509 575 10
509 579 10
509 580 10
509 581 10
509 583 10
509 585 10
509 594 10
509 600 10
509 607 10
509 612 10
509 615 10
509 627 10
509 630 10
509 632 10
509 633 10
509 634 10
509 635 10
509 639 10
509 642 10
509 644 10
509 660 10
509 662 10
509 664 10
509 665 10
509 667 10
509 668 10
509 673 10
509 675 10
509 680 10
509 685 10
509 689 10
509 694 10
509 695 10
509 698 10
509 702 10
509 705 10
509 707 10
509 712 10
509 713 10
510 310 10
510 317 10
510 318 10
510 328 10
510 334 10
510 335 10
510 336 10
510 343 10
510 355 10
510 357 10
510 360 10
510 361 10
510 364 10
510 365 10
510 367 10
510 370 10
510 371 10
510 377 10
510 391 10
510 394 10
510 413 10
510 416 10
510 417 10
510 418 10
510 420 10
510 421 10
510 430 10
510 433 10
510 434 10
510 440 10
510 442 10
510 443 10
510 446 10
510 447 10
510 460 10
510 462 10
510 463 10
510 464 10
510 466 10
510 468 10
510 469 10
510 470 10
510 478 10
510 489 10
510 490 10
510 493 10
510 495 10
510 496 10
510 497 10
510 499 10
510 502 10
510 504 10
510 505 10
510 506 10
510 514 10
510 515 10
510 516 10
510 529 10
510 531 10
510 533 10
510 534 10
510 535 10
510 537 10
510 542 10
510 544 10
510 545 10
510 547 10
510 549 10
510 555 10
510 556 10
510 557 10
510 567 10
510 568 10
510 569 10
510 570 10
510 571 10
510 573 10
510 574 10
510 576 10
510 578 10
510 579 10
510 584 10
510 586 10
510 594 10
510 597 10
510 599 10
510 602 10
510 603 10
510 607 10
510 615 10
510 617 10
510 632 10
510 634 10
510 637 10
510 640 10
510 641 10
510 644 10
510 647 10
510 655 10
510 663 10
510 664 10
510 665 10
510 666 10
510 667 10
510 668 10
510 669 10
510 672 10
510 673 10
510 686 10
510 695 10
510 697 10
510 700 10
510 702 10
510 705 10
510 706 10
511 310 10
511 312 10
511 345 10
511 348 10
511 358 10
511 360 10
511 363 10
511 364 10
511 365 10
511 366 10
511 367 10
511 368 10
511 369 10
511 370 10
511 373 10
511 374 10
511 376 10
511 379 10
511 380 10
511 382 10
511 388 10
511 390 10
511 392 10
511 393 10
511 394 10
511 397 10
511 400 10
511 402 10
511 403 10
511 415 10
511 416 10
511 427 10
511 429 10
511 431 10
511 432 10
511 435 10
511 440 10
511 448 10
511 455 10
511 456 10
511 457 10
511 458 10
511 461 10
511 462 10
511 464 10
511 468 10
511 476 10
511 478 10
511 479 10
511 480 10
511 481 10
511 489 10
511 490 10
511 491 10
511 493 10
511 495 10
511 496 10
511 497 10
511 498 10
511 501 10
511 502 10
511 503 10
511 507 10
511 508 10
511 509 10
511 510 10
511 511 10
511 513 10
511 516 10
511 517 10
511 518 10
511 528 10
511 531 10
511 537 10
511 538 10
511 539 10
511 543 10
511 545 10
511 546 10
511 556 10
511 558 10
511 560 10
511 561 10
511 571 10
511 574 10
511 575 10
511 578 10
511 581 10
511 588 10
511 591 10
511 597 10
511 599 10
511 601 10
511 604 10
511 607 10
511 609 10
511 612 10
511 614 10
511 616 10
511 630 10
511 631 10
511 632 10
511 634 10
511 636 10
511 637 10
511 638 10
511 640 10
511 641 10
511 643 10
511 644 10
511 670 10
511 674 10
511 675 10
511 688 10
511 692 10
511 694 10
511 696 10
511 697 10
511 702 10
511 705 10
511 706 10
511 707 10
512 311 10
512 328 10
512 331 10
512 336 10
512 344 10
512 347 10
512 355 10
512 356 10
512 360 10
512 362 10
512 365 10
512 366 10
512 367 10
512 369 10
512 371 10
512 372 10
512 374 10
512 377 10
512 383 10
512 389 10
512 392 10
512 394 10
512 395 10
512 400 10
512 415 10
512 417 10
512 427 10
512 429 10
512 433 10
512 435 10
512 437 10
512 445 10
512 448 10
512 450 10
512 464 10
512 465 10
512 466 10
512 478 10
512 479 10
512 495 10
512 497 10
512 498 10
512 500 10
512 501 10
512 504 10
512 506 10
512 508 10
512 511 10
512 512 10
512 513 10
512 515 10
512 516 10
512 524 10
512 529 10
512 531 10
512 534 10
512 535 10
512 537 10
512 538 10
512 543 10
512 545 10
512 546 10
512 547 10
512 548 10
512 553 10
512 558 10
512 559 10
512 560 10
512 565 10
512 566 10
512 567 10
512 570 10
512 574 10
512 575 10
512 576 10
512 577 10
512 579 10
512 582 10
512 600 10
512 601 10
512 603 10
512 608 10
512 610 10
512 611 10
512 613 10
512 618 10
512 634 10
512 639 10
512 641 10
512 642 10
512 643 10
512 644 10
512 645 10
512 646 10
512 647 10
512 648 10
512 653 10
512 655 10
512 662 10
512 668 10
512 674 10
512 675 10
512 688 10
512 689 10
512 692 10
512 694 10
512 695 10
512 697 10
512 698 10
512 701 10
512 702 10
512 703 10
512 705 10
512 706 10
512 708 10
512 709 10
513 311 10
513 313 10
513 314 10
513 319 10
513 331 10
513 340 10
513 342 10
513 351 10
513 354 10
513 355 10
513 357 10
513 362 10
513 364 10
513 365 10
513 366 10
513 367 10
513 369 10
513 370 10
513 372 10
513 373 10
513 381 10
513 382 10
513 383 10
513 389 10
513 391 10
513 394 10
513 398 10
513 401 10
513 415 10
513 416 10
513 418 10
513 432 10
513 433 10
513 436 10
513 438 10
513 441 10
513 443 10
513 444 10
513 449 10
513 450 10
513 458 10
513 459 10
513 460 10
513 462 10
513 475 10
513 477 10
513 480 10
513 491 10
513 492 10
513 497 10
513 499 10
513 500 10
513 503 10
513 504 10
513 509 10
513 511 10
513 512 10
513 515 10
513 517 10
513 519 10
513 521 10
513 523 10
513 538 10
513 539 10
513 541 10
513 542 10
513 545 10
513 546 10
513 547 10
513 550 10
513 553 10
513 554 10
513 555 10
513 559 10
513 560 10
513 562 10
513 569 10
513 571 10
513 572 10
513 573 10
513 574 10
513 575 10
513 576 10
513 577 10
513 578 10
513 580 10
513 586 10
513 601 10
513 612 10
513 632 10
513 637 10
513 638 10
513 639 10
513 640 10
513 641 10
513 642 10
513 643 10
513 645 10
513 647 10
513 649 10
513 661 10
513 671 10
513 673 10
513 674 10
513 687 10
513 690 10
513 692 10
513 693 10
513 694 10
513 695 10
513 696 10
513 697 10
513 704 10
514 331 10
514 335 10
514 344 10
514 350 10
514 352 10
514 360 10
514 362 10
514 363 10
514 364 10
514 366 10
514 368 10
514 370 10
514 372 10
514 375 10
514 376 10
514 377 10
514 380 10
514 381 10
514 383 10
514 385 10
514 387 10
514 388 10
514 391 10
514 392 10
514 394 10
514 395 10
514 399 10
514 416 10
514 421 10
514 423 10
514 424 10
514 425 10
514 427 10
514 438 10
514 444 10
514 445 10
514 454 10
514 464 10
514 465 10
514 474 10
514 476 10
514 485 10
514 486 10
514 487 10
514 489 10
514 494 10
514 496 10
514 497 10
514 498 10
514 499 10
514 501 10
514 502 10
514 510 10
514 513 10
514 522 10
514 532 10
514 534 10
514 538 10
514 539 10
514 540 10
514 542 10
514 543 10
514 544 10
514 545 10
514 548 10
514 549 10
514 551 10
514 553 10
514 555 10
514 557 10
514 559 10
514 562 10
514 563 10
514 564 10
514 565 10
514 566 10
514 567 10
514 570 10
514 571 10
514 576 10
514 577 10
514 578 10
514 580 10
514 581 10
514 599 10
514 603 10
514 610 10
514 612 10
514 639 10
514 642 10
514 643 10
514 644 10
514 645 10
514 662 10
514 663 10
514 668 10
514 671 10
514 672 10
514 674 10
514 693 10
514 694 10
514 705 10
514 706 10
514 707 10
515 321 10
515 325 10
515 340 10
515 342 10
515 344 10
515 356 10
515 359 10
515 360 10
515 362 10
515 365 10
515 368 10
515 371 10
515 373 10
515 375 10
515 378 10
515 379 10
515 386 10
515 388 10
515 392 10
515 393 10
515 396 10
515 397 10
515 398 10
515 399 10
515 403 10
515 419 10
515 421 10
515 422 10
515 424 10
515 425 10
515 426 10
515 428 10
515 433 10
515 436 10
515 437 10
515 438 10
515 442 10
515 443 10
515 445 10
515 447 10
515 455 10
515 456 10
515 457 10
515 458 10
515 475 10
515 476 10
515 478 10
515 480 10
515 481 10
515 491 10
515 492 10
515 496 10
515 497 10
515 499 10
515 503 10
515 508 10
515 514 10
515 515 10
515 516 10
515 522 10
515 533 10
515 536 10
515 541 10
515 542 10
515 546 10
515 547 10
515 550 10
515 551 10
515 553 10
515 557 10
515 558 10
515 559 10
515 562 10
515 565 10
515 567 10
515 569 10
515 570 10
515 574 10
515 576 10
515 578 10
515 579 10
515 604 10
515 606 10
515 609 10
515 615 10
515 633 10
515 636 10
515 641 10
515 642 10
515 643 10
515 644 10
515 645 10
515 647 10
515 648 10
515 659 10
515 667 10
515 670 10
515 672 10
515 673 10
515 676 10
515 677 10
515 689 10
515 691 10
515 692 10
515 693 10
516 318 10
516 320 10
516 321 10
516 325 10
516 339 10
516 350 10
516 352 10
516 355 10
516 359 10
516 362 10
516 363 10
516 365 10
516 367 10
516 369 10
516 370 10
516 371 10
516 374 10
516 375 10
516 376 10
516 377 10
516 378 10
516 380 10
516 381 10
516 383 10
516 386 10
516 387 10
516 388 10
516 389 10
516 390 10
516 392 10
516 394 10
516 395 10
516 397 10
516 398 10
516 405 10
516 416 10
516 423 10
516 428 10
516 429 10
516 434 10
516 436 10
516 439 10
516 442 10
516 443 10
516 444 10
516 445 10
516 446 10
516 452 10
516 453 10
516 455 10
516 457 10
516 458 10
516 477 10
516 478 10
516 479 10
516 480 10
516 485 10
516 492 10
516 493 10
516 496 10
516 500 10
516 506 10
516 508 10
516 512 10
516 514 10
516 515 10
516 518 10
516 519 10
516 520 10
516 521 10
516 524 10
516 525 10
516 531 10
516 533 10
516 541 10
516 543 10
516 544 10
516 545 10
516 548 10
516 555 10
516 558 10
516 561 10
516 562 10
516 566 10
516 567 10
516 576 10
516 577 10
516 579 10
516 595 10
516 596 10
516 602 10
516 603 10
516 604 10
516 606 10
516 612 10
516 615 10
516 616 10
516 637 10
516 642 10
516 643 10
516 645 10
516 646 10
516 647 10
516 648 10
516 649 10
516 657 10
516 658 10
516 661 10
516 662 10
516 663 10
516 665 10
516 673 10
516 676 10
516 679 10
516 692 10
517 316 10
517 319 10
517 321 10
517 323 10
517 326 10
517 329 10
517 332 10
517 340 10
517 343 10
517 350 10
517 353 10
517 354 10
517 356 10
517 357 10
517 359 10
517 360 10
517 361 10
517 362 10
517 365 10
517 369 10
517 372 10
517 374 10
517 375 10
517 376 10
517 377 10
517 381 10
517 382 10
517 384 10
517 386 10
517 388 10
517 389 10
517 390 10
517 391 10
517 393 10
517 394 10
517 395 10
517 396 10
517 397 10
517 399 10
517 400 10
517 401 10
517 404 10
517 405 10
517 410 10
517 421 10
517 424 10
517 425 10
517 426 10
517 427 10
517 428 10
517 432 10
517 433 10
517 434 10
517 436 10
517 437 10
517 438 10
517 440 10
517 441 10
517 442 10
517 443 10
517 444 10
517 454 10
517 456 10
517 457 10
517 459 10
517 469 10
517 471 10
517 472 10
517 477 10
517 479 10
517 480 10
517 481 10
517 482 10
517 485 10
517 486 10
517 490 10
517 491 10
517 494 10
517 495 10
517 497 10
517 498 10
517 505 10
517 506 10
517 508 10
517 514 10
517 515 10
517 516 10
517 517 10
517 518 10
517 526 10
517 529 10
517 530 10
517 533 10
517 536 10
517 537 10
517 538 10
517 539 10
517 542 10
517 543 10
517 544 10
517 546 10
517 547 10
517 549 10
517 550 10
517 556 10
517 557 10
517 560 10
517 561 10
517 562 10
517 564 10
517 565 10
517 568 10
517 569 10
517 570 10
517 571 10
517 576 10
517 577 10
517 578 10
517 593 10
517 595 10
517 602 10
517 604 10
517 605 10
517 640 10
517 641 10
517 644 10
517 647 10
517 648 10
517 649 10
517 650 10
517 652 10
517 653 10
517 655 10
517 667 10
517 672 10
517 674 10
517 675 10
517 685 10
517 687 10
517 690 10
517 700 10
517 704 10
518 320 10
518 321 10
518 323 10
518 325 10
518 327 10
518 331 10
518 341 10
518 345 10
518 352 10
518 354 10
518 356 10
518 357 10
518 358 10
518 365 10
518 367 10
518 369 10
518 372 10
518 374 10
518 376 10
518 377 10
518 378 10
518 379 10
518 380 10
518 381 10
518 382 10
518 384 10
518 386 10
518 387 10
518 390 10
518 391 10
518 393 10
518 395 10
518 397 10
518 401 10
518 404 10
518 407 10
518 408 10
518 413 10
518 416 10
518 417 10
518 418 10
518 421 10
518 424 10
518 425 10
518 426 10
518 427 10
518 428 10
518 429 10
518 430 10
518 432 10
518 433 10
518 435 10
518 436 10
518 443 10
518 444 10
518 455 10
518 460 10
518 470 10
518 482 10
518 483 10
518 484 10
518 485 10
518 486 10
518 489 10
518 490 10
518 491 10
518 492 10
518 493 10
518 495 10
518 499 10
518 500 10
518 504 10
518 505 10
518 507 10
518 510 10
518 511 10
518 512 10
518 514 10
518 516 10
518 518 10
518 521 10
518 522 10
518 523 10
518 524 10
518 528 10
518 529 10
518 535 10
518 537 10
518 538 10
518 540 10
518 541 10
518 542 10
518 543 10
518 544 10
518 553 10
518 558 10
518 563 10
518 568 10
518 569 10
518 576 10
518 577 10
518 579 10
518 588 10
518 591 10
518 595 10
518 597 10
518 607 10
518 613 10
518 616 10
518 622 10
518 634 10
518 639 10
518 642 10
518 643 10
518 644 10
518 645 10
518 646 10
518 647 10
518 648 10
518 650 10
518 652 10
518 654 10
518 655 10
518 657 10
518 658 10
518 659 10
518 661 10
518 669 10
518 670 10
518 674 10
518 689 10
519 316 10
519 319 10
519 321 10
519 322 10
519 323 10
519 328 10
519 330 10
519 338 10
519 344 10
519 352 10
519 354 10
519 356 10
519 357 10
519 358 10
519 359 10
519 360 10
519 366 10
519 369 10
519 372 10
519 374 10
519 375 10
519 378 10
519 380 10
519 384 10
519 386 10
519 388 10
519 390 10
519 394 10
519 396 10
519 399 10
519 403 10
519 406 10
519 412 10
519 413 10
519 414 10
519 418 10
519 422 10
519 425 10
519 426 10
519 427 10
519 428 10
519 430 10
519 432 10
519 434 10
519 435 10
519 436 10
519 438 10
519 440 10
519 442 10
519 444 10
519 445 10
519 446 10
519 458 10
519 462 10
519 467 10
519 469 10
519 472 10
519 473 10
519 475 10
519 477 10
519 480 10
519 482 10
519 484 10
519 486 10
519 488 10
519 489 10
519 490 10
519 492 10
519 493 10
519 494 10
519 497 10
519 498 10
519 499 10
519 502 10
519 503 10
519 504 10
519 506 10
519 507 10
519 510 10
519 511 10
519 514 10
519 516 10
519 517 10
519 519 10
519 520 10
519 522 10
519 524 10
519 528 10
519 529 10
519 530 10
519 532 10
519 534 10
519 536 10
519 538 10
519 539 10
519 540 10
519 541 10
519 542 10
519 544 10
519 545 10
519 548 10
519 549 10
519 550 10
519 551 10
519 552 10
519 553 10
519 555 10
519 556 10
519 558 10
519 563 10
519 564 10
519 566 10
519 568 10
519 569 10
519 576 10
519 588 10
519 590 10
519 595 10
519 604 10
519 605 10
519 618 10
519 623 10
519 625 10
519 635 10
519 639 10
519 641 10
519 643 10
519 645 10
519 646 10
519 647 10
519 650 10
519 651 10
519 652 10
519 655 10
519 656 10
519 665 10
519 668 10
519 669 10
519 676 10
519 677 10
519 678 10
519 679 10
519 685 10
519 688 10
519 690 10
519 700 10
520 319 10
520 320 10
520 321 10
520 327 10
520 328 10
520 338 10
520 343 10
520 344 10
520 346 10
520 350 10
520 352 10
520 353 10
520 354 10
520 356 10
520 357 10
520 366 10
520 376 10
520 377 10
520 378 10
520 379 10
520 384 10
520 385 10
520 386 10
520 387 10
520 388 10
520 390 10
520 394 10
520 396 10
520 398 10
520 399 10
520 401 10
520 402 10
520 403 10
520 404 10
520 405 10
520 406 10
520 409 10
520 414 10
520 415 10
520 418 10
520 419 10
520 420 10
520 421 10
520 422 10
520 423 10
520 427 10
520 428 10
520 431 10
520 432 10
520 435 10
520 436 10
520 440 10
520 443 10
520 448 10
520 456 10
520 459 10
520 461 10
520 462 10
520 463 10
520 464 10
520 471 10
520 472 10
520 482 10
520 483 10
520 484 10
520 486 10
520 487 10
520 491 10
520 493 10
520 494 10
520 495 10
520 496 10
520 497 10
520 498 10
520 499 10
520 501 10
520 507 10
520 511 10
520 513 10
520 518 10
520 521 10
520 522 10
520 523 10
520 524 10
520 525 10
520 526 10
520 530 10
520 538 10
520 540 10
520 543 10
520 547 10
520 548 10
520 550 10
520 553 10
520 554 10
520 555 10
520 558 10
520 562 10
520 564 10
520 569 10
520 571 10
520 573 10
520 575 10
520 605 10
520 606 10
520 624 10
520 641 10
520 643 10
520 645 10
520 647 10
520 648 10
520 649 10
520 650 10
520 652 10
520 653 10
520 660 10
520 666 10
520 668 10
520 669 10
520 670 10
520 671 10
520 673 10
520 674 10
520 675 10
520 676 10
520 677 10
520 678 10
520 679 10
520 686 10
520 688 10
520 691 10
521 315 10
521 318 10
521 321 10
521 322 10
521 327 10
521 332 10
521 341 10
521 344 10
521 345 10
521 346 10
521 348 10
521 350 10
521 351 10
521 355 10
521 356 10
521 358 10
521 359 10
521 360 10
521 361 10
521 364 10
521 370 10
521 372 10
521 373 10
521 375 10
521 379 10
521 381 10
521 383 10
521 385 10
521 386 10
521 387 10
521 388 10
521 389 10
521 393 10
521 394 10
521 395 10
521 397 10
521 400 10
521 402 10
521 407 10
521 410 10
521 417 10
521 423 10
521 424 10
521 427 10
521 429 10
521 430 10
521 433 10
521 434 10
521 438 10
521 439 10
521 440 10
521 442 10
521 443 10
521 444 10
521 446 10
521 456 10
521 461 10
521 467 10
521 470 10
521 472 10
521 479 10
521 480 10
521 481 10
521 484 10
521 486 10
521 490 10
521 491 10
521 494 10
521 496 10
521 497 10
521 499 10
521 503 10
521 504 10
521 505 10
521 508 10
521 510 10
521 511 10
521 512 100000
521 516 10
521 519 10
521 521 10
521 522 10
521 524 10
521 525 10
521 526 10
521 537 10
521 539 10
521 540 10
521 541 10
521 542 10
521 543 10
521 544 10
521 545 10
521 546 10
521 548 10
521 553 10
521 556 10
521 562 10
521 563 10
521 569 10
521 571 10
521 590 10
521 643 10
521 645 10
521 648 10
521 651 10
521 653 10
521 655 10
521 656 10
521 658 10
521 663 10
521 668 10
521 670 10
521 675 10
521 676 10
521 677 10
521 678 10
521 679 10
521 680 10
521 683 10
521 687 10
521 688 10
521 690 10
521 692 10
521 699 10
522 315 10
522 318 10
522 319 10
522 321 10
522 323 10
522 325 10
522 333 10
522 336 10
522 342 10
522 344 10
522 345 10
522 346 10
522 347 10
522 348 10
522 349 10
522 350 10
522 351 10
522 352 10
522 353 10
522 354 10
522 356 10
522 359 10
522 365 10
522 366 10
522 367 10
522 368 10
522 370 10
522 372 10
522 374 10
522 378 10
522 380 10
522 385 10
522 387 10
522 389 10
522 391 10
522 394 10
522 395 10
522 398 10
522 405 10
522 408 10
522 412 10
522 417 10
522 418 10
522 422 10
522 424 10
522 425 10
522 426 10
522 427 10
522 429 10
522 430 10
522 431 10
522 432 10
522 433 10
522 434 10
522 435 10
522 438 10
522 440 10
522 441 10
522 442 10
522 443 10
522 444 10
522 450 10
522 457 10
522 459 10
522 462 10
522 463 10
522 466 10
522 472 10
522 473 10
522 479 10
522 482 10
522 487 10
522 492 10
522 493 10
522 494 10
522 495 10
522 496 10
522 498 10
522 499 10
522 511 10
522 513 10
522 515 10
522 518 10
522 521 10
522 522 10
522 523 10
522 524 10
522 526 10
522 540 10
522 542 10
522 543 10
522 549 10
522 551 10
522 552 10
522 554 10
522 555 10
522 556 10
522 561 10
522 567 10
522 569 10
522 571 10
522 572 10
522 577 10
522 594 10
522 601 10
522 610 10
522 648 10
522 651 10
522 653 10
522 655 10
522 656 10
522 659 10
522 660 10
522 667 10
522 668 10
522 670 10
522 671 10
522 672 10
522 674 10
522 675 10
522 677 10
522 678 10
522 681 10
522 682 10
522 685 10
522 686 10
522 687 10
522 691 10
522 693 10
522 694 10
522 695 10
522 696 10
522 697 10
522 698 10
522 701 10
523 315 10
523 317 10
523 320 10
523 324 10
523 326 10
523 340 10
523 342 10
523 344 10
523 345 10
523 346 10
523 347 10
523 348 10
523 349 10
523 351 10
523 354 10
523 355 10
523 356 10
523 357 10
523 359 10
523 362 10
523 364 10
523 365 10
523 366 10
523 368 10
523 372 10
523 380 10
523 382 10
523 383 10
523 384 10
523 387 10
523 388 10
523 390 10
523 392 10
523 395 10
523 397 10
523 399 10
523 403 10
523 405 10
523 407 10
523 410 10
523 412 10
523 416 10
523 420 10
523 421 10
523 423 10
523 425 10
523 427 10
523 429 10
523 430 10
523 431 10
523 433 10
523 434 10
523 435 10
523 436 10
523 439 10
523 441 10
523 442 10
523 443 10
523 445 10
523 447 10
523 449 10
523 452 10
523 454 10
523 455 10
523 457 10
523 459 10
523 461 10
523 462 10
523 464 10
523 466 10
523 467 10
523 469 10
523 470 10
523 471 10
523 474 10
523 478 10
523 480 10
523 486 10
523 491 10
523 495 10
523 496 10
523 497 10
523 498 10
523 500 10
523 503 10
523 504 10
523 507 10
523 509 10
523 510 10
523 512 10
523 513 10
523 514 10
523 515 10
523 522 10
523 523 10
523 524 10
523 525 10
523 528 10
523 535 10
523 539 10
523 541 10
523 542 10
523 544 10
523 547 10
523 548 10
523 549 10
523 552 10
523 553 10
523 554 10
523 556 10
523 557 10
523 558 10
523 559 10
523 562 10
523 564 10
523 565 10
523 566 10
523 572 10
523 573 10
523 577 10
523 588 10
523 589 10
523 591 10
523 599 10
523 605 10
523 625 10
523 642 10
523 647 10
523 649 10
523 652 10
523 653 10
523 654 10
523 656 10
523 663 10
523 664 10
523 667 10
523 669 10
523 671 10
523 674 10
523 675 10
523 676 10
523 677 10
523 678 10
523 679 10
523 680 10
523 681 10
523 686 10
523 689 10
523 691 10
523 693 10
523 694 10
524 324 10
524 325 10
524 326 10
524 335 10
524 341 10
524 342 10
524 344 10
524 348 10
524 350 10
524 352 10
524 354 10
524 355 10
524 356 10
524 357 10
524 358 10
524 359 10
524 364 10
524 366 10
524 368 10
524 372 10
524 374 10
524 379 10
524 382 10
524 384 10
524 385 10
524 386 10
524 387 10
524 389 10
524 391 10
524 393 10
524 396 10
524 400 10
524 405 10
524 407 10
524 408 10
524 410 10
524 416 10
524 417 10
524 421 10
524 422 10
524 424 10
524 425 10
524 427 10
524 428 10
524 429 10
524 430 10
524 431 10
524 432 10
524 433 10
524 434 10
524 435 10
524 436 10
524 437 10
524 439 10
524 440 10
524 441 10
524 442 10
524 443 10
524 444 10
524 449 10
524 453 10
524 461 10
524 463 10
524 469 10
524 471 10
524 473 10
524 480 10
524 482 10
524 483 10
524 488 10
524 491 10
524 493 10
524 494 10
524 495 10
524 498 10
524 501 10
524 507 10
524 509 10
524 510 10
524 513 10
524 515 10
524 517 10
524 518 10
524 520 10
524 522 10
524 525 10
524 527 10
524 537 10
524 539 10
524 540 10
524 541 10
524 542 10
524 543 10
524 544 10
524 545 10
524 547 10
524 549 10
524 553 10
524 563 10
524 565 10
524 566 10
524 569 10
524 575 10
524 577 10
524 578 10
524 588 10
524 589 10
524 590 10
524 592 10
524 595 10
524 596 10
524 605 10
524 606 10
524 622 10
524 643 10
524 650 10
524 655 10
524 657 10
524 660 10
524 671 10
524 674 10
524 676 10
524 677 10
524 681 10
524 684 10
524 688 10
524 692 10
524 694 10
524 695 10
524 696 10
524 697 10
524 698 10
524 702 10
525 326 10
525 334 10
525 343 10
525 345 10
525 347 10
525 349 10
525 350 10
525 351 10
525 352 10
525 354 10
525 355 10
525 356 10
525 362 10
525 363 10
525 364 10
525 366 10
525 367 10
525 370 10
525 371 10
525 382 10
525 383 10
525 387 10
525 389 10
525 391 10
525 392 10
525 397 10
525 399 10
525 400 10
525 402 10
525 404 10
525 406 10
525 412 10
525 415 10
525 417 10
525 418 10
525 419 10
525 421 10
525 422 10
525 423 10
525 425 10
525 426 10
525 427 10
525 428 10
525 429 10
525 430 10
525 431 10
525 433 10
525 434 10
525 435 10
525 437 10
525 438 10
525 440 10
525 441 10
525 442 10
525 443 10
525 445 10
525 446 10
525 450 10
525 451 10
525 456 10
525 459 10
525 460 10
525 463 10
525 464 10
525 466 10
525 469 10
525 472 10
525 477 10
525 480 10
525 481 10
525 485 10
525 487 10
525 492 10
525 496 10
525 505 10
525 512 10
525 513 10
525 514 10
525 515 10
525 516 10
525 517 10
525 520 10
525 522 10
525 534 10
525 540 10
525 543 10
525 544 10
525 546 10
525 551 10
525 553 10
525 554 10
525 556 10
525 557 10
525 558 10
525 560 10
525 565 10
525 572 10
525 573 10
525 575 10
525 588 10
525 589 10
525 590 10
525 592 10
525 593 10
525 594 10
525 595 10
525 602 10
525 604 10
525 611 10
525 613 10
525 641 10
525 642 10
525 644 10
525 646 10
525 648 10
525 649 10
525 650 10
525 652 10
525 653 10
525 656 10
525 657 10
525 659 10
525 662 10
525 672 10
525 674 10
525 675 10
525 677 10
525 678 10
525 679 10
525 681 10
525 682 10
525 684 10
525 686 10
525 691 10
525 692 10
525 693 10
525 695 10
525 696 10
525 697 10
525 698 10
525 699 10
526 333 10
526 335 10
526 339 10
526 345 10
526 346 10
526 347 10
526 348 10
526 349 10
526 350 10
526 352 10
526 354 10
526 356 10
526 357 10
526 358 10
526 360 10
526 361 10
526 362 10
526 364 10
526 365 10
526 366 10
526 367 10
526 368 10
526 369 10
526 379 10
526 382 10
526 384 10
526 385 10
526 386 10
526 387 10
526 388 10
526 389 10
526 394 10
526 395 10
526 400 10
526 402 10
526 403 10
526 405 10
526 410 10
526 420 10
526 425 10
526 429 10
526 430 10
526 431 10
526 433 10
526 434 10
526 435 10
526 436 10
526 437 10
526 438 10
526 439 10
526 440 10
526 441 10
526 443 10
526 444 10
526 445 10
526 446 10
526 447 10
526 449 10
526 450 10
526 451 10
526 452 10
526 453 10
526 457 10
526 461 10
526 466 10
526 469 10
526 473 10
526 479 10
526 483 10
526 489 10
526 494 10
526 498 10
526 504 10
526 508 10
526 509 10
526 510 10
526 513 10
526 514 10
526 515 10
526 516 10
526 517 10
526 518 10
526 519 10
526 531 10
526 532 10
526 534 10
526 538 10
526 540 10
526 541 10
526 542 10
526 543 10
526 546 10
526 547 10
526 548 10
526 549 10
526 550 10
526 554 10
526 556 10
526 557 10
526 560 10
526 561 10
526 563 10
526 565 10
526 566 10
526 568 10
526 569 10
526 571 10
526 572 10
526 573 10
526 575 10
526 588 10
526 589 10
526 592 10
526 594 10
526 595 10
526 596 10
526 597 10
526 598 10
526 602 10
526 604 10
526 605 10
526 606 10
526 607 10
526 612 10
526 613 10
526 618 10
526 619 10
526 620 10
526 622 10
526 628 10
526 629 10
526 637 10
526 642 10
526 649 10
526 650 10
526 651 10
526 652 10
526 653 10
526 655 10
526 657 10
526 658 10
526 659 10
526 661 10
526 662 10
526 663 10
526 665 10
526 670 10
526 674 10
526 677 10
526 678 10
526 679 10
526 681 10
526 682 10
526 683 10
526 684 10
526 685 10
526 692 10
526 693 10
526 696 10
526 697 10
526 702 10
527 334 10
527 336 10
527 342 10
527 344 10
527 346 10
527 349 10
527 350 10
527 351 10
527 352 10
527 353 10
527 354 10
527 355 10
527 356 10
527 357 10
527 360 10
527 361 10
527 362 10
527 363 10
527 365 10
527 366 10
527 367 10
527 368 10
527 370 10
527 382 10
527 385 10
527 390 10
527 397 10
527 398 10
527 399 10
527 400 10
527 403 10
527 406 10
527 407 10
527 408 10
527 409 10
527 417 10
527 419 10
527 421 10
527 422 10
527 423 10
527 425 10
527 426 10
527 427 10
527 428 10
527 429 10
527 430 10
527 431 10
527 432 10
527 433 10
527 434 10
527 435 10
527 436 10
527 439 10
527 440 10
527 441 10
527 442 10
527 444 10
527 445 10
527 448 10
527 449 10
527 450 10
527 451 10
527 453 10
527 454 10
527 456 10
527 461 10
527 463 10
527 464 10
527 471 10
527 477 10
527 478 10
527 479 10
527 480 10
527 481 10
527 502 10
527 508 10
527 512 10
527 513 10
527 514 10
527 515 10
527 516 10
527 517 10
527 518 10
527 529 10
527 530 10
527 533 10
527 535 10
527 539 10
527 541 10
527 543 10
527 544 10
527 545 10
527 546 10
527 548 10
527 549 10
527 551 10
527 552 10
527 553 10
527 554 10
527 555 10
527 559 10
527 562 10
527 563 10
527 567 10
527 570 10
527 572 10
527 573 10
527 574 10
527 575 10
527 578 10
527 583 10
527 591 10
527 592 10
527 594 10
527 595 10
527 597 10
527 601 10
527 603 10
527 604 10
527 605 10
527 607 10
527 610 10
527 611 10
527 620 10
527 623 10
527 628 10
527 629 10
527 630 10
527 635 10
527 638 10
527 642 10
527 644 10
527 645 10
527 648 10
527 649 10
527 650 10
527 652 10
527 653 10
527 655 10
527 656 10
527 657 10
527 658 10
527 659 10
527 661 10
527 663 10
527 665 10
527 671 10
527 673 10
527 675 10
527 679 10
527 680 10
527 685 10
527 692 10
527 694 10
527 695 10
527 698 10
528 313 10
528 319 10
528 335 10
528 336 10
528 337 10
528 338 10
528 341 10
528 344 10
528 345 10
528 348 10
528 349 10
528 351 10
528 352 10
528 353 10
528 354 10
528 357 10
528 358 10
528 359 10
528 364 10
528 365 10
528 366 10
528 367 10
528 368 10
528 369 10
528 370 10
528 372 10
528 379 10
528 382 10
528 385 10
528 387 10
528 396 10
528 398 10
528 401 10
528 402 10
528 403 10
528 405 10
528 421 10
528 424 10
528 425 10
528 426 10
528 428 10
528 429 10
528 430 10
528 431 10
528 432 10
528 433 10
528 434 10
528 435 10
528 436 10
528 437 10
528 438 10
528 439 10
528 440 10
528 441 10
528 442 10
528 445 10
528 446 10
528 448 10
528 449 10
528 450 10
528 452 10
528 456 10
528 463 10
528 466 10
528 473 10
528 480 10
528 483 10
528 484 10
528 488 10
528 490 10
528 496 10
528 497 10
528 500 10
528 508 10
528 509 10
528 510 10
528 511 10
528 514 10
528 520 10
528 531 10
528 532 10
528 534 10
528 535 10
528 536 10
528 537 10
528 538 10
528 539 10
528 540 10
528 541 10
528 542 10
528 543 10
528 546 10
528 547 10
528 548 10
528 550 10
528 551 10
528 552 10
528 553 10
528 554 10
528 555 10
528 557 10
528 558 10
528 560 10
528 561 10
528 562 10
528 564 10
528 565 10
528 566 10
528 567 10
528 569 10
528 570 10
528 571 10
528 572 10
528 573 10
528 574 10
528 577 10
528 581 10
528 587 10
528 588 10
528 589 10
528 590 10
528 591 10
528 592 10
528 593 10
528 594 10
528 601 10
528 604 10
528 606 10
528 607 10
528 608 10
528 609 10
528 621 10
528 624 10
528 625 10
528 631 10
528 632 10
528 642 10
528 643 10
528 644 10
528 646 10
528 650 10
528 652 10
528 653 10
528 654 10
528 655 10
528 656 10
528 657 10
528 658 10
528 659 10
528 660 10
528 663 10
528 666 10
528 669 10
528 670 10
528 671 10
528 673 10
528 674 10
528 675 10
528 676 10
528 677 10
528 678 10
528 679 10
528 680 10
528 681 10
528 682 10
528 683 10
528 684 10
528 685 10
528 686 10
528 690 10
528 692 10
529 309 10
529 310 10
529 335 10
529 337 10
529 338 10
529 340 10
529 341 10
529 342 10
529 345 10
529 347 10
529 349 10
529 350 10
529 353 10
529 354 10
529 356 10
529 358 10
529 361 10
529 362 10
529 364 10
529 365 10
529 367 10
529 368 10
529 370 10
529 373 10
529 375 10
529 376 10
529 379 10
529 390 10
529 396 10
529 397 10
529 400 10
529 403 10
529 406 10
529 407 10
529 420 10
529 422 10
529 423 10
529 426 10
529 427 10
529 428 10
529 429 10
529 430 10
529 431 10
529 433 10
529 434 10
529 435 10
529 436 10
529 437 10
529 438 10
529 439 10
529 440 10
529 441 10
529 444 10
529 445 10
529 446 10
529 447 10
529 450 10
529 452 10
529 456 10
529 466 10
529 467 10
529 476 10
529 478 10
529 481 10
529 487 10
529 494 10
529 502 10
529 503 10
529 508 10
529 510 10
529 512 10
529 515 10
529 516 10
529 529 10
529 532 10
529 534 10
529 535 10
529 536 10
529 537 10
529 540 10
529 541 10
529 542 10
529 543 10
529 544 10
529 545 10
529 546 10
529 547 10
529 548 10
529 549 10
529 550 10
529 551 10
529 552 10
529 553 10
529 554 10
529 555 10
529 556 10
529 557 10
529 560 10
529 561 10
529 562 10
529 563 10
529 565 10
529 567 10
529 568 10
529 570 10
529 571 10
529 572 10
529 573 10
529 574 10
529 576 10
529 583 10
529 585 10
529 588 10
529 592 10
529 594 10
529 595 10
529 602 10
529 604 10
529 605 10
529 606 10
529 607 10
529 609 10
529 610 10
529 611 10
529 613 10
529 618 10
529 620 10
529 622 10
529 625 10
529 628 10
529 630 10
529 631 10
529 638 10
529 639 10
529 644 10
529 647 10
529 648 10
529 650 10
529 652 10
529 653 10
529 654 10
529 655 10
529 656 10
529 657 10
529 658 10
529 659 10
529 660 10
529 662 10
529 664 10
529 671 10
529 675 10
529 676 10
529 677 10
529 678 10
529 683 10
529 686 10
529 690 10
529 691 10
530 309 10
530 320 10
530 321 10
530 333 10
530 335 10
530 338 10
530 339 10
530 343 10
530 344 10
530 345 10
530 347 10
530 348 10
530 349 10
530 350 10
530 351 10
530 354 10
530 357 10
530 358 10
530 363 10
530 364 10
530 368 10
530 397 10
530 398 10
530 400 10
530 402 10
530 403 10
530 405 10
530 408 10
530 410 10
530 421 10
530 426 10
530 427 10
530 428 10
530 429 10
530 432 10
530 433 10
530 434 10
530 435 10
530 437 10
530 438 10
530 439 10
530 442 10
530 444 10
530 445 10
530 446 10
530 447 10
530 452 10
530 455 10
530 456 10
530 464 10
530 466 10
530 469 10
530 475 10
530 476 10
530 478 10
530 480 10
530 481 10
530 482 10
530 484 10
530 485 10
530 487 10
530 489 10
530 490 10
530 491 10
530 496 10
530 500 10
530 504 10
530 506 10
530 507 10
530 509 10
530 513 10
530 514 10
530 516 10
530 518 10
530 529 10
530 530 10
530 531 10
530 534 10
530 540 10
530 541 10
530 542 10
530 543 10
530 546 10
530 547 10
530 548 10
530 549 10
530 550 10
530 551 10
530 552 10
530 553 10
530 554 10
530 555 10
530 556 10
530 557 10
530 558 10
530 560 10
530 563 10
530 565 10
530 566 10
530 568 10
530 569 10
530 570 10
530 571 10
530 573 10
530 576 10
530 577 10
530 583 10
530 587 10
530 588 10
530 589 10
530 590 10
530 593 10
530 604 10
530 605 10
530 606 10
530 607 10
530 608 10
530 609 10
530 612 10
530 622 10
530 626 10
530 627 10
530 629 10
530 631 10
530 633 10
530 634 10
530 642 10
530 647 10
530 652 10
530 653 10
530 654 10
530 655 10
530 656 10
530 658 10
530 659 10
530 660 10
530 661 10
530 663 10
530 668 10
530 669 10
530 670 10
530 672 10
530 675 10
530 683 10
530 686 10
530 687 10
530 689 10
531 309 10
531 311 10
531 322 10
531 327 10
531 329 10
531 331 10
531 332 10
531 333 10
531 334 10
531 337 10
531 338 10
531 339 10
531 341 10
531 342 10
531 343 10
531 344 10
531 345 10
531 346 10
531 347 10
531 348 10
531 349 10
531 350 10
531 351 10
531 352 10
531 357 10
531 358 10
531 363 10
531 367 10
531 368 10
531 388 10
531 389 10
531 390 10
531 391 10
531 397 10
531 400 10
531 402 10
531 405 10
531 406 10
531 409 10
531 410 10
531 411 10
531 422 10
531 428 10
531 429 10
531 430 10
531 432 10
531 433 10
531 434 10
531 436 10
531 437 10
531 438 10
531 440 10
531 442 10
531 443 10
531 444 10
531 446 10
531 447 10
531 449 10
531 451 10
531 452 10
531 471 10
531 484 10
531 485 10
531 488 10
531 492 10
531 493 10
531 494 10
531 502 10
531 507 10
531 510 10
531 511 10
531 513 10
531 514 10
531 520 10
531 533 10
531 534 10
531 536 10
531 538 10
531 540 10
531 541 10
531 543 10
531 544 10
531 545 10
531 546 10
531 547 10
531 548 10
531 549 10
531 550 10
531 551 10
531 552 10
531 553 10
531 554 10
531 555 10
531 556 10
531 561 10
531 564 10
531 565 10
531 566 10
531 567 10
531 569 10
531 571 10
531 572 10
531 573 10
531 575 10
531 576 10
531 577 10
531 578 10
531 580 10
531 583 10
531 584 10
531 588 10
531 590 10
531 591 10
531 593 10
531 602 10
531 603 10
531 605 10
531 607 10
531 608 10
531 609 10
531 610 10
531 611 10
531 619 10
531 621 10
531 622 10
531 624 10
531 625 10
531 627 10
531 628 10
531 629 10
531 631 10
531 632 10
531 639 10
531 643 10
531 648 10
531 651 10
531 655 10
531 656 10
531 657 10
531 658 10
531 660 10
531 662 10
531 665 10
531 666 10
531 668 10
531 669 10
531 671 10
531 674 10
531 679 10
531 681 10
531 685 10
531 689 10
532 320 10
532 321 10
532 328 10
532 330 10
532 334 10
532 336 10
532 338 10
532 340 10
532 341 10
532 344 10
532 345 10
532 346 10
532 349 10
532 351 10
532 354 10
532 355 10
532 356 10
532 357 10
532 358 10
532 359 10
532 361 10
532 363 10
532 364 10
532 366 10
532 389 10
532 391 10
532 396 10
532 397 10
532 398 10
532 400 10
532 402 10
532 410 10
532 414 10
532 423 10
532 431 10
532 432 10
532 435 10
532 439 10
532 441 10
532 443 10
532 444 10
532 445 10
532 446 10
532 448 10
532 470 10
532 480 10
532 486 10
532 487 10
532 489 10
532 490 10
532 491 10
532 492 10
532 494 10
532 500 10
532 501 10
532 503 10
532 505 10
532 506 10
532 507 10
532 509 10
532 512 10
532 514 10
532 515 10
532 523 10
532 526 10
532 528 10
532 529 10
532 530 10
532 531 10
532 533 10
532 536 10
532 539 10
532 540 10
532 542 10
532 544 10
532 545 10
532 546 10
532 547 10
532 548 10
532 549 10
532 550 10
532 551 10
532 552 10
532 553 10
532 555 10
532 556 10
532 558 10
532 559 10
532 562 10
532 563 10
532 566 10
532 568 10
532 569 10
532 571 10
532 572 10
532 574 10
532 575 10
532 577 10
532 582 10
532 590 10
532 592 10
532 601 10
532 605 10
532 606 10
532 607 10
532 608 10
532 610 10
532 619 10
532 621 10
532 624 10
532 625 10
532 626 10
532 627 10
532 629 10
532 630 10
532 636 10
532 637 10
532 638 10
532 640 10
532 649 10
532 655 10
532 658 10
532 659 10
532 664 10
532 665 10
532 666 10
532 668 10
532 670 10
532 671 10
532 680 10
532 688 10
532 690 10
532 691 10
532 700 10
533 310 10
533 311 10
533 319 10
533 326 10
533 327 10
533 332 10
533 335 10
533 337 10
533 338 10
533 339 10
533 341 10
533 345 10
533 346 10
533 347 10
533 351 10
533 352 10
533 353 10
533 354 10
533 356 10
533 357 10
533 361 10
533 363 10
533 368 10
533 373 10
533 374 10
533 375 10
533 385 10
533 386 10
533 388 10
533 390 10
533 391 10
533 392 10
533 398 10
533 399 10
533 401 10
533 402 10
533 403 10
533 418 10
533 422 10
533 429 10
533 430 10
533 432 10
533 433 10
533 435 10
533 437 10
533 438 10
533 439 10
533 440 10
533 441 10
533 444 10
533 447 10
533 449 10
533 468 10
533 469 10
533 481 10
533 483 10
533 490 10
533 492 10
533 493 10
533 494 10
533 505 10
533 528 10
533 531 10
533 536 10
533 539 10
533 542 10
533 543 10
533 544 10
533 545 10
533 546 10
533 547 10
533 548 10
533 550 10
533 551 10
533 552 10
533 553 10
533 555 10
533 556 10
533 557 10
533 558 10
533 559 10
533 560 10
533 561 10
533 562 10
533 563 10
533 567 10
533 568 10
533 569 10
533 570 10
533 571 10
533 572 10
533 573 10
533 574 10
533 575 10
533 577 10
533 584 10
533 587 10
533 590 10
533 594 10
533 605 10
533 606 10
533 607 10
533 608 10
533 610 10
533 615 10
533 622 10
533 625 10
533 628 10
533 640 10
533 654 10
533 655 10
533 656 10
533 657 10
533 667 10
533 672 10
533 677 10
533 684 10
533 685 10
533 690 10
534 321 10
534 322 10
534 328 10
534 329 10
534 330 10
534 331 10
534 338 10
534 339 10
534 341 10
534 342 10
534 343 10
534 344 10
534 346 10
534 347 10
534 348 10
534 349 10
534 350 10
534 351 10
534 352 10
534 354 10
534 355 10
534 356 10
534 357 10
534 374 10
534 379 10
534 381 10
534 390 10
534 391 10
534 393 10
534 394 10
534 396 10
534 400 10
534 401 10
534 403 10
534 409 10
534 414 10
534 415 10
534 416 10
534 418 10
534 420 10
534 422 10
534 423 10
534 426 10
534 430 10
534 436 10
534 444 10
534 448 10
534 451 10
534 460 10
534 466 10
534 467 10
534 468 10
534 478 10
534 479 10
534 487 10
534 492 10
534 495 10
534 496 10
534 497 10
534 500 10
534 502 10
534 503 10
534 508 10
534 509 10
534 511 10
534 512 10
534 513 10
534 527 10
534 529 10
534 530 10
534 531 10
534 536 10
534 539 10
534 541 10
534 542 10
534 543 10
534 544 10
534 545 10
534 546 10
534 547 10
534 548 10
534 549 10
534 550 10
534 551 10
534 552 10
534 553 10
534 554 10
534 556 10
534 557 10
534 560 10
534 562 10
534 564 10
534 565 10
534 566 10
534 570 10
534 571 10
534 572 10
534 573 10
534 575 10
534 576 10
534 593 10
534 605 10
534 608 10
534 610 10
534 623 10
534 624 10
534 626 10
534 627 10
534 635 10
534 640 10
534 642 10
534 643 10
534 644 10
534 646 10
534 649 10
534 651 10
534 654 10
534 662 10
534 663 10
534 665 10
534 668 10
534 669 10
534 683 10
534 688 10
534 696 10
535 320 10
535 321 10
535 323 10
535 326 10
535 327 10
535 333 10
535 337 10
535 341 10
535 343 10
535 344 10
535 345 10
535 346 10
535 347 10
535 348 10
535 349 10
535 354 10
535 355 10
535 356 10
535 357 10
535 358 10
535 359 10
535 364 10
535 365 10
535 367 10
535 373 10
535 374 10
535 379 10
535 385 10
535 386 10
535 388 10
535 391 10
535 393 10
535 395 10
535 396 10
535 398 10
535 399 10
535 400 10
535 415 10
535 417 10
535 419 10
535 420 10
535 423 10
535 425 10
535 426 10
535 427 10
535 430 10
535 433 10
535 436 10
535 437 10
535 440 10
535 446 10
535 448 10
535 459 10
535 464 10
535 467 10
535 482 10
535 487 10
535 492 10
535 494 10
535 496 10
535 497 10
535 499 10
535 500 10
535 504 10
535 506 10
535 507 10
535 508 10
535 509 10
535 510 10
535 525 10
535 526 10
535 527 10
535 539 10
535 540 10
535 542 10
535 543 10
535 544 10
535 545 10
535 546 10
535 547 10
535 548 10
535 550 10
535 551 10
535 553 10
535 555 10
535 556 10
535 557 10
535 558 10
535 559 10
535 560 10
535 561 10
535 562 10
535 563 10
535 564 10
535 565 10
535 568 10
535 570 10
535 572 10
535 573 10
535 575 10
535 576 10
535 588 10
535 589 10
535 590 10
535 591 10
535 594 10
535 595 10
535 597 10
535 606 10
535 607 10
535 609 10
535 610 10
535 611 10
535 612 10
535 616 10
535 623 10
535 624 10
535 626 10
535 627 10
535 631 10
535 632 10
535 637 10
535 638 10
535 639 10
535 640 10
535 641 10
535 642 10
535 644 10
535 653 10
535 659 10
535 664 10
535 667 10
535 668 10
535 669 10
535 681 10
535 683 10
535 685 10
535 686 10
535 688 10
535 690 10
535 692 10
535 696 10
535 699 10
536 321 10
536 323 10
536 324 10
536 325 10
536 327 10
536 328 10
536 339 10
536 341 10
536 344 10
536 345 10
536 346 10
536 348 10
536 350 10
536 351 10
536 354 10
536 355 10
536 357 10
536 358 10
536 362 10
536 366 10
536 370 10
536 373 10
536 380 10
536 382 10
536 383 10
536 385 10
536 387 10
536 388 10
536 389 10
536 391 10
536 395 10
536 398 10
536 399 10
536 401 10
536 402 10
536 403 10
536 404 10
536 408 10
536 409 10
536 415 10
536 418 10
536 419 10
536 420 10
536 421 10
536 422 10
536 423 10
536 425 10
536 435 10
536 436 10
536 438 10
536 443 10
536 446 10
536 448 10
536 460 10
536 462 10
536 467 10
536 469 10
536 483 10
536 488 10
536 491 10
536 493 10
536 494 10
536 495 10
536 497 10
536 502 10
536 503 10
536 504 10
536 505 10
536 508 10
536 524 10
536 525 10
536 526 10
536 527 10
536 528 10
536 533 10
536 535 10
536 537 10
536 538 10
536 542 10
536 543 10
536 544 10
536 545 10
536 546 10
536 547 10
536 548 10
536 549 10
536 551 10
536 552 10
536 553 10
536 554 10
536 556 10
536 557 10
536 558 10
536 559 10
536 560 10
536 561 10
536 563 10
536 565 10
536 566 10
536 567 10
536 568 10
536 569 10
536 570 10
536 571 10
536 572 10
536 574 10
536 575 10
536 579 10
536 587 10
536 589 10
536 591 10
536 593 10
536 608 10
536 609 10
536 610 10
536 616 10
536 619 10
536 622 10
536 623 10
536 624 10
536 625 10
536 626 10
536 627 10
536 629 10
536 637 10
536 638 10
536 639 10
536 642 10
536 643 10
536 645 10
536 650 10
536 651 10
536 661 10
536 663 10
536 675 10
536 681 10
536 682 10
536 683 10
537 319 10
537 328 10
537 341 10
537 344 10
537 348 10
537 351 10
537 353 10
537 354 10
537 355 10
537 358 10
537 359 10
537 360 10
537 365 10
537 366 10
537 370 10
537 372 10
537 376 10
537 379 10
537 381 10
537 382 10
537 384 10
537 385 10
537 387 10
537 388 10
537 389 10
537 390 10
537 392 10
537 394 10
537 395 10
537 397 10
537 399 10
537 400 10
537 403 10
537 412 10
537 416 10
537 418 10
537 420 10
537 421 10
537 423 10
537 424 10
537 425 10
537 429 10
537 438 10
537 448 10
537 451 10
537 461 10
537 463 10
537 465 10
537 466 10
537 468 10
537 482 10
537 489 10
537 490 10
537 495 10
537 497 10
537 498 10
537 499 10
537 500 10
537 502 10
537 503 10
537 505 10
537 507 10
537 508 10
537 525 10
537 526 10
537 528 10
537 530 10
537 533 10
537 534 10
537 536 10
537 538 10
537 540 10
537 542 10
537 543 10
537 544 10
537 545 10
537 546 10
537 547 10
537 548 10
537 552 10
537 553 10
537 554 10
537 555 10
537 556 10
537 559 10
537 560 10
537 562 10
537 563 10
537 570 10
537 571 10
537 573 10
537 574 10
537 577 10
537 579 10
537 581 10
537 587 10
537 588 10
537 590 10
537 591 10
537 592 10
537 593 10
537 594 10
537 604 10
537 606 10
537 607 10
537 610 10
537 612 10
537 613 10
537 617 10
537 621 10
537 624 10
537 625 10
537 626 10
537 627 10
537 628 10
537 635 10
537 638 10
537 639 10
537 640 10
537 641 10
537 645 10
537 647 10
537 654 10
537 655 10
537 656 10
537 657 10
537 667 10
537 673 10
537 674 10
537 682 10
537 685 10
537 686 10
537 691 10
538 320 10
538 325 10
538 330 10
538 333 10
538 337 10
538 338 10
538 342 10
538 343 10
538 344 10
538 345 10
538 346 10
538 347 10
538 348 10
538 350 10
538 351 10
538 352 10
538 355 10
538 356 10
538 357 10
538 364 10
538 370 10
538 372 10
538 379 10
538 380 10
538 384 10
538 385 10
538 387 10
538 388 10
538 390 10
538 391 10
538 392 10
538 394 10
538 400 10
538 401 10
538 402 10
538 403 10
538 404 10
538 409 10
538 417 10
538 421 10
538 422 10
538 423 10
538 424 10
538 427 10
538 432 10
538 433 10
538 435 10
538 436 10
538 439 10
538 448 10
538 449 10
538 451 10
538 459 10
538 462 10
538 463 10
538 464 10
538 465 10
538 467 10
538 468 10
538 475 10
538 476 10
538 487 10
538 489 10
538 490 10
538 492 10
538 493 10
538 494 10
538 496 10
538 497 10
538 500 10
538 501 10
538 504 10
538 506 10
538 507 10
538 521 10
538 522 10
538 524 10
538 527 10
538 528 10
538 529 10
538 537 10
538 538 10
538 540 10
538 541 10
538 543 10
538 544 10
538 545 10
538 546 10
538 547 10
538 550 10
538 551 10
538 554 10
538 556 10
538 557 10
538 558 10
538 559 10
538 564 10
538 566 10
538 569 10
538 570 10
538 571 10
538 573 10
538 574 10
538 575 10
538 577 10
538 578 10
538 580 10
538 583 10
538 587 10
538 590 10
538 592 10
538 607 10
538 611 10
538 614 10
538 615 10
538 617 10
538 619 10
538 622 10
538 623 10
538 624 10
538 625 10
538 626 10
538 627 10
538 628 10
538 630 10
538 635 10
538 637 10
538 639 10
538 641 10
538 642 10
538 648 10
538 649 10
538 651 10
538 652 10
538 655 10
538 677 10
538 679 10
538 682 10
538 683 10
539 323 10
539 324 10
539 335 10
539 340 10
539 342 10
539 346 10
539 358 10
539 361 10
539 362 10
539 363 10
539 364 10
539 366 10
539 367 10
539 369 10
539 371 10
539 374 10
539 382 10
539 383 10
539 386 10
539 388 10
539 390 10
539 393 10
539 399 10
539 400 10
539 401 10
539 403 10
539 406 10
539 407 10
539 415 10
539 418 10
539 420 10
539 421 10
539 423 10
539 424 10
539 425 10
539 428 10
539 430 10
539 432 10
539 436 10
539 439 10
539 440 10
539 442 10
539 445 10
539 446 10
539 448 10
539 460 10
539 462 10
539 476 10
539 477 10
539 479 10
539 480 10
539 482 10
539 484 10
539 486 10
539 487 10
539 488 10
539 489 10
539 490 10
539 492 10
539 494 10
539 495 10
539 496 10
539 497 10
539 498 10
539 504 10
539 508 10
539 509 10
539 515 10
539 526 10
539 538 10
539 540 10
539 542 10
539 545 10
539 546 10
539 547 10
539 548 10
539 550 10
539 552 10
539 553 10
539 554 10
539 555 10
539 556 10
539 557 10
539 558 10
539 559 10
539 560 10
539 562 10
539 566 10
539 572 10
539 574 10
539 576 10
539 578 10
539 581 10
539 587 10
539 589 10
539 591 10
539 594 10
539 604 10
539 606 10
539 609 10
539 614 10
539 615 10
539 617 10
539 619 10
539 622 10
539 623 10
539 624 10
539 625 10
539 626 10
539 627 10
539 628 10
539 629 10
539 630 10
539 631 10
539 646 10
539 648 10
539 653 10
539 656 10
539 657 10
539 673 10
539 681 10
539 685 10
539 688 10
539 692 10
539 702 10
540 337 10
540 341 10
540 342 10
540 344 10
540 346 10
540 348 10
540 349 10
540 350 10
540 351 10
540 352 10
540 358 10
540 359 10
540 362 10
540 366 10
540 367 10
540 368 10
540 369 10
540 371 10
540 384 10
540 385 10
540 387 10
540 390 10
540 393 10
540 394 10
540 395 10
540 396 10
540 397 10
540 416 10
540 417 10
540 419 10
540 420 10
540 421 10
540 423 10
540 424 10
540 425 10
540 435 10
540 436 10
540 437 10
540 438 10
540 439 10
540 441 10
540 452 10
540 453 10
540 460 10
540 461 10
540 462 10
540 463 10
540 464 10
540 466 10
540 474 10
540 475 10
540 480 10
540 481 10
540 482 10
540 491 10
540 493 10
540 498 10
540 509 10
540 519 10
540 537 10
540 538 10
540 539 10
540 540 10
540 542 10
540 543 10
540 544 10
540 546 10
540 547 10
540 548 10
540 551 10
540 552 10
540 553 10
540 554 10
540 555 10
540 557 10
540 558 10
540 559 10
540 561 10
540 562 10
540 566 10
540 572 10
540 574 10
540 577 10
540 578 10
540 579 10
540 581 10
540 583 10
540 584 10
540 587 10
540 588 10
540 589 10
540 590 10
540 592 10
540 594 10
540 608 10
540 609 10
540 610 10
540 612 10
540 613 10
540 614 10
540 615 10
540 616 10
540 617 10
540 621 10
540 622 10
540 624 10
540 625 10
540 626 10
540 627 10
540 628 10
540 629 10
540 633 10
540 646 10
540 650 10
540 651 10
540 656 10
540 658 10
540 661 10
540 676 10
540 682 10
540 683 10
540 686 10
540 691 10
540 702 10
541 329 10
541 330 10
541 335 10
541 336 10
541 337 10
541 340 10
541 349 10
541 350 10
541 352 10
541 353 10
541 354 10
541 358 10
541 360 10
541 363 10
541 364 10
541 367 10
541 369 10
541 371 10
541 379 10
541 381 10
541 384 10
541 387 10
541 388 10
541 390 10
541 392 10
541 394 10
541 398 10
541 399 10
541 402 10
541 419 10
541 421 10
541 423 10
541 430 10
541 432 10
541 434 10
541 437 10
541 439 10
541 441 10
541 443 10
541 448 10
541 449 10
541 461 10
541 465 10
541 469 10
541 470 10
541 471 10
541 476 10
541 478 10
541 483 10
541 484 10
541 487 10
541 489 10
541 490 10
541 494 10
541 495 10
541 499 10
541 502 10
541 508 10
541 515 10
541 516 10
541 518 10
541 523 10
541 537 10
541 538 10
541 539 10
541 540 10
541 541 10
541 545 10
541 546 10
541 547 10
541 548 10
541 549 10
541 556 10
541 557 10
541 559 10
541 560 10
541 564 10
541 575 10
541 578 10
541 581 10
541 587 10
541 588 10
541 589 10
541 590 10
541 593 10
541 604 10
541 606 10
541 610 10
541 614 10
541 615 10
541 617 10
541 625 10
541 626 10
541 627 10
541 628 10
541 629 10
541 643 10
541 659 10
541 663 10
541 673 10
541 678 10
541 681 10
541 687 10
541 689 10
541 690 10
541 692 10
541 693 10
541 695 10
541 697 10
541 700 10
542 312 10
542 326 10
542 328 10
542 335 10
542 336 10
542 338 10
542 339 10
542 341 10
542 343 10
542 344 10
542 345 10
542 346 10
542 348 10
542 349 10
542 350 10
542 351 10
542 353 10
542 359 10
542 360 10
542 361 10
542 363 10
542 364 10
542 368 10
542 377 10
542 383 10
542 384 10
542 386 10
542 394 10
542 397 10
542 405 10
542 406 10
542 407 10
542 414 10
542 417 10
542 418 10
542 420 10
542 429 10
542 430 10
542 431 10
542 432 10
542 436 10
542 446 10
542 451 10
542 459 10
542 463 10
542 465 10
542 466 10
542 467 10
542 468 10
542 469 10
542 482 10
542 483 10
542 484 10
542 485 10
542 486 10
542 488 10
542 491 10
542 497 10
542 508 10
542 509 10
542 532 10
542 533 10
542 537 10
542 540 10
542 541 10
542 542 10
542 545 10
542 546 10
542 549 10
542 550 10
542 552 10
542 554 10
542 555 10
542 556 10
542 557 10
542 558 10
542 559 10
542 565 10
542 566 10
542 571 10
542 574 10
542 578 10
542 579 10
542 583 10
542 584 10
542 585 10
542 588 10
542 590 10
542 591 10
542 613 10
542 614 10
542 615 10
542 616 10
542 618 10
542 619 10
542 622 10
542 624 10
542 625 10
542 627 10
542 630 10
542 634 10
542 635 10
542 654 10
542 655 10
542 656 10
542 657 10
542 660 10
542 663 10
542 677 10
542 678 10
542 679 10
542 681 10
542 683 10
542 685 10
542 686 10
542 687 10
542 691 10
542 692 10
542 696 10
542 697 10
543 326 10
543 327 10
543 328 10
543 329 10
543 335 10
543 336 10
543 337 10
543 339 10
543 341 10
543 343 10
543 346 10
543 347 10
543 348 10
543 349 10
543 350 10
543 351 10
543 357 10
543 360 10
543 361 10
543 364 10
543 365 10
543 373 10
543 380 10
543 381 10
543 382 10
543 383 10
543 384 10
543 385 10
543 387 10
543 388 10
543 390 10
543 393 10
543 394 10
543 396 10
543 405 10
543 408 10
543 419 10
543 428 10
543 434 10
543 439 10
543 441 10
543 443 10
543 445 10
543 449 10
543 455 10
543 458 10
543 463 10
543 464 10
543 482 10
543 484 10
543 485 10
543 486 10
543 487 10
543 491 10
543 497 10
543 506 10
543 517 10
543 521 10
543 531 10
543 538 10
543 541 10
543 542 10
543 544 10
543 545 10
543 546 10
543 547 10
543 549 10
543 550 10
543 552 10
543 554 10
543 555 10
543 556 10
543 557 10
543 560 10
543 561 10
543 567 10
543 569 10
543 570 10
543 571 10
543 575 10
543 579 10
543 586 10
543 587 10
543 588 10
543 594 10
543 607 10
543 613 10
543 616 10
543 617 10
543 618 10
543 619 10
543 620 10
543 623 10
543 629 10
543 632 10
543 635 10
543 654 10
543 659 10
543 661 10
543 662 10
543 666 10
543 677 10
543 681 10
543 683 10
543 687 10
543 688 10
543 690 10
543 692 10
543 694 10
543 695 10
543 696 10
543 698 10
543 699 10
543 701 10
543 702 10
543 703 10
544 314 10
544 327 10
544 331 10
544 335 10
544 336 10
544 337 10
544 340 10
544 341 10
544 342 10
544 347 10
544 348 10
544 351 10
544 366 10
544 367 10
544 370 10
544 371 10
544 373 10
544 377 10
544 379 10
544 380 10
544 382 10
544 383 10
544 385 10
544 386 10
544 387 10
544 389 10
544 390 10
544 391 10
544 394 10
544 406 10
544 415 10
544 417 10
544 419 10
544 438 10
544 441 10
544 459 10
544 462 10
544 464 10
544 466 10
544 479 10
544 481 10
544 482 10
544 485 10
544 486 10
544 492 10
544 493 10
544 494 10
544 495 10
544 496 10
544 497 10
544 499 10
544 509 10
544 514 10
544 516 10
544 518 10
544 523 10
544 526 10
544 533 10
544 535 10
544 543 10
544 544 10
544 545 10
544 546 10
544 547 10
544 549 10
544 550 10
544 553 10
544 554 10
544 555 10
544 557 10
544 562 10
544 563 10
544 564 10
544 565 10
544 570 10
544 573 10
544 580 10
544 584 10
544 589 10
544 609 10
544 614 10
544 615 10
544 616 10
544 618 10
544 625 10
544 626 10
544 628 10
544 629 10
544 633 10
544 639 10
544 640 10
544 641 10
544 653 10
544 655 10
544 657 10
544 658 10
544 659 10
544 661 10
544 662 10
544 663 10
544 664 10
544 665 10
544 666 10
544 672 10
544 673 10
544 674 10
544 675 10
544 677 10
544 680 10
544 682 10
544 683 10
544 685 10
544 689 10
544 690 10
544 694 10
544 697 10
544 705 10
544 706 10
544 714 10
544 715 10
545 313 10
545 324 10
545 325 10
545 329 10
545 330 10
545 331 10
545 333 10
545 334 10
545 338 10
545 340 10
545 349 10
545 353 10
545 355 10
545 356 10
545 364 10
545 366 10
545 370 10
545 378 10
545 380 10
545 385 10
545 386 10
545 388 10
545 393 10
545 399 10
545 419 10
545 422 10
545 423 10
545 424 10
545 436 10
545 439 10
545 444 10
545 456 10
545 458 10
545 464 10
545 478 10
545 481 10
545 483 10
545 484 10
545 485 10
545 487 10
545 489 10
545 490 10
545 493 10
545 502 10
545 508 10
545 509 10
545 511 10
545 514 10
545 516 10
545 519 10
545 521 10
545 525 10
545 526 10
545 529 10
545 530 10
545 533 10
545 534 10
545 536 10
545 540 10
545 542 10
545 544 10
545 545 10
545 546 10
545 547 10
545 549 10
545 552 10
545 553 10
545 555 10
545 556 10
545 557 10
545 561 10
545 563 10
545 564 10
545 565 10
545 567 10
545 568 10
545 570 10
545 575 10
545 577 10
545 578 10
545 579 10
545 586 10
545 587 10
545 588 10
545 589 10
545 590 10
545 594 10
545 610 10
545 614 10
545 616 10
545 618 10
545 619 10
545 622 10
545 625 10
545 626 10
545 627 10
545 628 10
545 629 10
545 632 10
545 635 10
545 637 10
545 638 10
545 639 10
545 640 10
545 641 10
545 642 10
545 650 10
545 651 10
545 667 10
545 682 10
545 686 10
545 687 10
545 689 10
545 690 10
545 699 10
545 700 10
545 704 10
545 706 10
545 711 10
545 714 10
546 322 10
546 325 10
546 327 10
546 331 10
546 332 10
546 334 10
546 337 10
546 340 10
546 342 10
546 350 10
546 351 10
546 353 10
546 356 10
546 358 10
546 367 10
546 368 10
546 372 10
546 377 10
546 379 10
546 380 10
546 381 10
546 383 10
546 388 10
546 390 10
546 391 10
546 392 10
546 401 10
546 403 10
546 414 10
546 415 10
546 416 10
546 417 10
546 420 10
546 422 10
546 430 10
546 432 10
546 433 10
546 434 10
546 438 10
546 442 10
546 454 10
546 459 10
546 461 10
546 466 10
546 475 10
546 477 10
546 478 10
546 482 10
546 484 10
546 486 10
546 487 10
546 489 10
546 496 10
546 502 10
546 507 10
546 521 10
546 523 10
546 529 10
546 534 10
546 540 10
546 541 10
546 543 10
546 544 10
546 545 10
546 546 10
546 547 10
546 548 10
546 549 10
546 551 10
546 552 10
546 555 10
546 556 10
546 557 10
546 559 10
546 565 10
546 566 10
546 568 10
546 569 10
546 570 10
546 573 10
546 574 10
546 576 10
546 581 10
546 614 10
546 616 10
546 617 10
546 618 10
546 619 10
546 621 10
546 623 10
546 625 10
546 626 10
546 629 10
546 630 10
546 632 10
546 634 10
546 635 10
546 638 10
546 639 10
546 640 10
546 649 10
546 656 10
546 658 10
546 660 10
546 662 10
546 663 10
546 667 10
546 669 10
546 683 10
546 686 10
546 687 10
546 695 10
546 700 10
546 702 10
546 705 10
546 706 10
546 709 10
546 713 10
547 322 10
547 324 10
547 325 10
547 331 10
547 333 10
547 335 10
547 337 10
547 345 10
547 346 10
547 347 10
547 349 10
547 351 10
547 353 10
547 361 10
547 362 10
547 363 10
547 368 10
547 369 10
547 370 10
547 371 10
547 376 10
547 377 10
547 379 10
547 381 10
547 382 10
547 383 10
547 386 10
547 389 10
547 391 10
547 395 10
547 401 10
547 403 10
547 405 10
547 406 10
547 413 10
547 415 10
547 416 10
547 418 10
547 420 10
547 431 10
547 434 10
547 436 10
547 437 10
547 438 10
547 439 10
547 440 10
547 458 10
547 459 10
547 479 10
547 480 10
547 482 10
547 484 10
547 485 10
547 490 10
547 493 10
547 494 10
547 500 10
547 502 10
547 504 10
547 525 10
547 528 10
547 529 10
547 530 10
547 531 10
547 537 10
547 539 10
547 540 10
547 542 10
547 543 10
547 544 10
547 546 10
547 547 10
547 550 10
547 551 10
547 555 10
547 557 10
547 558 10
547 559 10
547 561 10
547 562 10
547 565 10
547 566 10
547 568 10
547 570 10
547 574 10
547 575 10
547 576 10
547 579 10
547 585 10
547 614 10
547 616 10
547 617 10
547 621 10
547 623 10
547 625 10
547 626 10
547 629 10
547 632 10
547 633 10
547 635 10
547 636 10
547 637 10
547 638 10
547 639 10
547 640 10
547 642 10
547 643 10
547 644 10
547 649 10
547 663 10
547 664 10
547 666 10
547 667 10
547 669 10
547 682 10
547 683 10
547 689 10
547 691 10
547 692 10
547 694 10
547 698 10
547 699 10
547 700 10
547 701 10
547 703 10
547 707 10
547 708 10
547 710 10
547 711 10
547 714 10
548 315 10
548 323 10
548 327 10
548 328 10
548 334 10
548 335 10
548 336 10
548 339 10
548 343 10
548 347 10
548 348 10
548 366 10
548 371 10
548 377 10
548 379 10
548 386 10
548 388 10
548 389 10
548 390 10
548 391 10
548 392 10
548 396 10
548 400 10
548 404 10
548 410 10
548 412 10
548 414 10
548 415 10
548 418 10
548 429 10
548 432 10
548 433 10
548 434 10
548 435 10
548 436 10
548 442 10
548 449 10
548 456 10
548 461 10
548 462 10
548 471 10
548 481 10
548 483 10
548 485 10
548 487 10
548 491 10
548 492 10
548 493 10
548 495 10
548 497 10
548 498 10
548 499 10
548 500 10
548 502 10
548 504 10
548 506 10
548 507 10
548 523 10
548 530 10
548 532 10
548 535 10
548 537 10
548 538 10
548 539 10
548 540 10
548 542 10
548 544 10
548 545 10
548 546 10
548 547 10
548 548 10
548 549 10
548 550 10
548 553 10
548 555 10
548 556 10
548 559 10
548 563 10
548 564 10
548 566 10
548 568 10
548 570 10
548 573 10
548 575 10
548 580 10
548 582 10
548 584 10
548 615 10
548 616 10
548 617 10
548 619 10
548 622 10
548 623 10
548 624 10
548 625 10
548 626 10
548 628 10
548 629 10
548 631 10
548 632 10
548 634 10
548 635 10
548 637 10
548 639 10
548 640 10
548 641 10
548 643 10
548 644 10
548 646 10
548 649 10
548 651 10
548 659 10
548 660 10
548 661 10
548 663 10
548 666 10
548 667 10
548 669 10
548 670 10
548 671 10
548 673 10
548 675 10
548 679 10
548 680 10
548 682 10
548 685 10
548 687 10
548 688 10
548 689 10
548 691 10
548 694 10
548 697 10
548 698 10
548 699 10
548 701 10
548 703 10
548 705 10
548 706 10
548 707 10
548 709 10
548 710 10
548 712 10
549 326 10
549 327 10
549 328 10
549 335 10
549 337 10
549 339 10
549 340 10
549 343 10
549 346 10
549 349 10
549 353 10
549 356 10
549 358 10
549 365 10
549 366 10
549 367 10
549 368 10
549 369 10
549 374 10
549 379 10
549 381 10
549 382 10
549 383 10
549 385 10
549 387 10
549 399 10
549 401 10
549 404 10
549 412 10
549 414 10
549 418 10
549 421 10
549 423 10
549 430 10
549 431 10
549 432 10
549 434 10
549 435 10
549 436 10
549 437 10
549 439 10
549 440 10
549 442 10
549 443 10
549 444 10
549 452 10
549 454 10
549 456 10
549 457 10
549 458 10
549 459 10
549 461 10
549 462 10
549 465 10
549 474 10
549 476 10
549 477 10
549 478 10
549 479 10
549 482 10
549 483 10
549 484 10
549 485 10
549 491 10
549 495 10
549 500 10
549 501 10
549 504 10
549 505 10
549 507 10
549 510 10
549 522 10
549 523 10
549 526 10
549 527 10
549 530 10
549 531 10
549 533 10
549 534 10
549 537 10
549 538 10
549 539 10
549 540 10
549 541 10
549 542 10
549 543 10
549 545 10
549 546 10
549 547 10
549 548 10
549 553 10
549 557 10
549 559 10
549 563 10
549 564 10
549 569 10
549 570 10
549 579 10
549 580 10
549 583 10
549 584 10
549 613 10
549 615 10
549 616 10
549 619 10
549 622 10
549 623 10
549 625 10
549 626 10
549 631 10
549 632 10
549 633 10
549 634 10
549 635 10
549 637 10
549 639 10
549 640 10
549 642 10
549 643 10
549 644 10
549 651 10
549 653 10
549 658 10
549 660 10
549 662 10
549 663 10
549 664 10
549 665 10
549 666 10
549 669 10
549 670 10
549 674 10
549 678 10
549 679 10
549 680 10
549 682 10
549 684 10
549 685 10
549 687 10
549 689 10
549 693 10
549 695 10
549 696 10
549 697 10
549 698 10
549 699 10
549 701 10
549 703 10
549 708 10
549 709 10
549 711 10
550 315 10
550 323 10
550 324 10
550 326 10
550 330 10
550 333 10
550 335 10
550 337 10
550 340 10
550 341 10
550 342 10
550 343 10
550 346 10
550 348 10
550 351 10
550 364 10
550 370 10
550 376 10
550 379 10
550 380 10
550 384 10
550 385 10
550 388 10
550 401 10
550 402 10
550 403 10
550 404 10
550 406 10
550 417 10
550 419 10
550 420 10
550 431 10
550 432 10
550 434 10
550 436 10
550 437 10
550 438 10
550 440 10
550 454 10
550 460 10
550 464 10
550 467 10
550 474 10
550 475 10
550 476 10
550 477 10
550 481 10
550 484 10
550 485 10
550 487 10
550 492 10
550 494 10
550 495 10
550 497 10
550 498 10
550 499 10
550 502 10
550 503 10
550 524 10
550 528 10
550 529 10
550 531 10
550 533 10
550 536 10
550 538 10
550 546 10
550 547 10
550 549 10
550 554 10
550 555 10
550 556 10
550 559 10
550 560 10
550 562 10
550 563 10
550 564 10
550 566 10
550 575 10
550 576 10
550 577 10
550 581 10
550 613 10
550 614 10
550 616 10
550 617 10
550 619 10
550 621 10
550 623 10
550 624 10
550 627 10
550 635 10
550 637 10
550 638 10
550 640 10
550 641 10
550 642 10
550 643 10
550 644 10
550 649 10
550 651 10
550 655 10
550 659 10
550 661 10
550 663 10
550 664 10
550 666 10
550 667 10
550 668 10
550 670 10
550 671 10
550 673 10
550 678 10
550 680 10
550 681 10
550 686 10
550 688 10
550 690 10
550 691 10
550 693 10
550 694 10
550 696 10
550 697 10
550 699 10
550 700 10
550 702 10
550 703 10
550 709 10
550 711 10
551 326 10
551 332 10
551 333 10
551 336 10
551 339 10
551 340 10
551 342 10
551 343 10
551 344 10
551 345 10
551 348 10
551 349 10
551 355 10
551 370 10
551 376 10
551 379 10
551 381 10
551 382 10
551 384 10
551 388 10
551 400 10
551 402 10
551 403 10
551 405 10
551 406 10
551 411 10
551 420 10
551 421 10
551 423 10
551 433 10
551 434 10
551 436 10
551 438 10
551 441 10
551 442 10
551 445 10
551 448 10
551 452 10
551 453 10
551 460 10
551 462 10
551 463 10
551 464 10
551 467 10
551 470 10
551 471 10
551 472 10
551 476 10
551 477 10
551 478 10
551 480 10
551 483 10
551 485 10
551 486 10
551 488 10
551 489 10
551 492 10
551 494 10
551 495 10
551 496 10
551 498 10
551 502 10
551 504 10
551 507 10
551 512 10
551 527 10
551 531 10
551 533 10
551 536 10
551 537 10
551 538 10
551 539 10
551 541 10
551 542 10
551 543 10
551 544 10
551 545 10
551 547 10
551 552 10
551 555 10
551 556 10
551 557 10
551 558 10
551 560 10
551 563 10
551 564 10
551 565 10
551 566 10
551 568 10
551 569 10
551 571 10
551 573 10
551 579 10
551 581 10
551 584 10
551 585 10
551 608 10
551 611 10
551 612 10
551 621 10
551 626 10
551 627 10
551 629 10
551 631 10
551 633 10
551 634 10
551 635 10
551 636 10
551 637 10
551 639 10
551 640 10
551 641 10
551 644 10
551 645 10
551 649 10
551 652 10
551 653 10
551 656 10
551 659 10
551 661 10
551 666 10
551 668 10
551 669 10
551 670 10
551 671 10
551 672 10
551 673 10
551 674 10
551 675 10
551 677 10
551 680 10
551 682 10
551 683 10
551 685 10
551 687 10
551 688 10
551 692 10
551 693 10
551 695 10
551 697 10
551 698 10
551 699 10
551 700 10
551 702 10
551 703 10
551 706 10
551 707 10
552 329 10
552 330 10
552 331 10
552 332 10
552 334 10
552 335 10
552 337 10
552 338 10
552 340 10
552 341 10
552 346 10
552 350 10
552 351 10
552 353 10
552 354 10
552 365 10
552 366 10
552 378 10
552 379 10
552 380 10
552 381 10
552 383 10
552 384 10
552 389 10
552 390 10
552 394 10
552 400 10
552 401 10
552 402 10
552 403 10
552 404 10
552 413 10
552 414 10
552 415 10
552 417 10
552 418 10
552 420 10
552 421 10
552 422 10
552 431 10
552 434 10
552 436 10
552 437 10
552 438 10
552 441 10
552 448 10
552 461 10
552 462 10
552 463 10
552 468 10
552 469 10
552 470 10
552 475 10
552 477 10
552 482 10
552 483 10
552 485 10
552 487 10
552 488 10
552 489 10
552 492 10
552 493 10
552 495 10
552 497 10
552 503 10
552 506 10
552 518 10
552 523 10
552 524 10
552 526 10
552 531 10
552 532 10
552 534 10
552 536 10
552 537 10
552 538 10
552 540 10
552 543 10
552 544 10
552 547 10
552 553 10
552 555 10
552 556 10
552 557 10
552 559 10
552 560 10
552 562 10
552 563 10
552 564 10
552 565 10
552 567 10
552 569 10
552 571 10
552 576 10
552 577 10
552 582 10
552 585 10
552 587 10
552 588 10
552 608 10
552 609 10
552 610 10
552 616 10
552 618 10
552 619 10
552 622 10
552 629 10
552 639 10
552 641 10
552 642 10
552 644 10
552 645 10
552 651 10
552 652 10
552 660 10
552 662 10
552 663 10
552 665 10
552 667 10
552 669 10
552 670 10
552 672 10
552 675 10
552 679 10
552 681 10
552 682 10
552 684 10
552 686 10
552 687 10
552 690 10
552 691 10
552 694 10
552 695 10
552 697 10
552 699 10
552 700 10
552 702 10
552 703 10
552 705 10
552 714 10
552 716 10
553 326 10
553 328 10
553 330 10
553 333 10
553 335 10
553 336 10
553 337 10
553 340 10
553 341 10
553 344 10
553 348 10
553 349 10
553 351 10
553 352 10
553 353 10
553 357 10
553 358 10
553 365 10
553 367 10
553 370 10
553 376 10
553 380 10
553 381 10
553 382 10
553 384 10
553 386 10
553 388 10
553 394 10
553 404 10
553 407 10
553 408 10
553 409 10
553 411 10
553 412 10
553 413 10
553 419 10
553 420 10
553 421 10
553 430 10
553 441 10
553 446 10
553 447 10
553 448 10
553 453 10
553 454 10
553 458 10
553 459 10
553 463 10
553 470 10
553 475 10
553 476 10
553 480 10
553 487 10
553 488 10
553 490 10
553 494 10
553 497 10
553 505 10
553 506 10
553 507 10
553 508 10
553 510 10
553 517 10
553 518 10
553 520 10
553 525 10
553 531 10
553 533 10
553 535 10
553 538 10
553 541 10
553 542 10
553 549 10
553 553 10
553 557 10
553 561 10
553 563 10
553 564 10
553 565 10
553 566 10
553 567 10
553 568 10
553 569 10
553 570 10
553 579 10
553 580 10
553 581 10
553 586 10
553 599 10
553 606 10
553 607 10
553 610 10
553 611 10
553 615 10
553 616 10
553 618 10
553 622 10
553 623 10
553 635 10
553 636 10
553 639 10
553 640 10
553 642 10
553 648 10
553 649 10
553 650 10
553 656 10
553 658 10
553 660 10
553 661 10
553 662 10
553 664 10
553 665 10
553 666 10
553 667 10
553 668 10
553 669 10
553 673 10
553 676 10
553 677 10
553 680 10
553 682 10
553 686 10
553 690 10
553 691 10
553 694 10
553 696 10
553 697 10
553 698 10
553 703 10
553 704 10
553 705 10
553 707 10
553 716 10
554 313 10
554 317 10
554 326 10
554 327 10
554 331 10
554 337 10
554 340 10
554 343 10
554 344 10
554 350 10
554 355 10
554 356 10
554 357 10
554 363 10
554 366 10
554 367 10
554 368 10
554 370 10
554 375 10
554 377 10
554 385 10
554 386 10
554 388 10
554 393 10
554 402 10
554 403 10
554 404 10
554 405 10
554 406 10
554 408 10
554 409 10
554 410 10
554 411 10
554 413 10
554 414 10
554 420 10
554 421 10
554 422 10
554 435 10
554 436 10
554 438 10
554 440 10
554 441 10
554 446 10
554 449 10
554 450 10
554 452 10
554 453 10
554 454 10
554 468 10
554 469 10
554 475 10
554 478 10
554 480 10
554 482 10
554 485 10
554 487 10
554 492 10
554 494 10
554 495 10
554 496 10
554 503 10
554 504 10
554 505 10
554 507 10
554 511 10
554 513 10
554 519 10
554 534 10
554 538 10
554 543 10
554 546 10
554 553 10
554 558 10
554 559 10
554 561 10
554 562 10
554 563 10
554 564 10
554 565 10
554 566 10
554 567 10
554 568 10
554 569 10
554 571 10
554 577 10
554 578 10
554 579 10
554 601 10
554 608 10
554 609 10
554 610 10
554 611 10
554 615 10
554 617 10
554 619 10
554 620 10
554 625 10
554 637 10
554 639 10
554 640 10
554 643 10
554 644 10
554 645 10
554 650 10
554 658 10
554 662 10
554 663 10
554 665 10
554 666 10
554 668 10
554 669 10
554 670 10
554 672 10
554 673 10
554 674 10
554 675 10
554 690 10
554 692 10
554 694 10
554 696 10
554 697 10
554 700 10
554 702 10
554 703 10
554 704 10
554 705 10
554 707 10
554 714 10
554 718 10
555 315 10
555 324 10
555 329 10
555 332 10
555 333 10
555 334 10
555 336 10
555 339 10
555 343 10
555 344 10
555 347 10
555 354 10
555 355 10
555 357 10
555 358 10
555 360 10
555 361 10
555 363 10
555 364 10
555 365 10
555 367 10
555 368 10
555 369 10
555 375 10
555 376 10
555 378 10
555 381 10
555 382 10
555 383 10
555 384 10
555 385 10
555 387 10
555 388 10
555 389 10
555 401 10
555 403 10
555 404 10
555 405 10
555 406 10
555 410 10
555 411 10
555 427 10
555 435 10
555 441 10
555 443 10
555 444 10
555 445 10
555 447 10
555 451 10
555 454 10
555 458 10
555 460 10
555 461 10
555 463 10
555 468 10
555 469 10
555 471 10
555 472 10
555 474 10
555 479 10
555 480 10
555 483 10
555 484 10
555 485 10
555 486 10
555 489 10
555 491 10
555 494 10
555 505 10
555 506 10
555 507 10
555 511 10
555 513 10
555 516 10
555 531 10
555 534 10
555 539 10
555 544 10
555 545 10
555 550 10
555 551 10
555 553 10
555 554 10
555 555 10
555 557 10
555 558 10
555 561 10
555 562 10
555 564 10
555 566 10
555 567 10
555 568 10
555 570 10
555 573 10
555 575 10
555 577 10
555 583 10
555 585 10
555 601 10
555 602 10
555 604 10
555 606 10
555 608 10
555 609 10
555 615 10
555 617 10
555 618 10
555 621 10
555 622 10
555 623 10
555 630 10
555 634 10
555 636 10
555 637 10
555 638 10
555 639 10
555 640 10
555 641 10
555 642 10
555 643 10
555 646 10
555 649 10
555 656 10
555 661 10
555 663 10
555 664 10
555 665 10
555 666 10
555 667 10
555 668 10
555 669 10
555 670 10
555 671 10
555 673 10
555 674 10
555 675 10
555 677 10
555 686 10
555 692 10
555 694 10
555 696 10
555 700 10
555 701 10
555 703 10
555 716 10
556 314 10
556 316 10
556 329 10
556 331 10
556 334 10
556 335 10
556 338 10
556 339 10
556 341 10
556 349 10
556 350 10
556 354 10
556 356 10
556 357 10
556 358 10
556 360 10
556 362 10
556 368 10
556 369 10
556 370 10
556 372 10
556 376 10
556 377 10
556 383 10
556 384 10
556 386 10
556 387 10
556 390 10
556 392 10
556 394 10
556 398 10
556 400 10
556 401 10
556 402 10
556 403 10
556 404 10
556 406 10
556 407 10
556 408 10
556 413 10
556 414 10
556 415 10
556 424 10
556 427 10
556 436 10
556 445 10
556 447 10
556 449 10
556 451 10
556 453 10
556 454 10
556 455 10
556 457 10
556 462 10
556 472 10
556 473 10
556 475 10
556 479 10
556 481 10
556 485 10
556 491 10
556 495 10
556 497 10
556 504 10
556 511 10
556 516 10
556 518 10
556 531 10
556 532 10
556 534 10
556 541 10
556 542 10
556 549 10
556 550 10
556 551 10
556 554 10
556 557 10
556 562 10
556 564 10
556 567 10
556 568 10
556 570 10
556 574 10
556 575 10
556 577 10
556 579 10
556 585 10
556 587 10
556 588 10
556 590 10
556 598 10
556 603 10
556 605 10
556 610 10
556 616 10
556 617 10
556 619 10
556 623 10
556 624 10
556 632 10
556 635 10
556 636 10
556 639 10
556 640 10
556 643 10
556 646 10
556 647 10
556 653 10
556 655 10
556 660 10
556 663 10
556 666 10
556 668 10
556 669 10
556 686 10
556 690 10
556 691 10
556 692 10
556 693 10
556 696 10
556 697 10
556 701 10
556 702 10
556 703 10
556 705 10
556 711 10
557 317 10
557 324 10
557 326 10
557 327 10
557 328 10
557 329 10
557 332 10
557 333 10
557 334 10
557 336 10
557 343 10
557 344 10
557 347 10
557 349 10
557 351 10
557 357 10
557 359 10
557 360 10
557 362 10
557 365 10
557 366 10
557 367 10
557 368 10
557 370 10
557 377 10
557 381 10
557 383 10
557 384 10
557 386 10
557 387 10
557 388 10
557 390 10
557 392 10
557 394 10
557 396 10
557 400 10
557 404 10
557 405 10
557 407 10
557 408 10
557 409 10
557 410 10
557 425 10
557 435 10
557 438 10
557 439 10
557 445 10
557 448 10
557 449 10
557 450 10
557 451 10
557 454 10
557 456 10
557 457 10
557 462 10
557 465 10
557 466 10
557 470 10
557 471 10
557 473 10
557 474 10
557 475 10
557 477 10
557 479 10
557 480 10
557 482 10
557 483 10
557 486 10
557 487 10
557 493 10
557 505 10
557 508 10
557 516 10
557 518 10
557 519 10
557 539 10
557 540 10
557 541 10
557 550 10
557 552 10
557 554 10
557 555 10
557 557 10
557 558 10
557 562 10
557 565 10
557 568 10
557 572 10
557 574 10
557 575 10
557 577 10
557 578 10
557 580 10
557 583 10
557 586 10
557 588 10
557 589 10
557 591 10
557 598 10
557 603 10
557 610 10
557 613 10
557 618 10
557 619 10
557 620 10
557 621 10
557 623 10
557 628 10
557 637 10
557 639 10
557 640 10
557 642 10
557 643 10
557 644 10
557 645 10
557 646 10
557 648 10
557 655 10
557 656 10
557 661 10
557 664 10
557 665 10
557 667 10
557 671 10
557 672 10
557 674 10
557 675 10
557 677 10
557 691 10
557 695 10
557 698 10
557 699 10
557 700 10
557 703 10
557 709 10
558 322 10
558 330 10
558 331 10
558 334 10
558 336 10
558 338 10
558 340 10
558 341 10
558 349 10
558 353 10
558 360 10
558 364 10
558 368 10
558 372 10
558 374 10
558 378 10
558 379 10
558 383 10
558 385 10
558 386 10
558 389 10
558 390 10
558 392 10
558 393 10
558 394 10
558 396 10
558 397 10
558 401 10
558 402 10
558 403 10
558 404 10
558 405 10
558 406 10
558 407 10
558 408 10
558 433 10
558 434 10
558 436 10
558 441 10
558 442 10
558 448 10
558 450 10
558 451 10
558 452 10
558 453 10
558 454 10
558 460 10
558 463 10
558 464 10
558 465 10
558 467 10
558 470 10
558 472 10
558 474 10
558 475 10
558 476 10
558 477 10
558 482 10
558 485 10
558 491 10
558 492 10
558 496 10
558 515 10
558 517 10
558 518 10
558 519 10
558 520 10
558 541 10
558 547 10
558 553 10
558 556 10
558 560 10
558 561 10
558 562 10
558 564 10
558 565 10
558 566 10
558 569 10
558 572 10
558 574 10
558 579 10
558 580 10
558 582 10
558 584 10
558 587 10
558 589 10
558 590 10
558 591 10
558 598 10
558 604 10
558 605 10
558 608 10
558 615 10
558 623 10
558 625 10
558 628 10
558 629 10
558 636 10
558 637 10
558 641 10
558 642 10
558 644 10
558 645 10
558 649 10
558 658 10
558 669 10
558 674 10
558 702 10
558 711 10
559 322 10
559 327 10
559 330 10
559 332 10
559 334 10
559 336 10
559 338 10
559 339 10
559 341 10
559 342 10
559 343 10
559 344 10
559 347 10
559 348 10
559 352 10
559 353 10
559 356 10
559 358 10
559 359 10
559 364 10
559 366 10
559 370 10
559 372 10
559 376 10
559 379 10
559 380 10
559 381 10
559 382 10
559 384 10
559 385 10
559 387 10
559 388 10
559 391 10
559 396 10
559 397 10
559 399 10
559 401 10
559 402 10
559 403 10
559 405 10
559 406 10
559 407 10
559 408 10
559 409 10
559 410 10
559 423 10
559 426 10
559 432 10
559 434 10
559 435 10
559 436 10
559 445 10
559 446 10
559 450 10
559 452 10
559 454 10
559 455 10
559 465 10
559 468 10
559 469 10
559 470 10
559 471 10
559 472 10
559 474 10
559 475 10
559 479 10
559 480 10
559 485 10
559 505 10
559 514 10
559 517 10
559 537 10
559 538 10
559 554 10
559 563 10
559 567 10
559 569 10
559 572 10
559 574 10
559 579 10
559 583 10
559 584 10
559 585 10
559 588 10
559 607 10
559 608 10
559 619 10
559 620 10
559 630 10
559 637 10
559 639 10
559 641 10
559 643 10
559 645 10
559 647 10
559 648 10
559 658 10
559 675 10
559 691 10
559 695 10
559 697 10
559 703 10
560 330 10
560 333 10
560 334 10
560 335 10
560 338 10
560 339 10
560 342 10
560 346 10
560 349 10
560 350 10
560 353 10
560 354 10
560 358 10
560 359 10
560 361 10
560 364 10
560 365 10
560 367 10
560 368 10
560 371 10
560 373 10
560 374 10
560 375 10
560 376 10
560 378 10
560 380 10
560 382 10
560 383 10
560 384 10
560 385 10
560 387 10
560 388 10
560 389 10
560 390 10
560 391 10
560 395 10
560 396 10
560 398 10
560 400 10
560 402 10
560 404 10
560 406 10
560 407 10
560 409 10
560 410 10
560 413 10
560 425 10
560 427 10
560 431 10
560 437 10
560 440 10
560 442 10
560 445 10
560 450 10
560 451 10
560 452 10
560 453 10
560 454 10
560 465 10
560 466 10
560 467 10
560 469 10
560 471 10
560 472 10
560 474 10
560 476 10
560 478 10
560 480 10
560 482 10
560 516 10
560 517 10
560 518 10
560 519 10
560 520 10
560 539 10
560 541 10
560 543 10
560 562 10
560 567 10
560 569 10
560 572 10
560 573 10
560 575 10
560 585 10
560 587 10
560 589 10
560 595 10
560 612 10
560 617 10
560 623 10
560 644 10
560 671 10
560 692 10
560 693 10
560 694 10
560 696 10
560 698 10
560 718 10
561 322 10
561 325 10
561 337 10
561 345 10
561 348 10
561 349 10
561 350 10
561 351 10
561 354 10
561 356 10
561 358 10
561 359 10
561 362 10
561 363 10
561 367 10
561 370 10
561 371 10
561 372 10
561 373 10
561 374 10
561 375 10
561 376 10
561 378 10
561 379 10
561 380 10
561 381 10
561 382 10
561 383 10
561 387 10
561 390 10
561 392 10
561 393 10
561 395 10
561 397 10
561 398 10
561 400 10
561 402 10
561 403 10
561 404 10
561 405 10
561 406 10
561 409 10
561 410 10
561 425 10
561 426 10
561 428 10
561 432 10
561 433 10
561 434 10
561 436 10
561 441 10
561 443 10
561 444 10
561 445 10
561 447 10
561 450 10
561 451 10
561 459 10
561 466 10
561 469 10
561 470 10
561 474 10
561 478 10
561 482 10
561 500 10
561 515 10
561 518 10
561 519 10
561 524 10
561 526 10
561 535 10
561 537 10
561 539 10
561 541 10
561 552 10
561 562 10
561 564 10
561 565 10
561 566 10
561 567 10
561 568 10
561 572 10
561 574 10
561 575 10
561 578 10
561 581 10
561 585 10
561 588 10
561 590 10
561 591 10
561 592 10
561 593 10
561 595 10
561 600 10
561 602 10
561 607 10
561 609 10
561 612 10
561 623 10
561 628 10
561 629 10
561 640 10
561 642 10
561 644 10
561 645 10
561 646 10
561 648 10
561 649 10
561 660 10
561 661 10
561 664 10
561 667 10
561 688 10
561 691 10
561 694 10
561 695 10
561 696 10
561 697 10
561 723 10
562 345 10
562 352 10
562 353 10
562 355 10
562 359 10
562 362 10
562 364 10
562 370 10
562 372 10
562 374 10
562 375 10
562 376 10
562 382 10
562 383 10
562 387 10
562 390 10
562 396 10
562 397 10
562 401 10
562 403 10
562 404 10
562 407 10
562 409 10
562 411 10
562 412 10
562 427 10
562 430 10
562 431 10
562 447 10
562 450 10
562 453 10
562 457 10
562 458 10
562 465 10
562 466 10
562 469 10
562 474 10
562 476 10
562 478 10
562 481 10
562 490 10
562 513 10
562 539 10
562 542 10
562 545 10
562 555 10
562 557 10
562 561 10
562 562 10
562 563 10
562 564 10
562 565 10
562 566 10
562 568 10
562 570 10
562 572 10
562 575 10
562 579 10
562 580 10
562 586 10
562 592 10
562 607 10
562 608 10
562 611 10
562 620 10
562 622 10
562 628 10
562 629 10
562 630 10
562 631 10
562 635 10
562 637 10
562 640 10
562 642 10
562 648 10
562 658 10
562 687 10
562 692 10
562 693 10
562 694 10
562 698 10
562 699 10
562 701 10
562 712 10
562 715 10
562 718 10
562 725 10
563 336 10
563 344 10
563 345 10
563 349 10
563 351 10
563 359 10
563 364 10
563 365 10
563 370 10
563 372 10
563 373 10
563 374 10
563 377 10
563 379 10
563 384 10
563 392 10
563 397 10
563 398 10
563 399 10
563 402 10
563 403 10
563 404 10
563 405 10
563 425 10
563 426 10
563 427 10
563 430 10
563 432 10
563 434 10
563 436 10
563 438 10
563 443 10
563 444 10
563 445 10
563 448 10
563 449 10
563 451 10
563 453 10
563 455 10
563 459 10
563 461 10
563 464 10
563 473 10
563 474 10
563 512 10
563 520 10
563 522 10
563 528 10
563 533 10
563 534 10
563 536 10
563 540 10
563 542 10
563 556 10
563 562 10
563 564 10
563 565 10
563 566 10
563 572 10
563 574 10
563 577 10
563 579 10
563 582 10
563 583 10
563 584 10
563 585 10
563 587 10
563 592 10
563 601 10
563 620 10
563 622 10
563 624 10
563 626 10
563 628 10
563 630 10
563 634 10
563 635 10
563 647 10
563 650 10
563 652 10
563 659 10
563 676 10
563 683 10
563 684 10
563 691 10
563 692 10
563 693 10
563 694 10
563 697 10
563 701 10
563 717 10
563 719 10
563 720 10
563 723 10
564 342 10
564 345 10
564 347 10
564 355 10
564 363 10
564 364 10
564 369 10
564 372 10
564 380 10
564 389 10
564 390 10
564 393 10
564 394 10
564 399 10
564 400 10
564 401 10
564 402 10
564 403 10
564 404 10
564 406 10
564 407 10
564 410 10
564 411 10
564 419 10
564 427 10
564 428 10
564 430 10
564 432 10
564 433 10
564 444 10
564 450 10
564 452 10
564 453 10
564 458 10
564 466 10
564 471 10
564 474 10
564 475 10
564 477 10
564 484 10
564 486 10
564 512 10
564 521 10
564 523 10
564 529 10
564 531 10
564 532 10
564 534 10
564 535 10
564 536 10
564 537 10
564 538 10
564 546 10
564 551 10
564 552 10
564 562 10
564 564 10
564 565 10
564 566 10
564 569 10
564 571 10
564 572 10
564 574 10
564 575 10
564 578 10
564 581 10
564 582 10
564 603 10
564 608 10
564 609 10
564 611 10
564 616 10
564 621 10
564 624 10
564 628 10
564 629 10
564 632 10
564 634 10
564 635 10
564 638 10
564 640 10
564 644 10
564 655 10
564 657 10
564 658 10
564 660 10
564 662 10
564 672 10
564 676 10
564 689 10
564 690 10
564 692 10
564 693 10
564 701 10
564 705 10
564 714 10
564 717 10
564 718 10
564 719 10
564 721 10
564 725 10
565 344 10
565 346 10
565 352 10
565 363 10
565 366 10
565 367 10
565 370 10
565 371 10
565 372 10
565 373 10
565 377 10
565 378 10
565 384 10
565 401 10
565 402 10
565 404 10
565 405 10
565 408 10
565 412 10
565 414 10
565 428 10
565 430 10
565 431 10
565 434 10
565 442 10
565 444 10
565 446 10
565 447 10
565 448 10
565 450 10
565 451 10
565 453 10
565 454 10
565 466 10
565 467 10
565 469 10
565 472 10
565 474 10
565 477 10
565 478 10
565 481 10
565 483 10
565 485 10
565 486 10
565 488 10
565 512 10
565 520 10
565 532 10
565 537 10
565 550 10
565 553 10
565 558 10
565 563 10
565 564 10
565 567 10
565 568 10
565 573 10
565 576 10
565 577 10
565 579 10
565 582 10
565 584 10
565 585 10
565 587 10
565 589 10
565 591 10
565 602 10
565 603 10
565 605 10
565 606 10
565 612 10
565 613 10
565 617 10
565 618 10
565 626 10
565 627 10
565 628 10
565 629 10
565 632 10
565 636 10
565 640 10
565 654 10
565 656 10
565 658 10
565 660 10
565 662 10
565 667 10
565 678 10
565 680 10
565 681 10
565 682 10
565 683 10
565 684 10
565 688 10
565 690 10
565 694 10
565 699 10
565 701 10
565 702 10
565 703 10
565 713 10
565 716 10
565 720 10
566 347 10
566 348 10
566 349 10
566 355 10
566 358 10
566 364 10
566 366 10
566 368 10
566 372 10
566 373 10
566 374 10
566 377 10
566 379 10
566 382 10
566 387 10
566 388 10
566 389 10
566 394 10
566 396 10
566 397 10
566 399 10
566 400 10
566 402 10
566 404 10
566 405 10
566 406 10
566 407 10
566 408 10
566 411 10
566 413 10
566 414 10
566 423 10
566 426 10
566 429 10
566 431 10
566 432 10
566 433 10
566 434 10
566 436 10
566 440 10
566 444 10
566 446 10
566 447 10
566 448 10
566 450 10
566 452 10
566 453 10
566 458 10
566 467 10
566 479 10
566 481 10
566 483 10
566 484 10
566 485 10
566 488 10
566 489 10
566 510 10
566 511 10
566 520 10
566 523 10
566 525 10
566 528 10
566 530 10
566 531 10
566 538 10
566 545 10
566 551 10
566 554 10
566 556 10
566 565 10
566 566 10
566 568 10
566 570 10
566 572 10
566 573 10
566 574 10
566 575 10
566 580 10
566 581 10
566 583 10
566 603 10
566 605 10
566 608 10
566 618 10
566 619 10
566 620 10
566 621 10
566 622 10
566 624 10
566 626 10
566 631 10
566 634 10
566 635 10
566 636 10
566 638 10
566 639 10
566 645 10
566 653 10
566 655 10
566 658 10
566 659 10
566 662 10
566 664 10
566 665 10
566 666 10
566 668 10
566 673 10
566 676 10
566 677 10
566 680 10
566 683 10
566 691 10
566 701 10
566 703 10
566 715 10
566 717 10
567 335 10
567 336 10
567 343 10
567 345 10
567 346 10
567 352 10
567 354 10
567 359 10
567 360 10
567 363 10
567 366 10
567 367 10
567 368 10
567 370 10
567 371 10
567 376 10
567 378 10
567 379 10
567 384 10
567 386 10
567 387 10
567 392 10
567 397 10
567 406 10
567 411 10
567 427 10
567 429 10
567 430 10
567 431 10
567 432 10
567 433 10
567 435 10
567 440 10
567 441 10
567 443 10
567 444 10
567 445 10
567 446 10
567 447 10
567 448 10
567 450 10
567 451 10
567 453 10
567 454 10
567 456 10
567 457 10
567 460 10
567 461 10
567 462 10
567 463 10
567 465 10
567 466 10
567 467 10
567 469 10
567 471 10
567 483 10
567 485 10
567 486 10
567 492 10
567 493 10
567 503 10
567 510 10
567 512 10
567 518 10
567 524 10
567 528 10
567 532 10
567 533 10
567 535 10
567 537 10
567 545 10
567 546 10
567 569 10
567 570 10
567 573 10
567 574 10
567 576 10
567 577 10
567 578 10
567 580 10
567 582 10
567 588 10
567 592 10
567 601 10
567 602 10
567 603 10
567 607 10
567 609 10
567 617 10
567 618 10
567 620 10
567 628 10
567 629 10
567 630 10
567 631 10
567 632 10
567 634 10
567 636 10
567 637 10
567 641 10
567 642 10
567 653 10
567 654 10
567 656 10
567 657 10
567 658 10
567 667 10
567 671 10
567 678 10
567 680 10
567 681 10
567 683 10
567 689 10
567 718 10
567 726 10
567 728 10
568 335 10
568 336 10
568 338 10
568 343 10
568 344 10
568 345 10
568 347 10
568 348 10
568 351 10
568 352 10
568 356 10
568 358 10
568 363 10
568 364 10
568 369 10
568 370 10
568 372 10
568 373 10
568 377 10
568 378 10
568 379 10
568 389 10
568 392 10
568 397 10
568 399 10
568 400 10
568 401 10
568 403 10
568 405 10
568 426 10
568 430 10
568 432 10
568 433 10
568 435 10
568 437 10
568 438 10
568 441 10
568 443 10
568 446 10
568 447 10
568 449 10
568 450 10
568 452 10
568 453 10
568 458 10
568 460 10
568 465 10
568 466 10
568 468 10
568 469 10
568 470 10
568 473 10
568 475 10
568 476 10
568 482 10
568 484 10
568 487 10
568 488 10
568 491 10
568 504 10
568 508 10
568 510 10
568 517 10
568 521 10
568 522 10
568 523 10
568 524 10
568 527 10
568 528 10
568 529 10
568 530 10
568 536 10
568 543 10
568 545 10
568 547 10
568 555 10
568 556 10
568 558 10
568 564 10
568 565 10
568 570 10
568 571 10
568 573 10
568 574 10
568 577 10
568 578 10
568 580 10
568 581 10
568 590 10
568 601 10
568 603 10
568 605 10
568 606 10
568 609 10
568 612 10
568 613 10
568 614 10
568 616 10
568 617 10
568 618 10
568 619 10
568 620 10
568 621 10
568 622 10
568 623 10
568 627 10
568 629 10
568 632 10
568 633 10
568 634 10
568 637 10
568 638 10
568 640 10
568 641 10
568 650 10
568 651 10
568 653 10
568 655 10
568 656 10
568 657 10
568 661 10
568 667 10
568 668 10
568 671 10
568 673 10
568 674 10
568 677 10
568 680 10
568 681 10
568 683 10
568 689 10
568 690 10
568 691 10
568 692 10
568 693 10
568 698 10
568 713 10
568 715 10
568 723 10
568 725 10
568 728 10
569 338 10
569 343 10
569 344 10
569 345 10
569 350 10
569 351 10
569 352 10
569 357 10
569 361 10
569 362 10
569 363 10
569 364 10
569 365 10
569 366 10
569 367 10
569 369 10
569 370 10
569 374 10
569 376 10
569 377 10
569 378 10
569 387 10
569 393 10
569 394 10
569 395 10
569 398 10
569 399 10
569 401 10
569 403 10
569 404 10
569 405 10
569 410 10
569 417 10
569 429 10
569 431 10
569 434 10
569 435 10
569 436 10
569 439 10
569 440 10
569 442 10
569 446 10
569 447 10
569 448 10
569 451 10
569 455 10
569 467 10
569 468 10
569 472 10
569 475 10
569 485 10
569 489 10
569 507 10
569 508 10
569 511 10
569 514 10
569 515 10
569 517 10
569 524 10
569 526 10
569 527 10
569 528 10
569 532 10
569 534 10
569 539 10
569 540 10
569 542 10
569 543 10
569 544 10
569 545 10
569 546 10
569 548 10
569 552 10
569 554 10
569 556 10
569 557 10
569 558 10
569 569 10
569 570 10
569 572 10
569 573 10
569 575 10
569 576 10
569 578 10
569 579 10
569 581 10
569 599 10
569 604 10
569 606 10
569 608 10
569 616 10
569 618 10
569 619 10
569 623 10
569 624 10
569 626 10
569 629 10
569 630 10
569 632 10
569 636 10
569 640 10
569 641 10
569 642 10
569 657 10
569 658 10
569 659 10
569 660 10
569 666 10
569 678 10
569 679 10
569 680 10
569 682 10
569 683 10
569 689 10
569 692 10
569 718 10
569 719 10
569 720 10
569 721 10
569 725 10
570 342 10
570 343 10
570 344 10
570 350 10
570 351 10
570 352 10
570 353 10
570 355 10
570 358 10
570 359 10
570 362 10
570 364 10
570 365 10
570 367 10
570 371 10
570 375 10
570 376 10
570 391 10
570 393 10
570 397 10
570 400 10
570 401 10
570 402 10
570 405 10
570 407 10
570 408 10
570 409 10
570 410 10
570 417 10
570 420 10
570 421 10
570 426 10
570 429 10
570 430 10
570 433 10
570 434 10
570 438 10
570 441 10
570 446 10
570 448 10
570 450 10
570 452 10
570 454 10
570 457 10
570 458 10
570 460 10
570 461 10
570 465 10
570 467 10
570 468 10
570 469 10
570 470 10
570 471 10
570 473 10
570 474 10
570 475 10
570 476 10
570 477 10
570 485 10
570 487 10
570 489 10
570 490 10
570 492 10
570 494 10
570 495 10
570 496 10
570 508 10
570 511 10
570 513 10
570 514 10
570 515 10
570 516 10
570 517 10
570 518 10
570 519 10
570 522 10
570 523 10
570 528 10
570 530 10
570 531 10
570 533 10
570 534 10
570 540 10
570 542 10
570 544 10
570 546 10
570 547 10
570 555 10
570 557 10
570 559 10
570 563 10
570 572 10
570 575 10
570 576 10
570 577 10
570 584 10
570 599 10
570 601 10
570 602 10
570 603 10
570 610 10
570 611 10
570 613 10
570 616 10
570 617 10
570 618 10
570 619 10
570 620 10
570 623 10
570 624 10
570 625 10
570 626 10
570 627 10
570 628 10
570 630 10
570 631 10
570 632 10
570 633 10
570 635 10
570 641 10
570 642 10
570 643 10
570 644 10
570 653 10
570 657 10
570 659 10
570 660 10
570 661 10
570 662 10
570 663 10
570 664 10
570 665 10
570 666 10
570 671 10
570 674 10
570 677 10
570 680 10
570 681 10
570 683 10
570 688 10
570 689 10
570 690 10
570 692 10
570 705 10
570 715 10
570 716 10
570 727 10
571 328 10
571 345 10
571 346 10
571 347 10
571 348 10
571 350 10
571 353 10
571 354 10
571 362 10
571 363 10
571 364 10
571 366 10
571 371 10
571 373 10
571 374 10
571 376 10
571 379 10
571 389 10
571 390 10
571 391 10
571 393 10
571 394 10
571 395 10
571 396 10
571 397 10
571 398 10
571 399 10
571 400 10
571 402 10
571 403 10
571 404 10
571 406 10
571 407 10
571 409 10
571 421 10
571 423 10
571 424 10
571 425 10
571 427 10
571 439 10
571 443 10
571 444 10
571 446 10
571 447 10
571 449 10
571 455 10
571 458 10
571 459 10
571 460 10
571 461 10
571 466 10
571 467 10
571 468 10
571 469 10
571 471 10
571 473 10
571 474 10
571 475 10
571 476 10
571 485 10
571 487 10
571 491 10
571 496 10
571 507 10
571 509 10
571 510 10
571 516 10
571 524 10
571 535 10
571 537 10
571 538 10
571 539 10
571 540 10
571 542 10
571 543 10
571 544 10
571 545 10
571 546 10
571 547 10
571 548 10
571 551 10
571 555 10
571 556 10
571 557 10
571 558 10
571 559 10
571 563 10
571 570 10
571 574 10
571 587 10
571 588 10
571 589 10
571 590 10
571 591 10
571 593 10
571 597 10
571 605 10
571 607 10
571 608 10
571 610 10
571 611 10
571 612 10
571 620 10
571 621 10
571 623 10
571 624 10
571 626 10
571 627 10
571 631 10
571 632 10
571 633 10
571 634 10
571 636 10
571 638 10
571 639 10
571 642 10
571 645 10
571 651 10
571 654 10
571 658 10
571 662 10
571 663 10
571 665 10
571 667 10
571 673 10
571 674 10
571 675 10
571 678 10
571 679 10
571 682 10
571 691 10
571 693 10
571 701 10
571 715 10
571 725 10
572 325 10
572 338 10
572 339 10
572 342 10
572 343 10
572 348 10
572 349 10
572 350 10
572 351 10
572 352 10
572 357 10
572 360 10
572 363 10
572 364 10
572 365 10
572 366 10
572 367 10
572 368 10
572 370 10
572 371 10
572 372 10
572 376 10
572 378 10
572 379 10
572 385 10
572 392 10
572 393 10
572 395 10
572 399 10
572 403 10
572 404 10
572 405 10
572 407 10
572 408 10
572 409 10
572 418 10
572 419 10
572 421 10
572 424 10
572 425 10
572 427 10
572 429 10
572 434 10
572 441 10
572 460 10
572 463 10
572 464 10
572 466 10
572 467 10
572 468 10
572 471 10
572 472 10
572 473 10
572 474 10
572 475 10
572 477 10
572 482 10
572 485 10
572 491 10
572 494 10
572 509 10
572 517 10
572 521 10
572 522 10
572 523 10
572 524 10
572 526 10
572 527 10
572 529 10
572 534 10
572 541 10
572 542 10
572 543 10
572 544 10
572 545 10
572 546 10
572 548 10
572 550 10
572 552 10
572 554 10
572 557 10
572 558 10
572 561 10
572 568 10
572 569 10
572 571 10
572 574 10
572 577 10
572 579 10
572 581 10
572 582 10
572 586 10
572 589 10
572 593 10
572 599 10
572 602 10
572 604 10
572 606 10
572 615 10
572 616 10
572 618 10
572 619 10
572 622 10
572 623 10
572 625 10
572 627 10
572 629 10
572 630 10
572 631 10
572 634 10
572 637 10
572 640 10
572 642 10
572 645 10
572 653 10
572 654 10
572 655 10
572 661 10
572 662 10
572 670 10
572 672 10
572 673 10
572 674 10
572 675 10
572 680 10
572 687 10
572 688 10
572 693 10
572 697 10
572 724 10
573 325 10
573 328 10
573 329 10
573 334 10
573 337 10
573 338 10
573 339 10
573 340 10
573 342 10
573 343 10
573 345 10
573 347 10
573 348 10
573 350 10
573 351 10
573 355 10
573 357 10
573 359 10
573 361 10
573 362 10
573 363 10
573 365 10
573 367 10
573 369 10
573 371 10
573 375 10
573 376 10
573 377 10
573 378 10
573 379 10
573 382 10
573 383 10
573 384 10
573 389 10
573 392 10
573 396 10
573 397 10
573 401 10
573 404 10
573 405 10
573 406 10
573 420 10
573 422 10
573 423 10
573 425 10
573 430 10
573 435 10
573 439 10
573 444 10
573 445 10
573 446 10
573 447 10
573 454 10
573 456 10
573 457 10
573 461 10
573 464 10
573 465 10
573 470 10
573 473 10
573 475 10
573 476 10
573 478 10
573 480 10
573 482 10
573 483 10
573 484 10
573 488 10
573 489 10
573 492 10
573 497 10
573 500 10
573 507 10
573 508 10
573 515 10
573 522 10
573 524 10
573 528 10
573 542 10
573 543 10
573 544 10
573 546 10
573 552 10
573 556 10
573 557 10
573 558 10
573 560 10
573 562 10
573 570 10
573 574 10
573 575 10
573 580 10
573 584 10
573 585 10
573 586 10
573 592 10
573 594 10
573 596 10
573 597 10
573 598 10
573 599 10
573 602 10
573 603 10
573 604 10
573 605 10
573 606 10
573 611 10
573 615 10
573 617 10
573 619 10
573 621 10
573 623 10
573 624 10
573 627 10
573 629 10
573 630 10
573 631 10
573 633 10
573 635 10
573 636 10
573 639 10
573 640 10
573 644 10
573 650 10
573 652 10
573 653 10
573 658 10
573 659 10
573 671 10
573 672 10
573 674 10
573 676 10
573 677 10
573 678 10
573 681 10
573 686 10
573 693 10
573 694 10
574 325 10
574 326 10
574 329 10
574 330 10
574 331 10
574 336 10
574 338 10
574 339 10
574 340 10
574 342 10
574 343 10
574 344 10
574 345 10
574 346 10
574 347 10
574 349 10
574 350 10
574 354 10
574 356 10
574 357 10
574 358 10
574 359 10
574 360 10
574 364 10
574 365 10
574 367 10
574 371 10
574 374 10
574 377 10
574 378 10
574 382 10
574 383 10
574 384 10
574 391 10
574 392 10
574 396 10
574 399 10
574 401 10
574 402 10
574 403 10
574 404 10
574 406 10
574 410 10
574 413 10
574 417 10
574 419 10
574 420 10
574 421 10
574 422 10
574 424 10
574 426 10
574 428 10
574 438 10
574 457 10
574 458 10
574 459 10
574 461 10
574 463 10
574 465 10
574 467 10
574 468 10
574 470 10
574 473 10
574 474 10
574 478 10
574 479 10
574 481 10
574 484 10
574 485 10
574 486 10
574 489 10
574 490 10
574 492 10
574 496 10
574 498 10
574 499 10
574 507 10
574 509 10
574 511 10
574 512 10
574 517 10
574 520 10
574 526 10
574 528 10
574 529 10
574 532 10
574 536 10
574 538 10
574 541 10
574 544 10
574 546 10
574 550 10
574 553 10
574 554 10
574 561 10
574 563 10
574 568 10
574 570 10
574 575 10
574 579 10
574 580 10
574 581 10
574 582 10
574 583 10
574 591 10
574 595 10
574 597 10
574 601 10
574 602 10
574 603 10
574 605 10
574 606 10
574 611 10
574 615 10
574 616 10
574 617 10
574 619 10
574 624 10
574 625 10
574 627 10
574 628 10
574 629 10
574 630 10
574 632 10
574 633 10
574 642 10
574 646 10
574 658 10
574 659 10
574 660 10
574 662 10
574 663 10
574 671 10
574 673 10
574 674 10
574 678 10
574 681 10
574 685 10
574 686 10
574 697 10
574 707 10
574 732 10
575 324 10
575 325 10
575 326 10
575 332 10
575 333 10
575 336 10
575 338 10
575 340 10
575 342 10
575 343 10
575 345 10
575 347 10
575 348 10
575 351 10
575 356 10
575 357 10
575 359 10
575 360 10
575 362 10
575 369 10
575 371 10
575 372 10
575 374 10
575 375 10
575 377 10
575 378 10
575 380 10
575 382 10
575 384 10
575 392 10
575 393 10
575 394 10
575 395 10
575 397 10
575 399 10
575 400 10
575 401 10
575 402 10
575 404 10
575 405 10
575 409 10
575 413 10
575 414 10
575 423 10
575 428 10
575 431 10
575 442 10
575 458 10
575 462 10
575 464 10
575 468 10
575 472 10
575 475 10
575 480 10
575 481 10
575 482 10
575 484 10
575 501 10
575 505 10
575 507 10
575 510 10
575 511 10
575 513 10
575 514 10
575 515 10
575 516 10
575 517 10
575 519 10
575 520 10
575 524 10
575 527 10
575 530 10
575 531 10
575 532 10
575 534 10
575 543 10
575 544 10
575 545 10
575 547 10
575 549 10
575 550 10
575 552 10
575 553 10
575 555 10
575 556 10
575 557 10
575 558 10
575 560 10
575 561 10
575 564 10
575 568 10
575 570 10
575 575 10
575 576 10
575 580 10
575 582 10
575 584 10
575 585 10
575 587 10
575 588 10
575 594 10
575 595 10
575 598 10
575 599 10
575 600 10
575 601 10
575 602 10
575 603 10
575 604 10
575 606 10
575 607 10
575 609 10
575 611 10
575 612 10
575 613 10
575 614 10
575 616 10
575 618 10
575 620 10
575 621 10
575 622 10
575 623 10
575 624 10
575 625 10
575 626 10
575 628 10
575 629 10
575 630 10
575 636 10
575 640 10
575 644 10
575 646 10
575 657 10
575 661 10
575 664 10
575 668 10
575 672 10
575 673 10
575 674 10
575 677 10
575 678 10
575 680 10
575 684 10
575 688 10
575 709 10
575 713 10
575 722 10
575 730 10
575 732 10
576 326 10
576 329 10
576 335 10
576 338 10
576 341 10
576 343 10
576 344 10
576 345 10
576 346 10
576 347 10
576 349 10
576 350 10
576 355 10
576 358 10
576 360 10
576 362 10
576 364 10
576 369 10
576 370 10
576 372 10
576 374 10
576 376 10
576 378 10
576 381 10
576 383 10
576 386 10
576 389 10
576 392 10
576 395 10
576 399 10
576 406 10
576 411 10
576 412 10
576 414 10
576 416 10
576 418 10
576 420 10
576 421 10
576 422 10
576 423 10
576 429 10
576 430 10
576 431 10
576 432 10
576 445 10
576 446 10
576 447 10
576 448 10
576 456 10
576 457 10
576 459 10
576 463 10
576 465 10
576 466 10
576 468 10
576 471 10
576 476 10
576 478 10
576 479 10
576 480 10
576 481 10
576 486 10
576 487 10
576 490 10
576 491 10
576 496 10
576 497 10
576 499 10
576 504 10
576 508 10
576 514 10
576 516 10
576 517 10
576 520 10
576 521 10
576 524 10
576 528 10
576 529 10
576 535 10
576 537 10
576 540 10
576 542 10
576 544 10
576 545 10
576 547 10
576 551 10
576 554 10
576 556 10
576 558 10
576 560 10
576 561 10
576 564 10
576 577 10
576 578 10
576 580 10
576 585 10
576 592 10
576 593 10
576 596 10
576 604 10
576 605 10
576 606 10
576 611 10
576 613 10
576 617 10
576 619 10
576 620 10
576 626 10
576 629 10
576 633 10
576 634 10
576 635 10
576 636 10
576 637 10
576 638 10
576 643 10
576 659 10
576 663 10
576 665 10
576 666 10
576 668 10
576 670 10
576 673 10
576 674 10
576 675 10
576 679 10
576 682 10
576 683 10
576 686 10
576 698 10
576 708 10
577 324 10
577 325 10
577 332 10
577 336 10
577 338 10
577 339 10
577 340 10
577 342 10
577 345 10
577 346 10
577 347 10
577 348 10
577 351 10
577 356 10
577 360 10
577 362 10
577 366 10
577 367 10
577 370 10
577 371 10
577 372 10
577 373 10
577 374 10
577 375 10
577 378 10
577 379 10
577 384 10
577 397 10
577 400 10
577 414 10
577 415 10
577 417 10
577 421 10
577 423 10
577 425 10
577 426 10
577 427 10
577 429 10
577 430 10
577 431 10
577 435 10
577 451 10
577 454 10
577 456 10
577 458 10
577 465 10
577 466 10
577 467 10
577 468 10
577 470 10
577 471 10
577 472 10
577 473 10
577 478 10
577 481 10
577 482 10
577 483 10
577 485 10
577 491 10
577 493 10
577 496 10
577 498 10
577 499 10
577 506 10
577 510 10
577 512 10
577 513 10
577 514 10
577 515 10
577 517 10
577 520 10
577 521 10
577 522 10
577 523 10
577 526 10
577 527 10
577 528 10
577 529 10
577 531 10
577 532 10
577 533 10
577 537 10
577 539 10
577 540 10
577 544 10
577 545 10
577 546 10
577 547 10
577 550 10
577 551 10
577 555 10
577 556 10
577 557 10
577 558 10
577 559 10
577 560 10
577 561 10
577 564 10
577 575 10
577 576 10
577 584 10
577 589 10
577 592 10
577 594 10
577 595 10
577 597 10
577 598 10
577 599 10
577 600 10
577 603 10
577 610 10
577 613 10
577 615 10
577 617 10
577 619 10
577 620 10
577 621 10
577 622 10
577 623 10
577 625 10
577 634 10
577 635 10
577 636 10
577 639 10
577 640 10
577 641 10
577 642 10
577 643 10
577 644 10
577 663 10
577 664 10
577 665 10
577 666 10
577 667 10
577 668 10
577 672 10
577 674 10
577 678 10
577 681 10
577 695 10
577 699 10
577 710 10
577 713 10
578 327 10
578 342 10
578 343 10
578 344 10
578 345 10
578 346 10
578 348 10
578 350 10
578 357 10
578 359 10
578 360 10
578 361 10
578 362 10
578 364 10
578 365 10
578 367 10
578 369 10
578 370 10
578 371 10
578 374 10
578 376 10
578 377 10
578 380 10
578 381 10
578 382 10
578 389 10
578 393 10
578 395 10
578 411 10
578 412 10
578 413 10
578 414 10
578 418 10
578 421 10
578 423 10
578 430 10
578 454 10
578 458 10
578 459 10
578 462 10
578 463 10
578 464 10
578 467 10
578 468 10
578 469 10
578 471 10
578 472 10
578 475 10
578 476 10
578 486 10
578 490 10
578 493 10
578 494 10
578 495 10
578 499 10
578 509 10
578 510 10
578 512 10
578 513 10
578 514 10
578 516 10
578 517 10
578 518 10
578 520 10
578 521 10
578 524 10
578 525 10
578 526 10
578 527 10
578 530 10
578 531 10
578 533 10
578 534 10
578 537 10
578 542 10
578 546 10
578 547 10
578 548 10
578 551 10
578 554 10
578 557 10
578 559 10
578 571 10
578 575 10
578 578 10
578 579 10
578 580 10
578 581 10
578 582 10
578 586 10
578 587 10
578 589 10
578 591 10
578 592 10
578 593 10
578 594 10
578 595 10
578 596 10
578 598 10
578 603 10
578 605 10
578 609 10
578 612 10
578 614 10
578 616 10
578 617 10
578 619 10
578 620 10
578 622 10
578 623 10
578 624 10
578 626 10
578 627 10
578 629 10
578 630 10
578 632 10
578 634 10
578 636 10
578 638 10
578 649 10
578 651 10
578 653 10
578 671 10
578 672 10
578 674 10
578 678 10
578 680 10
578 686 10
578 693 10
578 695 10
578 696 10
578 700 10
579 324 10
579 328 10
579 329 10
579 336 10
579 337 10
579 338 10
579 340 10
579 341 10
579 343 10
579 345 10
579 346 10
579 350 10
579 361 10
579 364 10
579 367 10
579 368 10
579 369 10
579 374 10
579 376 10
579 377 10
579 378 10
579 381 10
579 384 10
579 386 10
579 394 10
579 398 10
579 402 10
579 405 10
579 408 10
579 409 10
579 413 10
579 415 10
579 417 10
579 418 10
579 424 10
579 450 10
579 454 10
579 455 10
579 457 10
579 459 10
579 461 10
579 464 10
579 465 10
579 466 10
579 467 10
579 468 10
579 472 10
579 473 10
579 484 10
579 490 10
579 498 10
579 508 10
579 509 10
579 511 10
579 512 10
579 513 10
579 514 10
579 515 10
579 516 10
579 517 10
579 519 10
579 520 10
579 521 10
579 523 10
579 524 10
579 526 10
579 527 10
579 528 10
579 530 10
579 531 10
579 532 10
579 541 10
579 542 10
579 543 10
579 546 10
579 551 10
579 552 10
579 556 10
579 558 10
579 559 10
579 561 10
579 573 10
579 575 10
579 577 10
579 584 10
579 586 10
579 588 10
579 590 10
579 591 10
579 592 10
579 593 10
579 594 10
579 596 10
579 598 10
579 602 10
579 603 10
579 606 10
579 608 10
579 609 10
579 611 10
579 612 10
579 613 10
579 614 10
579 615 10
579 616 10
579 617 10
579 618 10
579 619 10
579 620 10
579 622 10
579 625 10
579 626 10
579 627 10
579 631 10
579 632 10
579 635 10
579 639 10
579 640 10
579 644 10
579 646 10
579 648 10
579 664 10
579 666 10
579 668 10
579 672 10
579 673 10
579 676 10
579 686 10
579 687 10
579 688 10
579 689 10
579 690 10
579 691 10
579 693 10
579 694 10
579 695 10
579 696 10
580 321 10
580 327 10
580 332 10
580 339 10
580 343 10
580 359 10
580 360 10
580 363 10
580 366 10
580 368 10
580 369 10
580 371 10
580 372 10
580 387 10
580 388 10
580 389 10
580 404 10
580 407 10
580 409 10
580 415 10
580 416 10
580 418 10
580 420 10
580 421 10
580 423 10
580 435 10
580 447 10
580 450 10
580 452 10
580 453 10
580 455 10
580 457 10
580 459 10
580 460 10
580 461 10
580 471 10
580 482 10
580 492 10
580 510 10
580 511 10
580 513 10
580 514 10
580 516 10
580 517 10
580 519 10
580 520 10
580 521 10
580 524 10
580 525 10
580 527 10
580 528 10
580 530 10
580 531 10
580 532 10
580 533 10
580 534 10
580 535 10
580 537 10
580 539 10
580 542 10
580 543 10
580 545 10
580 546 10
580 547 10
580 549 10
580 551 10
580 554 10
580 555 10
580 556 10
580 558 10
580 560 10
580 562 10
580 572 10
580 573 10
580 574 10
580 575 10
580 576 10
580 580 10
580 583 10
580 585 10
580 586 10
580 587 10
580 588 10
580 589 10
580 590 10
580 593 10
580 594 10
580 595 10
580 598 10
580 599 10
580 600 10
580 601 10
580 604 10
580 605 10
580 607 10
580 608 10
580 613 10
580 614 10
580 615 10
580 616 10
580 617 10
580 618 10
580 619 10
580 622 10
580 626 10
580 627 10
580 629 10
580 630 10
580 632 10
580 636 10
580 637 10
580 640 10
580 641 10
580 643 10
580 645 10
580 646 10
580 650 10
580 665 10
580 670 10
580 673 10
580 676 10
580 677 10
580 678 10
580 679 10
580 684 10
580 686 10
580 688 10
580 692 10
580 693 10
580 694 10
580 695 10
581 345 10
581 346 10
581 347 10
581 350 10
581 352 10
581 354 10
581 355 10
581 356 10
581 359 10
581 360 10
581 361 10
581 362 10
581 363 10
581 364 10
581 368 10
581 370 10
581 371 10
581 372 10
581 390 10
581 406 10
581 412 10
581 417 10
581 418 10
581 419 10
581 430 10
581 432 10
581 434 10
581 435 10
581 436 10
581 438 10
581 449 10
581 450 10
581 451 10
581 452 10
581 453 10
581 455 10
581 457 10
581 462 10
581 465 10
581 469 10
581 473 10
581 494 10
581 495 10
581 496 10
581 497 10
581 498 10
581 502 10
581 503 10
581 506 10
581 508 10
581 509 10
581 512 10
581 513 10
581 514 10
581 517 10
581 518 10
581 519 10
581 520 10
581 522 10
581 523 10
581 524 10
581 526 10
581 528 10
581 532 10
581 533 10
581 541 10
581 542 10
581 543 10
581 544 10
581 545 10
581 546 10
581 549 10
581 552 10
581 553 10
581 558 10
581 565 10
581 567 10
581 577 10
581 584 10
581 585 10
581 588 10
581 593 10
581 594 10
581 598 10
581 599 10
581 606 10
581 607 10
581 613 10
581 614 10
581 615 10
581 616 10
581 617 10
581 618 10
581 621 10
581 622 10
581 624 10
581 625 10
581 626 10
581 628 10
581 632 10
581 633 10
581 634 10
581 638 10
581 640 10
581 672 10
581 675 10
581 676 10
581 677 10
581 678 10
581 680 10
581 684 10
581 685 10
581 686 10
581 688 10
581 690 10
581 691 10
581 693 10
581 695 10
581 696 10
581 697 10
582 318 10
582 346 10
582 348 10
582 350 10
582 351 10
582 353 10
582 354 10
582 355 10
582 357 10
582 361 10
582 362 10
582 365 10
582 368 10
582 369 10
582 375 10
582 378 10
582 381 10
582 383 10
582 385 10
582 386 10
582 388 10
582 390 10
582 404 10
582 406 10
582 409 10
582 417 10
582 419 10
582 432 10
582 433 10
582 436 10
582 451 10
582 453 10
582 454 10
582 455 10
582 465 10
582 466 10
582 471 10
582 472 10
582 496 10
582 497 10
582 498 10
582 499 10
582 502 10
582 503 10
582 508 10
582 514 10
582 515 10
582 517 10
582 525 10
582 527 10
582 530 10
582 532 10
582 533 10
582 534 10
582 535 10
582 539 10
582 541 10
582 543 10
582 544 10
582 546 10
582 548 10
582 550 10
582 553 10
582 554 10
582 555 10
582 577 10
582 579 10
582 582 10
582 584 10
582 585 10
582 586 10
582 593 10
582 596 10
582 597 10
582 601 10
582 603 10
582 604 10
582 605 10
582 606 10
582 609 10
582 610 10
582 611 10
582 614 10
582 615 10
582 616 10
582 617 10
582 618 10
582 619 10
582 621 10
582 623 10
582 626 10
582 629 10
582 631 10
582 633 10
582 642 10
582 669 10
582 671 10
582 672 10
582 674 10
582 675 10
582 685 10
582 687 10
582 688 10
582 689 10
582 693 10
582 697 10
583 347 10
583 349 10
583 352 10
583 353 10
583 354 10
583 356 10
583 357 10
583 359 10
583 361 10
583 362 10
583 363 10
583 364 10
583 365 10
583 366 10
583 367 10
583 369 10
583 374 10
583 376 10
583 379 10
583 385 10
583 387 10
583 389 10
583 399 10
583 405 10
583 434 10
583 435 10
583 437 10
583 441 10
583 450 10
583 451 10
583 453 10
583 459 10
583 460 10
583 464 10
583 474 10
583 487 10
583 496 10
583 497 10
583 498 10
583 502 10
583 505 10
583 506 10
583 509 10
583 510 10
583 511 10
583 512 10
583 515 10
583 516 10
583 517 10
583 518 10
583 519 10
583 520 10
583 521 10
583 526 10
583 528 10
583 529 10
583 531 10
583 532 10
583 533 10
583 534 10
583 541 10
583 542 10
583 544 10
583 545 10
583 546 10
583 549 10
583 550 10
583 553 10
583 554 10
583 555 10
583 556 10
583 564 10
583 565 10
583 566 10
583 571 10
583 576 10
583 578 10
583 582 10
583 583 10
583 586 10
583 588 10
583 589 10
583 593 10
583 594 10
583 595 10
583 597 10
583 599 10
583 601 10
583 602 10
583 603 10
583 608 10
583 611 10
583 613 10
583 614 10
583 615 10
583 616 10
583 617 10
583 618 10
583 619 10
583 621 10
583 627 10
583 628 10
583 629 10
583 631 10
583 640 10
583 643 10
583 649 10
583 669 10
583 670 10
583 672 10
583 674 10
583 677 10
583 678 10
583 679 10
583 681 10
583 682 10
583 684 10
583 685 10
583 687 10
583 689 10
583 691 10
583 692 10
583 695 10
584 347 10
584 348 10
584 350 10
584 353 10
584 354 10
584 355 10
584 361 10
584 363 10
584 365 10
584 366 10
584 367 10
584 368 10
584 369 10
584 371 10
584 374 10
584 380 10
584 387 10
584 390 10
584 399 10
584 417 10
584 443 10
584 445 10
584 448 10
584 450 10
584 456 10
584 465 10
584 469 10
584 472 10
584 488 10
584 491 10
584 492 10
584 495 10
584 497 10
584 500 10
584 502 10
584 504 10
584 505 10
584 507 10
584 508 10
584 509 10
584 515 10
584 516 10
584 517 10
584 518 10
584 519 10
584 520 10
584 522 10
584 526 10
584 527 10
584 528 10
584 531 10
584 533 10
584 536 10
584 537 10
584 539 10
584 540 10
584 546 10
584 547 10
584 548 10
584 550 10
584 551 10
584 552 10
584 553 10
584 554 10
584 556 10
584 557 10
584 565 10
584 566 10
584 567 10
584 570 10
584 571 10
584 574 10
584 576 10
584 583 10
584 585 10
584 589 10
584 592 10
584 594 10
584 595 10
584 597 10
584 601 10
584 603 10
584 604 10
584 605 10
584 609 10
584 614 10
584 615 10
584 616 10
584 618 10
584 620 10
584 621 10
584 627 10
584 629 10
584 630 10
584 631 10
584 637 10
584 643 10
584 665 10
584 668 10
584 671 10
584 674 10
584 676 10
584 677 10
584 679 10
584 683 10
584 685 10
584 686 10
585 346 10
585 349 10
585 350 10
585 353 10
585 354 10
585 356 10
585 357 10
585 364 10
585 365 10
585 366 10
585 367 10
585 369 10
585 370 10
585 372 10
585 373 10
585 374 10
585 381 10
585 382 10
585 386 10
585 388 10
585 389 10
585 392 10
585 398 10
585 419 10
585 420 10
585 429 10
585 430 10
585 431 10
585 436 10
585 438 10
585 441 10
585 444 10
585 446 10
585 449 10
585 450 10
585 451 10
585 465 10
585 466 10
585 467 10
585 469 10
585 473 10
585 474 10
585 483 10
585 487 10
585 497 10
585 498 10
585 499 10
585 503 10
585 504 10
585 505 10
585 509 10
585 510 10
585 511 10
585 512 10
585 514 10
585 516 10
585 517 10
585 518 10
585 519 10
585 520 10
585 522 10
585 525 10
585 526 10
585 539 10
585 540 10
585 541 10
585 544 10
585 553 10
585 554 10
585 555 10
585 557 10
585 562 10
585 563 10
585 564 10
585 565 10
585 566 10
585 567 10
585 572 10
585 576 10
585 577 10
585 586 10
585 589 10
585 592 10
585 593 10
585 594 10
585 595 10
585 597 10
585 598 10
585 601 10
585 602 10
585 605 10
585 606 10
585 608 10
585 609 10
585 610 10
585 615 10
585 617 10
585 619 10
585 620 10
585 621 10
585 622 10
585 623 10
585 624 10
585 625 10
585 627 10
585 629 10
585 630 10
585 631 10
585 634 10
585 646 10
585 667 10
585 668 10
585 669 10
585 670 10
585 671 10
585 677 10
585 678 10
585 684 10
585 685 10
585 687 10
585 688 10
585 689 10
585 692 10
585 696 10
586 344 10
586 345 10
586 347 10
586 350 10
586 355 10
586 356 10
586 359 10
586 361 10
586 363 10
586 364 10
586 365 10
586 366 10
586 367 10
586 368 10
586 369 10
586 373 10
586 374 10
586 376 10
586 377 10
586 380 10
586 387 10
586 388 10
586 389 10
586 391 10
586 395 10
586 397 10
586 398 10
586 399 10
586 400 10
586 401 10
586 404 10
586 405 10
586 432 10
586 434 10
586 435 10
586 438 10
586 441 10
586 442 10
586 443 10
586 448 10
586 457 10
586 458 10
586 466 10
586 469 10
586 485 10
586 490 10
586 493 10
586 505 10
586 507 10
586 509 10
586 512 10
586 513 10
586 515 10
586 516 10
586 520 10
586 527 10
586 529 10
586 532 10
586 536 10
586 538 10
586 549 10
586 550 10
586 551 10
586 554 10
586 557 10
586 562 10
586 564 10
586 565 10
586 566 10
586 567 10
586 575 10
586 576 10
586 585 10
586 586 10
586 588 10
586 594 10
586 595 10
586 598 10
586 600 10
586 601 10
586 602 10
586 604 10
586 605 10
586 606 10
586 612 10
586 616 10
586 618 10
586 619 10
586 620 10
586 622 10
586 623 10
586 624 10
586 625 10
586 629 10
586 630 10
586 631 10
586 633 10
586 643 10
586 644 10
586 645 10
586 650 10
586 653 10
586 656 10
586 658 10
586 660 10
586 661 10
586 662 10
586 663 10
586 668 10
586 669 10
586 670 10
586 671 10
586 672 10
586 681 10
586 686 10
586 691 10
586 692 10
586 693 10
586 696 10
587 345 10
587 348 10
587 356 10
587 357 10
587 362 10
587 366 10
587 367 10
587 369 10
587 370 10
587 372 10
587 376 10
587 381 10
587 385 10
587 388 10
587 389 10
587 391 10
587 392 10
587 398 10
587 399 10
587 400 10
587 403 10
587 418 10
587 420 10
587 426 10
587 431 10
587 433 10
587 435 10
587 437 10
587 438 10
587 442 10
587 444 10
587 447 10
587 449 10
587 450 10
587 453 10
587 457 10
587 460 10
587 461 10
587 466 10
587 467 10
587 468 10
587 470 10
587 484 10
587 488 10
587 490 10
587 497 10
587 499 10
587 502 10
587 504 10
587 508 10
587 510 10
587 513 10
587 514 10
587 515 10
587 517 10
587 521 10
587 524 10
587 527 10
587 531 10
587 532 10
587 533 10
587 535 10
587 538 10
587 545 10
587 550 10
587 551 10
587 554 10
587 556 10
587 559 10
587 563 10
587 567 10
587 570 10
587 587 10
587 588 10
587 593 10
587 596 10
587 599 10
587 600 10
587 601 10
587 602 10
587 603 10
587 605 10
587 606 10
587 609 10
587 610 10
587 613 10
587 614 10
587 615 10
587 616 10
587 618 10
587 621 10
587 622 10
587 623 10
587 624 10
587 626 10
587 627 10
587 629 10
587 632 10
587 633 10
587 645 10
587 651 10
587 653 10
587 655 10
587 656 10
587 664 10
587 665 10
587 668 10
587 669 10
587 670 10
587 672 10
587 675 10
587 677 10
587 680 10
587 682 10
587 683 10
587 691 10
587 694 10
588 345 10
588 348 10
588 350 10
588 351 10
588 355 10
588 364 10
588 366 10
588 368 10
588 369 10
588 370 10
588 372 10
588 374 10
588 377 10
588 381 10
588 386 10
588 387 10
588 388 10
588 391 10
588 396 10
588 397 10
588 398 10
588 399 10
588 404 10
588 422 10
588 423 10
588 431 10
588 435 10
588 436 10
588 439 10
588 441 10
588 449 10
588 450 10
588 457 10
588 459 10
588 461 10
588 462 10
588 465 10
588 469 10
588 470 10
588 484 10
588 489 10
588 492 10
588 493 10
588 494 10
588 498 10
588 500 10
588 505 10
588 507 10
588 508 10
588 509 10
588 510 10
588 511 10
588 512 10
588 513 10
588 514 10
588 515 10
588 516 10
588 519 10
588 529 10
588 530 10
588 532 10
588 533 10
588 534 10
588 535 10
588 536 10
588 537 10
588 540 10
588 553 10
588 555 10
588 556 10
588 558 10
588 571 10
588 574 10
588 593 10
588 594 10
588 595 10
588 596 10
588 599 10
588 601 10
588 602 10
588 603 10
588 604 10
588 605 10
588 607 10
588 609 10
588 610 10
588 611 10
588 612 10
588 614 10
588 615 10
588 616 10
588 617 10
588 619 10
588 622 10
588 627 10
588 630 10
588 647 10
588 650 10
588 651 10
588 654 10
588 658 10
588 661 10
588 664 10
588 667 10
588 668 10
588 669 10
588 672 10
588 674 10
588 687 10
588 691 10
588 693 10
588 695 10
588 696 10
589 346 10
589 363 10
589 364 10
589 365 10
589 366 10
589 367 10
589 368 10
589 369 10
589 372 10
589 374 10
589 375 10
589 385 10
589 386 10
589 387 10
589 388 10
589 390 10
589 397 10
589 399 10
589 400 10
589 401 10
589 405 10
589 406 10
589 419 10
589 422 10
589 423 10
589 424 10
589 433 10
589 436 10
589 442 10
589 447 10
589 452 10
589 456 10
589 457 10
589 460 10
589 461 10
589 464 10
589 466 10
589 470 10
589 471 10
589 496 10
589 499 10
589 500 10
589 501 10
589 506 10
589 509 10
589 510 10
589 511 10
589 512 10
589 513 10
589 515 10
589 516 10
589 517 10
589 518 10
589 524 10
589 529 10
589 531 10
589 532 10
589 544 10
589 546 10
589 550 10
589 552 10
589 554 10
589 556 10
589 558 10
589 559 10
589 560 10
589 561 10
589 563 10
589 568 10
589 570 10
589 577 10
589 585 10
589 589 10
589 592 10
589 593 10
589 595 10
589 597 10
589 598 10
589 599 10
589 600 10
589 601 10
589 602 10
589 603 10
589 605 10
589 607 10
589 609 10
589 610 10
589 612 10
589 615 10
589 616 10
589 618 10
589 620 10
589 621 10
589 632 10
589 634 10
589 637 10
589 639 10
589 641 10
589 648 10
589 650 10
589 653 10
589 655 10
589 656 10
589 658 10
589 663 10
589 667 10
589 670 10
589 674 10
589 693 10
590 346 10
590 348 10
590 356 10
590 358 10
590 359 10
590 361 10
590 365 10
590 369 10
590 370 10
590 371 10
590 372 10
590 373 10
590 382 10
590 384 10
590 386 10
590 388 10
590 390 10
590 392 10
590 397 10
590 399 10
590 400 10
590 401 10
590 403 10
590 410 10
590 421 10
590 422 10
590 425 10
590 427 10
590 428 10
590 431 10
590 435 10
590 438 10
590 439 10
590 441 10
590 445 10
590 447 10
590 448 10
590 454 10
590 459 10
590 461 10
590 463 10
590 464 10
590 466 10
590 467 10
590 468 10
590 480 10
590 493 10
590 494 10
590 498 10
590 499 10
590 502 10
590 504 10
590 510 10
590 511 10
590 512 10
590 513 10
590 515 10
590 518 10
590 529 10
590 533 10
590 534 10
590 536 10
590 538 10
590 539 10
590 544 10
590 557 10
590 558 10
590 568 10
590 578 10
590 586 10
590 589 10
590 591 10
590 592 10
590 593 10
590 594 10
590 595 10
590 597 10
590 598 10
590 599 10
590 601 10
590 602 10
590 603 10
590 604 10
590 605 10
590 606 10
590 610 10
590 612 10
590 615 10
590 616 10
590 617 10
590 618 10
590 619 10
590 620 10
590 621 10
590 622 10
590 623 10
590 631 10
590 643 10
590 651 10
590 652 10
590 657 10
590 661 10
590 668 10
590 671 10
590 672 10
590 673 10
590 674 10
590 678 10
590 680 10
590 687 10
590 688 10
590 699 10
591 344 10
591 345 10
591 346 10
591 347 10
591 348 10
591 353 10
591 355 10
591 356 10
591 357 10
591 358 10
591 360 10
591 361 10
591 363 10
591 369 10
591 371 10
591 379 10
591 380 10
591 381 10
591 382 10
591 384 10
591 387 10
591 391 10
591 392 10
591 397 10
591 398 10
591 403 10
591 408 10
591 421 10
591 422 10
591 423 10
591 425 10
591 428 10
591 429 10
591 431 10
591 438 10
591 439 10
591 440 10
591 441 10
591 443 10
591 447 10
591 449 10
591 451 10
591 452 10
591 454 10
591 455 10
591 456 10
591 457 10
591 460 10
591 461 10
591 462 10
591 463 10
591 464 10
591 465 10
591 466 10
591 467 10
591 468 10
591 490 10
591 500 10
591 501 10
591 514 10
591 515 10
591 516 10
591 517 10
591 520 10
591 524 10
591 527 10
591 533 10
591 534 10
591 537 10
591 538 10
591 539 10
591 542 10
591 547 10
591 549 10
591 550 10
591 554 10
591 556 10
591 557 10
591 558 10
591 560 10
591 561 10
591 565 10
591 566 10
591 577 10
591 584 10
591 589 10
591 595 10
591 597 10
591 598 10
591 599 10
591 601 10
591 604 10
591 605 10
591 608 10
591 610 10
591 611 10
591 612 10
591 613 10
591 616 10
591 618 10
591 619 10
591 620 10
591 621 10
591 622 10
591 628 10
591 633 10
591 634 10
591 636 10
591 638 10
591 639 10
591 646 10
591 649 10
591 650 10
591 651 10
591 652 10
591 654 10
591 657 10
591 659 10
591 660 10
591 666 10
591 668 10
591 669 10
591 671 10
591 674 10
591 678 10
591 686 10
591 699 10
592 346 10
592 354 10
592 357 10
592 358 10
592 360 10
592 363 10
592 367 10
592 370 10
592 373 10
592 378 10
592 380 10
592 385 10
592 388 10
592 389 10
592 394 10
592 400 10
592 418 10
592 419 10
592 420 10
592 423 10
592 424 10
592 428 10
592 432 10
592 434 10
592 436 10
592 437 10
592 439 10
592 440 10
592 441 10
592 443 10
592 444 10
592 446 10
592 447 10
592 448 10
592 449 10
592 450 10
592 452 10
592 453 10
592 454 10
592 457 10
592 459 10
592 464 10
592 465 10
592 466 10
592 467 10
592 469 10
592 470 10
592 480 10
592 482 10
592 485 10
592 492 10
592 495 10
592 496 10
592 498 10
592 499 10
592 500 10
592 501 10
592 502 10
592 503 10
592 510 10
592 511 10
592 514 10
592 517 10
592 518 10
592 525 10
592 526 10
592 530 10
592 532 10
592 535 10
592 537 10
592 538 10
592 543 10
592 545 10
592 546 10
592 554 10
592 558 10
592 559 10
592 560 10
592 561 10
592 563 10
592 567 10
592 575 10
592 577 10
592 580 10
592 581 10
592 586 10
592 590 10
592 594 10
592 598 10
592 600 10
592 601 10
592 603 10
592 605 10
592 606 10
592 608 10
592 611 10
592 616 10
592 621 10
592 622 10
592 623 10
592 625 10
592 627 10
592 628 10
592 630 10
592 631 10
592 633 10
592 635 10
592 638 10
592 644 10
592 645 10
592 646 10
592 648 10
592 651 10
592 652 10
592 656 10
592 663 10
592 664 10
592 669 10
592 672 10
592 673 10
592 676 10
592 677 10
592 680 10
592 698 10
593 347 10
593 356 10
593 357 10
593 358 10
593 360 10
593 362 10
593 364 10
593 365 10
593 366 10
593 368 10
593 372 10
593 374 10
593 375 10
593 377 10
593 379 10
593 380 10
593 384 10
593 385 10
593 389 10
593 390 10
593 394 10
593 415 10
593 417 10
593 421 10
593 422 10
593 429 10
593 430 10
593 431 10
593 432 10
593 434 10
593 435 10
593 436 10
593 438 10
593 439 10
593 440 10
593 445 10
593 446 10
593 447 10
593 448 10
593 449 10
593 456 10
593 458 10
593 460 10
593 464 10
593 467 10
593 468 10
593 471 10
593 482 10
593 483 10
593 488 10
593 492 10
593 498 10
593 503 10
593 504 10
593 506 10
593 507 10
593 509 10
593 510 10
593 512 10
593 513 10
593 514 10
593 515 10
593 516 10
593 517 10
593 518 10
593 526 10
593 530 10
593 531 10
593 533 10
593 534 10
593 535 10
593 537 10
593 541 10
593 544 10
593 545 10
593 546 10
593 550 10
593 552 10
593 554 10
593 560 10
593 563 10
593 565 10
593 569 10
593 574 10
593 576 10
593 577 10
593 578 10
593 579 10
593 580 10
593 582 10
593 584 10
593 590 10
593 591 10
593 593 10
593 595 10
593 597 10
593 600 10
593 601 10
593 603 10
593 605 10
593 607 10
593 608 10
593 609 10
593 610 10
593 611 10
593 612 10
593 617 10
593 618 10
593 619 10
593 621 10
593 623 10
593 625 10
593 626 10
593 627 10
593 628 10
593 630 10
593 632 10
593 635 10
593 638 10
593 639 10
593 640 10
593 648 10
593 649 10
593 650 10
593 652 10
593 653 10
593 655 10
593 658 10
593 659 10
593 664 10
593 666 10
593 667 10
593 670 10
593 672 10
593 673 10
593 675 10
593 676 10
593 681 10
593 685 10
593 696 10
593 699 10
594 356 10
594 357 10
594 358 10
594 360 10
594 362 10
594 364 10
594 367 10
594 370 10
594 372 10
594 373 10
594 374 10
594 376 10
594 377 10
594 387 10
594 388 10
594 389 10
594 391 10
594 404 10
594 417 10
594 419 10
594 422 10
594 423 10
594 424 10
594 425 10
594 427 10
594 429 10
594 430 10
594 431 10
594 435 10
594 438 10
594 440 10
594 446 10
594 447 10
594 448 10
594 449 10
594 450 10
594 454 10
594 456 10
594 457 10
594 461 10
594 462 10
594 463 10
594 464 10
594 465 10
594 467 10
594 468 10
594 472 10
594 484 10
594 486 10
594 487 10
594 488 10
594 492 10
594 493 10
594 494 10
594 498 10
594 499 10
594 500 10
594 501 10
594 502 10
594 504 10
594 507 10
594 513 10
594 515 10
594 527 10
594 532 10
594 534 10
594 537 10
594 542 10
594 544 10
594 545 10
594 546 10
594 547 10
594 548 10
594 549 10
594 551 10
594 552 10
594 556 10
594 557 10
594 558 10
594 559 10
594 576 10
594 577 10
594 581 10
594 583 10
594 589 10
594 590 10
594 591 10
594 592 10
594 593 10
594 595 10
594 596 10
594 597 10
594 598 10
594 599 10
594 600 10
594 602 10
594 604 10
594 607 10
594 608 10
594 609 10
594 610 10
594 611 10
594 613 10
594 614 10
594 617 10
594 618 10
594 621 10
594 622 10
594 623 10
594 624 10
594 626 10
594 627 10
594 629 10
594 630 10
594 631 10
594 632 10
594 634 10
594 635 10
594 636 10
594 651 10
594 653 10
594 655 10
594 657 10
594 661 10
594 663 10
594 666 10
594 668 10
594 670 10
594 671 10
594 674 10
594 675 10
594 676 10
594 677 10
594 681 10
594 696 10
594 698 10
594 699 10
594 701 10
595 351 10
595 353 10
595 354 10
595 355 10
595 357 10
595 359 10
595 364 10
595 365 10
595 368 10
595 369 10
595 370 10
595 371 10
595 372 10
595 374 10
595 379 10
595 381 10
595 382 10
595 385 10
595 388 10
595 391 10
595 392 10
595 394 10
595 417 10
595 419 10
595 421 10
595 425 10
595 426 10
595 427 10
595 429 10
595 430 10
595 431 10
595 432 10
595 433 10
595 434 10
595 435 10
595 436 10
595 438 10
595 440 10
595 441 10
595 445 10
595 448 10
595 449 10
595 450 10
595 452 10
595 453 10
595 458 10
595 460 10
595 462 10
595 464 10
595 465 10
595 466 10
595 468 10
595 470 10
595 471 10
595 483 10
595 484 10
595 492 10
595 495 10
595 497 10
595 499 10
595 502 10
595 503 10
595 505 10
595 507 10
595 508 10
595 517 10
595 530 10
595 533 10
595 536 10
595 545 10
595 546 10
595 550 10
595 555 10
595 557 10
595 558 10
595 559 10
595 560 10
595 561 10
595 562 10
595 563 10
595 564 10
595 573 10
595 576 10
595 579 10
595 582 10
595 589 10
595 590 10
595 592 10
595 593 10
595 594 10
595 596 10
595 600 10
595 602 10
595 606 10
595 607 10
595 608 10
595 609 10
595 610 10
595 612 10
595 614 10
595 620 10
595 623 10
595 624 10
595 629 10
595 633 10
595 649 10
595 660 10
595 662 10
595 663 10
595 664 10
595 667 10
595 668 10
595 669 10
595 671 10
595 673 10
595 674 10
595 675 10
595 676 10
595 677 10
595 687 10
595 693 10
595 695 10
595 696 10
595 697 10
595 698 10
595 699 10
596 354 10
596 357 10
596 358 10
596 359 10
596 361 10
596 365 10
596 368 10
596 371 10
596 372 10
596 376 10
596 379 10
596 380 10
596 381 10
596 385 10
596 387 10
596 388 10
596 395 10
596 397 10
596 398 10
596 409 10
596 410 10
596 411 10
596 419 10
596 420 10
596 422 10
596 423 10
596 424 10
596 425 10
596 426 10
596 427 10
596 429 10
596 430 10
596 431 10
596 433 10
596 437 10
596 438 10
596 439 10
596 440 10
596 441 10
596 445 10
596 447 10
596 448 10
596 449 10
596 451 10
596 456 10
596 457 10
596 462 10
596 482 10
596 484 10
596 485 10
596 498 10
596 500 10
596 501 10
596 502 10
596 505 10
596 515 10
596 519 10
596 521 10
596 529 10
596 532 10
596 539 10
596 541 10
596 542 10
596 543 10
596 544 10
596 546 10
596 549 10
596 551 10
596 554 10
596 560 10
596 561 10
596 562 10
596 563 10
596 564 10
596 565 10
596 579 10
596 581 10
596 582 10
596 589 10
596 591 10
596 593 10
596 595 10
596 597 10
596 599 10
596 602 10
596 603 10
596 604 10
596 606 10
596 608 10
596 609 10
596 611 10
596 612 10
596 613 10
596 620 10
596 622 10
596 625 10
596 626 10
596 628 10
596 631 10
596 633 10
596 634 10
596 635 10
596 636 10
596 637 10
596 647 10
596 649 10
596 650 10
596 651 10
596 652 10
596 656 10
596 657 10
596 661 10
596 663 10
596 664 10
596 666 10
596 667 10
596 668 10
596 669 10
596 672 10
596 678 10
596 679 10
596 685 10
596 693 10
596 695 10
596 698 10
596 714 10
597 352 10
597 353 10
597 356 10
597 357 10
597 359 10
597 361 10
597 362 10
597 363 10
597 368 10
597 370 10
597 371 10
597 372 10
597 374 10
597 375 10
597 376 10
597 377 10
597 379 10
597 382 10
597 386 10
597 387 10
597 389 10
597 391 10
597 394 10
597 410 10
597 413 10
597 415 10
597 416 10
597 419 10
597 420 10
597 421 10
597 423 10
597 427 10
597 428 10
597 429 10
597 430 10
597 431 10
597 432 10
597 436 10
597 438 10
597 439 10
597 441 10
597 443 10
597 444 10
597 445 10
597 446 10
597 450 10
597 451 10
597 452 10
597 454 10
597 457 10
597 458 10
597 460 10
597 461 10
597 464 10
597 465 10
597 466 10
597 469 10
597 474 10
597 476 10
597 477 10
597 482 10
597 487 10
597 488 10
597 489 10
597 494 10
597 496 10
597 497 10
597 499 10
597 503 10
597 504 10
597 506 10
597 507 10
597 508 10
597 515 10
597 517 10
597 524 10
597 526 10
597 529 10
597 532 10
597 541 10
597 542 10
597 543 10
597 544 10
597 549 10
597 550 10
597 551 10
597 556 10
597 560 10
597 561 10
597 562 10
597 563 10
597 565 10
597 574 10
597 578 10
597 580 10
597 581 10
597 582 10
597 584 10
597 587 10
597 592 10
597 593 10
597 594 10
597 595 10
597 596 10
597 600 10
597 601 10
597 602 10
597 603 10
597 604 10
597 607 10
597 611 10
597 613 10
597 615 10
597 619 10
597 620 10
597 622 10
597 623 10
597 624 10
597 627 10
597 628 10
597 630 10
597 632 10
597 651 10
597 653 10
597 661 10
597 662 10
597 663 10
597 664 10
597 665 10
597 667 10
597 669 10
597 670 10
597 672 10
597 673 10
597 674 10
597 675 10
597 676 10
597 677 10
597 693 10
597 694 10
597 695 10
597 698 10
597 704 10
597 713 10
597 715 10
598 349 10
598 350 10
598 352 10
598 354 10
598 355 10
598 356 10
598 358 10
598 359 10
598 360 10
598 361 10
598 363 10
598 364 10
598 373 10
598 375 10
598 382 10
598 383 10
598 384 10
598 387 10
598 389 10
598 409 10
598 411 10
598 412 10
598 415 10
598 417 10
598 418 10
598 421 10
598 422 10
598 426 10
598 427 10
598 428 10
598 429 10
598 430 10
598 431 10
598 432 10
598 433 10
598 434 10
598 435 10
598 436 10
598 437 10
598 439 10
598 440 10
598 441 10
598 443 10
598 444 10
598 446 10
598 447 10
598 448 10
598 450 10
598 451 10
598 452 10
598 453 10
598 454 10
598 457 10
598 459 10
598 460 10
598 466 10
598 473 10
598 477 10
598 487 10
598 489 10
598 490 10
598 491 10
598 492 10
598 494 10
598 495 10
598 497 10
598 498 10
598 500 10
598 504 10
598 510 10
598 512 10
598 516 10
598 517 10
598 519 10
598 520 10
598 524 10
598 527 10
598 528 10
598 530 10
598 533 10
598 542 10
598 543 10
598 554 10
598 555 10
598 559 10
598 561 10
598 562 10
598 563 10
598 565 10
598 573 10
598 574 10
598 575 10
598 577 10
598 584 10
598 587 10
598 588 10
598 589 10
598 590 10
598 592 10
598 594 10
598 597 10
598 598 10
598 600 10
598 601 10
598 604 10
598 610 10
598 611 10
598 612 10
598 613 10
598 614 10
598 624 10
598 625 10
598 627 10
598 630 10
598 634 10
598 637 10
598 639 10
598 645 10
598 647 10
598 653 10
598 660 10
598 661 10
598 662 10
598 663 10
598 665 10
598 667 10
598 668 10
598 669 10
598 673 10
598 677 10
598 681 10
598 693 10
598 695 10
598 696 10
598 703 10
598 707 10
598 708 10
598 712 10
598 713 10
598 715 10
599 350 10
599 357 10
599 359 10
599 360 10
599 364 10
599 366 10
599 368 10
599 370 10
599 371 10
599 373 10
599 376 10
599 377 10
599 385 10
599 386 10
599 387 10
599 389 10
599 390 10
599 391 10
599 392 10
599 394 10
599 396 10
599 397 10
599 398 10
599 408 10
599 412 10
599 414 10
599 415 10
599 416 10
599 417 10
599 418 10
599 420 10
599 421 10
599 422 10
599 424 10
599 425 10
599 426 10
599 428 10
599 429 10
599 430 10
599 431 10
599 432 10
599 433 10
599 436 10
599 440 10
599 442 10
599 443 10
599 445 10
599 447 10
599 449 10
599 451 10
599 453 10
599 454 10
599 457 10
599 461 10
599 462 10
599 463 10
599 469 10
599 470 10
599 474 10
599 475 10
599 476 10
599 477 10
599 478 10
599 479 10
599 484 10
599 485 10
599 486 10
599 487 10
599 489 10
599 490 10
599 495 10
599 507 10
599 512 10
599 513 10
599 514 10
599 515 10
599 524 10
599 525 10
599 526 10
599 532 10
599 538 10
599 541 10
599 542 10
599 544 10
599 547 10
599 551 10
599 553 10
599 554 10
599 556 10
599 559 10
599 560 10
599 562 10
599 565 10
599 567 10
599 568 10
599 576 10
599 577 10
599 578 10
599 580 10
599 585 10
599 586 10
599 589 10
599 591 10
599 592 10
599 593 10
599 594 10
599 595 10
599 600 10
599 603 10
599 605 10
599 606 10
599 607 10
599 609 10
599 610 10
599 611 10
599 612 10
599 613 10
599 614 10
599 624 10
599 625 10
599 626 10
599 628 10
599 630 10
599 636 10
599 647 10
599 649 10
599 650 10
599 653 10
599 656 10
599 660 10
599 661 10
599 662 10
599 664 10
599 667 10
599 673 10
599 677 10
599 681 10
599 686 10
599 689 10
599 695 10
600 349 10
600 357 10
600 363 10
600 364 10
600 365 10
600 368 10
600 369 10
600 370 10
600 372 10
600 373 10
600 374 10
600 377 10
600 378 10
600 383 10
600 384 10
600 385 10
600 386 10
600 387 10
600 388 10
600 411 10
600 413 10
600 414 10
600 416 10
600 418 10
600 419 10
600 420 10
600 425 10
600 427 10
600 429 10
600 431 10
600 432 10
600 435 10
600 436 10
600 438 10
600 439 10
600 440 10
600 441 10
600 442 10
600 443 10
600 444 10
600 450 10
600 453 10
600 455 10
600 456 10
600 458 10
600 460 10
600 461 10
600 473 10
600 474 10
600 477 10
600 482 10
600 483 10
600 484 10
600 487 10
600 490 10
600 491 10
600 493 10
600 495 10
600 496 10
600 498 10
600 502 10
600 509 10
600 512 10
600 513 10
600 519 10
600 524 10
600 525 10
600 527 10
600 530 10
600 537 10
600 539 10
600 540 10
600 541 10
600 543 10
600 544 10
600 547 10
600 548 10
600 551 10
600 552 10
600 555 10
600 557 10
600 558 10
600 560 10
600 561 10
600 562 10
600 564 10
600 575 10
600 577 10
600 578 10
600 580 10
600 581 10
600 587 10
600 589 10
600 591 10
600 594 10
600 596 10
600 601 10
600 602 10
600 603 10
600 604 10
600 605 10
600 606 10
600 610 10
600 611 10
600 612 10
600 613 10
600 614 10
600 620 10
600 622 10
600 623 10
600 624 10
600 625 10
600 627 10
600 629 10
600 630 10
600 632 10
600 634 10
600 637 10
600 638 10
600 640 10
600 645 10
600 646 10
600 647 10
600 649 10
600 650 10
600 651 10
600 656 10
600 659 10
600 660 10
600 661 10
600 662 10
600 665 10
600 667 10
600 668 10
600 669 10
600 670 10
600 676 10
600 677 10
600 678 10
600 679 10
600 680 10
600 686 10
600 687 10
600 688 10
600 696 10
600 706 10
600 707 10
600 709 10
600 714 10
601 348 10
601 354 10
601 366 10
601 369 10
601 371 10
601 375 10
601 376 10
601 381 10
601 387 10
601 388 10
601 393 10
601 395 10
601 411 10
601 414 10
601 415 10
601 416 10
601 417 10
601 418 10
601 420 10
601 422 10
601 424 10
601 425 10
601 429 10
601 431 10
601 432 10
601 434 10
601 435 10
601 436 10
601 437 10
601 440 10
601 441 10
601 443 10
601 445 10
601 447 10
601 451 10
601 454 10
601 455 10
601 457 10
601 460 10
601 462 10
601 475 10
601 476 10
601 478 10
601 479 10
601 484 10
601 487 10
601 488 10
601 490 10
601 493 10
601 494 10
601 498 10
601 501 10
601 502 10
601 511 10
601 512 10
601 513 10
601 515 10
601 516 10
601 520 10
601 530 10
601 531 10
601 537 10
601 539 10
601 540 10
601 541 10
601 542 10
601 544 10
601 549 10
601 551 10
601 553 10
601 554 10
601 555 10
601 556 10
601 559 10
601 567 10
601 568 10
601 571 10
601 572 10
601 575 10
601 578 10
601 583 10
601 592 10
601 597 10
601 599 10
601 600 10
601 603 10
601 604 10
601 605 10
601 607 10
601 609 10
601 610 10
601 611 10
601 612 10
601 613 10
601 614 10
601 616 10
601 617 10
601 619 10
601 622 10
601 626 10
601 627 10
601 629 10
601 632 10
601 633 10
601 636 10
601 644 10
601 651 10
601 654 10
601 655 10
601 657 10
601 658 10
601 659 10
601 661 10
601 662 10
601 664 10
601 666 10
601 668 10
601 669 10
601 670 10
601 671 10
601 676 10
601 680 10
601 683 10
601 690 10
601 692 10
601 693 10
601 705 10
601 706 10
601 707 10
601 708 10
601 711 10
601 713 10
602 348 10
602 349 10
602 351 10
602 354 10
602 359 10
602 368 10
602 369 10
602 370 10
602 371 10
602 374 10
602 375 10
602 378 10
602 379 10
602 380 10
602 386 10
602 394 10
602 399 10
602 401 10
602 404 10
602 408 10
602 410 10
602 411 10
602 412 10
602 413 10
602 414 10
602 415 10
602 417 10
602 418 10
602 421 10
602 422 10
602 423 10
602 424 10
602 426 10
602 427 10
602 428 10
602 431 10
602 433 10
602 435 10
602 436 10
602 444 10
602 445 10
602 448 10
602 449 10
602 451 10
602 452 10
602 453 10
602 455 10
602 457 10
602 460 10
602 461 10
602 464 10
602 474 10
602 481 10
602 483 10
602 484 10
602 485 10
602 486 10
602 489 10
602 491 10
602 500 10
602 505 10
602 506 10
602 511 10
602 512 10
602 513 10
602 515 10
602 519 10
602 520 10
602 521 10
602 529 10
602 530 10
602 531 10
602 538 10
602 539 10
602 540 10
602 542 10
602 544 10
602 547 10
602 548 10
602 550 10
602 553 10
602 555 10
602 556 10
602 557 10
602 558 10
602 559 10
602 560 10
602 561 10
602 562 10
602 571 10
602 573 10
602 577 10
602 582 10
602 583 10
602 584 10
602 585 10
602 588 10
602 592 10
602 593 10
602 594 10
602 595 10
602 596 10
602 600 10
602 601 10
602 605 10
602 610 10
602 611 10
602 612 10
602 613 10
602 614 10
602 615 10
602 617 10
602 620 10
602 623 10
602 628 10
602 630 10
602 631 10
602 632 10
602 633 10
602 636 10
602 645 10
602 647 10
602 651 10
602 668 10
602 672 10
602 676 10
602 677 10
602 678 10
602 679 10
602 680 10
602 691 10
602 703 10
602 706 10
603 356 10
603 360 10
603 361 10
603 362 10
603 364 10
603 365 10
603 366 10
603 372 10
603 374 10
603 375 10
603 376 10
603 378 10
603 379 10
603 380 10
603 382 10
603 387 10
603 389 10
603 401 10
603 408 10
603 409 10
603 411 10
603 412 10
603 413 10
603 421 10
603 422 10
603 425 10
603 426 10
603 429 10
603 430 10
603 433 10
603 434 10
603 436 10
603 437 10
603 446 10
603 449 10
603 455 10
603 462 10
603 463 10
603 464 10
603 468 10
603 469 10
603 473 10
603 477 10
603 480 10
603 482 10
603 488 10
603 491 10
603 493 10
603 495 10
603 497 10
603 499 10
603 505 10
603 507 10
603 508 10
603 509 10
603 510 10
603 512 10
603 514 10
603 521 10
603 524 10
603 525 10
603 526 10
603 527 10
603 529 10
603 530 10
603 531 10
603 532 10
603 538 10
603 539 10
603 544 10
603 547 10
603 549 10
603 550 10
603 553 10
603 554 10
603 556 10
603 557 10
603 558 10
603 559 10
603 561 10
603 567 10
603 576 10
603 578 10
603 583 10
603 591 10
603 592 10
603 593 10
603 594 10
603 596 10
603 597 10
603 598 10
603 599 10
603 601 10
603 602 10
603 604 10
603 607 10
603 608 10
603 609 10
603 610 10
603 611 10
603 612 10
603 613 10
603 616 10
603 618 10
603 621 10
603 622 10
603 624 10
603 626 10
603 627 10
603 628 10
603 629 10
603 630 10
603 633 10
603 635 10
603 637 10
603 650 10
603 652 10
603 654 10
603 658 10
603 663 10
603 665 10
603 666 10
603 667 10
603 668 10
603 671 10
603 679 10
603 680 10
603 690 10
603 691 10
603 694 10
603 695 10
603 696 10
603 706 10
603 707 10
603 709 10
604 355 10
604 363 10
604 368 10
604 371 10
604 374 10
604 376 10
604 377 10
604 378 10
604 382 10
604 387 10
604 394 10
604 410 10
604 413 10
604 414 10
604 416 10
604 417 10
604 418 10
604 419 10
604 420 10
604 422 10
604 424 10
604 428 10
604 430 10
604 432 10
604 434 10
604 445 10
604 449 10
604 453 10
604 455 10
604 456 10
604 458 10
604 460 10
604 462 10
604 467 10
604 469 10
604 472 10
604 473 10
604 476 10
604 477 10
604 486 10
604 492 10
604 494 10
604 496 10
604 501 10
604 505 10
604 508 10
604 509 10
604 514 10
604 518 10
604 523 10
604 526 10
604 528 10
604 529 10
604 533 10
604 536 10
604 539 10
604 540 10
604 541 10
604 543 10
604 545 10
604 546 10
604 547 10
604 549 10
604 550 10
604 554 10
604 555 10
604 556 10
604 558 10
604 559 10
604 567 10
604 570 10
604 572 10
604 573 10
604 576 10
604 577 10
604 581 10
604 582 10
604 583 10
604 585 10
604 592 10
604 594 10
604 596 10
604 597 10
604 598 10
604 600 10
604 601 10
604 602 10
604 610 10
604 611 10
604 612 10
604 613 10
604 615 10
604 616 10
604 619 10
604 620 10
604 622 10
604 626 10
604 627 10
604 628 10
604 629 10
604 632 10
604 636 10
604 637 10
604 643 10
604 645 10
604 646 10
604 654 10
604 657 10
604 661 10
604 668 10
604 674 10
604 676 10
604 677 10
604 678 10
604 690 10
604 691 10
604 693 10
604 694 10
604 695 10
604 697 10
604 701 10
604 702 10
604 704 10
604 707 10
604 709 10
604 710 10
604 723 10
605 351 10
605 362 10
605 363 10
605 365 10
605 368 10
605 370 10
605 372 10
605 379 10
605 382 10
605 384 10
605 393 10
605 395 10
605 397 10
605 409 10
605 411 10
605 412 10
605 413 10
605 414 10
605 417 10
605 418 10
605 420 10
605 421 10
605 424 10
605 434 10
605 435 10
605 436 10
605 437 10
605 439 10
605 445 10
605 448 10
605 449 10
605 451 10
605 453 10
605 455 10
605 456 10
605 457 10
605 458 10
605 460 10
605 462 10
605 463 10
605 469 10
605 472 10
605 479 10
605 480 10
605 481 10
605 494 10
605 499 10
605 501 10
605 502 10
605 503 10
605 504 10
605 507 10
605 508 10
605 509 10
605 510 10
605 512 10
605 527 10
605 530 10
605 533 10
605 540 10
605 542 10
605 543 10
605 547 10
605 548 10
605 549 10
605 550 10
605 552 10
605 553 10
605 554 10
605 555 10
605 556 10
605 557 10
605 558 10
605 559 10
605 563 10
605 567 10
605 571 10
605 574 10
605 577 10
605 579 10
605 580 10
605 582 10
605 584 10
605 585 10
605 594 10
605 595 10
605 596 10
605 597 10
605 598 10
605 600 10
605 601 10
605 603 10
605 605 10
605 610 10
605 615 10
605 617 10
605 618 10
605 619 10
605 620 10
605 622 10
605 625 10
605 627 10
605 629 10
605 631 10
605 634 10
605 646 10
605 648 10
605 649 10
605 650 10
605 652 10
605 653 10
605 663 10
605 664 10
605 665 10
605 667 10
605 671 10
605 672 10
605 675 10
605 678 10
605 692 10
605 693 10
605 696 10
605 697 10
605 698 10
605 699 10
605 707 10
605 710 10
605 718 10
605 723 10
606 356 10
606 361 10
606 366 10
606 368 10
606 374 10
606 375 10
606 377 10
606 380 10
606 383 10
606 387 10
606 391 10
606 392 10
606 394 10
606 396 10
606 397 10
606 399 10
606 400 10
606 401 10
606 408 10
606 412 10
606 414 10
606 416 10
606 417 10
606 418 10
606 419 10
606 421 10
606 422 10
606 423 10
606 424 10
606 425 10
606 430 10
606 434 10
606 436 10
606 438 10
606 442 10
606 445 10
606 446 10
606 447 10
606 448 10
606 450 10
606 453 10
606 454 10
606 455 10
606 458 10
606 460 10
606 461 10
606 462 10
606 468 10
606 469 10
606 471 10
606 472 10
606 474 10
606 476 10
606 478 10
606 480 10
606 481 10
606 484 10
606 491 10
606 494 10
606 497 10
606 499 10
606 502 10
606 503 10
606 504 10
606 505 10
606 506 10
606 507 10
606 509 10
606 512 10
606 519 10
606 531 10
606 532 10
606 533 10
606 535 10
606 539 10
606 541 10
606 545 10
606 546 10
606 547 10
606 549 10
606 550 10
606 553 10
606 556 10
606 557 10
606 558 10
606 560 10
606 561 10
606 570 10
606 571 10
606 575 10
606 577 10
606 582 10
606 584 10
606 585 10
606 587 10
606 592 10
606 595 10
606 596 10
606 597 10
606 600 10
606 601 10
606 602 10
606 603 10
606 604 10
606 605 10
606 615 10
606 619 10
606 620 10
606 623 10
606 624 10
606 626 10
606 628 10
606 629 10
606 630 10
606 631 10
606 632 10
606 633 10
606 635 10
606 637 10
606 642 10
606 644 10
606 645 10
606 648 10
606 650 10
606 662 10
606 665 10
606 673 10
606 674 10
606 675 10
606 693 10
606 695 10
606 720 10
606 725 10
607 354 10
607 356 10
607 359 10
607 363 10
607 368 10
607 369 10
607 370 10
607 383 10
607 389 10
607 392 10
607 393 10
607 394 10
607 396 10
607 398 10
607 399 10
607 400 10
607 401 10
607 409 10
607 410 10
607 411 10
607 413 10
607 414 10
607 416 10
607 417 10
607 418 10
607 419 10
607 421 10
607 423 10
607 424 10
607 427 10
607 428 10
607 429 10
607 431 10
607 432 10
607 437 10
607 440 10
607 443 10
607 446 10
607 450 10
607 456 10
607 458 10
607 459 10
607 460 10
607 461 10
607 462 10
607 464 10
607 468 10
607 471 10
607 473 10
607 477 10
607 479 10
607 485 10
607 486 10
607 488 10
607 491 10
607 497 10
607 498 10
607 499 10
607 503 10
607 504 10
607 505 10
607 506 10
607 507 10
607 509 10
607 514 10
607 516 10
607 527 10
607 528 10
607 529 10
607 531 10
607 532 10
607 540 10
607 544 10
607 546 10
607 547 10
607 554 10
607 555 10
607 557 10
607 559 10
607 560 10
607 561 10
607 562 10
607 565 10
607 570 10
607 571 10
607 575 10
607 576 10
607 578 10
607 579 10
607 580 10
607 584 10
607 592 10
607 593 10
607 597 10
607 598 10
607 599 10
607 600 10
607 601 10
607 602 10
607 605 10
607 615 10
607 617 10
607 620 10
607 622 10
607 625 10
607 627 10
607 628 10
607 629 10
607 631 10
607 632 10
607 642 10
607 645 10
607 646 10
607 647 10
607 648 10
607 672 10
607 673 10
607 676 10
607 678 10
607 698 10
607 700 10
607 701 10
607 702 10
607 704 10
607 707 10
608 355 10
608 356 10
608 359 10
608 364 10
608 365 10
608 366 10
608 369 10
608 370 10
608 372 10
608 387 10
608 389 10
608 391 10
608 393 10
608 395 10
608 397 10
608 398 10
608 399 10
608 400 10
608 401 10
608 402 10
608 404 10
608 411 10
608 412 10
608 413 10
608 415 10
608 416 10
608 419 10
608 420 10
608 422 10
608 423 10
608 424 10
608 426 10
608 427 10
608 429 10
608 431 10
608 433 10
608 434 10
608 436 10
608 440 10
608 441 10
608 444 10
608 446 10
608 448 10
608 449 10
608 452 10
608 453 10
608 458 10
608 459 10
608 466 10
608 471 10
608 474 10
608 476 10
608 477 10
608 479 10
608 483 10
608 485 10
608 493 10
608 498 10
608 500 10
608 501 10
608 504 10
608 506 10
608 507 10
608 508 10
608 509 10
608 510 10
608 514 10
608 528 10
608 529 10
608 530 10
608 531 10
608 532 10
608 533 10
608 534 10
608 535 10
608 538 10
608 539 10
608 540 10
608 543 10
608 544 10
608 546 10
608 554 10
608 555 10
608 557 10
608 558 10
608 559 10
608 561 10
608 567 10
608 571 10
608 572 10
608 573 10
608 578 10
608 579 10
608 580 10
608 581 10
608 582 10
608 584 10
608 587 10
608 596 10
608 597 10
608 598 10
608 600 10
608 603 10
608 607 10
608 608 10
608 610 10
608 615 10
608 616 10
608 618 10
608 619 10
608 622 10
608 623 10
608 626 10
608 627 10
608 630 10
608 631 10
608 633 10
608 635 10
608 641 10
608 642 10
608 644 10
608 647 10
608 648 10
608 652 10
608 674 10
608 677 10
608 679 10
608 702 10
608 707 10
608 709 10
608 716 10
609 349 10
609 354 10
609 356 10
609 358 10
609 368 10
609 369 10
609 371 10
609 372 10
609 380 10
609 387 10
609 390 10
609 391 10
609 392 10
609 394 10
609 396 10
609 397 10
609 398 10
609 399 10
609 400 10
609 401 10
609 410 10
609 417 10
609 418 10
609 419 10
609 420 10
609 421 10
609 427 10
609 429 10
609 430 10
609 431 10
609 432 10
609 433 10
609 437 10
609 438 10
609 443 10
609 445 10
609 446 10
609 448 10
609 449 10
609 451 10
609 454 10
609 459 10
609 461 10
609 466 10
609 472 10
609 473 10
609 476 10
609 479 10
609 496 10
609 505 10
609 509 10
609 514 10
609 516 10
609 526 10
609 527 10
609 528 10
609 529 10
609 530 10
609 531 10
609 536 10
609 538 10
609 541 10
609 543 10
609 545 10
609 547 10
609 556 10
609 557 10
609 559 10
609 564 10
609 565 10
609 566 10
609 570 10
609 571 10
609 579 10
609 582 10
609 585 10
609 586 10
609 592 10
609 593 10
609 595 10
609 598 10
609 599 10
609 601 10
609 605 10
609 615 10
609 616 10
609 623 10
609 626 10
609 629 10
609 631 10
609 633 10
609 635 10
609 638 10
609 639 10
609 645 10
609 647 10
609 648 10
609 650 10
609 664 10
609 670 10
609 673 10
609 674 10
609 682 10
609 685 10
609 701 10
609 702 10
609 707 10
609 708 10
609 714 10
610 357 10
610 364 10
610 365 10
610 366 10
610 367 10
610 368 10
610 370 10
610 378 10
610 380 10
610 382 10
610 386 10
610 389 10
610 392 10
610 393 10
610 395 10
610 396 10
610 397 10
610 399 10
610 400 10
610 402 10
610 410 10
610 416 10
610 417 10
610 418 10
610 419 10
610 424 10
610 429 10
610 434 10
610 435 10
610 437 10
610 438 10
610 442 10
610 443 10
610 446 10
610 447 10
610 448 10
610 450 10
610 451 10
610 452 10
610 453 10
610 454 10
610 455 10
610 456 10
610 457 10
610 459 10
610 462 10
610 474 10
610 476 10
610 477 10
610 478 10
610 479 10
610 480 10
610 482 10
610 498 10
610 514 10
610 515 10
610 516 10
610 528 10
610 529 10
610 530 10
610 533 10
610 537 10
610 539 10
610 540 10
610 543 10
610 558 10
610 560 10
610 561 10
610 562 10
610 568 10
610 571 10
610 574 10
610 590 10
610 592 10
610 593 10
610 597 10
610 599 10
610 600 10
610 601 10
610 603 10
610 604 10
610 605 10
610 607 10
610 608 10
610 610 10
610 612 10
610 613 10
610 616 10
610 618 10
610 619 10
610 621 10
610 623 10
610 625 10
610 626 10
610 627 10
610 628 10
610 631 10
610 632 10
610 635 10
610 639 10
610 640 10
610 641 10
610 643 10
610 646 10
610 647 10
610 662 10
610 664 10
610 670 10
610 676 10
610 686 10
610 716 10
611 355 10
611 356 10
611 357 10
611 361 10
611 365 10
611 366 10
611 367 10
611 368 10
611 369 10
611 370 10
611 379 10
611 392 10
611 394 10
611 395 10
611 397 10
611 398 10
611 399 10
611 400 10
611 402 10
611 406 10
611 410 10
611 412 10
611 419 10
611 421 10
611 423 10
611 424 10
611 427 10
611 429 10
611 430 10
611 432 10
611 434 10
611 435 10
611 436 10
611 438 10
611 443 10
611 444 10
611 446 10
611 447 10
611 448 10
611 450 10
611 452 10
611 454 10
611 458 10
611 460 10
611 461 10
611 470 10
611 472 10
611 474 10
611 477 10
611 478 10
611 479 10
611 484 10
611 485 10
611 492 10
611 496 10
611 500 10
611 502 10
611 509 10
611 513 10
611 516 10
611 518 10
611 519 10
611 520 10
611 526 10
611 530 10
611 531 10
611 532 10
611 538 10
611 540 10
611 542 10
611 548 10
611 551 10
611 554 10
611 557 10
611 560 10
611 562 10
611 571 10
611 572 10
611 576 10
611 583 10
611 590 10
611 591 10
611 593 10
611 594 10
611 595 10
611 597 10
611 598 10
611 604 10
611 605 10
611 606 10
611 610 10
611 611 10
611 614 10
611 615 10
611 617 10
611 619 10
611 628 10
611 629 10
611 630 10
611 633 10
611 634 10
611 635 10
611 638 10
611 639 10
611 641 10
611 642 10
611 643 10
611 647 10
611 648 10
611 649 10
611 664 10
611 676 10
611 677 10
611 682 10
611 684 10
611 690 10
611 692 10
611 696 10
611 698 10
611 714 10
611 715 10
612 358 10
612 361 10
612 364 10
612 365 10
612 366 10
612 377 10
612 382 10
612 384 10
612 385 10
612 388 10
612 389 10
612 392 10
612 394 10
612 395 10
612 396 10
612 397 10
612 399 10
612 400 10
612 401 10
612 402 10
612 403 10
612 404 10
612 414 10
612 417 10
612 418 10
612 425 10
612 428 10
612 431 10
612 432 10
612 434 10
612 437 10
612 439 10
612 440 10
612 444 10
612 447 10
612 449 10
612 450 10
612 451 10
612 452 10
612 453 10
612 454 10
612 455 10
612 458 10
612 459 10
612 462 10
612 475 10
612 476 10
612 478 10
612 485 10
612 492 10
612 496 10
612 498 10
612 502 10
612 513 10
612 514 10
612 515 10
612 516 10
612 517 10
612 518 10
612 526 10
612 529 10
612 530 10
612 535 10
612 536 10
612 537 10
612 539 10
612 545 10
612 546 10
612 550 10
612 553 10
612 571 10
612 584 10
612 589 10
612 590 10
612 591 10
612 592 10
612 594 10
612 595 10
612 597 10
612 600 10
612 602 10
612 604 10
612 606 10
612 608 10
612 612 10
612 615 10
612 616 10
612 617 10
612 618 10
612 621 10
612 625 10
612 629 10
612 630 10
612 631 10
612 635 10
612 636 10
612 644 10
612 647 10
612 650 10
612 662 10
612 665 10
612 667 10
612 668 10
612 685 10
612 686 10
612 687 10
612 692 10
612 694 10
612 696 10
612 701 10
612 717 10
613 353 10
613 355 10
613 356 10
613 357 10
613 362 10
613 363 10
613 364 10
613 369 10
613 371 10
613 374 10
613 375 10
613 377 10
613 378 10
613 379 10
613 381 10
613 382 10
613 386 10
613 391 10
613 392 10
613 393 10
613 394 10
613 396 10
613 397 10
613 398 10
613 399 10
613 400 10
613 402 10
613 405 10
613 407 10
613 412 10
613 414 10
613 415 10
613 419 10
613 420 10
613 422 10
613 423 10
613 424 10
613 425 10
613 426 10
613 428 10
613 429 10
613 430 10
613 431 10
613 435 10
613 437 10
613 444 10
613 445 10
613 446 10
613 447 10
613 448 10
613 450 10
613 451 10
613 452 10
613 453 10
613 454 10
613 457 10
613 461 10
613 469 10
613 470 10
613 471 10
613 472 10
613 473 10
613 474 10
613 475 10
613 476 10
613 477 10
613 481 10
613 482 10
613 484 10
613 489 10
613 499 10
613 509 10
613 510 10
613 514 10
613 516 10
613 517 10
613 519 10
613 528 10
613 530 10
613 531 10
613 540 10
613 541 10
613 545 10
613 546 10
613 549 10
613 551 10
613 572 10
613 582 10
613 584 10
613 590 10
613 591 10
613 592 10
613 595 10
613 596 10
613 597 10
613 601 10
613 602 10
613 603 10
613 604 10
613 605 10
613 606 10
613 610 10
613 611 10
613 613 10
613 614 10
613 618 10
613 624 10
613 627 10
613 630 10
613 631 10
613 633 10
613 634 10
613 635 10
613 638 10
613 641 10
613 642 10
613 643 10
613 645 10
613 649 10
613 662 10
613 663 10
613 664 10
613 678 10
613 679 10
613 685 10
613 688 10
613 715 10
614 355 10
614 358 10
614 359 10
614 362 10
614 363 10
614 374 10
614 378 10
614 379 10
614 381 10
614 383 10
614 384 10
614 385 10
614 386 10
614 389 10
614 392 10
614 393 10
614 394 10
614 395 10
614 396 10
614 398 10
614 400 10
614 401 10
614 405 10
614 406 10
614 409 10
614 414 10
614 416 10
614 419 10
614 421 10
614 423 10
614 427 10
614 429 10
614 430 10
614 431 10
614 432 10
614 433 10
614 434 10
614 436 10
614 438 10
614 439 10
614 441 10
614 442 10
614 444 10
614 445 10
614 447 10
614 448 10
614 450 10
614 451 10
614 452 10
614 454 10
614 458 10
614 459 10
614 460 10
614 461 10
614 470 10
614 472 10
614 474 10
614 475 10
614 476 10
614 478 10
614 485 10
614 486 10
614 487 10
614 508 10
614 512 10
614 516 10
614 517 10
614 519 10
614 520 10
614 524 10
614 528 10
614 530 10
614 531 10
614 533 10
614 536 10
614 537 10
614 538 10
614 551 10
614 588 10
614 591 10
614 594 10
614 596 10
614 597 10
614 598 10
614 599 10
614 600 10
614 604 10
614 605 10
614 609 10
614 613 10
614 615 10
614 616 10
614 617 10
614 618 10
614 629 10
614 630 10
614 632 10
614 633 10
614 636 10
614 638 10
614 642 10
614 644 10
614 646 10
614 647 10
614 648 10
614 649 10
614 662 10
614 663 10
614 667 10
614 681 10
614 686 10
614 692 10
614 693 10
614 694 10
614 695 10
614 696 10
614 711 10
615 355 10
615 361 10
615 363 10
615 364 10
615 365 10
615 366 10
615 373 10
615 376 10
615 377 10
615 380 10
615 382 10
615 383 10
615 385 10
615 387 10
615 388 10
615 390 10
615 392 10
615 393 10
615 394 10
615 395 10
615 396 10
615 398 10
615 400 10
615 401 10
615 403 10
615 409 10
615 411 10
615 419 10
615 421 10
615 423 10
615 425 10
615 426 10
615 427 10
615 428 10
615 429 10
615 431 10
615 434 10
615 438 10
615 440 10
615 445 10
615 446 10
615 447 10
615 448 10
615 449 10
615 450 10
615 451 10
615 452 10
615 453 10
615 454 10
615 456 10
615 467 10
615 468 10
615 469 10
615 470 10
615 471 10
615 473 10
615 474 10
615 475 10
615 476 10
615 477 10
615 479 10
615 480 10
615 482 10
615 483 10
615 485 10
615 490 10
615 504 10
615 508 10
615 510 10
615 515 10
615 517 10
615 519 10
615 522 10
615 523 10
615 529 10
615 530 10
615 531 10
615 534 10
615 536 10
615 539 10
615 551 10
615 570 10
615 571 10
615 581 10
615 589 10
615 592 10
615 593 10
615 594 10
615 595 10
615 597 10
615 600 10
615 601 10
615 603 10
615 604 10
615 606 10
615 607 10
615 609 10
615 611 10
615 613 10
615 614 10
615 615 10
615 620 10
615 628 10
615 631 10
615 632 10
615 635 10
615 636 10
615 639 10
615 640 10
615 642 10
615 644 10
615 646 10
615 647 10
615 648 10
615 649 10
615 650 10
615 652 10
615 655 10
615 656 10
615 657 10
615 663 10
615 685 10
615 686 10
615 688 10
615 694 10
615 696 10
615 698 10
616 355 10
616 356 10
616 359 10
616 361 10
616 365 10
616 366 10
616 376 10
616 378 10
616 379 10
616 380 10
616 383 10
616 385 10
616 386 10
616 389 10
616 392 10
616 396 10
616 400 10
616 402 10
616 407 10
616 408 10
616 412 10
616 413 10
616 414 10
616 418 10
616 422 10
616 423 10
616 424 10
616 425 10
616 426 10
616 427 10
616 429 10
616 430 10
616 431 10
616 432 10
616 433 10
616 435 10
616 436 10
616 438 10
616 446 10
616 447 10
616 448 10
616 449 10
616 450 10
616 451 10
616 452 10
616 453 10
616 454 10
616 455 10
616 456 10
616 458 10
616 460 10
616 462 10
616 465 10
616 466 10
616 467 10
616 468 10
616 469 10
616 470 10
616 471 10
616 473 10
616 474 10
616 475 10
616 479 10
616 480 10
616 481 10
616 482 10
616 483 10
616 484 10
616 486 10
616 487 10
616 491 10
616 495 10
616 501 10
616 505 10
616 506 10
616 510 10
616 514 10
616 517 10
616 518 10
616 519 10
616 523 10
616 526 10
616 529 10
616 531 10
616 533 10
616 534 10
616 538 10
616 539 10
616 545 10
616 581 10
616 585 10
616 586 10
616 588 10
616 590 10
616 593 10
616 595 10
616 596 10
616 598 10
616 599 10
616 604 10
616 605 10
616 610 10
616 611 10
616 612 10
616 614 10
616 615 10
616 616 10
616 617 10
616 619 10
616 630 10
616 632 10
616 633 10
616 634 10
616 635 10
616 636 10
616 637 10
616 638 10
616 643 10
616 646 10
616 647 10
616 648 10
616 650 10
616 652 10
616 654 10
616 658 10
616 661 10
616 663 10
616 664 10
616 665 10
616 679 10
616 683 10
616 686 10
616 690 10
616 692 10
616 693 10
616 694 10
616 698 10
616 699 10
616 711 10
616 713 10
616 714 10
617 354 10
617 357 10
617 361 10
617 362 10
617 364 10
617 369 10
617 377 10
617 379 10
617 382 10
617 384 10
617 385 10
617 388 10
617 389 10
617 390 10
617 391 10
617 392 10
617 393 10
617 395 10
617 396 10
617 397 10
617 399 10
617 402 10
617 405 10
617 411 10
617 414 10
617 418 10
617 419 10
617 423 10
617 425 10
617 428 10
617 429 10
617 431 10
617 432 10
617 433 10
617 434 10
617 436 10
617 439 10
617 446 10
617 448 10
617 449 10
617 450 10
617 451 10
617 452 10
617 453 10
617 454 10
617 455 10
617 459 10
617 465 10
617 466 10
617 467 10
617 468 10
617 470 10
617 471 10
617 472 10
617 473 10
617 474 10
617 476 10
617 477 10
617 479 10
617 481 10
617 482 10
617 485 10
617 487 10
617 488 10
617 490 10
617 505 10
617 506 10
617 508 10
617 513 10
617 517 10
617 520 10
617 521 10
617 525 10
617 526 10
617 531 10
617 535 10
617 536 10
617 537 10
617 566 10
617 571 10
617 586 10
617 587 10
617 588 10
617 589 10
617 591 10
617 592 10
617 593 10
617 594 10
617 595 10
617 597 10
617 599 10
617 600 10
617 601 10
617 605 10
617 606 10
617 611 10
617 612 10
617 614 10
617 616 10
617 619 10
617 621 10
617 625 10
617 626 10
617 629 10
617 630 10
617 631 10
617 632 10
617 633 10
617 634 10
617 635 10
617 637 10
617 638 10
617 639 10
617 640 10
617 641 10
617 642 10
617 643 10
617 645 10
617 649 10
617 651 10
617 654 10
617 656 10
617 684 10
617 690 10
617 694 10
617 695 10
617 696 10
617 710 10
617 712 10
617 713 10
617 715 10
617 716 10
618 370 10
618 376 10
618 380 10
618 381 10
618 384 10
618 386 10
618 387 10
618 388 10
618 389 10
618 393 10
618 396 10
618 398 10
618 402 10
618 403 10
618 408 10
618 416 10
618 417 10
618 418 10
618 420 10
618 426 10
618 427 10
618 428 10
618 429 10
618 430 10
618 431 10
618 432 10
618 433 10
618 435 10
618 437 10
618 439 10
618 441 10
618 442 10
618 444 10
618 449 10
618 450 10
618 452 10
618 453 10
618 455 10
618 461 10
618 463 10
618 464 10
618 465 10
618 466 10
618 469 10
618 470 10
618 471 10
618 472 10
618 474 10
618 475 10
618 476 10
618 477 10
618 479 10
618 481 10
618 482 10
618 487 10
618 488 10
618 490 10
618 496 10
618 508 10
618 511 10
618 517 10
618 518 10
618 519 10
618 520 10
618 521 10
618 523 10
618 525 10
618 526 10
618 528 10
618 531 10
618 533 10
618 535 10
618 564 10
618 566 10
618 584 10
618 585 10
618 588 10
618 589 10
618 590 10
618 591 10
618 594 10
618 595 10
618 597 10
618 598 10
618 601 10
618 602 10
618 605 10
618 613 10
618 614 10
618 615 10
618 616 10
618 622 10
618 625 10
618 627 10
618 628 10
618 631 10
618 633 10
618 635 10
618 636 10
618 637 10
618 638 10
618 639 10
618 640 10
618 644 10
618 646 10
618 647 10
618 648 10
618 649 10
618 650 10
618 651 10
618 652 10
618 653 10
618 657 10
618 658 10
618 688 10
618 692 10
618 693 10
618 695 10
618 697 10
618 698 10
618 699 10
618 700 10
618 714 10
619 356 10
619 358 10
619 375 10
619 380 10
619 381 10
619 385 10
619 387 10
619 388 10
619 389 10
619 390 10
619 393 10
619 395 10
619 398 10
619 399 10
619 401 10
619 402 10
619 403 10
619 405 10
619 419 10
619 420 10
619 422 10
619 425 10
619 427 10
619 429 10
619 430 10
619 431 10
619 432 10
619 433 10
619 435 10
619 436 10
619 437 10
619 438 10
619 439 10
619 440 10
619 441 10
619 443 10
619 444 10
619 447 10
619 448 10
619 449 10
619 450 10
619 451 10
619 453 10
619 454 10
619 455 10
619 456 10
619 458 10
619 464 10
619 467 10
619 468 10
619 470 10
619 471 10
619 472 10
619 474 10
619 475 10
619 476 10
619 478 10
619 485 10
619 486 10
619 488 10
619 490 10
619 493 10
619 494 10
619 501 10
619 502 10
619 506 10
619 507 10
619 511 10
619 516 10
619 526 10
619 528 10
619 531 10
619 532 10
619 533 10
619 534 10
619 536 10
619 550 10
619 551 10
619 565 10
619 566 10
619 571 10
619 572 10
619 582 10
619 585 10
619 586 10
619 587 10
619 588 10
619 589 10
619 590 10
619 591 10
619 592 10
619 594 10
619 595 10
619 596 10
619 597 10
619 598 10
619 600 10
619 601 10
619 602 10
619 603 10
619 604 10
619 605 10
619 611 10
619 612 10
619 613 10
619 614 10
619 617 10
619 619 10
619 623 10
619 624 10
619 625 10
619 626 10
619 629 10
619 630 10
619 631 10
619 633 10
619 637 10
619 639 10
619 641 10
619 644 10
619 646 10
619 654 10
619 655 10
619 694 10
619 696 10
620 356 10
620 359 10
620 377 10
620 383 10
620 385 10
620 389 10
620 392 10
620 398 10
620 402 10
620 403 10
620 404 10
620 405 10
620 406 10
620 416 10
620 418 10
620 419 10
620 420 10
620 421 10
620 422 10
620 423 10
620 424 10
620 425 10
620 426 10
620 428 10
620 431 10
620 432 10
620 433 10
620 434 10
620 435 10
620 437 10
620 438 10
620 439 10
620 440 10
620 441 10
620 442 10
620 443 10
620 444 10
620 448 10
620 449 10
620 450 10
620 451 10
620 452 10
620 453 10
620 454 10
620 455 10
620 457 10
620 461 10
620 462 10
620 464 10
620 466 10
620 469 10
620 470 10
620 472 10
620 473 10
620 474 10
620 475 10
620 478 10
620 479 10
620 484 10
620 487 10
620 488 10
620 493 10
620 497 10
620 506 10
620 509 10
620 513 10
620 515 10
620 516 10
620 518 10
620 520 10
620 522 10
620 524 10
620 525 10
620 526 10
620 528 10
620 529 10
620 532 10
620 534 10
620 536 10
620 553 10
620 573 10
620 583 10
620 584 10
620 585 10
620 587 10
620 588 10
620 590 10
620 592 10
620 593 10
620 595 10
620 596 10
620 597 10
620 599 10
620 602 10
620 603 10
620 604 10
620 605 10
620 606 10
620 608 10
620 611 10
620 613 10
620 614 10
620 616 10
620 617 10
620 620 10
620 621 10
620 625 10
620 626 10
620 629 10
620 630 10
620 632 10
620 637 10
620 638 10
620 640 10
620 641 10
620 643 10
620 644 10
620 646 10
620 649 10
620 651 10
620 661 10
620 691 10
620 692 10
620 693 10
620 694 10
620 695 10
620 697 10
620 699 10
621 354 10
621 374 10
621 376 10
621 379 10
621 383 10
621 386 10
621 387 10
621 388 10
621 389 10
621 393 10
621 395 10
621 396 10
621 401 10
621 402 10
621 403 10
621 405 10
621 411 10
621 417 10
621 418 10
621 419 10
621 420 10
621 422 10
621 423 10
621 425 10
621 430 10
621 431 10
621 432 10
621 437 10
621 438 10
621 440 10
621 441 10
621 443 10
621 445 10
621 446 10
621 449 10
621 450 10
621 452 10
621 453 10
621 455 10
621 456 10
621 459 10
621 463 10
621 464 10
621 466 10
621 467 10
621 468 10
621 469 10
621 470 10
621 471 10
621 473 10
621 475 10
621 478 10
621 479 10
621 480 10
621 481 10
621 482 10
621 483 10
621 485 10
621 486 10
621 489 10
621 493 10
621 496 10
621 505 10
621 507 10
621 511 10
621 512 10
621 515 10
621 517 10
621 521 10
621 522 10
621 524 10
621 525 10
621 526 10
621 528 10
621 532 10
621 534 10
621 537 10
621 550 10
621 552 10
621 562 10
621 564 10
621 566 10
621 572 10
621 578 10
621 580 10
621 587 10
621 589 10
621 590 10
621 591 10
621 593 10
621 595 10
621 596 10
621 597 10
621 598 10
621 599 10
621 600 10
621 602 10
621 604 10
621 605 10
621 606 10
621 607 10
621 609 10
621 611 10
621 612 10
621 614 10
621 615 10
621 617 10
621 619 10
621 620 10
621 623 10
621 624 10
621 625 10
621 627 10
621 628 10
621 630 10
621 632 10
621 633 10
621 634 10
621 635 10
621 638 10
621 639 10
621 640 10
621 644 10
621 646 10
621 647 10
621 648 10
621 649 10
621 651 10
621 653 10
621 656 10
621 660 10
621 677 10
621 680 10
621 681 10
621 683 10
621 685 10
621 686 10
621 687 10
621 693 10
621 694 10
621 695 10
621 696 10
622 356 10
622 373 10
622 375 10
622 376 10
622 380 10
622 384 10
622 387 10
622 388 10
622 392 10
622 393 10
622 394 10
622 401 10
622 403 10
622 405 10
622 410 10
622 411 10
622 413 10
622 419 10
622 420 10
622 421 10
622 423 10
622 425 10
622 427 10
622 429 10
622 431 10
622 432 10
622 435 10
622 436 10
622 437 10
622 440 10
622 443 10
622 445 10
622 446 10
622 447 10
622 448 10
622 450 10
622 451 10
622 453 10
622 456 10
622 461 10
622 462 10
622 464 10
622 465 10
622 466 10
622 467 10
622 468 10
622 469 10
622 470 10
622 472 10
622 473 10
622 474 10
622 477 10
622 480 10
622 482 10
622 483 10
622 484 10
622 485 10
622 487 10
622 488 10
622 504 10
622 512 10
622 513 10
622 514 10
622 515 10
622 517 10
622 518 10
622 521 10
622 524 10
622 526 10
622 533 10
622 537 10
622 538 10
622 542 10
622 544 10
622 545 10
622 546 10
622 552 10
622 558 10
622 560 10
622 562 10
622 564 10
622 567 10
622 572 10
622 574 10
622 577 10
622 579 10
622 581 10
622 582 10
622 583 10
622 584 10
622 585 10
622 587 10
622 588 10
622 592 10
622 593 10
622 594 10
622 596 10
622 600 10
622 601 10
622 603 10
622 604 10
622 607 10
622 608 10
622 609 10
622 610 10
622 612 10
622 615 10
622 616 10
622 619 10
622 620 10
622 621 10
622 622 10
622 623 10
622 624 10
622 625 10
622 626 10
622 628 10
622 629 10
622 631 10
622 635 10
622 636 10
622 639 10
622 641 10
622 643 10
622 647 10
622 648 10
622 651 10
622 652 10
622 653 10
622 654 10
622 656 10
622 659 10
622 660 10
622 666 10
622 668 10
622 676 10
622 678 10
622 680 10
622 683 10
622 696 10
623 376 10
623 378 10
623 379 10
623 380 10
623 381 10
623 383 10
623 384 10
623 385 10
623 386 10
623 392 10
623 394 10
623 397 10
623 399 10
623 401 10
623 404 10
623 407 10
623 408 10
623 409 10
623 411 10
623 412 10
623 419 10
623 420 10
623 421 10
623 422 10
623 424 10
623 427 10
623 428 10
623 432 10
623 434 10
623 435 10
623 438 10
623 441 10
623 443 10
623 444 10
623 445 10
623 448 10
623 449 10
623 451 10
623 452 10
623 454 10
623 458 10
623 460 10
623 462 10
623 463 10
623 464 10
623 465 10
623 466 10
623 467 10
623 468 10
623 469 10
623 470 10
623 471 10
623 472 10
623 473 10
623 474 10
623 475 10
623 477 10
623 480 10
623 482 10
623 483 10
623 484 10
623 485 10
623 487 10
623 495 10
623 496 10
623 498 10
623 507 10
623 511 10
623 514 10
623 515 10
623 516 10
623 518 10
623 519 10
623 520 10
623 521 10
623 522 10
623 525 10
623 526 10
623 528 10
623 530 10
623 531 10
623 533 10
623 536 10
623 539 10
623 548 10
623 550 10
623 553 10
623 554 10
623 561 10
623 564 10
623 578 10
623 580 10
623 581 10
623 583 10
623 588 10
623 589 10
623 590 10
623 594 10
623 595 10
623 596 10
623 597 10
623 600 10
623 601 10
623 602 10
623 603 10
623 604 10
623 605 10
623 607 10
623 609 10
623 612 10
623 613 10
623 614 10
623 617 10
623 618 10
623 620 10
623 622 10
623 623 10
623 624 10
623 625 10
623 626 10
623 627 10
623 628 10
623 630 10
623 631 10
623 632 10
623 634 10
623 638 10
623 640 10
623 641 10
623 645 10
623 650 10
623 651 10
623 652 10
623 653 10
623 654 10
623 656 10
623 657 10
623 664 10
623 665 10
623 667 10
623 677 10
623 681 10
623 682 10
623 684 10
623 685 10
623 694 10
624 372 10
624 374 10
624 377 10
624 378 10
624 382 10
624 386 10
624 388 10
624 389 10
624 402 10
624 410 10
624 418 10
624 419 10
624 420 10
624 421 10
624 424 10
624 426 10
624 429 10
624 430 10
624 431 10
624 432 10
624 433 10
624 434 10
624 436 10
624 438 10
624 440 10
624 442 10
624 443 10
624 444 10
624 447 10
624 448 10
624 450 10
624 451 10
624 453 10
624 457 10
624 458 10
624 461 10
624 463 10
624 464 10
624 465 10
624 466 10
624 467 10
624 468 10
624 469 10
624 470 10
624 473 10
624 474 10
624 475 10
624 479 10
624 480 10
624 481 10
624 482 10
624 484 10
624 485 10
624 486 10
624 487 10
624 495 10
624 497 10
624 498 10
624 499 10
624 501 10
624 506 10
624 507 10
624 509 10
624 518 10
624 520 10
624 523 10
624 524 10
624 525 10
624 527 10
624 529 10
624 530 10
624 531 10
624 533 10
624 537 10
624 539 10
624 544 10
624 546 10
624 547 10
624 548 10
624 549 10
624 550 10
624 551 10
624 553 10
624 555 10
624 558 10
624 561 10
624 572 10
624 575 10
624 583 10
624 584 10
624 585 10
624 592 10
624 593 10
624 595 10
624 596 10
624 597 10
624 599 10
624 601 10
624 602 10
624 603 10
624 604 10
624 607 10
624 609 10
624 614 10
624 616 10
624 617 10
624 618 10
624 620 10
624 621 10
624 623 10
624 624 10
624 626 10
624 628 10
624 630 10
624 631 10
624 632 10
624 633 10
624 634 10
624 640 10
624 647 10
624 648 10
624 649 10
624 650 10
624 651 10
624 652 10
624 653 10
624 654 10
624 655 10
624 656 10
624 657 10
624 660 10
624 661 10
624 662 10
624 663 10
624 667 10
624 677 10
624 684 10
624 685 10
625 375 10
625 376 10
625 377 10
625 378 10
625 381 10
625 382 10
625 383 10
625 385 10
625 387 10
625 398 10
625 399 10
625 406 10
625 417 10
625 419 10
625 420 10
625 421 10
625 423 10
625 424 10
625 428 10
625 430 10
625 431 10
625 434 10
625 435 10
625 436 10
625 439 10
625 442 10
625 446 10
625 448 10
625 449 10
625 450 10
625 459 10
625 461 10
625 462 10
625 463 10
625 464 10
625 465 10
625 466 10
625 467 10
625 468 10
625 469 10
625 470 10
625 471 10
625 472 10
625 473 10
625 476 10
625 477 10
625 482 10
625 483 10
625 485 10
625 486 10
625 487 10
625 489 10
625 490 10
625 495 10
625 496 10
625 497 10
625 498 10
625 501 10
625 503 10
625 504 10
625 509 10
625 510 10
625 512 10
625 513 10
625 515 10
625 516 10
625 517 10
625 520 10
625 522 10
625 524 10
625 525 10
625 529 10
625 530 10
625 545 10
625 551 10
625 555 10
625 556 10
625 560 10
625 575 10
625 576 10
625 582 10
625 584 10
625 586 10
625 587 10
625 589 10
625 590 10
625 591 10
625 592 10
625 596 10
625 597 10
625 598 10
625 600 10
625 601 10
625 602 10
625 606 10
625 609 10
625 612 10
625 613 10
625 620 10
625 621 10
625 622 10
625 623 10
625 624 10
625 625 10
625 626 10
625 631 10
625 632 10
625 635 10
625 636 10
625 640 10
625 641 10
625 642 10
625 643 10
625 644 10
625 651 10
625 652 10
625 654 10
625 656 10
625 657 10
625 659 10
625 662 10
625 664 10
625 665 10
625 666 10
625 669 10
625 674 10
625 676 10
625 678 10
625 681 10
625 683 10
626 373 10
626 379 10
626 381 10
626 391 10
626 397 10
626 401 10
626 412 10
626 414 10
626 419 10
626 422 10
626 426 10
626 428 10
626 431 10
626 433 10
626 436 10
626 437 10
626 438 10
626 440 10
626 442 10
626 443 10
626 445 10
626 447 10
626 448 10
626 449 10
626 450 10
626 457 10
626 459 10
626 463 10
626 464 10
626 465 10
626 466 10
626 467 10
626 468 10
626 469 10
626 471 10
626 472 10
626 473 10
626 474 10
626 477 10
626 478 10
626 479 10
626 482 10
626 483 10
626 484 10
626 485 10
626 487 10
626 495 10
626 496 10
626 497 10
626 498 10
626 500 10
626 502 10
626 503 10
626 504 10
626 507 10
626 508 10
626 510 10
626 511 10
626 513 10
626 515 10
626 517 10
626 518 10
626 519 10
626 521 10
626 522 10
626 523 10
626 524 10
626 525 10
626 527 10
626 528 10
626 529 10
626 531 10
626 533 10
626 534 10
626 537 10
626 548 10
626 549 10
626 550 10
626 552 10
626 553 10
626 554 10
626 563 10
626 565 10
626 576 10
626 578 10
626 583 10
626 584 10
626 585 10
626 586 10
626 587 10
626 593 10
626 595 10
626 597 10
626 599 10
626 600 10
626 601 10
626 602 10
626 603 10
626 605 10
626 608 10
626 610 10
626 611 10
626 612 10
626 617 10
626 619 10
626 620 10
626 623 10
626 625 10
626 626 10
626 627 10
626 629 10
626 630 10
626 631 10
626 641 10
626 642 10
626 643 10
626 644 10
626 647 10
626 649 10
626 652 10
626 653 10
626 654 10
626 658 10
626 662 10
626 663 10
626 664 10
626 665 10
626 669 10
626 672 10
626 673 10
627 374 10
627 376 10
627 384 10
627 385 10
627 390 10
627 397 10
627 401 10
627 405 10
627 412 10
627 413 10
627 415 10
627 422 10
627 425 10
627 426 10
627 427 10
627 429 10
627 431 10
627 433 10
627 436 10
627 437 10
627 438 10
627 439 10
627 440 10
627 441 10
627 443 10
627 444 10
627 445 10
627 447 10
627 450 10
627 451 10
627 453 10
627 454 10
627 455 10
627 457 10
627 458 10
627 459 10
627 460 10
627 461 10
627 462 10
627 463 10
627 464 10
627 465 10
627 466 10
627 467 10
627 468 10
627 470 10
627 474 10
627 475 10
627 477 10
627 478 10
627 480 10
627 481 10
627 482 10
627 483 10
627 486 10
627 488 10
627 491 10
627 495 10
627 502 10
627 504 10
627 506 10
627 509 10
627 510 10
627 511 10
627 512 10
627 515 10
627 517 10
627 523 10
627 524 10
627 526 10
627 527 10
627 529 10
627 532 10
627 543 10
627 546 10
627 550 10
627 551 10
627 554 10
627 564 10
627 565 10
627 572 10
627 575 10
627 578 10
627 579 10
627 580 10
627 581 10
627 582 10
627 586 10
627 587 10
627 589 10
627 599 10
627 600 10
627 601 10
627 606 10
627 609 10
627 611 10
627 612 10
627 613 10
627 615 10
627 617 10
627 623 10
627 624 10
627 625 10
627 629 10
627 631 10
627 632 10
627 633 10
627 639 10
627 640 10
627 642 10
627 646 10
627 648 10
627 649 10
627 650 10
627 653 10
627 654 10
627 658 10
627 662 10
627 663 10
627 664 10
627 669 10
627 679 10
628 374 10
628 375 10
628 383 10
628 384 10
628 385 10
628 406 10
628 410 10
628 411 10
628 413 10
628 414 10
628 425 10
628 427 10
628 428 10
628 432 10
628 433 10
628 437 10
628 438 10
628 439 10
628 440 10
628 442 10
628 444 10
628 445 10
628 446 10
628 447 10
628 450 10
628 452 10
628 453 10
628 457 10
628 461 10
628 462 10
628 464 10
628 465 10
628 466 10
628 467 10
628 468 10
628 471 10
628 472 10
628 473 10
628 474 10
628 476 10
628 477 10
628 481 10
628 483 10
628 484 10
628 486 10
628 487 10
628 491 10
628 492 10
628 495 10
628 497 10
628 498 10
628 503 10
628 504 10
628 507 10
628 509 10
628 511 10
628 512 10
628 516 10
628 520 10
628 521 10
628 523 10
628 524 10
628 525 10
628 526 10
628 528 10
628 529 10
628 531 10
628 532 10
628 533 10
628 542 10
628 547 10
628 548 10
628 549 10
628 572 10
628 576 10
628 577 10
628 579 10
628 583 10
628 584 10
628 585 10
628 587 10
628 588 10
628 590 10
628 599 10
628 600 10
628 609 10
628 610 10
628 611 10
628 613 10
628 615 10
628 617 10
628 625 10
628 626 10
628 627 10
628 629 10
628 630 10
628 631 10
628 632 10
628 633 10
628 639 10
628 641 10
628 642 10
628 643 10
628 646 10
628 652 10
628 654 10
628 656 10
628 658 10
628 661 10
628 662 10
628 663 10
628 664 10
628 666 10
628 667 10
628 668 10
628 671 10
628 682 10
628 683 10
629 375 10
629 382 10
629 384 10
629 396 10
629 402 10
629 406 10
629 407 10
629 409 10
629 412 10
629 415 10
629 425 10
629 427 10
629 431 10
629 433 10
629 435 10
629 436 10
629 440 10
629 441 10
629 442 10
629 443 10
629 444 10
629 445 10
629 447 10
629 449 10
629 452 10
629 453 10
629 456 10
629 458 10
629 459 10
629 460 10
629 461 10
629 462 10
629 464 10
629 465 10
629 467 10
629 468 10
629 470 10
629 471 10
629 472 10
629 473 10
629 474 10
629 476 10
629 477 10
629 478 10
629 479 10
629 480 10
629 481 10
629 482 10
629 483 10
629 485 10
629 486 10
629 490 10
629 492 10
629 494 10
629 498 10
629 499 10
629 500 10
629 502 10
629 504 10
629 506 10
629 507 10
629 509 10
629 510 10
629 511 10
629 512 10
629 522 10
629 523 10
629 524 10
629 527 10
629 529 10
629 536 10
629 546 10
629 547 10
629 548 10
629 549 10
629 550 10
629 551 10
629 561 10
629 565 10
629 569 10
629 572 10
629 573 10
629 577 10
629 579 10
629 581 10
629 582 10
629 583 10
629 585 10
629 587 10
629 588 10
629 590 10
629 600 10
629 605 10
629 610 10
629 611 10
629 612 10
629 613 10
629 614 10
629 617 10
629 618 10
629 628 10
629 629 10
629 630 10
629 632 10
629 633 10
629 635 10
629 637 10
629 639 10
629 640 10
629 641 10
629 642 10
629 643 10
629 645 10
629 646 10
629 648 10
629 649 10
629 650 10
629 651 10
629 652 10
629 654 10
629 655 10
629 659 10
629 662 10
629 663 10
629 665 10
629 666 10
629 668 10
629 669 10
629 676 10
629 679 10
629 682 10
630 384 10
630 400 10
630 402 10
630 406 10
630 409 10
630 411 10
630 413 10
630 421 10
630 424 10
630 428 10
630 430 10
630 438 10
630 439 10
630 442 10
630 443 10
630 444 10
630 445 10
630 446 10
630 447 10
630 448 10
630 450 10
630 454 10
630 455 10
630 457 10
630 458 10
630 459 10
630 460 10
630 461 10
630 462 10
630 464 10
630 465 10
630 467 10
630 468 10
630 469 10
630 470 10
630 472 10
630 475 10
630 477 10
630 478 10
630 481 10
630 482 10
630 483 10
630 484 10
630 486 10
630 487 10
630 490 10
630 492 10
630 494 10
630 497 10
630 498 10
630 499 10
630 500 10
630 502 10
630 503 10
630 505 10
630 507 10
630 509 10
630 510 10
630 522 10
630 523 10
630 524 10
630 525 10
630 526 10
630 527 10
630 534 10
630 536 10
630 538 10
630 545 10
630 552 10
630 564 10
630 572 10
630 574 10
630 575 10
630 576 10
630 577 10
630 578 10
630 579 10
630 580 10
630 582 10
630 584 10
630 585 10
630 587 10
630 588 10
630 590 10
630 608 10
630 609 10
630 611 10
630 612 10
630 618 10
630 620 10
630 623 10
630 625 10
630 627 10
630 629 10
630 630 10
630 631 10
630 633 10
630 635 10
630 637 10
630 638 10
630 640 10
630 642 10
630 643 10
630 644 10
630 645 10
630 646 10
630 647 10
630 648 10
630 649 10
630 650 10
630 651 10
630 652 10
630 653 10
630 655 10
630 656 10
630 657 10
630 665 10
630 668 10
630 669 10
630 678 10
630 680 10
630 681 10
630 683 10
631 375 10
631 377 10
631 378 10
631 399 10
631 404 10
631 407 10
631 408 10
631 409 10
631 411 10
631 412 10
631 414 10
631 416 10
631 417 10
631 420 10
631 424 10
631 428 10
631 432 10
631 438 10
631 439 10
631 441 10
631 443 10
631 445 10
631 446 10
631 448 10
631 449 10
631 450 10
631 452 10
631 456 10
631 457 10
631 460 10
631 462 10
631 464 10
631 465 10
631 470 10
631 471 10
631 472 10
631 473 10
631 475 10
631 477 10
631 478 10
631 479 10
631 481 10
631 482 10
631 483 10
631 484 10
631 485 10
631 487 10
631 493 10
631 494 10
631 495 10
631 497 10
631 500 10
631 501 10
631 503 10
631 507 10
631 508 10
631 509 10
631 513 10
631 514 10
631 521 10
631 525 10
631 528 10
631 533 10
631 534 10
631 538 10
631 539 10
631 540 10
631 542 10
631 544 10
631 545 10
631 550 10
631 562 10
631 566 10
631 567 10
631 572 10
631 574 10
631 575 10
631 577 10
631 578 10
631 579 10
631 581 10
631 582 10
631 583 10
631 585 10
631 586 10
631 587 10
631 589 10
631 594 10
631 601 10
631 604 10
631 610 10
631 611 10
631 612 10
631 613 10
631 614 10
631 618 10
631 621 10
631 623 10
631 624 10
631 625 10
631 629 10
631 631 10
631 632 10
631 633 10
631 635 10
631 639 10
631 640 10
631 642 10
631 643 10
631 645 10
631 647 10
631 649 10
631 650 10
631 651 10
631 652 10
631 654 10
631 655 10
631 656 10
631 665 10
631 666 10
631 667 10
631 680 10
632 374 10
632 381 10
632 383 10
632 392 10
632 402 10
632 403 10
632 406 10
632 407 10
632 410 10
632 411 10
632 412 10
632 415 10
632 421 10
632 422 10
632 424 10
632 425 10
632 427 10
632 429 10
632 430 10
632 431 10
632 435 10
632 438 10
632 441 10
632 442 10
632 443 10
632 444 10
632 445 10
632 448 10
632 455 10
632 457 10
632 461 10
632 463 10
632 464 10
632 469 10
632 471 10
632 472 10
632 475 10
632 479 10
632 480 10
632 481 10
632 482 10
632 484 10
632 491 10
632 497 10
632 498 10
632 499 10
632 500 10
632 501 10
632 503 10
632 507 10
632 512 10
632 513 10
632 515 10
632 522 10
632 523 10
632 525 10
632 526 10
632 535 10
632 537 10
632 539 10
632 544 10
632 545 10
632 546 10
632 550 10
632 551 10
632 565 10
632 569 10
632 570 10
632 572 10
632 574 10
632 575 10
632 577 10
632 578 10
632 579 10
632 580 10
632 581 10
632 582 10
632 583 10
632 584 10
632 587 10
632 589 10
632 590 10
632 606 10
632 608 10
632 611 10
632 613 10
632 618 10
632 622 10
632 624 10
632 625 10
632 626 10
632 628 10
632 629 10
632 630 10
632 631 10
632 632 10
632 640 10
632 641 10
632 642 10
632 643 10
632 644 10
632 647 10
632 648 10
632 649 10
632 650 10
632 651 10
632 654 10
632 655 10
632 662 10
632 663 10
632 665 10
632 678 10
632 679 10
633 385 10
633 393 10
633 398 10
633 399 10
633 402 10
633 403 10
633 404 10
633 405 10
633 406 10
633 407 10
633 408 10
633 409 10
633 411 10
633 413 10
633 416 10
633 423 10
633 424 10
633 426 10
633 432 10
633 434 10
633 438 10
633 440 10
633 444 10
633 445 10
633 446 10
633 448 10
633 450 10
633 454 10
633 456 10
633 457 10
633 458 10
633 459 10
633 460 10
633 461 10
633 462 10
633 464 10
633 466 10
633 471 10
633 472 10
633 473 10
633 478 10
633 479 10
633 482 10
633 490 10
633 491 10
633 498 10
633 500 10
633 503 10
633 504 10
633 506 10
633 508 10
633 509 10
633 510 10
633 516 10
633 524 10
633 526 10
633 527 10
633 538 10
633 539 10
633 541 10
633 542 10
633 543 10
633 544 10
633 548 10
633 550 10
633 551 10
633 559 10
633 561 10
633 566 10
633 568 10
633 570 10
633 573 10
633 576 10
633 578 10
633 579 10
633 580 10
633 581 10
633 582 10
633 583 10
633 584 10
633 586 10
633 587 10
633 588 10
633 589 10
633 608 10
633 610 10
633 615 10
633 620 10
633 621 10
633 622 10
633 623 10
633 624 10
633 630 10
633 633 10
633 637 10
633 640 10
633 642 10
633 645 10
633 647 10
633 648 10
633 649 10
633 652 10
633 654 10
633 656 10
633 664 10
633 665 10
633 680 10
634 379 10
634 383 10
634 384 10
634 385 10
634 392 10
634 400 10
634 401 10
634 403 10
634 404 10
634 405 10
634 409 10
634 410 10
634 412 10
634 413 10
634 414 10
634 415 10
634 420 10
634 421 10
634 422 10
634 424 10
634 426 10
634 429 10
634 436 10
634 440 10
634 441 10
634 442 10
634 445 10
634 446 10
634 447 10
634 451 10
634 456 10
634 459 10
634 461 10
634 462 10
634 463 10
634 464 10
634 465 10
634 466 10
634 467 10
634 468 10
634 470 10
634 471 10
634 472 10
634 480 10
634 484 10
634 485 10
634 491 10
634 495 10
634 496 10
634 497 10
634 499 10
634 500 10
634 501 10
634 507 10
634 508 10
634 510 10
634 512 10
634 515 10
634 524 10
634 526 10
634 528 10
634 533 10
634 540 10
634 544 10
634 546 10
634 549 10
634 550 10
634 558 10
634 560 10
634 566 10
634 567 10
634 569 10
634 570 10
634 571 10
634 572 10
634 573 10
634 575 10
634 578 10
634 579 10
634 584 10
634 585 10
634 586 10
634 587 10
634 588 10
634 591 10
634 605 10
634 606 10
634 610 10
634 611 10
634 612 10
634 613 10
634 614 10
634 620 10
634 621 10
634 624 10
634 625 10
634 630 10
634 633 10
634 634 10
634 637 10
634 640 10
634 642 10
634 649 10
634 652 10
634 653 10
634 658 10
634 659 10
634 661 10
635 381 10
635 383 10
635 384 10
635 385 10
635 399 10
635 402 10
635 403 10
635 404 10
635 405 10
635 406 10
635 411 10
635 412 10
635 419 10
635 421 10
635 422 10
635 423 10
635 428 10
635 435 10
635 438 10
635 441 10
635 443 10
635 444 10
635 445 10
635 448 10
635 451 10
635 454 10
635 456 10
635 458 10
635 463 10
635 467 10
635 469 10
635 470 10
635 471 10
635 482 10
635 483 10
635 487 10
635 495 10
635 497 10
635 498 10
635 499 10
635 500 10
635 501 10
635 503 10
635 504 10
635 506 10
635 521 10
635 524 10
635 525 10
635 527 10
635 538 10
635 539 10
635 540 10
635 543 10
635 545 10
635 546 10
635 547 10
635 548 10
635 549 10
635 551 10
635 561 10
635 562 10
635 565 10
635 570 10
635 573 10
635 575 10
635 576 10
635 578 10
635 581 10
635 582 10
635 587 10
635 588 10
635 589 10
635 590 10
635 605 10
635 606 10
635 610 10
635 611 10
635 613 10
635 615 10
635 621 10
635 623 10
635 624 10
635 625 10
635 627 10
635 628 10
635 629 10
635 633 10
635 638 10
635 642 10
635 645 10
635 647 10
635 650 10
635 655 10
635 656 10
635 660 10
635 662 10
636 379 10
636 381 10
636 382 10
636 384 10
636 391 10
636 396 10
636 398 10
636 399 10
636 400 10
636 401 10
636 402 10
636 403 10
636 405 10
636 408 10
636 409 10
636 412 10
636 413 10
636 414 10
636 415 10
636 417 10
636 420 10
636 421 10
636 425 10
636 427 10
636 428 10
636 429 10
636 430 10
636 435 10
636 437 10
636 438 10
636 442 10
636 444 10
636 446 10
636 448 10
636 451 10
636 452 10
636 457 10
636 463 10
636 464 10
636 465 10
636 473 10
636 482 10
636 485 10
636 487 10
636 489 10
636 490 10
636 491 10
636 494 10
636 497 10
636 499 10
636 500 10
636 501 10
636 502 10
636 505 10
636 506 10
636 508 10
636 509 10
636 514 10
636 528 10
636 538 10
636 539 10
636 541 10
636 542 10
636 543 10
636 544 10
636 545 10
636 549 10
636 551 10
636 562 10
636 563 10
636 564 10
636 565 10
636 567 10
636 569 10
636 571 10
636 572 10
636 574 10
636 575 10
636 578 10
636 579 10
636 588 10
636 590 10
636 603 10
636 605 10
636 606 10
636 607 10
636 608 10
636 612 10
636 615 10
636 619 10
636 627 10
636 628 10
636 630 10
636 632 10
636 633 10
636 634 10
636 635 10
636 636 10
636 638 10
636 640 10
636 642 10
636 643 10
636 651 10
636 655 10
636 656 10
636 657 10
636 659 10
636 661 10
636 677 10
637 367 10
637 381 10
637 382 10
637 384 10
637 385 10
637 388 10
637 396 10
637 397 10
637 398 10
637 399 10
637 400 10
637 402 10
637 403 10
637 404 10
637 405 10
637 406 10
637 407 10
637 409 10
637 410 10
637 411 10
637 412 10
637 414 10
637 416 10
637 425 10
637 430 10
637 435 10
637 438 10
637 439 10
637 440 10
637 442 10
637 443 10
637 444 10
637 448 10
637 449 10
637 450 10
637 456 10
637 457 10
637 458 10
637 459 10
637 461 10
637 465 10
637 466 10
637 468 10
637 470 10
637 472 10
637 483 10
637 484 10
637 487 10
637 489 10
637 492 10
637 495 10
637 497 10
637 500 10
637 502 10
637 507 10
637 514 10
637 515 10
637 516 10
637 518 10
637 521 10
637 524 10
637 526 10
637 536 10
637 541 10
637 545 10
637 551 10
637 561 10
637 565 10
637 572 10
637 575 10
637 576 10
637 579 10
637 582 10
637 584 10
637 592 10
637 601 10
637 602 10
637 604 10
637 606 10
637 611 10
637 612 10
637 613 10
637 614 10
637 616 10
637 617 10
637 621 10
637 625 10
637 626 10
637 627 10
637 628 10
637 629 10
637 630 10
637 635 10
637 637 10
637 639 10
637 642 10
637 649 10
637 650 10
637 652 10
637 653 10
637 657 10
637 659 10
637 663 10
637 678 10
638 369 10
638 371 10
638 374 10
638 381 10
638 383 10
638 384 10
638 386 10
638 388 10
638 395 10
638 399 10
638 402 10
638 403 10
638 404 10
638 405 10
638 406 10
638 407 10
638 408 10
638 409 10
638 410 10
638 411 10
638 412 10
638 413 10
638 414 10
638 415 10
638 417 10
638 419 10
638 427 10
638 428 10
638 430 10
638 431 10
638 432 10
638 433 10
638 434 10
638 437 10
638 440 10
638 441 10
638 442 10
638 444 10
638 445 10
638 447 10
638 448 10
638 449 10
638 451 10
638 454 10
638 455 10
638 456 10
638 457 10
638 458 10
638 461 10
638 462 10
638 464 10
638 465 10
638 467 10
638 470 10
638 472 10
638 484 10
638 489 10
638 490 10
638 492 10
638 493 10
638 497 10
638 498 10
638 500 10
638 513 10
638 514 10
638 522 10
638 527 10
638 528 10
638 530 10
638 538 10
638 543 10
638 561 10
638 565 10
638 567 10
638 573 10
638 574 10
638 575 10
638 577 10
638 579 10
638 588 10
638 591 10
638 598 10
638 602 10
638 604 10
638 605 10
638 606 10
638 607 10
638 611 10
638 612 10
638 614 10
638 615 10
638 616 10
638 617 10
638 618 10
638 619 10
638 620 10
638 621 10
638 626 10
638 627 10
638 628 10
638 629 10
638 630 10
638 632 10
638 633 10
638 649 10
638 653 10
638 655 10
638 656 10
638 661 10
638 675 10
638 678 10
639 367 10
639 369 10
639 372 10
639 373 10
639 383 10
639 386 10
639 396 10
639 398 10
639 399 10
639 400 10
639 401 10
639 403 10
639 404 10
639 407 10
639 408 10
639 409 10
639 410 10
639 411 10
639 412 10
639 413 10
639 414 10
639 415 10
639 416 10
639 423 10
639 429 10
639 431 10
639 432 10
639 436 10
639 437 10
639 440 10
639 444 10
639 445 10
639 447 10
639 448 10
639 449 10
639 453 10
639 458 10
639 464 10
639 467 10
639 470 10
639 479 10
639 481 10
639 482 10
639 483 10
639 484 10
639 485 10
639 486 10
639 487 10
639 491 10
639 494 10
639 497 10
639 500 10
639 502 10
639 504 10
639 507 10
639 513 10
639 514 10
639 515 10
639 517 10
639 518 10
639 520 10
639 523 10
639 524 10
639 527 10
639 528 10
639 530 10
639 537 10
639 540 10
639 542 10
639 544 10
639 551 10
639 570 10
639 573 10
639 577 10
639 578 10
639 579 10
639 583 10
639 584 10
639 593 10
639 599 10
639 601 10
639 602 10
639 603 10
639 609 10
639 610 10
639 612 10
639 613 10
639 614 10
639 615 10
639 616 10
639 617 10
639 620 10
639 621 10
639 624 10
639 625 10
639 626 10
639 627 10
639 628 10
639 629 10
639 630 10
639 631 10
639 632 10
639 633 10
639 634 10
639 636 10
639 648 10
639 651 10
639 652 10
639 653 10
639 660 10
639 661 10
639 663 10
639 679 10
640 366 10
640 370 10
640 375 10
640 381 10
640 390 10
640 391 10
640 392 10
640 397 10
640 399 10
640 401 10
640 402 10
640 405 10
640 407 10
640 409 10
640 410 10
640 411 10
640 413 10
640 414 10
640 416 10
640 417 10
640 426 10
640 435 10
640 437 10
640 438 10
640 441 10
640 443 10
640 444 10
640 447 10
640 448 10
640 449 10
640 450 10
640 453 10
640 458 10
640 461 10
640 465 10
640 468 10
640 470 10
640 474 10
640 484 10
640 488 10
640 491 10
640 494 10
640 496 10
640 499 10
640 500 10
640 503 10
640 507 10
640 513 10
640 514 10
640 516 10
640 517 10
640 518 10
640 519 10
640 520 10
640 526 10
640 528 10
640 539 10
640 541 10
640 543 10
640 544 10
640 545 10
640 547 10
640 553 10
640 564 10
640 570 10
640 573 10
640 575 10
640 576 10
640 578 10
640 579 10
640 583 10
640 593 10
640 594 10
640 595 10
640 596 10
640 601 10
640 602 10
640 604 10
640 605 10
640 607 10
640 609 10
640 611 10
640 612 10
640 613 10
640 614 10
640 615 10
640 616 10
640 620 10
640 627 10
640 628 10
640 629 10
640 630 10
640 631 10
640 632 10
640 633 10
640 636 10
640 644 10
640 647 10
640 648 10
640 677 10
640 678 10
641 367 10
641 376 10
641 389 10
641 390 10
641 391 10
641 392 10
641 397 10
641 398 10
641 400 10
641 401 10
641 402 10
641 403 10
641 404 10
641 405 10
641 406 10
641 407 10
641 408 10
641 409 10
641 410 10
641 411 10
641 412 10
641 413 10
641 414 10
641 415 10
641 416 10
641 418 10
641 420 10
641 423 10
641 428 10
641 429 10
641 430 10
641 431 10
641 432 10
641 433 10
641 435 10
641 436 10
641 440 10
641 442 10
641 443 10
641 444 10
641 451 10
641 452 10
641 457 10
641 462 10
641 463 10
641 464 10
641 468 10
641 470 10
641 471 10
641 476 10
641 480 10
641 481 10
641 482 10
641 488 10
641 490 10
641 493 10
641 495 10
641 496 10
641 498 10
641 501 10
641 505 10
641 506 10
641 513 10
641 514 10
641 515 10
641 518 10
641 523 10
641 528 10
641 538 10
641 539 10
641 543 10
641 546 10
641 551 10
641 552 10
641 553 10
641 561 10
641 570 10
641 574 10
641 576 10
641 577 10
641 582 10
641 593 10
641 601 10
641 602 10
641 603 10
641 605 10
641 607 10
641 610 10
641 611 10
641 612 10
641 614 10
641 615 10
641 617 10
641 619 10
641 620 10
641 625 10
641 626 10
641 627 10
641 628 10
641 629 10
641 630 10
641 631 10
641 632 10
641 633 10
641 636 10
641 644 10
641 648 10
641 653 10
641 676 10
642 365 10
642 367 10
642 369 10
642 374 10
642 375 10
642 388 10
642 392 10
642 396 10
642 398 10
642 401 10
642 402 10
642 405 10
642 407 10
642 408 10
642 409 10
642 410 10
642 411 10
642 412 10
642 414 10
642 415 10
642 416 10
642 419 10
642 424 10
642 426 10
642 427 10
642 429 10
642 431 10
642 433 10
642 442 10
642 445 10
642 446 10
642 452 10
642 453 10
642 455 10
642 459 10
642 460 10
642 462 10
642 464 10
642 465 10
642 469 10
642 471 10
642 473 10
642 476 10
642 481 10
642 483 10
642 484 10
642 490 10
642 494 10
642 495 10
642 496 10
642 498 10
642 499 10
642 500 10
642 501 10
642 503 10
642 505 10
642 509 10
642 513 10
642 515 10
642 517 10
642 518 10
642 525 10
642 526 10
642 529 10
642 541 10
642 542 10
642 543 10
642 547 10
642 548 10
642 551 10
642 553 10
642 556 10
642 561 10
642 563 10
642 564 10
642 581 10
642 585 10
642 597 10
642 600 10
642 605 10
642 608 10
642 609 10
642 610 10
642 611 10
642 612 10
642 613 10
642 614 10
642 615 10
642 616 10
642 617 10
642 618 10
642 619 10
642 620 10
642 621 10
642 622 10
642 624 10
642 625 10
642 626 10
642 627 10
642 628 10
642 629 10
642 630 10
642 631 10
642 634 10
642 635 10
642 641 10
642 644 10
642 646 10
642 648 10
642 649 10
642 677 10
642 678 10
642 680 10
642 684 10
643 363 10
643 374 10
643 375 10
643 387 10
643 389 10
643 391 10
643 392 10
643 396 10
643 397 10
643 400 10
643 401 10
643 402 10
643 403 10
643 404 10
643 406 10
643 407 10
643 408 10
643 409 10
643 410 10
643 415 10
643 416 10
643 418 10
643 419 10
643 420 10
643 423 10
643 424 10
643 427 10
643 428 10
643 429 10
643 431 10
643 432 10
643 433 10
643 434 10
643 435 10
643 436 10
643 440 10
643 442 10
643 451 10
643 455 10
643 460 10
643 465 10
643 466 10
643 468 10
643 469 10
643 470 10
643 471 10
643 474 10
643 475 10
643 476 10
643 477 10
643 483 10
643 487 10
643 488 10
643 490 10
643 491 10
643 493 10
643 498 10
643 502 10
643 503 10
643 512 10
643 513 10
643 516 10
643 517 10
643 520 10
643 523 10
643 542 10
643 544 10
643 545 10
643 546 10
643 554 10
643 558 10
643 560 10
643 565 10
643 573 10
643 576 10
643 578 10
643 579 10
643 594 10
643 609 10
643 610 10
643 611 10
643 612 10
643 613 10
643 617 10
643 618 10
643 619 10
643 622 10
643 627 10
643 628 10
643 629 10
643 630 10
643 631 10
643 632 10
643 634 10
643 636 10
643 638 10
643 640 10
643 642 10
643 643 10
643 645 10
643 646 10
643 649 10
643 651 10
643 653 10
643 654 10
643 675 10
643 676 10
643 677 10
643 678 10
643 680 10
643 681 10
643 682 10
643 683 10
644 375 10
644 376 10
644 378 10
644 381 10
644 388 10
644 390 10
644 394 10
644 398 10
644 399 10
644 402 10
644 404 10
644 406 10
644 408 10
644 409 10
644 410 10
644 411 10
644 412 10
644 413 10
644 414 10
644 417 10
644 418 10
644 419 10
644 421 10
644 422 10
644 423 10
644 425 10
644 426 10
644 428 10
644 429 10
644 437 10
644 438 10
644 440 10
644 442 10
644 443 10
644 444 10
644 449 10
644 455 10
644 456 10
644 465 10
644 467 10
644 468 10
644 469 10
644 470 10
644 471 10
644 472 10
644 476 10
644 477 10
644 479 10
644 481 10
644 483 10
644 489 10
644 490 10
644 491 10
644 492 10
644 494 10
644 495 10
644 496 10
644 497 10
644 498 10
644 499 10
644 506 10
644 507 10
644 514 10
644 516 10
644 522 10
644 523 10
644 528 10
644 530 10
644 548 10
644 552 10
644 554 10
644 557 10
644 560 10
644 561 10
644 563 10
644 593 10
644 595 10
644 602 10
644 606 10
644 608 10
644 610 10
644 612 10
644 613 10
644 614 10
644 616 10
644 617 10
644 618 10
644 619 10
644 624 10
644 625 10
644 626 10
644 627 10
644 630 10
644 631 10
644 632 10
644 633 10
644 636 10
644 640 10
644 643 10
644 649 10
644 653 10
644 672 10
644 673 10
644 676 10
644 678 10
644 679 10
644 680 10
644 708 10
644 709 10
645 380 10
645 382 10
645 388 10
645 391 10
645 393 10
645 400 10
645 402 10
645 405 10
645 409 10
645 412 10
645 414 10
645 415 10
645 416 10
645 417 10
645 418 10
645 422 10
645 424 10
645 426 10
645 430 10
645 431 10
645 432 10
645 433 10
645 434 10
645 437 10
645 438 10
645 440 10
645 441 10
645 442 10
645 447 10
645 449 10
645 451 10
645 456 10
645 461 10
645 462 10
645 463 10
645 466 10
645 467 10
645 472 10
645 474 10
645 475 10
645 476 10
645 477 10
645 486 10
645 487 10
645 488 10
645 491 10
645 492 10
645 493 10
645 494 10
645 496 10
645 500 10
645 504 10
645 518 10
645 520 10
645 530 10
645 544 10
645 545 10
645 550 10
645 551 10
645 552 10
645 554 10
645 555 10
645 557 10
645 558 10
645 559 10
645 563 10
645 565 10
645 566 10
645 571 10
645 572 10
645 575 10
645 591 10
645 592 10
645 593 10
645 600 10
645 605 10
645 607 10
645 608 10
645 609 10
645 610 10
645 611 10
645 614 10
645 615 10
645 617 10
645 618 10
645 620 10
645 623 10
645 625 10
645 626 10
645 628 10
645 630 10
645 631 10
645 632 10
645 635 10
645 636 10
645 637 10
645 642 10
645 646 10
645 647 10
645 648 10
645 649 10
645 668 10
645 670 10
645 671 10
645 673 10
645 675 10
645 677 10
645 678 10
645 679 10
645 680 10
645 681 10
645 682 10
645 683 10
645 701 10
646 377 10
646 387 10
646 389 10
646 390 10
646 392 10
646 393 10
646 398 10
646 400 10
646 405 10
646 408 10
646 412 10
646 413 10
646 415 10
646 416 10
646 419 10
646 422 10
646 425 10
646 426 10
646 431 10
646 432 10
646 433 10
646 438 10
646 439 10
646 441 10
646 442 10
646 443 10
646 445 10
646 448 10
646 455 10
646 468 10
646 469 10
646 470 10
646 473 10
646 474 10
646 475 10
646 476 10
646 477 10
646 481 10
646 482 10
646 484 10
646 486 10
646 490 10
646 492 10
646 494 10
646 495 10
646 497 10
646 503 10
646 504 10
646 509 10
646 511 10
646 521 10
646 528 10
646 544 10
646 546 10
646 552 10
646 553 10
646 554 10
646 556 10
646 560 10
646 570 10
646 574 10
646 589 10
646 599 10
646 600 10
646 604 10
646 609 10
646 610 10
646 611 10
646 612 10
646 613 10
646 615 10
646 616 10
646 617 10
646 618 10
646 619 10
646 621 10
646 628 10
646 629 10
646 630 10
646 632 10
646 641 10
646 642 10
646 643 10
646 648 10
646 669 10
646 672 10
646 673 10
646 676 10
646 678 10
646 680 10
646 681 10
646 682 10
646 683 10
646 684 10
647 379 10
647 394 10
647 395 10
647 397 10
647 400 10
647 401 10
647 402 10
647 406 10
647 408 10
647 416 10
647 418 10
647 419 10
647 420 10
647 423 10
647 425 10
647 427 10
647 431 10
647 436 10
647 439 10
647 440 10
647 441 10
647 442 10
647 444 10
647 445 10
647 447 10
647 450 10
647 451 10
647 460 10
647 465 10
647 466 10
647 470 10
647 471 10
647 472 10
647 473 10
647 474 10
647 476 10
647 478 10
647 479 10
647 482 10
647 484 10
647 488 10
647 489 10
647 491 10
647 492 10
647 493 10
647 497 10
647 499 10
647 500 10
647 502 10
647 517 10
647 527 10
647 528 10
647 534 10
647 535 10
647 540 10
647 542 10
647 543 10
647 545 10
647 550 10
647 551 10
647 553 10
647 555 10
647 556 10
647 557 10
647 558 10
647 560 10
647 571 10
647 572 10
647 573 10
647 574 10
647 575 10
647 598 10
647 601 10
647 606 10
647 611 10
647 612 10
647 613 10
647 615 10
647 616 10
647 617 10
647 620 10
647 621 10
647 623 10
647 631 10
647 635 10
647 636 10
647 638 10
647 648 10
647 668 10
647 670 10
647 672 10
647 673 10
647 675 10
647 676 10
647 677 10
647 678 10
647 680 10
647 681 10
647 698 10
647 699 10
647 700 10
647 703 10
647 705 10
647 708 10
648 373 10
648 376 10
648 388 10
648 389 10
648 391 10
648 393 10
648 395 10
648 396 10
648 397 10
648 399 10
648 405 10
648 407 10
648 415 10
648 416 10
648 418 10
648 419 10
648 420 10
648 421 10
648 423 10
648 424 10
648 431 10
648 432 10
648 435 10
648 436 10
648 437 10
648 438 10
648 439 10
648 441 10
648 443 10
648 444 10
648 445 10
648 446 10
648 448 10
648 451 10
648 455 10
648 458 10
648 463 10
648 465 10
648 472 10
648 473 10
648 474 10
648 475 10
648 478 10
648 480 10
648 481 10
648 483 10
648 486 10
648 487 10
648 490 10
648 491 10
648 492 10
648 494 10
648 495 10
648 496 10
648 498 10
648 500 10
648 502 10
648 504 10
648 508 10
648 510 10
648 512 10
648 515 10
648 516 10
648 518 10
648 526 10
648 527 10
648 529 10
648 541 10
648 545 10
648 547 10
648 554 10
648 556 10
648 559 10
648 561 10
648 562 10
648 563 10
648 569 10
648 570 10
648 573 10
648 575 10
648 576 10
648 577 10
648 598 10
648 608 10
648 610 10
648 611 10
648 612 10
648 613 10
648 615 10
648 618 10
648 619 10
648 621 10
648 622 10
648 624 10
648 628 10
648 638 10
648 640 10
648 642 10
648 643 10
648 656 10
648 659 10
648 663 10
648 667 10
648 669 10
648 672 10
648 674 10
648 677 10
648 678 10
648 679 10
648 681 10
648 682 10
648 698 10
648 699 10
648 703 10
648 705 10
648 713 10
649 373 10
649 378 10
649 384 10
649 386 10
649 395 10
649 397 10
649 399 10
649 407 10
649 411 10
649 415 10
649 416 10
649 417 10
649 421 10
649 422 10
649 423 10
649 424 10
649 425 10
649 430 10
649 435 10
649 437 10
649 439 10
649 440 10
649 441 10
649 442 10
649 447 10
649 449 10
649 450 10
649 451 10
649 455 10
649 457 10
649 458 10
649 459 10
649 463 10
649 464 10
649 466 10
649 468 10
649 472 10
649 474 10
649 475 10
649 477 10
649 481 10
649 485 10
649 487 10
649 493 10
649 494 10
649 495 10
649 496 10
649 500 10
649 501 10
649 502 10
649 503 10
649 509 10
649 513 10
649 514 10
649 515 10
649 517 10
649 527 10
649 538 10
649 539 10
649 540 10
649 541 10
649 542 10
649 549 10
649 552 10
649 553 10
649 560 10
649 561 10
649 563 10
649 564 10
649 570 10
649 574 10
649 578 10
649 580 10
649 581 10
649 600 10
649 606 10
649 607 10
649 610 10
649 613 10
649 614 10
649 616 10
649 617 10
649 618 10
649 620 10
649 622 10
649 631 10
649 642 10
649 644 10
649 645 10
649 647 10
649 649 10
649 655 10
649 658 10
649 659 10
649 660 10
649 666 10
649 669 10
649 670 10
649 671 10
649 672 10
649 673 10
649 676 10
649 679 10
649 681 10
649 697 10
649 699 10
649 700 10
649 703 10
649 705 10
649 707 10
649 708 10
649 714 10
650 388 10
650 395 10
650 399 10
650 401 10
650 402 10
650 403 10
650 408 10
650 411 10
650 413 10
650 414 10
650 415 10
650 416 10
650 417 10
650 418 10
650 419 10
650 420 10
650 421 10
650 423 10
650 427 10
650 428 10
650 429 10
650 432 10
650 433 10
650 435 10
650 437 10
650 438 10
650 439 10
650 440 10
650 441 10
650 442 10
650 444 10
650 445 10
650 447 10
650 450 10
650 451 10
650 454 10
650 456 10
650 457 10
650 458 10
650 462 10
650 464 10
650 466 10
650 468 10
650 469 10
650 470 10
650 475 10
650 479 10
650 480 10
650 481 10
650 483 10
650 484 10
650 489 10
650 490 10
650 492 10
650 493 10
650 495 10
650 498 10
650 499 10
650 501 10
650 502 10
650 505 10
650 511 10
650 512 10
650 513 10
650 514 10
650 515 10
650 517 10
650 534 10
650 535 10
650 537 10
650 539 10
650 540 10
650 549 10
650 552 10
650 554 10
650 555 10
650 560 10
650 561 10
650 563 10
650 564 10
650 565 10
650 572 10
650 573 10
650 574 10
650 575 10
650 579 10
650 582 10
650 598 10
650 600 10
650 601 10
650 604 10
650 605 10
650 608 10
650 613 10
650 615 10
650 616 10
650 617 10
650 618 10
650 623 10
650 627 10
650 628 10
650 630 10
650 631 10
650 632 10
650 641 10
650 642 10
650 643 10
650 644 10
650 646 10
650 655 10
650 656 10
650 657 10
650 658 10
650 659 10
650 660 10
650 663 10
650 666 10
650 668 10
650 669 10
650 673 10
650 674 10
650 677 10
650 678 10
650 689 10
650 697 10
650 699 10
650 708 10
651 375 10
651 384 10
651 387 10
651 390 10
651 395 10
651 397 10
651 399 10
651 400 10
651 401 10
651 408 10
651 410 10
651 412 10
651 414 10
651 416 10
651 417 10
651 418 10
651 421 10
651 422 10
651 423 10
651 424 10
651 425 10
651 426 10
651 434 10
651 435 10
651 436 10
651 438 10
651 439 10
651 440 10
651 441 10
651 444 10
651 449 10
651 450 10
651 453 10
651 454 10
651 458 10
651 464 10
651 465 10
651 466 10
651 467 10
651 468 10
651 471 10
651 472 10
651 474 10
651 475 10
651 478 10
651 480 10
651 481 10
651 482 10
651 483 10
651 486 10
651 487 10
651 490 10
651 491 10
651 492 10
651 496 10
651 497 10
651 499 10
651 501 10
651 502 10
651 507 10
651 515 10
651 532 10
651 536 10
651 548 10
651 553 10
651 554 10
651 555 10
651 556 10
651 558 10
651 559 10
651 561 10
651 565 10
651 569 10
651 575 10
651 577 10
651 578 10
651 580 10
651 602 10
651 604 10
651 610 10
651 611 10
651 613 10
651 617 10
651 619 10
651 627 10
651 630 10
651 632 10
651 633 10
651 636 10
651 645 10
651 647 10
651 654 10
651 655 10
651 656 10
651 657 10
651 658 10
651 660 10
651 661 10
651 662 10
651 668 10
651 669 10
651 670 10
651 671 10
651 673 10
651 680 10
651 682 10
651 690 10
651 691 10
651 699 10
651 701 10
651 706 10
651 709 10
652 390 10
652 394 10
652 396 10
652 398 10
652 399 10
652 405 10
652 409 10
652 410 10
652 411 10
652 413 10
652 414 10
652 415 10
652 416 10
652 417 10
652 420 10
652 421 10
652 422 10
652 423 10
652 427 10
652 428 10
652 430 10
652 431 10
652 432 10
652 433 10
652 436 10
652 437 10
652 438 10
652 439 10
652 440 10
652 441 10
652 442 10
652 444 10
652 446 10
652 457 10
652 458 10
652 460 10
652 466 10
652 467 10
652 469 10
652 473 10
652 476 10
652 478 10
652 480 10
652 481 10
652 483 10
652 491 10
652 494 10
652 495 10
652 507 10
652 508 10
652 512 10
652 514 10
652 515 10
652 517 10
652 525 10
652 527 10
652 532 10
652 533 10
652 534 10
652 535 10
652 536 10
652 539 10
652 543 10
652 548 10
652 549 10
652 554 10
652 557 10
652 558 10
652 560 10
652 562 10
652 563 10
652 565 10
652 569 10
652 572 10
652 573 10
652 574 10
652 576 10
652 578 10
652 599 10
652 609 10
652 611 10
652 615 10
652 616 10
652 620 10
652 623 10
652 624 10
652 631 10
652 635 10
652 636 10
652 637 10
652 638 10
652 641 10
652 642 10
652 652 10
652 653 10
652 654 10
652 656 10
652 658 10
652 659 10
652 662 10
652 663 10
652 664 10
652 668 10
652 669 10
652 670 10
652 671 10
652 672 10
652 673 10
652 674 10
652 675 10
652 684 10
652 710 10
653 378 10
653 385 10
653 387 10
653 389 10
653 393 10
653 400 10
653 403 10
653 404 10
653 405 10
653 407 10
653 408 10
653 409 10
653 411 10
653 412 10
653 416 10
653 417 10
653 420 10
653 422 10
653 423 10
653 424 10
653 427 10
653 429 10
653 432 10
653 438 10
653 439 10
653 440 10
653 441 10
653 449 10
653 455 10
653 457 10
653 463 10
653 464 10
653 465 10
653 466 10
653 470 10
653 472 10
653 473 10
653 475 10
653 476 10
653 479 10
653 481 10
653 482 10
653 483 10
653 496 10
653 498 10
653 508 10
653 509 10
653 515 10
653 516 10
653 532 10
653 540 10
653 543 10
653 554 10
653 558 10
653 559 10
653 560 10
653 566 10
653 567 10
653 568 10
653 569 10
653 578 10
653 584 10
653 611 10
653 620 10
653 634 10
653 635 10
653 636 10
653 639 10
653 642 10
653 645 10
653 647 10
653 655 10
653 656 10
653 657 10
653 658 10
653 659 10
653 660 10
653 663 10
653 664 10
653 665 10
653 668 10
653 670 10
653 672 10
653 674 10
653 675 10
653 676 10
653 678 10
653 679 10
653 680 10
653 681 10
653 683 10
653 685 10
653 692 10
653 696 10
653 703 10
653 705 10
653 710 10
654 382 10
654 385 10
654 394 10
654 395 10
654 396 10
654 400 10
654 401 10
654 406 10
654 407 10
654 408 10
654 411 10
654 414 10
654 416 10
654 417 10
654 418 10
654 419 10
654 423 10
654 425 10
654 426 10
654 429 10
654 430 10
654 431 10
654 433 10
654 435 10
654 437 10
654 439 10
654 440 10
654 441 10
654 443 10
654 446 10
654 448 10
654 454 10
654 456 10
654 459 10
654 465 10
654 466 10
654 468 10
654 469 10
654 471 10
654 472 10
654 476 10
654 479 10
654 481 10
654 484 10
654 490 10
654 494 10
654 496 10
654 506 10
654 507 10
654 511 10
654 526 10
654 527 10
654 536 10
654 538 10
654 539 10
654 540 10
654 542 10
654 547 10
654 554 10
654 556 10
654 557 10
654 559 10
654 562 10
654 566 10
654 567 10
654 568 10
654 573 10
654 576 10
654 611 10
654 612 10
654 613 10
654 614 10
654 617 10
654 618 10
654 625 10
654 626 10
654 629 10
654 630 10
654 631 10
654 632 10
654 633 10
654 635 10
654 636 10
654 639 10
654 643 10
654 653 10
654 654 10
654 656 10
654 657 10
654 658 10
654 659 10
654 660 10
654 661 10
654 665 10
654 666 10
654 667 10
654 668 10
654 669 10
654 670 10
654 671 10
654 672 10
654 673 10
654 675 10
654 677 10
654 678 10
654 680 10
654 681 10
654 683 10
654 684 10
654 685 10
654 687 10
654 689 10
654 701 10
654 709 10
655 393 10
655 396 10
655 398 10
655 401 10
655 405 10
655 410 10
655 417 10
655 421 10
655 423 10
655 429 10
655 430 10
655 431 10
655 437 10
655 438 10
655 439 10
655 440 10
655 443 10
655 444 10
655 445 10
655 446 10
655 447 10
655 448 10
655 466 10
655 467 10
655 469 10
655 471 10
655 474 10
655 475 10
655 477 10
655 478 10
655 480 10
655 484 10
655 488 10
655 489 10
655 508 10
655 529 10
655 530 10
655 533 10
655 536 10
655 541 10
655 543 10
655 545 10
655 548 10
655 549 10
655 553 10
655 554 10
655 561 10
655 562 10
655 563 10
655 565 10
655 570 10
655 571 10
655 573 10
655 574 10
655 576 10
655 577 10
655 601 10
655 615 10
655 616 10
655 617 10
655 630 10
655 632 10
655 633 10
655 634 10
655 635 10
655 637 10
655 640 10
655 641 10
655 643 10
655 653 10
655 654 10
655 655 10
655 656 10
655 657 10
655 658 10
655 660 10
655 661 10
655 662 10
655 664 10
655 666 10
655 667 10
655 669 10
655 672 10
655 673 10
655 674 10
655 675 10
655 676 10
655 677 10
655 678 10
655 680 10
655 681 10
655 683 10
655 686 10
655 687 10
655 690 10
655 693 10
655 697 10
655 698 10
655 700 10
655 702 10
655 703 10
656 376 10
656 378 10
656 383 10
656 385 10
656 393 10
656 395 10
656 396 10
656 400 10
656 402 10
656 404 10
656 405 10
656 407 10
656 412 10
656 419 10
656 421 10
656 423 10
656 427 10
656 428 10
656 429 10
656 430 10
656 434 10
656 438 10
656 440 10
656 441 10
656 442 10
656 443 10
656 445 10
656 446 10
656 448 10
656 449 10
656 461 10
656 470 10
656 471 10
656 472 10
656 475 10
656 476 10
656 477 10
656 478 10
656 479 10
656 480 10
656 482 10
656 483 10
656 484 10
656 486 10
656 487 10
656 488 10
656 489 10
656 495 10
656 496 10
656 518 10
656 528 10
656 529 10
656 532 10
656 533 10
656 534 10
656 535 10
656 536 10
656 539 10
656 540 10
656 541 10
656 544 10
656 548 10
656 556 10
656 560 10
656 566 10
656 571 10
656 575 10
656 578 10
656 603 10
656 606 10
656 611 10
656 616 10
656 626 10
656 628 10
656 629 10
656 632 10
656 634 10
656 635 10
656 636 10
656 637 10
656 638 10
656 639 10
656 642 10
656 643 10
656 645 10
656 655 10
656 657 10
656 658 10
656 659 10
656 662 10
656 663 10
656 666 10
656 667 10
656 668 10
656 669 10
656 671 10
656 672 10
656 674 10
656 675 10
656 676 10
656 677 10
656 678 10
656 681 10
656 683 10
656 687 10
656 688 10
656 689 10
656 690 10
656 691 10
656 692 10
656 697 10
656 703 10
656 704 10
656 706 10
657 373 10
657 392 10
657 396 10
657 398 10
657 401 10
657 405 10
657 406 10
657 408 10
657 414 10
657 417 10
657 421 10
657 425 10
657 427 10
657 429 10
657 430 10
657 431 10
657 432 10
657 433 10
657 436 10
657 438 10
657 439 10
657 441 10
657 442 10
657 444 10
657 445 10
657 446 10
657 460 10
657 469 10
657 470 10
657 471 10
657 473 10
657 476 10
657 477 10
657 478 10
657 487 10
657 492 10
657 495 10
657 496 10
657 497 10
657 499 10
657 507 10
657 512 10
657 513 10
657 528 10
657 533 10
657 536 10
657 537 10
657 538 10
657 539 10
657 541 10
657 542 10
657 544 10
657 545 10
657 548 10
657 549 10
657 553 10
657 555 10
657 556 10
657 559 10
657 562 10
657 564 10
657 568 10
657 569 10
657 570 10
657 603 10
657 610 10
657 613 10
657 617 10
657 628 10
657 630 10
657 631 10
657 632 10
657 635 10
657 642 10
657 643 10
657 645 10
657 647 10
657 653 10
657 657 10
657 659 10
657 660 10
657 661 10
657 663 10
657 664 10
657 666 10
657 667 10
657 669 10
657 670 10
657 671 10
657 672 10
657 674 10
657 675 10
657 676 10
657 677 10
657 680 10
657 690 10
657 691 10
657 701 10
658 378 10
658 396 10
658 397 10
658 399 10
658 404 10
658 406 10
658 418 10
658 420 10
658 422 10
658 423 10
658 426 10
658 428 10
658 429 10
658 431 10
658 433 10
658 434 10
658 436 10
658 437 10
658 440 10
658 442 10
658 447 10
658 449 10
658 450 10
658 467 10
658 471 10
658 472 10
658 475 10
658 476 10
658 479 10
658 481 10
658 485 10
658 487 10
658 493 10
658 495 10
658 497 10
658 499 10
658 506 10
658 520 10
658 521 10
658 522 10
658 526 10
658 531 10
658 535 10
658 537 10
658 538 10
658 539 10
658 541 10
658 543 10
658 547 10
658 549 10
658 555 10
658 556 10
658 567 10
658 568 10
658 569 10
658 571 10
658 599 10
658 605 10
658 611 10
658 612 10
658 616 10
658 629 10
658 631 10
658 635 10
658 637 10
658 639 10
658 640 10
658 649 10
658 661 10
658 662 10
658 664 10
658 666 10
658 667 10
658 668 10
658 669 10
658 670 10
658 672 10
658 674 10
658 675 10
658 678 10
658 687 10
658 688 10
658 702 10
658 703 10
658 704 10
658 707 10
659 377 10
659 381 10
659 394 10
659 397 10
659 402 10
659 409 10
659 418 10
659 419 10
659 420 10
659 423 10
659 427 10
659 429 10
659 431 10
659 433 10
659 434 10
659 435 10
659 436 10
659 448 10
659 468 10
659 469 10
659 489 10
659 492 10
659 497 10
659 501 10
659 512 10
659 517 10
659 531 10
659 532 10
659 536 10
659 537 10
659 541 10
659 550 10
659 552 10
659 553 10
659 557 10
659 559 10
659 562 10
659 563 10
659 568 10
659 606 10
659 607 10
659 608 10
659 609 10
659 614 10
659 615 10
659 618 10
659 619 10
659 620 10
659 623 10
659 624 10
659 635 10
659 640 10
659 641 10
659 642 10
659 643 10
659 645 10
659 647 10
659 649 10
659 654 10
659 662 10
659 663 10
659 664 10
659 667 10
659 668 10
659 669 10
659 671 10
659 673 10
659 674 10
659 677 10
659 679 10
659 681 10
659 682 10
659 683 10
659 691 10
659 692 10
659 693 10
659 694 10
659 703 10
659 706 10
659 708 10
660 395 10
660 398 10
660 407 10
660 410 10
660 425 10
660 428 10
660 429 10
660 430 10
660 431 10
660 433 10
660 434 10
660 436 10
660 437 10
660 440 10
660 441 10
660 442 10
660 447 10
660 472 10
660 476 10
660 482 10
660 483 10
660 488 10
660 496 10
660 499 10
660 501 10
660 531 10
660 533 10
660 535 10
660 540 10
660 542 10
660 547 10
660 549 10
660 550 10
660 558 10
660 559 10
660 561 10
660 565 10
660 570 10
660 571 10
660 613 10
660 615 10
660 616 10
660 618 10
660 619 10
660 622 10
660 624 10
660 626 10
660 634 10
660 635 10
660 637 10
660 645 10
660 648 10
660 649 10
660 663 10
660 664 10
660 665 10
660 667 10
660 668 10
660 669 10
660 674 10
660 676 10
660 678 10
660 682 10
660 691 10
660 692 10
660 694 10
660 701 10
660 703 10
661 392 10
661 393 10
661 397 10
661 400 10
661 408 10
661 418 10
661 419 10
661 423 10
661 427 10
661 429 10
661 430 10
661 431 10
661 432 10
661 436 10
661 442 10
661 460 10
661 470 10
661 473 10
661 476 10
661 477 10
661 485 10
661 487 10
661 488 10
661 489 10
661 490 10
661 492 10
661 493 10
661 494 10
661 495 10
661 496 10
661 510 10
661 511 10
661 515 10
661 516 10
661 518 10
661 522 10
661 524 10
661 533 10
661 536 10
661 537 10
661 538 10
661 540 10
661 546 10
661 548 10
661 549 10
661 551 10
661 553 10
661 555 10
661 556 10
661 557 10
661 560 10
661 564 10
661 567 10
661 576 10
661 577 10
661 578 10
661 606 10
661 607 10
661 613 10
661 614 10
661 616 10
661 619 10
661 622 10
661 623 10
661 624 10
661 627 10
661 632 10
661 636 10
661 639 10
661 640 10
661 641 10
661 642 10
661 644 10
661 648 10
661 653 10
661 654 10
661 656 10
661 658 10
661 663 10
661 667 10
661 668 10
661 673 10
661 674 10
661 675 10
661 680 10
661 681 10
661 682 10
661 689 10
661 692 10
661 693 10
661 694 10
661 704 10
661 705 10
661 707 10
661 708 10
661 710 10
662 395 10
662 397 10
662 398 10
662 407 10
662 427 10
662 428 10
662 429 10
662 430 10
662 433 10
662 435 10
662 438 10
662 476 10
662 477 10
662 479 10
662 481 10
662 485 10
662 488 10
662 489 10
662 490 10
662 491 10
662 493 10
662 494 10
662 495 10
662 496 10
662 497 10
662 499 10
662 501 10
662 511 10
662 512 10
662 514 10
662 516 10
662 520 10
662 521 10
662 522 10
662 531 10
662 537 10
662 541 10
662 542 10
662 545 10
662 547 10
662 557 10
662 558 10
662 559 10
662 562 10
662 564 10
662 568 10
662 572 10
662 573 10
662 577 10
662 579 10
662 599 10
662 600 10
662 605 10
662 610 10
662 620 10
662 621 10
662 622 10
662 624 10
662 625 10
662 626 10
662 634 10
662 646 10
662 648 10
662 650 10
662 651 10
662 654 10
662 660 10
662 663 10
662 664 10
662 665 10
662 667 10
662 668 10
662 671 10
662 672 10
662 675 10
662 677 10
662 679 10
662 680 10
662 682 10
662 684 10
662 691 10
662 692 10
662 694 10
662 702 10
662 703 10
662 708 10
662 709 10
663 395 10
663 398 10
663 400 10
663 402 10
663 409 10
663 410 10
663 417 10
663 427 10
663 432 10
663 434 10
663 436 10
663 438 10
663 439 10
663 457 10
663 474 10
663 478 10
663 479 10
663 482 10
663 485 10
663 488 10
663 490 10
663 491 10
663 492 10
663 493 10
663 494 10
663 495 10
663 497 10
663 498 10
663 500 10
663 505 10
663 506 10
663 517 10
663 518 10
663 521 10
663 527 10
663 528 10
663 534 10
663 537 10
663 538 10
663 539 10
663 540 10
663 543 10
663 547 10
663 551 10
663 553 10
663 554 10
663 555 10
663 560 10
663 562 10
663 565 10
663 567 10
663 568 10
663 571 10
663 597 10
663 609 10
663 614 10
663 616 10
663 617 10
663 618 10
663 619 10
663 620 10
663 621 10
663 622 10
663 624 10
663 626 10
663 627 10
663 633 10
663 635 10
663 636 10
663 640 10
663 647 10
663 656 10
663 658 10
663 662 10
663 665 10
663 666 10
663 675 10
663 679 10
663 680 10
663 682 10
663 693 10
663 704 10
663 706 10
664 373 10
664 396 10
664 398 10
664 399 10
664 400 10
664 401 10
664 404 10
664 417 10
664 418 10
664 428 10
664 429 10
664 432 10
664 434 10
664 436 10
664 438 10
664 440 10
664 441 10
664 456 10
664 469 10
664 482 10
664 484 10
664 487 10
664 488 10
664 489 10
664 490 10
664 491 10
664 495 10
664 496 10
664 500 10
664 505 10
664 508 10
664 509 10
664 510 10
664 511 10
664 514 10
664 515 10
664 516 10
664 518 10
664 529 10
664 535 10
664 538 10
664 540 10
664 542 10
664 545 10
664 546 10
664 551 10
664 553 10
664 555 10
664 557 10
664 559 10
664 561 10
664 569 10
664 579 10
664 594 10
664 597 10
664 599 10
664 601 10
664 602 10
664 608 10
664 609 10
664 614 10
664 615 10
664 616 10
664 617 10
664 618 10
664 620 10
664 622 10
664 641 10
664 645 10
664 647 10
664 649 10
664 650 10
664 651 10
664 652 10
664 660 10
664 661 10
664 663 10
664 665 10
664 667 10
664 675 10
664 676 10
664 677 10
664 678 10
664 679 10
664 680 10
664 682 10
664 685 10
664 704 10
664 707 10
664 708 10
664 709 10
664 710 10
665 370 10
665 372 10
665 400 10
665 401 10
665 417 10
665 421 10
665 433 10
665 435 10
665 441 10
665 471 10
665 478 10
665 479 10
665 481 10
665 482 10
665 484 10
665 485 10
665 487 10
665 489 10
665 490 10
665 491 10
665 492 10
665 493 10
665 496 10
665 497 10
665 498 10
665 506 10
665 512 10
665 521 10
665 534 10
665 536 10
665 538 10
665 540 10
665 541 10
665 547 10
665 551 10
665 552 10
665 553 10
665 554 10
665 555 10
665 556 10
665 557 10
665 558 10
665 559 10
665 568 10
665 569 10
665 587 10
665 594 10
665 596 10
665 597 10
665 600 10
665 601 10
665 610 10
665 612 10
665 613 10
665 614 10
665 615 10
665 617 10
665 619 10
665 621 10
665 626 10
665 641 10
665 643 10
665 644 10
665 655 10
665 657 10
665 660 10
665 661 10
665 663 10
665 664 10
665 665 10
665 666 10
665 668 10
665 669 10
665 674 10
665 676 10
665 677 10
665 679 10
665 692 10
665 693 10
665 705 10
666 370 10
666 374 10
666 375 10
666 393 10
666 395 10
666 398 10
666 401 10
666 402 10
666 420 10
666 421 10
666 427 10
666 429 10
666 431 10
666 433 10
666 434 10
666 435 10
666 438 10
666 439 10
666 443 10
666 446 10
666 447 10
666 448 10
666 450 10
666 475 10
666 482 10
666 488 10
666 490 10
666 491 10
666 493 10
666 494 10
666 496 10
666 505 10
666 507 10
666 510 10
666 518 10
666 529 10
666 531 10
666 536 10
666 537 10
666 538 10
666 540 10
666 545 10
666 546 10
666 547 10
666 556 10
666 559 10
666 560 10
666 565 10
666 566 10
666 567 10
666 587 10
666 589 10
666 590 10
666 591 10
666 592 10
666 593 10
666 595 10
666 599 10
666 601 10
666 604 10
666 613 10
666 615 10
666 616 10
666 617 10
666 618 10
666 619 10
666 620 10
666 624 10
666 634 10
666 641 10
666 643 10
666 648 10
666 653 10
666 655 10
666 656 10
666 658 10
666 659 10
666 660 10
666 662 10
666 666 10
666 674 10
666 676 10
666 679 10
666 691 10
666 692 10
667 374 10
667 376 10
667 400 10
667 424 10
667 426 10
667 428 10
667 429 10
667 432 10
667 433 10
667 436 10
667 437 10
667 439 10
667 441 10
667 455 10
667 470 10
667 480 10
667 481 10
667 485 10
667 486 10
667 487 10
667 489 10
667 490 10
667 492 10
667 495 10
667 496 10
667 497 10
667 498 10
667 499 10
667 500 10
667 518 10
667 521 10
667 522 10
667 528 10
667 536 10
667 537 10
667 539 10
667 541 10
667 543 10
667 544 10
667 547 10
667 548 10
667 553 10
667 554 10
667 555 10
667 557 10
667 558 10
667 559 10
667 560 10
667 561 10
667 562 10
667 567 10
667 570 10
667 571 10
667 573 10
667 589 10
667 595 10
667 599 10
667 600 10
667 601 10
667 608 10
667 611 10
667 614 10
667 618 10
667 620 10
667 621 10
667 634 10
667 635 10
667 641 10
667 642 10
667 644 10
667 646 10
667 647 10
667 654 10
667 657 10
667 659 10
667 660 10
667 665 10
667 667 10
667 669 10
667 673 10
667 677 10
667 678 10
668 425 10
668 426 10
668 428 10
668 442 10
668 447 10
668 454 10
668 458 10
668 464 10
668 470 10
668 478 10
668 479 10
668 480 10
668 482 10
668 483 10
668 484 10
668 487 10
668 488 10
668 490 10
668 491 10
668 492 10
668 496 10
668 497 10
668 509 10
668 510 10
668 530 10
668 535 10
668 537 10
668 538 10
668 539 10
668 540 10
668 541 10
668 542 10
668 543 10
668 545 10
668 547 10
668 549 10
668 555 10
668 556 10
668 557 10
668 562 10
668 567 10
668 570 10
668 574 10
668 579 10
668 587 10
668 588 10
668 590 10
668 600 10
668 601 10
668 612 10
668 613 10
668 615 10
668 617 10
668 618 10
668 619 10
668 620 10
668 622 10
668 623 10
668 634 10
668 636 10
668 638 10
668 643 10
668 646 10
668 651 10
668 652 10
668 653 10
668 654 10
668 655 10
668 656 10
668 657 10
668 659 10
668 661 10
668 662 10
668 665 10
668 667 10
668 668 10
668 673 10
668 674 10
668 685 10
668 691 10
669 427 10
669 429 10
669 449 10
669 454 10
669 456 10
669 471 10
669 472 10
669 480 10
669 481 10
669 482 10
669 484 10
669 485 10
669 497 10
669 498 10
669 502 10
669 506 10
669 509 10
669 512 10
669 524 10
669 529 10
669 531 10
669 533 10
669 535 10
669 536 10
669 543 10
669 544 10
669 545 10
669 546 10
669 553 10
669 559 10
669 560 10
669 561 10
669 563 10
669 564 10
669 570 10
669 574 10
669 580 10
669 583 10
669 585 10
669 587 10
669 589 10
669 590 10
669 593 10
669 594 10
669 595 10
669 599 10
669 604 10
669 606 10
669 607 10
669 612 10
669 615 10
669 616 10
669 620 10
669 621 10
669 622 10
669 623 10
669 624 10
669 638 10
669 652 10
669 656 10
669 658 10
669 661 10
669 662 10
669 663 10
669 664 10
669 666 10
669 668 10
669 671 10
669 673 10
669 683 10
669 684 10
669 688 10
670 427 10
670 429 10
670 442 10
670 444 10
670 445 10
670 448 10
670 457 10
670 458 10
670 470 10
670 471 10
670 474 10
670 477 10
670 478 10
670 484 10
670 485 10
670 487 10
670 499 10
670 501 10
670 504 10
670 509 10
670 510 10
670 524 10
670 530 10
670 531 10
670 540 10
670 544 10
670 546 10
670 550 10
670 558 10
670 559 10
670 562 10
670 563 10
670 564 10
670 569 10
670 582 10
670 583 10
670 584 10
670 591 10
670 599 10
670 601 10
670 602 10
670 605 10
670 613 10
670 614 10
670 619 10
670 620 10
670 621 10
670 622 10
670 632 10
670 633 10
670 634 10
670 636 10
670 637 10
670 639 10
670 650 10
670 651 10
670 652 10
670 656 10
670 659 10
670 660 10
670 661 10
670 662 10
670 663 10
670 664 10
670 665 10
670 666 10
670 667 10
670 669 10
670 670 10
670 671 10
670 672 10
670 676 10
670 677 10
670 679 10
670 684 10
670 687 10
671 434 10
671 442 10
671 443 10
671 445 10
671 446 10
671 453 10
671 456 10
671 458 10
671 460 10
671 461 10
671 462 10
671 469 10
671 478 10
671 479 10
671 480 10
671 482 10
671 483 10
671 488 10
671 489 10
671 497 10
671 498 10
671 500 10
671 502 10
671 503 10
671 506 10
671 507 10
671 511 10
671 524 10
671 526 10
671 528 10
671 533 10
671 540 10
671 544 10
671 547 10
671 555 10
671 557 10
671 558 10
671 562 10
671 563 10
671 564 10
671 566 10
671 568 10
671 570 10
671 571 10
671 572 10
671 573 10
671 575 10
671 578 10
671 580 10
671 582 10
671 584 10
671 591 10
671 592 10
671 597 10
671 598 10
671 600 10
671 603 10
671 604 10
671 608 10
671 610 10
671 612 10
671 616 10
671 618 10
671 619 10
671 620 10
671 621 10
671 622 10
671 633 10
671 636 10
671 638 10
671 640 10
671 650 10
671 655 10
671 656 10
671 657 10
671 658 10
671 660 10
671 661 10
671 664 10
671 665 10
671 666 10
671 667 10
671 668 10
671 672 10
671 673 10
671 674 10
671 680 10
671 681 10
671 689 10
671 690 10
671 691 10
672 442 10
672 455 10
672 460 10
672 469 10
672 470 10
672 472 10
672 476 10
672 478 10
672 484 10
672 489 10
672 498 10
672 500 10
672 504 10
672 506 10
672 507 10
672 509 10
672 511 10
672 524 10
672 526 10
672 529 10
672 531 10
672 533 10
672 538 10
672 548 10
672 549 10
672 569 10
672 581 10
672 591 10
672 592 10
672 594 10
672 595 10
672 596 10
672 597 10
672 598 10
672 599 10
672 600 10
672 612 10
672 613 10
672 620 10
672 622 10
672 623 10
672 633 10
672 634 10
672 635 10
672 637 10
672 644 10
672 653 10
672 655 10
672 657 10
672 658 10
672 659 10
672 660 10
672 661 10
672 662 10
672 663 10
672 664 10
672 665 10
672 666 10
672 668 10
672 669 10
672 670 10
672 671 10
672 672 10
672 673 10
672 674 10
672 675 10
672 677 10
672 679 10
672 680 10
672 688 10
672 689 10
673 442 10
673 443 10
673 446 10
673 453 10
673 461 10
673 482 10
673 483 10
673 493 10
673 495 10
673 499 10
673 500 10
673 502 10
673 506 10
673 507 10
673 509 10
673 511 10
673 525 10
673 527 10
673 529 10
673 538 10
673 539 10
673 550 10
673 552 10
673 558 10
673 561 10
673 562 10
673 564 10
673 566 10
673 567 10
673 570 10
673 571 10
673 581 10
673 582 10
673 584 10
673 592 10
673 593 10
673 594 10
673 596 10
673 599 10
673 600 10
673 601 10
673 602 10
673 605 10
673 610 10
673 613 10
673 614 10
673 615 10
673 625 10
673 632 10
673 633 10
673 634 10
673 635 10
673 636 10
673 637 10
673 641 10
673 642 10
673 644 10
673 645 10
673 647 10
673 649 10
673 650 10
673 651 10
673 658 10
673 659 10
673 661 10
673 663 10
673 664 10
673 666 10
673 667 10
673 668 10
673 669 10
673 671 10
673 672 10
673 674 10
673 675 10
673 676 10
673 685 10
673 690 10
673 705 10
674 443 10
674 444 10
674 448 10
674 477 10
674 480 10
674 488 10
674 491 10
674 498 10
674 499 10
674 500 10
674 503 10
674 504 10
674 507 10
674 508 10
674 509 10
674 521 10
674 524 10
674 527 10
674 530 10
674 532 10
674 544 10
674 546 10
674 547 10
674 548 10
674 549 10
674 554 10
674 556 10
674 561 10
674 562 10
674 564 10
674 567 10
674 574 10
674 584 10
674 591 10
674 597 10
674 598 10
674 599 10
674 613 10
674 617 10
674 620 10
674 634 10
674 636 10
674 638 10
674 639 10
674 640 10
674 646 10
674 649 10
674 653 10
674 655 10
674 656 10
674 660 10
674 661 10
674 662 10
674 665 10
674 669 10
674 670 10
674 672 10
674 673 10
674 674 10
674 675 10
674 677 10
674 678 10
674 679 10
674 685 10
674 686 10
674 687 10
674 690 10
675 442 10
675 446 10
675 448 10
675 452 10
675 460 10
675 467 10
675 481 10
675 486 10
675 487 10
675 489 10
675 495 10
675 496 10
675 497 10
675 501 10
675 504 10
675 506 10
675 507 10
675 509 10
675 517 10
675 528 10
675 535 10
675 538 10
675 539 10
675 542 10
675 545 10
675 546 10
675 549 10
675 561 10
675 562 10
675 584 10
675 588 10
675 609 10
675 611 10
675 612 10
675 614 10
675 615 10
675 617 10
675 619 10
675 630 10
675 636 10
675 641 10
675 646 10
675 647 10
675 648 10
675 649 10
675 650 10
675 651 10
675 658 10
675 660 10
675 661 10
675 662 10
675 663 10
675 664 10
675 666 10
675 667 10
675 668 10
675 669 10
675 670 10
675 672 10
675 674 10
675 676 10
675 679 10
675 684 10
675 688 10
675 704 10
675 705 10
675 706 10
676 433 10
676 442 10
676 443 10
676 457 10
676 459 10
676 479 10
676 483 10
676 486 10
676 487 10
676 488 10
676 494 10
676 495 10
676 496 10
676 499 10
676 501 10
676 502 10
676 505 10
676 508 10
676 535 10
676 538 10
676 544 10
676 550 10
676 553 10
676 554 10
676 558 10
676 562 10
676 580 10
676 581 10
676 584 10
676 585 10
676 586 10
676 592 10
676 611 10
676 628 10
676 633 10
676 634 10
676 635 10
676 636 10
676 638 10
676 639 10
676 640 10
676 643 10
676 645 10
676 648 10
676 649 10
676 650 10
676 652 10
676 653 10
676 663 10
676 664 10
676 665 10
676 667 10
676 670 10
676 671 10
676 687 10
676 705 10
677 436 10
677 437 10
677 468 10
677 479 10
677 483 10
677 486 10
677 487 10
677 488 10
677 494 10
677 497 10
677 499 10
677 500 10
677 501 10
677 504 10
677 510 10
677 527 10
677 539 10
677 543 10
677 544 10
677 545 10
677 555 10
677 574 10
677 581 10
677 582 10
677 589 10
677 616 10
677 633 10
677 636 10
677 638 10
677 639 10
677 640 10
677 641 10
677 642 10
677 643 10
677 644 10
677 646 10
677 647 10
677 648 10
677 650 10
677 652 10
677 654 10
677 658 10
677 659 10
677 660 10
677 663 10
677 665 10
677 666 10
677 668 10
677 669 10
677 670 10
677 671 10
677 703 10
677 707 10
678 441 10
678 443 10
678 462 10
678 464 10
678 467 10
678 470 10
678 477 10
678 482 10
678 483 10
678 486 10
678 488 10
678 494 10
678 495 10
678 497 10
678 501 10
678 503 10
678 509 10
678 526 10
678 527 10
678 530 10
678 533 10
678 535 10
678 543 10
678 544 10
678 552 10
678 554 10
678 556 10
678 561 10
678 578 10
678 579 10
678 581 10
678 584 10
678 586 10
678 626 10
678 627 10
678 635 10
678 640 10
678 641 10
678 643 10
678 644 10
678 646 10
678 648 10
678 649 10
678 650 10
678 653 10
678 660 10
678 661 10
678 663 10
678 665 10
678 667 10
678 669 10
678 670 10
678 671 10
678 676 10
678 681 10
678 705 10
679 442 10
679 443 10
679 447 10
679 449 10
679 458 10
679 460 10
679 462 10
679 463 10
679 466 10
679 468 10
679 469 10
679 470 10
679 477 10
679 481 10
679 482 10
679 485 10
679 492 10
679 493 10
679 494 10
679 496 10
679 497 10
679 502 10
679 504 10
679 506 10
679 507 10
679 508 10
679 511 10
679 512 10
679 513 10
679 514 10
679 524 10
679 526 10
679 527 10
679 528 10
679 529 10
679 536 10
679 537 10
679 538 10
679 541 10
679 542 10
679 547 10
679 558 10
679 563 10
679 565 10
679 567 10
679 570 10
679 581 10
679 583 10
679 584 10
679 586 10
679 614 10
679 633 10
679 634 10
679 636 10
679 637 10
679 643 10
679 645 10
679 648 10
679 654 10
679 655 10
679 658 10
679 660 10
679 665 10
679 667 10
679 670 10
679 671 10
679 672 10
679 673 10
679 680 10
680 451 10
680 453 10
680 456 10
680 458 10
680 459 10
680 461 10
680 464 10
680 465 10
680 468 10
680 479 10
680 481 10
680 483 10
680 486 10
680 489 10
680 495 10
680 498 10
680 500 10
680 501 10
680 509 10
680 511 10
680 515 10
680 526 10
680 528 10
680 529 10
680 534 10
680 536 10
680 538 10
680 540 10
680 543 10
680 544 10
680 545 10
680 547 10
680 548 10
680 550 10
680 553 10
680 554 10
680 555 10
680 559 10
680 565 10
680 571 10
680 577 10
680 578 10
680 614 10
680 628 10
680 636 10
680 638 10
680 640 10
680 647 10
680 648 10
680 650 10
680 652 10
680 653 10
680 660 10
680 663 10
680 665 10
680 668 10
680 671 10
680 674 10
680 677 10
680 679 10
680 682 10
680 683 10
680 702 10
680 703 10
680 704 10
681 450 10
681 463 10
681 464 10
681 467 10
681 468 10
681 469 10
681 470 10
681 480 10
681 481 10
681 482 10
681 483 10
681 485 10
681 490 10
681 493 10
681 500 10
681 501 10
681 504 10
681 510 10
681 511 10
681 512 10
681 513 10
681 515 10
681 516 10
681 528 10
681 538 10
681 540 10
681 547 10
681 548 10
681 550 10
681 557 10
681 616 10
681 637 10
681 641 10
681 642 10
681 647 10
681 649 10
681 652 10
681 653 10
681 655 10
681 659 10
681 662 10
681 663 10
681 664 10
681 665 10
681 666 10
681 669 10
681 670 10
681 672 10
681 677 10
681 680 10
681 682 10
682 444 10
682 460 10
682 461 10
682 463 10
682 466 10
682 467 10
682 476 10
682 478 10
682 485 10
682 486 10
682 490 10
682 491 10
682 501 10
682 503 10
682 504 10
682 507 10
682 508 10
682 509 10
682 512 10
682 520 10
682 523 10
682 524 10
682 526 10
682 527 10
682 529 10
682 530 10
682 532 10
682 533 10
682 535 10
682 536 10
682 537 10
682 542 10
682 543 10
682 544 10
682 547 10
682 553 10
682 566 10
682 568 10
682 569 10
682 573 10
682 575 10
682 577 10
682 614 10
682 616 10
682 630 10
682 643 10
682 647 10
682 649 10
682 650 10
682 653 10
682 654 10
682 655 10
682 658 10
682 660 10
682 664 10
682 666 10
682 668 10
682 679 10
682 681 10
682 682 10
682 683 10
682 687 10
683 439 10
683 443 10
683 445 10
683 446 10
683 454 10
683 456 10
683 458 10
683 464 10
683 469 10
683 475 10
683 480 10
683 481 10
683 486 10
683 487 10
683 489 10
683 492 10
683 496 10
683 506 10
683 512 10
683 513 10
683 514 10
683 515 10
683 516 10
683 520 10
683 521 10
683 525 10
683 526 10
683 527 10
683 528 10
683 529 10
683 530 10
683 537 10
683 539 10
683 546 10
683 550 10
683 551 10
683 554 10
683 566 10
683 569 10
683 572 10
683 575 10
683 577 10
683 619 10
683 628 10
683 630 10
683 631 10
683 641 10
683 642 10
683 645 10
683 651 10
683 653 10
683 654 10
683 655 10
683 660 10
683 667 10
683 668 10
683 669 10
683 671 10
683 678 10
683 679 10
683 680 10
683 683 10
684 449 10
684 452 10
684 456 10
684 458 10
684 460 10
684 464 10
684 468 10
684 473 10
684 474 10
684 475 10
684 476 10
684 477 10
684 484 10
684 485 10
684 487 10
684 494 10
684 504 10
684 508 10
684 509 10
684 511 10
684 523 10
684 525 10
684 528 10
684 529 10
684 531 10
684 534 10
684 535 10
684 536 10
684 539 10
684 544 10
684 547 10
684 550 10
684 551 10
684 552 10
684 558 10
684 574 10
684 625 10
684 639 10
684 650 10
684 651 10
684 652 10
684 653 10
684 655 10
684 657 10
684 658 10
684 661 10
684 669 10
684 671 10
684 681 10
684 682 10
685 447 10
685 449 10
685 451 10
685 452 10
685 453 10
685 454 10
685 459 10
685 460 10
685 461 10
685 465 10
685 467 10
685 473 10
685 481 10
685 482 10
685 484 10
685 485 10
685 487 10
685 490 10
685 495 10
685 497 10
685 505 10
685 507 10
685 516 10
685 523 10
685 524 10
685 528 10
685 533 10
685 544 10
685 548 10
685 552 10
685 557 10
685 567 10
685 572 10
685 618 10
685 625 10
685 628 10
685 631 10
685 649 10
685 654 10
685 655 10
685 658 10
685 661 10
685 668 10
685 673 10
685 675 10
685 677 10
686 447 10
686 449 10
686 450 10
686 454 10
686 455 10
686 457 10
686 463 10
686 471 10
686 478 10
686 481 10
686 486 10
686 491 10
686 492 10
686 497 10
686 503 10
686 504 10
686 505 10
686 506 10
686 509 10
686 521 10
686 531 10
686 536 10
686 538 10
686 541 10
686 552 10
686 572 10
686 596 10
686 597 10
686 600 10
686 628 10
686 629 10
686 640 10
686 651 10
686 661 10
686 672 10
686 678 10
686 680 10
686 681 10
686 682 10
687 445 10
687 448 10
687 449 10
687 451 10
687 453 10
687 454 10
687 463 10
687 464 10
687 471 10
687 477 10
687 482 10
687 483 10
687 484 10
687 488 10
687 493 10
687 494 10
687 495 10
687 496 10
687 501 10
687 504 10
687 505 10
687 507 10
687 509 10
687 512 10
687 514 10
687 516 10
687 524 10
687 525 10
687 526 10
687 535 10
687 541 10
687 566 10
687 572 10
687 620 10
687 621 10
687 641 10
687 642 10
687 671 10
687 672 10
687 673 10
687 677 10
688 446 10
688 451 10
688 455 10
688 456 10
688 457 10
688 458 10
688 462 10
688 466 10
688 470 10
688 477 10
688 478 10
688 480 10
688 482 10
688 483 10
688 486 10
688 497 10
688 500 10
688 501 10
688 503 10
688 505 10
688 508 10
688 528 10
688 537 10
688 545 10
688 546 10
688 566 10
688 568 10
688 574 10
688 601 10
688 620 10
688 622 10
688 640 10
688 667 10
688 675 10
688 678 10
689 447 10
689 449 10
689 450 10
689 460 10
689 465 10
689 473 10
689 479 10
689 480 10
689 481 10
689 489 10
689 491 10
689 494 10
689 498 10
689 499 10
689 500 10
689 501 10
689 502 10
689 503 10
689 504 10
689 505 10
689 507 10
689 509 10
689 510 10
689 511 10
689 525 10
689 536 10
689 539 10
689 567 10
689 599 10
689 604 10
689 620 10
689 621 10
689 637 10
689 638 10
689 665 10
689 668 10
689 673 10
689 679 10
690 462 10
690 467 10
690 472 10
690 473 10
690 478 10
690 487 10
690 490 10
690 491 10
690 496 10
690 500 10
690 502 10
690 507 10
690 510 10
690 511 10
690 538 10
690 599 10
690 601 10
690 602 10
690 603 10
690 623 10
690 632 10
690 642 10
690 674 10
690 675 10
691 451 10
691 453 10
691 455 10
691 460 10
691 462 10
691 463 10
691 465 10
691 474 10
691 479 10
691 480 10
691 498 10
691 499 10
691 500 10
691 501 10
691 502 10
691 503 10
691 509 10
691 523 10
691 531 10
691 601 10
691 606 10
691 632 10
691 633 10
691 634 10
691 636 10
691 639 10
691 666 10
691 672 10
691 673 10
691 674 10
692 452 10
692 454 10
692 474 10
692 476 10
692 477 10
692 486 10
692 488 10
692 492 10
692 495 10
692 506 10
692 509 10
692 521 10
692 617 10
692 626 10
692 632 10
692 639 10
692 674 10
692 675 10
692 676 10
692 677 10
693 453 10
693 454 10
693 456 10
693 489 10
693 491 10
693 493 10
693 495 10
693 501 10
693 504 10
693 596 10
693 601 10
693 617 10
693 626 10
693 628 10
693 673 10
693 674 10
694 453 10
694 456 10
694 461 10
694 489 10
694 491 10
694 510 10
694 577 10
694 578 10
694 579 10
694 634 10
694 635 10
694 672 10
694 675 10
694 676 10
695 459 10
695 476 10
695 484 10
695 486 10
695 488 10
695 491 10
695 493 10
695 495 10
695 502 10
695 504 10
695 505 10
695 506 10
695 510 10
695 578 10
695 625 10
695 627 10
695 628 10
695 629 10
695 630 10
695 674 10
695 675 10
695 676 10
696 453 10
696 455 10
696 459 10
696 472 10
696 474 10
696 475 10
696 485 10
696 491 10
696 493 10
696 501 10
696 513 10
696 624 10
696 625 10
696 626 10
696 627 10
696 632 10
696 634 10
697 476 10
697 477 10
697 479 10
697 484 10
697 486 10
697 488 10
697 489 10
697 490 10
697 491 10
697 506 10
697 507 10
697 513 10
697 617 10
697 619 10
697 624 10
697 628 10
697 631 10
697 632 10
697 634 10
697 636 10
697 637 10
698 476 10
698 479 10
698 485 10
698 490 10
698 491 10
698 493 10
698 509 10
698 514 10
698 622 10
698 623 10
698 625 10
698 626 10
698 627 10
698 630 10
699 474 10
699 476 10
699 477 10
699 482 10
699 487 10
699 489 10
699 493 10
699 509 10
699 510 10
699 512 10
699 622 10
699 624 10
699 628 10
699 633 10
699 634 10
699 635 10
700 469 10
700 470 10
700 471 10
700 472 10
700 476 10
700 477 10
700 478 10
700 479 10
700 482 10
700 491 10
700 512 10
700 617 10
700 626 10
700 628 10
700 630 10
700 631 10
700 634 10
700 635 10
701 472 10
701 474 10
701 476 10
701 477 10
701 511 10
701 512 10
701 617 10
701 621 10
701 622 10
701 623 10
701 624 10
701 625 10
701 634 10
702 469 10
702 473 10
702 475 10
702 476 10
702 482 10
702 490 10
702 623 10
702 633 10
702 642 10
703 473 10
703 485 10
703 486 10
703 494 10
703 509 10
703 621 10
703 622 10
703 623 10
703 625 10
703 636 10
704 471 10
704 473 10
704 474 10
704 480 10
704 484 10
704 623 10
704 634 10
704 640 10
705 474 10
705 476 10
705 485 10
705 486 10
705 627 10
705 638 10
706 478 10
706 479 10
706 485 10
706 487 10
706 625 10
706 632 10
706 639 10
707 622 10
707 623 10
707 625 10
707 627 10
708 621 10
708 638 10
709 624 10
709 625 10
711 624 10
